{"type":"FeatureCollection","schema_version":1,"attribution":"Building footprints, names and attributes © Brown University Facilities Management, via the public ArcGIS Active_Buildings_2_view feature service.","features":[{"type":"Feature","id":"field:1","geometry":{"type":"Polygon","coordinates":[[[-71.39413,41.829075],[-71.394389,41.829027],[-71.394439,41.829216],[-71.394508,41.829458],[-71.394565,41.829665],[-71.394581,41.829724],[-71.394651,41.829977],[-71.394713,41.830202],[-71.39476,41.830365],[-71.394354,41.830427],[-71.393986,41.829103],[-71.39413,41.829075]]]},"properties":{"kind":"field","label":"Varsity Tennis Courts","rank":0,"sortKey":0.0,"labelMinZoom":0}},{"type":"Feature","id":"field:10","geometry":{"type":"Polygon","coordinates":[[[-71.395019,41.831265],[-71.394795,41.830459],[-71.395442,41.830358],[-71.395666,41.831164],[-71.395019,41.831265]]]},"properties":{"kind":"field","label":"Goldberger Family Field","rank":0,"sortKey":0.0,"labelMinZoom":0}},{"type":"Feature","id":"field:11","geometry":{"type":"Polygon","coordinates":[[[-71.394161,41.830973],[-71.394161,41.830969],[-71.394163,41.830965],[-71.394165,41.830961],[-71.394169,41.830958],[-71.394173,41.830954],[-71.394177,41.830952],[-71.394183,41.83095],[-71.394188,41.830949],[-71.394194,41.830949],[-71.3942,41.830949],[-71.394205,41.83095],[-71.39421,41.830952],[-71.394215,41.830955],[-71.394219,41.830958],[-71.394222,41.830961],[-71.394225,41.830965],[-71.394226,41.830969],[-71.394227,41.830973],[-71.394226,41.830978],[-71.394225,41.830982],[-71.394222,41.830986],[-71.394219,41.830989],[-71.394215,41.830992],[-71.39421,41.830995],[-71.394205,41.830997],[-71.3942,41.830998],[-71.394194,41.830998],[-71.394188,41.830998],[-71.394183,41.830997],[-71.394177,41.830995],[-71.394173,41.830992],[-71.394169,41.830989],[-71.394165,41.830986],[-71.394163,41.830982],[-71.394161,41.830978],[-71.394161,41.830973]]]},"properties":{"kind":"field"}},{"type":"Feature","id":"field:12","geometry":{"type":"Polygon","coordinates":[[[-71.394411,41.831019],[-71.39439,41.831016],[-71.394392,41.831005],[-71.394414,41.831008],[-71.394411,41.831019]]]},"properties":{"kind":"field"}},{"type":"Feature","id":"field:13","geometry":{"type":"Polygon","coordinates":[[[-71.394416,41.831002],[-71.394394,41.830999],[-71.394397,41.830988],[-71.394418,41.830991],[-71.394416,41.831002]]]},"properties":{"kind":"field"}},{"type":"Feature","id":"field:14","geometry":{"type":"Polygon","coordinates":[[[-71.393037,41.830879],[-71.3931,41.830635],[-71.393728,41.830269],[-71.393738,41.830263],[-71.394308,41.83075],[-71.394445,41.830899],[-71.394523,41.830985],[-71.394515,41.831019],[-71.394506,41.831052],[-71.394392,41.831111],[-71.394196,41.83121],[-71.394034,41.831246],[-71.393744,41.831341],[-71.393412,41.831509],[-71.393394,41.831479],[-71.393037,41.830879]]]},"properties":{"kind":"field","label":"Terrence Murray Baseball Stadium","rank":0,"sortKey":0.0,"labelMinZoom":0}},{"type":"Feature","id":"field:15","geometry":{"type":"Polygon","coordinates":[[[-71.393825,41.83142],[-71.393817,41.831408],[-71.393827,41.831405],[-71.393834,41.831417],[-71.393825,41.83142]]]},"properties":{"kind":"field"}},{"type":"Feature","id":"field:16","geometry":{"type":"Polygon","coordinates":[[[-71.39381,41.831395],[-71.393803,41.831383],[-71.393812,41.83138],[-71.393819,41.831392],[-71.39381,41.831395]]]},"properties":{"kind":"field"}},{"type":"Feature","id":"field:17","geometry":{"type":"Polygon","coordinates":[[[-71.394073,41.830463],[-71.394086,41.830454],[-71.394093,41.83046],[-71.394079,41.830469],[-71.394073,41.830463]]]},"properties":{"kind":"field"}},{"type":"Feature","id":"field:18","geometry":{"type":"Polygon","coordinates":[[[-71.3941,41.830445],[-71.394114,41.830436],[-71.394121,41.830442],[-71.394107,41.830451],[-71.3941,41.830445]]]},"properties":{"kind":"field"}},{"type":"Feature","id":"field:19","geometry":{"type":"Polygon","coordinates":[[[-71.393836,41.829355],[-71.393846,41.82936],[-71.393832,41.829376],[-71.393822,41.829371],[-71.393829,41.829364],[-71.393836,41.829355]]]},"properties":{"kind":"field"}},{"type":"Feature","id":"field:2","geometry":{"type":"Polygon","coordinates":[[[-71.39643,41.832148],[-71.395672,41.832392],[-71.395172,41.831522],[-71.395931,41.831279],[-71.39643,41.832148]]]},"properties":{"kind":"field","label":"Stevenson-Pincine Field","rank":0,"sortKey":0.0,"labelMinZoom":0}},{"type":"Feature","id":"field:20","geometry":{"type":"Polygon","coordinates":[[[-71.393713,41.829458],[-71.393713,41.829454],[-71.393715,41.82945],[-71.393717,41.829447],[-71.39372,41.829444],[-71.393723,41.829441],[-71.393728,41.829439],[-71.393732,41.829437],[-71.393737,41.829436],[-71.393742,41.829436],[-71.393747,41.829436],[-71.393752,41.829437],[-71.393757,41.829439],[-71.393761,41.829441],[-71.393765,41.829444],[-71.393768,41.829447],[-71.39377,41.82945],[-71.393771,41.829454],[-71.393772,41.829458],[-71.393771,41.829462],[-71.39377,41.829465],[-71.393768,41.829469],[-71.393765,41.829472],[-71.393761,41.829475],[-71.393757,41.829477],[-71.393752,41.829478],[-71.393747,41.829479],[-71.393742,41.82948],[-71.393737,41.829479],[-71.393732,41.829478],[-71.393727,41.829477],[-71.393723,41.829475],[-71.39372,41.829472],[-71.393717,41.829469],[-71.393715,41.829465],[-71.393713,41.829462],[-71.393713,41.829458]]]},"properties":{"kind":"field"}},{"type":"Feature","id":"field:21","geometry":{"type":"Polygon","coordinates":[[[-71.393756,41.82931],[-71.393756,41.829308],[-71.393757,41.829307],[-71.393757,41.829306],[-71.393758,41.829305],[-71.393759,41.829304],[-71.393761,41.829304],[-71.393762,41.829303],[-71.393764,41.829303],[-71.393765,41.829303],[-71.393767,41.829303],[-71.393768,41.829303],[-71.39377,41.829304],[-71.393771,41.829304],[-71.393772,41.829305],[-71.393773,41.829306],[-71.393774,41.829307],[-71.393774,41.829308],[-71.393774,41.82931],[-71.393774,41.829311],[-71.393774,41.829312],[-71.393773,41.829313],[-71.393772,41.829314],[-71.393771,41.829315],[-71.39377,41.829316],[-71.393768,41.829316],[-71.393767,41.829316],[-71.393765,41.829317],[-71.393764,41.829316],[-71.393762,41.829316],[-71.393761,41.829316],[-71.393759,41.829315],[-71.393758,41.829314],[-71.393757,41.829313],[-71.393757,41.829312],[-71.393756,41.829311],[-71.393756,41.82931]]]},"properties":{"kind":"field"}},{"type":"Feature","id":"field:22","geometry":{"type":"Polygon","coordinates":[[[-71.393904,41.829384],[-71.393904,41.829383],[-71.393905,41.829382],[-71.393906,41.829381],[-71.393906,41.82938],[-71.393908,41.829379],[-71.393909,41.829378],[-71.39391,41.829378],[-71.393912,41.829377],[-71.393914,41.829377],[-71.393915,41.829377],[-71.393917,41.829378],[-71.393918,41.829378],[-71.393919,41.829379],[-71.393921,41.82938],[-71.393921,41.829381],[-71.393922,41.829382],[-71.393923,41.829383],[-71.393923,41.829384],[-71.393923,41.829385],[-71.393922,41.829387],[-71.393921,41.829388],[-71.393921,41.829389],[-71.393919,41.829389],[-71.393918,41.82939],[-71.393917,41.829391],[-71.393915,41.829391],[-71.393913,41.829391],[-71.393912,41.829391],[-71.39391,41.829391],[-71.393909,41.82939],[-71.393908,41.829389],[-71.393906,41.829389],[-71.393906,41.829388],[-71.393905,41.829387],[-71.393904,41.829385],[-71.393904,41.829384]]]},"properties":{"kind":"field"}},{"type":"Feature","id":"field:23","geometry":{"type":"Polygon","coordinates":[[[-71.39382,41.829347],[-71.393829,41.829352],[-71.393822,41.82936],[-71.393815,41.829368],[-71.393806,41.829363],[-71.39382,41.829347]]]},"properties":{"kind":"field"}},{"type":"Feature","id":"field:24","geometry":{"type":"MultiPolygon","coordinates":[[[[-71.393962,41.830062],[-71.393965,41.830062],[-71.393958,41.830064],[-71.393962,41.830062]]],[[[-71.393965,41.830061],[-71.393962,41.830062],[-71.393958,41.830062],[-71.393965,41.830061]]]]},"properties":{"kind":"field"}},{"type":"Feature","id":"field:25","geometry":{"type":"Polygon","coordinates":[[[-71.393922,41.830069],[-71.393922,41.830068],[-71.393929,41.830067],[-71.393929,41.830068],[-71.393922,41.830069]]]},"properties":{"kind":"field"}},{"type":"Feature","id":"field:26","geometry":{"type":"MultiPolygon","coordinates":[[[[-71.393256,41.829358],[-71.393258,41.82936],[-71.393258,41.829363],[-71.393256,41.829358]]],[[[-71.393258,41.829357],[-71.39326,41.829363],[-71.393258,41.82936],[-71.393258,41.829357]]]]},"properties":{"kind":"field"}},{"type":"Feature","id":"field:27","geometry":{"type":"Polygon","coordinates":[[[-71.393249,41.829331],[-71.39325,41.82933],[-71.393252,41.829336],[-71.39325,41.829336],[-71.393249,41.829331]]]},"properties":{"kind":"field"}},{"type":"Feature","id":"field:28","geometry":{"type":"Polygon","coordinates":[[[-71.394071,41.829881],[-71.393981,41.829895],[-71.393914,41.829916],[-71.393843,41.82993],[-71.393771,41.829937],[-71.393698,41.829939],[-71.393626,41.829933],[-71.393555,41.829922],[-71.393486,41.829904],[-71.39342,41.82988],[-71.393359,41.82985],[-71.393303,41.829815],[-71.393253,41.829776],[-71.39321,41.829732],[-71.393173,41.829684],[-71.393145,41.829634],[-71.393125,41.829582],[-71.393113,41.829528],[-71.39311,41.829473],[-71.393091,41.829406],[-71.393514,41.829339],[-71.393846,41.829286],[-71.39391,41.829317],[-71.393981,41.829565],[-71.394071,41.829881]]]},"properties":{"kind":"field","label":"Brown Softball Field","rank":0,"sortKey":0.0,"labelMinZoom":0}},{"type":"Feature","id":"field:29","geometry":{"type":"Polygon","coordinates":[[[-71.393903,41.830137],[-71.393902,41.830136],[-71.393901,41.830134],[-71.3939,41.830132],[-71.3939,41.83013],[-71.3939,41.830128],[-71.393901,41.830127],[-71.393902,41.830125],[-71.393903,41.830123],[-71.393905,41.830122],[-71.393907,41.830121],[-71.393909,41.83012],[-71.393912,41.830119],[-71.393914,41.830119],[-71.394113,41.830087],[-71.394115,41.830087],[-71.394117,41.830087],[-71.394119,41.830087],[-71.39412,41.830087],[-71.394122,41.830087],[-71.394124,41.830088],[-71.394125,41.830089],[-71.394126,41.83009],[-71.394127,41.830091],[-71.394128,41.830092],[-71.394129,41.830093],[-71.394129,41.830095],[-71.394135,41.830255],[-71.394139,41.830289],[-71.394149,41.830323],[-71.394149,41.830325],[-71.394149,41.830326],[-71.394149,41.830327],[-71.394148,41.830329],[-71.394147,41.83033],[-71.394146,41.830331],[-71.394145,41.830332],[-71.394143,41.830333],[-71.394142,41.830333],[-71.39414,41.830334],[-71.394138,41.830334],[-71.394136,41.830334],[-71.394134,41.830333],[-71.394133,41.830333],[-71.394131,41.830332],[-71.39413,41.830331],[-71.393903,41.830137]]]},"properties":{"kind":"field","label":"Flanders Family Field","rank":0,"sortKey":0.0,"labelMinZoom":0}},{"type":"Feature","id":"field:3","geometry":{"type":"MultiPolygon","coordinates":[[[[-71.391072,41.842582],[-71.391659,41.84258],[-71.391664,41.843362],[-71.391077,41.843364],[-71.391072,41.842582]]],[[[-71.39167,41.84258],[-71.392386,41.842577],[-71.392391,41.8434],[-71.391676,41.843403],[-71.39167,41.84258]]]]},"properties":{"kind":"field","label":"Marvel Field","rank":0,"sortKey":0.0,"labelMinZoom":0}},{"type":"Feature","id":"field:4","geometry":{"type":"Polygon","coordinates":[[[-71.394805,41.842778],[-71.394705,41.842836],[-71.39458,41.842749],[-71.39354,41.842021],[-71.393165,41.84176],[-71.393228,41.841707],[-71.393414,41.841839],[-71.393409,41.841791],[-71.393413,41.841743],[-71.393427,41.841696],[-71.393449,41.841651],[-71.39348,41.841609],[-71.393519,41.841571],[-71.393565,41.841538],[-71.393617,41.84151],[-71.393674,41.841488],[-71.393735,41.841472],[-71.393798,41.841463],[-71.393862,41.841461],[-71.393926,41.841466],[-71.393988,41.841478],[-71.394047,41.841497],[-71.394101,41.841522],[-71.394151,41.841553],[-71.395071,41.842199],[-71.395114,41.842233],[-71.39515,41.84227],[-71.395179,41.842312],[-71.3952,41.842355],[-71.395212,41.842401],[-71.395215,41.842447],[-71.39521,41.842494],[-71.395196,41.842539],[-71.395175,41.842581],[-71.395147,41.84262],[-71.395113,41.842656],[-71.395072,41.842689],[-71.395026,41.842717],[-71.394975,41.842741],[-71.394921,41.842759],[-71.394864,41.842771],[-71.394805,41.842778]]]},"properties":{"kind":"field","label":"Richard Gouse Field at Brown University","rank":0,"sortKey":0.0,"labelMinZoom":0}},{"type":"Feature","id":"field:6","geometry":{"type":"Polygon","coordinates":[[[-71.393275,41.829806],[-71.39328,41.829802],[-71.393314,41.829826],[-71.393351,41.829849],[-71.393501,41.830302],[-71.39286,41.830423],[-71.392568,41.829543],[-71.393091,41.829445],[-71.393099,41.829474],[-71.393102,41.829527],[-71.393113,41.829578],[-71.393131,41.829629],[-71.393157,41.829677],[-71.393189,41.829723],[-71.393229,41.829766],[-71.393275,41.829806]]]},"properties":{"kind":"field","label":"Lower Grass Field","rank":0,"sortKey":0.0,"labelMinZoom":0}},{"type":"Feature","id":"field:7","geometry":{"type":"Polygon","coordinates":[[[-71.394336,41.830261],[-71.394336,41.830261],[-71.394336,41.83026],[-71.394336,41.83026],[-71.394336,41.83026],[-71.394337,41.83026],[-71.394337,41.830259],[-71.394337,41.830259],[-71.394338,41.830259],[-71.394338,41.830259],[-71.394338,41.830259],[-71.394339,41.830259],[-71.394339,41.830259],[-71.394339,41.83026],[-71.39434,41.83026],[-71.39434,41.83026],[-71.39434,41.83026],[-71.39434,41.830261],[-71.39434,41.830261],[-71.39434,41.830261],[-71.39434,41.830261],[-71.39434,41.830262],[-71.39434,41.830262],[-71.394339,41.830262],[-71.394339,41.830262],[-71.394339,41.830262],[-71.394338,41.830262],[-71.394338,41.830262],[-71.394338,41.830262],[-71.394337,41.830262],[-71.394337,41.830262],[-71.394337,41.830262],[-71.394336,41.830262],[-71.394336,41.830262],[-71.394336,41.830261],[-71.394336,41.830261],[-71.394336,41.830261]]]},"properties":{"kind":"field"}},{"type":"Feature","id":"field:8","geometry":{"type":"Polygon","coordinates":[[[-71.394138,41.832715],[-71.393585,41.831757],[-71.394831,41.831355],[-71.395384,41.832312],[-71.394138,41.832715]]]},"properties":{"kind":"field","label":"Berylson Family Field","rank":0,"sortKey":0.0,"labelMinZoom":0}},{"type":"Feature","id":"field:9","geometry":{"type":"MultiPolygon","coordinates":[[[[-71.399136,41.829954],[-71.399351,41.829938],[-71.399362,41.830018],[-71.399146,41.830034],[-71.399136,41.829954]]],[[[-71.39889,41.829972],[-71.399105,41.829955],[-71.399116,41.830036],[-71.398901,41.830052],[-71.39889,41.829972]]]]},"properties":{"kind":"field"}},{"type":"Feature","id":"green:1","geometry":{"type":"Polygon","coordinates":[[[-71.40282,41.826494],[-71.40289,41.826421],[-71.402891,41.82642],[-71.402892,41.82642],[-71.402893,41.826419],[-71.402894,41.826419],[-71.402895,41.826419],[-71.402896,41.826418],[-71.402897,41.826419],[-71.402898,41.826419],[-71.402899,41.826419],[-71.4029,41.826419],[-71.402901,41.82642],[-71.402902,41.826421],[-71.402902,41.826421],[-71.402903,41.826422],[-71.402902,41.826425],[-71.402902,41.826428],[-71.402902,41.826431],[-71.402901,41.826435],[-71.402901,41.826438],[-71.402901,41.826441],[-71.4029,41.826444],[-71.4029,41.826447],[-71.4029,41.82645],[-71.402899,41.826455],[-71.402898,41.826459],[-71.402898,41.826464],[-71.402897,41.826469],[-71.402896,41.826473],[-71.402895,41.826478],[-71.402895,41.826483],[-71.402894,41.826487],[-71.402893,41.826492],[-71.402892,41.826497],[-71.402891,41.826502],[-71.402891,41.826505],[-71.40289,41.826508],[-71.40289,41.826511],[-71.402889,41.826515],[-71.402889,41.826518],[-71.402888,41.826521],[-71.402888,41.826524],[-71.402887,41.826528],[-71.402887,41.826529],[-71.40288,41.826569],[-71.402878,41.826571],[-71.402875,41.826573],[-71.402867,41.826569],[-71.402857,41.826562],[-71.402847,41.826557],[-71.402831,41.826544],[-71.40283,41.826543],[-71.402829,41.826542],[-71.402828,41.826541],[-71.402827,41.82654],[-71.402826,41.826539],[-71.402825,41.826538],[-71.402824,41.826537],[-71.402823,41.826536],[-71.402823,41.826534],[-71.402822,41.826533],[-71.402821,41.826532],[-71.402821,41.826531],[-71.40282,41.82653],[-71.402819,41.826529],[-71.402819,41.826527],[-71.402818,41.826526],[-71.402818,41.826524],[-71.402817,41.826523],[-71.402817,41.826521],[-71.402816,41.82652],[-71.402816,41.826518],[-71.402815,41.826516],[-71.402815,41.826515],[-71.402815,41.826513],[-71.402815,41.826512],[-71.402815,41.82651],[-71.402815,41.826508],[-71.402815,41.826506],[-71.402816,41.826504],[-71.402816,41.826502],[-71.402817,41.8265],[-71.402818,41.826498],[-71.402818,41.826497],[-71.402819,41.826495],[-71.40282,41.826494]]]},"properties":{"kind":"green"}},{"type":"Feature","id":"green:10","geometry":{"type":"Polygon","coordinates":[[[-71.40223,41.829918],[-71.40219,41.829912],[-71.402184,41.829911],[-71.402179,41.829909],[-71.402178,41.829907],[-71.402179,41.829903],[-71.402179,41.829903],[-71.402179,41.829903],[-71.40218,41.829902],[-71.40218,41.829902],[-71.402186,41.829897],[-71.402186,41.829897],[-71.402187,41.829896],[-71.402187,41.829895],[-71.402187,41.829894],[-71.402186,41.829894],[-71.402186,41.829893],[-71.402185,41.829892],[-71.402185,41.829892],[-71.402184,41.829891],[-71.402183,41.829891],[-71.402182,41.829891],[-71.402181,41.829891],[-71.40218,41.829891],[-71.402179,41.829891],[-71.402178,41.829891],[-71.402177,41.829892],[-71.402177,41.829893],[-71.402176,41.829893],[-71.402176,41.829894],[-71.402175,41.829895],[-71.402175,41.829895],[-71.402175,41.829896],[-71.402175,41.829897],[-71.402175,41.829898],[-71.402175,41.829899],[-71.402174,41.8299],[-71.402169,41.829904],[-71.402163,41.8299],[-71.402158,41.829895],[-71.402154,41.829889],[-71.402151,41.829883],[-71.40215,41.829876],[-71.402149,41.829867],[-71.40231,41.829856],[-71.402302,41.829792],[-71.402276,41.829794],[-71.402266,41.829722],[-71.40228,41.829721],[-71.40228,41.829721],[-71.402288,41.82972],[-71.402289,41.82972],[-71.402291,41.82972],[-71.402294,41.82972],[-71.402297,41.829721],[-71.4023,41.829722],[-71.402303,41.829723],[-71.402305,41.829725],[-71.402307,41.829727],[-71.402308,41.829729],[-71.402309,41.829731],[-71.40231,41.829733],[-71.402325,41.829837],[-71.402331,41.829892],[-71.402331,41.829899],[-71.40233,41.829906],[-71.402329,41.829909],[-71.402327,41.829913],[-71.402324,41.829916],[-71.402321,41.829919],[-71.402317,41.829922],[-71.402313,41.829924],[-71.402305,41.829925],[-71.402297,41.829925],[-71.402289,41.829925],[-71.402254,41.829921],[-71.40223,41.829918]]]},"properties":{"kind":"green"}},{"type":"Feature","id":"green:101","geometry":{"type":"Polygon","coordinates":[[[-71.402899,41.826404],[-71.402898,41.826404],[-71.402899,41.826404],[-71.402899,41.826404]]]},"properties":{"kind":"green"}},{"type":"Feature","id":"green:102","geometry":{"type":"Polygon","coordinates":[[[-71.402971,41.826483],[-71.402968,41.826396],[-71.402996,41.826401],[-71.402995,41.826398],[-71.402994,41.826396],[-71.402994,41.826393],[-71.402995,41.826391],[-71.402996,41.826388],[-71.402997,41.826386],[-71.402999,41.826384],[-71.403002,41.826382],[-71.403005,41.82638],[-71.403008,41.826379],[-71.403011,41.826379],[-71.403015,41.826378],[-71.403018,41.826379],[-71.403021,41.826379],[-71.403028,41.82638],[-71.403018,41.826378],[-71.403015,41.826378],[-71.403011,41.826378],[-71.403008,41.826379],[-71.403005,41.826379],[-71.403002,41.826381],[-71.403002,41.826328],[-71.403003,41.826328],[-71.403005,41.826329],[-71.403007,41.82633],[-71.403009,41.826331],[-71.403011,41.826331],[-71.403013,41.826332],[-71.403015,41.826333],[-71.403017,41.826333],[-71.403019,41.826334],[-71.403022,41.826334],[-71.403024,41.826335],[-71.403026,41.826335],[-71.403031,41.826337],[-71.403036,41.826338],[-71.403041,41.826339],[-71.403046,41.82634],[-71.403051,41.826341],[-71.403056,41.826342],[-71.403061,41.826343],[-71.403066,41.826344],[-71.403071,41.826345],[-71.403076,41.826346],[-71.403081,41.826347],[-71.403087,41.826348],[-71.403092,41.826349],[-71.403098,41.82635],[-71.403103,41.82635],[-71.403109,41.826351],[-71.403114,41.826352],[-71.40312,41.826353],[-71.403125,41.826354],[-71.403131,41.826355],[-71.403136,41.826356],[-71.403142,41.826356],[-71.403149,41.826357],[-71.403156,41.826358],[-71.403163,41.826359],[-71.40317,41.82636],[-71.403177,41.826361],[-71.403184,41.826362],[-71.403191,41.826362],[-71.403198,41.826363],[-71.403205,41.826364],[-71.403213,41.826364],[-71.40322,41.826365],[-71.403227,41.826366],[-71.403234,41.826366],[-71.403241,41.826367],[-71.403248,41.826367],[-71.403255,41.826368],[-71.403263,41.826368],[-71.40327,41.826369],[-71.403277,41.826369],[-71.403284,41.82637],[-71.403291,41.82637],[-71.403298,41.82637],[-71.403307,41.826371],[-71.403315,41.826371],[-71.403324,41.826371],[-71.403332,41.826371],[-71.403341,41.826371],[-71.403349,41.826371],[-71.403357,41.826371],[-71.403366,41.826371],[-71.403374,41.826371],[-71.403383,41.826371],[-71.403391,41.826371],[-71.403405,41.826371],[-71.403418,41.82637],[-71.403431,41.82637],[-71.403445,41.826369],[-71.403458,41.826368],[-71.403472,41.826368],[-71.403485,41.826367],[-71.403499,41.826366],[-71.403512,41.826365],[-71.403526,41.826364],[-71.403539,41.826364],[-71.403547,41.826363],[-71.403548,41.826362],[-71.403549,41.826362],[-71.40355,41.826361],[-71.403551,41.826361],[-71.403553,41.82636],[-71.403554,41.82636],[-71.403555,41.826359],[-71.403556,41.826358],[-71.403556,41.826358],[-71.403557,41.826357],[-71.403558,41.826356],[-71.403559,41.826355],[-71.403559,41.826355],[-71.40356,41.826354],[-71.403561,41.826353],[-71.403561,41.826352],[-71.403562,41.826351],[-71.403563,41.826351],[-71.403563,41.826349],[-71.403564,41.826348],[-71.403565,41.826347],[-71.403565,41.826345],[-71.403565,41.826344],[-71.403566,41.826342],[-71.403566,41.826341],[-71.403566,41.82634],[-71.403567,41.826338],[-71.403567,41.826337],[-71.403567,41.826335],[-71.403568,41.826333],[-71.403568,41.82633],[-71.403568,41.826327],[-71.403587,41.826429],[-71.403587,41.826431],[-71.403588,41.826435],[-71.403593,41.826464],[-71.403598,41.826479],[-71.403592,41.82649],[-71.403584,41.826513],[-71.403584,41.826519],[-71.403591,41.826599],[-71.40359,41.826601],[-71.403599,41.826743],[-71.403468,41.826754],[-71.403458,41.826688],[-71.403453,41.826689],[-71.403393,41.826694],[-71.403388,41.82666],[-71.403261,41.826671],[-71.403266,41.826704],[-71.403208,41.826709],[-71.403206,41.826697],[-71.403155,41.826701],[-71.403155,41.826703],[-71.403158,41.826722],[-71.403012,41.826735],[-71.403009,41.826715],[-71.403009,41.826714],[-71.403009,41.826714],[-71.403009,41.826714],[-71.402995,41.826628],[-71.402994,41.826628],[-71.402993,41.826622],[-71.402993,41.826617],[-71.402992,41.826611],[-71.402991,41.826606],[-71.40299,41.8266],[-71.40299,41.826597],[-71.402984,41.826562],[-71.402984,41.826562],[-71.402984,41.82656],[-71.402983,41.826552],[-71.402981,41.826545],[-71.40298,41.826537],[-71.402979,41.82653],[-71.402977,41.826522],[-71.402976,41.826514],[-71.402975,41.826507],[-71.402973,41.826499],[-71.402972,41.826491],[-71.402971,41.826486],[-71.402971,41.826484],[-71.402971,41.826483],[-71.402971,41.826483]]]},"properties":{"kind":"green","label":"Brown Bear Garden Terrace","rank":0,"sortKey":0.0,"labelMinZoom":0}},{"type":"Feature","id":"green:103","geometry":{"type":"Polygon","coordinates":[[[-71.403621,41.826266],[-71.403707,41.826265],[-71.403707,41.826267],[-71.403706,41.826272],[-71.403705,41.826278],[-71.403701,41.826284],[-71.403698,41.826288],[-71.403694,41.826292],[-71.403688,41.826297],[-71.403682,41.826303],[-71.403677,41.826309],[-71.403674,41.826315],[-71.40367,41.826322],[-71.403669,41.826328],[-71.403669,41.826335],[-71.403669,41.826341],[-71.403671,41.826349],[-71.403672,41.826354],[-71.403675,41.82636],[-71.403676,41.826363],[-71.403676,41.826365],[-71.403676,41.826368],[-71.403676,41.82637],[-71.403674,41.826372],[-71.403673,41.826373],[-71.40365,41.826373],[-71.40364,41.826373],[-71.403631,41.826371],[-71.403626,41.826368],[-71.403622,41.826357],[-71.403622,41.826354],[-71.403622,41.826349],[-71.403622,41.826345],[-71.403622,41.82634],[-71.403622,41.826336],[-71.403622,41.826331],[-71.403622,41.826325],[-71.403622,41.82632],[-71.403622,41.826318],[-71.403637,41.826318],[-71.403637,41.826304],[-71.403622,41.826304],[-71.403622,41.826302],[-71.403622,41.826296],[-71.403621,41.82629],[-71.403621,41.826284],[-71.403621,41.826278],[-71.403621,41.826272],[-71.403621,41.826266]]]},"properties":{"kind":"green"}},{"type":"Feature","id":"green:104","geometry":{"type":"Polygon","coordinates":[[[-71.402732,41.825924],[-71.402737,41.82593],[-71.402737,41.825931],[-71.402738,41.825932],[-71.402739,41.825934],[-71.402739,41.825935],[-71.40274,41.825936],[-71.402741,41.825937],[-71.402742,41.825938],[-71.402743,41.82594],[-71.402744,41.825941],[-71.402745,41.825942],[-71.402746,41.825945],[-71.402748,41.825946],[-71.402748,41.825947],[-71.402749,41.825949],[-71.402751,41.825951],[-71.402752,41.825952],[-71.402754,41.825953],[-71.402756,41.825955],[-71.402757,41.825956],[-71.402758,41.825958],[-71.40276,41.82596],[-71.402761,41.825961],[-71.402763,41.825962],[-71.402764,41.825963],[-71.402765,41.825964],[-71.402768,41.825966],[-71.402769,41.825967],[-71.40277,41.825968],[-71.402772,41.82597],[-71.402775,41.825971],[-71.402776,41.825973],[-71.402778,41.825974],[-71.402779,41.825975],[-71.402782,41.825977],[-71.402784,41.825978],[-71.402786,41.825979],[-71.402788,41.82598],[-71.402789,41.825981],[-71.402791,41.825982],[-71.402793,41.825984],[-71.402795,41.825985],[-71.402797,41.825986],[-71.4028,41.825987],[-71.402801,41.825988],[-71.402804,41.82599],[-71.402806,41.825991],[-71.402808,41.825992],[-71.40281,41.825993],[-71.402812,41.825993],[-71.402813,41.825994],[-71.402813,41.825994],[-71.402819,41.826028],[-71.402724,41.826036],[-71.402713,41.825929],[-71.402716,41.825923],[-71.402723,41.825919],[-71.402732,41.825924]]]},"properties":{"kind":"green"}},{"type":"Feature","id":"green:105","geometry":{"type":"Polygon","coordinates":[[[-71.402817,41.825766],[-71.402817,41.825767],[-71.402818,41.825771],[-71.402819,41.825774],[-71.402819,41.825777],[-71.402819,41.82578],[-71.40282,41.825783],[-71.402821,41.825787],[-71.402821,41.82579],[-71.402822,41.825793],[-71.402822,41.825796],[-71.402823,41.825799],[-71.402823,41.825802],[-71.402824,41.825806],[-71.402824,41.825809],[-71.402825,41.825813],[-71.402825,41.825816],[-71.402826,41.82582],[-71.402826,41.825823],[-71.402827,41.825826],[-71.402828,41.82583],[-71.402828,41.825833],[-71.402829,41.825837],[-71.402829,41.82584],[-71.40283,41.825844],[-71.40283,41.825848],[-71.402831,41.825852],[-71.402831,41.825855],[-71.402832,41.825859],[-71.402832,41.825863],[-71.402833,41.825867],[-71.402833,41.825871],[-71.402834,41.825875],[-71.402834,41.825879],[-71.402835,41.825883],[-71.402835,41.825887],[-71.402836,41.825892],[-71.402836,41.825895],[-71.402837,41.825899],[-71.402837,41.825903],[-71.402838,41.825906],[-71.402838,41.825909],[-71.402839,41.825913],[-71.40284,41.825917],[-71.40284,41.825921],[-71.402841,41.825924],[-71.402841,41.825928],[-71.402842,41.825931],[-71.402842,41.825935],[-71.402843,41.825938],[-71.402848,41.825975],[-71.402848,41.825976],[-71.402847,41.825977],[-71.402847,41.825978],[-71.402846,41.825979],[-71.402845,41.825979],[-71.402843,41.82598],[-71.402842,41.82598],[-71.402841,41.82598],[-71.40284,41.82598],[-71.402838,41.82598],[-71.402837,41.82598],[-71.402836,41.825979],[-71.402834,41.825978],[-71.402832,41.825977],[-71.402831,41.825976],[-71.402829,41.825976],[-71.402827,41.825975],[-71.402825,41.825974],[-71.402824,41.825973],[-71.402822,41.825972],[-71.40282,41.825971],[-71.402818,41.82597],[-71.402817,41.825969],[-71.402815,41.825969],[-71.402813,41.825968],[-71.402811,41.825967],[-71.40281,41.825965],[-71.402808,41.825964],[-71.402806,41.825963],[-71.402805,41.825962],[-71.402803,41.825961],[-71.402801,41.82596],[-71.4028,41.825959],[-71.402798,41.825958],[-71.402796,41.825957],[-71.402795,41.825956],[-71.402793,41.825954],[-71.402792,41.825953],[-71.402791,41.825952],[-71.402789,41.825951],[-71.402788,41.82595],[-71.402786,41.825949],[-71.402785,41.825948],[-71.402784,41.825946],[-71.402782,41.825945],[-71.402781,41.825944],[-71.40278,41.825943],[-71.402779,41.825942],[-71.402778,41.825941],[-71.402776,41.825939],[-71.402775,41.825938],[-71.402774,41.825937],[-71.402773,41.825936],[-71.402772,41.825935],[-71.402771,41.825933],[-71.402771,41.825932],[-71.40277,41.825931],[-71.402769,41.82593],[-71.402768,41.825929],[-71.402767,41.825927],[-71.402766,41.825926],[-71.402766,41.825925],[-71.402765,41.825924],[-71.402764,41.825923],[-71.402763,41.825921],[-71.402763,41.82592],[-71.402762,41.825919],[-71.402761,41.825918],[-71.40276,41.825916],[-71.40276,41.825915],[-71.402759,41.825914],[-71.402758,41.825913],[-71.402758,41.825911],[-71.402757,41.82591],[-71.402757,41.825909],[-71.402756,41.825908],[-71.402755,41.825906],[-71.402755,41.825905],[-71.402754,41.825904],[-71.402753,41.825903],[-71.402753,41.825902],[-71.402752,41.8259],[-71.402752,41.825899],[-71.402751,41.825898],[-71.40275,41.825897],[-71.40275,41.825895],[-71.402749,41.825894],[-71.402749,41.825893],[-71.402748,41.825892],[-71.402748,41.82589],[-71.402747,41.825889],[-71.402747,41.825888],[-71.402747,41.825887],[-71.402746,41.825886],[-71.402746,41.825885],[-71.402746,41.825884],[-71.402746,41.825883],[-71.402745,41.825882],[-71.402745,41.825881],[-71.402745,41.82588],[-71.402744,41.825878],[-71.402744,41.825877],[-71.402744,41.825876],[-71.402744,41.825875],[-71.402744,41.825874],[-71.402744,41.825873],[-71.402744,41.825872],[-71.402744,41.82587],[-71.402743,41.825869],[-71.402743,41.825868],[-71.402743,41.825867],[-71.402743,41.825866],[-71.402743,41.825865],[-71.402743,41.825864],[-71.402744,41.825862],[-71.402744,41.825861],[-71.402744,41.82586],[-71.402744,41.825859],[-71.402744,41.825858],[-71.402744,41.825856],[-71.402744,41.825855],[-71.402744,41.825854],[-71.402745,41.825853],[-71.402745,41.825852],[-71.402745,41.82585],[-71.402745,41.825849],[-71.402746,41.825848],[-71.402746,41.825847],[-71.402746,41.825846],[-71.402746,41.825844],[-71.402746,41.825843],[-71.402747,41.825841],[-71.402747,41.82584],[-71.402747,41.825839],[-71.402748,41.825837],[-71.402748,41.825836],[-71.402748,41.825835],[-71.402749,41.825833],[-71.402749,41.825832],[-71.402749,41.825831],[-71.40275,41.825829],[-71.40275,41.825828],[-71.40275,41.825827],[-71.402751,41.825826],[-71.402751,41.825824],[-71.402752,41.825823],[-71.402752,41.825822],[-71.402753,41.825821],[-71.402753,41.82582],[-71.402753,41.825819],[-71.402754,41.825818],[-71.402754,41.825817],[-71.402755,41.825816],[-71.402756,41.825814],[-71.402756,41.825813],[-71.402757,41.825812],[-71.402757,41.82581],[-71.402758,41.825809],[-71.402759,41.825807],[-71.40276,41.825806],[-71.40276,41.825804],[-71.402761,41.825803],[-71.402762,41.825801],[-71.402763,41.825799],[-71.402764,41.825798],[-71.402765,41.825796],[-71.402766,41.825795],[-71.402767,41.825793],[-71.402768,41.825792],[-71.402769,41.825791],[-71.40277,41.82579],[-71.40277,41.825789],[-71.402772,41.825788],[-71.402772,41.825786],[-71.402773,41.825785],[-71.402774,41.825784],[-71.402775,41.825783],[-71.402776,41.825782],[-71.402777,41.825781],[-71.402778,41.825779],[-71.402779,41.825778],[-71.40278,41.825777],[-71.402781,41.825776],[-71.402782,41.825775],[-71.402783,41.825774],[-71.402784,41.825773],[-71.402785,41.825772],[-71.402786,41.825771],[-71.402787,41.82577],[-71.402788,41.825769],[-71.402789,41.825768],[-71.40279,41.825767],[-71.402791,41.825766],[-71.402792,41.825765],[-71.402793,41.825764],[-71.402793,41.825764],[-71.402794,41.825763],[-71.402795,41.825763],[-71.402796,41.825763],[-71.402796,41.825762],[-71.402797,41.825762],[-71.402798,41.825761],[-71.402799,41.82576],[-71.4028,41.82576],[-71.402801,41.825759],[-71.402802,41.825759],[-71.402804,41.825759],[-71.402806,41.825759],[-71.402808,41.825759],[-71.402811,41.82576],[-71.402812,41.825761],[-71.402814,41.825762],[-71.402816,41.825763],[-71.402817,41.825764],[-71.402817,41.825766]]]},"properties":{"kind":"green"}},{"type":"Feature","id":"green:106","geometry":{"type":"Polygon","coordinates":[[[-71.403318,41.825961],[-71.403322,41.825961],[-71.403326,41.825961],[-71.403329,41.825961],[-71.403333,41.82596],[-71.403337,41.82596],[-71.40334,41.82596],[-71.403344,41.825959],[-71.403348,41.825959],[-71.403351,41.825959],[-71.403355,41.825958],[-71.403358,41.825958],[-71.403362,41.825958],[-71.403366,41.825958],[-71.403369,41.825957],[-71.403373,41.825957],[-71.403376,41.825957],[-71.40338,41.825957],[-71.403383,41.825956],[-71.403387,41.825956],[-71.403391,41.825956],[-71.403394,41.825956],[-71.403398,41.825956],[-71.403401,41.825955],[-71.403404,41.825955],[-71.403407,41.825955],[-71.403417,41.825955],[-71.403427,41.825954],[-71.403437,41.825954],[-71.403446,41.825954],[-71.403456,41.825953],[-71.403465,41.825954],[-71.403473,41.825954],[-71.403481,41.825956],[-71.403489,41.825957],[-71.403497,41.82596],[-71.403504,41.825962],[-71.403511,41.825966],[-71.403517,41.825969],[-71.403523,41.825972],[-71.403528,41.825976],[-71.403533,41.82598],[-71.403537,41.825985],[-71.40354,41.82599],[-71.403542,41.825993],[-71.403542,41.825997],[-71.403543,41.826],[-71.403544,41.826005],[-71.403544,41.826006],[-71.403544,41.826008],[-71.403544,41.826009],[-71.403545,41.826011],[-71.403545,41.826013],[-71.403545,41.826015],[-71.403545,41.826016],[-71.403546,41.826018],[-71.403546,41.82602],[-71.403546,41.826021],[-71.403546,41.826023],[-71.403547,41.826025],[-71.403547,41.826028],[-71.403547,41.826032],[-71.403548,41.826036],[-71.403548,41.826039],[-71.403549,41.826043],[-71.403549,41.826047],[-71.403549,41.82605],[-71.40355,41.826054],[-71.40355,41.826058],[-71.40355,41.826061],[-71.403551,41.826065],[-71.403551,41.82607],[-71.403551,41.826075],[-71.403552,41.82608],[-71.403552,41.826085],[-71.403552,41.826089],[-71.403553,41.826094],[-71.403553,41.826099],[-71.403553,41.826104],[-71.403554,41.826109],[-71.403554,41.826114],[-71.403554,41.826118],[-71.403555,41.826124],[-71.403555,41.82613],[-71.403556,41.826136],[-71.403556,41.826142],[-71.403557,41.826148],[-71.403557,41.826154],[-71.403557,41.826159],[-71.403558,41.826165],[-71.403558,41.826171],[-71.403559,41.826177],[-71.403559,41.826183],[-71.40356,41.826188],[-71.40356,41.826193],[-71.403561,41.826199],[-71.403561,41.826204],[-71.403562,41.82621],[-71.403562,41.826215],[-71.403563,41.826221],[-71.403563,41.826226],[-71.403564,41.826232],[-71.403564,41.826237],[-71.403565,41.826242],[-71.403565,41.826248],[-71.403565,41.826254],[-71.403566,41.82626],[-71.403566,41.826265],[-71.403567,41.826271],[-71.403567,41.826277],[-71.403568,41.826282],[-71.403568,41.826288],[-71.403569,41.826294],[-71.403569,41.826299],[-71.403569,41.826305],[-71.403569,41.826308],[-71.403569,41.82631],[-71.403569,41.826313],[-71.403569,41.826316],[-71.403569,41.826319],[-71.403569,41.826322],[-71.403569,41.826324],[-71.403568,41.826327],[-71.403568,41.82633],[-71.403568,41.826333],[-71.403567,41.826335],[-71.403567,41.826337],[-71.403567,41.826338],[-71.403566,41.82634],[-71.403566,41.826341],[-71.403566,41.826342],[-71.403565,41.826344],[-71.403565,41.826345],[-71.403565,41.826347],[-71.403564,41.826348],[-71.403563,41.826349],[-71.403563,41.826351],[-71.403562,41.826351],[-71.403561,41.826352],[-71.403561,41.826353],[-71.40356,41.826354],[-71.403559,41.826355],[-71.403559,41.826355],[-71.403558,41.826356],[-71.403557,41.826357],[-71.403556,41.826358],[-71.403556,41.826358],[-71.403555,41.826359],[-71.403554,41.82636],[-71.403553,41.82636],[-71.403551,41.826361],[-71.40355,41.826361],[-71.403549,41.826362],[-71.403548,41.826362],[-71.403547,41.826363],[-71.403539,41.826364],[-71.403526,41.826364],[-71.403512,41.826365],[-71.403499,41.826366],[-71.403485,41.826367],[-71.403472,41.826368],[-71.403458,41.826368],[-71.403445,41.826369],[-71.403431,41.82637],[-71.403418,41.82637],[-71.403405,41.826371],[-71.403391,41.826371],[-71.403383,41.826371],[-71.403374,41.826371],[-71.403366,41.826371],[-71.403357,41.826371],[-71.403349,41.826371],[-71.403341,41.826371],[-71.403332,41.826371],[-71.403324,41.826371],[-71.403315,41.826371],[-71.403307,41.826371],[-71.403298,41.82637],[-71.403291,41.82637],[-71.403284,41.82637],[-71.403277,41.826369],[-71.40327,41.826369],[-71.403263,41.826368],[-71.403255,41.826368],[-71.403248,41.826367],[-71.403241,41.826367],[-71.403234,41.826366],[-71.403227,41.826366],[-71.40322,41.826365],[-71.403213,41.826364],[-71.403205,41.826364],[-71.403198,41.826363],[-71.403191,41.826362],[-71.403184,41.826362],[-71.403177,41.826361],[-71.40317,41.82636],[-71.403163,41.826359],[-71.403156,41.826358],[-71.403149,41.826357],[-71.403142,41.826356],[-71.403136,41.826356],[-71.403131,41.826355],[-71.403125,41.826354],[-71.40312,41.826353],[-71.403114,41.826352],[-71.403109,41.826351],[-71.403103,41.82635],[-71.403098,41.82635],[-71.403092,41.826349],[-71.403087,41.826348],[-71.403081,41.826347],[-71.403076,41.826346],[-71.403071,41.826345],[-71.403066,41.826344],[-71.403061,41.826343],[-71.403056,41.826342],[-71.403051,41.826341],[-71.403046,41.82634],[-71.403041,41.826339],[-71.403036,41.826338],[-71.403031,41.826337],[-71.403026,41.826335],[-71.403024,41.826335],[-71.403022,41.826334],[-71.403019,41.826334],[-71.403017,41.826333],[-71.403015,41.826333],[-71.403013,41.826332],[-71.403011,41.826331],[-71.403009,41.826331],[-71.403007,41.82633],[-71.403005,41.826329],[-71.403003,41.826328],[-71.403001,41.826327],[-71.403,41.826326],[-71.402988,41.826322],[-71.402982,41.826319],[-71.402979,41.826317],[-71.402973,41.826312],[-71.402969,41.826307],[-71.402966,41.826299],[-71.402964,41.826292],[-71.402964,41.826287],[-71.402966,41.826282],[-71.402969,41.826276],[-71.402974,41.826269],[-71.402979,41.826263],[-71.402981,41.826261],[-71.402983,41.826259],[-71.402986,41.826255],[-71.402987,41.826254],[-71.402989,41.826252],[-71.402991,41.826251],[-71.402993,41.826249],[-71.402994,41.826248],[-71.402995,41.826247],[-71.402996,41.826246],[-71.402997,41.826244],[-71.402998,41.826243],[-71.402999,41.826241],[-71.402999,41.82624],[-71.403,41.826238],[-71.403,41.826237],[-71.403001,41.826235],[-71.403001,41.826234],[-71.403,41.826233],[-71.403,41.826231],[-71.402999,41.826227],[-71.402999,41.826223],[-71.402998,41.826219],[-71.402998,41.826215],[-71.402998,41.82621],[-71.402998,41.826206],[-71.402998,41.826202],[-71.402997,41.826198],[-71.402997,41.826194],[-71.402997,41.82619],[-71.402997,41.826186],[-71.402993,41.826146],[-71.402991,41.826142],[-71.40299,41.826139],[-71.402988,41.826136],[-71.402985,41.826133],[-71.402982,41.82613],[-71.402979,41.826127],[-71.402975,41.826125],[-71.402971,41.826123],[-71.402968,41.82612],[-71.402963,41.826117],[-71.402959,41.826114],[-71.402954,41.826111],[-71.402951,41.826108],[-71.402948,41.826105],[-71.402945,41.826101],[-71.402943,41.826098],[-71.40294,41.826095],[-71.402938,41.826092],[-71.402937,41.82609],[-71.402937,41.826088],[-71.402937,41.826085],[-71.402937,41.826082],[-71.402938,41.826078],[-71.40294,41.826074],[-71.402943,41.826069],[-71.402946,41.826064],[-71.40295,41.826058],[-71.402952,41.826056],[-71.402954,41.826053],[-71.402956,41.826051],[-71.402958,41.826049],[-71.40296,41.826048],[-71.402962,41.826046],[-71.402965,41.826045],[-71.402967,41.826044],[-71.40297,41.826042],[-71.402982,41.826038],[-71.402987,41.826037],[-71.402991,41.826036],[-71.402996,41.826034],[-71.403,41.826033],[-71.403004,41.826032],[-71.403009,41.82603],[-71.403013,41.826029],[-71.403018,41.826028],[-71.403022,41.826026],[-71.403027,41.826025],[-71.403031,41.826024],[-71.403035,41.826023],[-71.403038,41.826022],[-71.403042,41.826021],[-71.403045,41.82602],[-71.403049,41.826019],[-71.403053,41.826018],[-71.403056,41.826017],[-71.40306,41.826016],[-71.403063,41.826015],[-71.403067,41.826014],[-71.403071,41.826013],[-71.403074,41.826012],[-71.403078,41.826011],[-71.403082,41.82601],[-71.403085,41.826009],[-71.403089,41.826008],[-71.403093,41.826007],[-71.403096,41.826006],[-71.4031,41.826005],[-71.403103,41.826004],[-71.403107,41.826003],[-71.403111,41.826002],[-71.403114,41.826001],[-71.403118,41.826],[-71.403122,41.825999],[-71.403125,41.825998],[-71.403129,41.825997],[-71.403132,41.825996],[-71.403135,41.825995],[-71.403138,41.825994],[-71.403142,41.825994],[-71.403145,41.825993],[-71.403148,41.825992],[-71.403151,41.825991],[-71.403155,41.82599],[-71.403158,41.825989],[-71.403161,41.825989],[-71.403165,41.825988],[-71.403168,41.825987],[-71.403171,41.825986],[-71.403174,41.825986],[-71.403177,41.825985],[-71.40318,41.825984],[-71.403183,41.825984],[-71.403186,41.825983],[-71.403189,41.825983],[-71.403192,41.825982],[-71.403195,41.825981],[-71.403198,41.825981],[-71.403201,41.82598],[-71.403204,41.825979],[-71.403207,41.825979],[-71.403211,41.825978],[-71.403215,41.825977],[-71.403219,41.825977],[-71.403223,41.825976],[-71.403227,41.825975],[-71.403231,41.825974],[-71.403235,41.825973],[-71.403239,41.825973],[-71.403243,41.825972],[-71.403247,41.825971],[-71.403251,41.825971],[-71.403255,41.82597],[-71.403259,41.825969],[-71.403263,41.825969],[-71.403267,41.825968],[-71.40327,41.825967],[-71.403274,41.825967],[-71.403278,41.825967],[-71.403281,41.825966],[-71.403285,41.825965],[-71.403289,41.825965],[-71.403293,41.825964],[-71.403296,41.825964],[-71.4033,41.825964],[-71.403304,41.825963],[-71.403308,41.825963],[-71.403311,41.825962],[-71.403315,41.825962],[-71.403318,41.825961]]]},"properties":{"kind":"green","label":"College Green (Main Green)","rank":0,"sortKey":0.0,"labelMinZoom":0,"placeId":"the-college-green"}},{"type":"Feature","id":"green:107","geometry":{"type":"Polygon","coordinates":[[[-71.402666,41.825522],[-71.402659,41.82547],[-71.402655,41.825432],[-71.402767,41.825426],[-71.402768,41.825426],[-71.402769,41.825433],[-71.402769,41.825435],[-71.402769,41.825438],[-71.402769,41.82544],[-71.402769,41.825442],[-71.402769,41.825444],[-71.402769,41.825446],[-71.402769,41.825448],[-71.402769,41.82545],[-71.402769,41.825453],[-71.40277,41.825455],[-71.40277,41.825457],[-71.40277,41.825459],[-71.402771,41.825462],[-71.402771,41.825465],[-71.402771,41.825467],[-71.402772,41.82547],[-71.402772,41.825473],[-71.402773,41.825475],[-71.402773,41.825477],[-71.402773,41.82548],[-71.402774,41.825483],[-71.402774,41.825486],[-71.402775,41.825489],[-71.402775,41.825491],[-71.402776,41.825494],[-71.402776,41.825497],[-71.402777,41.8255],[-71.402777,41.825503],[-71.402778,41.825506],[-71.402778,41.825509],[-71.402779,41.825513],[-71.402779,41.825516],[-71.40278,41.825519],[-71.40278,41.825521],[-71.402779,41.825523],[-71.402778,41.825525],[-71.402777,41.825526],[-71.402775,41.825528],[-71.402773,41.825529],[-71.40277,41.82553],[-71.402768,41.825531],[-71.402743,41.825533],[-71.402731,41.825534],[-71.402732,41.825537],[-71.402698,41.825538],[-71.402698,41.825534],[-71.402691,41.825534],[-71.402689,41.82552],[-71.402666,41.825522]]]},"properties":{"kind":"green"}},{"type":"Feature","id":"green:108","geometry":{"type":"Polygon","coordinates":[[[-71.403696,41.82632],[-71.403699,41.826316],[-71.403703,41.826312],[-71.403705,41.826308],[-71.403709,41.826304],[-71.403713,41.826298],[-71.403716,41.826294],[-71.403719,41.826288],[-71.40372,41.826283],[-71.403721,41.826275],[-71.403722,41.826268],[-71.403722,41.826264],[-71.403741,41.826264],[-71.403762,41.826264],[-71.403763,41.826364],[-71.403763,41.82637],[-71.403702,41.826372],[-71.4037,41.826371],[-71.403699,41.82637],[-71.403698,41.826367],[-71.403698,41.826364],[-71.403698,41.826362],[-71.403697,41.826357],[-71.403695,41.826353],[-71.403693,41.826348],[-71.403692,41.826343],[-71.403691,41.826339],[-71.40369,41.826335],[-71.40369,41.826331],[-71.403691,41.826328],[-71.403692,41.826324],[-71.403696,41.82632]]]},"properties":{"kind":"green"}},{"type":"Feature","id":"green:11","geometry":{"type":"Polygon","coordinates":[[[-71.401962,41.830073],[-71.402016,41.830033],[-71.402073,41.829991],[-71.402074,41.82999],[-71.402076,41.829989],[-71.402078,41.829988],[-71.40208,41.829987],[-71.402083,41.829987],[-71.402085,41.829986],[-71.402088,41.829987],[-71.40209,41.829987],[-71.402093,41.829988],[-71.402095,41.829989],[-71.402096,41.82999],[-71.402098,41.829992],[-71.402108,41.830075],[-71.402115,41.830132],[-71.402032,41.8301],[-71.401962,41.830073]]]},"properties":{"kind":"green"}},{"type":"Feature","id":"green:110","geometry":{"type":"Polygon","coordinates":[[[-71.402625,41.826623],[-71.402623,41.826605],[-71.402614,41.826606],[-71.402613,41.826595],[-71.402764,41.826586],[-71.402759,41.826533],[-71.40278,41.826531],[-71.402801,41.82654],[-71.402853,41.826591],[-71.402855,41.826593],[-71.402855,41.826594],[-71.402856,41.826595],[-71.402856,41.826596],[-71.402857,41.826597],[-71.402857,41.826598],[-71.402857,41.826599],[-71.402858,41.8266],[-71.402858,41.826602],[-71.402858,41.826603],[-71.402858,41.826604],[-71.402858,41.826605],[-71.402857,41.826606],[-71.402857,41.826607],[-71.402857,41.826607],[-71.402856,41.826608],[-71.402856,41.826609],[-71.402855,41.82661],[-71.402855,41.826611],[-71.402854,41.826611],[-71.402853,41.826612],[-71.402852,41.826613],[-71.402851,41.826614],[-71.40285,41.826614],[-71.402849,41.826615],[-71.402848,41.826615],[-71.402848,41.826616],[-71.402847,41.826616],[-71.402846,41.826617],[-71.402845,41.826617],[-71.402844,41.826617],[-71.402843,41.826618],[-71.402841,41.826618],[-71.40284,41.826618],[-71.402839,41.826619],[-71.402838,41.826619],[-71.402837,41.82662],[-71.402835,41.82662],[-71.402833,41.826621],[-71.402831,41.826621],[-71.402829,41.826621],[-71.402827,41.826622],[-71.402825,41.826622],[-71.402824,41.826622],[-71.402822,41.826623],[-71.40282,41.826623],[-71.402818,41.826623],[-71.402815,41.826624],[-71.402812,41.826624],[-71.402809,41.826624],[-71.402806,41.826625],[-71.402803,41.826625],[-71.4028,41.826625],[-71.402797,41.826625],[-71.402794,41.826626],[-71.402791,41.826626],[-71.402788,41.826626],[-71.402785,41.826626],[-71.402777,41.826627],[-71.40277,41.826627],[-71.402762,41.826627],[-71.402754,41.826628],[-71.402747,41.826628],[-71.402739,41.826629],[-71.402732,41.826629],[-71.402724,41.826629],[-71.402717,41.82663],[-71.402709,41.82663],[-71.402701,41.82663],[-71.402698,41.82663],[-71.402695,41.82663],[-71.402692,41.82663],[-71.402689,41.826629],[-71.402686,41.826629],[-71.402683,41.826629],[-71.40268,41.826629],[-71.402678,41.826629],[-71.402651,41.826624],[-71.402632,41.826623],[-71.402625,41.826623]]]},"properties":{"kind":"green"}},{"type":"Feature","id":"green:111","geometry":{"type":"Polygon","coordinates":[[[-71.40264,41.826672],[-71.402649,41.826664],[-71.40266,41.826656],[-71.402668,41.826651],[-71.402684,41.826648],[-71.402691,41.826648],[-71.402702,41.826647],[-71.402712,41.826646],[-71.402722,41.826645],[-71.402733,41.826644],[-71.402743,41.826644],[-71.402754,41.826643],[-71.402764,41.826642],[-71.402774,41.826642],[-71.402784,41.826642],[-71.402794,41.826641],[-71.402805,41.826641],[-71.402815,41.82664],[-71.402825,41.82664],[-71.402835,41.826639],[-71.402846,41.826639],[-71.402851,41.826639],[-71.402856,41.826641],[-71.40286,41.826642],[-71.402865,41.826644],[-71.402868,41.826647],[-71.40287,41.826655],[-71.402899,41.826653],[-71.402905,41.826652],[-71.402911,41.826653],[-71.402917,41.826654],[-71.402922,41.826656],[-71.402927,41.826659],[-71.402931,41.826662],[-71.402935,41.826666],[-71.402937,41.82667],[-71.402939,41.826674],[-71.40294,41.826679],[-71.402939,41.826683],[-71.402938,41.826688],[-71.402936,41.826692],[-71.402933,41.826696],[-71.402929,41.826699],[-71.402924,41.826702],[-71.402918,41.826704],[-71.402913,41.826706],[-71.402907,41.826706],[-71.402878,41.826709],[-71.402749,41.826719],[-71.402737,41.82672],[-71.402731,41.826676],[-71.402695,41.826679],[-71.40269,41.826682],[-71.402684,41.826685],[-71.402678,41.826687],[-71.402672,41.826688],[-71.402665,41.826689],[-71.402665,41.826693],[-71.402665,41.826697],[-71.402663,41.826701],[-71.40266,41.826705],[-71.402656,41.826708],[-71.402652,41.826711],[-71.402647,41.826713],[-71.402642,41.826715],[-71.402636,41.826715],[-71.40263,41.826716],[-71.402625,41.826715],[-71.402619,41.826713],[-71.402615,41.826711],[-71.40261,41.826709],[-71.402606,41.826705],[-71.402604,41.826702],[-71.402602,41.826698],[-71.402601,41.826694],[-71.402594,41.826694],[-71.402587,41.826693],[-71.402581,41.826692],[-71.402575,41.82669],[-71.402569,41.826687],[-71.40256,41.826681],[-71.4025,41.826685],[-71.402501,41.826688],[-71.402498,41.826688],[-71.402498,41.826685],[-71.402345,41.826697],[-71.40235,41.826691],[-71.402406,41.826687],[-71.402407,41.826688],[-71.402523,41.82668],[-71.40264,41.826672]]]},"properties":{"kind":"green"}},{"type":"Feature","id":"green:112","geometry":{"type":"Polygon","coordinates":[[[-71.40232,41.82676],[-71.402309,41.82676],[-71.402319,41.826834],[-71.402298,41.826836],[-71.402298,41.826834],[-71.402278,41.826836],[-71.402269,41.826771],[-71.402282,41.82677],[-71.402281,41.826762],[-71.402308,41.826744],[-71.40232,41.82676]]]},"properties":{"kind":"green"}},{"type":"Feature","id":"green:113","geometry":{"type":"Polygon","coordinates":[[[-71.402759,41.826788],[-71.402753,41.826742],[-71.402802,41.826739],[-71.402803,41.826743],[-71.402853,41.826783],[-71.402883,41.82678],[-71.402883,41.826779],[-71.402883,41.826777],[-71.402883,41.826776],[-71.402884,41.826774],[-71.402885,41.826773],[-71.402886,41.826772],[-71.402887,41.826771],[-71.402889,41.82677],[-71.40289,41.826769],[-71.402892,41.826769],[-71.402894,41.826768],[-71.402905,41.826767],[-71.402907,41.826767],[-71.40291,41.826768],[-71.402912,41.826768],[-71.402914,41.826769],[-71.402915,41.82677],[-71.402917,41.826771],[-71.402918,41.826773],[-71.402919,41.826774],[-71.402919,41.826776],[-71.40292,41.826777],[-71.402956,41.826774],[-71.402959,41.826799],[-71.402904,41.826804],[-71.402903,41.826799],[-71.402768,41.826811],[-71.402767,41.826807],[-71.402753,41.826808],[-71.40275,41.826789],[-71.402759,41.826788]]]},"properties":{"kind":"green"}},{"type":"Feature","id":"green:114","geometry":{"type":"Polygon","coordinates":[[[-71.401745,41.826969],[-71.401762,41.827071],[-71.402158,41.827033],[-71.402163,41.827067],[-71.401989,41.827086],[-71.401765,41.827105],[-71.401696,41.827111],[-71.401673,41.826976],[-71.401745,41.826969]]]},"properties":{"kind":"green"}},{"type":"Feature","id":"green:115","geometry":{"type":"Polygon","coordinates":[[[-71.402603,41.826443],[-71.402601,41.826425],[-71.402647,41.826422],[-71.402661,41.826421],[-71.402675,41.82642],[-71.402677,41.826419],[-71.402677,41.826416],[-71.402677,41.82641],[-71.402677,41.826406],[-71.402672,41.826373],[-71.402709,41.826371],[-71.40271,41.826387],[-71.402762,41.826384],[-71.40277,41.826442],[-71.402749,41.826443],[-71.402597,41.826452],[-71.402596,41.826444],[-71.402603,41.826443]]]},"properties":{"kind":"green"}},{"type":"Feature","id":"green:116","geometry":{"type":"Polygon","coordinates":[[[-71.402125,41.825473],[-71.402592,41.825436],[-71.402596,41.825437],[-71.4026,41.825437],[-71.402601,41.825439],[-71.402602,41.825445],[-71.402601,41.825455],[-71.402604,41.825474],[-71.40259,41.825475],[-71.402589,41.825463],[-71.402444,41.825473],[-71.402445,41.825483],[-71.402372,41.825488],[-71.402373,41.825495],[-71.402306,41.825499],[-71.402304,41.825483],[-71.402175,41.825491],[-71.402187,41.825598],[-71.402163,41.825599],[-71.40214,41.825601],[-71.402125,41.825473]]]},"properties":{"kind":"green"}},{"type":"Feature","id":"green:117","geometry":{"type":"Polygon","coordinates":[[[-71.402636,41.825472],[-71.402633,41.825455],[-71.402629,41.825443],[-71.402628,41.825437],[-71.40263,41.825435],[-71.402633,41.825433],[-71.402655,41.825432],[-71.402656,41.825432],[-71.402655,41.825432],[-71.402659,41.82547],[-71.402636,41.825472]]]},"properties":{"kind":"green"}},{"type":"Feature","id":"green:118","geometry":{"type":"Polygon","coordinates":[[[-71.401629,41.826475],[-71.401629,41.826471],[-71.401629,41.826468],[-71.401631,41.826465],[-71.401632,41.826462],[-71.401635,41.826459],[-71.401638,41.826456],[-71.401642,41.826454],[-71.401646,41.826453],[-71.401778,41.826447],[-71.401779,41.826467],[-71.40177,41.826468],[-71.401771,41.826481],[-71.401738,41.826483],[-71.401733,41.826483],[-71.401728,41.826483],[-71.401722,41.826484],[-71.401718,41.826486],[-71.401713,41.826488],[-71.401709,41.826491],[-71.401706,41.826494],[-71.401703,41.826498],[-71.401702,41.826501],[-71.401701,41.826505],[-71.401655,41.826508],[-71.401658,41.826538],[-71.401638,41.826539],[-71.401637,41.82653],[-71.401632,41.826497],[-71.401629,41.826475]]]},"properties":{"kind":"green"}},{"type":"Feature","id":"green:119","geometry":{"type":"Polygon","coordinates":[[[-71.401822,41.826689],[-71.40182,41.826669],[-71.401993,41.826658],[-71.401999,41.826715],[-71.401834,41.826726],[-71.401825,41.826714],[-71.401822,41.826689]]]},"properties":{"kind":"green"}},{"type":"Feature","id":"green:12","geometry":{"type":"Polygon","coordinates":[[[-71.402641,41.830345],[-71.40264,41.830337],[-71.402638,41.830331],[-71.402636,41.830325],[-71.402632,41.830319],[-71.402627,41.830314],[-71.402621,41.830309],[-71.402614,41.830305],[-71.402606,41.830302],[-71.402598,41.8303],[-71.402589,41.830299],[-71.40258,41.830299],[-71.402553,41.830301],[-71.402547,41.830301],[-71.402541,41.8303],[-71.402535,41.830299],[-71.402529,41.830296],[-71.402524,41.830293],[-71.40252,41.830289],[-71.402517,41.830285],[-71.402515,41.830281],[-71.402513,41.830276],[-71.402508,41.830228],[-71.402508,41.830226],[-71.402508,41.830223],[-71.402509,41.830221],[-71.40251,41.830219],[-71.402512,41.830217],[-71.402514,41.830216],[-71.402516,41.830214],[-71.402519,41.830213],[-71.402522,41.830212],[-71.402525,41.830212],[-71.402528,41.830212],[-71.40262,41.830206],[-71.402621,41.83022],[-71.402633,41.830219],[-71.402647,41.830332],[-71.402649,41.830345],[-71.402641,41.830345]]]},"properties":{"kind":"green"}},{"type":"Feature","id":"green:120","geometry":{"type":"Polygon","coordinates":[[[-71.402094,41.826701],[-71.402041,41.826655],[-71.402148,41.826648],[-71.402149,41.826654],[-71.402153,41.826654],[-71.402156,41.826655],[-71.40216,41.826656],[-71.402163,41.826657],[-71.402166,41.826659],[-71.402168,41.826661],[-71.40217,41.826664],[-71.402171,41.826667],[-71.402172,41.826669],[-71.402172,41.826672],[-71.402171,41.826675],[-71.40217,41.826677],[-71.402168,41.82668],[-71.402166,41.826682],[-71.402163,41.826684],[-71.40216,41.826685],[-71.402156,41.826686],[-71.402153,41.826687],[-71.402154,41.826697],[-71.402094,41.826701]]]},"properties":{"kind":"green"}},{"type":"Feature","id":"green:121","geometry":{"type":"Polygon","coordinates":[[[-71.40258,41.826803],[-71.402578,41.826791],[-71.402721,41.826779],[-71.402723,41.826791],[-71.40258,41.826803]]]},"properties":{"kind":"green"}},{"type":"Feature","id":"green:122","geometry":{"type":"Polygon","coordinates":[[[-71.400737,41.82617],[-71.40074,41.82617],[-71.400738,41.826153],[-71.400748,41.826152],[-71.400748,41.826149],[-71.400774,41.826147],[-71.400784,41.826232],[-71.400745,41.826235],[-71.400737,41.82617]]]},"properties":{"kind":"green"}},{"type":"Feature","id":"green:123","geometry":{"type":"Polygon","coordinates":[[[-71.400897,41.825796],[-71.400871,41.825578],[-71.400487,41.825609],[-71.400501,41.825704],[-71.400571,41.825699],[-71.400573,41.825714],[-71.40058,41.825719],[-71.400598,41.82584],[-71.400596,41.825841],[-71.400596,41.825843],[-71.40059,41.825843],[-71.400591,41.825855],[-71.400555,41.825856],[-71.400475,41.82586],[-71.40045,41.825664],[-71.400446,41.825627],[-71.400448,41.825623],[-71.40045,41.82562],[-71.400454,41.825617],[-71.400458,41.825614],[-71.400462,41.825612],[-71.400467,41.82561],[-71.400876,41.825577],[-71.400918,41.825571],[-71.400958,41.825568],[-71.400987,41.825789],[-71.400897,41.825796]]]},"properties":{"kind":"green"}},{"type":"Feature","id":"green:124","geometry":{"type":"Polygon","coordinates":[[[-71.401444,41.825567],[-71.401438,41.825526],[-71.401538,41.825518],[-71.401547,41.825517],[-71.401554,41.825595],[-71.401553,41.825596],[-71.401552,41.825598],[-71.401552,41.825599],[-71.401552,41.825601],[-71.401553,41.82561],[-71.401537,41.825611],[-71.401547,41.825683],[-71.401483,41.825688],[-71.401477,41.82564],[-71.401469,41.825641],[-71.401459,41.825565],[-71.401444,41.825567]]]},"properties":{"kind":"green"}},{"type":"Feature","id":"green:125","geometry":{"type":"Polygon","coordinates":[[[-71.400985,41.825657],[-71.400973,41.82556],[-71.401405,41.825529],[-71.401411,41.825569],[-71.401387,41.825571],[-71.401387,41.825574],[-71.401137,41.825593],[-71.401134,41.825574],[-71.401121,41.825575],[-71.40112,41.825571],[-71.401111,41.825571],[-71.401111,41.825576],[-71.401069,41.825579],[-71.401068,41.825575],[-71.401057,41.825576],[-71.401058,41.825581],[-71.401045,41.825582],[-71.401047,41.825596],[-71.401061,41.825594],[-71.401066,41.825626],[-71.401059,41.825627],[-71.401059,41.825632],[-71.401052,41.825633],[-71.401054,41.825651],[-71.400985,41.825657]]]},"properties":{"kind":"green"}},{"type":"Feature","id":"green:126","geometry":{"type":"Polygon","coordinates":[[[-71.401001,41.825784],[-71.400986,41.825667],[-71.401022,41.825664],[-71.401056,41.825661],[-71.401059,41.825687],[-71.401075,41.825685],[-71.40108,41.825715],[-71.401046,41.825745],[-71.401053,41.825785],[-71.401088,41.825808],[-71.401042,41.825812],[-71.401001,41.825784]]]},"properties":{"kind":"green"}},{"type":"Feature","id":"green:127","geometry":{"type":"Polygon","coordinates":[[[-71.401658,41.825604],[-71.401583,41.825609],[-71.401581,41.825599],[-71.401581,41.825597],[-71.40158,41.825596],[-71.401579,41.825595],[-71.401578,41.825594],[-71.401576,41.825594],[-71.401569,41.825515],[-71.401713,41.825504],[-71.401719,41.825549],[-71.401725,41.82559],[-71.401726,41.8256],[-71.401725,41.8256],[-71.401725,41.825599],[-71.401658,41.825604]]]},"properties":{"kind":"green"}},{"type":"Feature","id":"green:128","geometry":{"type":"MultiPolygon","coordinates":[[[[-71.401033,41.825982],[-71.401053,41.826025],[-71.401063,41.826052],[-71.401066,41.826069],[-71.401072,41.826089],[-71.401073,41.826092],[-71.401075,41.826095],[-71.401076,41.826099],[-71.40108,41.826105],[-71.401083,41.826111],[-71.401087,41.826116],[-71.401095,41.826128],[-71.401098,41.826131],[-71.401106,41.82614],[-71.401109,41.826145],[-71.401112,41.826151],[-71.401112,41.826152],[-71.401114,41.82616],[-71.401116,41.826166],[-71.401118,41.826174],[-71.401108,41.826175],[-71.401099,41.826175],[-71.401082,41.826176],[-71.401071,41.826176],[-71.401057,41.826174],[-71.401049,41.826173],[-71.401042,41.826171],[-71.401034,41.826169],[-71.401028,41.826167],[-71.401023,41.826165],[-71.401017,41.826163],[-71.401012,41.826161],[-71.401007,41.826158],[-71.401003,41.826156],[-71.400997,41.826152],[-71.400992,41.826149],[-71.400988,41.826146],[-71.400984,41.826143],[-71.400981,41.82614],[-71.400979,41.826137],[-71.400976,41.826134],[-71.400974,41.826131],[-71.400973,41.826128],[-71.400972,41.826126],[-71.400971,41.826124],[-71.40097,41.826121],[-71.400958,41.826081],[-71.401021,41.826076],[-71.401008,41.825982],[-71.401033,41.825982]]],[[[-71.401051,41.825982],[-71.401051,41.825982],[-71.401033,41.825982],[-71.401033,41.825982],[-71.401051,41.825982]]],[[[-71.401137,41.825981],[-71.401155,41.826123],[-71.40129,41.826114],[-71.401296,41.826158],[-71.401248,41.826162],[-71.401245,41.826143],[-71.401194,41.826148],[-71.401197,41.826167],[-71.401137,41.826172],[-71.401134,41.82616],[-71.401132,41.826148],[-71.401127,41.826141],[-71.401122,41.826133],[-71.401114,41.826125],[-71.401105,41.826114],[-71.401095,41.826099],[-71.401093,41.826094],[-71.401092,41.82609],[-71.401088,41.826081],[-71.401086,41.826071],[-71.401079,41.826043],[-71.401074,41.82603],[-71.401064,41.826005],[-71.401057,41.825991],[-71.401051,41.825982],[-71.401137,41.825981]]]]},"properties":{"kind":"green"}},{"type":"Feature","id":"green:129","geometry":{"type":"Polygon","coordinates":[[[-71.400902,41.825832],[-71.400897,41.825796],[-71.400987,41.825789],[-71.401038,41.825824],[-71.401066,41.825821],[-71.401069,41.825845],[-71.401092,41.825843],[-71.401094,41.825862],[-71.401103,41.825861],[-71.401103,41.825859],[-71.401178,41.825853],[-71.401175,41.825846],[-71.401437,41.825826],[-71.401446,41.825896],[-71.401121,41.825918],[-71.401128,41.825981],[-71.401008,41.825982],[-71.400925,41.825989],[-71.400902,41.825832]]]},"properties":{"kind":"green"}},{"type":"Feature","id":"green:13","geometry":{"type":"Polygon","coordinates":[[[-71.402361,41.830352],[-71.402355,41.830305],[-71.402377,41.830303],[-71.402367,41.830224],[-71.402453,41.830218],[-71.402456,41.830218],[-71.402459,41.830218],[-71.402462,41.830219],[-71.402464,41.83022],[-71.402467,41.830222],[-71.402469,41.830223],[-71.40247,41.830225],[-71.402471,41.830227],[-71.402472,41.83023],[-71.402478,41.83028],[-71.402478,41.830285],[-71.402476,41.830289],[-71.402474,41.830294],[-71.402471,41.830298],[-71.402466,41.830301],[-71.402461,41.830304],[-71.402456,41.830307],[-71.40245,41.830308],[-71.402444,41.830309],[-71.402422,41.83031],[-71.402413,41.830311],[-71.402405,41.830313],[-71.402397,41.830315],[-71.40239,41.830319],[-71.402383,41.830323],[-71.402378,41.830329],[-71.402373,41.830334],[-71.40237,41.830341],[-71.402369,41.830347],[-71.402368,41.830354],[-71.40237,41.83036],[-71.40237,41.830364],[-71.402362,41.830365],[-71.402361,41.830352]]]},"properties":{"kind":"green"}},{"type":"Feature","id":"green:130","geometry":{"type":"Polygon","coordinates":[[[-71.399758,41.825014],[-71.399756,41.824997],[-71.399756,41.824979],[-71.399758,41.824966],[-71.399763,41.824953],[-71.399767,41.824945],[-71.399772,41.824938],[-71.399779,41.824931],[-71.399782,41.824929],[-71.399785,41.824927],[-71.399788,41.824926],[-71.399792,41.824925],[-71.399796,41.824924],[-71.3998,41.824924],[-71.399804,41.824925],[-71.399807,41.824925],[-71.399811,41.824926],[-71.399814,41.824928],[-71.399823,41.824933],[-71.399831,41.824939],[-71.399837,41.824945],[-71.399846,41.824957],[-71.399853,41.82497],[-71.399859,41.824987],[-71.399863,41.825004],[-71.399865,41.825021],[-71.399865,41.825038],[-71.399863,41.825052],[-71.399858,41.825065],[-71.399854,41.825073],[-71.399849,41.82508],[-71.399842,41.825086],[-71.399839,41.825088],[-71.399836,41.82509],[-71.399833,41.825092],[-71.399829,41.825093],[-71.399825,41.825093],[-71.399822,41.825093],[-71.399818,41.825093],[-71.399814,41.825092],[-71.39981,41.825091],[-71.399807,41.82509],[-71.399798,41.825085],[-71.39979,41.825079],[-71.399784,41.825072],[-71.399775,41.82506],[-71.399768,41.825048],[-71.399762,41.825031],[-71.399758,41.825014]]]},"properties":{"kind":"green"}},{"type":"Feature","id":"green:131","geometry":{"type":"Polygon","coordinates":[[[-71.399882,41.825506],[-71.399871,41.825427],[-71.399908,41.825425],[-71.399968,41.82542],[-71.399882,41.825506]]]},"properties":{"kind":"green"}},{"type":"Feature","id":"green:132","geometry":{"type":"Polygon","coordinates":[[[-71.400002,41.825499],[-71.399987,41.8255],[-71.399904,41.825507],[-71.39999,41.825418],[-71.4,41.825473],[-71.400002,41.825499]]]},"properties":{"kind":"green"}},{"type":"Feature","id":"green:133","geometry":{"type":"Polygon","coordinates":[[[-71.403615,41.830615],[-71.403613,41.830607],[-71.403612,41.830599],[-71.40361,41.83059],[-71.403609,41.830582],[-71.403607,41.830574],[-71.403605,41.830566],[-71.403604,41.830558],[-71.403603,41.830554],[-71.403614,41.830553],[-71.403628,41.830623],[-71.403635,41.830647],[-71.403621,41.830647],[-71.403618,41.830631],[-71.403616,41.830623],[-71.403615,41.830615]]]},"properties":{"kind":"green"}},{"type":"Feature","id":"green:134","geometry":{"type":"Polygon","coordinates":[[[-71.403612,41.830543],[-71.403601,41.830543],[-71.4036,41.830538],[-71.403598,41.830531],[-71.403597,41.830525],[-71.403596,41.830518],[-71.403594,41.830512],[-71.403593,41.830505],[-71.403591,41.830499],[-71.40359,41.830492],[-71.403588,41.830486],[-71.403587,41.830476],[-71.403585,41.830467],[-71.403583,41.830458],[-71.403581,41.830449],[-71.403579,41.83044],[-71.403577,41.830431],[-71.403575,41.830419],[-71.403569,41.830387],[-71.403582,41.830386],[-71.403612,41.830543]]]},"properties":{"kind":"green"}},{"type":"Feature","id":"green:135","geometry":{"type":"Polygon","coordinates":[[[-71.402136,41.830273],[-71.402137,41.830271],[-71.402138,41.830275],[-71.402139,41.830275],[-71.402141,41.830296],[-71.402133,41.830297],[-71.402137,41.830327],[-71.402135,41.830327],[-71.402147,41.830418],[-71.402173,41.830416],[-71.402174,41.830427],[-71.40215,41.830428],[-71.402148,41.830428],[-71.402147,41.830428],[-71.402146,41.830428],[-71.402145,41.830428],[-71.402144,41.830427],[-71.402143,41.830426],[-71.402142,41.830425],[-71.402141,41.830425],[-71.402141,41.830424],[-71.402141,41.830423],[-71.402133,41.830355],[-71.402124,41.830277],[-71.402124,41.830276],[-71.402125,41.830275],[-71.402125,41.830274],[-71.402126,41.830272],[-71.402127,41.830272],[-71.402129,41.830271],[-71.40213,41.83027],[-71.402132,41.83027],[-71.402134,41.830269],[-71.402135,41.830269],[-71.402136,41.830273]]]},"properties":{"kind":"green"}},{"type":"Feature","id":"green:136","geometry":{"type":"Polygon","coordinates":[[[-71.401999,41.829907],[-71.401999,41.829906],[-71.401999,41.829905],[-71.402,41.829904],[-71.402001,41.829903],[-71.402002,41.829903],[-71.402003,41.829902],[-71.402004,41.829902],[-71.402005,41.829901],[-71.402031,41.829911],[-71.402048,41.82992],[-71.402061,41.82993],[-71.402065,41.829933],[-71.402067,41.829936],[-71.402069,41.82994],[-71.402071,41.829944],[-71.402071,41.829948],[-71.40207,41.829952],[-71.402063,41.829965],[-71.402053,41.829977],[-71.402041,41.829987],[-71.402016,41.830003],[-71.402005,41.829959],[-71.401999,41.829907]]]},"properties":{"kind":"green"}},{"type":"Feature","id":"green:137","geometry":{"type":"Polygon","coordinates":[[[-71.401996,41.829878],[-71.40199,41.829826],[-71.401959,41.829694],[-71.401959,41.829691],[-71.40196,41.829688],[-71.401961,41.829686],[-71.401963,41.829683],[-71.401966,41.829681],[-71.401969,41.829679],[-71.401987,41.829678],[-71.402005,41.829677],[-71.402022,41.829813],[-71.401998,41.829814],[-71.402006,41.829877],[-71.40212,41.829869],[-71.40212,41.829875],[-71.402121,41.829881],[-71.40212,41.829885],[-71.402119,41.82989],[-71.402117,41.829893],[-71.402114,41.829896],[-71.40211,41.829899],[-71.402105,41.829901],[-71.402098,41.829903],[-71.402091,41.829904],[-71.402084,41.829905],[-71.402077,41.829905],[-71.402069,41.829905],[-71.402058,41.829904],[-71.402046,41.829902],[-71.402038,41.8299],[-71.402028,41.829897],[-71.40202,41.829893],[-71.402009,41.829888],[-71.402003,41.829884],[-71.401996,41.829878]]]},"properties":{"kind":"green"}},{"type":"Feature","id":"green:138","geometry":{"type":"Polygon","coordinates":[[[-71.408172,41.82536],[-71.407987,41.82526],[-71.408006,41.825256],[-71.408023,41.82525],[-71.408038,41.825241],[-71.408052,41.825231],[-71.408063,41.825219],[-71.408072,41.825207],[-71.408089,41.825207],[-71.408106,41.825209],[-71.408122,41.825214],[-71.408137,41.82522],[-71.408151,41.825228],[-71.40821,41.825339],[-71.408211,41.825342],[-71.408211,41.825345],[-71.408211,41.825349],[-71.40821,41.825352],[-71.408208,41.825355],[-71.408206,41.825357],[-71.408203,41.82536],[-71.4082,41.825361],[-71.408196,41.825363],[-71.408192,41.825364],[-71.408188,41.825364],[-71.408184,41.825364],[-71.40818,41.825363],[-71.408176,41.825362],[-71.408172,41.82536]]]},"properties":{"kind":"green"}},{"type":"Feature","id":"green:139","geometry":{"type":"Polygon","coordinates":[[[-71.407835,41.825515],[-71.407692,41.825312],[-71.407717,41.825296],[-71.407745,41.825309],[-71.407776,41.825318],[-71.407808,41.825323],[-71.407841,41.825324],[-71.407866,41.825511],[-71.407865,41.825513],[-71.407864,41.825515],[-71.407862,41.825517],[-71.40786,41.825518],[-71.407858,41.825519],[-71.407856,41.82552],[-71.407853,41.825521],[-71.407851,41.825521],[-71.407848,41.825521],[-71.407845,41.825521],[-71.407843,41.82552],[-71.40784,41.825519],[-71.407838,41.825518],[-71.407836,41.825517],[-71.407835,41.825515]]]},"properties":{"kind":"green"}},{"type":"Feature","id":"green:14","geometry":{"type":"Polygon","coordinates":[[[-71.40236,41.82999],[-71.402361,41.829989],[-71.402362,41.829988],[-71.402363,41.829986],[-71.402365,41.829985],[-71.402366,41.829984],[-71.402368,41.829984],[-71.40237,41.829984],[-71.402373,41.829983],[-71.402375,41.829984],[-71.402377,41.829984],[-71.402378,41.829985],[-71.40238,41.829986],[-71.402382,41.829987],[-71.402383,41.829988],[-71.402384,41.829989],[-71.402385,41.829991],[-71.402385,41.829992],[-71.402393,41.829991],[-71.402402,41.829991],[-71.40241,41.829992],[-71.402418,41.829995],[-71.402426,41.829998],[-71.402432,41.830002],[-71.402438,41.830007],[-71.402442,41.830012],[-71.402445,41.830018],[-71.402446,41.830025],[-71.402466,41.830181],[-71.402466,41.830184],[-71.402466,41.830186],[-71.402465,41.830189],[-71.402464,41.830191],[-71.402462,41.830193],[-71.40246,41.830195],[-71.402457,41.830196],[-71.402454,41.830197],[-71.402451,41.830198],[-71.402448,41.830198],[-71.402377,41.830201],[-71.402376,41.830201],[-71.402375,41.830201],[-71.402374,41.830201],[-71.402373,41.830201],[-71.402372,41.8302],[-71.402371,41.8302],[-71.40237,41.830199],[-71.40237,41.830198],[-71.402369,41.830197],[-71.402369,41.830196],[-71.402349,41.830033],[-71.402349,41.830022],[-71.402351,41.830011],[-71.402354,41.830001],[-71.40236,41.82999]]]},"properties":{"kind":"green"}},{"type":"Feature","id":"green:140","geometry":{"type":"Polygon","coordinates":[[[-71.407819,41.825022],[-71.407801,41.824782],[-71.407803,41.824778],[-71.407806,41.824775],[-71.40781,41.824771],[-71.407814,41.824769],[-71.407819,41.824767],[-71.407824,41.824765],[-71.407829,41.824765],[-71.407835,41.824765],[-71.40784,41.824765],[-71.407845,41.824767],[-71.40785,41.824769],[-71.407855,41.824772],[-71.407858,41.824775],[-71.407861,41.824778],[-71.407863,41.824782],[-71.407923,41.82487],[-71.40794,41.824918],[-71.407917,41.825],[-71.407896,41.824999],[-71.407875,41.825001],[-71.407855,41.825005],[-71.407836,41.825012],[-71.407819,41.825022]]]},"properties":{"kind":"green"}},{"type":"Feature","id":"green:141","geometry":{"type":"Polygon","coordinates":[[[-71.407588,41.825187],[-71.407431,41.824975],[-71.40748,41.824969],[-71.407668,41.825096],[-71.407654,41.825115],[-71.407643,41.825136],[-71.407636,41.825157],[-71.407588,41.825187]]]},"properties":{"kind":"green"}},{"type":"Feature","id":"green:142","geometry":{"type":"Polygon","coordinates":[[[-71.40768,41.825073],[-71.40741,41.824903],[-71.407406,41.8249],[-71.407403,41.824896],[-71.407401,41.824891],[-71.4074,41.824887],[-71.4074,41.824882],[-71.4074,41.824877],[-71.407402,41.824873],[-71.407725,41.82476],[-71.40773,41.824759],[-71.407735,41.824758],[-71.40774,41.824758],[-71.407745,41.824758],[-71.40775,41.82476],[-71.407755,41.824761],[-71.407759,41.824763],[-71.407762,41.824766],[-71.407765,41.824769],[-71.407768,41.824773],[-71.407769,41.824776],[-71.40777,41.82478],[-71.407788,41.825023],[-71.407771,41.825023],[-71.407755,41.825025],[-71.407738,41.825029],[-71.407723,41.825035],[-71.40771,41.825042],[-71.407698,41.825051],[-71.407688,41.825062],[-71.40768,41.825073]]]},"properties":{"kind":"green"}},{"type":"Feature","id":"green:143","geometry":{"type":"Polygon","coordinates":[[[-71.40713,41.824295],[-71.407111,41.824266],[-71.407157,41.824249],[-71.407176,41.824278],[-71.407195,41.824306],[-71.407149,41.824323],[-71.40713,41.824295]]]},"properties":{"kind":"green"}},{"type":"Feature","id":"green:144","geometry":{"type":"Polygon","coordinates":[[[-71.407055,41.824358],[-71.407017,41.8243],[-71.407063,41.824283],[-71.407082,41.824312],[-71.407101,41.824341],[-71.407055,41.824358]]]},"properties":{"kind":"green"}},{"type":"Feature","id":"green:145","geometry":{"type":"Polygon","coordinates":[[[-71.407109,41.824439],[-71.407071,41.824382],[-71.407117,41.824365],[-71.407136,41.824393],[-71.407155,41.824422],[-71.407109,41.824439]]]},"properties":{"kind":"green"}},{"type":"Feature","id":"green:146","geometry":{"type":"Polygon","coordinates":[[[-71.407184,41.824376],[-71.407164,41.824347],[-71.40721,41.82433],[-71.40723,41.824359],[-71.407249,41.824388],[-71.407203,41.824405],[-71.407184,41.824376]]]},"properties":{"kind":"green"}},{"type":"Feature","id":"green:147","geometry":{"type":"Polygon","coordinates":[[[-71.407449,41.824557],[-71.407345,41.824499],[-71.407377,41.824489],[-71.40733,41.824418],[-71.407495,41.824356],[-71.407558,41.824442],[-71.407606,41.824424],[-71.407772,41.824679],[-71.407732,41.824691],[-71.40754,41.824607],[-71.40754,41.824598],[-71.407539,41.82459],[-71.407535,41.824582],[-71.407529,41.824574],[-71.407522,41.824568],[-71.407513,41.824562],[-71.407504,41.824558],[-71.407493,41.824555],[-71.407482,41.824553],[-71.407471,41.824553],[-71.407459,41.824555],[-71.407449,41.824557]]]},"properties":{"kind":"green"}},{"type":"Feature","id":"green:148","geometry":{"type":"Polygon","coordinates":[[[-71.407345,41.824864],[-71.40713,41.824527],[-71.40725,41.824486],[-71.407421,41.824569],[-71.407537,41.824627],[-71.407741,41.824725],[-71.407345,41.824864]]]},"properties":{"kind":"green"}},{"type":"Feature","id":"green:149","geometry":{"type":"Polygon","coordinates":[[[-71.407972,41.825419],[-71.407958,41.825418],[-71.407944,41.825416],[-71.407931,41.825413],[-71.407918,41.825407],[-71.407908,41.8254],[-71.407898,41.825392],[-71.407891,41.825383],[-71.407886,41.825373],[-71.407883,41.825363],[-71.407883,41.825352],[-71.407885,41.825341],[-71.407889,41.825331],[-71.407896,41.825322],[-71.407905,41.825313],[-71.407929,41.825305],[-71.407951,41.825294],[-71.407965,41.825293],[-71.407979,41.825293],[-71.407993,41.825296],[-71.408007,41.8253],[-71.408019,41.825306],[-71.408029,41.825313],[-71.408038,41.825322],[-71.408045,41.825331],[-71.408049,41.825341],[-71.408051,41.825352],[-71.408051,41.825363],[-71.408048,41.825373],[-71.408043,41.825383],[-71.408035,41.825392],[-71.408011,41.825378],[-71.408009,41.825376],[-71.408006,41.825374],[-71.408003,41.825373],[-71.407999,41.825372],[-71.407995,41.825371],[-71.407992,41.825371],[-71.407988,41.825371],[-71.407984,41.825372],[-71.407981,41.825373],[-71.407978,41.825375],[-71.407975,41.825377],[-71.407973,41.825379],[-71.407971,41.825382],[-71.40797,41.825384],[-71.407972,41.825419]]]},"properties":{"kind":"green"}},{"type":"Feature","id":"green:15","geometry":{"type":"Polygon","coordinates":[[[-71.402518,41.829987],[-71.402525,41.829985],[-71.402533,41.829985],[-71.402541,41.829985],[-71.402549,41.829986],[-71.402556,41.829988],[-71.402562,41.829991],[-71.402567,41.829994],[-71.402571,41.829998],[-71.402575,41.830002],[-71.402577,41.830007],[-71.402578,41.830012],[-71.4026,41.830188],[-71.402521,41.830193],[-71.402518,41.830193],[-71.402515,41.830192],[-71.402512,41.830191],[-71.402509,41.830189],[-71.402507,41.830188],[-71.402505,41.830185],[-71.402504,41.830183],[-71.402503,41.830181],[-71.402503,41.830179],[-71.402485,41.830025],[-71.402485,41.830019],[-71.402487,41.830013],[-71.402489,41.830007],[-71.402493,41.830002],[-71.402498,41.829997],[-71.402504,41.829993],[-71.402511,41.829989],[-71.402518,41.829987]]]},"properties":{"kind":"green"}},{"type":"Feature","id":"green:150","geometry":{"type":"Polygon","coordinates":[[[-71.408128,41.825483],[-71.40794,41.825559],[-71.407935,41.825559],[-71.40793,41.825558],[-71.407925,41.825557],[-71.407921,41.825555],[-71.407917,41.825553],[-71.407913,41.82555],[-71.407911,41.825547],[-71.407909,41.825544],[-71.407907,41.82554],[-71.407907,41.825536],[-71.407907,41.825532],[-71.407909,41.825529],[-71.407924,41.825502],[-71.407943,41.825476],[-71.407967,41.825453],[-71.407988,41.82545],[-71.408008,41.825445],[-71.408027,41.825438],[-71.408044,41.825429],[-71.408059,41.825418],[-71.408072,41.825406],[-71.408177,41.825401],[-71.408183,41.825402],[-71.408189,41.825403],[-71.408195,41.825406],[-71.408201,41.825409],[-71.408205,41.825412],[-71.408209,41.825416],[-71.408212,41.825421],[-71.408214,41.825426],[-71.408214,41.825431],[-71.408214,41.825436],[-71.408212,41.82544],[-71.40821,41.825445],[-71.408206,41.825449],[-71.408202,41.825453],[-71.408128,41.825483]]]},"properties":{"kind":"green"}},{"type":"Feature","id":"green:151","geometry":{"type":"Polygon","coordinates":[[[-71.399483,41.826539],[-71.39948,41.826538],[-71.399478,41.826537],[-71.399475,41.826536],[-71.399473,41.826535],[-71.399471,41.826533],[-71.39947,41.826531],[-71.399469,41.826529],[-71.399468,41.826526],[-71.399469,41.826524],[-71.399469,41.826522],[-71.39947,41.82652],[-71.399472,41.826518],[-71.399474,41.826516],[-71.399476,41.826515],[-71.399478,41.826513],[-71.399539,41.826507],[-71.399542,41.826508],[-71.399545,41.826509],[-71.399547,41.826511],[-71.399548,41.826513],[-71.39955,41.826515],[-71.39955,41.826517],[-71.399551,41.826519],[-71.399551,41.826522],[-71.39955,41.826524],[-71.399549,41.826526],[-71.399547,41.826528],[-71.399545,41.82653],[-71.399543,41.826531],[-71.399514,41.826537],[-71.399483,41.826539]]]},"properties":{"kind":"green"}},{"type":"Feature","id":"green:152","geometry":{"type":"Polygon","coordinates":[[[-71.39951,41.824522],[-71.39949,41.824362],[-71.399705,41.824347],[-71.399725,41.824506],[-71.39951,41.824522]]]},"properties":{"kind":"green","label":"Starr Plaza","rank":0,"sortKey":0.0,"labelMinZoom":0}},{"type":"Feature","id":"green:153","geometry":{"type":"Polygon","coordinates":[[[-71.40301,41.829567],[-71.403019,41.829565],[-71.403028,41.829563],[-71.403036,41.829559],[-71.403042,41.829554],[-71.403048,41.829548],[-71.403052,41.829542],[-71.403056,41.829544],[-71.403059,41.829541],[-71.403214,41.829622],[-71.403207,41.829638],[-71.403204,41.829638],[-71.403204,41.829639],[-71.403149,41.829642],[-71.403149,41.829641],[-71.403143,41.829642],[-71.403143,41.829643],[-71.403089,41.829645],[-71.403089,41.829645],[-71.403088,41.829645],[-71.403081,41.829593],[-71.403025,41.829597],[-71.403019,41.829594],[-71.403014,41.829595],[-71.40301,41.829567]]]},"properties":{"kind":"green"}},{"type":"Feature","id":"green:154","geometry":{"type":"Polygon","coordinates":[[[-71.403249,41.829605],[-71.403354,41.82944],[-71.403356,41.829448],[-71.403358,41.829458],[-71.40336,41.829467],[-71.403362,41.829477],[-71.403364,41.829486],[-71.403366,41.829496],[-71.403368,41.829506],[-71.40337,41.829515],[-71.403372,41.829525],[-71.403373,41.829534],[-71.403375,41.829544],[-71.403376,41.829551],[-71.403377,41.829557],[-71.403378,41.829564],[-71.403379,41.82957],[-71.40338,41.829577],[-71.403381,41.829584],[-71.403382,41.82959],[-71.403383,41.829597],[-71.403384,41.829603],[-71.403385,41.82961],[-71.403386,41.829613],[-71.403385,41.829618],[-71.403384,41.829618],[-71.403383,41.829619],[-71.403382,41.82962],[-71.403381,41.829621],[-71.40338,41.829622],[-71.403379,41.829623],[-71.403378,41.829624],[-71.403377,41.829625],[-71.403376,41.829625],[-71.403375,41.829626],[-71.403374,41.829627],[-71.403373,41.829627],[-71.403372,41.829628],[-71.403371,41.829628],[-71.40337,41.829628],[-71.403369,41.829629],[-71.403368,41.829629],[-71.403368,41.82963],[-71.403367,41.82963],[-71.403366,41.82963],[-71.403365,41.829631],[-71.403364,41.829631],[-71.403362,41.829631],[-71.403361,41.829632],[-71.40336,41.829632],[-71.403359,41.829632],[-71.403358,41.829633],[-71.403357,41.829633],[-71.403356,41.829633],[-71.403354,41.829633],[-71.403353,41.829634],[-71.403352,41.829634],[-71.403273,41.82964],[-71.403249,41.829605]]]},"properties":{"kind":"green"}},{"type":"Feature","id":"green:155","geometry":{"type":"Polygon","coordinates":[[[-71.402862,41.824989],[-71.402858,41.824949],[-71.402865,41.824947],[-71.40287,41.824944],[-71.402876,41.824941],[-71.40288,41.824937],[-71.402883,41.824932],[-71.402886,41.824927],[-71.402887,41.824922],[-71.402887,41.824917],[-71.403032,41.824909],[-71.403087,41.824906],[-71.403089,41.824911],[-71.403091,41.824916],[-71.403095,41.82492],[-71.403099,41.824924],[-71.403105,41.824928],[-71.403111,41.82493],[-71.403117,41.824932],[-71.403124,41.824933],[-71.403131,41.824934],[-71.403134,41.82497],[-71.403126,41.82497],[-71.403123,41.824967],[-71.403118,41.824965],[-71.403114,41.824964],[-71.403109,41.824963],[-71.403103,41.824963],[-71.403098,41.824963],[-71.403093,41.824964],[-71.403089,41.824966],[-71.403085,41.824968],[-71.403081,41.824971],[-71.403078,41.824974],[-71.403076,41.824978],[-71.403038,41.82498],[-71.402937,41.824985],[-71.402931,41.824982],[-71.402925,41.82498],[-71.402918,41.824978],[-71.402911,41.824977],[-71.402904,41.824977],[-71.402897,41.824978],[-71.40289,41.824979],[-71.402884,41.824982],[-71.402878,41.824985],[-71.402873,41.824988],[-71.402862,41.824989]]]},"properties":{"kind":"green"}},{"type":"Feature","id":"green:156","geometry":{"type":"Polygon","coordinates":[[[-71.403204,41.824968],[-71.4032,41.824927],[-71.403205,41.824925],[-71.40321,41.824922],[-71.403214,41.824919],[-71.403218,41.824915],[-71.40322,41.824911],[-71.403317,41.824905],[-71.403322,41.82491],[-71.403328,41.824915],[-71.403334,41.824918],[-71.403342,41.82492],[-71.403346,41.82496],[-71.40334,41.824963],[-71.403334,41.824967],[-71.403329,41.824972],[-71.403325,41.824977],[-71.403228,41.824982],[-71.403224,41.824978],[-71.40322,41.824975],[-71.403215,41.824972],[-71.40321,41.82497],[-71.403204,41.824968]]]},"properties":{"kind":"green"}},{"type":"Feature","id":"green:157","geometry":{"type":"Polygon","coordinates":[[[-71.403399,41.824951],[-71.403396,41.824926],[-71.403402,41.824922],[-71.403406,41.824918],[-71.40341,41.824913],[-71.403443,41.824912],[-71.403447,41.824915],[-71.403451,41.824918],[-71.403456,41.82492],[-71.403461,41.824922],[-71.403463,41.824947],[-71.403459,41.824948],[-71.403456,41.824951],[-71.403453,41.824953],[-71.40345,41.824956],[-71.403448,41.82496],[-71.403416,41.824961],[-71.403411,41.824957],[-71.403405,41.824954],[-71.403399,41.824951]]]},"properties":{"kind":"green"}},{"type":"Feature","id":"green:158","geometry":{"type":"Polygon","coordinates":[[[-71.400146,41.823215],[-71.400122,41.823033],[-71.400253,41.823022],[-71.400254,41.823028],[-71.40024,41.823029],[-71.40024,41.823031],[-71.400243,41.823031],[-71.400246,41.823054],[-71.400224,41.823055],[-71.400224,41.823057],[-71.400227,41.823057],[-71.40023,41.82308],[-71.400227,41.82308],[-71.400227,41.823082],[-71.40024,41.823081],[-71.400242,41.82309],[-71.400252,41.823089],[-71.400255,41.823112],[-71.400232,41.823114],[-71.400232,41.823116],[-71.400235,41.823116],[-71.400239,41.823138],[-71.400236,41.823139],[-71.400236,41.82314],[-71.400249,41.823139],[-71.40025,41.823149],[-71.40026,41.823148],[-71.400263,41.823171],[-71.400226,41.823174],[-71.400224,41.823165],[-71.400222,41.823165],[-71.400222,41.823167],[-71.400192,41.823169],[-71.400192,41.823167],[-71.400189,41.823167],[-71.40019,41.823177],[-71.400182,41.823177],[-71.400186,41.823202],[-71.400192,41.823202],[-71.400193,41.823211],[-71.400146,41.823215]]]},"properties":{"kind":"green"}},{"type":"Feature","id":"green:159","geometry":{"type":"Polygon","coordinates":[[[-71.400163,41.823344],[-71.40015,41.82324],[-71.400158,41.823239],[-71.400159,41.82325],[-71.400162,41.82325],[-71.400162,41.823248],[-71.400192,41.823245],[-71.400194,41.823262],[-71.400197,41.823262],[-71.400197,41.82326],[-71.400227,41.823258],[-71.400227,41.82326],[-71.40023,41.823259],[-71.400228,41.82325],[-71.400241,41.823249],[-71.40024,41.823241],[-71.40027,41.823239],[-71.400273,41.823256],[-71.400275,41.823256],[-71.400275,41.823254],[-71.400305,41.823251],[-71.400306,41.823253],[-71.400308,41.823253],[-71.400307,41.823243],[-71.40032,41.823242],[-71.400333,41.823331],[-71.400166,41.823344],[-71.400163,41.823344]]]},"properties":{"kind":"green"}},{"type":"Feature","id":"green:16","geometry":{"type":"Polygon","coordinates":[[[-71.401877,41.828321],[-71.401841,41.828325],[-71.401828,41.828251],[-71.401864,41.828248],[-71.401877,41.828321]]]},"properties":{"kind":"green"}},{"type":"Feature","id":"green:160","geometry":{"type":"Polygon","coordinates":[[[-71.400182,41.823494],[-71.400164,41.823358],[-71.400285,41.823348],[-71.400334,41.823344],[-71.400337,41.823362],[-71.400276,41.823367],[-71.400289,41.823469],[-71.400348,41.823465],[-71.40035,41.82348],[-71.400182,41.823494]]]},"properties":{"kind":"green"}},{"type":"Feature","id":"green:161","geometry":{"type":"Polygon","coordinates":[[[-71.400199,41.823635],[-71.400183,41.823508],[-71.400187,41.823508],[-71.400352,41.823494],[-71.400365,41.823608],[-71.400353,41.823609],[-71.400351,41.823599],[-71.400349,41.823599],[-71.400349,41.823602],[-71.400319,41.823604],[-71.400319,41.823602],[-71.400316,41.823602],[-71.400318,41.823619],[-71.400288,41.823621],[-71.400287,41.823613],[-71.400274,41.823614],[-71.400273,41.823605],[-71.40027,41.823605],[-71.400271,41.823607],[-71.40024,41.823609],[-71.40024,41.823607],[-71.400238,41.823607],[-71.40024,41.823624],[-71.400209,41.823626],[-71.400209,41.823624],[-71.400206,41.823624],[-71.400208,41.823635],[-71.400199,41.823635]]]},"properties":{"kind":"green"}},{"type":"Feature","id":"green:162","geometry":{"type":"Polygon","coordinates":[[[-71.400224,41.823843],[-71.400202,41.823661],[-71.40025,41.823657],[-71.400251,41.823667],[-71.400245,41.823667],[-71.400248,41.823692],[-71.400256,41.823691],[-71.400257,41.823701],[-71.40026,41.823701],[-71.40026,41.823698],[-71.40029,41.823696],[-71.40029,41.823699],[-71.400293,41.823698],[-71.400292,41.823689],[-71.400329,41.823687],[-71.400332,41.823709],[-71.400322,41.82371],[-71.400323,41.82372],[-71.40031,41.82372],[-71.400311,41.823722],[-71.400313,41.823722],[-71.400316,41.823745],[-71.400313,41.823745],[-71.400314,41.823747],[-71.400336,41.823745],[-71.400339,41.823768],[-71.400329,41.823769],[-71.40033,41.823778],[-71.400317,41.823779],[-71.400318,41.823781],[-71.400321,41.823781],[-71.400323,41.823804],[-71.40032,41.823804],[-71.400321,41.823806],[-71.400343,41.823804],[-71.400346,41.823827],[-71.400343,41.823827],[-71.400344,41.823829],[-71.400358,41.823828],[-71.400359,41.823834],[-71.400224,41.823843]]]},"properties":{"kind":"green"}},{"type":"Feature","id":"green:163","geometry":{"type":"Polygon","coordinates":[[[-71.401031,41.823746],[-71.40102,41.823672],[-71.401028,41.823672],[-71.401032,41.823699],[-71.401057,41.823697],[-71.401062,41.823731],[-71.401064,41.82373],[-71.401063,41.823726],[-71.401076,41.823725],[-71.401081,41.82376],[-71.400392,41.823832],[-71.400388,41.823796],[-71.400401,41.823795],[-71.400402,41.8238],[-71.400404,41.8238],[-71.4004,41.823767],[-71.400425,41.823765],[-71.400422,41.823737],[-71.40043,41.823737],[-71.400438,41.823807],[-71.400627,41.823795],[-71.400626,41.823781],[-71.400451,41.823793],[-71.400444,41.823736],[-71.400452,41.823735],[-71.400453,41.823743],[-71.400466,41.823742],[-71.400467,41.823751],[-71.400469,41.823751],[-71.400469,41.823749],[-71.4005,41.823747],[-71.4005,41.823749],[-71.400502,41.823749],[-71.4005,41.823732],[-71.400531,41.82373],[-71.400532,41.823737],[-71.400544,41.823737],[-71.400545,41.823746],[-71.400548,41.823746],[-71.400548,41.823744],[-71.400578,41.823742],[-71.400578,41.823744],[-71.400581,41.823744],[-71.400579,41.823727],[-71.400608,41.823725],[-71.400608,41.823727],[-71.400612,41.823727],[-71.400611,41.823716],[-71.400619,41.823715],[-71.400616,41.82369],[-71.400568,41.823693],[-71.400567,41.823684],[-71.400573,41.823683],[-71.40057,41.823659],[-71.400562,41.823659],[-71.400561,41.82365],[-71.400559,41.82365],[-71.400559,41.823652],[-71.400528,41.823654],[-71.400528,41.823652],[-71.400526,41.823652],[-71.400527,41.823662],[-71.400489,41.823664],[-71.400486,41.823642],[-71.400496,41.823641],[-71.400495,41.823631],[-71.400508,41.82363],[-71.400508,41.823629],[-71.400505,41.823629],[-71.400502,41.823606],[-71.400505,41.823606],[-71.400505,41.823604],[-71.400482,41.823606],[-71.400479,41.823583],[-71.400489,41.823582],[-71.400488,41.823573],[-71.400501,41.823572],[-71.400501,41.82357],[-71.400498,41.82357],[-71.400495,41.823547],[-71.400498,41.823547],[-71.400498,41.823545],[-71.400475,41.823547],[-71.400472,41.823525],[-71.400475,41.823525],[-71.400475,41.823522],[-71.400503,41.82352],[-71.400496,41.823469],[-71.400496,41.823466],[-71.40058,41.82346],[-71.400584,41.823489],[-71.40058,41.823493],[-71.400581,41.823497],[-71.400585,41.8235],[-71.400587,41.823517],[-71.400635,41.823513],[-71.400633,41.823502],[-71.400759,41.823493],[-71.40076,41.823504],[-71.400808,41.823501],[-71.400805,41.823484],[-71.400809,41.82348],[-71.400808,41.823476],[-71.400804,41.823473],[-71.4008,41.823443],[-71.400786,41.823444],[-71.400785,41.823432],[-71.401001,41.823416],[-71.401016,41.823519],[-71.400991,41.823521],[-71.400986,41.823488],[-71.400984,41.823488],[-71.400984,41.823493],[-71.400972,41.823494],[-71.400967,41.823458],[-71.400933,41.823461],[-71.400934,41.823467],[-71.400919,41.823468],[-71.40092,41.823471],[-71.400923,41.823471],[-71.400926,41.823493],[-71.400903,41.823495],[-71.400903,41.823496],[-71.400906,41.823496],[-71.400909,41.823519],[-71.400907,41.823519],[-71.400907,41.823521],[-71.40092,41.82352],[-71.400921,41.823529],[-71.400931,41.823529],[-71.400934,41.823551],[-71.400912,41.823553],[-71.400912,41.823555],[-71.400915,41.823555],[-71.400918,41.823577],[-71.400915,41.823578],[-71.400915,41.82358],[-71.400928,41.823579],[-71.400929,41.823588],[-71.400939,41.823587],[-71.400943,41.82361],[-71.400905,41.823613],[-71.400904,41.823604],[-71.400901,41.823604],[-71.400902,41.823606],[-71.400871,41.823608],[-71.400871,41.823606],[-71.400868,41.823607],[-71.40087,41.823616],[-71.400861,41.823617],[-71.400865,41.823641],[-71.400871,41.823641],[-71.400873,41.82365],[-71.400825,41.823654],[-71.400829,41.823679],[-71.400837,41.823678],[-71.400839,41.823689],[-71.400842,41.823689],[-71.400842,41.823687],[-71.400871,41.823684],[-71.400874,41.823701],[-71.400876,41.823701],[-71.400876,41.823699],[-71.400906,41.823697],[-71.400906,41.823699],[-71.400909,41.823699],[-71.400907,41.823689],[-71.40092,41.823688],[-71.400919,41.823681],[-71.400949,41.823678],[-71.400952,41.823695],[-71.400954,41.823695],[-71.400954,41.823693],[-71.400984,41.82369],[-71.400985,41.823692],[-71.400987,41.823692],[-71.400986,41.823683],[-71.400999,41.823682],[-71.400998,41.823674],[-71.401005,41.823674],[-71.401014,41.823733],[-71.40085,41.823746],[-71.400832,41.823748],[-71.400834,41.823761],[-71.401031,41.823746]]]},"properties":{"kind":"green"}},{"type":"Feature","id":"green:164","geometry":{"type":"Polygon","coordinates":[[[-71.401128,41.823699],[-71.401127,41.823689],[-71.401117,41.82369],[-71.401114,41.823667],[-71.401136,41.823665],[-71.401136,41.823663],[-71.401133,41.823664],[-71.40113,41.823641],[-71.401133,41.823641],[-71.401132,41.823639],[-71.40112,41.82364],[-71.401118,41.82363],[-71.401108,41.823631],[-71.401105,41.823608],[-71.401143,41.823605],[-71.401144,41.823615],[-71.401147,41.823615],[-71.401146,41.823612],[-71.401177,41.82361],[-71.401177,41.823612],[-71.401179,41.823612],[-71.401178,41.823603],[-71.401186,41.823602],[-71.401183,41.823577],[-71.401177,41.823578],[-71.401175,41.823568],[-71.401223,41.823564],[-71.401219,41.823539],[-71.401211,41.82354],[-71.401209,41.823529],[-71.401207,41.823529],[-71.401207,41.823532],[-71.401177,41.823534],[-71.401174,41.823517],[-71.401171,41.823517],[-71.401171,41.823519],[-71.401142,41.823522],[-71.401141,41.82352],[-71.401139,41.82352],[-71.40114,41.823529],[-71.401128,41.82353],[-71.401129,41.823538],[-71.401098,41.82354],[-71.401096,41.823523],[-71.401093,41.823524],[-71.401094,41.823526],[-71.401063,41.823528],[-71.401063,41.823526],[-71.401061,41.823526],[-71.401062,41.823536],[-71.401049,41.823537],[-71.401033,41.823427],[-71.401229,41.823413],[-71.401275,41.823741],[-71.401115,41.823757],[-71.401114,41.823751],[-71.401128,41.82375],[-71.401128,41.823748],[-71.401125,41.823748],[-71.401122,41.823726],[-71.401145,41.823724],[-71.401144,41.823722],[-71.401142,41.823722],[-71.401138,41.8237],[-71.401141,41.823699],[-71.401141,41.823698],[-71.401128,41.823699]]]},"properties":{"kind":"green"}},{"type":"Feature","id":"green:165","geometry":{"type":"Polygon","coordinates":[[[-71.400438,41.82325],[-71.400434,41.823228],[-71.400457,41.823226],[-71.400457,41.823224],[-71.400454,41.823224],[-71.400451,41.823201],[-71.400454,41.823201],[-71.400453,41.823199],[-71.400441,41.8232],[-71.400439,41.823191],[-71.400429,41.823192],[-71.400426,41.823169],[-71.400464,41.823166],[-71.400465,41.823175],[-71.400467,41.823175],[-71.400467,41.823173],[-71.400497,41.82317],[-71.400498,41.823173],[-71.4005,41.823172],[-71.400499,41.823163],[-71.400507,41.823162],[-71.400504,41.823138],[-71.400497,41.823138],[-71.400496,41.823129],[-71.400543,41.823125],[-71.40054,41.8231],[-71.400531,41.8231],[-71.40053,41.82309],[-71.400526,41.82309],[-71.400526,41.823092],[-71.400497,41.823094],[-71.400495,41.823077],[-71.400492,41.823078],[-71.400493,41.82308],[-71.400462,41.823082],[-71.400462,41.82308],[-71.40046,41.82308],[-71.400461,41.82309],[-71.400448,41.823091],[-71.400449,41.823098],[-71.400419,41.823101],[-71.400416,41.823084],[-71.400414,41.823084],[-71.400414,41.823086],[-71.400384,41.823089],[-71.400384,41.823087],[-71.400381,41.823087],[-71.400383,41.823096],[-71.40037,41.823097],[-71.400371,41.823105],[-71.400363,41.823105],[-71.400354,41.82304],[-71.40034,41.823041],[-71.400348,41.823107],[-71.40034,41.823107],[-71.400336,41.82308],[-71.400312,41.823082],[-71.400307,41.823049],[-71.400304,41.823049],[-71.400305,41.823053],[-71.400292,41.823054],[-71.400287,41.823019],[-71.400978,41.822963],[-71.400983,41.822998],[-71.40097,41.822999],[-71.40097,41.822994],[-71.400967,41.822995],[-71.400972,41.823028],[-71.400947,41.82303],[-71.400951,41.823057],[-71.400943,41.823058],[-71.400934,41.822993],[-71.40092,41.822994],[-71.400929,41.823059],[-71.400921,41.82306],[-71.40092,41.823052],[-71.400907,41.823053],[-71.400905,41.823044],[-71.400903,41.823044],[-71.400903,41.823046],[-71.400873,41.823049],[-71.400873,41.823046],[-71.40087,41.823047],[-71.400873,41.823064],[-71.400842,41.823066],[-71.400841,41.823059],[-71.400828,41.82306],[-71.400827,41.82305],[-71.400825,41.82305],[-71.400825,41.823052],[-71.400794,41.823055],[-71.400794,41.823053],[-71.400792,41.823053],[-71.400794,41.82307],[-71.400765,41.823072],[-71.400765,41.82307],[-71.400761,41.82307],[-71.400763,41.823081],[-71.400754,41.823082],[-71.400758,41.823107],[-71.400805,41.823103],[-71.400807,41.823113],[-71.4008,41.823113],[-71.400804,41.823138],[-71.400812,41.823137],[-71.400813,41.823146],[-71.400816,41.823146],[-71.400816,41.823144],[-71.400846,41.823142],[-71.400846,41.823144],[-71.400849,41.823144],[-71.400847,41.823134],[-71.400885,41.823131],[-71.400888,41.823154],[-71.400878,41.823155],[-71.40088,41.823164],[-71.400867,41.823165],[-71.400867,41.823167],[-71.40087,41.823167],[-71.400873,41.82319],[-71.40087,41.82319],[-71.400871,41.823192],[-71.400893,41.82319],[-71.400897,41.823213],[-71.400887,41.823214],[-71.400888,41.823223],[-71.400875,41.823224],[-71.400875,41.823226],[-71.400878,41.823226],[-71.400881,41.823248],[-71.400879,41.823249],[-71.400879,41.82325],[-71.400902,41.823249],[-71.400905,41.82327],[-71.400902,41.823271],[-71.400902,41.823273],[-71.400917,41.823272],[-71.400918,41.823278],[-71.400951,41.823276],[-71.400946,41.82324],[-71.400959,41.823239],[-71.40096,41.823244],[-71.400962,41.823244],[-71.400957,41.823211],[-71.400982,41.823209],[-71.400998,41.823313],[-71.400821,41.823326],[-71.400819,41.823313],[-71.400783,41.823315],[-71.400779,41.823287],[-71.400783,41.823284],[-71.400782,41.823279],[-71.400778,41.823276],[-71.400775,41.823259],[-71.400728,41.823263],[-71.400729,41.823274],[-71.400604,41.823284],[-71.400603,41.823272],[-71.400555,41.823276],[-71.400557,41.823293],[-71.400554,41.823296],[-71.400554,41.823301],[-71.400559,41.823303],[-71.400563,41.823333],[-71.400479,41.823339],[-71.400474,41.823309],[-71.400449,41.823311],[-71.400449,41.823308],[-71.400446,41.823308],[-71.400443,41.823286],[-71.400466,41.823284],[-71.400466,41.823283],[-71.400463,41.823283],[-71.400459,41.82326],[-71.400462,41.82326],[-71.400462,41.823258],[-71.400449,41.823259],[-71.400448,41.82325],[-71.400438,41.82325]]]},"properties":{"kind":"green"}},{"type":"Feature","id":"green:166","geometry":{"type":"Polygon","coordinates":[[[-71.401022,41.82327],[-71.40101,41.823186],[-71.401023,41.823185],[-71.401024,41.823195],[-71.401026,41.823194],[-71.401026,41.823192],[-71.401057,41.82319],[-71.401057,41.823192],[-71.401059,41.823192],[-71.401057,41.823175],[-71.401087,41.823172],[-71.401088,41.82318],[-71.401101,41.823179],[-71.401102,41.823188],[-71.401105,41.823188],[-71.401105,41.823186],[-71.401135,41.823184],[-71.401135,41.823186],[-71.401138,41.823186],[-71.401135,41.823169],[-71.401165,41.823166],[-71.401165,41.823169],[-71.401168,41.823168],[-71.401167,41.823157],[-71.401175,41.823157],[-71.401172,41.823132],[-71.401124,41.823135],[-71.401123,41.823126],[-71.401129,41.823125],[-71.401126,41.823101],[-71.401117,41.823101],[-71.401116,41.823092],[-71.401114,41.823092],[-71.401114,41.823094],[-71.401083,41.823097],[-71.401083,41.823095],[-71.401081,41.823095],[-71.401082,41.823104],[-71.401044,41.823107],[-71.401041,41.823084],[-71.401051,41.823084],[-71.40105,41.823074],[-71.401063,41.823073],[-71.401062,41.823071],[-71.401059,41.823072],[-71.401056,41.823049],[-71.401059,41.823049],[-71.401059,41.823047],[-71.401036,41.823049],[-71.401033,41.823026],[-71.401043,41.823025],[-71.401041,41.823015],[-71.401054,41.823014],[-71.401054,41.823013],[-71.401051,41.823013],[-71.401048,41.82299],[-71.401051,41.82299],[-71.401051,41.822988],[-71.401028,41.82299],[-71.401025,41.822967],[-71.401027,41.822967],[-71.401027,41.822965],[-71.401013,41.822966],[-71.401012,41.82296],[-71.401133,41.822951],[-71.401164,41.822948],[-71.401213,41.823297],[-71.401115,41.823304],[-71.401111,41.823273],[-71.401109,41.823262],[-71.401022,41.82327]]]},"properties":{"kind":"green"}},{"type":"Feature","id":"green:167","geometry":{"type":"Polygon","coordinates":[[[-71.400087,41.827267],[-71.400059,41.827102],[-71.400304,41.827078],[-71.400333,41.827244],[-71.400102,41.827265],[-71.400087,41.827267]]]},"properties":{"kind":"green"}},{"type":"Feature","id":"green:168","geometry":{"type":"Polygon","coordinates":[[[-71.40177,41.829916],[-71.401741,41.829692],[-71.401793,41.829687],[-71.401843,41.829676],[-71.401895,41.829664],[-71.401902,41.829664],[-71.401908,41.829665],[-71.401914,41.829667],[-71.40192,41.82967],[-71.401925,41.829673],[-71.40193,41.829677],[-71.401934,41.829681],[-71.401936,41.829686],[-71.401938,41.829691],[-71.401953,41.829751],[-71.401969,41.829813],[-71.40197,41.829822],[-71.401971,41.82983],[-71.401973,41.829839],[-71.401973,41.829839],[-71.401974,41.829847],[-71.401975,41.829856],[-71.401976,41.829864],[-71.401977,41.829873],[-71.401978,41.829882],[-71.401979,41.82989],[-71.40198,41.829899],[-71.401981,41.829907],[-71.401982,41.829914],[-71.401983,41.829921],[-71.401983,41.829928],[-71.401985,41.829938],[-71.401929,41.829942],[-71.401924,41.829907],[-71.401913,41.829908],[-71.401913,41.829905],[-71.40177,41.829916]]]},"properties":{"kind":"green"}},{"type":"Feature","id":"green:169","geometry":{"type":"Polygon","coordinates":[[[-71.40542,41.825433],[-71.405468,41.825429],[-71.405505,41.825427],[-71.405508,41.825448],[-71.405501,41.825449],[-71.405501,41.825453],[-71.405504,41.825452],[-71.405509,41.825497],[-71.405507,41.825497],[-71.405507,41.825501],[-71.405515,41.8255],[-71.405516,41.825515],[-71.405509,41.825515],[-71.40551,41.825519],[-71.405512,41.825519],[-71.405518,41.825563],[-71.405515,41.825564],[-71.405516,41.825567],[-71.405523,41.825567],[-71.405525,41.825581],[-71.405517,41.825582],[-71.405518,41.825586],[-71.40552,41.825585],[-71.405528,41.825648],[-71.405526,41.825648],[-71.405526,41.825652],[-71.405534,41.825651],[-71.405535,41.825666],[-71.405528,41.825666],[-71.405528,41.82567],[-71.405531,41.82567],[-71.405539,41.825732],[-71.405536,41.825732],[-71.405537,41.825736],[-71.405544,41.825735],[-71.405546,41.82575],[-71.405539,41.82575],[-71.405539,41.825754],[-71.405542,41.825754],[-71.405547,41.825798],[-71.405545,41.825799],[-71.405545,41.825802],[-71.405552,41.825802],[-71.405554,41.825816],[-71.405547,41.825817],[-71.405547,41.82582],[-71.40555,41.82582],[-71.405556,41.825865],[-71.405553,41.825865],[-71.405554,41.825869],[-71.405561,41.825868],[-71.405564,41.82589],[-71.405526,41.825893],[-71.405478,41.825896],[-71.40547,41.825897],[-71.405467,41.825873],[-71.405464,41.825849],[-71.405417,41.82548],[-71.405414,41.825456],[-71.405411,41.825433],[-71.40542,41.825433]]]},"properties":{"kind":"green"}},{"type":"Feature","id":"green:17","geometry":{"type":"Polygon","coordinates":[[[-71.401839,41.828325],[-71.40181,41.828328],[-71.401797,41.828254],[-71.401826,41.828252],[-71.401839,41.828325]]]},"properties":{"kind":"green"}},{"type":"Feature","id":"green:170","geometry":{"type":"Polygon","coordinates":[[[-71.405722,41.826527],[-71.405527,41.826538],[-71.405483,41.826151],[-71.405673,41.826141],[-71.405722,41.826527]]]},"properties":{"kind":"green"}},{"type":"Feature","id":"green:171","geometry":{"type":"Polygon","coordinates":[[[-71.405295,41.83005],[-71.405163,41.830063],[-71.405159,41.830002],[-71.405117,41.830004],[-71.405117,41.829987],[-71.404943,41.83],[-71.404944,41.830017],[-71.404906,41.83002],[-71.404917,41.830102],[-71.404737,41.830115],[-71.404709,41.829901],[-71.405236,41.829868],[-71.405295,41.83005]]]},"properties":{"kind":"green"}},{"type":"Feature","id":"green:172","geometry":{"type":"Polygon","coordinates":[[[-71.405535,41.829825],[-71.405401,41.829835],[-71.405338,41.829667],[-71.405341,41.829654],[-71.405351,41.829647],[-71.405363,41.829645],[-71.405739,41.829618],[-71.405769,41.829853],[-71.406057,41.829832],[-71.406093,41.829987],[-71.405834,41.83],[-71.405831,41.829971],[-71.405751,41.829977],[-71.405729,41.829813],[-71.405535,41.829825]]]},"properties":{"kind":"green"}},{"type":"Feature","id":"green:173","geometry":{"type":"Polygon","coordinates":[[[-71.399477,41.8254],[-71.399325,41.825414],[-71.399305,41.825275],[-71.399104,41.825292],[-71.39909,41.82519],[-71.399497,41.82515],[-71.399509,41.825218],[-71.399519,41.825281],[-71.399531,41.825359],[-71.399472,41.825364],[-71.399477,41.8254]]]},"properties":{"kind":"green"}},{"type":"Feature","id":"green:174","geometry":{"type":"Polygon","coordinates":[[[-71.396154,41.82514],[-71.396164,41.825141],[-71.39618,41.825449],[-71.396177,41.825453],[-71.396156,41.825454],[-71.39613,41.825454],[-71.395987,41.825378],[-71.395677,41.825382],[-71.395662,41.825372],[-71.395635,41.825372],[-71.395568,41.82532],[-71.395568,41.825291],[-71.39579,41.825288],[-71.395788,41.825188],[-71.395919,41.825186],[-71.395948,41.825164],[-71.395947,41.825144],[-71.396154,41.82514]]]},"properties":{"kind":"green"}},{"type":"Feature","id":"green:175","geometry":{"type":"Polygon","coordinates":[[[-71.402222,41.827198],[-71.402257,41.827406],[-71.402115,41.827417],[-71.402078,41.827211],[-71.402222,41.827198]]]},"properties":{"kind":"green"}},{"type":"Feature","id":"green:176","geometry":{"type":"Polygon","coordinates":[[[-71.406169,41.826315],[-71.40604,41.826328],[-71.406041,41.826335],[-71.405979,41.826341],[-71.405968,41.826341],[-71.405957,41.826339],[-71.405947,41.826336],[-71.405938,41.826332],[-71.40593,41.826327],[-71.405923,41.82632],[-71.405918,41.826313],[-71.405954,41.826312],[-71.405953,41.826301],[-71.405961,41.826297],[-71.405969,41.826292],[-71.405975,41.826286],[-71.405979,41.826279],[-71.405982,41.826272],[-71.405983,41.826264],[-71.405983,41.826257],[-71.405981,41.82625],[-71.405977,41.826243],[-71.405971,41.826236],[-71.405964,41.826231],[-71.405957,41.826226],[-71.405948,41.826223],[-71.405947,41.82621],[-71.405923,41.826211],[-71.40592,41.826171],[-71.405918,41.826124],[-71.406163,41.826118],[-71.406166,41.826171],[-71.406172,41.826293],[-71.406187,41.826293],[-71.406188,41.826314],[-71.406169,41.826315]]]},"properties":{"kind":"green","label":"Manelli Park","rank":0,"sortKey":0.0,"labelMinZoom":0}},{"type":"Feature","id":"green:177","geometry":{"type":"Polygon","coordinates":[[[-71.406299,41.826366],[-71.406299,41.826313],[-71.406342,41.826312],[-71.406342,41.826288],[-71.406359,41.826287],[-71.406408,41.826287],[-71.40641,41.826354],[-71.406404,41.82636],[-71.406301,41.826373],[-71.406299,41.826366]]]},"properties":{"kind":"green"}},{"type":"Feature","id":"green:178","geometry":{"type":"Polygon","coordinates":[[[-71.402412,41.822724],[-71.402324,41.822724],[-71.402309,41.822724],[-71.402197,41.822727],[-71.402174,41.822336],[-71.402463,41.822326],[-71.402467,41.822557],[-71.402445,41.822557],[-71.402444,41.822624],[-71.40241,41.822624],[-71.402412,41.822724]]]},"properties":{"kind":"green"}},{"type":"Feature","id":"green:179","geometry":{"type":"Polygon","coordinates":[[[-71.402633,41.822521],[-71.402502,41.822521],[-71.402501,41.822395],[-71.402633,41.822395],[-71.402633,41.822521]]]},"properties":{"kind":"green"}},{"type":"Feature","id":"green:18","geometry":{"type":"Polygon","coordinates":[[[-71.401808,41.828328],[-71.401779,41.828331],[-71.401766,41.828257],[-71.401795,41.828255],[-71.401808,41.828328]]]},"properties":{"kind":"green"}},{"type":"Feature","id":"green:180","geometry":{"type":"Polygon","coordinates":[[[-71.403709,41.822783],[-71.403111,41.822782],[-71.403112,41.822581],[-71.403373,41.822423],[-71.403709,41.822783]]]},"properties":{"kind":"green"}},{"type":"Feature","id":"green:181","geometry":{"type":"Polygon","coordinates":[[[-71.397028,41.823792],[-71.397051,41.823918],[-71.396845,41.823922],[-71.396594,41.823925],[-71.396586,41.823925],[-71.396579,41.823924],[-71.396571,41.823923],[-71.396564,41.82392],[-71.396558,41.823917],[-71.396552,41.823913],[-71.396547,41.823909],[-71.396544,41.823904],[-71.39654,41.823897],[-71.396534,41.82389],[-71.396528,41.823885],[-71.39652,41.82388],[-71.396512,41.823876],[-71.396502,41.823873],[-71.396496,41.823869],[-71.39649,41.823864],[-71.396485,41.823859],[-71.396482,41.823853],[-71.39648,41.823847],[-71.396615,41.823834],[-71.397028,41.823792]]]},"properties":{"kind":"green","label":"Community Garden","rank":0,"sortKey":0.0,"labelMinZoom":0}},{"type":"Feature","id":"green:182","geometry":{"type":"Polygon","coordinates":[[[-71.397108,41.82324],[-71.397367,41.823219],[-71.397394,41.8234],[-71.397119,41.823426],[-71.397091,41.823265],[-71.397091,41.823261],[-71.397092,41.823257],[-71.397093,41.823252],[-71.397095,41.823247],[-71.397097,41.823245],[-71.3971,41.823242],[-71.397108,41.82324]]]},"properties":{"kind":"green"}},{"type":"Feature","id":"green:183","geometry":{"type":"Polygon","coordinates":[[[-71.399867,41.825399],[-71.399849,41.825206],[-71.399889,41.825203],[-71.399904,41.825322],[-71.399924,41.825321],[-71.399927,41.825342],[-71.399871,41.825345],[-71.399877,41.825398],[-71.399867,41.825399]]]},"properties":{"kind":"green"}},{"type":"Feature","id":"green:184","geometry":{"type":"Polygon","coordinates":[[[-71.399846,41.825156],[-71.399839,41.825116],[-71.399839,41.825116],[-71.399869,41.825113],[-71.39987,41.825117],[-71.399875,41.825152],[-71.399846,41.825156]]]},"properties":{"kind":"green"}},{"type":"Feature","id":"green:185","geometry":{"type":"Polygon","coordinates":[[[-71.399638,41.825204],[-71.399628,41.825145],[-71.399627,41.825139],[-71.399809,41.825119],[-71.399821,41.825118],[-71.399832,41.825195],[-71.399802,41.825198],[-71.399793,41.825143],[-71.399691,41.825153],[-71.399699,41.825199],[-71.39968,41.8252],[-71.399638,41.825204]]]},"properties":{"kind":"green"}},{"type":"Feature","id":"green:186","geometry":{"type":"Polygon","coordinates":[[[-71.399708,41.825162],[-71.399737,41.82516],[-71.399742,41.825192],[-71.399728,41.825194],[-71.399729,41.825205],[-71.399715,41.825206],[-71.399708,41.825162]]]},"properties":{"kind":"green"}},{"type":"Feature","id":"green:187","geometry":{"type":"Polygon","coordinates":[[[-71.399767,41.825256],[-71.399762,41.825224],[-71.399777,41.825222],[-71.399775,41.825211],[-71.399789,41.82521],[-71.399796,41.825254],[-71.399767,41.825256]]]},"properties":{"kind":"green"}},{"type":"Feature","id":"green:188","geometry":{"type":"Polygon","coordinates":[[[-71.399771,41.82519],[-71.399757,41.825191],[-71.399751,41.825158],[-71.399781,41.825156],[-71.399788,41.825199],[-71.399773,41.825201],[-71.399771,41.82519]]]},"properties":{"kind":"green"}},{"type":"Feature","id":"green:189","geometry":{"type":"Polygon","coordinates":[[[-71.399717,41.825217],[-71.399731,41.825215],[-71.399733,41.825226],[-71.399747,41.825225],[-71.399753,41.825258],[-71.399724,41.82526],[-71.399717,41.825217]]]},"properties":{"kind":"green"}},{"type":"Feature","id":"green:19","geometry":{"type":"Polygon","coordinates":[[[-71.401777,41.828331],[-71.401748,41.828334],[-71.401735,41.82826],[-71.401764,41.828257],[-71.401777,41.828331]]]},"properties":{"kind":"green"}},{"type":"Feature","id":"green:190","geometry":{"type":"Polygon","coordinates":[[[-71.399771,41.825278],[-71.399769,41.825267],[-71.399813,41.825263],[-71.399804,41.825209],[-71.399833,41.825206],[-71.399857,41.825425],[-71.399862,41.825472],[-71.399802,41.825478],[-71.399794,41.825428],[-71.399832,41.825425],[-71.399808,41.825275],[-71.399771,41.825278]]]},"properties":{"kind":"green"}},{"type":"Feature","id":"green:191","geometry":{"type":"Polygon","coordinates":[[[-71.399755,41.825269],[-71.399756,41.82528],[-71.399731,41.825282],[-71.399737,41.825323],[-71.399754,41.825321],[-71.399756,41.825332],[-71.399752,41.825333],[-71.399753,41.825338],[-71.399703,41.825343],[-71.399693,41.82528],[-71.399683,41.82522],[-71.399702,41.825218],[-71.399711,41.825273],[-71.399755,41.825269]]]},"properties":{"kind":"green"}},{"type":"Feature","id":"green:192","geometry":{"type":"Polygon","coordinates":[[[-71.399656,41.82372],[-71.399605,41.823723],[-71.399603,41.823709],[-71.399655,41.823705],[-71.399656,41.82372]]]},"properties":{"kind":"green"}},{"type":"Feature","id":"green:193","geometry":{"type":"Polygon","coordinates":[[[-71.39955,41.823733],[-71.399488,41.823736],[-71.399485,41.823717],[-71.399547,41.823713],[-71.39955,41.823733]]]},"properties":{"kind":"green"}},{"type":"Feature","id":"green:194","geometry":{"type":"Polygon","coordinates":[[[-71.399539,41.823647],[-71.399477,41.823652],[-71.399475,41.823633],[-71.399478,41.823633],[-71.399472,41.823589],[-71.399531,41.823585],[-71.399539,41.823647]]]},"properties":{"kind":"green"}},{"type":"Feature","id":"green:195","geometry":{"type":"Polygon","coordinates":[[[-71.399481,41.823382],[-71.399447,41.823385],[-71.399442,41.823349],[-71.399456,41.823348],[-71.399476,41.823346],[-71.399481,41.823382]]]},"properties":{"kind":"green"}},{"type":"Feature","id":"green:196","geometry":{"type":"Polygon","coordinates":[[[-71.399491,41.823279],[-71.39948,41.823199],[-71.399493,41.823198],[-71.399499,41.823248],[-71.399503,41.823278],[-71.399491,41.823279]]]},"properties":{"kind":"green"}},{"type":"Feature","id":"green:197","geometry":{"type":"Polygon","coordinates":[[[-71.399426,41.823203],[-71.399437,41.823202],[-71.399447,41.823282],[-71.399456,41.823348],[-71.399442,41.823349],[-71.39943,41.823253],[-71.399433,41.823253],[-71.399426,41.823203]]]},"properties":{"kind":"green"}},{"type":"Feature","id":"green:198","geometry":{"type":"Polygon","coordinates":[[[-71.399422,41.823177],[-71.399415,41.823131],[-71.399412,41.823132],[-71.399412,41.82313],[-71.399387,41.823131],[-71.399386,41.823121],[-71.399365,41.823123],[-71.399366,41.823133],[-71.399254,41.823141],[-71.399251,41.823111],[-71.39925,41.823105],[-71.39925,41.823105],[-71.39925,41.823104],[-71.399251,41.823104],[-71.399251,41.823104],[-71.399415,41.823091],[-71.399415,41.823091],[-71.399416,41.823091],[-71.399417,41.823092],[-71.399422,41.823092],[-71.399425,41.823108],[-71.399434,41.823176],[-71.399422,41.823177]]]},"properties":{"kind":"green"}},{"type":"Feature","id":"green:199","geometry":{"type":"Polygon","coordinates":[[[-71.399484,41.823127],[-71.39949,41.823171],[-71.399477,41.823172],[-71.399468,41.823105],[-71.399466,41.823089],[-71.399472,41.823088],[-71.399472,41.823087],[-71.399474,41.823087],[-71.399474,41.823086],[-71.399607,41.823075],[-71.399775,41.823062],[-71.399927,41.823049],[-71.399927,41.82305],[-71.399929,41.82305],[-71.399929,41.823051],[-71.399929,41.823051],[-71.399946,41.823179],[-71.399962,41.823304],[-71.399978,41.823429],[-71.399994,41.823555],[-71.400001,41.823606],[-71.4,41.823606],[-71.4,41.823607],[-71.399998,41.823607],[-71.399999,41.823608],[-71.399982,41.823609],[-71.399982,41.823608],[-71.399981,41.823609],[-71.399981,41.823607],[-71.399975,41.823608],[-71.399975,41.823609],[-71.399973,41.823609],[-71.399973,41.82361],[-71.399933,41.823613],[-71.399935,41.823629],[-71.399887,41.823633],[-71.399763,41.823642],[-71.399761,41.823628],[-71.399755,41.823582],[-71.399802,41.823578],[-71.399806,41.823609],[-71.399968,41.823597],[-71.39992,41.823217],[-71.399921,41.823217],[-71.399905,41.823096],[-71.399688,41.823112],[-71.399687,41.823098],[-71.399667,41.823099],[-71.399665,41.823083],[-71.399601,41.823088],[-71.399603,41.823104],[-71.399483,41.823112],[-71.399484,41.823127]]]},"properties":{"kind":"green"}},{"type":"Feature","id":"green:2","geometry":{"type":"Polygon","coordinates":[[[-71.40281,41.826471],[-71.402809,41.826471],[-71.402807,41.826472],[-71.402805,41.826472],[-71.402803,41.826473],[-71.402801,41.826473],[-71.4028,41.826472],[-71.402798,41.826472],[-71.402796,41.826471],[-71.402795,41.82647],[-71.402793,41.826469],[-71.402793,41.826468],[-71.402792,41.826467],[-71.402792,41.826465],[-71.40278,41.826377],[-71.402853,41.826373],[-71.402857,41.826373],[-71.402861,41.826373],[-71.402864,41.826374],[-71.402868,41.826376],[-71.402871,41.826378],[-71.402873,41.82638],[-71.402875,41.826383],[-71.402875,41.826393],[-71.402872,41.826403],[-71.402867,41.826412],[-71.40286,41.826421],[-71.40281,41.826471]]]},"properties":{"kind":"green"}},{"type":"Feature","id":"green:20","geometry":{"type":"Polygon","coordinates":[[[-71.402043,41.828045],[-71.402087,41.828301],[-71.401921,41.828317],[-71.401876,41.828061],[-71.402043,41.828045]]]},"properties":{"kind":"green"}},{"type":"Feature","id":"green:200","geometry":{"type":"Polygon","coordinates":[[[-71.399741,41.823642],[-71.39965,41.823649],[-71.399646,41.823621],[-71.399714,41.823615],[-71.399714,41.823616],[-71.399737,41.823614],[-71.399741,41.823642]]]},"properties":{"kind":"green"}},{"type":"Feature","id":"green:201","geometry":{"type":"Polygon","coordinates":[[[-71.399895,41.823707],[-71.399892,41.823677],[-71.399941,41.823673],[-71.399942,41.82369],[-71.399985,41.823686],[-71.399985,41.823689],[-71.399986,41.823689],[-71.399987,41.82369],[-71.399992,41.82369],[-71.399992,41.823689],[-71.399994,41.823689],[-71.399994,41.823688],[-71.400008,41.823687],[-71.400008,41.823687],[-71.40001,41.823687],[-71.40001,41.823688],[-71.400011,41.823688],[-71.400034,41.823862],[-71.400034,41.823862],[-71.400034,41.823863],[-71.400032,41.823863],[-71.400032,41.823863],[-71.399874,41.823877],[-71.399706,41.823891],[-71.399622,41.823898],[-71.399466,41.823911],[-71.399466,41.823911],[-71.399465,41.823911],[-71.399465,41.82391],[-71.39946,41.82391],[-71.39946,41.823911],[-71.399459,41.823911],[-71.399456,41.823896],[-71.399454,41.823876],[-71.399459,41.823876],[-71.399457,41.823866],[-71.399471,41.823865],[-71.399471,41.82386],[-71.39962,41.82385],[-71.399621,41.823854],[-71.399674,41.82385],[-71.399673,41.823846],[-71.399788,41.823837],[-71.399789,41.823842],[-71.399842,41.823838],[-71.399841,41.823834],[-71.399999,41.823822],[-71.399984,41.823701],[-71.399895,41.823707]]]},"properties":{"kind":"green"}},{"type":"Feature","id":"green:202","geometry":{"type":"Polygon","coordinates":[[[-71.399648,41.823651],[-71.399595,41.823654],[-71.399594,41.823643],[-71.399577,41.82351],[-71.39956,41.823379],[-71.399554,41.82334],[-71.399551,41.823316],[-71.399667,41.823308],[-71.39967,41.823331],[-71.39969,41.82333],[-71.39971,41.823481],[-71.399697,41.823482],[-71.399714,41.823614],[-71.399644,41.823619],[-71.399648,41.823651]]]},"properties":{"kind":"green"}},{"type":"Feature","id":"green:203","geometry":{"type":"Polygon","coordinates":[[[-71.399793,41.823515],[-71.399747,41.823518],[-71.399738,41.823451],[-71.399738,41.823447],[-71.399756,41.823446],[-71.399749,41.823391],[-71.399731,41.823393],[-71.399725,41.823349],[-71.399722,41.823324],[-71.399747,41.823321],[-71.39974,41.823267],[-71.399667,41.823272],[-71.399669,41.823289],[-71.399553,41.823297],[-71.39955,41.823272],[-71.399506,41.823275],[-71.399503,41.823247],[-71.399756,41.823229],[-71.399793,41.823515]]]},"properties":{"kind":"green"}},{"type":"Feature","id":"green:204","geometry":{"type":"Polygon","coordinates":[[[-71.399439,41.823878],[-71.399442,41.823899],[-71.399444,41.823913],[-71.399443,41.823913],[-71.399443,41.823912],[-71.399438,41.823913],[-71.399438,41.823913],[-71.399437,41.823913],[-71.399437,41.823914],[-71.399366,41.82392],[-71.399286,41.823926],[-71.399286,41.823926],[-71.399284,41.823926],[-71.399284,41.823925],[-71.39928,41.823926],[-71.39928,41.823926],[-71.399279,41.823927],[-71.399278,41.823925],[-71.399271,41.823904],[-71.399261,41.823887],[-71.399259,41.823875],[-71.399261,41.823875],[-71.399254,41.823827],[-71.39927,41.823823],[-71.399264,41.823761],[-71.399247,41.82376],[-71.399237,41.82374],[-71.399251,41.823739],[-71.399247,41.823692],[-71.399238,41.823676],[-71.399191,41.82368],[-71.399072,41.823695],[-71.398974,41.823704],[-71.398895,41.823708],[-71.398894,41.823688],[-71.399003,41.823679],[-71.399185,41.823663],[-71.399223,41.82366],[-71.399223,41.823657],[-71.399185,41.823661],[-71.399003,41.823676],[-71.398895,41.823685],[-71.398893,41.823678],[-71.398893,41.823675],[-71.398893,41.823672],[-71.398894,41.823669],[-71.398895,41.823666],[-71.398897,41.823663],[-71.3989,41.823661],[-71.398902,41.823659],[-71.398904,41.823658],[-71.398907,41.823657],[-71.398909,41.823657],[-71.398911,41.823656],[-71.398913,41.823656],[-71.398915,41.823657],[-71.39894,41.82366],[-71.398997,41.823657],[-71.398997,41.823656],[-71.399015,41.823655],[-71.399017,41.82367],[-71.399241,41.823651],[-71.399224,41.823519],[-71.399261,41.823515],[-71.39926,41.823512],[-71.399253,41.823513],[-71.399243,41.823443],[-71.399225,41.823329],[-71.399221,41.823299],[-71.39927,41.823296],[-71.39927,41.8233],[-71.399256,41.823301],[-71.399259,41.823322],[-71.399257,41.823322],[-71.399259,41.82334],[-71.399275,41.823339],[-71.399313,41.823645],[-71.399315,41.823644],[-71.399328,41.823748],[-71.399326,41.823748],[-71.399344,41.823869],[-71.399418,41.823864],[-71.399419,41.823869],[-71.399433,41.823868],[-71.399435,41.823878],[-71.399439,41.823878]]]},"properties":{"kind":"green"}},{"type":"Feature","id":"green:205","geometry":{"type":"Polygon","coordinates":[[[-71.399246,41.823931],[-71.399185,41.823937],[-71.399148,41.82394],[-71.399142,41.8239],[-71.39914,41.823887],[-71.399153,41.823892],[-71.399171,41.823891],[-71.399182,41.823884],[-71.399235,41.823879],[-71.399235,41.823877],[-71.399237,41.823877],[-71.399239,41.823889],[-71.399243,41.823908],[-71.399246,41.823931]]]},"properties":{"kind":"green"}},{"type":"Feature","id":"green:206","geometry":{"type":"Polygon","coordinates":[[[-71.39907,41.823947],[-71.399021,41.823951],[-71.398967,41.823955],[-71.398965,41.823937],[-71.398962,41.823916],[-71.398965,41.823915],[-71.398963,41.823902],[-71.398976,41.823908],[-71.398995,41.823906],[-71.399005,41.823899],[-71.399059,41.823894],[-71.399058,41.823892],[-71.39906,41.823892],[-71.399062,41.823904],[-71.399063,41.823904],[-71.399067,41.823926],[-71.39907,41.823947]]]},"properties":{"kind":"green"}},{"type":"Feature","id":"green:207","geometry":{"type":"Polygon","coordinates":[[[-71.39895,41.823957],[-71.398931,41.823958],[-71.398922,41.823891],[-71.398908,41.823795],[-71.398907,41.823795],[-71.398903,41.823753],[-71.398935,41.823748],[-71.398937,41.823748],[-71.398939,41.823748],[-71.398941,41.823748],[-71.398943,41.823748],[-71.398945,41.823749],[-71.398949,41.823751],[-71.398953,41.823753],[-71.398954,41.823765],[-71.398943,41.823766],[-71.398949,41.823808],[-71.398941,41.823809],[-71.398949,41.823859],[-71.398938,41.823859],[-71.398941,41.823879],[-71.398934,41.823879],[-71.398938,41.823904],[-71.39894,41.823918],[-71.398944,41.823917],[-71.39895,41.823957]]]},"properties":{"kind":"green"}},{"type":"Feature","id":"green:208","geometry":{"type":"Polygon","coordinates":[[[-71.40194,41.830584],[-71.401933,41.830585],[-71.401931,41.830569],[-71.401929,41.830553],[-71.401936,41.830552],[-71.40194,41.830584]]]},"properties":{"kind":"green"}},{"type":"Feature","id":"green:209","geometry":{"type":"Polygon","coordinates":[[[-71.401911,41.83057],[-71.401896,41.830569],[-71.401879,41.830556],[-71.401872,41.830557],[-71.401869,41.83053],[-71.401861,41.830466],[-71.401846,41.830467],[-71.401842,41.830425],[-71.401908,41.830421],[-71.401925,41.830467],[-71.401929,41.830499],[-71.401889,41.830502],[-71.401896,41.830555],[-71.401909,41.830554],[-71.401911,41.83057]]]},"properties":{"kind":"green"}},{"type":"Feature","id":"green:21","geometry":{"type":"Polygon","coordinates":[[[-71.397773,41.824464],[-71.39774,41.824435],[-71.397724,41.824421],[-71.397699,41.824401],[-71.397675,41.824383],[-71.39765,41.824364],[-71.397625,41.824347],[-71.397599,41.824331],[-71.397554,41.824308],[-71.397506,41.824288],[-71.397484,41.824281],[-71.397435,41.824266],[-71.397407,41.824257],[-71.397403,41.824255],[-71.3974,41.824253],[-71.397396,41.82425],[-71.397394,41.824247],[-71.397392,41.824244],[-71.397391,41.82424],[-71.39739,41.824213],[-71.397572,41.824198],[-71.397698,41.824188],[-71.397836,41.824176],[-71.397841,41.824221],[-71.39783,41.824222],[-71.397833,41.824238],[-71.39783,41.824238],[-71.397831,41.824244],[-71.39778,41.824248],[-71.397794,41.824361],[-71.397794,41.82436],[-71.397761,41.824363],[-71.397787,41.82448],[-71.397774,41.824465],[-71.397773,41.824464]]]},"properties":{"kind":"green"}},{"type":"Feature","id":"green:210","geometry":{"type":"Polygon","coordinates":[[[-71.401823,41.830521],[-71.401805,41.830522],[-71.401804,41.830507],[-71.401806,41.830507],[-71.401809,41.830508],[-71.401811,41.830508],[-71.401814,41.830509],[-71.401816,41.83051],[-71.401817,41.830511],[-71.401819,41.830513],[-71.401821,41.830515],[-71.401822,41.830518],[-71.401823,41.830521]]]},"properties":{"kind":"green"}},{"type":"Feature","id":"green:211","geometry":{"type":"Polygon","coordinates":[[[-71.401738,41.830433],[-71.401725,41.83043],[-71.401712,41.830427],[-71.401709,41.830426],[-71.401706,41.830424],[-71.401704,41.830422],[-71.401702,41.83042],[-71.401701,41.830418],[-71.4017,41.830416],[-71.401699,41.830413],[-71.401697,41.8304],[-71.401718,41.830399],[-71.40172,41.830411],[-71.401736,41.830411],[-71.401738,41.830433]]]},"properties":{"kind":"green"}},{"type":"Feature","id":"green:212","geometry":{"type":"Polygon","coordinates":[[[-71.401411,41.830339],[-71.40135,41.830343],[-71.401347,41.830324],[-71.401409,41.83032],[-71.401411,41.830339]]]},"properties":{"kind":"green"}},{"type":"Feature","id":"green:213","geometry":{"type":"Polygon","coordinates":[[[-71.401388,41.830281],[-71.401365,41.83031],[-71.401346,41.830311],[-71.401344,41.830298],[-71.401342,41.830298],[-71.40134,41.830288],[-71.401325,41.830288],[-71.401321,41.830253],[-71.401326,41.830252],[-71.401325,41.830245],[-71.401352,41.830222],[-71.40136,41.830221],[-71.40136,41.830217],[-71.401369,41.830205],[-71.401393,41.830203],[-71.401435,41.830201],[-71.401453,41.83021],[-71.401377,41.830215],[-71.401385,41.830281],[-71.401388,41.830281]]]},"properties":{"kind":"green"}},{"type":"Feature","id":"green:214","geometry":{"type":"Polygon","coordinates":[[[-71.40142,41.830429],[-71.401412,41.830423],[-71.401402,41.830419],[-71.401392,41.830416],[-71.401381,41.830414],[-71.40137,41.830413],[-71.401341,41.830414],[-71.401338,41.83039],[-71.401355,41.830388],[-71.40135,41.830345],[-71.401467,41.830337],[-71.401474,41.830389],[-71.401456,41.830391],[-71.40146,41.830429],[-71.401424,41.830431],[-71.40142,41.830429]]]},"properties":{"kind":"green"}},{"type":"Feature","id":"green:215","geometry":{"type":"Polygon","coordinates":[[[-71.401282,41.830187],[-71.401336,41.830183],[-71.401336,41.830179],[-71.401346,41.830185],[-71.401312,41.830216],[-71.401286,41.830218],[-71.401282,41.830187]]]},"properties":{"kind":"green"}},{"type":"Feature","id":"green:216","geometry":{"type":"Polygon","coordinates":[[[-71.401475,41.830162],[-71.401472,41.830162],[-71.40147,41.830162],[-71.401467,41.830162],[-71.401465,41.830161],[-71.401462,41.83016],[-71.401461,41.830159],[-71.401459,41.830158],[-71.401458,41.830156],[-71.401457,41.830154],[-71.401456,41.830153],[-71.401451,41.830136],[-71.401449,41.830112],[-71.401456,41.830112],[-71.401457,41.830112],[-71.401468,41.830111],[-71.401475,41.830162]]]},"properties":{"kind":"green"}},{"type":"Feature","id":"green:217","geometry":{"type":"Polygon","coordinates":[[[-71.401908,41.830421],[-71.401863,41.830079],[-71.401797,41.830084],[-71.401796,41.830076],[-71.401858,41.830072],[-71.401881,41.83007],[-71.401894,41.830069],[-71.401906,41.83007],[-71.401919,41.830073],[-71.40193,41.830076],[-71.402024,41.830112],[-71.402117,41.830147],[-71.402119,41.830165],[-71.40212,41.830165],[-71.402121,41.830165],[-71.402123,41.830166],[-71.402124,41.830166],[-71.402125,41.830167],[-71.402125,41.830167],[-71.402126,41.830168],[-71.402127,41.830169],[-71.402127,41.830169],[-71.402135,41.830232],[-71.402135,41.830232],[-71.402135,41.830233],[-71.402134,41.830233],[-71.402134,41.830234],[-71.402134,41.830234],[-71.402133,41.830235],[-71.402133,41.830235],[-71.402132,41.830235],[-71.402131,41.830235],[-71.402113,41.830261],[-71.40211,41.830264],[-71.402108,41.830269],[-71.402106,41.830273],[-71.402106,41.830277],[-71.402115,41.830354],[-71.402125,41.830433],[-71.402125,41.830435],[-71.402125,41.830436],[-71.402126,41.830438],[-71.402127,41.830439],[-71.402128,41.83044],[-71.40213,41.830441],[-71.402131,41.830442],[-71.402133,41.830443],[-71.402135,41.830443],[-71.402176,41.83044],[-71.402178,41.83045],[-71.401925,41.830467],[-71.401917,41.830443],[-71.401908,41.830421]]]},"properties":{"kind":"green"}},{"type":"Feature","id":"green:218","geometry":{"type":"Polygon","coordinates":[[[-71.402797,41.829997],[-71.40264,41.830008],[-71.402639,41.829996],[-71.402796,41.829985],[-71.402797,41.829997]]]},"properties":{"kind":"green"}},{"type":"Feature","id":"green:219","geometry":{"type":"Polygon","coordinates":[[[-71.402646,41.830096],[-71.40262,41.830097],[-71.402608,41.829998],[-71.402635,41.829996],[-71.402637,41.830008],[-71.402636,41.830008],[-71.402646,41.830096]]]},"properties":{"kind":"green"}},{"type":"Feature","id":"green:22","geometry":{"type":"Polygon","coordinates":[[[-71.400854,41.830487],[-71.400839,41.830488],[-71.400838,41.830479],[-71.400837,41.830473],[-71.400857,41.830472],[-71.400858,41.830484],[-71.400853,41.830484],[-71.400854,41.830487]]]},"properties":{"kind":"green"}},{"type":"Feature","id":"green:220","geometry":{"type":"Polygon","coordinates":[[[-71.402795,41.829982],[-71.402604,41.829996],[-71.402602,41.829979],[-71.402603,41.829974],[-71.402605,41.829968],[-71.402607,41.829963],[-71.402611,41.829959],[-71.402616,41.829955],[-71.402667,41.829938],[-71.402698,41.829928],[-71.402717,41.829922],[-71.402737,41.829919],[-71.402757,41.829917],[-71.402763,41.829918],[-71.402769,41.82992],[-71.402775,41.829922],[-71.402779,41.829925],[-71.402783,41.829928],[-71.402786,41.829932],[-71.402789,41.829937],[-71.40279,41.829941],[-71.402795,41.829982]]]},"properties":{"kind":"green"}},{"type":"Feature","id":"green:221","geometry":{"type":"Polygon","coordinates":[[[-71.402217,41.824922],[-71.402218,41.824934],[-71.402265,41.82493],[-71.402262,41.82493],[-71.402259,41.824931],[-71.402257,41.824932],[-71.402255,41.824933],[-71.402253,41.824935],[-71.402251,41.824936],[-71.40225,41.824938],[-71.402256,41.824979],[-71.402246,41.824975],[-71.402236,41.824969],[-71.402229,41.824963],[-71.402222,41.824955],[-71.402218,41.824947],[-71.402215,41.824939],[-71.402215,41.82493],[-71.402215,41.824922],[-71.402217,41.824922]]]},"properties":{"kind":"green"}},{"type":"Feature","id":"green:222","geometry":{"type":"Polygon","coordinates":[[[-71.401421,41.825162],[-71.401405,41.825162],[-71.401388,41.825161],[-71.401372,41.825157],[-71.401357,41.825152],[-71.401343,41.825145],[-71.401331,41.825137],[-71.40132,41.825127],[-71.401312,41.825116],[-71.401306,41.825105],[-71.401303,41.825093],[-71.401303,41.825081],[-71.401305,41.825069],[-71.401309,41.825058],[-71.401316,41.825047],[-71.401326,41.825036],[-71.401338,41.825027],[-71.401352,41.825019],[-71.401367,41.825013],[-71.401384,41.825009],[-71.401401,41.825006],[-71.4014,41.825004],[-71.401494,41.824997],[-71.401607,41.824988],[-71.401724,41.824979],[-71.401892,41.824966],[-71.402027,41.824955],[-71.402045,41.824956],[-71.402061,41.824959],[-71.402077,41.824964],[-71.402092,41.824971],[-71.402105,41.824979],[-71.402116,41.824989],[-71.402126,41.825],[-71.402132,41.825013],[-71.402136,41.825026],[-71.402136,41.82504],[-71.402134,41.825053],[-71.402129,41.825066],[-71.402121,41.825078],[-71.40211,41.825089],[-71.402099,41.825097],[-71.402086,41.825104],[-71.402072,41.825109],[-71.402058,41.825113],[-71.402042,41.825116],[-71.401882,41.825128],[-71.401742,41.825139],[-71.401541,41.825155],[-71.401422,41.825165],[-71.401421,41.825162]]]},"properties":{"kind":"green"}},{"type":"Feature","id":"green:223","geometry":{"type":"Polygon","coordinates":[[[-71.402607,41.825056],[-71.402584,41.825058],[-71.40258,41.825035],[-71.402602,41.825034],[-71.402607,41.825056]]]},"properties":{"kind":"green"}},{"type":"Feature","id":"green:224","geometry":{"type":"Polygon","coordinates":[[[-71.402592,41.824924],[-71.402595,41.824932],[-71.402595,41.824933],[-71.402595,41.824933],[-71.402594,41.824934],[-71.402594,41.824935],[-71.402594,41.824936],[-71.402593,41.824936],[-71.402592,41.824937],[-71.402586,41.82494],[-71.402583,41.824941],[-71.40258,41.824942],[-71.402577,41.824943],[-71.402574,41.824943],[-71.402552,41.824945],[-71.402548,41.82492],[-71.402557,41.824919],[-71.402563,41.824926],[-71.402592,41.824924]]]},"properties":{"kind":"green"}},{"type":"Feature","id":"green:225","geometry":{"type":"Polygon","coordinates":[[[-71.402268,41.825285],[-71.40221,41.82529],[-71.402211,41.825301],[-71.40217,41.825304],[-71.402157,41.825213],[-71.402135,41.825214],[-71.402132,41.825196],[-71.402141,41.825195],[-71.40215,41.825192],[-71.402158,41.825188],[-71.402165,41.825184],[-71.402171,41.825179],[-71.402176,41.825173],[-71.402179,41.825166],[-71.402182,41.82516],[-71.402182,41.825153],[-71.402177,41.825113],[-71.402177,41.825111],[-71.402177,41.825109],[-71.402178,41.825107],[-71.40218,41.825105],[-71.402181,41.825104],[-71.402183,41.825102],[-71.402185,41.825101],[-71.402188,41.8251],[-71.40219,41.8251],[-71.402192,41.8251],[-71.402195,41.8251],[-71.402197,41.825101],[-71.402199,41.825101],[-71.402202,41.825102],[-71.402203,41.825104],[-71.402205,41.825105],[-71.402206,41.825107],[-71.402207,41.825108],[-71.402207,41.82511],[-71.402186,41.825112],[-71.402195,41.825174],[-71.402205,41.825257],[-71.402206,41.82527],[-71.402225,41.825269],[-71.402224,41.825255],[-71.402263,41.825252],[-71.402268,41.825285]]]},"properties":{"kind":"green"}},{"type":"Feature","id":"green:226","geometry":{"type":"Polygon","coordinates":[[[-71.401804,41.825221],[-71.401741,41.825226],[-71.40174,41.825219],[-71.401732,41.82522],[-71.40173,41.825202],[-71.401728,41.825192],[-71.401727,41.825189],[-71.401727,41.825186],[-71.401728,41.825183],[-71.401731,41.825176],[-71.401735,41.82517],[-71.401737,41.825167],[-71.40174,41.825165],[-71.401743,41.825163],[-71.401746,41.825162],[-71.40175,41.825161],[-71.401754,41.82516],[-71.401891,41.825149],[-71.402006,41.82514],[-71.402008,41.82514],[-71.40201,41.825141],[-71.402012,41.825141],[-71.402013,41.825141],[-71.402015,41.825142],[-71.402016,41.825143],[-71.402016,41.825143],[-71.402017,41.825144],[-71.402017,41.825145],[-71.402018,41.825146],[-71.402018,41.825147],[-71.402019,41.82515],[-71.401923,41.825157],[-71.40193,41.825211],[-71.401876,41.825215],[-71.401877,41.825229],[-71.401806,41.825234],[-71.401804,41.825221]]]},"properties":{"kind":"green"}},{"type":"Feature","id":"green:227","geometry":{"type":"Polygon","coordinates":[[[-71.401325,41.825263],[-71.401328,41.825281],[-71.401316,41.825282],[-71.401312,41.825261],[-71.401312,41.825254],[-71.401313,41.825246],[-71.401316,41.825239],[-71.401321,41.825233],[-71.401326,41.825227],[-71.401333,41.825222],[-71.401342,41.825218],[-71.401351,41.825215],[-71.40136,41.825213],[-71.40137,41.825212],[-71.401376,41.825259],[-71.401325,41.825263]]]},"properties":{"kind":"green"}},{"type":"Feature","id":"green:228","geometry":{"type":"Polygon","coordinates":[[[-71.4014,41.825193],[-71.401401,41.825198],[-71.401368,41.825201],[-71.401369,41.82521],[-71.401359,41.82521],[-71.401349,41.825212],[-71.40134,41.825216],[-71.401331,41.82522],[-71.401323,41.825225],[-71.401317,41.825231],[-71.401313,41.825238],[-71.40131,41.825246],[-71.401308,41.825253],[-71.401309,41.825261],[-71.401312,41.825282],[-71.401305,41.825282],[-71.401287,41.825284],[-71.401284,41.825266],[-71.401284,41.825253],[-71.401287,41.825241],[-71.401293,41.825229],[-71.401301,41.825218],[-71.401312,41.825208],[-71.401324,41.8252],[-71.401334,41.825195],[-71.401345,41.825192],[-71.401356,41.82519],[-71.401367,41.82519],[-71.401392,41.825188],[-71.401393,41.825188],[-71.401394,41.825189],[-71.401396,41.825189],[-71.401397,41.825189],[-71.401398,41.82519],[-71.401399,41.825191],[-71.401399,41.825192],[-71.4014,41.825193]]]},"properties":{"kind":"green"}},{"type":"Feature","id":"green:229","geometry":{"type":"Polygon","coordinates":[[[-71.401521,41.825233],[-71.401518,41.825214],[-71.401529,41.825214],[-71.40153,41.825214],[-71.40153,41.825214],[-71.401531,41.825214],[-71.401532,41.825214],[-71.401532,41.825214],[-71.401532,41.825215],[-71.401533,41.825215],[-71.401533,41.825216],[-71.401533,41.825216],[-71.401533,41.825217],[-71.401533,41.825217],[-71.401532,41.825217],[-71.401525,41.825232],[-71.401521,41.825233]]]},"properties":{"kind":"green"}},{"type":"Feature","id":"green:23","geometry":{"type":"Polygon","coordinates":[[[-71.400855,41.830457],[-71.400851,41.830458],[-71.400835,41.830459],[-71.40083,41.830417],[-71.400798,41.83042],[-71.400797,41.830414],[-71.40078,41.830416],[-71.40078,41.830421],[-71.400754,41.830423],[-71.400753,41.830411],[-71.400767,41.83041],[-71.400849,41.830406],[-71.400855,41.830457]]]},"properties":{"kind":"green"}},{"type":"Feature","id":"green:230","geometry":{"type":"Polygon","coordinates":[[[-71.401517,41.825204],[-71.401515,41.825189],[-71.401423,41.825196],[-71.401422,41.825191],[-71.401422,41.825191],[-71.401422,41.82519],[-71.401422,41.825189],[-71.401422,41.825189],[-71.401422,41.825188],[-71.401422,41.825188],[-71.401423,41.825187],[-71.401423,41.825187],[-71.401424,41.825186],[-71.401424,41.825186],[-71.401425,41.825186],[-71.401426,41.825186],[-71.40148,41.825182],[-71.401542,41.825176],[-71.401543,41.825176],[-71.401544,41.825177],[-71.401546,41.825177],[-71.401547,41.825178],[-71.401548,41.825179],[-71.401549,41.825179],[-71.401549,41.82518],[-71.401549,41.825181],[-71.40155,41.825182],[-71.401549,41.825183],[-71.401549,41.825184],[-71.401543,41.825196],[-71.401543,41.825197],[-71.401542,41.825198],[-71.401541,41.825199],[-71.40154,41.8252],[-71.401539,41.825201],[-71.401538,41.825201],[-71.401537,41.825201],[-71.401535,41.825202],[-71.401517,41.825204]]]},"properties":{"kind":"green"}},{"type":"Feature","id":"green:231","geometry":{"type":"Polygon","coordinates":[[[-71.401226,41.825192],[-71.401224,41.825192],[-71.401208,41.825072],[-71.401199,41.825007],[-71.401203,41.825006],[-71.40121,41.825008],[-71.401212,41.825008],[-71.401213,41.825009],[-71.401215,41.82501],[-71.401216,41.825011],[-71.401216,41.825012],[-71.401238,41.825053],[-71.40124,41.825069],[-71.401211,41.825074],[-71.401218,41.825125],[-71.401248,41.825124],[-71.40125,41.825141],[-71.401241,41.82518],[-71.40124,41.825182],[-71.401239,41.825185],[-71.401237,41.825187],[-71.401234,41.825189],[-71.401232,41.82519],[-71.401229,41.825191],[-71.401226,41.825192]]]},"properties":{"kind":"green"}},{"type":"Feature","id":"green:232","geometry":{"type":"Polygon","coordinates":[[[-71.401233,41.824929],[-71.401231,41.824929],[-71.401229,41.824929],[-71.401228,41.824929],[-71.401226,41.824928],[-71.401225,41.824927],[-71.401223,41.824927],[-71.401222,41.824925],[-71.401222,41.824924],[-71.401221,41.824923],[-71.401221,41.824922],[-71.401218,41.8249],[-71.401214,41.824873],[-71.401244,41.824871],[-71.401245,41.824874],[-71.40127,41.824872],[-71.401278,41.824922],[-71.401336,41.824918],[-71.401343,41.824971],[-71.401439,41.824963],[-71.401438,41.824969],[-71.401435,41.824974],[-71.401434,41.824976],[-71.401432,41.824977],[-71.40143,41.824978],[-71.401428,41.824979],[-71.401426,41.82498],[-71.401424,41.82498],[-71.401355,41.824985],[-71.40131,41.824989],[-71.401306,41.824989],[-71.401301,41.824989],[-71.401296,41.824989],[-71.401292,41.824987],[-71.401288,41.824986],[-71.401284,41.824984],[-71.401281,41.824981],[-71.401279,41.824978],[-71.401277,41.824975],[-71.401268,41.824959],[-71.401254,41.824934],[-71.401253,41.824932],[-71.401252,41.824931],[-71.401251,41.82493],[-71.40125,41.82493],[-71.401248,41.824929],[-71.401246,41.824929],[-71.401245,41.824928],[-71.401243,41.824928],[-71.401233,41.824929]]]},"properties":{"kind":"green"}},{"type":"Feature","id":"green:233","geometry":{"type":"Polygon","coordinates":[[[-71.401483,41.824919],[-71.401533,41.824915],[-71.401578,41.824912],[-71.401579,41.824911],[-71.40158,41.824912],[-71.401581,41.824912],[-71.401583,41.824912],[-71.401583,41.824913],[-71.401584,41.824914],[-71.401585,41.824914],[-71.401586,41.824915],[-71.401586,41.824916],[-71.401586,41.824917],[-71.401585,41.824926],[-71.401583,41.824934],[-71.401578,41.824942],[-71.401573,41.82495],[-71.401565,41.824957],[-71.401556,41.824962],[-71.401546,41.824967],[-71.401535,41.82497],[-71.401524,41.824972],[-71.401494,41.824975],[-71.40148,41.824976],[-71.401475,41.824976],[-71.40147,41.824975],[-71.401465,41.824974],[-71.401461,41.824972],[-71.401458,41.824971],[-71.401456,41.824969],[-71.401455,41.824967],[-71.401454,41.824965],[-71.401453,41.824963],[-71.401453,41.824961],[-71.401489,41.824958],[-71.401483,41.824919]]]},"properties":{"kind":"green"}},{"type":"Feature","id":"green:234","geometry":{"type":"Polygon","coordinates":[[[-71.401024,41.824544],[-71.401025,41.824547],[-71.401009,41.824548],[-71.401012,41.824565],[-71.400988,41.824567],[-71.400996,41.824626],[-71.400991,41.824627],[-71.400982,41.824567],[-71.400981,41.824556],[-71.400993,41.824547],[-71.401013,41.824545],[-71.401014,41.824545],[-71.401024,41.824544]]]},"properties":{"kind":"green"}},{"type":"Feature","id":"green:235","geometry":{"type":"Polygon","coordinates":[[[-71.400909,41.82465],[-71.400917,41.824715],[-71.401001,41.824708],[-71.401009,41.824757],[-71.401089,41.824751],[-71.401159,41.824746],[-71.401203,41.824743],[-71.401234,41.824741],[-71.401237,41.824759],[-71.401255,41.824758],[-71.40126,41.824796],[-71.401268,41.824852],[-71.401242,41.824854],[-71.401242,41.824857],[-71.401212,41.82486],[-71.401208,41.824842],[-71.4012,41.824825],[-71.401188,41.82481],[-71.401174,41.824796],[-71.401156,41.824784],[-71.401136,41.824774],[-71.401115,41.824767],[-71.401091,41.824763],[-71.401068,41.824761],[-71.400962,41.824768],[-71.400957,41.824768],[-71.400951,41.824768],[-71.400953,41.824761],[-71.400946,41.82476],[-71.40094,41.824759],[-71.400934,41.824756],[-71.400929,41.824753],[-71.400923,41.824748],[-71.400918,41.824742],[-71.400913,41.824736],[-71.400909,41.824729],[-71.4009,41.824659],[-71.4009,41.824658],[-71.4009,41.824656],[-71.400901,41.824655],[-71.400902,41.824654],[-71.400903,41.824653],[-71.400904,41.824652],[-71.400906,41.824651],[-71.400907,41.82465],[-71.400909,41.82465]]]},"properties":{"kind":"green"}},{"type":"Feature","id":"green:236","geometry":{"type":"Polygon","coordinates":[[[-71.401159,41.824936],[-71.401146,41.824838],[-71.401016,41.824848],[-71.401015,41.824843],[-71.401009,41.824801],[-71.401009,41.824799],[-71.40101,41.824797],[-71.401011,41.824794],[-71.401012,41.824792],[-71.401014,41.824791],[-71.401016,41.824789],[-71.401019,41.824788],[-71.401021,41.824787],[-71.401024,41.824786],[-71.401059,41.824783],[-71.401077,41.824783],[-71.401094,41.824785],[-71.401111,41.824789],[-71.401127,41.824795],[-71.401141,41.824803],[-71.401154,41.824812],[-71.401165,41.824823],[-71.401173,41.824834],[-71.401181,41.824855],[-71.401185,41.824876],[-71.401188,41.824896],[-71.401193,41.824932],[-71.401167,41.824935],[-71.401159,41.824936]]]},"properties":{"kind":"green"}},{"type":"Feature","id":"green:237","geometry":{"type":"Polygon","coordinates":[[[-71.400917,41.824856],[-71.40067,41.824875],[-71.400669,41.82487],[-71.400662,41.824821],[-71.400749,41.824814],[-71.400751,41.824827],[-71.400743,41.824828],[-71.400744,41.824833],[-71.400752,41.824833],[-71.400753,41.824835],[-71.400754,41.824835],[-71.400755,41.824835],[-71.400755,41.824835],[-71.400756,41.824835],[-71.400756,41.824835],[-71.400757,41.824836],[-71.400757,41.824836],[-71.400758,41.824836],[-71.400758,41.824837],[-71.400758,41.824837],[-71.400758,41.824837],[-71.400758,41.824838],[-71.400758,41.824838],[-71.400758,41.824839],[-71.400758,41.824839],[-71.400766,41.824841],[-71.400765,41.824845],[-71.400776,41.824847],[-71.400786,41.824848],[-71.400797,41.824847],[-71.400807,41.824845],[-71.400817,41.824841],[-71.400815,41.824837],[-71.400821,41.824834],[-71.400821,41.824834],[-71.400821,41.824833],[-71.400821,41.824832],[-71.400821,41.824832],[-71.400821,41.824831],[-71.400822,41.82483],[-71.400823,41.82483],[-71.400823,41.824829],[-71.400824,41.824829],[-71.400825,41.824829],[-71.400826,41.824829],[-71.400826,41.824827],[-71.400833,41.824827],[-71.400833,41.824821],[-71.400825,41.824822],[-71.400824,41.824809],[-71.400899,41.824802],[-71.4009,41.824802],[-71.400902,41.824802],[-71.400903,41.824802],[-71.400904,41.824802],[-71.400905,41.824803],[-71.400906,41.824803],[-71.400907,41.824804],[-71.400908,41.824805],[-71.400909,41.824806],[-71.400909,41.824807],[-71.40091,41.824809],[-71.400914,41.824837],[-71.400916,41.82485],[-71.400917,41.824856]]]},"properties":{"kind":"green"}},{"type":"Feature","id":"green:238","geometry":{"type":"Polygon","coordinates":[[[-71.40157,41.825174],[-71.401609,41.825171],[-71.401681,41.825166],[-71.401692,41.825168],[-71.401702,41.825172],[-71.401705,41.825174],[-71.401707,41.825175],[-71.401709,41.825177],[-71.401711,41.825179],[-71.401712,41.825182],[-71.401713,41.825184],[-71.401714,41.825192],[-71.401689,41.825194],[-71.401694,41.825219],[-71.401717,41.825217],[-71.401718,41.825221],[-71.40171,41.825222],[-71.401711,41.825229],[-71.401669,41.825232],[-71.401648,41.825234],[-71.401648,41.825247],[-71.401621,41.825249],[-71.401607,41.825251],[-71.401579,41.825252],[-71.401577,41.825239],[-71.401552,41.825241],[-71.401522,41.825243],[-71.401522,41.825241],[-71.401532,41.82524],[-71.401547,41.825211],[-71.401563,41.82518],[-71.401564,41.825179],[-71.401566,41.825177],[-71.401568,41.825175],[-71.40157,41.825174]]]},"properties":{"kind":"green"}},{"type":"Feature","id":"green:239","geometry":{"type":"Polygon","coordinates":[[[-71.400725,41.824739],[-71.400722,41.824735],[-71.40072,41.824731],[-71.400719,41.824727],[-71.400719,41.824723],[-71.400734,41.824689],[-71.400753,41.824656],[-71.400785,41.824608],[-71.400816,41.824565],[-71.400818,41.824562],[-71.400821,41.82456],[-71.400824,41.824558],[-71.400827,41.824557],[-71.400831,41.824556],[-71.400834,41.824555],[-71.400837,41.824555],[-71.40084,41.824555],[-71.400842,41.824555],[-71.400845,41.824556],[-71.400848,41.824557],[-71.400857,41.824556],[-71.400878,41.824715],[-71.400878,41.824723],[-71.400876,41.824731],[-71.400873,41.824739],[-71.400867,41.824746],[-71.40086,41.824753],[-71.400855,41.824757],[-71.400849,41.82476],[-71.400843,41.824762],[-71.400834,41.824764],[-71.400825,41.824766],[-71.400816,41.824766],[-71.400807,41.824766],[-71.400775,41.82476],[-71.400753,41.824754],[-71.400732,41.824745],[-71.400729,41.824744],[-71.400727,41.824742],[-71.400725,41.824739]]]},"properties":{"kind":"green"}},{"type":"Feature","id":"green:24","geometry":{"type":"Polygon","coordinates":[[[-71.407798,41.821628],[-71.407941,41.821503],[-71.407942,41.821503],[-71.407943,41.821502],[-71.407953,41.821508],[-71.407957,41.821505],[-71.408022,41.821546],[-71.408025,41.821547],[-71.408027,41.821549],[-71.408028,41.821551],[-71.408029,41.821553],[-71.40803,41.821555],[-71.40803,41.821557],[-71.408029,41.821559],[-71.408028,41.821561],[-71.408025,41.821569],[-71.408022,41.821576],[-71.408021,41.821584],[-71.40802,41.821586],[-71.408019,41.821588],[-71.408017,41.82159],[-71.408015,41.821591],[-71.408013,41.821593],[-71.408011,41.821594],[-71.408008,41.821594],[-71.407842,41.821636],[-71.407827,41.821637],[-71.407813,41.821636],[-71.407798,41.821628],[-71.407798,41.821628]]]},"properties":{"kind":"green"}},{"type":"Feature","id":"green:240","geometry":{"type":"Polygon","coordinates":[[[-71.400659,41.824474],[-71.400662,41.824474],[-71.400664,41.824475],[-71.400667,41.824476],[-71.400723,41.824492],[-71.400788,41.824513],[-71.400802,41.824521],[-71.4008,41.824539],[-71.400793,41.824557],[-71.400784,41.824574],[-71.400751,41.824624],[-71.400719,41.824666],[-71.400718,41.824669],[-71.400716,41.824672],[-71.400713,41.824674],[-71.40071,41.824676],[-71.400706,41.824677],[-71.400702,41.824678],[-71.400698,41.824679],[-71.400694,41.824679],[-71.40069,41.824678],[-71.400686,41.824677],[-71.400682,41.824675],[-71.400679,41.824673],[-71.400677,41.824671],[-71.400675,41.824668],[-71.400673,41.824665],[-71.400673,41.824662],[-71.400658,41.824566],[-71.400646,41.824481],[-71.400648,41.824479],[-71.400649,41.824478],[-71.400651,41.824476],[-71.400654,41.824475],[-71.400656,41.824475],[-71.400659,41.824474]]]},"properties":{"kind":"green"}},{"type":"Feature","id":"green:241","geometry":{"type":"Polygon","coordinates":[[[-71.400874,41.824467],[-71.400872,41.824438],[-71.400872,41.824435],[-71.400873,41.824432],[-71.400874,41.824429],[-71.400876,41.824426],[-71.400878,41.824423],[-71.400881,41.824421],[-71.400884,41.824419],[-71.400888,41.824417],[-71.400892,41.824416],[-71.400896,41.824416],[-71.400979,41.82441],[-71.401033,41.824406],[-71.401044,41.824406],[-71.401054,41.824407],[-71.401064,41.82441],[-71.401073,41.824414],[-71.401082,41.824418],[-71.401089,41.824424],[-71.401094,41.824431],[-71.401099,41.824438],[-71.401101,41.824446],[-71.401101,41.824454],[-71.4011,41.824463],[-71.401097,41.824471],[-71.401092,41.824478],[-71.401086,41.824485],[-71.401078,41.824491],[-71.401069,41.824496],[-71.401059,41.824499],[-71.401048,41.824501],[-71.400914,41.824512],[-71.400909,41.824513],[-71.400904,41.824513],[-71.400899,41.824512],[-71.400895,41.824511],[-71.400891,41.82451],[-71.400887,41.824507],[-71.400884,41.824505],[-71.400881,41.824502],[-71.400879,41.824499],[-71.400878,41.824495],[-71.400874,41.824467]]]},"properties":{"kind":"green"}},{"type":"Feature","id":"green:242","geometry":{"type":"Polygon","coordinates":[[[-71.400786,41.824495],[-71.400723,41.824475],[-71.400652,41.824453],[-71.400649,41.824452],[-71.400647,41.824451],[-71.400644,41.824449],[-71.400643,41.824448],[-71.400641,41.824446],[-71.40064,41.824443],[-71.40064,41.824441],[-71.400634,41.824406],[-71.400628,41.824362],[-71.400628,41.824359],[-71.400628,41.824357],[-71.400629,41.824354],[-71.40063,41.824351],[-71.400632,41.824349],[-71.400635,41.824347],[-71.400638,41.824345],[-71.400641,41.824344],[-71.400645,41.824343],[-71.400648,41.824343],[-71.400652,41.824343],[-71.400656,41.824343],[-71.400659,41.824344],[-71.400676,41.824351],[-71.400691,41.824361],[-71.400763,41.824419],[-71.400776,41.824431],[-71.400786,41.824444],[-71.400794,41.824459],[-71.400799,41.824474],[-71.400801,41.824489],[-71.4008,41.82449],[-71.400798,41.824492],[-71.400797,41.824493],[-71.400795,41.824494],[-71.400793,41.824494],[-71.40079,41.824495],[-71.400788,41.824495],[-71.400786,41.824495]]]},"properties":{"kind":"green"}},{"type":"Feature","id":"green:243","geometry":{"type":"Polygon","coordinates":[[[-71.40061,41.824236],[-71.40061,41.824236],[-71.400617,41.824236],[-71.400609,41.82421],[-71.400608,41.824204],[-71.400608,41.824198],[-71.400609,41.824192],[-71.400612,41.824187],[-71.400615,41.824182],[-71.40062,41.824177],[-71.400626,41.824173],[-71.400632,41.824169],[-71.400646,41.824164],[-71.400661,41.82416],[-71.400746,41.824153],[-71.400759,41.824157],[-71.400771,41.824163],[-71.400782,41.82417],[-71.40081,41.824191],[-71.400826,41.824317],[-71.400837,41.824387],[-71.400836,41.82439],[-71.400835,41.824393],[-71.400834,41.824396],[-71.400832,41.824398],[-71.400829,41.8244],[-71.400826,41.824402],[-71.400823,41.824403],[-71.400814,41.824405],[-71.400805,41.824405],[-71.400796,41.824404],[-71.400787,41.824402],[-71.400779,41.824399],[-71.400772,41.824395],[-71.40074,41.824376],[-71.400712,41.824353],[-71.40061,41.824236]]]},"properties":{"kind":"green"}},{"type":"Feature","id":"green:244","geometry":{"type":"Polygon","coordinates":[[[-71.400468,41.824912],[-71.400469,41.82492],[-71.40044,41.824922],[-71.400439,41.824917],[-71.400372,41.824922],[-71.40037,41.824922],[-71.400368,41.824922],[-71.400366,41.824921],[-71.400364,41.824921],[-71.400362,41.82492],[-71.40036,41.824918],[-71.400359,41.824917],[-71.400358,41.824916],[-71.400354,41.824884],[-71.400345,41.824806],[-71.400398,41.824803],[-71.400398,41.824806],[-71.400405,41.824806],[-71.400408,41.824828],[-71.400409,41.824874],[-71.400419,41.824874],[-71.400428,41.824876],[-71.400437,41.824878],[-71.400445,41.824882],[-71.400452,41.824887],[-71.400458,41.824892],[-71.400463,41.824898],[-71.400466,41.824905],[-71.400468,41.824912]]]},"properties":{"kind":"green"}},{"type":"Feature","id":"green:245","geometry":{"type":"Polygon","coordinates":[[[-71.400637,41.824712],[-71.400625,41.82464],[-71.400531,41.824647],[-71.400528,41.824625],[-71.400526,41.824605],[-71.40051,41.824606],[-71.400506,41.824586],[-71.400502,41.824555],[-71.400519,41.824554],[-71.400515,41.824518],[-71.400514,41.824506],[-71.400522,41.824505],[-71.400521,41.824499],[-71.400574,41.824495],[-71.40059,41.824494],[-71.400594,41.824494],[-71.400599,41.824494],[-71.400603,41.824495],[-71.400607,41.824496],[-71.400611,41.824498],[-71.400614,41.8245],[-71.400617,41.824502],[-71.400619,41.824505],[-71.40062,41.824508],[-71.400621,41.824511],[-71.400634,41.824594],[-71.40065,41.824703],[-71.400649,41.824705],[-71.400649,41.824706],[-71.400647,41.824707],[-71.400646,41.824709],[-71.400644,41.82471],[-71.400643,41.824711],[-71.40064,41.824711],[-71.400637,41.824712]]]},"properties":{"kind":"green"}},{"type":"Feature","id":"green:246","geometry":{"type":"Polygon","coordinates":[[[-71.400471,41.824936],[-71.400485,41.825031],[-71.400477,41.825032],[-71.400476,41.825021],[-71.400465,41.825022],[-71.400467,41.825032],[-71.400459,41.825033],[-71.400466,41.825077],[-71.400376,41.825083],[-71.400359,41.824957],[-71.400361,41.824955],[-71.400362,41.824954],[-71.400364,41.824952],[-71.400366,41.824951],[-71.400368,41.82495],[-71.400371,41.82495],[-71.400374,41.824949],[-71.400443,41.824943],[-71.400442,41.824938],[-71.400471,41.824936]]]},"properties":{"kind":"green"}},{"type":"Feature","id":"green:247","geometry":{"type":"Polygon","coordinates":[[[-71.40053,41.825342],[-71.400504,41.825344],[-71.400505,41.825347],[-71.40041,41.825355],[-71.400401,41.825291],[-71.400393,41.825223],[-71.400405,41.825222],[-71.400414,41.825287],[-71.400495,41.825281],[-71.400495,41.825281],[-71.400521,41.825279],[-71.400521,41.825284],[-71.40051,41.825285],[-71.400511,41.825294],[-71.400523,41.825293],[-71.400523,41.825295],[-71.400511,41.825296],[-71.400513,41.825305],[-71.400524,41.825304],[-71.400525,41.825308],[-71.400513,41.825309],[-71.400515,41.825318],[-71.400526,41.825317],[-71.40053,41.825342]]]},"properties":{"kind":"green"}},{"type":"Feature","id":"green:248","geometry":{"type":"Polygon","coordinates":[[[-71.400532,41.825361],[-71.400538,41.8254],[-71.400699,41.825386],[-71.400702,41.825406],[-71.401031,41.82538],[-71.401029,41.825361],[-71.401174,41.82535],[-71.401181,41.825406],[-71.401115,41.825412],[-71.401037,41.825418],[-71.400937,41.825426],[-71.400783,41.825438],[-71.40061,41.825452],[-71.400463,41.825463],[-71.400442,41.825452],[-71.40042,41.825442],[-71.400412,41.825368],[-71.400507,41.82536],[-71.400507,41.825363],[-71.400532,41.825361]]]},"properties":{"kind":"green"}},{"type":"Feature","id":"green:249","geometry":{"type":"Polygon","coordinates":[[[-71.401343,41.825374],[-71.401589,41.825354],[-71.401588,41.825341],[-71.401666,41.825335],[-71.401668,41.825348],[-71.401817,41.825336],[-71.401815,41.825323],[-71.401893,41.825317],[-71.401895,41.82533],[-71.402143,41.82531],[-71.402143,41.825309],[-71.402215,41.825303],[-71.402214,41.825292],[-71.402268,41.825287],[-71.402268,41.82529],[-71.402291,41.825289],[-71.402294,41.825306],[-71.402394,41.825298],[-71.402392,41.825281],[-71.402417,41.825279],[-71.402403,41.825178],[-71.402439,41.825176],[-71.40244,41.825189],[-71.402501,41.825184],[-71.402502,41.825194],[-71.402527,41.825193],[-71.402526,41.825182],[-71.402586,41.825177],[-71.40257,41.825069],[-71.402578,41.825068],[-71.402612,41.825067],[-71.402613,41.82514],[-71.402615,41.825212],[-71.402533,41.825219],[-71.40246,41.825225],[-71.40247,41.825303],[-71.402366,41.825311],[-71.402175,41.825326],[-71.401975,41.825341],[-71.401756,41.825359],[-71.401578,41.825373],[-71.401479,41.82538],[-71.401347,41.825391],[-71.401343,41.825374]]]},"properties":{"kind":"green"}},{"type":"Feature","id":"green:25","geometry":{"type":"Polygon","coordinates":[[[-71.401966,41.827596],[-71.402022,41.827919],[-71.401975,41.827923],[-71.401854,41.827934],[-71.401798,41.827612],[-71.401966,41.827596]]]},"properties":{"kind":"green"}},{"type":"Feature","id":"green:250","geometry":{"type":"Polygon","coordinates":[[[-71.402449,41.824813],[-71.402433,41.824815],[-71.402384,41.824818],[-71.402385,41.824831],[-71.402359,41.824833],[-71.402355,41.824807],[-71.402349,41.824768],[-71.402347,41.824751],[-71.402344,41.824733],[-71.40232,41.824735],[-71.402318,41.824717],[-71.40221,41.824727],[-71.402212,41.824743],[-71.402187,41.824746],[-71.402194,41.824786],[-71.402141,41.824791],[-71.402161,41.824936],[-71.402183,41.824934],[-71.402183,41.824936],[-71.402182,41.824938],[-71.402181,41.82494],[-71.40218,41.824942],[-71.402178,41.824944],[-71.402176,41.824945],[-71.402174,41.824946],[-71.402171,41.824947],[-71.402168,41.824947],[-71.402166,41.824947],[-71.402163,41.824947],[-71.40216,41.824946],[-71.402158,41.824945],[-71.402156,41.824944],[-71.402154,41.824942],[-71.402152,41.82494],[-71.402152,41.824939],[-71.402136,41.824843],[-71.402123,41.824739],[-71.40212,41.824718],[-71.40212,41.824714],[-71.402121,41.82471],[-71.402124,41.824706],[-71.402127,41.824702],[-71.40213,41.8247],[-71.402134,41.824697],[-71.402139,41.824696],[-71.402143,41.824694],[-71.402148,41.824693],[-71.402219,41.824691],[-71.402255,41.82469],[-71.402313,41.824699],[-71.402371,41.824712],[-71.402388,41.824718],[-71.402404,41.824726],[-71.402418,41.824736],[-71.40243,41.824747],[-71.402438,41.82476],[-71.402444,41.824773],[-71.402447,41.824787],[-71.402448,41.824806],[-71.402449,41.824813]]]},"properties":{"kind":"green"}},{"type":"Feature","id":"green:251","geometry":{"type":"Polygon","coordinates":[[[-71.40099,41.824381],[-71.400991,41.824382],[-71.40099,41.824383],[-71.40099,41.824384],[-71.40099,41.824385],[-71.400989,41.824386],[-71.400988,41.824386],[-71.400987,41.824387],[-71.400986,41.824387],[-71.400985,41.824388],[-71.400927,41.824392],[-71.400911,41.824389],[-71.400896,41.824384],[-71.400883,41.824378],[-71.400871,41.82437],[-71.400861,41.82436],[-71.400857,41.824335],[-71.400852,41.824296],[-71.400853,41.824295],[-71.400854,41.824294],[-71.400855,41.824293],[-71.400857,41.824292],[-71.400859,41.824291],[-71.400861,41.824291],[-71.400863,41.824291],[-71.400866,41.824318],[-71.400929,41.824313],[-71.400939,41.824386],[-71.40099,41.824381]]]},"properties":{"kind":"green"}},{"type":"Feature","id":"green:252","geometry":{"type":"Polygon","coordinates":[[[-71.401,41.824369],[-71.401092,41.824361],[-71.40109,41.824345],[-71.401113,41.824343],[-71.401107,41.824293],[-71.401101,41.824242],[-71.401188,41.824235],[-71.401255,41.82423],[-71.401256,41.824242],[-71.401321,41.824238],[-71.401323,41.824252],[-71.401325,41.824274],[-71.401325,41.824276],[-71.401323,41.824278],[-71.401321,41.824281],[-71.401319,41.824282],[-71.401316,41.824284],[-71.401313,41.824285],[-71.40131,41.824286],[-71.401306,41.824287],[-71.401303,41.824287],[-71.401263,41.824292],[-71.401226,41.824301],[-71.401191,41.824316],[-71.401159,41.824335],[-71.401133,41.824357],[-71.401124,41.824364],[-71.401113,41.82437],[-71.401102,41.824375],[-71.401089,41.824378],[-71.401077,41.82438],[-71.401009,41.824386],[-71.401007,41.824386],[-71.401006,41.824385],[-71.401004,41.824384],[-71.401003,41.824383],[-71.401002,41.824382],[-71.401001,41.824381],[-71.401001,41.82438],[-71.401001,41.824379],[-71.401,41.824369]]]},"properties":{"kind":"green"}},{"type":"Feature","id":"green:253","geometry":{"type":"Polygon","coordinates":[[[-71.401349,41.82425],[-71.401347,41.824236],[-71.401416,41.824232],[-71.401409,41.824188],[-71.401401,41.82413],[-71.4014,41.82412],[-71.401507,41.824112],[-71.401502,41.824069],[-71.40154,41.824066],[-71.401541,41.824066],[-71.401543,41.824066],[-71.401544,41.824067],[-71.401545,41.824067],[-71.401546,41.824068],[-71.401547,41.824069],[-71.401548,41.82407],[-71.401559,41.824145],[-71.401571,41.824235],[-71.401571,41.824241],[-71.401569,41.824246],[-71.401566,41.824251],[-71.401562,41.824256],[-71.401557,41.82426],[-71.401551,41.824263],[-71.401544,41.824266],[-71.401537,41.824267],[-71.40153,41.824268],[-71.401451,41.824274],[-71.401373,41.82428],[-71.40137,41.82428],[-71.401366,41.824279],[-71.401363,41.824278],[-71.40136,41.824277],[-71.401357,41.824275],[-71.401355,41.824273],[-71.401353,41.824271],[-71.401352,41.824268],[-71.401351,41.824266],[-71.401349,41.82425]]]},"properties":{"kind":"green"}},{"type":"Feature","id":"green:254","geometry":{"type":"Polygon","coordinates":[[[-71.401499,41.824052],[-71.401494,41.824017],[-71.401502,41.824016],[-71.4015,41.824],[-71.401522,41.823997],[-71.401511,41.823916],[-71.401489,41.823917],[-71.401487,41.823903],[-71.401482,41.823903],[-71.401477,41.823863],[-71.401487,41.823862],[-71.401523,41.823859],[-71.401524,41.823862],[-71.401524,41.823862],[-71.401531,41.823902],[-71.401549,41.823901],[-71.401555,41.823946],[-71.401562,41.823991],[-71.401549,41.824009],[-71.401546,41.824013],[-71.401544,41.824017],[-71.401542,41.824022],[-71.401542,41.824026],[-71.401542,41.824031],[-71.401544,41.824044],[-71.401544,41.824045],[-71.401544,41.824045],[-71.401544,41.824046],[-71.401544,41.824047],[-71.401543,41.824047],[-71.401543,41.824048],[-71.401542,41.824048],[-71.401541,41.824049],[-71.40154,41.824049],[-71.401539,41.824049],[-71.401515,41.824052],[-71.401499,41.824052]]]},"properties":{"kind":"green"}},{"type":"Feature","id":"green:255","geometry":{"type":"Polygon","coordinates":[[[-71.401477,41.823901],[-71.401229,41.82392],[-71.401231,41.82393],[-71.401084,41.823943],[-71.401083,41.823938],[-71.400828,41.823957],[-71.400829,41.82397],[-71.400758,41.823976],[-71.400756,41.823963],[-71.4006,41.823975],[-71.400602,41.823988],[-71.400531,41.823993],[-71.400529,41.82398],[-71.400272,41.824],[-71.400274,41.824013],[-71.400262,41.824015],[-71.400262,41.824019],[-71.400253,41.82402],[-71.400264,41.8241],[-71.400286,41.824099],[-71.400289,41.824117],[-71.400312,41.824115],[-71.400317,41.824158],[-71.400267,41.824162],[-71.400267,41.824161],[-71.400265,41.824161],[-71.400242,41.82399],[-71.400524,41.823961],[-71.400655,41.823948],[-71.400806,41.823932],[-71.400974,41.823915],[-71.401097,41.823903],[-71.401237,41.823888],[-71.40136,41.823875],[-71.401473,41.823864],[-71.401477,41.823901]]]},"properties":{"kind":"green"}},{"type":"Feature","id":"green:256","geometry":{"type":"Polygon","coordinates":[[[-71.400568,41.824254],[-71.400564,41.824226],[-71.400477,41.824232],[-71.400473,41.824191],[-71.400448,41.824192],[-71.400447,41.824175],[-71.400481,41.824172],[-71.400495,41.824171],[-71.400509,41.824172],[-71.400522,41.824174],[-71.400535,41.824179],[-71.400547,41.824184],[-71.400558,41.824191],[-71.400566,41.8242],[-71.400573,41.824209],[-71.400578,41.824219],[-71.400581,41.824237],[-71.400582,41.824245],[-71.400581,41.824247],[-71.400581,41.824248],[-71.40058,41.824249],[-71.400579,41.82425],[-71.400578,41.824251],[-71.400577,41.824252],[-71.400576,41.824252],[-71.400574,41.824253],[-71.400572,41.824253],[-71.400568,41.824254]]]},"properties":{"kind":"green"}},{"type":"Feature","id":"green:257","geometry":{"type":"Polygon","coordinates":[[[-71.400323,41.824202],[-71.400315,41.824203],[-71.40034,41.824394],[-71.400358,41.824393],[-71.400365,41.824447],[-71.400347,41.824448],[-71.400363,41.824564],[-71.40038,41.824563],[-71.400387,41.824617],[-71.400369,41.824618],[-71.400394,41.8248],[-71.400349,41.824803],[-71.400337,41.824714],[-71.400326,41.824626],[-71.400314,41.824536],[-71.400303,41.824448],[-71.400291,41.824359],[-71.40028,41.824271],[-71.400269,41.824185],[-71.40027,41.824185],[-71.40027,41.824184],[-71.40032,41.82418],[-71.400323,41.824202]]]},"properties":{"kind":"green"}},{"type":"Feature","id":"green:258","geometry":{"type":"Polygon","coordinates":[[[-71.40217,41.82457],[-71.402149,41.824571],[-71.402149,41.82457],[-71.40212,41.824571],[-71.402115,41.824571],[-71.40211,41.82457],[-71.402105,41.824569],[-71.402103,41.824568],[-71.402101,41.824567],[-71.402099,41.824565],[-71.402098,41.824564],[-71.402097,41.824562],[-71.402096,41.82456],[-71.402096,41.824558],[-71.402094,41.824545],[-71.402093,41.824535],[-71.402093,41.824534],[-71.402094,41.824532],[-71.402095,41.82453],[-71.402096,41.824529],[-71.402097,41.824527],[-71.402099,41.824526],[-71.402101,41.824524],[-71.402104,41.824523],[-71.402107,41.824522],[-71.40211,41.824522],[-71.402113,41.824521],[-71.402161,41.824515],[-71.402162,41.824518],[-71.402168,41.824517],[-71.402169,41.824544],[-71.40217,41.82457]]]},"properties":{"kind":"green"}},{"type":"Feature","id":"green:259","geometry":{"type":"Polygon","coordinates":[[[-71.402259,41.824512],[-71.402259,41.824523],[-71.402181,41.824524],[-71.402178,41.824512],[-71.402259,41.824512]]]},"properties":{"kind":"green"}},{"type":"Feature","id":"green:26","geometry":{"type":"Polygon","coordinates":[[[-71.40192,41.82733],[-71.401964,41.827582],[-71.401796,41.827598],[-71.401735,41.827247],[-71.401903,41.827231],[-71.40192,41.82733]]]},"properties":{"kind":"green"}},{"type":"Feature","id":"green:260","geometry":{"type":"Polygon","coordinates":[[[-71.402158,41.824504],[-71.402116,41.824509],[-71.402111,41.82451],[-71.402106,41.824509],[-71.402102,41.824508],[-71.402097,41.824507],[-71.402093,41.824505],[-71.402088,41.824502],[-71.402084,41.824499],[-71.402081,41.824495],[-71.402078,41.824475],[-71.402164,41.824469],[-71.402171,41.8245],[-71.402158,41.824501],[-71.402158,41.824504]]]},"properties":{"kind":"green"}},{"type":"Feature","id":"green:261","geometry":{"type":"Polygon","coordinates":[[[-71.401932,41.824925],[-71.402028,41.824917],[-71.402021,41.824864],[-71.402079,41.82486],[-71.402077,41.824843],[-71.402065,41.824764],[-71.402057,41.824706],[-71.402054,41.82469],[-71.40205,41.824658],[-71.402064,41.824657],[-71.402062,41.824639],[-71.402057,41.824607],[-71.402068,41.824606],[-71.402068,41.824603],[-71.402073,41.824603],[-71.402083,41.824669],[-71.402093,41.824741],[-71.402113,41.824888],[-71.40211,41.824888],[-71.402106,41.824889],[-71.402103,41.82489],[-71.4021,41.824891],[-71.402097,41.824893],[-71.402095,41.824895],[-71.402093,41.824897],[-71.402091,41.824899],[-71.402091,41.824902],[-71.402088,41.824907],[-71.402084,41.824911],[-71.402079,41.824915],[-71.402074,41.824918],[-71.402067,41.82492],[-71.402047,41.82493],[-71.402038,41.824932],[-71.401945,41.824939],[-71.401943,41.824939],[-71.401941,41.824939],[-71.40194,41.824939],[-71.401938,41.824938],[-71.401937,41.824937],[-71.401935,41.824936],[-71.401934,41.824935],[-71.401934,41.824934],[-71.401933,41.824933],[-71.401932,41.824925]]]},"properties":{"kind":"green"}},{"type":"Feature","id":"green:262","geometry":{"type":"Polygon","coordinates":[[[-71.402528,41.824807],[-71.402475,41.824811],[-71.402474,41.824804],[-71.402472,41.824786],[-71.402468,41.824768],[-71.40246,41.824751],[-71.402448,41.824735],[-71.402433,41.82472],[-71.402414,41.824708],[-71.402393,41.824699],[-71.402333,41.82468],[-71.40227,41.824668],[-71.402221,41.824669],[-71.402147,41.824671],[-71.402142,41.824672],[-71.402137,41.824671],[-71.402132,41.82467],[-71.402127,41.824669],[-71.402123,41.824667],[-71.402119,41.824664],[-71.402115,41.824661],[-71.402113,41.824658],[-71.402111,41.824654],[-71.40211,41.824651],[-71.402104,41.824612],[-71.402143,41.824608],[-71.402142,41.82459],[-71.40215,41.82459],[-71.40215,41.824589],[-71.402171,41.824589],[-71.402173,41.824639],[-71.402331,41.824636],[-71.402331,41.824624],[-71.402419,41.824622],[-71.402507,41.824621],[-71.402528,41.824807]]]},"properties":{"kind":"green","label":"Wriston Quadrangle","rank":0,"sortKey":0.0,"labelMinZoom":0,"placeId":"wriston-quadrangle"}},{"type":"Feature","id":"green:263","geometry":{"type":"Polygon","coordinates":[[[-71.40205,41.824585],[-71.402044,41.82454],[-71.402026,41.824542],[-71.402018,41.824483],[-71.402036,41.824482],[-71.402035,41.824478],[-71.402063,41.824476],[-71.402067,41.824504],[-71.40206,41.824504],[-71.402071,41.824586],[-71.402066,41.824586],[-71.402065,41.824583],[-71.40205,41.824585]]]},"properties":{"kind":"green"}},{"type":"Feature","id":"green:264","geometry":{"type":"Polygon","coordinates":[[[-71.402035,41.824476],[-71.40203,41.824443],[-71.402058,41.824441],[-71.402063,41.824474],[-71.402035,41.824476]]]},"properties":{"kind":"green"}},{"type":"Feature","id":"green:265","geometry":{"type":"Polygon","coordinates":[[[-71.40169,41.824393],[-71.401683,41.824342],[-71.401612,41.824347],[-71.401611,41.824339],[-71.401579,41.824319],[-71.401577,41.824321],[-71.401608,41.82434],[-71.401609,41.824347],[-71.401522,41.824354],[-71.401524,41.824368],[-71.401458,41.824373],[-71.401456,41.824359],[-71.401424,41.824362],[-71.401415,41.824302],[-71.401415,41.824301],[-71.401416,41.824301],[-71.401416,41.824301],[-71.401416,41.8243],[-71.401416,41.8243],[-71.401417,41.824299],[-71.401417,41.824299],[-71.401578,41.824285],[-71.401606,41.824284],[-71.401633,41.824286],[-71.401659,41.82429],[-71.401682,41.824296],[-71.401703,41.824304],[-71.401722,41.824315],[-71.401739,41.824328],[-71.401752,41.824343],[-71.401763,41.82436],[-71.401769,41.824377],[-71.401769,41.824379],[-71.401769,41.824381],[-71.401769,41.824383],[-71.401768,41.824385],[-71.401766,41.824386],[-71.401765,41.824388],[-71.401762,41.824389],[-71.40176,41.82439],[-71.401758,41.824391],[-71.401755,41.824391],[-71.401699,41.824397],[-71.401698,41.824392],[-71.40169,41.824393]]]},"properties":{"kind":"green"}},{"type":"Feature","id":"green:266","geometry":{"type":"Polygon","coordinates":[[[-71.400988,41.824365],[-71.400989,41.824367],[-71.400989,41.824368],[-71.400989,41.824367],[-71.400956,41.82437],[-71.400945,41.824291],[-71.400949,41.824291],[-71.400957,41.82435],[-71.400981,41.824348],[-71.400984,41.824365],[-71.400988,41.824365]]]},"properties":{"kind":"green"}},{"type":"Feature","id":"green:267","geometry":{"type":"Polygon","coordinates":[[[-71.400511,41.824483],[-71.400504,41.824436],[-71.400487,41.824437],[-71.40048,41.824385],[-71.400497,41.824384],[-71.400492,41.824342],[-71.40058,41.824336],[-71.40057,41.824264],[-71.400576,41.824265],[-71.400578,41.824265],[-71.40058,41.824266],[-71.400581,41.824266],[-71.400582,41.824267],[-71.400583,41.824268],[-71.400584,41.824269],[-71.400585,41.824271],[-71.400585,41.824272],[-71.400602,41.824381],[-71.400613,41.824454],[-71.400614,41.824457],[-71.400614,41.824461],[-71.400613,41.824465],[-71.400612,41.824469],[-71.40061,41.824472],[-71.400607,41.824475],[-71.400603,41.824478],[-71.400599,41.82448],[-71.400594,41.824482],[-71.400589,41.824483],[-71.400563,41.824485],[-71.400561,41.824469],[-71.400527,41.824472],[-71.400528,41.824488],[-71.40052,41.824489],[-71.400519,41.824483],[-71.400511,41.824483]]]},"properties":{"kind":"green"}},{"type":"Feature","id":"green:268","geometry":{"type":"Polygon","coordinates":[[[-71.400701,41.824094],[-71.40071,41.824093],[-71.40071,41.824088],[-71.400776,41.824084],[-71.400774,41.824069],[-71.400838,41.824064],[-71.400841,41.824077],[-71.400898,41.824073],[-71.400903,41.824105],[-71.400995,41.824098],[-71.400996,41.824104],[-71.400996,41.824105],[-71.400995,41.824106],[-71.400994,41.824107],[-71.400993,41.824108],[-71.400991,41.824109],[-71.40099,41.82411],[-71.400988,41.82411],[-71.400986,41.824111],[-71.400932,41.824115],[-71.400851,41.824121],[-71.400814,41.824124],[-71.400739,41.824129],[-71.400733,41.824129],[-71.400728,41.824128],[-71.400723,41.824127],[-71.400719,41.824125],[-71.400715,41.824122],[-71.400711,41.824119],[-71.400708,41.824116],[-71.400706,41.824112],[-71.400705,41.824108],[-71.400701,41.824094]]]},"properties":{"kind":"green"}},{"type":"Feature","id":"green:269","geometry":{"type":"Polygon","coordinates":[[[-71.401572,41.824721],[-71.401596,41.824719],[-71.401598,41.824735],[-71.40165,41.824731],[-71.401712,41.824725],[-71.401711,41.82471],[-71.401734,41.824709],[-71.401722,41.824617],[-71.401714,41.824558],[-71.401708,41.824511],[-71.40169,41.824513],[-71.401683,41.824465],[-71.4017,41.824463],[-71.401693,41.824412],[-71.4017,41.824411],[-71.4017,41.824407],[-71.401757,41.824402],[-71.401762,41.824403],[-71.401767,41.824405],[-71.401771,41.824407],[-71.401774,41.82441],[-71.401777,41.824413],[-71.40178,41.824417],[-71.401795,41.82453],[-71.401804,41.824598],[-71.401805,41.824625],[-71.4018,41.824652],[-71.40179,41.824678],[-71.401774,41.824703],[-71.401754,41.824726],[-71.401729,41.824746],[-71.401714,41.824755],[-71.401696,41.824762],[-71.401678,41.824767],[-71.401658,41.824769],[-71.401638,41.824769],[-71.401623,41.824768],[-71.401609,41.824765],[-71.401595,41.824761],[-71.401582,41.824755],[-71.40158,41.824753],[-71.401578,41.824752],[-71.401577,41.82475],[-71.401576,41.824748],[-71.401576,41.824746],[-71.401572,41.824721]]]},"properties":{"kind":"green"}},{"type":"Feature","id":"green:27","geometry":{"type":"Polygon","coordinates":[[[-71.402444,41.829961],[-71.402432,41.829959],[-71.40242,41.829955],[-71.40241,41.82995],[-71.402397,41.829941],[-71.402385,41.829931],[-71.402376,41.82992],[-71.402367,41.829905],[-71.402362,41.829889],[-71.402344,41.829761],[-71.402327,41.829633],[-71.402327,41.829621],[-71.402328,41.82961],[-71.402332,41.829599],[-71.402338,41.829589],[-71.402346,41.829579],[-71.402358,41.82957],[-71.402371,41.829563],[-71.402386,41.829557],[-71.402402,41.829552],[-71.402419,41.82955],[-71.402436,41.829549],[-71.402465,41.829548],[-71.402494,41.82955],[-71.402522,41.829555],[-71.402535,41.829557],[-71.402547,41.829561],[-71.402558,41.829567],[-71.402567,41.829573],[-71.402575,41.829581],[-71.402581,41.82959],[-71.402584,41.829599],[-71.402586,41.829608],[-71.40259,41.829641],[-71.402608,41.829777],[-71.402619,41.829861],[-71.402621,41.829896],[-71.40262,41.829901],[-71.402619,41.829907],[-71.402615,41.829912],[-71.402611,41.829917],[-71.402606,41.829921],[-71.4026,41.829924],[-71.402593,41.829927],[-71.402536,41.829945],[-71.402477,41.82996],[-71.402469,41.829962],[-71.402461,41.829962],[-71.402452,41.829962],[-71.402444,41.829961]]]},"properties":{"kind":"green","label":"Pembroke Green","rank":0,"sortKey":0.0,"labelMinZoom":0,"placeId":"pembroke-green"}},{"type":"Feature","id":"green:270","geometry":{"type":"Polygon","coordinates":[[[-71.402595,41.824229],[-71.402469,41.824231],[-71.402372,41.824232],[-71.402373,41.824241],[-71.402337,41.824242],[-71.402337,41.824252],[-71.40233,41.824252],[-71.402329,41.824222],[-71.402368,41.824221],[-71.402368,41.824212],[-71.402405,41.824212],[-71.402405,41.82422],[-71.402496,41.824219],[-71.402587,41.824216],[-71.402587,41.824217],[-71.402595,41.824217],[-71.402595,41.824229]]]},"properties":{"kind":"green"}},{"type":"Feature","id":"green:271","geometry":{"type":"Polygon","coordinates":[[[-71.402325,41.824219],[-71.402326,41.824252],[-71.40228,41.824253],[-71.402279,41.82423],[-71.40228,41.824227],[-71.402282,41.824225],[-71.402284,41.824222],[-71.402286,41.824219],[-71.402288,41.824218],[-71.402289,41.824217],[-71.402291,41.824217],[-71.402294,41.824216],[-71.402296,41.824216],[-71.402298,41.824216],[-71.402325,41.824219]]]},"properties":{"kind":"green"}},{"type":"Feature","id":"green:272","geometry":{"type":"Polygon","coordinates":[[[-71.4026,41.824433],[-71.402505,41.824434],[-71.402504,41.824432],[-71.402501,41.824432],[-71.402499,41.824351],[-71.402499,41.824351],[-71.402499,41.824341],[-71.402551,41.824341],[-71.402598,41.82434],[-71.4026,41.824433]]]},"properties":{"kind":"green"}},{"type":"Feature","id":"green:273","geometry":{"type":"Polygon","coordinates":[[[-71.402502,41.824084],[-71.402502,41.824086],[-71.402502,41.824088],[-71.402501,41.824091],[-71.402499,41.824093],[-71.402497,41.824094],[-71.402495,41.824096],[-71.402492,41.824097],[-71.402442,41.824098],[-71.402414,41.824098],[-71.40241,41.824098],[-71.40241,41.824084],[-71.402414,41.824084],[-71.402414,41.824085],[-71.402425,41.824085],[-71.402425,41.824094],[-71.40245,41.824094],[-71.402449,41.824085],[-71.402464,41.824084],[-71.402464,41.824093],[-71.402489,41.824093],[-71.402489,41.824084],[-71.402502,41.824084]]]},"properties":{"kind":"green"}},{"type":"Feature","id":"green:274","geometry":{"type":"Polygon","coordinates":[[[-71.402588,41.824162],[-71.402553,41.824162],[-71.402551,41.824113],[-71.402552,41.824084],[-71.402584,41.824083],[-71.402584,41.824084],[-71.402586,41.824084],[-71.402587,41.824124],[-71.402585,41.824124],[-71.402585,41.82413],[-71.402587,41.82413],[-71.402588,41.824162]]]},"properties":{"kind":"green"}},{"type":"Feature","id":"green:275","geometry":{"type":"Polygon","coordinates":[[[-71.402494,41.824217],[-71.402409,41.824218],[-71.402408,41.824211],[-71.402414,41.824206],[-71.402493,41.824202],[-71.402494,41.824217]]]},"properties":{"kind":"green"}},{"type":"Feature","id":"green:276","geometry":{"type":"Polygon","coordinates":[[[-71.402585,41.823974],[-71.402526,41.823974],[-71.402501,41.823975],[-71.4025,41.823937],[-71.402497,41.823937],[-71.402496,41.823905],[-71.402581,41.823906],[-71.402581,41.823907],[-71.402584,41.823907],[-71.402585,41.823974]]]},"properties":{"kind":"green"}},{"type":"Feature","id":"green:277","geometry":{"type":"Polygon","coordinates":[[[-71.402586,41.824064],[-71.402536,41.824065],[-71.402536,41.824081],[-71.4025,41.824081],[-71.4025,41.824049],[-71.402502,41.824049],[-71.402501,41.824011],[-71.402527,41.824011],[-71.402587,41.82401],[-71.402586,41.824064]]]},"properties":{"kind":"green"}},{"type":"Feature","id":"green:278","geometry":{"type":"Polygon","coordinates":[[[-71.402587,41.824074],[-71.402587,41.824078],[-71.402584,41.824078],[-71.402584,41.824081],[-71.402552,41.824081],[-71.402553,41.824074],[-71.402587,41.824074]]]},"properties":{"kind":"green"}},{"type":"Feature","id":"green:279","geometry":{"type":"Polygon","coordinates":[[[-71.402303,41.823905],[-71.402302,41.823905],[-71.402302,41.823894],[-71.402278,41.823895],[-71.402278,41.823905],[-71.402248,41.823905],[-71.402248,41.823894],[-71.4022,41.823894],[-71.4022,41.823906],[-71.40218,41.823906],[-71.40218,41.823907],[-71.402098,41.823907],[-71.402098,41.823905],[-71.402096,41.823905],[-71.402094,41.823881],[-71.402091,41.823881],[-71.40209,41.82387],[-71.402094,41.82387],[-71.402092,41.823846],[-71.402094,41.823846],[-71.402094,41.823844],[-71.40238,41.823838],[-71.40258,41.823832],[-71.40258,41.823834],[-71.402583,41.823834],[-71.402584,41.823902],[-71.402581,41.823902],[-71.402581,41.823903],[-71.402496,41.823902],[-71.402473,41.823903],[-71.402473,41.8239],[-71.402472,41.823898],[-71.40247,41.823895],[-71.402468,41.823893],[-71.402465,41.823891],[-71.402462,41.82389],[-71.402459,41.823889],[-71.402456,41.823888],[-71.402452,41.823888],[-71.402449,41.823888],[-71.402445,41.823889],[-71.402442,41.82389],[-71.402439,41.823892],[-71.402437,41.823893],[-71.402435,41.823896],[-71.402433,41.823898],[-71.402433,41.823901],[-71.402432,41.823903],[-71.402398,41.823904],[-71.402397,41.823886],[-71.402365,41.823886],[-71.402361,41.823883],[-71.402356,41.82388],[-71.402351,41.823878],[-71.402345,41.823877],[-71.402339,41.823877],[-71.402334,41.823877],[-71.402328,41.823878],[-71.402322,41.823879],[-71.402317,41.823882],[-71.402313,41.823885],[-71.402309,41.823888],[-71.402306,41.823892],[-71.402304,41.823896],[-71.402303,41.8239],[-71.402303,41.823905]]]},"properties":{"kind":"green"}},{"type":"Feature","id":"green:28","geometry":{"type":"Polygon","coordinates":[[[-71.403008,41.829554],[-71.403007,41.829546],[-71.403013,41.829543],[-71.403018,41.82954],[-71.403023,41.829536],[-71.403027,41.829531],[-71.403029,41.829526],[-71.403031,41.82952],[-71.403031,41.829515],[-71.40303,41.829509],[-71.403028,41.829504],[-71.403024,41.829499],[-71.40302,41.829495],[-71.403015,41.829491],[-71.403009,41.829488],[-71.403002,41.829485],[-71.402995,41.829484],[-71.402993,41.829477],[-71.402996,41.829476],[-71.403005,41.829477],[-71.403013,41.829479],[-71.40302,41.829482],[-71.403027,41.829486],[-71.403033,41.829491],[-71.403038,41.829496],[-71.403041,41.829502],[-71.403043,41.829508],[-71.403044,41.829514],[-71.403044,41.829521],[-71.403042,41.829527],[-71.403039,41.829534],[-71.403035,41.829539],[-71.40303,41.829545],[-71.403023,41.829549],[-71.403016,41.829553],[-71.403008,41.829554]]]},"properties":{"kind":"green"}},{"type":"Feature","id":"green:280","geometry":{"type":"Polygon","coordinates":[[[-71.402502,41.824116],[-71.402461,41.824117],[-71.402419,41.824118],[-71.402365,41.824119],[-71.402365,41.824093],[-71.402365,41.824085],[-71.402392,41.824084],[-71.402392,41.82411],[-71.402429,41.82411],[-71.402442,41.82411],[-71.402467,41.824109],[-71.402492,41.824109],[-71.402494,41.824109],[-71.402496,41.82411],[-71.402497,41.82411],[-71.402499,41.824111],[-71.4025,41.824112],[-71.402501,41.824114],[-71.402502,41.824115],[-71.402502,41.824116]]]},"properties":{"kind":"green"}},{"type":"Feature","id":"green:281","geometry":{"type":"Polygon","coordinates":[[[-71.40122,41.825192],[-71.401195,41.825194],[-71.40117,41.825012],[-71.401196,41.82501],[-71.40122,41.825192]]]},"properties":{"kind":"green"}},{"type":"Feature","id":"green:282","geometry":{"type":"Polygon","coordinates":[[[-71.40358,41.830377],[-71.403567,41.830379],[-71.403563,41.830362],[-71.403558,41.830363],[-71.403554,41.830345],[-71.40356,41.830344],[-71.403557,41.830332],[-71.403559,41.830332],[-71.403561,41.830332],[-71.403563,41.830332],[-71.403565,41.830333],[-71.403567,41.830334],[-71.403569,41.830334],[-71.40357,41.830336],[-71.403571,41.830337],[-71.403572,41.830338],[-71.403572,41.83034],[-71.40358,41.830377]]]},"properties":{"kind":"green"}},{"type":"Feature","id":"green:283","geometry":{"type":"Polygon","coordinates":[[[-71.403549,41.830291],[-71.403534,41.830221],[-71.403547,41.83022],[-71.40356,41.83028],[-71.40356,41.830282],[-71.40356,41.830283],[-71.403559,41.830285],[-71.403559,41.830286],[-71.403558,41.830287],[-71.403556,41.830289],[-71.403555,41.83029],[-71.403553,41.83029],[-71.403551,41.830291],[-71.403549,41.830291]]]},"properties":{"kind":"green"}},{"type":"Feature","id":"green:284","geometry":{"type":"Polygon","coordinates":[[[-71.403537,41.830167],[-71.403524,41.830169],[-71.403514,41.83012],[-71.403508,41.830121],[-71.403504,41.830101],[-71.403509,41.8301],[-71.403497,41.830041],[-71.40351,41.83004],[-71.403537,41.830167]]]},"properties":{"kind":"green"}},{"type":"Feature","id":"green:285","geometry":{"type":"Polygon","coordinates":[[[-71.403087,41.829937],[-71.403091,41.829981],[-71.403056,41.829983],[-71.403051,41.829939],[-71.403053,41.829939],[-71.403087,41.829937]]]},"properties":{"kind":"green"}},{"type":"Feature","id":"green:286","geometry":{"type":"Polygon","coordinates":[[[-71.402596,41.824259],[-71.402549,41.824259],[-71.4025,41.824259],[-71.4025,41.82425],[-71.402481,41.82425],[-71.40248,41.824241],[-71.402527,41.82424],[-71.402595,41.824239],[-71.402596,41.824259]]]},"properties":{"kind":"green"}},{"type":"Feature","id":"green:287","geometry":{"type":"Polygon","coordinates":[[[-71.397115,41.824474],[-71.397137,41.824914],[-71.397135,41.824914],[-71.397135,41.824915],[-71.397108,41.824916],[-71.397097,41.824916],[-71.397006,41.824875],[-71.396908,41.82483],[-71.396683,41.824834],[-71.396608,41.824835],[-71.396571,41.824829],[-71.396548,41.824809],[-71.396553,41.824809],[-71.396563,41.824808],[-71.396574,41.824807],[-71.396584,41.824804],[-71.396606,41.824792],[-71.396626,41.824778],[-71.396634,41.824772],[-71.396643,41.824767],[-71.396653,41.824762],[-71.396664,41.824759],[-71.396675,41.824758],[-71.396723,41.824754],[-71.396735,41.824752],[-71.396747,41.82475],[-71.396758,41.824745],[-71.396769,41.82474],[-71.396778,41.824733],[-71.396815,41.824703],[-71.396846,41.824669],[-71.396869,41.824631],[-71.396892,41.824613],[-71.396892,41.824593],[-71.396874,41.824593],[-71.396874,41.824576],[-71.396896,41.824576],[-71.396895,41.824572],[-71.397005,41.82457],[-71.397002,41.824476],[-71.397026,41.824475],[-71.397115,41.824474]]]},"properties":{"kind":"green"}},{"type":"Feature","id":"green:288","geometry":{"type":"Polygon","coordinates":[[[-71.401834,41.830678],[-71.401837,41.830715],[-71.401838,41.830729],[-71.401787,41.830732],[-71.401786,41.830719],[-71.401784,41.830719],[-71.401782,41.830701],[-71.401784,41.830701],[-71.401786,41.830697],[-71.401792,41.830695],[-71.401791,41.83068],[-71.401834,41.830678]]]},"properties":{"kind":"green"}},{"type":"Feature","id":"green:289","geometry":{"type":"MultiPolygon","coordinates":[[[[-71.401242,41.830621],[-71.401251,41.830692],[-71.401295,41.830689],[-71.401298,41.83071],[-71.401407,41.830702],[-71.401404,41.830681],[-71.401541,41.830671],[-71.401557,41.830681],[-71.401571,41.830669],[-71.401636,41.830665],[-71.40164,41.830697],[-71.401614,41.830699],[-71.401613,41.830699],[-71.401613,41.830699],[-71.401612,41.830699],[-71.401612,41.8307],[-71.401612,41.8307],[-71.401584,41.830726],[-71.401568,41.830726],[-71.401568,41.83072],[-71.401519,41.830722],[-71.401519,41.830728],[-71.401376,41.830735],[-71.401376,41.830728],[-71.401327,41.830731],[-71.401327,41.830737],[-71.401311,41.830738],[-71.401236,41.830741],[-71.401228,41.830684],[-71.401153,41.830688],[-71.401158,41.830744],[-71.401072,41.830748],[-71.401057,41.830634],[-71.401193,41.830626],[-71.401196,41.830645],[-71.4012,41.830645],[-71.401221,41.830643],[-71.401224,41.830643],[-71.401222,41.830623],[-71.401242,41.830621]]]]},"properties":{"kind":"green"}},{"type":"Feature","id":"green:29","geometry":{"type":"Polygon","coordinates":[[[-71.402277,41.829637],[-71.402269,41.829637],[-71.402269,41.829638],[-71.402256,41.829638],[-71.402248,41.829582],[-71.402258,41.829581],[-71.402311,41.829577],[-71.402304,41.829599],[-71.402301,41.82961],[-71.402299,41.829615],[-71.402297,41.82962],[-71.402294,41.829624],[-71.402289,41.829628],[-71.402277,41.829637]]]},"properties":{"kind":"green"}},{"type":"Feature","id":"green:290","geometry":{"type":"Polygon","coordinates":[[[-71.401388,41.829217],[-71.401387,41.82921],[-71.401399,41.829209],[-71.401443,41.829206],[-71.401504,41.829201],[-71.401568,41.829196],[-71.401621,41.829192],[-71.401622,41.829193],[-71.40163,41.829192],[-71.401629,41.829186],[-71.401621,41.829186],[-71.401621,41.829188],[-71.401602,41.829189],[-71.401528,41.829194],[-71.40147,41.829199],[-71.401437,41.829202],[-71.401377,41.829206],[-71.401379,41.829196],[-71.401438,41.829191],[-71.401467,41.82919],[-71.4016,41.829179],[-71.401632,41.829177],[-71.401636,41.829177],[-71.40164,41.829178],[-71.401644,41.829179],[-71.401647,41.82918],[-71.40165,41.829182],[-71.401653,41.829184],[-71.401655,41.829187],[-71.401656,41.829189],[-71.401657,41.829192],[-71.401657,41.829195],[-71.401664,41.829238],[-71.401668,41.829273],[-71.401669,41.829284],[-71.401623,41.829287],[-71.401622,41.829278],[-71.401572,41.82928],[-71.401574,41.829298],[-71.401534,41.829301],[-71.40149,41.829304],[-71.401483,41.829235],[-71.401417,41.829239],[-71.401412,41.82924],[-71.401406,41.829239],[-71.401402,41.829238],[-71.401397,41.829236],[-71.401393,41.829234],[-71.401389,41.829231],[-71.401386,41.829228],[-71.401384,41.829225],[-71.401382,41.829221],[-71.401382,41.829217],[-71.401388,41.829217]]]},"properties":{"kind":"green"}},{"type":"Feature","id":"green:291","geometry":{"type":"Polygon","coordinates":[[[-71.402404,41.829354],[-71.402389,41.82938],[-71.402381,41.829397],[-71.402375,41.829415],[-71.402373,41.829418],[-71.402371,41.829421],[-71.402368,41.829424],[-71.402365,41.829426],[-71.402361,41.829428],[-71.402357,41.82943],[-71.402353,41.829431],[-71.402348,41.829431],[-71.402334,41.829433],[-71.402334,41.829433],[-71.402304,41.829435],[-71.402292,41.829342],[-71.40238,41.829336],[-71.402402,41.829334],[-71.402404,41.829354]]]},"properties":{"kind":"green"}},{"type":"Feature","id":"green:292","geometry":{"type":"Polygon","coordinates":[[[-71.401752,41.829562],[-71.401757,41.829564],[-71.401763,41.829565],[-71.401769,41.829565],[-71.401775,41.829565],[-71.401781,41.829563],[-71.401786,41.829561],[-71.40179,41.829558],[-71.401794,41.829555],[-71.4018,41.829552],[-71.401805,41.829551],[-71.401811,41.829549],[-71.401817,41.829549],[-71.401832,41.829549],[-71.401846,41.829547],[-71.40186,41.829544],[-71.401866,41.829554],[-71.401871,41.82957],[-71.401872,41.829576],[-71.401874,41.829592],[-71.401875,41.829591],[-71.401873,41.829604],[-71.401869,41.829615],[-71.401863,41.829627],[-71.401855,41.829638],[-71.401846,41.829648],[-71.401834,41.829657],[-71.401821,41.829665],[-71.401806,41.82967],[-71.401791,41.829675],[-71.401774,41.829677],[-71.401774,41.829677],[-71.401767,41.829678],[-71.401752,41.829562]]]},"properties":{"kind":"green"}},{"type":"Feature","id":"green:293","geometry":{"type":"Polygon","coordinates":[[[-71.406189,41.817636],[-71.406279,41.817656],[-71.406252,41.817718],[-71.406165,41.817698],[-71.406189,41.817636]]]},"properties":{"kind":"green"}},{"type":"Feature","id":"green:294","geometry":{"type":"Polygon","coordinates":[[[-71.401732,41.824913],[-71.401703,41.8249],[-71.401615,41.824861],[-71.401613,41.82486],[-71.401611,41.824858],[-71.401609,41.824856],[-71.401608,41.824854],[-71.401607,41.824852],[-71.401606,41.824849],[-71.401606,41.824849],[-71.401605,41.824844],[-71.401605,41.824837],[-71.401606,41.82483],[-71.401609,41.824823],[-71.401612,41.824816],[-71.401617,41.824811],[-71.401623,41.824806],[-71.401629,41.824801],[-71.401637,41.824797],[-71.401645,41.824794],[-71.401653,41.824792],[-71.401662,41.824791],[-71.401671,41.82479],[-71.401681,41.824791],[-71.401689,41.824793],[-71.401698,41.824795],[-71.401707,41.824799],[-71.401715,41.824805],[-71.401722,41.824811],[-71.401728,41.824818],[-71.401731,41.824826],[-71.401733,41.824834],[-71.401733,41.824834],[-71.401743,41.824901],[-71.401743,41.824904],[-71.401743,41.824908],[-71.401743,41.824909],[-71.401742,41.82491],[-71.401742,41.824911],[-71.401741,41.824911],[-71.40174,41.824912],[-71.401739,41.824913],[-71.401738,41.824913],[-71.401737,41.824913],[-71.401735,41.824913],[-71.401734,41.824913],[-71.401733,41.824913],[-71.401732,41.824913]]]},"properties":{"kind":"green"}},{"type":"Feature","id":"green:295","geometry":{"type":"Polygon","coordinates":[[[-71.401611,41.824881],[-71.401611,41.82488],[-71.401611,41.824879],[-71.401612,41.824879],[-71.401613,41.824878],[-71.401614,41.824877],[-71.401615,41.824877],[-71.401616,41.824876],[-71.401617,41.824876],[-71.401618,41.824876],[-71.401619,41.824876],[-71.401621,41.824876],[-71.401622,41.824877],[-71.401732,41.824925],[-71.401733,41.824926],[-71.401734,41.824927],[-71.401735,41.824927],[-71.401735,41.824928],[-71.401736,41.824929],[-71.401736,41.82493],[-71.401736,41.82493],[-71.401736,41.824931],[-71.401736,41.824932],[-71.401735,41.824933],[-71.401729,41.824939],[-71.401722,41.824945],[-71.401714,41.824949],[-71.401706,41.824953],[-71.401696,41.824955],[-71.401686,41.824957],[-71.401676,41.824957],[-71.401666,41.824956],[-71.401657,41.824954],[-71.401647,41.824951],[-71.401639,41.824947],[-71.401632,41.824942],[-71.401625,41.824936],[-71.401621,41.824929],[-71.401617,41.824922],[-71.401615,41.824915],[-71.401611,41.824881]]]},"properties":{"kind":"green"}},{"type":"Feature","id":"green:296","geometry":{"type":"Polygon","coordinates":[[[-71.401425,41.824593],[-71.40146,41.824563],[-71.40149,41.824538],[-71.401492,41.824536],[-71.401495,41.824535],[-71.401498,41.824534],[-71.401501,41.824533],[-71.401504,41.824532],[-71.401507,41.824532],[-71.401546,41.82453],[-71.40155,41.824529],[-71.40155,41.82453],[-71.401553,41.82453],[-71.401558,41.824567],[-71.401496,41.824572],[-71.40149,41.824595],[-71.40149,41.824618],[-71.401493,41.824641],[-71.401479,41.824643],[-71.401475,41.824643],[-71.401471,41.824643],[-71.401468,41.824642],[-71.401464,41.824641],[-71.401461,41.82464],[-71.401459,41.824638],[-71.401457,41.824636],[-71.401441,41.82462],[-71.401424,41.824606],[-71.401424,41.824605],[-71.401422,41.824604],[-71.401422,41.824603],[-71.401421,41.824602],[-71.401421,41.8246],[-71.401421,41.824599],[-71.401421,41.824597],[-71.401421,41.824596],[-71.401422,41.824595],[-71.401424,41.824594],[-71.401425,41.824593]]]},"properties":{"kind":"green"}},{"type":"Feature","id":"green:297","geometry":{"type":"Polygon","coordinates":[[[-71.401389,41.824791],[-71.401382,41.824743],[-71.401399,41.824741],[-71.401392,41.82469],[-71.4014,41.82469],[-71.401399,41.824687],[-71.401446,41.824683],[-71.40145,41.824683],[-71.401453,41.824684],[-71.401456,41.824685],[-71.401459,41.824686],[-71.401462,41.824687],[-71.401464,41.824689],[-71.401466,41.824691],[-71.401468,41.824694],[-71.401481,41.824714],[-71.401499,41.824732],[-71.401521,41.824748],[-71.401531,41.824755],[-71.40154,41.824762],[-71.401553,41.824777],[-71.401563,41.824792],[-71.40157,41.824809],[-71.401574,41.824826],[-71.401583,41.824895],[-71.401583,41.824896],[-71.401583,41.824896],[-71.401583,41.824897],[-71.401582,41.824898],[-71.401581,41.824899],[-71.40158,41.8249],[-71.401579,41.8249],[-71.401578,41.8249],[-71.401577,41.824901],[-71.401487,41.824908],[-71.401539,41.824902],[-71.401538,41.824884],[-71.40156,41.824881],[-71.401547,41.824798],[-71.401526,41.824799],[-71.401523,41.82478],[-71.401389,41.824791]]]},"properties":{"kind":"green"}},{"type":"Feature","id":"green:298","geometry":{"type":"Polygon","coordinates":[[[-71.401553,41.824741],[-71.40153,41.824724],[-71.401509,41.824705],[-71.4015,41.824695],[-71.401496,41.824687],[-71.401492,41.824681],[-71.401485,41.824672],[-71.401484,41.824671],[-71.401483,41.82467],[-71.401479,41.824665],[-71.401479,41.824665],[-71.401479,41.824664],[-71.401478,41.824663],[-71.401478,41.824663],[-71.401479,41.824662],[-71.401479,41.824661],[-71.401479,41.824661],[-71.40148,41.82466],[-71.40148,41.82466],[-71.401481,41.824659],[-71.401499,41.824658],[-71.401511,41.824682],[-71.401551,41.824678],[-71.401556,41.824708],[-71.40156,41.824738],[-71.40156,41.824739],[-71.40156,41.824739],[-71.401559,41.82474],[-71.401559,41.82474],[-71.401559,41.82474],[-71.401558,41.824741],[-71.401558,41.824741],[-71.401557,41.824741],[-71.401557,41.824741],[-71.401556,41.824741],[-71.401556,41.824741],[-71.401555,41.824741],[-71.401554,41.824741],[-71.401554,41.824741],[-71.401553,41.824741]]]},"properties":{"kind":"green"}},{"type":"Feature","id":"green:299","geometry":{"type":"Polygon","coordinates":[[[-71.401225,41.824549],[-71.401203,41.824538],[-71.401183,41.824525],[-71.401165,41.824509],[-71.401152,41.824492],[-71.401141,41.824477],[-71.401133,41.824461],[-71.40113,41.824444],[-71.40113,41.824427],[-71.401133,41.824411],[-71.401141,41.824395],[-71.401157,41.824375],[-71.401177,41.824356],[-71.401201,41.82434],[-71.401227,41.824327],[-71.401255,41.824316],[-71.401258,41.824315],[-71.401261,41.824315],[-71.401264,41.824316],[-71.401267,41.824316],[-71.40127,41.824317],[-71.401272,41.824318],[-71.401274,41.82432],[-71.401276,41.824322],[-71.401277,41.824324],[-71.401278,41.824331],[-71.401246,41.824334],[-71.401252,41.824376],[-71.401194,41.824379],[-71.401196,41.824398],[-71.401175,41.8244],[-71.401186,41.824483],[-71.401208,41.824483],[-71.401211,41.824502],[-71.401473,41.824481],[-71.401472,41.824468],[-71.401543,41.824462],[-71.401544,41.82447],[-71.401548,41.8245],[-71.401502,41.824503],[-71.401505,41.824522],[-71.401499,41.824523],[-71.401494,41.824524],[-71.401489,41.824526],[-71.401484,41.824528],[-71.401479,41.824531],[-71.401451,41.824554],[-71.401411,41.824587],[-71.401409,41.824588],[-71.401407,41.824589],[-71.401405,41.824589],[-71.401403,41.82459],[-71.401401,41.82459],[-71.401399,41.82459],[-71.401397,41.824589],[-71.401395,41.824588],[-71.401366,41.824577],[-71.401336,41.82457],[-71.401304,41.824566],[-71.401264,41.82456],[-71.401225,41.824549]]]},"properties":{"kind":"green"}},{"type":"Feature","id":"green:3","geometry":{"type":"Polygon","coordinates":[[[-71.403276,41.829062],[-71.403263,41.82907],[-71.403243,41.829079],[-71.403246,41.829096],[-71.403264,41.829095],[-71.403264,41.829093],[-71.403264,41.829091],[-71.403265,41.829089],[-71.403266,41.829086],[-71.403268,41.829085],[-71.40327,41.829083],[-71.403279,41.829081],[-71.403284,41.82908],[-71.403285,41.82908],[-71.403287,41.829079],[-71.403288,41.829079],[-71.403289,41.82908],[-71.40329,41.82908],[-71.403291,41.82908],[-71.403292,41.829081],[-71.403293,41.829081],[-71.403294,41.829082],[-71.403294,41.829083],[-71.403294,41.829084],[-71.403301,41.829109],[-71.403318,41.829214],[-71.403319,41.829219],[-71.403312,41.829219],[-71.40331,41.829219],[-71.40331,41.829219],[-71.4033,41.829219],[-71.4033,41.82922],[-71.403297,41.82922],[-71.403297,41.829219],[-71.403282,41.82922],[-71.403282,41.82922],[-71.403282,41.82922],[-71.403281,41.82922],[-71.403281,41.829221],[-71.403281,41.829221],[-71.403281,41.829221],[-71.403281,41.829221],[-71.403281,41.829221],[-71.403281,41.829222],[-71.403281,41.829228],[-71.403285,41.829228],[-71.403288,41.829229],[-71.403291,41.82923],[-71.403294,41.829231],[-71.403297,41.829233],[-71.403299,41.829235],[-71.403299,41.82923],[-71.403298,41.82923],[-71.403298,41.829228],[-71.4033,41.829228],[-71.4033,41.829229],[-71.40331,41.829228],[-71.40331,41.829227],[-71.403313,41.829227],[-71.403319,41.829227],[-71.403325,41.829261],[-71.403311,41.829262],[-71.403313,41.829276],[-71.403317,41.829289],[-71.403318,41.82929],[-71.403317,41.82929],[-71.403318,41.829302],[-71.403321,41.829302],[-71.403333,41.829309],[-71.403339,41.829356],[-71.403344,41.829388],[-71.403348,41.82941],[-71.403335,41.829413],[-71.403339,41.829431],[-71.403336,41.829435],[-71.403333,41.82944],[-71.403329,41.829446],[-71.403325,41.829452],[-71.403322,41.829459],[-71.403318,41.829465],[-71.403313,41.829471],[-71.403309,41.829478],[-71.403305,41.829484],[-71.403301,41.829491],[-71.403296,41.829499],[-71.403291,41.829507],[-71.403287,41.829514],[-71.403282,41.829522],[-71.403278,41.82953],[-71.403273,41.829537],[-71.403268,41.829545],[-71.403264,41.829553],[-71.403259,41.82956],[-71.403254,41.829568],[-71.403252,41.829572],[-71.403249,41.829576],[-71.403246,41.829581],[-71.403243,41.829585],[-71.403241,41.829589],[-71.403238,41.829594],[-71.403235,41.829598],[-71.403232,41.829602],[-71.403229,41.829606],[-71.403226,41.829611],[-71.403224,41.829615],[-71.403169,41.829585],[-71.403066,41.829533],[-71.403062,41.829532],[-71.403069,41.829515],[-71.403068,41.829505],[-71.403065,41.8295],[-71.403054,41.829504],[-71.40305,41.829496],[-71.403044,41.829488],[-71.403036,41.829482],[-71.403027,41.829476],[-71.403017,41.829472],[-71.403006,41.82947],[-71.402995,41.829468],[-71.402992,41.829468],[-71.402987,41.829469],[-71.402983,41.829445],[-71.40297,41.82937],[-71.402969,41.829351],[-71.402968,41.829341],[-71.40297,41.829332],[-71.402973,41.829322],[-71.402978,41.829313],[-71.402986,41.829305],[-71.40298,41.829238],[-71.402972,41.82914],[-71.402974,41.82914],[-71.402974,41.82914],[-71.402974,41.82914],[-71.402976,41.82914],[-71.402976,41.829136],[-71.402973,41.829101],[-71.402971,41.829074],[-71.402984,41.829069],[-71.403063,41.829063],[-71.403137,41.829059],[-71.403275,41.829054],[-71.403276,41.829062]]]},"properties":{"kind":"green","label":"Pembroke Park","rank":0,"sortKey":0.0,"labelMinZoom":0}},{"type":"Feature","id":"green:30","geometry":{"type":"Polygon","coordinates":[[[-71.402921,41.829464],[-71.402907,41.829466],[-71.402893,41.829467],[-71.402886,41.829466],[-71.402879,41.829465],[-71.402872,41.829463],[-71.402866,41.82946],[-71.402861,41.829456],[-71.402857,41.829452],[-71.402853,41.829447],[-71.402851,41.829442],[-71.402849,41.829437],[-71.402844,41.829395],[-71.402844,41.82939],[-71.402845,41.829385],[-71.402847,41.829379],[-71.40285,41.829375],[-71.402855,41.82937],[-71.40286,41.829367],[-71.402866,41.829364],[-71.402872,41.829361],[-71.402879,41.82936],[-71.402895,41.829359],[-71.4029,41.829358],[-71.402905,41.829358],[-71.402911,41.829359],[-71.402916,41.829361],[-71.40292,41.829363],[-71.402924,41.829365],[-71.402932,41.829372],[-71.402938,41.829379],[-71.402942,41.829387],[-71.402945,41.829395],[-71.402953,41.829449],[-71.402955,41.829462],[-71.402921,41.829464]]]},"properties":{"kind":"green"}},{"type":"Feature","id":"green:300","geometry":{"type":"Polygon","coordinates":[[[-71.401299,41.824322],[-71.401299,41.82432],[-71.401299,41.824318],[-71.4013,41.824316],[-71.401301,41.824314],[-71.401303,41.824312],[-71.401305,41.82431],[-71.401308,41.824309],[-71.40131,41.824308],[-71.401313,41.824308],[-71.401355,41.824304],[-71.401397,41.8243],[-71.401397,41.8243],[-71.401398,41.8243],[-71.401399,41.824301],[-71.401399,41.824301],[-71.4014,41.824301],[-71.4014,41.824301],[-71.4014,41.824302],[-71.401401,41.824302],[-71.401401,41.824303],[-71.401404,41.824325],[-71.401407,41.824346],[-71.401403,41.824347],[-71.401404,41.824349],[-71.401396,41.82435],[-71.401392,41.824322],[-71.401301,41.82433],[-71.401299,41.824322]]]},"properties":{"kind":"green"}},{"type":"Feature","id":"green:301","geometry":{"type":"Polygon","coordinates":[[[-71.401591,41.824164],[-71.401578,41.824078],[-71.401571,41.824028],[-71.401574,41.824019],[-71.401582,41.82401],[-71.401586,41.824005],[-71.401588,41.823999],[-71.40159,41.823994],[-71.40159,41.823988],[-71.401584,41.823943],[-71.401578,41.823898],[-71.401596,41.823896],[-71.40159,41.823857],[-71.40159,41.823857],[-71.40159,41.823854],[-71.401624,41.823854],[-71.401635,41.823933],[-71.401653,41.824055],[-71.401668,41.82413],[-71.401771,41.824124],[-71.401848,41.82412],[-71.401853,41.824129],[-71.401853,41.824149],[-71.401858,41.824149],[-71.401857,41.824129],[-71.401853,41.824117],[-71.401853,41.824096],[-71.401923,41.824097],[-71.401969,41.824097],[-71.401968,41.824167],[-71.402005,41.824186],[-71.402089,41.824226],[-71.402149,41.824255],[-71.402149,41.824285],[-71.402093,41.824286],[-71.402094,41.824325],[-71.402107,41.824325],[-71.402107,41.824336],[-71.402138,41.824334],[-71.402138,41.82435],[-71.402151,41.82435],[-71.402152,41.824361],[-71.402257,41.82436],[-71.402257,41.82436],[-71.402317,41.824359],[-71.402377,41.824358],[-71.402377,41.824363],[-71.402377,41.824364],[-71.402412,41.824364],[-71.402412,41.824357],[-71.402495,41.824356],[-71.402497,41.824432],[-71.402485,41.824432],[-71.402485,41.824412],[-71.402462,41.824412],[-71.402462,41.824408],[-71.402398,41.824409],[-71.402398,41.824413],[-71.402375,41.824414],[-71.402376,41.824429],[-71.402356,41.82443],[-71.402355,41.824427],[-71.402355,41.824426],[-71.402355,41.824424],[-71.402354,41.824421],[-71.402353,41.824419],[-71.402351,41.824415],[-71.402351,41.824415],[-71.40235,41.824412],[-71.402345,41.824405],[-71.402343,41.824403],[-71.402341,41.824401],[-71.402339,41.824399],[-71.402338,41.824399],[-71.402333,41.824394],[-71.402326,41.82439],[-71.402325,41.824389],[-71.402324,41.824389],[-71.402319,41.824386],[-71.402317,41.824385],[-71.402314,41.824385],[-71.402311,41.824383],[-71.402308,41.824382],[-71.402303,41.824382],[-71.402303,41.824381],[-71.402298,41.82438],[-71.402289,41.824379],[-71.402279,41.824379],[-71.402276,41.82438],[-71.402272,41.82438],[-71.402269,41.82438],[-71.402267,41.82438],[-71.402261,41.824382],[-71.40226,41.824382],[-71.402259,41.824382],[-71.402251,41.824385],[-71.402242,41.824388],[-71.402234,41.824392],[-71.40221,41.824402],[-71.402197,41.824407],[-71.402187,41.82441],[-71.402185,41.82441],[-71.402154,41.824417],[-71.402143,41.824419],[-71.40214,41.824419],[-71.402106,41.824422],[-71.402089,41.824424],[-71.402089,41.82442],[-71.402113,41.824404],[-71.40211,41.824381],[-71.402109,41.824376],[-71.402108,41.824364],[-71.402075,41.824347],[-71.402073,41.824332],[-71.402055,41.824334],[-71.402047,41.824292],[-71.402037,41.824271],[-71.402022,41.824252],[-71.402004,41.824236],[-71.401986,41.824224],[-71.401965,41.824214],[-71.401944,41.824206],[-71.401918,41.8242],[-71.401891,41.824198],[-71.401864,41.824198],[-71.401837,41.824202],[-71.401811,41.824209],[-71.401806,41.824211],[-71.401805,41.824211],[-71.401803,41.824212],[-71.401803,41.824212],[-71.4018,41.824213],[-71.401797,41.824214],[-71.401796,41.824215],[-71.401794,41.824216],[-71.401786,41.824219],[-71.401771,41.824228],[-71.401748,41.824241],[-71.401723,41.824252],[-71.401696,41.824259],[-71.401667,41.824264],[-71.40166,41.824264],[-71.40165,41.824263],[-71.40164,41.824261],[-71.401631,41.824258],[-71.401622,41.824254],[-71.401615,41.824249],[-71.401609,41.824244],[-71.401605,41.824237],[-71.401602,41.824231],[-71.4016,41.824224],[-71.401591,41.824164]]]},"properties":{"kind":"green"}},{"type":"Feature","id":"green:302","geometry":{"type":"Polygon","coordinates":[[[-71.401882,41.8245],[-71.401839,41.824504],[-71.401835,41.824504],[-71.401832,41.824503],[-71.401828,41.824502],[-71.401825,41.8245],[-71.401823,41.824498],[-71.401821,41.824496],[-71.401819,41.824494],[-71.401803,41.824377],[-71.401795,41.824358],[-71.401784,41.82434],[-71.401769,41.824323],[-71.401752,41.824307],[-71.40175,41.824305],[-71.401748,41.824303],[-71.401747,41.824301],[-71.401746,41.8243],[-71.401746,41.824298],[-71.401746,41.824293],[-71.401747,41.824281],[-71.401751,41.824269],[-71.401757,41.824259],[-71.401765,41.824249],[-71.401775,41.82424],[-71.401792,41.82423],[-71.40181,41.824222],[-71.401829,41.824216],[-71.401851,41.824211],[-71.401874,41.824209],[-71.401897,41.824209],[-71.401919,41.824212],[-71.401941,41.824217],[-71.401964,41.824226],[-71.401986,41.824238],[-71.402004,41.824252],[-71.402019,41.824269],[-71.402028,41.824283],[-71.402034,41.824298],[-71.402038,41.824314],[-71.402041,41.824335],[-71.402024,41.824336],[-71.402015,41.824291],[-71.401992,41.824293],[-71.401989,41.824275],[-71.401876,41.824284],[-71.401878,41.824301],[-71.401854,41.824302],[-71.401882,41.8245]]]},"properties":{"kind":"green"}},{"type":"Feature","id":"green:303","geometry":{"type":"Polygon","coordinates":[[[-71.402078,41.824473],[-71.402073,41.82444],[-71.402092,41.824439],[-71.402091,41.824435],[-71.402108,41.824433],[-71.402124,41.824432],[-71.402134,41.824431],[-71.402144,41.82443],[-71.402153,41.824429],[-71.402163,41.824427],[-71.402172,41.824425],[-71.402181,41.824423],[-71.40219,41.824421],[-71.402199,41.824418],[-71.402206,41.824416],[-71.402213,41.824414],[-71.402217,41.824412],[-71.402224,41.824409],[-71.402232,41.824406],[-71.402236,41.824404],[-71.402243,41.824401],[-71.40225,41.824397],[-71.402258,41.824394],[-71.402267,41.824392],[-71.402275,41.82439],[-71.402284,41.82439],[-71.402293,41.824391],[-71.402302,41.824393],[-71.40231,41.824395],[-71.402318,41.824399],[-71.402324,41.824403],[-71.40233,41.824408],[-71.402335,41.824414],[-71.402338,41.82442],[-71.402341,41.824427],[-71.402341,41.824433],[-71.402341,41.824436],[-71.402341,41.824436],[-71.402298,41.824438],[-71.4023,41.82444],[-71.402301,41.824443],[-71.402301,41.824446],[-71.402301,41.824449],[-71.4023,41.824452],[-71.402299,41.824455],[-71.402297,41.824457],[-71.402296,41.824458],[-71.402294,41.824459],[-71.402293,41.82446],[-71.402291,41.824461],[-71.402289,41.824461],[-71.402287,41.824462],[-71.402285,41.824462],[-71.402258,41.824463],[-71.402258,41.824501],[-71.402175,41.824502],[-71.402167,41.824466],[-71.402078,41.824473]]]},"properties":{"kind":"green"}},{"type":"Feature","id":"green:304","geometry":{"type":"Polygon","coordinates":[[[-71.401728,41.825183],[-71.401731,41.825176],[-71.401735,41.82517],[-71.401737,41.825167],[-71.40174,41.825165],[-71.401743,41.825163],[-71.401746,41.825162],[-71.40175,41.825161],[-71.401754,41.82516],[-71.401891,41.825149],[-71.402006,41.82514],[-71.402008,41.82514],[-71.40201,41.825141],[-71.402012,41.825141],[-71.402013,41.825141],[-71.402014,41.825142],[-71.402016,41.825143],[-71.402017,41.825144],[-71.402017,41.825145],[-71.402018,41.825146],[-71.402018,41.825147],[-71.402019,41.82515],[-71.401923,41.825157],[-71.40193,41.825211],[-71.401876,41.825215],[-71.401877,41.825229],[-71.401806,41.825234],[-71.401804,41.825221],[-71.401741,41.825226],[-71.40174,41.825219],[-71.401732,41.82522],[-71.40173,41.825202],[-71.401728,41.825192],[-71.401727,41.825189],[-71.401727,41.825186],[-71.401728,41.825183]]]},"properties":{"kind":"green"}},{"type":"Feature","id":"green:305","geometry":{"type":"Polygon","coordinates":[[[-71.402074,41.825185],[-71.402069,41.825146],[-71.402032,41.825148],[-71.402032,41.825146],[-71.402032,41.825145],[-71.402033,41.825143],[-71.402033,41.825142],[-71.402034,41.825141],[-71.402035,41.82514],[-71.402037,41.825139],[-71.402038,41.825138],[-71.40204,41.825138],[-71.402042,41.825138],[-71.402046,41.825137],[-71.402068,41.825134],[-71.402088,41.825128],[-71.402108,41.825119],[-71.402126,41.825108],[-71.402129,41.825106],[-71.402132,41.825105],[-71.402136,41.825104],[-71.402139,41.825103],[-71.402143,41.825103],[-71.402147,41.825104],[-71.40215,41.825105],[-71.402154,41.825106],[-71.402157,41.825108],[-71.402159,41.82511],[-71.402161,41.825113],[-71.402162,41.825115],[-71.402163,41.825118],[-71.402168,41.825151],[-71.402167,41.825156],[-71.402166,41.825162],[-71.402163,41.825167],[-71.40216,41.825172],[-71.402155,41.825176],[-71.402149,41.82518],[-71.402142,41.825182],[-71.402135,41.825184],[-71.402128,41.825185],[-71.402071,41.82519],[-71.402071,41.825185],[-71.402074,41.825185]]]},"properties":{"kind":"green"}},{"type":"Feature","id":"green:306","geometry":{"type":"Polygon","coordinates":[[[-71.401426,41.825186],[-71.40148,41.825182],[-71.401542,41.825176],[-71.401543,41.825176],[-71.401544,41.825177],[-71.401546,41.825177],[-71.401547,41.825178],[-71.401548,41.825179],[-71.401549,41.825179],[-71.401549,41.82518],[-71.401549,41.825181],[-71.40155,41.825182],[-71.401549,41.825183],[-71.401549,41.825184],[-71.401546,41.82519],[-71.401543,41.825196],[-71.401543,41.825197],[-71.401542,41.825198],[-71.401541,41.825199],[-71.40154,41.8252],[-71.401539,41.825201],[-71.401538,41.825201],[-71.401537,41.825201],[-71.401535,41.825202],[-71.401517,41.825204],[-71.401513,41.825204],[-71.401512,41.825192],[-71.40142,41.8252],[-71.401419,41.825191],[-71.401422,41.825191],[-71.401422,41.825191],[-71.401422,41.82519],[-71.401422,41.825189],[-71.401422,41.825189],[-71.401422,41.825188],[-71.401422,41.825188],[-71.401423,41.825187],[-71.401423,41.825187],[-71.401424,41.825186],[-71.401424,41.825186],[-71.401425,41.825186],[-71.401426,41.825186]]]},"properties":{"kind":"green"}},{"type":"Feature","id":"green:307","geometry":{"type":"Polygon","coordinates":[[[-71.401312,41.825261],[-71.401312,41.825254],[-71.401313,41.825246],[-71.401316,41.825239],[-71.401321,41.825233],[-71.401326,41.825227],[-71.401333,41.825222],[-71.401342,41.825218],[-71.401351,41.825215],[-71.40136,41.825213],[-71.40137,41.825212],[-71.401376,41.825259],[-71.401325,41.825263],[-71.401328,41.825281],[-71.401316,41.825282],[-71.401312,41.825261]]]},"properties":{"kind":"green"}},{"type":"Feature","id":"green:308","geometry":{"type":"Polygon","coordinates":[[[-71.401314,41.825345],[-71.401315,41.825355],[-71.401301,41.825357],[-71.4013,41.825346],[-71.401314,41.825345]]]},"properties":{"kind":"green"}},{"type":"Feature","id":"green:309","geometry":{"type":"Polygon","coordinates":[[[-71.40131,41.825314],[-71.401311,41.825325],[-71.401297,41.825327],[-71.401295,41.825316],[-71.40131,41.825314]]]},"properties":{"kind":"green"}},{"type":"Feature","id":"green:310","geometry":{"type":"Polygon","coordinates":[[[-71.401305,41.825285],[-71.401307,41.825296],[-71.401293,41.825298],[-71.401291,41.825286],[-71.401305,41.825285]]]},"properties":{"kind":"green"}},{"type":"Feature","id":"green:311","geometry":{"type":"Polygon","coordinates":[[[-71.400878,41.824495],[-71.400874,41.824467],[-71.400872,41.824438],[-71.400872,41.824435],[-71.400873,41.824432],[-71.400874,41.824429],[-71.400876,41.824426],[-71.400878,41.824423],[-71.400881,41.824421],[-71.400884,41.824419],[-71.400888,41.824417],[-71.400892,41.824416],[-71.400896,41.824416],[-71.400979,41.82441],[-71.401033,41.824406],[-71.401044,41.824406],[-71.401054,41.824407],[-71.401064,41.82441],[-71.401073,41.824414],[-71.401082,41.824418],[-71.401089,41.824424],[-71.401094,41.824431],[-71.401099,41.824438],[-71.401101,41.824446],[-71.401101,41.824454],[-71.4011,41.824463],[-71.401097,41.824471],[-71.401092,41.824478],[-71.401086,41.824485],[-71.401078,41.824491],[-71.401069,41.824496],[-71.401059,41.824499],[-71.401048,41.824501],[-71.400914,41.824512],[-71.400909,41.824513],[-71.400904,41.824513],[-71.400899,41.824512],[-71.400895,41.824511],[-71.400891,41.82451],[-71.400887,41.824507],[-71.400884,41.824505],[-71.400881,41.824502],[-71.400879,41.824499],[-71.400878,41.824495]]]},"properties":{"kind":"green"}},{"type":"Feature","id":"green:312","geometry":{"type":"Polygon","coordinates":[[[-71.400712,41.824353],[-71.40061,41.824236],[-71.40061,41.824236],[-71.400617,41.824236],[-71.400609,41.82421],[-71.400608,41.824204],[-71.400608,41.824198],[-71.400609,41.824192],[-71.400612,41.824187],[-71.400612,41.824186],[-71.400612,41.824186],[-71.400616,41.824181],[-71.400621,41.824177],[-71.400626,41.824173],[-71.400632,41.824169],[-71.400646,41.824164],[-71.400661,41.82416],[-71.400746,41.824153],[-71.400759,41.824157],[-71.400771,41.824163],[-71.400782,41.82417],[-71.40081,41.824191],[-71.400826,41.824317],[-71.400837,41.824387],[-71.400836,41.82439],[-71.400835,41.824393],[-71.400834,41.824396],[-71.400832,41.824398],[-71.400829,41.8244],[-71.400826,41.824402],[-71.400823,41.824403],[-71.400814,41.824405],[-71.400805,41.824405],[-71.400796,41.824404],[-71.400787,41.824402],[-71.400779,41.824399],[-71.400772,41.824395],[-71.40074,41.824376],[-71.400712,41.824353]]]},"properties":{"kind":"green"}},{"type":"Feature","id":"green:313","geometry":{"type":"Polygon","coordinates":[[[-71.40064,41.824441],[-71.400634,41.824406],[-71.400628,41.824362],[-71.400628,41.824359],[-71.400628,41.824357],[-71.400629,41.824354],[-71.40063,41.824351],[-71.400632,41.824349],[-71.400635,41.824347],[-71.400638,41.824345],[-71.400641,41.824344],[-71.400645,41.824343],[-71.400648,41.824343],[-71.400652,41.824343],[-71.400656,41.824343],[-71.400659,41.824344],[-71.400676,41.824351],[-71.400691,41.824361],[-71.400763,41.824419],[-71.400776,41.824431],[-71.400786,41.824444],[-71.400794,41.824459],[-71.400799,41.824474],[-71.400801,41.824489],[-71.4008,41.82449],[-71.400798,41.824492],[-71.400797,41.824493],[-71.400795,41.824494],[-71.400793,41.824494],[-71.40079,41.824495],[-71.400788,41.824495],[-71.400786,41.824495],[-71.400723,41.824475],[-71.400652,41.824453],[-71.400649,41.824452],[-71.400647,41.824451],[-71.400644,41.824449],[-71.400643,41.824448],[-71.400641,41.824446],[-71.40064,41.824443],[-71.40064,41.824441]]]},"properties":{"kind":"green"}},{"type":"Feature","id":"green:314","geometry":{"type":"Polygon","coordinates":[[[-71.400659,41.824474],[-71.400662,41.824474],[-71.400664,41.824475],[-71.400667,41.824475],[-71.400723,41.824492],[-71.400788,41.824513],[-71.400802,41.824521],[-71.400799,41.824539],[-71.400793,41.824557],[-71.400783,41.824574],[-71.400751,41.824623],[-71.400719,41.824666],[-71.400718,41.824669],[-71.400716,41.824672],[-71.400713,41.824674],[-71.40071,41.824676],[-71.400706,41.824677],[-71.400702,41.824678],[-71.400698,41.824679],[-71.400694,41.824679],[-71.40069,41.824678],[-71.400686,41.824677],[-71.400682,41.824675],[-71.400679,41.824673],[-71.400677,41.824671],[-71.400675,41.824668],[-71.400673,41.824665],[-71.400673,41.824662],[-71.400658,41.824566],[-71.400646,41.824481],[-71.400648,41.824479],[-71.400649,41.824478],[-71.400651,41.824476],[-71.400654,41.824475],[-71.400656,41.824475],[-71.400659,41.824474]]]},"properties":{"kind":"green"}},{"type":"Feature","id":"green:315","geometry":{"type":"Polygon","coordinates":[[[-71.400719,41.824723],[-71.400734,41.824689],[-71.400753,41.824656],[-71.400785,41.824608],[-71.400816,41.824565],[-71.400818,41.824562],[-71.400821,41.82456],[-71.400824,41.824558],[-71.400827,41.824557],[-71.400831,41.824556],[-71.400834,41.824555],[-71.400837,41.824555],[-71.40084,41.824555],[-71.400842,41.824555],[-71.400845,41.824556],[-71.400848,41.824557],[-71.400857,41.824556],[-71.400878,41.824715],[-71.400878,41.824723],[-71.400876,41.824731],[-71.400873,41.824739],[-71.400867,41.824746],[-71.40086,41.824753],[-71.400855,41.824757],[-71.400849,41.82476],[-71.400843,41.824762],[-71.400795,41.824775],[-71.400784,41.824777],[-71.400772,41.824777],[-71.40076,41.824776],[-71.400748,41.824774],[-71.400737,41.824771],[-71.400727,41.824766],[-71.400712,41.824757],[-71.4007,41.824747],[-71.40069,41.824735],[-71.400689,41.824733],[-71.400688,41.824731],[-71.400688,41.824728],[-71.400688,41.824726],[-71.400689,41.824724],[-71.40069,41.824722],[-71.400692,41.824721],[-71.400694,41.824719],[-71.400696,41.824718],[-71.400699,41.824717],[-71.400702,41.824717],[-71.400705,41.824717],[-71.400707,41.824717],[-71.40071,41.824717],[-71.400713,41.824718],[-71.400715,41.824719],[-71.400717,41.824721],[-71.400719,41.824723]]]},"properties":{"kind":"green"}},{"type":"Feature","id":"green:316","geometry":{"type":"Polygon","coordinates":[[[-71.40232,41.824735],[-71.402318,41.824717],[-71.40221,41.824727],[-71.402212,41.824743],[-71.402187,41.824746],[-71.402194,41.824786],[-71.402141,41.824791],[-71.402161,41.824936],[-71.402183,41.824934],[-71.402183,41.824936],[-71.402182,41.824938],[-71.402181,41.82494],[-71.40218,41.824942],[-71.402179,41.824943],[-71.402177,41.824945],[-71.402174,41.824946],[-71.402172,41.824947],[-71.402169,41.824947],[-71.402167,41.824947],[-71.402164,41.824947],[-71.402162,41.824946],[-71.402159,41.824946],[-71.402157,41.824945],[-71.402155,41.824943],[-71.402153,41.824942],[-71.402152,41.82494],[-71.402152,41.824939],[-71.402136,41.824843],[-71.402123,41.824739],[-71.40212,41.824724],[-71.40212,41.824717],[-71.40212,41.824713],[-71.402122,41.824709],[-71.402124,41.824706],[-71.402127,41.824702],[-71.40213,41.8247],[-71.402133,41.824698],[-71.402137,41.824696],[-71.402141,41.824695],[-71.402145,41.824694],[-71.402149,41.824693],[-71.402219,41.824691],[-71.402255,41.82469],[-71.402313,41.824699],[-71.402371,41.824712],[-71.402388,41.824718],[-71.402404,41.824726],[-71.402418,41.824736],[-71.40243,41.824747],[-71.402438,41.82476],[-71.402444,41.824773],[-71.402447,41.824787],[-71.402448,41.824806],[-71.402449,41.824813],[-71.402384,41.824818],[-71.402385,41.824831],[-71.402359,41.824833],[-71.402344,41.824733],[-71.40232,41.824735]]]},"properties":{"kind":"green"}},{"type":"Feature","id":"green:317","geometry":{"type":"Polygon","coordinates":[[[-71.401734,41.824709],[-71.40172,41.824605],[-71.401708,41.824511],[-71.40169,41.824513],[-71.401683,41.824465],[-71.4017,41.824463],[-71.401693,41.824412],[-71.4017,41.824411],[-71.4017,41.824407],[-71.401757,41.824402],[-71.401762,41.824403],[-71.401767,41.824405],[-71.401771,41.824407],[-71.401774,41.82441],[-71.401777,41.824413],[-71.40178,41.824417],[-71.401795,41.82453],[-71.401804,41.824598],[-71.401805,41.824625],[-71.4018,41.824652],[-71.40179,41.824678],[-71.401774,41.824703],[-71.401754,41.824726],[-71.401729,41.824746],[-71.401713,41.824755],[-71.401695,41.824762],[-71.401675,41.824767],[-71.401655,41.824769],[-71.401638,41.824769],[-71.401637,41.824769],[-71.401617,41.824767],[-71.401599,41.824762],[-71.401582,41.824755],[-71.40158,41.824753],[-71.401579,41.824752],[-71.401577,41.824751],[-71.401577,41.824749],[-71.401576,41.824748],[-71.401576,41.824746],[-71.401572,41.824721],[-71.401574,41.824721],[-71.401596,41.824719],[-71.401598,41.824735],[-71.40165,41.824731],[-71.401712,41.824725],[-71.401711,41.82471],[-71.401734,41.824709]]]},"properties":{"kind":"green"}},{"type":"Feature","id":"green:318","geometry":{"type":"Polygon","coordinates":[[[-71.401731,41.824288],[-71.401731,41.824288],[-71.401731,41.824289],[-71.401731,41.824289],[-71.401731,41.82429],[-71.40173,41.82429],[-71.40173,41.82429],[-71.401729,41.82429],[-71.401729,41.824291],[-71.401728,41.824291],[-71.401728,41.824291],[-71.401727,41.824291],[-71.401726,41.82429],[-71.401726,41.82429],[-71.401725,41.82429],[-71.40171,41.824282],[-71.401693,41.824276],[-71.401693,41.824276],[-71.401692,41.824276],[-71.401692,41.824276],[-71.401692,41.824275],[-71.401691,41.824275],[-71.401691,41.824274],[-71.401691,41.824274],[-71.401691,41.824273],[-71.401691,41.824273],[-71.401691,41.824273],[-71.401692,41.824272],[-71.401692,41.824272],[-71.401693,41.824272],[-71.401693,41.824271],[-71.401694,41.824271],[-71.401714,41.824267],[-71.401733,41.824261],[-71.401734,41.82426],[-71.401734,41.82426],[-71.401735,41.82426],[-71.401735,41.82426],[-71.401736,41.824261],[-71.401737,41.824261],[-71.401737,41.824261],[-71.401738,41.824261],[-71.401738,41.824262],[-71.401738,41.824262],[-71.401738,41.824263],[-71.401738,41.824263],[-71.401738,41.824264],[-71.401738,41.824264],[-71.401734,41.824276],[-71.401731,41.824288]]]},"properties":{"kind":"green"}},{"type":"Feature","id":"green:319","geometry":{"type":"Polygon","coordinates":[[[-71.401157,41.824651],[-71.401142,41.824549],[-71.401118,41.824551],[-71.401116,41.824535],[-71.401042,41.82454],[-71.401041,41.824529],[-71.401041,41.824528],[-71.401041,41.824528],[-71.401041,41.824527],[-71.401042,41.824526],[-71.401042,41.824525],[-71.401043,41.824525],[-71.401044,41.824524],[-71.401045,41.824524],[-71.401046,41.824523],[-71.401047,41.824523],[-71.401065,41.824522],[-71.401086,41.824522],[-71.401107,41.824524],[-71.401119,41.824526],[-71.40113,41.824529],[-71.401141,41.824533],[-71.401151,41.824538],[-71.401176,41.824553],[-71.401203,41.824566],[-71.401233,41.824576],[-71.401264,41.824583],[-71.401296,41.824588],[-71.401301,41.824588],[-71.401328,41.824591],[-71.401343,41.824594],[-71.401358,41.824599],[-71.401379,41.824607],[-71.401398,41.824617],[-71.401414,41.82463],[-71.401429,41.824644],[-71.40144,41.824659],[-71.401441,41.824661],[-71.401441,41.824662],[-71.401441,41.824663],[-71.401441,41.824664],[-71.40144,41.824666],[-71.401439,41.824667],[-71.401438,41.824668],[-71.401437,41.824669],[-71.401435,41.82467],[-71.401434,41.82467],[-71.401432,41.82467],[-71.40143,41.824671],[-71.40143,41.824671],[-71.401397,41.824673],[-71.401397,41.82467],[-71.401389,41.824671],[-71.401383,41.824619],[-71.401219,41.824632],[-71.401221,41.824646],[-71.401157,41.824651]]]},"properties":{"kind":"green"}},{"type":"Feature","id":"green:32","geometry":{"type":"Polygon","coordinates":[[[-71.403697,41.825433],[-71.403664,41.825434],[-71.403669,41.825493],[-71.403669,41.825493],[-71.403669,41.825494],[-71.403668,41.825495],[-71.403668,41.825495],[-71.403667,41.825496],[-71.403666,41.825496],[-71.403665,41.825497],[-71.403664,41.825497],[-71.403663,41.825497],[-71.403595,41.8255],[-71.40359,41.8255],[-71.403585,41.8255],[-71.40358,41.825498],[-71.403575,41.825497],[-71.403571,41.825494],[-71.403568,41.825491],[-71.403565,41.825488],[-71.403562,41.825485],[-71.403561,41.825481],[-71.40356,41.825477],[-71.403553,41.825396],[-71.403561,41.825396],[-71.403559,41.825376],[-71.40356,41.825376],[-71.40356,41.825376],[-71.403569,41.825375],[-71.403569,41.825376],[-71.40357,41.825376],[-71.40357,41.825376],[-71.403645,41.825372],[-71.403723,41.825367],[-71.403775,41.825364],[-71.403779,41.825405],[-71.403781,41.825426],[-71.403697,41.82543],[-71.403697,41.825433]]]},"properties":{"kind":"green"}},{"type":"Feature","id":"green:320","geometry":{"type":"Polygon","coordinates":[[[-71.401101,41.824039],[-71.401123,41.824036],[-71.401111,41.823951],[-71.401081,41.823954],[-71.401081,41.823946],[-71.401227,41.823933],[-71.401242,41.824038],[-71.401232,41.824039],[-71.401234,41.82406],[-71.401235,41.824071],[-71.401235,41.824075],[-71.401233,41.824078],[-71.401231,41.824082],[-71.401228,41.824085],[-71.401224,41.824088],[-71.40122,41.82409],[-71.401215,41.824092],[-71.40121,41.824094],[-71.401205,41.824094],[-71.401162,41.824097],[-71.401118,41.824101],[-71.401115,41.824101],[-71.401114,41.824097],[-71.401112,41.824092],[-71.401109,41.824088],[-71.401106,41.824085],[-71.401101,41.824082],[-71.401096,41.82408],[-71.401091,41.824078],[-71.401085,41.824077],[-71.401079,41.824076],[-71.401077,41.824076],[-71.401071,41.824077],[-71.401062,41.824078],[-71.401048,41.824069],[-71.401046,41.824069],[-71.401042,41.824069],[-71.401041,41.824062],[-71.401045,41.824061],[-71.401052,41.824061],[-71.401104,41.824057],[-71.401101,41.824039]]]},"properties":{"kind":"green"}},{"type":"Feature","id":"green:321","geometry":{"type":"Polygon","coordinates":[[[-71.401018,41.824102],[-71.401017,41.824096],[-71.401049,41.824093],[-71.401049,41.82409],[-71.401063,41.824089],[-71.401077,41.824087],[-71.401081,41.824087],[-71.401084,41.824088],[-71.401087,41.824088],[-71.40109,41.82409],[-71.401093,41.824091],[-71.401096,41.824093],[-71.401098,41.824095],[-71.401098,41.824096],[-71.401098,41.824097],[-71.401098,41.824098],[-71.401098,41.824099],[-71.401097,41.8241],[-71.401097,41.8241],[-71.401096,41.824101],[-71.401095,41.824102],[-71.401094,41.824102],[-71.401093,41.824102],[-71.401092,41.824103],[-71.401029,41.824108],[-71.401027,41.824107],[-71.401025,41.824107],[-71.401023,41.824106],[-71.401021,41.824105],[-71.40102,41.824104],[-71.401019,41.824103],[-71.401018,41.824102]]]},"properties":{"kind":"green"}},{"type":"Feature","id":"green:322","geometry":{"type":"Polygon","coordinates":[[[-71.400937,41.824136],[-71.401107,41.824123],[-71.401109,41.824123],[-71.401111,41.824122],[-71.401112,41.824122],[-71.401114,41.824121],[-71.401115,41.82412],[-71.401116,41.824119],[-71.401117,41.824118],[-71.401117,41.824116],[-71.401117,41.824115],[-71.401117,41.824114],[-71.401206,41.824107],[-71.401252,41.824104],[-71.401254,41.824118],[-71.401243,41.824119],[-71.401244,41.824126],[-71.401245,41.824134],[-71.401119,41.824144],[-71.401025,41.824151],[-71.400923,41.824159],[-71.400929,41.824203],[-71.400937,41.824202],[-71.400937,41.824205],[-71.400856,41.824211],[-71.400865,41.82428],[-71.400861,41.82428],[-71.400859,41.82428],[-71.400857,41.82428],[-71.400855,41.824279],[-71.400853,41.824278],[-71.400851,41.824277],[-71.40085,41.824276],[-71.400843,41.82422],[-71.400835,41.824164],[-71.400835,41.82416],[-71.400836,41.824157],[-71.400838,41.824154],[-71.400841,41.824151],[-71.400844,41.824148],[-71.400848,41.824146],[-71.400852,41.824144],[-71.400856,41.824143],[-71.400937,41.824136]]]},"properties":{"kind":"green"}},{"type":"Feature","id":"green:323","geometry":{"type":"Polygon","coordinates":[[[-71.40071,41.824093],[-71.40071,41.824088],[-71.400776,41.824084],[-71.400774,41.824069],[-71.400838,41.824064],[-71.400841,41.824077],[-71.400898,41.824073],[-71.400903,41.824105],[-71.400995,41.824098],[-71.400996,41.824104],[-71.400996,41.824105],[-71.400995,41.824106],[-71.400994,41.824107],[-71.400993,41.824108],[-71.400991,41.824109],[-71.40099,41.82411],[-71.400988,41.82411],[-71.400986,41.824111],[-71.400932,41.824115],[-71.400851,41.824121],[-71.400814,41.824124],[-71.400739,41.824129],[-71.400733,41.824129],[-71.400728,41.824128],[-71.400723,41.824127],[-71.400719,41.824125],[-71.400715,41.824122],[-71.400711,41.824119],[-71.400708,41.824116],[-71.400706,41.824112],[-71.400705,41.824108],[-71.400701,41.824094],[-71.40071,41.824093]]]},"properties":{"kind":"green"}},{"type":"Feature","id":"green:324","geometry":{"type":"Polygon","coordinates":[[[-71.400581,41.824136],[-71.400578,41.82413],[-71.400574,41.824124],[-71.40057,41.824119],[-71.400564,41.824115],[-71.400558,41.824111],[-71.400549,41.824107],[-71.40054,41.824105],[-71.40053,41.824103],[-71.40052,41.824103],[-71.4005,41.824105],[-71.400499,41.824104],[-71.400499,41.824104],[-71.400548,41.8241],[-71.400547,41.824086],[-71.400611,41.824082],[-71.400613,41.824095],[-71.40068,41.82409],[-71.40068,41.824095],[-71.40068,41.824104],[-71.40068,41.824108],[-71.400679,41.824111],[-71.400677,41.824114],[-71.400674,41.824116],[-71.400668,41.824121],[-71.400662,41.824125],[-71.400655,41.824128],[-71.400621,41.824139],[-71.400594,41.824141],[-71.400592,41.824141],[-71.400591,41.824141],[-71.400589,41.824141],[-71.400587,41.82414],[-71.400586,41.82414],[-71.400584,41.824139],[-71.400583,41.824138],[-71.400582,41.824137],[-71.400581,41.824136]]]},"properties":{"kind":"green"}},{"type":"Feature","id":"green:325","geometry":{"type":"Polygon","coordinates":[[[-71.400496,41.824137],[-71.400493,41.824117],[-71.400521,41.824114],[-71.400525,41.824114],[-71.400532,41.824115],[-71.400539,41.824116],[-71.400546,41.824118],[-71.400551,41.824121],[-71.400556,41.824124],[-71.40056,41.824128],[-71.400563,41.824132],[-71.400564,41.824133],[-71.400564,41.824134],[-71.400564,41.824136],[-71.400564,41.824137],[-71.400563,41.824139],[-71.400562,41.82414],[-71.400561,41.824141],[-71.40056,41.824142],[-71.400558,41.824143],[-71.400557,41.824143],[-71.400556,41.824143],[-71.400554,41.824144],[-71.400446,41.824153],[-71.400413,41.824155],[-71.400411,41.824155],[-71.400409,41.824155],[-71.400408,41.824154],[-71.400406,41.824154],[-71.400406,41.824153],[-71.400405,41.824153],[-71.400405,41.824153],[-71.400405,41.824152],[-71.400405,41.824152],[-71.400405,41.824151],[-71.400405,41.824151],[-71.400405,41.824151],[-71.400404,41.824143],[-71.400454,41.82414],[-71.400496,41.824137]]]},"properties":{"kind":"green"}},{"type":"Feature","id":"green:326","geometry":{"type":"Polygon","coordinates":[[[-71.400477,41.824232],[-71.400473,41.824191],[-71.400448,41.824192],[-71.400447,41.824175],[-71.400481,41.824172],[-71.400495,41.824171],[-71.400509,41.824172],[-71.400522,41.824174],[-71.400535,41.824179],[-71.400547,41.824184],[-71.400558,41.824191],[-71.400566,41.8242],[-71.400573,41.824209],[-71.400578,41.824219],[-71.400581,41.824237],[-71.400582,41.824245],[-71.400581,41.824247],[-71.400581,41.824248],[-71.40058,41.824249],[-71.400579,41.82425],[-71.400578,41.824251],[-71.400577,41.824252],[-71.400576,41.824252],[-71.400574,41.824253],[-71.400572,41.824253],[-71.400568,41.824254],[-71.400564,41.824226],[-71.400477,41.824232]]]},"properties":{"kind":"green"}},{"type":"Feature","id":"green:327","geometry":{"type":"Polygon","coordinates":[[[-71.400487,41.824437],[-71.40048,41.824385],[-71.400497,41.824384],[-71.400492,41.824342],[-71.40058,41.824336],[-71.40057,41.824264],[-71.400576,41.824265],[-71.400578,41.824265],[-71.40058,41.824266],[-71.400581,41.824266],[-71.400582,41.824267],[-71.400583,41.824268],[-71.400584,41.824269],[-71.400585,41.824271],[-71.400585,41.824272],[-71.400602,41.824381],[-71.400613,41.824454],[-71.400614,41.824457],[-71.400614,41.824461],[-71.400613,41.824465],[-71.400612,41.824469],[-71.40061,41.824472],[-71.400607,41.824475],[-71.400603,41.824478],[-71.400599,41.82448],[-71.400594,41.824482],[-71.400589,41.824483],[-71.400563,41.824485],[-71.400561,41.824469],[-71.400527,41.824472],[-71.400528,41.824488],[-71.40052,41.824489],[-71.400519,41.824483],[-71.400511,41.824483],[-71.400504,41.824436],[-71.400487,41.824437]]]},"properties":{"kind":"green"}},{"type":"Feature","id":"green:328","geometry":{"type":"Polygon","coordinates":[[[-71.40051,41.824606],[-71.400502,41.824555],[-71.400519,41.824554],[-71.400514,41.824506],[-71.400522,41.824505],[-71.400521,41.824499],[-71.400574,41.824495],[-71.40059,41.824494],[-71.400594,41.824494],[-71.400599,41.824494],[-71.400603,41.824495],[-71.400607,41.824496],[-71.400611,41.824498],[-71.400614,41.8245],[-71.400617,41.824502],[-71.400619,41.824505],[-71.40062,41.824508],[-71.400621,41.824511],[-71.400634,41.824594],[-71.40065,41.824703],[-71.400649,41.824705],[-71.400649,41.824706],[-71.400647,41.824707],[-71.400646,41.824709],[-71.400644,41.82471],[-71.400643,41.824711],[-71.40064,41.824711],[-71.400637,41.824712],[-71.400625,41.82464],[-71.400531,41.824647],[-71.400526,41.824605],[-71.40051,41.824606]]]},"properties":{"kind":"green"}},{"type":"Feature","id":"green:329","geometry":{"type":"Polygon","coordinates":[[[-71.401416,41.824232],[-71.401409,41.824188],[-71.401401,41.82413],[-71.4014,41.82412],[-71.401507,41.824112],[-71.401502,41.824069],[-71.40154,41.824066],[-71.401541,41.824066],[-71.401542,41.824066],[-71.401543,41.824067],[-71.401545,41.824067],[-71.401546,41.824068],[-71.401546,41.824068],[-71.401547,41.824069],[-71.401548,41.82407],[-71.401548,41.824071],[-71.401559,41.824145],[-71.401571,41.824235],[-71.401571,41.824241],[-71.401569,41.824246],[-71.401566,41.824251],[-71.401562,41.824256],[-71.401557,41.82426],[-71.401551,41.824263],[-71.401544,41.824266],[-71.401537,41.824267],[-71.40153,41.824268],[-71.401451,41.824274],[-71.401375,41.82428],[-71.401372,41.82428],[-71.401369,41.82428],[-71.401366,41.824279],[-71.401363,41.824278],[-71.40136,41.824277],[-71.401357,41.824275],[-71.401355,41.824273],[-71.401353,41.824271],[-71.401352,41.824268],[-71.401351,41.824266],[-71.401349,41.82425],[-71.401347,41.824236],[-71.401416,41.824232]]]},"properties":{"kind":"green"}},{"type":"Feature","id":"green:33","geometry":{"type":"Polygon","coordinates":[[[-71.402251,41.826169],[-71.40225,41.826156],[-71.402248,41.826149],[-71.402249,41.826141],[-71.402251,41.826134],[-71.402254,41.826127],[-71.402259,41.826121],[-71.402265,41.826115],[-71.402273,41.82611],[-71.402281,41.826106],[-71.402291,41.826103],[-71.4023,41.826101],[-71.402327,41.826098],[-71.40233,41.8261],[-71.402332,41.826102],[-71.402333,41.826104],[-71.402334,41.826107],[-71.402335,41.826109],[-71.402342,41.826157],[-71.402331,41.826158],[-71.40233,41.826153],[-71.402319,41.826154],[-71.402319,41.826158],[-71.402313,41.826159],[-71.402314,41.826163],[-71.402308,41.826163],[-71.40231,41.826178],[-71.402316,41.826177],[-71.402322,41.826228],[-71.402296,41.826224],[-71.402287,41.826221],[-71.402279,41.826217],[-71.402272,41.826212],[-71.402266,41.826206],[-71.402261,41.8262],[-71.402255,41.8262],[-71.402254,41.826191],[-71.402266,41.82619],[-71.402263,41.826168],[-71.402251,41.826169]]]},"properties":{"kind":"green"}},{"type":"Feature","id":"green:330","geometry":{"type":"Polygon","coordinates":[[[-71.401113,41.824343],[-71.401101,41.824242],[-71.401255,41.82423],[-71.401256,41.824242],[-71.401321,41.824238],[-71.401323,41.824252],[-71.401325,41.824272],[-71.401325,41.824274],[-71.401324,41.824276],[-71.401323,41.824279],[-71.401321,41.824281],[-71.401318,41.824283],[-71.401316,41.824284],[-71.401313,41.824285],[-71.40131,41.824286],[-71.401307,41.824286],[-71.401305,41.824287],[-71.401303,41.824287],[-71.40127,41.82429],[-71.401238,41.824298],[-71.401208,41.824308],[-71.40118,41.824322],[-71.401155,41.824338],[-71.401133,41.824357],[-71.401126,41.824363],[-71.401117,41.824368],[-71.401108,41.824373],[-71.401108,41.824373],[-71.401098,41.824376],[-71.401087,41.824379],[-71.401077,41.82438],[-71.401049,41.824383],[-71.401009,41.824386],[-71.401007,41.824386],[-71.401006,41.824385],[-71.401004,41.824384],[-71.401003,41.824383],[-71.401002,41.824382],[-71.401001,41.824381],[-71.401001,41.82438],[-71.401001,41.824379],[-71.401,41.824369],[-71.401092,41.824361],[-71.40109,41.824345],[-71.401113,41.824343]]]},"properties":{"kind":"green"}},{"type":"Feature","id":"green:331","geometry":{"type":"Polygon","coordinates":[[[-71.400861,41.82436],[-71.400857,41.824335],[-71.400852,41.824296],[-71.400853,41.824295],[-71.400854,41.824294],[-71.400855,41.824293],[-71.400857,41.824292],[-71.400859,41.824291],[-71.400861,41.824291],[-71.400863,41.824291],[-71.400866,41.824318],[-71.400929,41.824313],[-71.400939,41.824386],[-71.40099,41.824381],[-71.400991,41.824382],[-71.40099,41.824383],[-71.40099,41.824384],[-71.40099,41.824385],[-71.400989,41.824386],[-71.400988,41.824386],[-71.400987,41.824387],[-71.400986,41.824387],[-71.400985,41.824388],[-71.400927,41.824392],[-71.400911,41.824389],[-71.400896,41.824384],[-71.400883,41.824378],[-71.400871,41.82437],[-71.400861,41.82436]]]},"properties":{"kind":"green"}},{"type":"Feature","id":"green:332","geometry":{"type":"Polygon","coordinates":[[[-71.401522,41.823997],[-71.401511,41.823916],[-71.401491,41.823915],[-71.401487,41.823902],[-71.401482,41.823903],[-71.401477,41.823863],[-71.401487,41.823862],[-71.401523,41.823859],[-71.401524,41.823862],[-71.401524,41.823862],[-71.401531,41.823902],[-71.401549,41.823901],[-71.401555,41.823946],[-71.401562,41.823991],[-71.401549,41.824009],[-71.401546,41.824013],[-71.401544,41.824017],[-71.401542,41.824022],[-71.401542,41.824026],[-71.401542,41.824031],[-71.401544,41.824044],[-71.401544,41.824044],[-71.401544,41.824045],[-71.401544,41.824046],[-71.401543,41.824047],[-71.401543,41.824047],[-71.401542,41.824048],[-71.401541,41.824049],[-71.401541,41.824049],[-71.40154,41.824049],[-71.401539,41.824049],[-71.401525,41.824051],[-71.401518,41.824051],[-71.401508,41.824052],[-71.401499,41.824052],[-71.401494,41.824017],[-71.401502,41.824016],[-71.4015,41.824],[-71.401522,41.823997]]]},"properties":{"kind":"green"}},{"type":"Feature","id":"green:333","geometry":{"type":"Polygon","coordinates":[[[-71.402123,41.824667],[-71.402119,41.824664],[-71.402115,41.824661],[-71.402113,41.824658],[-71.402111,41.824654],[-71.40211,41.824651],[-71.402104,41.824612],[-71.402139,41.824608],[-71.402139,41.824609],[-71.40214,41.824609],[-71.40214,41.824608],[-71.402143,41.824608],[-71.402142,41.82459],[-71.40215,41.82459],[-71.40215,41.824589],[-71.402171,41.824589],[-71.402173,41.824639],[-71.402331,41.824636],[-71.402331,41.824624],[-71.402507,41.824621],[-71.402528,41.824807],[-71.402475,41.824811],[-71.402474,41.824804],[-71.402472,41.824786],[-71.402468,41.824768],[-71.40246,41.824751],[-71.402448,41.824735],[-71.402433,41.82472],[-71.402414,41.824708],[-71.402393,41.824699],[-71.402333,41.82468],[-71.40227,41.824668],[-71.402221,41.824669],[-71.402147,41.824671],[-71.402142,41.824672],[-71.402137,41.824671],[-71.402132,41.82467],[-71.402127,41.824669],[-71.402123,41.824667]]]},"properties":{"kind":"green"}},{"type":"Feature","id":"green:334","geometry":{"type":"Polygon","coordinates":[[[-71.401791,41.824722],[-71.401812,41.824693],[-71.401826,41.824662],[-71.401833,41.824629],[-71.401833,41.824596],[-71.401824,41.824532],[-71.401829,41.824524],[-71.40183,41.824522],[-71.401831,41.824521],[-71.401832,41.82452],[-71.401834,41.824519],[-71.401835,41.824519],[-71.401837,41.824518],[-71.401839,41.824518],[-71.4019,41.824513],[-71.401908,41.824512],[-71.401913,41.824546],[-71.401889,41.824548],[-71.401899,41.824621],[-71.401908,41.824669],[-71.401923,41.824668],[-71.401935,41.82475],[-71.401928,41.824751],[-71.401801,41.82476],[-71.401804,41.824779],[-71.401781,41.82478],[-71.401781,41.824784],[-71.401793,41.824864],[-71.401814,41.824863],[-71.401816,41.82488],[-71.401874,41.824877],[-71.401881,41.824929],[-71.401918,41.824926],[-71.401919,41.824933],[-71.401919,41.824934],[-71.401919,41.824935],[-71.401918,41.824937],[-71.401918,41.824938],[-71.401917,41.824939],[-71.401917,41.824939],[-71.401915,41.82494],[-71.401914,41.824941],[-71.401912,41.824942],[-71.40191,41.824942],[-71.401909,41.824942],[-71.401891,41.824944],[-71.401888,41.824944],[-71.401885,41.824944],[-71.401881,41.824944],[-71.401862,41.824946],[-71.401858,41.824946],[-71.401853,41.824946],[-71.401836,41.824944],[-71.401838,41.824941],[-71.40182,41.824932],[-71.401809,41.824927],[-71.401798,41.82492],[-71.401789,41.824912],[-71.401783,41.824904],[-71.401778,41.824894],[-71.401771,41.824895],[-71.401757,41.824792],[-71.401758,41.82478],[-71.40176,41.824767],[-71.401761,41.824766],[-71.401761,41.824765],[-71.401761,41.824765],[-71.401761,41.824764],[-71.401762,41.824762],[-71.401769,41.824749],[-71.401791,41.824722]]]},"properties":{"kind":"green"}},{"type":"Feature","id":"green:335","geometry":{"type":"Polygon","coordinates":[[[-71.401015,41.824843],[-71.401009,41.824801],[-71.401009,41.8248],[-71.401009,41.824798],[-71.40101,41.824796],[-71.401011,41.824794],[-71.401013,41.824792],[-71.401014,41.82479],[-71.401017,41.824789],[-71.401019,41.824787],[-71.401022,41.824787],[-71.401024,41.824786],[-71.401059,41.824783],[-71.401077,41.824783],[-71.401094,41.824785],[-71.401111,41.824789],[-71.401127,41.824795],[-71.401141,41.824803],[-71.401154,41.824812],[-71.401165,41.824823],[-71.401173,41.824834],[-71.401181,41.824855],[-71.401185,41.824876],[-71.401188,41.824896],[-71.401193,41.824932],[-71.401167,41.824935],[-71.401159,41.824936],[-71.401146,41.824838],[-71.401016,41.824848],[-71.401015,41.824843]]]},"properties":{"kind":"green"}},{"type":"Feature","id":"green:336","geometry":{"type":"Polygon","coordinates":[[[-71.400889,41.824583],[-71.400895,41.824569],[-71.4009,41.824559],[-71.400908,41.824551],[-71.400917,41.824543],[-71.400928,41.824537],[-71.40094,41.824532],[-71.401014,41.824526],[-71.401016,41.824526],[-71.401017,41.824526],[-71.401018,41.824526],[-71.401019,41.824527],[-71.40102,41.824527],[-71.401021,41.824528],[-71.401022,41.824529],[-71.401022,41.82453],[-71.401022,41.824531],[-71.401023,41.824534],[-71.401008,41.824535],[-71.401007,41.824532],[-71.40096,41.824536],[-71.400965,41.824568],[-71.40097,41.824607],[-71.400904,41.824612],[-71.400908,41.82464],[-71.400905,41.824639],[-71.400903,41.824638],[-71.400901,41.824637],[-71.400899,41.824635],[-71.400897,41.824634],[-71.400896,41.824632],[-71.400889,41.824583]]]},"properties":{"kind":"green"}},{"type":"Feature","id":"green:339","geometry":{"type":"Polygon","coordinates":[[[-71.40366,41.826567],[-71.403659,41.826551],[-71.40364,41.826552],[-71.403639,41.826536],[-71.403635,41.826492],[-71.403634,41.826484],[-71.403671,41.826484],[-71.403693,41.826483],[-71.403695,41.826535],[-71.403898,41.826532],[-71.403899,41.826584],[-71.403858,41.826584],[-71.403857,41.826566],[-71.403874,41.826565],[-71.403873,41.826552],[-71.403848,41.826553],[-71.403848,41.826564],[-71.403842,41.826564],[-71.403838,41.826564],[-71.403839,41.826584],[-71.403796,41.826585],[-71.403796,41.826614],[-71.403788,41.826614],[-71.403789,41.826625],[-71.403796,41.826625],[-71.403796,41.826634],[-71.403775,41.826634],[-71.40368,41.82663],[-71.403672,41.826629],[-71.403665,41.826626],[-71.403658,41.826622],[-71.403653,41.826618],[-71.403648,41.826613],[-71.403644,41.826608],[-71.403641,41.826568],[-71.40366,41.826567]]]},"properties":{"kind":"green"}},{"type":"Feature","id":"green:34","geometry":{"type":"Polygon","coordinates":[[[-71.402268,41.826307],[-71.40228,41.826307],[-71.402277,41.826285],[-71.402266,41.826286],[-71.402268,41.826278],[-71.402271,41.826271],[-71.402275,41.826264],[-71.402281,41.826258],[-71.402288,41.826253],[-71.402297,41.826248],[-71.402324,41.82624],[-71.40233,41.826291],[-71.402324,41.826291],[-71.402325,41.826306],[-71.402331,41.826306],[-71.402331,41.82631],[-71.402337,41.826309],[-71.402338,41.826314],[-71.402349,41.826313],[-71.402349,41.826308],[-71.402392,41.826306],[-71.402392,41.82631],[-71.402404,41.826309],[-71.402403,41.826305],[-71.402446,41.826302],[-71.402447,41.826306],[-71.402458,41.826306],[-71.402458,41.826301],[-71.402501,41.826298],[-71.402501,41.826303],[-71.402513,41.826302],[-71.402513,41.826298],[-71.402555,41.826295],[-71.402556,41.826299],[-71.402567,41.826299],[-71.402567,41.826294],[-71.40261,41.826291],[-71.402611,41.826296],[-71.402622,41.826295],[-71.402622,41.82629],[-71.402665,41.826287],[-71.402665,41.826292],[-71.40267,41.826292],[-71.402672,41.826311],[-71.402727,41.826307],[-71.402727,41.826311],[-71.402858,41.826302],[-71.40285,41.826234],[-71.402855,41.826233],[-71.402855,41.826232],[-71.402886,41.82623],[-71.40289,41.826243],[-71.402895,41.826278],[-71.402881,41.826279],[-71.402882,41.826291],[-71.402896,41.82629],[-71.402899,41.826318],[-71.402899,41.826324],[-71.402897,41.826328],[-71.40289,41.826332],[-71.402879,41.826335],[-71.402863,41.826336],[-71.402792,41.826342],[-71.402757,41.826344],[-71.402601,41.826355],[-71.402444,41.826366],[-71.402414,41.82637],[-71.402368,41.826372],[-71.402354,41.826371],[-71.402341,41.826368],[-71.402328,41.826364],[-71.402316,41.826358],[-71.402306,41.826351],[-71.402297,41.826343],[-71.402285,41.826332],[-71.402279,41.826327],[-71.402274,41.826321],[-71.402271,41.826314],[-71.402268,41.826307]]]},"properties":{"kind":"green"}},{"type":"Feature","id":"green:340","geometry":{"type":"Polygon","coordinates":[[[-71.403662,41.826842],[-71.403655,41.826752],[-71.403648,41.826662],[-71.403648,41.82666],[-71.403648,41.826658],[-71.403649,41.826655],[-71.40365,41.826653],[-71.403652,41.826651],[-71.403654,41.826649],[-71.403657,41.826648],[-71.40366,41.826647],[-71.403663,41.826646],[-71.403666,41.826646],[-71.403775,41.82665],[-71.403797,41.82665],[-71.403797,41.826659],[-71.403789,41.826659],[-71.403789,41.82667],[-71.403797,41.82667],[-71.403798,41.826701],[-71.40379,41.826701],[-71.403791,41.826712],[-71.403798,41.826712],[-71.403798,41.826713],[-71.403796,41.826714],[-71.403796,41.826722],[-71.403788,41.826722],[-71.403789,41.826733],[-71.403796,41.826733],[-71.403796,41.826742],[-71.403778,41.826742],[-71.403779,41.826758],[-71.403796,41.826758],[-71.403796,41.826766],[-71.403789,41.826766],[-71.403789,41.826777],[-71.403797,41.826777],[-71.403797,41.826785],[-71.403799,41.826785],[-71.403799,41.826787],[-71.403792,41.826787],[-71.403792,41.826798],[-71.403799,41.826798],[-71.4038,41.82683],[-71.403792,41.82683],[-71.403792,41.826841],[-71.4038,41.826841],[-71.4038,41.826849],[-71.403785,41.826849],[-71.403678,41.826849],[-71.403662,41.826842]]]},"properties":{"kind":"green"}},{"type":"Feature","id":"green:341","geometry":{"type":"Polygon","coordinates":[[[-71.403614,41.826889],[-71.403623,41.826888],[-71.403623,41.826889],[-71.403624,41.826889],[-71.403625,41.826895],[-71.403624,41.826895],[-71.403624,41.826896],[-71.403622,41.826896],[-71.403623,41.8269],[-71.403624,41.826899],[-71.403625,41.826906],[-71.403617,41.826907],[-71.403616,41.8269],[-71.403617,41.8269],[-71.403617,41.826897],[-71.403615,41.826897],[-71.403615,41.826896],[-71.403614,41.826896],[-71.403613,41.82689],[-71.403614,41.82689],[-71.403614,41.826889]]]},"properties":{"kind":"green"}},{"type":"Feature","id":"green:342","geometry":{"type":"Polygon","coordinates":[[[-71.403474,41.826691],[-71.40347,41.826691],[-71.403472,41.826711],[-71.403477,41.82671],[-71.403477,41.826712],[-71.403477,41.826713],[-71.403473,41.826714],[-71.403475,41.826733],[-71.40348,41.826733],[-71.40348,41.826734],[-71.403468,41.826735],[-71.403468,41.826734],[-71.403474,41.826733],[-71.403471,41.826714],[-71.403466,41.826714],[-71.403465,41.826713],[-71.403465,41.826711],[-71.40347,41.826711],[-71.403468,41.826691],[-71.403462,41.826692],[-71.403462,41.82669],[-71.403474,41.826689],[-71.403474,41.826691]]]},"properties":{"kind":"green"}},{"type":"Feature","id":"green:343","geometry":{"type":"MultiPolygon","coordinates":[[[[-71.403597,41.826747],[-71.403634,41.826925],[-71.403633,41.826927],[-71.403632,41.82693],[-71.403631,41.826932],[-71.403629,41.826934],[-71.403626,41.826936],[-71.403623,41.826937],[-71.40362,41.826938],[-71.403592,41.82694],[-71.403582,41.826878],[-71.403615,41.826875],[-71.403597,41.826747]]],[[[-71.403574,41.826641],[-71.403578,41.826641],[-71.403581,41.826642],[-71.403584,41.826643],[-71.403587,41.826645],[-71.40359,41.826647],[-71.403591,41.826649],[-71.403593,41.826652],[-71.403594,41.826654],[-71.403594,41.826657],[-71.403597,41.826747],[-71.403465,41.826758],[-71.403465,41.826756],[-71.403455,41.826688],[-71.403452,41.826689],[-71.403451,41.826684],[-71.403447,41.826684],[-71.403443,41.82667],[-71.403442,41.826667],[-71.403442,41.826665],[-71.403442,41.826662],[-71.403443,41.82666],[-71.403444,41.826657],[-71.403446,41.826655],[-71.403448,41.826653],[-71.403451,41.826652],[-71.403453,41.82665],[-71.403457,41.826649],[-71.403574,41.826641]]]]},"properties":{"kind":"green"}},{"type":"Feature","id":"green:344","geometry":{"type":"Polygon","coordinates":[[[-71.403487,41.826932],[-71.403484,41.826906],[-71.40348,41.826886],[-71.403497,41.826885],[-71.4035,41.826903],[-71.40356,41.826899],[-71.403559,41.826897],[-71.403571,41.826896],[-71.403577,41.826942],[-71.403507,41.826947],[-71.403502,41.826945],[-71.403497,41.826943],[-71.403493,41.82694],[-71.40349,41.826936],[-71.403487,41.826932]]]},"properties":{"kind":"green"}},{"type":"Feature","id":"green:345","geometry":{"type":"Polygon","coordinates":[[[-71.403287,41.826949],[-71.403284,41.826924],[-71.403435,41.826912],[-71.40344,41.826938],[-71.40344,41.82694],[-71.403439,41.826943],[-71.403438,41.826946],[-71.403436,41.826948],[-71.403433,41.82695],[-71.403431,41.826952],[-71.403428,41.826954],[-71.403424,41.826955],[-71.403307,41.826964],[-71.403304,41.826964],[-71.403301,41.826964],[-71.403298,41.826963],[-71.403295,41.826962],[-71.403293,41.82696],[-71.403291,41.826958],[-71.403289,41.826956],[-71.403288,41.826954],[-71.403287,41.826952],[-71.403287,41.826949]]]},"properties":{"kind":"green"}},{"type":"Feature","id":"green:346","geometry":{"type":"Polygon","coordinates":[[[-71.403155,41.826976],[-71.403149,41.826935],[-71.403191,41.826932],[-71.403195,41.826958],[-71.403222,41.826955],[-71.403224,41.826955],[-71.403226,41.826955],[-71.403227,41.826955],[-71.403229,41.826955],[-71.403231,41.826956],[-71.403232,41.826956],[-71.403234,41.826957],[-71.403235,41.826958],[-71.403236,41.826959],[-71.403237,41.82696],[-71.403237,41.826962],[-71.403237,41.826963],[-71.403237,41.826964],[-71.403237,41.826966],[-71.403236,41.826967],[-71.403235,41.826968],[-71.403234,41.826969],[-71.403232,41.82697],[-71.403232,41.82697],[-71.403155,41.826976]]]},"properties":{"kind":"green"}},{"type":"Feature","id":"green:347","geometry":{"type":"Polygon","coordinates":[[[-71.403051,41.826985],[-71.403043,41.826938],[-71.403134,41.826931],[-71.403141,41.826977],[-71.403051,41.826985]]]},"properties":{"kind":"green"}},{"type":"Feature","id":"green:348","geometry":{"type":"Polygon","coordinates":[[[-71.402876,41.826976],[-71.402871,41.826936],[-71.402919,41.826932],[-71.402918,41.826926],[-71.402975,41.826922],[-71.402983,41.82699],[-71.402923,41.826995],[-71.402905,41.826997],[-71.402874,41.826979],[-71.402874,41.826976],[-71.402876,41.826976]]]},"properties":{"kind":"green"}},{"type":"Feature","id":"green:349","geometry":{"type":"Polygon","coordinates":[[[-71.40267,41.827],[-71.402666,41.826989],[-71.402791,41.82698],[-71.402786,41.826947],[-71.402785,41.826943],[-71.402825,41.82694],[-71.402831,41.82698],[-71.402834,41.82698],[-71.402835,41.826982],[-71.402808,41.827006],[-71.402731,41.827013],[-71.402691,41.827017],[-71.402687,41.827016],[-71.402683,41.827014],[-71.402679,41.827012],[-71.402676,41.827009],[-71.402673,41.827006],[-71.402671,41.827003],[-71.40267,41.827]]]},"properties":{"kind":"green"}},{"type":"Feature","id":"green:35","geometry":{"type":"Polygon","coordinates":[[[-71.398372,41.827274],[-71.398354,41.827276],[-71.398353,41.827269],[-71.398353,41.827269],[-71.398352,41.827264],[-71.398334,41.827265],[-71.39833,41.827234],[-71.398329,41.827223],[-71.398311,41.827225],[-71.398313,41.827235],[-71.398313,41.827235],[-71.398315,41.827249],[-71.398271,41.827253],[-71.398273,41.82725],[-71.398269,41.827231],[-71.398269,41.827227],[-71.398368,41.827219],[-71.398354,41.827138],[-71.398359,41.827138],[-71.398361,41.827148],[-71.39836,41.827149],[-71.39836,41.827149],[-71.39836,41.827149],[-71.39836,41.827149],[-71.39836,41.827149],[-71.39836,41.82715],[-71.39836,41.82715],[-71.39836,41.82715],[-71.39836,41.82715],[-71.398361,41.82715],[-71.398361,41.827151],[-71.398362,41.82716],[-71.398363,41.82716],[-71.398363,41.827161],[-71.398362,41.827161],[-71.398362,41.827161],[-71.398362,41.827161],[-71.398362,41.827161],[-71.398362,41.827162],[-71.398363,41.827162],[-71.398363,41.827162],[-71.398363,41.827162],[-71.398363,41.827162],[-71.398364,41.827162],[-71.398364,41.827163],[-71.398364,41.827163],[-71.398364,41.827163],[-71.398365,41.827162],[-71.398365,41.827162],[-71.398365,41.827162],[-71.398366,41.827162],[-71.398366,41.827162],[-71.398366,41.827162],[-71.398366,41.827161],[-71.398366,41.827161],[-71.398366,41.827161],[-71.398366,41.827161],[-71.398366,41.827161],[-71.398366,41.82716],[-71.398365,41.82716],[-71.398365,41.82716],[-71.398385,41.827159],[-71.398397,41.827237],[-71.398399,41.827236],[-71.3984,41.827242],[-71.398415,41.827327],[-71.398431,41.82742],[-71.398428,41.827421],[-71.398428,41.827421],[-71.398417,41.827422],[-71.398417,41.827422],[-71.398413,41.827422],[-71.398379,41.827426],[-71.398378,41.827423],[-71.39838,41.827423],[-71.39838,41.82742],[-71.39838,41.82742],[-71.398377,41.827398],[-71.398376,41.827398],[-71.398375,41.827387],[-71.398375,41.827387],[-71.398372,41.827366],[-71.398374,41.827366],[-71.398369,41.827336],[-71.398391,41.827334],[-71.398385,41.82729],[-71.398375,41.827291],[-71.398372,41.827274]]]},"properties":{"kind":"green"}},{"type":"Feature","id":"green:350","geometry":{"type":"Polygon","coordinates":[[[-71.402581,41.827023],[-71.402578,41.826998],[-71.402595,41.826997],[-71.402595,41.826995],[-71.402645,41.826991],[-71.402643,41.827006],[-71.402642,41.82701],[-71.40264,41.827013],[-71.402638,41.827016],[-71.402635,41.827019],[-71.402631,41.827021],[-71.402627,41.827023],[-71.402582,41.827027],[-71.402581,41.827023]]]},"properties":{"kind":"green"}},{"type":"Feature","id":"green:351","geometry":{"type":"Polygon","coordinates":[[[-71.402414,41.827042],[-71.402409,41.82701],[-71.402541,41.826999],[-71.402541,41.827001],[-71.402558,41.827],[-71.402561,41.827025],[-71.402562,41.827028],[-71.402414,41.827044],[-71.402414,41.827042]]]},"properties":{"kind":"green"}},{"type":"Feature","id":"green:352","geometry":{"type":"MultiPolygon","coordinates":[[[[-71.404585,41.826678],[-71.404586,41.826685],[-71.404577,41.826686],[-71.404576,41.826679],[-71.40458,41.826678],[-71.404585,41.826678]]],[[[-71.404578,41.826622],[-71.404579,41.826629],[-71.404575,41.82663],[-71.40457,41.82663],[-71.404569,41.826623],[-71.404574,41.826623],[-71.404578,41.826622]]],[[[-71.404571,41.826566],[-71.404572,41.826572],[-71.404567,41.826573],[-71.404563,41.826573],[-71.404562,41.826567],[-71.404567,41.826567],[-71.404571,41.826566]]],[[[-71.404564,41.826511],[-71.404564,41.826516],[-71.40456,41.826517],[-71.404556,41.826517],[-71.404555,41.826511],[-71.404559,41.826511],[-71.404564,41.826511]]],[[[-71.404556,41.826454],[-71.404557,41.826461],[-71.404553,41.826461],[-71.404549,41.826462],[-71.404548,41.826455],[-71.404552,41.826455],[-71.404556,41.826454]]],[[[-71.404549,41.826398],[-71.40455,41.826405],[-71.404545,41.826405],[-71.404541,41.826406],[-71.40454,41.826399],[-71.404544,41.826399],[-71.404549,41.826398]]],[[[-71.404543,41.826343],[-71.404544,41.826349],[-71.404539,41.826349],[-71.404534,41.82635],[-71.404533,41.826343],[-71.404538,41.826343],[-71.404543,41.826343]]],[[[-71.404534,41.826287],[-71.404535,41.826293],[-71.404531,41.826293],[-71.404527,41.826294],[-71.404526,41.826287],[-71.404534,41.826287]]]]},"properties":{"kind":"green"}},{"type":"Feature","id":"green:353","geometry":{"type":"Polygon","coordinates":[[[-71.403742,41.826265],[-71.403742,41.826264],[-71.403752,41.826264],[-71.403752,41.826266],[-71.403742,41.826265]]]},"properties":{"kind":"green"}},{"type":"Feature","id":"green:354","geometry":{"type":"Polygon","coordinates":[[[-71.40394,41.826362],[-71.403939,41.826288],[-71.403949,41.826288],[-71.403949,41.826268],[-71.403939,41.826268],[-71.403938,41.826265],[-71.403961,41.826265],[-71.403961,41.826262],[-71.404068,41.82626],[-71.404069,41.82626],[-71.404071,41.826261],[-71.404072,41.826262],[-71.404073,41.826263],[-71.404073,41.826263],[-71.404074,41.826264],[-71.404074,41.826353],[-71.404074,41.826355],[-71.404074,41.826357],[-71.404072,41.826359],[-71.40407,41.826361],[-71.404068,41.826363],[-71.404066,41.826365],[-71.404063,41.826366],[-71.40406,41.826366],[-71.404057,41.826367],[-71.403961,41.826368],[-71.403941,41.826368],[-71.40385,41.826369],[-71.403763,41.82637],[-71.403702,41.826372],[-71.4037,41.826371],[-71.403699,41.82637],[-71.403698,41.826367],[-71.403698,41.826364],[-71.403698,41.826362],[-71.403697,41.826357],[-71.403695,41.826353],[-71.403693,41.826348],[-71.403692,41.826343],[-71.403691,41.826339],[-71.40369,41.826335],[-71.40369,41.826331],[-71.403691,41.826328],[-71.403692,41.826324],[-71.403696,41.82632],[-71.403699,41.826316],[-71.403703,41.826312],[-71.403705,41.826308],[-71.403709,41.826304],[-71.403713,41.826298],[-71.403716,41.826294],[-71.403719,41.826288],[-71.40372,41.826283],[-71.403721,41.826275],[-71.403722,41.826268],[-71.403722,41.826264],[-71.403741,41.826264],[-71.403762,41.826264],[-71.403763,41.826364],[-71.40394,41.826362]]]},"properties":{"kind":"green"}},{"type":"Feature","id":"green:355","geometry":{"type":"Polygon","coordinates":[[[-71.403938,41.826223],[-71.403937,41.826202],[-71.403974,41.826202],[-71.403974,41.82619],[-71.403984,41.82619],[-71.403984,41.826171],[-71.403974,41.826171],[-71.403973,41.826108],[-71.403936,41.826108],[-71.403935,41.826065],[-71.403976,41.826064],[-71.403976,41.826061],[-71.404068,41.82606],[-71.404069,41.82606],[-71.404069,41.82606],[-71.40407,41.82606],[-71.404071,41.82606],[-71.404071,41.826061],[-71.404072,41.826061],[-71.404072,41.826062],[-71.404072,41.826062],[-71.404073,41.826062],[-71.404073,41.826063],[-71.404073,41.826155],[-71.404073,41.826242],[-71.404073,41.826243],[-71.404073,41.826244],[-71.404073,41.826244],[-71.404072,41.826245],[-71.404072,41.826245],[-71.404071,41.826246],[-71.40407,41.826246],[-71.404069,41.826246],[-71.404068,41.826246],[-71.404068,41.826246],[-71.403961,41.826248],[-71.403961,41.826246],[-71.403938,41.826246],[-71.403938,41.826243],[-71.403948,41.826243],[-71.403948,41.826223],[-71.403938,41.826223]]]},"properties":{"kind":"green"}},{"type":"Feature","id":"green:356","geometry":{"type":"Polygon","coordinates":[[[-71.403933,41.825948],[-71.403757,41.825949],[-71.403758,41.826048],[-71.40373,41.826048],[-71.403702,41.826048],[-71.403658,41.826048],[-71.403658,41.826048],[-71.403655,41.826048],[-71.403653,41.826049],[-71.40365,41.826049],[-71.403647,41.826049],[-71.403645,41.826049],[-71.403642,41.826049],[-71.40364,41.826049],[-71.403637,41.826048],[-71.403635,41.826048],[-71.403633,41.826048],[-71.403632,41.826048],[-71.40363,41.826048],[-71.403628,41.826048],[-71.403627,41.826047],[-71.403626,41.826047],[-71.403624,41.826047],[-71.403623,41.826047],[-71.403621,41.826046],[-71.40362,41.826046],[-71.403618,41.826045],[-71.403617,41.826045],[-71.403617,41.826045],[-71.403616,41.826045],[-71.403615,41.826044],[-71.403614,41.826044],[-71.403613,41.826044],[-71.403612,41.826044],[-71.403612,41.826043],[-71.403611,41.826043],[-71.40361,41.826043],[-71.403609,41.826042],[-71.403609,41.826042],[-71.403608,41.826041],[-71.403608,41.826041],[-71.403607,41.826041],[-71.403607,41.82604],[-71.403606,41.82604],[-71.403606,41.826039],[-71.403605,41.826039],[-71.403605,41.826038],[-71.403605,41.826038],[-71.403604,41.826038],[-71.403604,41.826037],[-71.403603,41.826036],[-71.403603,41.826036],[-71.403603,41.826035],[-71.403603,41.826034],[-71.403602,41.826034],[-71.403602,41.826033],[-71.403602,41.826032],[-71.403602,41.826032],[-71.403602,41.826031],[-71.403601,41.82603],[-71.4036,41.825993],[-71.403596,41.825951],[-71.403596,41.825948],[-71.403597,41.825945],[-71.403599,41.825943],[-71.403601,41.82594],[-71.403603,41.825938],[-71.403606,41.825936],[-71.40361,41.825935],[-71.403614,41.825934],[-71.403934,41.825932],[-71.403959,41.825932],[-71.404068,41.825933],[-71.404069,41.825933],[-71.40407,41.825933],[-71.40407,41.825933],[-71.404071,41.825934],[-71.404071,41.825934],[-71.404072,41.825935],[-71.404072,41.825935],[-71.404072,41.825992],[-71.404072,41.826043],[-71.404072,41.826044],[-71.404072,41.826044],[-71.404071,41.826045],[-71.40407,41.826045],[-71.40407,41.826046],[-71.404069,41.826046],[-71.404068,41.826046],[-71.404067,41.826046],[-71.403976,41.826048],[-71.403976,41.826045],[-71.403935,41.826046],[-71.403935,41.826043],[-71.403946,41.826043],[-71.403945,41.826022],[-71.403935,41.826022],[-71.403934,41.825998],[-71.403945,41.825998],[-71.403945,41.825979],[-71.403934,41.825979],[-71.403933,41.825948]]]},"properties":{"kind":"green"}},{"type":"Feature","id":"green:359","geometry":{"type":"Polygon","coordinates":[[[-71.404179,41.825348],[-71.40417,41.825348],[-71.40417,41.825342],[-71.404179,41.825341],[-71.404179,41.825348]]]},"properties":{"kind":"green"}},{"type":"Feature","id":"green:36","geometry":{"type":"Polygon","coordinates":[[[-71.401299,41.826767],[-71.401351,41.826764],[-71.401352,41.826764],[-71.401352,41.826766],[-71.401388,41.826764],[-71.401393,41.826763],[-71.401398,41.826805],[-71.401404,41.826858],[-71.401414,41.826919],[-71.401421,41.826977],[-71.401428,41.827016],[-71.401381,41.827019],[-71.401381,41.827015],[-71.401364,41.826871],[-71.401365,41.826867],[-71.401372,41.826867],[-71.401374,41.826867],[-71.401375,41.826867],[-71.401377,41.826868],[-71.401378,41.826869],[-71.40138,41.826869],[-71.401381,41.82687],[-71.401382,41.826871],[-71.401382,41.826873],[-71.401385,41.826869],[-71.401384,41.826867],[-71.401382,41.826866],[-71.401381,41.826865],[-71.401379,41.826864],[-71.401377,41.826863],[-71.401375,41.826863],[-71.401372,41.826863],[-71.401311,41.826866],[-71.401306,41.826822],[-71.401299,41.826768],[-71.401299,41.826767]]]},"properties":{"kind":"green"}},{"type":"Feature","id":"green:360","geometry":{"type":"MultiPolygon","coordinates":[[[[-71.404488,41.825961],[-71.404489,41.825968],[-71.404481,41.825969],[-71.40448,41.825962],[-71.404484,41.825962],[-71.404488,41.825961]]],[[[-71.404481,41.825905],[-71.404482,41.825912],[-71.404478,41.825912],[-71.404474,41.825912],[-71.404473,41.825906],[-71.404477,41.825906],[-71.404481,41.825905]]],[[[-71.404475,41.825849],[-71.404476,41.825856],[-71.404472,41.825857],[-71.404468,41.825857],[-71.404467,41.82585],[-71.404475,41.825849]]]]},"properties":{"kind":"green"}},{"type":"Feature","id":"green:361","geometry":{"type":"Polygon","coordinates":[[[-71.403769,41.825895],[-71.403863,41.825894],[-71.403863,41.825898],[-71.403876,41.825898],[-71.403876,41.825894],[-71.403906,41.825894],[-71.403906,41.825897],[-71.403921,41.825897],[-71.403921,41.825893],[-71.403933,41.825893],[-71.403932,41.82585],[-71.403946,41.825849],[-71.403946,41.825848],[-71.403968,41.825848],[-71.403968,41.825847],[-71.403969,41.825847],[-71.40397,41.825847],[-71.40397,41.825847],[-71.403971,41.825847],[-71.403971,41.825847],[-71.403972,41.825846],[-71.403972,41.825846],[-71.403972,41.825846],[-71.403973,41.825845],[-71.403973,41.825841],[-71.404064,41.82584],[-71.404065,41.82584],[-71.404066,41.825841],[-71.404067,41.825841],[-71.404068,41.825841],[-71.404069,41.825842],[-71.40407,41.825843],[-71.404071,41.825843],[-71.404071,41.825844],[-71.404071,41.825907],[-71.404071,41.825908],[-71.40407,41.825908],[-71.404069,41.825909],[-71.404069,41.82591],[-71.404067,41.82591],[-71.404066,41.825911],[-71.403951,41.825911],[-71.403862,41.825911],[-71.403761,41.825912],[-71.403708,41.825912],[-71.403705,41.825911],[-71.403703,41.82591],[-71.403701,41.825909],[-71.403699,41.825907],[-71.403697,41.825905],[-71.403696,41.825903],[-71.403695,41.825901],[-71.403695,41.825899],[-71.403715,41.825862],[-71.403718,41.825859],[-71.403722,41.825855],[-71.403726,41.825852],[-71.403731,41.82585],[-71.403737,41.825848],[-71.403742,41.825847],[-71.403748,41.825847],[-71.403761,41.825845],[-71.403762,41.825855],[-71.403768,41.825855],[-71.403769,41.825895]]]},"properties":{"kind":"green"}},{"type":"Feature","id":"green:362","geometry":{"type":"Polygon","coordinates":[[[-71.403946,41.825813],[-71.403945,41.825752],[-71.403942,41.825752],[-71.403941,41.825744],[-71.403945,41.825744],[-71.403945,41.825743],[-71.40398,41.825742],[-71.40398,41.825742],[-71.40398,41.825742],[-71.403981,41.825742],[-71.403982,41.825742],[-71.403982,41.825742],[-71.403983,41.825741],[-71.403983,41.825741],[-71.403983,41.825741],[-71.403984,41.82574],[-71.403984,41.82574],[-71.403984,41.825736],[-71.404063,41.825736],[-71.404065,41.825736],[-71.404066,41.825736],[-71.404067,41.825737],[-71.404068,41.825737],[-71.404069,41.825738],[-71.40407,41.825739],[-71.40407,41.825739],[-71.404071,41.82574],[-71.404071,41.825822],[-71.404071,41.825823],[-71.40407,41.825824],[-71.40407,41.825825],[-71.404069,41.825825],[-71.404068,41.825826],[-71.404067,41.825826],[-71.404066,41.825827],[-71.404065,41.825827],[-71.404064,41.825827],[-71.403972,41.825828],[-71.403972,41.825824],[-71.403972,41.825824],[-71.403972,41.825824],[-71.403972,41.825823],[-71.403972,41.825823],[-71.403971,41.825823],[-71.403971,41.825822],[-71.40397,41.825822],[-71.40397,41.825822],[-71.403969,41.825822],[-71.403969,41.825822],[-71.403968,41.825822],[-71.403968,41.825822],[-71.403946,41.825822],[-71.403946,41.825821],[-71.403943,41.825821],[-71.403943,41.825813],[-71.403946,41.825813]]]},"properties":{"kind":"green"}},{"type":"Feature","id":"green:363","geometry":{"type":"Polygon","coordinates":[[[-71.403759,41.825719],[-71.403752,41.825719],[-71.403752,41.825723],[-71.403746,41.825723],[-71.403741,41.825723],[-71.403729,41.825723],[-71.403721,41.825721],[-71.403715,41.825715],[-71.40371,41.825703],[-71.403685,41.825655],[-71.403655,41.825608],[-71.403648,41.825598],[-71.403647,41.825596],[-71.403646,41.825594],[-71.403646,41.825593],[-71.403647,41.825591],[-71.403647,41.825589],[-71.403648,41.825587],[-71.40365,41.825586],[-71.403651,41.825585],[-71.403653,41.825584],[-71.403655,41.825583],[-71.403658,41.825582],[-71.40366,41.825582],[-71.403855,41.825573],[-71.403857,41.825593],[-71.403877,41.825592],[-71.403878,41.825599],[-71.403897,41.825598],[-71.403896,41.825591],[-71.403973,41.825587],[-71.403973,41.825595],[-71.403992,41.825594],[-71.403992,41.825586],[-71.404012,41.825585],[-71.404011,41.825574],[-71.404012,41.825574],[-71.404014,41.825573],[-71.404015,41.825572],[-71.404016,41.825571],[-71.404017,41.82557],[-71.404017,41.825568],[-71.404018,41.825567],[-71.404017,41.825566],[-71.404017,41.825564],[-71.404016,41.825563],[-71.404015,41.825562],[-71.404014,41.825561],[-71.404012,41.82556],[-71.404011,41.82556],[-71.404009,41.825559],[-71.404008,41.825547],[-71.40401,41.825546],[-71.404011,41.825545],[-71.404012,41.825544],[-71.404013,41.825543],[-71.404014,41.825542],[-71.404015,41.825541],[-71.404015,41.825539],[-71.404015,41.825538],[-71.404014,41.825537],[-71.404014,41.825535],[-71.404013,41.825534],[-71.404011,41.825533],[-71.40401,41.825532],[-71.404008,41.825532],[-71.404007,41.825531],[-71.404006,41.825525],[-71.404017,41.825525],[-71.404018,41.825526],[-71.404019,41.825527],[-71.40402,41.825528],[-71.404021,41.825529],[-71.404023,41.825529],[-71.404025,41.82553],[-71.404026,41.82553],[-71.404028,41.82553],[-71.40403,41.82553],[-71.404031,41.82553],[-71.404033,41.825529],[-71.404034,41.825528],[-71.404035,41.825527],[-71.404036,41.825526],[-71.404037,41.825525],[-71.404037,41.825524],[-71.404048,41.825523],[-71.404046,41.825498],[-71.404062,41.825498],[-71.404063,41.825507],[-71.404063,41.825507],[-71.404064,41.825507],[-71.404064,41.825507],[-71.404065,41.825508],[-71.404065,41.825508],[-71.404065,41.825509],[-71.404065,41.825509],[-71.40407,41.82563],[-71.404071,41.825716],[-71.404071,41.825717],[-71.40407,41.825718],[-71.40407,41.825719],[-71.404069,41.82572],[-71.404068,41.825721],[-71.404067,41.825721],[-71.404066,41.825722],[-71.404065,41.825722],[-71.403984,41.825723],[-71.403984,41.825719],[-71.403984,41.825719],[-71.403983,41.825718],[-71.403983,41.825718],[-71.403983,41.825718],[-71.403982,41.825717],[-71.403981,41.825717],[-71.403981,41.825717],[-71.40398,41.825717],[-71.403979,41.825717],[-71.403979,41.825717],[-71.403944,41.825717],[-71.403944,41.825715],[-71.40393,41.825715],[-71.403929,41.825672],[-71.403765,41.825673],[-71.403765,41.825713],[-71.403759,41.825713],[-71.403759,41.825719]]]},"properties":{"kind":"green"}},{"type":"Feature","id":"green:364","geometry":{"type":"Polygon","coordinates":[[[-71.400817,41.826288],[-71.400815,41.826281],[-71.400816,41.826274],[-71.400817,41.826267],[-71.400821,41.82626],[-71.400825,41.826254],[-71.400832,41.826249],[-71.400839,41.826244],[-71.400847,41.826241],[-71.400865,41.826236],[-71.400883,41.826233],[-71.400884,41.826234],[-71.400886,41.826236],[-71.400888,41.826237],[-71.400859,41.826262],[-71.400834,41.826289],[-71.400834,41.82629],[-71.400833,41.826291],[-71.400832,41.826292],[-71.400831,41.826292],[-71.400829,41.826293],[-71.400828,41.826293],[-71.400826,41.826294],[-71.400825,41.826294],[-71.400823,41.826293],[-71.400822,41.826293],[-71.400821,41.826292],[-71.400819,41.826292],[-71.400818,41.826291],[-71.400818,41.82629],[-71.400817,41.826289],[-71.400817,41.826288]]]},"properties":{"kind":"green"}},{"type":"Feature","id":"green:365","geometry":{"type":"Polygon","coordinates":[[[-71.400817,41.826182],[-71.400815,41.82617],[-71.400802,41.826171],[-71.400798,41.826139],[-71.400798,41.826138],[-71.400799,41.826137],[-71.4008,41.826136],[-71.400801,41.826135],[-71.400802,41.826134],[-71.400803,41.826134],[-71.400804,41.826133],[-71.400806,41.826133],[-71.400818,41.826131],[-71.400834,41.826131],[-71.40085,41.826133],[-71.400865,41.826138],[-71.400879,41.826144],[-71.400971,41.826179],[-71.400972,41.82618],[-71.400973,41.826181],[-71.400974,41.826181],[-71.400974,41.826182],[-71.400975,41.826183],[-71.400975,41.826184],[-71.400975,41.826185],[-71.400975,41.826186],[-71.400975,41.826187],[-71.400974,41.826188],[-71.400973,41.826189],[-71.400972,41.82619],[-71.400971,41.82619],[-71.40097,41.82619],[-71.400969,41.826191],[-71.400943,41.8262],[-71.400912,41.826212],[-71.400879,41.82622],[-71.400843,41.826227],[-71.400815,41.82623],[-71.400814,41.82623],[-71.400813,41.82623],[-71.400812,41.82623],[-71.400811,41.826229],[-71.400811,41.826229],[-71.40081,41.826228],[-71.400809,41.826228],[-71.400809,41.826227],[-71.400809,41.826226],[-71.400809,41.826226],[-71.400809,41.826225],[-71.400804,41.826184],[-71.400817,41.826182]]]},"properties":{"kind":"green"}},{"type":"Feature","id":"green:366","geometry":{"type":"Polygon","coordinates":[[[-71.400939,41.826145],[-71.400895,41.826128],[-71.400885,41.826101],[-71.400886,41.826101],[-71.400886,41.826101],[-71.400886,41.826101],[-71.400887,41.8261],[-71.400887,41.8261],[-71.400887,41.8261],[-71.400887,41.8261],[-71.400887,41.826099],[-71.400887,41.826099],[-71.400887,41.826099],[-71.400887,41.826099],[-71.400911,41.826097],[-71.400935,41.826095],[-71.400935,41.826095],[-71.400935,41.826095],[-71.400935,41.826096],[-71.400935,41.826096],[-71.400935,41.826096],[-71.400935,41.826096],[-71.400936,41.826096],[-71.400936,41.826097],[-71.400936,41.826097],[-71.400937,41.826097],[-71.400937,41.826097],[-71.400949,41.826137],[-71.400949,41.826139],[-71.400949,41.82614],[-71.400948,41.826141],[-71.400948,41.826142],[-71.400947,41.826143],[-71.400945,41.826144],[-71.400944,41.826144],[-71.400943,41.826145],[-71.400941,41.826145],[-71.400939,41.826145]]]},"properties":{"kind":"green"}},{"type":"Feature","id":"green:367","geometry":{"type":"Polygon","coordinates":[[[-71.40226,41.826248],[-71.402259,41.826228],[-71.402259,41.826227],[-71.402259,41.826227],[-71.402259,41.826226],[-71.402259,41.826226],[-71.402259,41.826226],[-71.402259,41.826225],[-71.40226,41.826225],[-71.40226,41.826225],[-71.402261,41.826225],[-71.402261,41.826225],[-71.402262,41.826225],[-71.402262,41.826225],[-71.402263,41.826225],[-71.402263,41.826225],[-71.402264,41.826225],[-71.402264,41.826225],[-71.402284,41.826234],[-71.402284,41.826235],[-71.402285,41.826235],[-71.402285,41.826236],[-71.402285,41.826236],[-71.402285,41.826236],[-71.402285,41.826237],[-71.402285,41.826237],[-71.402285,41.826238],[-71.402285,41.826238],[-71.402284,41.826239],[-71.402284,41.826239],[-71.402283,41.826239],[-71.402283,41.826239],[-71.402268,41.82625],[-71.402268,41.82625],[-71.402267,41.826251],[-71.402267,41.826251],[-71.402266,41.826251],[-71.402266,41.826251],[-71.402265,41.826251],[-71.402264,41.826251],[-71.402263,41.826251],[-71.402263,41.826251],[-71.402262,41.826251],[-71.402262,41.82625],[-71.402261,41.82625],[-71.402261,41.826249],[-71.402261,41.826249],[-71.40226,41.826248]]]},"properties":{"kind":"green"}},{"type":"Feature","id":"green:368","geometry":{"type":"Polygon","coordinates":[[[-71.402246,41.826078],[-71.40224,41.826077],[-71.402233,41.826076],[-71.402227,41.826074],[-71.402222,41.826071],[-71.402217,41.826067],[-71.402213,41.826063],[-71.40221,41.826058],[-71.402209,41.826053],[-71.402208,41.826048],[-71.402206,41.826031],[-71.402206,41.82603],[-71.402206,41.826029],[-71.402207,41.826028],[-71.402207,41.826027],[-71.402208,41.826027],[-71.402209,41.826026],[-71.40221,41.826025],[-71.402211,41.826025],[-71.402213,41.826025],[-71.402214,41.826025],[-71.402215,41.826025],[-71.402216,41.826025],[-71.402218,41.826026],[-71.402219,41.826026],[-71.402219,41.826027],[-71.402272,41.826066],[-71.402273,41.826067],[-71.402274,41.826068],[-71.402274,41.826069],[-71.402275,41.826069],[-71.402275,41.82607],[-71.402275,41.826071],[-71.402274,41.826072],[-71.402274,41.826073],[-71.402273,41.826074],[-71.402273,41.826074],[-71.402272,41.826075],[-71.402271,41.826075],[-71.40227,41.826076],[-71.402268,41.826076],[-71.402267,41.826076],[-71.402246,41.826078]]]},"properties":{"kind":"green"}},{"type":"Feature","id":"green:369","geometry":{"type":"Polygon","coordinates":[[[-71.402308,41.826067],[-71.402269,41.826037],[-71.402232,41.826009],[-71.402229,41.826008],[-71.402227,41.826006],[-71.402224,41.826004],[-71.402223,41.826002],[-71.402222,41.826],[-71.402221,41.825997],[-71.402222,41.825995],[-71.402222,41.825992],[-71.402224,41.82599],[-71.402225,41.825988],[-71.402228,41.825986],[-71.40223,41.825984],[-71.402233,41.825983],[-71.402237,41.825982],[-71.40224,41.825982],[-71.402292,41.825978],[-71.402295,41.826002],[-71.402312,41.826001],[-71.402313,41.826009],[-71.402333,41.826008],[-71.402332,41.826],[-71.402416,41.825994],[-71.402422,41.826051],[-71.402423,41.826053],[-71.402422,41.826055],[-71.402422,41.826056],[-71.40242,41.826058],[-71.402419,41.82606],[-71.402417,41.826061],[-71.402415,41.826063],[-71.402412,41.826064],[-71.402377,41.826067],[-71.402323,41.826071],[-71.402321,41.826072],[-71.402318,41.826071],[-71.402316,41.826071],[-71.402314,41.82607],[-71.402311,41.82607],[-71.40231,41.826068],[-71.402308,41.826067]]]},"properties":{"kind":"green"}},{"type":"Feature","id":"green:37","geometry":{"type":"Polygon","coordinates":[[[-71.400865,41.826383],[-71.400858,41.826366],[-71.400855,41.826348],[-71.400856,41.82633],[-71.400861,41.826313],[-71.40087,41.826296],[-71.400883,41.826281],[-71.400899,41.826268],[-71.400918,41.826257],[-71.400939,41.826248],[-71.400962,41.826243],[-71.400985,41.82624],[-71.400985,41.826238],[-71.400985,41.826234],[-71.400986,41.82623],[-71.400988,41.826227],[-71.400991,41.826224],[-71.400994,41.826221],[-71.400998,41.826219],[-71.401003,41.826217],[-71.401007,41.826216],[-71.401127,41.826205],[-71.40129,41.826189],[-71.401293,41.826189],[-71.401296,41.826191],[-71.401299,41.826192],[-71.401301,41.826194],[-71.401303,41.826196],[-71.401305,41.826198],[-71.401306,41.8262],[-71.40133,41.826372],[-71.401338,41.826429],[-71.401338,41.826431],[-71.401338,41.826434],[-71.401337,41.826436],[-71.401336,41.826438],[-71.401334,41.82644],[-71.401332,41.826442],[-71.401329,41.826444],[-71.401326,41.826445],[-71.401323,41.826446],[-71.40132,41.826446],[-71.401082,41.826458],[-71.401037,41.82646],[-71.401032,41.82646],[-71.401027,41.826459],[-71.401023,41.826457],[-71.401019,41.826455],[-71.401015,41.826453],[-71.401012,41.82645],[-71.40101,41.826447],[-71.401008,41.826443],[-71.401007,41.82644],[-71.400984,41.826439],[-71.400961,41.826436],[-71.40094,41.82643],[-71.400919,41.826422],[-71.4009,41.826412],[-71.400889,41.826406],[-71.40088,41.8264],[-71.400872,41.826392],[-71.400865,41.826383]]]},"properties":{"kind":"green"}},{"type":"Feature","id":"green:370","geometry":{"type":"Polygon","coordinates":[[[-71.402438,41.82605],[-71.402431,41.825993],[-71.402506,41.825989],[-71.402513,41.826043],[-71.402512,41.826046],[-71.402511,41.826049],[-71.40251,41.826051],[-71.402508,41.826054],[-71.402505,41.826056],[-71.402449,41.826061],[-71.402447,41.82606],[-71.402445,41.826059],[-71.402443,41.826058],[-71.402441,41.826057],[-71.40244,41.826055],[-71.402439,41.826053],[-71.402438,41.826052],[-71.402438,41.82605]]]},"properties":{"kind":"green"}},{"type":"Feature","id":"green:371","geometry":{"type":"Polygon","coordinates":[[[-71.402529,41.826046],[-71.402524,41.826006],[-71.402524,41.826006],[-71.402686,41.825995],[-71.402678,41.825922],[-71.402676,41.825922],[-71.402675,41.825913],[-71.402678,41.825912],[-71.402679,41.825918],[-71.402697,41.825917],[-71.402706,41.826038],[-71.402676,41.82604],[-71.402653,41.826043],[-71.402536,41.826053],[-71.402535,41.826053],[-71.402533,41.826052],[-71.402532,41.826052],[-71.402531,41.826051],[-71.40253,41.82605],[-71.402529,41.826049],[-71.402529,41.826047],[-71.402529,41.826046]]]},"properties":{"kind":"green"}},{"type":"Feature","id":"green:372","geometry":{"type":"Polygon","coordinates":[[[-71.403614,41.826202],[-71.403614,41.826195],[-71.403613,41.826188],[-71.403612,41.826182],[-71.403612,41.826175],[-71.403611,41.826167],[-71.40361,41.826159],[-71.40361,41.826151],[-71.403609,41.826142],[-71.403609,41.826134],[-71.403608,41.826126],[-71.403607,41.826117],[-71.403607,41.826109],[-71.403606,41.826101],[-71.403606,41.826092],[-71.403605,41.826084],[-71.403606,41.826081],[-71.403607,41.826078],[-71.403609,41.826074],[-71.403611,41.826072],[-71.403615,41.826069],[-71.403618,41.826067],[-71.403622,41.826066],[-71.403627,41.826065],[-71.40373,41.826064],[-71.403758,41.826064],[-71.403759,41.82611],[-71.403723,41.826111],[-71.403723,41.826149],[-71.403696,41.826149],[-71.403696,41.826165],[-71.403723,41.826165],[-71.403724,41.826203],[-71.403761,41.826203],[-71.403762,41.826247],[-71.403737,41.826247],[-71.403737,41.826249],[-71.403721,41.82625],[-71.403714,41.82625],[-71.403707,41.82625],[-71.403699,41.82625],[-71.403692,41.826251],[-71.403685,41.826251],[-71.403682,41.826251],[-71.403679,41.826251],[-71.403676,41.826251],[-71.403673,41.826251],[-71.40367,41.826251],[-71.403667,41.826251],[-71.403664,41.826251],[-71.403661,41.826251],[-71.403658,41.826251],[-71.403655,41.826251],[-71.403652,41.826251],[-71.40365,41.826251],[-71.403648,41.826251],[-71.403646,41.826251],[-71.403645,41.82625],[-71.403643,41.82625],[-71.403641,41.82625],[-71.403639,41.82625],[-71.403637,41.826249],[-71.403635,41.826249],[-71.403634,41.826249],[-71.403632,41.826249],[-71.403631,41.826249],[-71.40363,41.826249],[-71.403629,41.826248],[-71.403627,41.826248],[-71.403626,41.826248],[-71.403625,41.826248],[-71.403624,41.826248],[-71.403623,41.826248],[-71.403622,41.826248],[-71.403621,41.826247],[-71.40362,41.826247],[-71.403619,41.826241],[-71.403618,41.826234],[-71.403618,41.826228],[-71.403617,41.826221],[-71.403616,41.826215],[-71.403615,41.826208],[-71.403614,41.826202]]]},"properties":{"kind":"green"}},{"type":"Feature","id":"green:373","geometry":{"type":"Polygon","coordinates":[[[-71.403622,41.826349],[-71.403622,41.826345],[-71.403622,41.82634],[-71.403622,41.826336],[-71.403622,41.826331],[-71.403622,41.826325],[-71.403622,41.82632],[-71.403622,41.826318],[-71.403637,41.826318],[-71.403637,41.826304],[-71.403622,41.826304],[-71.403622,41.826302],[-71.403622,41.826296],[-71.403621,41.82629],[-71.403621,41.826284],[-71.403621,41.826278],[-71.403621,41.826272],[-71.403621,41.826266],[-71.403707,41.826265],[-71.403707,41.826267],[-71.403706,41.826272],[-71.403705,41.826278],[-71.403701,41.826284],[-71.403698,41.826288],[-71.403694,41.826292],[-71.403688,41.826297],[-71.403682,41.826303],[-71.403677,41.826309],[-71.403674,41.826315],[-71.40367,41.826322],[-71.403669,41.826328],[-71.403669,41.826335],[-71.403669,41.826341],[-71.403671,41.826349],[-71.403672,41.826354],[-71.403675,41.82636],[-71.403676,41.826363],[-71.403676,41.826365],[-71.403676,41.826368],[-71.403676,41.82637],[-71.403674,41.826372],[-71.403673,41.826373],[-71.40365,41.826373],[-71.40364,41.826373],[-71.403631,41.826371],[-71.403626,41.826368],[-71.403622,41.826357],[-71.403622,41.826354],[-71.403622,41.826349]]]},"properties":{"kind":"green"}},{"type":"Feature","id":"green:374","geometry":{"type":"Polygon","coordinates":[[[-71.403814,41.826415],[-71.403814,41.826401],[-71.403812,41.826401],[-71.403801,41.826402],[-71.4038,41.826402],[-71.4038,41.826415],[-71.403692,41.826417],[-71.403693,41.826465],[-71.403671,41.826465],[-71.403633,41.826466],[-71.403632,41.826451],[-71.40363,41.826434],[-71.403629,41.826418],[-71.40363,41.826408],[-71.403633,41.826402],[-71.40364,41.826398],[-71.403648,41.826394],[-71.40366,41.826392],[-71.403767,41.826391],[-71.403931,41.82639],[-71.404023,41.826389],[-71.404027,41.826389],[-71.404032,41.826391],[-71.404035,41.826392],[-71.404039,41.826394],[-71.404042,41.826397],[-71.404044,41.8264],[-71.404046,41.826403],[-71.404047,41.826406],[-71.404047,41.826409],[-71.404047,41.826412],[-71.403986,41.826413],[-71.403814,41.826415]]]},"properties":{"kind":"green"}},{"type":"Feature","id":"green:375","geometry":{"type":"Polygon","coordinates":[[[-71.403964,41.826756],[-71.403964,41.826739],[-71.403949,41.82674],[-71.403949,41.826732],[-71.403956,41.826732],[-71.403955,41.826721],[-71.403948,41.826721],[-71.403948,41.826712],[-71.403946,41.826712],[-71.403946,41.82671],[-71.403953,41.82671],[-71.403953,41.826699],[-71.403946,41.826699],[-71.403945,41.826668],[-71.403953,41.826668],[-71.403953,41.826657],[-71.403945,41.826657],[-71.403945,41.826648],[-71.403963,41.826648],[-71.403963,41.826632],[-71.403945,41.826632],[-71.403944,41.826624],[-71.403952,41.826623],[-71.403951,41.826612],[-71.403944,41.826613],[-71.403944,41.826583],[-71.403899,41.826584],[-71.403898,41.826532],[-71.403991,41.826531],[-71.403991,41.82654],[-71.403907,41.826541],[-71.403908,41.826569],[-71.403986,41.826568],[-71.403986,41.826554],[-71.403929,41.826555],[-71.403929,41.826552],[-71.404009,41.826551],[-71.404009,41.826531],[-71.404014,41.826531],[-71.404049,41.826531],[-71.404089,41.826526],[-71.404092,41.826502],[-71.404093,41.826496],[-71.404095,41.826491],[-71.404098,41.82649],[-71.404101,41.826488],[-71.404105,41.826487],[-71.404108,41.826486],[-71.404112,41.826486],[-71.404115,41.826486],[-71.404134,41.826493],[-71.404186,41.826514],[-71.404234,41.82654],[-71.404276,41.826571],[-71.404317,41.826617],[-71.404352,41.826666],[-71.404378,41.826718],[-71.404382,41.826733],[-71.404383,41.826736],[-71.404383,41.826738],[-71.404384,41.826741],[-71.404384,41.826743],[-71.404385,41.826746],[-71.404385,41.826748],[-71.404395,41.826828],[-71.404399,41.82685],[-71.404407,41.826869],[-71.404409,41.826877],[-71.404398,41.826878],[-71.404377,41.82688],[-71.404355,41.826879],[-71.404299,41.826883],[-71.40429,41.826884],[-71.40422,41.82689],[-71.404212,41.82689],[-71.404142,41.826896],[-71.404133,41.826897],[-71.404066,41.826902],[-71.404058,41.826903],[-71.404021,41.826906],[-71.404012,41.826907],[-71.403949,41.826912],[-71.403948,41.826864],[-71.40396,41.826864],[-71.403959,41.826847],[-71.403948,41.826848],[-71.403948,41.826839],[-71.403956,41.826839],[-71.403955,41.826828],[-71.403948,41.826828],[-71.403947,41.826797],[-71.403955,41.826797],[-71.403955,41.826786],[-71.403947,41.826786],[-71.403947,41.826784],[-71.403949,41.826784],[-71.403949,41.826776],[-71.403956,41.826776],[-71.403956,41.826765],[-71.403949,41.826765],[-71.403949,41.826756],[-71.403964,41.826756]]]},"properties":{"kind":"green"}},{"type":"Feature","id":"green:376","geometry":{"type":"Polygon","coordinates":[[[-71.401809,41.826466],[-71.401807,41.826445],[-71.401872,41.826442],[-71.401895,41.82644],[-71.401911,41.826439],[-71.401928,41.826438],[-71.401988,41.826437],[-71.401989,41.826438],[-71.402152,41.826428],[-71.402158,41.826476],[-71.402136,41.826477],[-71.402135,41.826471],[-71.402112,41.826472],[-71.402113,41.826479],[-71.402089,41.82648],[-71.402088,41.826474],[-71.402065,41.826475],[-71.402066,41.826482],[-71.402043,41.826483],[-71.402042,41.826477],[-71.402019,41.826478],[-71.40202,41.826485],[-71.401839,41.826496],[-71.401837,41.826477],[-71.401825,41.826478],[-71.401824,41.826465],[-71.401809,41.826466]]]},"properties":{"kind":"green"}},{"type":"Feature","id":"green:377","geometry":{"type":"Polygon","coordinates":[[[-71.402289,41.826369],[-71.40229,41.82637],[-71.402291,41.826371],[-71.402291,41.826371],[-71.402291,41.826372],[-71.402291,41.826373],[-71.40229,41.826374],[-71.40229,41.826375],[-71.402289,41.826376],[-71.402288,41.826376],[-71.402287,41.826377],[-71.402286,41.826377],[-71.402285,41.826378],[-71.402283,41.826378],[-71.402282,41.826377],[-71.402242,41.826387],[-71.402237,41.826388],[-71.402235,41.826389],[-71.402233,41.826389],[-71.402231,41.826389],[-71.402229,41.826389],[-71.402227,41.826389],[-71.402226,41.826388],[-71.402224,41.826387],[-71.402223,41.826386],[-71.402221,41.826385],[-71.402221,41.826383],[-71.40222,41.826382],[-71.40222,41.82638],[-71.40222,41.826369],[-71.402222,41.826359],[-71.402226,41.826348],[-71.402232,41.826338],[-71.402237,41.826331],[-71.402237,41.826331],[-71.402238,41.82633],[-71.402239,41.826329],[-71.40224,41.826329],[-71.402241,41.826329],[-71.402242,41.826328],[-71.402243,41.826328],[-71.402244,41.826328],[-71.402246,41.826329],[-71.402247,41.826329],[-71.402248,41.82633],[-71.402248,41.82633],[-71.402249,41.826331],[-71.40225,41.826332],[-71.402255,41.826338],[-71.40227,41.826353],[-71.402286,41.826366],[-71.402289,41.826369]]]},"properties":{"kind":"green"}},{"type":"Feature","id":"green:378","geometry":{"type":"Polygon","coordinates":[[[-71.401473,41.826171],[-71.401469,41.826143],[-71.401333,41.826155],[-71.401329,41.826118],[-71.401328,41.826112],[-71.401328,41.826112],[-71.401464,41.826102],[-71.40144,41.825905],[-71.401384,41.825909],[-71.401383,41.8259],[-71.401446,41.825896],[-71.401437,41.825826],[-71.401497,41.825821],[-71.401492,41.825781],[-71.401569,41.825775],[-71.40157,41.825779],[-71.401584,41.825777],[-71.401583,41.825769],[-71.401748,41.825757],[-71.401745,41.825736],[-71.401746,41.825736],[-71.401749,41.825757],[-71.401755,41.825756],[-71.401755,41.825757],[-71.40176,41.825756],[-71.401767,41.825808],[-71.40184,41.825802],[-71.40184,41.8258],[-71.401915,41.825805],[-71.401957,41.825802],[-71.401956,41.825804],[-71.402025,41.8258],[-71.402025,41.825806],[-71.401922,41.825813],[-71.401929,41.825871],[-71.401933,41.825904],[-71.401938,41.825945],[-71.401948,41.826037],[-71.401949,41.826043],[-71.401953,41.826073],[-71.402002,41.826071],[-71.402003,41.826074],[-71.402005,41.826076],[-71.402006,41.826079],[-71.402007,41.826081],[-71.402008,41.826083],[-71.402008,41.826086],[-71.402007,41.826088],[-71.402006,41.826091],[-71.402005,41.826093],[-71.402003,41.826095],[-71.402,41.826096],[-71.401998,41.826098],[-71.401995,41.826099],[-71.401991,41.826099],[-71.401988,41.8261],[-71.401956,41.826102],[-71.401959,41.826129],[-71.401473,41.826171]]]},"properties":{"kind":"green"}},{"type":"Feature","id":"green:38","geometry":{"type":"Polygon","coordinates":[[[-71.402278,41.82705],[-71.402273,41.827015],[-71.402324,41.827011],[-71.402375,41.827007],[-71.402378,41.827028],[-71.40238,41.827047],[-71.402319,41.827053],[-71.402319,41.827051],[-71.402286,41.827054],[-71.402278,41.82705]]]},"properties":{"kind":"green"}},{"type":"Feature","id":"green:380","geometry":{"type":"Polygon","coordinates":[[[-71.402175,41.82591],[-71.402157,41.825746],[-71.402143,41.825621],[-71.402195,41.825617],[-71.402204,41.825691],[-71.402202,41.825691],[-71.402205,41.825717],[-71.402207,41.825717],[-71.402208,41.825722],[-71.402214,41.825721],[-71.402214,41.825723],[-71.402234,41.825721],[-71.402234,41.82572],[-71.402256,41.825718],[-71.402258,41.825735],[-71.402279,41.825734],[-71.402277,41.825717],[-71.4023,41.825716],[-71.4023,41.825717],[-71.40232,41.825716],[-71.40232,41.825714],[-71.402326,41.825714],[-71.402326,41.825714],[-71.402343,41.825713],[-71.402341,41.8257],[-71.4024,41.825696],[-71.402401,41.825702],[-71.402475,41.825697],[-71.402476,41.825704],[-71.402484,41.825704],[-71.402484,41.825705],[-71.402504,41.825704],[-71.402504,41.825702],[-71.402583,41.825697],[-71.402583,41.825698],[-71.402604,41.825697],[-71.402603,41.825696],[-71.402611,41.825695],[-71.40261,41.825688],[-71.402685,41.825683],[-71.402678,41.825627],[-71.402702,41.825626],[-71.4027,41.825614],[-71.402708,41.825613],[-71.402708,41.825613],[-71.40274,41.825609],[-71.402741,41.825612],[-71.402752,41.825611],[-71.402779,41.82561],[-71.402782,41.82561],[-71.402785,41.825611],[-71.402787,41.825613],[-71.40279,41.825614],[-71.402792,41.825616],[-71.402793,41.825618],[-71.402794,41.82562],[-71.402795,41.825624],[-71.402796,41.825628],[-71.402796,41.825632],[-71.402797,41.825636],[-71.402798,41.82564],[-71.402798,41.825644],[-71.402799,41.825649],[-71.4028,41.825653],[-71.4028,41.825657],[-71.402801,41.825661],[-71.402802,41.825665],[-71.402802,41.825666],[-71.402802,41.825669],[-71.402803,41.825673],[-71.402803,41.825676],[-71.402804,41.825679],[-71.402805,41.825682],[-71.402805,41.825685],[-71.402806,41.825688],[-71.402806,41.825691],[-71.402807,41.825694],[-71.402807,41.825697],[-71.402808,41.8257],[-71.402808,41.825702],[-71.402808,41.825717],[-71.402807,41.825719],[-71.402805,41.825722],[-71.402804,41.825725],[-71.402801,41.825728],[-71.402798,41.82573],[-71.402795,41.825733],[-71.402794,41.825734],[-71.402792,41.825735],[-71.402792,41.825735],[-71.402784,41.825741],[-71.402772,41.825749],[-71.40277,41.82575],[-71.402769,41.825751],[-71.402766,41.825754],[-71.402765,41.825755],[-71.402764,41.825756],[-71.402763,41.825757],[-71.402761,41.825759],[-71.402761,41.82576],[-71.40276,41.825761],[-71.402759,41.825762],[-71.402757,41.825763],[-71.402756,41.825764],[-71.402756,41.825765],[-71.402755,41.825766],[-71.402754,41.825767],[-71.402753,41.825768],[-71.402751,41.82577],[-71.402751,41.825771],[-71.40275,41.825772],[-71.402749,41.825773],[-71.402747,41.825775],[-71.402746,41.825776],[-71.402746,41.825777],[-71.402744,41.825779],[-71.402743,41.82578],[-71.402742,41.825782],[-71.402741,41.825783],[-71.402739,41.825785],[-71.402738,41.825787],[-71.402737,41.825789],[-71.402736,41.825791],[-71.402735,41.825793],[-71.402734,41.825794],[-71.402733,41.825796],[-71.402733,41.825798],[-71.402732,41.825799],[-71.402731,41.825801],[-71.40273,41.825803],[-71.402729,41.825805],[-71.402728,41.825807],[-71.402728,41.825807],[-71.402727,41.825808],[-71.402727,41.825809],[-71.402726,41.825811],[-71.402725,41.825813],[-71.402725,41.825814],[-71.402724,41.825815],[-71.402723,41.825817],[-71.402723,41.825818],[-71.402723,41.825819],[-71.402722,41.82582],[-71.402722,41.825822],[-71.402722,41.825822],[-71.402721,41.825825],[-71.402721,41.825826],[-71.40272,41.825827],[-71.40272,41.82583],[-71.402719,41.825831],[-71.402717,41.825833],[-71.402707,41.825837],[-71.402702,41.825839],[-71.402687,41.825842],[-71.402677,41.825843],[-71.402674,41.825842],[-71.40267,41.825842],[-71.402666,41.825842],[-71.402666,41.825836],[-71.402668,41.825836],[-71.402659,41.825765],[-71.402524,41.825773],[-71.402523,41.825763],[-71.402527,41.825762],[-71.40252,41.825745],[-71.402501,41.825749],[-71.402508,41.825766],[-71.402512,41.825765],[-71.402513,41.825765],[-71.402514,41.825774],[-71.402497,41.825775],[-71.402508,41.825866],[-71.402281,41.825881],[-71.402289,41.825951],[-71.402221,41.825956],[-71.402215,41.825956],[-71.402209,41.825956],[-71.402203,41.825955],[-71.402197,41.825954],[-71.402192,41.825951],[-71.402187,41.825948],[-71.402183,41.825944],[-71.40218,41.82594],[-71.402178,41.825936],[-71.402177,41.825931],[-71.402175,41.82591]]]},"properties":{"kind":"green"}},{"type":"Feature","id":"green:381","geometry":{"type":"Polygon","coordinates":[[[-71.402724,41.826036],[-71.402713,41.825929],[-71.402716,41.825923],[-71.402723,41.825919],[-71.402732,41.825924],[-71.402737,41.82593],[-71.402737,41.825931],[-71.402738,41.825932],[-71.402739,41.825934],[-71.402739,41.825935],[-71.40274,41.825936],[-71.402741,41.825937],[-71.402742,41.825938],[-71.402743,41.82594],[-71.402744,41.825941],[-71.402745,41.825942],[-71.402746,41.825945],[-71.402748,41.825946],[-71.402748,41.825947],[-71.402749,41.825949],[-71.402751,41.825951],[-71.402752,41.825952],[-71.402754,41.825953],[-71.402756,41.825955],[-71.402757,41.825956],[-71.402758,41.825958],[-71.40276,41.82596],[-71.402761,41.825961],[-71.402763,41.825962],[-71.402764,41.825963],[-71.402765,41.825964],[-71.402768,41.825966],[-71.402769,41.825967],[-71.40277,41.825968],[-71.402772,41.82597],[-71.402775,41.825971],[-71.402776,41.825973],[-71.402778,41.825974],[-71.402779,41.825975],[-71.402782,41.825977],[-71.402784,41.825978],[-71.402786,41.825979],[-71.402788,41.82598],[-71.402789,41.825981],[-71.402791,41.825982],[-71.402793,41.825984],[-71.402795,41.825985],[-71.402797,41.825986],[-71.4028,41.825987],[-71.402801,41.825988],[-71.402804,41.82599],[-71.402806,41.825991],[-71.402808,41.825992],[-71.40281,41.825993],[-71.402812,41.825993],[-71.402813,41.825994],[-71.402813,41.825994],[-71.402819,41.826028],[-71.402724,41.826036]]]},"properties":{"kind":"green"}},{"type":"Feature","id":"green:382","geometry":{"type":"Polygon","coordinates":[[[-71.402757,41.825909],[-71.402756,41.825908],[-71.402755,41.825906],[-71.402755,41.825905],[-71.402754,41.825904],[-71.402753,41.825903],[-71.402753,41.825902],[-71.402752,41.8259],[-71.402752,41.825899],[-71.402751,41.825898],[-71.40275,41.825897],[-71.40275,41.825895],[-71.402749,41.825894],[-71.402749,41.825893],[-71.402748,41.825892],[-71.402748,41.82589],[-71.402747,41.825889],[-71.402747,41.825888],[-71.402747,41.825887],[-71.402746,41.825886],[-71.402746,41.825885],[-71.402746,41.825884],[-71.402746,41.825883],[-71.402745,41.825882],[-71.402745,41.825881],[-71.402745,41.82588],[-71.402744,41.825878],[-71.402744,41.825877],[-71.402744,41.825876],[-71.402744,41.825875],[-71.402744,41.825874],[-71.402744,41.825873],[-71.402744,41.825872],[-71.402744,41.82587],[-71.402743,41.825869],[-71.402743,41.825868],[-71.402743,41.825867],[-71.402743,41.825866],[-71.402743,41.825865],[-71.402743,41.825864],[-71.402744,41.825862],[-71.402744,41.825861],[-71.402744,41.82586],[-71.402744,41.825859],[-71.402744,41.825858],[-71.402744,41.825856],[-71.402744,41.825855],[-71.402744,41.825854],[-71.402745,41.825853],[-71.402745,41.825852],[-71.402745,41.82585],[-71.402745,41.825849],[-71.402746,41.825848],[-71.402746,41.825847],[-71.402746,41.825846],[-71.402746,41.825844],[-71.402746,41.825843],[-71.402747,41.825841],[-71.402747,41.82584],[-71.402747,41.825839],[-71.402748,41.825837],[-71.402748,41.825836],[-71.402748,41.825835],[-71.402749,41.825833],[-71.402749,41.825832],[-71.402749,41.825831],[-71.40275,41.825829],[-71.40275,41.825828],[-71.40275,41.825827],[-71.402751,41.825826],[-71.402751,41.825824],[-71.402752,41.825823],[-71.402752,41.825822],[-71.402753,41.825821],[-71.402753,41.82582],[-71.402753,41.825819],[-71.402754,41.825818],[-71.402754,41.825817],[-71.402755,41.825816],[-71.402756,41.825814],[-71.402756,41.825813],[-71.402757,41.825812],[-71.402757,41.82581],[-71.402758,41.825809],[-71.402759,41.825807],[-71.40276,41.825806],[-71.40276,41.825804],[-71.402761,41.825803],[-71.402762,41.825801],[-71.402763,41.825799],[-71.402764,41.825798],[-71.402765,41.825796],[-71.402766,41.825795],[-71.402767,41.825793],[-71.402768,41.825792],[-71.402769,41.825791],[-71.40277,41.82579],[-71.40277,41.825789],[-71.402772,41.825788],[-71.402772,41.825786],[-71.402773,41.825785],[-71.402774,41.825784],[-71.402775,41.825783],[-71.402776,41.825782],[-71.402777,41.825781],[-71.402778,41.825779],[-71.402779,41.825778],[-71.40278,41.825777],[-71.402781,41.825776],[-71.402782,41.825775],[-71.402783,41.825774],[-71.402784,41.825773],[-71.402785,41.825772],[-71.402786,41.825771],[-71.402787,41.82577],[-71.402788,41.825769],[-71.402789,41.825768],[-71.40279,41.825767],[-71.402791,41.825766],[-71.402792,41.825765],[-71.402793,41.825764],[-71.402793,41.825764],[-71.402794,41.825763],[-71.402795,41.825763],[-71.402796,41.825763],[-71.402796,41.825762],[-71.402797,41.825762],[-71.402798,41.825761],[-71.402799,41.825761],[-71.402799,41.82576],[-71.4028,41.82576],[-71.402801,41.825759],[-71.402802,41.825759],[-71.402804,41.825759],[-71.402806,41.825759],[-71.402808,41.825759],[-71.402811,41.82576],[-71.402812,41.825761],[-71.402814,41.825762],[-71.402816,41.825763],[-71.402817,41.825764],[-71.402817,41.825766],[-71.402817,41.825767],[-71.402818,41.825771],[-71.402819,41.825774],[-71.402819,41.825777],[-71.402819,41.82578],[-71.40282,41.825783],[-71.402821,41.825787],[-71.402821,41.82579],[-71.402822,41.825793],[-71.402822,41.825796],[-71.402823,41.825799],[-71.402823,41.825802],[-71.402824,41.825806],[-71.402824,41.825809],[-71.402825,41.825813],[-71.402825,41.825816],[-71.402826,41.82582],[-71.402826,41.825823],[-71.402827,41.825826],[-71.402828,41.82583],[-71.402828,41.825833],[-71.402829,41.825837],[-71.402829,41.82584],[-71.40283,41.825844],[-71.40283,41.825848],[-71.402831,41.825852],[-71.402831,41.825855],[-71.402832,41.825859],[-71.402832,41.825863],[-71.402833,41.825867],[-71.402833,41.825871],[-71.402834,41.825875],[-71.402834,41.825879],[-71.402835,41.825883],[-71.402835,41.825887],[-71.402836,41.825892],[-71.402836,41.825895],[-71.402837,41.825899],[-71.402837,41.825903],[-71.402838,41.825906],[-71.402838,41.825909],[-71.402839,41.825913],[-71.40284,41.825917],[-71.40284,41.825921],[-71.402841,41.825924],[-71.402841,41.825928],[-71.402842,41.825931],[-71.402842,41.825935],[-71.402843,41.825938],[-71.402848,41.825975],[-71.402848,41.825976],[-71.402847,41.825977],[-71.402847,41.825978],[-71.402846,41.825979],[-71.402845,41.825979],[-71.402843,41.82598],[-71.402842,41.82598],[-71.402841,41.82598],[-71.40284,41.82598],[-71.402838,41.82598],[-71.402837,41.82598],[-71.402836,41.825979],[-71.402834,41.825978],[-71.402832,41.825977],[-71.402831,41.825976],[-71.402829,41.825976],[-71.402827,41.825975],[-71.402825,41.825974],[-71.402824,41.825973],[-71.402822,41.825972],[-71.40282,41.825971],[-71.402818,41.82597],[-71.402817,41.825969],[-71.402815,41.825969],[-71.402813,41.825968],[-71.402811,41.825967],[-71.40281,41.825965],[-71.402808,41.825964],[-71.402806,41.825963],[-71.402805,41.825962],[-71.402803,41.825961],[-71.402801,41.82596],[-71.4028,41.825959],[-71.402798,41.825958],[-71.402796,41.825957],[-71.402795,41.825956],[-71.402793,41.825954],[-71.402792,41.825953],[-71.402791,41.825952],[-71.402789,41.825951],[-71.402788,41.82595],[-71.402786,41.825949],[-71.402785,41.825948],[-71.402784,41.825946],[-71.402782,41.825945],[-71.402781,41.825944],[-71.40278,41.825943],[-71.402779,41.825942],[-71.402778,41.825941],[-71.402776,41.825939],[-71.402775,41.825938],[-71.402774,41.825937],[-71.402773,41.825936],[-71.402772,41.825935],[-71.402771,41.825933],[-71.402771,41.825932],[-71.40277,41.825931],[-71.402769,41.82593],[-71.402768,41.825929],[-71.402767,41.825927],[-71.402766,41.825926],[-71.402766,41.825925],[-71.402765,41.825924],[-71.402764,41.825923],[-71.402763,41.825921],[-71.402763,41.82592],[-71.402762,41.825919],[-71.402761,41.825918],[-71.40276,41.825916],[-71.40276,41.825915],[-71.402759,41.825914],[-71.402758,41.825913],[-71.402758,41.825911],[-71.402757,41.82591],[-71.402757,41.825909]]]},"properties":{"kind":"green"}},{"type":"Feature","id":"green:383","geometry":{"type":"Polygon","coordinates":[[[-71.402249,41.826428],[-71.402248,41.826424],[-71.402248,41.82642],[-71.402249,41.826417],[-71.40225,41.826413],[-71.402253,41.82641],[-71.402256,41.826407],[-71.402259,41.826404],[-71.402264,41.826402],[-71.402268,41.8264],[-71.402273,41.826399],[-71.402278,41.826399],[-71.402283,41.826399],[-71.402416,41.826391],[-71.402421,41.826389],[-71.402651,41.826375],[-71.402655,41.826396],[-71.402657,41.826406],[-71.402655,41.826407],[-71.402646,41.826408],[-71.402645,41.826406],[-71.4026,41.826408],[-71.402598,41.826397],[-71.402535,41.826401],[-71.402536,41.826416],[-71.40225,41.826435],[-71.402249,41.826428]]]},"properties":{"kind":"green"}},{"type":"Feature","id":"green:384","geometry":{"type":"Polygon","coordinates":[[[-71.400576,41.826352],[-71.400568,41.826352],[-71.400567,41.826349],[-71.400565,41.826346],[-71.400563,41.826343],[-71.40056,41.826341],[-71.400557,41.826339],[-71.400554,41.826337],[-71.40055,41.826336],[-71.400546,41.826335],[-71.400542,41.826335],[-71.40054,41.82632],[-71.400563,41.826318],[-71.400562,41.826314],[-71.40054,41.826315],[-71.400539,41.826314],[-71.400535,41.826314],[-71.400515,41.826148],[-71.400494,41.825981],[-71.400562,41.825977],[-71.400579,41.826111],[-71.400576,41.826111],[-71.400585,41.826181],[-71.400588,41.826181],[-71.400605,41.826318],[-71.400631,41.826316],[-71.400631,41.826318],[-71.40073,41.826311],[-71.40073,41.826309],[-71.400754,41.826307],[-71.400754,41.826301],[-71.400765,41.8263],[-71.400763,41.826286],[-71.400752,41.826287],[-71.400751,41.826279],[-71.400762,41.826278],[-71.40076,41.826264],[-71.40076,41.826264],[-71.40076,41.826262],[-71.400788,41.82626],[-71.400793,41.826301],[-71.400795,41.826308],[-71.400795,41.826315],[-71.400793,41.826322],[-71.40079,41.826329],[-71.400785,41.826335],[-71.400779,41.826341],[-71.400772,41.826346],[-71.400764,41.82635],[-71.400755,41.826353],[-71.400746,41.826354],[-71.400736,41.826355],[-71.400647,41.826362],[-71.400578,41.826367],[-71.400576,41.826352]]]},"properties":{"kind":"green"}},{"type":"Feature","id":"green:385","geometry":{"type":"Polygon","coordinates":[[[-71.400562,41.825974],[-71.400495,41.825979],[-71.400482,41.825883],[-71.40048,41.825881],[-71.400557,41.825873],[-71.400593,41.82587],[-71.400595,41.825878],[-71.400602,41.825878],[-71.400615,41.825957],[-71.4006,41.825959],[-71.400601,41.825968],[-71.400587,41.825969],[-71.400587,41.825971],[-71.400562,41.825973],[-71.400562,41.825974]]]},"properties":{"kind":"green"}},{"type":"Feature","id":"green:386","geometry":{"type":"Polygon","coordinates":[[[-71.400631,41.825966],[-71.400618,41.825878],[-71.400628,41.825877],[-71.400628,41.825875],[-71.40063,41.825875],[-71.40063,41.825875],[-71.400644,41.82588],[-71.400649,41.825882],[-71.400657,41.825884],[-71.400665,41.825887],[-71.400674,41.82589],[-71.400683,41.825893],[-71.400692,41.825895],[-71.400704,41.825899],[-71.400716,41.825902],[-71.400728,41.825905],[-71.400732,41.825906],[-71.400736,41.825907],[-71.400749,41.82591],[-71.400747,41.825964],[-71.400746,41.825965],[-71.400745,41.825965],[-71.400743,41.825966],[-71.400742,41.825967],[-71.400742,41.825968],[-71.400741,41.825969],[-71.400742,41.825976],[-71.400738,41.825977],[-71.400742,41.826003],[-71.400717,41.826005],[-71.400711,41.825962],[-71.400687,41.825964],[-71.400687,41.825962],[-71.400631,41.825966]]]},"properties":{"kind":"green"}},{"type":"Feature","id":"green:387","geometry":{"type":"Polygon","coordinates":[[[-71.40077,41.825969],[-71.400764,41.825963],[-71.400763,41.82591],[-71.400773,41.825907],[-71.400789,41.825906],[-71.400802,41.825999],[-71.400779,41.826001],[-71.400778,41.826001],[-71.400774,41.825974],[-71.40077,41.825974],[-71.40077,41.825969]]]},"properties":{"kind":"green"}},{"type":"Feature","id":"green:388","geometry":{"type":"Polygon","coordinates":[[[-71.400629,41.825863],[-71.400628,41.825854],[-71.400632,41.825852],[-71.400636,41.82585],[-71.400644,41.825846],[-71.400652,41.825843],[-71.40066,41.825839],[-71.400668,41.825836],[-71.400677,41.825832],[-71.400685,41.825829],[-71.400695,41.825825],[-71.400705,41.825821],[-71.400715,41.825818],[-71.400721,41.825815],[-71.400727,41.825813],[-71.400734,41.825811],[-71.400747,41.825893],[-71.40074,41.825897],[-71.400736,41.825896],[-71.400733,41.825895],[-71.400721,41.825892],[-71.400709,41.825889],[-71.400698,41.825885],[-71.400689,41.825882],[-71.400679,41.82588],[-71.400671,41.825877],[-71.400662,41.825874],[-71.400655,41.825872],[-71.400646,41.825869],[-71.40064,41.825867],[-71.400633,41.825864],[-71.400629,41.825863]]]},"properties":{"kind":"green"}},{"type":"Feature","id":"green:389","geometry":{"type":"Polygon","coordinates":[[[-71.40076,41.825884],[-71.400749,41.82581],[-71.400758,41.825804],[-71.400774,41.825803],[-71.400785,41.825882],[-71.400769,41.825883],[-71.40076,41.825884]]]},"properties":{"kind":"green"}},{"type":"Feature","id":"green:39","geometry":{"type":"Polygon","coordinates":[[[-71.401481,41.82617],[-71.40162,41.826157],[-71.40162,41.826162],[-71.401656,41.82616],[-71.401655,41.826155],[-71.40182,41.826141],[-71.40194,41.82613],[-71.402015,41.826124],[-71.402096,41.826118],[-71.402147,41.826114],[-71.402154,41.826112],[-71.402161,41.826112],[-71.402168,41.826112],[-71.402174,41.826113],[-71.402181,41.826115],[-71.402187,41.826118],[-71.402187,41.826118],[-71.402189,41.826119],[-71.402193,41.826122],[-71.402197,41.826126],[-71.402199,41.826129],[-71.402201,41.826134],[-71.402202,41.826138],[-71.402214,41.826242],[-71.402219,41.826286],[-71.40222,41.826295],[-71.402218,41.826305],[-71.402215,41.826315],[-71.402209,41.826324],[-71.402204,41.826331],[-71.402198,41.826342],[-71.402193,41.826353],[-71.402191,41.826364],[-71.402191,41.826376],[-71.402189,41.82638],[-71.402187,41.826385],[-71.402183,41.826389],[-71.402179,41.826392],[-71.402174,41.826395],[-71.402168,41.826398],[-71.402162,41.826399],[-71.402156,41.8264],[-71.402077,41.826404],[-71.402047,41.826406],[-71.401986,41.82641],[-71.401917,41.82641],[-71.401684,41.826423],[-71.401377,41.826443],[-71.40132,41.826446],[-71.401082,41.826458],[-71.401037,41.82646],[-71.40101,41.826462],[-71.401007,41.82644],[-71.400984,41.826439],[-71.400961,41.826436],[-71.40094,41.82643],[-71.400919,41.826422],[-71.4009,41.826412],[-71.400889,41.826406],[-71.40088,41.8264],[-71.400872,41.826392],[-71.400865,41.826383],[-71.400858,41.826366],[-71.400855,41.826348],[-71.400856,41.82633],[-71.400861,41.826313],[-71.40087,41.826296],[-71.400883,41.826281],[-71.400899,41.826268],[-71.400918,41.826257],[-71.400939,41.826248],[-71.400962,41.826243],[-71.400985,41.82624],[-71.400985,41.826236],[-71.400985,41.826233],[-71.400987,41.826229],[-71.400989,41.826226],[-71.400991,41.826223],[-71.400995,41.826221],[-71.400999,41.826219],[-71.401003,41.826217],[-71.401007,41.826216],[-71.401127,41.826205],[-71.40129,41.826189],[-71.401348,41.826183],[-71.401481,41.82617]]]},"properties":{"kind":"green","label":"Simmons Quadrangle (Lower Green)","rank":0,"sortKey":0.0,"labelMinZoom":0,"placeId":"ruth-j-simmons-quadrangle"}},{"type":"Feature","id":"green:390","geometry":{"type":"Polygon","coordinates":[[[-71.400612,41.825839],[-71.400594,41.825718],[-71.400597,41.825712],[-71.400595,41.825697],[-71.400757,41.825684],[-71.400771,41.825779],[-71.400755,41.82578],[-71.40073,41.825783],[-71.400731,41.825793],[-71.400721,41.825803],[-71.400715,41.825806],[-71.400708,41.825808],[-71.400698,41.825812],[-71.400688,41.825816],[-71.400678,41.825819],[-71.40067,41.825823],[-71.400661,41.825826],[-71.400652,41.82583],[-71.400644,41.825833],[-71.400636,41.825837],[-71.400628,41.825841],[-71.400626,41.825842],[-71.400626,41.82584],[-71.400623,41.825841],[-71.400623,41.825838],[-71.400612,41.825839]]]},"properties":{"kind":"green"}},{"type":"Feature","id":"green:391","geometry":{"type":"Polygon","coordinates":[[[-71.402364,41.826155],[-71.402357,41.82611],[-71.402356,41.826106],[-71.402357,41.826102],[-71.402358,41.826099],[-71.40236,41.826095],[-71.402481,41.826085],[-71.402656,41.826071],[-71.40271,41.826065],[-71.402728,41.826064],[-71.402731,41.826083],[-71.402819,41.826075],[-71.402816,41.826056],[-71.402826,41.826055],[-71.40284,41.826054],[-71.402843,41.826054],[-71.402846,41.826054],[-71.402849,41.826054],[-71.402852,41.826055],[-71.402854,41.826056],[-71.402857,41.826058],[-71.402859,41.82606],[-71.40286,41.826061],[-71.402862,41.826064],[-71.40287,41.826106],[-71.402856,41.826108],[-71.402859,41.826122],[-71.402872,41.826121],[-71.402877,41.826164],[-71.402847,41.826166],[-71.402847,41.826165],[-71.402842,41.826165],[-71.402833,41.826097],[-71.402703,41.826106],[-71.402703,41.826109],[-71.402649,41.826112],[-71.402651,41.826132],[-71.402646,41.826132],[-71.402647,41.826137],[-71.402604,41.82614],[-71.402603,41.826135],[-71.402592,41.826136],[-71.402592,41.82614],[-71.402549,41.826143],[-71.402548,41.826139],[-71.402537,41.826139],[-71.402537,41.826144],[-71.402494,41.826147],[-71.402494,41.826142],[-71.402482,41.826143],[-71.402483,41.826148],[-71.40244,41.82615],[-71.402439,41.826146],[-71.402428,41.826147],[-71.402428,41.826151],[-71.402385,41.826154],[-71.402385,41.826149],[-71.402373,41.82615],[-71.402374,41.826155],[-71.402364,41.826155]]]},"properties":{"kind":"green"}},{"type":"Feature","id":"green:392","geometry":{"type":"Polygon","coordinates":[[[-71.397408,41.827142],[-71.397571,41.827127],[-71.397593,41.827246],[-71.397556,41.82725],[-71.397553,41.827251],[-71.397549,41.827252],[-71.397546,41.827253],[-71.397544,41.827254],[-71.397541,41.827256],[-71.397536,41.827261],[-71.39753,41.827264],[-71.397524,41.827267],[-71.397517,41.827268],[-71.397508,41.82727],[-71.397499,41.827274],[-71.397492,41.827277],[-71.397485,41.827282],[-71.397479,41.827288],[-71.397475,41.827294],[-71.397471,41.8273],[-71.39747,41.827307],[-71.397469,41.827314],[-71.39747,41.827321],[-71.397416,41.827326],[-71.397414,41.827314],[-71.397414,41.827312],[-71.397413,41.827311],[-71.397411,41.827309],[-71.39741,41.827308],[-71.397408,41.827306],[-71.397405,41.827305],[-71.397401,41.827304],[-71.397397,41.827302],[-71.397394,41.827299],[-71.397392,41.827296],[-71.39739,41.827294],[-71.397388,41.827293],[-71.397386,41.827292],[-71.397384,41.827291],[-71.397382,41.82729],[-71.397379,41.82729],[-71.397376,41.82729],[-71.397374,41.827291],[-71.397371,41.827291],[-71.397369,41.827292],[-71.397367,41.827294],[-71.397365,41.827295],[-71.397364,41.827297],[-71.397363,41.827299],[-71.397363,41.827301],[-71.397363,41.827302],[-71.397363,41.827304],[-71.397364,41.827306],[-71.397366,41.82731],[-71.397366,41.827314],[-71.397366,41.827317],[-71.397365,41.827321],[-71.397363,41.827325],[-71.397363,41.827327],[-71.397362,41.827329],[-71.397363,41.827332],[-71.397364,41.827334],[-71.397365,41.827336],[-71.397366,41.827338],[-71.397368,41.82734],[-71.397371,41.827342],[-71.397373,41.827344],[-71.397374,41.827347],[-71.397375,41.827349],[-71.397383,41.827395],[-71.397358,41.827397],[-71.397358,41.827397],[-71.397345,41.827398],[-71.397345,41.8274],[-71.397328,41.827402],[-71.397331,41.82715],[-71.397408,41.827142]]]},"properties":{"kind":"green"}},{"type":"Feature","id":"green:393","geometry":{"type":"Polygon","coordinates":[[[-71.39756,41.827508],[-71.397563,41.827508],[-71.397596,41.827504],[-71.397596,41.827508],[-71.397541,41.827513],[-71.39752,41.827515],[-71.397491,41.827518],[-71.397476,41.82752],[-71.397462,41.827521],[-71.397433,41.827524],[-71.397419,41.827526],[-71.397399,41.827528],[-71.397346,41.827533],[-71.397341,41.827533],[-71.397336,41.827532],[-71.397331,41.827529],[-71.397328,41.827525],[-71.397326,41.82752],[-71.397327,41.82747],[-71.397327,41.827421],[-71.397349,41.827419],[-71.397349,41.827421],[-71.397362,41.827419],[-71.397362,41.827419],[-71.397387,41.827416],[-71.397391,41.82744],[-71.397394,41.827448],[-71.397398,41.827456],[-71.397405,41.827464],[-71.397412,41.82747],[-71.397422,41.827475],[-71.397432,41.827479],[-71.397443,41.827482],[-71.397454,41.827483],[-71.397466,41.827482],[-71.397497,41.827479],[-71.397504,41.827479],[-71.397511,41.827479],[-71.397517,41.827481],[-71.397524,41.827483],[-71.397529,41.827486],[-71.397534,41.827489],[-71.397555,41.827505],[-71.397557,41.827506],[-71.39756,41.827508]]]},"properties":{"kind":"green"}},{"type":"Feature","id":"green:394","geometry":{"type":"Polygon","coordinates":[[[-71.402068,41.826053],[-71.402159,41.826047],[-71.402149,41.825991],[-71.402145,41.825952],[-71.40213,41.825799],[-71.402105,41.825801],[-71.402104,41.825794],[-71.402106,41.825794],[-71.402105,41.825783],[-71.402112,41.825782],[-71.40211,41.825768],[-71.402103,41.825768],[-71.402102,41.825762],[-71.402117,41.825761],[-71.402117,41.825756],[-71.402139,41.825754],[-71.402157,41.825911],[-71.402176,41.826076],[-71.402175,41.826077],[-71.402175,41.826079],[-71.402174,41.82608],[-71.402173,41.826081],[-71.402172,41.826082],[-71.402171,41.826083],[-71.402169,41.826084],[-71.402167,41.826084],[-71.402166,41.826084],[-71.402092,41.826091],[-71.402088,41.826091],[-71.402085,41.826091],[-71.402082,41.82609],[-71.402079,41.82609],[-71.402076,41.826088],[-71.402074,41.826087],[-71.402072,41.826085],[-71.40207,41.826082],[-71.402069,41.82608],[-71.402069,41.826078],[-71.402069,41.826075],[-71.402071,41.826071],[-71.402068,41.826053]]]},"properties":{"kind":"green"}},{"type":"Feature","id":"green:395","geometry":{"type":"Polygon","coordinates":[[[-71.402138,41.82574],[-71.402115,41.825742],[-71.402115,41.825736],[-71.402099,41.825737],[-71.402096,41.825705],[-71.402103,41.825704],[-71.402102,41.825691],[-71.402094,41.825692],[-71.40209,41.825655],[-71.402098,41.825655],[-71.402093,41.825616],[-71.402086,41.825617],[-71.402082,41.825587],[-71.402096,41.825586],[-71.402095,41.82558],[-71.40212,41.825578],[-71.402138,41.82574]]]},"properties":{"kind":"green"}},{"type":"Feature","id":"green:396","geometry":{"type":"Polygon","coordinates":[[[-71.402117,41.825564],[-71.402094,41.825566],[-71.402094,41.82556],[-71.402079,41.825562],[-71.402079,41.825556],[-71.402086,41.825554],[-71.402084,41.825541],[-71.402077,41.825542],[-71.402076,41.825532],[-71.402074,41.825532],[-71.402072,41.825511],[-71.401943,41.825519],[-71.401939,41.825493],[-71.401942,41.825493],[-71.401941,41.825486],[-71.402083,41.825475],[-71.402083,41.825481],[-71.402086,41.825481],[-71.402086,41.825483],[-71.402086,41.825485],[-71.402087,41.825487],[-71.402089,41.825488],[-71.402091,41.82549],[-71.402093,41.825491],[-71.402095,41.825492],[-71.402098,41.825493],[-71.4021,41.825493],[-71.402103,41.825493],[-71.402106,41.825493],[-71.402106,41.825494],[-71.40211,41.825494],[-71.402117,41.825564]]]},"properties":{"kind":"green"}},{"type":"Feature","id":"green:397","geometry":{"type":"Polygon","coordinates":[[[-71.403045,41.828108],[-71.403073,41.828105],[-71.403072,41.828096],[-71.403079,41.828096],[-71.403079,41.828099],[-71.403102,41.828096],[-71.403102,41.828093],[-71.403111,41.828093],[-71.40313,41.828197],[-71.403147,41.828274],[-71.402865,41.828301],[-71.402838,41.828141],[-71.402871,41.828138],[-71.402875,41.828165],[-71.402925,41.828161],[-71.402926,41.828164],[-71.402994,41.828158],[-71.402997,41.828179],[-71.40303,41.828176],[-71.403026,41.828155],[-71.403052,41.828152],[-71.403045,41.828108]]]},"properties":{"kind":"green"}},{"type":"Feature","id":"green:398","geometry":{"type":"Polygon","coordinates":[[[-71.403069,41.828079],[-71.403067,41.82807],[-71.403038,41.828072],[-71.403031,41.82803],[-71.403023,41.82803],[-71.403018,41.827998],[-71.402963,41.828004],[-71.402956,41.827959],[-71.403068,41.827947],[-71.40307,41.827947],[-71.403073,41.827947],[-71.403075,41.827947],[-71.403078,41.827948],[-71.40308,41.827949],[-71.403082,41.82795],[-71.403084,41.827952],[-71.403085,41.827953],[-71.403086,41.827955],[-71.403087,41.827957],[-71.403108,41.828075],[-71.403099,41.828076],[-71.403098,41.828073],[-71.403075,41.828075],[-71.403076,41.828078],[-71.403069,41.828079]]]},"properties":{"kind":"green"}},{"type":"Feature","id":"green:399","geometry":{"type":"Polygon","coordinates":[[[-71.402923,41.828007],[-71.402869,41.828013],[-71.402867,41.827996],[-71.402782,41.828004],[-71.402785,41.82802],[-71.402778,41.828021],[-71.402771,41.828028],[-71.402758,41.828029],[-71.402749,41.827977],[-71.402916,41.827963],[-71.402923,41.828007]]]},"properties":{"kind":"green"}},{"type":"Feature","id":"green:4","geometry":{"type":"Polygon","coordinates":[[[-71.403354,41.829633],[-71.403353,41.829634],[-71.403352,41.829634],[-71.403273,41.82964],[-71.403249,41.829605],[-71.403354,41.82944],[-71.403356,41.829448],[-71.403358,41.829458],[-71.40336,41.829467],[-71.403362,41.829477],[-71.403364,41.829486],[-71.403366,41.829496],[-71.403368,41.829506],[-71.40337,41.829515],[-71.403372,41.829525],[-71.403373,41.829534],[-71.403375,41.829544],[-71.403376,41.829551],[-71.403377,41.829557],[-71.403378,41.829564],[-71.403379,41.82957],[-71.40338,41.829577],[-71.403381,41.829584],[-71.403382,41.82959],[-71.403383,41.829597],[-71.403384,41.829603],[-71.403385,41.82961],[-71.403386,41.829617],[-71.403385,41.829618],[-71.403384,41.829618],[-71.403383,41.829619],[-71.403382,41.82962],[-71.403381,41.829621],[-71.40338,41.829622],[-71.403379,41.829623],[-71.403378,41.829624],[-71.403377,41.829625],[-71.403376,41.829625],[-71.403375,41.829626],[-71.403374,41.829627],[-71.403373,41.829627],[-71.403372,41.829628],[-71.403371,41.829628],[-71.40337,41.829628],[-71.403369,41.829629],[-71.403368,41.829629],[-71.403368,41.82963],[-71.403367,41.82963],[-71.403366,41.82963],[-71.403365,41.829631],[-71.403364,41.829631],[-71.403362,41.829631],[-71.403361,41.829632],[-71.40336,41.829632],[-71.403359,41.829632],[-71.403358,41.829633],[-71.403357,41.829633],[-71.403356,41.829633],[-71.403354,41.829633]]]},"properties":{"kind":"green"}},{"type":"Feature","id":"green:40","geometry":{"type":"Polygon","coordinates":[[[-71.402031,41.829289],[-71.402006,41.829291],[-71.401976,41.829293],[-71.401905,41.829298],[-71.401817,41.829294],[-71.401819,41.829291],[-71.401821,41.829288],[-71.401825,41.829286],[-71.401828,41.829284],[-71.401832,41.829283],[-71.401836,41.829282],[-71.401892,41.82926],[-71.401938,41.82924],[-71.401991,41.829217],[-71.402012,41.829208],[-71.402019,41.829207],[-71.402022,41.829226],[-71.402025,41.829244],[-71.402029,41.829273],[-71.40203,41.82928],[-71.402031,41.829287],[-71.402031,41.829289]]]},"properties":{"kind":"green"}},{"type":"Feature","id":"green:400","geometry":{"type":"Polygon","coordinates":[[[-71.400923,41.827178],[-71.400907,41.827045],[-71.400949,41.827043],[-71.400949,41.827044],[-71.400966,41.827043],[-71.400967,41.827052],[-71.400967,41.827057],[-71.400973,41.827061],[-71.401003,41.827059],[-71.401058,41.827054],[-71.401099,41.827055],[-71.401102,41.827075],[-71.401103,41.82708],[-71.401106,41.827084],[-71.40111,41.827088],[-71.401114,41.827092],[-71.401119,41.827095],[-71.401125,41.827097],[-71.401123,41.827098],[-71.401115,41.827096],[-71.401074,41.827133],[-71.401035,41.827169],[-71.400945,41.827176],[-71.400923,41.827178]]]},"properties":{"kind":"green"}},{"type":"Feature","id":"green:401","geometry":{"type":"Polygon","coordinates":[[[-71.401238,41.827069],[-71.401228,41.827056],[-71.401224,41.827045],[-71.40123,41.827045],[-71.401232,41.827048],[-71.401241,41.82705],[-71.40129,41.827048],[-71.401301,41.827058],[-71.40133,41.827058],[-71.401346,41.82705],[-71.401355,41.827031],[-71.401367,41.827031],[-71.401375,41.827039],[-71.401394,41.827044],[-71.401424,41.827061],[-71.401431,41.827108],[-71.401431,41.827112],[-71.40143,41.827115],[-71.401429,41.827118],[-71.401427,41.827121],[-71.401424,41.827124],[-71.401421,41.827127],[-71.401418,41.827129],[-71.401414,41.82713],[-71.40141,41.827131],[-71.401385,41.827134],[-71.401324,41.827138],[-71.401239,41.827088],[-71.401238,41.827069]]]},"properties":{"kind":"green"}},{"type":"Feature","id":"green:402","geometry":{"type":"Polygon","coordinates":[[[-71.400027,41.826663],[-71.400028,41.826663],[-71.400029,41.826664],[-71.400029,41.826665],[-71.40003,41.826666],[-71.40003,41.826667],[-71.40003,41.826668],[-71.40003,41.826669],[-71.40003,41.82667],[-71.40003,41.826671],[-71.400029,41.826671],[-71.400028,41.826672],[-71.400027,41.826673],[-71.400026,41.826673],[-71.400025,41.826674],[-71.399899,41.826686],[-71.399896,41.826685],[-71.399892,41.826684],[-71.399889,41.826683],[-71.399886,41.826681],[-71.399884,41.826679],[-71.399882,41.826676],[-71.399881,41.826674],[-71.39988,41.826671],[-71.39988,41.826668],[-71.399881,41.826666],[-71.399935,41.826603],[-71.399938,41.826602],[-71.39994,41.826601],[-71.399944,41.8266],[-71.399947,41.8266],[-71.39995,41.8266],[-71.399953,41.826601],[-71.400027,41.826663]]]},"properties":{"kind":"green"}},{"type":"Feature","id":"green:403","geometry":{"type":"Polygon","coordinates":[[[-71.400358,41.826435],[-71.400383,41.82663],[-71.400382,41.826632],[-71.400381,41.826634],[-71.400379,41.826636],[-71.400377,41.826638],[-71.400374,41.82664],[-71.400371,41.826641],[-71.400368,41.826642],[-71.400365,41.826642],[-71.400362,41.826642],[-71.400359,41.826642],[-71.400356,41.826641],[-71.400353,41.82664],[-71.400351,41.826638],[-71.400262,41.826563],[-71.40026,41.826561],[-71.400258,41.826558],[-71.400256,41.826555],[-71.400255,41.826552],[-71.400255,41.826549],[-71.400256,41.826546],[-71.400257,41.826543],[-71.400258,41.826541],[-71.400338,41.826432],[-71.400339,41.826431],[-71.400341,41.82643],[-71.400342,41.82643],[-71.400344,41.826429],[-71.400345,41.826429],[-71.400347,41.826429],[-71.400349,41.826429],[-71.400351,41.826429],[-71.400352,41.82643],[-71.400354,41.82643],[-71.400355,41.826431],[-71.400356,41.826432],[-71.400357,41.826434],[-71.400358,41.826435]]]},"properties":{"kind":"green"}},{"type":"Feature","id":"green:404","geometry":{"type":"Polygon","coordinates":[[[-71.400107,41.826555],[-71.400091,41.826466],[-71.400091,41.826465],[-71.400091,41.826464],[-71.400092,41.826462],[-71.400092,41.826461],[-71.400093,41.826461],[-71.400093,41.82646],[-71.400094,41.82646],[-71.400095,41.826459],[-71.400096,41.826459],[-71.400097,41.826459],[-71.400098,41.826459],[-71.400099,41.826459],[-71.4001,41.82646],[-71.400102,41.82646],[-71.400103,41.826461],[-71.400104,41.826462],[-71.400202,41.826546],[-71.400204,41.826547],[-71.400206,41.826549],[-71.400208,41.826551],[-71.400209,41.826553],[-71.40021,41.826555],[-71.40021,41.826557],[-71.40021,41.826559],[-71.400209,41.826561],[-71.400133,41.826664],[-71.400133,41.826664],[-71.400132,41.826664],[-71.400131,41.826664],[-71.400131,41.826664],[-71.40013,41.826664],[-71.400129,41.826664],[-71.400129,41.826664],[-71.400128,41.826663],[-71.400128,41.826663],[-71.400128,41.826663],[-71.400127,41.826662],[-71.400127,41.826662],[-71.400107,41.826555]]]},"properties":{"kind":"green"}},{"type":"Feature","id":"green:405","geometry":{"type":"Polygon","coordinates":[[[-71.400196,41.82666],[-71.400193,41.82666],[-71.400191,41.826659],[-71.400189,41.826659],[-71.400186,41.826658],[-71.400185,41.826657],[-71.400183,41.826655],[-71.400182,41.826654],[-71.400181,41.826652],[-71.40018,41.82665],[-71.40018,41.826648],[-71.40023,41.82658],[-71.40023,41.826579],[-71.400231,41.826578],[-71.400232,41.826577],[-71.400233,41.826577],[-71.400234,41.826576],[-71.400234,41.826576],[-71.400234,41.826576],[-71.400234,41.826576],[-71.400235,41.826576],[-71.400235,41.826576],[-71.400235,41.826576],[-71.400235,41.826576],[-71.400236,41.826576],[-71.400238,41.826577],[-71.400239,41.826579],[-71.400304,41.826633],[-71.400306,41.826636],[-71.400307,41.82664],[-71.400307,41.82664],[-71.400307,41.826641],[-71.400307,41.826641],[-71.400307,41.826641],[-71.400307,41.826641],[-71.400307,41.826641],[-71.400306,41.826642],[-71.400301,41.826646],[-71.400298,41.826647],[-71.400296,41.826648],[-71.400293,41.826648],[-71.400196,41.82666]]]},"properties":{"kind":"green"}},{"type":"Feature","id":"green:406","geometry":{"type":"Polygon","coordinates":[[[-71.399863,41.82648],[-71.399868,41.826478],[-71.399874,41.826476],[-71.39988,41.826476],[-71.4,41.826464],[-71.400001,41.826464],[-71.400002,41.826464],[-71.400004,41.826464],[-71.400005,41.826465],[-71.400006,41.826465],[-71.400007,41.826466],[-71.400008,41.826467],[-71.400008,41.826468],[-71.400009,41.826469],[-71.400009,41.82647],[-71.400009,41.826471],[-71.400009,41.826472],[-71.400008,41.826473],[-71.399952,41.826538],[-71.399951,41.82654],[-71.399949,41.826542],[-71.399947,41.826543],[-71.399944,41.826544],[-71.399941,41.826545],[-71.399938,41.826546],[-71.399935,41.826546],[-71.399932,41.826546],[-71.399929,41.826545],[-71.399927,41.826544],[-71.399924,41.826543],[-71.399922,41.826541],[-71.399862,41.826491],[-71.399861,41.82649],[-71.39986,41.826489],[-71.399859,41.826488],[-71.399859,41.826486],[-71.399859,41.826485],[-71.399859,41.826484],[-71.39986,41.826483],[-71.399861,41.826482],[-71.399862,41.826481],[-71.399863,41.82648]]]},"properties":{"kind":"green"}},{"type":"Feature","id":"green:407","geometry":{"type":"MultiPolygon","coordinates":[[[[-71.399811,41.826486],[-71.399812,41.826486],[-71.399813,41.826486],[-71.399816,41.826487],[-71.399817,41.826488],[-71.399819,41.826489],[-71.399906,41.826563],[-71.399911,41.826567],[-71.399913,41.826571],[-71.399915,41.826574],[-71.399915,41.826576],[-71.399915,41.826578],[-71.399915,41.826581],[-71.399915,41.826582],[-71.399914,41.826583],[-71.399913,41.826584],[-71.399912,41.826585],[-71.399911,41.826585],[-71.399854,41.826653],[-71.399852,41.826655],[-71.39985,41.826656],[-71.399848,41.826657],[-71.399845,41.826657],[-71.399843,41.826657],[-71.39984,41.826657],[-71.399838,41.826657],[-71.399835,41.826656],[-71.399833,41.826655],[-71.399831,41.826654],[-71.39983,41.826652],[-71.399828,41.826651],[-71.399814,41.826578],[-71.3998,41.826495],[-71.3998,41.826493],[-71.3998,41.826492],[-71.399801,41.82649],[-71.399802,41.826489],[-71.399803,41.826488],[-71.399805,41.826487],[-71.399807,41.826487],[-71.399808,41.826486],[-71.399809,41.826486],[-71.399811,41.826486]]]]},"properties":{"kind":"green"}},{"type":"Feature","id":"green:408","geometry":{"type":"Polygon","coordinates":[[[-71.400077,41.826558],[-71.400095,41.826657],[-71.400095,41.826658],[-71.400095,41.82666],[-71.400095,41.826662],[-71.400094,41.826663],[-71.400093,41.826665],[-71.400092,41.826666],[-71.40009,41.826667],[-71.400088,41.826668],[-71.400086,41.826669],[-71.400084,41.826669],[-71.400082,41.826669],[-71.400079,41.826669],[-71.400077,41.826668],[-71.400075,41.826668],[-71.400052,41.826648],[-71.399968,41.82658],[-71.399966,41.826579],[-71.399964,41.826577],[-71.399963,41.826576],[-71.399963,41.826575],[-71.399963,41.826575],[-71.399963,41.826574],[-71.399963,41.826574],[-71.399963,41.826574],[-71.399966,41.826569],[-71.399993,41.826532],[-71.400016,41.826504],[-71.400051,41.826466],[-71.400053,41.826464],[-71.400054,41.826463],[-71.400054,41.826463],[-71.400055,41.826463],[-71.400055,41.826463],[-71.400056,41.826463],[-71.400056,41.826462],[-71.400057,41.826462],[-71.400058,41.826463],[-71.400059,41.826463],[-71.400059,41.826464],[-71.40006,41.826465],[-71.40006,41.826465],[-71.40006,41.826466],[-71.40006,41.826467],[-71.400077,41.826558]]]},"properties":{"kind":"green"}},{"type":"Feature","id":"green:409","geometry":{"type":"Polygon","coordinates":[[[-71.400229,41.826445],[-71.400267,41.826441],[-71.400266,41.826437],[-71.400282,41.826435],[-71.400283,41.826435],[-71.400285,41.826435],[-71.400287,41.826436],[-71.400288,41.826436],[-71.40029,41.826437],[-71.400291,41.826438],[-71.400292,41.826439],[-71.400293,41.826441],[-71.400293,41.826442],[-71.400293,41.826443],[-71.400293,41.826445],[-71.400293,41.826446],[-71.400242,41.826511],[-71.40024,41.826514],[-71.400235,41.826517],[-71.400231,41.82652],[-71.400229,41.826521],[-71.400228,41.826522],[-71.400226,41.826522],[-71.400225,41.826522],[-71.400221,41.826522],[-71.400218,41.826521],[-71.400215,41.82652],[-71.400212,41.826518],[-71.400209,41.826516],[-71.400137,41.826455],[-71.400135,41.826454],[-71.400134,41.826452],[-71.400134,41.826452],[-71.400134,41.826452],[-71.400134,41.826452],[-71.400134,41.826451],[-71.400228,41.826441],[-71.400229,41.826445]]]},"properties":{"kind":"green"}},{"type":"Feature","id":"green:41","geometry":{"type":"Polygon","coordinates":[[[-71.397053,41.824912],[-71.39697,41.824914],[-71.396933,41.824879],[-71.396931,41.824857],[-71.397053,41.824912]]]},"properties":{"kind":"green"}},{"type":"Feature","id":"green:410","geometry":{"type":"Polygon","coordinates":[[[-71.399622,41.826144],[-71.399736,41.826136],[-71.399838,41.826127],[-71.399843,41.826127],[-71.399847,41.826128],[-71.399851,41.826129],[-71.399855,41.826131],[-71.399859,41.826133],[-71.399862,41.826136],[-71.399864,41.826139],[-71.399866,41.826142],[-71.39987,41.826191],[-71.399879,41.826281],[-71.399887,41.826355],[-71.399888,41.826363],[-71.399894,41.826421],[-71.399894,41.826421],[-71.399894,41.826422],[-71.399893,41.826423],[-71.399893,41.826424],[-71.399892,41.826425],[-71.399891,41.826425],[-71.39989,41.826426],[-71.39989,41.826426],[-71.39982,41.826433],[-71.399818,41.826421],[-71.399788,41.826424],[-71.39979,41.826436],[-71.39975,41.826439],[-71.399679,41.826447],[-71.399677,41.826435],[-71.399647,41.826438],[-71.399649,41.82645],[-71.399625,41.826452],[-71.399445,41.826469],[-71.399441,41.82643],[-71.399435,41.826395],[-71.399499,41.826391],[-71.399494,41.826347],[-71.399499,41.826347],[-71.399489,41.826271],[-71.399484,41.826272],[-71.399471,41.826172],[-71.399409,41.826177],[-71.399407,41.826161],[-71.399622,41.826144]]]},"properties":{"kind":"green"}},{"type":"Feature","id":"green:411","geometry":{"type":"Polygon","coordinates":[[[-71.399234,41.826177],[-71.399238,41.826176],[-71.399242,41.826175],[-71.399246,41.826174],[-71.399385,41.826163],[-71.399387,41.826178],[-71.399324,41.826183],[-71.399332,41.826239],[-71.399326,41.82624],[-71.39932,41.826241],[-71.399315,41.826243],[-71.39931,41.826245],[-71.399306,41.826249],[-71.399303,41.826252],[-71.399301,41.826256],[-71.399299,41.82626],[-71.399299,41.826265],[-71.3993,41.826269],[-71.399301,41.826273],[-71.399304,41.826277],[-71.399307,41.826281],[-71.399311,41.826284],[-71.399316,41.826287],[-71.399321,41.826288],[-71.399327,41.82629],[-71.399333,41.82629],[-71.399338,41.82629],[-71.399353,41.826401],[-71.399417,41.826397],[-71.399422,41.826431],[-71.399426,41.826471],[-71.399412,41.826472],[-71.399399,41.826468],[-71.399388,41.826463],[-71.399378,41.826456],[-71.399276,41.826373],[-71.399251,41.826354],[-71.39923,41.826183],[-71.39923,41.826182],[-71.399231,41.82618],[-71.399231,41.82618],[-71.399232,41.826179],[-71.399233,41.826178],[-71.399234,41.826177]]]},"properties":{"kind":"green"}},{"type":"Feature","id":"green:412","geometry":{"type":"Polygon","coordinates":[[[-71.399343,41.826479],[-71.399343,41.82648],[-71.399266,41.826487],[-71.399257,41.826407],[-71.399259,41.826407],[-71.39926,41.826406],[-71.39926,41.826405],[-71.399261,41.826404],[-71.399262,41.826403],[-71.399263,41.826403],[-71.399264,41.826402],[-71.399265,41.826402],[-71.399267,41.826402],[-71.399268,41.826402],[-71.39927,41.826402],[-71.399271,41.826402],[-71.399272,41.826403],[-71.399273,41.826403],[-71.399274,41.826404],[-71.399347,41.826464],[-71.399349,41.826465],[-71.39935,41.826466],[-71.399351,41.826467],[-71.399351,41.826469],[-71.399351,41.82647],[-71.399351,41.826472],[-71.399351,41.826473],[-71.39935,41.826474],[-71.399349,41.826475],[-71.399348,41.826477],[-71.399346,41.826477],[-71.399344,41.826478],[-71.399343,41.826479]]]},"properties":{"kind":"green"}},{"type":"Feature","id":"green:413","geometry":{"type":"Polygon","coordinates":[[[-71.399765,41.826721],[-71.399753,41.826722],[-71.399728,41.826578],[-71.399582,41.826593],[-71.399577,41.826565],[-71.399576,41.826563],[-71.399576,41.826557],[-71.399573,41.826552],[-71.399575,41.826552],[-71.399574,41.826545],[-71.399575,41.826538],[-71.399578,41.826531],[-71.399582,41.826524],[-71.399588,41.826517],[-71.399595,41.826511],[-71.399604,41.826506],[-71.399613,41.826501],[-71.399623,41.826499],[-71.399633,41.826498],[-71.399633,41.826497],[-71.399657,41.826494],[-71.399659,41.826506],[-71.399688,41.826503],[-71.399686,41.826491],[-71.399726,41.826487],[-71.399741,41.826582],[-71.399765,41.826721]]]},"properties":{"kind":"green"}},{"type":"Feature","id":"green:414","geometry":{"type":"Polygon","coordinates":[[[-71.399313,41.826528],[-71.399314,41.826529],[-71.399316,41.82654],[-71.399346,41.826537],[-71.399344,41.826525],[-71.399397,41.826519],[-71.3994,41.826521],[-71.3994,41.826521],[-71.399411,41.826523],[-71.39942,41.826525],[-71.399429,41.826529],[-71.399438,41.826534],[-71.399444,41.826539],[-71.39945,41.826545],[-71.399454,41.826551],[-71.399457,41.826558],[-71.399459,41.826565],[-71.39946,41.826565],[-71.399461,41.826568],[-71.399462,41.826576],[-71.399467,41.826604],[-71.399323,41.826618],[-71.399347,41.826759],[-71.399314,41.826762],[-71.399289,41.826634],[-71.39928,41.826581],[-71.399289,41.82658],[-71.399284,41.826531],[-71.399313,41.826528]]]},"properties":{"kind":"green"}},{"type":"Feature","id":"green:415","geometry":{"type":"Polygon","coordinates":[[[-71.436275,41.795815],[-71.436252,41.79581],[-71.436273,41.795752],[-71.43627,41.795752],[-71.436269,41.795754],[-71.436148,41.795729],[-71.436154,41.795712],[-71.43626,41.795734],[-71.436302,41.795743],[-71.436275,41.795815]]]},"properties":{"kind":"green"}},{"type":"Feature","id":"green:416","geometry":{"type":"Polygon","coordinates":[[[-71.43631,41.795781],[-71.436332,41.795784],[-71.436344,41.795785],[-71.436356,41.795785],[-71.436358,41.795785],[-71.436361,41.795785],[-71.436363,41.795784],[-71.436366,41.795783],[-71.436368,41.795782],[-71.43637,41.795781],[-71.436371,41.795779],[-71.436375,41.795774],[-71.43638,41.795769],[-71.436386,41.795766],[-71.436393,41.795764],[-71.436399,41.795763],[-71.436457,41.795753],[-71.436472,41.795809],[-71.436498,41.795909],[-71.436528,41.796021],[-71.436551,41.796114],[-71.436582,41.79623],[-71.436635,41.796431],[-71.436636,41.796438],[-71.436635,41.796444],[-71.436634,41.796451],[-71.43663,41.796458],[-71.436625,41.796464],[-71.436619,41.796469],[-71.436612,41.796473],[-71.436604,41.796476],[-71.436595,41.796479],[-71.436521,41.79649],[-71.436472,41.796497],[-71.436425,41.796508],[-71.43638,41.796522],[-71.436365,41.796501],[-71.436359,41.796494],[-71.436352,41.796488],[-71.436303,41.796454],[-71.436302,41.796453],[-71.436301,41.796452],[-71.4363,41.79645],[-71.4363,41.796449],[-71.4363,41.796448],[-71.4363,41.796447],[-71.4363,41.796446],[-71.436301,41.796445],[-71.436302,41.796444],[-71.436307,41.796442],[-71.436313,41.796441],[-71.436319,41.79644],[-71.436325,41.79644],[-71.436388,41.796456],[-71.436432,41.796337],[-71.436478,41.796218],[-71.436475,41.796218],[-71.436481,41.796207],[-71.436485,41.796196],[-71.436487,41.796184],[-71.436487,41.796173],[-71.436485,41.796166],[-71.436479,41.796157],[-71.436475,41.796148],[-71.436473,41.796139],[-71.436475,41.796125],[-71.436478,41.796111],[-71.436479,41.796106],[-71.436478,41.796101],[-71.436476,41.796097],[-71.436474,41.796093],[-71.43647,41.796089],[-71.436466,41.796085],[-71.436461,41.796083],[-71.436455,41.796081],[-71.436449,41.796079],[-71.436443,41.796079],[-71.436396,41.796077],[-71.436379,41.796073],[-71.436403,41.796014],[-71.436404,41.796011],[-71.436404,41.796009],[-71.436404,41.796007],[-71.436403,41.796004],[-71.436401,41.796002],[-71.4364,41.796],[-71.436398,41.795998],[-71.436395,41.795997],[-71.436392,41.795996],[-71.436377,41.795989],[-71.436375,41.795988],[-71.436374,41.795987],[-71.436372,41.795985],[-71.436371,41.795983],[-71.436371,41.795981],[-71.43637,41.795979],[-71.436371,41.795977],[-71.436372,41.795975],[-71.436373,41.795974],[-71.436379,41.795964],[-71.436384,41.795955],[-71.436386,41.795944],[-71.436387,41.795934],[-71.436387,41.795932],[-71.436386,41.795931],[-71.436385,41.795929],[-71.436384,41.795927],[-71.436383,41.795926],[-71.436381,41.795925],[-71.436379,41.795924],[-71.436352,41.795914],[-71.43635,41.795913],[-71.436349,41.795912],[-71.436347,41.795911],[-71.436346,41.79591],[-71.436346,41.795908],[-71.436345,41.795907],[-71.436345,41.795906],[-71.436346,41.795904],[-71.436346,41.795903],[-71.436355,41.795884],[-71.43636,41.795864],[-71.43636,41.795863],[-71.43636,41.795861],[-71.43636,41.79586],[-71.436359,41.795858],[-71.436358,41.795857],[-71.436356,41.795856],[-71.436354,41.795855],[-71.436352,41.795854],[-71.43635,41.795854],[-71.436348,41.795854],[-71.436344,41.795854],[-71.43634,41.795853],[-71.436336,41.795852],[-71.436332,41.79585],[-71.436329,41.795848],[-71.436326,41.795846],[-71.436324,41.795843],[-71.436323,41.795841],[-71.436322,41.795838],[-71.436322,41.795835],[-71.436322,41.795831],[-71.436323,41.795827],[-71.436325,41.795824],[-71.436326,41.795821],[-71.436326,41.795818],[-71.436326,41.795816],[-71.436326,41.795813],[-71.436324,41.79581],[-71.436323,41.795808],[-71.43632,41.795806],[-71.436318,41.795804],[-71.436315,41.795802],[-71.436309,41.795799],[-71.436304,41.795796],[-71.43631,41.795781]]]},"properties":{"kind":"green"}},{"type":"Feature","id":"green:417","geometry":{"type":"Polygon","coordinates":[[[-71.398354,41.827428],[-71.398288,41.827434],[-71.398284,41.827435],[-71.39828,41.827403],[-71.39828,41.827402],[-71.39828,41.827401],[-71.39828,41.8274],[-71.398281,41.827399],[-71.398282,41.827398],[-71.398283,41.827397],[-71.398284,41.827397],[-71.398285,41.827396],[-71.398286,41.827396],[-71.398287,41.827396],[-71.398289,41.827396],[-71.398307,41.827394],[-71.398308,41.8274],[-71.398331,41.827398],[-71.39833,41.827392],[-71.398348,41.827391],[-71.398349,41.8274],[-71.398352,41.827422],[-71.398351,41.827423],[-71.398351,41.827426],[-71.398353,41.827426],[-71.398354,41.827428]]]},"properties":{"kind":"green"}},{"type":"Feature","id":"green:418","geometry":{"type":"Polygon","coordinates":[[[-71.404659,41.827286],[-71.404662,41.827311],[-71.40466,41.827312],[-71.404658,41.827312],[-71.404657,41.827312],[-71.404656,41.827312],[-71.404655,41.827311],[-71.404655,41.827311],[-71.404654,41.827311],[-71.404653,41.82731],[-71.404653,41.82731],[-71.404652,41.827309],[-71.404652,41.827309],[-71.404652,41.827308],[-71.404649,41.827287],[-71.404645,41.827264],[-71.404642,41.827235],[-71.404639,41.827207],[-71.4046,41.82721],[-71.404575,41.82721],[-71.404568,41.827161],[-71.404525,41.827135],[-71.404461,41.827141],[-71.404455,41.827091],[-71.404437,41.827093],[-71.404435,41.827081],[-71.40444,41.82708],[-71.404444,41.827078],[-71.404448,41.827076],[-71.404451,41.827073],[-71.404454,41.82707],[-71.404456,41.827067],[-71.404457,41.827064],[-71.404458,41.82706],[-71.404458,41.827057],[-71.404455,41.827036],[-71.404462,41.827036],[-71.404459,41.827011],[-71.404461,41.827011],[-71.40446,41.827009],[-71.404536,41.827003],[-71.404536,41.827005],[-71.404544,41.827005],[-71.404543,41.827003],[-71.404622,41.826997],[-71.404622,41.826998],[-71.404624,41.826998],[-71.40463,41.827049],[-71.404628,41.827049],[-71.404629,41.827055],[-71.404631,41.827055],[-71.404638,41.827115],[-71.404636,41.827115],[-71.404637,41.827121],[-71.404639,41.82712],[-71.404646,41.82718],[-71.404644,41.82718],[-71.404645,41.827186],[-71.404647,41.827186],[-71.404654,41.827246],[-71.404652,41.827246],[-71.404653,41.827252],[-71.404655,41.827252],[-71.404659,41.827286]]]},"properties":{"kind":"green"}},{"type":"Feature","id":"green:419","geometry":{"type":"Polygon","coordinates":[[[-71.404402,41.827067],[-71.4044,41.827052],[-71.404404,41.827052],[-71.404406,41.827051],[-71.404409,41.827051],[-71.404411,41.827049],[-71.404413,41.827048],[-71.404415,41.827047],[-71.404417,41.827045],[-71.404418,41.827043],[-71.404418,41.827041],[-71.404418,41.827039],[-71.404434,41.827038],[-71.404437,41.827059],[-71.404437,41.82706],[-71.404437,41.827061],[-71.404437,41.827062],[-71.404436,41.827062],[-71.404436,41.827063],[-71.404435,41.827063],[-71.404434,41.827064],[-71.404433,41.827064],[-71.404432,41.827064],[-71.404408,41.827067],[-71.404408,41.827067],[-71.404402,41.827067]]]},"properties":{"kind":"green"}},{"type":"Feature","id":"green:42","geometry":{"type":"Polygon","coordinates":[[[-71.403554,41.830543],[-71.40355,41.830509],[-71.403531,41.830511],[-71.40353,41.830501],[-71.403489,41.830504],[-71.403482,41.830452],[-71.403458,41.830454],[-71.403454,41.830422],[-71.403451,41.830401],[-71.403497,41.830397],[-71.403547,41.830391],[-71.403553,41.830422],[-71.403562,41.830467],[-71.403568,41.830497],[-71.403579,41.830547],[-71.403573,41.830546],[-71.403554,41.830543]]]},"properties":{"kind":"green"}},{"type":"Feature","id":"green:420","geometry":{"type":"Polygon","coordinates":[[[-71.404233,41.827137],[-71.404255,41.827118],[-71.404293,41.827085],[-71.404335,41.827053],[-71.404337,41.827054],[-71.404339,41.827055],[-71.404342,41.827056],[-71.404344,41.827056],[-71.404346,41.827056],[-71.404349,41.827056],[-71.404351,41.827055],[-71.404353,41.827071],[-71.404352,41.827071],[-71.404345,41.827072],[-71.404346,41.82708],[-71.404353,41.82708],[-71.404356,41.827099],[-71.404308,41.827103],[-71.404315,41.827151],[-71.404251,41.827156],[-71.404216,41.827189],[-71.40421,41.827185],[-71.404223,41.827153],[-71.404233,41.827137]]]},"properties":{"kind":"green"}},{"type":"Feature","id":"green:421","geometry":{"type":"Polygon","coordinates":[[[-71.404084,41.827136],[-71.404082,41.827118],[-71.404085,41.827118],[-71.404082,41.827087],[-71.404063,41.827088],[-71.404061,41.827072],[-71.404059,41.827073],[-71.404056,41.827043],[-71.404056,41.827043],[-71.404056,41.827043],[-71.404191,41.827032],[-71.404191,41.827032],[-71.404195,41.827032],[-71.404195,41.827031],[-71.404278,41.827025],[-71.404278,41.827025],[-71.404281,41.827025],[-71.404284,41.827049],[-71.40433,41.827046],[-71.40433,41.827048],[-71.404286,41.82708],[-71.404246,41.827113],[-71.40422,41.827132],[-71.404209,41.827149],[-71.404196,41.827182],[-71.404197,41.827219],[-71.404197,41.827218],[-71.404188,41.82714],[-71.404188,41.827138],[-71.404191,41.827126],[-71.40419,41.827123],[-71.404187,41.827119],[-71.404185,41.827118],[-71.404183,41.827118],[-71.40418,41.827119],[-71.404165,41.827122],[-71.404162,41.827122],[-71.404113,41.827122],[-71.404111,41.827122],[-71.404111,41.827123],[-71.404111,41.827123],[-71.404125,41.827134],[-71.404135,41.827209],[-71.404182,41.827206],[-71.404184,41.827221],[-71.404115,41.827225],[-71.404105,41.827135],[-71.404084,41.827136]]]},"properties":{"kind":"green"}},{"type":"Feature","id":"green:422","geometry":{"type":"Polygon","coordinates":[[[-71.404021,41.827046],[-71.404024,41.827075],[-71.404024,41.827075],[-71.404022,41.827075],[-71.404024,41.827091],[-71.403972,41.827094],[-71.403968,41.827068],[-71.403909,41.827072],[-71.403855,41.827076],[-71.4038,41.82708],[-71.403798,41.827063],[-71.403824,41.827061],[-71.403893,41.827055],[-71.403893,41.827056],[-71.403897,41.827055],[-71.403897,41.827055],[-71.404021,41.827046],[-71.404021,41.827046],[-71.404021,41.827046]]]},"properties":{"kind":"green"}},{"type":"Feature","id":"green:423","geometry":{"type":"Polygon","coordinates":[[[-71.403903,41.8272],[-71.403902,41.827189],[-71.403907,41.827188],[-71.403905,41.827175],[-71.4039,41.827175],[-71.403899,41.827164],[-71.40391,41.827163],[-71.403908,41.827131],[-71.403916,41.827131],[-71.403918,41.827148],[-71.403921,41.827173],[-71.403924,41.827198],[-71.403909,41.827199],[-71.403903,41.8272]]]},"properties":{"kind":"green"}},{"type":"Feature","id":"green:424","geometry":{"type":"Polygon","coordinates":[[[-71.4039,41.827123],[-71.403899,41.827117],[-71.403893,41.827117],[-71.403891,41.827097],[-71.403837,41.8271],[-71.403836,41.827089],[-71.403909,41.827084],[-71.403913,41.827104],[-71.403915,41.827123],[-71.403908,41.827124],[-71.403908,41.827123],[-71.4039,41.827123]]]},"properties":{"kind":"green"}},{"type":"Feature","id":"green:425","geometry":{"type":"Polygon","coordinates":[[[-71.403515,41.825398],[-71.403522,41.825469],[-71.403529,41.82554],[-71.403529,41.825546],[-71.403528,41.825552],[-71.403525,41.825558],[-71.403521,41.825563],[-71.403516,41.825568],[-71.403511,41.825573],[-71.403485,41.825588],[-71.40347,41.825599],[-71.403402,41.82564],[-71.403322,41.825689],[-71.403216,41.825753],[-71.403212,41.825754],[-71.403208,41.825755],[-71.403204,41.825756],[-71.403199,41.825756],[-71.403195,41.825755],[-71.403191,41.825754],[-71.403188,41.825752],[-71.403041,41.825683],[-71.402908,41.825621],[-71.402831,41.825585],[-71.402829,41.825583],[-71.402827,41.825582],[-71.402826,41.82558],[-71.402825,41.825579],[-71.402824,41.825577],[-71.402816,41.825517],[-71.402805,41.82544],[-71.402804,41.825428],[-71.402804,41.825428],[-71.402803,41.825427],[-71.402802,41.825427],[-71.402802,41.825421],[-71.402803,41.825421],[-71.402803,41.82542],[-71.402812,41.825419],[-71.402828,41.825418],[-71.403419,41.825384],[-71.403428,41.825383],[-71.403497,41.825381],[-71.403499,41.825381],[-71.403498,41.82538],[-71.403507,41.825379],[-71.403507,41.82538],[-71.403508,41.82538],[-71.403509,41.825387],[-71.403508,41.825387],[-71.403508,41.825388],[-71.403507,41.825388],[-71.403508,41.825398],[-71.403515,41.825398]]]},"properties":{"kind":"green"}},{"type":"Feature","id":"green:426","geometry":{"type":"Polygon","coordinates":[[[-71.403169,41.825781],[-71.403053,41.825853],[-71.402903,41.825945],[-71.4029,41.825946],[-71.402898,41.825946],[-71.402895,41.825946],[-71.402892,41.825946],[-71.40289,41.825946],[-71.402887,41.825945],[-71.402885,41.825944],[-71.402883,41.825942],[-71.402882,41.825941],[-71.40288,41.825939],[-71.40288,41.825937],[-71.402879,41.825935],[-71.40287,41.825871],[-71.402853,41.825759],[-71.402839,41.825668],[-71.402831,41.825616],[-71.402831,41.825615],[-71.402831,41.825614],[-71.402831,41.825614],[-71.402831,41.825613],[-71.402832,41.825613],[-71.402833,41.825613],[-71.402833,41.825612],[-71.402834,41.825612],[-71.402835,41.825612],[-71.402835,41.825612],[-71.402836,41.825612],[-71.402837,41.825612],[-71.402838,41.825612],[-71.402838,41.825613],[-71.402908,41.825646],[-71.40303,41.825703],[-71.403167,41.825767],[-71.403168,41.825768],[-71.40317,41.825769],[-71.403171,41.82577],[-71.403172,41.825771],[-71.403172,41.825773],[-71.403173,41.825774],[-71.403173,41.825775],[-71.403173,41.825777],[-71.403172,41.825778],[-71.403171,41.825779],[-71.40317,41.825781],[-71.403169,41.825781]]]},"properties":{"kind":"green"}},{"type":"Feature","id":"green:427","geometry":{"type":"Polygon","coordinates":[[[-71.403241,41.825772],[-71.403242,41.825769],[-71.403244,41.825766],[-71.403246,41.825763],[-71.403249,41.825761],[-71.403253,41.825759],[-71.40333,41.825712],[-71.403405,41.825666],[-71.403504,41.825606],[-71.403508,41.825604],[-71.403512,41.825603],[-71.403517,41.825603],[-71.403522,41.825603],[-71.403525,41.825604],[-71.403528,41.825606],[-71.40353,41.825609],[-71.403532,41.825611],[-71.403534,41.825614],[-71.403534,41.825617],[-71.403538,41.825664],[-71.403542,41.825711],[-71.403546,41.825766],[-71.403549,41.825807],[-71.403554,41.825871],[-71.403554,41.825876],[-71.403553,41.82588],[-71.403551,41.825885],[-71.403549,41.825889],[-71.403545,41.825893],[-71.403541,41.825897],[-71.403536,41.825899],[-71.40353,41.825901],[-71.403524,41.825902],[-71.403518,41.825903],[-71.403511,41.825903],[-71.403505,41.825901],[-71.403423,41.825862],[-71.403336,41.825821],[-71.403251,41.825781],[-71.403248,41.82578],[-71.403246,41.825778],[-71.403244,41.825776],[-71.403242,41.825774],[-71.403241,41.825772]]]},"properties":{"kind":"green"}},{"type":"Feature","id":"green:429","geometry":{"type":"Polygon","coordinates":[[[-71.403566,41.825553],[-71.403566,41.825543],[-71.403566,41.825539],[-71.403567,41.825534],[-71.403569,41.82553],[-71.403572,41.825527],[-71.403576,41.825524],[-71.40358,41.825521],[-71.403585,41.825519],[-71.403591,41.825517],[-71.403596,41.825517],[-71.403665,41.825514],[-71.403666,41.825514],[-71.403667,41.825514],[-71.403668,41.825514],[-71.403669,41.825514],[-71.403669,41.825515],[-71.40367,41.825515],[-71.403671,41.825516],[-71.403671,41.825517],[-71.403671,41.825518],[-71.403675,41.825562],[-71.403675,41.825563],[-71.403674,41.825565],[-71.403674,41.825566],[-71.403673,41.825567],[-71.403672,41.825568],[-71.403671,41.825569],[-71.403669,41.82557],[-71.403668,41.82557],[-71.403666,41.825571],[-71.403664,41.825571],[-71.403598,41.825574],[-71.403593,41.825574],[-71.403588,41.825573],[-71.403584,41.825572],[-71.40358,41.825571],[-71.403576,41.825568],[-71.403573,41.825566],[-71.40357,41.825563],[-71.403568,41.82556],[-71.403567,41.825557],[-71.403566,41.825553]]]},"properties":{"kind":"green"}},{"type":"Feature","id":"green:43","geometry":{"type":"Polygon","coordinates":[[[-71.403465,41.829994],[-71.403431,41.829997],[-71.403338,41.830004],[-71.403256,41.830009],[-71.403156,41.830013],[-71.403157,41.830074],[-71.403135,41.830074],[-71.403135,41.830083],[-71.403124,41.830083],[-71.403123,41.830062],[-71.403111,41.830063],[-71.403111,41.830069],[-71.403074,41.83007],[-71.403075,41.830084],[-71.403074,41.830084],[-71.403076,41.830113],[-71.403063,41.830113],[-71.403059,41.830053],[-71.403055,41.829994],[-71.403106,41.829991],[-71.403101,41.829936],[-71.403109,41.829936],[-71.403111,41.829951],[-71.403151,41.829949],[-71.403135,41.829794],[-71.403111,41.829795],[-71.403111,41.829786],[-71.403062,41.829788],[-71.403062,41.829798],[-71.403049,41.829799],[-71.403057,41.829788],[-71.403067,41.829778],[-71.403079,41.82977],[-71.403092,41.829763],[-71.403107,41.829758],[-71.403123,41.829754],[-71.403139,41.829753],[-71.403218,41.829748],[-71.40322,41.829752],[-71.403221,41.829757],[-71.403189,41.829759],[-71.403191,41.829802],[-71.403192,41.829816],[-71.403195,41.829841],[-71.4032,41.829859],[-71.403223,41.829858],[-71.403362,41.82985],[-71.403351,41.829742],[-71.403422,41.829738],[-71.403438,41.829856],[-71.403441,41.829875],[-71.403219,41.829886],[-71.403223,41.829936],[-71.403227,41.82996],[-71.403228,41.829963],[-71.403229,41.829965],[-71.403231,41.829968],[-71.403234,41.82997],[-71.403237,41.829972],[-71.40324,41.829973],[-71.403244,41.829974],[-71.403248,41.829975],[-71.403251,41.829975],[-71.403311,41.829973],[-71.403315,41.829975],[-71.40332,41.829977],[-71.403325,41.829977],[-71.40333,41.829978],[-71.403335,41.829977],[-71.40334,41.829977],[-71.403345,41.829975],[-71.403349,41.829973],[-71.403353,41.82997],[-71.403459,41.829964],[-71.403465,41.829994],[-71.403465,41.829994]]]},"properties":{"kind":"green"}},{"type":"Feature","id":"green:430","geometry":{"type":"Polygon","coordinates":[[[-71.40357,41.825617],[-71.40357,41.825616],[-71.403571,41.825611],[-71.403573,41.825607],[-71.403576,41.825603],[-71.403579,41.825599],[-71.403584,41.825596],[-71.403589,41.825594],[-71.403594,41.825592],[-71.4036,41.825591],[-71.403605,41.825591],[-71.40361,41.825592],[-71.403614,41.825593],[-71.403618,41.825595],[-71.403622,41.825597],[-71.403625,41.8256],[-71.403627,41.825603],[-71.403629,41.825606],[-71.40366,41.825653],[-71.403687,41.825702],[-71.4037,41.825736],[-71.403711,41.82577],[-71.403712,41.825792],[-71.40371,41.825815],[-71.403704,41.825836],[-71.403693,41.825857],[-71.403687,41.82587],[-71.403679,41.825881],[-71.403667,41.825892],[-71.403654,41.8259],[-71.403639,41.825908],[-71.403632,41.82591],[-71.403624,41.825912],[-71.403616,41.825913],[-71.403608,41.825912],[-71.403604,41.825912],[-71.403601,41.825911],[-71.403599,41.82591],[-71.403596,41.825908],[-71.403594,41.825906],[-71.403592,41.825904],[-71.403589,41.825861],[-71.403585,41.825805],[-71.403581,41.825759],[-71.4036,41.825758],[-71.403598,41.825742],[-71.40358,41.825742],[-71.403578,41.825713],[-71.403574,41.825663],[-71.403571,41.825633],[-71.403589,41.825633],[-71.403588,41.825616],[-71.40357,41.825617]]]},"properties":{"kind":"green"}},{"type":"Feature","id":"green:431","geometry":{"type":"Polygon","coordinates":[[[-71.40406,41.825476],[-71.404044,41.825476],[-71.404042,41.825452],[-71.404041,41.825452],[-71.404039,41.825435],[-71.404021,41.825436],[-71.404017,41.825385],[-71.404053,41.825383],[-71.404056,41.825383],[-71.404063,41.825463],[-71.404063,41.825464],[-71.404062,41.825465],[-71.404062,41.825465],[-71.404061,41.825466],[-71.404061,41.825466],[-71.40406,41.825466],[-71.404059,41.825467],[-71.40406,41.825476]]]},"properties":{"kind":"green"}},{"type":"Feature","id":"green:432","geometry":{"type":"Polygon","coordinates":[[[-71.399819,41.823708],[-71.399773,41.823711],[-71.399773,41.823716],[-71.399657,41.823725],[-71.399656,41.82372],[-71.399605,41.823723],[-71.399605,41.823729],[-71.399488,41.823736],[-71.399475,41.823633],[-71.399478,41.823633],[-71.39943,41.823253],[-71.399433,41.823253],[-71.399499,41.823248],[-71.399756,41.823229],[-71.399819,41.823708]]]},"properties":{"kind":"green"}},{"type":"Feature","id":"green:433","geometry":{"type":"Polygon","coordinates":[[[-71.394316,41.843043],[-71.394253,41.84316],[-71.394227,41.843296],[-71.394116,41.843644],[-71.393298,41.843419],[-71.39322,41.842288],[-71.393222,41.842286],[-71.393223,41.842285],[-71.393225,41.842284],[-71.393227,41.842284],[-71.393229,41.842283],[-71.393231,41.842283],[-71.393233,41.842283],[-71.393235,41.842284],[-71.393237,41.842284],[-71.393239,41.842285],[-71.393241,41.842286],[-71.393242,41.842287],[-71.393243,41.842289],[-71.393359,41.842575],[-71.393408,41.842564],[-71.39328,41.842247],[-71.393693,41.842536],[-71.393736,41.842502],[-71.394146,41.842789],[-71.394278,41.842881],[-71.394218,41.843013],[-71.394316,41.843043]]]},"properties":{"kind":"green"}},{"type":"Feature","id":"green:434","geometry":{"type":"Polygon","coordinates":[[[-71.400392,41.826698],[-71.400229,41.826711],[-71.400224,41.826676],[-71.400003,41.826698],[-71.400009,41.826732],[-71.399793,41.826751],[-71.399762,41.82658],[-71.399748,41.826486],[-71.399806,41.826486],[-71.399869,41.826475],[-71.399885,41.826474],[-71.399922,41.82647],[-71.400003,41.826462],[-71.400152,41.826447],[-71.400283,41.826433],[-71.400338,41.82643],[-71.40034,41.826429],[-71.400342,41.826428],[-71.400344,41.826428],[-71.400347,41.826427],[-71.400349,41.826428],[-71.400352,41.826428],[-71.400354,41.826429],[-71.400356,41.826429],[-71.400358,41.826431],[-71.40036,41.826432],[-71.400361,41.826434],[-71.400385,41.826632],[-71.400388,41.826673],[-71.400392,41.826698]]]},"properties":{"kind":"green","label":"Sciences Park","rank":0,"sortKey":0.0,"labelMinZoom":0}},{"type":"Feature","id":"green:437","geometry":{"type":"Polygon","coordinates":[[[-71.403955,41.826786],[-71.403954,41.826708],[-71.403947,41.826708],[-71.403945,41.82658],[-71.403945,41.826539],[-71.404044,41.826538],[-71.404042,41.826404],[-71.403942,41.826405],[-71.403942,41.826363],[-71.40394,41.826204],[-71.403978,41.826203],[-71.403977,41.826154],[-71.403977,41.826105],[-71.403939,41.826105],[-71.403937,41.825944],[-71.403935,41.825892],[-71.403934,41.825848],[-71.403947,41.825848],[-71.403946,41.82572],[-71.403931,41.82572],[-71.403929,41.825672],[-71.403932,41.825592],[-71.404018,41.825588],[-71.404014,41.82553],[-71.404054,41.825529],[-71.404048,41.825445],[-71.404007,41.825446],[-71.404002,41.825387],[-71.403998,41.825355],[-71.404397,41.825332],[-71.404427,41.825543],[-71.404499,41.826073],[-71.404473,41.826076],[-71.404479,41.826131],[-71.404486,41.826186],[-71.40452,41.826183],[-71.404596,41.826854],[-71.403953,41.826908],[-71.40395,41.826908],[-71.403948,41.826786],[-71.403955,41.826786]]]},"properties":{"kind":"green","label":"Front Green","rank":0,"sortKey":0.0,"labelMinZoom":0,"placeId":"the-quiet-green"}},{"type":"Feature","id":"green:438","geometry":{"type":"Polygon","coordinates":[[[-71.402089,41.829351],[-71.402056,41.829145],[-71.402635,41.829101],[-71.402641,41.82914],[-71.402664,41.82931],[-71.402089,41.829351]]]},"properties":{"kind":"green","label":"Howard Terrace","rank":0,"sortKey":0.0,"labelMinZoom":0}},{"type":"Feature","id":"green:439","geometry":{"type":"Polygon","coordinates":[[[-71.394358,41.833417],[-71.394318,41.833382],[-71.393646,41.832196],[-71.392738,41.830608],[-71.392609,41.830382],[-71.392568,41.830311],[-71.392518,41.830202],[-71.392476,41.830091],[-71.39227,41.829469],[-71.392269,41.829462],[-71.392269,41.829455],[-71.392272,41.829448],[-71.392275,41.829442],[-71.392281,41.829436],[-71.392287,41.829431],[-71.392294,41.829426],[-71.392303,41.829423],[-71.392312,41.82942],[-71.39439,41.829022],[-71.39476,41.83037],[-71.396499,41.830097],[-71.396525,41.830093],[-71.396845,41.830046],[-71.397251,41.829981],[-71.397561,41.829933],[-71.397824,41.829892],[-71.398081,41.829852],[-71.398233,41.829828],[-71.398338,41.829812],[-71.398567,41.830155],[-71.398632,41.830237],[-71.398639,41.830247],[-71.399228,41.831069],[-71.399548,41.831478],[-71.399552,41.831485],[-71.399555,41.831493],[-71.399556,41.831502],[-71.399555,41.83151],[-71.399553,41.831518],[-71.399548,41.831526],[-71.399542,41.831533],[-71.399535,41.831539],[-71.399526,41.831544],[-71.399517,41.831548],[-71.398904,41.831761],[-71.398015,41.832062],[-71.397242,41.832321],[-71.397209,41.832329],[-71.397131,41.832355],[-71.396931,41.832454],[-71.396597,41.832625],[-71.396123,41.832878],[-71.395691,41.833123],[-71.395638,41.833154],[-71.395606,41.83317],[-71.395572,41.833183],[-71.395535,41.833192],[-71.394634,41.833363],[-71.394358,41.833417]]]},"properties":{"kind":"green"}},{"type":"Feature","id":"green:44","geometry":{"type":"Polygon","coordinates":[[[-71.403429,41.830183],[-71.403383,41.830184],[-71.403384,41.830195],[-71.403374,41.830196],[-71.403373,41.830194],[-71.40336,41.830195],[-71.40336,41.830197],[-71.403334,41.830198],[-71.403334,41.830196],[-71.403309,41.830197],[-71.403309,41.8302],[-71.403238,41.830205],[-71.403236,41.830189],[-71.40319,41.830192],[-71.403191,41.830195],[-71.403176,41.830196],[-71.403178,41.830208],[-71.403167,41.830209],[-71.403176,41.830288],[-71.403218,41.830286],[-71.403219,41.830297],[-71.403223,41.830297],[-71.403224,41.830306],[-71.403258,41.830304],[-71.403259,41.830316],[-71.40332,41.830312],[-71.403335,41.830312],[-71.403337,41.830325],[-71.403343,41.830365],[-71.40343,41.830359],[-71.403429,41.830356],[-71.403346,41.830362],[-71.403338,41.830309],[-71.403263,41.830313],[-71.40326,41.830294],[-71.403291,41.830292],[-71.403292,41.830299],[-71.403306,41.830298],[-71.403305,41.830291],[-71.403335,41.830289],[-71.403405,41.830285],[-71.403405,41.830281],[-71.403409,41.830281],[-71.40342,41.830278],[-71.403431,41.830273],[-71.403441,41.830268],[-71.40345,41.830261],[-71.403457,41.830254],[-71.403462,41.830245],[-71.403465,41.83024],[-71.403469,41.830236],[-71.403474,41.830232],[-71.40348,41.830229],[-71.403486,41.830226],[-71.403513,41.830223],[-71.403527,41.830294],[-71.403453,41.830299],[-71.40345,41.830297],[-71.403448,41.830295],[-71.403445,41.830293],[-71.403441,41.830292],[-71.403437,41.830291],[-71.403433,41.830291],[-71.40343,41.830291],[-71.403426,41.830291],[-71.403354,41.830296],[-71.403361,41.830354],[-71.403436,41.830349],[-71.40344,41.830349],[-71.403444,41.830348],[-71.403447,41.830347],[-71.403451,41.830346],[-71.403454,41.830344],[-71.403457,41.830342],[-71.403459,41.83034],[-71.403461,41.830337],[-71.403535,41.830332],[-71.403545,41.830381],[-71.403495,41.830385],[-71.403434,41.830391],[-71.403398,41.830395],[-71.403366,41.830398],[-71.403368,41.83041],[-71.40337,41.83043],[-71.40336,41.830431],[-71.403372,41.830537],[-71.403407,41.830534],[-71.403408,41.830545],[-71.403374,41.830547],[-71.40338,41.830591],[-71.403414,41.830588],[-71.403419,41.830623],[-71.403545,41.830614],[-71.403544,41.830607],[-71.403563,41.830606],[-71.403557,41.830563],[-71.403573,41.830559],[-71.403575,41.830557],[-71.403581,41.830556],[-71.403582,41.830561],[-71.403585,41.830573],[-71.403588,41.830585],[-71.403591,41.830598],[-71.403593,41.83061],[-71.403596,41.830622],[-71.403599,41.830634],[-71.403602,41.830647],[-71.403595,41.830647],[-71.403587,41.830648],[-71.40358,41.830649],[-71.403573,41.830649],[-71.403566,41.83065],[-71.403558,41.830651],[-71.403551,41.830652],[-71.403544,41.830652],[-71.403536,41.830653],[-71.403529,41.830653],[-71.403522,41.830654],[-71.403514,41.830655],[-71.403506,41.830655],[-71.403498,41.830655],[-71.403491,41.830656],[-71.403483,41.830656],[-71.403475,41.830656],[-71.403467,41.830657],[-71.403459,41.830657],[-71.403451,41.830657],[-71.403444,41.830658],[-71.403436,41.830658],[-71.403424,41.830659],[-71.403412,41.830659],[-71.4034,41.83066],[-71.403387,41.830661],[-71.403375,41.830661],[-71.403363,41.830662],[-71.403351,41.830663],[-71.403339,41.830663],[-71.403327,41.830664],[-71.403315,41.830665],[-71.403263,41.830666],[-71.403221,41.830667],[-71.402924,41.830682],[-71.402558,41.830697],[-71.402552,41.830646],[-71.402722,41.830634],[-71.402722,41.830637],[-71.402878,41.830626],[-71.402865,41.830521],[-71.403115,41.830504],[-71.403111,41.830472],[-71.403154,41.830469],[-71.403147,41.830415],[-71.403107,41.830418],[-71.403104,41.830385],[-71.402849,41.830405],[-71.402847,41.83039],[-71.402866,41.830389],[-71.402921,41.830385],[-71.40291,41.830279],[-71.402907,41.83027],[-71.4029,41.83026],[-71.402888,41.830253],[-71.402888,41.830253],[-71.402855,41.830239],[-71.402852,41.830235],[-71.402816,41.829974],[-71.402818,41.829926],[-71.40282,41.82992],[-71.402823,41.829915],[-71.402827,41.82991],[-71.402832,41.829905],[-71.402839,41.829901],[-71.402845,41.829898],[-71.402853,41.829896],[-71.402861,41.829895],[-71.402869,41.829895],[-71.402909,41.829966],[-71.402969,41.829962],[-71.402969,41.829966],[-71.40297,41.82997],[-71.402969,41.829974],[-71.402967,41.829978],[-71.402964,41.829982],[-71.402961,41.829986],[-71.402956,41.829988],[-71.402952,41.829991],[-71.402946,41.829992],[-71.402941,41.829993],[-71.402935,41.829994],[-71.402935,41.829996],[-71.40286,41.830003],[-71.402864,41.830042],[-71.402865,41.830058],[-71.402867,41.830081],[-71.402877,41.830182],[-71.402915,41.83018],[-71.40293,41.830184],[-71.40295,41.830194],[-71.402953,41.830195],[-71.402956,41.830197],[-71.402958,41.830199],[-71.402959,41.830201],[-71.40296,41.830203],[-71.402961,41.830206],[-71.402966,41.830247],[-71.403045,41.83024],[-71.40304,41.829996],[-71.403051,41.829996],[-71.403058,41.830113],[-71.403061,41.830113],[-71.403063,41.830143],[-71.4031,41.830142],[-71.403164,41.830141],[-71.403165,41.830155],[-71.403235,41.830152],[-71.403234,41.830144],[-71.403234,41.830139],[-71.403274,41.830137],[-71.403271,41.830079],[-71.403214,41.83008],[-71.403214,41.830072],[-71.403192,41.830073],[-71.403194,41.830064],[-71.403198,41.830056],[-71.403199,41.830054],[-71.403201,41.830053],[-71.403203,41.830052],[-71.403205,41.830051],[-71.403208,41.83005],[-71.40321,41.83005],[-71.403241,41.830047],[-71.403276,41.830045],[-71.403306,41.830042],[-71.403335,41.830039],[-71.403373,41.830034],[-71.403403,41.830031],[-71.403435,41.830028],[-71.403471,41.830024],[-71.403502,41.830171],[-71.40351,41.830212],[-71.403479,41.830216],[-71.40347,41.830219],[-71.403462,41.830223],[-71.403456,41.830228],[-71.40345,41.830234],[-71.403446,41.830241],[-71.403443,41.830246],[-71.403438,41.830251],[-71.403433,41.830255],[-71.403428,41.830259],[-71.403421,41.830261],[-71.403414,41.830264],[-71.403407,41.830265],[-71.403403,41.830265],[-71.4034,41.830244],[-71.403406,41.830244],[-71.403403,41.830213],[-71.403397,41.830214],[-71.403394,41.830194],[-71.403387,41.830195],[-71.403386,41.830186],[-71.403429,41.830185],[-71.403479,41.830182],[-71.403478,41.83018],[-71.403429,41.830183]]]},"properties":{"kind":"green"}},{"type":"Feature","id":"green:440","geometry":{"type":"Polygon","coordinates":[[[-71.402063,41.825146],[-71.401256,41.825205],[-71.401225,41.824978],[-71.402156,41.82491],[-71.402185,41.82514],[-71.402063,41.825146]]]},"properties":{"kind":"green","label":"Hughes Court","rank":0,"sortKey":0.0,"labelMinZoom":0}},{"type":"Feature","id":"green:441","geometry":{"type":"Polygon","coordinates":[[[-71.400836,41.824118],[-71.400873,41.824393],[-71.401121,41.824374],[-71.401136,41.824517],[-71.400888,41.824532],[-71.400915,41.824719],[-71.401001,41.824713],[-71.401012,41.824789],[-71.400646,41.824819],[-71.400552,41.824138],[-71.400836,41.824118]]]},"properties":{"kind":"green","label":"Patriot's Court","rank":0,"sortKey":0.0,"labelMinZoom":0}},{"type":"Feature","id":"green:442","geometry":{"type":"Polygon","coordinates":[[[-71.399786,41.82535],[-71.399784,41.825335],[-71.399703,41.825343],[-71.399693,41.82528],[-71.399689,41.825258],[-71.39968,41.8252],[-71.399638,41.825204],[-71.399628,41.825145],[-71.399627,41.825139],[-71.399773,41.825123],[-71.399821,41.825118],[-71.399869,41.825114],[-71.39987,41.825117],[-71.399875,41.825152],[-71.399889,41.825203],[-71.399904,41.825322],[-71.399924,41.825321],[-71.399927,41.825342],[-71.399871,41.825345],[-71.399877,41.825398],[-71.399867,41.825399],[-71.399877,41.825471],[-71.399802,41.825478],[-71.399794,41.825428],[-71.399798,41.825428],[-71.399797,41.825425],[-71.399809,41.825417],[-71.399799,41.825356],[-71.399786,41.82535]]]},"properties":{"kind":"green"}},{"type":"Feature","id":"green:443","geometry":{"type":"Polygon","coordinates":[[[-71.40542,41.825433],[-71.405468,41.825429],[-71.405505,41.825427],[-71.405508,41.825448],[-71.405501,41.825449],[-71.405501,41.825453],[-71.405504,41.825452],[-71.405509,41.825497],[-71.405507,41.825497],[-71.405507,41.825501],[-71.405515,41.8255],[-71.405516,41.825515],[-71.405509,41.825515],[-71.40551,41.825519],[-71.405512,41.825519],[-71.405518,41.825563],[-71.405515,41.825564],[-71.405516,41.825567],[-71.405523,41.825567],[-71.405525,41.825581],[-71.405517,41.825582],[-71.405518,41.825586],[-71.40552,41.825585],[-71.405528,41.825648],[-71.405526,41.825648],[-71.405526,41.825652],[-71.405534,41.825651],[-71.405535,41.825666],[-71.405528,41.825666],[-71.405528,41.82567],[-71.405531,41.82567],[-71.405539,41.825732],[-71.405536,41.825732],[-71.405537,41.825736],[-71.405544,41.825735],[-71.405546,41.82575],[-71.405539,41.82575],[-71.405539,41.825754],[-71.405542,41.825754],[-71.405547,41.825798],[-71.405545,41.825799],[-71.405545,41.825802],[-71.405552,41.825802],[-71.405554,41.825816],[-71.405547,41.825817],[-71.405547,41.82582],[-71.40555,41.82582],[-71.405556,41.825865],[-71.405553,41.825865],[-71.405554,41.825869],[-71.405561,41.825868],[-71.405564,41.82589],[-71.405526,41.825893],[-71.405478,41.825896],[-71.40547,41.825897],[-71.405467,41.825873],[-71.405464,41.825849],[-71.405417,41.82548],[-71.405414,41.825456],[-71.405411,41.825433],[-71.40542,41.825433]]]},"properties":{"kind":"green","label":"Chafee Garden","rank":0,"sortKey":0.0,"labelMinZoom":0}},{"type":"Feature","id":"green:444","geometry":{"type":"Polygon","coordinates":[[[-71.405722,41.826527],[-71.405527,41.826538],[-71.405483,41.826151],[-71.405673,41.826141],[-71.405722,41.826527]]]},"properties":{"kind":"green"}},{"type":"Feature","id":"green:445","geometry":{"type":"Polygon","coordinates":[[[-71.405295,41.83005],[-71.405163,41.830063],[-71.405159,41.830002],[-71.405117,41.830004],[-71.405117,41.829987],[-71.404943,41.83],[-71.404944,41.830017],[-71.404906,41.83002],[-71.404917,41.830102],[-71.404737,41.830115],[-71.404709,41.829901],[-71.405236,41.829868],[-71.405295,41.83005]]]},"properties":{"kind":"green"}},{"type":"Feature","id":"green:446","geometry":{"type":"Polygon","coordinates":[[[-71.399477,41.8254],[-71.399325,41.825414],[-71.399305,41.825275],[-71.399104,41.825292],[-71.39909,41.82519],[-71.399497,41.82515],[-71.399509,41.825218],[-71.399519,41.825281],[-71.399531,41.825359],[-71.399472,41.825364],[-71.399477,41.8254]]]},"properties":{"kind":"green"}},{"type":"Feature","id":"green:447","geometry":{"type":"Polygon","coordinates":[[[-71.396154,41.82514],[-71.396164,41.825141],[-71.39618,41.825449],[-71.396177,41.825453],[-71.396156,41.825454],[-71.39613,41.825454],[-71.395987,41.825378],[-71.395677,41.825382],[-71.395662,41.825372],[-71.395635,41.825372],[-71.395568,41.82532],[-71.395568,41.825291],[-71.39579,41.825288],[-71.395788,41.825188],[-71.395919,41.825186],[-71.395948,41.825164],[-71.395947,41.825144],[-71.396154,41.82514]]]},"properties":{"kind":"green"}},{"type":"Feature","id":"green:448","geometry":{"type":"Polygon","coordinates":[[[-71.402222,41.827198],[-71.402257,41.827406],[-71.402115,41.827417],[-71.402078,41.827211],[-71.402222,41.827198]]]},"properties":{"kind":"green"}},{"type":"Feature","id":"green:449","geometry":{"type":"Polygon","coordinates":[[[-71.392323,41.843734],[-71.391021,41.843417],[-71.390994,41.842546],[-71.392555,41.842526],[-71.392592,41.843072],[-71.392323,41.843734]]]},"properties":{"kind":"green"}},{"type":"Feature","id":"green:45","geometry":{"type":"Polygon","coordinates":[[[-71.403545,41.830209],[-71.403532,41.830211],[-71.403531,41.830206],[-71.403526,41.830207],[-71.403522,41.83019],[-71.403528,41.830189],[-71.403526,41.830179],[-71.403539,41.830178],[-71.403545,41.830209]]]},"properties":{"kind":"green"}},{"type":"Feature","id":"green:450","geometry":{"type":"Polygon","coordinates":[[[-71.393375,41.831591],[-71.39336,41.831579],[-71.393346,41.831568],[-71.393337,41.831559],[-71.393327,41.831549],[-71.393313,41.831531],[-71.393277,41.831477],[-71.393209,41.831363],[-71.393145,41.83126],[-71.393094,41.831174],[-71.393008,41.831016],[-71.392946,41.830902],[-71.392911,41.830839],[-71.392976,41.830654],[-71.393758,41.83021],[-71.393843,41.830279],[-71.39388,41.830309],[-71.39389,41.830317],[-71.393913,41.830334],[-71.394035,41.830433],[-71.394069,41.830455],[-71.394107,41.830485],[-71.394438,41.830749],[-71.394429,41.830753],[-71.394523,41.830856],[-71.394532,41.830851],[-71.394635,41.830969],[-71.394602,41.831101],[-71.39445,41.831179],[-71.394444,41.831173],[-71.39431,41.831245],[-71.394315,41.831251],[-71.394255,41.831269],[-71.393375,41.831591]]]},"properties":{"kind":"green"}},{"type":"Feature","id":"green:451","geometry":{"type":"Polygon","coordinates":[[[-71.394759,41.830365],[-71.394355,41.830427],[-71.394353,41.830424],[-71.393985,41.829101],[-71.393985,41.8291],[-71.39439,41.829022],[-71.39476,41.830365],[-71.394759,41.830365]]]},"properties":{"kind":"green"}},{"type":"Feature","id":"green:452","geometry":{"type":"Polygon","coordinates":[[[-71.40256,41.826681],[-71.402569,41.826687],[-71.402575,41.82669],[-71.402581,41.826692],[-71.402587,41.826693],[-71.402594,41.826694],[-71.402601,41.826694],[-71.402602,41.826698],[-71.402604,41.826702],[-71.402606,41.826705],[-71.40261,41.826709],[-71.402615,41.826711],[-71.402619,41.826713],[-71.402625,41.826715],[-71.40263,41.826716],[-71.402636,41.826715],[-71.402642,41.826715],[-71.402647,41.826713],[-71.402652,41.826711],[-71.402656,41.826708],[-71.40266,41.826705],[-71.402663,41.826701],[-71.402665,41.826697],[-71.402665,41.826693],[-71.402665,41.826689],[-71.402672,41.826688],[-71.402678,41.826687],[-71.402684,41.826685],[-71.40269,41.826682],[-71.402695,41.826679],[-71.402731,41.826676],[-71.402737,41.82672],[-71.402706,41.826722],[-71.402709,41.826746],[-71.402753,41.826742],[-71.402759,41.826788],[-71.40275,41.826789],[-71.402723,41.826791],[-71.402721,41.826779],[-71.402578,41.826791],[-71.40258,41.826803],[-71.402524,41.826808],[-71.402517,41.826766],[-71.402542,41.826765],[-71.402533,41.826699],[-71.402534,41.826699],[-71.402532,41.826684],[-71.402532,41.826683],[-71.40256,41.826681]]]},"properties":{"kind":"green"}},{"type":"Feature","id":"green:453","geometry":{"type":"Polygon","coordinates":[[[-71.398981,41.839088],[-71.398973,41.838876],[-71.399242,41.83887],[-71.399271,41.838869],[-71.399817,41.838856],[-71.399839,41.838856],[-71.399923,41.838855],[-71.399938,41.83887],[-71.399911,41.838929],[-71.399902,41.838944],[-71.399734,41.839292],[-71.399561,41.83929],[-71.399562,41.839211],[-71.399471,41.839208],[-71.39947,41.83929],[-71.398978,41.839284],[-71.398981,41.83913],[-71.399072,41.839131],[-71.399072,41.839141],[-71.39902,41.839141],[-71.399019,41.839194],[-71.399093,41.839194],[-71.399093,41.839141],[-71.399091,41.839141],[-71.399092,41.839125],[-71.399108,41.839125],[-71.399107,41.83917],[-71.399207,41.83917],[-71.399207,41.839141],[-71.39924,41.839141],[-71.399264,41.839124],[-71.399264,41.839099],[-71.399241,41.839082],[-71.399208,41.839082],[-71.399208,41.839052],[-71.399109,41.839051],[-71.399109,41.839085],[-71.399074,41.839085],[-71.399074,41.839089],[-71.398981,41.839088]]]},"properties":{"kind":"green"}},{"type":"Feature","id":"green:454","geometry":{"type":"Polygon","coordinates":[[[-71.406169,41.826315],[-71.40604,41.826328],[-71.406041,41.826335],[-71.405979,41.826341],[-71.405968,41.826341],[-71.405957,41.826339],[-71.405947,41.826336],[-71.405938,41.826332],[-71.40593,41.826327],[-71.405923,41.82632],[-71.405918,41.826313],[-71.405954,41.826312],[-71.405953,41.826301],[-71.405961,41.826297],[-71.405969,41.826292],[-71.405975,41.826286],[-71.405979,41.826279],[-71.405982,41.826272],[-71.405983,41.826264],[-71.405983,41.826257],[-71.405981,41.82625],[-71.405977,41.826243],[-71.405971,41.826236],[-71.405964,41.826231],[-71.405957,41.826226],[-71.405948,41.826223],[-71.405947,41.82621],[-71.405923,41.826211],[-71.40592,41.826171],[-71.405918,41.826124],[-71.406163,41.826118],[-71.406166,41.826171],[-71.406172,41.826293],[-71.406187,41.826293],[-71.406188,41.826314],[-71.406169,41.826315]]]},"properties":{"kind":"green"}},{"type":"Feature","id":"green:455","geometry":{"type":"Polygon","coordinates":[[[-71.406299,41.826366],[-71.406299,41.826313],[-71.406342,41.826312],[-71.406342,41.826288],[-71.406359,41.826287],[-71.406408,41.826287],[-71.40641,41.826354],[-71.406404,41.82636],[-71.406301,41.826373],[-71.406299,41.826366]]]},"properties":{"kind":"green"}},{"type":"Feature","id":"green:456","geometry":{"type":"Polygon","coordinates":[[[-71.400306,41.827239],[-71.400111,41.827256],[-71.400084,41.827099],[-71.400281,41.82708],[-71.400306,41.827239]]]},"properties":{"kind":"green","label":"Costa Memorial Garden","rank":0,"sortKey":0.0,"labelMinZoom":0}},{"type":"Feature","id":"green:457","geometry":{"type":"Polygon","coordinates":[[[-71.402412,41.822724],[-71.402324,41.822724],[-71.402309,41.822724],[-71.402197,41.822727],[-71.402174,41.822336],[-71.402463,41.822326],[-71.402467,41.822557],[-71.402445,41.822557],[-71.402444,41.822624],[-71.40241,41.822624],[-71.402412,41.822724]]]},"properties":{"kind":"green"}},{"type":"Feature","id":"green:458","geometry":{"type":"Polygon","coordinates":[[[-71.402633,41.822521],[-71.402502,41.822521],[-71.402501,41.822395],[-71.402633,41.822395],[-71.402633,41.822521]]]},"properties":{"kind":"green"}},{"type":"Feature","id":"green:459","geometry":{"type":"Polygon","coordinates":[[[-71.403709,41.822783],[-71.403111,41.822782],[-71.403112,41.822581],[-71.403373,41.822423],[-71.403709,41.822783]]]},"properties":{"kind":"green"}},{"type":"Feature","id":"green:46","geometry":{"type":"Polygon","coordinates":[[[-71.400574,41.824902],[-71.400534,41.824906],[-71.400531,41.824892],[-71.400514,41.824894],[-71.400516,41.824908],[-71.400472,41.824912],[-71.40047,41.824905],[-71.400467,41.824898],[-71.400462,41.824891],[-71.400456,41.824886],[-71.400449,41.824881],[-71.400441,41.824877],[-71.400432,41.824874],[-71.400423,41.824872],[-71.400413,41.824871],[-71.400412,41.824828],[-71.400412,41.824825],[-71.40047,41.824821],[-71.400529,41.824816],[-71.400528,41.824801],[-71.40055,41.824799],[-71.400545,41.824757],[-71.400642,41.82475],[-71.400638,41.824722],[-71.400642,41.824723],[-71.400644,41.824723],[-71.400646,41.824723],[-71.400648,41.824724],[-71.40065,41.824725],[-71.400651,41.824726],[-71.400652,41.824727],[-71.400653,41.824729],[-71.400658,41.82476],[-71.400659,41.824764],[-71.400658,41.824768],[-71.400657,41.824771],[-71.400656,41.824775],[-71.400653,41.824778],[-71.40065,41.824781],[-71.400646,41.824783],[-71.400642,41.824785],[-71.400637,41.824787],[-71.400632,41.824787],[-71.400581,41.824792],[-71.400577,41.824792],[-71.400574,41.824794],[-71.40057,41.824795],[-71.400567,41.824797],[-71.400565,41.8248],[-71.400563,41.824803],[-71.400561,41.824806],[-71.400563,41.824831],[-71.40057,41.824878],[-71.400574,41.824902]]]},"properties":{"kind":"green"}},{"type":"Feature","id":"green:460","geometry":{"type":"Polygon","coordinates":[[[-71.397028,41.823792],[-71.397051,41.823918],[-71.396845,41.823922],[-71.396594,41.823925],[-71.396586,41.823925],[-71.396579,41.823924],[-71.396571,41.823923],[-71.396564,41.82392],[-71.396558,41.823917],[-71.396552,41.823913],[-71.396547,41.823909],[-71.396544,41.823904],[-71.39654,41.823897],[-71.396534,41.82389],[-71.396528,41.823885],[-71.39652,41.82388],[-71.396512,41.823876],[-71.396502,41.823873],[-71.396496,41.823869],[-71.39649,41.823864],[-71.396485,41.823859],[-71.396482,41.823853],[-71.39648,41.823847],[-71.396615,41.823834],[-71.397028,41.823792]]]},"properties":{"kind":"green"}},{"type":"Feature","id":"green:461","geometry":{"type":"Polygon","coordinates":[[[-71.397841,41.824221],[-71.39783,41.824222],[-71.397833,41.824238],[-71.39783,41.824238],[-71.397831,41.824244],[-71.39778,41.824248],[-71.397794,41.82436],[-71.397761,41.824363],[-71.397789,41.824485],[-71.397756,41.824449],[-71.397735,41.824432],[-71.397714,41.824414],[-71.397699,41.824401],[-71.397683,41.824389],[-71.397667,41.824376],[-71.397653,41.824365],[-71.397637,41.824354],[-71.397621,41.824343],[-71.397605,41.824333],[-71.397588,41.824324],[-71.39757,41.824315],[-71.397552,41.824306],[-71.397534,41.824299],[-71.397516,41.824291],[-71.397494,41.824284],[-71.397473,41.824277],[-71.397451,41.824269],[-71.397404,41.824255],[-71.397398,41.824249],[-71.397393,41.824242],[-71.397389,41.824236],[-71.397386,41.824214],[-71.397836,41.824176],[-71.397841,41.824221]]]},"properties":{"kind":"green"}},{"type":"Feature","id":"green:462","geometry":{"type":"Polygon","coordinates":[[[-71.397573,41.827307],[-71.39757,41.827301],[-71.397567,41.827296],[-71.397563,41.827292],[-71.397557,41.827288],[-71.397551,41.827285],[-71.397544,41.827283],[-71.397537,41.827281],[-71.397529,41.827281],[-71.397522,41.827282],[-71.397515,41.827283],[-71.397508,41.827286],[-71.397502,41.827289],[-71.397497,41.827293],[-71.397493,41.827298],[-71.39749,41.827303],[-71.397488,41.827308],[-71.397487,41.827314],[-71.397488,41.827319],[-71.397406,41.827328],[-71.397329,41.827331],[-71.397331,41.82715],[-71.397571,41.827127],[-71.397604,41.827303],[-71.397573,41.827307]]]},"properties":{"kind":"green"}},{"type":"Feature","id":"green:463","geometry":{"type":"Polygon","coordinates":[[[-71.40177,41.829916],[-71.401739,41.82968],[-71.401766,41.829678],[-71.401756,41.8296],[-71.401932,41.829587],[-71.40199,41.829583],[-71.402002,41.829675],[-71.40202,41.829807],[-71.401995,41.829809],[-71.402004,41.829879],[-71.402004,41.829899],[-71.401913,41.829905],[-71.40177,41.829916]]]},"properties":{"kind":"green"}},{"type":"Feature","id":"green:464","geometry":{"type":"Polygon","coordinates":[[[-71.407841,41.825324],[-71.407866,41.825511],[-71.407865,41.825513],[-71.407864,41.825515],[-71.407862,41.825517],[-71.40786,41.825518],[-71.407858,41.825519],[-71.407856,41.82552],[-71.407853,41.825521],[-71.407851,41.825521],[-71.407848,41.825521],[-71.407845,41.825521],[-71.407843,41.82552],[-71.40784,41.825519],[-71.407838,41.825518],[-71.407836,41.825517],[-71.407835,41.825515],[-71.407692,41.825312],[-71.407717,41.825296],[-71.407745,41.825309],[-71.407776,41.825318],[-71.407808,41.825323],[-71.407841,41.825324]]]},"properties":{"kind":"green"}},{"type":"Feature","id":"green:465","geometry":{"type":"Polygon","coordinates":[[[-71.407588,41.825187],[-71.407431,41.824975],[-71.40748,41.824969],[-71.407668,41.825096],[-71.407654,41.825115],[-71.407643,41.825136],[-71.407636,41.825157],[-71.407588,41.825187]]]},"properties":{"kind":"green"}},{"type":"Feature","id":"green:466","geometry":{"type":"Polygon","coordinates":[[[-71.407972,41.825419],[-71.407958,41.825418],[-71.407944,41.825416],[-71.407931,41.825413],[-71.407918,41.825407],[-71.407908,41.8254],[-71.407898,41.825392],[-71.407891,41.825383],[-71.407886,41.825373],[-71.407883,41.825363],[-71.407883,41.825352],[-71.407885,41.825341],[-71.407889,41.825331],[-71.407896,41.825322],[-71.407905,41.825313],[-71.407929,41.825305],[-71.407951,41.825294],[-71.407965,41.825293],[-71.407979,41.825293],[-71.407993,41.825296],[-71.408007,41.8253],[-71.408019,41.825306],[-71.408029,41.825313],[-71.408038,41.825322],[-71.408045,41.825331],[-71.408049,41.825341],[-71.408051,41.825352],[-71.408051,41.825363],[-71.408048,41.825373],[-71.408043,41.825383],[-71.408035,41.825392],[-71.408011,41.825378],[-71.408009,41.825376],[-71.408006,41.825374],[-71.408003,41.825373],[-71.407999,41.825372],[-71.407995,41.825371],[-71.407992,41.825371],[-71.407988,41.825371],[-71.407984,41.825372],[-71.407981,41.825373],[-71.407978,41.825375],[-71.407975,41.825377],[-71.407973,41.825379],[-71.407971,41.825382],[-71.40797,41.825384],[-71.407972,41.825419]]]},"properties":{"kind":"green"}},{"type":"Feature","id":"green:467","geometry":{"type":"Polygon","coordinates":[[[-71.407987,41.82526],[-71.408006,41.825256],[-71.408023,41.82525],[-71.408038,41.825241],[-71.408052,41.825231],[-71.408063,41.825219],[-71.408072,41.825207],[-71.408089,41.825207],[-71.408106,41.825209],[-71.408122,41.825214],[-71.408137,41.82522],[-71.408151,41.825228],[-71.40821,41.825339],[-71.408211,41.825342],[-71.408211,41.825345],[-71.408211,41.825349],[-71.40821,41.825352],[-71.408208,41.825355],[-71.408206,41.825357],[-71.408203,41.82536],[-71.4082,41.825361],[-71.408196,41.825363],[-71.408192,41.825364],[-71.408188,41.825364],[-71.408184,41.825364],[-71.40818,41.825363],[-71.408176,41.825362],[-71.408172,41.82536],[-71.407987,41.82526]]]},"properties":{"kind":"green"}},{"type":"Feature","id":"green:468","geometry":{"type":"Polygon","coordinates":[[[-71.407917,41.825],[-71.407896,41.824999],[-71.407875,41.825001],[-71.407855,41.825005],[-71.407836,41.825012],[-71.407819,41.825022],[-71.407801,41.824782],[-71.407803,41.824778],[-71.407806,41.824775],[-71.40781,41.824771],[-71.407814,41.824769],[-71.407819,41.824767],[-71.407824,41.824765],[-71.407829,41.824765],[-71.407835,41.824765],[-71.40784,41.824765],[-71.407845,41.824767],[-71.40785,41.824769],[-71.407855,41.824772],[-71.407858,41.824775],[-71.407861,41.824778],[-71.407863,41.824782],[-71.407923,41.82487],[-71.40794,41.824918],[-71.407917,41.825]]]},"properties":{"kind":"green"}},{"type":"Feature","id":"green:469","geometry":{"type":"Polygon","coordinates":[[[-71.407732,41.824691],[-71.40754,41.824607],[-71.40754,41.824598],[-71.407539,41.82459],[-71.407535,41.824582],[-71.407529,41.824574],[-71.407522,41.824568],[-71.407513,41.824562],[-71.407504,41.824558],[-71.407493,41.824555],[-71.407482,41.824553],[-71.407471,41.824553],[-71.407459,41.824555],[-71.407449,41.824557],[-71.407345,41.824499],[-71.407377,41.824489],[-71.40733,41.824418],[-71.407495,41.824356],[-71.407558,41.824442],[-71.407606,41.824424],[-71.407772,41.824679],[-71.407732,41.824691]]]},"properties":{"kind":"green"}},{"type":"Feature","id":"green:47","geometry":{"type":"Polygon","coordinates":[[[-71.402338,41.829462],[-71.402354,41.829461],[-71.402357,41.829461],[-71.40236,41.829461],[-71.402363,41.829462],[-71.402366,41.829463],[-71.402368,41.829464],[-71.402371,41.829466],[-71.402372,41.829468],[-71.402374,41.82947],[-71.402375,41.829472],[-71.402377,41.82948],[-71.402378,41.829488],[-71.402377,41.829496],[-71.402374,41.829504],[-71.402371,41.829516],[-71.402366,41.829527],[-71.402359,41.829537],[-71.40235,41.829546],[-71.402345,41.82955],[-71.40234,41.829554],[-71.402334,41.829557],[-71.402327,41.829559],[-71.40232,41.82956],[-71.402307,41.829464],[-71.402338,41.829462],[-71.402338,41.829462]]]},"properties":{"kind":"green"}},{"type":"Feature","id":"green:470","geometry":{"type":"Polygon","coordinates":[[[-71.407476,41.824596],[-71.407741,41.824725],[-71.407345,41.824864],[-71.40713,41.824527],[-71.40725,41.824486],[-71.407476,41.824596]]]},"properties":{"kind":"green"}},{"type":"Feature","id":"green:471","geometry":{"type":"Polygon","coordinates":[[[-71.407788,41.825023],[-71.407771,41.825023],[-71.407755,41.825025],[-71.407738,41.825029],[-71.407723,41.825035],[-71.40771,41.825042],[-71.407698,41.825051],[-71.407688,41.825062],[-71.40768,41.825073],[-71.40741,41.824903],[-71.407406,41.8249],[-71.407403,41.824896],[-71.407401,41.824891],[-71.4074,41.824887],[-71.4074,41.824882],[-71.4074,41.824877],[-71.407402,41.824873],[-71.407724,41.82476],[-71.407729,41.824759],[-71.407734,41.824758],[-71.40774,41.824758],[-71.407745,41.824758],[-71.40775,41.824759],[-71.407754,41.824761],[-71.407759,41.824763],[-71.407762,41.824766],[-71.407765,41.824769],[-71.407768,41.824773],[-71.407769,41.824776],[-71.40777,41.82478],[-71.407788,41.825023]]]},"properties":{"kind":"green"}},{"type":"Feature","id":"green:472","geometry":{"type":"Polygon","coordinates":[[[-71.408177,41.825401],[-71.408183,41.825402],[-71.408189,41.825403],[-71.408195,41.825406],[-71.408201,41.825409],[-71.408205,41.825412],[-71.408209,41.825416],[-71.408212,41.825421],[-71.408214,41.825426],[-71.408214,41.825431],[-71.408214,41.825436],[-71.408212,41.82544],[-71.40821,41.825445],[-71.408206,41.825449],[-71.408202,41.825453],[-71.40794,41.825559],[-71.407935,41.825559],[-71.40793,41.825558],[-71.407925,41.825557],[-71.407921,41.825555],[-71.407917,41.825553],[-71.407913,41.82555],[-71.407911,41.825547],[-71.407909,41.825544],[-71.407907,41.82554],[-71.407907,41.825536],[-71.407907,41.825532],[-71.407909,41.825529],[-71.407924,41.825502],[-71.407943,41.825476],[-71.407967,41.825453],[-71.407988,41.82545],[-71.408008,41.825445],[-71.408027,41.825438],[-71.408044,41.825429],[-71.408059,41.825418],[-71.408072,41.825406],[-71.408177,41.825401]]]},"properties":{"kind":"green"}},{"type":"Feature","id":"green:473","geometry":{"type":"Polygon","coordinates":[[[-71.403793,41.824337],[-71.403442,41.824342],[-71.403434,41.823997],[-71.403785,41.823993],[-71.403793,41.824337]]]},"properties":{"kind":"green"}},{"type":"Feature","id":"green:474","geometry":{"type":"Polygon","coordinates":[[[-71.4033,41.824343],[-71.402949,41.824348],[-71.402942,41.824003],[-71.403292,41.823999],[-71.4033,41.824343]]]},"properties":{"kind":"green"}},{"type":"Feature","id":"green:475","geometry":{"type":"Polygon","coordinates":[[[-71.394898,41.842692],[-71.394846,41.842704],[-71.394792,41.84271],[-71.394738,41.84271],[-71.394684,41.842703],[-71.394632,41.842691],[-71.393603,41.841972],[-71.393566,41.84194],[-71.393537,41.841903],[-71.393516,41.841864],[-71.393504,41.841822],[-71.393501,41.841779],[-71.393508,41.841737],[-71.393523,41.841696],[-71.393548,41.841658],[-71.393581,41.841623],[-71.393621,41.841593],[-71.393666,41.841567],[-71.393717,41.841548],[-71.393772,41.841536],[-71.393828,41.84153],[-71.393885,41.841531],[-71.393941,41.841539],[-71.393994,41.841554],[-71.394043,41.841575],[-71.394087,41.841602],[-71.395009,41.84225],[-71.395047,41.84228],[-71.395079,41.842315],[-71.395103,41.842353],[-71.395117,41.842394],[-71.395123,41.842436],[-71.39512,41.842478],[-71.395108,41.842519],[-71.394957,41.842411],[-71.394743,41.842577],[-71.394898,41.842692]]]},"properties":{"kind":"green"}},{"type":"Feature","id":"green:476","geometry":{"type":"Polygon","coordinates":[[[-71.397115,41.824474],[-71.397137,41.824914],[-71.397135,41.824914],[-71.397135,41.824915],[-71.397108,41.824916],[-71.397097,41.824916],[-71.397006,41.824875],[-71.396908,41.82483],[-71.396683,41.824834],[-71.396608,41.824835],[-71.396571,41.824829],[-71.396548,41.824809],[-71.396553,41.824809],[-71.396563,41.824808],[-71.396574,41.824807],[-71.396584,41.824804],[-71.396606,41.824792],[-71.396626,41.824778],[-71.396634,41.824772],[-71.396643,41.824767],[-71.396653,41.824762],[-71.396664,41.824759],[-71.396675,41.824758],[-71.396723,41.824754],[-71.396735,41.824752],[-71.396747,41.82475],[-71.396758,41.824745],[-71.396769,41.82474],[-71.396778,41.824733],[-71.396815,41.824703],[-71.396846,41.824669],[-71.396869,41.824631],[-71.396892,41.824613],[-71.396892,41.824593],[-71.396874,41.824593],[-71.396874,41.824576],[-71.396896,41.824576],[-71.396895,41.824572],[-71.397005,41.82457],[-71.397002,41.824476],[-71.397026,41.824475],[-71.397115,41.824474]]]},"properties":{"kind":"green"}},{"type":"Feature","id":"green:478","geometry":{"type":"Polygon","coordinates":[[[-71.399622,41.826144],[-71.399736,41.826136],[-71.399838,41.826127],[-71.399843,41.826127],[-71.399847,41.826128],[-71.399851,41.826129],[-71.399855,41.826131],[-71.399859,41.826133],[-71.399862,41.826136],[-71.399864,41.826139],[-71.399866,41.826142],[-71.39987,41.826191],[-71.399879,41.826281],[-71.399887,41.826355],[-71.399888,41.826363],[-71.399894,41.826421],[-71.399894,41.826421],[-71.399894,41.826422],[-71.399893,41.826423],[-71.399893,41.826424],[-71.399892,41.826425],[-71.399891,41.826425],[-71.39989,41.826426],[-71.39989,41.826426],[-71.39982,41.826433],[-71.399818,41.826421],[-71.399788,41.826424],[-71.39979,41.826436],[-71.39975,41.826439],[-71.399679,41.826447],[-71.399677,41.826435],[-71.399647,41.826438],[-71.399649,41.82645],[-71.399625,41.826452],[-71.399445,41.826469],[-71.399441,41.82643],[-71.399435,41.826395],[-71.399499,41.826391],[-71.399494,41.826347],[-71.399499,41.826347],[-71.399489,41.826271],[-71.399484,41.826272],[-71.399471,41.826172],[-71.399409,41.826177],[-71.399407,41.826161],[-71.399622,41.826144]]]},"properties":{"kind":"green","label":"RI Granite","rank":0,"sortKey":0.0,"labelMinZoom":0}},{"type":"Feature","id":"green:479","geometry":{"type":"Polygon","coordinates":[[[-71.436495,41.796415],[-71.436501,41.796416],[-71.436507,41.796417],[-71.436511,41.796417],[-71.436516,41.796418],[-71.436521,41.796419],[-71.436525,41.796421],[-71.436528,41.796423],[-71.436532,41.796425],[-71.436534,41.796428],[-71.436536,41.796432],[-71.436537,41.796435],[-71.436538,41.796438],[-71.436538,41.796442],[-71.436539,41.796449],[-71.436536,41.796456],[-71.436531,41.796461],[-71.436525,41.796467],[-71.436518,41.796471],[-71.436511,41.796475],[-71.436503,41.796477],[-71.436494,41.796479],[-71.436494,41.796479],[-71.436487,41.796481],[-71.43648,41.796481],[-71.436473,41.796481],[-71.436467,41.796479],[-71.436461,41.796477],[-71.436455,41.796474],[-71.43645,41.79647],[-71.436446,41.796466],[-71.436443,41.796462],[-71.436443,41.796461],[-71.436442,41.796457],[-71.436441,41.796453],[-71.436441,41.796448],[-71.436443,41.796443],[-71.436445,41.796438],[-71.436448,41.796434],[-71.436453,41.796431],[-71.436457,41.796427],[-71.436463,41.796425],[-71.436469,41.796423],[-71.436469,41.796422],[-71.436473,41.79642],[-71.436479,41.796418],[-71.436484,41.796416],[-71.43649,41.796415],[-71.436495,41.796415]]]},"properties":{"kind":"green"}},{"type":"Feature","id":"green:48","geometry":{"type":"Polygon","coordinates":[[[-71.402273,41.825102],[-71.402242,41.825105],[-71.402243,41.825109],[-71.402241,41.825109],[-71.402239,41.825101],[-71.402238,41.825094],[-71.402239,41.825086],[-71.402242,41.825079],[-71.402246,41.825072],[-71.402252,41.825066],[-71.402258,41.82506],[-71.402266,41.825055],[-71.402273,41.825102]]]},"properties":{"kind":"green"}},{"type":"Feature","id":"green:480","geometry":{"type":"Polygon","coordinates":[[[-71.40174,41.825589],[-71.401737,41.825573],[-71.401736,41.825563],[-71.401737,41.825563],[-71.401737,41.825563],[-71.401738,41.825562],[-71.401739,41.825562],[-71.401739,41.825562],[-71.401739,41.825561],[-71.40174,41.825561],[-71.40174,41.82556],[-71.40174,41.82556],[-71.401739,41.825559],[-71.401739,41.825559],[-71.401739,41.825558],[-71.401738,41.825558],[-71.401738,41.825557],[-71.401737,41.825557],[-71.401737,41.825557],[-71.401736,41.825557],[-71.401735,41.825557],[-71.401735,41.825555],[-71.401735,41.825555],[-71.401735,41.825555],[-71.401735,41.825554],[-71.401736,41.825554],[-71.401736,41.825554],[-71.401736,41.825554],[-71.401737,41.825553],[-71.401737,41.825553],[-71.401738,41.825553],[-71.401743,41.825553],[-71.401743,41.825554],[-71.401749,41.825553],[-71.401755,41.8256],[-71.401741,41.825601],[-71.40174,41.825589]]]},"properties":{"kind":"green"}},{"type":"Feature","id":"green:481","geometry":{"type":"Polygon","coordinates":[[[-71.401747,41.825539],[-71.401741,41.82554],[-71.401741,41.825541],[-71.401736,41.825541],[-71.401736,41.825541],[-71.401735,41.825541],[-71.401735,41.825541],[-71.401734,41.825541],[-71.401734,41.825541],[-71.401733,41.82554],[-71.401733,41.82554],[-71.401733,41.82554],[-71.401733,41.825539],[-71.401733,41.825539],[-71.40173,41.825519],[-71.401728,41.825503],[-71.401728,41.825503],[-71.401742,41.825501],[-71.401747,41.825539]]]},"properties":{"kind":"green"}},{"type":"Feature","id":"green:482","geometry":{"type":"Polygon","coordinates":[[[-71.398655,41.82487],[-71.398654,41.824863],[-71.398604,41.824868],[-71.398603,41.82486],[-71.3986,41.824861],[-71.398598,41.824848],[-71.398606,41.824848],[-71.398604,41.824831],[-71.398602,41.824831],[-71.3986,41.824817],[-71.398596,41.824817],[-71.398583,41.824818],[-71.398578,41.824819],[-71.398577,41.82481],[-71.398588,41.824809],[-71.398586,41.824796],[-71.398575,41.824797],[-71.398574,41.824793],[-71.398572,41.824794],[-71.398572,41.824794],[-71.39857,41.824794],[-71.398559,41.824787],[-71.398559,41.824786],[-71.398558,41.824787],[-71.398556,41.824778],[-71.39856,41.824778],[-71.398559,41.82477],[-71.398556,41.824771],[-71.398555,41.824767],[-71.398581,41.824764],[-71.398586,41.824793],[-71.398643,41.824787],[-71.398657,41.82487],[-71.398655,41.82487]]]},"properties":{"kind":"green"}},{"type":"Feature","id":"green:483","geometry":{"type":"Polygon","coordinates":[[[-71.401673,41.827449],[-71.401681,41.82749],[-71.401607,41.827497],[-71.401604,41.827479],[-71.401589,41.827392],[-71.401595,41.827392],[-71.401593,41.827377],[-71.401582,41.827345],[-71.40157,41.827279],[-71.401565,41.827279],[-71.401563,41.827271],[-71.401636,41.827264],[-71.401641,41.827263],[-71.401669,41.827425],[-71.401657,41.827426],[-71.401655,41.827427],[-71.401652,41.827428],[-71.40165,41.827429],[-71.401648,41.82743],[-71.401647,41.827432],[-71.401645,41.827434],[-71.401645,41.827436],[-71.401644,41.827438],[-71.401645,41.82744],[-71.401645,41.827442],[-71.401646,41.827444],[-71.401648,41.827445],[-71.401649,41.827447],[-71.401651,41.827448],[-71.401654,41.827449],[-71.401656,41.82745],[-71.401659,41.82745],[-71.401662,41.82745],[-71.401673,41.827449]]]},"properties":{"kind":"green"}},{"type":"Feature","id":"green:484","geometry":{"type":"Polygon","coordinates":[[[-71.402464,41.829359],[-71.402475,41.829358],[-71.402499,41.829356],[-71.402539,41.829353],[-71.402586,41.829351],[-71.402631,41.829347],[-71.402687,41.829343],[-71.402698,41.829343],[-71.402715,41.829344],[-71.402732,41.829347],[-71.402748,41.829352],[-71.402763,41.829359],[-71.402776,41.829367],[-71.402788,41.829377],[-71.402797,41.829389],[-71.402803,41.829401],[-71.402808,41.829413],[-71.402809,41.829426],[-71.402807,41.82944],[-71.402803,41.829453],[-71.402796,41.829466],[-71.402786,41.829477],[-71.402774,41.829487],[-71.402759,41.829496],[-71.402743,41.829502],[-71.402726,41.829507],[-71.402708,41.829509],[-71.402639,41.829515],[-71.402547,41.829521],[-71.402481,41.829526],[-71.402472,41.829526],[-71.402462,41.829525],[-71.402453,41.829523],[-71.402445,41.82952],[-71.402437,41.829516],[-71.40243,41.829511],[-71.402425,41.829505],[-71.40242,41.829499],[-71.402417,41.829492],[-71.402416,41.829485],[-71.402409,41.829464],[-71.402407,41.829443],[-71.402408,41.829422],[-71.402412,41.8294],[-71.402416,41.829391],[-71.402423,41.829382],[-71.402431,41.829375],[-71.40244,41.829368],[-71.402452,41.829363],[-71.402464,41.829359]]]},"properties":{"kind":"green"}},{"type":"Feature","id":"green:485","geometry":{"type":"Polygon","coordinates":[[[-71.400738,41.830424],[-71.400735,41.830424],[-71.400734,41.830413],[-71.400736,41.830413],[-71.400738,41.830424]]]},"properties":{"kind":"green"}},{"type":"Feature","id":"green:486","geometry":{"type":"Polygon","coordinates":[[[-71.397857,41.830901],[-71.397812,41.830741],[-71.397804,41.830698],[-71.397807,41.830654],[-71.397819,41.830612],[-71.39784,41.830571],[-71.397869,41.830534],[-71.397907,41.830501],[-71.397951,41.830473],[-71.398001,41.83045],[-71.398055,41.830435],[-71.398112,41.830426],[-71.39817,41.830424],[-71.398228,41.830429],[-71.398283,41.830441],[-71.398336,41.830461],[-71.398383,41.830486],[-71.398424,41.830516],[-71.398458,41.830552],[-71.398483,41.830591],[-71.3985,41.830632],[-71.398547,41.8308],[-71.398553,41.830838],[-71.398551,41.830877],[-71.398541,41.830915],[-71.398524,41.830952],[-71.3985,41.830986],[-71.398469,41.831018],[-71.398433,41.831046],[-71.398391,41.831069],[-71.398345,41.831087],[-71.398337,41.831057],[-71.39819,41.83108],[-71.398198,41.831111],[-71.398146,41.831107],[-71.398094,41.831098],[-71.398045,41.831083],[-71.397999,41.831063],[-71.397958,41.831038],[-71.397923,41.831009],[-71.397894,41.830975],[-71.397871,41.830939],[-71.397857,41.830901]]]},"properties":{"kind":"green","label":"Ittleson Quadrangle","rank":0,"sortKey":0.0,"labelMinZoom":0}},{"type":"Feature","id":"green:487","geometry":{"type":"Polygon","coordinates":[[[-71.401858,41.828213],[-71.401729,41.828225],[-71.401705,41.828082],[-71.401708,41.828081],[-71.401708,41.828082],[-71.401833,41.82807],[-71.401858,41.828213]]]},"properties":{"kind":"green"}},{"type":"Feature","id":"green:488","geometry":{"type":"Polygon","coordinates":[[[-71.409759,41.81935],[-71.409762,41.819351],[-71.409762,41.819352],[-71.40976,41.819354],[-71.409758,41.819356],[-71.409756,41.819359],[-71.409754,41.819361],[-71.409752,41.819363],[-71.40975,41.819366],[-71.409747,41.819368],[-71.409598,41.819286],[-71.409592,41.819285],[-71.409585,41.819284],[-71.409579,41.819282],[-71.409573,41.819281],[-71.409567,41.81928],[-71.409561,41.819278],[-71.409555,41.819276],[-71.409549,41.819275],[-71.409543,41.819273],[-71.409537,41.819271],[-71.409531,41.819269],[-71.409526,41.819267],[-71.40952,41.819265],[-71.409514,41.819263],[-71.409508,41.81926],[-71.409503,41.819258],[-71.409497,41.819256],[-71.409492,41.819253],[-71.409486,41.819251],[-71.409481,41.819248],[-71.409476,41.819245],[-71.40947,41.819243],[-71.409465,41.81924],[-71.40946,41.819237],[-71.409455,41.819234],[-71.40945,41.819231],[-71.409445,41.819228],[-71.40944,41.819225],[-71.409436,41.819222],[-71.409431,41.819218],[-71.409426,41.819215],[-71.409422,41.819212],[-71.409417,41.819208],[-71.409413,41.819205],[-71.409409,41.819201],[-71.409405,41.819197],[-71.4094,41.819194],[-71.409396,41.81919],[-71.409392,41.819186],[-71.409389,41.819182],[-71.409385,41.819179],[-71.409381,41.819175],[-71.409378,41.819171],[-71.409374,41.819167],[-71.409574,41.819134],[-71.409582,41.819131],[-71.409592,41.819128],[-71.409603,41.819124],[-71.409613,41.819121],[-71.409623,41.819118],[-71.409634,41.819115],[-71.409644,41.819113],[-71.409655,41.81911],[-71.409665,41.819108],[-71.409676,41.819123],[-71.409678,41.819122],[-71.409681,41.819121],[-71.409685,41.819119],[-71.409689,41.819118],[-71.409693,41.819117],[-71.409696,41.819115],[-71.4097,41.819114],[-71.409704,41.819113],[-71.409708,41.819111],[-71.409712,41.81911],[-71.409716,41.819109],[-71.40972,41.819108],[-71.409724,41.819107],[-71.409728,41.819106],[-71.409732,41.819105],[-71.409736,41.819105],[-71.40974,41.819104],[-71.409741,41.819106],[-71.409744,41.819106],[-71.409748,41.819105],[-71.409752,41.819105],[-71.409757,41.819104],[-71.409761,41.819104],[-71.409765,41.819103],[-71.409769,41.819103],[-71.409773,41.819102],[-71.409777,41.819102],[-71.409781,41.819102],[-71.409783,41.819105],[-71.409784,41.819108],[-71.409786,41.819111],[-71.409788,41.819114],[-71.409789,41.819118],[-71.40979,41.819121],[-71.409792,41.819125],[-71.409793,41.819128],[-71.409794,41.819131],[-71.409795,41.819135],[-71.409799,41.819134],[-71.409799,41.819136],[-71.4098,41.819139],[-71.409801,41.819143],[-71.409802,41.819146],[-71.409802,41.81915],[-71.409803,41.819154],[-71.409798,41.819154],[-71.409792,41.819155],[-71.409793,41.819156],[-71.409795,41.819159],[-71.409796,41.819162],[-71.409798,41.819166],[-71.409799,41.819169],[-71.4098,41.819172],[-71.409802,41.819176],[-71.409803,41.819179],[-71.409804,41.819183],[-71.409805,41.819186],[-71.409806,41.819189],[-71.409807,41.819193],[-71.409807,41.819196],[-71.409808,41.8192],[-71.409809,41.819203],[-71.409809,41.819207],[-71.40981,41.81921],[-71.40981,41.819214],[-71.40981,41.819217],[-71.409811,41.819221],[-71.409811,41.819224],[-71.409811,41.819228],[-71.409811,41.819231],[-71.40981,41.819235],[-71.40981,41.819238],[-71.40981,41.819242],[-71.40981,41.819245],[-71.409809,41.819249],[-71.409809,41.819252],[-71.409808,41.819256],[-71.409807,41.819259],[-71.409807,41.819263],[-71.409806,41.819266],[-71.409805,41.81927],[-71.409815,41.819271],[-71.409815,41.819273],[-71.409814,41.819277],[-71.409813,41.81928],[-71.409811,41.819284],[-71.40981,41.819287],[-71.409809,41.819291],[-71.409807,41.819294],[-71.409811,41.819295],[-71.40981,41.819297],[-71.409808,41.819301],[-71.409806,41.819304],[-71.409804,41.819308],[-71.409802,41.819311],[-71.4098,41.819315],[-71.409798,41.819318],[-71.409795,41.819318],[-71.40979,41.819318],[-71.409786,41.819318],[-71.409781,41.819318],[-71.409777,41.819318],[-71.409776,41.81932],[-71.409775,41.819322],[-71.409774,41.819325],[-71.409772,41.819328],[-71.409771,41.81933],[-71.40977,41.819333],[-71.409768,41.819335],[-71.409767,41.819338],[-71.409765,41.81934],[-71.409764,41.819343],[-71.409762,41.819345],[-71.40976,41.819347],[-71.409759,41.81935]]]},"properties":{"kind":"green"}},{"type":"Feature","id":"green:489","geometry":{"type":"Polygon","coordinates":[[[-71.40301,41.829598],[-71.403004,41.829563],[-71.403009,41.829563],[-71.403009,41.829563],[-71.403018,41.829561],[-71.403027,41.829558],[-71.403034,41.829554],[-71.40304,41.829549],[-71.403046,41.829543],[-71.40305,41.829537],[-71.403059,41.829541],[-71.403214,41.829622],[-71.403207,41.829638],[-71.40321,41.829638],[-71.40321,41.829642],[-71.403204,41.829643],[-71.403204,41.829642],[-71.40315,41.829645],[-71.40315,41.829646],[-71.403144,41.829646],[-71.403144,41.829645],[-71.403089,41.829648],[-71.403089,41.829649],[-71.403083,41.82965],[-71.403083,41.829648],[-71.403033,41.829651],[-71.403033,41.829652],[-71.403027,41.829653],[-71.403026,41.829648],[-71.403028,41.829648],[-71.403022,41.829602],[-71.40302,41.829602],[-71.40302,41.829598],[-71.40301,41.829598]]]},"properties":{"kind":"green"}},{"type":"Feature","id":"green:49","geometry":{"type":"Polygon","coordinates":[[[-71.403545,41.824227],[-71.403495,41.824278],[-71.403495,41.824278],[-71.403494,41.824279],[-71.403494,41.824279],[-71.403493,41.824279],[-71.403493,41.824279],[-71.403492,41.824279],[-71.403492,41.824279],[-71.403491,41.824279],[-71.40349,41.824279],[-71.40349,41.824278],[-71.403489,41.824278],[-71.403489,41.824278],[-71.403489,41.824277],[-71.403489,41.824277],[-71.403489,41.824276],[-71.403489,41.824276],[-71.403492,41.824257],[-71.403491,41.824238],[-71.403485,41.824219],[-71.403476,41.824201],[-71.403472,41.824195],[-71.40347,41.824189],[-71.403469,41.824183],[-71.403467,41.824179],[-71.403478,41.824179],[-71.4035,41.824179],[-71.403502,41.824184],[-71.403504,41.824189],[-71.403508,41.824194],[-71.403512,41.824198],[-71.403517,41.824202],[-71.403523,41.824205],[-71.40353,41.824207],[-71.403537,41.824208],[-71.403537,41.824209],[-71.403537,41.824209],[-71.403537,41.824209],[-71.403537,41.824209],[-71.403537,41.824209],[-71.403537,41.82421],[-71.403538,41.82421],[-71.403538,41.82421],[-71.403538,41.82421],[-71.403539,41.82421],[-71.403539,41.82421],[-71.403539,41.82421],[-71.403539,41.82421],[-71.40354,41.82421],[-71.40354,41.82421],[-71.40354,41.824209],[-71.40354,41.824209],[-71.40354,41.824209],[-71.40354,41.824209],[-71.403543,41.82421],[-71.403545,41.824212],[-71.403546,41.824214],[-71.403547,41.824216],[-71.403548,41.824218],[-71.403548,41.82422],[-71.403548,41.824223],[-71.403547,41.824225],[-71.403545,41.824227]]]},"properties":{"kind":"green"}},{"type":"Feature","id":"green:490","geometry":{"type":"Polygon","coordinates":[[[-71.399987,41.825102],[-71.399809,41.825119],[-71.399629,41.825138],[-71.39962,41.825086],[-71.399618,41.82508],[-71.399615,41.825074],[-71.399611,41.825069],[-71.399635,41.825055],[-71.399632,41.825039],[-71.399631,41.825031],[-71.39963,41.825023],[-71.399675,41.825019],[-71.399658,41.824914],[-71.399659,41.824893],[-71.399816,41.824878],[-71.399832,41.824876],[-71.399915,41.824868],[-71.399915,41.82487],[-71.399937,41.824998],[-71.399966,41.824995],[-71.399987,41.825099],[-71.399987,41.825102]]]},"properties":{"kind":"green","label":"Benev Street Park","rank":0,"sortKey":0.0,"labelMinZoom":0}},{"type":"Feature","id":"green:491","geometry":{"type":"Polygon","coordinates":[[[-71.393098,41.84196],[-71.392738,41.841978],[-71.392694,41.841445],[-71.392763,41.841382],[-71.393099,41.841361],[-71.393098,41.84196]]]},"properties":{"kind":"green"}},{"type":"Feature","id":"green:492","geometry":{"type":"Polygon","coordinates":[[[-71.403417,41.825244],[-71.4034,41.825059],[-71.403209,41.825069],[-71.403206,41.825032],[-71.40316,41.825034],[-71.403152,41.824835],[-71.403228,41.824833],[-71.403228,41.824873],[-71.403418,41.824871],[-71.403487,41.824866],[-71.403492,41.824916],[-71.4035,41.825011],[-71.40346,41.825014],[-71.403483,41.82524],[-71.403417,41.825244]]]},"properties":{"kind":"green"}},{"type":"Feature","id":"green:493","geometry":{"type":"Polygon","coordinates":[[[-71.403152,41.824835],[-71.40316,41.825034],[-71.403114,41.825037],[-71.403111,41.825008],[-71.402807,41.825025],[-71.402801,41.824841],[-71.402951,41.824839],[-71.403152,41.824835]]]},"properties":{"kind":"green","label":"Alumni Walk","rank":0,"sortKey":0.0,"labelMinZoom":0}},{"type":"Feature","id":"green:494","geometry":{"type":"Polygon","coordinates":[[[-71.402319,41.829559],[-71.402631,41.829534],[-71.402636,41.829569],[-71.402665,41.829812],[-71.402686,41.829983],[-71.402626,41.829987],[-71.402603,41.829989],[-71.402319,41.830008],[-71.402293,41.83001],[-71.402282,41.829921],[-71.40228,41.829921],[-71.402277,41.82992],[-71.402273,41.82992],[-71.40227,41.829919],[-71.402267,41.829918],[-71.402263,41.829918],[-71.40226,41.829917],[-71.402256,41.829916],[-71.402253,41.829916],[-71.40225,41.829915],[-71.402246,41.829914],[-71.40223,41.829911],[-71.402182,41.829908],[-71.40217,41.829901],[-71.402157,41.829887],[-71.40215,41.829868],[-71.40231,41.829857],[-71.402301,41.829788],[-71.402272,41.82979],[-71.402261,41.829719],[-71.402287,41.829717],[-71.402276,41.829634],[-71.402265,41.829564],[-71.402319,41.829559]]]},"properties":{"kind":"green"}},{"type":"Feature","id":"green:495","geometry":{"type":"Polygon","coordinates":[[[-71.40288,41.829514],[-71.402319,41.829559],[-71.402291,41.829342],[-71.402645,41.829317],[-71.402646,41.829325],[-71.402734,41.829318],[-71.40285,41.82931],[-71.40288,41.829514]]]},"properties":{"kind":"green"}},{"type":"Feature","id":"green:496","geometry":{"type":"Polygon","coordinates":[[[-71.402998,41.829443],[-71.403348,41.82941],[-71.403389,41.829629],[-71.403032,41.829648],[-71.402998,41.829443]]]},"properties":{"kind":"green"}},{"type":"Feature","id":"green:497","geometry":{"type":"Polygon","coordinates":[[[-71.402486,41.828001],[-71.402687,41.827983],[-71.402693,41.82802],[-71.402725,41.828017],[-71.402733,41.828068],[-71.402722,41.82808],[-71.402716,41.8281],[-71.402726,41.828125],[-71.402742,41.828139],[-71.402811,41.828132],[-71.402823,41.828195],[-71.402997,41.828179],[-71.403124,41.828167],[-71.403143,41.828274],[-71.402865,41.828301],[-71.402847,41.828302],[-71.402763,41.828313],[-71.40254,41.828332],[-71.402523,41.828225],[-71.402513,41.828164],[-71.402515,41.828164],[-71.402529,41.82815],[-71.402526,41.828132],[-71.402507,41.828122],[-71.402506,41.828122],[-71.402495,41.828061],[-71.402486,41.828001]]]},"properties":{"kind":"green"}},{"type":"Feature","id":"green:498","geometry":{"type":"Polygon","coordinates":[[[-71.401877,41.83007],[-71.401881,41.83007],[-71.401906,41.83007],[-71.40193,41.830076],[-71.402117,41.830147],[-71.40213,41.830232],[-71.4021,41.830274],[-71.402107,41.830331],[-71.402122,41.830454],[-71.401925,41.830467],[-71.401877,41.83007]]]},"properties":{"kind":"green","label":"John R. Workman Garden","rank":0,"sortKey":0.0,"labelMinZoom":0}},{"type":"Feature","id":"green:499","geometry":{"type":"Polygon","coordinates":[[[-71.405532,41.829822],[-71.405381,41.82984],[-71.405338,41.829667],[-71.405341,41.829654],[-71.405351,41.829647],[-71.405363,41.829645],[-71.405759,41.829616],[-71.405782,41.829806],[-71.405728,41.82981],[-71.405532,41.829822]]]},"properties":{"kind":"green"}},{"type":"Feature","id":"green:50","geometry":{"type":"Polygon","coordinates":[[[-71.402607,41.824913],[-71.402548,41.824917],[-71.402532,41.82481],[-71.40251,41.824618],[-71.402505,41.824437],[-71.402596,41.824436],[-71.402599,41.824582],[-71.402605,41.82483],[-71.402607,41.824913]]]},"properties":{"kind":"green"}},{"type":"Feature","id":"green:500","geometry":{"type":"Polygon","coordinates":[[[-71.406042,41.82982],[-71.406509,41.829788],[-71.406526,41.829927],[-71.40622,41.829949],[-71.406058,41.829959],[-71.406042,41.82982]]]},"properties":{"kind":"green"}},{"type":"Feature","id":"green:501","geometry":{"type":"MultiPolygon","coordinates":[[[[-71.402938,41.826111],[-71.402938,41.826111],[-71.402939,41.826112],[-71.402939,41.826113],[-71.40294,41.826113],[-71.402941,41.826114],[-71.402942,41.826114],[-71.402943,41.826114],[-71.402944,41.826115],[-71.402945,41.826115],[-71.402949,41.826114],[-71.402953,41.826115],[-71.402957,41.826115],[-71.402961,41.826116],[-71.402968,41.826119],[-71.402974,41.826122],[-71.40298,41.826126],[-71.402984,41.826131],[-71.402988,41.826136],[-71.40299,41.826139],[-71.402991,41.826142],[-71.402993,41.826146],[-71.402997,41.826186],[-71.402997,41.82619],[-71.402997,41.826194],[-71.402997,41.826198],[-71.402998,41.826202],[-71.402998,41.826206],[-71.402998,41.82621],[-71.402998,41.826215],[-71.402998,41.826219],[-71.402999,41.826223],[-71.402999,41.826227],[-71.403,41.826231],[-71.403,41.826233],[-71.403001,41.826234],[-71.403001,41.826235],[-71.403,41.826237],[-71.403,41.826238],[-71.402999,41.82624],[-71.402999,41.826241],[-71.402998,41.826243],[-71.402997,41.826244],[-71.402996,41.826246],[-71.402995,41.826247],[-71.402994,41.826248],[-71.402993,41.826249],[-71.402991,41.826251],[-71.402989,41.826252],[-71.402987,41.826254],[-71.402986,41.826255],[-71.402983,41.826259],[-71.402981,41.826261],[-71.402979,41.826263],[-71.402974,41.826269],[-71.402969,41.826276],[-71.402966,41.826282],[-71.402964,41.826287],[-71.402964,41.82629],[-71.402938,41.826111]]],[[[-71.402938,41.826111],[-71.402938,41.826111],[-71.402938,41.826111],[-71.402938,41.826111]]]]},"properties":{"kind":"green"}},{"type":"Feature","id":"green:502","geometry":{"type":"Polygon","coordinates":[[[-71.403515,41.825398],[-71.403522,41.825469],[-71.403529,41.82554],[-71.403529,41.825546],[-71.403528,41.825552],[-71.403525,41.825558],[-71.403521,41.825563],[-71.403516,41.825568],[-71.403511,41.825573],[-71.403485,41.825588],[-71.40347,41.825599],[-71.403402,41.82564],[-71.403322,41.825689],[-71.403222,41.82575],[-71.403218,41.825751],[-71.403215,41.825752],[-71.403211,41.825753],[-71.403207,41.825753],[-71.403204,41.825753],[-71.4032,41.825752],[-71.403196,41.825751],[-71.402872,41.8256],[-71.402846,41.825588],[-71.402844,41.825587],[-71.402843,41.825585],[-71.402841,41.825584],[-71.40284,41.825582],[-71.40284,41.82558],[-71.402804,41.825428],[-71.402804,41.825428],[-71.402803,41.825427],[-71.402802,41.825427],[-71.402802,41.825421],[-71.402803,41.825421],[-71.402803,41.82542],[-71.402812,41.825419],[-71.402828,41.825418],[-71.403419,41.825384],[-71.403428,41.825383],[-71.403497,41.825381],[-71.403499,41.825381],[-71.403498,41.82538],[-71.403507,41.825379],[-71.403507,41.82538],[-71.403508,41.82538],[-71.403509,41.825387],[-71.403508,41.825387],[-71.403508,41.825388],[-71.403507,41.825388],[-71.403508,41.825398],[-71.403515,41.825398]]]},"properties":{"kind":"green"}},{"type":"Feature","id":"green:503","geometry":{"type":"Polygon","coordinates":[[[-71.403554,41.825879],[-71.403553,41.825881],[-71.403551,41.825885],[-71.403549,41.825889],[-71.403545,41.825893],[-71.403541,41.825897],[-71.403536,41.825899],[-71.40353,41.825901],[-71.403524,41.825902],[-71.403518,41.825903],[-71.403511,41.825903],[-71.403505,41.825901],[-71.403443,41.825911],[-71.403421,41.825914],[-71.403327,41.825921],[-71.403246,41.825932],[-71.403149,41.825954],[-71.403053,41.82598],[-71.40296,41.826011],[-71.402955,41.826012],[-71.40295,41.826013],[-71.402945,41.826013],[-71.402941,41.826012],[-71.40294,41.826012],[-71.402939,41.826012],[-71.402938,41.826011],[-71.402937,41.826011],[-71.402937,41.826011],[-71.402936,41.826011],[-71.402935,41.82601],[-71.402934,41.82601],[-71.402933,41.82601],[-71.402933,41.82601],[-71.402933,41.826009],[-71.402933,41.826009],[-71.402932,41.826009],[-71.402931,41.826009],[-71.40293,41.826008],[-71.402929,41.826008],[-71.402929,41.826008],[-71.402929,41.826008],[-71.402929,41.826007],[-71.402928,41.826007],[-71.402927,41.826006],[-71.402927,41.826006],[-71.402926,41.826005],[-71.402926,41.826005],[-71.402923,41.826002],[-71.402923,41.826002],[-71.402923,41.826002],[-71.402923,41.826002],[-71.402923,41.826001],[-71.402922,41.826001],[-71.402922,41.826],[-71.402921,41.826],[-71.402921,41.825999],[-71.40292,41.825996],[-71.40292,41.825996],[-71.40292,41.825996],[-71.40292,41.825995],[-71.40292,41.825995],[-71.40292,41.825994],[-71.402919,41.825994],[-71.402919,41.825993],[-71.402918,41.825988],[-71.402909,41.825931],[-71.40286,41.825677],[-71.402849,41.825625],[-71.40284,41.82558],[-71.40284,41.825582],[-71.402841,41.825584],[-71.402843,41.825585],[-71.402844,41.825587],[-71.402846,41.825588],[-71.402872,41.8256],[-71.403196,41.825751],[-71.4032,41.825752],[-71.403204,41.825753],[-71.403207,41.825753],[-71.403211,41.825753],[-71.403215,41.825752],[-71.403218,41.825751],[-71.403222,41.82575],[-71.403322,41.825689],[-71.403402,41.82564],[-71.40347,41.825599],[-71.403485,41.825588],[-71.403511,41.825573],[-71.403516,41.825569],[-71.403521,41.825564],[-71.403524,41.825559],[-71.403527,41.825554],[-71.403529,41.825548],[-71.403529,41.825543],[-71.403534,41.825617],[-71.403538,41.825664],[-71.403542,41.825711],[-71.403546,41.825766],[-71.403549,41.825807],[-71.403554,41.825871],[-71.403554,41.825875],[-71.403554,41.825879]]]},"properties":{"kind":"green"}},{"type":"Feature","id":"green:504","geometry":{"type":"Polygon","coordinates":[[[-71.40287,41.826658],[-71.402899,41.826656],[-71.402905,41.826655],[-71.40291,41.826656],[-71.402915,41.826657],[-71.40292,41.826659],[-71.402925,41.826661],[-71.402929,41.826664],[-71.402932,41.826667],[-71.402934,41.826671],[-71.402936,41.826675],[-71.402936,41.826679],[-71.402936,41.826683],[-71.402935,41.826687],[-71.402933,41.826691],[-71.40293,41.826694],[-71.402926,41.826697],[-71.402922,41.8267],[-71.402917,41.826701],[-71.402912,41.826703],[-71.402906,41.826703],[-71.402877,41.826706],[-71.402801,41.826712],[-71.4028,41.826703],[-71.402796,41.826703],[-71.402793,41.826703],[-71.402789,41.826702],[-71.402786,41.826701],[-71.402783,41.826699],[-71.40278,41.826697],[-71.402778,41.826694],[-71.402777,41.826692],[-71.402776,41.826689],[-71.402776,41.826686],[-71.402776,41.826683],[-71.402778,41.826681],[-71.402779,41.826678],[-71.402782,41.826676],[-71.402785,41.826674],[-71.402788,41.826672],[-71.402791,41.826671],[-71.402795,41.826671],[-71.402795,41.826663],[-71.40287,41.826658]]]},"properties":{"kind":"green"}},{"type":"Feature","id":"green:507","geometry":{"type":"Polygon","coordinates":[[[-71.399705,41.824347],[-71.399725,41.824506],[-71.39951,41.824522],[-71.39949,41.824362],[-71.399705,41.824347]]]},"properties":{"kind":"green"}},{"type":"Feature","id":"green:508","geometry":{"type":"Polygon","coordinates":[[[-71.397108,41.82324],[-71.397367,41.823219],[-71.397394,41.8234],[-71.397119,41.823426],[-71.397091,41.823265],[-71.397091,41.823261],[-71.397092,41.823257],[-71.397093,41.823252],[-71.397095,41.823247],[-71.397097,41.823245],[-71.3971,41.823242],[-71.397108,41.82324]]]},"properties":{"kind":"green"}},{"type":"Feature","id":"green:509","geometry":{"type":"Polygon","coordinates":[[[-71.395922,41.823918],[-71.395918,41.823953],[-71.39592,41.824029],[-71.395787,41.824031],[-71.395697,41.824033],[-71.39549,41.824035],[-71.395488,41.82398],[-71.395486,41.82397],[-71.395922,41.823918]]]},"properties":{"kind":"green"}},{"type":"Feature","id":"green:51","geometry":{"type":"Polygon","coordinates":[[[-71.401695,41.830095],[-71.401696,41.830103],[-71.40168,41.830104],[-71.401685,41.830149],[-71.401674,41.83015],[-71.401668,41.830101],[-71.401673,41.830101],[-71.401672,41.830096],[-71.401695,41.830095]]]},"properties":{"kind":"green"}},{"type":"Feature","id":"green:510","geometry":{"type":"Polygon","coordinates":[[[-71.399556,41.829759],[-71.399474,41.829769],[-71.399397,41.829786],[-71.399321,41.829807],[-71.399248,41.829832],[-71.399162,41.829859],[-71.399075,41.829882],[-71.398985,41.829901],[-71.398895,41.829915],[-71.398881,41.829918],[-71.398868,41.829922],[-71.398856,41.829928],[-71.398846,41.829935],[-71.398838,41.829943],[-71.398831,41.829952],[-71.398813,41.829997],[-71.398798,41.830042],[-71.398794,41.830048],[-71.398789,41.830054],[-71.398783,41.83006],[-71.398776,41.830064],[-71.398768,41.830068],[-71.39876,41.830071],[-71.398733,41.830075],[-71.39863,41.829926],[-71.398413,41.82961],[-71.398409,41.829604],[-71.398406,41.8296],[-71.398402,41.829595],[-71.398398,41.82959],[-71.398395,41.829585],[-71.398391,41.82958],[-71.398388,41.829575],[-71.398384,41.82957],[-71.398381,41.829565],[-71.398377,41.829561],[-71.398374,41.829556],[-71.398371,41.829552],[-71.398369,41.829548],[-71.398366,41.829545],[-71.398364,41.829541],[-71.398361,41.829538],[-71.398359,41.829534],[-71.398356,41.82953],[-71.398354,41.829527],[-71.398352,41.829523],[-71.398349,41.829519],[-71.398347,41.829516],[-71.398345,41.829513],[-71.398344,41.82951],[-71.398342,41.829508],[-71.398341,41.829505],[-71.398339,41.829503],[-71.398338,41.8295],[-71.398316,41.82946],[-71.398338,41.829422],[-71.398813,41.829383],[-71.399513,41.829325],[-71.399576,41.829746],[-71.399574,41.829748],[-71.399572,41.829751],[-71.39957,41.829753],[-71.399567,41.829755],[-71.399564,41.829757],[-71.39956,41.829758],[-71.399556,41.829759]]]},"properties":{"kind":"green","label":"Pembroke Field","rank":0,"sortKey":0.0,"labelMinZoom":0}},{"type":"Feature","id":"green:511","geometry":{"type":"Polygon","coordinates":[[[-71.395329,41.8323],[-71.39479,41.832474],[-71.394266,41.831567],[-71.394805,41.831393],[-71.395329,41.8323]]]},"properties":{"kind":"green"}},{"type":"Feature","id":"green:512","geometry":{"type":"Polygon","coordinates":[[[-71.394164,41.832676],[-71.39364,41.83177],[-71.394179,41.831595],[-71.394703,41.832502],[-71.394164,41.832676]]]},"properties":{"kind":"green"}},{"type":"Feature","id":"green:513","geometry":{"type":"Polygon","coordinates":[[[-71.396612,41.83106],[-71.395966,41.831162],[-71.395716,41.830276],[-71.396362,41.830174],[-71.396612,41.83106]]]},"properties":{"kind":"green"}},{"type":"Feature","id":"green:514","geometry":{"type":"Polygon","coordinates":[[[-71.39643,41.832148],[-71.395672,41.832392],[-71.395172,41.831522],[-71.395931,41.831279],[-71.39643,41.832148]]]},"properties":{"kind":"green"}},{"type":"Feature","id":"green:515","geometry":{"type":"Polygon","coordinates":[[[-71.402043,41.828045],[-71.402087,41.828301],[-71.401921,41.828317],[-71.401876,41.828061],[-71.402043,41.828045]]]},"properties":{"kind":"green"}},{"type":"Feature","id":"green:516","geometry":{"type":"Polygon","coordinates":[[[-71.401964,41.827582],[-71.401966,41.827596],[-71.402022,41.827919],[-71.401975,41.827923],[-71.401859,41.827934],[-71.401854,41.827934],[-71.401798,41.827612],[-71.401796,41.827598],[-71.401735,41.827247],[-71.401903,41.827231],[-71.401918,41.827319],[-71.401964,41.827582]]]},"properties":{"kind":"green"}},{"type":"Feature","id":"green:517","geometry":{"type":"Polygon","coordinates":[[[-71.39476,41.830365],[-71.394354,41.830427],[-71.393986,41.829103],[-71.39413,41.829075],[-71.394389,41.829027],[-71.394439,41.829216],[-71.394508,41.829458],[-71.394565,41.829665],[-71.394581,41.829724],[-71.394651,41.829977],[-71.394713,41.830202],[-71.39476,41.830365]]]},"properties":{"kind":"green"}},{"type":"Feature","id":"green:518","geometry":{"type":"Polygon","coordinates":[[[-71.397857,41.830901],[-71.397812,41.830741],[-71.397804,41.830698],[-71.397807,41.830654],[-71.397819,41.830612],[-71.39784,41.830571],[-71.397869,41.830534],[-71.397907,41.830501],[-71.397951,41.830473],[-71.398001,41.83045],[-71.398055,41.830435],[-71.398112,41.830426],[-71.39817,41.830424],[-71.398228,41.830429],[-71.398283,41.830441],[-71.398336,41.830461],[-71.398383,41.830486],[-71.398424,41.830516],[-71.398458,41.830552],[-71.398483,41.830591],[-71.3985,41.830632],[-71.398547,41.8308],[-71.398553,41.830838],[-71.398551,41.830877],[-71.398541,41.830915],[-71.398524,41.830952],[-71.3985,41.830986],[-71.398469,41.831018],[-71.398433,41.831046],[-71.398391,41.831069],[-71.398345,41.831087],[-71.398337,41.831057],[-71.39819,41.83108],[-71.398198,41.831111],[-71.398146,41.831107],[-71.398094,41.831098],[-71.398045,41.831083],[-71.397999,41.831063],[-71.397958,41.831038],[-71.397923,41.831009],[-71.397894,41.830975],[-71.397871,41.830939],[-71.397857,41.830901]]]},"properties":{"kind":"green"}},{"type":"Feature","id":"green:519","geometry":{"type":"Polygon","coordinates":[[[-71.401788,41.826728],[-71.401792,41.826751],[-71.401787,41.826752],[-71.401741,41.826756],[-71.401737,41.826736],[-71.401677,41.826742],[-71.40168,41.826762],[-71.401618,41.826769],[-71.401523,41.826778],[-71.401494,41.826781],[-71.40146,41.826784],[-71.401422,41.826731],[-71.401397,41.826498],[-71.401397,41.826494],[-71.401398,41.82649],[-71.401399,41.826486],[-71.401402,41.826483],[-71.401405,41.82648],[-71.40141,41.826476],[-71.401416,41.826473],[-71.401423,41.82647],[-71.401441,41.826469],[-71.401492,41.826466],[-71.401601,41.826459],[-71.401604,41.826477],[-71.401607,41.826502],[-71.401615,41.826558],[-71.40166,41.826555],[-71.401668,41.826624],[-71.401489,41.826636],[-71.401452,41.826669],[-71.401458,41.826717],[-71.401505,41.826746],[-71.401788,41.826728]]]},"properties":{"kind":"green"}},{"type":"Feature","id":"green:52","geometry":{"type":"Polygon","coordinates":[[[-71.401712,41.830082],[-71.401713,41.830089],[-71.401694,41.830091],[-71.401694,41.830091],[-71.401667,41.830093],[-71.401667,41.830092],[-71.401667,41.830091],[-71.401668,41.83009],[-71.401668,41.830088],[-71.401669,41.830087],[-71.401669,41.830087],[-71.40167,41.830086],[-71.40167,41.830086],[-71.401671,41.830085],[-71.401672,41.830085],[-71.401673,41.830085],[-71.401693,41.830083],[-71.401712,41.830082]]]},"properties":{"kind":"green"}},{"type":"Feature","id":"green:520","geometry":{"type":"Polygon","coordinates":[[[-71.401668,41.827078],[-71.401585,41.826962],[-71.401637,41.826891],[-71.401668,41.827078]]]},"properties":{"kind":"green"}},{"type":"Feature","id":"green:521","geometry":{"type":"Polygon","coordinates":[[[-71.401469,41.826797],[-71.401619,41.826783],[-71.401633,41.826864],[-71.401634,41.826872],[-71.401577,41.82695],[-71.401499,41.82684],[-71.401469,41.826797]]]},"properties":{"kind":"green"}},{"type":"Feature","id":"green:522","geometry":{"type":"Polygon","coordinates":[[[-71.401471,41.82712],[-71.401569,41.826985],[-71.401659,41.827112],[-71.401655,41.827112],[-71.401655,41.827114],[-71.401467,41.827132],[-71.401467,41.827131],[-71.401463,41.827131],[-71.40147,41.827122],[-71.401471,41.82712]]]},"properties":{"kind":"green"}},{"type":"Feature","id":"green:523","geometry":{"type":"Polygon","coordinates":[[[-71.401467,41.826841],[-71.40156,41.826973],[-71.401469,41.8271],[-71.401437,41.8268],[-71.401429,41.826801],[-71.401427,41.826786],[-71.401467,41.826841]]]},"properties":{"kind":"green"}},{"type":"Feature","id":"green:524","geometry":{"type":"Polygon","coordinates":[[[-71.401648,41.826825],[-71.401641,41.82678],[-71.401794,41.826765],[-71.401796,41.826775],[-71.401736,41.826781],[-71.401742,41.826816],[-71.401648,41.826825]]]},"properties":{"kind":"green"}},{"type":"Feature","id":"green:525","geometry":{"type":"Polygon","coordinates":[[[-71.399092,41.82657],[-71.398817,41.826597],[-71.398798,41.826524],[-71.398784,41.82645],[-71.398775,41.826376],[-71.399046,41.826349],[-71.399063,41.82642],[-71.399075,41.82649],[-71.39908,41.82649],[-71.399092,41.82657]]]},"properties":{"kind":"green","label":"Giancarlo Plaza","rank":0,"sortKey":0.0,"labelMinZoom":0}},{"type":"Feature","id":"green:526","geometry":{"type":"Polygon","coordinates":[[[-71.395019,41.831265],[-71.394795,41.830459],[-71.395442,41.830358],[-71.395666,41.831164],[-71.395019,41.831265]]]},"properties":{"kind":"green"}},{"type":"Feature","id":"green:527","geometry":{"type":"Polygon","coordinates":[[[-71.398155,41.826072],[-71.397879,41.826068],[-71.397852,41.82587],[-71.397854,41.825869],[-71.397852,41.825853],[-71.398119,41.825832],[-71.398121,41.825847],[-71.398094,41.825849],[-71.398094,41.825851],[-71.398124,41.825848],[-71.398155,41.826072]]]},"properties":{"kind":"green","label":"Barus & Holley Gardens","rank":0,"sortKey":0.0,"labelMinZoom":0}},{"type":"Feature","id":"green:528","geometry":{"type":"Polygon","coordinates":[[[-71.402589,41.824211],[-71.402587,41.824211],[-71.402587,41.824213],[-71.402496,41.824217],[-71.402495,41.824201],[-71.402456,41.824203],[-71.402413,41.824205],[-71.402408,41.824209],[-71.402364,41.824209],[-71.402364,41.824218],[-71.402325,41.824219],[-71.402298,41.824216],[-71.402289,41.824217],[-71.402283,41.824223],[-71.402279,41.82423],[-71.40228,41.824253],[-71.40216,41.824254],[-71.402124,41.824237],[-71.402074,41.824212],[-71.402022,41.824188],[-71.401976,41.824164],[-71.401976,41.824145],[-71.401976,41.824096],[-71.402046,41.824095],[-71.402046,41.824096],[-71.402054,41.824096],[-71.402053,41.82409],[-71.402051,41.82409],[-71.402049,41.824063],[-71.402045,41.824026],[-71.402044,41.824],[-71.402043,41.823962],[-71.402042,41.823934],[-71.402041,41.823916],[-71.402041,41.823864],[-71.402041,41.823846],[-71.402043,41.823846],[-71.402043,41.82384],[-71.402041,41.82384],[-71.402041,41.823828],[-71.402041,41.823819],[-71.40204,41.823812],[-71.40204,41.823809],[-71.402038,41.823808],[-71.402036,41.823808],[-71.40207,41.823807],[-71.402092,41.823807],[-71.402087,41.82381],[-71.402086,41.823814],[-71.402087,41.823846],[-71.402089,41.823846],[-71.402092,41.823905],[-71.40209,41.823905],[-71.40209,41.823911],[-71.402091,41.823923],[-71.402091,41.823928],[-71.402099,41.823928],[-71.402099,41.823927],[-71.402155,41.823928],[-71.402158,41.824045],[-71.402144,41.824053],[-71.402101,41.824054],[-71.402101,41.824048],[-71.402097,41.824048],[-71.402098,41.824088],[-71.402096,41.824088],[-71.402097,41.824094],[-71.402106,41.82413],[-71.402109,41.824135],[-71.402113,41.82414],[-71.402116,41.824141],[-71.402126,41.824144],[-71.402147,41.824146],[-71.40216,41.824146],[-71.402174,41.824145],[-71.402191,41.824141],[-71.4022,41.824138],[-71.402212,41.824133],[-71.402204,41.824088],[-71.402271,41.824087],[-71.402271,41.824085],[-71.402274,41.824085],[-71.402274,41.82409],[-71.402293,41.82409],[-71.402293,41.824085],[-71.40232,41.824085],[-71.40232,41.824093],[-71.402321,41.824108],[-71.402322,41.824118],[-71.402326,41.82412],[-71.40233,41.824121],[-71.402527,41.824117],[-71.402549,41.824114],[-71.402551,41.824164],[-71.402588,41.824164],[-71.402589,41.824211]]]},"properties":{"kind":"green"}},{"type":"Feature","id":"green:53","geometry":{"type":"Polygon","coordinates":[[[-71.401649,41.830094],[-71.401539,41.830102],[-71.401456,41.830108],[-71.401455,41.830101],[-71.401475,41.830099],[-71.401568,41.830092],[-71.401642,41.830087],[-71.401643,41.830087],[-71.401643,41.830087],[-71.401644,41.830087],[-71.401644,41.830088],[-71.401645,41.830088],[-71.401645,41.830088],[-71.401645,41.830089],[-71.401646,41.830089],[-71.401646,41.83009],[-71.401647,41.830091],[-71.401647,41.830092],[-71.401648,41.830093],[-71.401648,41.830093],[-71.401649,41.830094]]]},"properties":{"kind":"green"}},{"type":"Feature","id":"green:530","geometry":{"type":"Polygon","coordinates":[[[-71.401251,41.826162],[-71.400998,41.826188],[-71.400988,41.826184],[-71.400987,41.826179],[-71.400998,41.826176],[-71.401248,41.826142],[-71.401251,41.826162]]]},"properties":{"kind":"green"}},{"type":"Feature","id":"green:531","geometry":{"type":"Polygon","coordinates":[[[-71.403682,41.826932],[-71.403675,41.826931],[-71.403669,41.826927],[-71.403664,41.826875],[-71.403668,41.826867],[-71.403678,41.826864],[-71.403798,41.826864],[-71.403798,41.826925],[-71.403682,41.826932]]]},"properties":{"kind":"green"}},{"type":"Feature","id":"green:532","geometry":{"type":"Polygon","coordinates":[[[-71.40269,41.826034],[-71.402682,41.825998],[-71.40267,41.82589],[-71.402748,41.825887],[-71.402749,41.825895],[-71.402751,41.825909],[-71.402763,41.825934],[-71.402792,41.825967],[-71.402816,41.82599],[-71.402832,41.826001],[-71.402842,41.826008],[-71.402872,41.826021],[-71.402884,41.826025],[-71.402889,41.826029],[-71.402887,41.826038],[-71.402881,41.826041],[-71.402767,41.826049],[-71.402764,41.826028],[-71.40269,41.826034]]]},"properties":{"kind":"green"}},{"type":"Feature","id":"green:533","geometry":{"type":"Polygon","coordinates":[[[-71.402669,41.825865],[-71.402658,41.825764],[-71.402667,41.82576],[-71.402712,41.825756],[-71.402752,41.825753],[-71.402772,41.825747],[-71.402749,41.825788],[-71.402744,41.82583],[-71.402743,41.825843],[-71.402743,41.825862],[-71.402685,41.825866],[-71.402685,41.825864],[-71.402669,41.825865]]]},"properties":{"kind":"green"}},{"type":"Feature","id":"green:534","geometry":{"type":"Polygon","coordinates":[[[-71.402747,41.825804],[-71.402742,41.825786],[-71.402757,41.825776],[-71.402747,41.825804]]]},"properties":{"kind":"green"}},{"type":"Feature","id":"green:535","geometry":{"type":"Polygon","coordinates":[[[-71.402772,41.825787],[-71.402775,41.825772],[-71.40278,41.825761],[-71.402808,41.825719],[-71.40282,41.825707],[-71.402832,41.82571],[-71.402838,41.825719],[-71.402883,41.825994],[-71.40288,41.826003],[-71.402867,41.826005],[-71.402864,41.826003],[-71.402853,41.825999],[-71.402842,41.825992],[-71.40283,41.82598],[-71.40282,41.825975],[-71.402765,41.825894],[-71.402761,41.82586],[-71.402763,41.825818],[-71.402772,41.825787]]]},"properties":{"kind":"green"}},{"type":"Feature","id":"green:536","geometry":{"type":"Polygon","coordinates":[[[-71.402974,41.826125],[-71.402962,41.826119],[-71.402946,41.826116],[-71.402934,41.826116],[-71.40293,41.826083],[-71.402927,41.826067],[-71.402937,41.826053],[-71.402961,41.826045],[-71.402977,41.826042],[-71.402981,41.826072],[-71.402974,41.826125]]]},"properties":{"kind":"green"}},{"type":"Feature","id":"green:537","geometry":{"type":"Polygon","coordinates":[[[-71.403763,41.825829],[-71.403755,41.825829],[-71.403741,41.825829],[-71.403734,41.825824],[-71.403731,41.825817],[-71.403731,41.825789],[-71.403732,41.82577],[-71.403726,41.825749],[-71.403727,41.825742],[-71.403734,41.825739],[-71.40375,41.825737],[-71.403753,41.825737],[-71.403753,41.825744],[-71.403758,41.825744],[-71.403762,41.825744],[-71.403762,41.825748],[-71.403767,41.825747],[-71.403769,41.825747],[-71.403771,41.82582],[-71.403764,41.82582],[-71.403763,41.825829]]]},"properties":{"kind":"green"}},{"type":"Feature","id":"green:538","geometry":{"type":"Polygon","coordinates":[[[-71.402007,41.829149],[-71.402019,41.829191],[-71.401864,41.829258],[-71.401811,41.829274],[-71.40172,41.829284],[-71.401709,41.829187],[-71.401713,41.829171],[-71.402007,41.829149]]]},"properties":{"kind":"green"}},{"type":"Feature","id":"green:539","geometry":{"type":"Polygon","coordinates":[[[-71.402805,41.825692],[-71.402795,41.825689],[-71.402769,41.825658],[-71.402742,41.825611],[-71.402725,41.825613],[-71.402721,41.82559],[-71.402742,41.825589],[-71.402743,41.825602],[-71.402803,41.825599],[-71.40281,41.8256],[-71.402812,41.825604],[-71.402826,41.825681],[-71.402824,41.825687],[-71.402815,41.825691],[-71.402805,41.825692]]]},"properties":{"kind":"green"}},{"type":"Feature","id":"green:54","geometry":{"type":"Polygon","coordinates":[[[-71.401602,41.830156],[-71.401575,41.830158],[-71.401569,41.830115],[-71.401473,41.830122],[-71.401471,41.830111],[-71.401539,41.830106],[-71.401645,41.830098],[-71.401645,41.830102],[-71.40165,41.830101],[-71.401651,41.830105],[-71.401654,41.830134],[-71.4016,41.830138],[-71.401602,41.830156]]]},"properties":{"kind":"green"}},{"type":"Feature","id":"green:540","geometry":{"type":"Polygon","coordinates":[[[-71.402658,41.825473],[-71.402637,41.825432],[-71.402771,41.825424],[-71.402791,41.825519],[-71.402792,41.825524],[-71.402791,41.825528],[-71.402785,41.82553],[-71.402735,41.825534],[-71.402738,41.825547],[-71.402697,41.82555],[-71.402696,41.825539],[-71.402689,41.82554],[-71.402689,41.825527],[-71.402665,41.825529],[-71.402658,41.825473]]]},"properties":{"kind":"green"}},{"type":"Feature","id":"green:55","geometry":{"type":"Polygon","coordinates":[[[-71.401718,41.830397],[-71.401697,41.830399],[-71.401694,41.830374],[-71.401685,41.830301],[-71.401678,41.830251],[-71.401678,41.830249],[-71.401678,41.830248],[-71.401679,41.830246],[-71.40168,41.830244],[-71.401681,41.830243],[-71.401683,41.830242],[-71.401684,41.830241],[-71.401686,41.830241],[-71.401688,41.83024],[-71.40169,41.83024],[-71.401697,41.83024],[-71.401703,41.830286],[-71.40171,41.830332],[-71.401718,41.830397]]]},"properties":{"kind":"green"}},{"type":"Feature","id":"green:56","geometry":{"type":"Polygon","coordinates":[[[-71.401696,41.830214],[-71.401686,41.830215],[-71.401685,41.830215],[-71.401683,41.830215],[-71.401682,41.830215],[-71.40168,41.830215],[-71.401679,41.830214],[-71.401676,41.830212],[-71.401674,41.83021],[-71.401672,41.830208],[-71.401671,41.830195],[-71.401693,41.830194],[-71.401696,41.830214]]]},"properties":{"kind":"green"}},{"type":"Feature","id":"green:57","geometry":{"type":"Polygon","coordinates":[[[-71.401477,41.830389],[-71.401475,41.830378],[-71.401544,41.830374],[-71.401601,41.83037],[-71.401596,41.830327],[-71.40166,41.830323],[-71.40165,41.830251],[-71.401643,41.830194],[-71.401649,41.830193],[-71.401652,41.830214],[-71.401661,41.830287],[-71.401673,41.830376],[-71.401568,41.830383],[-71.401568,41.830383],[-71.401477,41.830389]]]},"properties":{"kind":"green"}},{"type":"Feature","id":"green:58","geometry":{"type":"Polygon","coordinates":[[[-71.401748,41.830682],[-71.401749,41.830697],[-71.40175,41.830697],[-71.401752,41.830697],[-71.401753,41.830697],[-71.401754,41.830698],[-71.401755,41.830698],[-71.401756,41.830699],[-71.401757,41.8307],[-71.401757,41.830701],[-71.401758,41.830701],[-71.401758,41.830702],[-71.401759,41.830702],[-71.401761,41.83072],[-71.401759,41.83072],[-71.40176,41.830733],[-71.401577,41.830742],[-71.401566,41.830742],[-71.401566,41.830729],[-71.401585,41.830728],[-71.401613,41.830702],[-71.401644,41.8307],[-71.40164,41.830664],[-71.401639,41.830664],[-71.401635,41.830627],[-71.401667,41.830624],[-71.401674,41.830685],[-71.401677,41.830685],[-71.40167,41.830622],[-71.401667,41.830622],[-71.401662,41.830578],[-71.401629,41.83058],[-71.401627,41.830567],[-71.401625,41.830549],[-71.401606,41.83055],[-71.401587,41.830541],[-71.401586,41.830529],[-71.401624,41.830527],[-71.401652,41.830501],[-71.401643,41.830436],[-71.401678,41.830433],[-71.401713,41.830463],[-71.401805,41.830484],[-71.401806,41.830486],[-71.401812,41.830486],[-71.401813,41.830496],[-71.401783,41.830494],[-71.401784,41.830509],[-71.401787,41.830508],[-71.401788,41.830508],[-71.401789,41.830522],[-71.401764,41.830524],[-71.401763,41.830513],[-71.401742,41.830514],[-71.401743,41.830525],[-71.401669,41.830528],[-71.401672,41.830565],[-71.401694,41.830564],[-71.401699,41.830626],[-71.401684,41.830626],[-71.401673,41.830635],[-71.401674,41.830647],[-71.401686,41.830655],[-71.401701,41.830654],[-71.401703,41.830684],[-71.401748,41.830682]]]},"properties":{"kind":"green"}},{"type":"Feature","id":"green:59","geometry":{"type":"Polygon","coordinates":[[[-71.401585,41.830526],[-71.401581,41.830488],[-71.401592,41.830487],[-71.401591,41.830475],[-71.401579,41.830476],[-71.401568,41.830385],[-71.40167,41.830378],[-71.401673,41.830402],[-71.401676,41.830402],[-71.401678,41.830416],[-71.401686,41.830429],[-71.401679,41.83043],[-71.401638,41.830433],[-71.401646,41.830499],[-71.401622,41.830523],[-71.401585,41.830526]]]},"properties":{"kind":"green"}},{"type":"Feature","id":"green:6","geometry":{"type":"Polygon","coordinates":[[[-71.400752,41.82709],[-71.400753,41.827094],[-71.400754,41.827099],[-71.400753,41.827104],[-71.40076,41.827106],[-71.400768,41.827106],[-71.400776,41.827105],[-71.400783,41.827104],[-71.400791,41.827102],[-71.400789,41.827097],[-71.400787,41.827092],[-71.400787,41.827087],[-71.400789,41.827087],[-71.400789,41.827088],[-71.400795,41.827085],[-71.400799,41.827082],[-71.400804,41.827079],[-71.400824,41.827078],[-71.400821,41.827051],[-71.400856,41.827049],[-71.400889,41.827047],[-71.400905,41.827178],[-71.400845,41.827184],[-71.400773,41.827191],[-71.400714,41.827196],[-71.40067,41.8272],[-71.400667,41.8272],[-71.400664,41.8272],[-71.400661,41.8272],[-71.400659,41.827199],[-71.400656,41.827198],[-71.400639,41.827063],[-71.40071,41.827059],[-71.400714,41.827085],[-71.400734,41.827084],[-71.400739,41.827086],[-71.400744,41.827089],[-71.40075,41.82709],[-71.400751,41.827089],[-71.400752,41.82709]]]},"properties":{"kind":"green"}},{"type":"Feature","id":"green:60","geometry":{"type":"Polygon","coordinates":[[[-71.402534,41.830698],[-71.402189,41.830713],[-71.40218,41.830639],[-71.402198,41.830638],[-71.402202,41.830673],[-71.402358,41.830662],[-71.402358,41.83066],[-71.402524,41.830648],[-71.402528,41.830687],[-71.402527,41.830687],[-71.402528,41.830688],[-71.40246,41.830691],[-71.40246,41.83069],[-71.402454,41.83069],[-71.402455,41.830695],[-71.40246,41.830694],[-71.40246,41.830694],[-71.402528,41.830691],[-71.402528,41.830692],[-71.402533,41.830691],[-71.402534,41.830698]]]},"properties":{"kind":"green"}},{"type":"Feature","id":"green:61","geometry":{"type":"Polygon","coordinates":[[[-71.399825,41.823708],[-71.399773,41.823711],[-71.399773,41.823716],[-71.399661,41.823724],[-71.399658,41.823696],[-71.399747,41.82369],[-71.399747,41.823687],[-71.399821,41.823682],[-71.399825,41.823708]]]},"properties":{"kind":"green"}},{"type":"Feature","id":"green:62","geometry":{"type":"Polygon","coordinates":[[[-71.40286,41.824509],[-71.40286,41.824522],[-71.402852,41.824521],[-71.402845,41.824521],[-71.402838,41.824522],[-71.402831,41.824524],[-71.402824,41.824527],[-71.402818,41.82453],[-71.402813,41.824534],[-71.402809,41.824539],[-71.402806,41.824544],[-71.402805,41.82455],[-71.402803,41.824566],[-71.402784,41.824566],[-71.402783,41.824498],[-71.4028,41.824498],[-71.4028,41.824509],[-71.402821,41.824509],[-71.402829,41.824509],[-71.402829,41.824509],[-71.40286,41.824509]]]},"properties":{"kind":"green"}},{"type":"Feature","id":"green:63","geometry":{"type":"Polygon","coordinates":[[[-71.40296,41.824507],[-71.402961,41.824517],[-71.402952,41.824516],[-71.402943,41.824517],[-71.402935,41.824518],[-71.402927,41.824521],[-71.402919,41.824524],[-71.402914,41.824526],[-71.402909,41.824527],[-71.402904,41.824527],[-71.402903,41.824508],[-71.402942,41.824508],[-71.402942,41.824507],[-71.40296,41.824507]]]},"properties":{"kind":"green"}},{"type":"Feature","id":"green:64","geometry":{"type":"Polygon","coordinates":[[[-71.403102,41.824522],[-71.403057,41.824541],[-71.403053,41.824535],[-71.403048,41.82453],[-71.403043,41.824526],[-71.403036,41.824522],[-71.403029,41.824519],[-71.403021,41.824517],[-71.403012,41.824516],[-71.403004,41.824515],[-71.402993,41.824516],[-71.402993,41.824483],[-71.403047,41.824502],[-71.403102,41.824522]]]},"properties":{"kind":"green"}},{"type":"Feature","id":"green:65","geometry":{"type":"Polygon","coordinates":[[[-71.403253,41.824457],[-71.403117,41.824515],[-71.403039,41.824488],[-71.403024,41.824481],[-71.402992,41.824462],[-71.40306,41.82446],[-71.403104,41.82446],[-71.40315,41.824459],[-71.403253,41.824457]]]},"properties":{"kind":"green"}},{"type":"Feature","id":"green:66","geometry":{"type":"Polygon","coordinates":[[[-71.403262,41.824469],[-71.403264,41.824542],[-71.403264,41.824546],[-71.403263,41.82455],[-71.403261,41.824554],[-71.403258,41.824557],[-71.403255,41.82456],[-71.403251,41.824563],[-71.403235,41.824563],[-71.403235,41.824561],[-71.403061,41.824565],[-71.403061,41.82456],[-71.403058,41.82456],[-71.403058,41.824556],[-71.403178,41.824505],[-71.403262,41.824469]]]},"properties":{"kind":"green"}},{"type":"Feature","id":"green:67","geometry":{"type":"Polygon","coordinates":[[[-71.40374,41.824451],[-71.403657,41.824493],[-71.403495,41.824552],[-71.403494,41.824552],[-71.40349,41.824547],[-71.403489,41.824546],[-71.403488,41.824545],[-71.403488,41.824544],[-71.403488,41.824542],[-71.403485,41.824485],[-71.403496,41.824484],[-71.403496,41.824454],[-71.403546,41.824454],[-71.403596,41.824453],[-71.403643,41.824453],[-71.40374,41.824451]]]},"properties":{"kind":"green"}},{"type":"Feature","id":"green:68","geometry":{"type":"Polygon","coordinates":[[[-71.403758,41.824552],[-71.403532,41.824555],[-71.403532,41.824555],[-71.403532,41.824555],[-71.403532,41.824555],[-71.403532,41.824554],[-71.403532,41.824554],[-71.403532,41.824554],[-71.403532,41.824553],[-71.403532,41.824553],[-71.403532,41.824553],[-71.403533,41.824553],[-71.403533,41.824553],[-71.403601,41.824528],[-71.403665,41.824505],[-71.403755,41.82446],[-71.403758,41.824552]]]},"properties":{"kind":"green"}},{"type":"Feature","id":"green:69","geometry":{"type":"Polygon","coordinates":[[[-71.403996,41.824483],[-71.403998,41.824486],[-71.404057,41.824528],[-71.404058,41.824547],[-71.404049,41.824547],[-71.404037,41.824546],[-71.403913,41.824549],[-71.40379,41.824552],[-71.403789,41.824497],[-71.403814,41.824497],[-71.403845,41.824496],[-71.403846,41.824497],[-71.403847,41.824497],[-71.403847,41.824497],[-71.403848,41.824497],[-71.403848,41.824498],[-71.403849,41.824498],[-71.403849,41.824499],[-71.403856,41.824499],[-71.403879,41.824498],[-71.403886,41.824498],[-71.403886,41.824498],[-71.403886,41.824498],[-71.403886,41.824497],[-71.403887,41.824497],[-71.403887,41.824497],[-71.403888,41.824496],[-71.403889,41.824496],[-71.403889,41.824496],[-71.40389,41.824496],[-71.403939,41.824496],[-71.403938,41.824487],[-71.403996,41.824483]]]},"properties":{"kind":"green"}},{"type":"Feature","id":"green:7","geometry":{"type":"Polygon","coordinates":[[[-71.401009,41.826486],[-71.400982,41.826506],[-71.40095,41.826522],[-71.400916,41.826533],[-71.40088,41.826541],[-71.400878,41.826541],[-71.400877,41.82654],[-71.400875,41.82654],[-71.400874,41.826539],[-71.400873,41.826538],[-71.400872,41.826537],[-71.400872,41.826536],[-71.400863,41.826467],[-71.400864,41.826459],[-71.400867,41.82645],[-71.400872,41.826441],[-71.400872,41.826441],[-71.400873,41.82644],[-71.400873,41.826439],[-71.400874,41.826439],[-71.400875,41.826438],[-71.400876,41.826438],[-71.400877,41.826438],[-71.400878,41.826438],[-71.400879,41.826438],[-71.40088,41.826438],[-71.400881,41.826439],[-71.400882,41.826439],[-71.400883,41.82644],[-71.40091,41.826453],[-71.400939,41.826463],[-71.40097,41.826471],[-71.401002,41.826474],[-71.401004,41.826475],[-71.401006,41.826475],[-71.401007,41.826476],[-71.401008,41.826476],[-71.40101,41.826477],[-71.40101,41.826478],[-71.401011,41.826479],[-71.401011,41.826481],[-71.401012,41.826482],[-71.401011,41.826483],[-71.401011,41.826484],[-71.40101,41.826485],[-71.401009,41.826486]]]},"properties":{"kind":"green"}},{"type":"Feature","id":"green:70","geometry":{"type":"Polygon","coordinates":[[[-71.403938,41.824484],[-71.403937,41.824442],[-71.403943,41.824442],[-71.40394,41.824336],[-71.403945,41.824336],[-71.403945,41.82432],[-71.403939,41.82432],[-71.40394,41.824187],[-71.403946,41.824187],[-71.403946,41.824167],[-71.403937,41.824167],[-71.403937,41.824011],[-71.403942,41.824011],[-71.403942,41.823991],[-71.403933,41.823991],[-71.40393,41.823885],[-71.403925,41.823885],[-71.403924,41.82384],[-71.40392,41.82384],[-71.40392,41.823832],[-71.403977,41.823832],[-71.403979,41.823926],[-71.403983,41.824079],[-71.403984,41.824138],[-71.403987,41.82431],[-71.403991,41.824453],[-71.403974,41.824453],[-71.403975,41.824481],[-71.403938,41.824484]]]},"properties":{"kind":"green"}},{"type":"Feature","id":"green:71","geometry":{"type":"Polygon","coordinates":[[[-71.403121,41.823833],[-71.403207,41.823833],[-71.403292,41.823833],[-71.403292,41.823848],[-71.403289,41.823848],[-71.403289,41.823849],[-71.403281,41.823849],[-71.403282,41.823886],[-71.403108,41.823888],[-71.403032,41.823889],[-71.40298,41.82389],[-71.402949,41.82389],[-71.402947,41.823853],[-71.402938,41.823853],[-71.402938,41.823852],[-71.402933,41.823852],[-71.402934,41.823833],[-71.403028,41.823833],[-71.403121,41.823833]]]},"properties":{"kind":"green"}},{"type":"Feature","id":"green:72","geometry":{"type":"Polygon","coordinates":[[[-71.402929,41.823852],[-71.402892,41.823853],[-71.402891,41.82383],[-71.40293,41.82383],[-71.40293,41.823833],[-71.402929,41.823852]]]},"properties":{"kind":"green"}},{"type":"Feature","id":"green:73","geometry":{"type":"Polygon","coordinates":[[[-71.4028,41.824491],[-71.402783,41.824492],[-71.402781,41.824453],[-71.402799,41.824453],[-71.4028,41.824491]]]},"properties":{"kind":"green"}},{"type":"Feature","id":"green:74","geometry":{"type":"Polygon","coordinates":[[[-71.403668,41.824339],[-71.403551,41.82434],[-71.403551,41.824324],[-71.403667,41.824323],[-71.403668,41.824339]]]},"properties":{"kind":"green"}},{"type":"Feature","id":"green:75","geometry":{"type":"Polygon","coordinates":[[[-71.403792,41.824302],[-71.403783,41.824302],[-71.403783,41.824304],[-71.403781,41.824304],[-71.40378,41.824303],[-71.403778,41.824303],[-71.403777,41.824303],[-71.403776,41.824302],[-71.403774,41.824301],[-71.403774,41.8243],[-71.403773,41.824299],[-71.403764,41.824268],[-71.403761,41.824237],[-71.403764,41.824206],[-71.403772,41.824175],[-71.403779,41.824175],[-71.403779,41.824209],[-71.40378,41.824244],[-71.40379,41.824244],[-71.403791,41.824258],[-71.40378,41.824258],[-71.403781,41.824288],[-71.403791,41.824288],[-71.403792,41.824302]]]},"properties":{"kind":"green"}},{"type":"Feature","id":"green:76","geometry":{"type":"Polygon","coordinates":[[[-71.403778,41.824156],[-71.403772,41.824156],[-71.403762,41.824124],[-71.403758,41.824091],[-71.403762,41.824058],[-71.403772,41.824026],[-71.403773,41.824049],[-71.403776,41.824049],[-71.403776,41.824072],[-71.403787,41.824072],[-71.403787,41.824084],[-71.403775,41.824085],[-71.403776,41.824101],[-71.403787,41.824101],[-71.403788,41.824116],[-71.403778,41.824116],[-71.403778,41.824156]]]},"properties":{"kind":"green"}},{"type":"Feature","id":"green:77","geometry":{"type":"Polygon","coordinates":[[[-71.403736,41.824174],[-71.403737,41.824174],[-71.403739,41.824174],[-71.40374,41.824175],[-71.403741,41.824175],[-71.403742,41.824176],[-71.403743,41.824176],[-71.403743,41.824177],[-71.403745,41.82418],[-71.403746,41.824182],[-71.403746,41.824185],[-71.40374,41.824221],[-71.403741,41.824257],[-71.403749,41.824293],[-71.40375,41.824294],[-71.40375,41.824295],[-71.40375,41.824296],[-71.40375,41.824297],[-71.403749,41.824299],[-71.403748,41.8243],[-71.403747,41.824301],[-71.403745,41.824302],[-71.403743,41.824304],[-71.40374,41.824305],[-71.403737,41.824305],[-71.403734,41.824306],[-71.403618,41.824307],[-71.40351,41.824308],[-71.403508,41.824308],[-71.403506,41.824308],[-71.403505,41.824308],[-71.403503,41.824307],[-71.403501,41.824307],[-71.4035,41.824306],[-71.403499,41.824305],[-71.403498,41.824303],[-71.403498,41.824302],[-71.403497,41.8243],[-71.403497,41.824298],[-71.403498,41.824296],[-71.403499,41.824294],[-71.403501,41.824292],[-71.403549,41.824242],[-71.403596,41.824195],[-71.4036,41.82419],[-71.403605,41.824187],[-71.40361,41.824184],[-71.403617,41.824181],[-71.403627,41.824179],[-71.403637,41.824178],[-71.403736,41.824174]]]},"properties":{"kind":"green"}},{"type":"Feature","id":"green:78","geometry":{"type":"Polygon","coordinates":[[[-71.40374,41.824048],[-71.403736,41.824081],[-71.403738,41.824115],[-71.403746,41.824148],[-71.403747,41.824149],[-71.403746,41.82415],[-71.403746,41.824151],[-71.403746,41.824152],[-71.403745,41.824153],[-71.403744,41.824154],[-71.403742,41.824156],[-71.40374,41.824157],[-71.403738,41.824157],[-71.403735,41.824158],[-71.403733,41.824158],[-71.403634,41.824156],[-71.403682,41.824107],[-71.40374,41.824048]]]},"properties":{"kind":"green"}},{"type":"Feature","id":"green:79","geometry":{"type":"Polygon","coordinates":[[[-71.403618,41.824154],[-71.403607,41.824149],[-71.403595,41.824141],[-71.403545,41.824093],[-71.403495,41.824046],[-71.403493,41.824044],[-71.403492,41.824042],[-71.403491,41.82404],[-71.403491,41.824038],[-71.403491,41.824035],[-71.403492,41.824034],[-71.403492,41.824033],[-71.403493,41.824032],[-71.403495,41.824031],[-71.403496,41.82403],[-71.403498,41.824029],[-71.4035,41.824029],[-71.403501,41.824029],[-71.403503,41.824029],[-71.4036,41.824028],[-71.403731,41.824026],[-71.403734,41.824033],[-71.403734,41.824034],[-71.403734,41.824035],[-71.403734,41.824036],[-71.403733,41.824037],[-71.403732,41.824038],[-71.403683,41.824088],[-71.403618,41.824154]]]},"properties":{"kind":"green"}},{"type":"Feature","id":"green:8","geometry":{"type":"Polygon","coordinates":[[[-71.4009,41.826572],[-71.400898,41.826557],[-71.400937,41.826548],[-71.400973,41.826534],[-71.401007,41.826516],[-71.401025,41.826506],[-71.401045,41.826498],[-71.401065,41.826493],[-71.401087,41.826489],[-71.40109,41.826511],[-71.401086,41.826511],[-71.401083,41.826511],[-71.401083,41.826511],[-71.401082,41.826511],[-71.401082,41.826512],[-71.401081,41.826512],[-71.401081,41.826512],[-71.401081,41.826513],[-71.401081,41.826513],[-71.401081,41.826513],[-71.401081,41.826514],[-71.401081,41.826514],[-71.401081,41.826515],[-71.401081,41.826515],[-71.401082,41.826516],[-71.401082,41.826516],[-71.401083,41.826516],[-71.401084,41.826516],[-71.401084,41.826516],[-71.401085,41.826516],[-71.401085,41.826516],[-71.401085,41.826516],[-71.401085,41.826516],[-71.401085,41.826516],[-71.401086,41.826516],[-71.401086,41.826516],[-71.401086,41.826516],[-71.401086,41.826516],[-71.401086,41.826516],[-71.401086,41.826515],[-71.401086,41.826515],[-71.401086,41.826515],[-71.401086,41.826515],[-71.401086,41.826514],[-71.401086,41.826514],[-71.401086,41.826514],[-71.401086,41.826514],[-71.401086,41.826514],[-71.401086,41.826514],[-71.401086,41.826514],[-71.401086,41.826514],[-71.401086,41.826514],[-71.401086,41.826514],[-71.401087,41.826515],[-71.401088,41.826515],[-71.401088,41.826516],[-71.401089,41.826524],[-71.401089,41.826525],[-71.401089,41.826526],[-71.401088,41.826527],[-71.401088,41.826528],[-71.401087,41.826529],[-71.401086,41.826529],[-71.401085,41.82653],[-71.401084,41.82653],[-71.401083,41.82653],[-71.401086,41.826558],[-71.401044,41.826561],[-71.401044,41.826562],[-71.400965,41.826567],[-71.4009,41.826572]]]},"properties":{"kind":"green"}},{"type":"Feature","id":"green:80","geometry":{"type":"Polygon","coordinates":[[[-71.403469,41.824159],[-71.403468,41.824156],[-71.40347,41.824149],[-71.403472,41.824142],[-71.403482,41.824122],[-71.403487,41.824102],[-71.403488,41.824081],[-71.403483,41.824061],[-71.403483,41.824061],[-71.403483,41.82406],[-71.403483,41.82406],[-71.403483,41.82406],[-71.403484,41.824059],[-71.403484,41.824059],[-71.403484,41.824059],[-71.403485,41.824058],[-71.403485,41.824058],[-71.403485,41.824058],[-71.403486,41.824058],[-71.403486,41.824058],[-71.403487,41.824058],[-71.403488,41.824058],[-71.403489,41.824059],[-71.40349,41.824059],[-71.403491,41.82406],[-71.403543,41.824107],[-71.403545,41.82411],[-71.403546,41.824112],[-71.403546,41.824114],[-71.403546,41.824117],[-71.403546,41.824119],[-71.403544,41.824122],[-71.403543,41.824124],[-71.403541,41.824126],[-71.403539,41.824128],[-71.403538,41.824127],[-71.403538,41.824127],[-71.403538,41.824127],[-71.403538,41.824127],[-71.403538,41.824127],[-71.403537,41.824127],[-71.403537,41.824126],[-71.403537,41.824126],[-71.403537,41.824126],[-71.403536,41.824126],[-71.403536,41.824127],[-71.403536,41.824127],[-71.403535,41.824127],[-71.403535,41.824127],[-71.403535,41.824127],[-71.403535,41.824127],[-71.403535,41.824128],[-71.403535,41.824128],[-71.403535,41.824128],[-71.403528,41.82413],[-71.403521,41.824132],[-71.403516,41.824135],[-71.40351,41.824139],[-71.403506,41.824143],[-71.403503,41.824148],[-71.403501,41.824154],[-71.4035,41.824159],[-71.403469,41.824159]]]},"properties":{"kind":"green"}},{"type":"Feature","id":"green:81","geometry":{"type":"Polygon","coordinates":[[[-71.403469,41.824243],[-71.40347,41.824264],[-71.403467,41.824284],[-71.40346,41.824305],[-71.40346,41.824305],[-71.403459,41.824306],[-71.403458,41.824307],[-71.403457,41.824307],[-71.403456,41.824308],[-71.403455,41.824308],[-71.403454,41.824308],[-71.403453,41.824308],[-71.403451,41.824308],[-71.403441,41.824308],[-71.40344,41.824261],[-71.403451,41.824261],[-71.403449,41.824246],[-71.40344,41.824246],[-71.403438,41.824179],[-71.403447,41.824179],[-71.403447,41.824183],[-71.403447,41.824188],[-71.403449,41.824193],[-71.403451,41.824198],[-71.403453,41.824203],[-71.403461,41.824216],[-71.403466,41.824229],[-71.403469,41.824243]]]},"properties":{"kind":"green"}},{"type":"Feature","id":"green:82","geometry":{"type":"Polygon","coordinates":[[[-71.403448,41.82416],[-71.403438,41.82416],[-71.403437,41.824126],[-71.403445,41.824126],[-71.403448,41.824111],[-71.403437,41.824111],[-71.403435,41.824029],[-71.40344,41.824029],[-71.403445,41.82403],[-71.40345,41.824032],[-71.403451,41.824033],[-71.403452,41.824033],[-71.403453,41.824034],[-71.403453,41.824035],[-71.403462,41.824057],[-71.403466,41.82408],[-71.403465,41.824104],[-71.403458,41.824126],[-71.403447,41.824152],[-71.403447,41.824153],[-71.403447,41.824153],[-71.403446,41.824154],[-71.403446,41.824154],[-71.403446,41.824155],[-71.403447,41.824156],[-71.403448,41.82416]]]},"properties":{"kind":"green"}},{"type":"Feature","id":"green:83","geometry":{"type":"Polygon","coordinates":[[[-71.403542,41.824192],[-71.403542,41.824191],[-71.403542,41.824191],[-71.403541,41.824191],[-71.403541,41.824191],[-71.403541,41.824191],[-71.403541,41.824191],[-71.40354,41.824191],[-71.40354,41.824191],[-71.40354,41.824191],[-71.40354,41.824191],[-71.403539,41.824191],[-71.403539,41.824191],[-71.403539,41.824191],[-71.403539,41.824191],[-71.403538,41.824191],[-71.403538,41.824191],[-71.403538,41.824192],[-71.403535,41.824191],[-71.403531,41.824189],[-71.403528,41.824188],[-71.403526,41.824186],[-71.403523,41.824183],[-71.403522,41.824181],[-71.403521,41.824178],[-71.40352,41.824175],[-71.40352,41.824162],[-71.40352,41.824159],[-71.403521,41.824156],[-71.403523,41.824153],[-71.403525,41.824151],[-71.403527,41.824149],[-71.40353,41.824147],[-71.403534,41.824146],[-71.403537,41.824145],[-71.403537,41.824145],[-71.403537,41.824145],[-71.403538,41.824145],[-71.403538,41.824145],[-71.403538,41.824146],[-71.403538,41.824146],[-71.403539,41.824146],[-71.403539,41.824146],[-71.403539,41.824146],[-71.40354,41.824146],[-71.40354,41.824146],[-71.40354,41.824145],[-71.40354,41.824145],[-71.403541,41.824145],[-71.403541,41.824145],[-71.403541,41.824145],[-71.403541,41.824145],[-71.403542,41.824192]]]},"properties":{"kind":"green"}},{"type":"Feature","id":"green:84","geometry":{"type":"Polygon","coordinates":[[[-71.40376,41.824004],[-71.403758,41.824006],[-71.403755,41.824008],[-71.403752,41.824009],[-71.403748,41.82401],[-71.403745,41.82401],[-71.4036,41.824011],[-71.403469,41.824013],[-71.403467,41.824013],[-71.403466,41.824013],[-71.403464,41.824012],[-71.403463,41.824012],[-71.403462,41.824011],[-71.403461,41.82401],[-71.403459,41.824008],[-71.403459,41.824004],[-71.403507,41.824004],[-71.403599,41.824003],[-71.403598,41.823995],[-71.403617,41.823995],[-71.403617,41.824004],[-71.403662,41.824003],[-71.403662,41.823994],[-71.403677,41.823994],[-71.403677,41.824002],[-71.403723,41.824001],[-71.403723,41.823994],[-71.40374,41.823993],[-71.40374,41.824001],[-71.40376,41.824001],[-71.40376,41.824004]]]},"properties":{"kind":"green"}},{"type":"Feature","id":"green:85","geometry":{"type":"Polygon","coordinates":[[[-71.403443,41.824558],[-71.40331,41.824562],[-71.403303,41.824556],[-71.403301,41.824555],[-71.4033,41.824553],[-71.403298,41.824551],[-71.403298,41.824549],[-71.403297,41.824547],[-71.403296,41.824503],[-71.403375,41.824502],[-71.403453,41.8245],[-71.403455,41.824544],[-71.403454,41.824545],[-71.403454,41.824547],[-71.403453,41.824548],[-71.403452,41.82455],[-71.403443,41.824558]]]},"properties":{"kind":"green"}},{"type":"Feature","id":"green:86","geometry":{"type":"Polygon","coordinates":[[[-71.403288,41.824312],[-71.403286,41.824312],[-71.403285,41.824311],[-71.403284,41.824311],[-71.403283,41.82431],[-71.403282,41.824309],[-71.403282,41.824308],[-71.403281,41.824307],[-71.403281,41.824306],[-71.403271,41.824271],[-71.403269,41.824236],[-71.403286,41.824236],[-71.403286,41.824252],[-71.403298,41.824252],[-71.403298,41.824263],[-71.403288,41.824263],[-71.403288,41.824307],[-71.403288,41.824312]]]},"properties":{"kind":"green"}},{"type":"Feature","id":"green:87","geometry":{"type":"Polygon","coordinates":[[[-71.403286,41.824162],[-71.40328,41.824162],[-71.403271,41.824131],[-71.403266,41.8241],[-71.403268,41.824068],[-71.403275,41.824037],[-71.403276,41.824036],[-71.403277,41.824035],[-71.403278,41.824034],[-71.403279,41.824033],[-71.403281,41.824032],[-71.403281,41.824035],[-71.403282,41.824046],[-71.403283,41.82408],[-71.403283,41.824091],[-71.403283,41.824107],[-71.403284,41.824107],[-71.403286,41.824162]]]},"properties":{"kind":"green"}},{"type":"Feature","id":"green:88","geometry":{"type":"Polygon","coordinates":[[[-71.403218,41.824016],[-71.403113,41.824017],[-71.403005,41.824019],[-71.403005,41.824011],[-71.40305,41.824011],[-71.403064,41.82401],[-71.40311,41.82401],[-71.403124,41.82401],[-71.40317,41.824009],[-71.40317,41.824008],[-71.403217,41.824007],[-71.403218,41.824016]]]},"properties":{"kind":"green"}},{"type":"Feature","id":"green:89","geometry":{"type":"Polygon","coordinates":[[[-71.402954,41.824039],[-71.402954,41.824037],[-71.402955,41.824036],[-71.402955,41.824036],[-71.402956,41.824036],[-71.402957,41.824036],[-71.402957,41.824036],[-71.402958,41.824037],[-71.402958,41.824037],[-71.402959,41.824037],[-71.402959,41.824038],[-71.40296,41.824038],[-71.40296,41.824039],[-71.40297,41.824075],[-71.402973,41.824111],[-71.402956,41.824111],[-71.402955,41.824095],[-71.402954,41.824039]]]},"properties":{"kind":"green"}},{"type":"Feature","id":"green:9","geometry":{"type":"Polygon","coordinates":[[[-71.401341,41.826475],[-71.401343,41.826475],[-71.401345,41.826475],[-71.401347,41.826476],[-71.401349,41.826477],[-71.40135,41.826478],[-71.401351,41.826479],[-71.401352,41.82648],[-71.401353,41.826481],[-71.401353,41.826483],[-71.401353,41.826484],[-71.401353,41.826485],[-71.401352,41.826486],[-71.401351,41.826487],[-71.401344,41.826496],[-71.401336,41.826504],[-71.401325,41.826511],[-71.401314,41.826517],[-71.401301,41.826521],[-71.401288,41.826523],[-71.401128,41.826534],[-71.401127,41.826527],[-71.401126,41.826527],[-71.401125,41.826527],[-71.401124,41.826527],[-71.401123,41.826526],[-71.401122,41.826526],[-71.401121,41.826525],[-71.40112,41.826524],[-71.40112,41.826523],[-71.40112,41.826522],[-71.40112,41.826521],[-71.401119,41.826514],[-71.401119,41.826513],[-71.401119,41.826512],[-71.40112,41.826512],[-71.40112,41.826512],[-71.40112,41.826512],[-71.40112,41.826512],[-71.40112,41.826512],[-71.40112,41.826512],[-71.40112,41.826512],[-71.40112,41.826511],[-71.40112,41.826512],[-71.40112,41.826512],[-71.40112,41.826512],[-71.40112,41.826512],[-71.40112,41.826512],[-71.401121,41.826512],[-71.401121,41.826513],[-71.401121,41.826513],[-71.401121,41.826513],[-71.401121,41.826513],[-71.401121,41.826514],[-71.401121,41.826514],[-71.401121,41.826514],[-71.401121,41.826514],[-71.401121,41.826514],[-71.401122,41.826514],[-71.401122,41.826514],[-71.401122,41.826514],[-71.401123,41.826514],[-71.401123,41.826514],[-71.401124,41.826513],[-71.401124,41.826513],[-71.401125,41.826513],[-71.401125,41.826512],[-71.401125,41.826512],[-71.401125,41.826511],[-71.401125,41.826511],[-71.401125,41.826511],[-71.401125,41.82651],[-71.401125,41.82651],[-71.401125,41.826509],[-71.401124,41.826509],[-71.401124,41.826509],[-71.401124,41.826509],[-71.401123,41.826509],[-71.401123,41.826508],[-71.401122,41.826508],[-71.401119,41.826509],[-71.401115,41.826509],[-71.401113,41.826488],[-71.401173,41.826484],[-71.401228,41.826481],[-71.401266,41.826479],[-71.401268,41.826493],[-71.401311,41.82649],[-71.401309,41.826477],[-71.401341,41.826475]]]},"properties":{"kind":"green"}},{"type":"Feature","id":"green:90","geometry":{"type":"Polygon","coordinates":[[[-71.403191,41.824345],[-71.403167,41.824345],[-71.403166,41.824337],[-71.403138,41.824338],[-71.403138,41.824345],[-71.403114,41.824346],[-71.403114,41.824339],[-71.403081,41.824339],[-71.403081,41.824346],[-71.403057,41.824346],[-71.403057,41.824339],[-71.403034,41.824339],[-71.403034,41.824331],[-71.403113,41.82433],[-71.403215,41.824328],[-71.403215,41.824337],[-71.403191,41.824338],[-71.403191,41.824345]]]},"properties":{"kind":"green"}},{"type":"Feature","id":"green:91","geometry":{"type":"Polygon","coordinates":[[[-71.403237,41.824032],[-71.403237,41.824034],[-71.403237,41.824035],[-71.403237,41.824036],[-71.403237,41.824037],[-71.403236,41.824037],[-71.403234,41.824041],[-71.403189,41.824087],[-71.403146,41.824133],[-71.403114,41.824165],[-71.403001,41.824167],[-71.402999,41.824167],[-71.402996,41.824166],[-71.402994,41.824165],[-71.402992,41.824164],[-71.40299,41.824163],[-71.402989,41.824162],[-71.402988,41.824161],[-71.402987,41.82416],[-71.402987,41.824158],[-71.402987,41.824157],[-71.402994,41.82412],[-71.402993,41.824083],[-71.402985,41.824046],[-71.402985,41.824045],[-71.402985,41.824043],[-71.402986,41.824041],[-71.402987,41.82404],[-71.402989,41.824038],[-71.40299,41.824037],[-71.402992,41.824036],[-71.402994,41.824036],[-71.402996,41.824035],[-71.402998,41.824035],[-71.403116,41.824033],[-71.403176,41.824032],[-71.403237,41.824032]]]},"properties":{"kind":"green"}},{"type":"Feature","id":"green:92","geometry":{"type":"Polygon","coordinates":[[[-71.403249,41.824048],[-71.403249,41.824048],[-71.403249,41.824048],[-71.40325,41.824048],[-71.40325,41.824048],[-71.40325,41.824048],[-71.40325,41.824048],[-71.40325,41.824048],[-71.40325,41.824049],[-71.40325,41.824049],[-71.403249,41.824071],[-71.403245,41.824092],[-71.403242,41.824107],[-71.403243,41.824123],[-71.403248,41.824137],[-71.403256,41.824151],[-71.403256,41.824153],[-71.403256,41.824154],[-71.403256,41.824156],[-71.403255,41.824157],[-71.403254,41.824158],[-71.403253,41.82416],[-71.403251,41.824161],[-71.403249,41.824162],[-71.403246,41.824163],[-71.403243,41.824164],[-71.403239,41.824164],[-71.403137,41.824165],[-71.403212,41.824087],[-71.403248,41.824048],[-71.403249,41.824048],[-71.403249,41.824048],[-71.403249,41.824048],[-71.403249,41.824048],[-71.403249,41.824048],[-71.403249,41.824048]]]},"properties":{"kind":"green"}},{"type":"Feature","id":"green:93","geometry":{"type":"Polygon","coordinates":[[[-71.403242,41.82418],[-71.403244,41.82418],[-71.403247,41.824181],[-71.403249,41.824181],[-71.403251,41.824182],[-71.403252,41.824183],[-71.403254,41.824184],[-71.403254,41.824186],[-71.403255,41.824187],[-71.403255,41.824188],[-71.403255,41.824189],[-71.403255,41.824191],[-71.403249,41.824217],[-71.403247,41.824243],[-71.403249,41.824273],[-71.403257,41.824302],[-71.403257,41.824304],[-71.403256,41.824305],[-71.403255,41.824307],[-71.403254,41.824308],[-71.403253,41.824309],[-71.403251,41.82431],[-71.403249,41.824311],[-71.403247,41.824311],[-71.403245,41.824312],[-71.403178,41.824313],[-71.403007,41.824315],[-71.403006,41.824315],[-71.403005,41.824315],[-71.403004,41.824314],[-71.403003,41.824314],[-71.403002,41.824313],[-71.403002,41.824313],[-71.403001,41.824312],[-71.403,41.824311],[-71.403,41.824309],[-71.403,41.824307],[-71.403,41.824305],[-71.403049,41.824255],[-71.40312,41.824182],[-71.403242,41.82418]]]},"properties":{"kind":"green"}},{"type":"Feature","id":"green:94","geometry":{"type":"Polygon","coordinates":[[[-71.403098,41.824182],[-71.40305,41.824232],[-71.403005,41.824278],[-71.403004,41.824279],[-71.403003,41.824279],[-71.403002,41.82428],[-71.403001,41.82428],[-71.403,41.82428],[-71.402999,41.82428],[-71.402999,41.82428],[-71.402998,41.82428],[-71.402998,41.82428],[-71.402997,41.82428],[-71.402996,41.824279],[-71.402996,41.824279],[-71.402996,41.824279],[-71.402995,41.824278],[-71.402997,41.824244],[-71.402998,41.824231],[-71.402997,41.824219],[-71.402994,41.824207],[-71.402988,41.824196],[-71.402988,41.824194],[-71.402987,41.824193],[-71.402987,41.824192],[-71.402988,41.82419],[-71.402988,41.824189],[-71.402989,41.824188],[-71.40299,41.824187],[-71.402992,41.824185],[-71.402994,41.824184],[-71.402996,41.824184],[-71.402998,41.824183],[-71.403,41.824183],[-71.403098,41.824182]]]},"properties":{"kind":"green"}},{"type":"Feature","id":"green:95","geometry":{"type":"Polygon","coordinates":[[[-71.403423,41.823846],[-71.403371,41.823847],[-71.403371,41.823834],[-71.403335,41.823835],[-71.403336,41.823833],[-71.403338,41.823831],[-71.403338,41.823831],[-71.403339,41.82383],[-71.403339,41.82383],[-71.40334,41.82383],[-71.403341,41.82383],[-71.403341,41.82383],[-71.403362,41.82383],[-71.403423,41.82383],[-71.403423,41.823846]]]},"properties":{"kind":"green"}},{"type":"Feature","id":"green:96","geometry":{"type":"Polygon","coordinates":[[[-71.403786,41.823842],[-71.403782,41.823842],[-71.403782,41.823847],[-71.403773,41.823847],[-71.403773,41.823879],[-71.403607,41.823882],[-71.403513,41.823883],[-71.403432,41.823884],[-71.403431,41.823846],[-71.403427,41.823846],[-71.403427,41.823833],[-71.40351,41.823832],[-71.40369,41.823832],[-71.403786,41.823832],[-71.403786,41.823842]]]},"properties":{"kind":"green"}},{"type":"Feature","id":"green:97","geometry":{"type":"Polygon","coordinates":[[[-71.403917,41.82384],[-71.403864,41.823841],[-71.403864,41.823833],[-71.403916,41.823832],[-71.403917,41.82384]]]},"properties":{"kind":"green"}},{"type":"Feature","id":"green:98","geometry":{"type":"Polygon","coordinates":[[[-71.404426,41.826783],[-71.404422,41.826782],[-71.404418,41.82678],[-71.404414,41.826778],[-71.404411,41.826776],[-71.404409,41.826773],[-71.404405,41.826745],[-71.404405,41.826742],[-71.404406,41.826739],[-71.404407,41.826737],[-71.404409,41.826735],[-71.404411,41.826733],[-71.404413,41.826731],[-71.404416,41.826729],[-71.40442,41.826728],[-71.404527,41.826722],[-71.404577,41.82672],[-71.40458,41.826721],[-71.404596,41.826854],[-71.404423,41.826869],[-71.404423,41.826868],[-71.404416,41.826826],[-71.404415,41.826818],[-71.404415,41.826816],[-71.404416,41.826813],[-71.404417,41.826811],[-71.404419,41.826809],[-71.404421,41.826807],[-71.404423,41.826805],[-71.404426,41.826804],[-71.404429,41.826803],[-71.404454,41.826802],[-71.404452,41.826781],[-71.404426,41.826783]]]},"properties":{"kind":"green"}},{"type":"Feature","id":"green:99","geometry":{"type":"Polygon","coordinates":[[[-71.40442,41.826728],[-71.404527,41.826722],[-71.404577,41.82672],[-71.40458,41.826721],[-71.404596,41.826854],[-71.404423,41.826869],[-71.404423,41.826868],[-71.404416,41.826826],[-71.404415,41.826818],[-71.404415,41.826816],[-71.404416,41.826813],[-71.404417,41.826811],[-71.404419,41.826809],[-71.404421,41.826807],[-71.404423,41.826805],[-71.404426,41.826804],[-71.404429,41.826803],[-71.404454,41.826802],[-71.404452,41.826781],[-71.404426,41.826783],[-71.404422,41.826782],[-71.404418,41.82678],[-71.404414,41.826778],[-71.404411,41.826776],[-71.404409,41.826773],[-71.404405,41.826745],[-71.404405,41.826742],[-71.404406,41.826739],[-71.404407,41.826737],[-71.404409,41.826735],[-71.404411,41.826733],[-71.404413,41.826731],[-71.404416,41.826729],[-71.40442,41.826728]]]},"properties":{"kind":"green"}}]}
