{"type":"FeatureCollection","attribution":"Brown University Facilities Management (public ArcGIS FeatureServer)","counts":{"aed":64,"bike":225,"blue-light":158,"dining":11,"hydration":45,"lactation":12,"menstrual":31,"narcan":43,"printer":9,"restroom":147,"restroom-inclusive":78},"features":[{"type":"Feature","id":"aed:1","geometry":{"type":"Point","coordinates":[-71.4088,41.82013]},"properties":{"id":"aed:1","kind":"aed","label":"225 Dyer St","detail":"5th floor of 225 Dyer St *Also contains Narcan for opioid overdose Enter the building and go to the elevators in the center of the lobby. Go to the 5th floor and it is right by the elevators"}},{"type":"Feature","id":"aed:10","geometry":{"type":"Point","coordinates":[-71.398194,41.824293]},"properties":{"id":"aed:10","kind":"aed","label":"Department of Public Safety: REAR","detail":"2nd floor (up the first set of stairs) on the right of the door *Also contains Narcan for opioid overdose Go through the driveway on the right of the building off of Charlesfield Street and navigate around the building through Parking Lot…"}},{"type":"Feature","id":"aed:11","geometry":{"type":"Point","coordinates":[-71.399101,41.827608]},"properties":{"id":"aed:11","kind":"aed","label":"118 Waterman EHS","detail":"2nd floor in the admin area, past the office cubicles on the left hand side When you enter the EHS building, walk up the stairs to the second floor. Take a left immediately and walk through the office cubicles until you get to the back…"}},{"type":"Feature","id":"aed:12","geometry":{"type":"Point","coordinates":[-71.39554,41.83293]},"properties":{"id":"aed:12","kind":"aed","label":"Facilities Management: 1st Floor","detail":"1st floor outside of elevator Enter through main entrance and the elevators are immediately in front, to the right with the AED beside it CR2 AED"}},{"type":"Feature","id":"aed:13","geometry":{"type":"Point","coordinates":[-71.395553,41.832948]},"properties":{"id":"aed:13","kind":"aed","label":"Facilities Management: 2nd Floor","detail":"Second floor outside of elevators Go through main entrance, go straight until elevator. Take it up to the second floor. CR2 AED"}},{"type":"Feature","id":"aed:14","geometry":{"type":"Point","coordinates":[-71.395531,41.832945]},"properties":{"id":"aed:14","kind":"aed","label":"Facilities Management: 3rd Floor","detail":"3rd floor outside of elevators go through main entrance, take elevators directly in front up to the third floor CR2 AED"}},{"type":"Feature","id":"aed:15","geometry":{"type":"Point","coordinates":[-71.40064,41.82349]},"properties":{"id":"aed:15","kind":"aed","label":"Grad Center E: Bear's Lair","detail":"2nd floor bears lair by entrance to gym *Also contains Narcan for opioid overdose Walk down stairs one level from the key office walk behind fire place next to gym CR2 AED"}},{"type":"Feature","id":"aed:16","geometry":{"type":"Point","coordinates":[-71.401394,41.828317]},"properties":{"id":"aed:16","kind":"aed","label":"Granoff Center for the Creative Arts: 1st Floor","detail":"First Floor next to elevators, across from Martinos auditorium. Coming from the Angell Street entrance, turn right and go past the stairs with the wall on your right. Then look right and turn right at your first opportunity — the AED is…"}},{"type":"Feature","id":"aed:17","geometry":{"type":"Point","coordinates":[-71.40148,41.828288]},"properties":{"id":"aed:17","kind":"aed","label":"Granoff Center for the Creative Arts: 2nd Floor","detail":"Second floor outside of the Brown Arts Institute main office \"When entering from the entrance facing the LPAC, keep going past the art gallery and turn before the giant number 2 on the chain link wall divider. Then proceed until you see…"}},{"type":"Feature","id":"aed:18","geometry":{"type":"Point","coordinates":[-71.402399,41.825592]},"properties":{"id":"aed:18","kind":"aed","label":"John Carter Brown Library","detail":"First floor, right next to elevator *Also contains Narcan for opioid overdose When you enter 94 George Street from the Main Green entrance, take a straight shot back to the elevator and it is on the wall to your left. CR2 AED"}},{"type":"Feature","id":"aed:19","geometry":{"type":"Point","coordinates":[-71.404959,41.825712]},"properties":{"id":"aed:19","kind":"aed","label":"John D. Rockefeller Jr. Library","detail":"Lobby entrance along the wall facing the doors *Also contains Narcan for opioid overdose When you enter from Prospect St through the revolving door, it is on the wall immediately in front behind the chairs and tables CR2 AED"}},{"type":"Feature","id":"aed:2","geometry":{"type":"Point","coordinates":[-71.40254,41.83055]},"properties":{"id":"aed:2","kind":"aed","label":"Andrews Hall","detail":"Dining hall level. Ground floor. *Also contains Narcan for opioid overdose Walk into front door of Andrews dining. Keep walking straight it is on the left hand wall. Next to stairs and elevator. CR2 AED"}},{"type":"Feature","id":"aed:20","geometry":{"type":"Point","coordinates":[-71.40486,41.826392]},"properties":{"id":"aed:20","kind":"aed","label":"John Hay Library","detail":"First floor behind the security desk *Also contains Narcan for opioid overdose When you enter at the Prospect St entrance through the double doors, go straight through the lobby to the security desk. It is behind the desk on the right wall…"}},{"type":"Feature","id":"aed:21","geometry":{"type":"Point","coordinates":[-71.39936,41.82321]},"properties":{"id":"aed:21","kind":"aed","label":"Josiah's Dining","detail":"Right next to entrance to Josiah’s cafeteria area. 1st floor. *Also contains Narcan for opioid overdose Walk into Josiah’s through entrance from Vartan Gregorian Quad. Keep walking through seated area until you get to the cafeteria. AED is…"}},{"type":"Feature","id":"aed:22","geometry":{"type":"Point","coordinates":[-71.43571,41.79579]},"properties":{"id":"aed:22","kind":"aed","label":"Library Collections Annex","detail":"Inside of processing area *Also contains Narcan for opioid overdose Enter building main door, take the door to your right, go left (to the end of the hall), then take the door to the right. You will find the AED along the back wall in room…"}},{"type":"Feature","id":"aed:23","geometry":{"type":"Point","coordinates":[-71.401301,41.826005]},"properties":{"id":"aed:23","kind":"aed","label":"Lincoln Field Building: 1st Floor","detail":"1st floor main lobby, next to room 120 When entering through the main door, continue straight to the main lobby area, AED is in the back right corner next to room 120. CR2 AED"}},{"type":"Feature","id":"aed:24","geometry":{"type":"Point","coordinates":[-71.401281,41.826007]},"properties":{"id":"aed:24","kind":"aed","label":"Lincoln Field Building: 2nd Floor","detail":"2nd floor right outside front stair case Enter the building from the Ruth Simmons Quad Entrance. Walk up the stairs on flight, walk through the door and the AED will be next to the water found straight ahead on your right side CR2 AED"}},{"type":"Feature","id":"aed:25","geometry":{"type":"Point","coordinates":[-71.40126,41.82601]},"properties":{"id":"aed:25","kind":"aed","label":"Lincoln Field Building: 3rd Floor","detail":"3rd floor next to water fountain, across from bathroom and elevator Walk into building from the Ruth Simmons Quad and walk up two flights of stairs. Walk out of stair way and keep walking straight. The AED will be on your right hand side…"}},{"type":"Feature","id":"aed:26","geometry":{"type":"Point","coordinates":[-71.40222,41.828169]},"properties":{"id":"aed:26","kind":"aed","label":"Lindemann Performing Arts Center LL3","detail":"LL3 outside of dance studio. After exiting East elevator on LL3 take a right, then go to the end of the hall and take a left. There you will see the AED on the left outside of the dance studio. CR2 AED"}},{"type":"Feature","id":"aed:27","geometry":{"type":"Point","coordinates":[-71.402173,41.828177]},"properties":{"id":"aed:27","kind":"aed","label":"Lindemann Performing Arts Center: LOBBY","detail":"This AED is located in the lobby under the security desk. Enter the lobby level of the Lindemann Performing Arts Center and go to the front/security desk. The AED is in a cabinet under the desk in a backpack. CR2 AED"}},{"type":"Feature","id":"aed:28","geometry":{"type":"Point","coordinates":[-71.40291,41.82512]},"properties":{"id":"aed:28","kind":"aed","label":"Maddock Alumni Center","detail":"This AED is located in the lobby under the security desk. Enter the lobby level of the Lindemann Performing Arts Center and go to the front/security desk. The AED is in a cabinet under the desk in a backpack. CR2 AED"}},{"type":"Feature","id":"aed:29","geometry":{"type":"Point","coordinates":[-71.38876,41.81829]},"properties":{"id":"aed:29","kind":"aed","label":"Marston Boathouse","detail":"1st floor right inside the entrance (by the stair 2 exit sign) *Also contains Narcan for opioid overdose When you enter the boat house driveway, walk through the door on the side of the building facing the water and the AED will be on the…"}},{"type":"Feature","id":"aed:3","geometry":{"type":"Point","coordinates":[-71.40085,41.82836]},"properties":{"id":"aed:3","kind":"aed","label":"Brown Bookstore","detail":"1st floor right next to elevators *Also contains Narcan for opioid overdose Walk into bookstore from main entrance. Keep walking straight past the check out station. After the checkout counter, there will be a glass door on your left.…"}},{"type":"Feature","id":"aed:30","geometry":{"type":"Point","coordinates":[-71.39874,41.831094]},"properties":{"id":"aed:30","kind":"aed","label":"Meehan Auditorium: Main Entrance","detail":"Ground level, right next to the main entrance *Also contains Narcan for opioid overdose Walk into the main entrance of Meehan from the Quad (Into the Berylson Lobby). It is immediately next to the main entrance on your right hand side CR2…"}},{"type":"Feature","id":"aed:31","geometry":{"type":"Point","coordinates":[-71.39901,41.83141]},"properties":{"id":"aed:31","kind":"aed","label":"Meehan Auditorium: Training Room","detail":"By the training room, in cabinet in Kitchenette area. *Also contains Narcan for opioid overdose Walk into training room hallway until you see kitchen on right hand side. There is a cabinet you will open that says AED on it. CR2 AED"}},{"type":"Feature","id":"aed:32","geometry":{"type":"Point","coordinates":[-71.39759,41.83022]},"properties":{"id":"aed:32","kind":"aed","label":"Nelson Fitness Center: Pool","detail":"On the pool level. On the side of the pool without the scoreboard. *Also contains Narcan for opioid overdose Walk into pool from main entrance. Walk on the left side of the pool deck. It is on the wall about half way down the deck. CR2 AED"}},{"type":"Feature","id":"aed:33","geometry":{"type":"Point","coordinates":[-71.397865,41.830162]},"properties":{"id":"aed:33","kind":"aed","label":"Nelson Fitness Center: Lobby","detail":"Right outside of elevator on the opposite wall. On the lobby floor. *Also contains Narcan for opioid overdose Walk through lobby continue walking. When you turn to the stairs that go to the pool it will be on your left hand side. Facing…"}},{"type":"Feature","id":"aed:34","geometry":{"type":"Point","coordinates":[-71.397885,41.830045]},"properties":{"id":"aed:34","kind":"aed","label":"Nelson Fitness Center: Gym Level","detail":"Top floor, gym level, in hallway that leads to bathrooms. *Also contains Narcan for opioid overdose Walk into the main entrance and go upstairs to the gym. Once in the gym, turn left and keep walking. On your left hand side there will be a…"}},{"type":"Feature","id":"aed:35","geometry":{"type":"Point","coordinates":[-71.397209,41.831223]},"properties":{"id":"aed:35","kind":"aed","label":"Olney-Margolies Athletic Center","detail":"By the track. Right next to door that leads to the lobby stairs. *Also contains Narcan for opioid overdose Enter through the lobby. Go down the stairs to enter the track. The AED is on the south wall (the wall that you walk out) directly…"}},{"type":"Feature","id":"aed:36","geometry":{"type":"Point","coordinates":[-71.396707,41.824627]},"properties":{"id":"aed:36","kind":"aed","label":"Orwig Music Library","detail":"1st floor on the left in the main entryway *Also contains Narcan for opioid overdose When you enter the Orwig Music Library at the main entrance on Young Orchard Avenue, it is through the second set of double doors on the wall immediately…"}},{"type":"Feature","id":"aed:37","geometry":{"type":"Point","coordinates":[-71.40275,41.82742]},"properties":{"id":"aed:37","kind":"aed","label":"Page-Robinson Hall: Lobby","detail":"next to elevator on same wall, next to cardboard box drop off. Directly in front of front door *Also contains Narcan for opioid overdose Go into front door and keep walking about 10 steps, you will walk right up to it CR2 AED"}},{"type":"Feature","id":"aed:38","geometry":{"type":"Point","coordinates":[-71.402777,41.827566]},"properties":{"id":"aed:38","kind":"aed","label":"Page Robinson Hall: 5th Floor","detail":"5th floor through the doors of the Student Accessibility Services office *Also contains Narcan for opioid overdose When you enter the building on the Brown Street side, go straight ahead and take the elevator up to the 5th floor. Take a…"}},{"type":"Feature","id":"aed:39","geometry":{"type":"Point","coordinates":[-71.39811,41.83161]},"properties":{"id":"aed:39","kind":"aed","label":"Pizzitola Sports Center: 1st Floor","detail":"Directly outside of gym on the large score board side *Also contains Narcan for opioid overdose Walk into main entrance of the Pizzatola turn, left until you get to a hallway, turn right and then the AED is on your right hand side next to…"}},{"type":"Feature","id":"aed:4","geometry":{"type":"Point","coordinates":[-71.40377,41.82494]},"properties":{"id":"aed:4","kind":"aed","label":"The Brown Faculty Club","detail":"1st floor across from elevator Walk in head diagonally to your left towards elevator. The AED will be on a wall directly across from the elevator."}},{"type":"Feature","id":"aed:40","geometry":{"type":"Point","coordinates":[-71.398204,41.831698]},"properties":{"id":"aed:40","kind":"aed","label":"Pizzitola Sports Center: 3rd Floor","detail":"3rd floor, right next to stairs *Also contains Narcan for opioid overdose Enter the pizzatola from the main entrance and walk up the stairs on the left hand side of the building (door to stairs says “to upper levels”) keep walking straight…"}},{"type":"Feature","id":"aed:41","geometry":{"type":"Point","coordinates":[-71.40693,41.82416]},"properties":{"id":"aed:41","kind":"aed","label":"School of Public Health: Lobby","detail":"1st Floor left of entrance door *Also contains Narcan for opioid overdose When you enter School of Public Health, you enter, turn left and the AED is by the entrance CR2 AED"}},{"type":"Feature","id":"aed:42","geometry":{"type":"Point","coordinates":[-71.406998,41.824123]},"properties":{"id":"aed:42","kind":"aed","label":"School of Public Health: 2nd Floor","detail":"2nd floor outside of elevators When you enter the School, the elevators are locked so you need to go to the elevators and turn right for the stairs. You go 4 flights of stairs and follow the sign to elevators CR2 AED"}},{"type":"Feature","id":"aed:43","geometry":{"type":"Point","coordinates":[-71.407035,41.824111]},"properties":{"id":"aed:43","kind":"aed","label":"School of Public Health: 3rd Floor","detail":"3rd floor outside elevator *Also contains Narcan for opioid overdose Go into the School and take the elevator to the 3rd floor. It is to the left with an opioid rescue kit. CR2 AED / OPIOID RESCUE KIT"}},{"type":"Feature","id":"aed:44","geometry":{"type":"Point","coordinates":[-71.407065,41.824101]},"properties":{"id":"aed:44","kind":"aed","label":"School of Public Health: 4th Floor","detail":"4th Floor outside of elevators When you walk into the School, you take the elevator to the 4th floor and the box is to the right of the glass doors CR2 AED"}},{"type":"Feature","id":"aed:45","geometry":{"type":"Point","coordinates":[-71.407091,41.824091]},"properties":{"id":"aed:45","kind":"aed","label":"School of Public Health: 5th Floor","detail":"5th floor outside of elevators When you walk into the School, you take the elevators in the front to the 5th floor and the AED is directly in front. CR2 AED"}},{"type":"Feature","id":"aed:46","geometry":{"type":"Point","coordinates":[-71.407115,41.824084]},"properties":{"id":"aed:46","kind":"aed","label":"School of Public Health: 6th Floor","detail":"6th floor outside of elevators When you walk into the School, you take the elevators in the front to the 6th floor and the AED is on the right by men’s restroom. CR2 AED"}},{"type":"Feature","id":"aed:47","geometry":{"type":"Point","coordinates":[-71.40717,41.82412]},"properties":{"id":"aed:47","kind":"aed","label":"School of Public Health: 7th Floor","detail":"7th floor outside elevators When you enter the School, you take the elevators in the front to the 7th floor and the AED is in the right. CR2 AED"}},{"type":"Feature","id":"aed:48","geometry":{"type":"Point","coordinates":[-71.400167,41.826973]},"properties":{"id":"aed:48","kind":"aed","label":"Sciences Library","detail":"Science Library Lobby in the corner by the revolving entrance facing science park *Also contains Narcan for opioid overdose If entering from the Science Park, walk through the revolving doors and on the wall to the left. If entering from…"}},{"type":"Feature","id":"aed:49","geometry":{"type":"Point","coordinates":[-71.40076,41.82514]},"properties":{"id":"aed:49","kind":"aed","label":"Sharpe Refectory","detail":"First floor, on same wall as front door to Ratty. Right behind the person who swipes your key. Across from “Greens” Section. *Also contains Narcan for opioid overdose Walk into the Sharpe Refectory from the main entrance on Wriston Quad.…"}},{"type":"Feature","id":"aed:5","geometry":{"type":"Point","coordinates":[-71.40336,41.82808]},"properties":{"id":"aed:5","kind":"aed","label":"Brown RISD Hillel","detail":"Right across from from door *Plus Narcan for opioid overdose Enter Hillel keep walking straight it is right on the wall across from front door"}},{"type":"Feature","id":"aed:50","geometry":{"type":"Point","coordinates":[-71.40238,41.82901]},"properties":{"id":"aed:50","kind":"aed","label":"Sidney E Frank Hall For Life Sciences","detail":"2nd Flr Main Lobby *Also contains narcan for opioid overdose When entering from Meeting St it is on your right, next to the fire boxes CR2 AED"}},{"type":"Feature","id":"aed:51","geometry":{"type":"Point","coordinates":[-71.405747,41.818498]},"properties":{"id":"aed:51","kind":"aed","label":"South Street Landing: 4th Floor","detail":"fourth floor outside of elevators (east set) *Also contains Narcan for opioid overdose When you enter the building at the entrance that is to the left of the brown shuttle stop (guest entrance), walk down a hallway to the left, round a…"}},{"type":"Feature","id":"aed:52","geometry":{"type":"Point","coordinates":[-71.40623,41.81831]},"properties":{"id":"aed:52","kind":"aed","label":"South Street Landing: 6th Floor","detail":"6th floor on the wall next to elevators (west set) *Also contains Narcan for opioid overdose Take guest entrance (left from shuttle stop), then take the west elevators up to the AED CR2 AED"}},{"type":"Feature","id":"aed:53","geometry":{"type":"Point","coordinates":[-71.40306,41.82686]},"properties":{"id":"aed:53","kind":"aed","label":"Stephen Robert Campus Center","detail":"Next to elevator, on first floor, right out front of the blue room *Also contains Narcan for opioid overdose Walk into the main doors, walk up the half flight of stairs to get to the reception desk, keep walking past elevator, it is on the…"}},{"type":"Feature","id":"aed:54","geometry":{"type":"Point","coordinates":[-71.40385,41.826264]},"properties":{"id":"aed:54","kind":"aed","label":"University Hall","detail":"1st floor, near accessibility entrance *Also contains Narcan for opioid rescue enter accessibility entrance, walk past the two open doors, AED is on your left CR2 AED"}},{"type":"Feature","id":"aed:55","geometry":{"type":"Point","coordinates":[-71.40161,41.82968]},"properties":{"id":"aed:55","kind":"aed","label":"Verney-Woolley Dining Hall","detail":"Inside V-Dub on first pillar on the right *Also contains Narcan for opioid overdose When you enter the building from the front entrance, you go straight past the vending machines to the door infront of the bathrooms. When you walk through…"}},{"type":"Feature","id":"aed:56","geometry":{"type":"Point","coordinates":[-71.40869,41.81883]},"properties":{"id":"aed:56","kind":"aed","label":"The Warren Alpert Medical School: Lobby","detail":"1st floor to the right of Security Desk *Also contains Narcan for opioid overdose When you enter the School, on the left there is a security desk and the AED is to the left. Lifepak 1000 AED"}},{"type":"Feature","id":"aed:57","geometry":{"type":"Point","coordinates":[-71.40861,41.8188]},"properties":{"id":"aed:57","kind":"aed","label":"The Warren Alpert Medical School: Gym","detail":"Gym, 4th Floor * Also contains Narcan for opioid rescue When you enter the Gym it is on the wall next to the stairwell Lifepak 1000 AED"}},{"type":"Feature","id":"aed:58","geometry":{"type":"Point","coordinates":[-71.399789,41.829503]},"properties":{"id":"aed:58","kind":"aed","label":"Wellness Center / Sternlicht Commons: Brook St Entrance","detail":"South Brook St entrance next to BWell *Also contains Narcan for opioid overdose When on Brook St, it is the entrance nearest to the intersection of Brook and Meeting St. It will be on your left within the vestibule area. This is the…"}},{"type":"Feature","id":"aed:59","geometry":{"type":"Point","coordinates":[-71.399983,41.829555]},"properties":{"id":"aed:59","kind":"aed","label":"Wellness Center: Health Services Clinical","detail":"Health Services Clinical Space *Also contains Narcan for opioid overdose Enter through doors to health services clinical area, go down the hallway straight in front of you and it will be on your right CR2 AED"}},{"type":"Feature","id":"aed:6","geometry":{"type":"Point","coordinates":[-71.396276,41.831685]},"properties":{"id":"aed:6","kind":"aed","label":"Center for Lacrosse and Soccer","detail":"2nd floor next to water fountain also next to top stadium entrance *Also contains Narcan for opioid overdose If entering from parking lot, go up elevators one floor and turn right. AED is on the right hand side next to the water fountain.…"}},{"type":"Feature","id":"aed:60","geometry":{"type":"Point","coordinates":[-71.399928,41.830026]},"properties":{"id":"aed:60","kind":"aed","label":"Wellness Center / Sternlicht Commons: Cushing St Entrance","detail":"Next to the Cushing St entrance *Also contains Narcan for opioid overdose Enter through the Cushing St entrance- go through both sets of doors and it will be on your right CR2 AED"}},{"type":"Feature","id":"aed:61","geometry":{"type":"Point","coordinates":[-71.396839,41.830316]},"properties":{"id":"aed:61","kind":"aed","label":"Zucconi Strength & Conditioning Center","detail":"Next to the weight lifting coaches offices *Also contains Narcan for opioid overdose Walk through main door of the zucconi, walk straight to wall across from you. It will be right on that wall. CR2 AED"}},{"type":"Feature","id":"aed:62","geometry":{"type":"Point","coordinates":[-71.402321,41.824317]},"properties":{"id":"aed:62","kind":"aed","label":"Annmary Brown Memorial Library","detail":"Restricted access · RESTRICTED ACCESS TEMPORARILY Inside behind security desk Enter via main entrance on Brown St. To the right you will find a security desk with the AED on the wall behind it. CR2 AED"}},{"type":"Feature","id":"aed:63","geometry":{"type":"Point","coordinates":[-71.39737,41.831954]},"properties":{"id":"aed:63","kind":"aed","label":"Central Heat Plant","detail":"Restricted access · RESTRICTED ACCESS Inside near main desk Enter via south entrance closest to OMAC, walk straight to the main desk area. CR2 AED"}},{"type":"Feature","id":"aed:64","geometry":{"type":"Point","coordinates":[-71.406347,41.818424]},"properties":{"id":"aed:64","kind":"aed","label":"South Street Landing: Lobby","detail":"Lobby next to main entrance across from security *also contains Narcan for opioid overdose Enter through the main doors on eddy St and go left CR2 AED HOW TO USE: https://www.youtube.com/embed/WtN56rbzEgw"}},{"type":"Feature","id":"aed:7","geometry":{"type":"Point","coordinates":[-71.396236,41.83151]},"properties":{"id":"aed:7","kind":"aed","label":"Center for Lacrosse and Soccer: 3rd Floor","detail":"3rd floor, next to water fountain, down long hallway *Also contains Narcan for opioid overdose Enter from the parking lot main entrance, go up stairs to third level, walk down long hallway past water fountain. AED will be on your right…"}},{"type":"Feature","id":"aed:8","geometry":{"type":"Point","coordinates":[-71.40786,41.81822]},"properties":{"id":"aed:8","kind":"aed","label":"Department of Public Safety: Knowledge District Substation","detail":"Just inside the entrance facing Eddy St. *Also contains Narcan for opioid overdose Walk into main door and it is on your left. CR2 AED"}},{"type":"Feature","id":"aed:9","geometry":{"type":"Point","coordinates":[-71.398181,41.824212]},"properties":{"id":"aed:9","kind":"aed","label":"Department of Public Safety: FRONT","detail":"1st floor Main foyer entryway *Also contains Narcan for opioid overdose Enter the building off of 75 Charlesfield Street by going down the stairs and through the doors. The AED is on the wall looking straight ahead. CR2 AED"}},{"type":"Feature","id":"bike:1","geometry":{"type":"Point","coordinates":[-71.40289,41.824442]},"properties":{"id":"bike:1","kind":"bike","label":"Bike Rack 4 KQ Archibald-bronson","detail":"14 spaces · schoolyard"}},{"type":"Feature","id":"bike:10","geometry":{"type":"Point","coordinates":[-71.401202,41.824201]},"properties":{"id":"bike:10","kind":"bike","label":"Bike Rack 3 Goddard House","detail":"10 spaces · other"}},{"type":"Feature","id":"bike:100","geometry":{"type":"Point","coordinates":[-71.401757,41.82674]},"properties":{"id":"bike:100","kind":"bike","label":"Bike Rack 3 Lyman Hall","detail":"16 spaces · inverted u"}},{"type":"Feature","id":"bike:101","geometry":{"type":"Point","coordinates":[-71.401595,41.826479]},"properties":{"id":"bike:101","kind":"bike","label":"Bike Rack 1 Lyman Hall","detail":"8 spaces · inverted u"}},{"type":"Feature","id":"bike:102","geometry":{"type":"Point","coordinates":[-71.401568,41.826477]},"properties":{"id":"bike:102","kind":"bike","label":"Bike Rack 2 Lyman Hall","detail":"8 spaces · inverted u"}},{"type":"Feature","id":"bike:103","geometry":{"type":"Point","coordinates":[-71.401297,41.826514]},"properties":{"id":"bike:103","kind":"bike","label":"Bike Rack 1 Metcalf Research","detail":"10 spaces · inverted u"}},{"type":"Feature","id":"bike:104","geometry":{"type":"Point","coordinates":[-71.400757,41.826066]},"properties":{"id":"bike:104","kind":"bike","label":"Bike Rack 3 Caswell Hall","detail":"6 spaces · inverted u"}},{"type":"Feature","id":"bike:105","geometry":{"type":"Point","coordinates":[-71.401139,41.826063]},"properties":{"id":"bike:105","kind":"bike","label":"Bike Rack 1 Lincoln Field","detail":"12 spaces · inverted u"}},{"type":"Feature","id":"bike:106","geometry":{"type":"Point","coordinates":[-71.401103,41.826067]},"properties":{"id":"bike:106","kind":"bike","label":"Bike Rack 2 Lincoln Field","detail":"10 spaces · inverted u"}},{"type":"Feature","id":"bike:107","geometry":{"type":"Point","coordinates":[-71.400651,41.826962]},"properties":{"id":"bike:107","kind":"bike","label":"Bike Rack 3 Metcalf Research","detail":"18 spaces · inverted u"}},{"type":"Feature","id":"bike:108","geometry":{"type":"Point","coordinates":[-71.401112,41.827053]},"properties":{"id":"bike:108","kind":"bike","label":"Bike Rack Arnold Lab","detail":"4 spaces · inverted u"}},{"type":"Feature","id":"bike:109","geometry":{"type":"Point","coordinates":[-71.400287,41.826844]},"properties":{"id":"bike:109","kind":"bike","label":"Bike Rack 5 Sciences Library","detail":"36 spaces · inverted u"}},{"type":"Feature","id":"bike:11","geometry":{"type":"Point","coordinates":[-71.400544,41.824063]},"properties":{"id":"bike:11","kind":"bike","label":"Bike Rack 4 Harkness","detail":"10 spaces · other"}},{"type":"Feature","id":"bike:110","geometry":{"type":"Point","coordinates":[-71.401231,41.828263]},"properties":{"id":"bike:110","kind":"bike","label":"Bike Rack 1 Granoff Ctr","detail":"28 spaces · inverted u"}},{"type":"Feature","id":"bike:111","geometry":{"type":"Point","coordinates":[-71.400009,41.827003]},"properties":{"id":"bike:111","kind":"bike","label":"Bike Rack 4 Sciences Library","detail":"5 spaces · wave"}},{"type":"Feature","id":"bike:112","geometry":{"type":"Point","coordinates":[-71.400006,41.826985]},"properties":{"id":"bike:112","kind":"bike","label":"Bike Rack 1 Sciences Library","detail":"5 spaces · wave"}},{"type":"Feature","id":"bike:113","geometry":{"type":"Point","coordinates":[-71.400004,41.826967]},"properties":{"id":"bike:113","kind":"bike","label":"Bike Rack 3 Sciences Library","detail":"5 spaces · wave"}},{"type":"Feature","id":"bike:114","geometry":{"type":"Point","coordinates":[-71.400001,41.826953]},"properties":{"id":"bike:114","kind":"bike","label":"Bike Rack 2 Sciences Library","detail":"5 spaces · wave"}},{"type":"Feature","id":"bike:115","geometry":{"type":"Point","coordinates":[-71.40015,41.826336]},"properties":{"id":"bike:115","kind":"bike","label":"Bike Rack 2 Macmillan","detail":"6 spaces · wave"}},{"type":"Feature","id":"bike:116","geometry":{"type":"Point","coordinates":[-71.400151,41.826349]},"properties":{"id":"bike:116","kind":"bike","label":"Bike Rack 1 Macmillan","detail":"6 spaces · wave"}},{"type":"Feature","id":"bike:117","geometry":{"type":"Point","coordinates":[-71.399799,41.826078]},"properties":{"id":"bike:117","kind":"bike","label":"Bike Rack 3 Geo-chem","detail":"6 spaces · wave"}},{"type":"Feature","id":"bike:118","geometry":{"type":"Point","coordinates":[-71.399753,41.826077]},"properties":{"id":"bike:118","kind":"bike","label":"Bike Rack 4 Geo-chem","detail":"6 spaces · wave"}},{"type":"Feature","id":"bike:119","geometry":{"type":"Point","coordinates":[-71.399724,41.826501]},"properties":{"id":"bike:119","kind":"bike","label":"Bike Rack Marston Hall","detail":"14 spaces · inverted u"}},{"type":"Feature","id":"bike:12","geometry":{"type":"Point","coordinates":[-71.40047,41.824546]},"properties":{"id":"bike:12","kind":"bike","label":"Bike Rack 3 Chapin House","detail":"10 spaces · other"}},{"type":"Feature","id":"bike:120","geometry":{"type":"Point","coordinates":[-71.399036,41.826606]},"properties":{"id":"bike:120","kind":"bike","label":"Bike Rack 3 Prince Lab","detail":"12 spaces · inverted u"}},{"type":"Feature","id":"bike:121","geometry":{"type":"Point","coordinates":[-71.399,41.826296]},"properties":{"id":"bike:121","kind":"bike","label":"Bike Rack Brook 341","detail":"12 spaces · inverted u"}},{"type":"Feature","id":"bike:122","geometry":{"type":"Point","coordinates":[-71.398732,41.826109]},"properties":{"id":"bike:122","kind":"bike","label":"Bike Rack Brook 333","detail":"18 spaces · inverted u"}},{"type":"Feature","id":"bike:123","geometry":{"type":"Point","coordinates":[-71.397764,41.826134]},"properties":{"id":"bike:123","kind":"bike","label":"Bike Rack 7 Barus & Holley","detail":"6 spaces · inverted u"}},{"type":"Feature","id":"bike:124","geometry":{"type":"Point","coordinates":[-71.397466,41.826251]},"properties":{"id":"bike:124","kind":"bike","label":"Bike Rack 5 Barus & Holley","detail":"14 spaces · schoolyard"}},{"type":"Feature","id":"bike:125","geometry":{"type":"Point","coordinates":[-71.397504,41.826545]},"properties":{"id":"bike:125","kind":"bike","label":"Bike Rack 6 Barus & Holley","detail":"6 spaces · schoolyard"}},{"type":"Feature","id":"bike:126","geometry":{"type":"Point","coordinates":[-71.397594,41.826887]},"properties":{"id":"bike:126","kind":"bike","label":"Bike Rack 1 Prince Lab","detail":"6 spaces · schoolyard"}},{"type":"Feature","id":"bike:127","geometry":{"type":"Point","coordinates":[-71.398042,41.826892]},"properties":{"id":"bike:127","kind":"bike","label":"Bike Rack 2 Prince Lab","detail":"6 spaces · schoolyard"}},{"type":"Feature","id":"bike:128","geometry":{"type":"Point","coordinates":[-71.398761,41.827159]},"properties":{"id":"bike:128","kind":"bike","label":"Bike Rack 3 Minden Hall","detail":"6 spaces · inverted u"}},{"type":"Feature","id":"bike:129","geometry":{"type":"Point","coordinates":[-71.397662,41.827433]},"properties":{"id":"bike:129","kind":"bike","label":"Bike Rack Hope 190","detail":"6 spaces · wave"}},{"type":"Feature","id":"bike:13","geometry":{"type":"Point","coordinates":[-71.399831,41.823331]},"properties":{"id":"bike:13","kind":"bike","label":"Bike Rack 3 VG Quad B","detail":"6 spaces · schoolyard"}},{"type":"Feature","id":"bike:130","geometry":{"type":"Point","coordinates":[-71.402828,41.824795]},"properties":{"id":"bike:130","kind":"bike","label":"Bike Rack Benevolent 026","detail":"6 spaces · wave"}},{"type":"Feature","id":"bike:131","geometry":{"type":"Point","coordinates":[-71.403013,41.824348]},"properties":{"id":"bike:131","kind":"bike","label":"Bike Rack 1 KQ Archibald-bronson","detail":"5 spaces · wave"}},{"type":"Feature","id":"bike:132","geometry":{"type":"Point","coordinates":[-71.403044,41.824351]},"properties":{"id":"bike:132","kind":"bike","label":"Bike Rack 9 KQ Evertt-poland","detail":"4 spaces · wave"}},{"type":"Feature","id":"bike:133","geometry":{"type":"Point","coordinates":[-71.403256,41.824339]},"properties":{"id":"bike:133","kind":"bike","label":"Bike Rack 10 KQ Evertt-poland","detail":"5 spaces · wave"}},{"type":"Feature","id":"bike:134","geometry":{"type":"Point","coordinates":[-71.403221,41.824343]},"properties":{"id":"bike:134","kind":"bike","label":"Bike Rack 4 KQ Evertt-poland","detail":"4 spaces · wave"}},{"type":"Feature","id":"bike:135","geometry":{"type":"Point","coordinates":[-71.403261,41.824014]},"properties":{"id":"bike:135","kind":"bike","label":"Bike Rack 8 KQ Evertt-poland","detail":"4 spaces · wave"}},{"type":"Feature","id":"bike:136","geometry":{"type":"Point","coordinates":[-71.40324,41.824017]},"properties":{"id":"bike:136","kind":"bike","label":"Bike Rack 3 KQ Evertt-poland","detail":"6 spaces · wave"}},{"type":"Feature","id":"bike:137","geometry":{"type":"Point","coordinates":[-71.402995,41.824014]},"properties":{"id":"bike:137","kind":"bike","label":"Bike Rack 3 KQ Archibald-bronson","detail":"4 spaces · wave"}},{"type":"Feature","id":"bike:138","geometry":{"type":"Point","coordinates":[-71.403509,41.824345]},"properties":{"id":"bike:138","kind":"bike","label":"Bike Rack 1 KQ Evertt-poland","detail":"6 spaces · wave"}},{"type":"Feature","id":"bike:139","geometry":{"type":"Point","coordinates":[-71.403745,41.824337]},"properties":{"id":"bike:139","kind":"bike","label":"Bike Rack KQ Jameson-mead","detail":"5 spaces · wave"}},{"type":"Feature","id":"bike:14","geometry":{"type":"Point","coordinates":[-71.39956,41.823771]},"properties":{"id":"bike:14","kind":"bike","label":"Bike Rack 5 VG Quad A","detail":"8 spaces · other"}},{"type":"Feature","id":"bike:140","geometry":{"type":"Point","coordinates":[-71.403747,41.824007]},"properties":{"id":"bike:140","kind":"bike","label":"Bike Rack 6 KQ Evertt-poland","detail":"5 spaces · wave"}},{"type":"Feature","id":"bike:141","geometry":{"type":"Point","coordinates":[-71.402299,41.825068]},"properties":{"id":"bike:141","kind":"bike","label":"Bike Rack 2 Wayland House","detail":"5 spaces · wave"}},{"type":"Feature","id":"bike:142","geometry":{"type":"Point","coordinates":[-71.402269,41.824946]},"properties":{"id":"bike:142","kind":"bike","label":"Bike Rack 3 Wayland House","detail":"10 spaces · wave"}},{"type":"Feature","id":"bike:143","geometry":{"type":"Point","coordinates":[-71.40214,41.824609]},"properties":{"id":"bike:143","kind":"bike","label":"Bike Rack Buxton House","detail":"5 spaces · wave"}},{"type":"Feature","id":"bike:144","geometry":{"type":"Point","coordinates":[-71.401697,41.825206]},"properties":{"id":"bike:144","kind":"bike","label":"Bike Rack 1 Sears House","detail":"5 spaces · wave"}},{"type":"Feature","id":"bike:145","geometry":{"type":"Point","coordinates":[-71.401307,41.825245]},"properties":{"id":"bike:145","kind":"bike","label":"Bike Rack 5 Sears House","detail":"12 spaces · inverted u"}},{"type":"Feature","id":"bike:146","geometry":{"type":"Point","coordinates":[-71.401224,41.825285]},"properties":{"id":"bike:146","kind":"bike","label":"Bike Rack 6 Sharpe Ref","detail":"6 spaces · wave"}},{"type":"Feature","id":"bike:147","geometry":{"type":"Point","coordinates":[-71.401225,41.8253]},"properties":{"id":"bike:147","kind":"bike","label":"Bike Rack 5 Sharpe Ref","detail":"6 spaces · wave"}},{"type":"Feature","id":"bike:148","geometry":{"type":"Point","coordinates":[-71.401229,41.825321]},"properties":{"id":"bike:148","kind":"bike","label":"Bike Rack 4 Sharpe Ref","detail":"6 spaces · wave"}},{"type":"Feature","id":"bike:149","geometry":{"type":"Point","coordinates":[-71.401233,41.825343]},"properties":{"id":"bike:149","kind":"bike","label":"Bike Rack 1 Sharpe Ref","detail":"5 spaces · wave"}},{"type":"Feature","id":"bike:15","geometry":{"type":"Point","coordinates":[-71.397885,41.823747]},"properties":{"id":"bike:15","kind":"bike","label":"Bike Rack 5 Barbour Hall","detail":"5 spaces · schoolyard"}},{"type":"Feature","id":"bike:150","geometry":{"type":"Point","coordinates":[-71.401511,41.824514]},"properties":{"id":"bike:150","kind":"bike","label":"Bike Rack 2 Diman House","detail":"6 spaces · wave"}},{"type":"Feature","id":"bike:151","geometry":{"type":"Point","coordinates":[-71.400557,41.824481]},"properties":{"id":"bike:151","kind":"bike","label":"Bike Rack 1 Chapin House","detail":"5 spaces · wave"}},{"type":"Feature","id":"bike:152","geometry":{"type":"Point","coordinates":[-71.400974,41.8246]},"properties":{"id":"bike:152","kind":"bike","label":"Bike Rack 4 Marcy House","detail":"6 spaces · schoolyard"}},{"type":"Feature","id":"bike:153","geometry":{"type":"Point","coordinates":[-71.40091,41.824244]},"properties":{"id":"bike:153","kind":"bike","label":"Bike Rack 4 Goddard House","detail":"10 spaces · inverted u"}},{"type":"Feature","id":"bike:154","geometry":{"type":"Point","coordinates":[-71.400334,41.82416]},"properties":{"id":"bike:154","kind":"bike","label":"Bike Rack 1 Harkness","detail":"10 spaces · inverted u"}},{"type":"Feature","id":"bike:155","geometry":{"type":"Point","coordinates":[-71.400269,41.824079]},"properties":{"id":"bike:155","kind":"bike","label":"Bike Rack 4 Harkness","detail":"6 spaces · inverted u"}},{"type":"Feature","id":"bike:156","geometry":{"type":"Point","coordinates":[-71.400025,41.824241]},"properties":{"id":"bike:156","kind":"bike","label":"Bike Rack Watson Institute","detail":"5 spaces · wave"}},{"type":"Feature","id":"bike:157","geometry":{"type":"Point","coordinates":[-71.400032,41.824273]},"properties":{"id":"bike:157","kind":"bike","label":"Bike Rack 2 Watson Institute","detail":"5 spaces · wave"}},{"type":"Feature","id":"bike:158","geometry":{"type":"Point","coordinates":[-71.402489,41.824092]},"properties":{"id":"bike:158","kind":"bike","label":"Bike Rack Andrews House","detail":"4 spaces · wave"}},{"type":"Feature","id":"bike:159","geometry":{"type":"Point","coordinates":[-71.401235,41.823309]},"properties":{"id":"bike:159","kind":"bike","label":"Bike Rack 8 Graduate Ctr E","detail":"5 spaces · wave"}},{"type":"Feature","id":"bike:16","geometry":{"type":"Point","coordinates":[-71.396858,41.824092]},"properties":{"id":"bike:16","kind":"bike","label":"Bike Rack 3 Young Orchard 002","detail":"4 spaces · other"}},{"type":"Feature","id":"bike:160","geometry":{"type":"Point","coordinates":[-71.401242,41.823336]},"properties":{"id":"bike:160","kind":"bike","label":"Bike Rack 2 Graduate Ctr E","detail":"5 spaces · wave"}},{"type":"Feature","id":"bike:161","geometry":{"type":"Point","coordinates":[-71.401248,41.82337]},"properties":{"id":"bike:161","kind":"bike","label":"Bike Rack 7 Graduate Ctr E","detail":"5 spaces · wave"}},{"type":"Feature","id":"bike:162","geometry":{"type":"Point","coordinates":[-71.400941,41.823432]},"properties":{"id":"bike:162","kind":"bike","label":"Bike Rack Graduate Ctr B","detail":"6 spaces · wave"}},{"type":"Feature","id":"bike:163","geometry":{"type":"Point","coordinates":[-71.400946,41.823337]},"properties":{"id":"bike:163","kind":"bike","label":"Bike Rack 9 Graduate Ctr E","detail":"6 spaces · wave"}},{"type":"Feature","id":"bike:164","geometry":{"type":"Point","coordinates":[-71.400915,41.823334]},"properties":{"id":"bike:164","kind":"bike","label":"Bike Rack 1 Graduate Ctr E","detail":"6 spaces · wave"}},{"type":"Feature","id":"bike:165","geometry":{"type":"Point","coordinates":[-71.400873,41.823334]},"properties":{"id":"bike:165","kind":"bike","label":"Bike Rack 10 Graduate Ctr E","detail":"6 spaces · wave"}},{"type":"Feature","id":"bike:166","geometry":{"type":"Point","coordinates":[-71.400412,41.823533]},"properties":{"id":"bike:166","kind":"bike","label":"Bike Rack Graduate Ctr D","detail":"6 spaces · wave"}},{"type":"Feature","id":"bike:167","geometry":{"type":"Point","coordinates":[-71.400362,41.823275]},"properties":{"id":"bike:167","kind":"bike","label":"Bike Rack Graduate Ctr C","detail":"6 spaces · wave"}},{"type":"Feature","id":"bike:168","geometry":{"type":"Point","coordinates":[-71.399502,41.823541]},"properties":{"id":"bike:168","kind":"bike","label":"Bike Rack 6 VG Quad A","detail":"6 spaces · wave"}},{"type":"Feature","id":"bike:169","geometry":{"type":"Point","coordinates":[-71.399534,41.823288]},"properties":{"id":"bike:169","kind":"bike","label":"Bike Rack 4 VG Quad A","detail":"6 spaces · wave"}},{"type":"Feature","id":"bike:17","geometry":{"type":"Point","coordinates":[-71.396413,41.824092]},"properties":{"id":"bike:17","kind":"bike","label":"Bike Rack 4 Young Orchard 004","detail":"6 spaces · other"}},{"type":"Feature","id":"bike:170","geometry":{"type":"Point","coordinates":[-71.39979,41.823587]},"properties":{"id":"bike:170","kind":"bike","label":"Bike Rack 2 VG Quad B","detail":"6 spaces · wave"}},{"type":"Feature","id":"bike:171","geometry":{"type":"Point","coordinates":[-71.400088,41.823269]},"properties":{"id":"bike:171","kind":"bike","label":"Bike Rack 3 Graduate Ctr C","detail":"4 spaces · inverted u"}},{"type":"Feature","id":"bike:172","geometry":{"type":"Point","coordinates":[-71.400088,41.823286]},"properties":{"id":"bike:172","kind":"bike","label":"Bike Rack 2 Graduate Ctr C","detail":"4 spaces · inverted u"}},{"type":"Feature","id":"bike:173","geometry":{"type":"Point","coordinates":[-71.400087,41.823254]},"properties":{"id":"bike:173","kind":"bike","label":"Bike Rack 4 Graduate Ctr C","detail":"4 spaces · inverted u"}},{"type":"Feature","id":"bike:174","geometry":{"type":"Point","coordinates":[-71.399577,41.824232]},"properties":{"id":"bike:174","kind":"bike","label":"Bike Rack 3 Watson Institute","detail":"12 spaces · inverted u"}},{"type":"Feature","id":"bike:175","geometry":{"type":"Point","coordinates":[-71.400189,41.825296]},"properties":{"id":"bike:175","kind":"bike","label":"Bike Rack Kassar House","detail":"6 spaces · wave"}},{"type":"Feature","id":"bike:176","geometry":{"type":"Point","coordinates":[-71.399979,41.825802]},"properties":{"id":"bike:176","kind":"bike","label":"Bike Rack 2 Geo-chem","detail":"6 spaces · wave"}},{"type":"Feature","id":"bike:177","geometry":{"type":"Point","coordinates":[-71.399921,41.825803]},"properties":{"id":"bike:177","kind":"bike","label":"Bike Rack 1 Geo-chem","detail":"6 spaces · wave"}},{"type":"Feature","id":"bike:178","geometry":{"type":"Point","coordinates":[-71.399904,41.8257]},"properties":{"id":"bike:178","kind":"bike","label":"Bike Rack 6 Geo-chem","detail":"6 spaces · wave"}},{"type":"Feature","id":"bike:179","geometry":{"type":"Point","coordinates":[-71.39951,41.825428]},"properties":{"id":"bike:179","kind":"bike","label":"Bike Rack Meiklejohn House","detail":"6 spaces · inverted u"}},{"type":"Feature","id":"bike:18","geometry":{"type":"Point","coordinates":[-71.395786,41.824115]},"properties":{"id":"bike:18","kind":"bike","label":"Bike Rack 2 Young Orchard 010","detail":"7 spaces · other"}},{"type":"Feature","id":"bike:180","geometry":{"type":"Point","coordinates":[-71.39654,41.824868]},"properties":{"id":"bike:180","kind":"bike","label":"Bike Rack Grant Fulton","detail":"4 spaces · wave"}},{"type":"Feature","id":"bike:181","geometry":{"type":"Point","coordinates":[-71.396357,41.824653]},"properties":{"id":"bike:181","kind":"bike","label":"Bike Rack 3 Orwig Music Building","detail":"2 spaces · inverted u"}},{"type":"Feature","id":"bike:182","geometry":{"type":"Point","coordinates":[-71.396354,41.824598]},"properties":{"id":"bike:182","kind":"bike","label":"Bike Rack 4 Orwig Music Building","detail":"2 spaces · inverted u"}},{"type":"Feature","id":"bike:183","geometry":{"type":"Point","coordinates":[-71.396343,41.824566]},"properties":{"id":"bike:183","kind":"bike","label":"Bike Rack 5 Orwig Music Building","detail":"2 spaces · inverted u"}},{"type":"Feature","id":"bike:184","geometry":{"type":"Point","coordinates":[-71.396344,41.824426]},"properties":{"id":"bike:184","kind":"bike","label":"Bike Rack 6 Orwig Music Building","detail":"4 spaces · wave"}},{"type":"Feature","id":"bike:185","geometry":{"type":"Point","coordinates":[-71.396276,41.823972]},"properties":{"id":"bike:185","kind":"bike","label":"Bike Rack 1 Young Orchard 004","detail":"6 spaces · wave"}},{"type":"Feature","id":"bike:186","geometry":{"type":"Point","coordinates":[-71.396291,41.823971]},"properties":{"id":"bike:186","kind":"bike","label":"Bike Rack 3 Young Orchard 004","detail":"5 spaces · wave"}},{"type":"Feature","id":"bike:187","geometry":{"type":"Point","coordinates":[-71.396838,41.823949]},"properties":{"id":"bike:187","kind":"bike","label":"Bike Rack 1 Young Orchard 002","detail":"6 spaces · wave"}},{"type":"Feature","id":"bike:188","geometry":{"type":"Point","coordinates":[-71.396452,41.823643]},"properties":{"id":"bike:188","kind":"bike","label":"Bike Rack 3 Perkins Hall","detail":"6 spaces · wave"}},{"type":"Feature","id":"bike:189","geometry":{"type":"Point","coordinates":[-71.396317,41.823438]},"properties":{"id":"bike:189","kind":"bike","label":"Bike Rack 1 Perkins Hall","detail":"6 spaces · wave"}},{"type":"Feature","id":"bike:19","geometry":{"type":"Point","coordinates":[-71.396267,41.823487]},"properties":{"id":"bike:19","kind":"bike","label":"Bike Rack 4 Perkins Hall","detail":"10 spaces · inverted u"}},{"type":"Feature","id":"bike:190","geometry":{"type":"Point","coordinates":[-71.397941,41.824049]},"properties":{"id":"bike:190","kind":"bike","label":"Bike Rack 4 Barbour Hall","detail":"8 spaces · inverted u"}},{"type":"Feature","id":"bike:191","geometry":{"type":"Point","coordinates":[-71.398349,41.823964]},"properties":{"id":"bike:191","kind":"bike","label":"Bike Rack 1 Barbour Hall","detail":"7 spaces · wave"}},{"type":"Feature","id":"bike:192","geometry":{"type":"Point","coordinates":[-71.398143,41.824303]},"properties":{"id":"bike:192","kind":"bike","label":"Bike Rack Public Safety","detail":"7 spaces · schoolyard"}},{"type":"Feature","id":"bike:193","geometry":{"type":"Point","coordinates":[-71.398986,41.824253]},"properties":{"id":"bike:193","kind":"bike","label":"Bike Rack Stephen Robert Hall","detail":"4 spaces · inverted u"}},{"type":"Feature","id":"bike:194","geometry":{"type":"Point","coordinates":[-71.402806,41.822458]},"properties":{"id":"bike:194","kind":"bike","label":"Bike Rack 2 Nightingale-brown","detail":"5 spaces · wave"}},{"type":"Feature","id":"bike:195","geometry":{"type":"Point","coordinates":[-71.402798,41.822434]},"properties":{"id":"bike:195","kind":"bike","label":"Bike Rack Nightingale-brown","detail":"3 spaces · wave"}},{"type":"Feature","id":"bike:196","geometry":{"type":"Point","coordinates":[-71.405341,41.817842]},"properties":{"id":"bike:196","kind":"bike","label":"Bike Rack 3 Davol SQ 001","detail":"8 spaces · inverted u"}},{"type":"Feature","id":"bike:197","geometry":{"type":"Point","coordinates":[-71.406246,41.817541]},"properties":{"id":"bike:197","kind":"bike","label":"Bike Rack 1 Davol SQ 001","detail":"8 spaces · schoolyard"}},{"type":"Feature","id":"bike:198","geometry":{"type":"Point","coordinates":[-71.406086,41.817589]},"properties":{"id":"bike:198","kind":"bike","label":"Bike Rack 2 Davol SQ 001","detail":"6 spaces · schoolyard"}},{"type":"Feature","id":"bike:199","geometry":{"type":"Point","coordinates":[-71.406681,41.816497]},"properties":{"id":"bike:199","kind":"bike","label":"Bike Rack 2 Davol SQ 010","detail":"2 spaces · post & ring"}},{"type":"Feature","id":"bike:2","geometry":{"type":"Point","coordinates":[-71.40336,41.823963]},"properties":{"id":"bike:2","kind":"bike","label":"Bike Rack 7 KQ Evertt-poland","detail":"20 spaces · wave"}},{"type":"Feature","id":"bike:20","geometry":{"type":"Point","coordinates":[-71.397562,41.824913]},"properties":{"id":"bike:20","kind":"bike","label":"Bike Rack King House","detail":"6 spaces · other"}},{"type":"Feature","id":"bike:200","geometry":{"type":"Point","coordinates":[-71.406727,41.816493]},"properties":{"id":"bike:200","kind":"bike","label":"Bike Rack 3 Davol SQ 010","detail":"2 spaces · post & ring"}},{"type":"Feature","id":"bike:201","geometry":{"type":"Point","coordinates":[-71.40676,41.816476]},"properties":{"id":"bike:201","kind":"bike","label":"Bike Rack Davol SQ 010","detail":"2 spaces · post & ring"}},{"type":"Feature","id":"bike:202","geometry":{"type":"Point","coordinates":[-71.408406,41.818606]},"properties":{"id":"bike:202","kind":"bike","label":"Bike Rack 1 Richmnd 222","detail":"4 spaces · wave"}},{"type":"Feature","id":"bike:203","geometry":{"type":"Point","coordinates":[-71.4084,41.818598]},"properties":{"id":"bike:203","kind":"bike","label":"Bike Rack 12 Richmnd 222","detail":"4 spaces · wave"}},{"type":"Feature","id":"bike:204","geometry":{"type":"Point","coordinates":[-71.40838,41.818605]},"properties":{"id":"bike:204","kind":"bike","label":"Bike Rack 11 Richmnd 222","detail":"4 spaces · wave"}},{"type":"Feature","id":"bike:205","geometry":{"type":"Point","coordinates":[-71.408387,41.818615]},"properties":{"id":"bike:205","kind":"bike","label":"Bike Rack 8 Richmnd 222","detail":"4 spaces · wave"}},{"type":"Feature","id":"bike:206","geometry":{"type":"Point","coordinates":[-71.408365,41.818612]},"properties":{"id":"bike:206","kind":"bike","label":"Bike Rack 10 Richmnd 222","detail":"4 spaces · wave"}},{"type":"Feature","id":"bike:207","geometry":{"type":"Point","coordinates":[-71.408371,41.81862]},"properties":{"id":"bike:207","kind":"bike","label":"Bike Rack 9 Richmnd 222","detail":"4 spaces · wave"}},{"type":"Feature","id":"bike:208","geometry":{"type":"Point","coordinates":[-71.408292,41.818165]},"properties":{"id":"bike:208","kind":"bike","label":"Bike Rack 4 Richmnd 280","detail":"2 spaces · inverted u"}},{"type":"Feature","id":"bike:209","geometry":{"type":"Point","coordinates":[-71.408321,41.818205]},"properties":{"id":"bike:209","kind":"bike","label":"Bike Rack 3 Richmnd 280","detail":"2 spaces · inverted u"}},{"type":"Feature","id":"bike:21","geometry":{"type":"Point","coordinates":[-71.400809,41.825736]},"properties":{"id":"bike:21","kind":"bike","label":"Bike Rack 2 Hegeman Hall","detail":"11 spaces · schoolyard"}},{"type":"Feature","id":"bike:210","geometry":{"type":"Point","coordinates":[-71.408363,41.818271]},"properties":{"id":"bike:210","kind":"bike","label":"Bike Rack 2 Richmnd 280","detail":"2 spaces · inverted u"}},{"type":"Feature","id":"bike:211","geometry":{"type":"Point","coordinates":[-71.408594,41.818635]},"properties":{"id":"bike:211","kind":"bike","label":"Bike Rack 6 Richmnd 222","detail":"2 spaces · inverted u"}},{"type":"Feature","id":"bike:212","geometry":{"type":"Point","coordinates":[-71.408643,41.818705]},"properties":{"id":"bike:212","kind":"bike","label":"Bike Rack 5 Richmnd 222","detail":"2 spaces · inverted u"}},{"type":"Feature","id":"bike:213","geometry":{"type":"Point","coordinates":[-71.408692,41.81878]},"properties":{"id":"bike:213","kind":"bike","label":"Bike Rack 2 Richmnd 222","detail":"2 spaces · inverted u"}},{"type":"Feature","id":"bike:214","geometry":{"type":"Point","coordinates":[-71.40874,41.818846]},"properties":{"id":"bike:214","kind":"bike","label":"Bike Rack 3 Richmnd 222","detail":"2 spaces · inverted u"}},{"type":"Feature","id":"bike:215","geometry":{"type":"Point","coordinates":[-71.408571,41.818549]},"properties":{"id":"bike:215","kind":"bike","label":"Bike Rack 7 Richmnd 222","detail":"2 spaces · inverted u"}},{"type":"Feature","id":"bike:216","geometry":{"type":"Point","coordinates":[-71.408506,41.818446]},"properties":{"id":"bike:216","kind":"bike","label":"Bike Rack 1 Richmnd 280","detail":"2 spaces · inverted u"}},{"type":"Feature","id":"bike:217","geometry":{"type":"Point","coordinates":[-71.408826,41.818962]},"properties":{"id":"bike:217","kind":"bike","label":"Bike Rack 4 Richmnd 222","detail":"2 spaces · inverted u"}},{"type":"Feature","id":"bike:218","geometry":{"type":"Point","coordinates":[-71.40741,41.821172]},"properties":{"id":"bike:218","kind":"bike","label":"Bike Rack 2 Dyer 200","detail":"8 spaces · inverted u"}},{"type":"Feature","id":"bike:219","geometry":{"type":"Point","coordinates":[-71.407705,41.821598]},"properties":{"id":"bike:219","kind":"bike","label":"Bike Rack 1 Dyer 200","detail":"6 spaces · inverted u"}},{"type":"Feature","id":"bike:22","geometry":{"type":"Point","coordinates":[-71.400616,41.826005]},"properties":{"id":"bike:22","kind":"bike","label":"Bike Rack 2 Caswell Hall","detail":"6 spaces · wheelwell"}},{"type":"Feature","id":"bike:220","geometry":{"type":"Point","coordinates":[-71.410168,41.818649]},"properties":{"id":"bike:220","kind":"bike","label":"Bike Rack Ship ST 070","detail":"10 spaces · schoolyard"}},{"type":"Feature","id":"bike:221","geometry":{"type":"Point","coordinates":[-71.403804,41.82528]},"properties":{"id":"bike:221","kind":"bike","label":"Bike Rack 3 Shirley Miller House","detail":"2 spaces · inverted u"}},{"type":"Feature","id":"bike:222","geometry":{"type":"Point","coordinates":[-71.403505,41.825281]},"properties":{"id":"bike:222","kind":"bike","label":"Bike Rack George 67","detail":"2 spaces · inverted u"}},{"type":"Feature","id":"bike:223","geometry":{"type":"Point","coordinates":[-71.403405,41.825106]},"properties":{"id":"bike:223","kind":"bike","label":"Bike Rack Nicholson House","detail":"2 spaces · inverted u"}},{"type":"Feature","id":"bike:224","geometry":{"type":"Point","coordinates":[-71.400843,41.825427]},"properties":{"id":"bike:224","kind":"bike","label":"Bike Rack 3 Sharpe Ref","detail":"8 spaces · inverted u"}},{"type":"Feature","id":"bike:225","geometry":{"type":"Point","coordinates":[-71.395709,41.832801]},"properties":{"id":"bike:225","kind":"bike","label":"Bike Rack Lloyd 295","detail":"22 spaces · inverted u"}},{"type":"Feature","id":"bike:23","geometry":{"type":"Point","coordinates":[-71.40199,41.825627]},"properties":{"id":"bike:23","kind":"bike","label":"Bike Rack 2 Littlefield","detail":"8 spaces · other"}},{"type":"Feature","id":"bike:24","geometry":{"type":"Point","coordinates":[-71.403851,41.82665]},"properties":{"id":"bike:24","kind":"bike","label":"Bike Rack 2 Hope College","detail":"5 spaces · other"}},{"type":"Feature","id":"bike:25","geometry":{"type":"Point","coordinates":[-71.40381,41.825851]},"properties":{"id":"bike:25","kind":"bike","label":"Bike Rack 3 Slater Hall","detail":"4 spaces · wave"}},{"type":"Feature","id":"bike:26","geometry":{"type":"Point","coordinates":[-71.398891,41.827296]},"properties":{"id":"bike:26","kind":"bike","label":"Bike Rack 4 Minden Hall","detail":"16 spaces · other"}},{"type":"Feature","id":"bike:27","geometry":{"type":"Point","coordinates":[-71.401289,41.830118]},"properties":{"id":"bike:27","kind":"bike","label":"Bike Rack 2 New Pembroke 1","detail":"5 spaces · other"}},{"type":"Feature","id":"bike:28","geometry":{"type":"Point","coordinates":[-71.400693,41.830611]},"properties":{"id":"bike:28","kind":"bike","label":"Bike Rack 2 Thayer 315","detail":"33 spaces · other"}},{"type":"Feature","id":"bike:29","geometry":{"type":"Point","coordinates":[-71.399892,41.82999]},"properties":{"id":"bike:29","kind":"bike","label":"Bike Rack 2 Wellness Center","detail":"25 spaces · vertical"}},{"type":"Feature","id":"bike:3","geometry":{"type":"Point","coordinates":[-71.403871,41.824052]},"properties":{"id":"bike:3","kind":"bike","label":"Bike Rack 1 Jameson-mead","detail":"14 spaces · schoolyard"}},{"type":"Feature","id":"bike:30","geometry":{"type":"Point","coordinates":[-71.40224,41.830246]},"properties":{"id":"bike:30","kind":"bike","label":"Bike Rack 3 Miller Hall","detail":"20 spaces · inverted u"}},{"type":"Feature","id":"bike:31","geometry":{"type":"Point","coordinates":[-71.402734,41.830315]},"properties":{"id":"bike:31","kind":"bike","label":"Bike Rack 3 Metcalf Hall","detail":"20 spaces · inverted u"}},{"type":"Feature","id":"bike:32","geometry":{"type":"Point","coordinates":[-71.402356,41.830589]},"properties":{"id":"bike:32","kind":"bike","label":"Bike Rack 3 Andrews Hall","detail":"10 spaces · inverted u"}},{"type":"Feature","id":"bike:33","geometry":{"type":"Point","coordinates":[-71.405033,41.830181]},"properties":{"id":"bike:33","kind":"bike","label":"Bike Rack 3 Machado","detail":"20 spaces · inverted u"}},{"type":"Feature","id":"bike:34","geometry":{"type":"Point","coordinates":[-71.406726,41.823884]},"properties":{"id":"bike:34","kind":"bike","label":"Bike Rack 2 South Main 121","detail":"15 spaces · schoolyard"}},{"type":"Feature","id":"bike:35","geometry":{"type":"Point","coordinates":[-71.404279,41.830116]},"properties":{"id":"bike:35","kind":"bike","label":"Bike Rack 1 Machado","detail":"10 spaces · inverted u"}},{"type":"Feature","id":"bike:36","geometry":{"type":"Point","coordinates":[-71.403385,41.829988]},"properties":{"id":"bike:36","kind":"bike","label":"Bike Rack Brown ST 111","detail":"4 spaces · inverted u"}},{"type":"Feature","id":"bike:37","geometry":{"type":"Point","coordinates":[-71.403224,41.829182]},"properties":{"id":"bike:37","kind":"bike","label":"Bike Rack West House","detail":"11 spaces · schoolyard"}},{"type":"Feature","id":"bike:38","geometry":{"type":"Point","coordinates":[-71.402747,41.829544]},"properties":{"id":"bike:38","kind":"bike","label":"Bike Rack 3 Smith-buonanno Hall","detail":"5 spaces · wave"}},{"type":"Feature","id":"bike:39","geometry":{"type":"Point","coordinates":[-71.402708,41.829546]},"properties":{"id":"bike:39","kind":"bike","label":"Bike Rack 2 Smith-buonanno Hall","detail":"5 spaces · wave"}},{"type":"Feature","id":"bike:4","geometry":{"type":"Point","coordinates":[-71.402274,41.824904]},"properties":{"id":"bike:4","kind":"bike","label":"Bike Rack 6 Wayland House","detail":"6 spaces · other"}},{"type":"Feature","id":"bike:40","geometry":{"type":"Point","coordinates":[-71.402666,41.829551]},"properties":{"id":"bike:40","kind":"bike","label":"Bike Rack Smith-buonanno Hall","detail":"5 spaces · wave"}},{"type":"Feature","id":"bike:41","geometry":{"type":"Point","coordinates":[-71.40263,41.830143]},"properties":{"id":"bike:41","kind":"bike","label":"Bike Rack 1 Metcalf Hall","detail":"17 spaces · inverted u"}},{"type":"Feature","id":"bike:42","geometry":{"type":"Point","coordinates":[-71.402331,41.830175]},"properties":{"id":"bike:42","kind":"bike","label":"Bike Rack 1 Miller Hall","detail":"16 spaces · inverted u"}},{"type":"Feature","id":"bike:43","geometry":{"type":"Point","coordinates":[-71.401959,41.829302]},"properties":{"id":"bike:43","kind":"bike","label":"Bike Rack 1 Emery","detail":"6 spaces · wave"}},{"type":"Feature","id":"bike:44","geometry":{"type":"Point","coordinates":[-71.401616,41.82934]},"properties":{"id":"bike:44","kind":"bike","label":"Bike Rack 6 Emery","detail":"4 spaces · wave"}},{"type":"Feature","id":"bike:45","geometry":{"type":"Point","coordinates":[-71.40157,41.829348]},"properties":{"id":"bike:45","kind":"bike","label":"Bike Rack 7 Emery","detail":"4 spaces · wave"}},{"type":"Feature","id":"bike:46","geometry":{"type":"Point","coordinates":[-71.401611,41.829287]},"properties":{"id":"bike:46","kind":"bike","label":"Bike Rack 2 Emery","detail":"6 spaces · wave"}},{"type":"Feature","id":"bike:47","geometry":{"type":"Point","coordinates":[-71.40134,41.830168]},"properties":{"id":"bike:47","kind":"bike","label":"Bike Rack 1 New Pembroke","detail":"6 spaces · wave"}},{"type":"Feature","id":"bike:48","geometry":{"type":"Point","coordinates":[-71.40161,41.830147]},"properties":{"id":"bike:48","kind":"bike","label":"Bike Rack 1 Champlin","detail":"5 spaces · wave"}},{"type":"Feature","id":"bike:49","geometry":{"type":"Point","coordinates":[-71.401417,41.830451]},"properties":{"id":"bike:49","kind":"bike","label":"Bike Rack New Pembroke 2","detail":"14 spaces · inverted u"}},{"type":"Feature","id":"bike:5","geometry":{"type":"Point","coordinates":[-71.402281,41.824911]},"properties":{"id":"bike:5","kind":"bike","label":"Bike Rack 5 Wayland House","detail":"6 spaces · other"}},{"type":"Feature","id":"bike:50","geometry":{"type":"Point","coordinates":[-71.401898,41.830237]},"properties":{"id":"bike:50","kind":"bike","label":"Bike Rack 4 Champlin","detail":"10 spaces · inverted u"}},{"type":"Feature","id":"bike:51","geometry":{"type":"Point","coordinates":[-71.40081,41.830619]},"properties":{"id":"bike:51","kind":"bike","label":"Bike Rack Thayer 315","detail":"8 spaces · inverted u"}},{"type":"Feature","id":"bike:52","geometry":{"type":"Point","coordinates":[-71.399956,41.830047]},"properties":{"id":"bike:52","kind":"bike","label":"Bike Rack 1 Wellness Center","detail":"2 spaces · inverted u"}},{"type":"Feature","id":"bike:53","geometry":{"type":"Point","coordinates":[-71.399956,41.830047]},"properties":{"id":"bike:53","kind":"bike","label":"Unsure","detail":"2 spaces · inverted u"}},{"type":"Feature","id":"bike:54","geometry":{"type":"Point","coordinates":[-71.398483,41.831169]},"properties":{"id":"bike:54","kind":"bike","label":"Bike Rack Meehan","detail":"7 spaces · inverted u"}},{"type":"Feature","id":"bike:55","geometry":{"type":"Point","coordinates":[-71.398107,41.831342]},"properties":{"id":"bike:55","kind":"bike","label":"Bike Rack Pizzitola","detail":"20 spaces · inverted u"}},{"type":"Feature","id":"bike:56","geometry":{"type":"Point","coordinates":[-71.397689,41.830568]},"properties":{"id":"bike:56","kind":"bike","label":"Bike Rack Olney-margolies Ctr","detail":"14 spaces · inverted u"}},{"type":"Feature","id":"bike:57","geometry":{"type":"Point","coordinates":[-71.397908,41.830403]},"properties":{"id":"bike:57","kind":"bike","label":"Bike Rack 1 Nelson Fitness","detail":"18 spaces · inverted u"}},{"type":"Feature","id":"bike:58","geometry":{"type":"Point","coordinates":[-71.396832,41.830542]},"properties":{"id":"bike:58","kind":"bike","label":"Bike Rack 2 Nelson Fitness","detail":"14 spaces · inverted u"}},{"type":"Feature","id":"bike:59","geometry":{"type":"Point","coordinates":[-71.396953,41.831137]},"properties":{"id":"bike:59","kind":"bike","label":"Bike Rack 2 Olney-margolies Ctr","detail":"11 spaces · schoolyard"}},{"type":"Feature","id":"bike:6","geometry":{"type":"Point","coordinates":[-71.401831,41.825258]},"properties":{"id":"bike:6","kind":"bike","label":"Bike Rack 4 Sears House","detail":"10 spaces · other"}},{"type":"Feature","id":"bike:60","geometry":{"type":"Point","coordinates":[-71.396281,41.831255]},"properties":{"id":"bike:60","kind":"bike","label":"Bike Rack Meister Field","detail":"22 spaces · inverted u"}},{"type":"Feature","id":"bike:61","geometry":{"type":"Point","coordinates":[-71.397877,41.829845]},"properties":{"id":"bike:61","kind":"bike","label":"Bike Rack Stimson 002","detail":"10 spaces · inverted u"}},{"type":"Feature","id":"bike:62","geometry":{"type":"Point","coordinates":[-71.39985,41.829299]},"properties":{"id":"bike:62","kind":"bike","label":"Bike Rack 1 Meeting 242","detail":"4 spaces · inverted u"}},{"type":"Feature","id":"bike:63","geometry":{"type":"Point","coordinates":[-71.399898,41.829299]},"properties":{"id":"bike:63","kind":"bike","label":"Bike Rack 2 Meeting 242","detail":"8 spaces · inverted u"}},{"type":"Feature","id":"bike:64","geometry":{"type":"Point","coordinates":[-71.401708,41.828562]},"properties":{"id":"bike:64","kind":"bike","label":"Bike Rack 2 S Frank Hall Lsb","detail":"6 spaces · inverted u"}},{"type":"Feature","id":"bike:65","geometry":{"type":"Point","coordinates":[-71.401978,41.828598]},"properties":{"id":"bike:65","kind":"bike","label":"Bike Rack 1 Grimshaw","detail":"34 spaces · inverted u"}},{"type":"Feature","id":"bike:66","geometry":{"type":"Point","coordinates":[-71.401992,41.828752]},"properties":{"id":"bike:66","kind":"bike","label":"Bike Rack 2 Grimshaw","detail":"4 spaces · inverted u"}},{"type":"Feature","id":"bike:67","geometry":{"type":"Point","coordinates":[-71.402757,41.82894]},"properties":{"id":"bike:67","kind":"bike","label":"Bike Rack 2 Biomed Ctr","detail":"16 spaces · inverted u"}},{"type":"Feature","id":"bike:68","geometry":{"type":"Point","coordinates":[-71.403152,41.828871]},"properties":{"id":"bike:68","kind":"bike","label":"Bike Rack 1 Biomed Ctr","detail":"10 spaces · schoolyard"}},{"type":"Feature","id":"bike:69","geometry":{"type":"Point","coordinates":[-71.403319,41.828082]},"properties":{"id":"bike:69","kind":"bike","label":"Bike Rack Hillel House","detail":"4 spaces · other"}},{"type":"Feature","id":"bike:7","geometry":{"type":"Point","coordinates":[-71.401409,41.824808]},"properties":{"id":"bike:7","kind":"bike","label":"Bike Rack 3 Marcy House","detail":"10 spaces · other"}},{"type":"Feature","id":"bike:70","geometry":{"type":"Point","coordinates":[-71.402999,41.827594]},"properties":{"id":"bike:70","kind":"bike","label":"Bike Rack 1 J Walter Wilson","detail":"30 spaces · inverted u"}},{"type":"Feature","id":"bike:71","geometry":{"type":"Point","coordinates":[-71.401038,41.828163]},"properties":{"id":"bike:71","kind":"bike","label":"Bike Rack 2 Brown Office Bldg","detail":"40 spaces · inverted u"}},{"type":"Feature","id":"bike:72","geometry":{"type":"Point","coordinates":[-71.402188,41.827755]},"properties":{"id":"bike:72","kind":"bike","label":"Bike Rack Uel","detail":"10 spaces · inverted u"}},{"type":"Feature","id":"bike:73","geometry":{"type":"Point","coordinates":[-71.402392,41.82748]},"properties":{"id":"bike:73","kind":"bike","label":"Bike Rack 2 Norwood House","detail":"6 spaces · post & ring"}},{"type":"Feature","id":"bike:74","geometry":{"type":"Point","coordinates":[-71.402374,41.827374]},"properties":{"id":"bike:74","kind":"bike","label":"Bike Rack Norwood House","detail":"7 spaces · schoolyard"}},{"type":"Feature","id":"bike:75","geometry":{"type":"Point","coordinates":[-71.402438,41.827323]},"properties":{"id":"bike:75","kind":"bike","label":"Bike Rack Walter Hall","detail":"10 spaces · schoolyard"}},{"type":"Feature","id":"bike:76","geometry":{"type":"Point","coordinates":[-71.402637,41.827161]},"properties":{"id":"bike:76","kind":"bike","label":"Bike Rack Walter Hall","detail":"4 spaces · inverted u"}},{"type":"Feature","id":"bike:77","geometry":{"type":"Point","coordinates":[-71.40312,41.827027]},"properties":{"id":"bike:77","kind":"bike","label":"Bike Rack 7 Faunce House","detail":"4 spaces · inverted u"}},{"type":"Feature","id":"bike:78","geometry":{"type":"Point","coordinates":[-71.403289,41.826937]},"properties":{"id":"bike:78","kind":"bike","label":"Bike Rack 2 Faunce House","detail":"8 spaces · inverted u"}},{"type":"Feature","id":"bike:79","geometry":{"type":"Point","coordinates":[-71.403434,41.826927]},"properties":{"id":"bike:79","kind":"bike","label":"Bike Rack 1 Faunce House","detail":"8 spaces · inverted u"}},{"type":"Feature","id":"bike:8","geometry":{"type":"Point","coordinates":[-71.401622,41.824505]},"properties":{"id":"bike:8","kind":"bike","label":"Bike Rack 3 Diman House","detail":"7 spaces · other"}},{"type":"Feature","id":"bike:80","geometry":{"type":"Point","coordinates":[-71.404299,41.827325]},"properties":{"id":"bike:80","kind":"bike","label":"Bike Rack Robinson Hall","detail":"6 spaces · wave"}},{"type":"Feature","id":"bike:81","geometry":{"type":"Point","coordinates":[-71.403888,41.827268]},"properties":{"id":"bike:81","kind":"bike","label":"Bike Rack Waterman 070","detail":"5 spaces · wave"}},{"type":"Feature","id":"bike:82","geometry":{"type":"Point","coordinates":[-71.403853,41.827549]},"properties":{"id":"bike:82","kind":"bike","label":"Bike Rack Fones 010","detail":"2 spaces · wheelwell"}},{"type":"Feature","id":"bike:83","geometry":{"type":"Point","coordinates":[-71.404769,41.826684]},"properties":{"id":"bike:83","kind":"bike","label":"Bike Rack Prospect House","detail":"5 spaces · wave"}},{"type":"Feature","id":"bike:84","geometry":{"type":"Point","coordinates":[-71.405526,41.826335]},"properties":{"id":"bike:84","kind":"bike","label":"Bike Rack 2 List Art","detail":"9 spaces · wave"}},{"type":"Feature","id":"bike:85","geometry":{"type":"Point","coordinates":[-71.405519,41.826434]},"properties":{"id":"bike:85","kind":"bike","label":"Bike Rack 1 List Art","detail":"9 spaces · wave"}},{"type":"Feature","id":"bike:86","geometry":{"type":"Point","coordinates":[-71.404738,41.825845]},"properties":{"id":"bike:86","kind":"bike","label":"Bike Rack 1 Rockefeller Library","detail":"5 spaces · wave"}},{"type":"Feature","id":"bike:87","geometry":{"type":"Point","coordinates":[-71.404725,41.825786]},"properties":{"id":"bike:87","kind":"bike","label":"Bike Rack 4 Rockefeller Library","detail":"5 spaces · wave"}},{"type":"Feature","id":"bike:88","geometry":{"type":"Point","coordinates":[-71.404702,41.825647]},"properties":{"id":"bike:88","kind":"bike","label":"Bike Rack 3 Rockefeller Library","detail":"5 spaces · wave"}},{"type":"Feature","id":"bike:89","geometry":{"type":"Point","coordinates":[-71.404713,41.825573]},"properties":{"id":"bike:89","kind":"bike","label":"Bike Rack 2 Rockefeller Library","detail":"5 spaces · wave"}},{"type":"Feature","id":"bike:9","geometry":{"type":"Point","coordinates":[-71.401963,41.824544]},"properties":{"id":"bike:9","kind":"bike","label":"Bike Rack 2 Olney House","detail":"10 spaces · other"}},{"type":"Feature","id":"bike:90","geometry":{"type":"Point","coordinates":[-71.403872,41.826373]},"properties":{"id":"bike:90","kind":"bike","label":"Bike Rack University Hall","detail":"4 spaces · inverted u"}},{"type":"Feature","id":"bike:91","geometry":{"type":"Point","coordinates":[-71.403478,41.826722]},"properties":{"id":"bike:91","kind":"bike","label":"Bike Rack 5 Faunce House","detail":"36 spaces · wave"}},{"type":"Feature","id":"bike:92","geometry":{"type":"Point","coordinates":[-71.403775,41.825596]},"properties":{"id":"bike:92","kind":"bike","label":"Bike Rack Rhode Island Hall","detail":"10 spaces · wave"}},{"type":"Feature","id":"bike:93","geometry":{"type":"Point","coordinates":[-71.402707,41.826044]},"properties":{"id":"bike:93","kind":"bike","label":"Bike Rack Wilson Hall","detail":"20 spaces · inverted u"}},{"type":"Feature","id":"bike:94","geometry":{"type":"Point","coordinates":[-71.402849,41.826342]},"properties":{"id":"bike:94","kind":"bike","label":"Bike Rack Sayles Hall","detail":"6 spaces · inverted u"}},{"type":"Feature","id":"bike:95","geometry":{"type":"Point","coordinates":[-71.402819,41.826571]},"properties":{"id":"bike:95","kind":"bike","label":"Bike Rack 2 Salomon Ctr","detail":"10 spaces · inverted u"}},{"type":"Feature","id":"bike:96","geometry":{"type":"Point","coordinates":[-71.40274,41.826622]},"properties":{"id":"bike:96","kind":"bike","label":"Bike Rack Salomon Ctr","detail":"18 spaces · inverted u"}},{"type":"Feature","id":"bike:97","geometry":{"type":"Point","coordinates":[-71.402705,41.826802]},"properties":{"id":"bike:97","kind":"bike","label":"Bike Rack 5 Faunce House","detail":"16 spaces · inverted u"}},{"type":"Feature","id":"bike:98","geometry":{"type":"Point","coordinates":[-71.402183,41.827011]},"properties":{"id":"bike:98","kind":"bike","label":"Bike Rack 1 Waterman ST 85","detail":"16 spaces · inverted u"}},{"type":"Feature","id":"bike:99","geometry":{"type":"Point","coordinates":[-71.402155,41.826948]},"properties":{"id":"bike:99","kind":"bike","label":"Bike Rack 3 Waterman ST 85","detail":"12 spaces · inverted u"}},{"type":"Feature","id":"blue-light:1","geometry":{"type":"Point","coordinates":[-71.401084,41.828153]},"properties":{"id":"blue-light:1","kind":"blue-light","label":"Brown Office Building","detail":"164 Angell · strobe","propertyCode":"200428"}},{"type":"Feature","id":"blue-light:10","geometry":{"type":"Point","coordinates":[-71.402232,41.829573]},"properties":{"id":"blue-light:10","kind":"blue-light","label":"Alumnae Hall / Patio","detail":"194 Meeting","propertyCode":"200414"}},{"type":"Feature","id":"blue-light:102","geometry":{"type":"Point","coordinates":[-71.404484,41.827298]},"properties":{"id":"blue-light:102","kind":"blue-light","label":"Robinson Hall","detail":"64 Waterman · strobe","propertyCode":"200448"}},{"type":"Feature","id":"blue-light:103","geometry":{"type":"Point","coordinates":[-71.403193,41.82722]},"properties":{"id":"blue-light:103","kind":"blue-light","label":"Partridge Hall","detail":"68 Brown · strobe","propertyCode":"200560"}},{"type":"Feature","id":"blue-light:104","geometry":{"type":"Point","coordinates":[-71.402994,41.827557]},"properties":{"id":"blue-light:104","kind":"blue-light","label":"Page Robinson","detail":"70 Brown · strobe","propertyCode":"200429"}},{"type":"Feature","id":"blue-light:105","geometry":{"type":"Point","coordinates":[-71.401921,41.827676]},"properties":{"id":"blue-light:105","kind":"blue-light","label":"UEL / Campus Walk","detail":"155 Angell · strobe","propertyCode":"200564"}},{"type":"Feature","id":"blue-light:106","geometry":{"type":"Point","coordinates":[-71.401339,41.827493]},"properties":{"id":"blue-light:106","kind":"blue-light","label":"96 Waterman Street","detail":"96 Waterman · strobe","propertyCode":"200552"}},{"type":"Feature","id":"blue-light:107","geometry":{"type":"Point","coordinates":[-71.401305,41.828314]},"properties":{"id":"blue-light:107","kind":"blue-light","label":"Granoff Center Loading Dock","detail":"164 Angell","propertyCode":"200428"}},{"type":"Feature","id":"blue-light:108","geometry":{"type":"Point","coordinates":[-71.405098,41.830202]},"properties":{"id":"blue-light:108","kind":"blue-light","label":"87 Prospect Street / Front/ Machado","detail":"87 Prospect · strobe","propertyCode":"200474"}},{"type":"Feature","id":"blue-light:109","geometry":{"type":"Point","coordinates":[-71.40451,41.830111]},"properties":{"id":"blue-light:109","kind":"blue-light","label":"87 Prospect Street / Rear/ Machado","detail":"87 Prospect · strobe","propertyCode":"200475"}},{"type":"Feature","id":"blue-light:11","geometry":{"type":"Point","coordinates":[-71.401642,41.829913]},"properties":{"id":"blue-light:11","kind":"blue-light","label":"Verney Wooley Courtyard","detail":"204 Meeting/Thayer · strobe","propertyCode":"200522"}},{"type":"Feature","id":"blue-light:110","geometry":{"type":"Point","coordinates":[-71.401339,41.830317]},"properties":{"id":"blue-light:110","kind":"blue-light","label":"New Pembroke Courtyard","detail":"302 Thayer · strobe","propertyCode":"200486"}},{"type":"Feature","id":"blue-light:111","geometry":{"type":"Point","coordinates":[-71.401707,41.830218]},"properties":{"id":"blue-light:111","kind":"blue-light","label":"Champlin Hall entrance","detail":"204 Meeting/Bowen and Thayer · strobe","propertyCode":"200436"}},{"type":"Feature","id":"blue-light:112","geometry":{"type":"Point","coordinates":[-71.401546,41.829296]},"properties":{"id":"blue-light:112","kind":"blue-light","label":"Emery Hall - Woolley","detail":"204 Meeting · strobe","propertyCode":"200445"}},{"type":"Feature","id":"blue-light:113","geometry":{"type":"Point","coordinates":[-71.403245,41.829079]},"properties":{"id":"blue-light:113","kind":"blue-light","label":"91 Brown St. - West House","detail":"91 Brown · strobe","propertyCode":"200529"}},{"type":"Feature","id":"blue-light:114","geometry":{"type":"Point","coordinates":[-71.402209,41.829323]},"properties":{"id":"blue-light:114","kind":"blue-light","label":"Alumnae Hall / Front","detail":"194 Meeting · strobe","propertyCode":"200413"}},{"type":"Feature","id":"blue-light:115","geometry":{"type":"Point","coordinates":[-71.402264,41.829568]},"properties":{"id":"blue-light:115","kind":"blue-light","label":"Alumnae Hall / Sidewalk","detail":"194 Meeting · strobe","propertyCode":"200415"}},{"type":"Feature","id":"blue-light:116","geometry":{"type":"Point","coordinates":[-71.403393,41.829875]},"properties":{"id":"blue-light:116","kind":"blue-light","label":"111 Brown Street","detail":"111 Brown · strobe","propertyCode":"200430"}},{"type":"Feature","id":"blue-light:117","geometry":{"type":"Point","coordinates":[-71.402643,41.82986]},"properties":{"id":"blue-light:117","kind":"blue-light","label":"Smith-Buonanno / East","detail":"95 Cushing/Brown and Meeting · strobe","propertyCode":"200535"}},{"type":"Feature","id":"blue-light:118","geometry":{"type":"Point","coordinates":[-71.401752,41.830079]},"properties":{"id":"blue-light:118","kind":"blue-light","label":"Morriss-Champlin Archway","detail":"204 Meeting/Bowen and Thayer · strobe","propertyCode":"200485"}},{"type":"Feature","id":"blue-light:119","geometry":{"type":"Point","coordinates":[-71.402321,41.830196]},"properties":{"id":"blue-light:119","kind":"blue-light","label":"Miller Hall","detail":"118 Cushing/Brown and Bowen · strobe","propertyCode":"200565"}},{"type":"Feature","id":"blue-light:12","geometry":{"type":"Point","coordinates":[-71.402375,41.828776]},"properties":{"id":"blue-light:12","kind":"blue-light","label":"Life Sciences/Sidney Frank / Garden Area","detail":"Olive/Meeting · strobe","propertyCode":"200545"}},{"type":"Feature","id":"blue-light:120","geometry":{"type":"Point","coordinates":[-71.402655,41.830213]},"properties":{"id":"blue-light:120","kind":"blue-light","label":"Metcalf Hall","detail":"98 Cushing/Brown and Bowen · strobe","propertyCode":"200561"}},{"type":"Feature","id":"blue-light:121","geometry":{"type":"Point","coordinates":[-71.402682,41.830306]},"properties":{"id":"blue-light:121","kind":"blue-light","label":"Andrews Hall / Terrace / West","detail":"211 Bowen · strobe","propertyCode":"200417"}},{"type":"Feature","id":"blue-light:122","geometry":{"type":"Point","coordinates":[-71.402326,41.830314]},"properties":{"id":"blue-light:122","kind":"blue-light","label":"Andrews Hall / Terrace / East","detail":"211 Bowen · strobe","propertyCode":"200418"}},{"type":"Feature","id":"blue-light:123","geometry":{"type":"Point","coordinates":[-71.402521,41.830657]},"properties":{"id":"blue-light:123","kind":"blue-light","label":"Andrews Hall / Front Entrance","detail":"211 Bowen · strobe","propertyCode":"200416"}},{"type":"Feature","id":"blue-light:124","geometry":{"type":"Point","coordinates":[-71.401795,41.830692]},"properties":{"id":"blue-light:124","kind":"blue-light","label":"Plantations House","detail":"219 Bowen Street · strobe","propertyCode":"200427"}},{"type":"Feature","id":"blue-light:125","geometry":{"type":"Point","coordinates":[-71.399282,41.826574]},"properties":{"id":"blue-light:125","kind":"blue-light","label":"Manning Walkway & Brook Street (Marston?)","detail":"20 Manning · strobe","propertyCode":"200563"}},{"type":"Feature","id":"blue-light:126","geometry":{"type":"Point","coordinates":[-71.397818,41.827197]},"properties":{"id":"blue-light:126","kind":"blue-light","label":"137 Waterman Street","detail":"137 Waterman · strobe","propertyCode":"200523"}},{"type":"Feature","id":"blue-light:127","geometry":{"type":"Point","coordinates":[-71.399829,41.826424]},"properties":{"id":"blue-light:127","kind":"blue-light","label":"Manning Walkway","detail":"167 Thayer · strobe","propertyCode":"200556"}},{"type":"Feature","id":"blue-light:128","geometry":{"type":"Point","coordinates":[-71.399761,41.826738]},"properties":{"id":"blue-light:128","kind":"blue-light","label":"CIT / Front","detail":"115 Waterman · strobe","propertyCode":"200524"}},{"type":"Feature","id":"blue-light:129","geometry":{"type":"Point","coordinates":[-71.398862,41.827178]},"properties":{"id":"blue-light:129","kind":"blue-light","label":"Minden Hall / Parking Lot","detail":"121-123 Waterman · strobe","propertyCode":"200483"}},{"type":"Feature","id":"blue-light:13","geometry":{"type":"Point","coordinates":[-71.400842,41.830699]},"properties":{"id":"blue-light:13","kind":"blue-light","label":"315 Thayer St. Front","detail":"315 Thayer · strobe","propertyCode":"200518"}},{"type":"Feature","id":"blue-light:130","geometry":{"type":"Point","coordinates":[-71.399723,41.829494]},"properties":{"id":"blue-light:130","kind":"blue-light","label":"450 Brook Emergency/Wellness","detail":"450 Brook · strobe","propertyCode":"200540"}},{"type":"Feature","id":"blue-light:131","geometry":{"type":"Point","coordinates":[-71.399698,41.829312]},"properties":{"id":"blue-light:131","kind":"blue-light","label":"450 Brook Corner","detail":"450 Brook · strobe","propertyCode":"200540"}},{"type":"Feature","id":"blue-light:132","geometry":{"type":"Point","coordinates":[-71.396324,41.831266]},"properties":{"id":"blue-light:132","kind":"blue-light","label":"LAX Soccer","detail":"245 Lloyd · strobe","propertyCode":"200540"}},{"type":"Feature","id":"blue-light:133","geometry":{"type":"Point","coordinates":[-71.408468,41.818496]},"properties":{"id":"blue-light:133","kind":"blue-light","label":"222 Richmond - Garage #3 North","detail":"222 Richmond · strobe","propertyCode":"200549"}},{"type":"Feature","id":"blue-light:134","geometry":{"type":"Point","coordinates":[-71.408204,41.818109]},"properties":{"id":"blue-light:134","kind":"blue-light","label":"222 Richmond - Garage #2 South","detail":"strobe","propertyCode":"200546"}},{"type":"Feature","id":"blue-light:135","geometry":{"type":"Point","coordinates":[-71.408446,41.818474]},"properties":{"id":"blue-light:135","kind":"blue-light","label":"222 Richmond - Garage #2 North","detail":"222 Richmond · strobe","propertyCode":"200547"}},{"type":"Feature","id":"blue-light:136","geometry":{"type":"Point","coordinates":[-71.408452,41.818481]},"properties":{"id":"blue-light:136","kind":"blue-light","label":"222 Richmond - Garage #1 North","detail":"222 Richmond · strobe","propertyCode":"200548"}},{"type":"Feature","id":"blue-light:137","geometry":{"type":"Point","coordinates":[-71.408458,41.818486]},"properties":{"id":"blue-light:137","kind":"blue-light","label":"222 Richmond - Garage #4 North","detail":"222 Richmond · strobe","propertyCode":"200550"}},{"type":"Feature","id":"blue-light:138","geometry":{"type":"Point","coordinates":[-71.408518,41.818464]},"properties":{"id":"blue-light:138","kind":"blue-light","label":"222 Richmond - Garage Richmond St","detail":"222 Richmond · strobe","propertyCode":"200505"}},{"type":"Feature","id":"blue-light:14","geometry":{"type":"Point","coordinates":[-71.396776,41.83051]},"properties":{"id":"blue-light:14","kind":"blue-light","label":"Nelson rear","detail":"225 Hope · strobe","propertyCode":"200540"}},{"type":"Feature","id":"blue-light:140","geometry":{"type":"Point","coordinates":[-71.407334,41.821315]},"properties":{"id":"blue-light:140","kind":"blue-light","label":"200 Dyer St Rear","detail":"strobe","propertyCode":"200555"}},{"type":"Feature","id":"blue-light:141","geometry":{"type":"Point","coordinates":[-71.408053,41.821526]},"properties":{"id":"blue-light:141","kind":"blue-light","label":"200 Dyer St front","detail":"strobe","propertyCode":"200554"}},{"type":"Feature","id":"blue-light:143","geometry":{"type":"Point","coordinates":[-71.407779,41.818195]},"properties":{"id":"blue-light:143","kind":"blue-light","label":"43 Elm Station","detail":"strobe","propertyCode":"200553"}},{"type":"Feature","id":"blue-light:144","geometry":{"type":"Point","coordinates":[-71.408463,41.818492]},"properties":{"id":"blue-light:144","kind":"blue-light","label":"222 Richmond - Garage #5 North","detail":"222 Richmond · strobe","propertyCode":"200551"}},{"type":"Feature","id":"blue-light:145","geometry":{"type":"Point","coordinates":[-71.408148,41.819075]},"properties":{"id":"blue-light:145","kind":"blue-light","label":"222 Richmond/Eddy","detail":"strobe","propertyCode":"200507"}},{"type":"Feature","id":"blue-light:15","geometry":{"type":"Point","coordinates":[-71.398167,41.831278]},"properties":{"id":"blue-light:15","kind":"blue-light","label":"Pizzatola Sports Complex/Swim ctr","detail":"233 Hope · strobe","propertyCode":"200497"}},{"type":"Feature","id":"blue-light:150","geometry":{"type":"Point","coordinates":[-71.400599,41.830339]},"properties":{"id":"blue-light:150","kind":"blue-light","label":"Lot# 11 / Thayer St","detail":"307 Thayer · strobe","propertyCode":"200488"}},{"type":"Feature","id":"blue-light:151","geometry":{"type":"Point","coordinates":[-71.388607,41.818251]},"properties":{"id":"blue-light:151","kind":"blue-light","label":"Marston Boat House","detail":"258 India","propertyCode":"200480"}},{"type":"Feature","id":"blue-light:152","geometry":{"type":"Point","coordinates":[-71.399028,41.827309]},"properties":{"id":"blue-light:152","kind":"blue-light","label":"Minden Hall / Front Entrance","detail":"121-123 Waterman · strobe","propertyCode":"200484"}},{"type":"Feature","id":"blue-light:153","geometry":{"type":"Point","coordinates":[-71.399542,41.827259]},"properties":{"id":"blue-light:153","kind":"blue-light","label":"CIT / Loading Dock","detail":"115 Waterman · strobe","propertyCode":"200525"}},{"type":"Feature","id":"blue-light:154","geometry":{"type":"Point","coordinates":[-71.397997,41.829618]},"properties":{"id":"blue-light:154","kind":"blue-light","label":"2 Stimson Avenue","detail":"2 Stimson · strobe","propertyCode":"200515"}},{"type":"Feature","id":"blue-light:155","geometry":{"type":"Point","coordinates":[-71.399298,41.839143]},"properties":{"id":"blue-light:155","kind":"blue-light","label":"Ladd Observatory","detail":"210 Doyle · strobe","propertyCode":"200471"}},{"type":"Feature","id":"blue-light:156","geometry":{"type":"Point","coordinates":[-71.39879,41.822982]},"properties":{"id":"blue-light:156","kind":"blue-light","label":"101 Power (corner Brook and Power)","detail":"Power/Thayer · strobe","propertyCode":"200500"}},{"type":"Feature","id":"blue-light:157","geometry":{"type":"Point","coordinates":[-71.400123,41.830631]},"properties":{"id":"blue-light:157","kind":"blue-light","label":"Lot#11 / Brook St","detail":"strobe","propertyCode":"200489"}},{"type":"Feature","id":"blue-light:158","geometry":{"type":"Point","coordinates":[-71.399477,41.830081]},"properties":{"id":"blue-light:158","kind":"blue-light","label":"Penbroke Fieldhouse","detail":"171 Cushing · strobe","propertyCode":"200492"}},{"type":"Feature","id":"blue-light:159","geometry":{"type":"Point","coordinates":[-71.392271,41.843464]},"properties":{"id":"blue-light:159","kind":"blue-light","label":"Marvel Field / 425 Elmgrove Ave","detail":"425 Elmgrove · strobe","propertyCode":"200536"}},{"type":"Feature","id":"blue-light:16","geometry":{"type":"Point","coordinates":[-71.398673,41.830773]},"properties":{"id":"blue-light:16","kind":"blue-light","label":"Meehan Parking - Front (lot?)","detail":"225 Hope · strobe","propertyCode":"200539"}},{"type":"Feature","id":"blue-light:160","geometry":{"type":"Point","coordinates":[-71.392818,41.842749]},"properties":{"id":"blue-light:160","kind":"blue-light","label":"Lot 88/Brown Stadium","detail":"400 Elmgrove · strobe","propertyCode":"200432"}},{"type":"Feature","id":"blue-light:161","geometry":{"type":"Point","coordinates":[-71.402582,41.825318]},"properties":{"id":"blue-light:161","kind":"blue-light","label":"Corner of George St. and Brown St.","detail":"31 Brown · strobe"}},{"type":"Feature","id":"blue-light:163","geometry":{"type":"Point","coordinates":[-71.401711,41.828119]},"properties":{"id":"blue-light:163","kind":"blue-light","label":"PAC Walkway Angell St","detail":"strobe"}},{"type":"Feature","id":"blue-light:164","geometry":{"type":"Point","coordinates":[-71.399041,41.82394]},"properties":{"id":"blue-light:164","kind":"blue-light","label":"250 Brook St (Chen Family Hall)","detail":"strobe"}},{"type":"Feature","id":"blue-light:165","geometry":{"type":"Point","coordinates":[-71.408955,41.819092]},"properties":{"id":"blue-light:165","kind":"blue-light","label":"222 Richmond/Ship St","detail":"strobe"}},{"type":"Feature","id":"blue-light:166","geometry":{"type":"Point","coordinates":[-71.397244,41.830556]},"properties":{"id":"blue-light:166","kind":"blue-light","label":"OMAC Roof"}},{"type":"Feature","id":"blue-light:167","geometry":{"type":"Point","coordinates":[-71.401758,41.830161]},"properties":{"id":"blue-light:167","kind":"blue-light","label":"Champlain Emerg Basement","detail":"208 Meeting · strobe"}},{"type":"Feature","id":"blue-light:17","geometry":{"type":"Point","coordinates":[-71.403619,41.826928]},"properties":{"id":"blue-light:17","kind":"blue-light","label":"Hope College Gate","detail":"69 Waterman · strobe","propertyCode":"200463"}},{"type":"Feature","id":"blue-light:170","geometry":{"type":"Point","coordinates":[-71.402759,41.824521]},"properties":{"id":"blue-light:170","kind":"blue-light","label":"Archibald","detail":"strobe"}},{"type":"Feature","id":"blue-light:171","geometry":{"type":"Point","coordinates":[-71.402319,41.829737]},"properties":{"id":"blue-light:171","kind":"blue-light","label":"Alumni North","detail":"strobe"}},{"type":"Feature","id":"blue-light:172","geometry":{"type":"Point","coordinates":[-71.399928,41.825065]},"properties":{"id":"blue-light:172","kind":"blue-light","label":"Kassar Park / 151 Thayer Street","detail":"strobe"}},{"type":"Feature","id":"blue-light:18","geometry":{"type":"Point","coordinates":[-71.410271,41.81892]},"properties":{"id":"blue-light:18","kind":"blue-light","label":"70 Ship Street","detail":"70 Ship · strobe","propertyCode":"200512"}},{"type":"Feature","id":"blue-light:19","geometry":{"type":"Point","coordinates":[-71.402965,41.826987]},"properties":{"id":"blue-light:19","kind":"blue-light","label":"Faunce Arch","detail":"75 Waterman · strobe","propertyCode":"200447"}},{"type":"Feature","id":"blue-light:2","geometry":{"type":"Point","coordinates":[-71.398169,41.826169]},"properties":{"id":"blue-light:2","kind":"blue-light","label":"Engineering Research","detail":"167 Thayer · strobe","propertyCode":"200556"}},{"type":"Feature","id":"blue-light:20","geometry":{"type":"Point","coordinates":[-71.403558,41.8254]},"properties":{"id":"blue-light:20","kind":"blue-light","label":"Rhode Island Hall","detail":"56 George · strobe","propertyCode":"200503"}},{"type":"Feature","id":"blue-light:21","geometry":{"type":"Point","coordinates":[-71.403089,41.827982]},"properties":{"id":"blue-light:21","kind":"blue-light","label":"Peter Green / Brown & Angell Streets","detail":"142 Angell · strobe","propertyCode":"200496"}},{"type":"Feature","id":"blue-light:22","geometry":{"type":"Point","coordinates":[-71.400588,41.823446]},"properties":{"id":"blue-light:22","kind":"blue-light","label":"Graduate Center Tower E / East","detail":"42 Charlesfiedl · strobe","propertyCode":"200458"}},{"type":"Feature","id":"blue-light:23","geometry":{"type":"Point","coordinates":[-71.400795,41.82344]},"properties":{"id":"blue-light:23","kind":"blue-light","label":"Graduate Center Tower E / West","detail":"42 Charlesfield · strobe","propertyCode":"200457"}},{"type":"Feature","id":"blue-light:24","geometry":{"type":"Point","coordinates":[-71.403194,41.825151]},"properties":{"id":"blue-light:24","kind":"blue-light","label":"Madock/Nicholson / Annex","detail":"71 Georg side doors · strobe","propertyCode":"200559"}},{"type":"Feature","id":"blue-light:25","geometry":{"type":"Point","coordinates":[-71.402693,41.828948]},"properties":{"id":"blue-light:25","kind":"blue-light","label":"Life Sciences / Meeting Street","detail":"Olive/Meeting · strobe","propertyCode":"200543"}},{"type":"Feature","id":"blue-light:26","geometry":{"type":"Point","coordinates":[-71.40123,41.82857]},"properties":{"id":"blue-light:26","kind":"blue-light","label":"Life Sciences/Sidney Frank/ Olive Street Loading Dock","detail":"Olive/Meeting · strobe","propertyCode":"200544"}},{"type":"Feature","id":"blue-light:27","geometry":{"type":"Point","coordinates":[-71.401959,41.828503]},"properties":{"id":"blue-light:27","kind":"blue-light","label":"Life Sciences/Sidney Frank / Olive Street Walkway","detail":"Olive/Meeting · strobe","propertyCode":"200426"}},{"type":"Feature","id":"blue-light:28","geometry":{"type":"Point","coordinates":[-71.395331,41.832413]},"properties":{"id":"blue-light:28","kind":"blue-light","label":"Athletics Berylson Field","detail":"235 Hope/Lloyd · strobe","propertyCode":"200537"}},{"type":"Feature","id":"blue-light:29","geometry":{"type":"Point","coordinates":[-71.399487,41.823178]},"properties":{"id":"blue-light:29","kind":"blue-light","label":"101B Thayer Street / South/ VGQ B","detail":"101 Thayer · strobe","propertyCode":"200520"}},{"type":"Feature","id":"blue-light:3","geometry":{"type":"Point","coordinates":[-71.39738,41.8262]},"properties":{"id":"blue-light:3","kind":"blue-light","label":"170 Hope","detail":"strobe","propertyCode":"200556"}},{"type":"Feature","id":"blue-light:30","geometry":{"type":"Point","coordinates":[-71.395898,41.824121]},"properties":{"id":"blue-light:30","kind":"blue-light","label":"10 Young Orchard Avenue","detail":"10 Young Orchard · strobe","propertyCode":"200533"}},{"type":"Feature","id":"blue-light:31","geometry":{"type":"Point","coordinates":[-71.401825,41.830433]},"properties":{"id":"blue-light:31","kind":"blue-light","label":"Champlin Hall / North","detail":"204 Meeting/Bowen and Thayer · strobe","propertyCode":"200435"}},{"type":"Feature","id":"blue-light:32","geometry":{"type":"Point","coordinates":[-71.400142,41.825492]},"properties":{"id":"blue-light:32","kind":"blue-light","label":"Kassar","detail":"155 George · strobe","propertyCode":"200451"}},{"type":"Feature","id":"blue-light:33","geometry":{"type":"Point","coordinates":[-71.398782,41.822584]},"properties":{"id":"blue-light:33","kind":"blue-light","label":"Lot #68 - Upper Level - East (Brook)","detail":"Power/Thayer · strobe","propertyCode":"200502"}},{"type":"Feature","id":"blue-light:34","geometry":{"type":"Point","coordinates":[-71.398743,41.822608]},"properties":{"id":"blue-light:34","kind":"blue-light","label":"Lot #68 - Lower Level - East (Brook)","detail":"Power/Thayer · strobe","propertyCode":"200498"}},{"type":"Feature","id":"blue-light:35","geometry":{"type":"Point","coordinates":[-71.39942,41.822597]},"properties":{"id":"blue-light:35","kind":"blue-light","label":"Lot #68 - Lower Level - Middle","detail":"Power/Thayer · strobe","propertyCode":"200501"}},{"type":"Feature","id":"blue-light:36","geometry":{"type":"Point","coordinates":[-71.399867,41.822903]},"properties":{"id":"blue-light:36","kind":"blue-light","label":"Lot #68 - Upper Level - West (Thayer)","detail":"Power/Thayer · strobe","propertyCode":"200500"}},{"type":"Feature","id":"blue-light:37","geometry":{"type":"Point","coordinates":[-71.399888,41.822857]},"properties":{"id":"blue-light:37","kind":"blue-light","label":"Lot #68 - Lower Level - West (Thayer)","detail":"Power/Thayer · strobe","propertyCode":"200499"}},{"type":"Feature","id":"blue-light:38","geometry":{"type":"Point","coordinates":[-71.399792,41.823536]},"properties":{"id":"blue-light:38","kind":"blue-light","label":"101B Thayer Street/ VGQ B","detail":"101 Thayer B · strobe","propertyCode":"200521"}},{"type":"Feature","id":"blue-light:39","geometry":{"type":"Point","coordinates":[-71.399874,41.823704]},"properties":{"id":"blue-light:39","kind":"blue-light","label":"101A Thayer Street/VGQ A","detail":"101 Thayer A · strobe","propertyCode":"200519"}},{"type":"Feature","id":"blue-light:4","geometry":{"type":"Point","coordinates":[-71.40171,41.827102]},"properties":{"id":"blue-light:4","kind":"blue-light","label":"Hunter/Bert building","detail":"85 waterman · strobe","propertyCode":"100000"}},{"type":"Feature","id":"blue-light:40","geometry":{"type":"Point","coordinates":[-71.399553,41.824329]},"properties":{"id":"blue-light:40","kind":"blue-light","label":"Watson Institute / Charlesfield Street","detail":"111 Thayer · strobe","propertyCode":"200542"}},{"type":"Feature","id":"blue-light:41","geometry":{"type":"Point","coordinates":[-71.400097,41.824429]},"properties":{"id":"blue-light:41","kind":"blue-light","label":"Watson Institute / Thayer Street","detail":"111 Thayer · strobe","propertyCode":"200541"}},{"type":"Feature","id":"blue-light:42","geometry":{"type":"Point","coordinates":[-71.395796,41.824373]},"properties":{"id":"blue-light:42","kind":"blue-light","label":"T.F.Green","detail":"7 Young Orchard · strobe","propertyCode":"200516"}},{"type":"Feature","id":"blue-light:43","geometry":{"type":"Point","coordinates":[-71.396838,41.823305]},"properties":{"id":"blue-light:43","kind":"blue-light","label":"Steinert Music Center","detail":"148 Power · strobe","propertyCode":"200514"}},{"type":"Feature","id":"blue-light:44","geometry":{"type":"Point","coordinates":[-71.396841,41.824183]},"properties":{"id":"blue-light:44","kind":"blue-light","label":"2 Young Orchard Avenue","detail":"2 Young Orchard · strobe","propertyCode":"200530"}},{"type":"Feature","id":"blue-light:45","geometry":{"type":"Point","coordinates":[-71.39622,41.824123]},"properties":{"id":"blue-light:45","kind":"blue-light","label":"4 Young Orchard Avenue / East","detail":"4 Young Orchard · strobe","propertyCode":"200532"}},{"type":"Feature","id":"blue-light:46","geometry":{"type":"Point","coordinates":[-71.396521,41.824098]},"properties":{"id":"blue-light:46","kind":"blue-light","label":"4 Young Orchard Avenue / West","detail":"4 Young Orchard · strobe","propertyCode":"200531"}},{"type":"Feature","id":"blue-light:47","geometry":{"type":"Point","coordinates":[-71.396232,41.823887]},"properties":{"id":"blue-light:47","kind":"blue-light","label":"Perkins Hall / North","detail":"154 power st · strobe","propertyCode":"200493"}},{"type":"Feature","id":"blue-light:48","geometry":{"type":"Point","coordinates":[-71.396248,41.823433]},"properties":{"id":"blue-light:48","kind":"blue-light","label":"Perkins Hall / South","detail":"156 Power · strobe","propertyCode":"200495"}},{"type":"Feature","id":"blue-light:49","geometry":{"type":"Point","coordinates":[-71.396298,41.823672]},"properties":{"id":"blue-light:49","kind":"blue-light","label":"Perkins Hall / Middle","detail":"156 Power · strobe","propertyCode":"200494"}},{"type":"Feature","id":"blue-light:5","geometry":{"type":"Point","coordinates":[-71.398588,41.830295]},"properties":{"id":"blue-light:5","kind":"blue-light","label":"Katherine Coleman Aquatics Ctr - Front","detail":"225 Hope · strobe","propertyCode":"100000"}},{"type":"Feature","id":"blue-light:50","geometry":{"type":"Point","coordinates":[-71.397292,41.823531]},"properties":{"id":"blue-light:50","kind":"blue-light","label":"Giddings House 128 Hope Street","detail":"128 Hope · strobe","propertyCode":"200557"}},{"type":"Feature","id":"blue-light:51","geometry":{"type":"Point","coordinates":[-71.397999,41.824013]},"properties":{"id":"blue-light:51","kind":"blue-light","label":"Barbour Hall","detail":"100 Charlesfield · strobe","propertyCode":"200422"}},{"type":"Feature","id":"blue-light:52","geometry":{"type":"Point","coordinates":[-71.398187,41.824151]},"properties":{"id":"blue-light:52","kind":"blue-light","label":"75 Charlesfield Street / Front","detail":"75 Charlesfield · strobe","propertyCode":"200440"}},{"type":"Feature","id":"blue-light:53","geometry":{"type":"Point","coordinates":[-71.398218,41.824319]},"properties":{"id":"blue-light:53","kind":"blue-light","label":"75 Charlesfield Street / Rear","detail":"75 Charlesfield · strobe","propertyCode":"200439"}},{"type":"Feature","id":"blue-light:54","geometry":{"type":"Point","coordinates":[-71.397392,41.824924]},"properties":{"id":"blue-light:54","kind":"blue-light","label":"King House","detail":"154 Hope · strobe","propertyCode":"200470"}},{"type":"Feature","id":"blue-light:55","geometry":{"type":"Point","coordinates":[-71.399999,41.824884]},"properties":{"id":"blue-light:55","kind":"blue-light","label":"135 Thayer Street","detail":"135 Thayer · strobe","propertyCode":"200517"}},{"type":"Feature","id":"blue-light:56","geometry":{"type":"Point","coordinates":[-71.399882,41.825203]},"properties":{"id":"blue-light:56","kind":"blue-light","label":"151 Thayer Street / Park/Kassar","detail":"151 Thayer · strobe","propertyCode":"200469"}},{"type":"Feature","id":"blue-light:57","geometry":{"type":"Point","coordinates":[-71.399596,41.825301]},"properties":{"id":"blue-light:57","kind":"blue-light","label":"155 George Street Lot 62","detail":"155 George · strobe","propertyCode":"200450"}},{"type":"Feature","id":"blue-light:58","geometry":{"type":"Point","coordinates":[-71.399126,41.825403]},"properties":{"id":"blue-light:58","kind":"blue-light","label":"Hirchfield House","detail":"163 George · strobe","propertyCode":"200452"}},{"type":"Feature","id":"blue-light:59","geometry":{"type":"Point","coordinates":[-71.399275,41.825991]},"properties":{"id":"blue-light:59","kind":"blue-light","label":"Geo-Chem / Loading Dock","detail":"156 George · strobe","propertyCode":"200449"}},{"type":"Feature","id":"blue-light:6","geometry":{"type":"Point","coordinates":[-71.405535,41.829914]},"properties":{"id":"blue-light:6","kind":"blue-light","label":"84 Prospect Street/Rochambeau","detail":"84 Prospect · strobe","propertyCode":"200508"}},{"type":"Feature","id":"blue-light:60","geometry":{"type":"Point","coordinates":[-71.40109,41.823274]},"properties":{"id":"blue-light:60","kind":"blue-light","label":"Graduate Center Bar/ Loading dock","detail":"42 Charlesfield · strobe","propertyCode":"200456"}},{"type":"Feature","id":"blue-light:61","geometry":{"type":"Point","coordinates":[-71.400347,41.823249]},"properties":{"id":"blue-light:61","kind":"blue-light","label":"Graduate Center Tower C / Lower Level","detail":"Thayer and Power · strobe","propertyCode":"200454"}},{"type":"Feature","id":"blue-light:62","geometry":{"type":"Point","coordinates":[-71.40039,41.823603]},"properties":{"id":"blue-light:62","kind":"blue-light","label":"Graduate Center Tower D / Lower Level","detail":"Thayer and Charlesfield · strobe","propertyCode":"200455"}},{"type":"Feature","id":"blue-light:63","geometry":{"type":"Point","coordinates":[-71.400775,41.825585]},"properties":{"id":"blue-light:63","kind":"blue-light","label":"Hegeman B / South","detail":"128 George · strobe","propertyCode":"200461"}},{"type":"Feature","id":"blue-light:64","geometry":{"type":"Point","coordinates":[-71.400272,41.825861]},"properties":{"id":"blue-light:64","kind":"blue-light","label":"MacMillian Hall / Front","detail":"167 Thayer · strobe","propertyCode":"200476"}},{"type":"Feature","id":"blue-light:65","geometry":{"type":"Point","coordinates":[-71.40074,41.826015]},"properties":{"id":"blue-light:65","kind":"blue-light","label":"Caswell Hall (South)","detail":"168 Thayer · strobe","propertyCode":"200434"}},{"type":"Feature","id":"blue-light:66","geometry":{"type":"Point","coordinates":[-71.400786,41.825913]},"properties":{"id":"blue-light:66","kind":"blue-light","label":"Hegeman D / Courtyard","detail":"185 Thayer · strobe","propertyCode":"200460"}},{"type":"Feature","id":"blue-light:67","geometry":{"type":"Point","coordinates":[-71.400507,41.824475]},"properties":{"id":"blue-light:67","kind":"blue-light","label":"Chapin House","detail":"116 Thayer · strobe","propertyCode":"200437"}},{"type":"Feature","id":"blue-light:68","geometry":{"type":"Point","coordinates":[-71.400306,41.824127]},"properties":{"id":"blue-light:68","kind":"blue-light","label":"Harkness / Chapin","detail":"27 Brown/Charlesfield and Thayer · strobe","propertyCode":"200438"}},{"type":"Feature","id":"blue-light:69","geometry":{"type":"Point","coordinates":[-71.400708,41.824083]},"properties":{"id":"blue-light:69","kind":"blue-light","label":"Harkness House/Hall","detail":"27 Brown/Charlesfield and Thayer · strobe","propertyCode":"200459"}},{"type":"Feature","id":"blue-light:70","geometry":{"type":"Point","coordinates":[-71.40136,41.824238]},"properties":{"id":"blue-light:70","kind":"blue-light","label":"Goddard House","detail":"27 Brown/Charlesfield · strobe","propertyCode":"200453"}},{"type":"Feature","id":"blue-light:71","geometry":{"type":"Point","coordinates":[-71.401696,41.824415]},"properties":{"id":"blue-light:71","kind":"blue-light","label":"Diman House","detail":"27 Brown/Charlesfield and George · strobe","propertyCode":"200444"}},{"type":"Feature","id":"blue-light:72","geometry":{"type":"Point","coordinates":[-71.402057,41.824618]},"properties":{"id":"blue-light:72","kind":"blue-light","label":"Olney House","detail":"27 Brown · strobe","propertyCode":"200490"}},{"type":"Feature","id":"blue-light:73","geometry":{"type":"Point","coordinates":[-71.402161,41.824601]},"properties":{"id":"blue-light:73","kind":"blue-light","label":"Buxton House","detail":"27 Brown · strobe","propertyCode":"200433"}},{"type":"Feature","id":"blue-light:74","geometry":{"type":"Point","coordinates":[-71.402515,41.824015]},"properties":{"id":"blue-light:74","kind":"blue-light","label":"Health Services/Andrews","detail":"13 Brown · strobe","propertyCode":"200419"}},{"type":"Feature","id":"blue-light:75","geometry":{"type":"Point","coordinates":[-71.403776,41.824182]},"properties":{"id":"blue-light:75","kind":"blue-light","label":"Jameson-Mead / Lower Courtyard","detail":"11 Benevolent · strobe","propertyCode":"200467"}},{"type":"Feature","id":"blue-light:76","geometry":{"type":"Point","coordinates":[-71.40328,41.824149]},"properties":{"id":"blue-light:76","kind":"blue-light","label":"Everett-Poland / Upper Courtyard","detail":"11 Benevolent · strobe","propertyCode":"200446"}},{"type":"Feature","id":"blue-light:77","geometry":{"type":"Point","coordinates":[-71.402961,41.824153]},"properties":{"id":"blue-light:77","kind":"blue-light","label":"Archibald House / Upper Courtyard","detail":"11 Benevolent/ Brown · strobe","propertyCode":"200420"}},{"type":"Feature","id":"blue-light:79","geometry":{"type":"Point","coordinates":[-71.401384,41.824671]},"properties":{"id":"blue-light:79","kind":"blue-light","label":"Marcy House","detail":"27 Brown/Charlesfield and George · strobe","propertyCode":"200479"}},{"type":"Feature","id":"blue-light:8","geometry":{"type":"Point","coordinates":[-71.404381,41.82773]},"properties":{"id":"blue-light:8","kind":"blue-light","label":"Corliss 45 Prospect","detail":"45 Prospect · strobe","propertyCode":"200443"}},{"type":"Feature","id":"blue-light:80","geometry":{"type":"Point","coordinates":[-71.402246,41.825206]},"properties":{"id":"blue-light:80","kind":"blue-light","label":"Wayland House / North","detail":"27 Brown · strobe","propertyCode":"200527"}},{"type":"Feature","id":"blue-light:81","geometry":{"type":"Point","coordinates":[-71.401297,41.825318]},"properties":{"id":"blue-light:81","kind":"blue-light","label":"George Street Gate/Sears","detail":"27 Brown/George · strobe","propertyCode":"200504"}},{"type":"Feature","id":"blue-light:82","geometry":{"type":"Point","coordinates":[-71.40169,41.825221]},"properties":{"id":"blue-light:82","kind":"blue-light","label":"Sears House","detail":"27 Brown/George · strobe","propertyCode":"200511"}},{"type":"Feature","id":"blue-light:83","geometry":{"type":"Point","coordinates":[-71.402192,41.824834]},"properties":{"id":"blue-light:83","kind":"blue-light","label":"Wayland House / South","detail":"27 Brown · strobe","propertyCode":"200526"}},{"type":"Feature","id":"blue-light:84","geometry":{"type":"Point","coordinates":[-71.402499,41.824988]},"properties":{"id":"blue-light:84","kind":"blue-light","label":"Wayland House / Archway","detail":"27 Brown · strobe","propertyCode":"200528"}},{"type":"Feature","id":"blue-light:85","geometry":{"type":"Point","coordinates":[-71.402796,41.824784]},"properties":{"id":"blue-light:85","kind":"blue-light","label":"26 Benevolent Street/Sarah Doyle","detail":"26 Benevolent · strobe","propertyCode":"200423"}},{"type":"Feature","id":"blue-light:86","geometry":{"type":"Point","coordinates":[-71.40439,41.825205]},"properties":{"id":"blue-light:86","kind":"blue-light","label":"Horace Mann","detail":"47-49 George · strobe","propertyCode":"200465"}},{"type":"Feature","id":"blue-light:87","geometry":{"type":"Point","coordinates":[-71.402905,41.825143]},"properties":{"id":"blue-light:87","kind":"blue-light","label":"Maddock Alumnae / Front","detail":"38 Brown/George · strobe","propertyCode":"200558"}},{"type":"Feature","id":"blue-light:88","geometry":{"type":"Point","coordinates":[-71.403396,41.825196]},"properties":{"id":"blue-light:88","kind":"blue-light","label":"Nicholson House / West","detail":"71 George · strobe","propertyCode":"200487"}},{"type":"Feature","id":"blue-light:89","geometry":{"type":"Point","coordinates":[-71.402883,41.826325]},"properties":{"id":"blue-light:89","kind":"blue-light","label":"Sayles Hall","detail":"Main Green · strobe","propertyCode":"200510"}},{"type":"Feature","id":"blue-light:90","geometry":{"type":"Point","coordinates":[-71.402092,41.825559]},"properties":{"id":"blue-light:90","kind":"blue-light","label":"Littlefield Hall","detail":"102 George · strobe","propertyCode":"200473"}},{"type":"Feature","id":"blue-light:91","geometry":{"type":"Point","coordinates":[-71.40375,41.825849]},"properties":{"id":"blue-light:91","kind":"blue-light","label":"Slater Hall","detail":"69 Waterman/Prospect and George · strobe","propertyCode":"200513"}},{"type":"Feature","id":"blue-light:92","geometry":{"type":"Point","coordinates":[-71.405237,41.826385]},"properties":{"id":"blue-light:92","kind":"blue-light","label":"List Art Center / Loading Dock","detail":"56-64 College · strobe","propertyCode":"200472"}},{"type":"Feature","id":"blue-light:93","geometry":{"type":"Point","coordinates":[-71.405194,41.826272]},"properties":{"id":"blue-light:93","kind":"blue-light","label":"John Hay Library / Rear","detail":"20 Prospect · strobe","propertyCode":"200468"}},{"type":"Feature","id":"blue-light:94","geometry":{"type":"Point","coordinates":[-71.404685,41.826057]},"properties":{"id":"blue-light:94","kind":"blue-light","label":"Rockefeller Library","detail":"10 Prospect · strobe","propertyCode":"200509"}},{"type":"Feature","id":"blue-light:95","geometry":{"type":"Point","coordinates":[-71.403789,41.826652]},"properties":{"id":"blue-light:95","kind":"blue-light","label":"Hope College","detail":"71 waterman · strobe","propertyCode":"200462"}},{"type":"Feature","id":"blue-light:96","geometry":{"type":"Point","coordinates":[-71.401358,41.82652]},"properties":{"id":"blue-light:96","kind":"blue-light","label":"Lincoln Field, Simmons Quad","detail":"188 Thayer · strobe","propertyCode":"200481"}},{"type":"Feature","id":"blue-light:97","geometry":{"type":"Point","coordinates":[-71.403485,41.828252]},"properties":{"id":"blue-light:97","kind":"blue-light","label":"Hillel House / Olive Street Parking Lot","detail":"80 Brown · strobe","propertyCode":"200534"}},{"type":"Feature","id":"blue-light:98","geometry":{"type":"Point","coordinates":[-71.402654,41.828455]},"properties":{"id":"blue-light:98","kind":"blue-light","label":"Bio-Med / Loading Dock","detail":"34 Olive","propertyCode":"200425"}},{"type":"Feature","id":"blue-light:99","geometry":{"type":"Point","coordinates":[-71.400618,41.827001]},"properties":{"id":"blue-light:99","kind":"blue-light","label":"Metcalf Chemistry Lab.","detail":"190 Thayer · strobe","propertyCode":"200482"}},{"type":"Feature","id":"dining:ANDREWHALL","geometry":{"type":"Point","coordinates":[-71.402512,41.830569]},"properties":{"id":"dining:ANDREWHALL","kind":"dining","label":"Andrews Hall","detail":"Andrews Commons (Ground Floor)","propertyCode":"100103","placeIds":["andrews-commons","andrews-hall"]}},{"type":"Feature","id":"dining:ENGRESCTR","geometry":{"type":"Point","coordinates":[-71.398401,41.826368]},"properties":{"id":"dining:ENGRESCTR","kind":"dining","label":"Engineering Research Ctr","detail":"School of Engineering Café (Ground Floor)","propertyCode":"100331","placeIds":["engineering-research-center"]}},{"type":"Feature","id":"dining:FACULTCLUB","geometry":{"type":"Point","coordinates":[-71.403711,41.824779]},"properties":{"id":"dining:FACULTCLUB","kind":"dining","label":"Faculty Club","detail":"Faculty Club","propertyCode":"100282","placeIds":["faculty-club"]}},{"type":"Feature","id":"dining:FAUNCEHSE","geometry":{"type":"Point","coordinates":[-71.402872,41.826856]},"properties":{"id":"dining:FAUNCEHSE","kind":"dining","label":"Faunce House","detail":"Blue Room (First Floor), Gourmet to Go (Basement)","propertyCode":"100044","placeIds":["blue-room","stephen-robert-62-campus-center"]}},{"type":"Feature","id":"dining:NELSONFIT","geometry":{"type":"Point","coordinates":[-71.397488,41.830237]},"properties":{"id":"dining:NELSONFIT","kind":"dining","label":"Nelson Fitness Ctr","detail":"Poppy's","propertyCode":"100227","placeIds":["coleman-aquatics-center","nelson-fitness-center"]}},{"type":"Feature","id":"dining:ROBERTHALL","geometry":{"type":"Point","coordinates":[-71.399178,41.82434]},"properties":{"id":"dining:ROBERTHALL","kind":"dining","label":"Robert Hall","detail":"Anne's Cafe (Ground Floor)","propertyCode":"100333","placeIds":["stephen-robert-hall"]}},{"type":"Feature","id":"dining:ROCKLIB","geometry":{"type":"Point","coordinates":[-71.405082,41.8257]},"properties":{"id":"dining:ROCKLIB","kind":"dining","label":"Rockefeller Library","detail":"Café Cart (First Floor)","propertyCode":"100288","placeIds":["john-d-rockefeller-jr-library"]}},{"type":"Feature","id":"dining:SCILIB","geometry":{"type":"Point","coordinates":[-71.400136,41.826937]},"properties":{"id":"dining:SCILIB","kind":"dining","label":"Sciences Library","detail":"Friedman Café (Ground Floor)","propertyCode":"100086","placeIds":["sciences-library"]}},{"type":"Feature","id":"dining:SHARPEREF","geometry":{"type":"Point","coordinates":[-71.400812,41.825088]},"properties":{"id":"dining:SHARPEREF","kind":"dining","label":"Sharpe Refectory","detail":"Sharpe Refectory (First Floor), Ivy Room (Basement)","propertyCode":"100276","placeIds":["ivy-room","sharpe-refectory"]}},{"type":"Feature","id":"dining:VERN-WOOL","geometry":{"type":"Point","coordinates":[-71.401402,41.829797]},"properties":{"id":"dining:VERN-WOOL","kind":"dining","label":"VERN-WOOL","detail":"Verney-Wooley (Basement)"}},{"type":"Feature","id":"dining:VGQUADA","geometry":{"type":"Point","coordinates":[-71.399336,41.823527]},"properties":{"id":"dining:VGQUADA","kind":"dining","label":"Gregorian Quad A","detail":"Josiah's (Ground Floor), Little Jo's (Ground Floor)","propertyCode":"100036","placeIds":["vartan-gregorian-quad-a"]}},{"type":"Feature","id":"hydration:223","geometry":{"type":"Point","coordinates":[-71.40222,41.830231]},"properties":{"id":"hydration:223","kind":"hydration","label":"Miller Hall","propertyCode":"100179","placeIds":["miller-hall"]}},{"type":"Feature","id":"hydration:224","geometry":{"type":"Point","coordinates":[-71.401802,41.83027]},"properties":{"id":"hydration:224","kind":"hydration","label":"Champlin Hall","propertyCode":"100119","placeIds":["champlin-hall"]}},{"type":"Feature","id":"hydration:225","geometry":{"type":"Point","coordinates":[-71.401425,41.830626]},"properties":{"id":"hydration:225","kind":"hydration","label":"3 New Pembroke","propertyCode":"100194","placeIds":["new-pembroke-3"]}},{"type":"Feature","id":"hydration:226","geometry":{"type":"Point","coordinates":[-71.401141,41.83043]},"properties":{"id":"hydration:226","kind":"hydration","label":"4 New Pembroke","propertyCode":"100221","placeIds":["new-pembroke-4"]}},{"type":"Feature","id":"hydration:227","geometry":{"type":"Point","coordinates":[-71.401716,41.829975]},"properties":{"id":"hydration:227","kind":"hydration","label":"Morriss Hall","propertyCode":"100097","placeIds":["morriss-hall"]}},{"type":"Feature","id":"hydration:228","geometry":{"type":"Point","coordinates":[-71.40167,41.829619]},"properties":{"id":"hydration:228","kind":"hydration","label":"Woolley Hall","propertyCode":"100126","placeIds":["woolley-hall"]}},{"type":"Feature","id":"hydration:229","geometry":{"type":"Point","coordinates":[-71.403001,41.828271]},"properties":{"id":"hydration:229","kind":"hydration","label":"Sharpe House","propertyCode":"100210","placeIds":["sharpe-house"]}},{"type":"Feature","id":"hydration:230","geometry":{"type":"Point","coordinates":[-71.403879,41.82674]},"properties":{"id":"hydration:230","kind":"hydration","label":"Hope College","propertyCode":"100045","placeIds":["hope-college"]}},{"type":"Feature","id":"hydration:231","geometry":{"type":"Point","coordinates":[-71.403857,41.825802]},"properties":{"id":"hydration:231","kind":"hydration","label":"Slater Hall","propertyCode":"100060","placeIds":["slater-hall"]}},{"type":"Feature","id":"hydration:232","geometry":{"type":"Point","coordinates":[-71.402024,41.825697]},"properties":{"id":"hydration:232","kind":"hydration","label":"Littlefield Hall","propertyCode":"100046","placeIds":["littlefield-hall"]}},{"type":"Feature","id":"hydration:233","geometry":{"type":"Point","coordinates":[-71.400869,41.826017]},"properties":{"id":"hydration:233","kind":"hydration","label":"Caswell Hall","propertyCode":"100004","placeIds":["caswell-hall"]}},{"type":"Feature","id":"hydration:234","geometry":{"type":"Point","coordinates":[-71.401985,41.824638]},"properties":{"id":"hydration:234","kind":"hydration","label":"Olney House","propertyCode":"100033","placeIds":["olney-house"]}},{"type":"Feature","id":"hydration:235","geometry":{"type":"Point","coordinates":[-71.402443,41.824569]},"properties":{"id":"hydration:235","kind":"hydration","label":"Buxton House","propertyCode":"100174","placeIds":["buxton-house"]}},{"type":"Feature","id":"hydration:236","geometry":{"type":"Point","coordinates":[-71.401614,41.824425]},"properties":{"id":"hydration:236","kind":"hydration","label":"Diman House","propertyCode":"100164","placeIds":["diman-house"]}},{"type":"Feature","id":"hydration:237","geometry":{"type":"Point","coordinates":[-71.401312,41.824702]},"properties":{"id":"hydration:237","kind":"hydration","label":"Marcy House","propertyCode":"100193","placeIds":["marcy-house"]}},{"type":"Feature","id":"hydration:238","geometry":{"type":"Point","coordinates":[-71.400436,41.824528]},"properties":{"id":"hydration:238","kind":"hydration","label":"Chapin House","propertyCode":"100163","placeIds":["chapin-house"]}},{"type":"Feature","id":"hydration:239","geometry":{"type":"Point","coordinates":[-71.400681,41.824029]},"properties":{"id":"hydration:239","kind":"hydration","label":"Harkness House","propertyCode":"100219","placeIds":["harkness-house"]}},{"type":"Feature","id":"hydration:240","geometry":{"type":"Point","coordinates":[-71.403372,41.824205]},"properties":{"id":"hydration:240","kind":"hydration","label":"Everett-Poland House","propertyCode":"100263","placeIds":["everett-poland-building"]}},{"type":"Feature","id":"hydration:241","geometry":{"type":"Point","coordinates":[-71.403865,41.824223]},"properties":{"id":"hydration:241","kind":"hydration","label":"Jameson-Mead House","propertyCode":"100057","placeIds":["jameson-mead-building"]}},{"type":"Feature","id":"hydration:242","geometry":{"type":"Point","coordinates":[-71.401047,41.823596]},"properties":{"id":"hydration:242","kind":"hydration","label":"Grad Ctr B","propertyCode":"100108","placeIds":["graduate-center-b"]}},{"type":"Feature","id":"hydration:243","geometry":{"type":"Point","coordinates":[-71.400426,41.823678]},"properties":{"id":"hydration:243","kind":"hydration","label":"Grad Ctr D","propertyCode":"100206","placeIds":["graduate-center-d"]}},{"type":"Feature","id":"hydration:244","geometry":{"type":"Point","coordinates":[-71.400346,41.823192]},"properties":{"id":"hydration:244","kind":"hydration","label":"Grad Ctr C","propertyCode":"100176","placeIds":["graduate-center-c"]}},{"type":"Feature","id":"hydration:245","geometry":{"type":"Point","coordinates":[-71.400972,41.823118]},"properties":{"id":"hydration:245","kind":"hydration","label":"Grad Ctr A","propertyCode":"100082","placeIds":["graduate-center-a"]}},{"type":"Feature","id":"hydration:246","geometry":{"type":"Point","coordinates":[-71.399847,41.823165]},"properties":{"id":"hydration:246","kind":"hydration","label":"Gregorian Quad B","propertyCode":"100061","placeIds":["josiahs","vartan-gregorian-quad-b"]}},{"type":"Feature","id":"hydration:247","geometry":{"type":"Point","coordinates":[-71.399469,41.823807]},"properties":{"id":"hydration:247","kind":"hydration","label":"Gregorian Quad A","propertyCode":"100036","placeIds":["vartan-gregorian-quad-a"]}},{"type":"Feature","id":"hydration:248","geometry":{"type":"Point","coordinates":[-71.397885,41.823975]},"properties":{"id":"hydration:248","kind":"hydration","label":"Barbour Hall","propertyCode":"100129","placeIds":["barbour-hall"]}},{"type":"Feature","id":"hydration:249","geometry":{"type":"Point","coordinates":[-71.396214,41.8237]},"properties":{"id":"hydration:249","kind":"hydration","label":"Perkins Hall","propertyCode":"100222","placeIds":["perkins-hall"]}},{"type":"Feature","id":"hydration:ANDREWHALL","geometry":{"type":"Point","coordinates":[-71.402512,41.830569]},"properties":{"id":"hydration:ANDREWHALL","kind":"hydration","label":"Andrews Hall","detail":"Lower Level to the right of the dining area, 1st floor above dining area near restrooms","propertyCode":"100103","placeIds":["andrews-commons","andrews-hall"]}},{"type":"Feature","id":"hydration:ENGRESCTR","geometry":{"type":"Point","coordinates":[-71.398401,41.826368]},"properties":{"id":"hydration:ENGRESCTR","kind":"hydration","label":"Engineering Research Ctr","detail":"Near restrooms on the Ground floor, 1st floor, 2nd floor, 3rd floor","propertyCode":"100331","placeIds":["engineering-research-center"]}},{"type":"Feature","id":"hydration:FAUNCEHSE","geometry":{"type":"Point","coordinates":[-71.402872,41.826856]},"properties":{"id":"hydration:FAUNCEHSE","kind":"hydration","label":"Faunce House","detail":"Lower level, 1st floor near Blue Room (tap), 2nd floor, 3rd floor","propertyCode":"100044","placeIds":["blue-room","stephen-robert-62-campus-center"]}},{"type":"Feature","id":"hydration:FRIEDMAN","geometry":{"type":"Point","coordinates":[-71.402579,41.825921]},"properties":{"id":"hydration:FRIEDMAN","kind":"hydration","label":"Friedman Hall","detail":"Near restrooms on Lower level, 1st floor, second floor","propertyCode":"100013","placeIds":["friedman-hall"]}},{"type":"Feature","id":"hydration:GRNFCAC","geometry":{"type":"Point","coordinates":[-71.40147,41.82825]},"properties":{"id":"hydration:GRNFCAC","kind":"hydration","label":"Granoff Ctr","detail":"1st floor, 3N, 4N","propertyCode":"100305","placeIds":["perry-and-marty-granoff-center-for-the-creative-arts"]}},{"type":"Feature","id":"hydration:JHAYLIB","geometry":{"type":"Point","coordinates":[-71.405001,41.8264]},"properties":{"id":"hydration:JHAYLIB","kind":"hydration","label":"John Hay Library","detail":"1st floor","propertyCode":"100122","placeIds":["john-hay-library"]}},{"type":"Feature","id":"hydration:KQARCHBRON","geometry":{"type":"Point","coordinates":[-71.402866,41.824319]},"properties":{"id":"hydration:KQARCHBRON","kind":"hydration","label":"Archibald-Bronson House","propertyCode":"100258","placeIds":["archibald-bronson-house"]}},{"type":"Feature","id":"hydration:METRSCHBLD","geometry":{"type":"Point","coordinates":[-71.400694,41.826721]},"properties":{"id":"hydration:METRSCHBLD","kind":"hydration","label":"Metcalf Research","detail":"Lower level, 1st floor, 2nd floor, 3rd floor, 4th floor","propertyCode":"100136","placeIds":["metcalf-research-building"]}},{"type":"Feature","id":"hydration:NELSONFIT","geometry":{"type":"Point","coordinates":[-71.397488,41.830237]},"properties":{"id":"hydration:NELSONFIT","kind":"hydration","label":"Nelson Fitness Ctr","detail":"Lower level outside the pool and on the 1st and 2nd floors","propertyCode":"100227","placeIds":["coleman-aquatics-center","nelson-fitness-center"]}},{"type":"Feature","id":"hydration:ORWIG","geometry":{"type":"Point","coordinates":[-71.396711,41.824525]},"properties":{"id":"hydration:ORWIG","kind":"hydration","label":"Orwig Music Hall","detail":"2nd floor","propertyCode":"100010","placeIds":["orwig-music-hall"]}},{"type":"Feature","id":"hydration:PIZZITOLA","geometry":{"type":"Point","coordinates":[-71.398079,41.831708]},"properties":{"id":"hydration:PIZZITOLA","kind":"hydration","label":"Pizzitola Sports Ctr","detail":"1st and 2nd floors","propertyCode":"100267","placeIds":["pizzitola-sports-center"]}},{"type":"Feature","id":"hydration:ROBERTHALL","geometry":{"type":"Point","coordinates":[-71.399178,41.82434]},"properties":{"id":"hydration:ROBERTHALL","kind":"hydration","label":"Robert Hall","detail":"1st floor, 2nd floor, 3rd floor","propertyCode":"100333","placeIds":["stephen-robert-hall"]}},{"type":"Feature","id":"hydration:ROCKLIB","geometry":{"type":"Point","coordinates":[-71.405082,41.8257]},"properties":{"id":"hydration:ROCKLIB","kind":"hydration","label":"Rockefeller Library","detail":"Lower level","propertyCode":"100288","placeIds":["john-d-rockefeller-jr-library"]}},{"type":"Feature","id":"hydration:SALOMON","geometry":{"type":"Point","coordinates":[-71.402451,41.826501]},"properties":{"id":"hydration:SALOMON","kind":"hydration","label":"Salomon Ctr","detail":"Fountains only on Lower level, 1st floor","propertyCode":"100050","placeIds":["salomon-center-for-teaching"]}},{"type":"Feature","id":"hydration:SAYLESHALL","geometry":{"type":"Point","coordinates":[-71.40258,41.826222]},"properties":{"id":"hydration:SAYLESHALL","kind":"hydration","label":"Sayles Hall","detail":"Fountain only on Lower level","propertyCode":"100158","placeIds":["sayles-hall","wilson-hall"]}},{"type":"Feature","id":"hydration:SHARPEHSE","geometry":{"type":"Point","coordinates":[-71.4024,41.828132]},"properties":{"id":"hydration:SHARPEHSE","kind":"hydration","label":"The Lindemann Performing Arts Center","detail":"1st floor","propertyCode":"100336","placeIds":["lindemann-performing-arts-center"]}},{"type":"Feature","id":"hydration:STERNLICHT","geometry":{"type":"Point","coordinates":[-71.399976,41.829503]},"properties":{"id":"hydration:STERNLICHT","kind":"hydration","label":"Sternlicht Commons","propertyCode":"100338","placeIds":["sternlicht-commons"]}},{"type":"Feature","id":"hydration:WATER085","geometry":{"type":"Point","coordinates":[-71.401909,41.826887]},"properties":{"id":"hydration:WATER085","kind":"hydration","label":"85 Waterman","detail":"1st floor, 2nd floor, 3rd floor","propertyCode":"100274","placeIds":["85-waterman-street"]}},{"type":"Feature","id":"lactation:192","geometry":{"type":"Point","coordinates":[-71.410034,41.818757]},"properties":{"id":"lactation:192","kind":"lactation","label":"Laboratories for Molecular Medicine","detail":"A lactation/privacy room for Biomed faculty, staff and students is located at Laboratories for Molecular Medicine at 70 Ship Street, room 123."}},{"type":"Feature","id":"lactation:ANDREWSMEM","geometry":{"type":"Point","coordinates":[-71.395557,41.832953]},"properties":{"id":"lactation:ANDREWSMEM","kind":"lactation","label":"Andrews Memorial Building","detail":"Room 104∙ Lockable door, chair and bench. A sink is located across from the room.","propertyCode":"100135"}},{"type":"Feature","id":"lactation:BENE026","geometry":{"type":"Point","coordinates":[-71.402861,41.824717]},"properties":{"id":"lactation:BENE026","kind":"lactation","label":"26 Benevolent","detail":"Room 205∙ Requires reservation, Lockable door, an outlet, chair & table, and a sink nearby","propertyCode":"100142","placeIds":["sarah-doyle-center-for-women-and-gender"]}},{"type":"Feature","id":"lactation:BIOMEDCTR","geometry":{"type":"Point","coordinates":[-71.402909,41.828596]},"properties":{"id":"lactation:BIOMEDCTR","kind":"lactation","label":"BioMedical Ctr","detail":"Room 203∙ Reservation required. Card access is required after business hours including weekends/holidays. Lockable door, chair and bench and refrigerator∙ A sink is located across the hall.","propertyCode":"100091","placeIds":["biomedical-center"]}},{"type":"Feature","id":"lactation:DYERST225","geometry":{"type":"Point","coordinates":[-71.408811,41.820206]},"properties":{"id":"lactation:DYERST225","kind":"lactation","label":"Providence Innovation Ctr","detail":"Room 567∙ Reservation required, schedule via the Google calendar link below. This lactation room includes a lockable door, outlet, chair and a sink is nearby. SPS card access only.","propertyCode":"100347","placeIds":["wexford-innovation-complex"]}},{"type":"Feature","id":"lactation:ENGRESCTR","geometry":{"type":"Point","coordinates":[-71.398401,41.826368]},"properties":{"id":"lactation:ENGRESCTR","kind":"lactation","label":"Engineering Research Ctr","detail":"Room 203 ∙ Reservation required∙ This Wellness room contains a lockable door, an outlet, chair, sink with countertop, refrigerator and microwave","propertyCode":"100331","placeIds":["engineering-research-center"]}},{"type":"Feature","id":"lactation:RICHMND222","geometry":{"type":"Point","coordinates":[-71.408579,41.818874]},"properties":{"id":"lactation:RICHMND222","kind":"lactation","label":"Warren Alpert Medical School","detail":"Room 268 ∙ Reservation required. This room includes a comfortable chair, a small table and a refrigerator. There is also a restroom located on this floor.","propertyCode":"100152","placeIds":["warren-alpert-medical-school"]}},{"type":"Feature","id":"lactation:ROCKLIB","geometry":{"type":"Point","coordinates":[-71.405082,41.8257]},"properties":{"id":"lactation:ROCKLIB","kind":"lactation","label":"Rockefeller Library","detail":"Room Number: 213 Reservation Required: No. This room contains a lockable door, an outlet, chair, sink with countertop, and a refrigerator. The key is kept at the Circulation Desk and must be returned after each use","propertyCode":"100288","placeIds":["john-d-rockefeller-jr-library"]}},{"type":"Feature","id":"lactation:SMAIN121","geometry":{"type":"Point","coordinates":[-71.406991,41.824191]},"properties":{"id":"lactation:SMAIN121","kind":"lactation","label":"121 South Main","detail":"Room 361 Fridge, sink, soft seating, adjustable laptop table","propertyCode":"100228","placeIds":["121-south-main-street"]}},{"type":"Feature","id":"lactation:SMAIN155","geometry":{"type":"Point","coordinates":[-71.406644,41.823603]},"properties":{"id":"lactation:SMAIN155","kind":"lactation","label":"South Main 155","detail":"Room 171, 155 So Main Street Soft seating, adjustable laptop table, building is card accessible only"}},{"type":"Feature","id":"lactation:SOUTHSTLD","geometry":{"type":"Point","coordinates":[-71.405962,41.818373]},"properties":{"id":"lactation:SOUTHSTLD","kind":"lactation","label":"South Street Landing","detail":"Rooms 436, 536, and 636 ∙ Reservation required. Room usage can be scheduled through Google Calendar in the same manner as reserving a conference or huddle room ∙ Each space contains a lockable door, an outlet, chair, sink with countertop…","propertyCode":"100322","placeIds":["south-street-landing"]}},{"type":"Feature","id":"lactation:WATER085","geometry":{"type":"Point","coordinates":[-71.401909,41.826887]},"properties":{"id":"lactation:WATER085","kind":"lactation","label":"85 Waterman","detail":"Room 228∙ Reservation required. Lockable door, outlets, comfortable chair, table and small refrigerator. A sink is located close by.","propertyCode":"100274","placeIds":["85-waterman-street"]}},{"type":"Feature","id":"menstrual:ANGELL164","geometry":{"type":"Point","coordinates":[-71.400983,41.828286]},"properties":{"id":"menstrual:ANGELL164","kind":"menstrual","label":"164 Angell","detail":"3rd and 4th floor","propertyCode":"100144"}},{"type":"Feature","id":"menstrual:BH","geometry":{"type":"Point","coordinates":[-71.397826,41.826505]},"properties":{"id":"menstrual:BH","kind":"menstrual","label":"Barus & Holley","detail":"1st, 3rd, 7th floors","propertyCode":"100077","placeIds":["barus-holley"]}},{"type":"Feature","id":"menstrual:BIOMEDCTR","geometry":{"type":"Point","coordinates":[-71.402909,41.828596]},"properties":{"id":"menstrual:BIOMEDCTR","kind":"menstrual","label":"BioMedical Ctr","detail":"Basement","propertyCode":"100091","placeIds":["biomedical-center"]}},{"type":"Feature","id":"menstrual:BROWN068H","geometry":{"type":"Point","coordinates":[-71.403351,41.827369]},"properties":{"id":"menstrual:BROWN068H","kind":"menstrual","label":"68 1/2 Brown","detail":"in restroom","propertyCode":"100140"}},{"type":"Feature","id":"menstrual:CHURCHILL","geometry":{"type":"Point","coordinates":[-71.401544,41.827759]},"properties":{"id":"menstrual:CHURCHILL","kind":"menstrual","label":"Churchill House","detail":"second floor unisex restroom","propertyCode":"100081","placeIds":["churchill-house"]}},{"type":"Feature","id":"menstrual:CORLISS-B","geometry":{"type":"Point","coordinates":[-71.404438,41.827561]},"properties":{"id":"menstrual:CORLISS-B","kind":"menstrual","label":"CORLISS-B","detail":"3rd and 4th floor"}},{"type":"Feature","id":"menstrual:ENGRESCTR","geometry":{"type":"Point","coordinates":[-71.398401,41.826368]},"properties":{"id":"menstrual:ENGRESCTR","kind":"menstrual","label":"Engineering Research Ctr","detail":"1st, 2nd, and 3rd floors","propertyCode":"100331","placeIds":["engineering-research-center"]}},{"type":"Feature","id":"menstrual:FAUNCEHSE","geometry":{"type":"Point","coordinates":[-71.402872,41.826856]},"properties":{"id":"menstrual:FAUNCEHSE","kind":"menstrual","label":"Faunce House","detail":"basement and 2nd floor","propertyCode":"100044","placeIds":["blue-room","stephen-robert-62-campus-center"]}},{"type":"Feature","id":"menstrual:FRIEDMAN","geometry":{"type":"Point","coordinates":[-71.402579,41.825921]},"properties":{"id":"menstrual:FRIEDMAN","kind":"menstrual","label":"Friedman Hall","detail":"1st floor","propertyCode":"100013","placeIds":["friedman-hall"]}},{"type":"Feature","id":"menstrual:GEO-CHEM","geometry":{"type":"Point","coordinates":[-71.399516,41.825834]},"properties":{"id":"menstrual:GEO-CHEM","kind":"menstrual","label":"GEO-CHEM","detail":"all floors"}},{"type":"Feature","id":"menstrual:GEORGE180","geometry":{"type":"Point","coordinates":[-71.398779,41.825888]},"properties":{"id":"menstrual:GEORGE180","kind":"menstrual","label":"180 George","detail":"basement","propertyCode":"100236","placeIds":["180-george-street"]}},{"type":"Feature","id":"menstrual:GRADCTRE","geometry":{"type":"Point","coordinates":[-71.400651,41.823347]},"properties":{"id":"menstrual:GRADCTRE","kind":"menstrual","label":"Grad Ctr E","detail":"bathroom of building, also in graduate student pantry","propertyCode":"100273"}},{"type":"Feature","id":"menstrual:GRNFCAC","geometry":{"type":"Point","coordinates":[-71.40147,41.82825]},"properties":{"id":"menstrual:GRNFCAC","kind":"menstrual","label":"Granoff Ctr","detail":"1st floor","propertyCode":"100305","placeIds":["perry-and-marty-granoff-center-for-the-creative-arts"]}},{"type":"Feature","id":"menstrual:HOPE170","geometry":{"type":"Point","coordinates":[-71.397566,41.826022]},"properties":{"id":"menstrual:HOPE170","kind":"menstrual","label":"170 Hope","detail":"1st floor","propertyCode":"100326","placeIds":["applied-math-building"]}},{"type":"Feature","id":"menstrual:LISTART","geometry":{"type":"Point","coordinates":[-71.405396,41.826405]},"properties":{"id":"menstrual:LISTART","kind":"menstrual","label":"List Art","detail":"basement, 3rd, 4th, and 5th floors","propertyCode":"100020","placeIds":["list-art-building"]}},{"type":"Feature","id":"menstrual:MACMILLAN","geometry":{"type":"Point","coordinates":[-71.400069,41.826008]},"properties":{"id":"menstrual:MACMILLAN","kind":"menstrual","label":"Macmillan Hall","detail":"1st, 2nd, and 3rd floors","propertyCode":"100032","placeIds":["macmillan-hall"]}},{"type":"Feature","id":"menstrual:METRSCHBLD","geometry":{"type":"Point","coordinates":[-71.400694,41.826721]},"properties":{"id":"menstrual:METRSCHBLD","kind":"menstrual","label":"Metcalf Research","detail":"1st floor","propertyCode":"100136","placeIds":["metcalf-research-building"]}},{"type":"Feature","id":"menstrual:NELSONFIT","geometry":{"type":"Point","coordinates":[-71.397488,41.830237]},"properties":{"id":"menstrual:NELSONFIT","kind":"menstrual","label":"Nelson Fitness Ctr","detail":"1st floor","propertyCode":"100227","placeIds":["coleman-aquatics-center","nelson-fitness-center"]}},{"type":"Feature","id":"menstrual:OMAC","geometry":{"type":"Point","coordinates":[-71.397279,41.831096]},"properties":{"id":"menstrual:OMAC","kind":"menstrual","label":"Olney-Margolies Athletic Ctr","detail":"1st floor","propertyCode":"100059","placeIds":["olney-margolies-athletic-center"]}},{"type":"Feature","id":"menstrual:ORWIG","geometry":{"type":"Point","coordinates":[-71.396711,41.824525]},"properties":{"id":"menstrual:ORWIG","kind":"menstrual","label":"Orwig Music Hall","detail":"3rd floor","propertyCode":"100010","placeIds":["orwig-music-hall"]}},{"type":"Feature","id":"menstrual:PAGEROBHLL","geometry":{"type":"Point","coordinates":[-71.40281,41.827475]},"properties":{"id":"menstrual:PAGEROBHLL","kind":"menstrual","label":"Page-Robinson Hall","detail":"all floors except 1st","propertyCode":"100031","placeIds":["page-robinson-hall"]}},{"type":"Feature","id":"menstrual:RICHMND222","geometry":{"type":"Point","coordinates":[-71.408579,41.818874]},"properties":{"id":"menstrual:RICHMND222","kind":"menstrual","label":"Warren Alpert Medical School","detail":"1st and 2nd floors","propertyCode":"100152","placeIds":["warren-alpert-medical-school"]}},{"type":"Feature","id":"menstrual:RIHALL","geometry":{"type":"Point","coordinates":[-71.403877,41.825454]},"properties":{"id":"menstrual:RIHALL","kind":"menstrual","label":"Rhode Island Hall","detail":"basement","propertyCode":"100099","placeIds":["rhode-island-hall"]}},{"type":"Feature","id":"menstrual:ROBERTHALL","geometry":{"type":"Point","coordinates":[-71.399178,41.82434]},"properties":{"id":"menstrual:ROBERTHALL","kind":"menstrual","label":"Robert Hall","detail":"1st floor","propertyCode":"100333","placeIds":["stephen-robert-hall"]}},{"type":"Feature","id":"menstrual:ROCKLIB","geometry":{"type":"Point","coordinates":[-71.405082,41.8257]},"properties":{"id":"menstrual:ROCKLIB","kind":"menstrual","label":"Rockefeller Library","detail":"3rd floor","propertyCode":"100288","placeIds":["john-d-rockefeller-jr-library"]}},{"type":"Feature","id":"menstrual:SALOMON","geometry":{"type":"Point","coordinates":[-71.402451,41.826501]},"properties":{"id":"menstrual:SALOMON","kind":"menstrual","label":"Salomon Ctr","detail":"basement","propertyCode":"100050","placeIds":["salomon-center-for-teaching"]}},{"type":"Feature","id":"menstrual:SFRANKHLSB","geometry":{"type":"Point","coordinates":[-71.401583,41.828687]},"properties":{"id":"menstrual:SFRANKHLSB","kind":"menstrual","label":"Sidney E. Frank Hall For Life Sciences","detail":"1st, 2nd, 3rd, 4th, and 5th floors","propertyCode":"100114","placeIds":["sidney-frank-hall"]}},{"type":"Feature","id":"menstrual:SMAIN121","geometry":{"type":"Point","coordinates":[-71.406991,41.824191]},"properties":{"id":"menstrual:SMAIN121","kind":"menstrual","label":"121 South Main","detail":"all floors except 5th floor","propertyCode":"100228","placeIds":["121-south-main-street"]}},{"type":"Feature","id":"menstrual:STEINERT","geometry":{"type":"Point","coordinates":[-71.39685,41.82342]},"properties":{"id":"menstrual:STEINERT","kind":"menstrual","label":"Steinert Ctr","detail":"in restroom","propertyCode":"100153","placeIds":["steinert-hall"]}},{"type":"Feature","id":"menstrual:STERNLICHT","geometry":{"type":"Point","coordinates":[-71.399976,41.829503]},"properties":{"id":"menstrual:STERNLICHT","kind":"menstrual","label":"Sternlicht Commons","detail":"first floor","propertyCode":"100338","placeIds":["sternlicht-commons"]}},{"type":"Feature","id":"menstrual:WATSONCIT","geometry":{"type":"Point","coordinates":[-71.399532,41.827021]},"properties":{"id":"menstrual:WATSONCIT","kind":"menstrual","label":"Watson Ctr For Info Tech","detail":"all floors","propertyCode":"100073","placeIds":["watson-center-for-information-technology"]}},{"type":"Feature","id":"narcan:1","geometry":{"type":"Point","coordinates":[-71.4088,41.82013]},"properties":{"id":"narcan:1","kind":"narcan","label":"225 Dyer St","detail":"5th floor of 225 Dyer St *Also contains Narcan for opioid overdose Enter the building and go to the elevators in the center of the lobby. Go to the 5th floor and it is right by the elevators"}},{"type":"Feature","id":"narcan:10","geometry":{"type":"Point","coordinates":[-71.398194,41.824293]},"properties":{"id":"narcan:10","kind":"narcan","label":"Department of Public Safety: REAR","detail":"2nd floor (up the first set of stairs) on the right of the door *Also contains Narcan for opioid overdose Go through the driveway on the right of the building off of Charlesfield Street and navigate around the building through Parking Lot…"}},{"type":"Feature","id":"narcan:11","geometry":{"type":"Point","coordinates":[-71.399101,41.827608]},"properties":{"id":"narcan:11","kind":"narcan","label":"118 Waterman EHS","detail":"2nd floor in the admin area, past the office cubicles on the left hand side When you enter the EHS building, walk up the stairs to the second floor. Take a left immediately and walk through the office cubicles until you get to the back…"}},{"type":"Feature","id":"narcan:18","geometry":{"type":"Point","coordinates":[-71.402399,41.825592]},"properties":{"id":"narcan:18","kind":"narcan","label":"John Carter Brown Library","detail":"First floor, right next to elevator *Also contains Narcan for opioid overdose When you enter 94 George Street from the Main Green entrance, take a straight shot back to the elevator and it is on the wall to your left. CR2 AED"}},{"type":"Feature","id":"narcan:19","geometry":{"type":"Point","coordinates":[-71.404959,41.825712]},"properties":{"id":"narcan:19","kind":"narcan","label":"John D. Rockefeller Jr. Library","detail":"Lobby entrance along the wall facing the doors *Also contains Narcan for opioid overdose When you enter from Prospect St through the revolving door, it is on the wall immediately in front behind the chairs and tables CR2 AED"}},{"type":"Feature","id":"narcan:2","geometry":{"type":"Point","coordinates":[-71.40254,41.83055]},"properties":{"id":"narcan:2","kind":"narcan","label":"Andrews Hall","detail":"Dining hall level. Ground floor. *Also contains Narcan for opioid overdose Walk into front door of Andrews dining. Keep walking straight it is on the left hand wall. Next to stairs and elevator. CR2 AED"}},{"type":"Feature","id":"narcan:20","geometry":{"type":"Point","coordinates":[-71.40486,41.826392]},"properties":{"id":"narcan:20","kind":"narcan","label":"John Hay Library","detail":"First floor behind the security desk *Also contains Narcan for opioid overdose When you enter at the Prospect St entrance through the double doors, go straight through the lobby to the security desk. It is behind the desk on the right wall…"}},{"type":"Feature","id":"narcan:21","geometry":{"type":"Point","coordinates":[-71.39936,41.82321]},"properties":{"id":"narcan:21","kind":"narcan","label":"Josiah's Dining","detail":"Right next to entrance to Josiah’s cafeteria area. 1st floor. *Also contains Narcan for opioid overdose Walk into Josiah’s through entrance from Vartan Gregorian Quad. Keep walking through seated area until you get to the cafeteria. AED is…"}},{"type":"Feature","id":"narcan:22","geometry":{"type":"Point","coordinates":[-71.43571,41.79579]},"properties":{"id":"narcan:22","kind":"narcan","label":"Library Collections Annex","detail":"Inside of processing area *Also contains Narcan for opioid overdose Enter building main door, take the door to your right, go left (to the end of the hall), then take the door to the right. You will find the AED along the back wall in room…"}},{"type":"Feature","id":"narcan:29","geometry":{"type":"Point","coordinates":[-71.38876,41.81829]},"properties":{"id":"narcan:29","kind":"narcan","label":"Marston Boathouse","detail":"1st floor right inside the entrance (by the stair 2 exit sign) *Also contains Narcan for opioid overdose When you enter the boat house driveway, walk through the door on the side of the building facing the water and the AED will be on the…"}},{"type":"Feature","id":"narcan:3","geometry":{"type":"Point","coordinates":[-71.40085,41.82836]},"properties":{"id":"narcan:3","kind":"narcan","label":"Brown Bookstore","detail":"1st floor right next to elevators *Also contains Narcan for opioid overdose Walk into bookstore from main entrance. Keep walking straight past the check out station. After the checkout counter, there will be a glass door on your left.…"}},{"type":"Feature","id":"narcan:30","geometry":{"type":"Point","coordinates":[-71.39874,41.831094]},"properties":{"id":"narcan:30","kind":"narcan","label":"Meehan Auditorium: Main Entrance","detail":"Ground level, right next to the main entrance *Also contains Narcan for opioid overdose Walk into the main entrance of Meehan from the Quad (Into the Berylson Lobby). It is immediately next to the main entrance on your right hand side CR2…"}},{"type":"Feature","id":"narcan:31","geometry":{"type":"Point","coordinates":[-71.39901,41.83141]},"properties":{"id":"narcan:31","kind":"narcan","label":"Meehan Auditorium: Training Room","detail":"By the training room, in cabinet in Kitchenette area. *Also contains Narcan for opioid overdose Walk into training room hallway until you see kitchen on right hand side. There is a cabinet you will open that says AED on it. CR2 AED"}},{"type":"Feature","id":"narcan:32","geometry":{"type":"Point","coordinates":[-71.39759,41.83022]},"properties":{"id":"narcan:32","kind":"narcan","label":"Nelson Fitness Center: Pool","detail":"On the pool level. On the side of the pool without the scoreboard. *Also contains Narcan for opioid overdose Walk into pool from main entrance. Walk on the left side of the pool deck. It is on the wall about half way down the deck. CR2 AED"}},{"type":"Feature","id":"narcan:33","geometry":{"type":"Point","coordinates":[-71.397865,41.830162]},"properties":{"id":"narcan:33","kind":"narcan","label":"Nelson Fitness Center: Lobby","detail":"Right outside of elevator on the opposite wall. On the lobby floor. *Also contains Narcan for opioid overdose Walk through lobby continue walking. When you turn to the stairs that go to the pool it will be on your left hand side. Facing…"}},{"type":"Feature","id":"narcan:34","geometry":{"type":"Point","coordinates":[-71.397885,41.830045]},"properties":{"id":"narcan:34","kind":"narcan","label":"Nelson Fitness Center: Gym Level","detail":"Top floor, gym level, in hallway that leads to bathrooms. *Also contains Narcan for opioid overdose Walk into the main entrance and go upstairs to the gym. Once in the gym, turn left and keep walking. On your left hand side there will be a…"}},{"type":"Feature","id":"narcan:35","geometry":{"type":"Point","coordinates":[-71.397209,41.831223]},"properties":{"id":"narcan:35","kind":"narcan","label":"Olney-Margolies Athletic Center","detail":"By the track. Right next to door that leads to the lobby stairs. *Also contains Narcan for opioid overdose Enter through the lobby. Go down the stairs to enter the track. The AED is on the south wall (the wall that you walk out) directly…"}},{"type":"Feature","id":"narcan:36","geometry":{"type":"Point","coordinates":[-71.396707,41.824627]},"properties":{"id":"narcan:36","kind":"narcan","label":"Orwig Music Library","detail":"1st floor on the left in the main entryway *Also contains Narcan for opioid overdose When you enter the Orwig Music Library at the main entrance on Young Orchard Avenue, it is through the second set of double doors on the wall immediately…"}},{"type":"Feature","id":"narcan:37","geometry":{"type":"Point","coordinates":[-71.40275,41.82742]},"properties":{"id":"narcan:37","kind":"narcan","label":"Page-Robinson Hall: Lobby","detail":"next to elevator on same wall, next to cardboard box drop off. Directly in front of front door *Also contains Narcan for opioid overdose Go into front door and keep walking about 10 steps, you will walk right up to it CR2 AED"}},{"type":"Feature","id":"narcan:38","geometry":{"type":"Point","coordinates":[-71.402777,41.827566]},"properties":{"id":"narcan:38","kind":"narcan","label":"Page Robinson Hall: 5th Floor","detail":"5th floor through the doors of the Student Accessibility Services office *Also contains Narcan for opioid overdose When you enter the building on the Brown Street side, go straight ahead and take the elevator up to the 5th floor. Take a…"}},{"type":"Feature","id":"narcan:39","geometry":{"type":"Point","coordinates":[-71.39811,41.83161]},"properties":{"id":"narcan:39","kind":"narcan","label":"Pizzitola Sports Center: 1st Floor","detail":"Directly outside of gym on the large score board side *Also contains Narcan for opioid overdose Walk into main entrance of the Pizzatola turn, left until you get to a hallway, turn right and then the AED is on your right hand side next to…"}},{"type":"Feature","id":"narcan:40","geometry":{"type":"Point","coordinates":[-71.398204,41.831698]},"properties":{"id":"narcan:40","kind":"narcan","label":"Pizzitola Sports Center: 3rd Floor","detail":"3rd floor, right next to stairs *Also contains Narcan for opioid overdose Enter the pizzatola from the main entrance and walk up the stairs on the left hand side of the building (door to stairs says “to upper levels”) keep walking straight…"}},{"type":"Feature","id":"narcan:41","geometry":{"type":"Point","coordinates":[-71.40693,41.82416]},"properties":{"id":"narcan:41","kind":"narcan","label":"School of Public Health: Lobby","detail":"1st Floor left of entrance door *Also contains Narcan for opioid overdose When you enter School of Public Health, you enter, turn left and the AED is by the entrance CR2 AED"}},{"type":"Feature","id":"narcan:43","geometry":{"type":"Point","coordinates":[-71.407035,41.824111]},"properties":{"id":"narcan:43","kind":"narcan","label":"School of Public Health: 3rd Floor","detail":"3rd floor outside elevator *Also contains Narcan for opioid overdose Go into the School and take the elevator to the 3rd floor. It is to the left with an opioid rescue kit. CR2 AED / OPIOID RESCUE KIT"}},{"type":"Feature","id":"narcan:48","geometry":{"type":"Point","coordinates":[-71.400167,41.826973]},"properties":{"id":"narcan:48","kind":"narcan","label":"Sciences Library","detail":"Science Library Lobby in the corner by the revolving entrance facing science park *Also contains Narcan for opioid overdose If entering from the Science Park, walk through the revolving doors and on the wall to the left. If entering from…"}},{"type":"Feature","id":"narcan:49","geometry":{"type":"Point","coordinates":[-71.40076,41.82514]},"properties":{"id":"narcan:49","kind":"narcan","label":"Sharpe Refectory","detail":"First floor, on same wall as front door to Ratty. Right behind the person who swipes your key. Across from “Greens” Section. *Also contains Narcan for opioid overdose Walk into the Sharpe Refectory from the main entrance on Wriston Quad.…"}},{"type":"Feature","id":"narcan:5","geometry":{"type":"Point","coordinates":[-71.40336,41.82808]},"properties":{"id":"narcan:5","kind":"narcan","label":"Brown RISD Hillel","detail":"Right across from from door *Plus Narcan for opioid overdose Enter Hillel keep walking straight it is right on the wall across from front door"}},{"type":"Feature","id":"narcan:50","geometry":{"type":"Point","coordinates":[-71.40238,41.82901]},"properties":{"id":"narcan:50","kind":"narcan","label":"Sidney E Frank Hall For Life Sciences","detail":"2nd Flr Main Lobby *Also contains narcan for opioid overdose When entering from Meeting St it is on your right, next to the fire boxes CR2 AED"}},{"type":"Feature","id":"narcan:51","geometry":{"type":"Point","coordinates":[-71.405747,41.818498]},"properties":{"id":"narcan:51","kind":"narcan","label":"South Street Landing: 4th Floor","detail":"fourth floor outside of elevators (east set) *Also contains Narcan for opioid overdose When you enter the building at the entrance that is to the left of the brown shuttle stop (guest entrance), walk down a hallway to the left, round a…"}},{"type":"Feature","id":"narcan:52","geometry":{"type":"Point","coordinates":[-71.40623,41.81831]},"properties":{"id":"narcan:52","kind":"narcan","label":"South Street Landing: 6th Floor","detail":"6th floor on the wall next to elevators (west set) *Also contains Narcan for opioid overdose Take guest entrance (left from shuttle stop), then take the west elevators up to the AED CR2 AED"}},{"type":"Feature","id":"narcan:53","geometry":{"type":"Point","coordinates":[-71.40306,41.82686]},"properties":{"id":"narcan:53","kind":"narcan","label":"Stephen Robert Campus Center","detail":"Next to elevator, on first floor, right out front of the blue room *Also contains Narcan for opioid overdose Walk into the main doors, walk up the half flight of stairs to get to the reception desk, keep walking past elevator, it is on the…"}},{"type":"Feature","id":"narcan:54","geometry":{"type":"Point","coordinates":[-71.40385,41.826264]},"properties":{"id":"narcan:54","kind":"narcan","label":"University Hall","detail":"1st floor, near accessibility entrance *Also contains Narcan for opioid rescue enter accessibility entrance, walk past the two open doors, AED is on your left CR2 AED"}},{"type":"Feature","id":"narcan:55","geometry":{"type":"Point","coordinates":[-71.40161,41.82968]},"properties":{"id":"narcan:55","kind":"narcan","label":"Verney-Woolley Dining Hall","detail":"Inside V-Dub on first pillar on the right *Also contains Narcan for opioid overdose When you enter the building from the front entrance, you go straight past the vending machines to the door infront of the bathrooms. When you walk through…"}},{"type":"Feature","id":"narcan:56","geometry":{"type":"Point","coordinates":[-71.40869,41.81883]},"properties":{"id":"narcan:56","kind":"narcan","label":"The Warren Alpert Medical School: Lobby","detail":"1st floor to the right of Security Desk *Also contains Narcan for opioid overdose When you enter the School, on the left there is a security desk and the AED is to the left. Lifepak 1000 AED"}},{"type":"Feature","id":"narcan:57","geometry":{"type":"Point","coordinates":[-71.40861,41.8188]},"properties":{"id":"narcan:57","kind":"narcan","label":"The Warren Alpert Medical School: Gym","detail":"Gym, 4th Floor * Also contains Narcan for opioid rescue When you enter the Gym it is on the wall next to the stairwell Lifepak 1000 AED"}},{"type":"Feature","id":"narcan:58","geometry":{"type":"Point","coordinates":[-71.399789,41.829503]},"properties":{"id":"narcan:58","kind":"narcan","label":"Wellness Center / Sternlicht Commons: Brook St Entrance","detail":"South Brook St entrance next to BWell *Also contains Narcan for opioid overdose When on Brook St, it is the entrance nearest to the intersection of Brook and Meeting St. It will be on your left within the vestibule area. This is the…"}},{"type":"Feature","id":"narcan:59","geometry":{"type":"Point","coordinates":[-71.399983,41.829555]},"properties":{"id":"narcan:59","kind":"narcan","label":"Wellness Center: Health Services Clinical","detail":"Health Services Clinical Space *Also contains Narcan for opioid overdose Enter through doors to health services clinical area, go down the hallway straight in front of you and it will be on your right CR2 AED"}},{"type":"Feature","id":"narcan:6","geometry":{"type":"Point","coordinates":[-71.396276,41.831685]},"properties":{"id":"narcan:6","kind":"narcan","label":"Center for Lacrosse and Soccer","detail":"2nd floor next to water fountain also next to top stadium entrance *Also contains Narcan for opioid overdose If entering from parking lot, go up elevators one floor and turn right. AED is on the right hand side next to the water fountain.…"}},{"type":"Feature","id":"narcan:60","geometry":{"type":"Point","coordinates":[-71.399928,41.830026]},"properties":{"id":"narcan:60","kind":"narcan","label":"Wellness Center / Sternlicht Commons: Cushing St Entrance","detail":"Next to the Cushing St entrance *Also contains Narcan for opioid overdose Enter through the Cushing St entrance- go through both sets of doors and it will be on your right CR2 AED"}},{"type":"Feature","id":"narcan:61","geometry":{"type":"Point","coordinates":[-71.396839,41.830316]},"properties":{"id":"narcan:61","kind":"narcan","label":"Zucconi Strength & Conditioning Center","detail":"Next to the weight lifting coaches offices *Also contains Narcan for opioid overdose Walk through main door of the zucconi, walk straight to wall across from you. It will be right on that wall. CR2 AED"}},{"type":"Feature","id":"narcan:7","geometry":{"type":"Point","coordinates":[-71.396236,41.83151]},"properties":{"id":"narcan:7","kind":"narcan","label":"Center for Lacrosse and Soccer: 3rd Floor","detail":"3rd floor, next to water fountain, down long hallway *Also contains Narcan for opioid overdose Enter from the parking lot main entrance, go up stairs to third level, walk down long hallway past water fountain. AED will be on your right…"}},{"type":"Feature","id":"narcan:8","geometry":{"type":"Point","coordinates":[-71.40786,41.81822]},"properties":{"id":"narcan:8","kind":"narcan","label":"Department of Public Safety: Knowledge District Substation","detail":"Just inside the entrance facing Eddy St. *Also contains Narcan for opioid overdose Walk into main door and it is on your left. CR2 AED"}},{"type":"Feature","id":"narcan:9","geometry":{"type":"Point","coordinates":[-71.398181,41.824212]},"properties":{"id":"narcan:9","kind":"narcan","label":"Department of Public Safety: FRONT","detail":"1st floor Main foyer entryway *Also contains Narcan for opioid overdose Enter the building off of 75 Charlesfield Street by going down the stairs and through the doors. The AED is on the wall looking straight ahead. CR2 AED"}},{"type":"Feature","id":"printer:ANDREWHALL","geometry":{"type":"Point","coordinates":[-71.402512,41.830569]},"properties":{"id":"printer:ANDREWHALL","kind":"printer","label":"Andrews Hall","detail":"Study space above dining room: Ricoh SP 8400dn BW","propertyCode":"100103","placeIds":["andrews-commons","andrews-hall"]}},{"type":"Feature","id":"printer:BH","geometry":{"type":"Point","coordinates":[-71.397826,41.826505]},"properties":{"id":"printer:BH","kind":"printer","label":"Barus & Holley","detail":"1st floor lab (room 191): Ricoh SP 8400dn BW Ricoh SP C840dn Color","propertyCode":"100077","placeIds":["barus-holley"]}},{"type":"Feature","id":"printer:GRADCTRE","geometry":{"type":"Point","coordinates":[-71.400651,41.823347]},"properties":{"id":"printer:GRADCTRE","kind":"printer","label":"Grad Ctr E","detail":"2nd floor study space: Ricoh SP 8400dn BW","propertyCode":"100273"}},{"type":"Feature","id":"printer:JHAYLIB","geometry":{"type":"Point","coordinates":[-71.405001,41.8264]},"properties":{"id":"printer:JHAYLIB","kind":"printer","label":"John Hay Library","detail":"1st floor study space: Ricoh SP 8400dn BW","propertyCode":"100122","placeIds":["john-hay-library"]}},{"type":"Feature","id":"printer:KQARCHBRON","geometry":{"type":"Point","coordinates":[-71.402866,41.824319]},"properties":{"id":"printer:KQARCHBRON","kind":"printer","label":"Archibald-Bronson House","detail":"1st floor study space: Ricoh SP 8400dn BW","propertyCode":"100258","placeIds":["archibald-bronson-house"]}},{"type":"Feature","id":"printer:ORWIG","geometry":{"type":"Point","coordinates":[-71.396711,41.824525]},"properties":{"id":"printer:ORWIG","kind":"printer","label":"Orwig Music Hall","detail":"1st floor study space: Ricoh SP 8400dn BW","propertyCode":"100010","placeIds":["orwig-music-hall"]}},{"type":"Feature","id":"printer:RICHMND222","geometry":{"type":"Point","coordinates":[-71.408579,41.818874]},"properties":{"id":"printer:RICHMND222","kind":"printer","label":"Warren Alpert Medical School","detail":"Room 150 Library: Ricoh SP 8400dn BW Room 218 Blue Academy: Ricoh SP C840dn Color Room 238 Green Academy: Ricoh SP C840dn Color Room 250 Red Academy: Ricoh SP C840dn Color","propertyCode":"100152","placeIds":["warren-alpert-medical-school"]}},{"type":"Feature","id":"printer:ROBERTHALL","geometry":{"type":"Point","coordinates":[-71.399178,41.82434]},"properties":{"id":"printer:ROBERTHALL","kind":"printer","label":"Robert Hall","detail":"3rd floor, rm 326: Ricoh SP 8400dn BW","propertyCode":"100333","placeIds":["stephen-robert-hall"]}},{"type":"Feature","id":"printer:ROCKLIB","geometry":{"type":"Point","coordinates":[-71.405082,41.8257]},"properties":{"id":"printer:ROCKLIB","kind":"printer","label":"Rockefeller Library","detail":"1st floor study space: Ricoh SP 8400dn BW Ricoh SP 8400dn BW Ricoh IM C4500 Color print/scan/copy 2nd floor Grad study space: Ricoh SP C840dn Color","propertyCode":"100288","placeIds":["john-d-rockefeller-jr-library"]}},{"type":"Feature","id":"restroom:100002","geometry":{"type":"Point","coordinates":[-71.402397,41.828568]},"properties":{"id":"restroom:100002","kind":"restroom","label":"BioMed Center","detail":"11 restrooms · 7 single-occupancy · Rooms 033, 033A, 033B, 034, 035, 035A, 149, 249 +3 more","propertyCode":"100002","placeIds":["grimshaw-gudewicz-biomedical-building"]}},{"type":"Feature","id":"restroom:100006","geometry":{"type":"Point","coordinates":[-71.405273,41.825108]},"properties":{"id":"restroom:100006","kind":"restroom","label":"George St 025","detail":"4 restrooms · Rooms 008, 106, 207, 303","propertyCode":"100006","placeIds":["swearer-center-for-public-service"]}},{"type":"Feature","id":"restroom:100008","geometry":{"type":"Point","coordinates":[-71.402443,41.825592]},"properties":{"id":"restroom:100008","kind":"restroom","label":"John Carter Brown Library","detail":"5 restrooms · 3 single-occupancy · Rooms 009, 010, 101, 116, A08","propertyCode":"100008","placeIds":["john-carter-brown-library"]}},{"type":"Feature","id":"restroom:100009","geometry":{"type":"Point","coordinates":[-71.397018,41.824974]},"properties":{"id":"restroom:100009","kind":"restroom","label":"Morrison-Gerard Studio","detail":"1 restroom · Rooms 122","propertyCode":"100009","placeIds":["morrison-gerard-chamber-music-studios"]}},{"type":"Feature","id":"restroom:100010","geometry":{"type":"Point","coordinates":[-71.396744,41.824574]},"properties":{"id":"restroom:100010","kind":"restroom","label":"Orwig Music Hall","detail":"5 restrooms · Rooms 013, 015, 114, 223, 318","propertyCode":"100010","placeIds":["orwig-music-hall"]}},{"type":"Feature","id":"restroom:100013","geometry":{"type":"Point","coordinates":[-71.402512,41.825909]},"properties":{"id":"restroom:100013","kind":"restroom","label":"Friedman Hall","detail":"4 restrooms · Rooms 105, 106, 205, 206","propertyCode":"100013","placeIds":["friedman-hall"]}},{"type":"Feature","id":"restroom:100015","geometry":{"type":"Point","coordinates":[-71.409164,41.819489]},"properties":{"id":"restroom:100015","kind":"restroom","label":"Richmond St 196","detail":"7 restrooms · Rooms 103, 105, 108, 202, 203, 302, 303","propertyCode":"100015"}},{"type":"Feature","id":"restroom:100019","geometry":{"type":"Point","coordinates":[-71.40593,41.826305]},"properties":{"id":"restroom:100019","kind":"restroom","label":"Gerard House, Samuel N.","detail":"4 restrooms · Rooms 109, 207, 209, 309","propertyCode":"100019","placeIds":["gerard-house"]}},{"type":"Feature","id":"restroom:100020","geometry":{"type":"Point","coordinates":[-71.405418,41.826488]},"properties":{"id":"restroom:100020","kind":"restroom","label":"List (Albert & Vera) Art Building","detail":"9 restrooms · Rooms 030, 031, 128, 231, 330, 430, 431, 530 +1 more","propertyCode":"100020","placeIds":["list-art-building"]}},{"type":"Feature","id":"restroom:100021","geometry":{"type":"Point","coordinates":[-71.398933,41.831379]},"properties":{"id":"restroom:100021","kind":"restroom","label":"Meehan Auditorium","detail":"31 restrooms · Rooms 013, 013A, 015, 015A, 015B, 016, 018, 024 +23 more","propertyCode":"100021","placeIds":["meehan-auditorium"]}},{"type":"Feature","id":"restroom:100025","geometry":{"type":"Point","coordinates":[-71.397812,41.827145]},"properties":{"id":"restroom:100025","kind":"restroom","label":"Waterman St 137","detail":"1 restroom · 1 single-occupancy · Rooms 103","propertyCode":"100025"}},{"type":"Feature","id":"restroom:100026","geometry":{"type":"Point","coordinates":[-71.40358,41.828049]},"properties":{"id":"restroom:100026","kind":"restroom","label":"Hillel House","detail":"10 restrooms · 1 single-occupancy · Rooms 113, 114, 123, 124, 209, 210, 211, 223 +2 more","propertyCode":"100026","placeIds":["brown-risd-hillel"]}},{"type":"Feature","id":"restroom:100030","geometry":{"type":"Point","coordinates":[-71.396629,41.82494]},"properties":{"id":"restroom:100030","kind":"restroom","label":"Grant Fulton","detail":"2 restrooms · Rooms 109, 110","propertyCode":"100030","placeIds":["grant-fulton"]}},{"type":"Feature","id":"restroom:100031","geometry":{"type":"Point","coordinates":[-71.402824,41.82745]},"properties":{"id":"restroom:100031","kind":"restroom","label":"Page-Robinson Hall","detail":"10 restrooms · 2 single-occupancy · Rooms 112, 124, 206, 207, 306, 307, 406, 407 +2 more","propertyCode":"100031","placeIds":["page-robinson-hall"]}},{"type":"Feature","id":"restroom:100032","geometry":{"type":"Point","coordinates":[-71.400124,41.826042]},"properties":{"id":"restroom:100032","kind":"restroom","label":"Macmillan Hall","detail":"8 restrooms · Rooms 014, 015, 118, 119, 206, 207, 306, 307","propertyCode":"100032","placeIds":["macmillan-hall"]}},{"type":"Feature","id":"restroom:100034","geometry":{"type":"Point","coordinates":[-71.404907,41.826775]},"properties":{"id":"restroom:100034","kind":"restroom","label":"Prospect House","detail":"4 restrooms · Rooms 001, 009, 113, 209","propertyCode":"100034","placeIds":["prospect-house"]}},{"type":"Feature","id":"restroom:100035","geometry":{"type":"Point","coordinates":[-71.410187,41.818729]},"properties":{"id":"restroom:100035","kind":"restroom","label":"Ship St 070","detail":"17 restrooms · 2 single-occupancy · Rooms 120, 121, 203C, 204, 219, 220, 222, 253 +9 more","propertyCode":"100035","placeIds":["70-ship-street"]}},{"type":"Feature","id":"restroom:100043","geometry":{"type":"Point","coordinates":[-71.398201,41.824249]},"properties":{"id":"restroom:100043","kind":"restroom","label":"Charlesfield St 075","detail":"7 restrooms · 1 single-occupancy · Rooms 104, 206, 212, 301, 301A, 307, 307A","propertyCode":"100043","placeIds":["department-of-public-safety"]}},{"type":"Feature","id":"restroom:100044","geometry":{"type":"Point","coordinates":[-71.402908,41.826851]},"properties":{"id":"restroom:100044","kind":"restroom","label":"Faunce House","detail":"21 restrooms · 5 single-occupancy · Rooms 003, 003A, 013, 013A, 050B, 050C, 132, 136 +13 more","propertyCode":"100044","placeIds":["blue-room","stephen-robert-62-campus-center"]}},{"type":"Feature","id":"restroom:100048","geometry":{"type":"Point","coordinates":[-71.402321,41.827309]},"properties":{"id":"restroom:100048","kind":"restroom","label":"Norwood House","detail":"3 restrooms · Rooms 008, 112, 301A","propertyCode":"100048","placeIds":["norwood-house"]}},{"type":"Feature","id":"restroom:100050","geometry":{"type":"Point","coordinates":[-71.402481,41.826534]},"properties":{"id":"restroom:100050","kind":"restroom","label":"Salomon Center For Teaching","detail":"3 restrooms · Rooms 007, 012, 013","propertyCode":"100050","placeIds":["salomon-center-for-teaching"]}},{"type":"Feature","id":"restroom:100056","geometry":{"type":"Point","coordinates":[-71.399574,41.825893]},"properties":{"id":"restroom:100056","kind":"restroom","label":"Geo-Chem Bldg","detail":"12 restrooms · Rooms 053, 054, 153, 194, 195, 257, 294, 295 +4 more","propertyCode":"100056","placeIds":["geochem-building"]}},{"type":"Feature","id":"restroom:100058","geometry":{"type":"Point","coordinates":[-71.403038,41.825134]},"properties":{"id":"restroom:100058","kind":"restroom","label":"Maddock Alumni Center","detail":"8 restrooms · 1 single-occupancy · Rooms 001, 002, 105, 105A, 201A, 210, 211, 311","propertyCode":"100058","placeIds":["maddock-alumni-center"]}},{"type":"Feature","id":"restroom:100059","geometry":{"type":"Point","coordinates":[-71.397308,41.831085]},"properties":{"id":"restroom:100059","kind":"restroom","label":"Olney-Margolies Athletic Center","detail":"26 restrooms · 2 single-occupancy · Rooms 001, 001A, 002, 004, 029, 030, 031, 032 +18 more","propertyCode":"100059","placeIds":["olney-margolies-athletic-center"]}},{"type":"Feature","id":"restroom:100062","geometry":{"type":"Point","coordinates":[-71.404701,41.825386]},"properties":{"id":"restroom:100062","kind":"restroom","label":"Wilbour Hall","detail":"20 restrooms · 14 single-occupancy · Rooms 009, 107, 206, 307, 004, 024, 025, 032 +12 more","propertyCode":"100062","placeIds":["wilbour-hall"]}},{"type":"Feature","id":"restroom:100063","geometry":{"type":"Point","coordinates":[-71.411011,41.816509]},"properties":{"id":"restroom:100063","kind":"restroom","label":"Elm St 110","detail":"8 restrooms · Rooms 139A, 139B, 165A, 165B, 249A, 249B, 349A, 349B","propertyCode":"100063"}},{"type":"Feature","id":"restroom:100064","geometry":{"type":"Point","coordinates":[-71.407852,41.818375]},"properties":{"id":"restroom:100064","kind":"restroom","label":"Eddy St 349","detail":"2 restrooms · Rooms 128, 129","propertyCode":"100064"}},{"type":"Feature","id":"restroom:100067","geometry":{"type":"Point","coordinates":[-71.394806,41.841732]},"properties":{"id":"restroom:100067","kind":"restroom","label":"Brown Stadium","detail":"20 restrooms · Rooms 103, 104, 105, 106, 107, 108A, 108B, 109 +12 more","propertyCode":"100067"}},{"type":"Feature","id":"restroom:100069","geometry":{"type":"Point","coordinates":[-71.397354,41.823734]},"properties":{"id":"restroom:100069","kind":"restroom","label":"Feinstein","detail":"2 restrooms · Rooms 103, 201","propertyCode":"100069","placeIds":["feinstein-building"]}},{"type":"Feature","id":"restroom:100070","geometry":{"type":"Point","coordinates":[-71.3974,41.823555]},"properties":{"id":"restroom:100070","kind":"restroom","label":"Giddings House","detail":"4 restrooms · Rooms 108, 113, 208, 214B","propertyCode":"100070","placeIds":["giddings-house"]}},{"type":"Feature","id":"restroom:100071","geometry":{"type":"Point","coordinates":[-71.399414,41.825466]},"properties":{"id":"restroom:100071","kind":"restroom","label":"Meiklejohn House","detail":"3 restrooms · Rooms 005B, 106, 304","propertyCode":"100071","placeIds":["meiklejohn-house"]}},{"type":"Feature","id":"restroom:100073","geometry":{"type":"Point","coordinates":[-71.399597,41.827034]},"properties":{"id":"restroom:100073","kind":"restroom","label":"Watson Center For Information Tech","detail":"19 restrooms · 4 single-occupancy · Rooms 020, 022, 024, 025, 026, 147, 149, 274 +11 more","propertyCode":"100073","placeIds":["watson-center-for-information-technology"]}},{"type":"Feature","id":"restroom:100076","geometry":{"type":"Point","coordinates":[-71.402145,41.82962]},"properties":{"id":"restroom:100076","kind":"restroom","label":"Alumnae Hall","detail":"8 restrooms · Rooms 003, 005, 019, 021A, 109, 121, 237, A00A","propertyCode":"100076","placeIds":["alumnae-hall"]}},{"type":"Feature","id":"restroom:100077","geometry":{"type":"Point","coordinates":[-71.397842,41.82653]},"properties":{"id":"restroom:100077","kind":"restroom","label":"Barus & Holley","detail":"19 restrooms · Rooms 078, 126, 167, 169, 170, 171, 178, 277 +11 more","propertyCode":"100077","placeIds":["barus-holley"]}},{"type":"Feature","id":"restroom:100081","geometry":{"type":"Point","coordinates":[-71.401535,41.827782]},"properties":{"id":"restroom:100081","kind":"restroom","label":"Churchill House","detail":"6 restrooms · 4 single-occupancy · Rooms 003A, 003B, 025C, 025D, 104, 220","propertyCode":"100081","placeIds":["churchill-house"]}},{"type":"Feature","id":"restroom:100086","geometry":{"type":"Point","coordinates":[-71.400162,41.826973]},"properties":{"id":"restroom:100086","kind":"restroom","label":"Sciences Library","detail":"25 restrooms · 3 single-occupancy · Rooms 013, 1011, 1014, 1114, 1214, 1314, 1414, 214 +17 more","propertyCode":"100086","placeIds":["sciences-library"]}},{"type":"Feature","id":"restroom:100090","geometry":{"type":"Point","coordinates":[-71.403297,41.824757]},"properties":{"id":"restroom:100090","kind":"restroom","label":"Benevolent St 020","detail":"4 restrooms · Rooms 105, 106, 203, 305","propertyCode":"100090"}},{"type":"Feature","id":"restroom:100091","geometry":{"type":"Point","coordinates":[-71.402924,41.828663]},"properties":{"id":"restroom:100091","kind":"restroom","label":"BioMed Center","detail":"19 restrooms · 1 single-occupancy · Rooms 006A, 133, 135, 137, 261, 262, 306, 306A +11 more","propertyCode":"100091","placeIds":["biomedical-center"]}},{"type":"Feature","id":"restroom:100093","geometry":{"type":"Point","coordinates":[-71.397377,41.831974]},"properties":{"id":"restroom:100093","kind":"restroom","label":"Central Heat Plant","detail":"2 restrooms · Rooms 203, 204","propertyCode":"100093"}},{"type":"Feature","id":"restroom:100095","geometry":{"type":"Point","coordinates":[-71.403557,41.825123]},"properties":{"id":"restroom:100095","kind":"restroom","label":"George St 067","detail":"3 restrooms · 3 single-occupancy · Rooms 101, 204, 209","propertyCode":"100095","placeIds":["67-george-street"]}},{"type":"Feature","id":"restroom:100096","geometry":{"type":"Point","coordinates":[-71.40387,41.826473]},"properties":{"id":"restroom:100096","kind":"restroom","label":"Manning Hall","detail":"5 restrooms · 2 single-occupancy · Rooms 001, 101A, 101B, 101C, 204","propertyCode":"100096","placeIds":["manning-hall"]}},{"type":"Feature","id":"restroom:100098","geometry":{"type":"Point","coordinates":[-71.435638,41.795918]},"properties":{"id":"restroom:100098","kind":"restroom","label":"Park Lane 010","detail":"9 restrooms · 1 single-occupancy · Rooms 128A, 128B, 136A, 136B, 137A, 139A, 153A, 155 +1 more","propertyCode":"100098"}},{"type":"Feature","id":"restroom:100099","geometry":{"type":"Point","coordinates":[-71.403877,41.825493]},"properties":{"id":"restroom:100099","kind":"restroom","label":"Rhode Island Hall","detail":"5 restrooms · Rooms 013, 014, 107A, 203, 303","propertyCode":"100099","placeIds":["rhode-island-hall"]}},{"type":"Feature","id":"restroom:100100","geometry":{"type":"Point","coordinates":[-71.402542,41.827301]},"properties":{"id":"restroom:100100","kind":"restroom","label":"Walter Hall","detail":"3 restrooms · Rooms 006, 207, 307","propertyCode":"100100","placeIds":["walter-hall"]}},{"type":"Feature","id":"restroom:100107","geometry":{"type":"Point","coordinates":[-71.397552,41.824646]},"properties":{"id":"restroom:100107","kind":"restroom","label":"Fox Point Day Care Center","detail":"4 restrooms · Rooms 006, 009, 106, 107","propertyCode":"100107"}},{"type":"Feature","id":"restroom:100109","geometry":{"type":"Point","coordinates":[-71.397537,41.827381]},"properties":{"id":"restroom:100109","kind":"restroom","label":"Hope St 190","detail":"4 restrooms · 1 single-occupancy · Rooms 102A, 106, 209, 305","propertyCode":"100109","placeIds":["german-department"]}},{"type":"Feature","id":"restroom:100110","geometry":{"type":"Point","coordinates":[-71.401878,41.826603]},"properties":{"id":"restroom:100110","kind":"restroom","label":"Lyman Hall","detail":"7 restrooms · Rooms 004, 006, 020B, 022A, 104, 209, 210","propertyCode":"100110","placeIds":["lyman-hall"]}},{"type":"Feature","id":"restroom:100114","geometry":{"type":"Point","coordinates":[-71.401802,41.828773]},"properties":{"id":"restroom:100114","kind":"restroom","label":"Sidney E. Frank Hall Life Sciences","detail":"16 restrooms · 1 single-occupancy · Rooms 112, 114, 147, 149, 212, 214, 247, 249 +8 more","propertyCode":"100114","placeIds":["sidney-frank-hall"]}},{"type":"Feature","id":"restroom:100116","geometry":{"type":"Point","coordinates":[-71.403137,41.824745]},"properties":{"id":"restroom:100116","kind":"restroom","label":"Stonewall House","detail":"2 restrooms · 2 single-occupancy · Rooms 116, 216","propertyCode":"100116","placeIds":["stonewall-house"]}},{"type":"Feature","id":"restroom:100117","geometry":{"type":"Point","coordinates":[-71.402199,41.828674]},"properties":{"id":"restroom:100117","kind":"restroom","label":"BioMed Grimshaw-Gudewicz","detail":"12 restrooms · 12 single-occupancy · Rooms 085, 085B, 087, 181C, 270A, 270B, 272A, 278A +4 more","propertyCode":"100117"}},{"type":"Feature","id":"restroom:100118","geometry":{"type":"Point","coordinates":[-71.39994,41.830269]},"properties":{"id":"restroom:100118","kind":"restroom","label":"Brook St 456","detail":"1 restroom · Rooms 400K","propertyCode":"100118"}},{"type":"Feature","id":"restroom:100122","geometry":{"type":"Point","coordinates":[-71.405014,41.826427]},"properties":{"id":"restroom:100122","kind":"restroom","label":"John Hay Library","detail":"8 restrooms · Rooms 010, 012, 012A, 121, 123A, 123B, 308A, 308B","propertyCode":"100122","placeIds":["john-hay-library"]}},{"type":"Feature","id":"restroom:100125","geometry":{"type":"Point","coordinates":[-71.403839,41.827179]},"properties":{"id":"restroom:100125","kind":"restroom","label":"Waterman St 070","detail":"4 restrooms · Rooms 107, 108, 205, 307","propertyCode":"100125"}},{"type":"Feature","id":"restroom:100126","geometry":{"type":"Point","coordinates":[-71.40155,41.829613]},"properties":{"id":"restroom:100126","kind":"restroom","label":"Woolley Hall: Pembroke Quad","detail":"3 restrooms · 1 single-occupancy · Rooms 001, 008, 009","propertyCode":"100126","placeIds":["woolley-hall"]}},{"type":"Feature","id":"restroom:100132","geometry":{"type":"Point","coordinates":[-71.404213,41.827461]},"properties":{"id":"restroom:100132","kind":"restroom","label":"Fones Alley 008","detail":"3 restrooms · Rooms 008, 010, 106","propertyCode":"100132","placeIds":["8-fones-alley"]}},{"type":"Feature","id":"restroom:100135","geometry":{"type":"Point","coordinates":[-71.395462,41.832928]},"properties":{"id":"restroom:100135","kind":"restroom","label":"Andrews Memorial Building","detail":"9 restrooms · Rooms 105, 107, 120, 121, 122, 214, 218, 315 +1 more","propertyCode":"100135"}},{"type":"Feature","id":"restroom:100136","geometry":{"type":"Point","coordinates":[-71.400864,41.826706]},"properties":{"id":"restroom:100136","kind":"restroom","label":"Metcalf Research Building","detail":"11 restrooms · Rooms 006, 014, 016, 108, 110, 210, 212, 316 +3 more","propertyCode":"100136","placeIds":["metcalf-research-building"]}},{"type":"Feature","id":"restroom:100140","geometry":{"type":"Point","coordinates":[-71.403351,41.827374]},"properties":{"id":"restroom:100140","kind":"restroom","label":"Brown St 068.5","detail":"4 restrooms · Rooms 106, 108, 206, 208","propertyCode":"100140"}},{"type":"Feature","id":"restroom:100142","geometry":{"type":"Point","coordinates":[-71.402885,41.824745]},"properties":{"id":"restroom:100142","kind":"restroom","label":"Benevolent St 026","detail":"3 restrooms · 1 single-occupancy · Rooms 111, 201A, 206","propertyCode":"100142","placeIds":["sarah-doyle-center-for-women-and-gender"]}},{"type":"Feature","id":"restroom:100143","geometry":{"type":"Point","coordinates":[-71.405151,41.826729]},"properties":{"id":"restroom:100143","kind":"restroom","label":"Blistein House","detail":"3 restrooms · Rooms 106, 228, 328","propertyCode":"100143","placeIds":["blistein-house"]}},{"type":"Feature","id":"restroom:100144","geometry":{"type":"Point","coordinates":[-71.401016,41.828312]},"properties":{"id":"restroom:100144","kind":"restroom","label":"Angell St 164","detail":"14 restrooms · 2 single-occupancy · Rooms 001A, 001B, 001C, 1M00C, 241, 245, 246, 341 +6 more","propertyCode":"100144"}},{"type":"Feature","id":"restroom:100146","geometry":{"type":"Point","coordinates":[-71.399689,41.825394]},"properties":{"id":"restroom:100146","kind":"restroom","label":"George St 155","detail":"4 restrooms · Rooms 006, 103, 108A, 213","propertyCode":"100146","placeIds":["modern-culture-and-media"]}},{"type":"Feature","id":"restroom:100148","geometry":{"type":"Point","coordinates":[-71.398781,41.822037]},"properties":{"id":"restroom:100148","kind":"restroom","label":"John St 050","detail":"2 restrooms · 1 single-occupancy · Rooms 100A, 103","propertyCode":"100148","placeIds":["theatre-arts-building"]}},{"type":"Feature","id":"restroom:100151","geometry":{"type":"Point","coordinates":[-71.403305,41.827221]},"properties":{"id":"restroom:100151","kind":"restroom","label":"Partridge Hall & Annex","detail":"4 restrooms · Rooms 012, 110, 210, 310","propertyCode":"100151","placeIds":["brown-center-for-students-of-color"]}},{"type":"Feature","id":"restroom:100152","geometry":{"type":"Point","coordinates":[-71.408478,41.818901]},"properties":{"id":"restroom:100152","kind":"restroom","label":"Richmond St 222","detail":"24 restrooms · 3 single-occupancy · Rooms 131, 133, 147, 181, 182, 202, 214, 227 +16 more","propertyCode":"100152","placeIds":["warren-alpert-medical-school"]}},{"type":"Feature","id":"restroom:100153","geometry":{"type":"Point","coordinates":[-71.396828,41.82341]},"properties":{"id":"restroom:100153","kind":"restroom","label":"Steinert Center","detail":"6 restrooms · 1 single-occupancy · Rooms 006, 007, 106, 107, 206, 207","propertyCode":"100153","placeIds":["steinert-hall"]}},{"type":"Feature","id":"restroom:100155","geometry":{"type":"Point","coordinates":[-71.399887,41.824398]},"properties":{"id":"restroom:100155","kind":"restroom","label":"Watson Institute","detail":"12 restrooms · Rooms 133, 136, 143, 146, 239, 240, 253, 254 +4 more","propertyCode":"100155","placeIds":["watson-institute-for-international-studies"]}},{"type":"Feature","id":"restroom:100158","geometry":{"type":"Point","coordinates":[-71.402603,41.826214]},"properties":{"id":"restroom:100158","kind":"restroom","label":"Sayles Hall","detail":"6 restrooms · 2 single-occupancy · Rooms 000B, 000C, 006A, 010A, 108A, 324B","propertyCode":"100158","placeIds":["sayles-hall","wilson-hall"]}},{"type":"Feature","id":"restroom:100162","geometry":{"type":"Point","coordinates":[-71.403442,41.827576]},"properties":{"id":"restroom:100162","kind":"restroom","label":"Brown St 070","detail":"8 restrooms · Rooms 131, 133, 212, 214, 312, 314, 410, 412","propertyCode":"100162","placeIds":["70-brown-street"]}},{"type":"Feature","id":"restroom:100167","geometry":{"type":"Point","coordinates":[-71.399513,41.830006]},"properties":{"id":"restroom:100167","kind":"restroom","label":"Pembroke Field House","detail":"4 restrooms · 1 single-occupancy · Rooms 104, 105, 104, 105","propertyCode":"100167","placeIds":["pembroke-field-house"]}},{"type":"Feature","id":"restroom:100169","geometry":{"type":"Point","coordinates":[-71.401291,41.827408]},"properties":{"id":"restroom:100169","kind":"restroom","label":"Lippitt House","detail":"2 restrooms · Rooms 105, 207","propertyCode":"100169"}},{"type":"Feature","id":"restroom:100170","geometry":{"type":"Point","coordinates":[-71.402779,41.829662]},"properties":{"id":"restroom:100170","kind":"restroom","label":"Smith-Buonanno Hall","detail":"2 restrooms · 1 single-occupancy · Rooms 007, 103","propertyCode":"100170","placeIds":["smith-buonanno-hall"]}},{"type":"Feature","id":"restroom:100171","geometry":{"type":"Point","coordinates":[-71.399406,41.826286]},"properties":{"id":"restroom:100171","kind":"restroom","label":"Barus Building","detail":"2 restrooms · 1 single-occupancy · Rooms 107, 112","propertyCode":"100171","placeIds":["barus-building"]}},{"type":"Feature","id":"restroom:100175","geometry":{"type":"Point","coordinates":[-71.40181,41.825565]},"properties":{"id":"restroom:100175","kind":"restroom","label":"Gardner House","detail":"6 restrooms · Rooms 104, 202A, 204, 207A, 302A, 304","propertyCode":"100175"}},{"type":"Feature","id":"restroom:100178","geometry":{"type":"Point","coordinates":[-71.406258,41.82626]},"properties":{"id":"restroom:100178","kind":"restroom","label":"MacFarlane House","detail":"3 restrooms · Rooms 107, 207, 212","propertyCode":"100178"}},{"type":"Feature","id":"restroom:100182","geometry":{"type":"Point","coordinates":[-71.403847,41.826157]},"properties":{"id":"restroom:100182","kind":"restroom","label":"University Hall","detail":"11 restrooms · 1 single-occupancy · Rooms 003, 007B, 026, 106C, 113, 200A, 200B, 217C +3 more","propertyCode":"100182","placeIds":["university-hall"]}},{"type":"Feature","id":"restroom:100184","geometry":{"type":"Point","coordinates":[-71.407936,41.818493]},"properties":{"id":"restroom:100184","kind":"restroom","label":"Eddy St 339","detail":"4 restrooms · Rooms 115, 117, 218, 219","propertyCode":"100184"}},{"type":"Feature","id":"restroom:100185","geometry":{"type":"Point","coordinates":[-71.404068,41.827267]},"properties":{"id":"restroom:100185","kind":"restroom","label":"Mencoff Hall","detail":"5 restrooms · Rooms 002, 003, 106, 201, 202","propertyCode":"100185","placeIds":["mencoff-hall"]}},{"type":"Feature","id":"restroom:100186","geometry":{"type":"Point","coordinates":[-71.399902,41.827961]},"properties":{"id":"restroom:100186","kind":"restroom","label":"Angell St 195","detail":"4 restrooms · Rooms 004, 008, 106, 108","propertyCode":"100186"}},{"type":"Feature","id":"restroom:100190","geometry":{"type":"Point","coordinates":[-71.396507,41.823437]},"properties":{"id":"restroom:100190","kind":"restroom","label":"Dyer House","detail":"4 restrooms · 2 single-occupancy · Rooms 008, 106, 203A, 209","propertyCode":"100190"}},{"type":"Feature","id":"restroom:100192","geometry":{"type":"Point","coordinates":[-71.40004,41.825287]},"properties":{"id":"restroom:100192","kind":"restroom","label":"Kassar (Edward W.) House","detail":"9 restrooms · Rooms 001, 119, 121, 126, 128, 200D, 201, 206 +1 more","propertyCode":"100192","placeIds":["kassar-house"]}},{"type":"Feature","id":"restroom:100195","geometry":{"type":"Point","coordinates":[-71.402802,41.829208]},"properties":{"id":"restroom:100195","kind":"restroom","label":"Pembroke Hall","detail":"4 restrooms · Rooms 012, 013, 302, 303","propertyCode":"100195","placeIds":["pembroke-hall"]}},{"type":"Feature","id":"restroom:100196","geometry":{"type":"Point","coordinates":[-71.39798,41.82975]},"properties":{"id":"restroom:100196","kind":"restroom","label":"Stimson Ave 002","detail":"5 restrooms · 1 single-occupancy · Rooms 100A, 204, 205A, 206, 308","propertyCode":"100196","placeIds":["2-stimson-avenue"]}},{"type":"Feature","id":"restroom:100200","geometry":{"type":"Point","coordinates":[-71.402336,41.82399]},"properties":{"id":"restroom:100200","kind":"restroom","label":"Andrews House","detail":"6 restrooms · 4 single-occupancy · Rooms 009, 101, 213, 220, 311, 313","propertyCode":"100200","placeIds":["andrews-house"]}},{"type":"Feature","id":"restroom:100207","geometry":{"type":"Point","coordinates":[-71.404282,41.825104]},"properties":{"id":"restroom:100207","kind":"restroom","label":"Horace Mann House","detail":"5 restrooms · Rooms 006, 104, 206, 306, 402A","propertyCode":"100207","placeIds":["horace-mann-house"]}},{"type":"Feature","id":"restroom:100210","geometry":{"type":"Point","coordinates":[-71.402992,41.82827]},"properties":{"id":"restroom:100210","kind":"restroom","label":"Sharpe House","detail":"4 restrooms · Rooms 021, 124, 224, 324","propertyCode":"100210","placeIds":["sharpe-house"]}},{"type":"Feature","id":"restroom:100211","geometry":{"type":"Point","coordinates":[-71.402191,41.827656]},"properties":{"id":"restroom:100211","kind":"restroom","label":"Urban Environmental Lab","detail":"6 restrooms · Rooms 100B, 100C, 101A, 200A, 200B, 206A","propertyCode":"100211","placeIds":["urban-environmental-lab"]}},{"type":"Feature","id":"restroom:100218","geometry":{"type":"Point","coordinates":[-71.399216,41.825474]},"properties":{"id":"restroom:100218","kind":"restroom","label":"Hirschfeld House","detail":"4 restrooms · Rooms 006B, 106, 204, 304","propertyCode":"100218","placeIds":["hirschfeld-house"]}},{"type":"Feature","id":"restroom:100220","geometry":{"type":"Point","coordinates":[-71.388695,41.818367]},"properties":{"id":"restroom:100220","kind":"restroom","label":"Marston Boathouse","detail":"12 restrooms · 3 single-occupancy · Rooms 104, 104A, 104B, 104C, 105, 105A, 105B, 105C +4 more","propertyCode":"100220"}},{"type":"Feature","id":"restroom:100223","geometry":{"type":"Point","coordinates":[-71.404396,41.827206]},"properties":{"id":"restroom:100223","kind":"restroom","label":"Robinson Hall","detail":"3 restrooms · Rooms 008, 010, 104C","propertyCode":"100223","placeIds":["robinson-hall"]}},{"type":"Feature","id":"restroom:100227","geometry":{"type":"Point","coordinates":[-71.397469,41.830235]},"properties":{"id":"restroom:100227","kind":"restroom","label":"Nelson Fitness Center","detail":"37 restrooms · 5 single-occupancy · Rooms 001, 003, 004, 004A, 004B, 004C, 004D, 004E +29 more","propertyCode":"100227","placeIds":["coleman-aquatics-center","nelson-fitness-center"]}},{"type":"Feature","id":"restroom:100228","geometry":{"type":"Point","coordinates":[-71.40699,41.823956]},"properties":{"id":"restroom:100228","kind":"restroom","label":"South Main St 121","detail":"26 restrooms · 2 single-occupancy · Rooms 1031, 10T1, 10T2, 11T1, 11T2, 235, 236, 266 +18 more","propertyCode":"100228","placeIds":["121-south-main-street"]}},{"type":"Feature","id":"restroom:100230","geometry":{"type":"Point","coordinates":[-71.402313,41.824303]},"properties":{"id":"restroom:100230","kind":"restroom","label":"Annmary Brown Memorial Library","detail":"2 restrooms · Rooms 012, 014","propertyCode":"100230","placeIds":["annmary-brown-memorial"]}},{"type":"Feature","id":"restroom:100231","geometry":{"type":"Point","coordinates":[-71.399109,41.824768]},"properties":{"id":"restroom:100231","kind":"restroom","label":"Benevolent St 083-085","detail":"4 restrooms · Rooms 102, 103, 203, 204","propertyCode":"100231"}},{"type":"Feature","id":"restroom:100236","geometry":{"type":"Point","coordinates":[-71.398804,41.825916]},"properties":{"id":"restroom:100236","kind":"restroom","label":"George St 180","detail":"5 restrooms · Rooms 001, 003, 013, 015, 103","propertyCode":"100236","placeIds":["180-george-street"]}},{"type":"Feature","id":"restroom:100239","geometry":{"type":"Point","coordinates":[-71.399536,41.826672]},"properties":{"id":"restroom:100239","kind":"restroom","label":"Marston Hall","detail":"3 restrooms · Rooms 013, 015, 213","propertyCode":"100239","placeIds":["marston-hall"]}},{"type":"Feature","id":"restroom:100240","geometry":{"type":"Point","coordinates":[-71.403305,41.825161]},"properties":{"id":"restroom:100240","kind":"restroom","label":"Nicholson House","detail":"7 restrooms · 1 single-occupancy · Rooms 009B, 108, 204, 204B, 204C, 302A, 314","propertyCode":"100240","placeIds":["nicholson-house"]}},{"type":"Feature","id":"restroom:100241","geometry":{"type":"Point","coordinates":[-71.395889,41.824467]},"properties":{"id":"restroom:100241","kind":"restroom","label":"T.F. Green Hall","detail":"4 restrooms · Rooms 120, 128, 210, 212","propertyCode":"100241","placeIds":["t-f-green-hall"]}},{"type":"Feature","id":"restroom:100248","geometry":{"type":"Point","coordinates":[-71.399422,41.824181]},"properties":{"id":"restroom:100248","kind":"restroom","label":"Charlesfield St 059","detail":"5 restrooms · Rooms 105, 107, 108, 308, 309","propertyCode":"100248","placeIds":["59-charlesfield-street"]}},{"type":"Feature","id":"restroom:100249","geometry":{"type":"Point","coordinates":[-71.398369,41.825947]},"properties":{"id":"restroom:100249","kind":"restroom","label":"George St 182","detail":"7 restrooms · 1 single-occupancy · Rooms 023, 117A, 123, 202, 202A, 235, 319","propertyCode":"100249","placeIds":["182-george-street"]}},{"type":"Feature","id":"restroom:100250","geometry":{"type":"Point","coordinates":[-71.399124,41.839119]},"properties":{"id":"restroom:100250","kind":"restroom","label":"Ladd Observatory","detail":"1 restroom · 1 single-occupancy · Rooms 4","propertyCode":"100250"}},{"type":"Feature","id":"restroom:100252","geometry":{"type":"Point","coordinates":[-71.402931,41.828079]},"properties":{"id":"restroom:100252","kind":"restroom","label":"Peter Green House","detail":"4 restrooms · 2 single-occupancy · Rooms 009, 011, 106A, 302B","propertyCode":"100252","placeIds":["peter-green-house"]}},{"type":"Feature","id":"restroom:100253","geometry":{"type":"Point","coordinates":[-71.405663,41.829945]},"properties":{"id":"restroom:100253","kind":"restroom","label":"Rochambeau House","detail":"9 restrooms · 1 single-occupancy · Rooms 013, 102A, 112, 122, 227, 240A, 307, 307A +1 more","propertyCode":"100253","placeIds":["rochambeau-house"]}},{"type":"Feature","id":"restroom:100255","geometry":{"type":"Point","coordinates":[-71.39817,41.827332]},"properties":{"id":"restroom:100255","kind":"restroom","label":"Waterman St 131","detail":"2 restrooms · Rooms 104, 202","propertyCode":"100255"}},{"type":"Feature","id":"restroom:100256","geometry":{"type":"Point","coordinates":[-71.399178,41.830429]},"properties":{"id":"restroom:100256","kind":"restroom","label":"Cushing St 172","detail":"10 restrooms · Rooms 002, 102B, 103B, 104A, 110, 205B, 206B, 207B +2 more","propertyCode":"100256"}},{"type":"Feature","id":"restroom:100265","geometry":{"type":"Point","coordinates":[-71.402031,41.82592]},"properties":{"id":"restroom:100265","kind":"restroom","label":"Maxcy Hall","detail":"4 restrooms · Rooms 121, 221, 321, 421","propertyCode":"100265","placeIds":["maxcy-hall"]}},{"type":"Feature","id":"restroom:100266","geometry":{"type":"Point","coordinates":[-71.402969,41.822468]},"properties":{"id":"restroom:100266","kind":"restroom","label":"Nightingale-Brown House","detail":"10 restrooms · 4 single-occupancy · Rooms 004, 006, 123, 143A, 210A, 210E, 211E, 211E +2 more","propertyCode":"100266","placeIds":["nightingale-brown-house"]}},{"type":"Feature","id":"restroom:100267","geometry":{"type":"Point","coordinates":[-71.39814,41.831696]},"properties":{"id":"restroom:100267","kind":"restroom","label":"Pizzitola","detail":"39 restrooms · Rooms 101A, 101B, 101C, 103A, 103B, 103C, 103D, 104A +31 more","propertyCode":"100267","placeIds":["pizzitola-sports-center"]}},{"type":"Feature","id":"restroom:100268","geometry":{"type":"Point","coordinates":[-71.403801,41.82513]},"properties":{"id":"restroom:100268","kind":"restroom","label":"Shirley Miller House","detail":"2 restrooms · Rooms 000A, 303","propertyCode":"100268","placeIds":["shirley-miller-house"]}},{"type":"Feature","id":"restroom:100272","geometry":{"type":"Point","coordinates":[-71.404457,41.827583]},"properties":{"id":"restroom:100272","kind":"restroom","label":"Corliss-Brackett","detail":"6 restrooms · 3 single-occupancy · Rooms 009, 109, 112, 114, 209, 309","propertyCode":"100272","placeIds":["corliss-brackett-house"]}},{"type":"Feature","id":"restroom:100273","geometry":{"type":"Point","coordinates":[-71.400749,41.823383]},"properties":{"id":"restroom:100273","kind":"restroom","label":"Graduate Center E","detail":"13 restrooms · 1 single-occupancy · Rooms 100A, 110, 127, 128, 202, 203, 204, 211 +5 more","propertyCode":"100273"}},{"type":"Feature","id":"restroom:100274","geometry":{"type":"Point","coordinates":[-71.401939,41.826908]},"properties":{"id":"restroom:100274","kind":"restroom","label":"Waterman St 085","detail":"10 restrooms · Rooms 002, 004, 036, 148, 154, 248, 254, 348 +2 more","propertyCode":"100274","placeIds":["85-waterman-street"]}},{"type":"Feature","id":"restroom:100275","geometry":{"type":"Point","coordinates":[-71.398552,41.826817]},"properties":{"id":"restroom:100275","kind":"restroom","label":"Lassonde Innovation and Design Hub","detail":"2 restrooms · Rooms 115, 117","propertyCode":"100275","placeIds":["prince-engineering-lab"]}},{"type":"Feature","id":"restroom:100276","geometry":{"type":"Point","coordinates":[-71.400833,41.825123]},"properties":{"id":"restroom:100276","kind":"restroom","label":"Sharpe Refectory","detail":"12 restrooms · Rooms 016, 017, 017A, 018, 018A, 018B, 019, 021 +4 more","propertyCode":"100276","placeIds":["ivy-room","sharpe-refectory"]}},{"type":"Feature","id":"restroom:100277","geometry":{"type":"Point","coordinates":[-71.406151,41.817341]},"properties":{"id":"restroom:100277","kind":"restroom","label":"Davol Sq 001","detail":"7 restrooms · 1 single-occupancy · Rooms 131, 133, 134, 203, 204, 303, 304","propertyCode":"100277"}},{"type":"Feature","id":"restroom:100278","geometry":{"type":"Point","coordinates":[-71.401154,41.826958]},"properties":{"id":"restroom:100278","kind":"restroom","label":"Arnold Lab","detail":"4 restrooms · Rooms 106, 206, 306, 406","propertyCode":"100278","placeIds":["arnold-lab"]}},{"type":"Feature","id":"restroom:100279","geometry":{"type":"Point","coordinates":[-71.398361,41.825111]},"properties":{"id":"restroom:100279","kind":"restroom","label":"Benevolent St 088","detail":"2 restrooms · Rooms 103, 104","propertyCode":"100279"}},{"type":"Feature","id":"restroom:100282","geometry":{"type":"Point","coordinates":[-71.40374,41.824844]},"properties":{"id":"restroom:100282","kind":"restroom","label":"Faculty Club","detail":"7 restrooms · Rooms 003, 005, 008A, 008B, 106A, 106B, 304","propertyCode":"100282","placeIds":["faculty-club"]}},{"type":"Feature","id":"restroom:100283","geometry":{"type":"Point","coordinates":[-71.401077,41.827854]},"properties":{"id":"restroom:100283","kind":"restroom","label":"Hemisphere Bldg","detail":"7 restrooms · Rooms 011A, 011D, 104, 106, 216, 312, 314","propertyCode":"100283","placeIds":["hemisphere-building"]}},{"type":"Feature","id":"restroom:100284","geometry":{"type":"Point","coordinates":[-71.401299,41.826015]},"properties":{"id":"restroom:100284","kind":"restroom","label":"Lincoln Field Building","detail":"7 restrooms · Rooms 108, 112, 124, 206, 208, 306, 308","propertyCode":"100284","placeIds":["lincoln-field-building"]}},{"type":"Feature","id":"restroom:100288","geometry":{"type":"Point","coordinates":[-71.405136,41.825687]},"properties":{"id":"restroom:100288","kind":"restroom","label":"Rockefeller (John D., Jr.) Library","detail":"18 restrooms · 1 single-occupancy · Rooms 106, 107, 118, 214, 215, 239, 241, 242 +10 more","propertyCode":"100288","placeIds":["john-d-rockefeller-jr-library"]}},{"type":"Feature","id":"restroom:100289","geometry":{"type":"Point","coordinates":[-71.400085,41.824986]},"properties":{"id":"restroom:100289","kind":"restroom","label":"Thayer St 135","detail":"3 restrooms · 1 single-occupancy · Rooms 105, 106, 204","propertyCode":"100289","placeIds":["135-thayer-street"]}},{"type":"Feature","id":"restroom:100290","geometry":{"type":"Point","coordinates":[-71.398041,41.827354]},"properties":{"id":"restroom:100290","kind":"restroom","label":"Waterman St 133","detail":"4 restrooms · 4 single-occupancy · Rooms 107, 207A, 209, 213","propertyCode":"100290"}},{"type":"Feature","id":"restroom:100292","geometry":{"type":"Point","coordinates":[-71.37957,41.842896]},"properties":{"id":"restroom:100292","kind":"restroom","label":"Butler Hospital Duncan Building","detail":"4 restrooms · 4 single-occupancy · Rooms E136, E137, E239, E240","propertyCode":"100292"}},{"type":"Feature","id":"restroom:100293","geometry":{"type":"Point","coordinates":[-71.401527,41.827381]},"properties":{"id":"restroom:100293","kind":"restroom","label":"Waterman St 094","detail":"6 restrooms · 4 single-occupancy · Rooms 001A, 103, 201A, 201B, 208, 303","propertyCode":"100293","placeIds":["center-for-the-study-of-slavery-and-justice"]}},{"type":"Feature","id":"restroom:100305","geometry":{"type":"Point","coordinates":[-71.401459,41.828255]},"properties":{"id":"restroom:100305","kind":"restroom","label":"Granoff Center For The Creative Arts","detail":"9 restrooms · 1 single-occupancy · Rooms 011A, 012, 121, 123, N340, N342, N440, N442 +1 more","propertyCode":"100305","placeIds":["perry-and-marty-granoff-center-for-the-creative-arts"]}},{"type":"Feature","id":"restroom:100311","geometry":{"type":"Point","coordinates":[-71.40786,41.81823]},"properties":{"id":"restroom:100311","kind":"restroom","label":"Elm St 043","detail":"1 restroom · Rooms 106","propertyCode":"100311"}},{"type":"Feature","id":"restroom:100313","geometry":{"type":"Point","coordinates":[-71.4077,41.821293]},"properties":{"id":"restroom:100313","kind":"restroom","label":"Dyer St 200","detail":"7 restrooms · Rooms 111, 113, 120B, 152, 153, 247, 249","propertyCode":"100313"}},{"type":"Feature","id":"restroom:100318","geometry":{"type":"Point","coordinates":[-71.400543,41.829323]},"properties":{"id":"restroom:100318","kind":"restroom","label":"Thayer St 271","detail":"3 restrooms · 1 single-occupancy · Rooms 003, 005, 205","propertyCode":"100318"}},{"type":"Feature","id":"restroom:100322","geometry":{"type":"Point","coordinates":[-71.406036,41.818405]},"properties":{"id":"restroom:100322","kind":"restroom","label":"South Street Landing","detail":"1 restroom · 1 single-occupancy · Rooms 400E","propertyCode":"100322","placeIds":["south-street-landing"]}},{"type":"Feature","id":"restroom:100324","geometry":{"type":"Point","coordinates":[-71.401062,41.829384]},"properties":{"id":"restroom:100324","kind":"restroom","label":"Thayer St 272","detail":"8 restrooms · Rooms 113, 114, 116, 121, 135A, 227A, 227B, 236","propertyCode":"100324"}},{"type":"Feature","id":"restroom:100326","geometry":{"type":"Point","coordinates":[-71.397583,41.826031]},"properties":{"id":"restroom:100326","kind":"restroom","label":"Hope St 170","detail":"4 restrooms · 2 single-occupancy · Rooms 114, 116, 201, 301","propertyCode":"100326","placeIds":["applied-math-building"]}},{"type":"Feature","id":"restroom:100329","geometry":{"type":"Point","coordinates":[-71.408501,41.819141]},"properties":{"id":"restroom:100329","kind":"restroom","label":"Ship St 026","detail":"2 restrooms · Rooms 108, 208A","propertyCode":"100329"}},{"type":"Feature","id":"restroom:100331","geometry":{"type":"Point","coordinates":[-71.398445,41.826385]},"properties":{"id":"restroom:100331","kind":"restroom","label":"Engineering Research Center","detail":"8 restrooms · Rooms 003, 004, 123, 124, 223, 224, 323, 324","propertyCode":"100331","placeIds":["engineering-research-center"]}},{"type":"Feature","id":"restroom:100332","geometry":{"type":"Point","coordinates":[-71.399124,41.827599]},"properties":{"id":"restroom:100332","kind":"restroom","label":"Waterman St 118-120","detail":"4 restrooms · Rooms 122A, 122B, 210, 212","propertyCode":"100332"}},{"type":"Feature","id":"restroom:100333","geometry":{"type":"Point","coordinates":[-71.399147,41.824303]},"properties":{"id":"restroom:100333","kind":"restroom","label":"Stephen Robert Hall","detail":"9 restrooms · Rooms 102, 103, 120, 203, 204, 232, 303, 304 +1 more","propertyCode":"100333","placeIds":["stephen-robert-hall"]}},{"type":"Feature","id":"restroom:100336","geometry":{"type":"Point","coordinates":[-71.402336,41.828205]},"properties":{"id":"restroom:100336","kind":"restroom","label":"The Lindemann Performing Arts Center","detail":"15 restrooms · 13 single-occupancy · Rooms 302, 303, LL101, LL104, LL105, LL207A, LL209A, LL215A +7 more","propertyCode":"100336","placeIds":["lindemann-performing-arts-center"]}},{"type":"Feature","id":"restroom:100345","geometry":{"type":"Point","coordinates":[-71.400543,41.828495]},"properties":{"id":"restroom:100345","kind":"restroom","label":"Euclid Ave 001","detail":"5 restrooms · 1 single-occupancy · Rooms 201, 301, 302, 401, 402","propertyCode":"100345","placeIds":["nelson-center-for-entrepreneurship"]}},{"type":"Feature","id":"restroom:100347","geometry":{"type":"Point","coordinates":[-71.408699,41.820202]},"properties":{"id":"restroom:100347","kind":"restroom","label":"Dyer St 225","detail":"3 restrooms · Rooms 522, 610, 611","propertyCode":"100347","placeIds":["wexford-innovation-complex"]}},{"type":"Feature","id":"restroom:100351","geometry":{"type":"Point","coordinates":[-71.411819,41.817974]},"properties":{"id":"restroom:100351","kind":"restroom","label":"Claverick St 055","detail":"2 restrooms · Rooms 323, 324","propertyCode":"100351"}},{"type":"Feature","id":"restroom:100352","geometry":{"type":"Point","coordinates":[-71.401436,41.828884]},"properties":{"id":"restroom:100352","kind":"restroom","label":"Meeting St 205","detail":"2 restrooms · Rooms 104A, 104B","propertyCode":"100352"}},{"type":"Feature","id":"restroom:100357","geometry":{"type":"Point","coordinates":[-71.396431,41.831623]},"properties":{"id":"restroom:100357","kind":"restroom","label":"Lacrosse Soccer","detail":"25 restrooms · 4 single-occupancy · Rooms 104E, 104F, 104G, 110, 110A, 110B, 112, 112A +17 more","propertyCode":"100357"}},{"type":"Feature","id":"restroom:100358","geometry":{"type":"Point","coordinates":[-71.405205,41.817772]},"properties":{"id":"restroom:100358","kind":"restroom","label":"River House Apartments","detail":"2 restrooms · 2 single-occupancy · Rooms 100J, 100K","propertyCode":"100358"}},{"type":"Feature","id":"restroom:100362","geometry":{"type":"Point","coordinates":[-71.406631,41.823547]},"properties":{"id":"restroom:100362","kind":"restroom","label":"South Main St 155","detail":"12 restrooms · 2 single-occupancy · Rooms 002, 101, 103, 104, 157, 211, 211A, 213 +4 more","propertyCode":"100362","placeIds":["packet-building"]}},{"type":"Feature","id":"restroom:100385","geometry":{"type":"Point","coordinates":[-71.409103,41.817974]},"properties":{"id":"restroom:100385","kind":"restroom","label":"Chestnut St 200","detail":"6 restrooms · Rooms 111, 113, 126, 128, 211, 213","propertyCode":"100385"}},{"type":"Feature","id":"restroom:100387","geometry":{"type":"Point","coordinates":[-71.407753,41.817833]},"properties":{"id":"restroom:100387","kind":"restroom","label":"Richmond St 300","detail":"7 restrooms · 2 single-occupancy · Rooms 149A, 149B, 157, 249A, 249B, 253, 274","propertyCode":"100387"}},{"type":"Feature","id":"restroom:100391","geometry":{"type":"Point","coordinates":[-71.403519,41.798302]},"properties":{"id":"restroom:100391","kind":"restroom","label":"Pavillion 66","detail":"3 restrooms · 2 single-occupancy · Rooms 213, 214, 215","propertyCode":"100391"}},{"type":"Feature","id":"restroom-inclusive:100002","geometry":{"type":"Point","coordinates":[-71.402397,41.828568]},"properties":{"id":"restroom-inclusive:100002","kind":"restroom-inclusive","label":"BioMed Center","detail":"Rooms 249, 349, 449, 551","propertyCode":"100002","placeIds":["grimshaw-gudewicz-biomedical-building"]}},{"type":"Feature","id":"restroom-inclusive:100006","geometry":{"type":"Point","coordinates":[-71.405273,41.825108]},"properties":{"id":"restroom-inclusive:100006","kind":"restroom-inclusive","label":"George St 025","detail":"Rooms 008, 106, 207, 303","propertyCode":"100006","placeIds":["swearer-center-for-public-service"]}},{"type":"Feature","id":"restroom-inclusive:100008","geometry":{"type":"Point","coordinates":[-71.402443,41.825592]},"properties":{"id":"restroom-inclusive:100008","kind":"restroom-inclusive","label":"John Carter Brown Library","detail":"Rooms 101","propertyCode":"100008","placeIds":["john-carter-brown-library"]}},{"type":"Feature","id":"restroom-inclusive:100009","geometry":{"type":"Point","coordinates":[-71.397018,41.824974]},"properties":{"id":"restroom-inclusive:100009","kind":"restroom-inclusive","label":"Morrison-Gerard Studio","detail":"Rooms 122","propertyCode":"100009","placeIds":["morrison-gerard-chamber-music-studios"]}},{"type":"Feature","id":"restroom-inclusive:100010","geometry":{"type":"Point","coordinates":[-71.396744,41.824574]},"properties":{"id":"restroom-inclusive:100010","kind":"restroom-inclusive","label":"Orwig Music Hall","detail":"Rooms 114, 223, 318","propertyCode":"100010","placeIds":["orwig-music-hall"]}},{"type":"Feature","id":"restroom-inclusive:100013","geometry":{"type":"Point","coordinates":[-71.402512,41.825909]},"properties":{"id":"restroom-inclusive:100013","kind":"restroom-inclusive","label":"Friedman Hall","detail":"Rooms 105, 205","propertyCode":"100013","placeIds":["friedman-hall"]}},{"type":"Feature","id":"restroom-inclusive:100019","geometry":{"type":"Point","coordinates":[-71.40593,41.826305]},"properties":{"id":"restroom-inclusive:100019","kind":"restroom-inclusive","label":"Gerard House, Samuel N.","detail":"Rooms 109, 309","propertyCode":"100019","placeIds":["gerard-house"]}},{"type":"Feature","id":"restroom-inclusive:100020","geometry":{"type":"Point","coordinates":[-71.405418,41.826488]},"properties":{"id":"restroom-inclusive:100020","kind":"restroom-inclusive","label":"List (Albert & Vera) Art Building","detail":"Rooms 231","propertyCode":"100020","placeIds":["list-art-building"]}},{"type":"Feature","id":"restroom-inclusive:100026","geometry":{"type":"Point","coordinates":[-71.40358,41.828049]},"properties":{"id":"restroom-inclusive:100026","kind":"restroom-inclusive","label":"Hillel House","detail":"Rooms 209, 223, 225","propertyCode":"100026","placeIds":["brown-risd-hillel"]}},{"type":"Feature","id":"restroom-inclusive:100034","geometry":{"type":"Point","coordinates":[-71.404907,41.826775]},"properties":{"id":"restroom-inclusive:100034","kind":"restroom-inclusive","label":"Prospect House","detail":"Rooms 009, 113, 209","propertyCode":"100034","placeIds":["prospect-house"]}},{"type":"Feature","id":"restroom-inclusive:100044","geometry":{"type":"Point","coordinates":[-71.402908,41.826851]},"properties":{"id":"restroom-inclusive:100044","kind":"restroom-inclusive","label":"Faunce House","detail":"Rooms 248","propertyCode":"100044","placeIds":["blue-room","stephen-robert-62-campus-center"]}},{"type":"Feature","id":"restroom-inclusive:100048","geometry":{"type":"Point","coordinates":[-71.402321,41.827309]},"properties":{"id":"restroom-inclusive:100048","kind":"restroom-inclusive","label":"Norwood House","detail":"Rooms 008, 112, 301A","propertyCode":"100048","placeIds":["norwood-house"]}},{"type":"Feature","id":"restroom-inclusive:100050","geometry":{"type":"Point","coordinates":[-71.402481,41.826534]},"properties":{"id":"restroom-inclusive:100050","kind":"restroom-inclusive","label":"Salomon Center For Teaching","detail":"Rooms 7","propertyCode":"100050","placeIds":["salomon-center-for-teaching"]}},{"type":"Feature","id":"restroom-inclusive:100056","geometry":{"type":"Point","coordinates":[-71.399574,41.825893]},"properties":{"id":"restroom-inclusive:100056","kind":"restroom-inclusive","label":"Geo-Chem Bldg","detail":"Rooms 153, 257","propertyCode":"100056","placeIds":["geochem-building"]}},{"type":"Feature","id":"restroom-inclusive:100058","geometry":{"type":"Point","coordinates":[-71.403038,41.825134]},"properties":{"id":"restroom-inclusive:100058","kind":"restroom-inclusive","label":"Maddock Alumni Center","detail":"Rooms 002, 105","propertyCode":"100058","placeIds":["maddock-alumni-center"]}},{"type":"Feature","id":"restroom-inclusive:100069","geometry":{"type":"Point","coordinates":[-71.397354,41.823734]},"properties":{"id":"restroom-inclusive:100069","kind":"restroom-inclusive","label":"Feinstein","detail":"Rooms 103, 201","propertyCode":"100069","placeIds":["feinstein-building"]}},{"type":"Feature","id":"restroom-inclusive:100070","geometry":{"type":"Point","coordinates":[-71.3974,41.823555]},"properties":{"id":"restroom-inclusive:100070","kind":"restroom-inclusive","label":"Giddings House","detail":"Rooms 108, 113, 208, 214B","propertyCode":"100070","placeIds":["giddings-house"]}},{"type":"Feature","id":"restroom-inclusive:100071","geometry":{"type":"Point","coordinates":[-71.399414,41.825466]},"properties":{"id":"restroom-inclusive:100071","kind":"restroom-inclusive","label":"Meiklejohn House","detail":"Rooms 106, 304","propertyCode":"100071","placeIds":["meiklejohn-house"]}},{"type":"Feature","id":"restroom-inclusive:100073","geometry":{"type":"Point","coordinates":[-71.399597,41.827034]},"properties":{"id":"restroom-inclusive:100073","kind":"restroom-inclusive","label":"Watson Center For Information Tech","detail":"Rooms 278, 444","propertyCode":"100073","placeIds":["watson-center-for-information-technology"]}},{"type":"Feature","id":"restroom-inclusive:100077","geometry":{"type":"Point","coordinates":[-71.397842,41.82653]},"properties":{"id":"restroom-inclusive:100077","kind":"restroom-inclusive","label":"Barus & Holley","detail":"Rooms 078, 170, 171","propertyCode":"100077","placeIds":["barus-holley"]}},{"type":"Feature","id":"restroom-inclusive:100086","geometry":{"type":"Point","coordinates":[-71.400162,41.826973]},"properties":{"id":"restroom-inclusive:100086","kind":"restroom-inclusive","label":"Sciences Library","detail":"Rooms 1011, 1014, 1214, 1314, 214, 311, 314, 414 +11 more","propertyCode":"100086","placeIds":["sciences-library"]}},{"type":"Feature","id":"restroom-inclusive:100090","geometry":{"type":"Point","coordinates":[-71.403297,41.824757]},"properties":{"id":"restroom-inclusive:100090","kind":"restroom-inclusive","label":"Benevolent St 020","detail":"Rooms 105, 106, 203, 305","propertyCode":"100090"}},{"type":"Feature","id":"restroom-inclusive:100091","geometry":{"type":"Point","coordinates":[-71.402924,41.828663]},"properties":{"id":"restroom-inclusive:100091","kind":"restroom-inclusive","label":"BioMed Center","detail":"Rooms 137, 306, 306A, 306C, 306D, 406, 406A, 406C +6 more","propertyCode":"100091","placeIds":["biomedical-center"]}},{"type":"Feature","id":"restroom-inclusive:100096","geometry":{"type":"Point","coordinates":[-71.40387,41.826473]},"properties":{"id":"restroom-inclusive:100096","kind":"restroom-inclusive","label":"Manning Hall","detail":"Rooms 101A, 204","propertyCode":"100096","placeIds":["manning-hall"]}},{"type":"Feature","id":"restroom-inclusive:100100","geometry":{"type":"Point","coordinates":[-71.402542,41.827301]},"properties":{"id":"restroom-inclusive:100100","kind":"restroom-inclusive","label":"Walter Hall","detail":"Rooms 006, 207, 307","propertyCode":"100100","placeIds":["walter-hall"]}},{"type":"Feature","id":"restroom-inclusive:100109","geometry":{"type":"Point","coordinates":[-71.397537,41.827381]},"properties":{"id":"restroom-inclusive:100109","kind":"restroom-inclusive","label":"Hope St 190","detail":"Rooms 305","propertyCode":"100109","placeIds":["german-department"]}},{"type":"Feature","id":"restroom-inclusive:100110","geometry":{"type":"Point","coordinates":[-71.401878,41.826603]},"properties":{"id":"restroom-inclusive:100110","kind":"restroom-inclusive","label":"Lyman Hall","detail":"Rooms 104","propertyCode":"100110","placeIds":["lyman-hall"]}},{"type":"Feature","id":"restroom-inclusive:100122","geometry":{"type":"Point","coordinates":[-71.405014,41.826427]},"properties":{"id":"restroom-inclusive:100122","kind":"restroom-inclusive","label":"John Hay Library","detail":"Rooms 123A, 123B","propertyCode":"100122","placeIds":["john-hay-library"]}},{"type":"Feature","id":"restroom-inclusive:100125","geometry":{"type":"Point","coordinates":[-71.403839,41.827179]},"properties":{"id":"restroom-inclusive:100125","kind":"restroom-inclusive","label":"Waterman St 070","detail":"Rooms 205, 307","propertyCode":"100125"}},{"type":"Feature","id":"restroom-inclusive:100132","geometry":{"type":"Point","coordinates":[-71.404213,41.827461]},"properties":{"id":"restroom-inclusive:100132","kind":"restroom-inclusive","label":"Fones Alley 008","detail":"Rooms 008, 010, 106","propertyCode":"100132","placeIds":["8-fones-alley"]}},{"type":"Feature","id":"restroom-inclusive:100136","geometry":{"type":"Point","coordinates":[-71.400864,41.826706]},"properties":{"id":"restroom-inclusive:100136","kind":"restroom-inclusive","label":"Metcalf Research Building","detail":"Rooms 006, 416, 417","propertyCode":"100136","placeIds":["metcalf-research-building"]}},{"type":"Feature","id":"restroom-inclusive:100140","geometry":{"type":"Point","coordinates":[-71.403351,41.827374]},"properties":{"id":"restroom-inclusive:100140","kind":"restroom-inclusive","label":"Brown St 068.5","detail":"Rooms 106, 108, 206, 208","propertyCode":"100140"}},{"type":"Feature","id":"restroom-inclusive:100142","geometry":{"type":"Point","coordinates":[-71.402885,41.824745]},"properties":{"id":"restroom-inclusive:100142","kind":"restroom-inclusive","label":"Benevolent St 026","detail":"Rooms 111","propertyCode":"100142","placeIds":["sarah-doyle-center-for-women-and-gender"]}},{"type":"Feature","id":"restroom-inclusive:100143","geometry":{"type":"Point","coordinates":[-71.405151,41.826729]},"properties":{"id":"restroom-inclusive:100143","kind":"restroom-inclusive","label":"Blistein House","detail":"Rooms 106, 228, 328","propertyCode":"100143","placeIds":["blistein-house"]}},{"type":"Feature","id":"restroom-inclusive:100144","geometry":{"type":"Point","coordinates":[-71.401016,41.828312]},"properties":{"id":"restroom-inclusive:100144","kind":"restroom-inclusive","label":"Angell St 164","detail":"Rooms 245, 345, 347, 445","propertyCode":"100144"}},{"type":"Feature","id":"restroom-inclusive:100146","geometry":{"type":"Point","coordinates":[-71.399689,41.825394]},"properties":{"id":"restroom-inclusive:100146","kind":"restroom-inclusive","label":"George St 155","detail":"Rooms 006, 103, 213","propertyCode":"100146","placeIds":["modern-culture-and-media"]}},{"type":"Feature","id":"restroom-inclusive:100151","geometry":{"type":"Point","coordinates":[-71.403305,41.827221]},"properties":{"id":"restroom-inclusive:100151","kind":"restroom-inclusive","label":"Partridge Hall & Annex","detail":"Rooms 110, 310","propertyCode":"100151","placeIds":["brown-center-for-students-of-color"]}},{"type":"Feature","id":"restroom-inclusive:100152","geometry":{"type":"Point","coordinates":[-71.408478,41.818901]},"properties":{"id":"restroom-inclusive:100152","kind":"restroom-inclusive","label":"Richmond St 222","detail":"Rooms 147, 202, 432","propertyCode":"100152","placeIds":["warren-alpert-medical-school"]}},{"type":"Feature","id":"restroom-inclusive:100155","geometry":{"type":"Point","coordinates":[-71.399887,41.824398]},"properties":{"id":"restroom-inclusive:100155","kind":"restroom-inclusive","label":"Watson Institute","detail":"Rooms 239, 240, 253, 254, 332, 333, 347, 348","propertyCode":"100155","placeIds":["watson-institute-for-international-studies"]}},{"type":"Feature","id":"restroom-inclusive:100169","geometry":{"type":"Point","coordinates":[-71.401291,41.827408]},"properties":{"id":"restroom-inclusive:100169","kind":"restroom-inclusive","label":"Lippitt House","detail":"Rooms 105, 207","propertyCode":"100169"}},{"type":"Feature","id":"restroom-inclusive:100171","geometry":{"type":"Point","coordinates":[-71.399406,41.826286]},"properties":{"id":"restroom-inclusive:100171","kind":"restroom-inclusive","label":"Barus Building","detail":"Rooms 107","propertyCode":"100171","placeIds":["barus-building"]}},{"type":"Feature","id":"restroom-inclusive:100178","geometry":{"type":"Point","coordinates":[-71.406258,41.82626]},"properties":{"id":"restroom-inclusive:100178","kind":"restroom-inclusive","label":"MacFarlane House","detail":"Rooms 107","propertyCode":"100178"}},{"type":"Feature","id":"restroom-inclusive:100182","geometry":{"type":"Point","coordinates":[-71.403847,41.826157]},"properties":{"id":"restroom-inclusive:100182","kind":"restroom-inclusive","label":"University Hall","detail":"Rooms 026, 106C, 200A, 200B, 217C, 319A, 420","propertyCode":"100182","placeIds":["university-hall"]}},{"type":"Feature","id":"restroom-inclusive:100185","geometry":{"type":"Point","coordinates":[-71.404068,41.827267]},"properties":{"id":"restroom-inclusive:100185","kind":"restroom-inclusive","label":"Mencoff Hall","detail":"Rooms 002, 003, 106, 201, 202","propertyCode":"100185","placeIds":["mencoff-hall"]}},{"type":"Feature","id":"restroom-inclusive:100186","geometry":{"type":"Point","coordinates":[-71.399902,41.827961]},"properties":{"id":"restroom-inclusive:100186","kind":"restroom-inclusive","label":"Angell St 195","detail":"Rooms 106, 108","propertyCode":"100186"}},{"type":"Feature","id":"restroom-inclusive:100190","geometry":{"type":"Point","coordinates":[-71.396507,41.823437]},"properties":{"id":"restroom-inclusive:100190","kind":"restroom-inclusive","label":"Dyer House","detail":"Rooms 106, 209","propertyCode":"100190"}},{"type":"Feature","id":"restroom-inclusive:100192","geometry":{"type":"Point","coordinates":[-71.40004,41.825287]},"properties":{"id":"restroom-inclusive:100192","kind":"restroom-inclusive","label":"Kassar (Edward W.) House","detail":"Rooms 119, 121, 126, 128, 201, 206, 307","propertyCode":"100192","placeIds":["kassar-house"]}},{"type":"Feature","id":"restroom-inclusive:100196","geometry":{"type":"Point","coordinates":[-71.39798,41.82975]},"properties":{"id":"restroom-inclusive:100196","kind":"restroom-inclusive","label":"Stimson Ave 002","detail":"Rooms 100A, 204, 308","propertyCode":"100196","placeIds":["2-stimson-avenue"]}},{"type":"Feature","id":"restroom-inclusive:100207","geometry":{"type":"Point","coordinates":[-71.404282,41.825104]},"properties":{"id":"restroom-inclusive:100207","kind":"restroom-inclusive","label":"Horace Mann House","detail":"Rooms 104, 206, 306, 402A","propertyCode":"100207","placeIds":["horace-mann-house"]}},{"type":"Feature","id":"restroom-inclusive:100210","geometry":{"type":"Point","coordinates":[-71.402992,41.82827]},"properties":{"id":"restroom-inclusive:100210","kind":"restroom-inclusive","label":"Sharpe House","detail":"Rooms 021, 124, 224, 324","propertyCode":"100210","placeIds":["sharpe-house"]}},{"type":"Feature","id":"restroom-inclusive:100211","geometry":{"type":"Point","coordinates":[-71.402191,41.827656]},"properties":{"id":"restroom-inclusive:100211","kind":"restroom-inclusive","label":"Urban Environmental Lab","detail":"Rooms 100B, 100C, 101A, 200A, 206A","propertyCode":"100211","placeIds":["urban-environmental-lab"]}},{"type":"Feature","id":"restroom-inclusive:100218","geometry":{"type":"Point","coordinates":[-71.399216,41.825474]},"properties":{"id":"restroom-inclusive:100218","kind":"restroom-inclusive","label":"Hirschfeld House","detail":"Rooms 106, 204, 304","propertyCode":"100218","placeIds":["hirschfeld-house"]}},{"type":"Feature","id":"restroom-inclusive:100223","geometry":{"type":"Point","coordinates":[-71.404396,41.827206]},"properties":{"id":"restroom-inclusive:100223","kind":"restroom-inclusive","label":"Robinson Hall","detail":"Rooms 104C","propertyCode":"100223","placeIds":["robinson-hall"]}},{"type":"Feature","id":"restroom-inclusive:100227","geometry":{"type":"Point","coordinates":[-71.397469,41.830235]},"properties":{"id":"restroom-inclusive:100227","kind":"restroom-inclusive","label":"Nelson Fitness Center","detail":"Rooms 122, 123, 201, 203","propertyCode":"100227","placeIds":["coleman-aquatics-center","nelson-fitness-center"]}},{"type":"Feature","id":"restroom-inclusive:100228","geometry":{"type":"Point","coordinates":[-71.40699,41.823956]},"properties":{"id":"restroom-inclusive:100228","kind":"restroom-inclusive","label":"South Main St 121","detail":"Rooms 235, 236, 3M2, 5T3","propertyCode":"100228","placeIds":["121-south-main-street"]}},{"type":"Feature","id":"restroom-inclusive:100236","geometry":{"type":"Point","coordinates":[-71.398804,41.825916]},"properties":{"id":"restroom-inclusive:100236","kind":"restroom-inclusive","label":"George St 180","detail":"Rooms 103","propertyCode":"100236","placeIds":["180-george-street"]}},{"type":"Feature","id":"restroom-inclusive:100239","geometry":{"type":"Point","coordinates":[-71.399536,41.826672]},"properties":{"id":"restroom-inclusive:100239","kind":"restroom-inclusive","label":"Marston Hall","detail":"Rooms 213","propertyCode":"100239","placeIds":["marston-hall"]}},{"type":"Feature","id":"restroom-inclusive:100240","geometry":{"type":"Point","coordinates":[-71.403305,41.825161]},"properties":{"id":"restroom-inclusive:100240","kind":"restroom-inclusive","label":"Nicholson House","detail":"Rooms 314","propertyCode":"100240","placeIds":["nicholson-house"]}},{"type":"Feature","id":"restroom-inclusive:100248","geometry":{"type":"Point","coordinates":[-71.399422,41.824181]},"properties":{"id":"restroom-inclusive:100248","kind":"restroom-inclusive","label":"Charlesfield St 059","detail":"Rooms 107, 108, 308, 309","propertyCode":"100248","placeIds":["59-charlesfield-street"]}},{"type":"Feature","id":"restroom-inclusive:100249","geometry":{"type":"Point","coordinates":[-71.398369,41.825947]},"properties":{"id":"restroom-inclusive:100249","kind":"restroom-inclusive","label":"George St 182","detail":"Rooms 023, 123, 319","propertyCode":"100249","placeIds":["182-george-street"]}},{"type":"Feature","id":"restroom-inclusive:100252","geometry":{"type":"Point","coordinates":[-71.402931,41.828079]},"properties":{"id":"restroom-inclusive:100252","kind":"restroom-inclusive","label":"Peter Green House","detail":"Rooms 009, 011","propertyCode":"100252","placeIds":["peter-green-house"]}},{"type":"Feature","id":"restroom-inclusive:100253","geometry":{"type":"Point","coordinates":[-71.405663,41.829945]},"properties":{"id":"restroom-inclusive:100253","kind":"restroom-inclusive","label":"Rochambeau House","detail":"Rooms 112, 227, 240A, 307A, 308","propertyCode":"100253","placeIds":["rochambeau-house"]}},{"type":"Feature","id":"restroom-inclusive:100255","geometry":{"type":"Point","coordinates":[-71.39817,41.827332]},"properties":{"id":"restroom-inclusive:100255","kind":"restroom-inclusive","label":"Waterman St 131","detail":"Rooms 104, 202","propertyCode":"100255"}},{"type":"Feature","id":"restroom-inclusive:100268","geometry":{"type":"Point","coordinates":[-71.403801,41.82513]},"properties":{"id":"restroom-inclusive:100268","kind":"restroom-inclusive","label":"Shirley Miller House","detail":"Rooms 303","propertyCode":"100268","placeIds":["shirley-miller-house"]}},{"type":"Feature","id":"restroom-inclusive:100273","geometry":{"type":"Point","coordinates":[-71.400749,41.823383]},"properties":{"id":"restroom-inclusive:100273","kind":"restroom-inclusive","label":"Graduate Center E","detail":"Rooms 128, 214, 300A, 400A","propertyCode":"100273"}},{"type":"Feature","id":"restroom-inclusive:100274","geometry":{"type":"Point","coordinates":[-71.401939,41.826908]},"properties":{"id":"restroom-inclusive:100274","kind":"restroom-inclusive","label":"Waterman St 085","detail":"Rooms 36","propertyCode":"100274","placeIds":["85-waterman-street"]}},{"type":"Feature","id":"restroom-inclusive:100278","geometry":{"type":"Point","coordinates":[-71.401154,41.826958]},"properties":{"id":"restroom-inclusive:100278","kind":"restroom-inclusive","label":"Arnold Lab","detail":"Rooms 406","propertyCode":"100278","placeIds":["arnold-lab"]}},{"type":"Feature","id":"restroom-inclusive:100282","geometry":{"type":"Point","coordinates":[-71.40374,41.824844]},"properties":{"id":"restroom-inclusive:100282","kind":"restroom-inclusive","label":"Faculty Club","detail":"Rooms 304","propertyCode":"100282","placeIds":["faculty-club"]}},{"type":"Feature","id":"restroom-inclusive:100283","geometry":{"type":"Point","coordinates":[-71.401077,41.827854]},"properties":{"id":"restroom-inclusive:100283","kind":"restroom-inclusive","label":"Hemisphere Bldg","detail":"Rooms 104, 106, 216, 312, 314","propertyCode":"100283","placeIds":["hemisphere-building"]}},{"type":"Feature","id":"restroom-inclusive:100284","geometry":{"type":"Point","coordinates":[-71.401299,41.826015]},"properties":{"id":"restroom-inclusive:100284","kind":"restroom-inclusive","label":"Lincoln Field Building","detail":"Rooms 108, 206, 208, 306, 308","propertyCode":"100284","placeIds":["lincoln-field-building"]}},{"type":"Feature","id":"restroom-inclusive:100305","geometry":{"type":"Point","coordinates":[-71.401459,41.828255]},"properties":{"id":"restroom-inclusive:100305","kind":"restroom-inclusive","label":"Granoff Center For The Creative Arts","detail":"Rooms 012, S401","propertyCode":"100305","placeIds":["perry-and-marty-granoff-center-for-the-creative-arts"]}},{"type":"Feature","id":"restroom-inclusive:100331","geometry":{"type":"Point","coordinates":[-71.398445,41.826385]},"properties":{"id":"restroom-inclusive:100331","kind":"restroom-inclusive","label":"Engineering Research Center","detail":"Rooms 003, 004","propertyCode":"100331","placeIds":["engineering-research-center"]}},{"type":"Feature","id":"restroom-inclusive:100332","geometry":{"type":"Point","coordinates":[-71.399124,41.827599]},"properties":{"id":"restroom-inclusive:100332","kind":"restroom-inclusive","label":"Waterman St 118-120","detail":"Rooms 210, 212","propertyCode":"100332"}},{"type":"Feature","id":"restroom-inclusive:100333","geometry":{"type":"Point","coordinates":[-71.399147,41.824303]},"properties":{"id":"restroom-inclusive:100333","kind":"restroom-inclusive","label":"Stephen Robert Hall","detail":"Rooms 120, 203, 204, 232, 303, 304, 332","propertyCode":"100333","placeIds":["stephen-robert-hall"]}},{"type":"Feature","id":"restroom-inclusive:100345","geometry":{"type":"Point","coordinates":[-71.400543,41.828495]},"properties":{"id":"restroom-inclusive:100345","kind":"restroom-inclusive","label":"Euclid Ave 001","detail":"Rooms 201, 301, 401, 402","propertyCode":"100345","placeIds":["nelson-center-for-entrepreneurship"]}},{"type":"Feature","id":"restroom-inclusive:100347","geometry":{"type":"Point","coordinates":[-71.408699,41.820202]},"properties":{"id":"restroom-inclusive:100347","kind":"restroom-inclusive","label":"Dyer St 225","detail":"Rooms 522","propertyCode":"100347","placeIds":["wexford-innovation-complex"]}},{"type":"Feature","id":"restroom-inclusive:100357","geometry":{"type":"Point","coordinates":[-71.396431,41.831623]},"properties":{"id":"restroom-inclusive:100357","kind":"restroom-inclusive","label":"Lacrosse Soccer","detail":"Rooms 215, 303","propertyCode":"100357"}},{"type":"Feature","id":"restroom-inclusive:100391","geometry":{"type":"Point","coordinates":[-71.403519,41.798302]},"properties":{"id":"restroom-inclusive:100391","kind":"restroom-inclusive","label":"Pavillion 66","detail":"Rooms 213","propertyCode":"100391"}}]}
