osm_type,osm_id,name,brown_relevant_hint,building_type,amenity,operator,owner,address_number,address_street,address_city,address_state,address_postcode,levels,wikidata,wikipedia,website,latitude,longitude,osm_url,source_url,license
way,141129271,Penner Field House,true,yes,,Brown University,,237,Lloyd Avenue,Providence,RI,,,,,https://facilities.brown.edu/project/indoor-turf-facility,41.8306936,-71.3961698,https://www.openstreetmap.org/way/141129271,https://overpass-api.de/,"OpenStreetMap contributors, ODbL"
way,141535672,Hospital Trust Building,false,office,,Rhode Island School of Design,,,,,,,11,Q7320926,en:Rhode Island Hospital Trust Building,,41.8255732,-71.4096383,https://www.openstreetmap.org/way/141535672,https://overpass-api.de/,"OpenStreetMap contributors, ODbL"
way,141535674,Hall's Building,false,office,,,,,,,,,,,,,41.824027,-71.409992,https://www.openstreetmap.org/way/141535674,https://overpass-api.de/,"OpenStreetMap contributors, ODbL"
way,141535706,,false,office,,,,,,,,,3,,,,41.8230217,-71.4097645,https://www.openstreetmap.org/way/141535706,https://overpass-api.de/,"OpenStreetMap contributors, ODbL"
way,141535724,Freeway Garage,false,yes,parking,,,36,Pine Street,Providence,RI,02903,3,,,,41.8230774,-71.4089394,https://www.openstreetmap.org/way/141535724,https://overpass-api.de/,"OpenStreetMap contributors, ODbL"
way,141535751,Banigan Building,false,office,,,,,,,,,12,,,,41.8245943,-71.4091289,https://www.openstreetmap.org/way/141535751,https://overpass-api.de/,"OpenStreetMap contributors, ODbL"
way,141535762,Studley Building,false,office,,,,,,,,,6,,,,41.8233661,-71.4102357,https://www.openstreetmap.org/way/141535762,https://overpass-api.de/,"OpenStreetMap contributors, ODbL"
way,141535765,Hanley Building,false,office,,,,,,,,,7,,,,41.8228548,-71.4093732,https://www.openstreetmap.org/way/141535765,https://overpass-api.de/,"OpenStreetMap contributors, ODbL"
way,141535771,One Financial Plaza,false,commercial,,,,1,Financial Plaza,Providence,RI,,28,Q7092634,,,41.8253136,-71.4101116,https://www.openstreetmap.org/way/141535771,https://overpass-api.de/,"OpenStreetMap contributors, ODbL"
way,141535777,The Arcade Garage,false,yes,parking,GP Arcade Garage LLC,,66,Weybosset Street,Providence,RI,02903,9,,,https://www.thearcadegarage.com/,41.8234884,-71.4097122,https://www.openstreetmap.org/way/141535777,https://overpass-api.de/,"OpenStreetMap contributors, ODbL"
way,141535784,,false,office,,,,,,,,,5,,,,41.8231468,-71.409743,https://www.openstreetmap.org/way/141535784,https://overpass-api.de/,"OpenStreetMap contributors, ODbL"
way,141535788,Shakespeare Hall,false,office,,,,,,,,,5,Q7462799,en:Shakespeare Hall,,41.8224698,-71.4096028,https://www.openstreetmap.org/way/141535788,https://overpass-api.de/,"OpenStreetMap contributors, ODbL"
way,141535797,,false,yes,,,,58,Weybosset Street,,,,10,,,,41.8237559,-71.4096991,https://www.openstreetmap.org/way/141535797,https://overpass-api.de/,"OpenStreetMap contributors, ODbL"
way,141535813,Wilcox Building,false,office,,,,,,,,,6,,,,41.8241417,-71.4094649,https://www.openstreetmap.org/way/141535813,https://overpass-api.de/,"OpenStreetMap contributors, ODbL"
way,141535832,John E. Fogarty Judicial Annex,false,office,,,,,,,,,3,,,,41.8244095,-71.4093814,https://www.openstreetmap.org/way/141535832,https://overpass-api.de/,"OpenStreetMap contributors, ODbL"
way,141535883,Garrahy Judicial Complex,false,yes,courthouse,,,,,,,,,,,,41.8213344,-71.4095613,https://www.openstreetmap.org/way/141535883,https://overpass-api.de/,"OpenStreetMap contributors, ODbL"
way,141567722,,false,office,,,,,,,,,,,,,41.8206399,-71.4037847,https://www.openstreetmap.org/way/141567722,https://overpass-api.de/,"OpenStreetMap contributors, ODbL"
way,141567725,,false,office,,,,,,,,,,,,,41.8208773,-71.4039776,https://www.openstreetmap.org/way/141567725,https://overpass-api.de/,"OpenStreetMap contributors, ODbL"
way,141567726,SoMain 1,false,office,,,,255;257,South Main Street,,,,,,,,41.8224905,-71.4054034,https://www.openstreetmap.org/way/141567726,https://overpass-api.de/,"OpenStreetMap contributors, ODbL"
way,141567727,Metcalf Building,true,university,,,,,,,,,,,,,41.8265464,-71.4082384,https://www.openstreetmap.org/way/141567727,https://overpass-api.de/,"OpenStreetMap contributors, ODbL"
way,141567731,,false,office,,,,,,,,,,,,,41.8205859,-71.4094697,https://www.openstreetmap.org/way/141567731,https://overpass-api.de/,"OpenStreetMap contributors, ODbL"
way,141567732,"Bayard Ewing Building, RISD Architecture Building",false,school,,,,231,South Main Street,,,,,,,,41.8226586,-71.4058063,https://www.openstreetmap.org/way/141567732,https://overpass-api.de/,"OpenStreetMap contributors, ODbL"
way,141567734,,false,office,,,,,,,,,5,,,,41.8221558,-71.4100294,https://www.openstreetmap.org/way/141567734,https://overpass-api.de/,"OpenStreetMap contributors, ODbL"
way,141567737,The Packet Building,false,office,,,,155,South Main Street,,,,,,,,41.8235494,-71.4066432,https://www.openstreetmap.org/way/141567737,https://overpass-api.de/,"OpenStreetMap contributors, ODbL"
way,141567739,Washington Place,false,office,,,,,,,,,,,,,41.8271188,-71.4093323,https://www.openstreetmap.org/way/141567739,https://overpass-api.de/,"OpenStreetMap contributors, ODbL"
way,141567740,College Building,true,university,,,,236,Benefit Street,,,,,,,,41.8260525,-71.4074549,https://www.openstreetmap.org/way/141567740,https://overpass-api.de/,"OpenStreetMap contributors, ODbL"
way,141567753,SoMain Barn Building,false,office,,,,,,,,,,,,,41.8213095,-71.4044553,https://www.openstreetmap.org/way/141567753,https://overpass-api.de/,"OpenStreetMap contributors, ODbL"
way,141567754,,false,office,,,,,,,,,,,,,41.8207836,-71.4041772,https://www.openstreetmap.org/way/141567754,https://overpass-api.de/,"OpenStreetMap contributors, ODbL"
way,141567758,,false,office,,,,,,,,,,,,,41.8279191,-71.4096114,https://www.openstreetmap.org/way/141567758,https://overpass-api.de/,"OpenStreetMap contributors, ODbL"
way,141567760,,false,office,,,,,,,,,,,,,41.8274158,-71.4096865,https://www.openstreetmap.org/way/141567760,https://overpass-api.de/,"OpenStreetMap contributors, ODbL"
way,141567764,Market House,false,commercial,,,,,,,RI,,,Q6770694,"en:Market House (Providence, Rhode Island)",,41.8257981,-71.4083327,https://www.openstreetmap.org/way/141567764,https://overpass-api.de/,"OpenStreetMap contributors, ODbL"
way,141567766,,false,office,,,,,,,,,,,,,41.8215778,-71.404767,https://www.openstreetmap.org/way/141567766,https://overpass-api.de/,"OpenStreetMap contributors, ODbL"
way,141567769,George Corlis House,false,office,,,,,,,,,,,,,41.8229748,-71.405893,https://www.openstreetmap.org/way/141567769,https://overpass-api.de/,"OpenStreetMap contributors, ODbL"
way,141567770,Auditorium Building,false,office,,,,,,,,,,,,,41.8261066,-71.4086486,https://www.openstreetmap.org/way/141567770,https://overpass-api.de/,"OpenStreetMap contributors, ODbL"
way,141567774,Industrial Design Building,false,office,,,,,,,,,,,,,41.8231253,-71.4064268,https://www.openstreetmap.org/way/141567774,https://overpass-api.de/,"OpenStreetMap contributors, ODbL"
way,141567777,121 South Main Street,true,university,,,,121,South Main Street,,,02903,,,,,41.8240573,-71.4070587,https://www.openstreetmap.org/way/141567777,https://overpass-api.de/,"OpenStreetMap contributors, ODbL"
way,141567779,,true,university,,,,,,,,,,,,,41.8263487,-71.4089816,https://www.openstreetmap.org/way/141567779,https://overpass-api.de/,"OpenStreetMap contributors, ODbL"
way,141567780,,false,office,,,,,,,,,,,,,41.8237969,-71.4068813,https://www.openstreetmap.org/way/141567780,https://overpass-api.de/,"OpenStreetMap contributors, ODbL"
way,141567784,,false,yes,,,,,,,,,2,,,,41.8225913,-71.4079232,https://www.openstreetmap.org/way/141567784,https://overpass-api.de/,"OpenStreetMap contributors, ODbL"
way,141567790,,false,office,,,,200,Dyer Street,Providence,RI,,,,,,41.8212834,-71.4076809,https://www.openstreetmap.org/way/141567790,https://overpass-api.de/,"OpenStreetMap contributors, ODbL"
way,142009341,State Arsenal,false,yes,,,,176,Benefit Street,,RI,,,Q7603031,"en:State Arsenal (Providence, Rhode Island)",,41.8284779,-71.4083853,https://www.openstreetmap.org/way/142009341,https://overpass-api.de/,"OpenStreetMap contributors, ODbL"
way,142009347,,false,house,,,,244,Bowen Street,,,,,,,,41.8310606,-71.4006981,https://www.openstreetmap.org/way/142009347,https://overpass-api.de/,"OpenStreetMap contributors, ODbL"
way,142009349,,false,house,,,,136,Pratt Avenue,,,,,,,,41.8311844,-71.4077975,https://www.openstreetmap.org/way/142009349,https://overpass-api.de/,"OpenStreetMap contributors, ODbL"
way,142009350,,false,house,,,,,,,,,,,,,41.8328146,-71.4016618,https://www.openstreetmap.org/way/142009350,https://overpass-api.de/,"OpenStreetMap contributors, ODbL"
way,142009355,,false,house,,,,112,Benefit Street,,,,2,,,,41.8302427,-71.4089573,https://www.openstreetmap.org/way/142009355,https://overpass-api.de/,"OpenStreetMap contributors, ODbL"
way,142009356,Hiram Hill House,false,house,,,,85,Power Street,Providence,RI,,,,,,41.8227258,-71.401054,https://www.openstreetmap.org/way/142009356,https://overpass-api.de/,"OpenStreetMap contributors, ODbL"
way,142009357,,false,house,,,,183,,,,,,,,,41.8322595,-71.4037216,https://www.openstreetmap.org/way/142009357,https://overpass-api.de/,"OpenStreetMap contributors, ODbL"
way,142009363,,false,house,,,,,,,,,,,,,41.8292109,-71.4082768,https://www.openstreetmap.org/way/142009363,https://overpass-api.de/,"OpenStreetMap contributors, ODbL"
way,142009364,,false,house,,,,"42,44",Benefit Street,,,,,,,,41.8325999,-71.4097892,https://www.openstreetmap.org/way/142009364,https://overpass-api.de/,"OpenStreetMap contributors, ODbL"
way,142009365,,false,apartments,,Bright Lights Properties,,190,Angell Street,Providence,RI,,3,,,https://brightlightsproperties.com/190-angell-st-college-hill,41.8283385,-71.4001755,https://www.openstreetmap.org/way/142009365,https://overpass-api.de/,"OpenStreetMap contributors, ODbL"
way,142009371,,false,house,,,,,,,,,,,,,41.8320143,-71.4022281,https://www.openstreetmap.org/way/142009371,https://overpass-api.de/,"OpenStreetMap contributors, ODbL"
way,142009372,,false,house,,,,96,Lloyd Avenue,,,,,,,,41.8316145,-71.403306,https://www.openstreetmap.org/way/142009372,https://overpass-api.de/,"OpenStreetMap contributors, ODbL"
way,142009373,,false,house,,,,94,Meeting Street,,,,,,,,41.8289008,-71.4062215,https://www.openstreetmap.org/way/142009373,https://overpass-api.de/,"OpenStreetMap contributors, ODbL"
way,142009380,,false,house,,,,101,Benefit Street,,,,,,,,41.8308263,-71.4087157,https://www.openstreetmap.org/way/142009380,https://overpass-api.de/,"OpenStreetMap contributors, ODbL"
way,142009382,,false,house,,,,,,,,,,,,,41.8319855,-71.4020402,https://www.openstreetmap.org/way/142009382,https://overpass-api.de/,"OpenStreetMap contributors, ODbL"
way,142009384,,false,house,,,,,,,,,,,,,41.8297728,-71.4040461,https://www.openstreetmap.org/way/142009384,https://overpass-api.de/,"OpenStreetMap contributors, ODbL"
way,142009389,,false,house,,,,135,Pratt Avenue,,,,,,,,41.8312174,-71.4082581,https://www.openstreetmap.org/way/142009389,https://overpass-api.de/,"OpenStreetMap contributors, ODbL"
way,142009393,,false,house,,,,91,Prospect Street,,,,,,,,41.8304316,-71.405286,https://www.openstreetmap.org/way/142009393,https://overpass-api.de/,"OpenStreetMap contributors, ODbL"
way,142009395,,false,house,,,,147,,,,,2,,,,41.8223337,-71.3987059,https://www.openstreetmap.org/way/142009395,https://overpass-api.de/,"OpenStreetMap contributors, ODbL"
way,142009398,University Club,false,house,,,,,,,,,,,,https://www.uclubprov.com/,41.8269397,-71.4069692,https://www.openstreetmap.org/way/142009398,https://overpass-api.de/,"OpenStreetMap contributors, ODbL"
way,142009400,,false,house,,,,,,,,,,,,,41.8287799,-71.4081072,https://www.openstreetmap.org/way/142009400,https://overpass-api.de/,"OpenStreetMap contributors, ODbL"
way,142009402,,false,house,,,,,,,,,,,,,41.8316497,-71.4023277,https://www.openstreetmap.org/way/142009402,https://overpass-api.de/,"OpenStreetMap contributors, ODbL"
way,142009404,,false,house,,,,31,,,,,,,,,41.8215586,-71.4000169,https://www.openstreetmap.org/way/142009404,https://overpass-api.de/,"OpenStreetMap contributors, ODbL"
way,142009409,,false,house,,,,122,Benefit Street,,,,2,,,,41.8299229,-71.4088765,https://www.openstreetmap.org/way/142009409,https://overpass-api.de/,"OpenStreetMap contributors, ODbL"
way,142009411,,false,house,,,,62,Meeting Street,,,,,,,,41.8288023,-71.4074988,https://www.openstreetmap.org/way/142009411,https://overpass-api.de/,"OpenStreetMap contributors, ODbL"
way,142009415,,false,house,,,,25;27,John Street,,,,,,,,41.8215457,-71.4003156,https://www.openstreetmap.org/way/142009415,https://overpass-api.de/,"OpenStreetMap contributors, ODbL"
way,142009418,,false,house,,,,165,Brown Street,Providence,RI,02906,,,,,41.8317008,-71.4036545,https://www.openstreetmap.org/way/142009418,https://overpass-api.de/,"OpenStreetMap contributors, ODbL"
way,142009420,,false,house,,,,61,Benefit Street,,,,,,,,41.8321757,-71.4092957,https://www.openstreetmap.org/way/142009420,https://overpass-api.de/,"OpenStreetMap contributors, ODbL"
way,142009422,,false,house,,,,,,,,,,,,,41.831608,-71.4029052,https://www.openstreetmap.org/way/142009422,https://overpass-api.de/,"OpenStreetMap contributors, ODbL"
way,142009427,,false,house,,,,248,Bowen Street,,,,,,,,41.8310292,-71.4005174,https://www.openstreetmap.org/way/142009427,https://overpass-api.de/,"OpenStreetMap contributors, ODbL"
way,142009428,,false,house,,,,,,,,,,,,,41.8328684,-71.4014365,https://www.openstreetmap.org/way/142009428,https://overpass-api.de/,"OpenStreetMap contributors, ODbL"
way,142009429,,false,house,,,,118,Benefit Street,,,,2,,,,41.8300653,-71.4088859,https://www.openstreetmap.org/way/142009429,https://overpass-api.de/,"OpenStreetMap contributors, ODbL"
way,142009434,,false,house,,,,,,,,,,,,,41.8299014,-71.4037871,https://www.openstreetmap.org/way/142009434,https://overpass-api.de/,"OpenStreetMap contributors, ODbL"
way,142009436,,false,house,,,,76,Prospect Street,,,,,,,,41.8294649,-71.4054028,https://www.openstreetmap.org/way/142009436,https://overpass-api.de/,"OpenStreetMap contributors, ODbL"
way,142009437,,false,house,,,,81,Benefit Street,,,,,,,,41.8313873,-71.4090804,https://www.openstreetmap.org/way/142009437,https://overpass-api.de/,"OpenStreetMap contributors, ODbL"
way,142009442,,false,house,,,,,,,,,,,,,41.8319985,-71.4024198,https://www.openstreetmap.org/way/142009442,https://overpass-api.de/,"OpenStreetMap contributors, ODbL"
way,142009444,,false,house,,,,,,,,,,,,,41.8304806,-71.40463,https://www.openstreetmap.org/way/142009444,https://overpass-api.de/,"OpenStreetMap contributors, ODbL"
way,142009445,,false,house,,,,13,Cushing Street,,,,,,,,41.8294037,-71.4057004,https://www.openstreetmap.org/way/142009445,https://overpass-api.de/,"OpenStreetMap contributors, ODbL"
way,142009450,,false,house,,,,28,South Court Street,,,,,,,,41.829241,-71.4076856,https://www.openstreetmap.org/way/142009450,https://overpass-api.de/,"OpenStreetMap contributors, ODbL"
way,142009451,,false,house,,,,65,,,,,,,,,41.8299896,-71.406615,https://www.openstreetmap.org/way/142009451,https://overpass-api.de/,"OpenStreetMap contributors, ODbL"
way,142009452,,false,house,,,,151,Pratt Avenue,,,,,,,,41.8309012,-71.4081862,https://www.openstreetmap.org/way/142009452,https://overpass-api.de/,"OpenStreetMap contributors, ODbL"
way,142009456,,false,house,,,,,,,,,,,,,41.8323369,-71.4026052,https://www.openstreetmap.org/way/142009456,https://overpass-api.de/,"OpenStreetMap contributors, ODbL"
way,142009459,,false,house,,,,,,,,,,,,,41.8303295,-71.4050979,https://www.openstreetmap.org/way/142009459,https://overpass-api.de/,"OpenStreetMap contributors, ODbL"
way,142009460,,false,house,,,,115,,,,,,,,,41.8303831,-71.4061338,https://www.openstreetmap.org/way/142009460,https://overpass-api.de/,"OpenStreetMap contributors, ODbL"
way,142009463,John Greene and Russell Potter House,false,house,,,,51,,,,,,,,,41.8221408,-71.399795,https://www.openstreetmap.org/way/142009463,https://overpass-api.de/,"OpenStreetMap contributors, ODbL"
way,142009466,,false,house,,,,,,,,,,,,,41.8213402,-71.4000241,https://www.openstreetmap.org/way/142009466,https://overpass-api.de/,"OpenStreetMap contributors, ODbL"
way,142009472,,false,house,,,,251,Bowen Street,,,,,,,,41.8306838,-71.4002672,https://www.openstreetmap.org/way/142009472,https://overpass-api.de/,"OpenStreetMap contributors, ODbL"
way,142009473,,false,house,,,,,,,,,,,,,41.8319326,-71.4041922,https://www.openstreetmap.org/way/142009473,https://overpass-api.de/,"OpenStreetMap contributors, ODbL"
way,142009474,,false,house,,,,14,,,,,,,,,41.8218199,-71.401102,https://www.openstreetmap.org/way/142009474,https://overpass-api.de/,"OpenStreetMap contributors, ODbL"
way,142009481,,false,house,,,,,,,,,2,,,,41.8278603,-71.4080261,https://www.openstreetmap.org/way/142009481,https://overpass-api.de/,"OpenStreetMap contributors, ODbL"
way,142009483,,false,house,,,,140,,,,,,,,,41.8308728,-71.403884,https://www.openstreetmap.org/way/142009483,https://overpass-api.de/,"OpenStreetMap contributors, ODbL"
way,142009484,,false,house,,,,147,Lloyd Avenue,,,,,,,,41.8313176,-71.4015391,https://www.openstreetmap.org/way/142009484,https://overpass-api.de/,"OpenStreetMap contributors, ODbL"
way,142009491,,false,house,,,,,,,,,,,,,41.8319456,-71.4033309,https://www.openstreetmap.org/way/142009491,https://overpass-api.de/,"OpenStreetMap contributors, ODbL"
way,142009492,,false,house,,,,84,Benefit Street,,,,,,,,41.831214,-71.4093268,https://www.openstreetmap.org/way/142009492,https://overpass-api.de/,"OpenStreetMap contributors, ODbL"
way,142009495,,false,house,,,,146,Lloyd Avenue,,,,,,,,41.8316739,-71.401556,https://www.openstreetmap.org/way/142009495,https://overpass-api.de/,"OpenStreetMap contributors, ODbL"
way,142009503,,false,house,,,,103-105,Keene Street,,,,,,,,41.8320931,-71.4012896,https://www.openstreetmap.org/way/142009503,https://overpass-api.de/,"OpenStreetMap contributors, ODbL"
way,142009504,,false,house,,,,38,Cushing Street,,,,,,,,41.8297833,-71.4037873,https://www.openstreetmap.org/way/142009504,https://overpass-api.de/,"OpenStreetMap contributors, ODbL"
way,142009506,,false,house,,,,,,,,,,,,,41.8323642,-71.4018976,https://www.openstreetmap.org/way/142009506,https://overpass-api.de/,"OpenStreetMap contributors, ODbL"
way,142009512,,false,house,,,,87,Benefit Street,,,,,,,,41.8312121,-71.4089771,https://www.openstreetmap.org/way/142009512,https://overpass-api.de/,"OpenStreetMap contributors, ODbL"
way,142009516,Samuel & William Foster House,false,house,,,,93,Power Street,Providence,RI,,,,,,41.8227288,-71.4005994,https://www.openstreetmap.org/way/142009516,https://overpass-api.de/,"OpenStreetMap contributors, ODbL"
way,142009524,,false,house,,,,30,Congdon Street,,,,,,,,41.8286202,-71.4069667,https://www.openstreetmap.org/way/142009524,https://overpass-api.de/,"OpenStreetMap contributors, ODbL"
way,142009526,La Creperie,false,house,,,,82,Fones Alley,Providence,RI,02912,,,,,41.8283008,-71.4003263,https://www.openstreetmap.org/way/142009526,https://overpass-api.de/,"OpenStreetMap contributors, ODbL"
way,142009532,,false,house,,,,,,,,,,,,,41.83235,-71.4024372,https://www.openstreetmap.org/way/142009532,https://overpass-api.de/,"OpenStreetMap contributors, ODbL"
way,142009535,,false,house,,,,25,South Court Street,,,,,,,,41.8290151,-71.4075714,https://www.openstreetmap.org/way/142009535,https://overpass-api.de/,"OpenStreetMap contributors, ODbL"
way,142009537,,false,house,,,,195,Angell Street,Providence,RI,,,,,,41.8279618,-71.3999068,https://www.openstreetmap.org/way/142009537,https://overpass-api.de/,"OpenStreetMap contributors, ODbL"
way,142009543,,false,house,,,,155,Brown Street,Providence,RI,02906,,,,,41.8312658,-71.4036085,https://www.openstreetmap.org/way/142009543,https://overpass-api.de/,"OpenStreetMap contributors, ODbL"
way,142009544,,false,house,,,,247,Bowen Street,,,,,,,,41.830657,-71.4004981,https://www.openstreetmap.org/way/142009544,https://overpass-api.de/,"OpenStreetMap contributors, ODbL"
way,142009552,,false,house,,,,110,Benefit Street,,,,4,,,,41.8304072,-71.409087,https://www.openstreetmap.org/way/142009552,https://overpass-api.de/,"OpenStreetMap contributors, ODbL"
way,142009555,,false,house,,,,129,Benefit Street,,,,,,,,41.8298251,-71.4084098,https://www.openstreetmap.org/way/142009555,https://overpass-api.de/,"OpenStreetMap contributors, ODbL"
way,142009556,,false,house,,,,,,,,,,,,,41.8320263,-71.4016842,https://www.openstreetmap.org/way/142009556,https://overpass-api.de/,"OpenStreetMap contributors, ODbL"
way,142009563,,false,house,,,,159,Brown Street,Providence,RI,02906,,,,,41.8315544,-71.4036198,https://www.openstreetmap.org/way/142009563,https://overpass-api.de/,"OpenStreetMap contributors, ODbL"
way,142009565,,false,house,,,,99,Lloyd Avenue,Providence,RI,02906,,,,,41.8312723,-71.4030919,https://www.openstreetmap.org/way/142009565,https://overpass-api.de/,"OpenStreetMap contributors, ODbL"
way,142009567,,false,house,,,,88,Benefit Street,,,,,,,,41.8310758,-71.4092397,https://www.openstreetmap.org/way/142009567,https://overpass-api.de/,"OpenStreetMap contributors, ODbL"
way,142009573,,false,house,,,,100,Meeting Street,,,,,,,,41.8289891,-71.40593,https://www.openstreetmap.org/way/142009573,https://overpass-api.de/,"OpenStreetMap contributors, ODbL"
way,142009574,,false,house,,,,,,,,,,,,,41.8320374,-71.4015136,https://www.openstreetmap.org/way/142009574,https://overpass-api.de/,"OpenStreetMap contributors, ODbL"
way,142009577,,false,house,,,,165,Pratt Avenue,,,,,,,,41.8303037,-71.4080658,https://www.openstreetmap.org/way/142009577,https://overpass-api.de/,"OpenStreetMap contributors, ODbL"
way,142009583,Asa W. Armington House,false,house,,,,106,Williams Street,Providence,RI,,,,,,41.8225182,-71.4005548,https://www.openstreetmap.org/way/142009583,https://overpass-api.de/,"OpenStreetMap contributors, ODbL"
way,142009585,Congdon House,false,house,,,,2,,,,,,,,,41.8277837,-71.4068337,https://www.openstreetmap.org/way/142009585,https://overpass-api.de/,"OpenStreetMap contributors, ODbL"
way,142009591,,false,house,,,,71,Bowen Street,,,,,,,,41.8303274,-71.4077135,https://www.openstreetmap.org/way/142009591,https://overpass-api.de/,"OpenStreetMap contributors, ODbL"
way,142009592,,false,house,,,,370,Thayer Street,,,,,,,,41.8325601,-71.4014315,https://www.openstreetmap.org/way/142009592,https://overpass-api.de/,"OpenStreetMap contributors, ODbL"
way,142009594,Samuel Slocum House,false,house,,,,99,Power Street,Providence,RI,,,,,,41.82276,-71.4002241,https://www.openstreetmap.org/way/142009594,https://overpass-api.de/,"OpenStreetMap contributors, ODbL"
way,142009600,,false,house,,,,169,Brown Street,Providence,RI,02906,,,,,41.8318242,-71.4036346,https://www.openstreetmap.org/way/142009600,https://overpass-api.de/,"OpenStreetMap contributors, ODbL"
way,142009601,,false,house,,,,91,Lloyd Avenue,Providence,RI,02906,,,,,41.831264,-71.4034193,https://www.openstreetmap.org/way/142009601,https://overpass-api.de/,"OpenStreetMap contributors, ODbL"
way,142009606,,false,house,,,,131-133,Brown Street,,,,,,,,41.8305119,-71.4034505,https://www.openstreetmap.org/way/142009606,https://overpass-api.de/,"OpenStreetMap contributors, ODbL"
way,142009607,,false,house,,,,,,,,,,,,,41.830123,-71.4038749,https://www.openstreetmap.org/way/142009607,https://overpass-api.de/,"OpenStreetMap contributors, ODbL"
way,142009609,,false,house,,,,92,,,,,,,,,41.8304425,-71.4058197,https://www.openstreetmap.org/way/142009609,https://overpass-api.de/,"OpenStreetMap contributors, ODbL"
way,142009616,,false,house,,,,,,,,,,,,,41.8319799,-71.401846,https://www.openstreetmap.org/way/142009616,https://overpass-api.de/,"OpenStreetMap contributors, ODbL"
way,142009617,Lucius Horton House,false,house,,,,49/43,Thayer Street,Providence,RI,02906,,,,,41.8220172,-71.3997705,https://www.openstreetmap.org/way/142009617,https://overpass-api.de/,"OpenStreetMap contributors, ODbL"
way,142009618,,false,house,,,,129,Brown Street,,,,,,,,41.8302461,-71.4032761,https://www.openstreetmap.org/way/142009618,https://overpass-api.de/,"OpenStreetMap contributors, ODbL"
way,142009624,,false,house,,,,103,Lloyd Avenue,Providence,RI,02906,,,,,41.8313103,-71.4029314,https://www.openstreetmap.org/way/142009624,https://overpass-api.de/,"OpenStreetMap contributors, ODbL"
way,142009627,,false,house,,,,169,Pratt Avenue,,,,,,,,41.8301428,-71.4080129,https://www.openstreetmap.org/way/142009627,https://overpass-api.de/,"OpenStreetMap contributors, ODbL"
way,142009634,,false,house,,,,,,,,,,,,,41.8322971,-71.4031342,https://www.openstreetmap.org/way/142009634,https://overpass-api.de/,"OpenStreetMap contributors, ODbL"
way,142009635,,false,house,,,,,,,,,,,,,41.8316544,-71.4017726,https://www.openstreetmap.org/way/142009635,https://overpass-api.de/,"OpenStreetMap contributors, ODbL"
way,142009642,,false,house,,,,181,Lloyd Avenue,,,,,,,,41.8313512,-71.4000761,https://www.openstreetmap.org/way/142009642,https://overpass-api.de/,"OpenStreetMap contributors, ODbL"
way,142009644,,false,house,,,,,,,,,,,,,41.8323101,-71.4033558,https://www.openstreetmap.org/way/142009644,https://overpass-api.de/,"OpenStreetMap contributors, ODbL"
way,142009646,,false,house,,,,366,Thayer Street,,,,,,,,41.8324285,-71.4014581,https://www.openstreetmap.org/way/142009646,https://overpass-api.de/,"OpenStreetMap contributors, ODbL"
way,142009651,,false,house,,,,102,Benefit Street,,,,,,,,41.8306624,-71.4091007,https://www.openstreetmap.org/way/142009651,https://overpass-api.de/,"OpenStreetMap contributors, ODbL"
way,142009653,,false,house,,,,195,,,,,,,,,41.8326773,-71.4038773,https://www.openstreetmap.org/way/142009653,https://overpass-api.de/,"OpenStreetMap contributors, ODbL"
way,142009654,,false,house,,,,48,Benefit Street,,,,2,,,,41.8324715,-71.4097288,https://www.openstreetmap.org/way/142009654,https://overpass-api.de/,"OpenStreetMap contributors, ODbL"
way,142009661,,false,house,,,,252,Bowen Street,,,,,,,,41.8310407,-71.4002684,https://www.openstreetmap.org/way/142009661,https://overpass-api.de/,"OpenStreetMap contributors, ODbL"
way,142009662,Macfarlane House,false,house,,,,48,College Street,Providence,RI,02912,3,Q131977888,,,41.8262692,-71.4062656,https://www.openstreetmap.org/way/142009662,https://overpass-api.de/,"OpenStreetMap contributors, ODbL"
way,142009665,,false,house,,,,,,,,,,,,,41.8310847,-71.4068515,https://www.openstreetmap.org/way/142009665,https://overpass-api.de/,"OpenStreetMap contributors, ODbL"
way,142009670,North House,true,dormitory,,,,111,Brown Street,Providence,RI,02912,3,,,,41.8299238,-71.4033099,https://www.openstreetmap.org/way/142009670,https://overpass-api.de/,"OpenStreetMap contributors, ODbL"
way,142009674,,false,house,,,,,,,,,,,,,41.8309451,-71.4068242,https://www.openstreetmap.org/way/142009674,https://overpass-api.de/,"OpenStreetMap contributors, ODbL"
way,142009679,Edward S. Underwood House,false,house,,,,28,,,,,,,,,41.8218516,-71.399762,https://www.openstreetmap.org/way/142009679,https://overpass-api.de/,"OpenStreetMap contributors, ODbL"
way,142009682,,false,house,,,,150,Lloyd Avenue,,,,,,,,41.8316526,-71.4013039,https://www.openstreetmap.org/way/142009682,https://overpass-api.de/,"OpenStreetMap contributors, ODbL"
way,142009683,,false,house,,,,,,,,,,,,,41.8323295,-71.4029986,https://www.openstreetmap.org/way/142009683,https://overpass-api.de/,"OpenStreetMap contributors, ODbL"
way,142009689,,false,house,,,,125,Benefit Street,,,,,,,,41.8299521,-71.4084989,https://www.openstreetmap.org/way/142009689,https://overpass-api.de/,"OpenStreetMap contributors, ODbL"
way,142009690,,false,house,,,,,,,,,,,,,41.8221784,-71.4002866,https://www.openstreetmap.org/way/142009690,https://overpass-api.de/,"OpenStreetMap contributors, ODbL"
way,142009692,,false,house,,,,,,,,,,,,,41.8319855,-71.4027882,https://www.openstreetmap.org/way/142009692,https://overpass-api.de/,"OpenStreetMap contributors, ODbL"
way,142009697,,false,house,,,,,,,,,,,,,41.8326847,-71.4034889,https://www.openstreetmap.org/way/142009697,https://overpass-api.de/,"OpenStreetMap contributors, ODbL"
way,142009698,,false,house,,,,134,Lloyd Avenue,,,,,,,,41.8316563,-71.4019754,https://www.openstreetmap.org/way/142009698,https://overpass-api.de/,"OpenStreetMap contributors, ODbL"
way,142009700,,false,house,,,,52,Benefit Street,,,,2,,,,41.8322677,-71.4096675,https://www.openstreetmap.org/way/142009700,https://overpass-api.de/,"OpenStreetMap contributors, ODbL"
way,142009704,,false,house,,,,188,Bowen Street,,,,,,,,41.8309285,-71.4031181,https://www.openstreetmap.org/way/142009704,https://overpass-api.de/,"OpenStreetMap contributors, ODbL"
way,142009707,,false,house,,,,175,Lloyd Avenue,,,,,,,,41.83134,-71.4003225,https://www.openstreetmap.org/way/142009707,https://overpass-api.de/,"OpenStreetMap contributors, ODbL"
way,142009708,,false,house,,,,,,,,,,,,,41.8308829,-71.4044399,https://www.openstreetmap.org/way/142009708,https://overpass-api.de/,"OpenStreetMap contributors, ODbL"
way,142009712,,false,house,,,,106,Benefit Street,,,,,,,,41.8305295,-71.4090418,https://www.openstreetmap.org/way/142009712,https://overpass-api.de/,"OpenStreetMap contributors, ODbL"
way,142009715,,false,house,,,,185,,,,,,,,,41.8324594,-71.4037616,https://www.openstreetmap.org/way/142009715,https://overpass-api.de/,"OpenStreetMap contributors, ODbL"
way,142009717,,false,house,,,,50,Benefit Street,,,,2,,,,41.8323751,-71.4097089,https://www.openstreetmap.org/way/142009717,https://overpass-api.de/,"OpenStreetMap contributors, ODbL"
way,142009721,,false,house,,,,106,Lloyd Avenue,,,,,,,,41.8316145,-71.4027235,https://www.openstreetmap.org/way/142009721,https://overpass-api.de/,"OpenStreetMap contributors, ODbL"
way,142009724,,false,house,,,,,,,,,,,,,41.8262136,-71.406602,https://www.openstreetmap.org/way/142009724,https://overpass-api.de/,"OpenStreetMap contributors, ODbL"
way,142009729,Sciences Library,true,yes,library,Brown University,,201,Thayer Street,Providence,RI,02912,,Q7433719,en:Sciences Library (Brown University),https://library.brown.edu/about/scili/,41.8269648,-71.4001611,https://www.openstreetmap.org/way/142009729,https://overpass-api.de/,"OpenStreetMap contributors, ODbL"
way,142009732,,false,house,,,,,,,,,,,,,41.8316779,-71.4005949,https://www.openstreetmap.org/way/142009732,https://overpass-api.de/,"OpenStreetMap contributors, ODbL"
way,142009734,,false,house,,,,,,,,,,,,,41.828517,-71.4003742,https://www.openstreetmap.org/way/142009734,https://overpass-api.de/,"OpenStreetMap contributors, ODbL"
way,142009737,,false,house,,,,,,,,,,,,,41.8328489,-71.4018635,https://www.openstreetmap.org/way/142009737,https://overpass-api.de/,"OpenStreetMap contributors, ODbL"
way,142009738,Charles E. Tillinghast House,false,house,,,,89,Power Street,Providence,RI,,,,,,41.822744,-71.4008117,https://www.openstreetmap.org/way/142009738,https://overpass-api.de/,"OpenStreetMap contributors, ODbL"
way,142009742,,false,house,,,,196,Bowen Street,,,,,,,,41.8309524,-71.4027571,https://www.openstreetmap.org/way/142009742,https://overpass-api.de/,"OpenStreetMap contributors, ODbL"
way,142009746,,false,house,,,,,,,,,,,,,41.8319943,-71.403011,https://www.openstreetmap.org/way/142009746,https://overpass-api.de/,"OpenStreetMap contributors, ODbL"
way,142009747,,false,house,,,,42,,,,,,,,,41.8218941,-71.3990721,https://www.openstreetmap.org/way/142009747,https://overpass-api.de/,"OpenStreetMap contributors, ODbL"
way,142009750,,false,house,,,,56,Benefit Street,,,,,,,,41.8321568,-71.4096093,https://www.openstreetmap.org/way/142009750,https://overpass-api.de/,"OpenStreetMap contributors, ODbL"
way,142009754,,false,house,,,,127,Pratt Avenue,,,,,,,,41.8314267,-71.4083175,https://www.openstreetmap.org/way/142009754,https://overpass-api.de/,"OpenStreetMap contributors, ODbL"
way,142009755,,false,house,,,,190-192,Bowen Street,,,,,,,,41.8309264,-71.4029562,https://www.openstreetmap.org/way/142009755,https://overpass-api.de/,"OpenStreetMap contributors, ODbL"
way,142009756,,false,house,,,,107,,,,,,,,,41.8303496,-71.4064298,https://www.openstreetmap.org/way/142009756,https://overpass-api.de/,"OpenStreetMap contributors, ODbL"
way,142009761,,false,house,,,,75,Benefit Street,,,,,,,,41.8316276,-71.4090915,https://www.openstreetmap.org/way/142009761,https://overpass-api.de/,"OpenStreetMap contributors, ODbL"
way,142009763,,false,house,,,,143,,,,,,,,,41.82231,-71.3988485,https://www.openstreetmap.org/way/142009763,https://overpass-api.de/,"OpenStreetMap contributors, ODbL"
way,142009764,,false,house,,,,159,Lloyd Ave,,,,,,,,41.8313203,-71.4008777,https://www.openstreetmap.org/way/142009764,https://overpass-api.de/,"OpenStreetMap contributors, ODbL"
way,142009771,,false,house,,,,,,,,,,,,,41.8306101,-71.4072894,https://www.openstreetmap.org/way/142009771,https://overpass-api.de/,"OpenStreetMap contributors, ODbL"
way,142009772,,false,apartments,,,,21,Euclid Avenue,Providence,,,,,,,41.8285829,-71.3998582,https://www.openstreetmap.org/way/142009772,https://overpass-api.de/,"OpenStreetMap contributors, ODbL"
way,142009777,,false,house,,,,349-351,Thayer Street,,,,,,,,41.8319419,-71.4008876,https://www.openstreetmap.org/way/142009777,https://overpass-api.de/,"OpenStreetMap contributors, ODbL"
way,142009778,,false,house,,,,224,Bowen Street,,,,,,,,41.8309913,-71.4016195,https://www.openstreetmap.org/way/142009778,https://overpass-api.de/,"OpenStreetMap contributors, ODbL"
way,142009780,,false,house,,,,11,,,,,,,,,41.8285464,-71.4002158,https://www.openstreetmap.org/way/142009780,https://overpass-api.de/,"OpenStreetMap contributors, ODbL"
way,142009784,,false,house,,,,117,,,,,,,,,41.8300984,-71.4031752,https://www.openstreetmap.org/way/142009784,https://overpass-api.de/,"OpenStreetMap contributors, ODbL"
way,142009787,,false,house,,,,,,,,,,,,,41.8311678,-71.4048239,https://www.openstreetmap.org/way/142009787,https://overpass-api.de/,"OpenStreetMap contributors, ODbL"
way,142009790,,false,house,,,,,,,,,,,,,41.8323463,-71.402304,https://www.openstreetmap.org/way/142009790,https://overpass-api.de/,"OpenStreetMap contributors, ODbL"
way,142009795,,false,house,,,,,,,,,,,,,41.8297701,-71.4044213,https://www.openstreetmap.org/way/142009795,https://overpass-api.de/,"OpenStreetMap contributors, ODbL"
way,142009796,,false,house,,,,204,Bowen Street,,,,,,,,41.8309608,-71.4024621,https://www.openstreetmap.org/way/142009796,https://overpass-api.de/,"OpenStreetMap contributors, ODbL"
way,142009798,,false,house,,,,,,,,,,,,,41.8311796,-71.4054912,https://www.openstreetmap.org/way/142009798,https://overpass-api.de/,"OpenStreetMap contributors, ODbL"
way,142009803,,false,house,,,,,,,,,,,,,41.8323546,-71.4027883,https://www.openstreetmap.org/way/142009803,https://overpass-api.de/,"OpenStreetMap contributors, ODbL"
way,142009804,,false,house,,,,119,Benefit Street,,,,,,,,41.8300979,-71.4084929,https://www.openstreetmap.org/way/142009804,https://overpass-api.de/,"OpenStreetMap contributors, ODbL"
way,142009806,,false,house,,,,115,,,,,,,,,41.8222327,-71.400095,https://www.openstreetmap.org/way/142009806,https://overpass-api.de/,"OpenStreetMap contributors, ODbL"
way,142009812,,false,house,,,,109,,,,,,,,,41.830378,-71.4062891,https://www.openstreetmap.org/way/142009812,https://overpass-api.de/,"OpenStreetMap contributors, ODbL"
way,142009814,,false,house,,,,240,Bowen Street,,,,,,,,41.8310127,-71.4008362,https://www.openstreetmap.org/way/142009814,https://overpass-api.de/,"OpenStreetMap contributors, ODbL"
way,142009818,,false,house,,,,260,Bowen Street,,,,,,,,41.8310709,-71.4000289,https://www.openstreetmap.org/way/142009818,https://overpass-api.de/,"OpenStreetMap contributors, ODbL"
way,142009822,,false,house,,,,67;69,,,,,,,,,41.8327867,-71.4021907,https://www.openstreetmap.org/way/142009822,https://overpass-api.de/,"OpenStreetMap contributors, ODbL"
way,142009823,,false,house,,,,109,Benefit Street,,,,,,,,41.8305879,-71.4086286,https://www.openstreetmap.org/way/142009823,https://overpass-api.de/,"OpenStreetMap contributors, ODbL"
way,142009826,,false,house,,,,66,Benefit Street,,,,,,,,41.8319846,-71.4095483,https://www.openstreetmap.org/way/142009826,https://overpass-api.de/,"OpenStreetMap contributors, ODbL"
way,142009829,,false,house,,,,154,Cushing St,,,02906,,,,,41.8302318,-71.4005006,https://www.openstreetmap.org/way/142009829,https://overpass-api.de/,"OpenStreetMap contributors, ODbL"
way,142009831,,false,house,,,,204,,,,,,,,,41.8283789,-71.3996798,https://www.openstreetmap.org/way/142009831,https://overpass-api.de/,"OpenStreetMap contributors, ODbL"
way,142009836,,false,house,,,,,,,,,,,,,41.8327905,-71.4024086,https://www.openstreetmap.org/way/142009836,https://overpass-api.de/,"OpenStreetMap contributors, ODbL"
way,142009838,,false,house,,,,214,Bowen Street,,,,,,,,41.8309746,-71.4019469,https://www.openstreetmap.org/way/142009838,https://overpass-api.de/,"OpenStreetMap contributors, ODbL"
way,142009841,RISD Admissions Office,false,yes,,,,62,Prospect Street,,,02906,,Q8033250,,,41.8286629,-71.4052953,https://www.openstreetmap.org/way/142009841,https://overpass-api.de/,"OpenStreetMap contributors, ODbL"
way,142009845,,false,house,,,,,,,,,,,,,41.8312816,-71.4025381,https://www.openstreetmap.org/way/142009845,https://overpass-api.de/,"OpenStreetMap contributors, ODbL"
way,142009848,,false,house,,,,,,,,,,,,,41.8311669,-71.4044679,https://www.openstreetmap.org/way/142009848,https://overpass-api.de/,"OpenStreetMap contributors, ODbL"
way,142009849,,false,house,,,,,,,,,,,,,41.8323778,-71.4021198,https://www.openstreetmap.org/way/142009849,https://overpass-api.de/,"OpenStreetMap contributors, ODbL"
way,142009854,,false,house,,,,94,Congdon Street,,,,,,,,41.8310491,-71.4073233,https://www.openstreetmap.org/way/142009854,https://overpass-api.de/,"OpenStreetMap contributors, ODbL"
way,142009856,,false,house,,,,135,,,,,,,,,41.822278,-71.3992067,https://www.openstreetmap.org/way/142009856,https://overpass-api.de/,"OpenStreetMap contributors, ODbL"
way,142009857,Russell Potter House,false,house,,,,26,John Street,Providence,RI,02906,,,,,41.8218076,-71.4000503,https://www.openstreetmap.org/way/142009857,https://overpass-api.de/,"OpenStreetMap contributors, ODbL"
way,142009862,,false,house,,,,355,Thayer St,,,,,,,,41.8320819,-71.4009274,https://www.openstreetmap.org/way/142009862,https://overpass-api.de/,"OpenStreetMap contributors, ODbL"
way,142009864,,false,house,,,,129,,,,,,,,,41.8222721,-71.3993536,https://www.openstreetmap.org/way/142009864,https://overpass-api.de/,"OpenStreetMap contributors, ODbL"
way,142009866,,false,house,,,,,,,,,,,,,41.8221944,-71.4010472,https://www.openstreetmap.org/way/142009866,https://overpass-api.de/,"OpenStreetMap contributors, ODbL"
way,142009872,,false,house,,,,"17,19,21,23",South Court Street,,,,,,,,41.8290222,-71.4079332,https://www.openstreetmap.org/way/142009872,https://overpass-api.de/,"OpenStreetMap contributors, ODbL"
way,142009873,,false,house,,,,24,John Street,,,,,,,,41.8218253,-71.4002203,https://www.openstreetmap.org/way/142009873,https://overpass-api.de/,"OpenStreetMap contributors, ODbL"
way,142009881,,false,house,,,,,,,,,,,,,41.8319481,-71.4031371,https://www.openstreetmap.org/way/142009881,https://overpass-api.de/,"OpenStreetMap contributors, ODbL"
way,142009883,,false,house,,,,328,Thayer Street,,,,,,,,41.8312241,-71.4012561,https://www.openstreetmap.org/way/142009883,https://overpass-api.de/,"OpenStreetMap contributors, ODbL"
way,142009888,,false,house,,,,,,,,,,,,,41.832797,-71.4020215,https://www.openstreetmap.org/way/142009888,https://overpass-api.de/,"OpenStreetMap contributors, ODbL"
way,142009890,,false,house,,,,,,,,,,,,,41.8305425,-71.4083335,https://www.openstreetmap.org/way/142009890,https://overpass-api.de/,"OpenStreetMap contributors, ODbL"
way,142009891,,false,house,,,,66,Benefit Street,,,,,,,,41.8318723,-71.4095308,https://www.openstreetmap.org/way/142009891,https://overpass-api.de/,"OpenStreetMap contributors, ODbL"
way,142009896,,false,house,,,,74,Benefit Street,,,,,,,,41.831584,-71.4094114,https://www.openstreetmap.org/way/142009896,https://overpass-api.de/,"OpenStreetMap contributors, ODbL"
way,142009897,,false,house,,,,127,Lloyd Avenue,Providence,RI,02906,,,,,41.8312909,-71.4021198,https://www.openstreetmap.org/way/142009897,https://overpass-api.de/,"OpenStreetMap contributors, ODbL"
way,142009899,,false,house,,,,,,,,,,,,,41.8310961,-71.4063895,https://www.openstreetmap.org/way/142009899,https://overpass-api.de/,"OpenStreetMap contributors, ODbL"
way,142009901,,false,house,,,,32,,,,,,,,,41.8218639,-71.3994973,https://www.openstreetmap.org/way/142009901,https://overpass-api.de/,"OpenStreetMap contributors, ODbL"
way,142009905,,false,house,,,,72,Prospect Street,,,,,,,,41.8291349,-71.4053258,https://www.openstreetmap.org/way/142009905,https://overpass-api.de/,"OpenStreetMap contributors, ODbL"
way,142009909,,false,house,,,,125,Lloyd Avenue,Providence,RI,02906,,,,,41.8312751,-71.4023252,https://www.openstreetmap.org/way/142009909,https://overpass-api.de/,"OpenStreetMap contributors, ODbL"
way,142009911,,false,house,,,,,,,,,,,,,41.8307766,-71.4072221,https://www.openstreetmap.org/way/142009911,https://overpass-api.de/,"OpenStreetMap contributors, ODbL"
way,142009912,,false,house,,,,,,,,,,,,,41.8282684,-71.4004968,https://www.openstreetmap.org/way/142009912,https://overpass-api.de/,"OpenStreetMap contributors, ODbL"
way,142009915,,false,house,,,,,,,,,,,,,41.8303696,-71.4067596,https://www.openstreetmap.org/way/142009915,https://overpass-api.de/,"OpenStreetMap contributors, ODbL"
way,142009916,,false,house,,,,,,,,,,,,,41.8321241,-71.4006562,https://www.openstreetmap.org/way/142009916,https://overpass-api.de/,"OpenStreetMap contributors, ODbL"
way,142009919,,false,house,,,,141,,,,,,,,,41.8222956,-71.3990491,https://www.openstreetmap.org/way/142009919,https://overpass-api.de/,"OpenStreetMap contributors, ODbL"
way,142009924,,false,house,,,,,,,,,,,,,41.8321144,-71.400778,https://www.openstreetmap.org/way/142009924,https://overpass-api.de/,"OpenStreetMap contributors, ODbL"
way,142009925,,false,house,,,,,,,,,,,,,41.8297687,-71.4046452,https://www.openstreetmap.org/way/142009925,https://overpass-api.de/,"OpenStreetMap contributors, ODbL"
way,142009929,,false,house,,,,43,,,,,,,,,41.8327154,-71.4032973,https://www.openstreetmap.org/way/142009929,https://overpass-api.de/,"OpenStreetMap contributors, ODbL"
way,142009931,,false,house,,,,,,,,,,,,,41.8221102,-71.4011273,https://www.openstreetmap.org/way/142009931,https://overpass-api.de/,"OpenStreetMap contributors, ODbL"
way,142009932,,false,house,,,,173,Brown Street,Providence,RI,02906,,,,,41.83197,-71.4036698,https://www.openstreetmap.org/way/142009932,https://overpass-api.de/,"OpenStreetMap contributors, ODbL"
way,142009936,,false,house,,,,80,Benefit Street,,,,,,,,41.8313438,-71.4093131,https://www.openstreetmap.org/way/142009936,https://overpass-api.de/,"OpenStreetMap contributors, ODbL"
way,142009938,,false,house,,,,234,Bowen Street,,,,,,,,41.8310173,-71.4012,https://www.openstreetmap.org/way/142009938,https://overpass-api.de/,"OpenStreetMap contributors, ODbL"
way,142009943,,false,house,,,,100,,,,,,,,,41.8307625,-71.4058595,https://www.openstreetmap.org/way/142009943,https://overpass-api.de/,"OpenStreetMap contributors, ODbL"
way,142009946,,false,house,,,,38,John Street,,,,,,,,41.8218938,-71.3992542,https://www.openstreetmap.org/way/142009946,https://overpass-api.de/,"OpenStreetMap contributors, ODbL"
way,142009947,,false,house,,,,78,Benefit Street,,,,,,,,41.8314458,-71.4093803,https://www.openstreetmap.org/way/142009947,https://overpass-api.de/,"OpenStreetMap contributors, ODbL"
way,142009950,,false,house,,,,,,,,,,,,,41.8291736,-71.4079326,https://www.openstreetmap.org/way/142009950,https://overpass-api.de/,"OpenStreetMap contributors, ODbL"
way,142009951,,false,house,,,,188,Pratt Avenue,,,,,,,,41.8293688,-71.4074375,https://www.openstreetmap.org/way/142009951,https://overpass-api.de/,"OpenStreetMap contributors, ODbL"
way,142009952,,false,house,,,,102,,,,,,,,,41.831098,-71.4059826,https://www.openstreetmap.org/way/142009952,https://overpass-api.de/,"OpenStreetMap contributors, ODbL"
way,142009958,,false,house,,,,,,,,,,,,,41.8218972,-71.3993607,https://www.openstreetmap.org/way/142009958,https://overpass-api.de/,"OpenStreetMap contributors, ODbL"
way,142009960,Sturgis Carpenter House,false,house,,,,102,Williams Street,Providence,RI,,,,,,41.8224949,-71.4007692,https://www.openstreetmap.org/way/142009960,https://overpass-api.de/,"OpenStreetMap contributors, ODbL"
way,142009965,,false,house,,,,166,Cushing St,,,02906,,,,,41.8302494,-71.4001844,https://www.openstreetmap.org/way/142009965,https://overpass-api.de/,"OpenStreetMap contributors, ODbL"
way,142009966,,false,house,,,,,,,,,,,,,41.8309092,-71.4072856,https://www.openstreetmap.org/way/142009966,https://overpass-api.de/,"OpenStreetMap contributors, ODbL"
way,142009967,,false,house,,,,132,Benefit Street,,,,,,,,41.8297535,-71.4088031,https://www.openstreetmap.org/way/142009967,https://overpass-api.de/,"OpenStreetMap contributors, ODbL"
way,142009973,,false,house,,,,115,Benefit Street,,,,,,,,41.8302518,-71.4084806,https://www.openstreetmap.org/way/142009973,https://overpass-api.de/,"OpenStreetMap contributors, ODbL"
way,142009976,,false,house,,,,,,,,,,,,,41.8308773,-71.4040729,https://www.openstreetmap.org/way/142009976,https://overpass-api.de/,"OpenStreetMap contributors, ODbL"
way,142009982,James Burr House,false,house,,,,98,Benefit Street,,,,,,,,41.8307947,-71.4091736,https://www.openstreetmap.org/way/142009982,https://overpass-api.de/,"OpenStreetMap contributors, ODbL"
way,142009983,,false,house,,,,,,,,,,,,,41.8327348,-71.4029338,https://www.openstreetmap.org/way/142009983,https://overpass-api.de/,"OpenStreetMap contributors, ODbL"
way,142009985,,false,house,,,,75,Prospect Street,,,,,,,,41.8294849,-71.4049496,https://www.openstreetmap.org/way/142009985,https://overpass-api.de/,"OpenStreetMap contributors, ODbL"
way,142009990,,false,house,,,,43,Benefit Street,,,,,,,,41.8327655,-71.40945,https://www.openstreetmap.org/way/142009990,https://overpass-api.de/,"OpenStreetMap contributors, ODbL"
way,142009992,,false,house,,,,,,,,,,,,,41.8312392,-71.4040285,https://www.openstreetmap.org/way/142009992,https://overpass-api.de/,"OpenStreetMap contributors, ODbL"
way,142009995,,false,house,,,,79,Prospect Street,,,,,,,,41.8297999,-71.405002,https://www.openstreetmap.org/way/142009995,https://overpass-api.de/,"OpenStreetMap contributors, ODbL"
way,142009999,,false,house,,,,,,,,,,,,,41.8327154,-71.403143,https://www.openstreetmap.org/way/142009999,https://overpass-api.de/,"OpenStreetMap contributors, ODbL"
way,142010000,,false,house,,,,147,Bowen Street,,,,,,,,41.830502,-71.4048632,https://www.openstreetmap.org/way/142010000,https://overpass-api.de/,"OpenStreetMap contributors, ODbL"
way,142010006,,false,house,,,,49,Benefit Street,,,,,,,,41.832529,-71.4093367,https://www.openstreetmap.org/way/142010006,https://overpass-api.de/,"OpenStreetMap contributors, ODbL"
way,142010008,,false,house,,,,38,Congdon Street,,,,3,,,,41.8290528,-71.4070069,https://www.openstreetmap.org/way/142010008,https://overpass-api.de/,"OpenStreetMap contributors, ODbL"
way,142010009,,false,house,,,,,,,,,,,,,41.8312788,-71.4027285,https://www.openstreetmap.org/way/142010009,https://overpass-api.de/,"OpenStreetMap contributors, ODbL"
way,142010014,,false,house,,,,,,,,,,,,,41.8221416,-71.4007477,https://www.openstreetmap.org/way/142010014,https://overpass-api.de/,"OpenStreetMap contributors, ODbL"
way,142010016,,false,house,,,,104,Bowen Street,,,,,,,,41.8307262,-71.4063967,https://www.openstreetmap.org/way/142010016,https://overpass-api.de/,"OpenStreetMap contributors, ODbL"
way,142010018,,false,house,,,,10,Cushing Street,,,,,,,,41.8297259,-71.4059044,https://www.openstreetmap.org/way/142010018,https://overpass-api.de/,"OpenStreetMap contributors, ODbL"
way,142010022,,false,house,,,,55,,,,,,,,,41.8222861,-71.399815,https://www.openstreetmap.org/way/142010022,https://overpass-api.de/,"OpenStreetMap contributors, ODbL"
way,142010025,,false,house,,,,136,Benefit Street,,,,2,,,,41.829527,-71.4087505,https://www.openstreetmap.org/way/142010025,https://overpass-api.de/,"OpenStreetMap contributors, ODbL"
way,142010030,,false,house,,,,48,,,,,,,,,41.8293194,-71.4070086,https://www.openstreetmap.org/way/142010030,https://overpass-api.de/,"OpenStreetMap contributors, ODbL"
way,142010033,,false,house,,,,,,,,,,,,,41.8318204,-71.4041337,https://www.openstreetmap.org/way/142010033,https://overpass-api.de/,"OpenStreetMap contributors, ODbL"
way,142010037,,false,house,,,,8,Cushing Street,,,,,,,,41.8296903,-71.4061418,https://www.openstreetmap.org/way/142010037,https://overpass-api.de/,"OpenStreetMap contributors, ODbL"
way,142010039,Caleb Roffee House,false,house,,,,92,Williams Street,Providence,RI,,,,,,41.8224328,-71.4010387,https://www.openstreetmap.org/way/142010039,https://overpass-api.de/,"OpenStreetMap contributors, ODbL"
way,142010040,,false,house,,,,456,Brook Street,Providence,RI,,,,,,41.8302628,-71.3999462,https://www.openstreetmap.org/way/142010040,https://overpass-api.de/,"OpenStreetMap contributors, ODbL"
way,142010046,,false,house,,,,,,,,,,,,,41.8324724,-71.4009337,https://www.openstreetmap.org/way/142010046,https://overpass-api.de/,"OpenStreetMap contributors, ODbL"
way,142010048,,false,house,,,,134,Benefit Street,,,,,,,,41.8296345,-71.4087849,https://www.openstreetmap.org/way/142010048,https://overpass-api.de/,"OpenStreetMap contributors, ODbL"
way,142010049,,false,house,,,,5,Cushing Street,,,,,,,,41.8293782,-71.406204,https://www.openstreetmap.org/way/142010049,https://overpass-api.de/,"OpenStreetMap contributors, ODbL"
way,142010053,,false,house,,,,,,,,,,,,,41.8222014,-71.4004252,https://www.openstreetmap.org/way/142010053,https://overpass-api.de/,"OpenStreetMap contributors, ODbL"
way,142010054,,false,house,,,,,,,,,,,,,41.8319883,-71.4026065,https://www.openstreetmap.org/way/142010054,https://overpass-api.de/,"OpenStreetMap contributors, ODbL"
way,142010057,,false,house,,,,135,Lloyd Avenue,Providence,RI,02906,,,,,41.8313122,-71.4018323,https://www.openstreetmap.org/way/142010057,https://overpass-api.de/,"OpenStreetMap contributors, ODbL"
way,142010062,,false,house,,,,,,,,,,,,,41.8327784,-71.4026264,https://www.openstreetmap.org/way/142010062,https://overpass-api.de/,"OpenStreetMap contributors, ODbL"
way,142010063,,false,house,,,,,,,,,,,,,41.8305022,-71.4042248,https://www.openstreetmap.org/way/142010063,https://overpass-api.de/,"OpenStreetMap contributors, ODbL"
way,142010064,,false,house,,,,25,Cushing Street,,,,,,,,41.829472,-71.404486,https://www.openstreetmap.org/way/142010064,https://overpass-api.de/,"OpenStreetMap contributors, ODbL"
way,142010068,,false,house,,,,55,Benefit Street,,,,3,,,,41.8323453,-71.4092883,https://www.openstreetmap.org/way/142010068,https://overpass-api.de/,"OpenStreetMap contributors, ODbL"
way,142010070,,false,house,,,,65,Benefit Street,,,,,,,,41.8319985,-71.4091949,https://www.openstreetmap.org/way/142010070,https://overpass-api.de/,"OpenStreetMap contributors, ODbL"
way,142010071,,false,house,,,,208,Bowen Street,,,,,,,,41.8309616,-71.4021435,https://www.openstreetmap.org/way/142010071,https://overpass-api.de/,"OpenStreetMap contributors, ODbL"
way,142010077,,false,house,,,,,,,,,,,,,41.8304832,-71.4044447,https://www.openstreetmap.org/way/142010077,https://overpass-api.de/,"OpenStreetMap contributors, ODbL"
way,142010079,,false,house,,,,,,,,,,,,,41.8290749,-71.4004526,https://www.openstreetmap.org/way/142010079,https://overpass-api.de/,"OpenStreetMap contributors, ODbL"
way,142010081,Elisha Wells House,false,house,,,,30,John Street,Providence,RI,02906,,,,,41.821858,-71.3996169,https://www.openstreetmap.org/way/142010081,https://overpass-api.de/,"OpenStreetMap contributors, ODbL"
way,142010085,,false,house,,,,,,,,,,,,,41.8309232,-71.4077731,https://www.openstreetmap.org/way/142010085,https://overpass-api.de/,"OpenStreetMap contributors, ODbL"
way,142010086,,false,house,,,,,,,,,,,,,41.8292266,-71.406616,https://www.openstreetmap.org/way/142010086,https://overpass-api.de/,"OpenStreetMap contributors, ODbL"
way,142010087,,false,house,,,,16,,,,,,,,,41.8218478,-71.400783,https://www.openstreetmap.org/way/142010087,https://overpass-api.de/,"OpenStreetMap contributors, ODbL"
way,142010094,,false,house,,,,,,,,,,,,,41.8315459,-71.4041051,https://www.openstreetmap.org/way/142010094,https://overpass-api.de/,"OpenStreetMap contributors, ODbL"
way,142010095,,false,house,,,,147,Benefit Street,,,,,,,,41.8294099,-71.4083362,https://www.openstreetmap.org/way/142010095,https://overpass-api.de/,"OpenStreetMap contributors, ODbL"
way,142010096,,false,house,,,,192;194,Angell Street,,,,,,,,41.8283646,-71.4000138,https://www.openstreetmap.org/way/142010096,https://overpass-api.de/,"OpenStreetMap contributors, ODbL"
way,142010102,,false,house,,,,125,,,,,,,,,41.822253,-71.3995807,https://www.openstreetmap.org/way/142010102,https://overpass-api.de/,"OpenStreetMap contributors, ODbL"
way,142010103,The Old Court Bed & Breakfast,false,yes,,,,144,Benefit Street,,,,,,,,41.8293628,-71.4086485,https://www.openstreetmap.org/way/142010103,https://overpass-api.de/,"OpenStreetMap contributors, ODbL"
way,142010108,,false,house,,,,,,,,,,,,,41.8316897,-71.4040988,https://www.openstreetmap.org/way/142010108,https://overpass-api.de/,"OpenStreetMap contributors, ODbL"
way,142010110,,false,house,,,,93,Benefit Street,,,,,,,,41.8310424,-71.4088588,https://www.openstreetmap.org/way/142010110,https://overpass-api.de/,"OpenStreetMap contributors, ODbL"
way,142010112,,false,house,,,,135,Benefit Street,,,,,,,,41.8297022,-71.4083796,https://www.openstreetmap.org/way/142010112,https://overpass-api.de/,"OpenStreetMap contributors, ODbL"
way,142010118,,false,apartments,,Bright Lights Properties,,198,Angell Street,Providence,RI,,4,,,https://brightlightsproperties.com/198-angell-st-college-hill,41.8283648,-71.3998424,https://www.openstreetmap.org/way/142010118,https://overpass-api.de/,"OpenStreetMap contributors, ODbL"
way,142010120,,false,house,,,,30,Prospect Street,,,,,,,,41.8297982,-71.4042297,https://www.openstreetmap.org/way/142010120,https://overpass-api.de/,"OpenStreetMap contributors, ODbL"
way,142010121,RISD President's House,false,house,,,,,,,,,,,,,41.8308614,-71.4052937,https://www.openstreetmap.org/way/142010121,https://overpass-api.de/,"OpenStreetMap contributors, ODbL"
way,142010125,,false,house,,,,2,Cushing Street,,,,,,,,41.8296547,-71.4066131,https://www.openstreetmap.org/way/142010125,https://overpass-api.de/,"OpenStreetMap contributors, ODbL"
way,142010126,,false,house,,,,94,Benefit Street,,,,,,,,41.8309163,-71.4091749,https://www.openstreetmap.org/way/142010126,https://overpass-api.de/,"OpenStreetMap contributors, ODbL"
way,142010129,,false,house,,,,173-175,Lloyd Avenue,,,,,,,,41.8313057,-71.4016768,https://www.openstreetmap.org/way/142010129,https://overpass-api.de/,"OpenStreetMap contributors, ODbL"
way,142010134,Dwight House,false,house,,,,,,,,,2,,,,41.8278408,-71.4075682,https://www.openstreetmap.org/way/142010134,https://overpass-api.de/,"OpenStreetMap contributors, ODbL"
way,142010135,,false,house,,,,,,,,,,,,,41.8316284,-71.402553,https://www.openstreetmap.org/way/142010135,https://overpass-api.de/,"OpenStreetMap contributors, ODbL"
way,142010136,,false,house,,,,,,,,,,,,,41.8305587,-71.4039528,https://www.openstreetmap.org/way/142010136,https://overpass-api.de/,"OpenStreetMap contributors, ODbL"
way,142010142,,false,house,,,,71,Benefit Street,,,,,,,,41.8317574,-71.4090928,https://www.openstreetmap.org/way/142010142,https://overpass-api.de/,"OpenStreetMap contributors, ODbL"
way,142010143,Thomas A. Jenckes House,false,house,,,,199,Benefit Street,,,,4,,,,41.8276952,-71.4074824,https://www.openstreetmap.org/way/142010143,https://overpass-api.de/,"OpenStreetMap contributors, ODbL"
way,142010145,,false,house,,,,58,Meeting Street,,,,,,,,41.8287965,-71.4076723,https://www.openstreetmap.org/way/142010145,https://overpass-api.de/,"OpenStreetMap contributors, ODbL"
way,142010156,,false,house,,,,20;22,John Street,,,,,,,,41.8218612,-71.400395,https://www.openstreetmap.org/way/142010156,https://overpass-api.de/,"OpenStreetMap contributors, ODbL"
way,142010158,,false,house,,,,,,,,,,,,,41.8315913,-71.4031392,https://www.openstreetmap.org/way/142010158,https://overpass-api.de/,"OpenStreetMap contributors, ODbL"
way,142012536,Emery Hall,true,dormitory,,,,200,Meeting Street,,,02912,,,,,41.8293823,-71.401801,https://www.openstreetmap.org/way/142012536,https://overpass-api.de/,"OpenStreetMap contributors, ODbL"
way,142012537,Colonial Apartments,false,apartments,,,,175-185,Benefit Street,,,,,,,,41.8284234,-71.4076855,https://www.openstreetmap.org/way/142012537,https://overpass-api.de/,"OpenStreetMap contributors, ODbL"
way,142012542,Nickerson Hall,false,yes,,,,,,,,,,,,,41.8273668,-71.4057166,https://www.openstreetmap.org/way/142012542,https://overpass-api.de/,"OpenStreetMap contributors, ODbL"
way,142012543,Morriss Hall,true,dormitory,,,,206,Meeting Street,,,02912,1,,,,41.8298673,-71.4016681,https://www.openstreetmap.org/way/142012543,https://overpass-api.de/,"OpenStreetMap contributors, ODbL"
way,142012547,Andrews Hall,true,dormitory,,,,211,Bowen Street,,,02912,,,,,41.8305121,-71.4025203,https://www.openstreetmap.org/way/142012547,https://overpass-api.de/,"OpenStreetMap contributors, ODbL"
way,142012560,John D. Rockefeller Jr. Library,true,university,library,,,10,Prospect Street,providence,RI,02912,4,Q6228301,en:John D. Rockefeller Jr. Library,https://library.brown.edu/about/rock/,41.8257062,-71.405144,https://www.openstreetmap.org/way/142012560,https://overpass-api.de/,"OpenStreetMap contributors, ODbL"
way,142012564,Smith Buonanno Hall,true,university,,,,95,Cushing Street,Providence,RI,02912,2,,,,41.8296763,-71.4027782,https://www.openstreetmap.org/way/142012564,https://overpass-api.de/,"OpenStreetMap contributors, ODbL"
way,142012568,South Hall,false,office,,,,,,,,,,,,,41.8271163,-71.4066558,https://www.openstreetmap.org/way/142012568,https://overpass-api.de/,"OpenStreetMap contributors, ODbL"
way,142012573,Alumnae Hall,false,yes,,,,194,Meeting Street,,,02912,,,,,41.8296002,-71.4021211,https://www.openstreetmap.org/way/142012573,https://overpass-api.de/,"OpenStreetMap contributors, ODbL"
way,142012578,Metcalf Refectory (the Met),false,office,,,,,,,,,,,,,41.827154,-71.4060587,https://www.openstreetmap.org/way/142012578,https://overpass-api.de/,"OpenStreetMap contributors, ODbL"
way,142016649,The Governor Apartments,false,apartments,,,,125,Governor Street,Providence,RI,02906,,,,,41.8249094,-71.3935925,https://www.openstreetmap.org/way/142016649,https://overpass-api.de/,"OpenStreetMap contributors, ODbL"
way,142016664,,false,house,,,,296;298,Williams Street,,,,,,,,41.8230866,-71.3929604,https://www.openstreetmap.org/way/142016664,https://overpass-api.de/,"OpenStreetMap contributors, ODbL"
way,142016673,,false,house,,,,9,Trenton Street,,,,,,,,41.8207201,-71.393198,https://www.openstreetmap.org/way/142016673,https://overpass-api.de/,"OpenStreetMap contributors, ODbL"
way,142016679,,false,house,,,,,,,,,,,,,41.8223117,-71.3937179,https://www.openstreetmap.org/way/142016679,https://overpass-api.de/,"OpenStreetMap contributors, ODbL"
way,142016682,,false,house,,,,16,Trenton Street,Providence,RI,02906,,,,,41.8210028,-71.3929708,https://www.openstreetmap.org/way/142016682,https://overpass-api.de/,"OpenStreetMap contributors, ODbL"
way,142016685,,false,house,,,,,,,,,,,,,41.8237985,-71.3930768,https://www.openstreetmap.org/way/142016685,https://overpass-api.de/,"OpenStreetMap contributors, ODbL"
way,142016696,,false,house,,,,,,,,,,,,,41.8232931,-71.3935697,https://www.openstreetmap.org/way/142016696,https://overpass-api.de/,"OpenStreetMap contributors, ODbL"
way,142016706,,false,house,,,,,,,,,,,,,41.8234092,-71.3939199,https://www.openstreetmap.org/way/142016706,https://overpass-api.de/,"OpenStreetMap contributors, ODbL"
way,142016715,,false,house,,,,,,,,,,,,,41.8226463,-71.3930881,https://www.openstreetmap.org/way/142016715,https://overpass-api.de/,"OpenStreetMap contributors, ODbL"
way,142016723,,false,house,,,,,,,,,,,,,41.8241347,-71.393326,https://www.openstreetmap.org/way/142016723,https://overpass-api.de/,"OpenStreetMap contributors, ODbL"
way,142016735,,false,house,,,,9,East Transit Street,Providence,RI,02906,,,,,41.8214057,-71.393278,https://www.openstreetmap.org/way/142016735,https://overpass-api.de/,"OpenStreetMap contributors, ODbL"
way,142016741,,false,house,,,,47/49,Governor Street,Providence,RI,02906,3,,,,41.8217978,-71.3936335,https://www.openstreetmap.org/way/142016741,https://overpass-api.de/,"OpenStreetMap contributors, ODbL"
way,142016742,,false,house,,,,,,,,,,,,,41.8202747,-71.3934811,https://www.openstreetmap.org/way/142016742,https://overpass-api.de/,"OpenStreetMap contributors, ODbL"
way,142016758,,false,house,,,,6,Trenton Street,Providence,RI,02906,,,,,41.820949,-71.3933506,https://www.openstreetmap.org/way/142016758,https://overpass-api.de/,"OpenStreetMap contributors, ODbL"
way,142016766,,false,house,,,,,,,,,,,,,41.8220215,-71.3931269,https://www.openstreetmap.org/way/142016766,https://overpass-api.de/,"OpenStreetMap contributors, ODbL"
way,142016775,,false,house,,,,,,,,,,,,,41.8233228,-71.3929779,https://www.openstreetmap.org/way/142016775,https://overpass-api.de/,"OpenStreetMap contributors, ODbL"
way,142016778,,false,house,,,,5,Trenton Street,Providence,RI,02906,,,,,41.820718,-71.3933787,https://www.openstreetmap.org/way/142016778,https://overpass-api.de/,"OpenStreetMap contributors, ODbL"
way,142016783,,false,house,,,,,,,,,,,,,41.8205673,-71.3934986,https://www.openstreetmap.org/way/142016783,https://overpass-api.de/,"OpenStreetMap contributors, ODbL"
way,142016784,,false,house,,,,,,,,,,,,,41.8219451,-71.3936923,https://www.openstreetmap.org/way/142016784,https://overpass-api.de/,"OpenStreetMap contributors, ODbL"
way,142016787,,false,house,,,,,,,,,,,,,41.8237751,-71.3932624,https://www.openstreetmap.org/way/142016787,https://overpass-api.de/,"OpenStreetMap contributors, ODbL"
way,142016795,,false,house,,,,,,,,,,,,,41.8230699,-71.3934972,https://www.openstreetmap.org/way/142016795,https://overpass-api.de/,"OpenStreetMap contributors, ODbL"
way,142016800,,false,house,,,,43,Governor Street,,,,,,,,41.8216223,-71.3936848,https://www.openstreetmap.org/way/142016800,https://overpass-api.de/,"OpenStreetMap contributors, ODbL"
way,142016801,,false,house,,,,,,,,,,,,,41.8223842,-71.3931709,https://www.openstreetmap.org/way/142016801,https://overpass-api.de/,"OpenStreetMap contributors, ODbL"
way,142016804,,false,house,,,,9;11,,,,,,,,,41.8241185,-71.3935024,https://www.openstreetmap.org/way/142016804,https://overpass-api.de/,"OpenStreetMap contributors, ODbL"
way,142016809,,false,house,,,,11,East Transit Street,Providence,RI,02906,,,,,41.8212649,-71.3932023,https://www.openstreetmap.org/way/142016809,https://overpass-api.de/,"OpenStreetMap contributors, ODbL"
way,142016817,,false,house,,,,,,,,,,,,,41.8218137,-71.3933619,https://www.openstreetmap.org/way/142016817,https://overpass-api.de/,"OpenStreetMap contributors, ODbL"
way,142016819,,false,house,,,,,,,,,,,,,41.8204001,-71.3932638,https://www.openstreetmap.org/way/142016819,https://overpass-api.de/,"OpenStreetMap contributors, ODbL"
way,142016829,,false,house,,,,12,Trenton Street,Providence,RI,02906,,,,,41.8209891,-71.3931544,https://www.openstreetmap.org/way/142016829,https://overpass-api.de/,"OpenStreetMap contributors, ODbL"
way,142016831,,false,house,,,,,,,,,,,,,41.8234983,-71.3929789,https://www.openstreetmap.org/way/142016831,https://overpass-api.de/,"OpenStreetMap contributors, ODbL"
way,142016839,,false,house,,,,,,,,,,,,,41.8221159,-71.3929474,https://www.openstreetmap.org/way/142016839,https://overpass-api.de/,"OpenStreetMap contributors, ODbL"
way,142016842,,false,house,,,,,,,,,,,,,41.8236596,-71.3939525,https://www.openstreetmap.org/way/142016842,https://overpass-api.de/,"OpenStreetMap contributors, ODbL"
way,142016848,,false,house,,,,281,Williams Street,,,,,,,,41.8227581,-71.3934005,https://www.openstreetmap.org/way/142016848,https://overpass-api.de/,"OpenStreetMap contributors, ODbL"
way,142016859,,false,house,,,,,,,,,,,,,41.8220786,-71.3936835,https://www.openstreetmap.org/way/142016859,https://overpass-api.de/,"OpenStreetMap contributors, ODbL"
way,142016862,,false,house,,,,,,,,,,,,,41.82376,-71.3934694,https://www.openstreetmap.org/way/142016862,https://overpass-api.de/,"OpenStreetMap contributors, ODbL"
way,142016878,,false,house,,,,35,,,,,,,,,41.8214096,-71.393626,https://www.openstreetmap.org/way/142016878,https://overpass-api.de/,"OpenStreetMap contributors, ODbL"
way,142016881,,false,house,,,,,,,,,,,,,41.8226239,-71.3937897,https://www.openstreetmap.org/way/142016881,https://overpass-api.de/,"OpenStreetMap contributors, ODbL"
way,142016897,,false,house,,,,,,,,,,,,,41.821685,-71.3931212,https://www.openstreetmap.org/way/142016897,https://overpass-api.de/,"OpenStreetMap contributors, ODbL"
way,142016900,,false,house,,,,,,,,,,,,,41.8204135,-71.3935037,https://www.openstreetmap.org/way/142016900,https://overpass-api.de/,"OpenStreetMap contributors, ODbL"
way,142016915,,false,house,,,,,,,,,,,,,41.8234728,-71.393158,https://www.openstreetmap.org/way/142016915,https://overpass-api.de/,"OpenStreetMap contributors, ODbL"
way,142016925,,false,house,,,,,,,,,,,,,41.8227453,-71.393805,https://www.openstreetmap.org/way/142016925,https://overpass-api.de/,"OpenStreetMap contributors, ODbL"
way,142016940,,false,house,,,,15,East Transit Street,Providence,RI,02906,,,,,41.821422,-71.3931066,https://www.openstreetmap.org/way/142016940,https://overpass-api.de/,"OpenStreetMap contributors, ODbL"
way,142016954,,false,house,,,,,,,,,,,,,41.821263,-71.3935853,https://www.openstreetmap.org/way/142016954,https://overpass-api.de/,"OpenStreetMap contributors, ODbL"
way,142016963,,false,house,,,,,,,,,,,,,41.8229798,-71.3938237,https://www.openstreetmap.org/way/142016963,https://overpass-api.de/,"OpenStreetMap contributors, ODbL"
way,142016968,,false,house,,,,,,,,,,,,,41.8216643,-71.3932748,https://www.openstreetmap.org/way/142016968,https://overpass-api.de/,"OpenStreetMap contributors, ODbL"
way,142016975,,false,house,,,,,,,,,,,,,41.8220789,-71.3933213,https://www.openstreetmap.org/way/142016975,https://overpass-api.de/,"OpenStreetMap contributors, ODbL"
way,142016978,,false,house,,,,,,,,,,,,,41.8240984,-71.3938262,https://www.openstreetmap.org/way/142016978,https://overpass-api.de/,"OpenStreetMap contributors, ODbL"
way,142016986,,false,house,,,,,,,,,,,,,41.8223811,-71.3930509,https://www.openstreetmap.org/way/142016986,https://overpass-api.de/,"OpenStreetMap contributors, ODbL"
way,142016988,,false,house,,,,,,,,,,,,,41.8241732,-71.3929842,https://www.openstreetmap.org/way/142016988,https://overpass-api.de/,"OpenStreetMap contributors, ODbL"
way,142016996,,false,garage,,,,,,,,,,,,,41.8214132,-71.3929601,https://www.openstreetmap.org/way/142016996,https://overpass-api.de/,"OpenStreetMap contributors, ODbL"
way,142016999,,false,house,,,,,,,,,,,,,41.8230735,-71.3933069,https://www.openstreetmap.org/way/142016999,https://overpass-api.de/,"OpenStreetMap contributors, ODbL"
way,142017000,,false,house,,,,,,,,,,,,,41.8227994,-71.3930581,https://www.openstreetmap.org/way/142017000,https://overpass-api.de/,"OpenStreetMap contributors, ODbL"
way,142017004,,false,house,,,,,,,,,,,,,41.8204835,-71.3931622,https://www.openstreetmap.org/way/142017004,https://overpass-api.de/,"OpenStreetMap contributors, ODbL"
way,142017017,,false,house,,,,,,,,,,,,,41.8234243,-71.3933571,https://www.openstreetmap.org/way/142017017,https://overpass-api.de/,"OpenStreetMap contributors, ODbL"
way,142017022,,false,house,,,,500,Wickenden Street,Providence,RI,02903,,,,,41.8202888,-71.393122,https://www.openstreetmap.org/way/142017022,https://overpass-api.de/,"OpenStreetMap contributors, ODbL"
way,142017023,,false,house,,,,,,,,,,,,,41.8231459,-71.3938407,https://www.openstreetmap.org/way/142017023,https://overpass-api.de/,"OpenStreetMap contributors, ODbL"
way,142017034,,false,house,,,,10,Trenton Street,Providence,RI,02906,,,,,41.8211269,-71.3932404,https://www.openstreetmap.org/way/142017034,https://overpass-api.de/,"OpenStreetMap contributors, ODbL"
way,142017035,,false,house,,,,14,Trenton Street,Providence,RI,02906,,,,,41.8211718,-71.3930338,https://www.openstreetmap.org/way/142017035,https://overpass-api.de/,"OpenStreetMap contributors, ODbL"
way,142017036,,false,house,,,,,,,,,,,,,41.8219533,-71.3929852,https://www.openstreetmap.org/way/142017036,https://overpass-api.de/,"OpenStreetMap contributors, ODbL"
way,142017040,,false,house,,,,,,,,,,,,,41.823989,-71.3938386,https://www.openstreetmap.org/way/142017040,https://overpass-api.de/,"OpenStreetMap contributors, ODbL"
way,142017046,,false,house,,,,1,Trenton Street,Providence,RI,02906,,,,,41.8206913,-71.3935652,https://www.openstreetmap.org/way/142017046,https://overpass-api.de/,"OpenStreetMap contributors, ODbL"
way,142017050,,false,house,,,,,,,,,,,,,41.8211264,-71.3935865,https://www.openstreetmap.org/way/142017050,https://overpass-api.de/,"OpenStreetMap contributors, ODbL"
way,142017061,,false,house,,,,,,,,,,,,,41.8216779,-71.3929756,https://www.openstreetmap.org/way/142017061,https://overpass-api.de/,"OpenStreetMap contributors, ODbL"
way,142017066,,false,house,,,,290,Williams Street,,,,,,,,41.8230861,-71.393144,https://www.openstreetmap.org/way/142017066,https://overpass-api.de/,"OpenStreetMap contributors, ODbL"
way,142017067,,false,house,,,,,,,,,,,,,41.8216433,-71.3934464,https://www.openstreetmap.org/way/142017067,https://overpass-api.de/,"OpenStreetMap contributors, ODbL"
way,142017070,,false,house,,,,,,,,,,,,,41.8205593,-71.3932616,https://www.openstreetmap.org/way/142017070,https://overpass-api.de/,"OpenStreetMap contributors, ODbL"
way,142017076,,false,yes,,,,,,,,,,,,,41.8224999,-71.3937704,https://www.openstreetmap.org/way/142017076,https://overpass-api.de/,"OpenStreetMap contributors, ODbL"
way,142017095,,false,house,,,,,,,,,,,,,41.823425,-71.3935252,https://www.openstreetmap.org/way/142017095,https://overpass-api.de/,"OpenStreetMap contributors, ODbL"
way,142017101,,false,house,,,,,,,,,3,,,,41.8232989,-71.3938635,https://www.openstreetmap.org/way/142017101,https://overpass-api.de/,"OpenStreetMap contributors, ODbL"
way,142017107,,false,house,,,,,,,,,,,,,41.822555,-71.3930084,https://www.openstreetmap.org/way/142017107,https://overpass-api.de/,"OpenStreetMap contributors, ODbL"
way,142017112,,false,house,,,,,,,,,,,,,41.8241458,-71.3931486,https://www.openstreetmap.org/way/142017112,https://overpass-api.de/,"OpenStreetMap contributors, ODbL"
way,142017119,,false,house,,,,7,East Transit Street,Providence,RI,02906,,,,,41.8214148,-71.3933965,https://www.openstreetmap.org/way/142017119,https://overpass-api.de/,"OpenStreetMap contributors, ODbL"
way,142017120,,false,house,,,,,,,,,,,,,41.8238312,-71.3938883,https://www.openstreetmap.org/way/142017120,https://overpass-api.de/,"OpenStreetMap contributors, ODbL"
way,142017124,,false,house,,,,285,Williams Street,,,,,,,,41.8227693,-71.3932185,https://www.openstreetmap.org/way/142017124,https://overpass-api.de/,"OpenStreetMap contributors, ODbL"
way,142017138,,false,house,,,,2,Trenton Street,Providence,RI,02906,,,,,41.8209294,-71.3935804,https://www.openstreetmap.org/way/142017138,https://overpass-api.de/,"OpenStreetMap contributors, ODbL"
way,142017205,,false,house,,,,13;15,,,,,,,,,41.8254719,-71.3933104,https://www.openstreetmap.org/way/142017205,https://overpass-api.de/,"OpenStreetMap contributors, ODbL"
way,142017209,,false,house,,,,7,,,,,,,,,41.8254557,-71.393492,https://www.openstreetmap.org/way/142017209,https://overpass-api.de/,"OpenStreetMap contributors, ODbL"
way,142017210,,false,house,,,,22;24,,,,,,,,,41.8244508,-71.3932953,https://www.openstreetmap.org/way/142017210,https://overpass-api.de/,"OpenStreetMap contributors, ODbL"
way,142017215,,false,house,,,,16;18,,,,,,,,,41.8244259,-71.393472,https://www.openstreetmap.org/way/142017215,https://overpass-api.de/,"OpenStreetMap contributors, ODbL"
way,142017217,,false,house,,,,141,Governor Street,Providence,RI,02906,,,,,41.8254505,-71.3937132,https://www.openstreetmap.org/way/142017217,https://overpass-api.de/,"OpenStreetMap contributors, ODbL"
way,142017220,,false,house,,,,115,,,,,,,,,41.8244141,-71.3937728,https://www.openstreetmap.org/way/142017220,https://overpass-api.de/,"OpenStreetMap contributors, ODbL"
way,142017221,,false,house,,,,32;32,,,,,,,,,41.8244743,-71.3929452,https://www.openstreetmap.org/way/142017221,https://overpass-api.de/,"OpenStreetMap contributors, ODbL"
way,142017224,,false,house,,,,,,,,,,,,,41.8246025,-71.393737,https://www.openstreetmap.org/way/142017224,https://overpass-api.de/,"OpenStreetMap contributors, ODbL"
way,142017225,,false,house,,,,26;28;30,,,,,,,,,41.8244532,-71.3931086,https://www.openstreetmap.org/way/142017225,https://overpass-api.de/,"OpenStreetMap contributors, ODbL"
way,142017228,,false,house,,,,21,,,,,,,,,41.8254831,-71.3931219,https://www.openstreetmap.org/way/142017228,https://overpass-api.de/,"OpenStreetMap contributors, ODbL"
way,142017331,,false,house,,,,153;155,,,,,,,,,41.8260061,-71.3935903,https://www.openstreetmap.org/way/142017331,https://overpass-api.de/,"OpenStreetMap contributors, ODbL"
way,142017332,,false,house,,,,159,,,,,,,,,41.8261414,-71.3935704,https://www.openstreetmap.org/way/142017332,https://overpass-api.de/,"OpenStreetMap contributors, ODbL"
way,142017343,,false,house,,,,145;147,,,,,,,,,41.8257427,-71.3936338,https://www.openstreetmap.org/way/142017343,https://overpass-api.de/,"OpenStreetMap contributors, ODbL"
way,142017355,,false,house,,,,,,,,,,,,,41.8258073,-71.3930119,https://www.openstreetmap.org/way/142017355,https://overpass-api.de/,"OpenStreetMap contributors, ODbL"
way,142017360,,false,house,,,,10;12,,,,,,,,,41.8257521,-71.3934237,https://www.openstreetmap.org/way/142017360,https://overpass-api.de/,"OpenStreetMap contributors, ODbL"
way,142017365,,false,house,,,,,,,,,,,,,41.8261311,-71.3933191,https://www.openstreetmap.org/way/142017365,https://overpass-api.de/,"OpenStreetMap contributors, ODbL"
way,142017370,,false,house,,,,15;17,Pitman Street,,,,,,,,41.8261663,-71.3930453,https://www.openstreetmap.org/way/142017370,https://overpass-api.de/,"OpenStreetMap contributors, ODbL"
way,166668941,Watson Center for Information Technology,true,university,,,,115,Waterman Street,Providence,RI,02912,,,,,41.8270237,-71.3995974,https://www.openstreetmap.org/way/166668941,https://overpass-api.de/,"OpenStreetMap contributors, ODbL"
way,166668943,Salomon Center for Teaching,true,university,,,,79,Waterman Street,,,02912,2,,,,41.8265346,-71.4025051,https://www.openstreetmap.org/way/166668943,https://overpass-api.de/,"OpenStreetMap contributors, ODbL"
way,166668947,University Hall,true,university,,,,1,Prospect Street,,,02912,4,Q7894710,en:University Hall (Brown University),,41.8261476,-71.4038479,https://www.openstreetmap.org/way/166668947,https://overpass-api.de/,"OpenStreetMap contributors, ODbL"
way,166668948,John Carter Brown Library,true,university,library,Brown University,,94,George Street,Providence,RI,02912,1,Q6225372,en:John Carter Brown Library,https://www.brown.edu/academics/libraries/john-carter-brown/,41.8255865,-71.4024428,https://www.openstreetmap.org/way/166668948,https://overpass-api.de/,"OpenStreetMap contributors, ODbL"
way,166668949,Stephen Robert '62 Campus Center,false,yes,,,,75,Waterman Street,,,02912,4,,,,41.8268459,-71.4029591,https://www.openstreetmap.org/way/166668949,https://overpass-api.de/,"OpenStreetMap contributors, ODbL"
way,166668951,Slater Hall,true,university,,,,70,George Street,,,02912,3,,,,41.8257748,-71.4038519,https://www.openstreetmap.org/way/166668951,https://overpass-api.de/,"OpenStreetMap contributors, ODbL"
way,166668954,Manning Hall,true,university,,,,21,Prospect Street,,,02912,,,,,41.8264647,-71.4038699,https://www.openstreetmap.org/way/166668954,https://overpass-api.de/,"OpenStreetMap contributors, ODbL"
way,166668955,Hope College,true,dormitory,,,,71,Waterman Street,,,02912,,,,,41.8267443,-71.4038718,https://www.openstreetmap.org/way/166668955,https://overpass-api.de/,"OpenStreetMap contributors, ODbL"
way,166668956,Marston Hall,true,university,,,,346,Brook Street,,,02912,,,,,41.8266615,-71.3995372,https://www.openstreetmap.org/way/166668956,https://overpass-api.de/,"OpenStreetMap contributors, ODbL"
way,166668957,Sayles Hall,true,university,,,,81,Waterman Street,,,02912,2,,,,41.8261968,-71.4025844,https://www.openstreetmap.org/way/166668957,https://overpass-api.de/,"OpenStreetMap contributors, ODbL"
way,166668958,Friedman Hall,true,university,,,,90,Waterman Street,,,02912,2,,,,41.8258766,-71.4024829,https://www.openstreetmap.org/way/166668958,https://overpass-api.de/,"OpenStreetMap contributors, ODbL"
way,166668959,Rhode Island Hall,true,university,,,,60,George Street,,,02912,2,,,,41.8254846,-71.4038725,https://www.openstreetmap.org/way/166668959,https://overpass-api.de/,"OpenStreetMap contributors, ODbL"
way,176918224,Lyman Hall,false,yes,,,,83,Waterman Street,,,02912,,,,,41.8266024,-71.4018592,https://www.openstreetmap.org/way/176918224,https://overpass-api.de/,"OpenStreetMap contributors, ODbL"
way,176918225,John Hay Library,false,yes,,,,20-34,Prospect Street,,,02912,,,,,41.8264384,-71.4050001,https://www.openstreetmap.org/way/176918225,https://overpass-api.de/,"OpenStreetMap contributors, ODbL"
way,176918226,BERT,false,school,,,,85,Waterman Street,,,02912,5,,,,41.8269068,-71.4019496,https://www.openstreetmap.org/way/176918226,https://overpass-api.de/,"OpenStreetMap contributors, ODbL"
way,176918227,Page-Robinson Hall,true,university,,,,69,Brown Street,Providence,RI,02912,6,,,,41.8274508,-71.4028297,https://www.openstreetmap.org/way/176918227,https://overpass-api.de/,"OpenStreetMap contributors, ODbL"
way,176982304,Maxcy Hall,true,university,,,,108,George Street,,,02912,,,,,41.8259267,-71.4020305,https://www.openstreetmap.org/way/176982304,https://overpass-api.de/,"OpenStreetMap contributors, ODbL"
way,176982305,Littlefield Hall,true,dormitory,,,,102,George Street,,,02912,,,,,41.8256566,-71.4020224,https://www.openstreetmap.org/way/176982305,https://overpass-api.de/,"OpenStreetMap contributors, ODbL"
way,176982691,Hegeman Hall,true,dormitory,,,,128,George Street,,,02912,,,,,41.825839,-71.4007637,https://www.openstreetmap.org/way/176982691,https://overpass-api.de/,"OpenStreetMap contributors, ODbL"
way,176982692,Gardner House,false,yes,,,,106,George Street,,,02912,,Q6283731,,,41.8255818,-71.401819,https://www.openstreetmap.org/way/176982692,https://overpass-api.de/,"OpenStreetMap contributors, ODbL"
way,176982693,Caswell Hall,true,dormitory,,,,168,Thayer Street,,,02912,,,,,41.8261315,-71.4006574,https://www.openstreetmap.org/way/176982693,https://overpass-api.de/,"OpenStreetMap contributors, ODbL"
way,176982694,Lincoln Field Building,true,university,,,,180,Thayer Street,,,02912,3,,,,41.8260339,-71.4012842,https://www.openstreetmap.org/way/176982694,https://overpass-api.de/,"OpenStreetMap contributors, ODbL"
way,177011606,,false,yes,,,,109,Brown Street,,,02912,,,,,41.8298061,-71.4032845,https://www.openstreetmap.org/way/177011606,https://overpass-api.de/,"OpenStreetMap contributors, ODbL"
way,177011607,West House,false,yes,,,,91,Brown Street,,,,,,,,41.8291182,-71.4031786,https://www.openstreetmap.org/way/177011607,https://overpass-api.de/,"OpenStreetMap contributors, ODbL"
way,177011608,Pembroke Hall,true,university,,,,172,Meeting Street,,,02912,,,,,41.8292134,-71.4027979,https://www.openstreetmap.org/way/177011608,https://overpass-api.de/,"OpenStreetMap contributors, ODbL"
way,177011609,Sidney Frank Hall,true,university,,,,185,Meeting Street,,,02912,,,,,41.8287737,-71.4018985,https://www.openstreetmap.org/way/177011609,https://overpass-api.de/,"OpenStreetMap contributors, ODbL"
way,177016102,Brown Center for Students of Color,false,yes,,,,68,Brown Street,Providence,,02912,3,,,,41.8272274,-71.4033051,https://www.openstreetmap.org/way/177016102,https://overpass-api.de/,"OpenStreetMap contributors, ODbL"
way,177016103,Vartan Gregorian Quad A,false,yes,,,,101,Thayer Street,,,02912,,,,,41.8234911,-71.3996225,https://www.openstreetmap.org/way/177016103,https://overpass-api.de/,"OpenStreetMap contributors, ODbL"
way,177016105,180 George,true,university,,,,180,George Street,,,02912,,,,,41.8259154,-71.3988114,https://www.openstreetmap.org/way/177016105,https://overpass-api.de/,"OpenStreetMap contributors, ODbL"
way,177016106,219 Bowen,false,yes,,,,219,Bowen Street,,,02912,,,,,41.8305948,-71.4017541,https://www.openstreetmap.org/way/177016106,https://overpass-api.de/,"OpenStreetMap contributors, ODbL"
way,177016108,Walter Hall,false,yes,,,,80,Waterman Street,,,02912,,,,,41.8273121,-71.4025518,https://www.openstreetmap.org/way/177016108,https://overpass-api.de/,"OpenStreetMap contributors, ODbL"
way,177016110,Brown University Department of Modern Culture and Media,true,house,,,,155,George Street,,,,,,,,41.8253843,-71.3997085,https://www.openstreetmap.org/way/177016110,https://overpass-api.de/,"OpenStreetMap contributors, ODbL"
way,177016113,,false,yes,,,,129,Angell Street,,,,,,,,41.8277662,-71.4024195,https://www.openstreetmap.org/way/177016113,https://overpass-api.de/,"OpenStreetMap contributors, ODbL"
way,177016116,169 Angell,false,yes,,,,169,Angell Street,,,02912,,,,,41.827867,-71.4008884,https://www.openstreetmap.org/way/177016116,https://overpass-api.de/,"OpenStreetMap contributors, ODbL"
way,177016118,Engineering Research Center,true,university,,,,345,Brook Street,Providence,RI,02912,4,,,,41.826423,-71.39851,https://www.openstreetmap.org/way/177016118,https://overpass-api.de/,"OpenStreetMap contributors, ODbL"
way,177016120,Barus Building,true,university,,,,340,Brook Street,,,02912,,,,,41.8262783,-71.3993986,https://www.openstreetmap.org/way/177016120,https://overpass-api.de/,"OpenStreetMap contributors, ODbL"
way,177016121,Chapin House,true,dormitory,,,,116,Thayer Street,,,02912,,,,,41.8244916,-71.4004321,https://www.openstreetmap.org/way/177016121,https://overpass-api.de/,"OpenStreetMap contributors, ODbL"
way,177016123,Minden Hall,true,dormitory,,,,121,Waterman Street,Providence,RI,02912,8,,,,41.8272775,-71.3989761,https://www.openstreetmap.org/way/177016123,https://overpass-api.de/,"OpenStreetMap contributors, ODbL"
way,177016125,Wayland,true,dormitory,,,,31,Brown Street,,,02912,,,,,41.8250099,-71.4023872,https://www.openstreetmap.org/way/177016125,https://overpass-api.de/,"OpenStreetMap contributors, ODbL"
way,177016127,New Pembroke 3,true,dormitory,,,,308,Thayer Street,,,02912,,,,,41.8306243,-71.4014385,https://www.openstreetmap.org/way/177016127,https://overpass-api.de/,"OpenStreetMap contributors, ODbL"
way,177016129,Arnold Lab,true,university,,,,91,Waterman Street,,,,,,,,41.8269488,-71.401156,https://www.openstreetmap.org/way/177016129,https://overpass-api.de/,"OpenStreetMap contributors, ODbL"
way,177016133,Annmary Brown Memorial,false,yes,,,,21,Brown Street,,RI,02912,,Q4769571,en:Annmary Brown Memorial,,41.8242942,-71.4022958,https://www.openstreetmap.org/way/177016133,https://overpass-api.de/,"OpenStreetMap contributors, ODbL"
way,177016137,,false,yes,,,,68 1/2,Brown Street,,,,,,,,41.8273714,-71.4033249,https://www.openstreetmap.org/way/177016137,https://overpass-api.de/,"OpenStreetMap contributors, ODbL"
way,177016140,Vartan Gregorian Quad B,false,yes,,,,101,Thayer Street,,,02912,,,,,41.8233439,-71.3997254,https://www.openstreetmap.org/way/177016140,https://overpass-api.de/,"OpenStreetMap contributors, ODbL"
way,177016141,Buxton House,true,dormitory,,,,27,Brown Street,,,02912,,,,,41.8245165,-71.4023411,https://www.openstreetmap.org/way/177016141,https://overpass-api.de/,"OpenStreetMap contributors, ODbL"
way,177016142,,false,yes,,,,297,Thayer Street,Providence,,02906,,,,,41.8302178,-71.4007506,https://www.openstreetmap.org/way/177016142,https://overpass-api.de/,"OpenStreetMap contributors, ODbL"
way,177016143,Mencoff Hall,false,yes,,,,68,Waterman Street,,,02912,,,,,41.8272606,-71.4040632,https://www.openstreetmap.org/way/177016143,https://overpass-api.de/,"OpenStreetMap contributors, ODbL"
way,177016144,New Pembroke 2,true,dormitory,,,,306,Thayer Street,,,02912,,,,,41.8304544,-71.4015081,https://www.openstreetmap.org/way/177016144,https://overpass-api.de/,"OpenStreetMap contributors, ODbL"
way,177016145,164 Angel,false,yes,,,,164-176,Angell Street,,,02912,,,,,41.8283121,-71.4010129,https://www.openstreetmap.org/way/177016145,https://overpass-api.de/,"OpenStreetMap contributors, ODbL"
way,177016146,Churchill House,false,yes,,,,155,Angell Street,,,02912,,,,,41.827766,-71.4015693,https://www.openstreetmap.org/way/177016146,https://overpass-api.de/,"OpenStreetMap contributors, ODbL"
way,177016147,Olney House,true,dormitory,,,,29,Brown Street,,,02912,,,,,41.8245692,-71.4019287,https://www.openstreetmap.org/way/177016147,https://overpass-api.de/,"OpenStreetMap contributors, ODbL"
way,177016148,,false,yes,,,,127,Angell Street,,,,,,,,41.8277759,-71.4025486,https://www.openstreetmap.org/way/177016148,https://overpass-api.de/,"OpenStreetMap contributors, ODbL"
way,177016149,,false,yes,,,,70,Waterman Street,,,,,,,,41.8271937,-71.4038251,https://www.openstreetmap.org/way/177016149,https://overpass-api.de/,"OpenStreetMap contributors, ODbL"
way,177016150,Hemisphere Building,false,yes,,,,167,Angell Street,,,02912,,,,,41.8278507,-71.4010717,https://www.openstreetmap.org/way/177016150,https://overpass-api.de/,"OpenStreetMap contributors, ODbL"
way,177016151,Sharpe Refectory,false,yes,cafe,,,144,Thayer Street,,,02912,1,,,https://brown.cafebonappetit.com/cafe/sharpe-refectory/,41.8251132,-71.4008359,https://www.openstreetmap.org/way/177016151,https://overpass-api.de/,"OpenStreetMap contributors, ODbL"
way,177016153,Sears House,true,dormitory,,,,113,George Street,Providence,RI,02912,3,,,,41.825278,-71.4017339,https://www.openstreetmap.org/way/177016153,https://overpass-api.de/,"OpenStreetMap contributors, ODbL"
way,177016154,Andrews House,true,university,,,,13,Brown Street,,,02912,,,,,41.8239738,-71.4023116,https://www.openstreetmap.org/way/177016154,https://overpass-api.de/,"OpenStreetMap contributors, ODbL"
way,177016155,Metcalf Research Building,true,university,,,,190,Thayer Street,,,,,,,,41.8267539,-71.4009817,https://www.openstreetmap.org/way/177016155,https://overpass-api.de/,"OpenStreetMap contributors, ODbL"
way,177016157,Hillel House,false,yes,,,,80,Brown Street,Providence,RI,,,,,,41.8280724,-71.4036065,https://www.openstreetmap.org/way/177016157,https://overpass-api.de/,"OpenStreetMap contributors, ODbL"
way,177016158,New Pembroke 4,true,dormitory,,,,300,Thayer Street,,,02912,,,,,41.8303432,-71.4011074,https://www.openstreetmap.org/way/177016158,https://overpass-api.de/,"OpenStreetMap contributors, ODbL"
way,177016159,Goddard,true,dormitory,,,,39,Charlesfield Street,,,02912,,,,,41.8241256,-71.4012238,https://www.openstreetmap.org/way/177016159,https://overpass-api.de/,"OpenStreetMap contributors, ODbL"
way,177016160,Marcy House,true,dormitory,,,,115,George Street,,,02912,,,,,41.82472,-71.4012695,https://www.openstreetmap.org/way/177016160,https://overpass-api.de/,"OpenStreetMap contributors, ODbL"
way,177016161,Prince Engineering Lab,true,university,,,,355,Brook Street,Providence,RI,02912,,,,,41.8268165,-71.398555,https://www.openstreetmap.org/way/177016161,https://overpass-api.de/,"OpenStreetMap contributors, ODbL"
way,177016162,,false,yes,,,,72,Waterman Street,,,,,,,,41.8272656,-71.4036511,https://www.openstreetmap.org/way/177016162,https://overpass-api.de/,"OpenStreetMap contributors, ODbL"
way,177016163,,false,yes,,,,,,,,,,,,,41.8276489,-71.4037934,https://www.openstreetmap.org/way/177016163,https://overpass-api.de/,"OpenStreetMap contributors, ODbL"
way,177016164,Urban Environmental Lab,false,school,,,,135,Angell Street,Providence,RI,02912,2,,,,41.8276678,-71.4021759,https://www.openstreetmap.org/way/177016164,https://overpass-api.de/,"OpenStreetMap contributors, ODbL"
way,177016165,,false,yes,,,,125;127,Waterman Street,Providence,RI,02912,,,,,41.8272841,-71.3985485,https://www.openstreetmap.org/way/177016165,https://overpass-api.de/,"OpenStreetMap contributors, ODbL"
way,177016166,,false,yes,,,,315,Thayer Street,,,02912,,,,,41.83063,-71.4007439,https://www.openstreetmap.org/way/177016166,https://overpass-api.de/,"OpenStreetMap contributors, ODbL"
way,177016167,Perry and Marty Granoff Center for the Creative Arts,true,university,,,,154,Angell Street,,,02912,,,,,41.8282646,-71.4014295,https://www.openstreetmap.org/way/177016167,https://overpass-api.de/,"OpenStreetMap contributors, ODbL"
way,177016168,182 George,true,university,,,,182,George Street,,,02912,,,,,41.8259678,-71.3983712,https://www.openstreetmap.org/way/177016168,https://overpass-api.de/,"OpenStreetMap contributors, ODbL"
way,177016169,,false,yes,,,,135,Thayer Street,,,02912,,,,,41.8249806,-71.4000751,https://www.openstreetmap.org/way/177016169,https://overpass-api.de/,"OpenStreetMap contributors, ODbL"
way,177016170,Harkness House,true,dormitory,,,,47,Charlesfield Street,,,02912,,,,,41.8240187,-71.4006855,https://www.openstreetmap.org/way/177016170,https://overpass-api.de/,"OpenStreetMap contributors, ODbL"
way,177016171,Diman House,true,dormitory,,,,41,Charlesfield Street,,,02912,,,,,41.82453,-71.4014537,https://www.openstreetmap.org/way/177016171,https://overpass-api.de/,"OpenStreetMap contributors, ODbL"
way,177016172,Robinson Hall,true,university,,,,64,Waterman Street,,,02912,,,,,41.8272086,-71.4043971,https://www.openstreetmap.org/way/177016172,https://overpass-api.de/,"OpenStreetMap contributors, ODbL"
way,177016173,Peter Green House,false,yes,,,,79,Brown Street,,,02912,,,,,41.8280888,-71.4029058,https://www.openstreetmap.org/way/177016173,https://overpass-api.de/,"OpenStreetMap contributors, ODbL"
way,177016174,,false,yes,,,,5,,,,,,,,,41.8244389,-71.4041763,https://www.openstreetmap.org/way/177016174,https://overpass-api.de/,"OpenStreetMap contributors, ODbL"
way,177075290,Lippitt House,false,yes,,,,96,Waterman Street,Providence,RI,02912,,,,,41.8274171,-71.4013043,https://www.openstreetmap.org/way/177075290,https://overpass-api.de/,"OpenStreetMap contributors, ODbL"
way,177075293,,false,yes,,,,98;100,,,,,,,,,41.8274378,-71.4010741,https://www.openstreetmap.org/way/177075293,https://overpass-api.de/,"OpenStreetMap contributors, ODbL"
way,177075294,Grimshaw-Gudewicz Biomedical Building,true,university,,,,81-89,Brown Street,,,02912,,,,,41.8286634,-71.4023011,https://www.openstreetmap.org/way/177075294,https://overpass-api.de/,"OpenStreetMap contributors, ODbL"
way,177075295,Prospect House,false,yes,,,,36,Prospect Street,Providence,RI,02912,3,,,,41.8267733,-71.4049122,https://www.openstreetmap.org/way/177075295,https://overpass-api.de/,"OpenStreetMap contributors, ODbL"
way,177075298,Power Street Parking Structure,true,yes,parking,Brown University,,101,Power Street,Providence,RI,,2,,,,41.822715,-71.3993303,https://www.openstreetmap.org/way/177075298,https://overpass-api.de/,"OpenStreetMap contributors, ODbL"
way,177075299,Biomedical Center,true,university,,,,171,Meeting Street,,,02912,,,,,41.8285996,-71.4029455,https://www.openstreetmap.org/way/177075299,https://overpass-api.de/,"OpenStreetMap contributors, ODbL"
way,177075301,,false,yes,,,,,,,,,,,,,41.8274786,-71.4038565,https://www.openstreetmap.org/way/177075301,https://overpass-api.de/,"OpenStreetMap contributors, ODbL"
way,177075302,Graduate Center E,false,yes,,,,42,Charlesfield Street,,,02912,,,,,41.8233797,-71.4007687,https://www.openstreetmap.org/way/177075302,https://overpass-api.de/,"OpenStreetMap contributors, ODbL"
way,177075305,The Center for the Study of Slavery and Justice (CSSJ),false,house,,,,94,Waterman Street,Providence,RI,,,,,,41.8273964,-71.4015191,https://www.openstreetmap.org/way/177075305,https://overpass-api.de/,"OpenStreetMap contributors, ODbL"
way,177075313,List Art Building,true,university,,,,62-64,College Street,Providence,RI,02912,5,,,,41.826469,-71.4054663,https://www.openstreetmap.org/way/177075313,https://overpass-api.de/,"OpenStreetMap contributors, ODbL"
way,177075314,,false,yes,,,,8,Fones Alley,Providence,,02912,,,,,41.8274413,-71.4042023,https://www.openstreetmap.org/way/177075314,https://overpass-api.de/,"OpenStreetMap contributors, ODbL"
way,177075317,,false,yes,,,,,,,,,,,,,41.8276082,-71.4040377,https://www.openstreetmap.org/way/177075317,https://overpass-api.de/,"OpenStreetMap contributors, ODbL"
way,177075324,Corliss–Brackett House,false,yes,,,,45,Prospect Street,Providence,RI,02912,,Q5170913,,,41.8275897,-71.4044394,https://www.openstreetmap.org/way/177075324,https://overpass-api.de/,"OpenStreetMap contributors, ODbL"
way,177075425,,true,university,,,,59,Charlesfield Street,,,,3,,,,41.8241835,-71.3994321,https://www.openstreetmap.org/way/177075425,https://overpass-api.de/,"OpenStreetMap contributors, ODbL"
way,177075426,Watson Institute for International Studies,true,university,,,,111,Thayer Street,,,02912,,Q7974826,en:Watson Institute for International and Public Affairs,,41.824376,-71.399849,https://www.openstreetmap.org/way/177075426,https://overpass-api.de/,"OpenStreetMap contributors, ODbL"
way,177187101,,false,yes,,,,281,Benefit Street,,,,,,,,41.8249144,-71.4057007,https://www.openstreetmap.org/way/177187101,https://overpass-api.de/,"OpenStreetMap contributors, ODbL"
way,177187102,,false,yes,,,,,,,,,,,,,41.8243685,-71.4045052,https://www.openstreetmap.org/way/177187102,https://overpass-api.de/,"OpenStreetMap contributors, ODbL"
way,177187103,First Unitarian Church of Providence,false,church,place_of_worship,,,1,Benevolent Street,Providence,,02903,,Q16993404,en:First Unitarian Church of Providence,https://firstunitarianprov.org/,41.8243979,-71.4049395,https://www.openstreetmap.org/way/177187103,https://overpass-api.de/,"OpenStreetMap contributors, ODbL"
way,177187104,,false,yes,,,,,,,,,,,,,41.8239483,-71.4044416,https://www.openstreetmap.org/way/177187104,https://overpass-api.de/,"OpenStreetMap contributors, ODbL"
way,177187106,Maddock Alumni Center,false,yes,,,,38,Brown Street,,,02912,,,,,41.8251434,-71.4030615,https://www.openstreetmap.org/way/177187106,https://overpass-api.de/,"OpenStreetMap contributors, ODbL"
way,177187107,Perkins Hall,true,dormitory,,,,154,Power Street,Providence,RI,02912,4,,,,41.823642,-71.396215,https://www.openstreetmap.org/way/177187107,https://overpass-api.de/,"OpenStreetMap contributors, ODbL"
way,177187108,Young Orchard 4,true,dormitory,,,,4,Young Orchard Avenue,,,02912,4,,,,41.8241136,-71.3963657,https://www.openstreetmap.org/way/177187108,https://overpass-api.de/,"OpenStreetMap contributors, ODbL"
way,177187109,Hope Club,false,yes,,,,6,Benevolent Street,Providence,RI,02906,,,,https://www.hopeclub.com/,41.8248846,-71.4051257,https://www.openstreetmap.org/way/177187109,https://overpass-api.de/,"OpenStreetMap contributors, ODbL"
way,177187110,Feinstein,false,yes,,,,130,Hope Street,Providence,RI,,3,,,,41.8237406,-71.3973586,https://www.openstreetmap.org/way/177187110,https://overpass-api.de/,"OpenStreetMap contributors, ODbL"
way,177187111,Candace Allen House,false,house,,,,12,Benevolent Street,Providence,,02906,,Q5031553,en:Candace Allen House,,41.8248019,-71.4043707,https://www.openstreetmap.org/way/177187111,https://overpass-api.de/,"OpenStreetMap contributors, ODbL"
way,177187112,Dyer,false,yes,,,,150,Power Street,Providence,,,,,,,41.8234552,-71.3964961,https://www.openstreetmap.org/way/177187112,https://overpass-api.de/,"OpenStreetMap contributors, ODbL"
way,177187113,,false,residential,,,,107,Benevolent Street,Providence,RI,02906,,,,,41.824957,-71.3962023,https://www.openstreetmap.org/way/177187113,https://overpass-api.de/,"OpenStreetMap contributors, ODbL"
way,177187114,86 Waterman,false,yes,,,,86,Waterman Street,,,02912,,,,,41.8273286,-71.4020353,https://www.openstreetmap.org/way/177187114,https://overpass-api.de/,"OpenStreetMap contributors, ODbL"
way,177187115,,false,yes,,,,20,,,,,,,,,41.824764,-71.4033023,https://www.openstreetmap.org/way/177187115,https://overpass-api.de/,"OpenStreetMap contributors, ODbL"
way,177187116,Sarah Doyle Center for Women and Gender,true,university,,,,26,Benevolent Street,,,,,,,,41.8247644,-71.4028877,https://www.openstreetmap.org/way/177187116,https://overpass-api.de/,"OpenStreetMap contributors, ODbL"
way,177187117,Young Orchard 2,true,dormitory,,,,2,Young Orchard Avenue,,,02912,4,,,,41.8240636,-71.3968285,https://www.openstreetmap.org/way/177187117,https://overpass-api.de/,"OpenStreetMap contributors, ODbL"
way,177187118,Young Orchard 10,true,dormitory,,,,10,Young Orchard Avenue,,,02912,,,,,41.8241242,-71.3957634,https://www.openstreetmap.org/way/177187118,https://overpass-api.de/,"OpenStreetMap contributors, ODbL"
way,177187119,Steinert,false,yes,,,,148,Power Street,Providence,RI,,,,,,41.8234158,-71.3968234,https://www.openstreetmap.org/way/177187119,https://overpass-api.de/,"OpenStreetMap contributors, ODbL"
way,177187120,,false,yes,,,,,,,,,,,,,41.825127,-71.4048586,https://www.openstreetmap.org/way/177187120,https://overpass-api.de/,"OpenStreetMap contributors, ODbL"
way,177187121,,false,yes,,,,,,,RI,,,,,,41.8239342,-71.4040766,https://www.openstreetmap.org/way/177187121,https://overpass-api.de/,"OpenStreetMap contributors, ODbL"
way,177187122,,false,yes,,,,,,,,,,,,,41.823915,-71.4019287,https://www.openstreetmap.org/way/177187122,https://overpass-api.de/,"OpenStreetMap contributors, ODbL"
way,177187123,67 George,false,yes,,,,67,George Street,,,02912,,,,,41.8251142,-71.4035633,https://www.openstreetmap.org/way/177187123,https://overpass-api.de/,"OpenStreetMap contributors, ODbL"
way,177187124,Orwig Music Hall,true,university,,,,1,Young Orchard Avenue,,,02912,3,,,,41.824605,-71.3967313,https://www.openstreetmap.org/way/177187124,https://overpass-api.de/,"OpenStreetMap contributors, ODbL"
way,177187125,Morrison-Gerard Chamber Music Studios,true,university,,,,151,Hope Street,Providence,RI,,2,,,,41.8249831,-71.3970219,https://www.openstreetmap.org/way/177187125,https://overpass-api.de/,"OpenStreetMap contributors, ODbL"
way,177187126,,false,yes,,,,,,,,,,,,,41.823914,-71.4017271,https://www.openstreetmap.org/way/177187126,https://overpass-api.de/,"OpenStreetMap contributors, ODbL"
way,177187128,,false,house,,,,108-110,Charlesfield Street,,,,3,,,,41.8239598,-71.3976387,https://www.openstreetmap.org/way/177187128,https://overpass-api.de/,"OpenStreetMap contributors, ODbL"
way,177187129,,false,yes,,,,309,Benefit Street,,,,,,,,41.8239418,-71.4047104,https://www.openstreetmap.org/way/177187129,https://overpass-api.de/,"OpenStreetMap contributors, ODbL"
way,177187130,,false,yes,,,,,,,,,,,,,41.8250967,-71.4055385,https://www.openstreetmap.org/way/177187130,https://overpass-api.de/,"OpenStreetMap contributors, ODbL"
way,177187131,,false,yes,,,,22,,,,,,,,,41.8247519,-71.4031266,https://www.openstreetmap.org/way/177187131,https://overpass-api.de/,"OpenStreetMap contributors, ODbL"
way,177187132,T.F. Green Hall,false,yes,,,,7,Young Orchard Avenue,Providence,RI,02912,2,,,,41.8244737,-71.3958823,https://www.openstreetmap.org/way/177187132,https://overpass-api.de/,"OpenStreetMap contributors, ODbL"
way,177187133,Norwood House,false,yes,,,,82,Waterman Street,,,02912,,,,,41.827314,-71.4023203,https://www.openstreetmap.org/way/177187133,https://overpass-api.de/,"OpenStreetMap contributors, ODbL"
way,177187134,,false,yes,,,,134,Hope Street,,,,,,,,41.8239888,-71.3973586,https://www.openstreetmap.org/way/177187134,https://overpass-api.de/,"OpenStreetMap contributors, ODbL"
way,177187135,Shirley Miller House,false,yes,,,,59,George Street,,,02912,,,,,41.825116,-71.4038101,https://www.openstreetmap.org/way/177187135,https://overpass-api.de/,"OpenStreetMap contributors, ODbL"
way,177187136,Giddings House,true,university,,,,128,Hope Street,Providence,,,3,,,,41.8235479,-71.397372,https://www.openstreetmap.org/way/177187136,https://overpass-api.de/,"OpenStreetMap contributors, ODbL"
way,177187137,Faculty Club,false,yes,,,,1,Magee Street,,,02912,,,,,41.8248372,-71.4037174,https://www.openstreetmap.org/way/177187137,https://overpass-api.de/,"OpenStreetMap contributors, ODbL"
way,177187138,Saint Stephens Church,false,church,place_of_worship,,,114,George Street,Providence,RI,02906-1189,,Q7591750,"en:S. Stephen's Church (Providence, Rhode Island)",https://www.sstephens.org/,41.82571,-71.4013975,https://www.openstreetmap.org/way/177187138,https://overpass-api.de/,"OpenStreetMap contributors, ODbL"
way,177187139,Swearer Center for Public Service,true,university,,,,25,George Street,Providence,RI,02912,,,,https://swearercenter.brown.edu/,41.8250998,-71.4052846,https://www.openstreetmap.org/way/177187139,https://overpass-api.de/,"OpenStreetMap contributors, ODbL"
way,177187140,Horace Mann House,false,yes,,,,47-49,George Street,,,02912,,,,,41.8251052,-71.4042936,https://www.openstreetmap.org/way/177187140,https://overpass-api.de/,"OpenStreetMap contributors, ODbL"
way,177342771,Wilbour Hall,false,apartments,,,,2,Prospect Street,,,02912,,,,,41.8253937,-71.4047015,https://www.openstreetmap.org/way/177342771,https://overpass-api.de/,"OpenStreetMap contributors, ODbL"
way,185020123,Pembroke Field House,false,yes,,,,171,Cushing Street,Providence,RI,02912,,,,,41.830005,-71.3995046,https://www.openstreetmap.org/way/185020123,https://overpass-api.de/,"OpenStreetMap contributors, ODbL"
way,185020125,Olney-Margolies Athletic Center,false,yes,,,,229,Hope Street,Providence,RI,02912,,,,,41.831081,-71.3973074,https://www.openstreetmap.org/way/185020125,https://overpass-api.de/,"OpenStreetMap contributors, ODbL"
way,185021519,Carrie Tower,true,university,,,,69,Waterman Street,Providence,RI,02912,,,,,41.8267747,-71.4044893,https://www.openstreetmap.org/way/185021519,https://overpass-api.de/,"OpenStreetMap contributors, ODbL"
way,185224051,Graduate Center B,true,dormitory,,,,44,Charlesfield Street,,,,6,,,,41.8236007,-71.4010233,https://www.openstreetmap.org/way/185224051,https://overpass-api.de/,"OpenStreetMap contributors, ODbL"
way,185224052,Graduate Center C,true,dormitory,,,,82,Thayer Street,,,,6,,,,41.8231614,-71.400344,https://www.openstreetmap.org/way/185224052,https://overpass-api.de/,"OpenStreetMap contributors, ODbL"
way,185224053,Graduate Center A,true,dormitory,,,,40,Charlesfield Street,,,,6,,,,41.8231107,-71.4009641,https://www.openstreetmap.org/way/185224053,https://overpass-api.de/,"OpenStreetMap contributors, ODbL"
way,185224055,Graduate Center D,true,dormitory,,,,90,Thayer Street,,,,6,,,,41.8236668,-71.4004085,https://www.openstreetmap.org/way/185224055,https://overpass-api.de/,"OpenStreetMap contributors, ODbL"
way,185225893,Nelson Center for Entrepreneurship,false,yes,,,,1,Euclid Avenue,Providence,RI,,,,,,41.8284975,-71.4005393,https://www.openstreetmap.org/way/185225893,https://overpass-api.de/,"OpenStreetMap contributors, ODbL"
way,185225894,,false,yes,,,,,,,,,,,,,41.827449,-71.4008037,https://www.openstreetmap.org/way/185225894,https://overpass-api.de/,"OpenStreetMap contributors, ODbL"
way,185225895,,false,yes,,,,,,,,,,,,,41.8287232,-71.4009184,https://www.openstreetmap.org/way/185225895,https://overpass-api.de/,"OpenStreetMap contributors, ODbL"
way,185225896,,false,yes,,,,229,Thayer Street,Providence,,02906,,,,,41.8279662,-71.4004795,https://www.openstreetmap.org/way/185225896,https://overpass-api.de/,"OpenStreetMap contributors, ODbL"
way,185225897,,false,yes,,,,,,,,,,,,,41.8296437,-71.4006599,https://www.openstreetmap.org/way/185225897,https://overpass-api.de/,"OpenStreetMap contributors, ODbL"
way,185225898,,false,yes,,,,,,,,,,,,,41.8289597,-71.4010143,https://www.openstreetmap.org/way/185225898,https://overpass-api.de/,"OpenStreetMap contributors, ODbL"
way,185225899,,false,yes,,,,,,,,,,,,,41.8290607,-71.4005926,https://www.openstreetmap.org/way/185225899,https://overpass-api.de/,"OpenStreetMap contributors, ODbL"
way,185225900,,false,yes,,,,272,Thayer Street,Providence,RI,,,,,,41.8293652,-71.4011249,https://www.openstreetmap.org/way/185225900,https://overpass-api.de/,"OpenStreetMap contributors, ODbL"
way,185225901,,false,yes,,,,,,,,,,,,,41.829571,-71.4006499,https://www.openstreetmap.org/way/185225901,https://overpass-api.de/,"OpenStreetMap contributors, ODbL"
way,185225902,,false,retail,,,,278,Thayer Street,,,,,,,,41.8296146,-71.401047,https://www.openstreetmap.org/way/185225902,https://overpass-api.de/,"OpenStreetMap contributors, ODbL"
way,185225903,,false,yes,,,,,,,,,,,,,41.8299165,-71.4006332,https://www.openstreetmap.org/way/185225903,https://overpass-api.de/,"OpenStreetMap contributors, ODbL"
way,185225904,,false,yes,,,,,,,,,,,,,41.8289919,-71.400936,https://www.openstreetmap.org/way/185225904,https://overpass-api.de/,"OpenStreetMap contributors, ODbL"
way,185225905,,false,yes,,,,,,,,,,,,,41.8275427,-71.4003228,https://www.openstreetmap.org/way/185225905,https://overpass-api.de/,"OpenStreetMap contributors, ODbL"
way,185225906,,false,retail,,,,271,Thayer Street,Providence,RI,,2,,,,41.8293263,-71.4005442,https://www.openstreetmap.org/way/185225906,https://overpass-api.de/,"OpenStreetMap contributors, ODbL"
way,185225907,,false,retail,,,,,,,,,,,,,41.8297574,-71.4006385,https://www.openstreetmap.org/way/185225907,https://overpass-api.de/,"OpenStreetMap contributors, ODbL"
way,185225908,,false,yes,,,,,,,,,,,,,41.8294729,-71.4005643,https://www.openstreetmap.org/way/185225908,https://overpass-api.de/,"OpenStreetMap contributors, ODbL"
way,185225909,Kabob and Curry,false,yes,restaurant,,,261,Thayer Street,Providence,RI,02906,,,,https://www.kabobandcurry.com/,41.8289146,-71.4005729,https://www.openstreetmap.org/way/185225909,https://overpass-api.de/,"OpenStreetMap contributors, ODbL"
way,185225911,,false,yes,,,,267,Thayer Street,Providence,RI,,,,,,41.8289789,-71.4005819,https://www.openstreetmap.org/way/185225911,https://overpass-api.de/,"OpenStreetMap contributors, ODbL"
way,185226098,,false,yes,,,,,,,,,,,,,41.8294828,-71.4003023,https://www.openstreetmap.org/way/185226098,https://overpass-api.de/,"OpenStreetMap contributors, ODbL"
way,185226099,Sneaker Junkies,false,yes,,,,290,Thayer St.,,,,,,,https://sneakerjunkiesusa.com,41.8298283,-71.401073,https://www.openstreetmap.org/way/185226099,https://overpass-api.de/,"OpenStreetMap contributors, ODbL"
way,185226341,,false,yes,,,,172,Cushing Street,Providence,RI,,,,,,41.8304321,-71.399195,https://www.openstreetmap.org/way/185226341,https://overpass-api.de/,"OpenStreetMap contributors, ODbL"
way,185226348,Meehan Auditorium,false,yes,,,,235,Hope Street,Providence,,02912,,Q6807503,,,41.8313581,-71.3989523,https://www.openstreetmap.org/way/185226348,https://overpass-api.de/,"OpenStreetMap contributors, ODbL"
way,185226708,Old State House,false,yes,,,,,,,,,,,"en:Old State House (Providence, Rhode Island)",https://preservation.ri.gov/about-rihphc/old-state-house,41.8291357,-71.4086804,https://www.openstreetmap.org/way/185226708,https://overpass-api.de/,"OpenStreetMap contributors, ODbL"
way,185397432,Department of Public Safety,true,yes,police,Brown University,,75,Charlesfield Street,Providence,RI,,3,,,,41.8242595,-71.3982018,https://www.openstreetmap.org/way/185397432,https://overpass-api.de/,"OpenStreetMap contributors, ODbL"
way,185397440,Andrews Memorial Building,false,yes,,,,295,Lloyd Avenue,Providence,RI,02912,,,,,41.8329354,-71.395474,https://www.openstreetmap.org/way/185397440,https://overpass-api.de/,"OpenStreetMap contributors, ODbL"
way,195508279,,false,house,,,,,,,,,,,,,41.829864,-71.3948776,https://www.openstreetmap.org/way/195508279,https://overpass-api.de/,"OpenStreetMap contributors, ODbL"
way,195508281,,false,house,,,,,,,,,,,,,41.8294427,-71.3969204,https://www.openstreetmap.org/way/195508281,https://overpass-api.de/,"OpenStreetMap contributors, ODbL"
way,195508283,,false,yes,,,,,,,,,,,,,41.8294282,-71.396324,https://www.openstreetmap.org/way/195508283,https://overpass-api.de/,"OpenStreetMap contributors, ODbL"
way,195508284,,false,school,,,,211,Hope Street,Providence,RI,02906,,,,,41.8290814,-71.397647,https://www.openstreetmap.org/way/195508284,https://overpass-api.de/,"OpenStreetMap contributors, ODbL"
way,195508286,,false,yes,,,,,,,,,,,,,41.8292069,-71.3961163,https://www.openstreetmap.org/way/195508286,https://overpass-api.de/,"OpenStreetMap contributors, ODbL"
way,195508288,Nelson Fitness Center,false,yes,,,,225,Hope Street,Providence,,02912,,,,https://brownrec.com/,41.8302318,-71.3974695,https://www.openstreetmap.org/way/195508288,https://overpass-api.de/,"OpenStreetMap contributors, ODbL"
way,195508289,,false,house,,,,,,,,,,,,,41.829763,-71.3953341,https://www.openstreetmap.org/way/195508289,https://overpass-api.de/,"OpenStreetMap contributors, ODbL"
way,195508291,,false,house,,,,2,Stimson Avenue,Providence,,,,Q131858673,,,41.829735,-71.3979621,https://www.openstreetmap.org/way/195508291,https://overpass-api.de/,"OpenStreetMap contributors, ODbL"
way,195508293,,false,house,,,,,,,,,,,,,41.8294534,-71.3972979,https://www.openstreetmap.org/way/195508293,https://overpass-api.de/,"OpenStreetMap contributors, ODbL"
way,195508294,,false,house,,,,,,,,,,,,,41.8295571,-71.3952657,https://www.openstreetmap.org/way/195508294,https://overpass-api.de/,"OpenStreetMap contributors, ODbL"
way,195508296,,false,house,,,,8,Stimson Avenue,,RI,,,,,,41.8297472,-71.3974724,https://www.openstreetmap.org/way/195508296,https://overpass-api.de/,"OpenStreetMap contributors, ODbL"
way,195508298,,false,house,,,,,,,,,,,,,41.8297444,-71.3956957,https://www.openstreetmap.org/way/195508298,https://overpass-api.de/,"OpenStreetMap contributors, ODbL"
way,195508299,,false,house,,,,,,,,,,,,,41.8293698,-71.3956106,https://www.openstreetmap.org/way/195508299,https://overpass-api.de/,"OpenStreetMap contributors, ODbL"
way,195508301,Baker House,false,school,,,,217,Hope Street,Providence,RI,02906,,,,,41.829348,-71.397803,https://www.openstreetmap.org/way/195508301,https://overpass-api.de/,"OpenStreetMap contributors, ODbL"
way,195508304,,false,house,,,,,,,,,,,,,41.830021,-71.3958298,https://www.openstreetmap.org/way/195508304,https://overpass-api.de/,"OpenStreetMap contributors, ODbL"
way,195508306,,false,house,,,,324,Angell Street,,,,,,,,41.8291253,-71.3945817,https://www.openstreetmap.org/way/195508306,https://overpass-api.de/,"OpenStreetMap contributors, ODbL"
way,195508307,,false,house,,,,,,,,,,,,,41.8293126,-71.3946753,https://www.openstreetmap.org/way/195508307,https://overpass-api.de/,"OpenStreetMap contributors, ODbL"
way,195508308,,false,house,,,,,,,,,,,,,41.8301011,-71.3953983,https://www.openstreetmap.org/way/195508308,https://overpass-api.de/,"OpenStreetMap contributors, ODbL"
way,195508309,,false,house,,,,,,,,,,,,,41.8300679,-71.395612,https://www.openstreetmap.org/way/195508309,https://overpass-api.de/,"OpenStreetMap contributors, ODbL"
way,195508310,,false,house,,,,,,,,,,,,,41.8296715,-71.3947869,https://www.openstreetmap.org/way/195508310,https://overpass-api.de/,"OpenStreetMap contributors, ODbL"
way,195508312,,false,house,,,,,,,,,,,,,41.8287446,-71.3967902,https://www.openstreetmap.org/way/195508312,https://overpass-api.de/,"OpenStreetMap contributors, ODbL"
way,195508313,,false,house,,,,,,,,,,Q131858812,,,41.8290003,-71.3954995,https://www.openstreetmap.org/way/195508313,https://overpass-api.de/,"OpenStreetMap contributors, ODbL"
way,195508314,Hamilton House,false,house,,,,,,,,,,Q5645010,"en:Hamilton House (Providence, Rhode Island)",,41.8288622,-71.3965645,https://www.openstreetmap.org/way/195508314,https://overpass-api.de/,"OpenStreetMap contributors, ODbL"
way,195508315,Central Congregational Church,false,yes,place_of_worship,,,,,,,,,Q15208456,"en:Central Congregational Church (Providence, Rhode Island)",,41.8289557,-71.3960291,https://www.openstreetmap.org/way/195508315,https://overpass-api.de/,"OpenStreetMap contributors, ODbL"
way,195508317,Pizzitola Gymnasium,false,yes,,,,233,Hope Street,Providence,,02912,,,,,41.8316796,-71.3981444,https://www.openstreetmap.org/way/195508317,https://overpass-api.de/,"OpenStreetMap contributors, ODbL"
way,195508318,,false,house,,,,,,,,,,,,,41.8299086,-71.3966674,https://www.openstreetmap.org/way/195508318,https://overpass-api.de/,"OpenStreetMap contributors, ODbL"
way,195508319,,false,house,,,,,,,,,,,,,41.8298483,-71.3969773,https://www.openstreetmap.org/way/195508319,https://overpass-api.de/,"OpenStreetMap contributors, ODbL"
way,195508320,,false,house,,,,,,,,,,,,,41.8298134,-71.3971686,https://www.openstreetmap.org/way/195508320,https://overpass-api.de/,"OpenStreetMap contributors, ODbL"
way,195508321,,false,house,,,,,,,,,,,,,41.8299991,-71.3962193,https://www.openstreetmap.org/way/195508321,https://overpass-api.de/,"OpenStreetMap contributors, ODbL"
way,195508322,,false,house,,,,,,,,,,,,,41.8301687,-71.3949726,https://www.openstreetmap.org/way/195508322,https://overpass-api.de/,"OpenStreetMap contributors, ODbL"
way,195508323,,false,house,,,,,,,,,,,,,41.829373,-71.3960419,https://www.openstreetmap.org/way/195508323,https://overpass-api.de/,"OpenStreetMap contributors, ODbL"
way,195508324,,false,house,,,,,,,,,,,,,41.8293407,-71.3951918,https://www.openstreetmap.org/way/195508324,https://overpass-api.de/,"OpenStreetMap contributors, ODbL"
way,195508325,,false,house,,,,,,,,,,,,,41.8295945,-71.3960797,https://www.openstreetmap.org/way/195508325,https://overpass-api.de/,"OpenStreetMap contributors, ODbL"
way,199956415,Metcalf Hall,true,dormitory,,,,98,Cushing Street,,,02912,,,,,41.8301797,-71.4027692,https://www.openstreetmap.org/way/199956415,https://overpass-api.de/,"OpenStreetMap contributors, ODbL"
way,199956416,Miller Hall,true,dormitory,,,,118,Cushing Street,,,02912,,,,,41.8302146,-71.4022298,https://www.openstreetmap.org/way/199956416,https://overpass-api.de/,"OpenStreetMap contributors, ODbL"
way,231936632,,false,yes,,,,,,,,,,,,,41.8334037,-71.3987652,https://www.openstreetmap.org/way/231936632,https://overpass-api.de/,"OpenStreetMap contributors, ODbL"
way,231936633,,false,house,,,,48,,,,,,,,,41.8330644,-71.4031568,https://www.openstreetmap.org/way/231936633,https://overpass-api.de/,"OpenStreetMap contributors, ODbL"
way,231936635,,false,yes,,,,,,,,,,,,,41.8337666,-71.4002485,https://www.openstreetmap.org/way/231936635,https://overpass-api.de/,"OpenStreetMap contributors, ODbL"
way,231936636,,false,yes,,,,,,,,,,,,,41.8340586,-71.3974886,https://www.openstreetmap.org/way/231936636,https://overpass-api.de/,"OpenStreetMap contributors, ODbL"
way,231936637,,false,house,,,,64,,,,,,,,,41.8330895,-71.4022489,https://www.openstreetmap.org/way/231936637,https://overpass-api.de/,"OpenStreetMap contributors, ODbL"
way,231936638,,false,house,,,,60,,,,,,,,,41.8330689,-71.4023958,https://www.openstreetmap.org/way/231936638,https://overpass-api.de/,"OpenStreetMap contributors, ODbL"
way,231936639,,false,house,,,,199,,,,,,,,,41.8330425,-71.4037612,https://www.openstreetmap.org/way/231936639,https://overpass-api.de/,"OpenStreetMap contributors, ODbL"
way,231936640,,false,house,,,,70,,,,,,,,,41.8331084,-71.402055,https://www.openstreetmap.org/way/231936640,https://overpass-api.de/,"OpenStreetMap contributors, ODbL"
way,231936641,,false,house,,,,38,,,,,,,,,41.8330158,-71.4035333,https://www.openstreetmap.org/way/231936641,https://overpass-api.de/,"OpenStreetMap contributors, ODbL"
way,231936642,,false,yes,,,,,,,,,,,,,41.8336493,-71.4010083,https://www.openstreetmap.org/way/231936642,https://overpass-api.de/,"OpenStreetMap contributors, ODbL"
way,231936643,,false,yes,,,,,,,,,,,,,41.8333272,-71.4009359,https://www.openstreetmap.org/way/231936643,https://overpass-api.de/,"OpenStreetMap contributors, ODbL"
way,231936644,,false,yes,,,,,,,,,,,,,41.8334863,-71.4010009,https://www.openstreetmap.org/way/231936644,https://overpass-api.de/,"OpenStreetMap contributors, ODbL"
way,231936645,,false,yes,,,,,,,,,,,,,41.8337852,-71.39733,https://www.openstreetmap.org/way/231936645,https://overpass-api.de/,"OpenStreetMap contributors, ODbL"
way,231936646,,false,yes,,,,,,,,,,,,,41.833442,-71.3976246,https://www.openstreetmap.org/way/231936646,https://overpass-api.de/,"OpenStreetMap contributors, ODbL"
way,231936647,,false,house,,,,,,,,,,,,,41.8330545,-71.4025651,https://www.openstreetmap.org/way/231936647,https://overpass-api.de/,"OpenStreetMap contributors, ODbL"
way,231936648,,false,house,,,,300;302,,,,,,,,,41.8330986,-71.4014592,https://www.openstreetmap.org/way/231936648,https://overpass-api.de/,"OpenStreetMap contributors, ODbL"
way,231936649,,false,house,,,,54,,,,,,,,,41.8330644,-71.4027396,https://www.openstreetmap.org/way/231936649,https://overpass-api.de/,"OpenStreetMap contributors, ODbL"
way,231936650,,false,yes,,,,,,,,,,,,,41.8337683,-71.3982932,https://www.openstreetmap.org/way/231936650,https://overpass-api.de/,"OpenStreetMap contributors, ODbL"
way,231936651,,false,yes,,,,,,,,,,,,,41.8339452,-71.4010536,https://www.openstreetmap.org/way/231936651,https://overpass-api.de/,"OpenStreetMap contributors, ODbL"
way,231936652,,false,yes,,,,,,,,,,,,,41.8341089,-71.3983341,https://www.openstreetmap.org/way/231936652,https://overpass-api.de/,"OpenStreetMap contributors, ODbL"
way,231936653,,false,yes,,,,,,,,,,,,,41.8338219,-71.4010349,https://www.openstreetmap.org/way/231936653,https://overpass-api.de/,"OpenStreetMap contributors, ODbL"
way,231936654,,false,house,,,,,,,,,,,,,41.8321277,-71.3998397,https://www.openstreetmap.org/way/231936654,https://overpass-api.de/,"OpenStreetMap contributors, ODbL"
way,231936655,,false,house,,,,,,,,,,,,,41.8324486,-71.4001377,https://www.openstreetmap.org/way/231936655,https://overpass-api.de/,"OpenStreetMap contributors, ODbL"
way,231936656,,false,house,,,,72,,,,,,,,,41.8331571,-71.4018612,https://www.openstreetmap.org/way/231936656,https://overpass-api.de/,"OpenStreetMap contributors, ODbL"
way,231936657,,false,house,,,,46,,,,,,,,,41.83304,-71.4033629,https://www.openstreetmap.org/way/231936657,https://overpass-api.de/,"OpenStreetMap contributors, ODbL"
way,231936658,,false,house,,,,306;308,,,,,,,,,41.8332377,-71.4014827,https://www.openstreetmap.org/way/231936658,https://overpass-api.de/,"OpenStreetMap contributors, ODbL"
way,231936659,,false,house,,,,50-52,,,,,,,,,41.8330545,-71.4029426,https://www.openstreetmap.org/way/231936659,https://overpass-api.de/,"OpenStreetMap contributors, ODbL"
way,231936660,,false,house,,,,,,,,,,,,,41.8331312,-71.4016877,https://www.openstreetmap.org/way/231936660,https://overpass-api.de/,"OpenStreetMap contributors, ODbL"
way,231960650,,false,house,,,,,,,,,,,,,41.8210711,-71.394138,https://www.openstreetmap.org/way/231960650,https://overpass-api.de/,"OpenStreetMap contributors, ODbL"
way,231960651,,false,house,,,,,,,,,,,,,41.8209023,-71.3946552,https://www.openstreetmap.org/way/231960651,https://overpass-api.de/,"OpenStreetMap contributors, ODbL"
way,231960653,,false,house,,,,,,,,,,,,,41.8207391,-71.3944479,https://www.openstreetmap.org/way/231960653,https://overpass-api.de/,"OpenStreetMap contributors, ODbL"
way,231960658,,false,yes,,,,225,,,,,,,,,41.825644,-71.3963743,https://www.openstreetmap.org/way/231960658,https://overpass-api.de/,"OpenStreetMap contributors, ODbL"
way,231960660,,false,house,,,,,,,,,,,,,41.8267199,-71.3931146,https://www.openstreetmap.org/way/231960660,https://overpass-api.de/,"OpenStreetMap contributors, ODbL"
way,231960662,King House,false,yes,,,,154,Hope Street,,,,,,,,41.8248908,-71.3975109,https://www.openstreetmap.org/way/231960662,https://overpass-api.de/,"OpenStreetMap contributors, ODbL"
way,231960664,,false,house,,,,,,,,,,,,,41.8208906,-71.393917,https://www.openstreetmap.org/way/231960664,https://overpass-api.de/,"OpenStreetMap contributors, ODbL"
way,231960669,,false,residential,,,,104,Benevolent Street,Providence,RI,02906,,,,,41.8253077,-71.3965183,https://www.openstreetmap.org/way/231960669,https://overpass-api.de/,"OpenStreetMap contributors, ODbL"
way,231960670,,false,house,,,,,,,,,,,,,41.8207796,-71.3938859,https://www.openstreetmap.org/way/231960670,https://overpass-api.de/,"OpenStreetMap contributors, ODbL"
way,231960675,,false,house,,,,,,,,,,,,,41.8203517,-71.3941081,https://www.openstreetmap.org/way/231960675,https://overpass-api.de/,"OpenStreetMap contributors, ODbL"
way,231960678,Pizza Marvin,false,yes,restaurant,,,,,,,,,,,https://www.pizzamarvin.com/,41.8204358,-71.3938146,https://www.openstreetmap.org/way/231960678,https://overpass-api.de/,"OpenStreetMap contributors, ODbL"
way,231960682,,false,house,,,,19,East Manning Street,,,,,,,,41.8268732,-71.3931175,https://www.openstreetmap.org/way/231960682,https://overpass-api.de/,"OpenStreetMap contributors, ODbL"
way,231960683,,false,house,,,,11,East Manning Street,,,,,,,,41.8268422,-71.3933316,https://www.openstreetmap.org/way/231960683,https://overpass-api.de/,"OpenStreetMap contributors, ODbL"
way,231960691,,false,house,,,,165,Governor Street,,,,,,,,41.8265849,-71.3936073,https://www.openstreetmap.org/way/231960691,https://overpass-api.de/,"OpenStreetMap contributors, ODbL"
way,231960701,,false,house,,,,,,,,,,,,,41.8206653,-71.3946919,https://www.openstreetmap.org/way/231960701,https://overpass-api.de/,"OpenStreetMap contributors, ODbL"
way,231960702,,false,yes,,,,99,,,,,,,,,41.824868,-71.3980657,https://www.openstreetmap.org/way/231960702,https://overpass-api.de/,"OpenStreetMap contributors, ODbL"
way,231960704,,false,residential,,,,169,Hope Street,Providence,RI,02906,,,,,41.8260401,-71.3969399,https://www.openstreetmap.org/way/231960704,https://overpass-api.de/,"OpenStreetMap contributors, ODbL"
way,231960708,,false,house,,,,,,,,,,,,,41.8208199,-71.3942773,https://www.openstreetmap.org/way/231960708,https://overpass-api.de/,"OpenStreetMap contributors, ODbL"
way,231960711,,false,house,,,,,,,,,,,,,41.820989,-71.3943965,https://www.openstreetmap.org/way/231960711,https://overpass-api.de/,"OpenStreetMap contributors, ODbL"
way,231960716,,false,house,,,,5,Cooke Street,Providence,RI,02906,,,,,41.823747,-71.3955705,https://www.openstreetmap.org/way/231960716,https://overpass-api.de/,"OpenStreetMap contributors, ODbL"
way,231960720,,false,yes,,,,97,,,,,,,,,41.8248155,-71.3982187,https://www.openstreetmap.org/way/231960720,https://overpass-api.de/,"OpenStreetMap contributors, ODbL"
way,231960721,,false,house,,,,,,,,,,,,,41.8206427,-71.3938695,https://www.openstreetmap.org/way/231960721,https://overpass-api.de/,"OpenStreetMap contributors, ODbL"
way,231960725,Aldrich House,false,yes,,,,110,Benevolent Street,Providence,RI,,,,,,41.8253531,-71.3957363,https://www.openstreetmap.org/way/231960725,https://overpass-api.de/,"OpenStreetMap contributors, ODbL"
way,231960729,,false,house,,,,,,,,,,,,,41.8210548,-71.3942825,https://www.openstreetmap.org/way/231960729,https://overpass-api.de/,"OpenStreetMap contributors, ODbL"
way,231960730,,false,house,,,,,,,,,,,,,41.8205787,-71.3942845,https://www.openstreetmap.org/way/231960730,https://overpass-api.de/,"OpenStreetMap contributors, ODbL"
way,231960735,,false,house,,,,,,,,,,,,,41.8202371,-71.3944232,https://www.openstreetmap.org/way/231960735,https://overpass-api.de/,"OpenStreetMap contributors, ODbL"
way,231960736,Brown Fox Point Early Childhood Education Center,false,yes,kindergarten,,,150,Hope Street,,RI,,2,,,,41.8246496,-71.3975499,https://www.openstreetmap.org/way/231960736,https://overpass-api.de/,"OpenStreetMap contributors, ODbL"
way,231960737,,false,house,,,,265,,,,,,,,,41.8210864,-71.3939138,https://www.openstreetmap.org/way/231960737,https://overpass-api.de/,"OpenStreetMap contributors, ODbL"
way,231960738,,false,house,,,,163,Governor Street,,,,,,,,41.8264325,-71.3935953,https://www.openstreetmap.org/way/231960738,https://overpass-api.de/,"OpenStreetMap contributors, ODbL"
way,231960742,,false,yes,,,,95,,,,,,,,,41.824833,-71.3983982,https://www.openstreetmap.org/way/231960742,https://overpass-api.de/,"OpenStreetMap contributors, ODbL"
way,231960743,,false,house,,,,,,,,,,,,,41.8203783,-71.3943333,https://www.openstreetmap.org/way/231960743,https://overpass-api.de/,"OpenStreetMap contributors, ODbL"
way,231960746,,false,house,,,,16,Pitman Street,,,,,,,,41.8264939,-71.3931054,https://www.openstreetmap.org/way/231960746,https://overpass-api.de/,"OpenStreetMap contributors, ODbL"
way,231960747,,false,yes,,,,,,,,,,,,,41.8256785,-71.396957,https://www.openstreetmap.org/way/231960747,https://overpass-api.de/,"OpenStreetMap contributors, ODbL"
way,231960749,,false,house,,,,7,Cooke Street,Providence,RI,02906,,,,,41.8239139,-71.3956015,https://www.openstreetmap.org/way/231960749,https://overpass-api.de/,"OpenStreetMap contributors, ODbL"
way,231960750,,false,house,,,,181,,,,,,,,,41.8268581,-71.3935889,https://www.openstreetmap.org/way/231960750,https://overpass-api.de/,"OpenStreetMap contributors, ODbL"
way,231960751,,false,house,,,,,,,,,,,,,41.8205219,-71.3939974,https://www.openstreetmap.org/way/231960751,https://overpass-api.de/,"OpenStreetMap contributors, ODbL"
way,231960752,,false,house,,,,,,,,,,,,,41.8205983,-71.3946311,https://www.openstreetmap.org/way/231960752,https://overpass-api.de/,"OpenStreetMap contributors, ODbL"
way,231960759,,false,house,,,,160,Power Street,Providence,RI,02906,,,,,41.8234997,-71.395842,https://www.openstreetmap.org/way/231960759,https://overpass-api.de/,"OpenStreetMap contributors, ODbL"
way,231960760,,false,house,,,,175,Governor Street,,,,,,,,41.8267045,-71.3936299,https://www.openstreetmap.org/way/231960760,https://overpass-api.de/,"OpenStreetMap contributors, ODbL"
way,231960764,,false,house,,,,,,,,,,,,,41.8205133,-71.3945893,https://www.openstreetmap.org/way/231960764,https://overpass-api.de/,"OpenStreetMap contributors, ODbL"
way,231960766,The Fiering House,false,house,,,,79,Charlesfield Street,Providence,RI,,3,,,,41.8243188,-71.3978581,https://www.openstreetmap.org/way/231960766,https://overpass-api.de/,"OpenStreetMap contributors, ODbL"
way,231960770,,false,house,,,,,,,,,,,,,41.8207448,-71.3941994,https://www.openstreetmap.org/way/231960770,https://overpass-api.de/,"OpenStreetMap contributors, ODbL"
way,231960777,,false,house,,,,,,,,,,,,,41.8204047,-71.3945449,https://www.openstreetmap.org/way/231960777,https://overpass-api.de/,"OpenStreetMap contributors, ODbL"
way,231960779,,false,house,,,,14,Pitman Street,,,,,,,,41.8264842,-71.3932767,https://www.openstreetmap.org/way/231960779,https://overpass-api.de/,"OpenStreetMap contributors, ODbL"
way,257865343,Madden Gymnasium and Health Center,false,school,,,,,,,,,3,,,,41.8287076,-71.3991606,https://www.openstreetmap.org/way/257865343,https://overpass-api.de/,"OpenStreetMap contributors, ODbL"
way,257865345,Fresh Air Building,false,school,,,,,,,,,2,,,,41.8288751,-71.3980002,https://www.openstreetmap.org/way/257865345,https://overpass-api.de/,"OpenStreetMap contributors, ODbL"
way,257865346,Morgan Hall,false,school,,,,,,,,,3,,,,41.8286445,-71.3978692,https://www.openstreetmap.org/way/257865346,https://overpass-api.de/,"OpenStreetMap contributors, ODbL"
way,257865347,Hope Building,false,school,,,,216,Hope Street,Providence,RI,02906,3,,,,41.8290913,-71.3983625,https://www.openstreetmap.org/way/257865347,https://overpass-api.de/,"OpenStreetMap contributors, ODbL"
way,257865348,Prescott Library,false,school,library,The Wheeler School,,,,,RI,,3,,,https://www.wheelerschool.org/academics/prescott-library/,41.8285481,-71.3984368,https://www.openstreetmap.org/way/257865348,https://overpass-api.de/,"OpenStreetMap contributors, ODbL"
way,257865349,Angell Hall,false,school,,,,,,,,,3,,,,41.8285092,-71.3981271,https://www.openstreetmap.org/way/257865349,https://overpass-api.de/,"OpenStreetMap contributors, ODbL"
way,257865350,Wheeler Hall,false,school,,,,,,,,,3,,,,41.8287373,-71.3986064,https://www.openstreetmap.org/way/257865350,https://overpass-api.de/,"OpenStreetMap contributors, ODbL"
way,257865358,Citizens Bank,false,office,bank,,,118-120,Waterman Street,,,,,,,,41.8276001,-71.3991208,https://www.openstreetmap.org/way/257865358,https://overpass-api.de/,"OpenStreetMap contributors, ODbL"
way,267416918,Baja's Taqueria,false,retail,restaurant,,,223,Thayer Street,Providence,,02906,,,,https://bajasrestaurants.com/,41.8277996,-71.4003881,https://www.openstreetmap.org/way/267416918,https://overpass-api.de/,"OpenStreetMap contributors, ODbL"
way,309141961,Candace Allen Carriage House,false,yes,,,,2,Magee Street,Providence,RI,02906,2,,,,41.8248432,-71.4048542,https://www.openstreetmap.org/way/309141961,https://overpass-api.de/,"OpenStreetMap contributors, ODbL"
way,309146529,John Brown House Museum,false,yes,,Rhode Island Historical Society,,52,Power Street,Providence,RI,02906,3,Q6223544,"en:John Brown House (Providence, Rhode Island)",http://www.rihs.org/museums/john-brown-house/,41.8231741,-71.4033187,https://www.openstreetmap.org/way/309146529,https://overpass-api.de/,"OpenStreetMap contributors, ODbL"
way,309584366,Gilder Center For The Arts,false,school,,,,,,,,,4,,,,41.828553,-71.3986675,https://www.openstreetmap.org/way/309584366,https://overpass-api.de/,"OpenStreetMap contributors, ODbL"
way,309585221,,false,yes,,,,257,Thayer Street,Providence,RI,,,,,,41.8289439,-71.400144,https://www.openstreetmap.org/way/309585221,https://overpass-api.de/,"OpenStreetMap contributors, ODbL"
way,309593989,Nulman Lewis Student Center,false,school,,,,,,,,,3,,,,41.8291855,-71.3986019,https://www.openstreetmap.org/way/309593989,https://overpass-api.de/,"OpenStreetMap contributors, ODbL"
way,309593990,Clark Alumni House,false,school,,,,,,,,,,,,,41.8291839,-71.398792,https://www.openstreetmap.org/way/309593990,https://overpass-api.de/,"OpenStreetMap contributors, ODbL"
way,309593991,The Hamilton School at Wheeler,false,school,,,,,,,,,3,,,,41.8284605,-71.3992042,https://www.openstreetmap.org/way/309593991,https://overpass-api.de/,"OpenStreetMap contributors, ODbL"
way,309593992,Campus Operations Center,false,school,,,,,,,,,,,,,41.8293055,-71.3974364,https://www.openstreetmap.org/way/309593992,https://overpass-api.de/,"OpenStreetMap contributors, ODbL"
way,309594001,The Wharton P. Whitaker Building,false,school,,,,,,,,,,,,,41.8284429,-71.3990354,https://www.openstreetmap.org/way/309594001,https://overpass-api.de/,"OpenStreetMap contributors, ODbL"
way,309596490,Vendata Society of Providence,false,temple,place_of_worship,,,227,,,,,,,,https://www.vedantaprov.org/,41.8280898,-71.3985098,https://www.openstreetmap.org/way/309596490,https://overpass-api.de/,"OpenStreetMap contributors, ODbL"
way,312136334,President's House,false,house,,,,55,Power Street,Providence,RI,,,,,,41.8226758,-71.4026177,https://www.openstreetmap.org/way/312136334,https://overpass-api.de/,"OpenStreetMap contributors, ODbL"
way,313089120,Garrahy Garage,false,yes,parking,,,181,Dorrance Street,Providence,RI,02903,7,,,,41.8204967,-71.4103327,https://www.openstreetmap.org/way/313089120,https://overpass-api.de/,"OpenStreetMap contributors, ODbL"
way,316000492,,false,yes,,,,,,,,,,,,,41.8278164,-71.4002182,https://www.openstreetmap.org/way/316000492,https://overpass-api.de/,"OpenStreetMap contributors, ODbL"
way,316000763,,false,residential,,,,126,Waterman Street,Providence,RI,02906,,,,,41.8276975,-71.398193,https://www.openstreetmap.org/way/316000763,https://overpass-api.de/,"OpenStreetMap contributors, ODbL"
way,316000764,,false,yes,,,,198;200,,,,,,,,,41.8281667,-71.3977404,https://www.openstreetmap.org/way/316000764,https://overpass-api.de/,"OpenStreetMap contributors, ODbL"
way,316000766,,false,yes,,,,,,,,,,,,,41.8281235,-71.3979286,https://www.openstreetmap.org/way/316000766,https://overpass-api.de/,"OpenStreetMap contributors, ODbL"
way,316000767,,false,yes,,,,,,,,,,,,,41.8278576,-71.3982131,https://www.openstreetmap.org/way/316000767,https://overpass-api.de/,"OpenStreetMap contributors, ODbL"
way,316000768,,false,yes,,,,235,,,,,,,,,41.8281283,-71.3980936,https://www.openstreetmap.org/way/316000768,https://overpass-api.de/,"OpenStreetMap contributors, ODbL"
way,316000769,,false,apartments,,Bright Lights Properties,,124,Waterman Street,Providence,RI,02906,3,,,https://brightlightsproperties.com/124-waterman-st-college-hill,41.8276606,-71.3985074,https://www.openstreetmap.org/way/316000769,https://overpass-api.de/,"OpenStreetMap contributors, ODbL"
way,316171290,New Pembroke 1,true,dormitory,,,,302,Thayer Street,,,,,,,,41.8301167,-71.4012801,https://www.openstreetmap.org/way/316171290,https://overpass-api.de/,"OpenStreetMap contributors, ODbL"
way,316171291,,false,yes,,,,,,,,,,,,,41.8317043,-71.4008753,https://www.openstreetmap.org/way/316171291,https://overpass-api.de/,"OpenStreetMap contributors, ODbL"
way,326119729,,false,yes,,,,2,,,,,,,,,41.8253323,-71.4060004,https://www.openstreetmap.org/way/326119729,https://overpass-api.de/,"OpenStreetMap contributors, ODbL"
way,326119730,,false,yes,,,,12;14,George Street,,,,,,,,41.8253697,-71.4057857,https://www.openstreetmap.org/way/326119730,https://overpass-api.de/,"OpenStreetMap contributors, ODbL"
way,326119731,Athenaeum Row,false,terrace,,,,,,,,,,,,,41.8255267,-71.406189,https://www.openstreetmap.org/way/326119731,https://overpass-api.de/,"OpenStreetMap contributors, ODbL"
way,326119732,The Providence Athenaeum,false,yes,library,,,,,,,,,Q7252389,,https://providenceathenaeum.org/#,41.8258067,-71.4063033,https://www.openstreetmap.org/way/326119732,https://overpass-api.de/,"OpenStreetMap contributors, ODbL"
way,326119734,,false,yes,,,,18,George Street,,,,,,,,41.8253629,-71.4056401,https://www.openstreetmap.org/way/326119734,https://overpass-api.de/,"OpenStreetMap contributors, ODbL"
way,326119736,,false,yes,,,,,,,,,,,,,41.8254803,-71.4056978,https://www.openstreetmap.org/way/326119736,https://overpass-api.de/,"OpenStreetMap contributors, ODbL"
way,326119737,,false,yes,,,,,,,,,,,,,41.8255938,-71.4057761,https://www.openstreetmap.org/way/326119737,https://overpass-api.de/,"OpenStreetMap contributors, ODbL"
way,326121079,,false,yes,,,,14,Charlesfield Street,Providence,RI,02906,,,,,41.8235547,-71.4029131,https://www.openstreetmap.org/way/326121079,https://overpass-api.de/,"OpenStreetMap contributors, ODbL"
way,326129702,,false,yes,,,,12,Sheldon Street,Providence,RI,02906,,,,,41.8199409,-71.4006507,https://www.openstreetmap.org/way/326129702,https://overpass-api.de/,"OpenStreetMap contributors, ODbL"
way,326129703,,false,yes,,,,36,Sheldon Street,Providence,RI,,,,,,41.8199953,-71.3997904,https://www.openstreetmap.org/way/326129703,https://overpass-api.de/,"OpenStreetMap contributors, ODbL"
way,326129704,,false,yes,,,,32,Sheldon Street,Providence,RI,02906,,,,,41.8200192,-71.3999361,https://www.openstreetmap.org/way/326129704,https://overpass-api.de/,"OpenStreetMap contributors, ODbL"
way,326129705,,false,yes,,,,30,Sheldon Street,Providence,RI,,,,,,41.8199827,-71.4001174,https://www.openstreetmap.org/way/326129705,https://overpass-api.de/,"OpenStreetMap contributors, ODbL"
way,326129706,,false,yes,,,,24,Sheldon Street,Providence,RI,02906,,,,,41.8199728,-71.4002196,https://www.openstreetmap.org/way/326129706,https://overpass-api.de/,"OpenStreetMap contributors, ODbL"
way,326129707,,false,yes,,,,16,Sheldon Street,,,,,,,,41.8199448,-71.4004836,https://www.openstreetmap.org/way/326129707,https://overpass-api.de/,"OpenStreetMap contributors, ODbL"
way,326129708,,false,yes,,,,20,Sheldon Street,,,,,,,,41.8199786,-71.4003918,https://www.openstreetmap.org/way/326129708,https://overpass-api.de/,"OpenStreetMap contributors, ODbL"
way,326129709,,false,yes,,,,14,Sheldon Street,Providence,RI,02906,,,,,41.8200812,-71.4005505,https://www.openstreetmap.org/way/326129709,https://overpass-api.de/,"OpenStreetMap contributors, ODbL"
way,326131275,,false,yes,,,,40,Sheldon Street,Providence,RI,,,,,,41.8200255,-71.3996772,https://www.openstreetmap.org/way/326131275,https://overpass-api.de/,"OpenStreetMap contributors, ODbL"
way,326131276,,false,yes,,,,46,Sheldon Street,Providence,RI,,,,,,41.8200495,-71.3994867,https://www.openstreetmap.org/way/326131276,https://overpass-api.de/,"OpenStreetMap contributors, ODbL"
way,326131277,,false,yes,,,,50,Sheldon Street,Providence,RI,02906,,,,,41.8200487,-71.3993827,https://www.openstreetmap.org/way/326131277,https://overpass-api.de/,"OpenStreetMap contributors, ODbL"
way,326131278,,false,yes,,,,56,Sheldon Street,Providence,RI,02906,,,,,41.8200351,-71.3990878,https://www.openstreetmap.org/way/326131278,https://overpass-api.de/,"OpenStreetMap contributors, ODbL"
way,326131279,,false,yes,,,,52,Sheldon Street,Providence,RI,02906,,,,,41.8200312,-71.3992354,https://www.openstreetmap.org/way/326131279,https://overpass-api.de/,"OpenStreetMap contributors, ODbL"
way,326131280,,false,yes,,,,,,,,,,,,,41.8201626,-71.3990554,https://www.openstreetmap.org/way/326131280,https://overpass-api.de/,"OpenStreetMap contributors, ODbL"
way,326131281,,false,yes,,,,62,Sheldon Street,Providence,RI,02906,,,,,41.8200564,-71.3988837,https://www.openstreetmap.org/way/326131281,https://overpass-api.de/,"OpenStreetMap contributors, ODbL"
way,326131282,,false,yes,,,,66;68,Sheldon Street,Providence,RI,02906,,,,,41.8201035,-71.3987308,https://www.openstreetmap.org/way/326131282,https://overpass-api.de/,"OpenStreetMap contributors, ODbL"
way,326131283,,false,yes,,,,128,,,,,,,,,41.8200948,-71.3985033,https://www.openstreetmap.org/way/326131283,https://overpass-api.de/,"OpenStreetMap contributors, ODbL"
way,326131284,,false,yes,,,,139;141,Transit Street,,,,,,,,41.8204082,-71.3987149,https://www.openstreetmap.org/way/326131284,https://overpass-api.de/,"OpenStreetMap contributors, ODbL"
way,326131285,,false,yes,,,,,,,,,,,,,41.820235,-71.3987394,https://www.openstreetmap.org/way/326131285,https://overpass-api.de/,"OpenStreetMap contributors, ODbL"
way,326131286,,false,yes,,,,136;138,Brook Street,,,,,,,,41.8203163,-71.39852,https://www.openstreetmap.org/way/326131286,https://overpass-api.de/,"OpenStreetMap contributors, ODbL"
way,326131287,,false,yes,,,,145,Transit Street,,,,,,,,41.8204736,-71.3985359,https://www.openstreetmap.org/way/326131287,https://overpass-api.de/,"OpenStreetMap contributors, ODbL"
way,326131288,,false,yes,,,,,,,,,,,,,41.8204137,-71.3985296,https://www.openstreetmap.org/way/326131288,https://overpass-api.de/,"OpenStreetMap contributors, ODbL"
way,326131289,,false,yes,,,,153,,,,,,,,,41.8204317,-71.3982311,https://www.openstreetmap.org/way/326131289,https://overpass-api.de/,"OpenStreetMap contributors, ODbL"
way,326131290,,false,yes,,,,135,Brook Street,,,,,,,,41.8202941,-71.3982025,https://www.openstreetmap.org/way/326131290,https://overpass-api.de/,"OpenStreetMap contributors, ODbL"
way,326131471,,false,yes,,,,135,Transit Street,,,,,,,,41.8203872,-71.398903,https://www.openstreetmap.org/way/326131471,https://overpass-api.de/,"OpenStreetMap contributors, ODbL"
way,326131472,,false,yes,,,,131,Transit Street,,,,,,,,41.8204173,-71.3990725,https://www.openstreetmap.org/way/326131472,https://overpass-api.de/,"OpenStreetMap contributors, ODbL"
way,326131473,,false,yes,,,,127,Transit Street,,,,,,,,41.8203803,-71.399248,https://www.openstreetmap.org/way/326131473,https://overpass-api.de/,"OpenStreetMap contributors, ODbL"
way,326131534,,false,yes,,,,134,Brook Street,,,,,,,,41.8202362,-71.398526,https://www.openstreetmap.org/way/326131534,https://overpass-api.de/,"OpenStreetMap contributors, ODbL"
way,326133013,Brown Bee Coffee,false,commercial,cafe,,,404,Benefit Street,Providence,RI,,2,,,https://www.brownbeecoffee.com/,41.8202467,-71.4017046,https://www.openstreetmap.org/way/326133013,https://overpass-api.de/,"OpenStreetMap contributors, ODbL"
way,326133014,,false,residential,,,,410,Benefit Street,Providence,RI,02903,,,,,41.8201026,-71.4015967,https://www.openstreetmap.org/way/326133014,https://overpass-api.de/,"OpenStreetMap contributors, ODbL"
way,326133017,,false,residential,,,,414,Benefit Street,Providence,RI,02903,,,,,41.8200293,-71.4015093,https://www.openstreetmap.org/way/326133017,https://overpass-api.de/,"OpenStreetMap contributors, ODbL"
way,326133026,,false,yes,,,,43,,,,,,,,,41.8201705,-71.4022078,https://www.openstreetmap.org/way/326133026,https://overpass-api.de/,"OpenStreetMap contributors, ODbL"
way,326133027,,false,yes,,,,47,,,,,,,,,41.8201993,-71.4020872,https://www.openstreetmap.org/way/326133027,https://overpass-api.de/,"OpenStreetMap contributors, ODbL"
way,326133028,,false,yes,,,,,,,,,,,,,41.8202403,-71.4019667,https://www.openstreetmap.org/way/326133028,https://overpass-api.de/,"OpenStreetMap contributors, ODbL"
way,326133029,Barker Playhouse,false,yes,theatre,,,400,Benefit Street,Providence,RI,02906,,,,https://www.playersri.org/,41.8204578,-71.4020241,https://www.openstreetmap.org/way/326133029,https://overpass-api.de/,"OpenStreetMap contributors, ODbL"
way,326133030,,false,yes,,,,,,,,,,,,,41.8204169,-71.4022919,https://www.openstreetmap.org/way/326133030,https://overpass-api.de/,"OpenStreetMap contributors, ODbL"
way,326133031,,false,yes,,,,42,,,,,,,,,41.8204106,-71.4024735,https://www.openstreetmap.org/way/326133031,https://overpass-api.de/,"OpenStreetMap contributors, ODbL"
way,326133032,,false,yes,,,,38,,,,,,,,,41.8204133,-71.4026075,https://www.openstreetmap.org/way/326133032,https://overpass-api.de/,"OpenStreetMap contributors, ODbL"
way,326133033,,false,yes,,,,,,,,,,,,,41.8204949,-71.4029956,https://www.openstreetmap.org/way/326133033,https://overpass-api.de/,"OpenStreetMap contributors, ODbL"
way,326138418,,false,yes,,,,,,,,,,,,,41.8238957,-71.4053335,https://www.openstreetmap.org/way/326138418,https://overpass-api.de/,"OpenStreetMap contributors, ODbL"
way,326138419,,false,yes,,,,296,Benefit Street,,,,,,,,41.8241862,-71.405493,https://www.openstreetmap.org/way/326138419,https://overpass-api.de/,"OpenStreetMap contributors, ODbL"
way,326138420,,false,yes,,,,306;308;310,Benefit Street,,,,,,,,41.823795,-71.405057,https://www.openstreetmap.org/way/326138420,https://overpass-api.de/,"OpenStreetMap contributors, ODbL"
way,326138421,,false,yes,,,,,,,,,,,,,41.8236683,-71.4049235,https://www.openstreetmap.org/way/326138421,https://overpass-api.de/,"OpenStreetMap contributors, ODbL"
way,326138422,,false,yes,,,,,,,,,,,,,41.8235539,-71.404849,https://www.openstreetmap.org/way/326138422,https://overpass-api.de/,"OpenStreetMap contributors, ODbL"
way,326138423,,false,yes,,,,322,Benefit Street,,,,,,,,41.823354,-71.404612,https://www.openstreetmap.org/way/326138423,https://overpass-api.de/,"OpenStreetMap contributors, ODbL"
way,326138424,,false,yes,,,,326,Benefit Street,,,,,,,,41.8232003,-71.4044746,https://www.openstreetmap.org/way/326138424,https://overpass-api.de/,"OpenStreetMap contributors, ODbL"
way,326138425,,false,yes,,,,336,Benefit Street,,,,,,,,41.8229534,-71.4041737,https://www.openstreetmap.org/way/326138425,https://overpass-api.de/,"OpenStreetMap contributors, ODbL"
way,326138426,,false,yes,,,,344,Benefit Street,,,,,,,,41.822542,-71.4038774,https://www.openstreetmap.org/way/326138426,https://overpass-api.de/,"OpenStreetMap contributors, ODbL"
way,326138427,,false,apartments,,,,350,Benefit Street,,,,,,,,41.8224344,-71.4037478,https://www.openstreetmap.org/way/326138427,https://overpass-api.de/,"OpenStreetMap contributors, ODbL"
way,326138428,,false,yes,,,,362,Benefit Street,,,,,,,,41.8221298,-71.4034736,https://www.openstreetmap.org/way/326138428,https://overpass-api.de/,"OpenStreetMap contributors, ODbL"
way,326138429,,false,residential,,,,364,Benefit Street,Providence,RI,02906,,,,,41.8219199,-71.4032426,https://www.openstreetmap.org/way/326138429,https://overpass-api.de/,"OpenStreetMap contributors, ODbL"
way,326138430,,false,residential,,,,368,Benefit Street,Providence,RI,02906,,,,,41.8217933,-71.4031275,https://www.openstreetmap.org/way/326138430,https://overpass-api.de/,"OpenStreetMap contributors, ODbL"
way,326138431,,false,yes,,,,,,,,,,,,,41.8216729,-71.4030989,https://www.openstreetmap.org/way/326138431,https://overpass-api.de/,"OpenStreetMap contributors, ODbL"
way,326138432,,false,yes,,,,376,,,,,,,,,41.8215462,-71.4030436,https://www.openstreetmap.org/way/326138432,https://overpass-api.de/,"OpenStreetMap contributors, ODbL"
way,326138433,,false,yes,,,,378;380,Benefit Street,,,,,,,,41.821459,-71.4029324,https://www.openstreetmap.org/way/326138433,https://overpass-api.de/,"OpenStreetMap contributors, ODbL"
way,326138434,,false,yes,,,,,,,,,,,,,41.8212174,-71.4026606,https://www.openstreetmap.org/way/326138434,https://overpass-api.de/,"OpenStreetMap contributors, ODbL"
way,326138435,,false,residential,,,,386;384,Benefit Street,Providence,RI,02903,,,,,41.8213573,-71.4027875,https://www.openstreetmap.org/way/326138435,https://overpass-api.de/,"OpenStreetMap contributors, ODbL"
way,326138436,,false,residential,,,,392,Benefit Street,Providence,RI,02903,,,,,41.8208326,-71.402288,https://www.openstreetmap.org/way/326138436,https://overpass-api.de/,"OpenStreetMap contributors, ODbL"
way,326138437,,false,yes,,,,395,,,,,,,,,41.820833,-71.4018414,https://www.openstreetmap.org/way/326138437,https://overpass-api.de/,"OpenStreetMap contributors, ODbL"
way,326138438,,false,residential,,,,389,Benefit Street,Providence,RI,02906,,,,,41.8211889,-71.4019965,https://www.openstreetmap.org/way/326138438,https://overpass-api.de/,"OpenStreetMap contributors, ODbL"
way,326138439,Hoppin House,false,yes,,,,383,Benefit Street,Providence,RI,,3,,,,41.8215905,-71.4023172,https://www.openstreetmap.org/way/326138439,https://overpass-api.de/,"OpenStreetMap contributors, ODbL"
way,326138440,,false,yes,,,,,,,,,,,,,41.8217518,-71.4026021,https://www.openstreetmap.org/way/326138440,https://overpass-api.de/,"OpenStreetMap contributors, ODbL"
way,326138441,,false,residential,,,,373;375,Benefit Street,Providence,RI,02906,,,,,41.8218353,-71.4027181,https://www.openstreetmap.org/way/326138441,https://overpass-api.de/,"OpenStreetMap contributors, ODbL"
way,326138442,,false,yes,,,,367,Benefit Street,,,,,,,,41.8220635,-71.402803,https://www.openstreetmap.org/way/326138442,https://overpass-api.de/,"OpenStreetMap contributors, ODbL"
way,326138443,Nightingale–Brown House,false,house,,,,357,Benefit Street,Providence,RI,02903,,Q7033838,,https://www.brown.edu/academics/public-humanities/about/nightingale-brown-house,41.8224766,-71.402962,https://www.openstreetmap.org/way/326138443,https://overpass-api.de/,"OpenStreetMap contributors, ODbL"
way,326138445,,false,yes,,,,,,,,,,,,,41.823377,-71.4033108,https://www.openstreetmap.org/way/326138445,https://overpass-api.de/,"OpenStreetMap contributors, ODbL"
way,326141314,,false,yes,,,,5,Brown Street,Providence,RI,02906,,,,,41.8231576,-71.4023349,https://www.openstreetmap.org/way/326141314,https://overpass-api.de/,"OpenStreetMap contributors, ODbL"
way,327160469,,false,yes,,,,,,,,,,,,,41.8212446,-71.3944994,https://www.openstreetmap.org/way/327160469,https://overpass-api.de/,"OpenStreetMap contributors, ODbL"
way,328466696,Owen Building,false,commercial,,,,101,Dyer Street,Providence,RI,02903,5,Q14709411,en:Hay and Owen Buildings,,41.8236183,-71.4086842,https://www.openstreetmap.org/way/328466696,https://overpass-api.de/,"OpenStreetMap contributors, ODbL"
way,332722591,,false,yes,shelter,,,,,,,,,,,,41.8291751,-71.3989789,https://www.openstreetmap.org/way/332722591,https://overpass-api.de/,"OpenStreetMap contributors, ODbL"
way,340202391,Andrews Commons,false,yes,cafe,,,,,,,,1,,,,41.8304525,-71.402516,https://www.openstreetmap.org/way/340202391,https://overpass-api.de/,"OpenStreetMap contributors, ODbL"
way,340202442,German Department,false,house,,,,190,Hope Street,Providence,RI,02906,3,,,,41.8273751,-71.3975396,https://www.openstreetmap.org/way/340202442,https://overpass-api.de/,"OpenStreetMap contributors, ODbL"
way,342071693,,false,house,,,,250,Hope Street,Providence,RI,,3,,,,41.8319116,-71.4002794,https://www.openstreetmap.org/way/342071693,https://overpass-api.de/,"OpenStreetMap contributors, ODbL"
way,342071694,,false,house,,,,,,,,,,,,,41.8236478,-71.4059544,https://www.openstreetmap.org/way/342071694,https://overpass-api.de/,"OpenStreetMap contributors, ODbL"
way,342071695,,false,commercial,,,,150,South Main Street,,,,,,,,41.8240636,-71.4063445,https://www.openstreetmap.org/way/342071695,https://overpass-api.de/,"OpenStreetMap contributors, ODbL"
way,344034433,,false,house,,,,,,,,,,,,,41.8213224,-71.3949914,https://www.openstreetmap.org/way/344034433,https://overpass-api.de/,"OpenStreetMap contributors, ODbL"
way,344034434,,false,house,,,,,,,,,,,,,41.8212941,-71.3941729,https://www.openstreetmap.org/way/344034434,https://overpass-api.de/,"OpenStreetMap contributors, ODbL"
way,344034435,,false,house,,,,34,,,,,,,,,41.8212978,-71.3939693,https://www.openstreetmap.org/way/344034435,https://overpass-api.de/,"OpenStreetMap contributors, ODbL"
way,344034436,,false,house,,,,40,,,,,,,,,41.8214398,-71.3939725,https://www.openstreetmap.org/way/344034436,https://overpass-api.de/,"OpenStreetMap contributors, ODbL"
way,344034437,,false,house,,,,,,,,,,,,,41.8216468,-71.3940651,https://www.openstreetmap.org/way/344034437,https://overpass-api.de/,"OpenStreetMap contributors, ODbL"
way,344034438,,false,house,,,,,,,,,,,,,41.8214344,-71.395052,https://www.openstreetmap.org/way/344034438,https://overpass-api.de/,"OpenStreetMap contributors, ODbL"
way,344034439,,false,house,,,,,,,,,,,,,41.8214931,-71.3948255,https://www.openstreetmap.org/way/344034439,https://overpass-api.de/,"OpenStreetMap contributors, ODbL"
way,344034441,,false,house,,,,,,,,,,,,,41.8211047,-71.3948817,https://www.openstreetmap.org/way/344034441,https://overpass-api.de/,"OpenStreetMap contributors, ODbL"
way,344034442,,false,house,,,,,,,,,,,,,41.8212482,-71.3948947,https://www.openstreetmap.org/way/344034442,https://overpass-api.de/,"OpenStreetMap contributors, ODbL"
way,344034443,,false,house,,,,,,,,,,,,,41.8216503,-71.3951939,https://www.openstreetmap.org/way/344034443,https://overpass-api.de/,"OpenStreetMap contributors, ODbL"
way,349332872,,false,yes,,,,,,,,,,,,,41.8234087,-71.4023528,https://www.openstreetmap.org/way/349332872,https://overpass-api.de/,"OpenStreetMap contributors, ODbL"
way,349332873,,false,yes,,,,,,,,,,,,,41.8236522,-71.4024732,https://www.openstreetmap.org/way/349332873,https://overpass-api.de/,"OpenStreetMap contributors, ODbL"
way,349332874,,false,yes,,,,66,,,,,,,,,41.8224649,-71.4019197,https://www.openstreetmap.org/way/349332874,https://overpass-api.de/,"OpenStreetMap contributors, ODbL"
way,349332875,,false,yes,,,,,,,,,,,,,41.8227644,-71.4018319,https://www.openstreetmap.org/way/349332875,https://overpass-api.de/,"OpenStreetMap contributors, ODbL"
way,349332876,Cyrus Fisher House,false,yes,,,,86,Williams Street,Providence,RI,,,,,,41.8224481,-71.4012896,https://www.openstreetmap.org/way/349332876,https://overpass-api.de/,"OpenStreetMap contributors, ODbL"
way,349332877,,false,yes,,,,,,,,,,,,,41.822081,-71.4014979,https://www.openstreetmap.org/way/349332877,https://overpass-api.de/,"OpenStreetMap contributors, ODbL"
way,349662517,,false,house,,,,425,Benefit Street,Providence,RI,02906,,,,,41.819928,-71.4010964,https://www.openstreetmap.org/way/349662517,https://overpass-api.de/,"OpenStreetMap contributors, ODbL"
way,349662518,,false,house,,,,419,Benefit Street,Providence,RI,02906,,,,,41.8200429,-71.4011863,https://www.openstreetmap.org/way/349662518,https://overpass-api.de/,"OpenStreetMap contributors, ODbL"
way,349662519,,false,house,,,,407;409,Benefit Street,Providence,RI,02906,,,,,41.8201725,-71.401308,https://www.openstreetmap.org/way/349662519,https://overpass-api.de/,"OpenStreetMap contributors, ODbL"
way,349662520,,false,house,,,,405,Benefit Street,Providence,RI,02906,,,,,41.8202841,-71.4014277,https://www.openstreetmap.org/way/349662520,https://overpass-api.de/,"OpenStreetMap contributors, ODbL"
way,349662521,,false,house,,,,73,Transit Street,Providence,RI,02906,,,,,41.8203168,-71.4011323,https://www.openstreetmap.org/way/349662521,https://overpass-api.de/,"OpenStreetMap contributors, ODbL"
way,349662522,,false,house,,,,79,Transit Street,Providence,RI,02906,,,,,41.8202917,-71.4009455,https://www.openstreetmap.org/way/349662522,https://overpass-api.de/,"OpenStreetMap contributors, ODbL"
way,349662523,,false,house,,,,81,Transit Street,Providence,RI,02906,,,,,41.8203307,-71.4008266,https://www.openstreetmap.org/way/349662523,https://overpass-api.de/,"OpenStreetMap contributors, ODbL"
way,349662524,,false,house,,,,87,Transit Street,Providence,RI,02906,,,,,41.8203232,-71.400696,https://www.openstreetmap.org/way/349662524,https://overpass-api.de/,"OpenStreetMap contributors, ODbL"
way,349662525,,false,house,,,,91,Transit Street,Providence,RI,02906,,,,,41.8203242,-71.4005467,https://www.openstreetmap.org/way/349662525,https://overpass-api.de/,"OpenStreetMap contributors, ODbL"
way,349662526,,false,house,,,,95,Transit Street,Providence,RI,02906,,,,,41.820345,-71.4004016,https://www.openstreetmap.org/way/349662526,https://overpass-api.de/,"OpenStreetMap contributors, ODbL"
way,349662527,,false,house,,,,97,Transit Street,Providence,RI,02906,,,,,41.8203386,-71.4002585,https://www.openstreetmap.org/way/349662527,https://overpass-api.de/,"OpenStreetMap contributors, ODbL"
way,349662528,,false,house,,,,101,Transit Street,Providence,RI,02906,,,,,41.8203303,-71.4000754,https://www.openstreetmap.org/way/349662528,https://overpass-api.de/,"OpenStreetMap contributors, ODbL"
way,349662529,,false,house,,,,109,Transit Street,,,,,,,,41.8203782,-71.3998794,https://www.openstreetmap.org/way/349662529,https://overpass-api.de/,"OpenStreetMap contributors, ODbL"
way,349662530,,false,yes,,,,,,,,,,,,,41.8200857,-71.400937,https://www.openstreetmap.org/way/349662530,https://overpass-api.de/,"OpenStreetMap contributors, ODbL"
way,349662531,,false,yes,,,,,,,,,,,,,41.8202291,-71.3997202,https://www.openstreetmap.org/way/349662531,https://overpass-api.de/,"OpenStreetMap contributors, ODbL"
way,349662535,,false,yes,,,,142,Transit Street,,,,,,,,41.8206283,-71.398815,https://www.openstreetmap.org/way/349662535,https://overpass-api.de/,"OpenStreetMap contributors, ODbL"
way,349662536,,false,yes,,,,132,Transit Street,,,,,,,,41.820647,-71.3990437,https://www.openstreetmap.org/way/349662536,https://overpass-api.de/,"OpenStreetMap contributors, ODbL"
way,349662537,,false,yes,,,,120,Transit Street,,,,,,,,41.8206112,-71.3995104,https://www.openstreetmap.org/way/349662537,https://overpass-api.de/,"OpenStreetMap contributors, ODbL"
way,349662538,,false,yes,,,,116,Transit Street,,,,,,,,41.8206028,-71.3996031,https://www.openstreetmap.org/way/349662538,https://overpass-api.de/,"OpenStreetMap contributors, ODbL"
way,349662539,,false,yes,,,,1,,,,,,,,,41.8205809,-71.3997303,https://www.openstreetmap.org/way/349662539,https://overpass-api.de/,"OpenStreetMap contributors, ODbL"
way,349662540,,false,yes,,,,,,,,,,,,,41.8207563,-71.3994705,https://www.openstreetmap.org/way/349662540,https://overpass-api.de/,"OpenStreetMap contributors, ODbL"
way,349662541,,false,yes,,,,401,,,,,,,,,41.8205899,-71.4015481,https://www.openstreetmap.org/way/349662541,https://overpass-api.de/,"OpenStreetMap contributors, ODbL"
way,349662542,,false,yes,,,,68,Transit Street,,,,,,,,41.8205459,-71.4012777,https://www.openstreetmap.org/way/349662542,https://overpass-api.de/,"OpenStreetMap contributors, ODbL"
way,349662543,,false,residential,,,,78,Transit Street,Providence,RI,02906,,,,,41.8205204,-71.4009977,https://www.openstreetmap.org/way/349662543,https://overpass-api.de/,"OpenStreetMap contributors, ODbL"
way,349662544,,false,residential,,,,74,Transit Street,Providence,RI,02906,,,,,41.8205251,-71.4011277,https://www.openstreetmap.org/way/349662544,https://overpass-api.de/,"OpenStreetMap contributors, ODbL"
way,349662545,,false,yes,,,,,,,,,,,,,41.8210555,-71.4017945,https://www.openstreetmap.org/way/349662545,https://overpass-api.de/,"OpenStreetMap contributors, ODbL"
way,349662546,,false,yes,,,,7,Arnold Street,,,,,,,,41.8210705,-71.4015964,https://www.openstreetmap.org/way/349662546,https://overpass-api.de/,"OpenStreetMap contributors, ODbL"
way,349908623,,false,yes,,,,121,,,,,,,,,41.8230744,-71.3967141,https://www.openstreetmap.org/way/349908623,https://overpass-api.de/,"OpenStreetMap contributors, ODbL"
way,349908624,,false,yes,,,,119;117,,,,,,,,,41.8228973,-71.3966782,https://www.openstreetmap.org/way/349908624,https://overpass-api.de/,"OpenStreetMap contributors, ODbL"
way,350370260,,false,yes,,,,173,,,,,,,,,41.8275907,-71.3930605,https://www.openstreetmap.org/way/350370260,https://overpass-api.de/,"OpenStreetMap contributors, ODbL"
way,350370262,,false,yes,,,,171,,,,,,,,,41.8274046,-71.3931768,https://www.openstreetmap.org/way/350370262,https://overpass-api.de/,"OpenStreetMap contributors, ODbL"
way,350370264,,false,yes,,,,22,East Manning Street,,,,,,,,41.8271924,-71.3930195,https://www.openstreetmap.org/way/350370264,https://overpass-api.de/,"OpenStreetMap contributors, ODbL"
way,350370266,,false,yes,,,,14,East Manning Street,,,,,,,,41.8271389,-71.3933758,https://www.openstreetmap.org/way/350370266,https://overpass-api.de/,"OpenStreetMap contributors, ODbL"
way,350370268,,false,yes,,,,189,,,,,,,,,41.8272293,-71.3936409,https://www.openstreetmap.org/way/350370268,https://overpass-api.de/,"OpenStreetMap contributors, ODbL"
way,350370269,,false,yes,,,,165,,,,,,,,,41.8274653,-71.3936868,https://www.openstreetmap.org/way/350370269,https://overpass-api.de/,"OpenStreetMap contributors, ODbL"
way,350370270,,false,yes,,,,169,,,,,,,,,41.827517,-71.3933875,https://www.openstreetmap.org/way/350370270,https://overpass-api.de/,"OpenStreetMap contributors, ODbL"
way,350370704,,false,yes,,,,362,Ives Street,,,,,,,,41.8279957,-71.3931114,https://www.openstreetmap.org/way/350370704,https://overpass-api.de/,"OpenStreetMap contributors, ODbL"
way,350370705,,false,yes,,,,170,,,,,,,,,41.8279537,-71.3933397,https://www.openstreetmap.org/way/350370705,https://overpass-api.de/,"OpenStreetMap contributors, ODbL"
way,350370706,,false,yes,,,,166,,,,,,,,,41.8278626,-71.3936321,https://www.openstreetmap.org/way/350370706,https://overpass-api.de/,"OpenStreetMap contributors, ODbL"
way,350370707,,false,yes,,,,203,,,,,,,,,41.8280008,-71.3936625,https://www.openstreetmap.org/way/350370707,https://overpass-api.de/,"OpenStreetMap contributors, ODbL"
way,350370708,,false,yes,,,,205,,,,,,,,,41.8281436,-71.3936644,https://www.openstreetmap.org/way/350370708,https://overpass-api.de/,"OpenStreetMap contributors, ODbL"
way,350370709,,false,yes,,,,,,,,,,,,,41.8281501,-71.3933691,https://www.openstreetmap.org/way/350370709,https://overpass-api.de/,"OpenStreetMap contributors, ODbL"
way,350370710,,false,yes,,,,,,,,,,,,,41.8285503,-71.3935376,https://www.openstreetmap.org/way/350370710,https://overpass-api.de/,"OpenStreetMap contributors, ODbL"
way,350370711,,false,yes,,,,353;355,Angell Street,,,,,,,,41.8289702,-71.3933019,https://www.openstreetmap.org/way/350370711,https://overpass-api.de/,"OpenStreetMap contributors, ODbL"
way,350370712,,false,yes,,,,,,,,,,,,,41.8287424,-71.3936261,https://www.openstreetmap.org/way/350370712,https://overpass-api.de/,"OpenStreetMap contributors, ODbL"
way,350370713,,false,yes,,,,347;349,,,,,,,,,41.8289427,-71.3936457,https://www.openstreetmap.org/way/350370713,https://overpass-api.de/,"OpenStreetMap contributors, ODbL"
way,350370714,,false,yes,,,,370;372,Ives Street,,,,,,,,41.8283721,-71.3932239,https://www.openstreetmap.org/way/350370714,https://overpass-api.de/,"OpenStreetMap contributors, ODbL"
way,350370718,,false,yes,,,,,,,,,,,,,41.8288172,-71.3932733,https://www.openstreetmap.org/way/350370718,https://overpass-api.de/,"OpenStreetMap contributors, ODbL"
way,355529433,,false,garage,,,,,,,,,,,,,41.8201538,-71.4009602,https://www.openstreetmap.org/way/355529433,https://overpass-api.de/,"OpenStreetMap contributors, ODbL"
way,411812548,,false,yes,,,,,,,,,,,,,41.8201223,-71.3947776,https://www.openstreetmap.org/way/411812548,https://overpass-api.de/,"OpenStreetMap contributors, ODbL"
way,411812549,,false,yes,,,,,,,,,,,,,41.8200762,-71.394965,https://www.openstreetmap.org/way/411812549,https://overpass-api.de/,"OpenStreetMap contributors, ODbL"
way,411812550,,false,yes,,,,,,,,,,,,,41.8200035,-71.3953045,https://www.openstreetmap.org/way/411812550,https://overpass-api.de/,"OpenStreetMap contributors, ODbL"
way,411812551,,false,yes,,,,,,,,,,,,,41.8201616,-71.3951356,https://www.openstreetmap.org/way/411812551,https://overpass-api.de/,"OpenStreetMap contributors, ODbL"
way,411812552,,false,yes,,,,,,,,,,,,,41.8202259,-71.3947955,https://www.openstreetmap.org/way/411812552,https://overpass-api.de/,"OpenStreetMap contributors, ODbL"
way,411812553,,false,yes,,,,,,,,,,,,,41.8203097,-71.3953201,https://www.openstreetmap.org/way/411812553,https://overpass-api.de/,"OpenStreetMap contributors, ODbL"
way,411812554,,false,yes,,,,,,,,,,,,,41.8203325,-71.395487,https://www.openstreetmap.org/way/411812554,https://overpass-api.de/,"OpenStreetMap contributors, ODbL"
way,411812556,,false,yes,,,,,,,,,,,,,41.8204461,-71.39555,https://www.openstreetmap.org/way/411812556,https://overpass-api.de/,"OpenStreetMap contributors, ODbL"
way,411812557,,false,yes,,,,,,,,,,,,,41.820463,-71.3953434,https://www.openstreetmap.org/way/411812557,https://overpass-api.de/,"OpenStreetMap contributors, ODbL"
way,411812558,,false,yes,,,,,,,,,,,,,41.8208271,-71.3951352,https://www.openstreetmap.org/way/411812558,https://overpass-api.de/,"OpenStreetMap contributors, ODbL"
way,411812559,,false,yes,,,,225,Transit Street,,,,,,,,41.8207628,-71.3953203,https://www.openstreetmap.org/way/411812559,https://overpass-api.de/,"OpenStreetMap contributors, ODbL"
way,411812560,,false,yes,,,,,,,,,,,,,41.8207315,-71.3954461,https://www.openstreetmap.org/way/411812560,https://overpass-api.de/,"OpenStreetMap contributors, ODbL"
way,411812561,,false,yes,,,,69-71,Hope Street,Providence,RI,02906,,,,,41.820693,-71.3956839,https://www.openstreetmap.org/way/411812561,https://overpass-api.de/,"OpenStreetMap contributors, ODbL"
way,411812562,,false,yes,,,,,,,,,,,,,41.8205987,-71.395647,https://www.openstreetmap.org/way/411812562,https://overpass-api.de/,"OpenStreetMap contributors, ODbL"
way,411812591,,false,yes,,,,,,,,,,,,,41.8199412,-71.3978305,https://www.openstreetmap.org/way/411812591,https://overpass-api.de/,"OpenStreetMap contributors, ODbL"
way,411812592,,false,yes,,,,,,,,,,,,,41.8199297,-71.3976473,https://www.openstreetmap.org/way/411812592,https://overpass-api.de/,"OpenStreetMap contributors, ODbL"
way,411812593,,false,yes,,,,,,,,,,,,,41.8199514,-71.3974152,https://www.openstreetmap.org/way/411812593,https://overpass-api.de/,"OpenStreetMap contributors, ODbL"
way,411812594,,false,yes,,,,,,,,,,,,,41.8199402,-71.3972699,https://www.openstreetmap.org/way/411812594,https://overpass-api.de/,"OpenStreetMap contributors, ODbL"
way,411812595,,false,yes,,,,,,,,,,,,,41.8199687,-71.3970489,https://www.openstreetmap.org/way/411812595,https://overpass-api.de/,"OpenStreetMap contributors, ODbL"
way,411812597,,false,yes,,,,,,,,,,,,,41.8199819,-71.3968821,https://www.openstreetmap.org/way/411812597,https://overpass-api.de/,"OpenStreetMap contributors, ODbL"
way,411812599,,false,yes,,,,,,,,,,,,,41.820002,-71.3967094,https://www.openstreetmap.org/way/411812599,https://overpass-api.de/,"OpenStreetMap contributors, ODbL"
way,411812601,,false,yes,,,,,,,,,,,,,41.8200095,-71.396552,https://www.openstreetmap.org/way/411812601,https://overpass-api.de/,"OpenStreetMap contributors, ODbL"
way,411812602,,false,yes,,,,,,,,,,,,,41.8200438,-71.3962179,https://www.openstreetmap.org/way/411812602,https://overpass-api.de/,"OpenStreetMap contributors, ODbL"
way,411812604,,false,yes,,,,,,,,,,,,,41.8200521,-71.3963876,https://www.openstreetmap.org/way/411812604,https://overpass-api.de/,"OpenStreetMap contributors, ODbL"
way,411812606,,false,yes,,,,,,,,,,,,,41.820072,-71.3960272,https://www.openstreetmap.org/way/411812606,https://overpass-api.de/,"OpenStreetMap contributors, ODbL"
way,411812607,,false,yes,,,,54,,,,,,,,,41.8201229,-71.3957685,https://www.openstreetmap.org/way/411812607,https://overpass-api.de/,"OpenStreetMap contributors, ODbL"
way,412069370,Turks Head Building,false,apartments,,,,,,,,,16,Q7854993,,,41.8245531,-71.4100617,https://www.openstreetmap.org/way/412069370,https://overpass-api.de/,"OpenStreetMap contributors, ODbL"
way,414825339,,false,yes,,,,,,,,,,,,,41.8209825,-71.4035717,https://www.openstreetmap.org/way/414825339,https://overpass-api.de/,"OpenStreetMap contributors, ODbL"
way,414825340,,false,yes,,,,,,,,,,,,,41.8211108,-71.4036935,https://www.openstreetmap.org/way/414825340,https://overpass-api.de/,"OpenStreetMap contributors, ODbL"
way,414825342,,false,yes,,,,,,,,,,,,,41.8212414,-71.4038068,https://www.openstreetmap.org/way/414825342,https://overpass-api.de/,"OpenStreetMap contributors, ODbL"
way,414825343,,false,yes,,,,,,,,,,,,,41.8213628,-71.4039235,https://www.openstreetmap.org/way/414825343,https://overpass-api.de/,"OpenStreetMap contributors, ODbL"
way,414825344,,false,yes,,,,,,,,,,,,,41.8212725,-71.4035303,https://www.openstreetmap.org/way/414825344,https://overpass-api.de/,"OpenStreetMap contributors, ODbL"
way,414825346,,false,yes,,,,,,,,,,,,,41.8211985,-71.4034401,https://www.openstreetmap.org/way/414825346,https://overpass-api.de/,"OpenStreetMap contributors, ODbL"
way,414825347,,false,yes,,,,,,,,,,,,,41.8211051,-71.4033851,https://www.openstreetmap.org/way/414825347,https://overpass-api.de/,"OpenStreetMap contributors, ODbL"
way,414825349,,false,yes,,,,,,,,,,,,,41.8210144,-71.4033267,https://www.openstreetmap.org/way/414825349,https://overpass-api.de/,"OpenStreetMap contributors, ODbL"
way,414825350,,false,yes,,,,,,,,,,,,,41.8210455,-71.4030432,https://www.openstreetmap.org/way/414825350,https://overpass-api.de/,"OpenStreetMap contributors, ODbL"
way,414825352,,false,yes,,,,,,,,,,,,,41.821791,-71.403561,https://www.openstreetmap.org/way/414825352,https://overpass-api.de/,"OpenStreetMap contributors, ODbL"
way,422316881,,false,yes,,,,350,South Main Street,,,,,,,,41.8215319,-71.4041215,https://www.openstreetmap.org/way/422316881,https://overpass-api.de/,"OpenStreetMap contributors, ODbL"
way,422316882,,false,yes,,,,2,Williams Street,,,,,,,,41.8217629,-71.4042603,https://www.openstreetmap.org/way/422316882,https://overpass-api.de/,"OpenStreetMap contributors, ODbL"
way,422316883,,false,yes,,,,,,,,,,,,,41.8218947,-71.4043398,https://www.openstreetmap.org/way/422316883,https://overpass-api.de/,"OpenStreetMap contributors, ODbL"
way,422316884,,false,yes,,,,,,,,,,,,,41.8219961,-71.4043999,https://www.openstreetmap.org/way/422316884,https://overpass-api.de/,"OpenStreetMap contributors, ODbL"
way,422316885,,false,yes,,,,,,,,,,,,,41.8220992,-71.4045454,https://www.openstreetmap.org/way/422316885,https://overpass-api.de/,"OpenStreetMap contributors, ODbL"
way,422316886,,false,yes,,,,,,,,,,,,,41.8222253,-71.4046623,https://www.openstreetmap.org/way/422316886,https://overpass-api.de/,"OpenStreetMap contributors, ODbL"
way,422316887,,false,yes,,,,,,,,,,,,,41.8223485,-71.4047768,https://www.openstreetmap.org/way/422316887,https://overpass-api.de/,"OpenStreetMap contributors, ODbL"
way,422316888,,false,yes,,,,,,,,,,,,,41.8224757,-71.4048925,https://www.openstreetmap.org/way/422316888,https://overpass-api.de/,"OpenStreetMap contributors, ODbL"
way,422316889,,false,yes,,,,230,South Main Street,,,,,,,,41.8226025,-71.4050108,https://www.openstreetmap.org/way/422316889,https://overpass-api.de/,"OpenStreetMap contributors, ODbL"
way,422316890,,false,yes,,,,,,,,,,,,,41.8225453,-71.4041002,https://www.openstreetmap.org/way/422316890,https://overpass-api.de/,"OpenStreetMap contributors, ODbL"
way,422316891,,false,yes,,,,,,,,,,,,,41.8224666,-71.4043784,https://www.openstreetmap.org/way/422316891,https://overpass-api.de/,"OpenStreetMap contributors, ODbL"
way,422316892,,false,yes,,,,,,,,,,,,,41.8220437,-71.4039475,https://www.openstreetmap.org/way/422316892,https://overpass-api.de/,"OpenStreetMap contributors, ODbL"
way,422316897,,false,house,,,,126,Power Street,Providence,RI,,3,,,,41.823245,-71.398354,https://www.openstreetmap.org/way/422316897,https://overpass-api.de/,"OpenStreetMap contributors, ODbL"
way,422316898,,false,yes,,,,134,,,,,,,,,41.823306,-71.398187,https://www.openstreetmap.org/way/422316898,https://overpass-api.de/,"OpenStreetMap contributors, ODbL"
way,422316899,,false,yes,,,,140,,,,,,,,,41.8233008,-71.3979355,https://www.openstreetmap.org/way/422316899,https://overpass-api.de/,"OpenStreetMap contributors, ODbL"
way,422316900,,false,yes,,,,144,,,,,,,,,41.8233237,-71.3977257,https://www.openstreetmap.org/way/422316900,https://overpass-api.de/,"OpenStreetMap contributors, ODbL"
way,422410052,,false,yes,,,,,,,,,,,,,41.8277379,-71.408525,https://www.openstreetmap.org/way/422410052,https://overpass-api.de/,"OpenStreetMap contributors, ODbL"
way,422410053,,false,yes,,,,,,,,,,,,,41.8277278,-71.4086634,https://www.openstreetmap.org/way/422410053,https://overpass-api.de/,"OpenStreetMap contributors, ODbL"
way,422410054,,false,yes,,,,,,,,,,,,,41.8277415,-71.4089159,https://www.openstreetmap.org/way/422410054,https://overpass-api.de/,"OpenStreetMap contributors, ODbL"
way,422410055,,false,yes,,,,,,,,,,,,,41.8276975,-71.4087748,https://www.openstreetmap.org/way/422410055,https://overpass-api.de/,"OpenStreetMap contributors, ODbL"
way,422410056,,false,yes,,,,,,,,,,,,,41.8281102,-71.4091828,https://www.openstreetmap.org/way/422410056,https://overpass-api.de/,"OpenStreetMap contributors, ODbL"
way,422410057,,false,yes,,,,,,,,,,,,,41.828422,-71.4093139,https://www.openstreetmap.org/way/422410057,https://overpass-api.de/,"OpenStreetMap contributors, ODbL"
way,422410058,,false,office,,,,21,Meeting Street,,,,,,,,41.8284659,-71.4088722,https://www.openstreetmap.org/way/422410058,https://overpass-api.de/,"OpenStreetMap contributors, ODbL"
way,422410059,,false,yes,,,,,,,,,,,,,41.8282704,-71.4090551,https://www.openstreetmap.org/way/422410059,https://overpass-api.de/,"OpenStreetMap contributors, ODbL"
way,422410060,,false,yes,,,,121,North Main Street,,,02903,,,,,41.8282415,-71.4092701,https://www.openstreetmap.org/way/422410060,https://overpass-api.de/,"OpenStreetMap contributors, ODbL"
way,422410061,,false,yes,,,,,,,,,,,,,41.8278277,-71.4083788,https://www.openstreetmap.org/way/422410061,https://overpass-api.de/,"OpenStreetMap contributors, ODbL"
way,424849429,Champlin Hall,true,dormitory,,,,208,Meeting Street,,,02912,4,,,,41.8302287,-71.4018002,https://www.openstreetmap.org/way/424849429,https://overpass-api.de/,"OpenStreetMap contributors, ODbL"
way,424849430,Woolley Hall,true,dormitory,,,,202,Meeting Street,,,02912,,,,,41.829578,-71.4015294,https://www.openstreetmap.org/way/424849430,https://overpass-api.de/,"OpenStreetMap contributors, ODbL"
way,425352335,Medical Research Lab,true,university,,,,89,Waterman Street,,,,,,,,41.8267757,-71.4011853,https://www.openstreetmap.org/way/425352335,https://overpass-api.de/,"OpenStreetMap contributors, ODbL"
way,425352336,Soldiers Memorial Gate,true,yes,,Brown University,,,,,,,,,,,41.8263765,-71.4005563,https://www.openstreetmap.org/way/425352336,https://overpass-api.de/,"OpenStreetMap contributors, ODbL"
way,430673524,,false,commercial,,,,127,Brook Street,Providence,RI,02906,,,,,41.8201595,-71.3981412,https://www.openstreetmap.org/way/430673524,https://overpass-api.de/,"OpenStreetMap contributors, ODbL"
way,430673525,,false,house,,,,,,,,,,,,,41.8202363,-71.3972138,https://www.openstreetmap.org/way/430673525,https://overpass-api.de/,"OpenStreetMap contributors, ODbL"
way,430673526,,false,house,,,,159,,,,,,,,,41.8204652,-71.3978943,https://www.openstreetmap.org/way/430673526,https://overpass-api.de/,"OpenStreetMap contributors, ODbL"
way,430673527,,false,house,,,,,,,,,,,,,41.820261,-71.3967976,https://www.openstreetmap.org/way/430673527,https://overpass-api.de/,"OpenStreetMap contributors, ODbL"
way,430673528,,false,house,,,,195,,,,,,,,,41.8205523,-71.3966364,https://www.openstreetmap.org/way/430673528,https://overpass-api.de/,"OpenStreetMap contributors, ODbL"
way,430673529,,false,yes,,,,,,,,,,,,,41.8203567,-71.3970917,https://www.openstreetmap.org/way/430673529,https://overpass-api.de/,"OpenStreetMap contributors, ODbL"
way,430673530,,false,house,,,,72,Hope Street,,,,,,,,41.820599,-71.3960498,https://www.openstreetmap.org/way/430673530,https://overpass-api.de/,"OpenStreetMap contributors, ODbL"
way,430673531,,false,house,,,,191,,,,,,,,,41.8205233,-71.3967779,https://www.openstreetmap.org/way/430673531,https://overpass-api.de/,"OpenStreetMap contributors, ODbL"
way,430673532,,false,house,,,,,,,,,,,,,41.8205956,-71.396233,https://www.openstreetmap.org/way/430673532,https://overpass-api.de/,"OpenStreetMap contributors, ODbL"
way,430673533,,false,house,,,,,,,,,,,,,41.8202206,-71.3969201,https://www.openstreetmap.org/way/430673533,https://overpass-api.de/,"OpenStreetMap contributors, ODbL"
way,430673534,,false,house,,,,66,,,,,,,,,41.8202983,-71.3958676,https://www.openstreetmap.org/way/430673534,https://overpass-api.de/,"OpenStreetMap contributors, ODbL"
way,430673535,,false,garage,,,,,,,,,,,,,41.820381,-71.3980653,https://www.openstreetmap.org/way/430673535,https://overpass-api.de/,"OpenStreetMap contributors, ODbL"
way,430673536,,false,house,,,,,,,,,,,,,41.8204853,-71.3973091,https://www.openstreetmap.org/way/430673536,https://overpass-api.de/,"OpenStreetMap contributors, ODbL"
way,430673537,,false,house,,,,,,,,,,,,,41.8203469,-71.3977886,https://www.openstreetmap.org/way/430673537,https://overpass-api.de/,"OpenStreetMap contributors, ODbL"
way,430673538,,false,house,,,,183;185,,,,,,,,,41.820517,-71.3969886,https://www.openstreetmap.org/way/430673538,https://overpass-api.de/,"OpenStreetMap contributors, ODbL"
way,430673539,,false,house,,,,179,,,,,,,,,41.8204927,-71.3971416,https://www.openstreetmap.org/way/430673539,https://overpass-api.de/,"OpenStreetMap contributors, ODbL"
way,430673540,,false,house,,,,,,,,,,,,,41.820471,-71.3976394,https://www.openstreetmap.org/way/430673540,https://overpass-api.de/,"OpenStreetMap contributors, ODbL"
way,430673541,,false,house,,,,,,,,,,,,,41.8205674,-71.396493,https://www.openstreetmap.org/way/430673541,https://overpass-api.de/,"OpenStreetMap contributors, ODbL"
way,430673542,,false,house,,,,,,,,,,,,,41.8201882,-71.3976797,https://www.openstreetmap.org/way/430673542,https://overpass-api.de/,"OpenStreetMap contributors, ODbL"
way,430673543,,false,house,,,,70,Hope Street,,,,,,,,41.8205101,-71.3959645,https://www.openstreetmap.org/way/430673543,https://overpass-api.de/,"OpenStreetMap contributors, ODbL"
way,430673544,,false,house,,,,,,,,,,,,,41.8201442,-71.3979597,https://www.openstreetmap.org/way/430673544,https://overpass-api.de/,"OpenStreetMap contributors, ODbL"
way,430673545,,false,house,,,,,,,,,,,,,41.8205633,-71.3963695,https://www.openstreetmap.org/way/430673545,https://overpass-api.de/,"OpenStreetMap contributors, ODbL"
way,430673546,,false,house,,,,,,,,,,,,,41.8202512,-71.3965927,https://www.openstreetmap.org/way/430673546,https://overpass-api.de/,"OpenStreetMap contributors, ODbL"
way,430673547,,false,house,,,,,,,,,,,,,41.820196,-71.397531,https://www.openstreetmap.org/way/430673547,https://overpass-api.de/,"OpenStreetMap contributors, ODbL"
way,430673548,,false,house,,,,,,,,,,,,,41.8202939,-71.3963454,https://www.openstreetmap.org/way/430673548,https://overpass-api.de/,"OpenStreetMap contributors, ODbL"
way,430673549,,false,house,,,,,,,,,,,,,41.8202819,-71.3964866,https://www.openstreetmap.org/way/430673549,https://overpass-api.de/,"OpenStreetMap contributors, ODbL"
way,430673550,,false,house,,,,,,,,,,,,,41.8202371,-71.3970636,https://www.openstreetmap.org/way/430673550,https://overpass-api.de/,"OpenStreetMap contributors, ODbL"
way,430673551,,false,house,,,,,,,,,,,,,41.8204017,-71.3958862,https://www.openstreetmap.org/way/430673551,https://overpass-api.de/,"OpenStreetMap contributors, ODbL"
way,431716661,,false,house,,,,84,Transit Street,,,,,,,,41.8205437,-71.4008132,https://www.openstreetmap.org/way/431716661,https://overpass-api.de/,"OpenStreetMap contributors, ODbL"
way,431716662,,false,house,,,,86,Transit Street,,,,,,,,41.8205404,-71.400656,https://www.openstreetmap.org/way/431716662,https://overpass-api.de/,"OpenStreetMap contributors, ODbL"
way,432302656,,false,house,,,,22,,,,,,,,,41.8209016,-71.4003258,https://www.openstreetmap.org/way/432302656,https://overpass-api.de/,"OpenStreetMap contributors, ODbL"
way,432302657,,false,house,,,,2,,,,,,,,,41.8205696,-71.399953,https://www.openstreetmap.org/way/432302657,https://overpass-api.de/,"OpenStreetMap contributors, ODbL"
way,432302658,,false,house,,,,,,,,,,,,,41.8206785,-71.3999597,https://www.openstreetmap.org/way/432302658,https://overpass-api.de/,"OpenStreetMap contributors, ODbL"
way,432302659,,false,yes,,,,,,,,,,,,,41.8207861,-71.4003702,https://www.openstreetmap.org/way/432302659,https://overpass-api.de/,"OpenStreetMap contributors, ODbL"
way,432302660,,false,house,,,,26;28,,,,,,,,,41.8209507,-71.3999989,https://www.openstreetmap.org/way/432302660,https://overpass-api.de/,"OpenStreetMap contributors, ODbL"
way,432302661,,false,house,,,,10,,,,,,,,,41.8207527,-71.3999618,https://www.openstreetmap.org/way/432302661,https://overpass-api.de/,"OpenStreetMap contributors, ODbL"
way,432302662,,false,house,,,,102,,,,,,,,,41.8205628,-71.4001176,https://www.openstreetmap.org/way/432302662,https://overpass-api.de/,"OpenStreetMap contributors, ODbL"
way,432302663,,false,house,,,,18,,,,,,,,,41.8208984,-71.4006672,https://www.openstreetmap.org/way/432302663,https://overpass-api.de/,"OpenStreetMap contributors, ODbL"
way,432302664,,false,house,,,,,,,,,,,,,41.8205794,-71.4002764,https://www.openstreetmap.org/way/432302664,https://overpass-api.de/,"OpenStreetMap contributors, ODbL"
way,432302665,,false,house,,,,96,,,,,,,,,41.82058,-71.4004427,https://www.openstreetmap.org/way/432302665,https://overpass-api.de/,"OpenStreetMap contributors, ODbL"
way,432302666,,false,house,,,,24,Arnold Street,,,,,,,,41.8208911,-71.400193,https://www.openstreetmap.org/way/432302666,https://overpass-api.de/,"OpenStreetMap contributors, ODbL"
way,432302667,,false,house,,,,20,,,,,,,,,41.8209004,-71.4005016,https://www.openstreetmap.org/way/432302667,https://overpass-api.de/,"OpenStreetMap contributors, ODbL"
way,432381237,,false,yes,,,,,,,,,,,,,41.8220939,-71.4023381,https://www.openstreetmap.org/way/432381237,https://overpass-api.de/,"OpenStreetMap contributors, ODbL"
way,432381238,Daniel Dailey House,false,yes,,,,118,Williams Street,Providence,RI,,,,,,41.8225455,-71.4001813,https://www.openstreetmap.org/way/432381238,https://overpass-api.de/,"OpenStreetMap contributors, ODbL"
way,432381239,,false,yes,,,,27;29,,,,,,,,,41.8211732,-71.4002706,https://www.openstreetmap.org/way/432381239,https://overpass-api.de/,"OpenStreetMap contributors, ODbL"
way,432381240,,false,yes,,,,,,,,,,,,,41.8231054,-71.401323,https://www.openstreetmap.org/way/432381240,https://overpass-api.de/,"OpenStreetMap contributors, ODbL"
way,432381241,,false,yes,,,,,,,,,,,,,41.8218369,-71.4022345,https://www.openstreetmap.org/way/432381241,https://overpass-api.de/,"OpenStreetMap contributors, ODbL"
way,432381242,,false,yes,,,,,,,,,,,,,41.8211211,-71.4009507,https://www.openstreetmap.org/way/432381242,https://overpass-api.de/,"OpenStreetMap contributors, ODbL"
way,432381243,,false,yes,,,,,,,,,,,,,41.8219735,-71.401349,https://www.openstreetmap.org/way/432381243,https://overpass-api.de/,"OpenStreetMap contributors, ODbL"
way,432381244,,false,yes,,,,,,,,,,,,,41.8202482,-71.399176,https://www.openstreetmap.org/way/432381244,https://overpass-api.de/,"OpenStreetMap contributors, ODbL"
way,432381245,,false,yes,,,,,,,,,,,,,41.8213147,-71.40031,https://www.openstreetmap.org/way/432381245,https://overpass-api.de/,"OpenStreetMap contributors, ODbL"
way,432381246,,false,yes,,,,,,,,,,,,,41.8212343,-71.4007453,https://www.openstreetmap.org/way/432381246,https://overpass-api.de/,"OpenStreetMap contributors, ODbL"
way,432381248,,false,yes,,,,,,,,,,,,,41.8207563,-71.4027992,https://www.openstreetmap.org/way/432381248,https://overpass-api.de/,"OpenStreetMap contributors, ODbL"
way,432381249,,false,yes,,,,,,,,,,,,,41.8206818,-71.4014478,https://www.openstreetmap.org/way/432381249,https://overpass-api.de/,"OpenStreetMap contributors, ODbL"
way,432381250,,false,yes,,,,,,,,,,,,,41.8202204,-71.3994452,https://www.openstreetmap.org/way/432381250,https://overpass-api.de/,"OpenStreetMap contributors, ODbL"
way,432381251,,false,yes,,,,,,,,,,,,,41.8236015,-71.4014124,https://www.openstreetmap.org/way/432381251,https://overpass-api.de/,"OpenStreetMap contributors, ODbL"
way,432381252,,false,yes,,,,,,,,,,,,,41.8219065,-71.4024468,https://www.openstreetmap.org/way/432381252,https://overpass-api.de/,"OpenStreetMap contributors, ODbL"
way,432381253,,false,yes,,,,,,,,,,,,,41.8206854,-71.4025017,https://www.openstreetmap.org/way/432381253,https://overpass-api.de/,"OpenStreetMap contributors, ODbL"
way,432381254,,false,yes,,,,,,,,,,,,,41.8208766,-71.4027398,https://www.openstreetmap.org/way/432381254,https://overpass-api.de/,"OpenStreetMap contributors, ODbL"
way,432381255,,false,yes,,,,115,Transit Street,,,,,,,,41.8203924,-71.3996085,https://www.openstreetmap.org/way/432381255,https://overpass-api.de/,"OpenStreetMap contributors, ODbL"
way,432381256,,false,yes,,,,,,,,,,,,,41.8203754,-71.39613,https://www.openstreetmap.org/way/432381256,https://overpass-api.de/,"OpenStreetMap contributors, ODbL"
way,432381257,,false,yes,,,,8;10;12,Arnold Street,,,,,,,,41.8208401,-71.4013769,https://www.openstreetmap.org/way/432381257,https://overpass-api.de/,"OpenStreetMap contributors, ODbL"
way,432381258,,false,yes,,,,,,,,,,,,,41.8220885,-71.3994211,https://www.openstreetmap.org/way/432381258,https://overpass-api.de/,"OpenStreetMap contributors, ODbL"
way,432381259,,false,garage,,,,,,,,,,,,,41.8217274,-71.4015005,https://www.openstreetmap.org/way/432381259,https://overpass-api.de/,"OpenStreetMap contributors, ODbL"
way,432381260,,false,yes,,,,123,Transit Street,,,,,,,,41.8203965,-71.3993962,https://www.openstreetmap.org/way/432381260,https://overpass-api.de/,"OpenStreetMap contributors, ODbL"
way,432381261,,false,yes,,,,,,,,,,,,,41.8226547,-71.4006873,https://www.openstreetmap.org/way/432381261,https://overpass-api.de/,"OpenStreetMap contributors, ODbL"
way,432381262,,false,yes,,,,,,,,,,,,,41.8210788,-71.40144,https://www.openstreetmap.org/way/432381262,https://overpass-api.de/,"OpenStreetMap contributors, ODbL"
way,432381263,,false,yes,,,,23,,,,,,,,,41.8211062,-71.4006231,https://www.openstreetmap.org/way/432381263,https://overpass-api.de/,"OpenStreetMap contributors, ODbL"
way,432381264,,false,yes,,,,,,,,,,,,,41.8208347,-71.4030176,https://www.openstreetmap.org/way/432381264,https://overpass-api.de/,"OpenStreetMap contributors, ODbL"
way,432381265,,false,yes,,,,,,,,,,,,,41.8219425,-71.3996433,https://www.openstreetmap.org/way/432381265,https://overpass-api.de/,"OpenStreetMap contributors, ODbL"
way,432381267,,false,yes,,,,,,,,,,,,,41.8207526,-71.4010495,https://www.openstreetmap.org/way/432381267,https://overpass-api.de/,"OpenStreetMap contributors, ODbL"
way,432381268,Caleb Earle House,false,yes,,,,81,Power Street,Providence,RI,,,,,,41.8227261,-71.4012761,https://www.openstreetmap.org/way/432381268,https://overpass-api.de/,"OpenStreetMap contributors, ODbL"
way,432381269,,false,yes,,,,,,,,,,,,,41.8212665,-71.4014392,https://www.openstreetmap.org/way/432381269,https://overpass-api.de/,"OpenStreetMap contributors, ODbL"
way,432381271,,false,yes,,,,,,,,,,,,,41.8208324,-71.4025315,https://www.openstreetmap.org/way/432381271,https://overpass-api.de/,"OpenStreetMap contributors, ODbL"
way,432381272,,false,yes,,,,,,,,,,,,,41.8226793,-71.40043,https://www.openstreetmap.org/way/432381272,https://overpass-api.de/,"OpenStreetMap contributors, ODbL"
way,432381273,,false,yes,,,,,,,,,,,,,41.8225685,-71.4011728,https://www.openstreetmap.org/way/432381273,https://overpass-api.de/,"OpenStreetMap contributors, ODbL"
way,432381274,,false,yes,,,,,,,,,,,,,41.8211225,-71.4010899,https://www.openstreetmap.org/way/432381274,https://overpass-api.de/,"OpenStreetMap contributors, ODbL"
way,432381275,,false,yes,,,,,,,,,,,,,41.820791,-71.4034152,https://www.openstreetmap.org/way/432381275,https://overpass-api.de/,"OpenStreetMap contributors, ODbL"
way,432381276,,false,yes,,,,24,,,,,,,,,41.8212116,-71.4000315,https://www.openstreetmap.org/way/432381276,https://overpass-api.de/,"OpenStreetMap contributors, ODbL"
way,432381277,,false,yes,,,,,,,,,,,,,41.8210947,-71.4012577,https://www.openstreetmap.org/way/432381277,https://overpass-api.de/,"OpenStreetMap contributors, ODbL"
way,432381278,,false,yes,,,,21,,,,,,,,,41.8215146,-71.4007595,https://www.openstreetmap.org/way/432381278,https://overpass-api.de/,"OpenStreetMap contributors, ODbL"
way,432381279,,false,yes,,,,,,,,,,,,,41.8213644,-71.4017124,https://www.openstreetmap.org/way/432381279,https://overpass-api.de/,"OpenStreetMap contributors, ODbL"
way,432381280,,false,yes,,,,9,,,,,,,,,41.8214624,-71.4014911,https://www.openstreetmap.org/way/432381280,https://overpass-api.de/,"OpenStreetMap contributors, ODbL"
way,432381281,,false,yes,,,,25,,,,,,,,,41.8211481,-71.4004727,https://www.openstreetmap.org/way/432381281,https://overpass-api.de/,"OpenStreetMap contributors, ODbL"
way,432381282,,false,yes,,,,,,,,,,,,,41.8206615,-71.4010001,https://www.openstreetmap.org/way/432381282,https://overpass-api.de/,"OpenStreetMap contributors, ODbL"
way,432381283,,false,yes,,,,,,,,,,,,,41.8207575,-71.4032452,https://www.openstreetmap.org/way/432381283,https://overpass-api.de/,"OpenStreetMap contributors, ODbL"
way,432381284,,false,yes,,,,11;11 1/2;13,,,,,,,,,41.8214777,-71.4013011,https://www.openstreetmap.org/way/432381284,https://overpass-api.de/,"OpenStreetMap contributors, ODbL"
way,432381285,,false,yes,,,,,,,,,,,,,41.8207323,-71.4008262,https://www.openstreetmap.org/way/432381285,https://overpass-api.de/,"OpenStreetMap contributors, ODbL"
way,432381286,,false,yes,,,,14,,,,,,,,,41.8208607,-71.4009863,https://www.openstreetmap.org/way/432381286,https://overpass-api.de/,"OpenStreetMap contributors, ODbL"
way,432381287,,false,yes,,,,23,,,,,,,,,41.8215225,-71.4005541,https://www.openstreetmap.org/way/432381287,https://overpass-api.de/,"OpenStreetMap contributors, ODbL"
way,432381288,,false,yes,,,,15,,,,,,,,,41.8215141,-71.4010166,https://www.openstreetmap.org/way/432381288,https://overpass-api.de/,"OpenStreetMap contributors, ODbL"
way,432381289,,false,yes,,,,16,,,,,,,,,41.8208819,-71.400844,https://www.openstreetmap.org/way/432381289,https://overpass-api.de/,"OpenStreetMap contributors, ODbL"
way,432381290,,false,yes,,,,,,,,,,,,,41.8226328,-71.4019704,https://www.openstreetmap.org/way/432381290,https://overpass-api.de/,"OpenStreetMap contributors, ODbL"
way,432381291,,false,yes,,,,,,,,,,,,,41.8204661,-71.4022183,https://www.openstreetmap.org/way/432381291,https://overpass-api.de/,"OpenStreetMap contributors, ODbL"
way,435082613,,false,yes,,,,,,,,,,,,,41.8207521,-71.399241,https://www.openstreetmap.org/way/435082613,https://overpass-api.de/,"OpenStreetMap contributors, ODbL"
way,435082614,,false,yes,,,,32,,,,,,,,,41.8209148,-71.399522,https://www.openstreetmap.org/way/435082614,https://overpass-api.de/,"OpenStreetMap contributors, ODbL"
way,435082615,,false,yes,,,,,,,,,,,,,41.8207817,-71.3989553,https://www.openstreetmap.org/way/435082615,https://overpass-api.de/,"OpenStreetMap contributors, ODbL"
way,435082616,,false,yes,,,,36,,,,,,,,,41.8209669,-71.399218,https://www.openstreetmap.org/way/435082616,https://overpass-api.de/,"OpenStreetMap contributors, ODbL"
way,435082617,,false,yes,,,,,,,,,,,,,41.8208382,-71.399161,https://www.openstreetmap.org/way/435082617,https://overpass-api.de/,"OpenStreetMap contributors, ODbL"
way,435082618,,false,yes,,,,,,,,,,,,,41.8207819,-71.3987838,https://www.openstreetmap.org/way/435082618,https://overpass-api.de/,"OpenStreetMap contributors, ODbL"
way,435082619,,false,residential,,,,154,Brook Street,Providence,RI,02906,,,,,41.8207046,-71.3986031,https://www.openstreetmap.org/way/435082619,https://overpass-api.de/,"OpenStreetMap contributors, ODbL"
way,435082620,,false,yes,,,,44,,,,,,,,,41.8209759,-71.398809,https://www.openstreetmap.org/way/435082620,https://overpass-api.de/,"OpenStreetMap contributors, ODbL"
way,435082621,,false,residential,,,,158,Brook Street,Providence,RI,02906,,,,,41.8209679,-71.398609,https://www.openstreetmap.org/way/435082621,https://overpass-api.de/,"OpenStreetMap contributors, ODbL"
way,435082622,,false,yes,,,,34,,,,,,,,,41.8209978,-71.3993605,https://www.openstreetmap.org/way/435082622,https://overpass-api.de/,"OpenStreetMap contributors, ODbL"
way,435082623,,false,yes,,,,40,,,,,,,,,41.8209736,-71.3990158,https://www.openstreetmap.org/way/435082623,https://overpass-api.de/,"OpenStreetMap contributors, ODbL"
way,435082624,,false,yes,,,,,,,,,,,,,41.8209609,-71.3997095,https://www.openstreetmap.org/way/435082624,https://overpass-api.de/,"OpenStreetMap contributors, ODbL"
way,444216538,,false,house,,,,,,,,,,,,,41.8215471,-71.3945305,https://www.openstreetmap.org/way/444216538,https://overpass-api.de/,"OpenStreetMap contributors, ODbL"
way,444216539,,false,house,,,,,,,,,,,,,41.821494,-71.394629,https://www.openstreetmap.org/way/444216539,https://overpass-api.de/,"OpenStreetMap contributors, ODbL"
way,444217524,,false,house,,,,,,,,,,,,,41.821921,-71.3940458,https://www.openstreetmap.org/way/444217524,https://overpass-api.de/,"OpenStreetMap contributors, ODbL"
way,444217525,,false,house,,,,,,,,,,,,,41.8219092,-71.3942957,https://www.openstreetmap.org/way/444217525,https://overpass-api.de/,"OpenStreetMap contributors, ODbL"
way,444217526,,false,house,,,,,,,,,,,,,41.821832,-71.3944345,https://www.openstreetmap.org/way/444217526,https://overpass-api.de/,"OpenStreetMap contributors, ODbL"
way,444217527,,false,house,,,,,,,,,,,,,41.821794,-71.3945947,https://www.openstreetmap.org/way/444217527,https://overpass-api.de/,"OpenStreetMap contributors, ODbL"
way,444217528,,false,house,,,,,,,,,,,,,41.822181,-71.3949113,https://www.openstreetmap.org/way/444217528,https://overpass-api.de/,"OpenStreetMap contributors, ODbL"
way,444217529,,false,house,,,,,,,,,,,,,41.8222064,-71.3947293,https://www.openstreetmap.org/way/444217529,https://overpass-api.de/,"OpenStreetMap contributors, ODbL"
way,444217530,,false,house,,,,,,,,,,,,,41.8222503,-71.3946252,https://www.openstreetmap.org/way/444217530,https://overpass-api.de/,"OpenStreetMap contributors, ODbL"
way,444217531,,false,house,,,,,,,,,,,,,41.8222915,-71.3944941,https://www.openstreetmap.org/way/444217531,https://overpass-api.de/,"OpenStreetMap contributors, ODbL"
way,444217532,,false,house,,,,,,,,,,,,,41.8223155,-71.3943943,https://www.openstreetmap.org/way/444217532,https://overpass-api.de/,"OpenStreetMap contributors, ODbL"
way,444217533,,false,house,,,,,,,,,,,,,41.8223676,-71.3941588,https://www.openstreetmap.org/way/444217533,https://overpass-api.de/,"OpenStreetMap contributors, ODbL"
way,444217534,,false,house,,,,,,,,,,,,,41.8222732,-71.3941073,https://www.openstreetmap.org/way/444217534,https://overpass-api.de/,"OpenStreetMap contributors, ODbL"
way,444217535,,false,house,,,,,,,,,,,,,41.8221853,-71.3941116,https://www.openstreetmap.org/way/444217535,https://overpass-api.de/,"OpenStreetMap contributors, ODbL"
way,444217536,,false,house,,,,,,,,,,,,,41.8220894,-71.3940967,https://www.openstreetmap.org/way/444217536,https://overpass-api.de/,"OpenStreetMap contributors, ODbL"
way,446932454,,false,house,,,,84,,Providence,RI,02906,,,,,41.8211668,-71.3963281,https://www.openstreetmap.org/way/446932454,https://overpass-api.de/,"OpenStreetMap contributors, ODbL"
way,466139285,Wayland Building,false,yes,,,,,,,,,,,,,41.8284035,-71.409865,https://www.openstreetmap.org/way/466139285,https://overpass-api.de/,"OpenStreetMap contributors, ODbL"
way,477764466,,false,yes,,,,82,Hope Street,,,,,,,,41.8210665,-71.3962675,https://www.openstreetmap.org/way/477764466,https://overpass-api.de/,"OpenStreetMap contributors, ODbL"
way,477764468,,false,yes,,,,78-76,Hope Street,,,,,,,,41.8209546,-71.3962118,https://www.openstreetmap.org/way/477764468,https://overpass-api.de/,"OpenStreetMap contributors, ODbL"
way,477764470,,false,yes,,,,74,Hope st,,,,,,,,41.8208271,-71.3961861,https://www.openstreetmap.org/way/477764470,https://overpass-api.de/,"OpenStreetMap contributors, ODbL"
way,477764472,,false,yes,,,,,,,,,,,,,41.8208321,-71.3964304,https://www.openstreetmap.org/way/477764472,https://overpass-api.de/,"OpenStreetMap contributors, ODbL"
way,477764474,,false,yes,,,,,,,,,,,,,41.8208752,-71.3965548,https://www.openstreetmap.org/way/477764474,https://overpass-api.de/,"OpenStreetMap contributors, ODbL"
way,477764475,,false,house,,,,192,Transit st,,,,,,,,41.8207811,-71.3968009,https://www.openstreetmap.org/way/477764475,https://overpass-api.de/,"OpenStreetMap contributors, ODbL"
way,477764476,,false,yes,,,,,,,,,,,,,41.820747,-71.3971466,https://www.openstreetmap.org/way/477764476,https://overpass-api.de/,"OpenStreetMap contributors, ODbL"
way,477764477,,false,yes,,,,186,,,,,,,,,41.8207915,-71.3969583,https://www.openstreetmap.org/way/477764477,https://overpass-api.de/,"OpenStreetMap contributors, ODbL"
way,477764478,,false,yes,,,,,,,,,,,,,41.8207184,-71.397362,https://www.openstreetmap.org/way/477764478,https://overpass-api.de/,"OpenStreetMap contributors, ODbL"
way,477764479,,false,yes,,,,,,,,,,,,,41.8206818,-71.3976922,https://www.openstreetmap.org/way/477764479,https://overpass-api.de/,"OpenStreetMap contributors, ODbL"
way,477764480,,false,yes,,,,162,,,,,,,,,41.8206975,-71.3978755,https://www.openstreetmap.org/way/477764480,https://overpass-api.de/,"OpenStreetMap contributors, ODbL"
way,477764481,,false,garage,,,,,,,,,,,,,41.8206984,-71.3981167,https://www.openstreetmap.org/way/477764481,https://overpass-api.de/,"OpenStreetMap contributors, ODbL"
way,477764482,,false,residential,,,,154,Transit Street,Providence,RI,02906,,,,,41.8206684,-71.3982533,https://www.openstreetmap.org/way/477764482,https://overpass-api.de/,"OpenStreetMap contributors, ODbL"
way,477764483,,false,yes,,,,151,Brook Street,,,,,,,,41.8207813,-71.3982711,https://www.openstreetmap.org/way/477764483,https://overpass-api.de/,"OpenStreetMap contributors, ODbL"
way,477764484,,false,apartments,,,,159,Brook Street,Providence,RI,02906,,,,,41.8208766,-71.398257,https://www.openstreetmap.org/way/477764484,https://overpass-api.de/,"OpenStreetMap contributors, ODbL"
way,477764485,,false,yes,,,,52;54,,,,,,,,,41.8210487,-71.3980989,https://www.openstreetmap.org/way/477764485,https://overpass-api.de/,"OpenStreetMap contributors, ODbL"
way,477764486,,false,residential,,,,48,Arnold Street,Providence,RI,02906,,,,,41.8210418,-71.3982937,https://www.openstreetmap.org/way/477764486,https://overpass-api.de/,"OpenStreetMap contributors, ODbL"
way,477764487,,false,yes,,,,56,,,,,,,,,41.8210725,-71.3979224,https://www.openstreetmap.org/way/477764487,https://overpass-api.de/,"OpenStreetMap contributors, ODbL"
way,477764488,,false,yes,,,,60,,,,,,,,,41.8210927,-71.397729,https://www.openstreetmap.org/way/477764488,https://overpass-api.de/,"OpenStreetMap contributors, ODbL"
way,477764489,,false,yes,,,,62,,,,,,,,,41.8210518,-71.3975485,https://www.openstreetmap.org/way/477764489,https://overpass-api.de/,"OpenStreetMap contributors, ODbL"
way,477764490,,false,yes,,,,,,,,,,,,,41.8209064,-71.3976593,https://www.openstreetmap.org/way/477764490,https://overpass-api.de/,"OpenStreetMap contributors, ODbL"
way,477764491,,false,yes,,,,,,,,,,,,,41.8207553,-71.397506,https://www.openstreetmap.org/way/477764491,https://overpass-api.de/,"OpenStreetMap contributors, ODbL"
way,477764492,,false,yes,,,,,,,,,,,,,41.8208709,-71.3973153,https://www.openstreetmap.org/way/477764492,https://overpass-api.de/,"OpenStreetMap contributors, ODbL"
way,477764493,,false,yes,,,,64,,,,,,,,,41.8210656,-71.3973685,https://www.openstreetmap.org/way/477764493,https://overpass-api.de/,"OpenStreetMap contributors, ODbL"
way,477764494,,false,yes,,,,66,,,,,,,,,41.8210888,-71.3972079,https://www.openstreetmap.org/way/477764494,https://overpass-api.de/,"OpenStreetMap contributors, ODbL"
way,477764495,,false,yes,,,,,,,,,,,,,41.8209573,-71.3970896,https://www.openstreetmap.org/way/477764495,https://overpass-api.de/,"OpenStreetMap contributors, ODbL"
way,477764496,,false,yes,,,,68,,,,,,,,,41.8210877,-71.3970829,https://www.openstreetmap.org/way/477764496,https://overpass-api.de/,"OpenStreetMap contributors, ODbL"
way,477764497,,false,yes,,,,70;72,,,,,,,,,41.8209966,-71.3969668,https://www.openstreetmap.org/way/477764497,https://overpass-api.de/,"OpenStreetMap contributors, ODbL"
way,477764498,,false,yes,,,,,,,,,,,,,41.8211088,-71.396769,https://www.openstreetmap.org/way/477764498,https://overpass-api.de/,"OpenStreetMap contributors, ODbL"
way,477764499,,false,yes,,,,,,,,,,,,,41.821003,-71.3966116,https://www.openstreetmap.org/way/477764499,https://overpass-api.de/,"OpenStreetMap contributors, ODbL"
way,477764500,,false,yes,,,,76,,,,,,,,,41.8211545,-71.3966097,https://www.openstreetmap.org/way/477764500,https://overpass-api.de/,"OpenStreetMap contributors, ODbL"
way,477764501,,false,yes,,,,78,,,,,,,,,41.8211538,-71.3964882,https://www.openstreetmap.org/way/477764501,https://overpass-api.de/,"OpenStreetMap contributors, ODbL"
way,477764502,,false,yes,,,,196,,,,,,,,,41.8208073,-71.3966637,https://www.openstreetmap.org/way/477764502,https://overpass-api.de/,"OpenStreetMap contributors, ODbL"
way,477764503,,false,yes,,,,,,,,,,,,,41.8208891,-71.397956,https://www.openstreetmap.org/way/477764503,https://overpass-api.de/,"OpenStreetMap contributors, ODbL"
way,477764504,,false,yes,,,,160,,,,,,,,,41.8207979,-71.3979631,https://www.openstreetmap.org/way/477764504,https://overpass-api.de/,"OpenStreetMap contributors, ODbL"
way,482545385,,false,yes,,,,279,Benefit Street,,,,,,,,41.825062,-71.405885,https://www.openstreetmap.org/way/482545385,https://overpass-api.de/,"OpenStreetMap contributors, ODbL"
way,482545386,,false,yes,,,,,,,,,,,,,41.8247882,-71.4061262,https://www.openstreetmap.org/way/482545386,https://overpass-api.de/,"OpenStreetMap contributors, ODbL"
way,482545387,,false,yes,,,,,,,,,,,,,41.8249937,-71.4062342,https://www.openstreetmap.org/way/482545387,https://overpass-api.de/,"OpenStreetMap contributors, ODbL"
way,482545388,,false,yes,,,,,,,,,,,,,41.8251581,-71.4064772,https://www.openstreetmap.org/way/482545388,https://overpass-api.de/,"OpenStreetMap contributors, ODbL"
way,486631198,,false,yes,,,,,,,,,,,,,41.8211058,-71.4041807,https://www.openstreetmap.org/way/486631198,https://overpass-api.de/,"OpenStreetMap contributors, ODbL"
way,494467190,Fox Point Fire Station,false,fire_station,fire_station,,,223,Brook Street,,,,,,,,41.8227983,-71.3983991,https://www.openstreetmap.org/way/494467190,https://overpass-api.de/,"OpenStreetMap contributors, ODbL"
way,495291779,,false,house,,,,,,,,,,,,,41.8215487,-71.3993555,https://www.openstreetmap.org/way/495291779,https://overpass-api.de/,"OpenStreetMap contributors, ODbL"
way,495291780,,false,house,,,,,,,,,,,,,41.8212972,-71.3995157,https://www.openstreetmap.org/way/495291780,https://overpass-api.de/,"OpenStreetMap contributors, ODbL"
way,495291781,,false,house,,,,,,,,,,,,,41.8213756,-71.3993773,https://www.openstreetmap.org/way/495291781,https://overpass-api.de/,"OpenStreetMap contributors, ODbL"
way,495291782,,false,house,,,,33,Arnold Street,,,,,,,,41.8211891,-71.3996883,https://www.openstreetmap.org/way/495291782,https://overpass-api.de/,"OpenStreetMap contributors, ODbL"
way,495291783,,false,house,,,,29,,,,,,,,,41.821363,-71.3997367,https://www.openstreetmap.org/way/495291783,https://overpass-api.de/,"OpenStreetMap contributors, ODbL"
way,495291784,,false,house,,,,33,,,,,,,,,41.8214863,-71.3996905,https://www.openstreetmap.org/way/495291784,https://overpass-api.de/,"OpenStreetMap contributors, ODbL"
way,495291785,,false,house,,,,,,,,,,,,,41.8216319,-71.3992019,https://www.openstreetmap.org/way/495291785,https://overpass-api.de/,"OpenStreetMap contributors, ODbL"
way,495291786,,false,house,,,,47,,,,,,,,,41.8216448,-71.3990007,https://www.openstreetmap.org/way/495291786,https://overpass-api.de/,"OpenStreetMap contributors, ODbL"
way,495291787,,false,house,,,,51,,,,,,,,,41.8216096,-71.3987374,https://www.openstreetmap.org/way/495291787,https://overpass-api.de/,"OpenStreetMap contributors, ODbL"
way,495291788,,false,house,,,,37,,,,,,,,,41.8211842,-71.3993552,https://www.openstreetmap.org/way/495291788,https://overpass-api.de/,"OpenStreetMap contributors, ODbL"
way,495291789,,false,house,,,,171;173,Brook Street,Providence,RI,02906,,,,,41.821245,-71.3982831,https://www.openstreetmap.org/way/495291789,https://overpass-api.de/,"OpenStreetMap contributors, ODbL"
way,495291790,,false,house,,,,53,,,,,,,,,41.8212697,-71.3981285,https://www.openstreetmap.org/way/495291790,https://overpass-api.de/,"OpenStreetMap contributors, ODbL"
way,495291791,,false,house,,,,55,,,,,,,,,41.821277,-71.3980096,https://www.openstreetmap.org/way/495291791,https://overpass-api.de/,"OpenStreetMap contributors, ODbL"
way,495291792,,false,house,,,,57,,,,,,,,,41.8212832,-71.3978911,https://www.openstreetmap.org/way/495291792,https://overpass-api.de/,"OpenStreetMap contributors, ODbL"
way,495291793,,false,house,,,,59;61,,,,,,,,,41.8213177,-71.3977228,https://www.openstreetmap.org/way/495291793,https://overpass-api.de/,"OpenStreetMap contributors, ODbL"
way,495291794,,false,house,,,,63,,,,,,,,,41.8213164,-71.3975912,https://www.openstreetmap.org/way/495291794,https://overpass-api.de/,"OpenStreetMap contributors, ODbL"
way,495291795,,false,house,,,,,,,,,,,,,41.8214196,-71.3975263,https://www.openstreetmap.org/way/495291795,https://overpass-api.de/,"OpenStreetMap contributors, ODbL"
way,495291796,,false,house,,,,65,,,,,,,,,41.8213303,-71.3973905,https://www.openstreetmap.org/way/495291796,https://overpass-api.de/,"OpenStreetMap contributors, ODbL"
way,495291797,,false,house,,,,69,,,,,,,,,41.8213549,-71.3972241,https://www.openstreetmap.org/way/495291797,https://overpass-api.de/,"OpenStreetMap contributors, ODbL"
way,495291798,,false,house,,,,,,,,,,,,,41.8213711,-71.3970902,https://www.openstreetmap.org/way/495291798,https://overpass-api.de/,"OpenStreetMap contributors, ODbL"
way,495291799,,false,yes,,,,92,,,,,,,,,41.8217147,-71.3966427,https://www.openstreetmap.org/way/495291799,https://overpass-api.de/,"OpenStreetMap contributors, ODbL"
way,495291800,,false,yes,,,,,,,,,,,,,41.8216896,-71.3970317,https://www.openstreetmap.org/way/495291800,https://overpass-api.de/,"OpenStreetMap contributors, ODbL"
way,495291801,,false,yes,,,,,,,,,,,,,41.821712,-71.3973589,https://www.openstreetmap.org/way/495291801,https://overpass-api.de/,"OpenStreetMap contributors, ODbL"
way,495291802,,false,yes,,,,,,,,,,,,,41.821677,-71.3975208,https://www.openstreetmap.org/way/495291802,https://overpass-api.de/,"OpenStreetMap contributors, ODbL"
way,495291803,,false,yes,,,,,,,,,,,,,41.8216612,-71.3976811,https://www.openstreetmap.org/way/495291803,https://overpass-api.de/,"OpenStreetMap contributors, ODbL"
way,495291804,,false,yes,,,,,,,,,,,,,41.8216822,-71.3978656,https://www.openstreetmap.org/way/495291804,https://overpass-api.de/,"OpenStreetMap contributors, ODbL"
way,495291805,,false,yes,,,,,,,,,,,,,41.8217223,-71.3979944,https://www.openstreetmap.org/way/495291805,https://overpass-api.de/,"OpenStreetMap contributors, ODbL"
way,495291806,,false,yes,,,,,,,,,,,,,41.8216065,-71.3981408,https://www.openstreetmap.org/way/495291806,https://overpass-api.de/,"OpenStreetMap contributors, ODbL"
way,495291807,,false,yes,,,,55,,,,,,,,,41.821643,-71.3983418,https://www.openstreetmap.org/way/495291807,https://overpass-api.de/,"OpenStreetMap contributors, ODbL"
way,495291808,,false,residential,,,,175;177,Brook Street,Providence,RI,02906,,,,,41.8213701,-71.3982989,https://www.openstreetmap.org/way/495291808,https://overpass-api.de/,"OpenStreetMap contributors, ODbL"
way,495291809,,false,retail,,,,181,Brook Street,Providence,RI,02906,,,,,41.8214579,-71.3983139,https://www.openstreetmap.org/way/495291809,https://overpass-api.de/,"OpenStreetMap contributors, ODbL"
way,495292719,,false,yes,,,,,,,,,,,,,41.8220003,-71.3983576,https://www.openstreetmap.org/way/495292719,https://overpass-api.de/,"OpenStreetMap contributors, ODbL"
way,495292720,,false,yes,,,,,,,,,,,,,41.8219814,-71.3981435,https://www.openstreetmap.org/way/495292720,https://overpass-api.de/,"OpenStreetMap contributors, ODbL"
way,495292721,,false,yes,,,,,,,,,,,,,41.8220271,-71.3979684,https://www.openstreetmap.org/way/495292721,https://overpass-api.de/,"OpenStreetMap contributors, ODbL"
way,495292722,,false,yes,,,,,,,,,,,,,41.8220037,-71.3975985,https://www.openstreetmap.org/way/495292722,https://overpass-api.de/,"OpenStreetMap contributors, ODbL"
way,495292723,,false,yes,,,,,,,,,,,,,41.8220275,-71.3974661,https://www.openstreetmap.org/way/495292723,https://overpass-api.de/,"OpenStreetMap contributors, ODbL"
way,495292724,,false,yes,,,,,,,,,,,,,41.8219807,-71.3972979,https://www.openstreetmap.org/way/495292724,https://overpass-api.de/,"OpenStreetMap contributors, ODbL"
way,495292725,,false,yes,,,,,,,,,,,,,41.8221114,-71.3972766,https://www.openstreetmap.org/way/495292725,https://overpass-api.de/,"OpenStreetMap contributors, ODbL"
way,495292726,,false,yes,,,,,,,,,,,,,41.8220374,-71.3971515,https://www.openstreetmap.org/way/495292726,https://overpass-api.de/,"OpenStreetMap contributors, ODbL"
way,495292727,,false,yes,,,,,,,,,,,,,41.8220583,-71.3969886,https://www.openstreetmap.org/way/495292727,https://overpass-api.de/,"OpenStreetMap contributors, ODbL"
way,495292728,Dolores,false,yes,restaurant,,,100,Hope Street,Providence,RI,02906,,,,https://www.dolorespvd.com/,41.8220325,-71.3967933,https://www.openstreetmap.org/way/495292728,https://overpass-api.de/,"OpenStreetMap contributors, ODbL"
way,495292729,,false,yes,,,,104,Hope Street,,,,,,,,41.8221406,-71.3968316,https://www.openstreetmap.org/way/495292729,https://overpass-api.de/,"OpenStreetMap contributors, ODbL"
way,495292730,,false,yes,,,,108,,,,,,,,,41.8222625,-71.3969326,https://www.openstreetmap.org/way/495292730,https://overpass-api.de/,"OpenStreetMap contributors, ODbL"
way,495292731,,false,yes,,,,,,,,,,,,,41.822322,-71.3970812,https://www.openstreetmap.org/way/495292731,https://overpass-api.de/,"OpenStreetMap contributors, ODbL"
way,495292732,,false,yes,,,,189;191,Williams Street,,,,,,,,41.8224452,-71.3969404,https://www.openstreetmap.org/way/495292732,https://overpass-api.de/,"OpenStreetMap contributors, ODbL"
way,495292733,,false,yes,,,,185,Williams Street,,,,,,,,41.8224321,-71.3971651,https://www.openstreetmap.org/way/495292733,https://overpass-api.de/,"OpenStreetMap contributors, ODbL"
way,495292734,,false,yes,,,,,,,,,,,,,41.8223072,-71.3973103,https://www.openstreetmap.org/way/495292734,https://overpass-api.de/,"OpenStreetMap contributors, ODbL"
way,495292735,,false,yes,,,,181,Williams Street,,,,,,,,41.822447,-71.397303,https://www.openstreetmap.org/way/495292735,https://overpass-api.de/,"OpenStreetMap contributors, ODbL"
way,495292736,,false,residential,,,,173;175,Williams Street,Providence,RI,02906,,,,,41.8223863,-71.3975075,https://www.openstreetmap.org/way/495292736,https://overpass-api.de/,"OpenStreetMap contributors, ODbL"
way,495292737,,false,residential,,,,171,Williams Street,Providence,RI,02906,,,,,41.8223845,-71.397659,https://www.openstreetmap.org/way/495292737,https://overpass-api.de/,"OpenStreetMap contributors, ODbL"
way,495292738,,false,yes,,,,,,,,,,,,,41.8224119,-71.3977774,https://www.openstreetmap.org/way/495292738,https://overpass-api.de/,"OpenStreetMap contributors, ODbL"
way,495292739,,false,residential,,,,157;159,Williams Street,Providence,RI,02906,,,,,41.8223264,-71.3981941,https://www.openstreetmap.org/way/495292739,https://overpass-api.de/,"OpenStreetMap contributors, ODbL"
way,495292740,,false,residential,,,,153;155,Williams Street,Providence,RI,02906,,,,,41.8223059,-71.3983736,https://www.openstreetmap.org/way/495292740,https://overpass-api.de/,"OpenStreetMap contributors, ODbL"
way,495292741,,false,yes,,,,,,,,,,,,,41.8223456,-71.3979671,https://www.openstreetmap.org/way/495292741,https://overpass-api.de/,"OpenStreetMap contributors, ODbL"
way,495292742,,false,yes,,,,,,,,,,,,,41.822211,-71.3977868,https://www.openstreetmap.org/way/495292742,https://overpass-api.de/,"OpenStreetMap contributors, ODbL"
way,495292743,,false,yes,,,,127,,,,,,,,,41.8229653,-71.3980864,https://www.openstreetmap.org/way/495292743,https://overpass-api.de/,"OpenStreetMap contributors, ODbL"
way,495292744,,false,yes,,,,133,,,,,,,,,41.8229911,-71.3977529,https://www.openstreetmap.org/way/495292744,https://overpass-api.de/,"OpenStreetMap contributors, ODbL"
way,495292745,,false,yes,,,,135,,,,,,,,,41.8229917,-71.3976289,https://www.openstreetmap.org/way/495292745,https://overpass-api.de/,"OpenStreetMap contributors, ODbL"
way,495292746,,false,yes,,,,,,,,,,,,,41.8228788,-71.397519,https://www.openstreetmap.org/way/495292746,https://overpass-api.de/,"OpenStreetMap contributors, ODbL"
way,495292747,,false,yes,,,,,,,,,,,,,41.8228063,-71.3973893,https://www.openstreetmap.org/way/495292747,https://overpass-api.de/,"OpenStreetMap contributors, ODbL"
way,495292748,,false,garages,,,,,,,,,,,,,41.822738,-71.3973758,https://www.openstreetmap.org/way/495292748,https://overpass-api.de/,"OpenStreetMap contributors, ODbL"
way,495292749,,false,yes,,,,176;178,Williams Street,,,,,,,,41.8226877,-71.397529,https://www.openstreetmap.org/way/495292749,https://overpass-api.de/,"OpenStreetMap contributors, ODbL"
way,495292750,,false,yes,,,,180,,,,,,,,,41.8227117,-71.3970798,https://www.openstreetmap.org/way/495292750,https://overpass-api.de/,"OpenStreetMap contributors, ODbL"
way,495292751,,false,yes,,,,,,,,,,,,,41.8230493,-71.3972536,https://www.openstreetmap.org/way/495292751,https://overpass-api.de/,"OpenStreetMap contributors, ODbL"
way,495292752,,false,yes,,,,172,Williams Street,,,,,,,,41.8226609,-71.3977189,https://www.openstreetmap.org/way/495292752,https://overpass-api.de/,"OpenStreetMap contributors, ODbL"
way,495292753,,false,yes,,,,166;168,Williams Street,,,,,,,,41.8226475,-71.3978939,https://www.openstreetmap.org/way/495292753,https://overpass-api.de/,"OpenStreetMap contributors, ODbL"
way,495292754,,false,garage,,,,,,,,,,,,,41.822649,-71.3981021,https://www.openstreetmap.org/way/495292754,https://overpass-api.de/,"OpenStreetMap contributors, ODbL"
way,495293751,,false,yes,,,,77,Hope Street,,,,,,,,41.8210012,-71.395821,https://www.openstreetmap.org/way/495293751,https://overpass-api.de/,"OpenStreetMap contributors, ODbL"
way,495293752,,false,yes,,,,,,,,,,,,,41.8212526,-71.3957368,https://www.openstreetmap.org/way/495293752,https://overpass-api.de/,"OpenStreetMap contributors, ODbL"
way,495293753,,false,yes,,,,81,Hope Street,,,,,,,,41.821224,-71.3959289,https://www.openstreetmap.org/way/495293753,https://overpass-api.de/,"OpenStreetMap contributors, ODbL"
way,495293754,,false,yes,,,,,,,,,,,,,41.8211551,-71.395257,https://www.openstreetmap.org/way/495293754,https://overpass-api.de/,"OpenStreetMap contributors, ODbL"
way,495293755,,false,yes,,,,,,,,,,,,,41.8210438,-71.3952637,https://www.openstreetmap.org/way/495293755,https://overpass-api.de/,"OpenStreetMap contributors, ODbL"
way,495293756,,false,yes,,,,,,,,,,,,,41.8210904,-71.3954771,https://www.openstreetmap.org/way/495293756,https://overpass-api.de/,"OpenStreetMap contributors, ODbL"
way,495293757,,false,yes,,,,,,,,,,,,,41.8211806,-71.3955291,https://www.openstreetmap.org/way/495293757,https://overpass-api.de/,"OpenStreetMap contributors, ODbL"
way,495293758,,false,yes,,,,,,,,,,,,,41.8212884,-71.3955984,https://www.openstreetmap.org/way/495293758,https://overpass-api.de/,"OpenStreetMap contributors, ODbL"
way,495293759,,false,yes,,,,,,,,,,,,,41.8213549,-71.3953714,https://www.openstreetmap.org/way/495293759,https://overpass-api.de/,"OpenStreetMap contributors, ODbL"
way,495293760,,false,yes,,,,,,,,,,,,,41.8212608,-71.3953332,https://www.openstreetmap.org/way/495293760,https://overpass-api.de/,"OpenStreetMap contributors, ODbL"
way,495293761,,false,yes,,,,,,,,,,,,,41.820976,-71.3954573,https://www.openstreetmap.org/way/495293761,https://overpass-api.de/,"OpenStreetMap contributors, ODbL"
way,495293762,,false,yes,,,,83;85,Hope Street,,,,,,,,41.8214374,-71.3960642,https://www.openstreetmap.org/way/495293762,https://overpass-api.de/,"OpenStreetMap contributors, ODbL"
way,495293763,,false,yes,,,,87,Hope Street,,,,,,,,41.8215866,-71.3961349,https://www.openstreetmap.org/way/495293763,https://overpass-api.de/,"OpenStreetMap contributors, ODbL"
way,495293764,,false,yes,,,,,,,,,,,,,41.8216282,-71.3959211,https://www.openstreetmap.org/way/495293764,https://overpass-api.de/,"OpenStreetMap contributors, ODbL"
way,495293765,,false,yes,,,,,,,,,,,,,41.8217242,-71.3959701,https://www.openstreetmap.org/way/495293765,https://overpass-api.de/,"OpenStreetMap contributors, ODbL"
way,495293766,,false,yes,,,,91,Hope Street,,,,,,,,41.8217187,-71.396231,https://www.openstreetmap.org/way/495293766,https://overpass-api.de/,"OpenStreetMap contributors, ODbL"
way,495293767,,false,yes,,,,93;95;97,,,,,,,,,41.821818,-71.3962815,https://www.openstreetmap.org/way/495293767,https://overpass-api.de/,"OpenStreetMap contributors, ODbL"
way,495293768,,false,yes,,,,,,,,,,,,,41.8218811,-71.3960845,https://www.openstreetmap.org/way/495293768,https://overpass-api.de/,"OpenStreetMap contributors, ODbL"
way,495293769,,false,yes,,,,,,,,,,,,,41.8217559,-71.3958298,https://www.openstreetmap.org/way/495293769,https://overpass-api.de/,"OpenStreetMap contributors, ODbL"
way,495293770,,false,yes,,,,,,,,,,,,,41.8219218,-71.3959026,https://www.openstreetmap.org/way/495293770,https://overpass-api.de/,"OpenStreetMap contributors, ODbL"
way,495293771,,false,yes,,,,,,,,,,,,,41.8219378,-71.3956606,https://www.openstreetmap.org/way/495293771,https://overpass-api.de/,"OpenStreetMap contributors, ODbL"
way,495293772,,false,yes,,,,,,,,,,,,,41.8217511,-71.3955722,https://www.openstreetmap.org/way/495293772,https://overpass-api.de/,"OpenStreetMap contributors, ODbL"
way,495293773,,false,yes,,,,,,,,,,,,,41.8215815,-71.3954539,https://www.openstreetmap.org/way/495293773,https://overpass-api.de/,"OpenStreetMap contributors, ODbL"
way,495293774,,false,yes,,,,,,,,,,,,,41.8215151,-71.3957071,https://www.openstreetmap.org/way/495293774,https://overpass-api.de/,"OpenStreetMap contributors, ODbL"
way,495293775,,false,yes,,,,,,,,,,,,,41.8216731,-71.3957897,https://www.openstreetmap.org/way/495293775,https://overpass-api.de/,"OpenStreetMap contributors, ODbL"
way,495293776,,false,yes,,,,,,,,,,,,,41.8218279,-71.3951866,https://www.openstreetmap.org/way/495293776,https://overpass-api.de/,"OpenStreetMap contributors, ODbL"
way,495293777,,false,yes,,,,,,,,,,,,,41.8216805,-71.3950235,https://www.openstreetmap.org/way/495293777,https://overpass-api.de/,"OpenStreetMap contributors, ODbL"
way,495293778,,false,yes,,,,,,,,,,,,,41.8217073,-71.3949133,https://www.openstreetmap.org/way/495293778,https://overpass-api.de/,"OpenStreetMap contributors, ODbL"
way,495293779,,false,yes,,,,,,,,,,,,,41.8218185,-71.3949521,https://www.openstreetmap.org/way/495293779,https://overpass-api.de/,"OpenStreetMap contributors, ODbL"
way,495293780,,false,yes,,,,,,,,,,,,,41.8218242,-71.3947667,https://www.openstreetmap.org/way/495293780,https://overpass-api.de/,"OpenStreetMap contributors, ODbL"
way,495293781,,false,yes,,,,,,,,,,,,,41.8219359,-71.3947222,https://www.openstreetmap.org/way/495293781,https://overpass-api.de/,"OpenStreetMap contributors, ODbL"
way,495293782,,false,yes,,,,,,,,,,,,,41.8219802,-71.39455,https://www.openstreetmap.org/way/495293782,https://overpass-api.de/,"OpenStreetMap contributors, ODbL"
way,495293783,,false,yes,,,,,,,,,,,,,41.8220552,-71.3952119,https://www.openstreetmap.org/way/495293783,https://overpass-api.de/,"OpenStreetMap contributors, ODbL"
way,495293784,,false,yes,,,,,,,,,,,,,41.8211869,-71.3946519,https://www.openstreetmap.org/way/495293784,https://overpass-api.de/,"OpenStreetMap contributors, ODbL"
way,495294432,,false,yes,,,,,,,,,,,,,41.8206309,-71.3952704,https://www.openstreetmap.org/way/495294432,https://overpass-api.de/,"OpenStreetMap contributors, ODbL"
way,495295066,Persimmon,false,yes,restaurant,,,99,Hope Street,Providence,RI,02906,,,,https://www.persimmonri.com/,41.8220777,-71.3964081,https://www.openstreetmap.org/way/495295066,https://overpass-api.de/,"OpenStreetMap contributors, ODbL"
way,495295067,Fox Point Grocers,false,yes,,,,107,Hope Street,Providence,RI,02906,,,,https://foxpointgrocers.com/,41.8221701,-71.3964917,https://www.openstreetmap.org/way/495295067,https://overpass-api.de/,"OpenStreetMap contributors, ODbL"
way,495295068,,false,yes,,,,,,,,,,,,,41.8221236,-71.3961729,https://www.openstreetmap.org/way/495295068,https://overpass-api.de/,"OpenStreetMap contributors, ODbL"
way,495295069,,false,yes,,,,109,,,,,,,,,41.8223056,-71.3965224,https://www.openstreetmap.org/way/495295069,https://overpass-api.de/,"OpenStreetMap contributors, ODbL"
way,495295070,,false,yes,,,,111,Hope Street,,,,,,,,41.8223684,-71.3965774,https://www.openstreetmap.org/way/495295070,https://overpass-api.de/,"OpenStreetMap contributors, ODbL"
way,495295071,,false,yes,,,,199,Williams Street,,,,,,,,41.8225087,-71.3964028,https://www.openstreetmap.org/way/495295071,https://overpass-api.de/,"OpenStreetMap contributors, ODbL"
way,495295072,,false,yes,,,,,,,,,,,,,41.8225086,-71.396018,https://www.openstreetmap.org/way/495295072,https://overpass-api.de/,"OpenStreetMap contributors, ODbL"
way,495295073,,false,yes,,,,,,,,,,,,,41.8223248,-71.3958485,https://www.openstreetmap.org/way/495295073,https://overpass-api.de/,"OpenStreetMap contributors, ODbL"
way,495295074,,false,yes,,,,,,,,,,,,,41.8222105,-71.3957981,https://www.openstreetmap.org/way/495295074,https://overpass-api.de/,"OpenStreetMap contributors, ODbL"
way,495295075,,false,yes,,,,,,,,,,,,,41.8221625,-71.3960249,https://www.openstreetmap.org/way/495295075,https://overpass-api.de/,"OpenStreetMap contributors, ODbL"
way,495295076,,false,yes,,,,,,,,,,,,,41.8222867,-71.3954374,https://www.openstreetmap.org/way/495295076,https://overpass-api.de/,"OpenStreetMap contributors, ODbL"
way,495295077,,false,yes,,,,,,,,,,,,,41.822372,-71.3952695,https://www.openstreetmap.org/way/495295077,https://overpass-api.de/,"OpenStreetMap contributors, ODbL"
way,495295078,,false,yes,,,,,,,,,,,,,41.8224176,-71.3954845,https://www.openstreetmap.org/way/495295078,https://overpass-api.de/,"OpenStreetMap contributors, ODbL"
way,495295079,,false,yes,,,,,,,,,,,,,41.8225051,-71.3955442,https://www.openstreetmap.org/way/495295079,https://overpass-api.de/,"OpenStreetMap contributors, ODbL"
way,495295080,,false,yes,,,,211,,,,,,,,,41.8226108,-71.3955933,https://www.openstreetmap.org/way/495295080,https://overpass-api.de/,"OpenStreetMap contributors, ODbL"
way,495295081,,false,yes,,,,229,Williams Street,,,,,,,,41.8226113,-71.3953609,https://www.openstreetmap.org/way/495295081,https://overpass-api.de/,"OpenStreetMap contributors, ODbL"
way,495295082,,false,yes,,,,,,,,,,,,,41.8223955,-71.3951612,https://www.openstreetmap.org/way/495295082,https://overpass-api.de/,"OpenStreetMap contributors, ODbL"
way,495295083,,false,yes,,,,,,,,,,,,,41.8224328,-71.3950455,https://www.openstreetmap.org/way/495295083,https://overpass-api.de/,"OpenStreetMap contributors, ODbL"
way,495295084,,false,yes,,,,,,,,,,,,,41.8224249,-71.3949169,https://www.openstreetmap.org/way/495295084,https://overpass-api.de/,"OpenStreetMap contributors, ODbL"
way,495295085,,false,yes,,,,,,,,,,,,,41.8224714,-71.3947634,https://www.openstreetmap.org/way/495295085,https://overpass-api.de/,"OpenStreetMap contributors, ODbL"
way,495295086,,false,yes,,,,,,,,,,,,,41.8225073,-71.3945586,https://www.openstreetmap.org/way/495295086,https://overpass-api.de/,"OpenStreetMap contributors, ODbL"
way,495295087,,false,yes,,,,,,,,,,,,,41.8225697,-71.3944559,https://www.openstreetmap.org/way/495295087,https://overpass-api.de/,"OpenStreetMap contributors, ODbL"
way,495295088,,false,yes,,,,237,Williams Street,,,,,,,,41.8226348,-71.3949776,https://www.openstreetmap.org/way/495295088,https://overpass-api.de/,"OpenStreetMap contributors, ODbL"
way,495295089,,false,yes,,,,251,Williams Street,,,,,,,,41.8227222,-71.3947223,https://www.openstreetmap.org/way/495295089,https://overpass-api.de/,"OpenStreetMap contributors, ODbL"
way,495295090,,false,yes,,,,233,Williams Street,,,,,,,,41.8226306,-71.3951461,https://www.openstreetmap.org/way/495295090,https://overpass-api.de/,"OpenStreetMap contributors, ODbL"
way,495295091,,false,yes,,,,115,,,,,,,,,41.8227446,-71.3966427,https://www.openstreetmap.org/way/495295091,https://overpass-api.de/,"OpenStreetMap contributors, ODbL"
way,495295092,,false,yes,,,,202;204,Williams Street,,,,,,,,41.8227884,-71.3964022,https://www.openstreetmap.org/way/495295092,https://overpass-api.de/,"OpenStreetMap contributors, ODbL"
way,495328570,,false,yes,,,,74-80,Benevolent Street,,,,,,,,41.8250251,-71.3992128,https://www.openstreetmap.org/way/495328570,https://overpass-api.de/,"OpenStreetMap contributors, ODbL"
way,495328571,,false,yes,,,,70-72,Benevolent Street,,,,,,,,41.8249964,-71.3994221,https://www.openstreetmap.org/way/495328571,https://overpass-api.de/,"OpenStreetMap contributors, ODbL"
way,495328572,,false,yes,,,,66-68,Benevolent Street,,,,,,,,41.8249706,-71.3996178,https://www.openstreetmap.org/way/495328572,https://overpass-api.de/,"OpenStreetMap contributors, ODbL"
way,495328573,Hirschfeld House,true,university,,,,163,George Street,,,,,,,,41.8254633,-71.3992244,https://www.openstreetmap.org/way/495328573,https://overpass-api.de/,"OpenStreetMap contributors, ODbL"
way,495328574,Meiklejohn House,true,university,,,,159,George Street,,,,,,,,41.8254694,-71.3994177,https://www.openstreetmap.org/way/495328574,https://overpass-api.de/,"OpenStreetMap contributors, ODbL"
way,495328575,,false,yes,,,,84,Benevolent Street,Providence,RI,,3,,,,41.8250595,-71.3987015,https://www.openstreetmap.org/way/495328575,https://overpass-api.de/,"OpenStreetMap contributors, ODbL"
way,495328576,,false,yes,,,,86,Benevolent Street,Providence,RI,,,,,,41.8250982,-71.3985037,https://www.openstreetmap.org/way/495328576,https://overpass-api.de/,"OpenStreetMap contributors, ODbL"
way,495328577,WBRU,false,yes,studio,,,88,Benevolent Street,Providence,RI,,2,Q7947403,en:WBRU,https://www.wbru.com/,41.8251111,-71.3983621,https://www.openstreetmap.org/way/495328577,https://overpass-api.de/,"OpenStreetMap contributors, ODbL"
way,495328578,,false,yes,,,,,,,,,,,,,41.8251039,-71.3981664,https://www.openstreetmap.org/way/495328578,https://overpass-api.de/,"OpenStreetMap contributors, ODbL"
way,495328579,,false,yes,,,,,,,,,,,,,41.8251941,-71.3979851,https://www.openstreetmap.org/way/495328579,https://overpass-api.de/,"OpenStreetMap contributors, ODbL"
way,495328580,,false,yes,,,,,,,,,,,,,41.8252745,-71.3975228,https://www.openstreetmap.org/way/495328580,https://overpass-api.de/,"OpenStreetMap contributors, ODbL"
way,495328581,,false,detached,,,,195,George Street,Providence,RI,02906,,,,,41.8255895,-71.3975886,https://www.openstreetmap.org/way/495328581,https://overpass-api.de/,"OpenStreetMap contributors, ODbL"
way,495328582,,false,detached,,,,183,George Street,Providence,RI,02906,,,,,41.8255354,-71.3981,https://www.openstreetmap.org/way/495328582,https://overpass-api.de/,"OpenStreetMap contributors, ODbL"
way,495328583,,false,detached,,,,,,,,,,,,,41.8254905,-71.3983873,https://www.openstreetmap.org/way/495328583,https://overpass-api.de/,"OpenStreetMap contributors, ODbL"
way,495328584,,false,detached,,,,173,George Street,Providence,RI,02906,,,,,41.8255068,-71.3986756,https://www.openstreetmap.org/way/495328584,https://overpass-api.de/,"OpenStreetMap contributors, ODbL"
way,495328585,,false,detached,,,,167;169,George Street,,RI,02906,,,,,41.8254872,-71.3988636,https://www.openstreetmap.org/way/495328585,https://overpass-api.de/,"OpenStreetMap contributors, ODbL"
way,495328586,,false,yes,,,,305,Brook Street,,,,,,,,41.8253206,-71.3987708,https://www.openstreetmap.org/way/495328586,https://overpass-api.de/,"OpenStreetMap contributors, ODbL"
way,495328587,,false,detached,,,,281;283,Charlesfield Street;Brook Street,Providence,RI,02906,,,,,41.8245701,-71.3987137,https://www.openstreetmap.org/way/495328587,https://overpass-api.de/,"OpenStreetMap contributors, ODbL"
way,495328588,,false,detached,,,,277,Brook Street,Providence,RI,02906,,,,,41.8244384,-71.3987171,https://www.openstreetmap.org/way/495328588,https://overpass-api.de/,"OpenStreetMap contributors, ODbL"
way,495328589,,false,semidetached_house,,,,71;73,Charlesfield Street,Providence,RI,,,,,,41.824248,-71.398598,https://www.openstreetmap.org/way/495328589,https://overpass-api.de/,"OpenStreetMap contributors, ODbL"
way,495328590,,false,detached,,,,287,Brook Street,Providence,RI,02906,,,,,41.824706,-71.3987538,https://www.openstreetmap.org/way/495328590,https://overpass-api.de/,"OpenStreetMap contributors, ODbL"
way,495328592,,false,detached,,,,291,Brook Street,Providence,RI,02906,,,,,41.824824,-71.3987864,https://www.openstreetmap.org/way/495328592,https://overpass-api.de/,"OpenStreetMap contributors, ODbL"
way,495328593,,false,yes,,,,93,,,,,,,,,41.824826,-71.3985392,https://www.openstreetmap.org/way/495328593,https://overpass-api.de/,"OpenStreetMap contributors, ODbL"
way,495328596,,false,yes,,,,,,,,,,,,,41.8246499,-71.3990916,https://www.openstreetmap.org/way/495328596,https://overpass-api.de/,"OpenStreetMap contributors, ODbL"
way,495328597,,false,yes,,,,284,Brook Street,,,,,,,,41.8245884,-71.3992133,https://www.openstreetmap.org/way/495328597,https://overpass-api.de/,"OpenStreetMap contributors, ODbL"
way,495328598,,false,yes,,,,83-85,Benevolent Street,,,,,,,,41.8247734,-71.3991027,https://www.openstreetmap.org/way/495328598,https://overpass-api.de/,"OpenStreetMap contributors, ODbL"
way,495335531,,true,university,,,,137,Waterman Street,Providence,RI,02912,,,,,41.8271496,-71.3978139,https://www.openstreetmap.org/way/495335531,https://overpass-api.de/,"OpenStreetMap contributors, ODbL"
way,495335532,,false,yes,,,,133,Waterman Street,Providence,RI,02912,,,,,41.8273664,-71.3980309,https://www.openstreetmap.org/way/495335532,https://overpass-api.de/,"OpenStreetMap contributors, ODbL"
way,495335533,,false,yes,,,,131,Waterman Street,Providence,RI,02912,,,,,41.827332,-71.3981716,https://www.openstreetmap.org/way/495335533,https://overpass-api.de/,"OpenStreetMap contributors, ODbL"
way,495335534,,false,yes,,,,129,Waterman Street,Providence,RI,02912,,,,,41.8273231,-71.3983314,https://www.openstreetmap.org/way/495335534,https://overpass-api.de/,"OpenStreetMap contributors, ODbL"
way,495335535,,false,detached,,,,,,,,,,,,,41.8273486,-71.396935,https://www.openstreetmap.org/way/495335535,https://overpass-api.de/,"OpenStreetMap contributors, ODbL"
way,495335536,,false,commercial,,,,145,Waterman Street,Providence,RI,02906,,,,,41.827439,-71.3966298,https://www.openstreetmap.org/way/495335536,https://overpass-api.de/,"OpenStreetMap contributors, ODbL"
way,495335537,,false,yes,,,,,,,,,,,,,41.8271239,-71.3965734,https://www.openstreetmap.org/way/495335537,https://overpass-api.de/,"OpenStreetMap contributors, ODbL"
way,495335538,,false,house,,,,179,Hope Street,Providence,RI,02906,,,,,41.8269392,-71.3969259,https://www.openstreetmap.org/way/495335538,https://overpass-api.de/,"OpenStreetMap contributors, ODbL"
way,495335539,,false,yes,,,,,,,,,,,,,41.8270293,-71.3967641,https://www.openstreetmap.org/way/495335539,https://overpass-api.de/,"OpenStreetMap contributors, ODbL"
way,495335540,,false,yes,,,,60,Manning Street,,,,,,,,41.8270974,-71.3961987,https://www.openstreetmap.org/way/495335540,https://overpass-api.de/,"OpenStreetMap contributors, ODbL"
way,495335541,,false,yes,,,,,,,,,,,,,41.8270741,-71.3959102,https://www.openstreetmap.org/way/495335541,https://overpass-api.de/,"OpenStreetMap contributors, ODbL"
way,495335542,,false,yes,,,,61,,,,,,,,,41.8268901,-71.3957361,https://www.openstreetmap.org/way/495335542,https://overpass-api.de/,"OpenStreetMap contributors, ODbL"
way,495335543,,false,yes,,,,151,Waterman Street,Providence,RI,02906,,,,,41.8274263,-71.3957587,https://www.openstreetmap.org/way/495335543,https://overpass-api.de/,"OpenStreetMap contributors, ODbL"
way,495335544,,false,yes,,,,157,,,,,,,,,41.8274047,-71.3950576,https://www.openstreetmap.org/way/495335544,https://overpass-api.de/,"OpenStreetMap contributors, ODbL"
way,495335545,,false,yes,,,,,,,,,,,,,41.8270059,-71.3950497,https://www.openstreetmap.org/way/495335545,https://overpass-api.de/,"OpenStreetMap contributors, ODbL"
way,495335546,,false,yes,,,,159,,,,,,,,,41.8274265,-71.3945708,https://www.openstreetmap.org/way/495335546,https://overpass-api.de/,"OpenStreetMap contributors, ODbL"
way,495335547,,false,yes,,,,,,,,,,,,,41.82738,-71.3948343,https://www.openstreetmap.org/way/495335547,https://overpass-api.de/,"OpenStreetMap contributors, ODbL"
way,495335548,,false,yes,,,,,,,,,,,,,41.8271755,-71.3948953,https://www.openstreetmap.org/way/495335548,https://overpass-api.de/,"OpenStreetMap contributors, ODbL"
way,495335549,,false,yes,,,,161,,,,,,,,,41.8274371,-71.3942627,https://www.openstreetmap.org/way/495335549,https://overpass-api.de/,"OpenStreetMap contributors, ODbL"
way,495335550,,false,yes,,,,163,,,,,,,,,41.8274319,-71.3940798,https://www.openstreetmap.org/way/495335550,https://overpass-api.de/,"OpenStreetMap contributors, ODbL"
way,495335551,,false,yes,,,,72,Manning Street,,,,,,,,41.8269694,-71.3943126,https://www.openstreetmap.org/way/495335551,https://overpass-api.de/,"OpenStreetMap contributors, ODbL"
way,495335552,,false,yes,,,,,,,,,,,,,41.827085,-71.3946356,https://www.openstreetmap.org/way/495335552,https://overpass-api.de/,"OpenStreetMap contributors, ODbL"
way,495335553,,false,yes,,,,56,,,,,,,,,41.8265428,-71.3951972,https://www.openstreetmap.org/way/495335553,https://overpass-api.de/,"OpenStreetMap contributors, ODbL"
way,495335554,,false,yes,,,,46,Cooke Street,,,,,,,,41.8263343,-71.3951924,https://www.openstreetmap.org/way/495335554,https://overpass-api.de/,"OpenStreetMap contributors, ODbL"
way,495335555,,false,yes,,,,67,Manning Street,,,,,,,,41.8264746,-71.394914,https://www.openstreetmap.org/way/495335555,https://overpass-api.de/,"OpenStreetMap contributors, ODbL"
way,495335556,,false,residential,,,,63,Manning Street,Providence,RI,02906,,,,,41.8265404,-71.3957298,https://www.openstreetmap.org/way/495335556,https://overpass-api.de/,"OpenStreetMap contributors, ODbL"
way,495335557,,false,yes,,,,59,Manning Street,,,,,,,,41.8265289,-71.3961557,https://www.openstreetmap.org/way/495335557,https://overpass-api.de/,"OpenStreetMap contributors, ODbL"
way,495335558,,false,residential,,,,177,Hope Street,Providence,RI,02906,,,,,41.8264648,-71.3970454,https://www.openstreetmap.org/way/495335558,https://overpass-api.de/,"OpenStreetMap contributors, ODbL"
way,495335559,,false,residential,,,,47,Manning Street,Providence,RI,02906,,,,,41.8265069,-71.3968179,https://www.openstreetmap.org/way/495335559,https://overpass-api.de/,"OpenStreetMap contributors, ODbL"
way,495335560,,false,yes,,,,224,,,,,,,,,41.8262497,-71.3962814,https://www.openstreetmap.org/way/495335560,https://overpass-api.de/,"OpenStreetMap contributors, ODbL"
way,495335561,,false,yes,,,,236,,,,,,,,,41.82601,-71.3960627,https://www.openstreetmap.org/way/495335561,https://overpass-api.de/,"OpenStreetMap contributors, ODbL"
way,495335562,,false,yes,,,,37,,,,,,,,,41.8259973,-71.395697,https://www.openstreetmap.org/way/495335562,https://overpass-api.de/,"OpenStreetMap contributors, ODbL"
way,495335563,,false,yes,,,,41,Cooke Street,,,,,,,,41.8261958,-71.3957023,https://www.openstreetmap.org/way/495335563,https://overpass-api.de/,"OpenStreetMap contributors, ODbL"
way,495335564,,false,yes,,,,25,Cooke Street,,,,,,,,41.824868,-71.3957022,https://www.openstreetmap.org/way/495335564,https://overpass-api.de/,"OpenStreetMap contributors, ODbL"
way,495335565,,false,yes,,,,109,Benevolent Street,,,,,,,,41.8249426,-71.3959905,https://www.openstreetmap.org/way/495335565,https://overpass-api.de/,"OpenStreetMap contributors, ODbL"
way,495335566,,false,detached,,,,251,George Street,,,,,,,,41.8256337,-71.3951035,https://www.openstreetmap.org/way/495335566,https://overpass-api.de/,"OpenStreetMap contributors, ODbL"
way,495335567,,false,yes,,,,38,,,,,,,,,41.8259696,-71.395189,https://www.openstreetmap.org/way/495335567,https://overpass-api.de/,"OpenStreetMap contributors, ODbL"
way,495335568,,false,yes,,,,279,George Street,,,,,,,,41.8257241,-71.3943144,https://www.openstreetmap.org/way/495335568,https://overpass-api.de/,"OpenStreetMap contributors, ODbL"
way,495335569,,false,detached,,,,152,Governor Street,Providence,RI,02906,,,,,41.8257257,-71.3940563,https://www.openstreetmap.org/way/495335569,https://overpass-api.de/,"OpenStreetMap contributors, ODbL"
way,495335570,,false,semidetached_house,,,,146;148,Governor Street,Providence,RI,02906,,,,,41.8255562,-71.3941372,https://www.openstreetmap.org/way/495335570,https://overpass-api.de/,"OpenStreetMap contributors, ODbL"
way,495335571,,false,detached,,,,140,Governor Street,Providence,RI,02906,,,,,41.8254116,-71.394143,https://www.openstreetmap.org/way/495335571,https://overpass-api.de/,"OpenStreetMap contributors, ODbL"
way,495335572,,false,detached,,,,138,Governor Street,Providence,RI,02906,,,,,41.8252694,-71.3942008,https://www.openstreetmap.org/way/495335572,https://overpass-api.de/,"OpenStreetMap contributors, ODbL"
way,495335573,,false,semidetached_house,,,,,,,,,,,,,41.8249632,-71.3941472,https://www.openstreetmap.org/way/495335573,https://overpass-api.de/,"OpenStreetMap contributors, ODbL"
way,495335574,,false,yes,,,,,,,,,,,,,41.8249354,-71.3944949,https://www.openstreetmap.org/way/495335574,https://overpass-api.de/,"OpenStreetMap contributors, ODbL"
way,495335575,,false,yes,,,,,,,,,,,,,41.8249325,-71.3947168,https://www.openstreetmap.org/way/495335575,https://overpass-api.de/,"OpenStreetMap contributors, ODbL"
way,495335576,,false,yes,,,,26,,,,,,,,,41.8249392,-71.3951266,https://www.openstreetmap.org/way/495335576,https://overpass-api.de/,"OpenStreetMap contributors, ODbL"
way,495335577,,false,residential,,,,20,Cooke Street,Providence,RI,02906,,,,,41.8247177,-71.3952025,https://www.openstreetmap.org/way/495335577,https://overpass-api.de/,"OpenStreetMap contributors, ODbL"
way,495335578,,false,residential,,,,18,Cooke Street,Providence,RI,02906,,,,,41.8245781,-71.3951851,https://www.openstreetmap.org/way/495335578,https://overpass-api.de/,"OpenStreetMap contributors, ODbL"
way,495335579,,false,yes,,,,,,,,,,,,,41.8246281,-71.3948161,https://www.openstreetmap.org/way/495335579,https://overpass-api.de/,"OpenStreetMap contributors, ODbL"
way,495335580,,false,yes,,,,,,,,,,,,,41.8247462,-71.3948709,https://www.openstreetmap.org/way/495335580,https://overpass-api.de/,"OpenStreetMap contributors, ODbL"
way,495335581,,false,yes,,,,11,,,,,,,,,41.8244737,-71.3948495,https://www.openstreetmap.org/way/495335581,https://overpass-api.de/,"OpenStreetMap contributors, ODbL"
way,495335582,,false,garages,,,,18,Cooke Street,,,,,,,,41.8244462,-71.3949948,https://www.openstreetmap.org/way/495335582,https://overpass-api.de/,"OpenStreetMap contributors, ODbL"
way,495335583,,false,detached,,,,,,,,,,,,,41.8244548,-71.3942962,https://www.openstreetmap.org/way/495335583,https://overpass-api.de/,"OpenStreetMap contributors, ODbL"
way,495335584,,false,yes,,,,,,,,,,,,,41.8247439,-71.3941835,https://www.openstreetmap.org/way/495335584,https://overpass-api.de/,"OpenStreetMap contributors, ODbL"
way,495335585,,false,yes,,,,,,,,,,,,,41.8248149,-71.3942979,https://www.openstreetmap.org/way/495335585,https://overpass-api.de/,"OpenStreetMap contributors, ODbL"
way,495335586,,false,yes,,,,,,,,,,,,,41.8246055,-71.394538,https://www.openstreetmap.org/way/495335586,https://overpass-api.de/,"OpenStreetMap contributors, ODbL"
way,495335587,,false,terrace,,,,8;10;12;14,Cooke Street,Providence,RI,02906,,,,,41.8241236,-71.3951498,https://www.openstreetmap.org/way/495335587,https://overpass-api.de/,"OpenStreetMap contributors, ODbL"
way,495335588,,false,semidetached_house,,,,14;16,,,,,,,,,41.8241561,-71.3948739,https://www.openstreetmap.org/way/495335588,https://overpass-api.de/,"OpenStreetMap contributors, ODbL"
way,495335589,,false,detached,,,,,,,,,,,,,41.8241325,-71.3946647,https://www.openstreetmap.org/way/495335589,https://overpass-api.de/,"OpenStreetMap contributors, ODbL"
way,495335590,,false,yes,,,,,,,,,,,,,41.8241987,-71.3942757,https://www.openstreetmap.org/way/495335590,https://overpass-api.de/,"OpenStreetMap contributors, ODbL"
way,495335591,,false,yes,,,,,,,,,,,,,41.8240725,-71.3943082,https://www.openstreetmap.org/way/495335591,https://overpass-api.de/,"OpenStreetMap contributors, ODbL"
way,495335592,,false,yes,,,,,,,,,,,,,41.8239197,-71.3943216,https://www.openstreetmap.org/way/495335592,https://overpass-api.de/,"OpenStreetMap contributors, ODbL"
way,495335593,,false,yes,,,,,,,,,,,,,41.8238094,-71.394326,https://www.openstreetmap.org/way/495335593,https://overpass-api.de/,"OpenStreetMap contributors, ODbL"
way,495335594,,false,yes,,,,,,,,,,,,,41.823638,-71.3945667,https://www.openstreetmap.org/way/495335594,https://overpass-api.de/,"OpenStreetMap contributors, ODbL"
way,495335595,,false,yes,,,,,,,,,,,,,41.8236137,-71.3947112,https://www.openstreetmap.org/way/495335595,https://overpass-api.de/,"OpenStreetMap contributors, ODbL"
way,495335596,,false,yes,,,,,,,,,,,,,41.8236258,-71.394817,https://www.openstreetmap.org/way/495335596,https://overpass-api.de/,"OpenStreetMap contributors, ODbL"
way,495335597,,false,yes,,,,,,,,,,,,,41.8236104,-71.3950392,https://www.openstreetmap.org/way/495335597,https://overpass-api.de/,"OpenStreetMap contributors, ODbL"
way,495335598,,false,yes,,,,,,,,,,,,,41.823663,-71.3943652,https://www.openstreetmap.org/way/495335598,https://overpass-api.de/,"OpenStreetMap contributors, ODbL"
way,495335599,,false,residential,,,,6,Cooke Street,Providence,RI,02906,,,,,41.8239129,-71.3952355,https://www.openstreetmap.org/way/495335599,https://overpass-api.de/,"OpenStreetMap contributors, ODbL"
way,495335600,,false,yes,,,,,,,,,,,,,41.8233523,-71.3944477,https://www.openstreetmap.org/way/495335600,https://overpass-api.de/,"OpenStreetMap contributors, ODbL"
way,495335601,,false,yes,,,,,,,,,,,,,41.8233119,-71.3946838,https://www.openstreetmap.org/way/495335601,https://overpass-api.de/,"OpenStreetMap contributors, ODbL"
way,495335602,,false,yes,,,,,,,,,,,,,41.8232852,-71.394853,https://www.openstreetmap.org/way/495335602,https://overpass-api.de/,"OpenStreetMap contributors, ODbL"
way,495335603,,false,yes,,,,,,,,,,,,,41.8232852,-71.395082,https://www.openstreetmap.org/way/495335603,https://overpass-api.de/,"OpenStreetMap contributors, ODbL"
way,495335604,,false,yes,,,,169,,,,,,,,,41.8232329,-71.3952383,https://www.openstreetmap.org/way/495335604,https://overpass-api.de/,"OpenStreetMap contributors, ODbL"
way,495335605,,false,yes,,,,167,,,,,,,,,41.8232186,-71.3954255,https://www.openstreetmap.org/way/495335605,https://overpass-api.de/,"OpenStreetMap contributors, ODbL"
way,495335606,,false,yes,,,,165,,,,,,,,,41.823178,-71.395586,https://www.openstreetmap.org/way/495335606,https://overpass-api.de/,"OpenStreetMap contributors, ODbL"
way,495335607,,false,yes,,,,155,,,,,,,,,41.8231452,-71.3959905,https://www.openstreetmap.org/way/495335607,https://overpass-api.de/,"OpenStreetMap contributors, ODbL"
way,495335608,,false,yes,,,,153,,,,,,,,,41.8231418,-71.3961632,https://www.openstreetmap.org/way/495335608,https://overpass-api.de/,"OpenStreetMap contributors, ODbL"
way,495336877,,false,yes,,,,151,,,,,,,,,41.8231216,-71.39631,https://www.openstreetmap.org/way/495336877,https://overpass-api.de/,"OpenStreetMap contributors, ODbL"
way,495336878,,false,yes,,,,,,,,,,,,,41.8230944,-71.3964622,https://www.openstreetmap.org/way/495336878,https://overpass-api.de/,"OpenStreetMap contributors, ODbL"
way,495336879,,false,yes,,,,208,Williams Street,,,,,,,,41.8228079,-71.3962457,https://www.openstreetmap.org/way/495336879,https://overpass-api.de/,"OpenStreetMap contributors, ODbL"
way,495336880,,false,yes,,,,,,,,,,,,,41.8228191,-71.3960658,https://www.openstreetmap.org/way/495336880,https://overpass-api.de/,"OpenStreetMap contributors, ODbL"
way,495336881,,false,yes,,,,,,,,,,,,,41.8228232,-71.3959084,https://www.openstreetmap.org/way/495336881,https://overpass-api.de/,"OpenStreetMap contributors, ODbL"
way,495336882,,false,yes,,,,,,,,,,,,,41.8229404,-71.395766,https://www.openstreetmap.org/way/495336882,https://overpass-api.de/,"OpenStreetMap contributors, ODbL"
way,495336883,,false,yes,,,,234,Williams Street,,,,,,,,41.8229044,-71.3953397,https://www.openstreetmap.org/way/495336883,https://overpass-api.de/,"OpenStreetMap contributors, ODbL"
way,495336884,,false,yes,,,,,,,,,,,,,41.822911,-71.3949724,https://www.openstreetmap.org/way/495336884,https://overpass-api.de/,"OpenStreetMap contributors, ODbL"
way,495336885,,false,yes,,,,238,Williams Street,,,,,,,,41.8229127,-71.3951193,https://www.openstreetmap.org/way/495336885,https://overpass-api.de/,"OpenStreetMap contributors, ODbL"
way,495336886,,false,yes,,,,,,,,,,,,,41.822975,-71.3947868,https://www.openstreetmap.org/way/495336886,https://overpass-api.de/,"OpenStreetMap contributors, ODbL"
way,495336887,,false,yes,,,,,,,,,,,,,41.8229697,-71.394632,https://www.openstreetmap.org/way/495336887,https://overpass-api.de/,"OpenStreetMap contributors, ODbL"
way,495336888,,false,yes,,,,256;258,Williams Street,,,,,,,,41.8229841,-71.3944623,https://www.openstreetmap.org/way/495336888,https://overpass-api.de/,"OpenStreetMap contributors, ODbL"
way,495336889,,false,yes,,,,,,,,,,,,,41.8231572,-71.3944311,https://www.openstreetmap.org/way/495336889,https://overpass-api.de/,"OpenStreetMap contributors, ODbL"
way,495336890,,false,yes,,,,,,,,,,,,,41.8230818,-71.394498,https://www.openstreetmap.org/way/495336890,https://overpass-api.de/,"OpenStreetMap contributors, ODbL"
way,495336891,,false,yes,,,,,,,,,,,,,41.8231373,-71.3946067,https://www.openstreetmap.org/way/495336891,https://overpass-api.de/,"OpenStreetMap contributors, ODbL"
way,495336892,,false,yes,,,,,,,,,,,,,41.8230669,-71.3949488,https://www.openstreetmap.org/way/495336892,https://overpass-api.de/,"OpenStreetMap contributors, ODbL"
way,495336893,,false,yes,,,,,,,,,,,,,41.8228947,-71.395611,https://www.openstreetmap.org/way/495336893,https://overpass-api.de/,"OpenStreetMap contributors, ODbL"
way,495336894,,false,yes,,,,,,,,,,,,,41.823071,-71.3957329,https://www.openstreetmap.org/way/495336894,https://overpass-api.de/,"OpenStreetMap contributors, ODbL"
way,495336895,,false,yes,,,,,,,,,,,,,41.8232202,-71.3931108,https://www.openstreetmap.org/way/495336895,https://overpass-api.de/,"OpenStreetMap contributors, ODbL"
way,495336898,,false,yes,,,,,,,,,,,,,41.8233025,-71.3932148,https://www.openstreetmap.org/way/495336898,https://overpass-api.de/,"OpenStreetMap contributors, ODbL"
way,495338619,,false,yes,,,,265,,,,,,,,,41.8227087,-71.394137,https://www.openstreetmap.org/way/495338619,https://overpass-api.de/,"OpenStreetMap contributors, ODbL"
way,495338621,,false,yes,,,,154,Waterman Street,,,,,,,,41.8279724,-71.3949889,https://www.openstreetmap.org/way/495338621,https://overpass-api.de/,"OpenStreetMap contributors, ODbL"
way,495338622,,false,yes,,,,,,,,,,,,,41.8284016,-71.395185,https://www.openstreetmap.org/way/495338622,https://overpass-api.de/,"OpenStreetMap contributors, ODbL"
way,495338623,,false,yes,,,,160,,,,,,,,,41.8279615,-71.3942688,https://www.openstreetmap.org/way/495338623,https://overpass-api.de/,"OpenStreetMap contributors, ODbL"
way,495338629,,false,commercial,,,,150,Waterman Street,Providence,RI,02906,,,,,41.8278392,-71.3956924,https://www.openstreetmap.org/way/495338629,https://overpass-api.de/,"OpenStreetMap contributors, ODbL"
way,495338630,,false,yes,,,,,,,,,,,,,41.8279839,-71.3960839,https://www.openstreetmap.org/way/495338630,https://overpass-api.de/,"OpenStreetMap contributors, ODbL"
way,495338631,,false,commercial,,,,148,Waterman Street,Providence,RI,02906,,,,,41.8278105,-71.3962226,https://www.openstreetmap.org/way/495338631,https://overpass-api.de/,"OpenStreetMap contributors, ODbL"
way,495338632,,false,yes,,,,,,,,,,,,,41.8279235,-71.3959573,https://www.openstreetmap.org/way/495338632,https://overpass-api.de/,"OpenStreetMap contributors, ODbL"
way,495338633,,false,garage,,,,,,,,,,,,,41.8283318,-71.3961508,https://www.openstreetmap.org/way/495338633,https://overpass-api.de/,"OpenStreetMap contributors, ODbL"
way,495340301,Robert Lippitt House,false,yes,,,,193,,,,,,Q132278970,,,41.8277898,-71.3969312,https://www.openstreetmap.org/way/495340301,https://overpass-api.de/,"OpenStreetMap contributors, ODbL"
way,495340302,,false,yes,,,,,,,,,,,,,41.8280143,-71.3966403,https://www.openstreetmap.org/way/495340302,https://overpass-api.de/,"OpenStreetMap contributors, ODbL"
way,495340303,,false,yes,,,,144,,,,,,,,,41.8278445,-71.3965415,https://www.openstreetmap.org/way/495340303,https://overpass-api.de/,"OpenStreetMap contributors, ODbL"
way,495340306,,false,yes,,,,289,,,,,,,,,41.8284943,-71.3959576,https://www.openstreetmap.org/way/495340306,https://overpass-api.de/,"OpenStreetMap contributors, ODbL"
way,495340308,,false,yes,,,,87,,,,,,,,,41.8282993,-71.3957625,https://www.openstreetmap.org/way/495340308,https://overpass-api.de/,"OpenStreetMap contributors, ODbL"
way,495340310,,false,yes,,,,295,Angell Street,,,,,,,,41.828533,-71.3957451,https://www.openstreetmap.org/way/495340310,https://overpass-api.de/,"OpenStreetMap contributors, ODbL"
way,495340313,,false,yes,,,,271,Angell Street,,,,,,,,41.8284125,-71.3964912,https://www.openstreetmap.org/way/495340313,https://overpass-api.de/,"OpenStreetMap contributors, ODbL"
way,495340315,Lippitt House Museum,false,yes,,,,199,Hope Street,Providence,RI,,,Q5589564,en:Governor Henry Lippitt House,https://www.preserveri.org/visit-lippitt-house-museum,41.8282619,-71.3970354,https://www.openstreetmap.org/way/495340315,https://overpass-api.de/,"OpenStreetMap contributors, ODbL"
way,495340316,,false,yes,,,,303,,,,,,,,,41.8286181,-71.3952403,https://www.openstreetmap.org/way/495340316,https://overpass-api.de/,"OpenStreetMap contributors, ODbL"
way,495340317,,false,yes,,,,311,Angell Street,,,,,,,,41.8286486,-71.3950113,https://www.openstreetmap.org/way/495340317,https://overpass-api.de/,"OpenStreetMap contributors, ODbL"
way,495340318,,false,yes,,,,315,,,,,,,,,41.8286926,-71.3947709,https://www.openstreetmap.org/way/495340318,https://overpass-api.de/,"OpenStreetMap contributors, ODbL"
way,495340319,,false,yes,,,,323,,,,,,,,,41.8287196,-71.3945696,https://www.openstreetmap.org/way/495340319,https://overpass-api.de/,"OpenStreetMap contributors, ODbL"
way,495340320,,false,yes,,,,325,Angell Street,,,,,,,,41.8287613,-71.3944226,https://www.openstreetmap.org/way/495340320,https://overpass-api.de/,"OpenStreetMap contributors, ODbL"
way,495340321,,false,yes,,,,335;339,Angell Street,,,,,,,,41.8288538,-71.3942041,https://www.openstreetmap.org/way/495340321,https://overpass-api.de/,"OpenStreetMap contributors, ODbL"
way,495340322,,false,yes,,,,294,,,,,,,,,41.8287291,-71.3941335,https://www.openstreetmap.org/way/495340322,https://overpass-api.de/,"OpenStreetMap contributors, ODbL"
way,495340323,,false,yes,,,,210,,,,,,,,,41.8285766,-71.3941746,https://www.openstreetmap.org/way/495340323,https://overpass-api.de/,"OpenStreetMap contributors, ODbL"
way,495340324,,false,yes,,,,208,,,,,,,,,41.8284177,-71.394183,https://www.openstreetmap.org/way/495340324,https://overpass-api.de/,"OpenStreetMap contributors, ODbL"
way,529522686,,false,yes,,,,,,,,,,,,,41.8225264,-71.400366,https://www.openstreetmap.org/way/529522686,https://overpass-api.de/,"OpenStreetMap contributors, ODbL"
way,529522687,,false,yes,,,,,,,,,,,,,41.8226708,-71.4013762,https://www.openstreetmap.org/way/529522687,https://overpass-api.de/,"OpenStreetMap contributors, ODbL"
way,529592385,SoMain 3,false,yes,,,,,,,,,,,,,41.8220184,-71.404979,https://www.openstreetmap.org/way/529592385,https://overpass-api.de/,"OpenStreetMap contributors, ODbL"
way,529592386,SoMain 2,false,yes,,,,,,,,,,,,,41.8222641,-71.405189,https://www.openstreetmap.org/way/529592386,https://overpass-api.de/,"OpenStreetMap contributors, ODbL"
way,529684569,Fire House,false,yes,,,,,,,,,,,,,41.8218548,-71.4048631,https://www.openstreetmap.org/way/529684569,https://overpass-api.de/,"OpenStreetMap contributors, ODbL"
way,539995580,,false,yes,,,,,,,,,,,,,41.8258008,-71.393263,https://www.openstreetmap.org/way/539995580,https://overpass-api.de/,"OpenStreetMap contributors, ODbL"
way,539995581,,false,yes,,,,149;151,,,,,,,,,41.8258833,-71.3935318,https://www.openstreetmap.org/way/539995581,https://overpass-api.de/,"OpenStreetMap contributors, ODbL"
way,539995582,,false,house,,,,158,Governor Street,,,,,,,,41.8260022,-71.3941018,https://www.openstreetmap.org/way/539995582,https://overpass-api.de/,"OpenStreetMap contributors, ODbL"
way,539995661,,false,house,,,,276,George Street,,,,,,,,41.8260081,-71.394476,https://www.openstreetmap.org/way/539995661,https://overpass-api.de/,"OpenStreetMap contributors, ODbL"
way,539995662,,false,yes,,,,272,George Street,,,,,,,,41.8260943,-71.3947467,https://www.openstreetmap.org/way/539995662,https://overpass-api.de/,"OpenStreetMap contributors, ODbL"
way,540183719,,false,house,,,,,,,,,,,,,41.821547,-71.3940345,https://www.openstreetmap.org/way/540183719,https://overpass-api.de/,"OpenStreetMap contributors, ODbL"
way,542069422,J.G. Eddy & Co. Building,false,yes,,,,,,,,,5,,,,41.8240861,-71.4091759,https://www.openstreetmap.org/way/542069422,https://overpass-api.de/,"OpenStreetMap contributors, ODbL"
way,542069423,Bank of North America Building,false,yes,,,,,,,,,5,,,,41.8240093,-71.4095005,https://www.openstreetmap.org/way/542069423,https://overpass-api.de/,"OpenStreetMap contributors, ODbL"
way,542069645,,false,office,,,,,,,,,,,,,41.8239593,-71.410092,https://www.openstreetmap.org/way/542069645,https://overpass-api.de/,"OpenStreetMap contributors, ODbL"
way,542070099,,false,yes,,,,,,,,,3,,,,41.8231088,-71.4099269,https://www.openstreetmap.org/way/542070099,https://overpass-api.de/,"OpenStreetMap contributors, ODbL"
way,542070100,,false,yes,,,,,,,,,3,,,,41.8231925,-71.4100631,https://www.openstreetmap.org/way/542070100,https://overpass-api.de/,"OpenStreetMap contributors, ODbL"
way,542070101,,false,yes,,,,,,,,,3,,,,41.8226983,-71.4092304,https://www.openstreetmap.org/way/542070101,https://overpass-api.de/,"OpenStreetMap contributors, ODbL"
way,547976628,Applied Math Building,true,university,,,,170,George Street,Providence,RI,02912,,,,,41.8260291,-71.3976011,https://www.openstreetmap.org/way/547976628,https://overpass-api.de/,"OpenStreetMap contributors, ODbL"
way,562622514,Barus & Holley,true,university,,,,184,Hope Street,Providence,RI,02912,,,,,41.826544,-71.3978721,https://www.openstreetmap.org/way/562622514,https://overpass-api.de/,"OpenStreetMap contributors, ODbL"
way,643483721,The Music Mansion,false,yes,events_venue,,,,,,,,,,,https://www.musicmansion.org/,41.8289765,-71.4065698,https://www.openstreetmap.org/way/643483721,https://overpass-api.de/,"OpenStreetMap contributors, ODbL"
way,643483723,,false,yes,,,,,,,,,,,,,41.8291378,-71.4057384,https://www.openstreetmap.org/way/643483723,https://overpass-api.de/,"OpenStreetMap contributors, ODbL"
way,643483725,,false,yes,,,,,,,,,,,,,41.829264,-71.4060346,https://www.openstreetmap.org/way/643483725,https://overpass-api.de/,"OpenStreetMap contributors, ODbL"
way,643483726,,false,yes,,,,,,,,,,,,,41.8292651,-71.4059424,https://www.openstreetmap.org/way/643483726,https://overpass-api.de/,"OpenStreetMap contributors, ODbL"
way,643483728,,false,yes,,,,72,Meeting Street,,,,,,,,41.8288395,-71.4072073,https://www.openstreetmap.org/way/643483728,https://overpass-api.de/,"OpenStreetMap contributors, ODbL"
way,643483730,,false,yes,,,,34,Congdon Street,,,,,,,,41.8288408,-71.4070196,https://www.openstreetmap.org/way/643483730,https://overpass-api.de/,"OpenStreetMap contributors, ODbL"
way,643483731,Carpenter House,false,yes,,,,,,,,,,Q131978267,,,41.8277932,-71.4065272,https://www.openstreetmap.org/way/643483731,https://overpass-api.de/,"OpenStreetMap contributors, ODbL"
way,643483733,Pardon Miller House,false,yes,,,,,,,,,,Q131978274,,,41.827882,-71.4059045,https://www.openstreetmap.org/way/643483733,https://overpass-api.de/,"OpenStreetMap contributors, ODbL"
way,643483736,Dexter House,false,yes,,,,,,,,,,,,,41.8281526,-71.4076957,https://www.openstreetmap.org/way/643483736,https://overpass-api.de/,"OpenStreetMap contributors, ODbL"
way,643483737,Congdon Street Baptist Church,false,yes,place_of_worship,,,,,,,,,Q5160395,,,41.8282293,-71.4065733,https://www.openstreetmap.org/way/643483737,https://overpass-api.de/,"OpenStreetMap contributors, ODbL"
way,643483739,,false,yes,,,,,,,,,,,,,41.8283921,-71.4064177,https://www.openstreetmap.org/way/643483739,https://overpass-api.de/,"OpenStreetMap contributors, ODbL"
way,643483741,Captain George Benson House,false,yes,,,,,,,,,,Q131978243,,,41.8279632,-71.405289,https://www.openstreetmap.org/way/643483741,https://overpass-api.de/,"OpenStreetMap contributors, ODbL"
way,643483742,Barstow House,false,yes,,,,62,Waterman Street,,,,,,,,41.8271179,-71.4049398,https://www.openstreetmap.org/way/643483742,https://overpass-api.de/,"OpenStreetMap contributors, ODbL"
way,643483744,Thompson House,false,yes,,,,,,,,,,,,,41.8274872,-71.4052284,https://www.openstreetmap.org/way/643483744,https://overpass-api.de/,"OpenStreetMap contributors, ODbL"
way,643483745,Larned House,false,yes,,,,,,,,,,,,,41.8275295,-71.4049512,https://www.openstreetmap.org/way/643483745,https://overpass-api.de/,"OpenStreetMap contributors, ODbL"
way,643483748,,false,garage,,,,,,,,,,,,,41.824411,-71.3984907,https://www.openstreetmap.org/way/643483748,https://overpass-api.de/,"OpenStreetMap contributors, ODbL"
way,643483750,,false,yes,,,,,,,,,,,,,41.8237845,-71.3965779,https://www.openstreetmap.org/way/643483750,https://overpass-api.de/,"OpenStreetMap contributors, ODbL"
way,643483751,,false,yes,,,,125,,,,,,,,,41.823707,-71.3967937,https://www.openstreetmap.org/way/643483751,https://overpass-api.de/,"OpenStreetMap contributors, ODbL"
way,643483753,,false,yes,,,,108;110,Waterman Street,,RI,,,,,,41.8275318,-71.4000526,https://www.openstreetmap.org/way/643483753,https://overpass-api.de/,"OpenStreetMap contributors, ODbL"
way,643483757,,false,apartments,,,,199;201;203,,,,,,,,,41.8280219,-71.3996863,https://www.openstreetmap.org/way/643483757,https://overpass-api.de/,"OpenStreetMap contributors, ODbL"
way,643483764,,false,yes,,,,,,,,,,,,,41.8306963,-71.3995933,https://www.openstreetmap.org/way/643483764,https://overpass-api.de/,"OpenStreetMap contributors, ODbL"
way,643483765,,false,yes,,,,,,,,,,,,,41.830741,-71.3993555,https://www.openstreetmap.org/way/643483765,https://overpass-api.de/,"OpenStreetMap contributors, ODbL"
way,643483766,,false,yes,,,,,,,,,,,,,41.8310996,-71.3996219,https://www.openstreetmap.org/way/643483766,https://overpass-api.de/,"OpenStreetMap contributors, ODbL"
way,643483767,,false,yes,,,,,,,,,,,,,41.8312837,-71.3997225,https://www.openstreetmap.org/way/643483767,https://overpass-api.de/,"OpenStreetMap contributors, ODbL"
way,643483768,,false,yes,,,,,,,,,,,,,41.8311754,-71.4001307,https://www.openstreetmap.org/way/643483768,https://overpass-api.de/,"OpenStreetMap contributors, ODbL"
way,643483769,,false,yes,,,,165-167,Lloyd Avenue,,,,,,,,41.8313201,-71.4006189,https://www.openstreetmap.org/way/643483769,https://overpass-api.de/,"OpenStreetMap contributors, ODbL"
way,643483770,,false,yes,,,,,,,,,,,,,41.8313316,-71.4013352,https://www.openstreetmap.org/way/643483770,https://overpass-api.de/,"OpenStreetMap contributors, ODbL"
way,643483771,,false,yes,,,,,,,,,,,,,41.8317094,-71.4001459,https://www.openstreetmap.org/way/643483771,https://overpass-api.de/,"OpenStreetMap contributors, ODbL"
way,643483772,,false,yes,,,,,,,,,,,,,41.8320928,-71.4004251,https://www.openstreetmap.org/way/643483772,https://overpass-api.de/,"OpenStreetMap contributors, ODbL"
way,643483773,,false,yes,,,,,,,,,,,,,41.8326383,-71.4000382,https://www.openstreetmap.org/way/643483773,https://overpass-api.de/,"OpenStreetMap contributors, ODbL"
way,643483774,,false,yes,,,,,,,,,,,,,41.8325315,-71.4020842,https://www.openstreetmap.org/way/643483774,https://overpass-api.de/,"OpenStreetMap contributors, ODbL"
way,643483777,,false,yes,,,,,,,,,,,,,41.8325496,-71.4017381,https://www.openstreetmap.org/way/643483777,https://overpass-api.de/,"OpenStreetMap contributors, ODbL"
way,643483781,,false,yes,,,,,,,,,,,,,41.8324351,-71.4016458,https://www.openstreetmap.org/way/643483781,https://overpass-api.de/,"OpenStreetMap contributors, ODbL"
way,643483782,,false,yes,,,,,,,,,,,,,41.8324828,-71.4031614,https://www.openstreetmap.org/way/643483782,https://overpass-api.de/,"OpenStreetMap contributors, ODbL"
way,643483783,,false,yes,,,,,,,,,,,,,41.8325343,-71.403316,https://www.openstreetmap.org/way/643483783,https://overpass-api.de/,"OpenStreetMap contributors, ODbL"
way,643483784,,false,yes,,,,,,,,,,,,,41.8325813,-71.4036964,https://www.openstreetmap.org/way/643483784,https://overpass-api.de/,"OpenStreetMap contributors, ODbL"
way,643483785,,false,yes,,,,,,,,,,,,,41.8319868,-71.4035116,https://www.openstreetmap.org/way/643483785,https://overpass-api.de/,"OpenStreetMap contributors, ODbL"
way,643483786,,false,yes,,,,,,,,,,,,,41.8317803,-71.4029927,https://www.openstreetmap.org/way/643483786,https://overpass-api.de/,"OpenStreetMap contributors, ODbL"
way,643483787,,false,yes,,,,,,,,,,,,,41.8318304,-71.4023308,https://www.openstreetmap.org/way/643483787,https://overpass-api.de/,"OpenStreetMap contributors, ODbL"
way,643483788,,false,yes,,,,,,,,,,,,,41.8318232,-71.4017296,https://www.openstreetmap.org/way/643483788,https://overpass-api.de/,"OpenStreetMap contributors, ODbL"
way,643485279,,false,yes,,,,,,,,,,,,,41.8301243,-71.4066916,https://www.openstreetmap.org/way/643485279,https://overpass-api.de/,"OpenStreetMap contributors, ODbL"
way,643485280,,false,yes,,,,,,,,,,,,,41.8303786,-71.406585,https://www.openstreetmap.org/way/643485280,https://overpass-api.de/,"OpenStreetMap contributors, ODbL"
way,643485281,,false,yes,,,,,,,,,,,,,41.8302529,-71.4059509,https://www.openstreetmap.org/way/643485281,https://overpass-api.de/,"OpenStreetMap contributors, ODbL"
way,644279340,Cathedral of Saint John the Episcopal,false,church,place_of_worship,,,,,,,,,Q5052392,"en:Cathedral of St. John (Providence, Rhode Island)",,41.8311119,-71.4099686,https://www.openstreetmap.org/way/644279340,https://overpass-api.de/,"OpenStreetMap contributors, ODbL"
way,655752023,,false,yes,,,,,,,,,,,,,41.8202938,-71.3930129,https://www.openstreetmap.org/way/655752023,https://overpass-api.de/,"OpenStreetMap contributors, ODbL"
way,660704082,,false,yes,,,,,,,,,,,,,41.824015,-71.4057394,https://www.openstreetmap.org/way/660704082,https://overpass-api.de/,"OpenStreetMap contributors, ODbL"
way,660704083,,false,yes,,,,,,,,,,,,,41.8241407,-71.4058203,https://www.openstreetmap.org/way/660704083,https://overpass-api.de/,"OpenStreetMap contributors, ODbL"
way,660704084,,false,yes,,,,,,,,,,,,,41.8262038,-71.3966803,https://www.openstreetmap.org/way/660704084,https://overpass-api.de/,"OpenStreetMap contributors, ODbL"
way,660704085,,true,university,,,,84-86,,,,,,,,,41.8298733,-71.4031001,https://www.openstreetmap.org/way/660704085,https://overpass-api.de/,"OpenStreetMap contributors, ODbL"
way,660704086,,false,yes,,,,,,,,,,,,,41.8311625,-71.4019791,https://www.openstreetmap.org/way/660704086,https://overpass-api.de/,"OpenStreetMap contributors, ODbL"
way,660704087,,false,yes,,,,,,,,,,,,,41.8311666,-71.4020572,https://www.openstreetmap.org/way/660704087,https://overpass-api.de/,"OpenStreetMap contributors, ODbL"
way,660704088,,false,yes,,,,,,,,,,,,,41.8311604,-71.4022667,https://www.openstreetmap.org/way/660704088,https://overpass-api.de/,"OpenStreetMap contributors, ODbL"
way,660704089,,false,yes,,,,,,,,,,,,,41.8311484,-71.4024501,https://www.openstreetmap.org/way/660704089,https://overpass-api.de/,"OpenStreetMap contributors, ODbL"
way,660704090,,false,yes,,,,,,,,,,,,,41.8310837,-71.4024073,https://www.openstreetmap.org/way/660704090,https://overpass-api.de/,"OpenStreetMap contributors, ODbL"
way,660704091,,false,yes,,,,,,,,,,,,,41.8311438,-71.4026863,https://www.openstreetmap.org/way/660704091,https://overpass-api.de/,"OpenStreetMap contributors, ODbL"
way,660704092,,false,yes,,,,,,,,,,,,,41.8310628,-71.4027169,https://www.openstreetmap.org/way/660704092,https://overpass-api.de/,"OpenStreetMap contributors, ODbL"
way,660704093,,false,yes,,,,,,,,,,,,,41.8311454,-71.4033375,https://www.openstreetmap.org/way/660704093,https://overpass-api.de/,"OpenStreetMap contributors, ODbL"
way,660704094,,false,yes,,,,,,,,,,,,,41.8309422,-71.4034415,https://www.openstreetmap.org/way/660704094,https://overpass-api.de/,"OpenStreetMap contributors, ODbL"
way,660704095,,false,shed,,,,,,,,,,,,,41.8215016,-71.3974097,https://www.openstreetmap.org/way/660704095,https://overpass-api.de/,"OpenStreetMap contributors, ODbL"
way,660704097,Stephen Robert Hall,true,university,,,,280,Brook Street,Providence,,,3,,,,41.8242878,-71.3991625,https://www.openstreetmap.org/way/660704097,https://overpass-api.de/,"OpenStreetMap contributors, ODbL"
way,660707736,,false,yes,,,,,,,,,,,,,41.8278197,-71.4012264,https://www.openstreetmap.org/way/660707736,https://overpass-api.de/,"OpenStreetMap contributors, ODbL"
way,660707737,,false,yes,,,,,,,,,,,,,41.8253251,-71.3981582,https://www.openstreetmap.org/way/660707737,https://overpass-api.de/,"OpenStreetMap contributors, ODbL"
way,660707738,,false,yes,,,,73,Manning Street,,,,,,,,41.8265344,-71.3940932,https://www.openstreetmap.org/way/660707738,https://overpass-api.de/,"OpenStreetMap contributors, ODbL"
way,660707739,,false,yes,,,,168,Governor Street,,,,,,,,41.8263678,-71.3941512,https://www.openstreetmap.org/way/660707739,https://overpass-api.de/,"OpenStreetMap contributors, ODbL"
way,660707740,,false,yes,,,,71,Manning Street,,,,,,,,41.8265448,-71.3943063,https://www.openstreetmap.org/way/660707740,https://overpass-api.de/,"OpenStreetMap contributors, ODbL"
way,660707741,,false,yes,,,,,,,,,,,,,41.8264868,-71.3945845,https://www.openstreetmap.org/way/660707741,https://overpass-api.de/,"OpenStreetMap contributors, ODbL"
way,660707742,,false,garage,,,,,,,,,,,,,41.8261173,-71.3942749,https://www.openstreetmap.org/way/660707742,https://overpass-api.de/,"OpenStreetMap contributors, ODbL"
way,660707743,,false,garage,,,,,,,,,,,,,41.826007,-71.3942657,https://www.openstreetmap.org/way/660707743,https://overpass-api.de/,"OpenStreetMap contributors, ODbL"
way,660707744,,false,garage,,,,,,,,,,,,,41.8255139,-71.3943559,https://www.openstreetmap.org/way/660707744,https://overpass-api.de/,"OpenStreetMap contributors, ODbL"
way,660707745,,false,garage,,,,,,,,,,,,,41.8253827,-71.3943499,https://www.openstreetmap.org/way/660707745,https://overpass-api.de/,"OpenStreetMap contributors, ODbL"
way,660707746,,false,yes,,,,253,George Street,,,,,,,,41.8256738,-71.3947269,https://www.openstreetmap.org/way/660707746,https://overpass-api.de/,"OpenStreetMap contributors, ODbL"
way,660707747,,false,residential,,,,106,Benevolent Street,Providence,RI,02906,,,,,41.8252613,-71.3963408,https://www.openstreetmap.org/way/660707747,https://overpass-api.de/,"OpenStreetMap contributors, ODbL"
way,660707748,,false,residential,,,,157,Hope Street,Providence,RI,02906,,,,,41.825278,-71.3970398,https://www.openstreetmap.org/way/660707748,https://overpass-api.de/,"OpenStreetMap contributors, ODbL"
way,660707749,,false,yes,,,,,,,,,,,,,41.824746,-71.3980919,https://www.openstreetmap.org/way/660707749,https://overpass-api.de/,"OpenStreetMap contributors, ODbL"
way,660707752,Annex,false,yes,,,,,,,,,,,,,41.8251781,-71.3995745,https://www.openstreetmap.org/way/660707752,https://overpass-api.de/,"OpenStreetMap contributors, ODbL"
way,660707766,,false,yes,,,,,,,,,,,,,41.8285767,-71.394403,https://www.openstreetmap.org/way/660707766,https://overpass-api.de/,"OpenStreetMap contributors, ODbL"
way,660707768,,false,yes,,,,,,,,,,,,,41.8285,-71.3946483,https://www.openstreetmap.org/way/660707768,https://overpass-api.de/,"OpenStreetMap contributors, ODbL"
way,660707769,,false,yes,,,,,,,,,,,,,41.8285157,-71.3945722,https://www.openstreetmap.org/way/660707769,https://overpass-api.de/,"OpenStreetMap contributors, ODbL"
way,660707771,,false,yes,,,,,,,,,,,,,41.8284983,-71.3951653,https://www.openstreetmap.org/way/660707771,https://overpass-api.de/,"OpenStreetMap contributors, ODbL"
way,660707773,,false,yes,,,,51;53,Manning Street,,,,,,,,41.8265166,-71.396497,https://www.openstreetmap.org/way/660707773,https://overpass-api.de/,"OpenStreetMap contributors, ODbL"
way,660707774,,false,yes,,,,,,,,,,,,,41.825882,-71.3933636,https://www.openstreetmap.org/way/660707774,https://overpass-api.de/,"OpenStreetMap contributors, ODbL"
way,660707776,,false,yes,,,,,,,,,,,,,41.825932,-71.3933705,https://www.openstreetmap.org/way/660707776,https://overpass-api.de/,"OpenStreetMap contributors, ODbL"
way,660707778,,false,yes,,,,,,,,,,,,,41.8259981,-71.3934223,https://www.openstreetmap.org/way/660707778,https://overpass-api.de/,"OpenStreetMap contributors, ODbL"
way,660707785,,false,yes,,,,,,,,,,,,,41.829588,-71.4004791,https://www.openstreetmap.org/way/660707785,https://overpass-api.de/,"OpenStreetMap contributors, ODbL"
way,685443179,Textron Tower,false,yes,,,,40,Westminster Street,Providence,RI,02903,23,Q7708506,en:Textron Tower,,41.8249489,-71.4092131,https://www.openstreetmap.org/way/685443179,https://overpass-api.de/,"OpenStreetMap contributors, ODbL"
way,708547581,Hay Buildings,false,commercial,,,,117-135,Dyer Street,Providence,RI,02903,4,Q14709411,en:Hay and Owen Buildings,,41.8232992,-71.408614,https://www.openstreetmap.org/way/708547581,https://overpass-api.de/,"OpenStreetMap contributors, ODbL"
way,710679438,Wexford Innovation Complex,false,commercial,,,,225,Dyer Street,Providence,RI,02903,7,,,,41.8201703,-71.4087273,https://www.openstreetmap.org/way/710679438,https://overpass-api.de/,"OpenStreetMap contributors, ODbL"
way,721684020,Rochambeau House,false,house,,,,84,Prospect Street,Providence,RI,02912,3,,,,41.8299373,-71.4056822,https://www.openstreetmap.org/way/721684020,https://overpass-api.de/,"OpenStreetMap contributors, ODbL"
way,722019137,Machado House,false,house,,,,87,Prospect Street,Providence,RI,02912,2,,,,41.8301053,-71.4047891,https://www.openstreetmap.org/way/722019137,https://overpass-api.de/,"OpenStreetMap contributors, ODbL"
way,722023788,Gerard House,false,house,,,,54,College Street,Providence,RI,02903,,,,,41.8263103,-71.4059644,https://www.openstreetmap.org/way/722023788,https://overpass-api.de/,"OpenStreetMap contributors, ODbL"
way,753157373,,false,yes,shelter,,,,,,,,,,,,41.8219455,-71.4057638,https://www.openstreetmap.org/way/753157373,https://overpass-api.de/,"OpenStreetMap contributors, ODbL"
way,766362860,Archibald-Bronson House,true,dormitory,,,,17,Benevolent Street,Providence,RI,02912,4,,,,41.8241784,-71.4030438,https://www.openstreetmap.org/way/766362860,https://overpass-api.de/,"OpenStreetMap contributors, ODbL"
way,766362862,Everett-Poland Building,true,dormitory,,,,13,Benevolent Street,Providence,RI,02912,5,,,,41.8241714,-71.4033748,https://www.openstreetmap.org/way/766362862,https://overpass-api.de/,"OpenStreetMap contributors, ODbL"
way,766362867,Jameson-Mead Building,true,dormitory,,,,11,Benevolent Street,Providence,RI,02912,4,,,,41.8241637,-71.4036924,https://www.openstreetmap.org/way/766362867,https://overpass-api.de/,"OpenStreetMap contributors, ODbL"
way,771419730,,false,yes,,,,,,,,,,,,,41.8324724,-71.4058802,https://www.openstreetmap.org/way/771419730,https://overpass-api.de/,"OpenStreetMap contributors, ODbL"
way,771419750,What Cheer Garage & Studios,false,yes,,,,,,,,,,,,,41.8288265,-71.4085864,https://www.openstreetmap.org/way/771419750,https://overpass-api.de/,"OpenStreetMap contributors, ODbL"
way,771419755,Canal Street Studios,false,yes,,RISD,,,,,,,,,,,41.8280879,-71.4101919,https://www.openstreetmap.org/way/771419755,https://overpass-api.de/,"OpenStreetMap contributors, ODbL"
way,771419783,,false,yes,,,,,,,,,,,,,41.8330406,-71.4085841,https://www.openstreetmap.org/way/771419783,https://overpass-api.de/,"OpenStreetMap contributors, ODbL"
way,771419787,,false,residential,,,,140,Prospect Street,Providence,RI,02906,,,,,41.8333483,-71.4067639,https://www.openstreetmap.org/way/771419787,https://overpass-api.de/,"OpenStreetMap contributors, ODbL"
way,771419861,Central Heating Plant,false,yes,,,,,,,,,,,,,41.8319748,-71.3973792,https://www.openstreetmap.org/way/771419861,https://overpass-api.de/,"OpenStreetMap contributors, ODbL"
way,771419892,St. Joseph's,false,yes,place_of_worship,,,,,,,,,Q7589215,,,41.8214005,-71.3967113,https://www.openstreetmap.org/way/771419892,https://overpass-api.de/,"OpenStreetMap contributors, ODbL"
way,771419910,,false,yes,,,,,,,,,,,,,41.8315652,-71.4055333,https://www.openstreetmap.org/way/771419910,https://overpass-api.de/,"OpenStreetMap contributors, ODbL"
way,771419993,First Baptist Church in America,false,yes,place_of_worship,,,,,,,,,Q5452450,,,41.8274577,-71.4082842,https://www.openstreetmap.org/way/771419993,https://overpass-api.de/,"OpenStreetMap contributors, ODbL"
way,771420037,,false,yes,,,,,,,,,,,,,41.8248114,-71.4068037,https://www.openstreetmap.org/way/771420037,https://overpass-api.de/,"OpenStreetMap contributors, ODbL"
way,771420044,"First Church of Christ, Scientist",false,yes,place_of_worship,,,,,,,,,,,,41.8291392,-71.4047574,https://www.openstreetmap.org/way/771420044,https://overpass-api.de/,"OpenStreetMap contributors, ODbL"
way,771420050,,false,yes,,,,,,,,,,,,,41.8300593,-71.4095537,https://www.openstreetmap.org/way/771420050,https://overpass-api.de/,"OpenStreetMap contributors, ODbL"
way,771420110,,false,yes,,,,,,,,,,,,,41.8321627,-71.4064831,https://www.openstreetmap.org/way/771420110,https://overpass-api.de/,"OpenStreetMap contributors, ODbL"
way,771420131,,false,yes,,,,,,,,,,,,,41.8250003,-71.406993,https://www.openstreetmap.org/way/771420131,https://overpass-api.de/,"OpenStreetMap contributors, ODbL"
way,771420140,Illustration Studies Building,false,yes,,,,,,,,,,,,,41.82654,-71.4091042,https://www.openstreetmap.org/way/771420140,https://overpass-api.de/,"OpenStreetMap contributors, ODbL"
way,771420187,,false,yes,,,,,,,,,,,,,41.8323157,-71.4068951,https://www.openstreetmap.org/way/771420187,https://overpass-api.de/,"OpenStreetMap contributors, ODbL"
way,771420193,Providence Fire Department,false,yes,fire_station,,,,,,,,,,,,41.8287975,-71.4092673,https://www.openstreetmap.org/way/771420193,https://overpass-api.de/,"OpenStreetMap contributors, ODbL"
way,771420198,,false,yes,,,,,,,,,,,,,41.8315383,-71.407432,https://www.openstreetmap.org/way/771420198,https://overpass-api.de/,"OpenStreetMap contributors, ODbL"
way,771420217,,false,yes,,,,96;100;102,Bowen Street,,,,,,,,41.8306968,-71.4067587,https://www.openstreetmap.org/way/771420217,https://overpass-api.de/,"OpenStreetMap contributors, ODbL"
way,771420221,,false,yes,,,,,,,,,,,,,41.8246288,-71.4059277,https://www.openstreetmap.org/way/771420221,https://overpass-api.de/,"OpenStreetMap contributors, ODbL"
way,771420230,,false,yes,,,,,,,,,,,,,41.8325423,-71.40681,https://www.openstreetmap.org/way/771420230,https://overpass-api.de/,"OpenStreetMap contributors, ODbL"
way,771420237,,false,yes,,,,220;222,South Main Street,,,,,,,,41.8229465,-71.4053693,https://www.openstreetmap.org/way/771420237,https://overpass-api.de/,"OpenStreetMap contributors, ODbL"
way,771420239,,false,yes,,,,34,Benefit Street,,,,,,,,41.8330455,-71.410058,https://www.openstreetmap.org/way/771420239,https://overpass-api.de/,"OpenStreetMap contributors, ODbL"
way,771420252,,false,yes,,,,,,,,,,,,,41.831766,-71.405718,https://www.openstreetmap.org/way/771420252,https://overpass-api.de/,"OpenStreetMap contributors, ODbL"
way,771420262,,false,yes,,,,,,,,,,,,,41.8318127,-71.4051644,https://www.openstreetmap.org/way/771420262,https://overpass-api.de/,"OpenStreetMap contributors, ODbL"
way,771420288,,false,yes,,,,226,South Main Street,,,,,,,,41.8228544,-71.4051201,https://www.openstreetmap.org/way/771420288,https://overpass-api.de/,"OpenStreetMap contributors, ODbL"
way,771420324,,false,yes,,,,,,,,,,,,,41.8308118,-71.4094695,https://www.openstreetmap.org/way/771420324,https://overpass-api.de/,"OpenStreetMap contributors, ODbL"
way,771420346,,false,yes,,,,,,,,,,,,,41.8286529,-71.4044266,https://www.openstreetmap.org/way/771420346,https://overpass-api.de/,"OpenStreetMap contributors, ODbL"
way,771420357,,false,yes,,,,,,,,,,,,,41.8329325,-71.406897,https://www.openstreetmap.org/way/771420357,https://overpass-api.de/,"OpenStreetMap contributors, ODbL"
way,771420366,,false,yes,,,,,,,,,,,,,41.8284359,-71.3946295,https://www.openstreetmap.org/way/771420366,https://overpass-api.de/,"OpenStreetMap contributors, ODbL"
way,771420367,Page Building,false,yes,,,,,,,,,,,,,41.8231849,-71.4056154,https://www.openstreetmap.org/way/771420367,https://overpass-api.de/,"OpenStreetMap contributors, ODbL"
way,771420471,,false,yes,,,,,,,,,,,,,41.8284666,-71.4038805,https://www.openstreetmap.org/way/771420471,https://overpass-api.de/,"OpenStreetMap contributors, ODbL"
way,771420502,,false,yes,,,,104,,,,,,,,,41.831355,-71.4062005,https://www.openstreetmap.org/way/771420502,https://overpass-api.de/,"OpenStreetMap contributors, ODbL"
way,771420535,,false,yes,,,,48,Lloyd Avenue,,,,,,,,41.8315252,-71.4051803,https://www.openstreetmap.org/way/771420535,https://overpass-api.de/,"OpenStreetMap contributors, ODbL"
way,771420538,Benson Hall,false,yes,,,,235,Benefit Street,,,,,,,,41.8264685,-71.4068255,https://www.openstreetmap.org/way/771420538,https://overpass-api.de/,"OpenStreetMap contributors, ODbL"
way,771420557,,false,yes,,,,,,,,,,,,,41.8318748,-71.4063079,https://www.openstreetmap.org/way/771420557,https://overpass-api.de/,"OpenStreetMap contributors, ODbL"
way,771420561,,false,yes,,,,,,,,,,,,,41.8283892,-71.4042943,https://www.openstreetmap.org/way/771420561,https://overpass-api.de/,"OpenStreetMap contributors, ODbL"
way,771420562,,false,yes,,,,,,,,,,,,,41.8314046,-71.406825,https://www.openstreetmap.org/way/771420562,https://overpass-api.de/,"OpenStreetMap contributors, ODbL"
way,771420606,,false,yes,,,,,,,,,,,,,41.8329447,-71.405408,https://www.openstreetmap.org/way/771420606,https://overpass-api.de/,"OpenStreetMap contributors, ODbL"
way,771420614,,false,yes,,,,,,,,,,,,,41.8290684,-71.3950618,https://www.openstreetmap.org/way/771420614,https://overpass-api.de/,"OpenStreetMap contributors, ODbL"
way,771420632,,false,yes,,,,20,,,,,,,,,41.828489,-71.403644,https://www.openstreetmap.org/way/771420632,https://overpass-api.de/,"OpenStreetMap contributors, ODbL"
way,771420648,,false,yes,,,,,,,,,,,,,41.8330489,-71.4060744,https://www.openstreetmap.org/way/771420648,https://overpass-api.de/,"OpenStreetMap contributors, ODbL"
way,771420688,,false,yes,,,,,,,,,,,,,41.8333403,-71.4100558,https://www.openstreetmap.org/way/771420688,https://overpass-api.de/,"OpenStreetMap contributors, ODbL"
way,771420718,,false,yes,,,,,,,,,,,,,41.8340542,-71.4099917,https://www.openstreetmap.org/way/771420718,https://overpass-api.de/,"OpenStreetMap contributors, ODbL"
way,771420724,Carr House,true,university,,,,,,,,,,,,,41.8270556,-71.4075981,https://www.openstreetmap.org/way/771420724,https://overpass-api.de/,"OpenStreetMap contributors, ODbL"
way,771420745,,false,yes,,,,106,,,,,,,,,41.8316119,-71.4063389,https://www.openstreetmap.org/way/771420745,https://overpass-api.de/,"OpenStreetMap contributors, ODbL"
way,771420751,,false,yes,,,,,,,,,,,,,41.8321512,-71.4058751,https://www.openstreetmap.org/way/771420751,https://overpass-api.de/,"OpenStreetMap contributors, ODbL"
way,771420752,,false,yes,,,,52,Lloyd Avenue,,,,,,,,41.8315434,-71.4047958,https://www.openstreetmap.org/way/771420752,https://overpass-api.de/,"OpenStreetMap contributors, ODbL"
way,771420795,,false,yes,,,,,,,,,,,,,41.8322218,-71.4053815,https://www.openstreetmap.org/way/771420795,https://overpass-api.de/,"OpenStreetMap contributors, ODbL"
way,771420807,,false,yes,,,,,,,,,,,,,41.8312665,-71.4066395,https://www.openstreetmap.org/way/771420807,https://overpass-api.de/,"OpenStreetMap contributors, ODbL"
way,771420819,,false,yes,,,,,,,,,,,,,41.8280154,-71.4040102,https://www.openstreetmap.org/way/771420819,https://overpass-api.de/,"OpenStreetMap contributors, ODbL"
way,771420821,,false,yes,,,,,,,,,,,,,41.8334888,-71.3972762,https://www.openstreetmap.org/way/771420821,https://overpass-api.de/,"OpenStreetMap contributors, ODbL"
way,771420823,,false,yes,,,,,,,,,,,,,41.8333685,-71.4095391,https://www.openstreetmap.org/way/771420823,https://overpass-api.de/,"OpenStreetMap contributors, ODbL"
way,771420825,,false,yes,,,,,,,,,,,,,41.83228,-71.4041937,https://www.openstreetmap.org/way/771420825,https://overpass-api.de/,"OpenStreetMap contributors, ODbL"
way,771420827,,false,yes,,,,,,,,,,,,,41.8234987,-71.4053197,https://www.openstreetmap.org/way/771420827,https://overpass-api.de/,"OpenStreetMap contributors, ODbL"
way,771420850,,false,yes,,,,,,,,,,,,,41.8322412,-71.4050856,https://www.openstreetmap.org/way/771420850,https://overpass-api.de/,"OpenStreetMap contributors, ODbL"
way,771420852,Ewing Multicultural Center,false,yes,,,,,,,,,,,,,41.8265643,-71.4066181,https://www.openstreetmap.org/way/771420852,https://overpass-api.de/,"OpenStreetMap contributors, ODbL"
way,771420854,Nightingale House,false,yes,,,,,,,,,,,,,41.8283489,-71.4046719,https://www.openstreetmap.org/way/771420854,https://overpass-api.de/,"OpenStreetMap contributors, ODbL"
way,771420876,,false,yes,,,,,,,,,,,,,41.8316175,-71.3929033,https://www.openstreetmap.org/way/771420876,https://overpass-api.de/,"OpenStreetMap contributors, ODbL"
way,771420891,,false,yes,,,,,,,,,,,,,41.8326494,-71.4045862,https://www.openstreetmap.org/way/771420891,https://overpass-api.de/,"OpenStreetMap contributors, ODbL"
way,771420915,,false,yes,,,,,,,,,,,,,41.8295012,-71.4038365,https://www.openstreetmap.org/way/771420915,https://overpass-api.de/,"OpenStreetMap contributors, ODbL"
way,771420920,,false,yes,,,,,,,,,,,,,41.8334945,-71.4088578,https://www.openstreetmap.org/way/771420920,https://overpass-api.de/,"OpenStreetMap contributors, ODbL"
way,771420929,,false,yes,,,,,,,,,,,,,41.8330188,-71.4042653,https://www.openstreetmap.org/way/771420929,https://overpass-api.de/,"OpenStreetMap contributors, ODbL"
way,771420949,,false,yes,,,,51,Prospect Street,Providence,RI,,,,,,41.8279775,-71.4045378,https://www.openstreetmap.org/way/771420949,https://overpass-api.de/,"OpenStreetMap contributors, ODbL"
way,771420951,,false,yes,,,,,,,,,,,,,41.832969,-71.4048199,https://www.openstreetmap.org/way/771420951,https://overpass-api.de/,"OpenStreetMap contributors, ODbL"
way,771420959,,false,yes,,,,130,,,,,,,,,41.8326607,-71.4065212,https://www.openstreetmap.org/way/771420959,https://overpass-api.de/,"OpenStreetMap contributors, ODbL"
way,771420979,,false,yes,,,,,,,,,,,,,41.8320099,-71.3930847,https://www.openstreetmap.org/way/771420979,https://overpass-api.de/,"OpenStreetMap contributors, ODbL"
way,771421029,,false,yes,,,,,,,,,,,,,41.8335098,-71.4095447,https://www.openstreetmap.org/way/771421029,https://overpass-api.de/,"OpenStreetMap contributors, ODbL"
way,771421051,,false,yes,,,,,,,,,,,,,41.8333232,-71.4043076,https://www.openstreetmap.org/way/771421051,https://overpass-api.de/,"OpenStreetMap contributors, ODbL"
way,771421054,,false,yes,,,,,,,,,,,,,41.832247,-71.4043994,https://www.openstreetmap.org/way/771421054,https://overpass-api.de/,"OpenStreetMap contributors, ODbL"
way,771421075,,false,yes,,,,,,,,,,,,,41.8322372,-71.4046441,https://www.openstreetmap.org/way/771421075,https://overpass-api.de/,"OpenStreetMap contributors, ODbL"
way,771421076,,false,yes,,,,,,,,,,,,,41.8328841,-71.407695,https://www.openstreetmap.org/way/771421076,https://overpass-api.de/,"OpenStreetMap contributors, ODbL"
way,771421081,,false,yes,,,,,,,,,,,,,41.8320214,-71.4084595,https://www.openstreetmap.org/way/771421081,https://overpass-api.de/,"OpenStreetMap contributors, ODbL"
way,771421082,,false,yes,,,,,,,,,,,,,41.8321629,-71.4084725,https://www.openstreetmap.org/way/771421082,https://overpass-api.de/,"OpenStreetMap contributors, ODbL"
way,771421084,,false,yes,,,,,,,,,,,,,41.8323044,-71.4084856,https://www.openstreetmap.org/way/771421084,https://overpass-api.de/,"OpenStreetMap contributors, ODbL"
way,771421090,,false,yes,,,,150,Meeting Street,,,,,,,,41.8291461,-71.4039316,https://www.openstreetmap.org/way/771421090,https://overpass-api.de/,"OpenStreetMap contributors, ODbL"
way,771421097,Tanner Building,false,yes,,,,,,,,,,,,,41.8217339,-71.4051022,https://www.openstreetmap.org/way/771421097,https://overpass-api.de/,"OpenStreetMap contributors, ODbL"
way,771421129,,false,yes,,,,,,,,,,,,,41.8302854,-71.4099657,https://www.openstreetmap.org/way/771421129,https://overpass-api.de/,"OpenStreetMap contributors, ODbL"
way,771421132,,false,yes,,,,,,,,,,,,,41.8335046,-71.4084862,https://www.openstreetmap.org/way/771421132,https://overpass-api.de/,"OpenStreetMap contributors, ODbL"
way,771421134,,false,yes,,,,,,,,,,,,,41.8332345,-71.4060781,https://www.openstreetmap.org/way/771421134,https://overpass-api.de/,"OpenStreetMap contributors, ODbL"
way,771421138,,false,yes,,,,,,,,,,,,,41.8326245,-71.404784,https://www.openstreetmap.org/way/771421138,https://overpass-api.de/,"OpenStreetMap contributors, ODbL"
way,771421157,,false,yes,,,,,,,,,,,,,41.830681,-71.410085,https://www.openstreetmap.org/way/771421157,https://overpass-api.de/,"OpenStreetMap contributors, ODbL"
way,771421159,,false,yes,,,,,,,,,,,,,41.8332714,-71.4045024,https://www.openstreetmap.org/way/771421159,https://overpass-api.de/,"OpenStreetMap contributors, ODbL"
way,771421174,,false,yes,,,,,,,,,,,,,41.8215567,-71.3943742,https://www.openstreetmap.org/way/771421174,https://overpass-api.de/,"OpenStreetMap contributors, ODbL"
way,771421177,,false,yes,,,,,,,,,,,,,41.8292633,-71.4095885,https://www.openstreetmap.org/way/771421177,https://overpass-api.de/,"OpenStreetMap contributors, ODbL"
way,771421182,,false,yes,,,,31,Benefit Street,,,,,,,,41.8332289,-71.4095469,https://www.openstreetmap.org/way/771421182,https://overpass-api.de/,"OpenStreetMap contributors, ODbL"
way,771421199,,false,yes,,,,,,,,,,,,,41.833857,-71.4069319,https://www.openstreetmap.org/way/771421199,https://overpass-api.de/,"OpenStreetMap contributors, ODbL"
way,771421200,,false,yes,,,,,,,,,,,,,41.8326261,-71.4051272,https://www.openstreetmap.org/way/771421200,https://overpass-api.de/,"OpenStreetMap contributors, ODbL"
way,771421201,,false,yes,,,,62,Lloyd Avenue,,,,,,,,41.8315468,-71.4046389,https://www.openstreetmap.org/way/771421201,https://overpass-api.de/,"OpenStreetMap contributors, ODbL"
way,771421255,,false,yes,,,,,,,,,,,,,41.8329428,-71.405625,https://www.openstreetmap.org/way/771421255,https://overpass-api.de/,"OpenStreetMap contributors, ODbL"
way,771421273,,false,yes,,,,,,,,,,,,,41.8326661,-71.4009611,https://www.openstreetmap.org/way/771421273,https://overpass-api.de/,"OpenStreetMap contributors, ODbL"
way,771421315,,false,yes,,,,123,Pratt Avenue,,,,,,,,41.8315553,-71.4083545,https://www.openstreetmap.org/way/771421315,https://overpass-api.de/,"OpenStreetMap contributors, ODbL"
way,771421321,,false,residential,,,,141,Prospect Street,Providence,RI,02906,,,,,41.8335537,-71.4060492,https://www.openstreetmap.org/way/771421321,https://overpass-api.de/,"OpenStreetMap contributors, ODbL"
way,771421322,,false,yes,,,,,,,,,,,,,41.8291315,-71.4037404,https://www.openstreetmap.org/way/771421322,https://overpass-api.de/,"OpenStreetMap contributors, ODbL"
way,771421325,,false,yes,,,,,,,,,,,,,41.8325105,-71.4084544,https://www.openstreetmap.org/way/771421325,https://overpass-api.de/,"OpenStreetMap contributors, ODbL"
way,771421332,,false,yes,,,,,,,,,,,,,41.8280928,-71.4042254,https://www.openstreetmap.org/way/771421332,https://overpass-api.de/,"OpenStreetMap contributors, ODbL"
way,771421360,,false,yes,,,,,,,,,,,,,41.8298417,-71.4097853,https://www.openstreetmap.org/way/771421360,https://overpass-api.de/,"OpenStreetMap contributors, ODbL"
way,771421399,,false,yes,,,,,,,,,,,,,41.8287574,-71.4042087,https://www.openstreetmap.org/way/771421399,https://overpass-api.de/,"OpenStreetMap contributors, ODbL"
way,771421439,,false,yes,,,,,,,,,,,,,41.8320227,-71.406953,https://www.openstreetmap.org/way/771421439,https://overpass-api.de/,"OpenStreetMap contributors, ODbL"
way,771421448,,false,yes,,,,,,,,,,,,,41.8328488,-71.3936297,https://www.openstreetmap.org/way/771421448,https://overpass-api.de/,"OpenStreetMap contributors, ODbL"
way,771421457,,false,yes,,,,,,,,,,,,,41.8336472,-71.394738,https://www.openstreetmap.org/way/771421457,https://overpass-api.de/,"OpenStreetMap contributors, ODbL"
way,771421463,,false,yes,,,,,,,,,,,,,41.8312218,-71.4073586,https://www.openstreetmap.org/way/771421463,https://overpass-api.de/,"OpenStreetMap contributors, ODbL"
way,771421478,,false,yes,,,,,,,,,,,,,41.8331099,-71.4094457,https://www.openstreetmap.org/way/771421478,https://overpass-api.de/,"OpenStreetMap contributors, ODbL"
way,771421486,,false,yes,,,,,,,,,,,,,41.8321325,-71.4075333,https://www.openstreetmap.org/way/771421486,https://overpass-api.de/,"OpenStreetMap contributors, ODbL"
way,771421504,,false,yes,,,,,,,,,,,,,41.8318621,-71.4048571,https://www.openstreetmap.org/way/771421504,https://overpass-api.de/,"OpenStreetMap contributors, ODbL"
way,771421506,,false,yes,,,,,,,,,,,,,41.8339799,-71.3930473,https://www.openstreetmap.org/way/771421506,https://overpass-api.de/,"OpenStreetMap contributors, ODbL"
way,771421526,,false,yes,,,,,,,,,,,,,41.8329145,-71.4072081,https://www.openstreetmap.org/way/771421526,https://overpass-api.de/,"OpenStreetMap contributors, ODbL"
way,771421566,,false,detached,,,,86,Brown Street,,,,,,,,41.8286997,-71.4035715,https://www.openstreetmap.org/way/771421566,https://overpass-api.de/,"OpenStreetMap contributors, ODbL"
way,771421586,,false,residential,,,,150,Prospect Street,Providence,RI,02906,,,,,41.833924,-71.4066132,https://www.openstreetmap.org/way/771421586,https://overpass-api.de/,"OpenStreetMap contributors, ODbL"
way,771421588,,false,yes,,,,,,,,,,,,,41.830034,-71.4098842,https://www.openstreetmap.org/way/771421588,https://overpass-api.de/,"OpenStreetMap contributors, ODbL"
way,771421597,,false,yes,,,,,,,,,,,,,41.8296789,-71.4091518,https://www.openstreetmap.org/way/771421597,https://overpass-api.de/,"OpenStreetMap contributors, ODbL"
way,771421614,,false,yes,,,,,,,,,,,,,41.8335803,-71.3929284,https://www.openstreetmap.org/way/771421614,https://overpass-api.de/,"OpenStreetMap contributors, ODbL"
way,771421634,,false,yes,,,,,,,,,,,,,41.8305281,-71.4100361,https://www.openstreetmap.org/way/771421634,https://overpass-api.de/,"OpenStreetMap contributors, ODbL"
way,771421636,,false,yes,,,,,,,,,,,,,41.8335721,-71.4057741,https://www.openstreetmap.org/way/771421636,https://overpass-api.de/,"OpenStreetMap contributors, ODbL"
way,771421676,,false,yes,,,,,,,,,,,,,41.8332726,-71.4050356,https://www.openstreetmap.org/way/771421676,https://overpass-api.de/,"OpenStreetMap contributors, ODbL"
way,771421681,Jonathan Treadwill House,false,yes,,,,,,,,,,,,,41.829324,-71.4091603,https://www.openstreetmap.org/way/771421681,https://overpass-api.de/,"OpenStreetMap contributors, ODbL"
way,771421712,,false,yes,,,,,,,,,,,,,41.8319273,-71.4066017,https://www.openstreetmap.org/way/771421712,https://overpass-api.de/,"OpenStreetMap contributors, ODbL"
way,771421719,,false,yes,,,,,,,,,,,,,41.8334344,-71.4071117,https://www.openstreetmap.org/way/771421719,https://overpass-api.de/,"OpenStreetMap contributors, ODbL"
way,771421736,,false,yes,,,,"7,9",Jenckes Street,,,,,,,,41.832513,-71.4088261,https://www.openstreetmap.org/way/771421736,https://overpass-api.de/,"OpenStreetMap contributors, ODbL"
way,771421743,Merchants Bank Building,false,yes,,,,,,,,,6,,,,41.8251597,-71.4093245,https://www.openstreetmap.org/way/771421743,https://overpass-api.de/,"OpenStreetMap contributors, ODbL"
way,771421766,,false,yes,,,,120,,,,,,,,,41.8323317,-71.4064206,https://www.openstreetmap.org/way/771421766,https://overpass-api.de/,"OpenStreetMap contributors, ODbL"
way,771421778,,false,residential,,,,146;148,Prospect Street,Providence,RI,02906,,,,,41.833787,-71.4065527,https://www.openstreetmap.org/way/771421778,https://overpass-api.de/,"OpenStreetMap contributors, ODbL"
way,771421794,,false,yes,,,,,,,,,,,,,41.8322962,-71.4075001,https://www.openstreetmap.org/way/771421794,https://overpass-api.de/,"OpenStreetMap contributors, ODbL"
way,771421810,,false,yes,,,,,,,,,,,,,41.8338347,-71.4089944,https://www.openstreetmap.org/way/771421810,https://overpass-api.de/,"OpenStreetMap contributors, ODbL"
way,771421822,,false,yes,,,,,,,,,,,,,41.8329798,-71.4046475,https://www.openstreetmap.org/way/771421822,https://overpass-api.de/,"OpenStreetMap contributors, ODbL"
way,771421833,,false,yes,,,,,,,,,,,,,41.8337202,-71.3941025,https://www.openstreetmap.org/way/771421833,https://overpass-api.de/,"OpenStreetMap contributors, ODbL"
way,771421850,,false,detached,,,,90,Brown Street,,,,,,,,41.828857,-71.4035801,https://www.openstreetmap.org/way/771421850,https://overpass-api.de/,"OpenStreetMap contributors, ODbL"
way,771421855,,false,yes,,,,,,,,,,,,,41.8332608,-71.4053875,https://www.openstreetmap.org/way/771421855,https://overpass-api.de/,"OpenStreetMap contributors, ODbL"
way,771421858,,false,yes,,,,,,,,,,,,,41.833839,-71.4074052,https://www.openstreetmap.org/way/771421858,https://overpass-api.de/,"OpenStreetMap contributors, ODbL"
way,771421860,,false,yes,,,,,,,,,,,,,41.8332777,-71.4052012,https://www.openstreetmap.org/way/771421860,https://overpass-api.de/,"OpenStreetMap contributors, ODbL"
way,771421879,,false,yes,,,,,,,,,,,,,41.833294,-71.4048022,https://www.openstreetmap.org/way/771421879,https://overpass-api.de/,"OpenStreetMap contributors, ODbL"
way,771421901,,false,yes,,,,,,,,,,,,,41.8292459,-71.3967168,https://www.openstreetmap.org/way/771421901,https://overpass-api.de/,"OpenStreetMap contributors, ODbL"
way,771421997,,false,yes,,,,,,,,,,,,,41.8294453,-71.4036239,https://www.openstreetmap.org/way/771421997,https://overpass-api.de/,"OpenStreetMap contributors, ODbL"
way,771422027,,false,yes,,,,,,,,,,,,,41.8322039,-71.4048595,https://www.openstreetmap.org/way/771422027,https://overpass-api.de/,"OpenStreetMap contributors, ODbL"
way,771422032,,false,yes,,,,,,,,,,,,,41.8332577,-71.3930163,https://www.openstreetmap.org/way/771422032,https://overpass-api.de/,"OpenStreetMap contributors, ODbL"
way,771422046,,false,yes,,,,,,,,,,,,,41.833332,-71.4077723,https://www.openstreetmap.org/way/771422046,https://overpass-api.de/,"OpenStreetMap contributors, ODbL"
way,771422069,,false,yes,,,,27,Prospect Street,,,,,,,,41.8295192,-71.4042223,https://www.openstreetmap.org/way/771422069,https://overpass-api.de/,"OpenStreetMap contributors, ODbL"
way,771422100,,false,yes,,,,,,,,,,,,,41.8326087,-71.4054959,https://www.openstreetmap.org/way/771422100,https://overpass-api.de/,"OpenStreetMap contributors, ODbL"
way,771422101,,false,yes,,,,144;144.5,,,,,,,,,41.8336497,-71.4065346,https://www.openstreetmap.org/way/771422101,https://overpass-api.de/,"OpenStreetMap contributors, ODbL"
way,771422126,,false,yes,,,,,,,,,,,,,41.8303782,-71.4093933,https://www.openstreetmap.org/way/771422126,https://overpass-api.de/,"OpenStreetMap contributors, ODbL"
way,771422135,,false,yes,,,,,,,,,,,,,41.8324413,-71.4075016,https://www.openstreetmap.org/way/771422135,https://overpass-api.de/,"OpenStreetMap contributors, ODbL"
way,771422178,,false,yes,,,,,,,,,,,,,41.8328949,-71.4059228,https://www.openstreetmap.org/way/771422178,https://overpass-api.de/,"OpenStreetMap contributors, ODbL"
way,771422184,,false,yes,,,,,,,,,,,,,41.8317279,-71.4074023,https://www.openstreetmap.org/way/771422184,https://overpass-api.de/,"OpenStreetMap contributors, ODbL"
way,771422185,,false,yes,,,,,,,,,,,,,41.833497,-71.4090288,https://www.openstreetmap.org/way/771422185,https://overpass-api.de/,"OpenStreetMap contributors, ODbL"
way,771422193,Machado Garage,false,yes,,,,,,,,,,,,,41.830237,-71.4042156,https://www.openstreetmap.org/way/771422193,https://overpass-api.de/,"OpenStreetMap contributors, ODbL"
way,771422197,,false,yes,,,,,,,,,,,,,41.8338151,-71.408806,https://www.openstreetmap.org/way/771422197,https://overpass-api.de/,"OpenStreetMap contributors, ODbL"
way,771422237,,false,yes,,,,56,Pratt Avenue,,,,,,,,41.8322174,-71.4080769,https://www.openstreetmap.org/way/771422237,https://overpass-api.de/,"OpenStreetMap contributors, ODbL"
way,771422272,,false,yes,,,,,,,,,,,,,41.832694,-71.4042433,https://www.openstreetmap.org/way/771422272,https://overpass-api.de/,"OpenStreetMap contributors, ODbL"
way,771422286,,false,yes,,,,,,,,,,,,,41.8325995,-71.407518,https://www.openstreetmap.org/way/771422286,https://overpass-api.de/,"OpenStreetMap contributors, ODbL"
way,771422290,,false,yes,,,,,,,,,,,,,41.8284165,-71.4040592,https://www.openstreetmap.org/way/771422290,https://overpass-api.de/,"OpenStreetMap contributors, ODbL"
way,771422291,,false,yes,,,,,,,,,,,,,41.8329612,-71.4051633,https://www.openstreetmap.org/way/771422291,https://overpass-api.de/,"OpenStreetMap contributors, ODbL"
way,771422309,,false,yes,,,,,,,,,,,,,41.8319862,-71.4074192,https://www.openstreetmap.org/way/771422309,https://overpass-api.de/,"OpenStreetMap contributors, ODbL"
way,771422326,,false,yes,,,,,,,,,,,,,41.8326666,-71.3930265,https://www.openstreetmap.org/way/771422326,https://overpass-api.de/,"OpenStreetMap contributors, ODbL"
way,771422332,,false,yes,,,,54,Pratt Avenue,,,,,,,,41.8323668,-71.4080282,https://www.openstreetmap.org/way/771422332,https://overpass-api.de/,"OpenStreetMap contributors, ODbL"
way,771422366,,false,yes,,,,,,,,,,,,,41.8329945,-71.4044304,https://www.openstreetmap.org/way/771422366,https://overpass-api.de/,"OpenStreetMap contributors, ODbL"
way,771422451,,false,yes,,,,,,,,,,,,,41.8339197,-71.4054746,https://www.openstreetmap.org/way/771422451,https://overpass-api.de/,"OpenStreetMap contributors, ODbL"
way,771422496,,false,yes,,,,8,Jenckes Street,,,,,,,,41.8328157,-71.4089637,https://www.openstreetmap.org/way/771422496,https://overpass-api.de/,"OpenStreetMap contributors, ODbL"
way,771422534,,false,yes,,,,37,Prospect Street,,,,,,,,41.8294792,-71.4040411,https://www.openstreetmap.org/way/771422534,https://overpass-api.de/,"OpenStreetMap contributors, ODbL"
way,771422627,,false,yes,,,,,,,,,,,,,41.8337188,-71.4048213,https://www.openstreetmap.org/way/771422627,https://overpass-api.de/,"OpenStreetMap contributors, ODbL"
way,771422664,,false,yes,,,,,,,,,,,,,41.8340649,-71.3949446,https://www.openstreetmap.org/way/771422664,https://overpass-api.de/,"OpenStreetMap contributors, ODbL"
way,771422676,,false,yes,,,,,,,,,,,,,41.8288005,-71.4040348,https://www.openstreetmap.org/way/771422676,https://overpass-api.de/,"OpenStreetMap contributors, ODbL"
way,771422688,,false,yes,,,,,,,,,,,,,41.8338924,-71.4059324,https://www.openstreetmap.org/way/771422688,https://overpass-api.de/,"OpenStreetMap contributors, ODbL"
way,771422746,,false,yes,,,,40,Benefit Street,,,,,,,,41.8327573,-71.4098897,https://www.openstreetmap.org/way/771422746,https://overpass-api.de/,"OpenStreetMap contributors, ODbL"
way,771422748,,false,yes,,,,,,,,,,,,,41.8332323,-71.4057433,https://www.openstreetmap.org/way/771422748,https://overpass-api.de/,"OpenStreetMap contributors, ODbL"
way,771422751,,false,yes,,,,,,,,,,,,,41.8335796,-71.4046848,https://www.openstreetmap.org/way/771422751,https://overpass-api.de/,"OpenStreetMap contributors, ODbL"
way,771422883,,false,yes,,,,,,,,,,,,,41.833502,-71.4092415,https://www.openstreetmap.org/way/771422883,https://overpass-api.de/,"OpenStreetMap contributors, ODbL"
way,771422896,,false,yes,,,,,,,,,,,,,41.8325585,-71.4078511,https://www.openstreetmap.org/way/771422896,https://overpass-api.de/,"OpenStreetMap contributors, ODbL"
way,771422955,,false,yes,,,,,,,,,,,,,41.833596,-71.408077,https://www.openstreetmap.org/way/771422955,https://overpass-api.de/,"OpenStreetMap contributors, ODbL"
way,771422967,,false,yes,,,,,,,,,,,,,41.8332487,-71.4055443,https://www.openstreetmap.org/way/771422967,https://overpass-api.de/,"OpenStreetMap contributors, ODbL"
way,771422984,,false,yes,,,,115,Pratt Avenue,,,,,,,,41.8317851,-71.4083852,https://www.openstreetmap.org/way/771422984,https://overpass-api.de/,"OpenStreetMap contributors, ODbL"
way,771423010,,false,yes,,,,,,,,,,,,,41.833522,-71.4086732,https://www.openstreetmap.org/way/771423010,https://overpass-api.de/,"OpenStreetMap contributors, ODbL"
way,771423018,,false,yes,,,,,,,,,,,,,41.8339009,-71.3948621,https://www.openstreetmap.org/way/771423018,https://overpass-api.de/,"OpenStreetMap contributors, ODbL"
way,771423271,,false,yes,,,,30,Halsey Street,Providence,RI,02912,,,,,41.8338247,-71.4086236,https://www.openstreetmap.org/way/771423271,https://overpass-api.de/,"OpenStreetMap contributors, ODbL"
way,771423304,,false,yes,,,,,,,,,,,,,41.8338242,-71.4092332,https://www.openstreetmap.org/way/771423304,https://overpass-api.de/,"OpenStreetMap contributors, ODbL"
way,771423336,,false,yes,,,,,,,,,,,,,41.832262,-71.3930342,https://www.openstreetmap.org/way/771423336,https://overpass-api.de/,"OpenStreetMap contributors, ODbL"
way,771423347,,false,yes,,,,,,,,,,,,,41.8338189,-71.4079619,https://www.openstreetmap.org/way/771423347,https://overpass-api.de/,"OpenStreetMap contributors, ODbL"
way,771423353,,false,yes,,,,,,,,,,,,,41.8318953,-71.4083706,https://www.openstreetmap.org/way/771423353,https://overpass-api.de/,"OpenStreetMap contributors, ODbL"
way,771423361,,false,yes,,,,,,,,,,,,,41.8296813,-71.4093896,https://www.openstreetmap.org/way/771423361,https://overpass-api.de/,"OpenStreetMap contributors, ODbL"
way,771423392,,false,yes,,,,162,,,,,,,,,41.8291687,-71.4035655,https://www.openstreetmap.org/way/771423392,https://overpass-api.de/,"OpenStreetMap contributors, ODbL"
way,771423440,,false,yes,,,,,,,,,,,,,41.8338965,-71.4050927,https://www.openstreetmap.org/way/771423440,https://overpass-api.de/,"OpenStreetMap contributors, ODbL"
way,771423455,,false,residential,,,,145;147,Prospect Street,Providence,RI,02906,,,,,41.8337782,-71.4061444,https://www.openstreetmap.org/way/771423455,https://overpass-api.de/,"OpenStreetMap contributors, ODbL"
way,771423516,,false,yes,,,,,,,,,,,,,41.8318529,-71.4074125,https://www.openstreetmap.org/way/771423516,https://overpass-api.de/,"OpenStreetMap contributors, ODbL"
way,771423529,,false,yes,,,,,,,,,,,,,41.8295937,-71.4097583,https://www.openstreetmap.org/way/771423529,https://overpass-api.de/,"OpenStreetMap contributors, ODbL"
way,771423584,Dunnell House,false,yes,,,,,,,,,,,,,41.827764,-71.4071176,https://www.openstreetmap.org/way/771423584,https://overpass-api.de/,"OpenStreetMap contributors, ODbL"
way,771423596,,false,yes,,,,,,,,,,,,,41.8301505,-71.4093134,https://www.openstreetmap.org/way/771423596,https://overpass-api.de/,"OpenStreetMap contributors, ODbL"
way,771423645,,false,yes,,,,144,Meeting Street,,,,,,,,41.8291072,-71.40424,https://www.openstreetmap.org/way/771423645,https://overpass-api.de/,"OpenStreetMap contributors, ODbL"
way,771423773,,false,yes,,,,"3,5",Jenckes Street,,,,,,,,41.8325196,-71.4090256,https://www.openstreetmap.org/way/771423773,https://overpass-api.de/,"OpenStreetMap contributors, ODbL"
way,771423802,,false,yes,,,,,,,,,,,,,41.8338522,-71.3953711,https://www.openstreetmap.org/way/771423802,https://overpass-api.de/,"OpenStreetMap contributors, ODbL"
way,771423808,,false,yes,,,,,,,,,,,,,41.8312703,-71.4069142,https://www.openstreetmap.org/way/771423808,https://overpass-api.de/,"OpenStreetMap contributors, ODbL"
way,771423823,,false,yes,,,,,,,,,,,,,41.8334342,-71.3936249,https://www.openstreetmap.org/way/771423823,https://overpass-api.de/,"OpenStreetMap contributors, ODbL"
way,771423848,,false,yes,,,,"48,50",Pratt Avenue,,,,,,,,41.8325885,-71.4080398,https://www.openstreetmap.org/way/771423848,https://overpass-api.de/,"OpenStreetMap contributors, ODbL"
way,771423896,,false,yes,,,,,,,,,,,,,41.8318729,-71.4046759,https://www.openstreetmap.org/way/771423896,https://overpass-api.de/,"OpenStreetMap contributors, ODbL"
way,771423978,,false,yes,,,,,,,,,,,,,41.8321797,-71.3932952,https://www.openstreetmap.org/way/771423978,https://overpass-api.de/,"OpenStreetMap contributors, ODbL"
way,771424039,,false,yes,,,,,,,,,,,,,41.8339473,-71.4052844,https://www.openstreetmap.org/way/771424039,https://overpass-api.de/,"OpenStreetMap contributors, ODbL"
way,771424060,,false,yes,,,,,,,,,,,,,41.8334038,-71.3937646,https://www.openstreetmap.org/way/771424060,https://overpass-api.de/,"OpenStreetMap contributors, ODbL"
way,771424160,,false,yes,,,,,,,,,,,,,41.8318837,-71.4044729,https://www.openstreetmap.org/way/771424160,https://overpass-api.de/,"OpenStreetMap contributors, ODbL"
way,771424203,,false,yes,,,,,,,,,,,,,41.8335232,-71.3931217,https://www.openstreetmap.org/way/771424203,https://overpass-api.de/,"OpenStreetMap contributors, ODbL"
way,771424226,,false,yes,,,,,,,,,,,,,41.8333791,-71.3939539,https://www.openstreetmap.org/way/771424226,https://overpass-api.de/,"OpenStreetMap contributors, ODbL"
way,771424257,,false,yes,,,,,,,,,,,,,41.8340653,-71.3954813,https://www.openstreetmap.org/way/771424257,https://overpass-api.de/,"OpenStreetMap contributors, ODbL"
way,771424300,,false,yes,,,,,,,,,,,,,41.8338565,-71.4077699,https://www.openstreetmap.org/way/771424300,https://overpass-api.de/,"OpenStreetMap contributors, ODbL"
way,771424385,,false,yes,,,,,,,,,,,,,41.8334466,-71.408102,https://www.openstreetmap.org/way/771424385,https://overpass-api.de/,"OpenStreetMap contributors, ODbL"
way,771424467,,false,yes,,,,,,,,,,,,,41.8319396,-71.4080084,https://www.openstreetmap.org/way/771424467,https://overpass-api.de/,"OpenStreetMap contributors, ODbL"
way,771424480,,false,yes,,,,,,,,,,,,,41.8313697,-71.4073303,https://www.openstreetmap.org/way/771424480,https://overpass-api.de/,"OpenStreetMap contributors, ODbL"
way,771424560,,false,yes,,,,,,,,,,,,,41.8338171,-71.4096173,https://www.openstreetmap.org/way/771424560,https://overpass-api.de/,"OpenStreetMap contributors, ODbL"
way,771424666,,false,yes,,,,,,,,,,,,,41.8287837,-71.4038599,https://www.openstreetmap.org/way/771424666,https://overpass-api.de/,"OpenStreetMap contributors, ODbL"
way,771424718,Samuel B. Mumford House,false,yes,,,,,,,,,,,,,41.8288075,-71.4046982,https://www.openstreetmap.org/way/771424718,https://overpass-api.de/,"OpenStreetMap contributors, ODbL"
way,771425029,,false,yes,,,,,,,,,,,,,41.8335867,-71.405581,https://www.openstreetmap.org/way/771425029,https://overpass-api.de/,"OpenStreetMap contributors, ODbL"
way,771425034,,false,yes,,,,,,,,,,,,,41.8332908,-71.4046478,https://www.openstreetmap.org/way/771425034,https://overpass-api.de/,"OpenStreetMap contributors, ODbL"
way,771425050,,false,yes,,,,,,,,,,,,,41.8339636,-71.4085639,https://www.openstreetmap.org/way/771425050,https://overpass-api.de/,"OpenStreetMap contributors, ODbL"
way,771425137,,false,yes,,,,,,,,,,,,,41.8331663,-71.3935272,https://www.openstreetmap.org/way/771425137,https://overpass-api.de/,"OpenStreetMap contributors, ODbL"
way,771425197,,false,yes,,,,,,,,,,,,,41.8311764,-71.4042963,https://www.openstreetmap.org/way/771425197,https://overpass-api.de/,"OpenStreetMap contributors, ODbL"
way,771425512,,false,yes,,,,,,,,,,,,,41.8334753,-71.4077634,https://www.openstreetmap.org/way/771425512,https://overpass-api.de/,"OpenStreetMap contributors, ODbL"
way,771425521,,false,yes,,,,,,,,,,,,,41.8329972,-71.4050038,https://www.openstreetmap.org/way/771425521,https://overpass-api.de/,"OpenStreetMap contributors, ODbL"
way,771425541,,false,yes,,,,,,,,,,,,,41.8226865,-71.3948227,https://www.openstreetmap.org/way/771425541,https://overpass-api.de/,"OpenStreetMap contributors, ODbL"
way,771425775,,false,yes,,,,,,,,,,,,,41.8336242,-71.4067645,https://www.openstreetmap.org/way/771425775,https://overpass-api.de/,"OpenStreetMap contributors, ODbL"
way,771425781,,false,yes,,,,,,,,,,,,,41.8336745,-71.4100059,https://www.openstreetmap.org/way/771425781,https://overpass-api.de/,"OpenStreetMap contributors, ODbL"
way,771426069,,false,yes,,,,120,Pratt Avenue,,,,,,,,41.8316931,-71.407882,https://www.openstreetmap.org/way/771426069,https://overpass-api.de/,"OpenStreetMap contributors, ODbL"
way,771426082,,false,yes,,,,,,,,,,,,,41.8326491,-71.407111,https://www.openstreetmap.org/way/771426082,https://overpass-api.de/,"OpenStreetMap contributors, ODbL"
way,771426149,,false,yes,,,,,,,,,,,,,41.8339939,-71.3943151,https://www.openstreetmap.org/way/771426149,https://overpass-api.de/,"OpenStreetMap contributors, ODbL"
way,771426197,,false,yes,,,,,,,,,,,,,41.8285078,-71.4046527,https://www.openstreetmap.org/way/771426197,https://overpass-api.de/,"OpenStreetMap contributors, ODbL"
way,771426229,,false,yes,,,,,,,,,,,,,41.8231528,-71.393649,https://www.openstreetmap.org/way/771426229,https://overpass-api.de/,"OpenStreetMap contributors, ODbL"
way,771426294,,false,yes,,,,,,,,,,,,,41.8329199,-71.3933278,https://www.openstreetmap.org/way/771426294,https://overpass-api.de/,"OpenStreetMap contributors, ODbL"
way,771426295,,false,yes,,,,,,,,,,,,,41.8298688,-71.4093417,https://www.openstreetmap.org/way/771426295,https://overpass-api.de/,"OpenStreetMap contributors, ODbL"
way,771426298,,false,yes,,,,,,,,,,,,,41.8338514,-71.4072576,https://www.openstreetmap.org/way/771426298,https://overpass-api.de/,"OpenStreetMap contributors, ODbL"
way,771426422,,false,yes,,,,,,,,,,,,,41.83034,-71.4095708,https://www.openstreetmap.org/way/771426422,https://overpass-api.de/,"OpenStreetMap contributors, ODbL"
way,771426646,,false,yes,,,,,,,,,,,,,41.8336197,-71.4073701,https://www.openstreetmap.org/way/771426646,https://overpass-api.de/,"OpenStreetMap contributors, ODbL"
way,771426704,,false,yes,,,,"117,119",Pratt Avenue,,,,,,,,41.8316642,-71.4083149,https://www.openstreetmap.org/way/771426704,https://overpass-api.de/,"OpenStreetMap contributors, ODbL"
way,771426720,,false,yes,,,,,,,,,,,,,41.8339098,-71.3931967,https://www.openstreetmap.org/way/771426720,https://overpass-api.de/,"OpenStreetMap contributors, ODbL"
way,771426735,,false,yes,,,,,,,,,,,,,41.8335677,-71.4054377,https://www.openstreetmap.org/way/771426735,https://overpass-api.de/,"OpenStreetMap contributors, ODbL"
way,771426939,,false,yes,,,,,,,,,,,,,41.8328467,-71.4080447,https://www.openstreetmap.org/way/771426939,https://overpass-api.de/,"OpenStreetMap contributors, ODbL"
way,771427099,,false,yes,,,,257,Williams Street,,,,,,,,41.8227165,-71.3944208,https://www.openstreetmap.org/way/771427099,https://overpass-api.de/,"OpenStreetMap contributors, ODbL"
way,771427127,,false,yes,,,,,,,,,,,,,41.8338205,-71.393676,https://www.openstreetmap.org/way/771427127,https://overpass-api.de/,"OpenStreetMap contributors, ODbL"
way,771427269,,false,yes,,,,,,,,,,,,,41.8325687,-71.3935099,https://www.openstreetmap.org/way/771427269,https://overpass-api.de/,"OpenStreetMap contributors, ODbL"
way,771427363,,false,yes,,,,,,,,,,,,,41.8335837,-71.4052488,https://www.openstreetmap.org/way/771427363,https://overpass-api.de/,"OpenStreetMap contributors, ODbL"
way,771427821,,false,yes,,,,93,Brown Street,,,,,,,,41.8292317,-71.4031859,https://www.openstreetmap.org/way/771427821,https://overpass-api.de/,"OpenStreetMap contributors, ODbL"
way,771428055,,false,yes,,,,,,,,,,,,,41.8332123,-71.39319,https://www.openstreetmap.org/way/771428055,https://overpass-api.de/,"OpenStreetMap contributors, ODbL"
way,771428433,,false,yes,,,,,,,,,,,,,41.8339106,-71.3938936,https://www.openstreetmap.org/way/771428433,https://overpass-api.de/,"OpenStreetMap contributors, ODbL"
way,771428583,Isaac H. Pinkney House,false,yes,,,,,,,,,,,,,41.8293379,-71.4089249,https://www.openstreetmap.org/way/771428583,https://overpass-api.de/,"OpenStreetMap contributors, ODbL"
way,771428642,,false,yes,,,,,,,,,,,,,41.8317444,-71.393025,https://www.openstreetmap.org/way/771428642,https://overpass-api.de/,"OpenStreetMap contributors, ODbL"
way,771428673,,false,yes,,,,,,,,,,,,,41.8330775,-71.3937741,https://www.openstreetmap.org/way/771428673,https://overpass-api.de/,"OpenStreetMap contributors, ODbL"
way,771428713,,false,yes,,,,,,,,,,,,,41.8329494,-71.3931454,https://www.openstreetmap.org/way/771428713,https://overpass-api.de/,"OpenStreetMap contributors, ODbL"
way,771428749,,false,yes,,,,,,,,,,,,,41.8329104,-71.4057571,https://www.openstreetmap.org/way/771428749,https://overpass-api.de/,"OpenStreetMap contributors, ODbL"
way,771428797,,false,yes,,,,,,,,,,,,,41.8338236,-71.4081371,https://www.openstreetmap.org/way/771428797,https://overpass-api.de/,"OpenStreetMap contributors, ODbL"
way,771428934,,false,yes,,,,,,,,,,,,,41.8240598,-71.4019454,https://www.openstreetmap.org/way/771428934,https://overpass-api.de/,"OpenStreetMap contributors, ODbL"
way,771429279,,false,yes,,,,,,,,,,,,,41.8331051,-71.4076951,https://www.openstreetmap.org/way/771429279,https://overpass-api.de/,"OpenStreetMap contributors, ODbL"
way,771429547,,false,yes,,,,,,,,,,,,,41.8339669,-71.4027404,https://www.openstreetmap.org/way/771429547,https://overpass-api.de/,"OpenStreetMap contributors, ODbL"
way,771429660,,false,yes,,,,,,,,,,,,,41.8340007,-71.4096252,https://www.openstreetmap.org/way/771429660,https://overpass-api.de/,"OpenStreetMap contributors, ODbL"
way,771429845,,false,yes,,,,,,,,,,,,,41.8326531,-71.4049482,https://www.openstreetmap.org/way/771429845,https://overpass-api.de/,"OpenStreetMap contributors, ODbL"
way,771429869,,false,yes,,,,95,Brown Street,,,,,,,,41.8293308,-71.4032415,https://www.openstreetmap.org/way/771429869,https://overpass-api.de/,"OpenStreetMap contributors, ODbL"
way,771430078,,false,yes,,,,,,,,,,,,,41.83224,-71.3931749,https://www.openstreetmap.org/way/771430078,https://overpass-api.de/,"OpenStreetMap contributors, ODbL"
way,771430082,,false,yes,,,,,,,,,,,,,41.8297263,-71.4090063,https://www.openstreetmap.org/way/771430082,https://overpass-api.de/,"OpenStreetMap contributors, ODbL"
way,771430141,,false,yes,,,,,,,,,,,,,41.8331684,-71.4081051,https://www.openstreetmap.org/way/771430141,https://overpass-api.de/,"OpenStreetMap contributors, ODbL"
way,771430296,,false,yes,,,,,,,,,,,,,41.8328463,-71.4100394,https://www.openstreetmap.org/way/771430296,https://overpass-api.de/,"OpenStreetMap contributors, ODbL"
way,771430388,,false,yes,,,,,,,,,,,,,41.8338618,-71.3934792,https://www.openstreetmap.org/way/771430388,https://overpass-api.de/,"OpenStreetMap contributors, ODbL"
way,771430468,,false,yes,,,,,,,,,,,,,41.8314228,-71.40859,https://www.openstreetmap.org/way/771430468,https://overpass-api.de/,"OpenStreetMap contributors, ODbL"
way,771430497,,false,yes,,,,,,,,,,,,,41.8337914,-71.4099846,https://www.openstreetmap.org/way/771430497,https://overpass-api.de/,"OpenStreetMap contributors, ODbL"
way,771430528,,false,yes,,,,,,,,,,,,,41.8333043,-71.4081076,https://www.openstreetmap.org/way/771430528,https://overpass-api.de/,"OpenStreetMap contributors, ODbL"
way,771430550,,false,yes,,,,,,,,,,,,,41.832868,-71.4070301,https://www.openstreetmap.org/way/771430550,https://overpass-api.de/,"OpenStreetMap contributors, ODbL"
way,771430577,,false,yes,,,,,,,,,,,,,41.8325774,-71.3933606,https://www.openstreetmap.org/way/771430577,https://overpass-api.de/,"OpenStreetMap contributors, ODbL"
way,771430642,,false,yes,,,,,,,,,,,,,41.8291047,-71.4061289,https://www.openstreetmap.org/way/771430642,https://overpass-api.de/,"OpenStreetMap contributors, ODbL"
way,771430907,,false,yes,,,,,,,,,,,,,41.8316374,-71.4050095,https://www.openstreetmap.org/way/771430907,https://overpass-api.de/,"OpenStreetMap contributors, ODbL"
way,771430967,,false,yes,,,,,,,,,,,,,41.8328634,-71.4078475,https://www.openstreetmap.org/way/771430967,https://overpass-api.de/,"OpenStreetMap contributors, ODbL"
way,771431009,,false,yes,,,,,,,,,,,,,41.8337204,-71.4077683,https://www.openstreetmap.org/way/771431009,https://overpass-api.de/,"OpenStreetMap contributors, ODbL"
way,771431204,,false,yes,,,,,,,,,,,,,41.8328318,-71.4010749,https://www.openstreetmap.org/way/771431204,https://overpass-api.de/,"OpenStreetMap contributors, ODbL"
way,771431847,,false,yes,,,,,,,,,,,,,41.8247325,-71.3929854,https://www.openstreetmap.org/way/771431847,https://overpass-api.de/,"OpenStreetMap contributors, ODbL"
way,771432049,,false,yes,,,,,,,,,,,,,41.8335189,-71.3932905,https://www.openstreetmap.org/way/771432049,https://overpass-api.de/,"OpenStreetMap contributors, ODbL"
way,771432213,,false,yes,,,,,,,,,,,,,41.8247111,-71.394558,https://www.openstreetmap.org/way/771432213,https://overpass-api.de/,"OpenStreetMap contributors, ODbL"
way,771432240,,false,yes,,,,,,,,,,,,,41.8312752,-71.4084707,https://www.openstreetmap.org/way/771432240,https://overpass-api.de/,"OpenStreetMap contributors, ODbL"
way,771432257,,false,yes,,,,,,,,,,,,,41.8339325,-71.4060693,https://www.openstreetmap.org/way/771432257,https://overpass-api.de/,"OpenStreetMap contributors, ODbL"
way,771432380,,false,yes,,,,,,,,,,,,,41.8335964,-71.4077561,https://www.openstreetmap.org/way/771432380,https://overpass-api.de/,"OpenStreetMap contributors, ODbL"
way,771432404,,false,yes,,,,39,Benefit Street,,,,,,,,41.8329328,-71.4094916,https://www.openstreetmap.org/way/771432404,https://overpass-api.de/,"OpenStreetMap contributors, ODbL"
way,771432529,,false,yes,,,,,,,,,,,,,41.832871,-71.4073755,https://www.openstreetmap.org/way/771432529,https://overpass-api.de/,"OpenStreetMap contributors, ODbL"
way,771432645,,false,yes,,,,,,,,,,,,,41.8339105,-71.4099847,https://www.openstreetmap.org/way/771432645,https://overpass-api.de/,"OpenStreetMap contributors, ODbL"
way,771432700,,false,yes,,,,,,,,,,,,,41.8335301,-71.3952135,https://www.openstreetmap.org/way/771432700,https://overpass-api.de/,"OpenStreetMap contributors, ODbL"
way,771432744,,false,yes,,,,11,Jenckes Street,,,,,,,,41.8325021,-71.4086494,https://www.openstreetmap.org/way/771432744,https://overpass-api.de/,"OpenStreetMap contributors, ODbL"
way,771432825,,false,yes,,,,,,,,,,,,,41.8318561,-71.3930834,https://www.openstreetmap.org/way/771432825,https://overpass-api.de/,"OpenStreetMap contributors, ODbL"
way,771433098,,false,yes,,,,,,,,,,,,,41.8335743,-71.4048874,https://www.openstreetmap.org/way/771433098,https://overpass-api.de/,"OpenStreetMap contributors, ODbL"
way,771433245,,false,yes,,,,,,,,,,,,,41.8317651,-71.4034673,https://www.openstreetmap.org/way/771433245,https://overpass-api.de/,"OpenStreetMap contributors, ODbL"
way,771433291,,false,yes,,,,,,,,,,,,,41.8308461,-71.4097514,https://www.openstreetmap.org/way/771433291,https://overpass-api.de/,"OpenStreetMap contributors, ODbL"
way,771433670,,false,yes,,,,,,,,,,,,,41.8335851,-71.4099852,https://www.openstreetmap.org/way/771433670,https://overpass-api.de/,"OpenStreetMap contributors, ODbL"
way,771433759,,false,yes,,,,,,,,,,,,,41.8316223,-71.4070136,https://www.openstreetmap.org/way/771433759,https://overpass-api.de/,"OpenStreetMap contributors, ODbL"
way,771433871,,false,yes,,,,,,,,,,,,,41.8335725,-71.3950346,https://www.openstreetmap.org/way/771433871,https://overpass-api.de/,"OpenStreetMap contributors, ODbL"
way,771433943,,false,yes,,,,10,Jenckes Street,,,,,,,,41.8327848,-71.408772,https://www.openstreetmap.org/way/771433943,https://overpass-api.de/,"OpenStreetMap contributors, ODbL"
way,771433982,,false,yes,,,,,,,,,,,,,41.8294786,-71.4093484,https://www.openstreetmap.org/way/771433982,https://overpass-api.de/,"OpenStreetMap contributors, ODbL"
way,771434038,,false,yes,,,,,,,,,,,,,41.8335816,-71.4050624,https://www.openstreetmap.org/way/771434038,https://overpass-api.de/,"OpenStreetMap contributors, ODbL"
way,771434261,,false,yes,,,,,,,,,,,,,41.8332695,-71.3939027,https://www.openstreetmap.org/way/771434261,https://overpass-api.de/,"OpenStreetMap contributors, ODbL"
way,771434329,,false,yes,,,,,,,,,,,,,41.8324396,-71.4070548,https://www.openstreetmap.org/way/771434329,https://overpass-api.de/,"OpenStreetMap contributors, ODbL"
way,771434446,,false,yes,,,,,,,,,,,,,41.8325983,-71.393209,https://www.openstreetmap.org/way/771434446,https://overpass-api.de/,"OpenStreetMap contributors, ODbL"
way,771434518,,false,residential,,,,149,Prospect Street,Providence,RI,02906,,,,,41.8339302,-71.4062168,https://www.openstreetmap.org/way/771434518,https://overpass-api.de/,"OpenStreetMap contributors, ODbL"
way,771434552,,false,yes,,,,,,,,,,,,,41.8237307,-71.3936673,https://www.openstreetmap.org/way/771434552,https://overpass-api.de/,"OpenStreetMap contributors, ODbL"
way,771435135,,false,yes,,,,,,,,,,,,,41.8331788,-71.3933443,https://www.openstreetmap.org/way/771435135,https://overpass-api.de/,"OpenStreetMap contributors, ODbL"
way,771435182,,false,yes,,,,,,,,,,,,,41.831611,-71.4087275,https://www.openstreetmap.org/way/771435182,https://overpass-api.de/,"OpenStreetMap contributors, ODbL"
way,771435334,,false,yes,,,,,,,,,,,,,41.8339314,-71.4056337,https://www.openstreetmap.org/way/771435334,https://overpass-api.de/,"OpenStreetMap contributors, ODbL"
way,771435357,,false,yes,,,,,,,,,,,,,41.8212168,-71.4029206,https://www.openstreetmap.org/way/771435357,https://overpass-api.de/,"OpenStreetMap contributors, ODbL"
way,771435558,,false,yes,,,,,,,,,,,,,41.8291723,-71.3952989,https://www.openstreetmap.org/way/771435558,https://overpass-api.de/,"OpenStreetMap contributors, ODbL"
way,771435653,,false,yes,,,,,,,,,,,,,41.8323232,-71.4089929,https://www.openstreetmap.org/way/771435653,https://overpass-api.de/,"OpenStreetMap contributors, ODbL"
way,771435756,,false,yes,,,,,,,,,,,,,41.8298688,-71.4091947,https://www.openstreetmap.org/way/771435756,https://overpass-api.de/,"OpenStreetMap contributors, ODbL"
way,771435757,,false,yes,,,,,,,,,,,,,41.822463,-71.3935704,https://www.openstreetmap.org/way/771435757,https://overpass-api.de/,"OpenStreetMap contributors, ODbL"
way,771435766,,false,yes,,,,,,,,,,,,,41.8327379,-71.4010561,https://www.openstreetmap.org/way/771435766,https://overpass-api.de/,"OpenStreetMap contributors, ODbL"
way,771435781,,false,yes,,,,,,,,,,,,,41.829193,-71.405604,https://www.openstreetmap.org/way/771435781,https://overpass-api.de/,"OpenStreetMap contributors, ODbL"
way,771435822,,false,yes,,,,,,,,,,,,,41.8207584,-71.3997303,https://www.openstreetmap.org/way/771435822,https://overpass-api.de/,"OpenStreetMap contributors, ODbL"
way,771435975,,false,yes,,,,,,,,,,,,,41.8294504,-71.3945861,https://www.openstreetmap.org/way/771435975,https://overpass-api.de/,"OpenStreetMap contributors, ODbL"
way,771436079,,false,yes,,,,,,,,,,,,,41.8291661,-71.3964782,https://www.openstreetmap.org/way/771436079,https://overpass-api.de/,"OpenStreetMap contributors, ODbL"
way,771436106,,false,yes,,,,,,,,,,,,,41.823365,-71.4047984,https://www.openstreetmap.org/way/771436106,https://overpass-api.de/,"OpenStreetMap contributors, ODbL"
way,771436139,,false,yes,,,,,,,,,,,,,41.8323088,-71.4077069,https://www.openstreetmap.org/way/771436139,https://overpass-api.de/,"OpenStreetMap contributors, ODbL"
way,771436159,,false,yes,,,,,,,,,,,,,41.8252877,-71.395015,https://www.openstreetmap.org/way/771436159,https://overpass-api.de/,"OpenStreetMap contributors, ODbL"
way,771436181,,false,yes,,,,,,,,,,,,,41.8301555,-71.4064366,https://www.openstreetmap.org/way/771436181,https://overpass-api.de/,"OpenStreetMap contributors, ODbL"
way,771436255,,false,yes,,,,,,,,,,,,,41.8308239,-71.4049171,https://www.openstreetmap.org/way/771436255,https://overpass-api.de/,"OpenStreetMap contributors, ODbL"
way,771436328,,false,yes,,,,,,,,,,,,,41.8330649,-71.408139,https://www.openstreetmap.org/way/771436328,https://overpass-api.de/,"OpenStreetMap contributors, ODbL"
way,771436418,,false,yes,,,,259,Williams Street,,,,,,,,41.8227483,-71.3943285,https://www.openstreetmap.org/way/771436418,https://overpass-api.de/,"OpenStreetMap contributors, ODbL"
way,771436445,,false,yes,,,,,,,,,,,,,41.8330595,-71.4073857,https://www.openstreetmap.org/way/771436445,https://overpass-api.de/,"OpenStreetMap contributors, ODbL"
way,771436488,,false,yes,,,,,,,,,,,,,41.8318848,-71.4015449,https://www.openstreetmap.org/way/771436488,https://overpass-api.de/,"OpenStreetMap contributors, ODbL"
way,771436612,,false,yes,,,,,,,,,,,,,41.8323005,-71.4088713,https://www.openstreetmap.org/way/771436612,https://overpass-api.de/,"OpenStreetMap contributors, ODbL"
way,771436644,,false,yes,,,,,,,,,,,,,41.8324447,-71.4049249,https://www.openstreetmap.org/way/771436644,https://overpass-api.de/,"OpenStreetMap contributors, ODbL"
way,771436732,,false,yes,,,,,,,,,,,,,41.8336774,-71.3949576,https://www.openstreetmap.org/way/771436732,https://overpass-api.de/,"OpenStreetMap contributors, ODbL"
way,771436816,,false,yes,,,,,,,,,,,,,41.825334,-71.3930328,https://www.openstreetmap.org/way/771436816,https://overpass-api.de/,"OpenStreetMap contributors, ODbL"
way,771436905,,false,yes,,,,,,,,,,,,,41.8312501,-71.4064314,https://www.openstreetmap.org/way/771436905,https://overpass-api.de/,"OpenStreetMap contributors, ODbL"
way,771436973,,false,yes,,,,,,,,,,,,,41.8225468,-71.3932485,https://www.openstreetmap.org/way/771436973,https://overpass-api.de/,"OpenStreetMap contributors, ODbL"
way,771437018,,false,yes,,,,,,,,,,,,,41.8324715,-71.4043676,https://www.openstreetmap.org/way/771437018,https://overpass-api.de/,"OpenStreetMap contributors, ODbL"
way,771437128,,false,yes,,,,,,,,,,,,,41.8214016,-71.3941967,https://www.openstreetmap.org/way/771437128,https://overpass-api.de/,"OpenStreetMap contributors, ODbL"
way,771437160,,false,yes,,,,,,,,,,,,,41.8335634,-71.4071264,https://www.openstreetmap.org/way/771437160,https://overpass-api.de/,"OpenStreetMap contributors, ODbL"
way,771437175,,false,yes,,,,,,,,,,,,,41.831525,-71.4086958,https://www.openstreetmap.org/way/771437175,https://overpass-api.de/,"OpenStreetMap contributors, ODbL"
way,771437178,,false,yes,,,,,,,,,,,,,41.8322185,-71.4089158,https://www.openstreetmap.org/way/771437178,https://overpass-api.de/,"OpenStreetMap contributors, ODbL"
way,771437180,,false,yes,,,,,,,,,,,,,41.8225944,-71.3934632,https://www.openstreetmap.org/way/771437180,https://overpass-api.de/,"OpenStreetMap contributors, ODbL"
way,771437280,,false,yes,,,,,,,,,,,,,41.8339746,-71.4091879,https://www.openstreetmap.org/way/771437280,https://overpass-api.de/,"OpenStreetMap contributors, ODbL"
way,771437301,,false,yes,,,,,,,,,,,,,41.821977,-71.3934844,https://www.openstreetmap.org/way/771437301,https://overpass-api.de/,"OpenStreetMap contributors, ODbL"
way,771437312,,false,yes,,,,,,,,,,,,,41.8289197,-71.3969455,https://www.openstreetmap.org/way/771437312,https://overpass-api.de/,"OpenStreetMap contributors, ODbL"
way,771437322,,false,yes,,,,,,,,,,,,,41.8323549,-71.4054948,https://www.openstreetmap.org/way/771437322,https://overpass-api.de/,"OpenStreetMap contributors, ODbL"
way,771437325,,false,yes,,,,,,,,,,,,,41.8254844,-71.3965829,https://www.openstreetmap.org/way/771437325,https://overpass-api.de/,"OpenStreetMap contributors, ODbL"
way,771437424,,false,yes,,,,,,,,,,,,,41.8293225,-71.404573,https://www.openstreetmap.org/way/771437424,https://overpass-api.de/,"OpenStreetMap contributors, ODbL"
way,771437467,,false,yes,,,,,,,,,,,,,41.8303382,-71.4047459,https://www.openstreetmap.org/way/771437467,https://overpass-api.de/,"OpenStreetMap contributors, ODbL"
way,771437563,,false,yes,,,,,,,,,,,,,41.8254111,-71.3966547,https://www.openstreetmap.org/way/771437563,https://overpass-api.de/,"OpenStreetMap contributors, ODbL"
way,771437630,,false,yes,,,,,,,,,,,,,41.8326423,-71.4043867,https://www.openstreetmap.org/way/771437630,https://overpass-api.de/,"OpenStreetMap contributors, ODbL"
way,771437683,,false,yes,,,,,,,,,,,,,41.8336137,-71.3952561,https://www.openstreetmap.org/way/771437683,https://overpass-api.de/,"OpenStreetMap contributors, ODbL"
way,771437762,Giddings House - Garage,false,garage,,,,128,Hope Street,Providence,RI,,1,,,,41.8233316,-71.3975604,https://www.openstreetmap.org/way/771437762,https://overpass-api.de/,"OpenStreetMap contributors, ODbL"
way,771437770,,false,yes,,,,,,,,,,,,,41.832907,-71.4084352,https://www.openstreetmap.org/way/771437770,https://overpass-api.de/,"OpenStreetMap contributors, ODbL"
way,771437787,,false,yes,,,,,,,,,,,,,41.833047,-71.4084468,https://www.openstreetmap.org/way/771437787,https://overpass-api.de/,"OpenStreetMap contributors, ODbL"
way,771437792,,false,yes,,,,,,,,,,,,,41.8326943,-71.3935386,https://www.openstreetmap.org/way/771437792,https://overpass-api.de/,"OpenStreetMap contributors, ODbL"
way,771437830,,false,yes,,,,,,,,,,,,,41.8331878,-71.4084572,https://www.openstreetmap.org/way/771437830,https://overpass-api.de/,"OpenStreetMap contributors, ODbL"
way,771437837,Gardner House - Garage,false,garage,,,,,,,,,,,,,41.8257562,-71.4017951,https://www.openstreetmap.org/way/771437837,https://overpass-api.de/,"OpenStreetMap contributors, ODbL"
way,771437886,,false,yes,,,,,,,,,,,,,41.829897,-71.4040558,https://www.openstreetmap.org/way/771437886,https://overpass-api.de/,"OpenStreetMap contributors, ODbL"
way,771437942,,false,yes,,,,,,,,,,,,,41.820141,-71.3998505,https://www.openstreetmap.org/way/771437942,https://overpass-api.de/,"OpenStreetMap contributors, ODbL"
way,771437947,,false,yes,,,,,,,,,,,,,41.833117,-71.3936279,https://www.openstreetmap.org/way/771437947,https://overpass-api.de/,"OpenStreetMap contributors, ODbL"
way,771437948,,false,yes,,,,,,,,,,,,,41.8254377,-71.4055676,https://www.openstreetmap.org/way/771437948,https://overpass-api.de/,"OpenStreetMap contributors, ODbL"
way,771438009,,false,yes,,,,4,Jenckes Street,,,,,,,,41.8327627,-71.4091967,https://www.openstreetmap.org/way/771438009,https://overpass-api.de/,"OpenStreetMap contributors, ODbL"
way,771438023,,false,yes,,,,,,,,,,,,,41.8230281,-71.3936496,https://www.openstreetmap.org/way/771438023,https://overpass-api.de/,"OpenStreetMap contributors, ODbL"
way,771438032,,false,yes,,,,,,,,,,,,,41.8291766,-71.395392,https://www.openstreetmap.org/way/771438032,https://overpass-api.de/,"OpenStreetMap contributors, ODbL"
way,771438036,,false,yes,,,,,,,,,,,,,41.8317554,-71.4087112,https://www.openstreetmap.org/way/771438036,https://overpass-api.de/,"OpenStreetMap contributors, ODbL"
way,771438065,,false,yes,,,,,,,,,,,,,41.8325115,-71.4027508,https://www.openstreetmap.org/way/771438065,https://overpass-api.de/,"OpenStreetMap contributors, ODbL"
way,771438081,,false,yes,,,,,,,,,,,,,41.8295304,-71.3945899,https://www.openstreetmap.org/way/771438081,https://overpass-api.de/,"OpenStreetMap contributors, ODbL"
way,771438082,,false,yes,,,,,,,,,,,,,41.8337804,-71.3950239,https://www.openstreetmap.org/way/771438082,https://overpass-api.de/,"OpenStreetMap contributors, ODbL"
way,771438084,,false,yes,,,,,,,,,,,,,41.8205631,-71.3954755,https://www.openstreetmap.org/way/771438084,https://overpass-api.de/,"OpenStreetMap contributors, ODbL"
way,771438088,,false,yes,,,,,,,,,,,,,41.8337817,-71.4058352,https://www.openstreetmap.org/way/771438088,https://overpass-api.de/,"OpenStreetMap contributors, ODbL"
way,771438097,,false,yes,,,,,,,,,,,,,41.8300669,-71.4040971,https://www.openstreetmap.org/way/771438097,https://overpass-api.de/,"OpenStreetMap contributors, ODbL"
way,771438154,,false,yes,,,,,,,,,,,,,41.8293579,-71.395429,https://www.openstreetmap.org/way/771438154,https://overpass-api.de/,"OpenStreetMap contributors, ODbL"
way,771438185,,false,yes,,,,,,,,,,,,,41.831133,-71.4061902,https://www.openstreetmap.org/way/771438185,https://overpass-api.de/,"OpenStreetMap contributors, ODbL"
way,771438212,,false,yes,,,,,,,,,,,,,41.8318903,-71.4055351,https://www.openstreetmap.org/way/771438212,https://overpass-api.de/,"OpenStreetMap contributors, ODbL"
way,771438242,,false,yes,,,,,,,,,,,,,41.8299844,-71.3969134,https://www.openstreetmap.org/way/771438242,https://overpass-api.de/,"OpenStreetMap contributors, ODbL"
way,771438257,,false,yes,,,,,,,,,,,,,41.8219921,-71.3941678,https://www.openstreetmap.org/way/771438257,https://overpass-api.de/,"OpenStreetMap contributors, ODbL"
way,771438294,,false,yes,,,,,,,,,,,,,41.8340204,-71.395168,https://www.openstreetmap.org/way/771438294,https://overpass-api.de/,"OpenStreetMap contributors, ODbL"
way,771438299,,false,yes,,,,,,,,,,,,,41.8324863,-71.4042692,https://www.openstreetmap.org/way/771438299,https://overpass-api.de/,"OpenStreetMap contributors, ODbL"
way,771438325,,false,garage,,,,,,,,,,,,,41.8297102,-71.4078359,https://www.openstreetmap.org/way/771438325,https://overpass-api.de/,"OpenStreetMap contributors, ODbL"
way,771438393,,false,yes,,,,,,,,,,,,,41.8238932,-71.3974855,https://www.openstreetmap.org/way/771438393,https://overpass-api.de/,"OpenStreetMap contributors, ODbL"
way,771438410,,false,yes,,,,,,,,,,,,,41.8312444,-71.4067971,https://www.openstreetmap.org/way/771438410,https://overpass-api.de/,"OpenStreetMap contributors, ODbL"
way,771438438,,false,roof,,,,,,,,,,,,,41.8263389,-71.409293,https://www.openstreetmap.org/way/771438438,https://overpass-api.de/,"OpenStreetMap contributors, ODbL"
way,771438553,,false,yes,,,,,,,,,,,,,41.830211,-71.3955309,https://www.openstreetmap.org/way/771438553,https://overpass-api.de/,"OpenStreetMap contributors, ODbL"
way,771438577,,false,yes,,,,,,,,,,,,,41.8300079,-71.3968347,https://www.openstreetmap.org/way/771438577,https://overpass-api.de/,"OpenStreetMap contributors, ODbL"
way,771438583,,false,yes,,,,,,,,,,,,,41.8246183,-71.3932378,https://www.openstreetmap.org/way/771438583,https://overpass-api.de/,"OpenStreetMap contributors, ODbL"
way,771438603,,false,yes,,,,,,,,,,,,,41.8266309,-71.3932527,https://www.openstreetmap.org/way/771438603,https://overpass-api.de/,"OpenStreetMap contributors, ODbL"
way,771438671,,false,yes,,,,,,,,,,,,,41.8234274,-71.3980408,https://www.openstreetmap.org/way/771438671,https://overpass-api.de/,"OpenStreetMap contributors, ODbL"
way,771438735,,false,garage,,,,,,,,,,,,,41.8267316,-71.3929813,https://www.openstreetmap.org/way/771438735,https://overpass-api.de/,"OpenStreetMap contributors, ODbL"
way,771438762,,false,yes,,,,,,,,,,,,,41.8311872,-71.4014796,https://www.openstreetmap.org/way/771438762,https://overpass-api.de/,"OpenStreetMap contributors, ODbL"
way,771438798,,false,yes,,,,,,,,,,,,,41.8226035,-71.3932904,https://www.openstreetmap.org/way/771438798,https://overpass-api.de/,"OpenStreetMap contributors, ODbL"
way,771438800,,false,yes,,,,,,,,,,,,,41.8332931,-71.4058912,https://www.openstreetmap.org/way/771438800,https://overpass-api.de/,"OpenStreetMap contributors, ODbL"
way,771438814,,false,yes,,,,,,,,,,,,,41.8302268,-71.4064997,https://www.openstreetmap.org/way/771438814,https://overpass-api.de/,"OpenStreetMap contributors, ODbL"
way,771438834,,false,yes,,,,,,,,,,,,,41.8220673,-71.3943028,https://www.openstreetmap.org/way/771438834,https://overpass-api.de/,"OpenStreetMap contributors, ODbL"
way,771438880,,false,yes,,,,,,,,,,,,,41.8223294,-71.396032,https://www.openstreetmap.org/way/771438880,https://overpass-api.de/,"OpenStreetMap contributors, ODbL"
way,771438966,,false,retail,,,,163,,,,,,,,,41.8209628,-71.3982728,https://www.openstreetmap.org/way/771438966,https://overpass-api.de/,"OpenStreetMap contributors, ODbL"
way,771438974,,false,yes,,,,,,,,,,,,,41.8311423,-71.4028732,https://www.openstreetmap.org/way/771438974,https://overpass-api.de/,"OpenStreetMap contributors, ODbL"
way,771439185,,false,yes,,,,,,,,,,,,,41.8331202,-71.4072652,https://www.openstreetmap.org/way/771439185,https://overpass-api.de/,"OpenStreetMap contributors, ODbL"
way,771439339,,false,yes,,,,,,,,,,,,,41.8329673,-71.3929935,https://www.openstreetmap.org/way/771439339,https://overpass-api.de/,"OpenStreetMap contributors, ODbL"
way,771439343,,false,yes,,,,,,,,,,,,,41.8311233,-71.4016563,https://www.openstreetmap.org/way/771439343,https://overpass-api.de/,"OpenStreetMap contributors, ODbL"
way,771439393,,false,garages,,,,,,,,,,,,,41.8227367,-71.394561,https://www.openstreetmap.org/way/771439393,https://overpass-api.de/,"OpenStreetMap contributors, ODbL"
way,771439404,,false,yes,,,,,,,,,,,,,41.8213572,-71.3948177,https://www.openstreetmap.org/way/771439404,https://overpass-api.de/,"OpenStreetMap contributors, ODbL"
way,771439504,,false,yes,,,,,,,,,,,,,41.8205331,-71.4014754,https://www.openstreetmap.org/way/771439504,https://overpass-api.de/,"OpenStreetMap contributors, ODbL"
way,771439513,,false,yes,,,,,,,,,,,,,41.8330297,-71.4058831,https://www.openstreetmap.org/way/771439513,https://overpass-api.de/,"OpenStreetMap contributors, ODbL"
way,771439521,,false,yes,,,,,,,,,,,,,41.828268,-71.3963362,https://www.openstreetmap.org/way/771439521,https://overpass-api.de/,"OpenStreetMap contributors, ODbL"
way,771439548,,false,garages,,,,,,,,,,,,,41.8241517,-71.3945104,https://www.openstreetmap.org/way/771439548,https://overpass-api.de/,"OpenStreetMap contributors, ODbL"
way,771439575,,false,yes,,,,,,,,,,,,,41.8317635,-71.4026969,https://www.openstreetmap.org/way/771439575,https://overpass-api.de/,"OpenStreetMap contributors, ODbL"
way,771439617,,false,yes,,,,,,,,,,,,,41.8334068,-71.400762,https://www.openstreetmap.org/way/771439617,https://overpass-api.de/,"OpenStreetMap contributors, ODbL"
way,771439646,,false,yes,,,,,,,,,,,,,41.8327522,-71.3932125,https://www.openstreetmap.org/way/771439646,https://overpass-api.de/,"OpenStreetMap contributors, ODbL"
way,771439647,,false,yes,,,,,,,,,,,,,41.8337124,-71.4071824,https://www.openstreetmap.org/way/771439647,https://overpass-api.de/,"OpenStreetMap contributors, ODbL"
way,771439656,,false,yes,,,,,,,,,,,,,41.8318083,-71.4031956,https://www.openstreetmap.org/way/771439656,https://overpass-api.de/,"OpenStreetMap contributors, ODbL"
way,771439667,,false,yes,,,,,,,,,,,,,41.8331285,-71.405322,https://www.openstreetmap.org/way/771439667,https://overpass-api.de/,"OpenStreetMap contributors, ODbL"
way,771439772,,false,yes,,,,,,,,,,,,,41.8240104,-71.3948034,https://www.openstreetmap.org/way/771439772,https://overpass-api.de/,"OpenStreetMap contributors, ODbL"
way,771439899,,false,yes,,,,,,,,,,,,,41.8309804,-71.4064836,https://www.openstreetmap.org/way/771439899,https://overpass-api.de/,"OpenStreetMap contributors, ODbL"
way,771439902,,false,yes,,,,,,,,,,,,,41.8331371,-71.4051347,https://www.openstreetmap.org/way/771439902,https://overpass-api.de/,"OpenStreetMap contributors, ODbL"
way,771439915,,false,yes,,,,,,,,,,,,,41.8327071,-71.4015948,https://www.openstreetmap.org/way/771439915,https://overpass-api.de/,"OpenStreetMap contributors, ODbL"
way,771440027,,false,yes,,,,,,,,,,,,,41.8238997,-71.3935644,https://www.openstreetmap.org/way/771440027,https://overpass-api.de/,"OpenStreetMap contributors, ODbL"
way,771440039,,false,yes,,,,,,,,,,,,,41.8233256,-71.3937021,https://www.openstreetmap.org/way/771440039,https://overpass-api.de/,"OpenStreetMap contributors, ODbL"
way,771440046,,false,yes,,,,,,,,,,,,,41.8300436,-71.4092345,https://www.openstreetmap.org/way/771440046,https://overpass-api.de/,"OpenStreetMap contributors, ODbL"
way,771440069,,false,yes,,,,,,,,,,,,,41.8331463,-71.404949,https://www.openstreetmap.org/way/771440069,https://overpass-api.de/,"OpenStreetMap contributors, ODbL"
way,771440173,,false,yes,,,,,,,,,,,,,41.833729,-71.4067296,https://www.openstreetmap.org/way/771440173,https://overpass-api.de/,"OpenStreetMap contributors, ODbL"
way,771440336,,false,yes,,,,,,,,,,,,,41.8324966,-71.4029867,https://www.openstreetmap.org/way/771440336,https://overpass-api.de/,"OpenStreetMap contributors, ODbL"
way,771440416,,false,yes,,,,,,,,,,,,,41.8336774,-71.3951637,https://www.openstreetmap.org/way/771440416,https://overpass-api.de/,"OpenStreetMap contributors, ODbL"
way,771440419,,false,yes,,,,,,,,,,,,,41.8303617,-71.4042797,https://www.openstreetmap.org/way/771440419,https://overpass-api.de/,"OpenStreetMap contributors, ODbL"
way,771440497,,false,yes,,,,,,,,,,,,,41.8220935,-71.3945697,https://www.openstreetmap.org/way/771440497,https://overpass-api.de/,"OpenStreetMap contributors, ODbL"
way,771440528,,false,yes,,,,,,,,,,,,,41.8332796,-71.3934328,https://www.openstreetmap.org/way/771440528,https://overpass-api.de/,"OpenStreetMap contributors, ODbL"
way,771440580,,false,yes,,,,,,,,,,,,,41.832813,-71.4084418,https://www.openstreetmap.org/way/771440580,https://overpass-api.de/,"OpenStreetMap contributors, ODbL"
way,771440639,,false,yes,,,,,,,,,,,,,41.821684,-71.403302,https://www.openstreetmap.org/way/771440639,https://overpass-api.de/,"OpenStreetMap contributors, ODbL"
way,771440655,,false,yes,,,,,,,,,,,,,41.8337189,-71.4056639,https://www.openstreetmap.org/way/771440655,https://overpass-api.de/,"OpenStreetMap contributors, ODbL"
way,771440694,,false,yes,,,,,,,,,,,,,41.8281024,-71.4041021,https://www.openstreetmap.org/way/771440694,https://overpass-api.de/,"OpenStreetMap contributors, ODbL"
way,771440709,,false,yes,,,,,,,,,,,,,41.8220394,-71.39348,https://www.openstreetmap.org/way/771440709,https://overpass-api.de/,"OpenStreetMap contributors, ODbL"
way,771440757,,false,yes,,,,,,,,,,,,,41.8328494,-71.3930448,https://www.openstreetmap.org/way/771440757,https://overpass-api.de/,"OpenStreetMap contributors, ODbL"
way,771440784,,false,yes,,,,,,,,,,,,,41.8334213,-71.3930153,https://www.openstreetmap.org/way/771440784,https://overpass-api.de/,"OpenStreetMap contributors, ODbL"
way,771440841,,false,yes,,,,,,,,,,,,,41.8298614,-71.4039523,https://www.openstreetmap.org/way/771440841,https://overpass-api.de/,"OpenStreetMap contributors, ODbL"
way,771440844,,false,yes,,,,,,,,,,,,,41.8327126,-71.3934433,https://www.openstreetmap.org/way/771440844,https://overpass-api.de/,"OpenStreetMap contributors, ODbL"
way,771440978,,false,yes,,,,,,,,,,,,,41.8339968,-71.3952552,https://www.openstreetmap.org/way/771440978,https://overpass-api.de/,"OpenStreetMap contributors, ODbL"
way,771441001,,false,yes,,,,,,,,,,,,,41.8337957,-71.4053832,https://www.openstreetmap.org/way/771441001,https://overpass-api.de/,"OpenStreetMap contributors, ODbL"
way,771441081,,false,yes,,,,,,,,,,,,,41.8317921,-71.4019215,https://www.openstreetmap.org/way/771441081,https://overpass-api.de/,"OpenStreetMap contributors, ODbL"
way,771441111,,false,yes,,,,,,,,,,,,,41.8337087,-71.4058702,https://www.openstreetmap.org/way/771441111,https://overpass-api.de/,"OpenStreetMap contributors, ODbL"
way,771441112,,false,yes,,,,,,,,,,,,,41.8326582,-71.4024256,https://www.openstreetmap.org/way/771441112,https://overpass-api.de/,"OpenStreetMap contributors, ODbL"
way,771441149,,false,yes,,,,,,,,,,,,,41.8214333,-71.3999878,https://www.openstreetmap.org/way/771441149,https://overpass-api.de/,"OpenStreetMap contributors, ODbL"
way,771441266,,false,yes,,,,,,,,,,,,,41.8326975,-71.4017882,https://www.openstreetmap.org/way/771441266,https://overpass-api.de/,"OpenStreetMap contributors, ODbL"
way,771441278,,false,yes,,,,,,,,,,,,,41.8313022,-71.4074447,https://www.openstreetmap.org/way/771441278,https://overpass-api.de/,"OpenStreetMap contributors, ODbL"
way,771441284,,false,yes,,,,,,,,,,,,,41.8249583,-71.4048949,https://www.openstreetmap.org/way/771441284,https://overpass-api.de/,"OpenStreetMap contributors, ODbL"
way,771441488,,false,yes,,,,,,,,,,,,,41.8331746,-71.4043573,https://www.openstreetmap.org/way/771441488,https://overpass-api.de/,"OpenStreetMap contributors, ODbL"
way,771441498,,false,yes,,,,,,,,,,,,,41.8202272,-71.399042,https://www.openstreetmap.org/way/771441498,https://overpass-api.de/,"OpenStreetMap contributors, ODbL"
way,771441536,,false,yes,,,,,,,,,,,,,41.8319318,-71.4043556,https://www.openstreetmap.org/way/771441536,https://overpass-api.de/,"OpenStreetMap contributors, ODbL"
way,771441678,,false,yes,,,,,,,,,,,,,41.8337763,-71.3939563,https://www.openstreetmap.org/way/771441678,https://overpass-api.de/,"OpenStreetMap contributors, ODbL"
way,771441686,,false,yes,,,,,,,,,,,,,41.8331512,-71.4048714,https://www.openstreetmap.org/way/771441686,https://overpass-api.de/,"OpenStreetMap contributors, ODbL"
way,771441851,,false,yes,,,,,,,,,,,,,41.8239492,-71.393021,https://www.openstreetmap.org/way/771441851,https://overpass-api.de/,"OpenStreetMap contributors, ODbL"
way,771441925,,false,yes,,,,,,,,,,,,,41.8318328,-71.4005408,https://www.openstreetmap.org/way/771441925,https://overpass-api.de/,"OpenStreetMap contributors, ODbL"
way,771441995,,false,yes,,,,,,,,,,,,,41.8301647,-71.3959387,https://www.openstreetmap.org/way/771441995,https://overpass-api.de/,"OpenStreetMap contributors, ODbL"
way,771442016,,false,yes,,,,,,,,,,,,,41.8329069,-71.4079354,https://www.openstreetmap.org/way/771442016,https://overpass-api.de/,"OpenStreetMap contributors, ODbL"
way,771442035,,false,yes,,,,,,,,,,,,,41.8214478,-71.3944236,https://www.openstreetmap.org/way/771442035,https://overpass-api.de/,"OpenStreetMap contributors, ODbL"
way,771442082,,false,yes,,,,,,,,,,,,,41.8267623,-71.393489,https://www.openstreetmap.org/way/771442082,https://overpass-api.de/,"OpenStreetMap contributors, ODbL"
way,771442090,,false,yes,,,,,,,,,,,,,41.8317272,-71.4047715,https://www.openstreetmap.org/way/771442090,https://overpass-api.de/,"OpenStreetMap contributors, ODbL"
way,771442114,,false,yes,,,,,,,,,,,,,41.8310551,-71.4066732,https://www.openstreetmap.org/way/771442114,https://overpass-api.de/,"OpenStreetMap contributors, ODbL"
way,771442157,,false,yes,,,,,,,,,,,,,41.8328181,-71.3932284,https://www.openstreetmap.org/way/771442157,https://overpass-api.de/,"OpenStreetMap contributors, ODbL"
way,771442289,,false,yes,,,,,,,,,,,,,41.8310295,-71.4039644,https://www.openstreetmap.org/way/771442289,https://overpass-api.de/,"OpenStreetMap contributors, ODbL"
way,771442315,,false,yes,,,,,,,,,,,,,41.8267088,-71.393247,https://www.openstreetmap.org/way/771442315,https://overpass-api.de/,"OpenStreetMap contributors, ODbL"
way,771442385,,false,yes,,,,,,,,,,,,,41.8333099,-71.4084659,https://www.openstreetmap.org/way/771442385,https://overpass-api.de/,"OpenStreetMap contributors, ODbL"
way,771442423,,false,yes,,,,,,,,,,,,,41.820973,-71.3978995,https://www.openstreetmap.org/way/771442423,https://overpass-api.de/,"OpenStreetMap contributors, ODbL"
way,771442432,,false,yes,,,,,,,,,,,,,41.8303538,-71.4045377,https://www.openstreetmap.org/way/771442432,https://overpass-api.de/,"OpenStreetMap contributors, ODbL"
way,771442447,,false,yes,,,,,,,,,,,,,41.8332323,-71.4022303,https://www.openstreetmap.org/way/771442447,https://overpass-api.de/,"OpenStreetMap contributors, ODbL"
way,771442449,,false,yes,,,,,,,,,,,,,41.8339626,-71.3935349,https://www.openstreetmap.org/way/771442449,https://overpass-api.de/,"OpenStreetMap contributors, ODbL"
way,771442520,,false,yes,,,,,,,,,,,,,41.8311048,-71.4035918,https://www.openstreetmap.org/way/771442520,https://overpass-api.de/,"OpenStreetMap contributors, ODbL"
way,771442598,,false,yes,,,,,,,,,,,,,41.8238856,-71.3959061,https://www.openstreetmap.org/way/771442598,https://overpass-api.de/,"OpenStreetMap contributors, ODbL"
way,771442611,,false,yes,,,,,,,,,,,,,41.8211979,-71.4015126,https://www.openstreetmap.org/way/771442611,https://overpass-api.de/,"OpenStreetMap contributors, ODbL"
way,771442615,,false,yes,,,,,,,,,,,,,41.8218622,-71.3931333,https://www.openstreetmap.org/way/771442615,https://overpass-api.de/,"OpenStreetMap contributors, ODbL"
way,771442619,,false,yes,,,,,,,,,,,,,41.8299765,-71.3947051,https://www.openstreetmap.org/way/771442619,https://overpass-api.de/,"OpenStreetMap contributors, ODbL"
way,771442701,,false,yes,,,,,,,,,,,,,41.8326538,-71.4027153,https://www.openstreetmap.org/way/771442701,https://overpass-api.de/,"OpenStreetMap contributors, ODbL"
way,771442814,,false,yes,,,,,,,,,,,,,41.8331544,-71.4033203,https://www.openstreetmap.org/way/771442814,https://overpass-api.de/,"OpenStreetMap contributors, ODbL"
way,771442857,,false,yes,,,,,,,,,,,,,41.8326506,-71.4027801,https://www.openstreetmap.org/way/771442857,https://overpass-api.de/,"OpenStreetMap contributors, ODbL"
way,771442927,,false,yes,,,,,,,,,,,,,41.8318183,-71.4028586,https://www.openstreetmap.org/way/771442927,https://overpass-api.de/,"OpenStreetMap contributors, ODbL"
way,771442986,,false,yes,,,,,,,,,,,,,41.8324855,-71.40183,https://www.openstreetmap.org/way/771442986,https://overpass-api.de/,"OpenStreetMap contributors, ODbL"
way,771443090,,false,yes,,,,,,,,,,,,,41.8218148,-71.4034283,https://www.openstreetmap.org/way/771443090,https://overpass-api.de/,"OpenStreetMap contributors, ODbL"
way,771443105,,false,yes,,,,,,,,,,,,,41.8333077,-71.3932908,https://www.openstreetmap.org/way/771443105,https://overpass-api.de/,"OpenStreetMap contributors, ODbL"
way,771443115,,false,yes,,,,,,,,,,,,,41.8202834,-71.3973382,https://www.openstreetmap.org/way/771443115,https://overpass-api.de/,"OpenStreetMap contributors, ODbL"
way,771443132,,false,yes,,,,,,,,,,,,,41.8205475,-71.3953374,https://www.openstreetmap.org/way/771443132,https://overpass-api.de/,"OpenStreetMap contributors, ODbL"
way,771443412,,false,yes,,,,,,,,,,,,,41.8335435,-71.4091307,https://www.openstreetmap.org/way/771443412,https://overpass-api.de/,"OpenStreetMap contributors, ODbL"
way,771443474,,false,yes,,,,,,,,,,,,,41.8209557,-71.3939257,https://www.openstreetmap.org/way/771443474,https://overpass-api.de/,"OpenStreetMap contributors, ODbL"
way,771443756,,false,yes,,,,,,,,,,,,,41.8331105,-71.4034922,https://www.openstreetmap.org/way/771443756,https://overpass-api.de/,"OpenStreetMap contributors, ODbL"
way,771443939,,false,yes,,,,,,,,,,,,,41.8208886,-71.3970668,https://www.openstreetmap.org/way/771443939,https://overpass-api.de/,"OpenStreetMap contributors, ODbL"
way,771444042,,false,yes,,,,,,,,,,,,,41.8214026,-71.3980936,https://www.openstreetmap.org/way/771444042,https://overpass-api.de/,"OpenStreetMap contributors, ODbL"
way,771444110,,false,yes,,,,,,,,,,,,,41.8316971,-71.4043415,https://www.openstreetmap.org/way/771444110,https://overpass-api.de/,"OpenStreetMap contributors, ODbL"
way,771444225,,false,yes,,,,,,,,,,,,,41.8236483,-71.4092226,https://www.openstreetmap.org/way/771444225,https://overpass-api.de/,"OpenStreetMap contributors, ODbL"
way,771444266,,false,yes,,,,,,,,,,,,,41.8206776,-71.3941547,https://www.openstreetmap.org/way/771444266,https://overpass-api.de/,"OpenStreetMap contributors, ODbL"
way,771444332,,false,yes,,,,,,,,,,,,,41.8318512,-71.4021107,https://www.openstreetmap.org/way/771444332,https://overpass-api.de/,"OpenStreetMap contributors, ODbL"
way,771444349,,false,yes,,,,,,,,,,,,,41.8231102,-71.4068955,https://www.openstreetmap.org/way/771444349,https://overpass-api.de/,"OpenStreetMap contributors, ODbL"
way,771444453,,false,yes,shelter,,,,,,,,,,,,41.8254005,-71.4091061,https://www.openstreetmap.org/way/771444453,https://overpass-api.de/,"OpenStreetMap contributors, ODbL"
way,771444495,,false,yes,,,,,,,,,,,,,41.8204116,-71.3952828,https://www.openstreetmap.org/way/771444495,https://overpass-api.de/,"OpenStreetMap contributors, ODbL"
way,771444511,,false,roof,shelter,,,,,,,,,,,,41.8271547,-71.3975422,https://www.openstreetmap.org/way/771444511,https://overpass-api.de/,"OpenStreetMap contributors, ODbL"
way,771444516,,false,yes,,,,,,,,,,,,,41.8285647,-71.4044305,https://www.openstreetmap.org/way/771444516,https://overpass-api.de/,"OpenStreetMap contributors, ODbL"
way,771444523,,false,yes,,,,,,,,,,,,,41.8213727,-71.3978049,https://www.openstreetmap.org/way/771444523,https://overpass-api.de/,"OpenStreetMap contributors, ODbL"
way,771444531,,false,yes,,,,,,,,,,,,,41.8201818,-71.3986552,https://www.openstreetmap.org/way/771444531,https://overpass-api.de/,"OpenStreetMap contributors, ODbL"
way,771444620,,false,yes,,,,,,,,,,,,,41.8223392,-71.4024496,https://www.openstreetmap.org/way/771444620,https://overpass-api.de/,"OpenStreetMap contributors, ODbL"
way,771444621,,false,yes,,,,,,,,,,,,,41.8217605,-71.393005,https://www.openstreetmap.org/way/771444621,https://overpass-api.de/,"OpenStreetMap contributors, ODbL"
way,771444661,,false,yes,,,,,,,,,,,,,41.8292327,-71.3939204,https://www.openstreetmap.org/way/771444661,https://overpass-api.de/,"OpenStreetMap contributors, ODbL"
way,771444730,,false,yes,,,,,,,,,,,,,41.8296605,-71.4092674,https://www.openstreetmap.org/way/771444730,https://overpass-api.de/,"OpenStreetMap contributors, ODbL"
way,771444818,,false,yes,,,,,,,,,,,,,41.8218918,-71.4080533,https://www.openstreetmap.org/way/771444818,https://overpass-api.de/,"OpenStreetMap contributors, ODbL"
way,771444832,,false,yes,,,,,,,,,,,,,41.8241003,-71.408687,https://www.openstreetmap.org/way/771444832,https://overpass-api.de/,"OpenStreetMap contributors, ODbL"
way,771444869,,false,yes,,,,,,,,,,,,,41.8312196,-71.4087,https://www.openstreetmap.org/way/771444869,https://overpass-api.de/,"OpenStreetMap contributors, ODbL"
way,771444884,,false,yes,,,,,,,,,,,,,41.8219507,-71.4071262,https://www.openstreetmap.org/way/771444884,https://overpass-api.de/,"OpenStreetMap contributors, ODbL"
way,771444927,,false,yes,,,,,,,,,,,,,41.8308529,-71.4047718,https://www.openstreetmap.org/way/771444927,https://overpass-api.de/,"OpenStreetMap contributors, ODbL"
way,771444994,,false,yes,,,,,,,,,,,,,41.8303175,-71.4046661,https://www.openstreetmap.org/way/771444994,https://overpass-api.de/,"OpenStreetMap contributors, ODbL"
way,771445011,,false,shed,,,,,,,,,,,,,41.8256481,-71.3955729,https://www.openstreetmap.org/way/771445011,https://overpass-api.de/,"OpenStreetMap contributors, ODbL"
way,771445036,,false,yes,,,,,,,,,,,,,41.8229505,-71.4060396,https://www.openstreetmap.org/way/771445036,https://overpass-api.de/,"OpenStreetMap contributors, ODbL"
way,771445064,,false,yes,,,,,,,,,,,,,41.8338523,-71.4067631,https://www.openstreetmap.org/way/771445064,https://overpass-api.de/,"OpenStreetMap contributors, ODbL"
way,771445203,,false,yes,,,,,,,,,,,,,41.8311193,-71.4030458,https://www.openstreetmap.org/way/771445203,https://overpass-api.de/,"OpenStreetMap contributors, ODbL"
way,771445309,,false,yes,,,,,,,,,,,,,41.829049,-71.4063977,https://www.openstreetmap.org/way/771445309,https://overpass-api.de/,"OpenStreetMap contributors, ODbL"
way,771445421,,false,yes,,,,,,,,,,,,,41.8208814,-71.3980251,https://www.openstreetmap.org/way/771445421,https://overpass-api.de/,"OpenStreetMap contributors, ODbL"
way,771445429,,false,yes,,,,,,,,,,,,,41.8307172,-71.4094122,https://www.openstreetmap.org/way/771445429,https://overpass-api.de/,"OpenStreetMap contributors, ODbL"
way,771445440,,false,yes,,,,,,,,,,,,,41.8214544,-71.39435,https://www.openstreetmap.org/way/771445440,https://overpass-api.de/,"OpenStreetMap contributors, ODbL"
way,771445490,,false,yes,,,,,,,,,,,,,41.8307241,-71.4082618,https://www.openstreetmap.org/way/771445490,https://overpass-api.de/,"OpenStreetMap contributors, ODbL"
way,771445574,,false,yes,,,,,,,,,,,,,41.8315406,-71.4069989,https://www.openstreetmap.org/way/771445574,https://overpass-api.de/,"OpenStreetMap contributors, ODbL"
way,771445659,,false,yes,,,,,,,,,,,,,41.8336853,-71.4051693,https://www.openstreetmap.org/way/771445659,https://overpass-api.de/,"OpenStreetMap contributors, ODbL"
way,771445667,,false,yes,,,,,,,,,,,,,41.8325615,-71.4069614,https://www.openstreetmap.org/way/771445667,https://overpass-api.de/,"OpenStreetMap contributors, ODbL"
way,771445771,,false,yes,,,,,,,,,,,,,41.8337474,-71.4053567,https://www.openstreetmap.org/way/771445771,https://overpass-api.de/,"OpenStreetMap contributors, ODbL"
way,771445774,,false,yes,,,,,,,,,,,,,41.8321251,-71.3931919,https://www.openstreetmap.org/way/771445774,https://overpass-api.de/,"OpenStreetMap contributors, ODbL"
way,771445819,,false,yes,,,,,,,,,,,,,41.8224618,-71.408565,https://www.openstreetmap.org/way/771445819,https://overpass-api.de/,"OpenStreetMap contributors, ODbL"
way,771445875,,false,yes,,,,,,,,,,,,,41.8201679,-71.3996271,https://www.openstreetmap.org/way/771445875,https://overpass-api.de/,"OpenStreetMap contributors, ODbL"
way,771445980,,false,yes,,,,,,,,,,,,,41.8212938,-71.4006909,https://www.openstreetmap.org/way/771445980,https://overpass-api.de/,"OpenStreetMap contributors, ODbL"
way,771445981,,false,yes,,,,,,,,,,,,,41.8216086,-71.3955838,https://www.openstreetmap.org/way/771445981,https://overpass-api.de/,"OpenStreetMap contributors, ODbL"
way,771446102,,false,yes,,,,,,,,,,,,,41.830171,-71.4090723,https://www.openstreetmap.org/way/771446102,https://overpass-api.de/,"OpenStreetMap contributors, ODbL"
way,771446190,,false,yes,,,,,,,,,,,,,41.8337998,-71.4053169,https://www.openstreetmap.org/way/771446190,https://overpass-api.de/,"OpenStreetMap contributors, ODbL"
way,771446226,,false,yes,,,,,,,,,,,,,41.8335798,-71.4007653,https://www.openstreetmap.org/way/771446226,https://overpass-api.de/,"OpenStreetMap contributors, ODbL"
way,771446267,,false,yes,,,,,,,,,,,,,41.8222423,-71.3959554,https://www.openstreetmap.org/way/771446267,https://overpass-api.de/,"OpenStreetMap contributors, ODbL"
way,771446334,,false,yes,,,,,,,,,,,,,41.8201502,-71.4007237,https://www.openstreetmap.org/way/771446334,https://overpass-api.de/,"OpenStreetMap contributors, ODbL"
way,771446358,,false,yes,,,,,,,,,,,,,41.8237702,-71.3944879,https://www.openstreetmap.org/way/771446358,https://overpass-api.de/,"OpenStreetMap contributors, ODbL"
way,771446405,,false,yes,,,,,,,,,,,,,41.8296979,-71.4064087,https://www.openstreetmap.org/way/771446405,https://overpass-api.de/,"OpenStreetMap contributors, ODbL"
way,771446455,,false,yes,,,,,,,,,,,,,41.8318204,-71.3975683,https://www.openstreetmap.org/way/771446455,https://overpass-api.de/,"OpenStreetMap contributors, ODbL"
way,771446472,,false,yes,,,,,,,,,,,,,41.8208771,-71.394167,https://www.openstreetmap.org/way/771446472,https://overpass-api.de/,"OpenStreetMap contributors, ODbL"
way,771446598,,false,yes,,,,,,,,,,,,,41.8218144,-71.4052255,https://www.openstreetmap.org/way/771446598,https://overpass-api.de/,"OpenStreetMap contributors, ODbL"
way,771446613,,false,yes,,,,,,,,,,,,,41.8237663,-71.3975861,https://www.openstreetmap.org/way/771446613,https://overpass-api.de/,"OpenStreetMap contributors, ODbL"
way,771446623,,false,yes,,,,,,,,,,,,,41.833496,-71.4073281,https://www.openstreetmap.org/way/771446623,https://overpass-api.de/,"OpenStreetMap contributors, ODbL"
way,771446629,,false,yes,,,,,,,,,,,,,41.8295127,-71.4092372,https://www.openstreetmap.org/way/771446629,https://overpass-api.de/,"OpenStreetMap contributors, ODbL"
way,771446652,,false,yes,,,,,,,,,,,,,41.8247951,-71.395138,https://www.openstreetmap.org/way/771446652,https://overpass-api.de/,"OpenStreetMap contributors, ODbL"
way,771446655,,false,yes,,,,,,,,,,,,,41.821912,-71.3931767,https://www.openstreetmap.org/way/771446655,https://overpass-api.de/,"OpenStreetMap contributors, ODbL"
way,771446667,,false,yes,,,,,,,,,,,,,41.8238815,-71.4080869,https://www.openstreetmap.org/way/771446667,https://overpass-api.de/,"OpenStreetMap contributors, ODbL"
way,771446683,,false,yes,,,,,,,,,,,,,41.8324169,-71.4067078,https://www.openstreetmap.org/way/771446683,https://overpass-api.de/,"OpenStreetMap contributors, ODbL"
way,771446722,,false,yes,,,,,,,,,,,,,41.8325649,-71.4008056,https://www.openstreetmap.org/way/771446722,https://overpass-api.de/,"OpenStreetMap contributors, ODbL"
way,771446747,,false,yes,,,,,,,,,,,,,41.8222462,-71.4095454,https://www.openstreetmap.org/way/771446747,https://overpass-api.de/,"OpenStreetMap contributors, ODbL"
way,771446762,,false,yes,,,,,,,,,,,,,41.8310644,-71.4042214,https://www.openstreetmap.org/way/771446762,https://overpass-api.de/,"OpenStreetMap contributors, ODbL"
way,771446783,,false,yes,,,,,,,,,,,,,41.820937,-71.3975784,https://www.openstreetmap.org/way/771446783,https://overpass-api.de/,"OpenStreetMap contributors, ODbL"
way,771446901,,false,yes,,,,,,,,,,,,,41.8315517,-71.4034643,https://www.openstreetmap.org/way/771446901,https://overpass-api.de/,"OpenStreetMap contributors, ODbL"
way,771446903,,false,yes,,,,,,,,,,,,,41.8316614,-71.4098638,https://www.openstreetmap.org/way/771446903,https://overpass-api.de/,"OpenStreetMap contributors, ODbL"
way,771446961,,false,yes,,,,,,,,,,,,,41.8205789,-71.3940411,https://www.openstreetmap.org/way/771446961,https://overpass-api.de/,"OpenStreetMap contributors, ODbL"
way,771446975,,false,yes,,,,,,,,,,,,,41.8312205,-71.3961889,https://www.openstreetmap.org/way/771446975,https://overpass-api.de/,"OpenStreetMap contributors, ODbL"
way,771446990,,false,yes,,,,,,,,,,,,,41.8287081,-71.4045017,https://www.openstreetmap.org/way/771446990,https://overpass-api.de/,"OpenStreetMap contributors, ODbL"
way,771446991,,false,yes,,,,,,,,,,,,,41.8288554,-71.4045997,https://www.openstreetmap.org/way/771446991,https://overpass-api.de/,"OpenStreetMap contributors, ODbL"
way,771447000,,false,yes,,,,,,,,,,,,,41.8325633,-71.4050002,https://www.openstreetmap.org/way/771447000,https://overpass-api.de/,"OpenStreetMap contributors, ODbL"
way,771447064,,false,yes,,,,,,,,,,,,,41.8254122,-71.3987447,https://www.openstreetmap.org/way/771447064,https://overpass-api.de/,"OpenStreetMap contributors, ODbL"
way,771447115,,false,yes,,,,,,,,,,,,,41.8221477,-71.3945082,https://www.openstreetmap.org/way/771447115,https://overpass-api.de/,"OpenStreetMap contributors, ODbL"
way,771447157,,false,yes,,,,,,,,,,,,,41.8331845,-71.4073316,https://www.openstreetmap.org/way/771447157,https://overpass-api.de/,"OpenStreetMap contributors, ODbL"
way,771447265,,false,yes,,,,,,,,,,,,,41.8326209,-71.4050082,https://www.openstreetmap.org/way/771447265,https://overpass-api.de/,"OpenStreetMap contributors, ODbL"
way,771447270,,false,yes,,,,,,,,,,,,,41.8218116,-71.4094412,https://www.openstreetmap.org/way/771447270,https://overpass-api.de/,"OpenStreetMap contributors, ODbL"
way,771447301,,false,yes,,,,,,,,,,,,,41.8324403,-71.406977,https://www.openstreetmap.org/way/771447301,https://overpass-api.de/,"OpenStreetMap contributors, ODbL"
way,771447303,,false,yes,,,,,,,,,,,,,41.8309426,-71.4047165,https://www.openstreetmap.org/way/771447303,https://overpass-api.de/,"OpenStreetMap contributors, ODbL"
way,771447307,,false,yes,,,,,,,,,,,,,41.8333734,-71.4089901,https://www.openstreetmap.org/way/771447307,https://overpass-api.de/,"OpenStreetMap contributors, ODbL"
way,771447340,,false,yes,,,,,,,,,,,,,41.8218056,-71.4088636,https://www.openstreetmap.org/way/771447340,https://overpass-api.de/,"OpenStreetMap contributors, ODbL"
way,771447381,,false,yes,,,,,,,,,,,,,41.8214216,-71.3943719,https://www.openstreetmap.org/way/771447381,https://overpass-api.de/,"OpenStreetMap contributors, ODbL"
way,771447424,,false,yes,,,,,,,,,,,,,41.8321994,-71.4067179,https://www.openstreetmap.org/way/771447424,https://overpass-api.de/,"OpenStreetMap contributors, ODbL"
way,771447425,,false,yes,,,,,,,,,,,,,41.8220728,-71.4086103,https://www.openstreetmap.org/way/771447425,https://overpass-api.de/,"OpenStreetMap contributors, ODbL"
way,771447432,,false,yes,,,,,,,,,,,,,41.8330916,-71.4091017,https://www.openstreetmap.org/way/771447432,https://overpass-api.de/,"OpenStreetMap contributors, ODbL"
way,771447497,,false,yes,,,,,,,,,,,,,41.831799,-71.408872,https://www.openstreetmap.org/way/771447497,https://overpass-api.de/,"OpenStreetMap contributors, ODbL"
way,771447498,,false,yes,,,,,,,,,,,,,41.8319413,-71.4054954,https://www.openstreetmap.org/way/771447498,https://overpass-api.de/,"OpenStreetMap contributors, ODbL"
way,771447511,,false,yes,,,,,,,,,,,,,41.8228829,-71.4049189,https://www.openstreetmap.org/way/771447511,https://overpass-api.de/,"OpenStreetMap contributors, ODbL"
way,786434273,,false,yes,,,,307,Thayer Street,,,,,,,,41.8304529,-71.4007761,https://www.openstreetmap.org/way/786434273,https://overpass-api.de/,"OpenStreetMap contributors, ODbL"
way,786440778,Sharpe House,true,university,,,,79,Brown Street,,,,,,,,41.828263,-71.4029576,https://www.openstreetmap.org/way/786440778,https://overpass-api.de/,"OpenStreetMap contributors, ODbL"
way,786444959,,false,yes,,,,112,,,,,,,,,41.8275643,-71.399765,https://www.openstreetmap.org/way/786444959,https://overpass-api.de/,"OpenStreetMap contributors, ODbL"
way,786446766,Nicholson House,false,yes,,,,,,,,,,,,,41.825164,-71.4032958,https://www.openstreetmap.org/way/786446766,https://overpass-api.de/,"OpenStreetMap contributors, ODbL"
way,805019124,Farago Wing,false,museum,,,,,,,,,3,,,,41.8266648,-71.4076972,https://www.openstreetmap.org/way/805019124,https://overpass-api.de/,"OpenStreetMap contributors, ODbL"
way,845493061,GeoChem Building,true,university,,,,156,George Street,,,,,,,,41.8258866,-71.3995904,https://www.openstreetmap.org/way/845493061,https://overpass-api.de/,"OpenStreetMap contributors, ODbL"
way,845493062,MacMillan Hall,true,university,,,,167,Thayer Street,,,,,,,,41.8259988,-71.4001009,https://www.openstreetmap.org/way/845493062,https://overpass-api.de/,"OpenStreetMap contributors, ODbL"
way,845493068,,false,yes,,,,,,,,,,,,,41.827934,-71.400075,https://www.openstreetmap.org/way/845493068,https://overpass-api.de/,"OpenStreetMap contributors, ODbL"
way,845493069,,false,garages,,,,,,,,,,,,,41.827871,-71.3996947,https://www.openstreetmap.org/way/845493069,https://overpass-api.de/,"OpenStreetMap contributors, ODbL"
way,845493070,,false,yes,,,,183,,,,,,,,,41.8279622,-71.4003324,https://www.openstreetmap.org/way/845493070,https://overpass-api.de/,"OpenStreetMap contributors, ODbL"
way,845493071,,false,yes,,,,185,,,,,,,,,41.8279872,-71.4002063,https://www.openstreetmap.org/way/845493071,https://overpass-api.de/,"OpenStreetMap contributors, ODbL"
way,846696407,North Hall,true,dormitory,,,,60,Waterman Street,Providence,RI,02912,,,,,41.8271613,-71.4052492,https://www.openstreetmap.org/way/846696407,https://overpass-api.de/,"OpenStreetMap contributors, ODbL"
way,846696408,Homer Hall,false,yes,,,,,,,,,,,,,41.8274205,-71.406611,https://www.openstreetmap.org/way/846696408,https://overpass-api.de/,"OpenStreetMap contributors, ODbL"
way,923913054,Wellness Center & Residence Hall,false,yes,,,,450,Brook Street,Providence,RI,02912,,,,,41.8296593,-71.3999917,https://www.openstreetmap.org/way/923913054,https://overpass-api.de/,"OpenStreetMap contributors, ODbL"
way,926831233,Equitable Building,false,office,,,,,,,,,5,,,,41.8242089,-71.4095378,https://www.openstreetmap.org/way/926831233,https://overpass-api.de/,"OpenStreetMap contributors, ODbL"
way,972007905,,false,yes,,,,,,,,,,,,,41.8240744,-71.4075715,https://www.openstreetmap.org/way/972007905,https://overpass-api.de/,"OpenStreetMap contributors, ODbL"
way,972007923,,false,yes,shelter,,,,,,,,,,,,41.8268719,-71.4083253,https://www.openstreetmap.org/way/972007923,https://overpass-api.de/,"OpenStreetMap contributors, ODbL"
way,972039758,,false,yes,shelter,,,,,,,,,,,,41.8236143,-71.4080619,https://www.openstreetmap.org/way/972039758,https://overpass-api.de/,"OpenStreetMap contributors, ODbL"
way,972073770,,false,roof,,,,,,,,,,,,,41.825346,-71.4074183,https://www.openstreetmap.org/way/972073770,https://overpass-api.de/,"OpenStreetMap contributors, ODbL"
way,972085468,,false,yes,,,,,,,,,,,,,41.8243438,-71.4066482,https://www.openstreetmap.org/way/972085468,https://overpass-api.de/,"OpenStreetMap contributors, ODbL"
way,972085469,,false,yes,,,,,,,,,,,,,41.8242687,-71.4066004,https://www.openstreetmap.org/way/972085469,https://overpass-api.de/,"OpenStreetMap contributors, ODbL"
way,972085470,,false,yes,,,,,,,,,,,,,41.8243679,-71.4064417,https://www.openstreetmap.org/way/972085470,https://overpass-api.de/,"OpenStreetMap contributors, ODbL"
way,972085471,Old Stone Bank Building,false,yes,,,,,,,,,,,en:Old Stone Bank,,41.8245812,-71.4067302,https://www.openstreetmap.org/way/972085471,https://overpass-api.de/,"OpenStreetMap contributors, ODbL"
way,972304671,,false,yes,,,,,,,,,1,,,,41.8254292,-71.4099566,https://www.openstreetmap.org/way/972304671,https://overpass-api.de/,"OpenStreetMap contributors, ODbL"
way,972304678,,false,yes,,,,,,,,,,,,,41.8241601,-71.4098494,https://www.openstreetmap.org/way/972304678,https://overpass-api.de/,"OpenStreetMap contributors, ODbL"
way,974811441,Old Colony House,false,yes,,,,,,,,,10,,,,41.8238535,-71.4095978,https://www.openstreetmap.org/way/974811441,https://overpass-api.de/,"OpenStreetMap contributors, ODbL"
way,974811448,,false,yes,,,,,,,,,2,,,,41.8232802,-71.4099906,https://www.openstreetmap.org/way/974811448,https://overpass-api.de/,"OpenStreetMap contributors, ODbL"
way,975017808,,false,yes,,,,,,,,,2,,,,41.8228077,-71.4091608,https://www.openstreetmap.org/way/975017808,https://overpass-api.de/,"OpenStreetMap contributors, ODbL"
way,975017809,Aldrich Building,false,yes,,,,,,,,,5,,,,41.8225654,-71.4097651,https://www.openstreetmap.org/way/975017809,https://overpass-api.de/,"OpenStreetMap contributors, ODbL"
way,975035358,,false,yes,,,,,,,,,,,,,41.8310287,-71.4096183,https://www.openstreetmap.org/way/975035358,https://overpass-api.de/,"OpenStreetMap contributors, ODbL"
way,975035359,,false,yes,,,,,,,,,,,,,41.8318027,-71.409758,https://www.openstreetmap.org/way/975035359,https://overpass-api.de/,"OpenStreetMap contributors, ODbL"
way,975060710,Edge College Hill Apartments,false,yes,,,,,,,,,15,,,,41.827853,-71.4100572,https://www.openstreetmap.org/way/975060710,https://overpass-api.de/,"OpenStreetMap contributors, ODbL"
way,975060711,,false,yes,,,,,,,,,,,,,41.8280259,-71.4096684,https://www.openstreetmap.org/way/975060711,https://overpass-api.de/,"OpenStreetMap contributors, ODbL"
way,975060714,,false,apartments,,,,101,North Main Street,,,,,,,,41.8280149,-71.4090993,https://www.openstreetmap.org/way/975060714,https://overpass-api.de/,"OpenStreetMap contributors, ODbL"
way,975060715,,false,yes,,,,,,,,,,,,,41.8283121,-71.4093576,https://www.openstreetmap.org/way/975060715,https://overpass-api.de/,"OpenStreetMap contributors, ODbL"
way,975060716,,false,yes,,,,,,,,,,,,,41.8281447,-71.4088483,https://www.openstreetmap.org/way/975060716,https://overpass-api.de/,"OpenStreetMap contributors, ODbL"
way,975060717,,false,yes,,,,,,,,,,,,,41.8281682,-71.4097783,https://www.openstreetmap.org/way/975060717,https://overpass-api.de/,"OpenStreetMap contributors, ODbL"
way,975070116,,false,yes,,,,,,,,,,,,,41.8298374,-71.4073403,https://www.openstreetmap.org/way/975070116,https://overpass-api.de/,"OpenStreetMap contributors, ODbL"
way,975074922,,false,yes,,,,,,,,,,,,,41.8290813,-71.3963916,https://www.openstreetmap.org/way/975074922,https://overpass-api.de/,"OpenStreetMap contributors, ODbL"
way,975091547,,false,school,,,,,,,,,,,,,41.8328226,-71.400258,https://www.openstreetmap.org/way/975091547,https://overpass-api.de/,"OpenStreetMap contributors, ODbL"
way,975091552,,false,school,,,,,,,,,,,,,41.8340852,-71.3986742,https://www.openstreetmap.org/way/975091552,https://overpass-api.de/,"OpenStreetMap contributors, ODbL"
way,975103503,Trinity Presbyterian Church,false,yes,place_of_worship,,,72,Clifford Street,,,02903,,,,https://trinitypresri.org/,41.8204125,-71.4096588,https://www.openstreetmap.org/way/975103503,https://overpass-api.de/,"OpenStreetMap contributors, ODbL"
way,976056132,,false,yes,,,,,,,,,,,,,41.8237282,-71.4058074,https://www.openstreetmap.org/way/976056132,https://overpass-api.de/,"OpenStreetMap contributors, ODbL"
way,976056133,,false,yes,,,,,,,,,,,,,41.8235059,-71.4050806,https://www.openstreetmap.org/way/976056133,https://overpass-api.de/,"OpenStreetMap contributors, ODbL"
way,976056134,,false,yes,,,,,,,,,,,,,41.8241634,-71.4055895,https://www.openstreetmap.org/way/976056134,https://overpass-api.de/,"OpenStreetMap contributors, ODbL"
way,976056135,,false,yes,,,,1,Charlesfield Court,Providence,RI,,,,,,41.8241784,-71.4044075,https://www.openstreetmap.org/way/976056135,https://overpass-api.de/,"OpenStreetMap contributors, ODbL"
way,976091365,,false,yes,,,,,,,,,,,,,41.828124,-71.4074958,https://www.openstreetmap.org/way/976091365,https://overpass-api.de/,"OpenStreetMap contributors, ODbL"
way,1031875179,,false,yes,,,,,,,,,,,,,41.8211557,-71.404226,https://www.openstreetmap.org/way/1031875179,https://overpass-api.de/,"OpenStreetMap contributors, ODbL"
way,1031875184,,false,yes,,,,,,,,,,,,,41.8231198,-71.4054837,https://www.openstreetmap.org/way/1031875184,https://overpass-api.de/,"OpenStreetMap contributors, ODbL"
way,1032445288,66 South Main,false,yes,,,,,,,,,,,,,41.8249083,-71.4069353,https://www.openstreetmap.org/way/1032445288,https://overpass-api.de/,"OpenStreetMap contributors, ODbL"
way,1032445289,,false,yes,,,,,,,,,,,,,41.8244855,-71.4063395,https://www.openstreetmap.org/way/1032445289,https://overpass-api.de/,"OpenStreetMap contributors, ODbL"
way,1032445290,,false,yes,,,,,,,,,,,,,41.8242877,-71.4061278,https://www.openstreetmap.org/way/1032445290,https://overpass-api.de/,"OpenStreetMap contributors, ODbL"
way,1032445777,,false,yes,,,,,,,,,,,,,41.8266605,-71.408002,https://www.openstreetmap.org/way/1032445777,https://overpass-api.de/,"OpenStreetMap contributors, ODbL"
way,1032446274,Memorial Hall,true,university,,,,226,Benefit Street,,,,,,,,41.8263258,-71.4073444,https://www.openstreetmap.org/way/1032446274,https://overpass-api.de/,"OpenStreetMap contributors, ODbL"
way,1032446275,Chace Center,true,university,,,,,,,,,3,,,,41.8261873,-71.4078034,https://www.openstreetmap.org/way/1032446275,https://overpass-api.de/,"OpenStreetMap contributors, ODbL"
way,1032446276,Bank Building,true,university,,,,,,,,,,,,,41.8260401,-71.4077827,https://www.openstreetmap.org/way/1032446276,https://overpass-api.de/,"OpenStreetMap contributors, ODbL"
way,1032446520,,true,university,,,,,,,,,,,,,41.826239,-71.4088989,https://www.openstreetmap.org/way/1032446520,https://overpass-api.de/,"OpenStreetMap contributors, ODbL"
way,1032446521,Cheapside Building,true,university,,,,,,,,,,,en:Hope Block and Cheapside,,41.8264375,-71.4086988,https://www.openstreetmap.org/way/1032446521,https://overpass-api.de/,"OpenStreetMap contributors, ODbL"
way,1032446522,Hope Block,true,university,,,,,,,,,,,en:Hope Block and Cheapside,,41.8263331,-71.4086363,https://www.openstreetmap.org/way/1032446522,https://overpass-api.de/,"OpenStreetMap contributors, ODbL"
way,1032447990,Waterman Street Building,false,yes,,,,,,,,,,,,,41.8269555,-71.4080311,https://www.openstreetmap.org/way/1032447990,https://overpass-api.de/,"OpenStreetMap contributors, ODbL"
way,1032651546,Homer-Nickerson Connector,false,yes,,,,,,,,,,,,,41.8274285,-71.4059927,https://www.openstreetmap.org/way/1032651546,https://overpass-api.de/,"OpenStreetMap contributors, ODbL"
way,1032651547,East Hall,false,yes,,,,,,,,,,,,,41.8270544,-71.4056877,https://www.openstreetmap.org/way/1032651547,https://overpass-api.de/,"OpenStreetMap contributors, ODbL"
way,1032651548,,false,roof,,,,,,,,,,,,,41.8271568,-71.4054729,https://www.openstreetmap.org/way/1032651548,https://overpass-api.de/,"OpenStreetMap contributors, ODbL"
way,1032651549,Blistein House,true,university,,,,57,Waterman Street,Providence,RI,02912,3,,,,41.8267302,-71.4051585,https://www.openstreetmap.org/way/1032651549,https://overpass-api.de/,"OpenStreetMap contributors, ODbL"
way,1032651550,Angell Street Studios,false,yes,,,,,,,,,,,,,41.8278325,-71.4057906,https://www.openstreetmap.org/way/1032651550,https://overpass-api.de/,"OpenStreetMap contributors, ODbL"
way,1032651555,173 Benefit Street,false,yes,,,,173,Benefit Street,,,,,,,,41.8285001,-71.4080311,https://www.openstreetmap.org/way/1032651555,https://overpass-api.de/,"OpenStreetMap contributors, ODbL"
way,1032651556,Pendleton House,false,museum,,,,,,,,,2,,,,41.8266864,-71.4074504,https://www.openstreetmap.org/way/1032651556,https://overpass-api.de/,"OpenStreetMap contributors, ODbL"
way,1033621220,,false,yes,,,,,,,,,,,,,41.8303241,-71.4040442,https://www.openstreetmap.org/way/1033621220,https://overpass-api.de/,"OpenStreetMap contributors, ODbL"
way,1058067634,,false,yes,,,,,,,,,,,,,41.8326428,-71.3951095,https://www.openstreetmap.org/way/1058067634,https://overpass-api.de/,"OpenStreetMap contributors, ODbL"
way,1073419813,Aloft,false,yes,,,,,,,,,6,,,,41.8211015,-71.4086951,https://www.openstreetmap.org/way/1073419813,https://overpass-api.de/,"OpenStreetMap contributors, ODbL"
way,1073422994,Lindemann Performing Arts Center,true,yes,theatre,Brown University,,130,Angell Street,Providence,RI,02906,,Q117012180,en:Lindemann Performing Arts Center,https://arts.brown.edu/spaces/lindemann,41.8281633,-71.4022767,https://www.openstreetmap.org/way/1073422994,https://overpass-api.de/,"OpenStreetMap contributors, ODbL"
way,1073442221,70 Brown Street,true,university,,,,70,Brown Street,,,,,,,,41.8276215,-71.4034236,https://www.openstreetmap.org/way/1073442221,https://overpass-api.de/,"OpenStreetMap contributors, ODbL"
way,1073442229,,false,yes,,,,,,,,,,,,,41.8288449,-71.4029898,https://www.openstreetmap.org/way/1073442229,https://overpass-api.de/,"OpenStreetMap contributors, ODbL"
way,1073599001,,false,house,,,,26,Congdon Street,,,,,,,,41.8285222,-71.4069429,https://www.openstreetmap.org/way/1073599001,https://overpass-api.de/,"OpenStreetMap contributors, ODbL"
way,1073599002,,false,house,,,,24,,,,,,,,,41.8284421,-71.406907,https://www.openstreetmap.org/way/1073599002,https://overpass-api.de/,"OpenStreetMap contributors, ODbL"
way,1075408344,,false,yes,,,,,,,,,,,,,41.8287901,-71.4088907,https://www.openstreetmap.org/way/1075408344,https://overpass-api.de/,"OpenStreetMap contributors, ODbL"
way,1076234557,,false,yes,,,,,,,,,,,,,41.8275256,-71.3996647,https://www.openstreetmap.org/way/1076234557,https://overpass-api.de/,"OpenStreetMap contributors, ODbL"
way,1077603622,,false,yes,,,,,,,,,,,,,41.8289185,-71.4014488,https://www.openstreetmap.org/way/1077603622,https://overpass-api.de/,"OpenStreetMap contributors, ODbL"
way,1078610242,,false,yes,,,,,,,,,,,,,41.8233862,-71.4006847,https://www.openstreetmap.org/way/1078610242,https://overpass-api.de/,"OpenStreetMap contributors, ODbL"
way,1081207605,,false,yes,,,,,,,,,,,,,41.8321811,-71.4097181,https://www.openstreetmap.org/way/1081207605,https://overpass-api.de/,"OpenStreetMap contributors, ODbL"
way,1092675150,,false,bridge,,,,,,,,,,,,,41.8263552,-71.4076198,https://www.openstreetmap.org/way/1092675150,https://overpass-api.de/,"OpenStreetMap contributors, ODbL"
way,1107823546,Lacrosse & Soccer Facility,false,yes,,,,,,,,,,,,,41.8316041,-71.3964447,https://www.openstreetmap.org/way/1107823546,https://overpass-api.de/,"OpenStreetMap contributors, ODbL"
way,1127911382,,false,yes,shelter,,,,,,,,,,,,41.8275282,-71.3974333,https://www.openstreetmap.org/way/1127911382,https://overpass-api.de/,"OpenStreetMap contributors, ODbL"
way,1152788563,William and Ami Danoff Hall,true,dormitory,,Brown University,,259,Brook Street,Providence,RI,,5,,,,41.823662,-71.3985605,https://www.openstreetmap.org/way/1152788563,https://overpass-api.de/,"OpenStreetMap contributors, ODbL"
way,1155872837,Chen Family Hall,true,dormitory,,,,250,Brook Street,Providence,RI,02912,,,,,41.8236382,-71.3990651,https://www.openstreetmap.org/way/1155872837,https://overpass-api.de/,"OpenStreetMap contributors, ODbL"
way,1197228812,PVD Modern Nutrition,false,commercial,,,,,,,,,,,,,41.820385,-71.3939829,https://www.openstreetmap.org/way/1197228812,https://overpass-api.de/,"OpenStreetMap contributors, ODbL"
way,1197228992,Grixy's Grooming,false,commercial,,,,,,,,,,,,,41.8204232,-71.3938976,https://www.openstreetmap.org/way/1197228992,https://overpass-api.de/,"OpenStreetMap contributors, ODbL"
way,1256113720,,false,apartments,,,,116,Waterman Street,Providence,RI,,5,,,,41.8276256,-71.3995471,https://www.openstreetmap.org/way/1256113720,https://overpass-api.de/,"OpenStreetMap contributors, ODbL"
way,1310553724,,false,yes,bicycle_parking,,,,,,,,,,,,41.8234429,-71.3992086,https://www.openstreetmap.org/way/1310553724,https://overpass-api.de/,"OpenStreetMap contributors, ODbL"
way,1313994075,Grant-Fulton,false,yes,,,,105,Benevolent Street,,,02912,2,,,,41.8249504,-71.3966355,https://www.openstreetmap.org/way/1313994075,https://overpass-api.de/,"OpenStreetMap contributors, ODbL"
way,1315222990,,false,roof,,,,,,,,,,,,,41.8233656,-71.3964707,https://www.openstreetmap.org/way/1315222990,https://overpass-api.de/,"OpenStreetMap contributors, ODbL"
way,1315530071,,false,yes,bicycle_parking,,,,,,,,,,,,41.8238791,-71.3983752,https://www.openstreetmap.org/way/1315530071,https://overpass-api.de/,"OpenStreetMap contributors, ODbL"
way,1317043854,,false,yes,shelter,,,,,,,,,,,,41.8285129,-71.3973033,https://www.openstreetmap.org/way/1317043854,https://overpass-api.de/,"OpenStreetMap contributors, ODbL"
way,1317043964,,false,detached,,,,130,Waterman Street,Providence,RI,02906,,,,,41.8277417,-71.3977374,https://www.openstreetmap.org/way/1317043964,https://overpass-api.de/,"OpenStreetMap contributors, ODbL"
way,1412917450,,false,roof,,,,,,,,,,,,,41.8241917,-71.3981786,https://www.openstreetmap.org/way/1412917450,https://overpass-api.de/,"OpenStreetMap contributors, ODbL"
way,1415466629,,false,yes,,,,,,,,,,,,,41.8310316,-71.3946314,https://www.openstreetmap.org/way/1415466629,https://overpass-api.de/,"OpenStreetMap contributors, ODbL"
way,1417420076,The PVD Labs,false,yes,,,,150,Richmond Street,Providence,,,7,,,,41.8198644,-71.4097939,https://www.openstreetmap.org/way/1417420076,https://overpass-api.de/,"OpenStreetMap contributors, ODbL"
way,1418446385,,false,yes,,,,,,,,,,,,,41.8323646,-71.3998626,https://www.openstreetmap.org/way/1418446385,https://overpass-api.de/,"OpenStreetMap contributors, ODbL"
way,1418446386,,false,yes,,,,,,,,,,,,,41.8322538,-71.4000962,https://www.openstreetmap.org/way/1418446386,https://overpass-api.de/,"OpenStreetMap contributors, ODbL"
way,1421577827,Hughes Court,false,yes,,,,,,,,,,,,,41.8248562,-71.4016718,https://www.openstreetmap.org/way/1421577827,https://overpass-api.de/,"OpenStreetMap contributors, ODbL"
way,1421577828,Patriots Court,false,yes,,,,,,,,,,,,,41.8244466,-71.4009997,https://www.openstreetmap.org/way/1421577828,https://overpass-api.de/,"OpenStreetMap contributors, ODbL"
way,1422757083,,false,pillar,,,,,,,,,,,,,41.8261611,-71.4044756,https://www.openstreetmap.org/way/1422757083,https://overpass-api.de/,"OpenStreetMap contributors, ODbL"
way,1422757086,,false,pillar,,,,,,,,,,,,,41.8261091,-71.4044695,https://www.openstreetmap.org/way/1422757086,https://overpass-api.de/,"OpenStreetMap contributors, ODbL"
way,1431360982,,false,yes,,,,,,,,,,,,,41.8203233,-71.4065267,https://www.openstreetmap.org/way/1431360982,https://overpass-api.de/,"OpenStreetMap contributors, ODbL"
way,1431360983,,false,yes,,,,,,,,,,,,,41.820411,-71.4066269,https://www.openstreetmap.org/way/1431360983,https://overpass-api.de/,"OpenStreetMap contributors, ODbL"
way,1434047924,BioMed Center ACF,true,university,,,,73,Meeting Street,Providence,ri,,,,,,41.8285666,-71.4024017,https://www.openstreetmap.org/way/1434047924,https://overpass-api.de/,"OpenStreetMap contributors, ODbL"
way,1434142068,Theatre Arts Building,true,university,,,,50,John Street,Providence,RI,02906,,,,,41.8220228,-71.3988155,https://www.openstreetmap.org/way/1434142068,https://overpass-api.de/,"OpenStreetMap contributors, ODbL"
way,1515750187,,false,yes,,,,67,,,,,,,,,41.8221027,-71.4019608,https://www.openstreetmap.org/way/1515750187,https://overpass-api.de/,"OpenStreetMap contributors, ODbL"
way,1515750188,,false,yes,,,,,,,,,,,,,41.821762,-71.4017631,https://www.openstreetmap.org/way/1515750188,https://overpass-api.de/,"OpenStreetMap contributors, ODbL"
way,1522616308,,false,house,,,,,,,,,,,,,41.8305321,-71.4032607,https://www.openstreetmap.org/way/1522616308,https://overpass-api.de/,"OpenStreetMap contributors, ODbL"
way,1522616309,,false,house,,,,,,,,,,,,,41.8297899,-71.404544,https://www.openstreetmap.org/way/1522616309,https://overpass-api.de/,"OpenStreetMap contributors, ODbL"
way,1527358334,,false,yes,,,,231,,,,,,,,,41.8256395,-71.3961438,https://www.openstreetmap.org/way/1527358334,https://overpass-api.de/,"OpenStreetMap contributors, ODbL"
way,1527358335,,false,garage,,,,,,,,,,,,,41.8256753,-71.3967545,https://www.openstreetmap.org/way/1527358335,https://overpass-api.de/,"OpenStreetMap contributors, ODbL"
way,1527358336,,false,roof,,,,,,,,,,,,,41.8256889,-71.3968364,https://www.openstreetmap.org/way/1527358336,https://overpass-api.de/,"OpenStreetMap contributors, ODbL"
way,1530480244,,false,yes,,,,,,,,,,,,,41.8208618,-71.4016985,https://www.openstreetmap.org/way/1530480244,https://overpass-api.de/,"OpenStreetMap contributors, ODbL"
way,1530694782,,false,greenhouse,,,,,,,,,,,,,41.827586,-71.4022064,https://www.openstreetmap.org/way/1530694782,https://overpass-api.de/,"OpenStreetMap contributors, ODbL"
way,1533758913,,false,house,,,,,,,,,,,,,41.8261433,-71.3931957,https://www.openstreetmap.org/way/1533758913,https://overpass-api.de/,"OpenStreetMap contributors, ODbL"
way,1533758937,,false,yes,,,,,,,,,,,,,41.8246925,-71.3961434,https://www.openstreetmap.org/way/1533758937,https://overpass-api.de/,"OpenStreetMap contributors, ODbL"
way,1536403840,,false,service,,,,,,,,,,,,,41.8277822,-71.3992522,https://www.openstreetmap.org/way/1536403840,https://overpass-api.de/,"OpenStreetMap contributors, ODbL"
way,1536403843,,false,service,,,,,,,,,,,,,41.8279239,-71.3975068,https://www.openstreetmap.org/way/1536403843,https://overpass-api.de/,"OpenStreetMap contributors, ODbL"
way,1536403844,,false,service,,,,,,,,,,,,,41.8279213,-71.3975719,https://www.openstreetmap.org/way/1536403844,https://overpass-api.de/,"OpenStreetMap contributors, ODbL"
