{"type":"FeatureCollection","features":[{"type":"Feature","id":1,"geometry":{"type":"Polygon","coordinates":[[[-71.397487117971,41.8261156884226],[-71.3974874784858,41.8260972011729],[-71.3975019117461,41.8260960733222],[-71.3974980807091,41.8260686410605],[-71.3974866800151,41.8260695321268],[-71.3974896102125,41.8259191537318],[-71.3976294531573,41.8259082249724],[-71.3976295924077,41.8259092199717],[-71.3976766264624,41.8259055443755],[-71.3976763157901,41.8259214909126],[-71.3976710319969,41.8259219039634],[-71.397672469705,41.8259321961251],[-71.3976761126217,41.8259319112615],[-71.3976758294851,41.8259464397883],[-71.3976735749521,41.8259464152716],[-71.3976728081637,41.8259857369175],[-71.3976750626981,41.8259857614343],[-71.3976737832912,41.8260514373617],[-71.3976715287545,41.8260514128449],[-71.3976705652452,41.8261008829418],[-71.3976728197836,41.8261009074587],[-71.3976720556267,41.8261400868522],[-71.3975479191573,41.8261497881042],[-71.397548058407,41.8261507831035],[-71.3974850005709,41.8261557111256],[-71.3974857806554,41.8261156737241],[-71.397487117971,41.8261156884226]]]},"properties":{"OBJECTID":1,"Building":100326,"Property_Type":"Building","Property_Code":"100326","Chart_String":";,LOC100326,,,","Property_Name":"Hope St 170","Property_Abbr":"HOPE170","Address_Line_1":"170 Hope St","Address_Line_2":null,"City_and_State":"Providence, RI","External_Floorplan_Link":"https://drive.google.com/drive/folders/1v5yVhMGBKYdrHh8H1avKW28w0mMOxov1","ZIP_code":"02912","Property_Status":"Active","Ownership_Status":"Owned","Occupancy_Status":"Brown Occupied","Official_Name":null,"Aliases":"DISPNAME: 170 Hope; NICKNAME: Applied Math Building","Long_Description":"170 Hope Street is a three story building constructed in 2015.  This academic building includes offices and meeting spaces for students, staff and faculty.  With a focus on environmental goals, this project is designed to achieve a LEED Gold rating from the USGBC.","Portfolio":"ACADEMIC","National_Historic_District":"College Hill Historic District (National)","City_of_Providence_Historic_Dis":null,"Municipal_Zone":null,"Grid_Coord":"BK56","Gross_area__Property_":14103.078735375,"Floors_Assignable_area":2934.1931,"Net_area":11714.461748361111,"Accessibility_Code":"4","Building_Occupancy":null,"Building_Type":"BUILDING","Building_Usage":"ACAD","Tax_Status":"Not Applicable","Legal_Use":"School","Current_Use":"School","Cost_Rec":"N","Year_of_Construction":2015,"Date_of_last_major_construction":null,"Date_acquired":"09/01/2015","Date_relinquished":null,"Means_of_Acquisition":"BUILT","GPS_Coordinates__Lat__Long_":"41.826022,-71.397566","Building_System":null,"CHP_Loop":null,"Electricity_Source":"Brown","Utility_Feeder_Number":"1152B/1153","Primary_Feeder":"5-1","Secondary_Feeder":"3-1","LEED_Level":"Gold","LEED_Status":"Achieved","LEED_Link":null,"ObjectID_1":299,"Shape__Area":4306.2077484130859,"Shape__Length":287.22117393349117,"lat":41.82602954189236,"lon":-71.397580948846425,"NAV_Number":0.96,"NAV_Desc":"Capital Upkeep","Accessibility_Level":"The facility is mostly accessible to a wheelchair user or person with mobility challenges.","Maintained_By":"MAINTAINED BY BROWN"}},{"type":"Feature","id":2,"geometry":{"type":"Polygon","coordinates":[[[-71.3992662942749,41.8276668149158],[-71.3990115009011,41.8276917421753],[-71.3989831778911,41.8275285442831],[-71.3992378391657,41.8275037790307],[-71.3992662942749,41.8276668149158]]]},"properties":{"OBJECTID":2,"Building":100332,"Property_Type":"Building","Property_Code":"100332","Chart_String":";,LOC100332,,,","Property_Name":"Waterman St 118-120","Property_Abbr":"WATER118","Address_Line_1":"118-120 Waterman St","Address_Line_2":null,"City_and_State":"Providence, RI","External_Floorplan_Link":"https://drive.google.com/drive/folders/1eJY2dZ26RGug8_DI0m1ZGbkhRkYLwpgN","ZIP_code":"02906","Property_Status":"Active","Ownership_Status":"Owned","Occupancy_Status":"Brown / Non-Brown Occupied","Official_Name":null,"Aliases":"DISPNAME: 118-120 Waterman","Long_Description":null,"Portfolio":"Admin/Support","National_Historic_District":"College Hill Historic District (National)","City_of_Providence_Historic_Dis":null,"Municipal_Zone":null,"Grid_Coord":"AR44","Gross_area__Property_":9387.4299045138887,"Floors_Assignable_area":2220.3472,"Net_area":7223.9877096458331,"Accessibility_Code":"4","Building_Occupancy":null,"Building_Type":"BUILDING","Building_Usage":"COMMERCIAL","Tax_Status":"Taxable Property","Legal_Use":"Bank","Current_Use":"Bank","Cost_Rec":"N","Year_of_Construction":1970,"Date_of_last_major_construction":null,"Date_acquired":"02/24/2016","Date_relinquished":null,"Means_of_Acquisition":"PURCHASED","GPS_Coordinates__Lat__Long_":"41.827591,-71.399112","Building_System":null,"CHP_Loop":null,"Electricity_Source":null,"Utility_Feeder_Number":"2J1","Primary_Feeder":null,"Secondary_Feeder":null,"LEED_Level":null,"LEED_Status":null,"LEED_Link":null,"ObjectID_1":305,"Shape__Area":4196.7243423461914,"Shape__Length":259.91043779734662,"lat":41.827597730373569,"lon":-71.399124685439958,"NAV_Number":null,"NAV_Desc":"NO NAV","Accessibility_Level":"The facility is mostly accessible to a wheelchair user or person with mobility challenges.","Maintained_By":"MAINTAINED BY C&W"}},{"type":"Feature","id":3,"geometry":{"type":"Polygon","coordinates":[[[-71.3981548979564,41.8300333197485],[-71.398155377975,41.8300350263163],[-71.3981529842252,41.8300354032366],[-71.3981561923245,41.8300468115741],[-71.3981567161077,41.8300467292073],[-71.3981592095664,41.830055597055],[-71.3981499343869,41.8300570563838],[-71.3981498242582,41.8300566646388],[-71.3981493004749,41.8300567470055],[-71.3981892342366,41.8301987415381],[-71.398189758021,41.8301986591712],[-71.3981896478919,41.8301982674261],[-71.398198923091,41.8301968080941],[-71.3982014165614,41.8302056759407],[-71.3982008939808,41.8302057583087],[-71.398204102097,41.8302171666445],[-71.3982064958533,41.8302167897231],[-71.3982069758745,41.8302184962906],[-71.3982057789971,41.8302186843011],[-71.398206534342,41.830221369781],[-71.3982058239212,41.8302214816938],[-71.3982058466594,41.8302215663458],[-71.3982059586414,41.8302215484383],[-71.3982061992546,41.8302224012724],[-71.3982064386627,41.8302232550058],[-71.398217707792,41.8302633219677],[-71.3982181878139,41.8302650285352],[-71.3982180758318,41.8302650464427],[-71.3982180985714,41.8302651301944],[-71.3982188089926,41.8302650182815],[-71.3982195643387,41.8302677037613],[-71.398220761217,41.8302675157506],[-71.3982212412389,41.8302692223181],[-71.3982188474822,41.8302695983394],[-71.3982220556034,41.8302810075749],[-71.3982225793885,41.8302809252078],[-71.3982250740706,41.8302897921544],[-71.3982157976549,41.8302912514875],[-71.3982156875254,41.8302908597425],[-71.398215163746,41.8302909385082],[-71.3982212926992,41.8303127330393],[-71.3982218164845,41.8303126506722],[-71.3982243099625,41.8303215185181],[-71.398212453147,41.8303233834181],[-71.3982123442199,41.8303229925745],[-71.3981598681373,41.8303312480874],[-71.3981599782678,41.8303316389321],[-71.3981605020519,41.8303315574656],[-71.3981622006747,41.8303375993449],[-71.3981503438544,41.8303394642384],[-71.3981502349277,41.8303390733948],[-71.3980969051148,41.8303474622724],[-71.3980974078735,41.830349252592],[-71.3980951272978,41.8303496116047],[-71.3980948747146,41.8303487164439],[-71.3980912840726,41.8303492813722],[-71.3980911344397,41.8303487500396],[-71.3980910224574,41.830348767947],[-71.3980910572378,41.8303488499087],[-71.3980329001486,41.8303579988615],[-71.3980328870425,41.8303579133177],[-71.3980327750602,41.8303579312251],[-71.3980329246927,41.8303584625578],[-71.3980293340495,41.8303590274842],[-71.398029585428,41.8303599226442],[-71.3980273036476,41.8303602816545],[-71.398026799687,41.8303584913335],[-71.397973469842,41.8303668801537],[-71.39797357997,41.8303672718989],[-71.3979617243426,41.8303691367741],[-71.3979600245339,41.8303630948909],[-71.3979605651761,41.8303630107393],[-71.397960438192,41.8303626207797],[-71.3979079620463,41.830370875277],[-71.3979080721739,41.8303712670223],[-71.3978962153386,41.83037313279],[-71.3978941863572,41.830365915671],[-71.3978932519711,41.830366062496],[-71.3978933620986,41.8303664542413],[-71.3978862927913,41.8303675661781],[-71.3978861826638,41.8303671744328],[-71.3978836769177,41.8303675692547],[-71.3978837870452,41.830367961],[-71.3978767177376,41.8303690729362],[-71.3978766076101,41.8303686811909],[-71.3978525302991,41.8303724691164],[-71.397852302866,41.8303716577089],[-71.3978234657198,41.8303761940789],[-71.3978236931525,41.8303770054865],[-71.3977972208682,41.8303811694124],[-71.3977970951805,41.8303807218321],[-71.3977682580263,41.8303852581882],[-71.3977683837138,41.8303857057685],[-71.3977419114209,41.830389870582],[-71.3977416827853,41.8303890591732],[-71.3977128456235,41.8303935955153],[-71.3977130742587,41.8303944069242],[-71.3976889969285,41.8303981948154],[-71.3976891070563,41.8303985856606],[-71.3976820377405,41.8303996984851],[-71.3976819276142,41.8303993067396],[-71.397679421867,41.8303997006567],[-71.3976795319934,41.8304000924022],[-71.3976724662915,41.8304012034287],[-71.3976689625757,41.8303887558242],[-71.3976694851585,41.8303886734585],[-71.3976682187048,41.8303841697358],[-71.3976644980132,41.8303847552428],[-71.3976646081394,41.8303851469883],[-71.3976587730362,41.830386064637],[-71.3976585372234,41.8303852253112],[-71.3975653669976,41.830399881712],[-71.3975656028093,41.8304007210381],[-71.3975597689056,41.8304016395832],[-71.39755965878,41.8304012478376],[-71.3975537863474,41.8304021708498],[-71.3975538964729,41.8304025625954],[-71.3975480613651,41.8304034811389],[-71.3975478255508,41.8304026436135],[-71.3974546552775,41.8304172981237],[-71.3974548922917,41.8304181374511],[-71.3974490571825,41.8304190550892],[-71.3974489470576,41.8304186633435],[-71.3974430746203,41.8304195872504],[-71.3974431847452,41.8304199789961],[-71.3974373496357,41.8304208966336],[-71.3974371138256,41.8304200573073],[-71.3973439447029,41.8304347135294],[-71.3973441805119,41.8304355528559],[-71.3973383453996,41.8304364704884],[-71.3973382352753,41.8304360787426],[-71.3973323628348,41.8304370026438],[-71.3973324729591,41.8304373943896],[-71.3973266390503,41.8304383120226],[-71.3973264020377,41.8304374726949],[-71.3972332328633,41.8304521297275],[-71.3972334686723,41.8304529681539],[-71.3972276335554,41.8304538866811],[-71.3972275234317,41.8304534949352],[-71.3972216521919,41.8304544188318],[-71.397221762317,41.8304548096774],[-71.3972159271998,41.830455728204],[-71.3972156913924,41.8304548888771],[-71.3971253819319,41.8304690946102],[-71.3971256177381,41.8304699339372],[-71.3971197838234,41.8304708515596],[-71.3971196737004,41.8304704598136],[-71.3971138012537,41.8304713837036],[-71.3971139113767,41.8304717754496],[-71.3971080762578,41.8304726930704],[-71.3971068493425,41.8304683298299],[-71.3971073731304,41.8304682474679],[-71.3971071050005,41.8304672964699],[-71.397064915377,41.8304739328831],[-71.3970675583263,41.8304833320877],[-71.3970680821144,41.8304832497259],[-71.3970701433307,41.8304905785302],[-71.3970603370512,41.8304921210266],[-71.3970602269285,41.8304917292805],[-71.3970122394881,41.8304992779238],[-71.3970123496106,41.8304996696699],[-71.3970052814773,41.8305007815535],[-71.3970051713549,41.8305003898074],[-71.3970034627199,41.8305006592774],[-71.3970035728437,41.8305010501232],[-71.3969965035048,41.8305021629055],[-71.3969963933825,41.8305017711593],[-71.3969852228409,41.8305035285073],[-71.3968965412207,41.8305174780232],[-71.3968853706737,41.8305192353614],[-71.3968854807953,41.8305196271077],[-71.3968784114539,41.8305207389824],[-71.3968783013322,41.8305203472361],[-71.3968765926976,41.8305206158039],[-71.3968767028192,41.8305210075501],[-71.3968696346812,41.8305221194253],[-71.3968695245596,41.8305217276791],[-71.3968215358708,41.8305292762416],[-71.3968216459921,41.8305296679879],[-71.3968118409046,41.8305312104641],[-71.3968097797165,41.8305238816553],[-71.3968103035053,41.8305237992946],[-71.3967833525133,41.8304279610239],[-71.396775535428,41.8304291901647],[-71.3967756455489,41.8304295819111],[-71.3967685762154,41.830430693779],[-71.396767089581,41.8304254074541],[-71.3967676133691,41.8304253250937],[-71.3967672542803,41.8304240471902],[-71.3967667304922,41.8304241295506],[-71.3967652438596,41.8304188423253],[-71.3967657676476,41.8304187599649],[-71.3967510270027,41.8303663424947],[-71.3967498301183,41.8303665304901],[-71.3967493501347,41.8303648239166],[-71.3967505470191,41.8303646359212],[-71.3967389436425,41.8303233737662],[-71.3967377467574,41.8303235626618],[-71.3967372667745,41.8303218560882],[-71.3967384636595,41.8303216671926],[-71.3967237230591,41.8302692497181],[-71.3967231992722,41.8302693320784],[-71.3967217126467,41.8302640448524],[-71.3967222364335,41.8302639624922],[-71.3967218773451,41.8302626854888],[-71.3967213535583,41.8302627678491],[-71.3967198669331,41.830257480623],[-71.3967269350445,41.8302563687569],[-71.3967270451662,41.830256759603],[-71.3967348634352,41.8302555304664],[-71.3967104729613,41.8301687978022],[-71.3967079126675,41.8301596921738],[-71.3967073888816,41.8301597745339],[-71.3967053277173,41.8301524457228],[-71.3967151327495,41.8301509032554],[-71.3967152428696,41.8301512950019],[-71.3967632300845,41.8301437464819],[-71.3967631199643,41.8301433547356],[-71.3967701892662,41.8301422428678],[-71.3967702993865,41.8301426346142],[-71.396772008013,41.8301423651477],[-71.3967718978912,41.8301419743016],[-71.3967789659905,41.830140861532],[-71.3967790761109,41.8301412532783],[-71.3968900993989,41.8301237891782],[-71.3968899892778,41.8301233974319],[-71.3968970585754,41.8301222855564],[-71.3968971686965,41.8301226773026],[-71.3968988761167,41.8301224087335],[-71.3968987659956,41.8301220169872],[-71.3969058352928,41.8301209051112],[-71.396905945414,41.8301212968574],[-71.3969539325843,41.8301137482577],[-71.3969538224629,41.8301133565115],[-71.3969636286871,41.830111814024],[-71.3969656898796,41.8301191428306],[-71.3969651660943,41.830119225192],[-71.3969678090159,41.8301286234991],[-71.3970099996234,41.8301219889226],[-71.3970097314964,41.8301210379244],[-71.3970092077111,41.8301211202859],[-71.3970079808106,41.8301167561437],[-71.3970138158985,41.8301158385279],[-71.3970139260203,41.8301162302741],[-71.397019798436,41.830115306389],[-71.3970196883142,41.8301149146429],[-71.397025522198,41.8301139970255],[-71.3970257580016,41.8301148363527],[-71.3971160669873,41.8301006297962],[-71.3971158311826,41.8300997904692],[-71.3971216662675,41.8300988728479],[-71.3971217763899,41.8300992645939],[-71.3971276475986,41.8300983407023],[-71.3971275374762,41.8300979489563],[-71.3971333725607,41.8300970313345],[-71.3971336083657,41.8300978706614],[-71.3972267782512,41.8300832146097],[-71.3972265424451,41.8300823752829],[-71.397232376323,41.8300814576549],[-71.3972324864461,41.8300818494008],[-71.3972383588555,41.8300809255046],[-71.3972382487324,41.8300805337587],[-71.3972440838138,41.8300796161312],[-71.3972443196201,41.830080455458],[-71.3973374882529,41.8300657984149],[-71.397337252444,41.8300649599886],[-71.397343087524,41.8300640414558],[-71.3973431976477,41.8300644332016],[-71.3973490700539,41.8300635092998],[-71.3973489599302,41.8300631175539],[-71.3973547950084,41.8300621999208],[-71.3973550308162,41.8300630392474],[-71.3974481993972,41.8300483830147],[-71.3974479635883,41.8300475436883],[-71.3974537986638,41.8300466260502],[-71.3974539087881,41.8300470177959],[-71.3974597811911,41.8300460938884],[-71.3974596710668,41.8300457021427],[-71.3974655049381,41.8300447845028],[-71.3974657407472,41.8300456238292],[-71.3975589104817,41.8300309675077],[-71.3975586746714,41.8300301281815],[-71.3975645085399,41.8300292105367],[-71.3975646186663,41.8300296013819],[-71.3975704910648,41.8300286783691],[-71.3975703809397,41.8300282866235],[-71.3975762160131,41.8300273680788],[-71.3975764518236,41.8300282074049],[-71.3976696215078,41.8300135509935],[-71.3976693844923,41.8300127116665],[-71.3976752195614,41.8300117940171],[-71.3976753296871,41.8300121857626],[-71.3976812020838,41.8300112618438],[-71.3976810919581,41.8300108700982],[-71.3976869270269,41.8300099524482],[-71.3976871628388,41.8300107917741],[-71.3977815281433,41.8299959472657],[-71.3977812923303,41.8299951079399],[-71.3977871273977,41.8299941893845],[-71.3977873632108,41.8299950287102],[-71.3977902988042,41.8299945676477],[-71.3977896224873,41.8299921604401],[-71.3977890987041,41.8299922428052],[-71.3977871786677,41.8299854183286],[-71.3977990354331,41.8299835534723],[-71.3977991455609,41.8299839443174],[-71.3978535696375,41.8299753827851],[-71.3978534595094,41.8299749919401],[-71.3978653162725,41.8299731261767],[-71.3978654263992,41.829973517922],[-71.3980372452202,41.829946488431],[-71.3980371350925,41.8299460966858],[-71.3980489918435,41.8299442318038],[-71.3980491019713,41.8299446235489],[-71.3981035259815,41.8299360618981],[-71.3981034146496,41.8299356701519],[-71.3981152713982,41.8299338043626],[-71.3981177660507,41.8299426722124],[-71.3981172422683,41.8299427545791],[-71.3981233699572,41.8299645455143],[-71.3981238937398,41.8299644631476],[-71.3981237836115,41.8299640714025],[-71.398133059982,41.8299626120768],[-71.3981355534343,41.8299714799251],[-71.3981350296517,41.8299715622918],[-71.3981382377447,41.8299829706299],[-71.3981406314911,41.8299825946102],[-71.3981411115089,41.829984301178],[-71.3981399146356,41.8299844891879],[-71.3981406699751,41.8299871746683],[-71.3981399595568,41.8299872865807],[-71.3981399835,41.8299873703334],[-71.3981400954816,41.829987352426],[-71.3981405754994,41.8299890589938],[-71.3981518433417,41.830029126863],[-71.39815232336,41.8300308334308],[-71.3981522089708,41.8300308513362],[-71.3981522353216,41.830030935091],[-71.3981529457403,41.8300308231786],[-71.3981537010809,41.8300335086589],[-71.3981548979564,41.8300333197485]]]},"properties":{"OBJECTID":3,"Building":100227,"Property_Type":"Building","Property_Code":"100227","Chart_String":";,LOC100227,,,","Property_Name":"Nelson Fitness Center","Property_Abbr":"NELSONFIT","Address_Line_1":"225 Hope St","Address_Line_2":null,"City_and_State":"Providence, RI","External_Floorplan_Link":"https://drive.google.com/drive/folders/1RQp9YGR8QYRPoHZE6koXNzP-qU1W0N9G","ZIP_code":"02912","Property_Status":"Active","Ownership_Status":"Owned","Occupancy_Status":"Brown Occupied","Official_Name":"The Jonathan M. Nelson Fitness Center & The Katherine Moran Coleman Aquatics Center & The David J. Z","Aliases":"ALTADDRS: 235 Hope St; DISPNAME: Nelson Fitness Ctr","Long_Description":"In April of 2012, the University completed construction and opened the Nelson Fitness Center, the Katherine Moran Coleman Aquatic Center and the David J. Zucconi 1955 Varsity Strength and Conditioning Center.  Funded by generous donations, this facility features a 56 meter swimming pool  for varsity competition and recreational use, three meter diving and a state -of-the-art video scoreboard, an extensive facility for varsity athletes and teams,  and a multi-purpose fitness loft with over 180 exercise machines for students, faculty and staff.  The facility also has three exercise studios, dedicated lockers for athletes, teams and recreational users and a cafe for socializing. \nThe addition of this building, opposite the existing athletics facilities, encloses an area to form the new Ittleson Quadrangle, a large landscaped green space.\nOfficial Name: The Jonathan M. Nelson Fitness Center & The Katherine Moran Coleman Aquatics Center & The David J. Zucconi '55 Varsity Strength & Conditioning Center","Portfolio":"ATHLETICS","National_Historic_District":null,"City_of_Providence_Historic_Dis":null,"Municipal_Zone":null,"Grid_Coord":"AK24","Gross_area__Property_":93936.14011844444,"Floors_Assignable_area":20576.206,"Net_area":86120.731195868051,"Accessibility_Code":"4","Building_Occupancy":null,"Building_Type":"BUILDING","Building_Usage":"ATHLETICS","Tax_Status":"Property Exempt from Tax","Legal_Use":null,"Current_Use":"Pool & Fitness","Cost_Rec":"N","Year_of_Construction":2012,"Date_of_last_major_construction":null,"Date_acquired":"03/01/2012","Date_relinquished":null,"Means_of_Acquisition":"BUILT","GPS_Coordinates__Lat__Long_":"41.83013,-71.39812","Building_System":null,"CHP_Loop":null,"Electricity_Source":"Brown","Utility_Feeder_Number":"1126","Primary_Feeder":"CHP-1","Secondary_Feeder":"CHP-1","LEED_Level":"Gold","LEED_Status":"Achieved","LEED_Link":"https://www.brown.edu/facilities/facilities_management/leed/afc/leed_afc.php","ObjectID_1":210,"Shape__Area":54425.07958984375,"Shape__Length":1156.3850854435418,"lat":41.83023355348557,"lon":-71.3974710041559,"NAV_Number":0.97,"NAV_Desc":"Capital Upkeep","Accessibility_Level":"The facility is mostly accessible to a wheelchair user or person with mobility challenges.","Maintained_By":"MAINTAINED BY BROWN"}},{"type":"Feature","id":4,"geometry":{"type":"Polygon","coordinates":[[[-71.3987138906712,41.8316536800972],[-71.3986582600022,41.8317127751767],[-71.3986197285601,41.8316924556468],[-71.3985712257998,41.8316607110058],[-71.3985923775515,41.8316451592243],[-71.3985442825812,41.831606016849],[-71.3985728132429,41.8315900475284],[-71.3985432240967,41.8315421792027],[-71.3985456679964,41.8315413341425],[-71.3985169105223,41.8314867419148],[-71.3984664362301,41.8314914826115],[-71.3984178622698,41.8314104983197],[-71.3984826506698,41.8314053192258],[-71.3984824947429,41.8314041963656],[-71.3985173006735,41.8314013064219],[-71.3985165685753,41.8313899831159],[-71.3985163601601,41.8313786476678],[-71.3985166754062,41.8313673135826],[-71.3985175154973,41.8313559934662],[-71.3985188780012,41.8313447026221],[-71.3985207616926,41.8313334545543],[-71.398523164145,41.831322260965],[-71.3985260841317,41.8313111362587],[-71.3985295156118,41.8313000939348],[-71.3985334561577,41.8312891465961],[-71.3985379009311,41.8312783086436],[-71.3985428438955,41.8312675908759],[-71.3985482802113,41.8312570085946],[-71.3985542014344,41.8312465725961],[-71.3985606027282,41.8312362963811],[-71.3985674744433,41.8312261916455],[-71.3985748105406,41.8312162709887],[-71.3985826001686,41.8312065452049],[-71.398590834879,41.8311970277917],[-71.3985995050255,41.8311877286443],[-71.3986085997553,41.8311786594574],[-71.398618109422,41.831169830126],[-71.3986280207637,41.8311612532432],[-71.3986315525566,41.8311583374618],[-71.3986067915261,41.8311420996077],[-71.3986064633655,41.8311417941032],[-71.3986061496634,41.8311414805085],[-71.3986058504199,41.8311411588234],[-71.3986055656336,41.8311408299484],[-71.3986052977136,41.8311404929852],[-71.3986050442479,41.8311401506328],[-71.3986048064431,41.8311398010914],[-71.3986045855004,41.831139446163],[-71.3986043802173,41.8311390849459],[-71.3986041929985,41.8311387192431],[-71.3986040214365,41.8311383490525],[-71.3986038679389,41.8311379743761],[-71.3986037313004,41.8311375961132],[-71.3986036127248,41.8311372142649],[-71.398603511007,41.8311368297305],[-71.3986034273492,41.8311364434114],[-71.398603361753,41.8311360544071],[-71.3986033142155,41.8311356645185],[-71.3986032847381,41.8311352728451],[-71.398603273318,41.8311348811877],[-71.3986032787513,41.8311344895452],[-71.3986033034457,41.8311340979196],[-71.398603346196,41.8311337072104],[-71.3986034057968,41.8311333183167],[-71.398603484656,41.8311329312406],[-71.3986035803657,41.8311325459801],[-71.3986036941284,41.8311321634366],[-71.3986038259441,41.83113178361],[-71.3986039746062,41.8311314083],[-71.398604140116,41.8311310366062],[-71.3986043224722,41.8311306694289],[-71.3986045228785,41.8311303067693],[-71.3986047389245,41.8311299504259],[-71.3986049718169,41.831129598599],[-71.3986052203475,41.8311292539887],[-71.3986054845178,41.8311289156945],[-71.3986057643264,41.8311285846168],[-71.3986060597732,41.8311282607557],[-71.3986063684507,41.8311279441089],[-71.3986066927636,41.8311276364794],[-71.3986070303057,41.8311273369645],[-71.3986073822794,41.8311270464658],[-71.3986077474808,41.8311267649821],[-71.3986081247049,41.8311264934128],[-71.3986085139514,41.8311262317578],[-71.3986089164243,41.8311259800182],[-71.3986093285108,41.8311257390911],[-71.3986571908184,41.8310931404471],[-71.3986567581855,41.8310926700886],[-71.398656347237,41.8310921898455],[-71.3986559591779,41.8310916988185],[-71.3986555940071,41.831091197908],[-71.398655251723,41.8310906880143],[-71.3986549335294,41.8310901691385],[-71.3986546406274,41.8310896430822],[-71.3986543718145,41.8310891089442],[-71.3986541270879,41.8310885685251],[-71.3986539088537,41.8310880227272],[-71.3986537147059,41.8310874706483],[-71.3986535470492,41.8310869140911],[-71.398653405882,41.8310863539558],[-71.3986532900022,41.8310857893412],[-71.3986532006092,41.8310852229493],[-71.398653137703,41.83108465478],[-71.3986531000797,41.8310840848324],[-71.3986530901443,41.8310835149093],[-71.3986531066943,41.8310829441091],[-71.398653148523,41.8310823742316],[-71.3986532180366,41.8310818061792],[-71.39865331403,41.8310812408512],[-71.3986534353007,41.8310806773461],[-71.3986535830496,41.8310801174658],[-71.3986537560717,41.8310795621094],[-71.3986539555705,41.8310790112781],[-71.3986541803396,41.8310784667715],[-71.3986544303803,41.8310779276892],[-71.3986547044874,41.8310773949305],[-71.3986550038619,41.8310768702971],[-71.3986553272999,41.8310763537881],[-71.3986556748001,41.8310758463036],[-71.39865604516,41.8310753469424],[-71.3986564383754,41.8310748584054],[-71.3986568544462,41.8310743806926],[-71.3986572921701,41.8310739129026],[-71.3986577515428,41.8310734577365],[-71.398658231362,41.8310730142928],[-71.3986587316261,41.8310725834719],[-71.39865925113,41.8310721661731],[-71.3986597898723,41.8310717632966],[-71.3986603478543,41.8310713739422],[-71.398660922667,41.831070999008],[-71.3986615155128,41.8310706393956],[-71.3986621239841,41.8310702951026],[-71.398662748078,41.8310699679299],[-71.3986633865936,41.8310696560757],[-71.398664039528,41.8310693613405],[-71.3986647056774,41.8310690837236],[-71.3986653850418,41.8310688232246],[-71.3986660752107,41.8310685816424],[-71.3986667761869,41.8310683571761],[-71.3986674879691,41.8310681507261],[-71.3986682081483,41.8310679631905],[-71.3986689367243,41.8310677945696],[-71.3986696724919,41.8310676457624],[-71.3986704154541,41.8310675149683],[-71.3986711632003,41.8310674039859],[-71.3986719169344,41.8310673128163],[-71.3986726730462,41.8310672405558],[-71.3986734327383,41.8310671881059],[-71.3986741948068,41.8310671554656],[-71.398674956844,41.8310671426327],[-71.3986757200538,41.8310671496083],[-71.3986764808247,41.8310671763892],[-71.3986772415645,41.8310672229775],[-71.3986779986615,41.83106728937],[-71.3986787533196,41.8310673755679],[-71.3986795031327,41.8310674806685],[-71.3986802468955,41.8310676055713],[-71.3986809846079,41.8310677502762],[-71.3986817162729,41.8310679129825],[-71.3986824382761,41.8310680954878],[-71.398683153028,41.8310682959934],[-71.3986838569172,41.8310685144962],[-71.3986845511461,41.8310687518976],[-71.3986852333084,41.8310690072951],[-71.3986859034055,41.8310692797885],[-71.3986865602337,41.8310695693765],[-71.3986872025892,41.8310698760582],[-71.3986878316757,41.8310701998346],[-71.3986884438846,41.831070538902],[-71.3986890416221,41.8310708941626],[-71.3986896212784,41.8310712647131],[-71.3987031429481,41.831064913944],[-71.3987169409536,41.8310589055457],[-71.398731000838,41.8310532467081],[-71.3987453057381,41.8310479437185],[-71.3987598399971,41.8310430010647],[-71.3987745879545,41.8310384259357],[-71.39878953275,41.831034222818],[-71.3988046575231,41.8310303961986],[-71.3988199442099,41.8310269505631],[-71.3988199463083,41.8310263824512],[-71.3988199748893,41.8310258152629],[-71.3988200299542,41.831025248098],[-71.398820110295,41.8310246836564],[-71.3988202171169,41.8310241210388],[-71.3988203492146,41.8310235611444],[-71.3988205077893,41.8310230057751],[-71.3988206916369,41.8310224549297],[-71.3988209019615,41.8310219086094],[-71.3988211363538,41.8310213677123],[-71.3988213960149,41.8310208340401],[-71.398821679741,41.8310203075918],[-71.3988219875335,41.8310197874672],[-71.3988223193881,41.8310192763671],[-71.3988226753048,41.8310187742915],[-71.3988230528746,41.8310182821388],[-71.3988234545066,41.8310177990107],[-71.3988238765849,41.8310173276049],[-71.3988243215188,41.8310168670234],[-71.3988247869005,41.8310164172639],[-71.3988252727258,41.8310159810275],[-71.3988257789961,41.8310155574139],[-71.3988263033038,41.8310151464209],[-71.3988268480537,41.8310147498513],[-71.3988274096343,41.8310143677019],[-71.3988279880457,41.8310139999729],[-71.3988285844901,41.8310136475654],[-71.3988291965601,41.8310133104774],[-71.3988298230503,41.8310129896083],[-71.3988304639608,41.8310126849579],[-71.3988311192901,41.8310123974267],[-71.3988317878345,41.8310121270135],[-71.3988324671863,41.8310118737163],[-71.3988331585478,41.8310116384365],[-71.3988338607154,41.8310114211729],[-71.3988345724851,41.8310112219245],[-71.3988352926531,41.8310110406904],[-71.3988360200129,41.83101087927],[-71.3988367557711,41.8310107358637],[-71.3988374975171,41.8310106122702],[-71.3988382440486,41.831010507588],[-71.3988389953656,41.8310104218172],[-71.3988397490576,41.8310103567562],[-71.3988405063327,41.8310103097051],[-71.3988412647791,41.8310102833629],[-71.3988420243995,41.8310102759288],[-71.3988427839873,41.8310102892024],[-71.3988435423415,41.8310103213821],[-71.3988442994621,41.8310103724678],[-71.3988450529387,41.8310104442581],[-71.398845802774,41.8310105349523],[-71.398846547763,41.8310106454496],[-71.3988472879083,41.8310107739495],[-71.3988480207995,41.8310109222505],[-71.3988487476419,41.8310110894531],[-71.3988494648241,41.8310112755545],[-71.3988501735511,41.8310114796551],[-71.3988508726179,41.8310117026543],[-71.3988515608234,41.8310119427504],[-71.3988522381663,41.8310122008437],[-71.3988529022402,41.8310124760318],[-71.3988535542491,41.8310127683157],[-71.3988541905814,41.8310130776921],[-71.3988548136463,41.8310134032631],[-71.3988554210374,41.8310137441259],[-71.3988560127535,41.8310141011811],[-71.3988565863882,41.8310144735261],[-71.3988571431483,41.8310148593613],[-71.3988576818271,41.8310152604863],[-71.3988582024287,41.8310156742002],[-71.3988587025429,41.8310161023014],[-71.3988591821737,41.8310165420891],[-71.3988596425237,41.8310169944645],[-71.3988600811866,41.8310174585251],[-71.3988604981638,41.8310179333708],[-71.3988608922515,41.8310184190003],[-71.3988612646549,41.8310189145145],[-71.3988616129678,41.8310194190109],[-71.3988619383941,41.8310199324905],[-71.3988622397313,41.8310204540519],[-71.3988625169809,41.8310209827949],[-71.398862768939,41.8310215187183],[-71.3988629968109,41.8310220609228],[-71.3988631993941,41.8310226085071],[-71.3988633754849,41.8310231614702],[-71.3989290774071,41.831017822668],[-71.3989295794337,41.8310178006012],[-71.3989300826428,41.8310177920406],[-71.3989305858321,41.8310177960847],[-71.3989310877978,41.8310178127324],[-71.3989315897422,41.8310178428852],[-71.3989320892577,41.831017886541],[-71.3989325863472,41.8310179418991],[-71.3989330810079,41.83101801076],[-71.3989335720373,41.8310180922225],[-71.3989340594353,41.8310181862866],[-71.3989345419983,41.8310182929511],[-71.3989350185224,41.8310184122151],[-71.3989354902114,41.8310185440796],[-71.3989359546592,41.831018687642],[-71.3989364130694,41.8310188429036],[-71.3989368642383,41.8310190098632],[-71.3989373069621,41.8310191885198],[-71.398937740037,41.8310193788723],[-71.398938165872,41.8310195800225],[-71.3989385808556,41.8310197919672],[-71.3989389861918,41.8310200147075],[-71.3989393818818,41.831020247343],[-71.3989397655167,41.831020490772],[-71.3989401370992,41.8310207431937],[-71.3989404978319,41.8310210055097],[-71.3989408465108,41.8310212777187],[-71.398941181935,41.8310215580192],[-71.3989415041045,41.831021846411],[-71.3989418130179,41.8310221437945],[-71.3989421074741,41.8310224483681],[-71.3989423874718,41.831022761032],[-71.3989426542177,41.8310230799866],[-71.3989429053026,41.8310234061301],[-71.398943140728,41.8310237385622],[-71.3989433604953,41.8310240763825],[-71.3989435658068,41.8310244204926],[-71.3989437542579,41.8310247690895],[-71.3989439258471,41.8310251230735],[-71.398944081781,41.8310254806452],[-71.3989442208558,41.8310258418034],[-71.3989443430715,41.8310262065481],[-71.3989444484282,41.8310265748793],[-71.3989445369286,41.8310269449964],[-71.3989446085713,41.8310273177997],[-71.3989446621554,41.8310276914874],[-71.3989446988832,41.8310280669609],[-71.3989447175537,41.8310284424186],[-71.3989447193695,41.8310288187618],[-71.3989447043318,41.8310291950902],[-71.3989446561753,41.831052159988],[-71.3989596799197,41.8310520993762],[-71.3989746982443,41.8310524232023],[-71.3989896930922,41.8310531314504],[-71.399004646405,41.8310542250051],[-71.3990195401313,41.831055700249],[-71.3990343586218,41.8310575571685],[-71.39904908262,41.8310597930457],[-71.3990636952783,41.8310624042644],[-71.3990781797464,41.8310653890092],[-71.3990925191767,41.8310687436639],[-71.3991066967231,41.8310724637122],[-71.3991206943341,41.8310765455369],[-71.3991344975727,41.8310809837234],[-71.3991480883903,41.8310857728538],[-71.3991614523497,41.8310909075135],[-71.39917457381,41.8310963822869],[-71.3991874359291,41.8311021899564],[-71.3992000230675,41.8311083242062],[-71.3992123231997,41.8311147769227],[-71.3992243194824,41.8311215417888],[-71.3992359998901,41.8311286106911],[-71.3992473487874,41.8311359746125],[-71.3992583529464,41.8311436245382],[-71.3992690003416,41.8311515523545],[-71.3992792777453,41.8311597490468],[-71.3992891731361,41.8311682038004],[-71.3992986756937,41.8311769076026],[-71.3993077745993,41.8311858505403],[-71.3993164566291,41.8311950208975],[-71.399324714577,41.831204407864],[-71.3993325364202,41.8312140015257],[-71.3993399137503,41.8312237901707],[-71.3993468393611,41.8312337629889],[-71.3993533024392,41.8312439064658],[-71.3993592969823,41.831254209792],[-71.3993648169893,41.8312646612581],[-71.3993698528509,41.8312752473506],[-71.3993744021759,41.8312859572634],[-71.3993784565585,41.831296777484],[-71.3993820136122,41.8313076945055],[-71.3993850673357,41.8313186966182],[-71.3993876153425,41.8313297703149],[-71.3993896874189,41.8313411127959],[-71.3993912285374,41.8313525016294],[-71.3993922375133,41.8313639242097],[-71.3993927119614,41.8313753661293],[-71.3993926519026,41.8313868138831],[-71.3993920573605,41.8313982521653],[-71.3993909295569,41.8314096692727],[-71.3993892685171,41.8314210489991],[-71.3993870778718,41.8314323787429],[-71.3993843588473,41.8314436440998],[-71.3993811150758,41.8314548315679],[-71.399377351395,41.8314659267459],[-71.3993730714344,41.8314769179325],[-71.3993682824392,41.8314877907287],[-71.3993629868395,41.831498530731],[-71.3993571930788,41.8315091271427],[-71.3993509096075,41.8315195646654],[-71.3993441412577,41.8315298324992],[-71.399336897681,41.8315399171474],[-71.3993291873238,41.8315498060126],[-71.3993210198348,41.8315594873986],[-71.3993124060654,41.831568950511],[-71.3993033556671,41.8315781818529],[-71.3992938794898,41.83158717153],[-71.3992839883863,41.8315959078474],[-71.399273696818,41.8316043809138],[-71.3992630144323,41.8316125799336],[-71.3992519568945,41.8316204950168],[-71.3992405350547,41.8316281162689],[-71.3992287657805,41.8316354347012],[-71.3992166611244,41.831642441321],[-71.3992042367504,41.8316491271383],[-71.399191508321,41.8316554840638],[-71.3991784902935,41.8316615049075],[-71.399165199533,41.8316671824812],[-71.3991516504968,41.8316725095949],[-71.3991378624577,41.8316774790627],[-71.3991238498702,41.8316820854952],[-71.3991096308019,41.8316863226058],[-71.3990952233161,41.8316901868089],[-71.399080643074,41.8316936709155],[-71.39906590934,41.8316967731418],[-71.3990510401802,41.8316994881016],[-71.3990360524512,41.831701814009],[-71.3990209666256,41.8317037463801],[-71.3990057983563,41.8317052834282],[-71.3989905681113,41.8317064233704],[-71.398975295155,41.831707164423],[-71.3989599951375,41.8317075065998],[-71.3989446897295,41.8317074490194],[-71.3989293957862,41.8317069907964],[-71.3989141313611,41.8317061346477],[-71.3988989181248,41.831704879692],[-71.3988837717245,41.8317032277437],[-71.3988687126214,41.831701181522],[-71.398853757665,41.8316987437427],[-71.3988389249102,41.8316959162225],[-71.3988242348167,41.8316927025807],[-71.3988097018221,41.8316891082322],[-71.3987953475913,41.8316851358972],[-71.398781186562,41.8316807909903],[-71.3987672367833,41.8316760789298],[-71.3987535163029,41.8316710060338],[-71.3987400407636,41.831665576818],[-71.3987268270064,41.8316597994004],[-71.3987138906712,41.8316536800972]]]},"properties":{"OBJECTID":4,"Building":100021,"Property_Type":"Building","Property_Code":"100021","Chart_String":";,LOC100021,,,","Property_Name":"Meehan Auditorium","Property_Abbr":"MEEHAN","Address_Line_1":"235 Hope St","Address_Line_2":null,"City_and_State":"Providence, RI","External_Floorplan_Link":"https://drive.google.com/drive/folders/1jMCO_A4rqWyWJ3YSJDCTdtyn7rDAdULH","ZIP_code":"02912","Property_Status":"Active","Ownership_Status":"Owned","Occupancy_Status":"Brown Occupied","Official_Name":"George V. Meehan Auditorium","Aliases":"ALTADDRS: 235 Hope St; DISPNAME: Meehan Auditorium","Long_Description":"Meehan Auditorium was made possible by the late George V. Meehan, who donated the funds necessary to construct an arena to \"service and promote\" the Brown men's ice hockey program. The building, constructed in 1962, is a circular domed ice rink and auditorium and is home to the Brown hockey teams.","Portfolio":"ATHLETICS","National_Historic_District":null,"City_of_Providence_Historic_Dis":null,"Municipal_Zone":"One Family District - Within I-Zone","Grid_Coord":"AO19","Gross_area__Property_":82264.451043395835,"Floors_Assignable_area":0,"Net_area":65615.75411530555,"Accessibility_Code":"4","Building_Occupancy":31,"Building_Type":"BUILDING","Building_Usage":"ATHLETICS","Tax_Status":"Property Exempt from Tax","Legal_Use":"Assembly","Current_Use":"Ice Rink","Cost_Rec":"Y","Year_of_Construction":1961,"Date_of_last_major_construction":null,"Date_acquired":null,"Date_relinquished":null,"Means_of_Acquisition":null,"GPS_Coordinates__Lat__Long_":"41.83138,-71.398929","Building_System":null,"CHP_Loop":null,"Electricity_Source":"Brown","Utility_Feeder_Number":"1126","Primary_Feeder":"CHP-1","Secondary_Feeder":"CHP-1","LEED_Level":null,"LEED_Status":null,"LEED_Link":null,"ObjectID_1":17,"Shape__Area":48317.282615661621,"Shape__Length":893.56056126211445,"lat":41.831378290165738,"lon":-71.398932448754067,"NAV_Number":0.81,"NAV_Desc":"Repair and Maintain","Accessibility_Level":"The facility is mostly accessible to a wheelchair user or person with mobility challenges.","Maintained_By":"MAINTAINED BY BROWN"}},{"type":"Feature","id":5,"geometry":{"type":"Polygon","coordinates":[[[-71.3986359197259,41.8317911128359],[-71.3978654576057,41.8320516852254],[-71.3976504390435,41.8317018320418],[-71.3977161230795,41.8316794919236],[-71.3976928540176,41.831639569994],[-71.3977463087849,41.8316214514577],[-71.3977773799351,41.8315985429852],[-71.3977780637761,41.8315969878086],[-71.3977788174104,41.8315954507008],[-71.3977796396298,41.8315939343619],[-71.3977805304343,41.8315924387918],[-71.3977814886158,41.8315909666904],[-71.3977825117638,41.8315895198563],[-71.3977835998768,41.8315880991899],[-71.397784750543,41.8315867073899],[-71.3977859637607,41.8315853453567],[-71.3977872383249,41.8315840139897],[-71.3977885718235,41.8315827159876],[-71.3977899630513,41.8315814522497],[-71.3977914108016,41.8315802245756],[-71.3977929126652,41.8315790338636],[-71.3977944674356,41.8315778819131],[-71.3977960727036,41.8315767696225],[-71.3977977272626,41.8315756987913],[-71.3977994299087,41.8315746694184],[-71.3978011782299,41.8315736842027],[-71.3978029686134,41.8315727440414],[-71.3978048010592,41.8315718489344],[-71.3978066731567,41.8315710006802],[-71.3978085824969,41.8315702001771],[-71.3978105266706,41.8315694483232],[-71.3978125032688,41.8315687460168],[-71.3978617423009,41.8315520408092],[-71.3978936734521,41.8315416684848],[-71.3979598653457,41.8315192710562],[-71.3979635294805,41.8315179526139],[-71.3979671299597,41.8315165413801],[-71.3979706655767,41.8315150391543],[-71.3979741291054,41.8315134477308],[-71.3979775193394,41.8315117689094],[-71.3979808302565,41.8315100044851],[-71.3979840594449,41.8315081571571],[-71.3979872020878,41.8315062278213],[-71.3979902557718,41.8315042200769],[-71.3979932156788,41.8315021357204],[-71.3979960781945,41.8314999765492],[-71.3979988409054,41.8314977461626],[-71.3980015001972,41.8314954463579],[-71.3980040536567,41.8314930807346],[-71.3980064976708,41.8314906501896],[-71.3980088298248,41.8314881592226],[-71.3980110465029,41.8314856105313],[-71.3980131452933,41.8314830068146],[-71.3980151249877,41.8314803507725],[-71.3980169819691,41.8314776460032],[-71.3980187150293,41.8314748952065],[-71.3980187355357,41.8314748691149],[-71.3980210985041,41.8314696492485],[-71.3980237021354,41.8314644935197],[-71.3980265428067,41.831459409128],[-71.3980296193056,41.8314544014744],[-71.3980329256043,41.8314494759555],[-71.39803645808,41.8314446397708],[-71.3980402131124,41.831439898319],[-71.3980441858778,41.831435256998],[-71.3980483715522,41.8314307212055],[-71.3980527653102,41.8314262972395],[-71.3980573623296,41.8314219895974],[-71.3980621553773,41.8314178045751],[-71.3980671408346,41.8314137466711],[-71.3980723114729,41.8314098194803],[-71.3980776612632,41.8314060292997],[-71.3980831829753,41.8314023806246],[-71.3980888717868,41.8313988779523],[-71.3980947180628,41.8313955239753],[-71.3981007181834,41.8313923240924],[-71.3981068625108,41.8313892827966],[-71.3981131438193,41.8313864018824],[-71.3981195560826,41.8313836858459],[-71.3981260896645,41.83138113828],[-71.3981327385416,41.8313787618803],[-71.3983475217963,41.8313061201533],[-71.3986359197259,41.8317911128359]]]},"properties":{"OBJECTID":5,"Building":100267,"Property_Type":"Building","Property_Code":"100267","Chart_String":";,LOC100267,,,","Property_Name":"Pizzitola","Property_Abbr":"PIZZITOLA","Address_Line_1":"233 Hope St","Address_Line_2":null,"City_and_State":"Providence, RI","External_Floorplan_Link":"https://drive.google.com/drive/folders/1sWWFXIb3N8oJq3Kgq5Xnq3_rLVI9Nqvm","ZIP_code":"02912","Property_Status":"Active","Ownership_Status":"Owned","Occupancy_Status":"Brown Occupied","Official_Name":null,"Aliases":"ALTADDRS: 235 Hope St; DISPNAME: Pizzitola Sports Ctr; LEGACY: Paul Bailey Pizzitola Memorial Sports Center; NICKNAME: Pitz","Long_Description":"The Paul Bailey Pizzitola Memorial Sports Center was officially dedicated in April, 1989, in memory of Paul Bailey Pizzitola '81.  It provides Brown with an intercollegiate facilities for basketball, volleyball, wrestling and gymnastics with seating for up to 2,800.  This facility also provides offices to the administrative staff for the Athletics Department equal to any multi-purpose athletic facility in the Ivy League.  Pizzitola is also home to five state-of-the-art squash courts as well as indoor tennis courts.  Renovations in 2014 included new lacrosse locker room and training facilities.","Portfolio":"ATHLETICS","National_Historic_District":null,"City_of_Providence_Historic_Dis":null,"Municipal_Zone":"One Family District - Within I-Zone","Grid_Coord":"AH15","Gross_area__Property_":106278.59038210417,"Floors_Assignable_area":10098.5993,"Net_area":99332.366855020839,"Accessibility_Code":"4","Building_Occupancy":37,"Building_Type":"BUILDING","Building_Usage":"ATHLETICS","Tax_Status":"Property Exempt from Tax","Legal_Use":"Gymnasium","Current_Use":"Gymnasium","Cost_Rec":"Y","Year_of_Construction":1989,"Date_of_last_major_construction":null,"Date_acquired":null,"Date_relinquished":null,"Means_of_Acquisition":null,"GPS_Coordinates__Lat__Long_":"41.831708,-71.398079","Building_System":null,"CHP_Loop":null,"Electricity_Source":"Brown","Utility_Feeder_Number":"1126","Primary_Feeder":"CHP-1","Secondary_Feeder":"CHP-1","LEED_Level":null,"LEED_Status":null,"LEED_Link":null,"ObjectID_1":247,"Shape__Area":40398.689094543457,"Shape__Length":822.2518067583477,"lat":41.831693660488618,"lon":-71.39813841971592,"NAV_Number":0.79,"NAV_Desc":"Repair and Maintain","Accessibility_Level":"The facility is mostly accessible to a wheelchair user or person with mobility challenges.","Maintained_By":"MAINTAINED BY BROWN"}},{"type":"Feature","id":6,"geometry":{"type":"Polygon","coordinates":[[[-71.3976484737217,41.8321103364202],[-71.3976439352219,41.832119423995],[-71.3973454730065,41.8322193041158],[-71.3973345916683,41.8322161837214],[-71.3971045313049,41.83184142352],[-71.3971111450611,41.8318294585421],[-71.3974092225147,41.8317291348124],[-71.3974252641875,41.8317332654865],[-71.3976484737217,41.8321103364202]]]},"properties":{"OBJECTID":6,"Building":100093,"Property_Type":"Building","Property_Code":"100093","Chart_String":";,LOC100093,,,","Property_Name":"Central Heat Plant","Property_Abbr":"CNTRLHEAT","Address_Line_1":"235 Lloyd Ave","Address_Line_2":null,"City_and_State":"Providence, RI","External_Floorplan_Link":"https://drive.google.com/drive/folders/130SRt89nwRTKKuOEs82UV2sB_YVSjoE9","ZIP_code":"02912","Property_Status":"Active","Ownership_Status":"Owned","Occupancy_Status":"Brown Occupied","Official_Name":null,"Aliases":"DISPNAME: Cental Heat Plant; NICKNAME: Chp; NICKNAME: Physical Plant","Long_Description":"Sorry, no narrative available.","Portfolio":"CENTRAL HEAT PLANT","National_Historic_District":null,"City_of_Providence_Historic_Dis":null,"Municipal_Zone":"One Family District - Within I-Zone","Grid_Coord":"AE11","Gross_area__Property_":24487.708690694446,"Floors_Assignable_area":0,"Net_area":22013.74607375,"Accessibility_Code":"0","Building_Occupancy":12,"Building_Type":"BUILDING","Building_Usage":"SUPPORT","Tax_Status":"Property Exempt from Tax","Legal_Use":"Boiler","Current_Use":"Boiler","Cost_Rec":"Y","Year_of_Construction":1969,"Date_of_last_major_construction":null,"Date_acquired":null,"Date_relinquished":null,"Means_of_Acquisition":null,"GPS_Coordinates__Lat__Long_":"41.831968,-71.397357","Building_System":null,"CHP_Loop":"Yes","Electricity_Source":"Brown","Utility_Feeder_Number":"1152B/1153","Primary_Feeder":"JW2-5","Secondary_Feeder":"CHP-4","LEED_Level":null,"LEED_Status":null,"LEED_Link":null,"ObjectID_1":80,"Shape__Area":14768.283340454102,"Shape__Length":494.78380566780834,"lat":41.831973610308332,"lon":-71.39737722951034,"NAV_Number":0.67,"NAV_Desc":"Systemic Renovation","Accessibility_Level":"A physical barrier exists that would prevent a wheelchair user from entering the facility.","Maintained_By":"MAINTAINED BY BROWN"}},{"type":"Feature","id":7,"geometry":{"type":"Polygon","coordinates":[[[-71.3952736721395,41.8331651788233],[-71.3952687850382,41.8331567111867],[-71.395269068094,41.8331566196102],[-71.3952553839778,41.8331329093262],[-71.3952551009222,41.8331330009026],[-71.3952502138258,41.8331245332651],[-71.3952512039187,41.8331242127472],[-71.3952453396453,41.8331140515823],[-71.395244349554,41.8331143711998],[-71.3952394612567,41.8331059035608],[-71.3952397443122,41.8331058119845],[-71.3952260614201,41.8330821025982],[-71.3952257783661,41.8330821932741],[-71.3952199128968,41.8330720321068],[-71.3952315193612,41.8330682855811],[-71.3952178352777,41.8330445752922],[-71.3952175522224,41.8330446668685],[-71.3952136423137,41.833037892757],[-71.395214632404,41.8330375731398],[-71.3952087681443,41.8330274119728],[-71.3952080611095,41.8330276400138],[-71.395200241297,41.83301409179],[-71.3951999582433,41.8330141824659],[-71.3951950711631,41.833005714826],[-71.3951953542184,41.8330056232498],[-71.3951816701601,41.8329819138566],[-71.3951813871064,41.8329820045325],[-71.3951765000312,41.8329735368918],[-71.3951767830863,41.8329734453156],[-71.3951630990417,41.8329497359201],[-71.3951628159881,41.832949826596],[-71.3951579289178,41.8329413589544],[-71.3951582119728,41.8329412673783],[-71.3951445279418,41.8329175579805],[-71.3951442448884,41.8329176486563],[-71.395139357823,41.8329091810139],[-71.3951396408778,41.8329090894377],[-71.3951259568606,41.8328853800377],[-71.3951256738073,41.8328854707134],[-71.3951139453456,41.8328651483697],[-71.3951253784362,41.8328613944936],[-71.39512639162,41.8328631510786],[-71.3951668695888,41.8328500845016],[-71.3951658564042,41.832848327917],[-71.3951751971941,41.8328453122046],[-71.395176210379,41.8328470687892],[-71.3952166883277,41.8328340021946],[-71.3952156751404,41.8328322465107],[-71.3952272803579,41.8328284999842],[-71.3952281662971,41.832830034969],[-71.3952551985594,41.8328213083322],[-71.3952544662809,41.8328200381873],[-71.3952567307125,41.8328193073766],[-71.3952569131809,41.8328196244621],[-71.3952682365433,41.832815969509],[-71.3952679304232,41.8328154407312],[-71.3952769881494,41.8328125165869],[-71.3952771105971,41.8328127282781],[-71.3953178715578,41.8327995700713],[-71.3953177491099,41.8327993583802],[-71.3953290724653,41.832795703421],[-71.3953291937094,41.832795915111],[-71.3953699546488,41.8327827568856],[-71.3953698322008,41.8327825451945],[-71.3953834199789,41.832778159417],[-71.3953843359308,41.8327797475479],[-71.3954160391357,41.8327695134589],[-71.3954151219793,41.8327679253272],[-71.3954309741789,41.8327628087302],[-71.3954312790962,41.8327633375065],[-71.3954448668661,41.8327589517217],[-71.3954445607463,41.832758422044],[-71.3954536184549,41.8327554987861],[-71.3954537409031,41.8327557104771],[-71.3954990306452,41.8327410896762],[-71.3954989081969,41.8327408779853],[-71.3955034382527,41.8327394163553],[-71.3955035594972,41.8327396280452],[-71.3955216761097,41.8327337797197],[-71.3955215536613,41.8327335680288],[-71.3955328757897,41.8327299130484],[-71.3955331819101,41.8327304427258],[-71.3955558261631,41.8327231327615],[-71.3955555212464,41.8327226030853],[-71.3955872231921,41.8327123689477],[-71.395588140352,41.8327139570781],[-71.3956198422882,41.8327037229315],[-71.3956189263316,41.8327021348025],[-71.3956347784987,41.8326970181773],[-71.3956465070946,41.8327173404686],[-71.3956462240413,41.832717432046],[-71.3956599082135,41.8327411422853],[-71.3956601912669,41.8327410507079],[-71.3956650783883,41.8327495183284],[-71.3956647953349,41.8327496099058],[-71.3956784795208,41.8327733201428],[-71.3956787625743,41.8327732285654],[-71.3956836497006,41.8327816961851],[-71.3956833666471,41.8327817877626],[-71.3956970508467,41.8328054979972],[-71.3956973339003,41.8328054064197],[-71.3957022210315,41.8328138740386],[-71.3957012297418,41.8328141945594],[-71.3957149139564,41.8328379038915],[-71.3957159052449,41.8328375842709],[-71.395720792381,41.832846051889],[-71.3957205093272,41.8328461434665],[-71.3957341935542,41.8328698536965],[-71.3957344766081,41.8328697621189],[-71.3957383865615,41.832876536213],[-71.3957381035076,41.8328766277906],[-71.3957517877476,41.8329003380184],[-71.3957633929463,41.8328965914377],[-71.3957692572818,41.8329067525766],[-71.3957689742278,41.8329068441543],[-71.3957826584856,41.8329305543783],[-71.3957829415397,41.8329304628006],[-71.3957878286916,41.8329389304157],[-71.3957875456375,41.8329390219934],[-71.3957934099807,41.832949183131],[-71.3957936930334,41.8329490924536],[-71.3957985801881,41.8329575600682],[-71.395798297134,41.832957651646],[-71.3958119814148,41.832981360966],[-71.3958122644676,41.8329812702885],[-71.3958171516273,41.8329897379023],[-71.3958058294692,41.8329933929106],[-71.3958057070193,41.83299318122],[-71.3957740037658,41.8330034154161],[-71.3957741262156,41.8330036271067],[-71.3957628040526,41.8330072821107],[-71.3957626816029,41.8330070704201],[-71.395749095006,41.8330114562433],[-71.3957492174557,41.833011667934],[-71.395737894086,41.8330153229345],[-71.3957377728402,41.8330151112449],[-71.3957060695651,41.8330253454222],[-71.3957061920147,41.8330255571128],[-71.3956926042061,41.8330299429283],[-71.3956875958142,41.8330212636197],[-71.3956468347882,41.8330344219571],[-71.3956469560338,41.8330346336468],[-71.3956378982931,41.8330375578201],[-71.3956374709249,41.8330368164533],[-71.3956261487483,41.8330404714438],[-71.3956264536671,41.8330410011199],[-71.3955970147988,41.8330505035487],[-71.3955971372481,41.8330507152395],[-71.3955858150668,41.8330543702261],[-71.3955856926175,41.8330541585352],[-71.3955449315499,41.8330673168364],[-71.395545053999,41.8330675285273],[-71.395535996249,41.8330704526925],[-71.3955358737999,41.8330702410016],[-71.3955177582976,41.8330760893299],[-71.3955132294222,41.8330775509614],[-71.3955128020537,41.8330768104945],[-71.3954946853436,41.8330826588181],[-71.3954952351609,41.833083610976],[-71.395483912968,41.8330872659524],[-71.3954837905191,41.8330870542614],[-71.3954430294097,41.8331002125263],[-71.3954431518586,41.8331004242173],[-71.3954340941008,41.8331033474742],[-71.395433971652,41.8331031357832],[-71.3953932105222,41.8331162940303],[-71.3953982200856,41.8331249733527],[-71.3953846322336,41.8331293600319],[-71.3953845109888,41.833129148342],[-71.3953528076013,41.8331393824215],[-71.3953529300499,41.8331395941125],[-71.3953416066352,41.8331432490738],[-71.3953411792697,41.8331425077059],[-71.3953275926155,41.8331468934791],[-71.3953280199809,41.833147634847],[-71.3953166977672,41.8331512898069],[-71.3953165753187,41.8331510781158],[-71.3952848719095,41.8331613121765],[-71.395284994358,41.8331615238676],[-71.3952736721395,41.8331651788233]]]},"properties":{"OBJECTID":7,"Building":100135,"Property_Type":"Building","Property_Code":"100135","Chart_String":";,LOC100135,,,","Property_Name":"Andrews Memorial Building","Property_Abbr":"ANDREWSMEM","Address_Line_1":"295 Lloyd Ave","Address_Line_2":null,"City_and_State":"Providence, RI","External_Floorplan_Link":"https://drive.google.com/drive/folders/1I00aFfsRyJX532HSRbdxZtwCghKaObM0","ZIP_code":"02912","Property_Status":"Active","Ownership_Status":"Owned","Occupancy_Status":"Brown Occupied","Official_Name":"Philip D. Andrews Memorial Building","Aliases":"DISPNAME: Andrews Memorial Building","Long_Description":"This three story brick building constructed in 2003 is utilized as support facility for Brown University.  In 2019, the building was officially named the Philip D. Andrews Memorial Building.  Philip Andrews was a dedicated staff member who had worked in Facilities Management for over 40 years.  He was known for this relentlessly positive attitude, innovative ideas and dedication to the institution.","Portfolio":"Admin/Support","National_Historic_District":null,"City_of_Providence_Historic_Dis":null,"Municipal_Zone":"One Family District - Within I-Zone","Grid_Coord":"AA07","Gross_area__Property_":53467.986990652775,"Floors_Assignable_area":13842.9851,"Net_area":48713.897544868058,"Accessibility_Code":"4","Building_Occupancy":183,"Building_Type":"BUILDING","Building_Usage":"SUPPORT","Tax_Status":"Property Exempt from Tax","Legal_Use":"Office","Current_Use":"Office","Cost_Rec":"N","Year_of_Construction":2003,"Date_of_last_major_construction":null,"Date_acquired":"09/01/2003","Date_relinquished":null,"Means_of_Acquisition":"BUILT","GPS_Coordinates__Lat__Long_":"41.832953,-71.395557","Building_System":null,"CHP_Loop":null,"Electricity_Source":"Brown","Utility_Feeder_Number":"1152B/1153","Primary_Feeder":"JW2-5","Secondary_Feeder":"CHP-6","LEED_Level":null,"LEED_Status":null,"LEED_Link":null,"ObjectID_1":121,"Shape__Area":18071.067970275879,"Shape__Length":580.62437666454252,"lat":41.832928500074573,"lon":-71.395459588230167,"NAV_Number":0.94,"NAV_Desc":"Capital Upkeep","Accessibility_Level":"The facility is mostly accessible to a wheelchair user or person with mobility challenges.","Maintained_By":"MAINTAINED BY BROWN"}},{"type":"Feature","id":8,"geometry":{"type":"Polygon","coordinates":[[[-71.3968344780128,41.8305990047007],[-71.3971598864637,41.8305481887594],[-71.397153112683,41.8305240905286],[-71.397303203883,41.8305004900804],[-71.3973100220123,41.8305247423001],[-71.397489609925,41.830496696891],[-71.3977883263369,41.8315644947156],[-71.3976759800818,41.8315820350293],[-71.3976826287177,41.8316062924734],[-71.3976106409211,41.8316176626301],[-71.3976030039309,41.83159342861],[-71.3971326710872,41.8316668586595],[-71.3971105407649,41.8315873740508],[-71.3970502679481,41.8315968627374],[-71.3970479517108,41.8315871406055],[-71.3971082893812,41.8315777420121],[-71.3970660229602,41.8314259664697],[-71.3970051124164,41.8314353582253],[-71.3970027318362,41.8314259808642],[-71.39702810563,41.8314217423098],[-71.396986201169,41.8312703920183],[-71.3969602824236,41.8312744292993],[-71.3969573137884,41.8312646768686],[-71.3969834438829,41.8312602130173],[-71.3969406860178,41.8311096794473],[-71.3969145279567,41.8311136030606],[-71.3969119126725,41.8311034656006],[-71.3969725144493,41.8310942536847],[-71.3969305650846,41.8309425927072],[-71.3968693809333,41.830951720347],[-71.3968670564006,41.830942697766],[-71.3969278048951,41.8309327369233],[-71.3968344780128,41.8305990047007]]]},"properties":{"OBJECTID":8,"Building":100059,"Property_Type":"Building","Property_Code":"100059","Chart_String":";,LOC100059,,,","Property_Name":"Olney-Margolies Athletic Center","Property_Abbr":"OMAC","Address_Line_1":"229 Hope St","Address_Line_2":null,"City_and_State":"Providence, RI","External_Floorplan_Link":"https://drive.google.com/drive/folders/1ZsgU3MUKjJvmhX2gJU2nhFCnhLArxQ2u","ZIP_code":"02912","Property_Status":"Active","Ownership_Status":"Owned","Occupancy_Status":"Brown Occupied","Official_Name":null,"Aliases":"ALTADDRS: 235 Hope St; DISPNAME: Olney-Margolies Athletic Ctr; LEGACY: Joseph Olney & Moe Price Margolies","Long_Description":"The Olney-Margolies Athletic Center (OMAC) was dedicated in 1981. Named for its two principal donors, both members of the Class of 1936, Joseph Olney and Moe Price Margolies, it is utilized for a variety of team and individual sports.","Portfolio":"ATHLETICS","National_Historic_District":null,"City_of_Providence_Historic_Dis":null,"Municipal_Zone":"One Family District - Within I-Zone","Grid_Coord":"AG22","Gross_area__Property_":93956.541103486117,"Floors_Assignable_area":66603.7164,"Net_area":89226.437069319451,"Accessibility_Code":"4","Building_Occupancy":20,"Building_Type":"BUILDING","Building_Usage":"ATHLETICS","Tax_Status":"Property Exempt from Tax","Legal_Use":"Health Facility","Current_Use":"Health Facility","Cost_Rec":"Y","Year_of_Construction":1981,"Date_of_last_major_construction":null,"Date_acquired":null,"Date_relinquished":null,"Means_of_Acquisition":null,"GPS_Coordinates__Lat__Long_":"41.831096,-71.397279","Building_System":null,"CHP_Loop":null,"Electricity_Source":"Brown","Utility_Feeder_Number":"1152B/1153","Primary_Feeder":"CHP-1","Secondary_Feeder":"CHP-1","LEED_Level":null,"LEED_Status":null,"LEED_Link":null,"ObjectID_1":50,"Shape__Area":74470.204437255859,"Shape__Length":1325.511094557331,"lat":41.831083613826941,"lon":-71.3973059280541,"NAV_Number":0.69,"NAV_Desc":"Systemic Renovation","Accessibility_Level":"The facility is mostly accessible to a wheelchair user or person with mobility challenges.","Maintained_By":"MAINTAINED BY BROWN"}},{"type":"Feature","id":9,"geometry":{"type":"Polygon","coordinates":[[[-71.4029040935659,41.8303643993247],[-71.4026826651964,41.8303799209861],[-71.4026714184732,41.8302905015779],[-71.4026826848531,41.8302897197254],[-71.4026733209621,41.8302146838528],[-71.4026652137014,41.8302152486986],[-71.4026646427713,41.8302106970018],[-71.4026634364334,41.8302107815118],[-71.4026628714583,41.830206272136],[-71.4026662713527,41.8302060364271],[-71.4026632299921,41.8301817688168],[-71.402659830099,41.8301820045256],[-71.4026592651244,41.8301774951497],[-71.4026604714617,41.8301774106398],[-71.4026599005322,41.830172858943],[-71.4026684038774,41.8301722683233],[-71.402659247684,41.8300992133695],[-71.4026470615314,41.830100062866],[-71.4026356235254,41.8300083689602],[-71.4027996379999,41.8299968700814],[-71.4028350751999,41.8302796190783],[-71.402892959004,41.8302755615801],[-71.4029040935659,41.8303643993247]]]},"properties":{"OBJECTID":9,"Building":100084,"Property_Type":"Building","Property_Code":"100084","Chart_String":";,LOC100084,,,","Property_Name":"Metcalf Hall","Property_Abbr":"METCALFHAL","Address_Line_1":"98 Cushing St","Address_Line_2":null,"City_and_State":"Providence, RI","External_Floorplan_Link":"https://drive.google.com/drive/folders/1xaUwjxs18zuA6i-Bc3NYO41COJ2xicQJ","ZIP_code":"02912","Property_Status":"Active","Ownership_Status":"Owned","Occupancy_Status":"Brown Occupied","Official_Name":null,"Aliases":"DISPNAME: Metcalf Hall","Long_Description":"Metcalf Hall was made possible largely in part by a donation of land and a contribution by a man by the name of Stephen O. Metcalf.  Constructed in 1919, it was the second dormitory built on the Pembroke College campus, Miller Hall being the first.  In 2013, Metcalf, Miller and Andrews Halls were renovated.  Upgrades included both interior and exterior finishes and conversion of singles to doubles to create a second area on campus devoted to First Year housing.  The project was designed to be LEED Gold rating.","Portfolio":"RESIDENCE HALL","National_Historic_District":"College Hill Historic District (National)","City_of_Providence_Historic_Dis":null,"Municipal_Zone":"One Family District - Within I-Zone","Grid_Coord":"DJ23","Gross_area__Property_":30082.24395898611,"Floors_Assignable_area":3852.8867,"Net_area":25144.4775648125,"Accessibility_Code":"3","Building_Occupancy":71,"Building_Type":"BUILDING","Building_Usage":"RES HALL","Tax_Status":"Property Exempt from Tax","Legal_Use":"Dormitory","Current_Use":"Dormitory","Cost_Rec":"Y","Year_of_Construction":1919,"Date_of_last_major_construction":null,"Date_acquired":"11/24/1914","Date_relinquished":null,"Means_of_Acquisition":null,"GPS_Coordinates__Lat__Long_":"41.830181,-71.402729","Building_System":null,"CHP_Loop":null,"Electricity_Source":"Brown","Utility_Feeder_Number":"1126","Primary_Feeder":"CHP-1","Secondary_Feeder":"CHP-1","LEED_Level":"Gold","LEED_Status":"Achieved","LEED_Link":"https://www.brown.edu/facilities/building_brown/projects/mma/","ObjectID_1":73,"Shape__Area":6420.7795028686523,"Shape__Length":407.7521604398006,"lat":41.83019886014916,"lon":-71.40275361359879,"NAV_Number":0.97,"NAV_Desc":"Capital Upkeep","Accessibility_Level":"A wheelchair or person with mobility challenges can enter the facility, access the primary function within that facility and access the restroom facility..","Maintained_By":"MAINTAINED BY BROWN"}},{"type":"Feature","id":10,"geometry":{"type":"Polygon","coordinates":[[[-71.402146737261,41.8304183775171],[-71.4021354637688,41.8303273832702],[-71.4021611111212,41.8303256062408],[-71.4021258639157,41.830039390896],[-71.4022921452178,41.830027954996],[-71.4023025753845,41.8301194986222],[-71.4022915135333,41.8301203742467],[-71.4023011833304,41.8301981825551],[-71.4023071801711,41.8301977203795],[-71.4023119341662,41.8302364002796],[-71.4023058301439,41.8302368884742],[-71.4023153397932,41.8303147470626],[-71.4023263377966,41.8303139236013],[-71.4023351473479,41.8304041378421],[-71.402146737261,41.8304183775171]]]},"properties":{"OBJECTID":10,"Building":100179,"Property_Type":"Building","Property_Code":"100179","Chart_String":";,LOC100179,,,","Property_Name":"Miller Hall","Property_Abbr":"MILLER","Address_Line_1":"118 Cushing St","Address_Line_2":null,"City_and_State":"Providence, RI","External_Floorplan_Link":"https://drive.google.com/drive/folders/1NthGdffeZi6usiTua0dIM5wCST2euNxF","ZIP_code":"02912","Property_Status":"Active","Ownership_Status":"Owned","Occupancy_Status":"Brown Occupied","Official_Name":null,"Aliases":"DISPNAME: Miller Hall; LEGACY: Mr. & Mrs. Horace G. Miller","Long_Description":"Built in 1910, Miller Hall is a Colonial style brick building with white limestone trim. Named after Mr. And Mrs. Horace G. Miller, the hall was originally built as a women's residence hall. In 2013, Metcalf, Miller and Andrews Halls were renovated.  Upgrades included both interior and exterior finishes and conversion of singles to doubles to create a second area on campus devoted to First Year housing.  The project was designed to be LEED Gold rating.","Portfolio":"RESIDENCE HALL","National_Historic_District":"College Hill Historic District (National)","City_of_Providence_Historic_Dis":null,"Municipal_Zone":"One Family District - Within I-Zone","Grid_Coord":"DH23","Gross_area__Property_":29594.413239631944,"Floors_Assignable_area":2088.1687,"Net_area":24364.707727284724,"Accessibility_Code":"3","Building_Occupancy":70,"Building_Type":"BUILDING","Building_Usage":"RES HALL","Tax_Status":"Property Exempt from Tax","Legal_Use":"Dormitory","Current_Use":"Dormitory","Cost_Rec":"Y","Year_of_Construction":1910,"Date_of_last_major_construction":null,"Date_acquired":"08/18/1906","Date_relinquished":null,"Means_of_Acquisition":null,"GPS_Coordinates__Lat__Long_":"41.830217,-71.402209","Building_System":null,"CHP_Loop":null,"Electricity_Source":"Brown","Utility_Feeder_Number":"1126","Primary_Feeder":"CHP-1","Secondary_Feeder":"CHP-1","LEED_Level":"Gold","LEED_Status":"Achieved","LEED_Link":"https://www.brown.edu/facilities/building_brown/projects/mma/","ObjectID_1":162,"Shape__Area":6271.4965209960938,"Shape__Length":389.09947634235641,"lat":41.83022728709831,"lon":-71.402226300893261,"NAV_Number":0.97,"NAV_Desc":"Capital Upkeep","Accessibility_Level":"A wheelchair or person with mobility challenges can enter the facility, access the primary function within that facility and access the restroom facility..","Maintained_By":"MAINTAINED BY BROWN"}},{"type":"Feature","id":11,"geometry":{"type":"Polygon","coordinates":[[[-71.4017912691176,41.8300417865297],[-71.4017965139438,41.8300836153569],[-71.4018633455061,41.8300787530205],[-71.4019077334887,41.8304208053612],[-71.4017384081568,41.8304328467289],[-71.4016940801032,41.8300907619627],[-71.4017130011234,41.8300893898312],[-71.4017074742039,41.8300478605717],[-71.4017912691176,41.8300417865297]]]},"properties":{"OBJECTID":11,"Building":100119,"Property_Type":"Building","Property_Code":"100119","Chart_String":";,LOC100119,,,","Property_Name":"Champlin: Pembroke Quad","Property_Abbr":"CHAMPLIN","Address_Line_1":"208 Meeting St","Address_Line_2":null,"City_and_State":"Providence, RI","External_Floorplan_Link":"https://drive.google.com/drive/folders/1fJmv2KLE4RhGnV87aIzecVL5_dQONXQl","ZIP_code":"02912","Property_Status":"Active","Ownership_Status":"Owned","Occupancy_Status":"Brown Occupied","Official_Name":null,"Aliases":"ALTADDRS: 200 Meeting St; DISPNAME: Champlin Hall; LEGACY: George B. Champlin","Long_Description":"Built in 1960 and renovated in 2001, Morriss and Champlin Halls were the first two buildings (Emery and Woolley Halls coming later) in a residence and dining quadrangle built for Pembroke College.  Champlin Hall is named for George B. Champlin, a Providence jewelry manufacturer","Portfolio":"RESIDENCE HALL","National_Historic_District":"College Hill Historic District (National)","City_of_Providence_Historic_Dis":null,"Municipal_Zone":"One Family District - Within I-Zone","Grid_Coord":"DE24","Gross_area__Property_":30213.244022118055,"Floors_Assignable_area":0,"Net_area":25607.621271180557,"Accessibility_Code":"4","Building_Occupancy":109,"Building_Type":"BUILDING","Building_Usage":"RES HALL","Tax_Status":"Property Exempt from Tax","Legal_Use":"Dormitory","Current_Use":"Dormitory","Cost_Rec":"Y","Year_of_Construction":1960,"Date_of_last_major_construction":null,"Date_acquired":null,"Date_relinquished":null,"Means_of_Acquisition":null,"GPS_Coordinates__Lat__Long_":"41.830241,-71.40178","Building_System":null,"CHP_Loop":null,"Electricity_Source":"Brown","Utility_Feeder_Number":"1152B/1153","Primary_Feeder":"JW1-4","Secondary_Feeder":"5K-2","LEED_Level":null,"LEED_Status":null,"LEED_Link":null,"ObjectID_1":106,"Shape__Area":6152.95671081543,"Shape__Length":373.7681652984773,"lat":41.830245024364842,"lon":-71.4017981214237,"NAV_Number":0.95,"NAV_Desc":"Capital Upkeep","Accessibility_Level":"The facility is mostly accessible to a wheelchair user or person with mobility challenges.","Maintained_By":"MAINTAINED BY BROWN"}},{"type":"Feature","id":12,"geometry":{"type":"Polygon","coordinates":[[[-71.4016576116904,41.829923550417],[-71.4016267298348,41.8296882167913],[-71.4017394673711,41.8296803695921],[-71.4017703207366,41.8299157085655],[-71.4019127202928,41.8299054367355],[-71.4019293300548,41.8300317792711],[-71.401472550751,41.8300648881967],[-71.40147200943,41.8300607092596],[-71.4014250438589,41.8300641991949],[-71.4014097409317,41.8299490156092],[-71.4014564254297,41.829945854963],[-71.4014554894505,41.8299384155599],[-71.4016576485726,41.8299238349557],[-71.4016576116904,41.829923550417]]]},"properties":{"OBJECTID":12,"Building":100097,"Property_Type":"Building","Property_Code":"100097","Chart_String":";,LOC100097,,,","Property_Name":"Morriss Hall: Pembroke Quad","Property_Abbr":"MORRISHALL","Address_Line_1":"206 Meeting St","Address_Line_2":null,"City_and_State":"Providence, RI","External_Floorplan_Link":"https://drive.google.com/drive/folders/1A3DQecjLuEtZh2ohKAsTlQnFAM67ltbH","ZIP_code":"02912","Property_Status":"Active","Ownership_Status":"Owned","Occupancy_Status":"Brown Occupied","Official_Name":null,"Aliases":"ALTADDRS: 200 Meeting St; DISPNAME: Morriss Hall; LEGACY: Dean Margaret Shove Morriss","Long_Description":"Built in 1960 and renovated in 2001, Morriss and Champlin Halls were the first two of four buildings in a residence and dining quadrangle built for Pembroke College.  Morriss Hall is named for Margaret S. Morriss, dean of the Women's College and Pembroke College from 1923 to 1950","Portfolio":"RESIDENCE HALL","National_Historic_District":"College Hill Historic District (National)","City_of_Providence_Historic_Dis":null,"Municipal_Zone":"One Family District - Within I-Zone","Grid_Coord":"DE25","Gross_area__Property_":34414.548860013892,"Floors_Assignable_area":625.5292,"Net_area":29941.965008840278,"Accessibility_Code":"4","Building_Occupancy":81,"Building_Type":"BUILDING","Building_Usage":"RES HALL","Tax_Status":"Property Exempt from Tax","Legal_Use":"Dormitory","Current_Use":"Dormitory","Cost_Rec":"Y","Year_of_Construction":1960,"Date_of_last_major_construction":null,"Date_acquired":"08/06/1953","Date_relinquished":null,"Means_of_Acquisition":null,"GPS_Coordinates__Lat__Long_":"41.829969,-71.401665","Building_System":null,"CHP_Loop":null,"Electricity_Source":"Brown","Utility_Feeder_Number":"1152B/1153","Primary_Feeder":"JW1-4","Secondary_Feeder":"5K-2","LEED_Level":null,"LEED_Status":null,"LEED_Link":null,"ObjectID_1":84,"Shape__Area":8992.9830093383789,"Shape__Length":541.04702351469621,"lat":41.829932155149621,"lon":-71.401679145820026,"NAV_Number":0.92,"NAV_Desc":"Capital Upkeep","Accessibility_Level":"The facility is mostly accessible to a wheelchair user or person with mobility challenges.","Maintained_By":"MAINTAINED BY BROWN"}},{"type":"Feature","id":13,"geometry":{"type":"Polygon","coordinates":[[[-71.4017385272564,41.8294591347936],[-71.4017669481217,41.8296784159516],[-71.4014739095272,41.8296992437174],[-71.4013071620032,41.8297113694935],[-71.4013066561639,41.8297076110441],[-71.4012533353745,41.829711520409],[-71.4012493250139,41.8296813141909],[-71.4013027445059,41.8296773941086],[-71.4012909623588,41.8295853369302],[-71.4016110052132,41.8295620883431],[-71.4015990765636,41.8294695214771],[-71.4017385272564,41.8294591347936]]]},"properties":{"OBJECTID":13,"Building":100126,"Property_Type":"Building","Property_Code":"100126","Chart_String":";,LOC100126,,,","Property_Name":"Woolley Hall: Pembroke Quad","Property_Abbr":"WOOLLEYHAL","Address_Line_1":"202 Meeting St","Address_Line_2":null,"City_and_State":"Providence, RI","External_Floorplan_Link":"https://drive.google.com/drive/folders/1jiwJE8D63-znnQK3BXXdHfoHLLuZnJ2C","ZIP_code":"02912","Property_Status":"Active","Ownership_Status":"Owned","Occupancy_Status":"Brown Occupied","Official_Name":null,"Aliases":"ALTADDRS: 200 Meeting St; DISPNAME: Woolley Hall; LEGACY: Mary Emma Woolley","Long_Description":"Woolley Hall is a five story brick building that was constructed in 1963.  Woolley was one of the last two buildings added to the quadrangle for Pembroke College. The facility serves as a student dormitory.","Portfolio":"RESIDENCE HALL","National_Historic_District":"College Hill Historic District (National)","City_of_Providence_Historic_Dis":null,"Municipal_Zone":"One Family District - Within I-Zone","Grid_Coord":"DE28","Gross_area__Property_":48227.048107298608,"Floors_Assignable_area":0,"Net_area":41666.870668930555,"Accessibility_Code":"4","Building_Occupancy":119,"Building_Type":"BUILDING","Building_Usage":"RES HALL","Tax_Status":"Property Exempt from Tax","Legal_Use":"Dormitory","Current_Use":"Dormitory","Cost_Rec":"Y","Year_of_Construction":1963,"Date_of_last_major_construction":null,"Date_acquired":"08/10/1939","Date_relinquished":null,"Means_of_Acquisition":null,"GPS_Coordinates__Lat__Long_":"41.829625,-71.401496","Building_System":null,"CHP_Loop":null,"Electricity_Source":"Brown","Utility_Feeder_Number":"1152B/1153","Primary_Feeder":"JW1-4","Secondary_Feeder":"5K-2","LEED_Level":null,"LEED_Status":null,"LEED_Link":null,"ObjectID_1":112,"Shape__Area":7271.8492660522461,"Shape__Length":441.25058813923931,"lat":41.829611534692567,"lon":-71.40154944674326,"NAV_Number":0.93,"NAV_Desc":"Capital Upkeep","Accessibility_Level":"The facility is mostly accessible to a wheelchair user or person with mobility challenges.","Maintained_By":"MAINTAINED BY BROWN"}},{"type":"Feature","id":14,"geometry":{"type":"Polygon","coordinates":[[[-71.4015799919327,41.8294709429685],[-71.4015634904629,41.8293443879831],[-71.4020233361013,41.8293108545452],[-71.4020398264649,41.8294373869476],[-71.4017385272564,41.8294591347936],[-71.4015799919327,41.8294709429685]]]},"properties":{"OBJECTID":14,"Building":100235,"Property_Type":"Building","Property_Code":"100235","Chart_String":";,LOC100235,,,","Property_Name":"Emery: Pembroke Quad","Property_Abbr":"EMERY","Address_Line_1":"200 Meeting St","Address_Line_2":null,"City_and_State":"Providence, RI","External_Floorplan_Link":"https://drive.google.com/drive/folders/1oHsXlefvRh3iwi29I0BKpKjSIeNQ8N5o","ZIP_code":"02912","Property_Status":"Active","Ownership_Status":"Owned","Occupancy_Status":"Brown Occupied","Official_Name":null,"Aliases":"DISPNAME: Emery Hall; LEGACY: Anne Crosby Emery Allison","Long_Description":"Built in 1963 and renovated in 2002, Emery and Woolley Halls are named after Anne Crosby Emery Allinson, second dean of Pembroke College, and Mary Emma Woolley, one of the first two women graduates in 1894. Together with Morriss-Champlin, Emery-Woolley completes the Pembroke Quadrangle.","Portfolio":"RESIDENCE HALL","National_Historic_District":"College Hill Historic District (National)","City_of_Providence_Historic_Dis":null,"Municipal_Zone":"One Family District - Within I-Zone","Grid_Coord":"DE30","Gross_area__Property_":34552.418099708331,"Floors_Assignable_area":0,"Net_area":29912.309690868056,"Accessibility_Code":"4","Building_Occupancy":106,"Building_Type":"BUILDING","Building_Usage":"RES HALL","Tax_Status":"Property Exempt from Tax","Legal_Use":"Dormitory","Current_Use":"Dormitory","Cost_Rec":"Y","Year_of_Construction":1963,"Date_of_last_major_construction":null,"Date_acquired":"08/27/1952","Date_relinquished":null,"Means_of_Acquisition":null,"GPS_Coordinates__Lat__Long_":"41.829379,-71.401788","Building_System":null,"CHP_Loop":null,"Electricity_Source":"Brown","Utility_Feeder_Number":"1152B/1153","Primary_Feeder":"JW2-4","Secondary_Feeder":"5K-2","LEED_Level":null,"LEED_Status":null,"LEED_Link":null,"ObjectID_1":217,"Shape__Area":5828.5936965942383,"Shape__Length":344.50417185002232,"lat":41.829390832594221,"lon":-71.401801668760442,"NAV_Number":0.9,"NAV_Desc":"Capital Upkeep","Accessibility_Level":"The facility is mostly accessible to a wheelchair user or person with mobility challenges.","Maintained_By":"MAINTAINED BY BROWN"}},{"type":"Feature","id":15,"geometry":{"type":"Polygon","coordinates":[[[-71.4013071620032,41.8297113694935],[-71.4014739095272,41.8296992437174],[-71.4015047145475,41.8299348654261],[-71.4014554894505,41.8299384155599],[-71.4014564254297,41.829945854963],[-71.4013389888137,41.8299538049884],[-71.4013071620032,41.8297113694935]]]},"properties":{"OBJECTID":15,"Building":100012,"Property_Type":"Building","Property_Code":"100012","Chart_String":";,LOC100012,,,","Property_Name":"Verney-Woolley Hall: Pembroke Quad","Property_Abbr":"VERN-WOOL","Address_Line_1":"204 Meeting St","Address_Line_2":null,"City_and_State":"Providence, RI","External_Floorplan_Link":"https://drive.google.com/drive/folders/1mBziu4kKVGxWl4T-Ha58BM2Mxlp0pNsT","ZIP_code":"02912","Property_Status":"Active","Ownership_Status":"Owned","Occupancy_Status":"Brown Occupied","Official_Name":null,"Aliases":"DISPNAME: Verney-Woolley Hall; LEGACY: Virginia Piggott Verney '28 & Mary Emma Woolley '94; NICKNAME: Vdub","Long_Description":"Verney-Woolley was constructed in 1963 as the first and partial basement floors of Woolley Hall on the Pembroke campus. The facility's construction is of structural concrete with a brick exterior. The facility serves as a dining commons.","Portfolio":"STUDENT LIFE","National_Historic_District":"College Hill Historic District (National)","City_of_Providence_Historic_Dis":null,"Municipal_Zone":"One Family District - Within I-Zone","Grid_Coord":"DC27","Gross_area__Property_":5848.9409452569444,"Floors_Assignable_area":0,"Net_area":5479.4261905277781,"Accessibility_Code":"4","Building_Occupancy":19,"Building_Type":"BUILDING","Building_Usage":"DINING","Tax_Status":"Property Exempt from Tax","Legal_Use":"Dining Room","Current_Use":"Dining Room","Cost_Rec":"Y","Year_of_Construction":1960,"Date_of_last_major_construction":null,"Date_acquired":null,"Date_relinquished":null,"Means_of_Acquisition":null,"GPS_Coordinates__Lat__Long_":"41.829797,-71.401402","Building_System":null,"CHP_Loop":null,"Electricity_Source":"Brown","Utility_Feeder_Number":"1152B/1153","Primary_Feeder":"JW1-4","Secondary_Feeder":"5K-2","LEED_Level":null,"LEED_Status":null,"LEED_Link":null,"ObjectID_1":9,"Shape__Area":4021.2522354125977,"Shape__Length":269.03634553871871,"lat":41.829825661953045,"lon":-71.401405801868577,"NAV_Number":0.9,"NAV_Desc":"Capital Upkeep","Accessibility_Level":"The facility is mostly accessible to a wheelchair user or person with mobility challenges.","Maintained_By":"MAINTAINED BY BROWN"}},{"type":"Feature","id":16,"geometry":{"type":"Polygon","coordinates":[[[-71.402836418425,41.8297033943066],[-71.4028254852035,41.829696478558],[-71.4028191766395,41.829696935095],[-71.4028195335979,41.8296996985372],[-71.4028161842805,41.8296999405959],[-71.4028193326546,41.8297243136343],[-71.4028228469104,41.8297240600107],[-71.4028239974985,41.8297329734394],[-71.4028203700735,41.8297332350703],[-71.40282350417,41.8297574991555],[-71.4028270027783,41.8297572455185],[-71.4028280724668,41.8297655259404],[-71.4028243812309,41.8297657929195],[-71.4028290599604,41.8298018905654],[-71.4026651682534,41.8298137344206],[-71.4026605231085,41.8297777772494],[-71.4026570257036,41.829778029982],[-71.4026558715579,41.8297690958409],[-71.4026593689623,41.8297688431084],[-71.4026562444389,41.8297446573564],[-71.4026527470358,41.8297449100888],[-71.4026515928913,41.8297359759477],[-71.4026550902939,41.8297357232153],[-71.4026519717927,41.8297115374682],[-71.4026484683724,41.8297117901954],[-71.402647314229,41.8297028560541],[-71.4026508116299,41.8297026033219],[-71.4026476883153,41.8296784184708],[-71.402644189712,41.8296786712019],[-71.4026430355698,41.8296697370606],[-71.4026465389892,41.8296694834332],[-71.4026434096589,41.8296452985768],[-71.4026399110573,41.8296455513078],[-71.4026387604895,41.8296366423789],[-71.4026422578868,41.8296363896468],[-71.4026391321983,41.8296121867865],[-71.4026356335985,41.8296124395174],[-71.4026344782781,41.8296034900691],[-71.4026379756737,41.8296032373371],[-71.4026333781512,41.8295676493429],[-71.4027859354789,41.8295566503625],[-71.4027858176809,41.8295557400201],[-71.402884044432,41.8295486420031],[-71.4028846596059,41.829553396313],[-71.4029647781642,41.8295476064145],[-71.4029686048248,41.8295772262977],[-71.4029722575226,41.8295769628828],[-71.4029769254305,41.829613098329],[-71.4029736567803,41.8296133350583],[-71.4029789577195,41.8296543643811],[-71.4028533427607,41.829663441674],[-71.4028543659987,41.8296713943331],[-71.4028649985586,41.8296781198531],[-71.4028683061863,41.8296751947478],[-71.4028739092976,41.8296787387179],[-71.4028387139064,41.8297098633829],[-71.4028331107944,41.829706319411],[-71.402836418425,41.8297033943066]]]},"properties":{"OBJECTID":16,"Building":100170,"Property_Type":"Building","Property_Code":"100170","Chart_String":";,LOC100170,,,","Property_Name":"Smith-Buonanno Hall","Property_Abbr":"SMITH-BUON","Address_Line_1":"95 Cushing St","Address_Line_2":null,"City_and_State":"Providence, RI","External_Floorplan_Link":"https://drive.google.com/drive/folders/1X0aAUcZgV6BjI_honweNS56u4HdCYq1z","ZIP_code":"02912","Property_Status":"Active","Ownership_Status":"Owned","Occupancy_Status":"Brown Occupied","Official_Name":null,"Aliases":"DISPNAME: Smith-Buonanno Hall; FORMER: Sayles Gym; LEGACY: Vincent Buonanno And Linda Smith Buonanno; NICKNAME: Smithy B; NICKNAME: Smitty B","Long_Description":"Smith-Buonanno Hall was originally built as a gymnasium facility for the Pembroke College.  The funds for the construction of the building were a gift from Frank A. Sayles (whom the building was originally named after). Until 1990, Sayles Gym was used for recreational sports and offices by the Physical Education Department.  In 2001, Sayles Hall was completely renovated and converted into classroom space.  The building was renamed Smith-Buonanno Hall.  The Smith-Buonanno Hall renovation project won six design awards.","Portfolio":"ACADEMIC","National_Historic_District":"College Hill Historic District (National)","City_of_Providence_Historic_Dis":null,"Municipal_Zone":"One Family District - Within I-Zone","Grid_Coord":"DK27","Gross_area__Property_":17190.420609215278,"Floors_Assignable_area":0,"Net_area":14020.143023041666,"Accessibility_Code":"4","Building_Occupancy":null,"Building_Type":"BUILDING","Building_Usage":"ACAD","Tax_Status":"Property Exempt from Tax","Legal_Use":"Classroom","Current_Use":"Classroom","Cost_Rec":"Y","Year_of_Construction":1907,"Date_of_last_major_construction":null,"Date_acquired":"-1651","Date_relinquished":null,"Means_of_Acquisition":null,"GPS_Coordinates__Lat__Long_":"41.829585,-71.402764","Building_System":null,"CHP_Loop":null,"Electricity_Source":"Brown","Utility_Feeder_Number":"1152B/1153","Primary_Feeder":"JW1-4","Secondary_Feeder":"5K-2","LEED_Level":null,"LEED_Status":null,"LEED_Link":null,"ObjectID_1":153,"Shape__Area":6083.4677276611328,"Shape__Length":391.67446914769084,"lat":41.829660850435737,"lon":-71.402781524360634,"NAV_Number":0.95,"NAV_Desc":"Capital Upkeep","Accessibility_Level":"The facility is mostly accessible to a wheelchair user or person with mobility challenges.","Maintained_By":"MAINTAINED BY BROWN"}},{"type":"Feature","id":17,"geometry":{"type":"Polygon","coordinates":[[[-71.4012456500268,41.830607008861],[-71.40126382895,41.8305919987337],[-71.4012929066044,41.8305898836183],[-71.4012881333008,41.8305531844073],[-71.4013790021106,41.8305465747413],[-71.4013838801612,41.8305840816424],[-71.4016273942825,41.8305673352609],[-71.401639323566,41.830664364186],[-71.4015713624915,41.830669038153],[-71.401556502069,41.8306812034013],[-71.4015408891834,41.8306706353482],[-71.4014037718553,41.8306806096359],[-71.4014065999444,41.830702357046],[-71.4012975573495,41.8307102890226],[-71.4012947256855,41.8306885416068],[-71.4012511115432,41.83069171473],[-71.4012401527664,41.8306074416995],[-71.4012456500268,41.830607008861]]]},"properties":{"OBJECTID":17,"Building":100194,"Property_Type":"Building","Property_Code":"100194","Chart_String":";,LOC100194,,,","Property_Name":"New Pembroke No. 3","Property_Abbr":"NEWPEM3","Address_Line_1":"308 Thayer St","Address_Line_2":null,"City_and_State":"Providence, RI","External_Floorplan_Link":"https://drive.google.com/drive/folders/1KgJfzz4Tk-QnySfB4Ekk8pEK4ZkvsCTO","ZIP_code":"02912","Property_Status":"Active","Ownership_Status":"Owned","Occupancy_Status":"Brown / Non-Brown Occupied","Official_Name":null,"Aliases":"ALTADDRS: 302 Thayer St; DISPNAME: 3 New Pembroke","Long_Description":"New Pembroke is a four-building residential complex on the corner of Bowen and Thayer Streets designed by Donlyn Lyndon, Professor and Chairman of the architecture department at M.I.T.  The buildings were designed to blend well into an area occupied by small stores and large 19th century homes. The architects were so successful in achieving this objective that the design was awarded first place from among 670 entries in an annual nationwide competition sponsored by the magazine Progressive Architecture.","Portfolio":"RESIDENCE HALL","National_Historic_District":"College Hill Historic District (National)","City_of_Providence_Historic_Dis":null,"Municipal_Zone":"One Family District - Within I-Zone","Grid_Coord":"DB21","Gross_area__Property_":19727.570197715278,"Floors_Assignable_area":0,"Net_area":16728.348018111112,"Accessibility_Code":"0","Building_Occupancy":60,"Building_Type":"BUILDING","Building_Usage":"RES HALL","Tax_Status":"Property Exempt from Tax","Legal_Use":"Dormitory/Stores","Current_Use":"Dormitory","Cost_Rec":"Y","Year_of_Construction":1974,"Date_of_last_major_construction":null,"Date_acquired":"02/29/1968","Date_relinquished":null,"Means_of_Acquisition":null,"GPS_Coordinates__Lat__Long_":"41.830627,-71.401426","Building_System":"SIEMENS","CHP_Loop":null,"Electricity_Source":"Brown","Utility_Feeder_Number":"1126","Primary_Feeder":"CHP-1","Secondary_Feeder":"CHP-1","LEED_Level":null,"LEED_Status":null,"LEED_Link":null,"ObjectID_1":177,"Shape__Area":4353.98860168457,"Shape__Length":327.52123948080276,"lat":41.830628419064858,"lon":-71.401427259798524,"NAV_Number":0.78,"NAV_Desc":"Repair and Maintain","Accessibility_Level":"A physical barrier exists that would prevent a wheelchair user from entering the facility.","Maintained_By":"MAINTAINED BY BROWN"}},{"type":"Feature","id":18,"geometry":{"type":"Polygon","coordinates":[[[-71.4015678210722,41.8303828732269],[-71.4015856857649,41.8305304918832],[-71.401473830735,41.8305380641833],[-71.4014528346922,41.8305210702842],[-71.4014503723932,41.8305002118228],[-71.4014329045181,41.8305014041898],[-71.4014243529806,41.8304313639954],[-71.401460357722,41.8304289468659],[-71.4014555734138,41.8303907341818],[-71.4015678210722,41.8303828732269]]]},"properties":{"OBJECTID":18,"Building":100166,"Property_Type":"Building","Property_Code":"100166","Chart_String":";,LOC100166,,,","Property_Name":"New Pembroke No. 2","Property_Abbr":"NEWPEM2","Address_Line_1":"306 Thayer St","Address_Line_2":null,"City_and_State":"Providence, RI","External_Floorplan_Link":"https://drive.google.com/drive/folders/1cIIMBUWZPxreDVkBoMbRJxNsxRKTCHLz","ZIP_code":"02912","Property_Status":"Active","Ownership_Status":"Owned","Occupancy_Status":"Brown Occupied","Official_Name":null,"Aliases":"ALTADDRS: 302 Thayer St; DISPNAME: 2 New Pembroke","Long_Description":"New Pembroke is a four-building residential complex on the corner of Bowen and Thayer Streets designed by Donlyn Lyndon, Professor and Chairman of the architecture department at M.I.T.  The buildings were designed to blend well into an area occupied by small stores and large 19th century homes. The architects were so successful in achieving this objective that the design was awarded first place from among 670 entries in an annual nationwide competition sponsored by the magazine Progressive Architecture.","Portfolio":"RESIDENCE HALL","National_Historic_District":"College Hill Historic District (National)","City_of_Providence_Historic_Dis":null,"Municipal_Zone":"One Family District - Within I-Zone","Grid_Coord":"DC22","Gross_area__Property_":7605.1476924791668,"Floors_Assignable_area":1090.1972,"Net_area":6102.4405551388891,"Accessibility_Code":"0","Building_Occupancy":26,"Building_Type":"BUILDING","Building_Usage":"RES HALL","Tax_Status":"Property Exempt from Tax","Legal_Use":"Dormitory/Stores","Current_Use":"Dormitory","Cost_Rec":"Y","Year_of_Construction":1974,"Date_of_last_major_construction":null,"Date_acquired":"12/31/1970","Date_relinquished":null,"Means_of_Acquisition":null,"GPS_Coordinates__Lat__Long_":"41.830455,-71.401506","Building_System":"SIEMENS","CHP_Loop":null,"Electricity_Source":"Brown","Utility_Feeder_Number":"1126","Primary_Feeder":"CHP-1","Secondary_Feeder":"CHP-1","LEED_Level":null,"LEED_Status":null,"LEED_Link":null,"ObjectID_1":149,"Shape__Area":1963.5240249633789,"Shape__Length":185.65619755151559,"lat":41.83046265663048,"lon":-71.401509546787182,"NAV_Number":0.67,"NAV_Desc":"Systemic Renovation","Accessibility_Level":"A physical barrier exists that would prevent a wheelchair user from entering the facility.","Maintained_By":"MAINTAINED BY BROWN"}},{"type":"Feature","id":19,"geometry":{"type":"Polygon","coordinates":[[[-71.4011979302985,41.8302293396064],[-71.4011998996924,41.8302450152997],[-71.4012058760156,41.8302445954799],[-71.4012113763113,41.8302883647821],[-71.4012393920915,41.8303050361379],[-71.4012712349446,41.8303027973577],[-71.4012767281499,41.83034651263],[-71.4012502427866,41.8303483742738],[-71.401259197924,41.8304196392899],[-71.4012535333894,41.8304161303018],[-71.4012385203491,41.8304296882024],[-71.4012433511307,41.8304681278206],[-71.4012499598567,41.8305207222931],[-71.401226823776,41.8305223491212],[-71.4012109943961,41.8305234618328],[-71.4012137403854,41.8305453190189],[-71.4011926827703,41.8305605805579],[-71.4011978334475,41.8306015639094],[-71.4010876308113,41.8306093101196],[-71.4010780169908,41.8305328081547],[-71.4010479558466,41.8305349214682],[-71.4010375560104,41.830452158766],[-71.4010676496218,41.8304500436824],[-71.4010665016169,41.8304411662531],[-71.4010599858076,41.8303893110275],[-71.4010299235261,41.8303914243354],[-71.4010195463322,41.8303088408164],[-71.4010496844233,41.8303067221745],[-71.401042044809,41.8302459310157],[-71.401120671422,41.8302403094824],[-71.4011199815621,41.8302348861476],[-71.4011979302985,41.8302293396064]]]},"properties":{"OBJECTID":19,"Building":100221,"Property_Type":"Building","Property_Code":"100221","Chart_String":";,LOC100221,,,","Property_Name":"New Pembroke No. 4","Property_Abbr":"NEWPEM4","Address_Line_1":"300 Thayer St","Address_Line_2":null,"City_and_State":"Providence, RI","External_Floorplan_Link":"https://drive.google.com/drive/folders/18vDM2twcs292vF1PrJxbOWtuhLkhbC3D","ZIP_code":"02912","Property_Status":"Active","Ownership_Status":"Owned","Occupancy_Status":"Brown Occupied","Official_Name":null,"Aliases":"ALTADDRS: 302 Thayer St; DISPNAME: 4 New Pembroke","Long_Description":"New Pembroke is a four-building residential complex on the corner of Bowen and Thayer Streets designed by Donlyn Lyndon, Professor and Chairman of the architecture department at M.I.T.  The buildings were designed to blend well into an area occupied by small stores and large 19th century homes. The architects were so successful in achieving this objective that the design was awarded first place from among 670 entries in an annual nationwide competition sponsored by the magazine Progressive Architecture.","Portfolio":"RESIDENCE HALL","National_Historic_District":"College Hill Historic District (National)","City_of_Providence_Historic_Dis":null,"Municipal_Zone":"One Family District - Within I-Zone","Grid_Coord":"DB22","Gross_area__Property_":33193.98210176389,"Floors_Assignable_area":3436.2183,"Net_area":28052.501395979165,"Accessibility_Code":"0","Building_Occupancy":83,"Building_Type":"BUILDING","Building_Usage":"RES HALL","Tax_Status":"Taxable Property","Legal_Use":"Dormitory/Stores","Current_Use":"Dormitory","Cost_Rec":"Y","Year_of_Construction":1974,"Date_of_last_major_construction":null,"Date_acquired":null,"Date_relinquished":null,"Means_of_Acquisition":null,"GPS_Coordinates__Lat__Long_":"41.830339,-71.401088","Building_System":"SIEMENS","CHP_Loop":null,"Electricity_Source":"Brown","Utility_Feeder_Number":"1126","Primary_Feeder":"CHP-1","Secondary_Feeder":"CHP-1","LEED_Level":null,"LEED_Status":null,"LEED_Link":null,"ObjectID_1":204,"Shape__Area":6713.0235824584961,"Shape__Length":415.5586271793162,"lat":41.830409033477565,"lon":-71.401143473167693,"NAV_Number":0.82,"NAV_Desc":"Repair and Maintain","Accessibility_Level":"A physical barrier exists that would prevent a wheelchair user from entering the facility.","Maintained_By":"MAINTAINED BY BROWN"}},{"type":"Feature","id":20,"geometry":{"type":"Polygon","coordinates":[[[-71.4012820969473,41.8301867800229],[-71.4012371326819,41.8301898214317],[-71.4012350844123,41.8301737666284],[-71.4011912516081,41.8301768855209],[-71.4011979158515,41.8302293404943],[-71.4011199815621,41.8302348861476],[-71.401120671422,41.8302403094824],[-71.401042044809,41.8302459310157],[-71.4010119067463,41.8302480496557],[-71.4010015589926,41.8301667023237],[-71.400992418497,41.8300948465023],[-71.4010286725032,41.8300922667614],[-71.4010333302029,41.8301288731516],[-71.4011330302672,41.8301217779021],[-71.4011384684299,41.8301213909351],[-71.4011405380124,41.8301376600393],[-71.4011604787494,41.8301362411584],[-71.4011804182817,41.830134822273],[-71.4011716221693,41.8300659072686],[-71.4013280408701,41.8300553277037],[-71.4013309849663,41.8300791045815],[-71.4013675169515,41.8300765744911],[-71.4013777214558,41.8301589966731],[-71.4013332671747,41.8301623320679],[-71.4013357836575,41.830183149164],[-71.4012820969473,41.8301867800229]]]},"properties":{"OBJECTID":20,"Building":100150,"Property_Type":"Building","Property_Code":"100150","Chart_String":";,LOC100150,,,","Property_Name":"New Pembroke No. 1","Property_Abbr":"NEWPEM1","Address_Line_1":"302 Thayer St","Address_Line_2":null,"City_and_State":"Providence, RI","External_Floorplan_Link":"https://drive.google.com/drive/folders/1CZkEnB0buUhAXuIzfC1O2z0L1yqgA5tq","ZIP_code":"02912","Property_Status":"Active","Ownership_Status":"Owned","Occupancy_Status":"Brown / Non-Brown Occupied","Official_Name":null,"Aliases":"DISPNAME: 1 New Pembroke","Long_Description":"New Pembroke is a four-building residential complex on the corner of Bowen and Thayer Streets designed by Donlyn Lyndon, Professor and Chairman of the architecture department at M.I.T.  The buildings were designed to blend well into an area occupied by small stores and large 19th century homes. The architects were so successful in achieving this objective that the design was awarded first place from among 670 entries in an annual nationwide competition sponsored by the magazine Progressive Architecture.","Portfolio":"RESIDENCE HALL","National_Historic_District":"College Hill Historic District (National)","City_of_Providence_Historic_Dis":null,"Municipal_Zone":"One Family District - Within I-Zone","Grid_Coord":"DB23","Gross_area__Property_":9717.061982875,"Floors_Assignable_area":0,"Net_area":7689.2815536388889,"Accessibility_Code":"0","Building_Occupancy":24,"Building_Type":"BUILDING","Building_Usage":"RES HALL","Tax_Status":"Property Exempt from Tax","Legal_Use":"Dormitory/Stores","Current_Use":"Dormitory","Cost_Rec":"Y","Year_of_Construction":1974,"Date_of_last_major_construction":null,"Date_acquired":null,"Date_relinquished":null,"Means_of_Acquisition":null,"GPS_Coordinates__Lat__Long_":"41.830115,-71.401252","Building_System":"SIEMENS","CHP_Loop":null,"Electricity_Source":"Brown","Utility_Feeder_Number":"1126","Primary_Feeder":"CHP-1","Secondary_Feeder":"CHP-1","LEED_Level":null,"LEED_Status":null,"LEED_Link":null,"ObjectID_1":134,"Shape__Area":4372.5709381103516,"Shape__Length":378.92054103418957,"lat":41.830150319632715,"lon":-71.401180696049892,"NAV_Number":0.52,"NAV_Desc":"Systemic Renovation","Accessibility_Level":"A physical barrier exists that would prevent a wheelchair user from entering the facility.","Maintained_By":"MAINTAINED BY BROWN"}},{"type":"Feature","id":21,"geometry":{"type":"Polygon","coordinates":[[[-71.4008581179635,41.8305113300636],[-71.4008668600163,41.8305815541325],[-71.4008214316501,41.8305848146605],[-71.4008237080476,41.8306027567771],[-71.4007862775219,41.8306054020619],[-71.4007840162964,41.8305877759766],[-71.400750373569,41.8305900283722],[-71.4007561958927,41.8306386760075],[-71.4007363947775,41.8306400013035],[-71.4007409834615,41.8306783416948],[-71.4007612014413,41.83067757947],[-71.4007758122466,41.8306650089566],[-71.4007974634942,41.8306637689831],[-71.4008144089007,41.8306750999744],[-71.4008173140074,41.8306998545971],[-71.4008490269487,41.8306984675425],[-71.4008541418382,41.8307422248213],[-71.4008226260502,41.8307437741085],[-71.4008251219217,41.8307630336097],[-71.4007516424321,41.8307661321363],[-71.4007517215619,41.8307671198763],[-71.400647384963,41.830771625911],[-71.4006152705695,41.8305032971664],[-71.400690394648,41.8304983292446],[-71.4006920534913,41.8305123516553],[-71.400744552102,41.8305088803061],[-71.4007428801835,41.8304947426416],[-71.4008535602818,41.8304871871455],[-71.4008568513425,41.8305114694232],[-71.4008581179635,41.8305113300636]]]},"properties":{"OBJECTID":21,"Building":100051,"Property_Type":"Building","Property_Code":"100051","Chart_String":";,LOC100051,,,","Property_Name":"Thayer St 315","Property_Abbr":"THAYER315","Address_Line_1":"315 Thayer St","Address_Line_2":null,"City_and_State":"Providence, RI","External_Floorplan_Link":"https://drive.google.com/drive/folders/1I4gWGtAy5Eym9oqyRFwDMl36xsk8Fb8S","ZIP_code":"02912","Property_Status":"Active","Ownership_Status":"Owned","Occupancy_Status":"Brown Occupied","Official_Name":null,"Aliases":"DISPNAME: 315 Thayer","Long_Description":"315 Thayer Street, is a four-story wood frame and masonry historical building originally designed by Frederick Ellis Jackson.  Completely reconfigured and renovated as a Residence Hall in the summer of 2012, this building now includes amenities such as common areas, laundry facilities, bike storage and an elevator.  The 2011 renovation project achieved a LEED Gold rating from the USGBC.","Portfolio":"RESIDENCE HALL","National_Historic_District":"College Hill Historic District (National)","City_of_Providence_Historic_Dis":null,"Municipal_Zone":"Three Family District - Within I-Zone","Grid_Coord":"AY20","Gross_area__Property_":24612.932883631944,"Floors_Assignable_area":3220.5001,"Net_area":18759.286992013887,"Accessibility_Code":"4","Building_Occupancy":24,"Building_Type":"BUILDING","Building_Usage":"RES HALL","Tax_Status":"Property Exempt from Tax","Legal_Use":"Apartments (10)","Current_Use":"Apartments (10)","Cost_Rec":"Y","Year_of_Construction":1910,"Date_of_last_major_construction":null,"Date_acquired":"11/22/1963","Date_relinquished":null,"Means_of_Acquisition":null,"GPS_Coordinates__Lat__Long_":"41.830639,-71.400659","Building_System":null,"CHP_Loop":null,"Electricity_Source":null,"Utility_Feeder_Number":"2J1","Primary_Feeder":null,"Secondary_Feeder":null,"LEED_Level":"Gold","LEED_Status":"Achieved","LEED_Link":"https://www.brown.edu/facilities/building_brown/projects/thayer/","ObjectID_1":43,"Shape__Area":5009.1617660522461,"Shape__Length":412.75424861290696,"lat":41.830624883835213,"lon":-71.400731740490741,"NAV_Number":0.96,"NAV_Desc":"Capital Upkeep","Accessibility_Level":"The facility is mostly accessible to a wheelchair user or person with mobility challenges.","Maintained_By":"MAINTAINED BY BROWN"}},{"type":"Feature","id":22,"geometry":{"type":"Polygon","coordinates":[[[-71.4005165548307,41.8305405478665],[-71.4005193301774,41.8305751700983],[-71.4005612280479,41.8305732922551],[-71.4005676480279,41.8306533748464],[-71.4005936606001,41.8306521873048],[-71.400610260322,41.8306628382713],[-71.4006118493262,41.8306854246449],[-71.4005973040902,41.8306976071481],[-71.4005712412086,41.8306986208816],[-71.4005740184586,41.8307335924442],[-71.400411287032,41.8307406541866],[-71.4004106023085,41.830732728811],[-71.400398471746,41.8307333431285],[-71.4003818959554,41.8307227965916],[-71.400379976681,41.8307013128436],[-71.4003940780854,41.8306889157024],[-71.4004076040168,41.8306881981558],[-71.4004010255134,41.8306149868044],[-71.4004116222414,41.8306144746957],[-71.4004086079538,41.8305802673106],[-71.4004818148988,41.8305765772446],[-71.4004787634737,41.8305422302765],[-71.4005165548307,41.8305405478665]]]},"properties":{"OBJECTID":22,"Building":100038,"Property_Type":"Building","Property_Code":"100038","Chart_String":";,LOC100038,,,","Property_Name":"Bowen St 247","Property_Abbr":"BOWEN247","Address_Line_1":"247 Bowen St","Address_Line_2":null,"City_and_State":"Providence, RI","External_Floorplan_Link":"https://drive.google.com/drive/folders/1ohnEPWfMaiHv1F-lTseIQN9oKG7KefLx","ZIP_code":"02912","Property_Status":"Active","Ownership_Status":"Owned","Occupancy_Status":"Brown Occupied","Official_Name":null,"Aliases":"DISPNAME: 247 Bowen","Long_Description":"Sorry, no narrative available.","Portfolio":"AUXILIARY","National_Historic_District":"College Hill Historic District (National)","City_of_Providence_Historic_Dis":null,"Municipal_Zone":"Three Family District - Within I-Zone","Grid_Coord":"AW20","Gross_area__Property_":10586.76139325,"Floors_Assignable_area":0,"Net_area":9059.354052993056,"Accessibility_Code":"0","Building_Occupancy":8,"Building_Type":"HOUSE","Building_Usage":"AUXILIARY","Tax_Status":"Property Exempt from Tax","Legal_Use":"1 Family","Current_Use":"Apartments (09)","Cost_Rec":"Y","Year_of_Construction":1895,"Date_of_last_major_construction":null,"Date_acquired":"02/24/1968","Date_relinquished":null,"Means_of_Acquisition":null,"GPS_Coordinates__Lat__Long_":"41.830643,-71.400476","Building_System":"METASYS","CHP_Loop":null,"Electricity_Source":null,"Utility_Feeder_Number":"2J1","Primary_Feeder":null,"Secondary_Feeder":null,"LEED_Level":null,"LEED_Status":null,"LEED_Link":null,"ObjectID_1":32,"Shape__Area":2969.2522048950195,"Shape__Length":259.46790795107643,"lat":41.830656381080011,"lon":-71.40049048533308,"NAV_Number":0.41,"NAV_Desc":"Transitional/ Gut Renovation/ Replacement","Accessibility_Level":"A physical barrier exists that would prevent a wheelchair user from entering the facility.","Maintained_By":"MAINTAINED BY BROWN"}},{"type":"Feature","id":23,"geometry":{"type":"Polygon","coordinates":[[[-71.4003156041898,41.830608119651],[-71.4003193667183,41.8306891957242],[-71.4003304049724,41.8306888676753],[-71.4003304687504,41.8306904352205],[-71.4003428997566,41.8306901443924],[-71.4003563606492,41.8307003163931],[-71.4003578582006,41.8307329135577],[-71.4003200016356,41.8307338746874],[-71.4003206266186,41.8307469346439],[-71.4002066342109,41.8307499112267],[-71.4002033882092,41.8306812665773],[-71.4001961209462,41.8306757483893],[-71.4001954898093,41.8306627919656],[-71.4002028679818,41.8306573558278],[-71.4002006308028,41.8306111737063],[-71.4003156041898,41.830608119651]]]},"properties":{"OBJECTID":23,"Building":100246,"Property_Type":"Building","Property_Code":"100246","Chart_String":";,LOC100246,,,","Property_Name":"Bowen St 251","Property_Abbr":"BOWEN251","Address_Line_1":"251 Bowen St","Address_Line_2":null,"City_and_State":"Providence, RI","External_Floorplan_Link":"https://drive.google.com/drive/folders/1rj8q9dgiEBtq9lRn6JlWKb_DEfW2JS24","ZIP_code":"02912","Property_Status":"Active","Ownership_Status":"Owned","Occupancy_Status":"Brown Occupied","Official_Name":null,"Aliases":"DISPNAME: 251 Bowen","Long_Description":"251 Bowen Street is a three story building with a brick and clapboard exterior that was constructed in 1900.  The building is used as rental property.","Portfolio":"AUXILIARY","National_Historic_District":"College Hill Historic District (National)","City_of_Providence_Historic_Dis":null,"Municipal_Zone":"Three Family District - Within I-Zone","Grid_Coord":"AV20","Gross_area__Property_":6460.7286415,"Floors_Assignable_area":0,"Net_area":5535.745023055556,"Accessibility_Code":"0","Building_Occupancy":10,"Building_Type":"HOUSE","Building_Usage":"AUXILIARY","Tax_Status":"Property Exempt from Tax","Legal_Use":"2 Family","Current_Use":"Rooming House","Cost_Rec":"Y","Year_of_Construction":1900,"Date_of_last_major_construction":null,"Date_acquired":"12/06/1972","Date_relinquished":null,"Means_of_Acquisition":null,"GPS_Coordinates__Lat__Long_":"41.830673,-71.40023","Building_System":null,"CHP_Loop":null,"Electricity_Source":null,"Utility_Feeder_Number":"2J1","Primary_Feeder":null,"Secondary_Feeder":null,"LEED_Level":null,"LEED_Status":null,"LEED_Link":null,"ObjectID_1":228,"Shape__Area":1752.3203506469727,"Shape__Length":183.3992180377065,"lat":41.830681828183586,"lon":-71.400267298193342,"NAV_Number":0.96,"NAV_Desc":"Capital Upkeep","Accessibility_Level":"A physical barrier exists that would prevent a wheelchair user from entering the facility.","Maintained_By":"MAINTAINED BY BROWN"}},{"type":"Feature","id":24,"geometry":{"type":"Polygon","coordinates":[[[-71.4008303971577,41.8304174197018],[-71.4008378069835,41.8304787841903],[-71.4007154605892,41.8304872551367],[-71.4007078525631,41.8304256887932],[-71.4008303971577,41.8304174197018]]]},"properties":{"OBJECTID":24,"Building":100024,"Property_Type":"Building","Property_Code":"100024","Chart_String":";,LOC100024,,,","Property_Name":"Thayer St 307","Property_Abbr":"THAYER307","Address_Line_1":"307 Thayer St","Address_Line_2":null,"City_and_State":"Providence, RI","External_Floorplan_Link":"https://drive.google.com/drive/folders/1q6T4yxEctMCe8hM0SyFRIrkt5AU1vjs4","ZIP_code":"02912","Property_Status":"Active","Ownership_Status":"Owned","Occupancy_Status":"Non-Brown Occupied","Official_Name":null,"Aliases":"DISPNAME: 307 Thayer","Long_Description":"307 Thayer Street is a residence that was constructed in 1865 with a detached garage.  This facility is used as a rental unit.","Portfolio":"UNASSIGNED","National_Historic_District":"College Hill Historic District (National)","City_of_Providence_Historic_Dis":null,"Municipal_Zone":"Three Family District - Within I-Zone","Grid_Coord":"AY22","Gross_area__Property_":2227.4572986319445,"Floors_Assignable_area":600.4624,"Net_area":1386.8840821458334,"Accessibility_Code":"3","Building_Occupancy":2,"Building_Type":"HOUSE","Building_Usage":"COMMERCIAL","Tax_Status":"Taxable Property","Legal_Use":"1 Family","Current_Use":"Apartments (02)","Cost_Rec":"Y","Year_of_Construction":1865,"Date_of_last_major_construction":null,"Date_acquired":"01/01/1967","Date_relinquished":null,"Means_of_Acquisition":null,"GPS_Coordinates__Lat__Long_":"41.830437,-71.40075","Building_System":null,"CHP_Loop":null,"Electricity_Source":null,"Utility_Feeder_Number":"2J1","Primary_Feeder":null,"Secondary_Feeder":null,"LEED_Level":null,"LEED_Status":null,"LEED_Link":null,"ObjectID_1":19,"Shape__Area":753.68772125244141,"Shape__Length":112.00304927637144,"lat":41.83045228218019,"lon":-71.400772842981226,"NAV_Number":-0.22,"NAV_Desc":"Transitional/ Gut Renovation/ Replacement","Accessibility_Level":"A wheelchair or person with mobility challenges can enter the facility, access the primary function within that facility and access the restroom facility..","Maintained_By":"MAINTAINED BY C&W"}},{"type":"Feature","id":25,"geometry":{"type":"Polygon","coordinates":[[[-71.4005845003949,41.8301770633689],[-71.4005991191917,41.8302907861179],[-71.4005248747082,41.8302961553928],[-71.4005231784282,41.8302830143785],[-71.400476545158,41.8302863331492],[-71.4004739349471,41.8302655843793],[-71.4004423617269,41.8302678294745],[-71.4004367507692,41.8302235657534],[-71.4004658137363,41.8302215165592],[-71.4004611148899,41.8301852549408],[-71.4005047093893,41.8301821316189],[-71.4005031444636,41.8301696821781],[-71.4005491167616,41.8301663628242],[-71.4005508130439,41.8301795038384],[-71.4005845003949,41.8301770633689]]]},"properties":{"OBJECTID":25,"Building":100094,"Property_Type":"Building","Property_Code":"100094","Chart_String":";,LOC100094,,,","Property_Name":"Cushing St 154","Property_Abbr":"CUSH154","Address_Line_1":"154 Cushing St","Address_Line_2":null,"City_and_State":"Providence, RI","External_Floorplan_Link":"https://drive.google.com/drive/folders/1QqWt2k34Rc6c2fIx8mBMiZ460ZqqTpx8","ZIP_code":"02912","Property_Status":"Active","Ownership_Status":"Owned","Occupancy_Status":"Brown Occupied","Official_Name":null,"Aliases":"DISPNAME: 154 Cushing","Long_Description":"154 Cushing Street is a residence constructed in 1895 with detached garage.  This building serves as a residential rental space.","Portfolio":"AUXILIARY","National_Historic_District":"College Hill Historic District (National)","City_of_Providence_Historic_Dis":null,"Municipal_Zone":"Three Family District - Within I-Zone","Grid_Coord":"AX24","Gross_area__Property_":5372.975575965278,"Floors_Assignable_area":0,"Net_area":4866.2355098541666,"Accessibility_Code":"0","Building_Occupancy":2,"Building_Type":"HOUSE","Building_Usage":"AUXILIARY","Tax_Status":"Property Exempt from Tax","Legal_Use":"2 Family","Current_Use":"2 Family","Cost_Rec":"Y","Year_of_Construction":1895,"Date_of_last_major_construction":null,"Date_acquired":"09/15/1989","Date_relinquished":null,"Means_of_Acquisition":null,"GPS_Coordinates__Lat__Long_":"41.830231,-71.400503","Building_System":null,"CHP_Loop":null,"Electricity_Source":null,"Utility_Feeder_Number":"2J1","Primary_Feeder":null,"Secondary_Feeder":null,"LEED_Level":null,"LEED_Status":null,"LEED_Link":null,"ObjectID_1":81,"Shape__Area":1528.1034164428711,"Shape__Length":176.32446823822386,"lat":41.830233907444359,"lon":-71.400525013422268,"NAV_Number":0.11,"NAV_Desc":"Transitional/ Gut Renovation/ Replacement","Accessibility_Level":"A physical barrier exists that would prevent a wheelchair user from entering the facility.","Maintained_By":"MAINTAINED BY BROWN"}},{"type":"Feature","id":26,"geometry":{"type":"Polygon","coordinates":[[[-71.4002841546874,41.8301977530244],[-71.4002858771794,41.8302125876026],[-71.4003001244487,41.8302116384072],[-71.4003029918497,41.8302365019531],[-71.400289722204,41.8302373601628],[-71.4002912577596,41.8302485410034],[-71.4002687684542,41.830250000737],[-71.4002746480152,41.8302995208775],[-71.4002412630434,41.8303017679459],[-71.4002434452384,41.8303205716173],[-71.4001675966039,41.8303255647271],[-71.400151807436,41.8301923638758],[-71.4002298904458,41.8301871935495],[-71.4002314950475,41.8302011916113],[-71.4002841546874,41.8301977530244]]]},"properties":{"OBJECTID":26,"Building":100120,"Property_Type":"Building","Property_Code":"100120","Chart_String":";,LOC100120,,,","Property_Name":"Cushing St 166","Property_Abbr":"CUSH166","Address_Line_1":"166 Cushing St","Address_Line_2":null,"City_and_State":"Providence, RI","External_Floorplan_Link":"https://drive.google.com/drive/folders/13QnTJKWNy04gQxJ1aGScNzvORvX3waqU","ZIP_code":"02912","Property_Status":"Active","Ownership_Status":"Owned","Occupancy_Status":"Brown Occupied","Official_Name":null,"Aliases":"DISPNAME: 166 Cushing","Long_Description":"166 Cushing Street is a three story cedar shingled residence that was built in 1885.  The building is used as a rental unit.","Portfolio":"AUXILIARY","National_Historic_District":"College Hill Historic District (National)","City_of_Providence_Historic_Dis":null,"Municipal_Zone":"Three Family District - Within I-Zone","Grid_Coord":"AV24","Gross_area__Property_":5570.5560241875,"Floors_Assignable_area":1118.7951,"Net_area":4627.0880113958337,"Accessibility_Code":"0","Building_Occupancy":3,"Building_Type":"HOUSE","Building_Usage":"AUXILIARY","Tax_Status":"Property Exempt from Tax","Legal_Use":"1 Family","Current_Use":"1 Family","Cost_Rec":"Y","Year_of_Construction":1885,"Date_of_last_major_construction":null,"Date_acquired":"09/15/1989","Date_relinquished":null,"Means_of_Acquisition":null,"GPS_Coordinates__Lat__Long_":"41.830249,-71.400197","Building_System":null,"CHP_Loop":null,"Electricity_Source":null,"Utility_Feeder_Number":"2J1","Primary_Feeder":null,"Secondary_Feeder":null,"LEED_Level":null,"LEED_Status":null,"LEED_Link":null,"ObjectID_1":107,"Shape__Area":1495.6879959106445,"Shape__Length":176.79611820729917,"lat":41.830251846967435,"lon":-71.400217993809889,"NAV_Number":0.13,"NAV_Desc":"Transitional/ Gut Renovation/ Replacement","Accessibility_Level":"A physical barrier exists that would prevent a wheelchair user from entering the facility.","Maintained_By":"MAINTAINED BY BROWN"}},{"type":"Feature","id":27,"geometry":{"type":"Polygon","coordinates":[[[-71.4000136678781,41.8302532704873],[-71.4000211992087,41.8303180411177],[-71.3998942318091,41.8303263829208],[-71.39988959683,41.8302871907325],[-71.3998863678906,41.8302874076011],[-71.3998730262456,41.830278065761],[-71.399865350258,41.8302119777986],[-71.3999691262334,41.8302051527125],[-71.399975064055,41.8302557614291],[-71.4000136678781,41.8302532704873]]]},"properties":{"OBJECTID":27,"Building":100118,"Property_Type":"Building","Property_Code":"100118","Chart_String":";,LOC100118,,,","Property_Name":"Brook St 456","Property_Abbr":"BROOK456","Address_Line_1":"456 Brook St","Address_Line_2":null,"City_and_State":"Providence, RI","External_Floorplan_Link":"https://drive.google.com/drive/folders/1r0gy0vWcrjZtTPXwSqIW6DpTEk6ZCOCm","ZIP_code":"02912","Property_Status":"Active","Ownership_Status":"Owned","Occupancy_Status":"Brown Occupied","Official_Name":null,"Aliases":"DISPNAME: 456 Brook","Long_Description":"456 Brook Street is a three story shingle sided building that was constructed in 1885.The building is used as rental property.","Portfolio":"AUXILIARY","National_Historic_District":"College Hill Historic District (National)","City_of_Providence_Historic_Dis":null,"Municipal_Zone":"One Family District - Within I-Zone","Grid_Coord":"AU24","Gross_area__Property_":4768.9775931180557,"Floors_Assignable_area":442.1205,"Net_area":3755.7828300902779,"Accessibility_Code":"0","Building_Occupancy":5,"Building_Type":"HOUSE","Building_Usage":"AUXILIARY","Tax_Status":"Property Exempt from Tax","Legal_Use":"3 Family","Current_Use":"3 Family","Cost_Rec":"Y","Year_of_Construction":1885,"Date_of_last_major_construction":null,"Date_acquired":"09/15/1989","Date_relinquished":null,"Means_of_Acquisition":null,"GPS_Coordinates__Lat__Long_":"41.830269,-71.399929","Building_System":null,"CHP_Loop":null,"Electricity_Source":null,"Utility_Feeder_Number":"77J4","Primary_Feeder":null,"Secondary_Feeder":null,"LEED_Level":null,"LEED_Status":null,"LEED_Link":null,"ObjectID_1":105,"Shape__Area":1382.8252410888672,"Shape__Length":160.26836817160958,"lat":41.830268138245422,"lon":-71.399939336245851,"NAV_Number":0.42,"NAV_Desc":"Transitional/ Gut Renovation/ Replacement","Accessibility_Level":"A physical barrier exists that would prevent a wheelchair user from entering the facility.","Maintained_By":"MAINTAINED BY BROWN"}},{"type":"Feature","id":28,"geometry":{"type":"Polygon","coordinates":[[[-71.4031351468077,41.8297944412802],[-71.4031498068227,41.8299340719009],[-71.4031513804572,41.8299490665717],[-71.4031111134807,41.829951431118],[-71.4031094757548,41.8299358367668],[-71.4030532618735,41.8299391385987],[-71.4030385451084,41.8297989623125],[-71.4030623625499,41.829797921815],[-71.4030616443442,41.8297880417896],[-71.4031106299858,41.8297858871911],[-71.4031113498168,41.8297954926142],[-71.4031351468077,41.8297944412802]]]},"properties":{"OBJECTID":28,"Building":100005,"Property_Type":"Building","Property_Code":"100005","Chart_String":";,LOC100005,,,","Property_Name":"Cushing St 084-086","Property_Abbr":"CUSH084-86","Address_Line_1":"84-86 Cushing St","Address_Line_2":null,"City_and_State":"Providence, RI","External_Floorplan_Link":"https://drive.google.com/drive/folders/1W96v9bRU2u-mV8J7H_HtInufTFvaUTJM","ZIP_code":"02912","Property_Status":"Active","Ownership_Status":"Owned","Occupancy_Status":"Brown Occupied","Official_Name":null,"Aliases":"DISPNAME: 84-86 Cushing","Long_Description":"84-86 Cushing Street is a three story building with a garage that was constructed in 1895. The building is used as a rental property.","Portfolio":"AUXILIARY","National_Historic_District":"College Hill Historic District (National)","City_of_Providence_Historic_Dis":null,"Municipal_Zone":"One Family District - Within I-Zone","Grid_Coord":"DL25","Gross_area__Property_":5172.4789894791666,"Floors_Assignable_area":0,"Net_area":4234.7658409375,"Accessibility_Code":"0","Building_Occupancy":2,"Building_Type":"HOUSE","Building_Usage":"AUXILIARY","Tax_Status":"Property Exempt from Tax","Legal_Use":"2 Family","Current_Use":"Rooming House (02)","Cost_Rec":"Y","Year_of_Construction":1895,"Date_of_last_major_construction":null,"Date_acquired":"08/21/1972","Date_relinquished":null,"Means_of_Acquisition":null,"GPS_Coordinates__Lat__Long_":"41.829853,-71.403084","Building_System":null,"CHP_Loop":null,"Electricity_Source":null,"Utility_Feeder_Number":"9J3","Primary_Feeder":null,"Secondary_Feeder":null,"LEED_Level":null,"LEED_Status":null,"LEED_Link":null,"ObjectID_1":4,"Shape__Area":1456.1925735473633,"Shape__Length":173.3165892830169,"lat":41.8298673426041,"lon":-71.403095426765148,"NAV_Number":0.42,"NAV_Desc":"Transitional/ Gut Renovation/ Replacement","Accessibility_Level":"A physical barrier exists that would prevent a wheelchair user from entering the facility.","Maintained_By":"MAINTAINED BY BROWN"}},{"type":"Feature","id":29,"geometry":{"type":"Polygon","coordinates":[[[-71.4031190306099,41.8290964857966],[-71.4031168660797,41.8290766125877],[-71.4031321446692,41.8290756810171],[-71.4031491260191,41.8290687510207],[-71.4031673813704,41.8290735346065],[-71.403242129785,41.8290689806542],[-71.4032456804839,41.829096464694],[-71.403271698994,41.8290948795009],[-71.4032754095292,41.8291289478538],[-71.4032488384187,41.8291305667951],[-71.4032513117004,41.8291532790304],[-71.4032414492752,41.8291619634969],[-71.4032066350931,41.8291640850767],[-71.4032004716905,41.8291601129893],[-71.4031264515225,41.8291646225116],[-71.4031249055981,41.8291504273628],[-71.4031002318102,41.8291519308258],[-71.403094356844,41.829097988358],[-71.4031190306099,41.8290964857966]]]},"properties":{"OBJECTID":29,"Building":100183,"Property_Type":"Building","Property_Code":"100183","Chart_String":";,LOC100183,,,","Property_Name":"West House","Property_Abbr":"WESTHSE","Address_Line_1":"91 Brown St","Address_Line_2":null,"City_and_State":"Providence, RI","External_Floorplan_Link":"https://drive.google.com/drive/folders/1pDCmR8RSsGPsoicHjv1wjkVmZB-NsRV8","ZIP_code":"02912","Property_Status":"Active","Ownership_Status":"Owned","Occupancy_Status":"Brown Occupied","Official_Name":null,"Aliases":"DISPNAME: West House; OCCUPANT: Environmental House","Long_Description":"West House, a three story house located on the corner of Brown and Meeting Streets is home to Environmental House, one of Brown's program houses.","Portfolio":"RESIDENCE HALL","National_Historic_District":"College Hill Historic District (National)","City_of_Providence_Historic_Dis":null,"Municipal_Zone":"One Family District - Within I-Zone","Grid_Coord":"DN31","Gross_area__Property_":4622.1233303333329,"Floors_Assignable_area":null,"Net_area":3791.5581292152779,"Accessibility_Code":"0","Building_Occupancy":14,"Building_Type":"HOUSE","Building_Usage":"RES HALL","Tax_Status":"Property Exempt from Tax","Legal_Use":"Dormitory","Current_Use":"Dormitory","Cost_Rec":"Y","Year_of_Construction":1885,"Date_of_last_major_construction":null,"Date_acquired":"03/16/1931","Date_relinquished":null,"Means_of_Acquisition":null,"GPS_Coordinates__Lat__Long_":"41.829102,-71.403164","Building_System":"SIEMENS","CHP_Loop":null,"Electricity_Source":null,"Utility_Feeder_Number":"9J3","Primary_Feeder":null,"Secondary_Feeder":null,"LEED_Level":null,"LEED_Status":null,"LEED_Link":null,"ObjectID_1":166,"Shape__Area":1353.3942337036133,"Shape__Length":162.16464154818843,"lat":41.82911744605677,"lon":-71.403182266885921,"NAV_Number":0.48,"NAV_Desc":"Transitional/ Gut Renovation/ Replacement","Accessibility_Level":"A physical barrier exists that would prevent a wheelchair user from entering the facility.","Maintained_By":"MAINTAINED BY BROWN"}},{"type":"Feature","id":30,"geometry":{"type":"Polygon","coordinates":[[[-71.402651532862,41.8292193883925],[-71.4026442900736,41.8292199332618],[-71.4026417632263,41.8292017289659],[-71.4026490686175,41.8292011787478],[-71.4026412120258,41.8291428481261],[-71.4029384007094,41.8291204551968],[-71.4029462842907,41.8291786273616],[-71.402953541486,41.8291781031932],[-71.4029558323775,41.8291963748084],[-71.4029486895368,41.8291969008742],[-71.4029563813681,41.8292553159671],[-71.4028447912432,41.8292636191028],[-71.4028510198439,41.8293104510033],[-71.4027354615328,41.8293190180774],[-71.4027291112958,41.8292722770019],[-71.4026594087369,41.8292777163281],[-71.402651532862,41.8292193883925]]]},"properties":{"OBJECTID":30,"Building":100195,"Property_Type":"Building","Property_Code":"100195","Chart_String":";,LOC100195,,,","Property_Name":"Pembroke Hall","Property_Abbr":"PEMBROKE","Address_Line_1":"172 Meeting St","Address_Line_2":null,"City_and_State":"Providence, RI","External_Floorplan_Link":"https://drive.google.com/drive/folders/1vEcNd46EmLirxkOumtWBmc_QwpcfUtqz","ZIP_code":"02912","Property_Status":"Active","Ownership_Status":"Owned","Occupancy_Status":"Brown Occupied","Official_Name":null,"Aliases":"DISPNAME: Pembroke Hall","Long_Description":"Pembroke Hall was built as the first of the three original buildings that made up the Pembroke College.  The other two buildings were Alumnae Hall and Sayles Gym (now Smith Buonanno).  Pembroke Hall was named for a college that Roger Williams attended.  The building was completely renovated in 2008 to serve academic functions.","Portfolio":"ACADEMIC","National_Historic_District":"College Hill Historic District (National)","City_of_Providence_Historic_Dis":null,"Municipal_Zone":"One Family District - Within I-Zone","Grid_Coord":"DK31","Gross_area__Property_":18021.694028423612,"Floors_Assignable_area":1986.2388,"Net_area":14590.37747054861,"Accessibility_Code":"4","Building_Occupancy":15,"Building_Type":"BUILDING","Building_Usage":"ACAD","Tax_Status":"Property Exempt from Tax","Legal_Use":"School/Classroom","Current_Use":"School/Classroom","Cost_Rec":"Y","Year_of_Construction":1897,"Date_of_last_major_construction":null,"Date_acquired":null,"Date_relinquished":null,"Means_of_Acquisition":null,"GPS_Coordinates__Lat__Long_":"41.829188,-71.402764","Building_System":null,"CHP_Loop":null,"Electricity_Source":"Brown","Utility_Feeder_Number":"1152B/1153","Primary_Feeder":"JW1-4","Secondary_Feeder":"5K-2","LEED_Level":null,"LEED_Status":null,"LEED_Link":null,"ObjectID_1":178,"Shape__Area":4586.40705871582,"Shape__Length":303.69630887883454,"lat":41.829209944108449,"lon":-71.402797841349567,"NAV_Number":0.95,"NAV_Desc":"Capital Upkeep","Accessibility_Level":"The facility is mostly accessible to a wheelchair user or person with mobility challenges.","Maintained_By":"MAINTAINED BY BROWN"}},{"type":"Feature","id":31,"geometry":{"type":"Polygon","coordinates":[[[-71.4042607561705,41.830139347719],[-71.4042628903534,41.830184697767],[-71.4042764673243,41.8301843660526],[-71.4042796660236,41.8302537290248],[-71.4042670990276,41.8302540615813],[-71.4042706579292,41.8303280904091],[-71.4041698425587,41.8303307505814],[-71.404160858391,41.8301420086482],[-71.4042607561705,41.830139347719]]]},"properties":{"OBJECTID":31,"Building":100243,"Property_Type":"Building","Property_Code":"100243","Chart_String":";,LOC100243,,,","Property_Name":"Machado House Garage","Property_Abbr":"MACHADOGAR","Address_Line_1":"116 Brown St","Address_Line_2":null,"City_and_State":"Providence, RI","External_Floorplan_Link":"https://drive.google.com/drive/folders/10goBGp0T5i2xiIzXFo3mKCpQCIRKvu91","ZIP_code":"02912","Property_Status":"Active","Ownership_Status":"Owned","Occupancy_Status":"Brown Occupied","Official_Name":null,"Aliases":"DISPNAME: Machado Garage","Long_Description":"Sorry, no narrative available.","Portfolio":"Admin/Support","National_Historic_District":"College Hill Historic District (National)","City_of_Providence_Historic_Dis":"College Hill Historic District (Providence)","Municipal_Zone":null,"Grid_Coord":"DS22","Gross_area__Property_":1678.4270833333333,"Floors_Assignable_area":1372.6076,"Net_area":1372.6076388888889,"Accessibility_Code":"0","Building_Occupancy":null,"Building_Type":"GARAGE","Building_Usage":"SUPPORT","Tax_Status":"Property Exempt from Tax","Legal_Use":null,"Current_Use":null,"Cost_Rec":"N","Year_of_Construction":0,"Date_of_last_major_construction":null,"Date_acquired":"01/01/1955","Date_relinquished":null,"Means_of_Acquisition":null,"GPS_Coordinates__Lat__Long_":"41.83024,-71.4042","Building_System":null,"CHP_Loop":null,"Electricity_Source":null,"Utility_Feeder_Number":null,"Primary_Feeder":null,"Secondary_Feeder":null,"LEED_Level":null,"LEED_Status":null,"LEED_Link":null,"ObjectID_1":225,"Shape__Area":1974.7302551269531,"Shape__Length":199.50732612695037,"lat":41.830234496844895,"lon":-71.4042181190701,"NAV_Number":null,"NAV_Desc":"NO NAV","Accessibility_Level":"A physical barrier exists that would prevent a wheelchair user from entering the facility.","Maintained_By":"MAINTAINED BY BROWN"}},{"type":"Feature","id":32,"geometry":{"type":"Polygon","coordinates":[[[-71.4055581527157,41.8299501062733],[-71.4055561824164,41.8299326911982],[-71.4055482606934,41.8299331933763],[-71.4055476938518,41.8299281798231],[-71.4055556155728,41.8299276785453],[-71.40555486928,41.8299210847497],[-71.4055564114875,41.8299209869804],[-71.4055532504649,41.8298930405619],[-71.4055465771998,41.8298934636363],[-71.4055466912766,41.8298944757111],[-71.4055405272656,41.8298948658913],[-71.4055400067667,41.8298902647313],[-71.4055409614661,41.8298902042933],[-71.4055338123248,41.8298270153284],[-71.4055323555968,41.8298271077656],[-71.4055318339098,41.8298224967008],[-71.4055379858747,41.8298221074115],[-71.4055380702441,41.8298228556626],[-71.4056149457222,41.8298179903987],[-71.4056149350441,41.82981788415],[-71.4056149303837,41.8298177788065],[-71.4056149305397,41.8298176725666],[-71.4056149355096,41.8298175672311],[-71.405614945296,41.8298174609991],[-71.4056149586925,41.8298173556704],[-71.4056149781066,41.8298172512471],[-71.4056150011321,41.8298171468267],[-71.4056150301765,41.8298170424112],[-71.4056150628297,41.8298169397994],[-71.4056151002968,41.8298168380919],[-71.405615142579,41.8298167363883],[-71.4056151884699,41.8298166364884],[-71.4056152403785,41.8298165374938],[-71.4056152958958,41.8298164403028],[-71.4056153550219,41.8298163449154],[-71.4056154189618,41.8298162504324],[-71.4056154877143,41.829816157754],[-71.4056155600768,41.8298160659789],[-71.4056157252795,41.8298158734421],[-71.4056158989021,41.8298156854139],[-71.4056160797422,41.829815500993],[-71.4056162690023,41.8298153210807],[-71.405616466681,41.8298151465774],[-71.4056166715771,41.8298149756813],[-71.4056168836868,41.8298148110936],[-71.4056171030126,41.8298146510135],[-71.4056173283481,41.8298144972406],[-71.4056175608998,41.8298143479755],[-71.4056177994611,41.8298142050176],[-71.4056180452373,41.8298140674677],[-71.4056182958181,41.8298139371244],[-71.4056187403366,41.8298137205079],[-71.405619195672,41.8298135156048],[-71.4056196606193,41.8298133233143],[-71.4056201339746,41.8298131436354],[-71.4056206157392,41.8298129756678],[-71.4056211047068,41.8298128212113],[-71.4056216008786,41.8298126793654],[-71.4056221030495,41.8298125510295],[-71.4056228219549,41.8298123877584],[-71.405623546854,41.8298122415988],[-71.4056242777457,41.8298121134508],[-71.4056250146312,41.8298120024142],[-71.4056257551003,41.8298119102876],[-71.4056264991557,41.8298118352704],[-71.4056272467947,41.8298117791633],[-71.405627995611,41.8298117410639],[-71.4056287468085,41.8298117209733],[-71.4056294979795,41.8298117188894],[-71.4056302491228,41.8298117357126],[-71.4056309978334,41.8298117696402],[-71.4056317465161,41.8298118224749],[-71.4056324915598,41.8298118942138],[-71.4056330151173,41.8298119576676],[-71.4056335362475,41.8298120346245],[-71.4056340525413,41.8298121259829],[-71.4056345652052,41.829812229943],[-71.405635071829,41.8298123483036],[-71.4056355736191,41.829812479265],[-71.4056360681667,41.8298126237255],[-71.4056365554729,41.8298127807847],[-71.4056368322013,41.829812879149],[-71.4056371053103,41.8298129829123],[-71.4056373723898,41.8298130938734],[-71.4056376346436,41.8298132120333],[-71.4056378920742,41.8298133355912],[-71.4056381446805,41.8298134654475],[-71.4056383900547,41.8298136016002],[-71.4056386306058,41.829813743151],[-71.4056388639249,41.8298138909983],[-71.4056390912171,41.8298140442426],[-71.4056393112785,41.8298142028831],[-71.4056395253118,41.8298143678209],[-71.4056397309132,41.8298145363532],[-71.4056398222826,41.8298146174587],[-71.4056399112416,41.829814700363],[-71.4056399953829,41.829814785064],[-71.4056400759088,41.829814872463],[-71.405640152822,41.8298149607594],[-71.4056402249161,41.8298150517529],[-71.4056402933961,41.829815144544],[-71.4056403570584,41.8298152391319],[-71.4056404171066,41.8298153355175],[-71.4056404723383,41.8298154327995],[-71.4056405239573,41.8298155309788],[-71.4056405707585,41.8298156309549],[-71.4056406127431,41.8298157318274],[-71.4056406511138,41.8298158344975],[-71.4056406834655,41.8298159371627],[-71.4056407122045,41.8298160407253],[-71.405640736127,41.8298161451843],[-71.405640755233,41.8298162505396],[-71.4056407695239,41.829816355891],[-71.4057227146385,41.8298111687966],[-71.4057225898598,41.8298100648787],[-71.4057282277537,41.8298097084698],[-71.4057287482654,41.829814309629],[-71.4057283112474,41.8298143371808],[-71.4057308032872,41.8298363660184],[-71.4057352228304,41.8298360860385],[-71.4057374878966,41.8298561051329],[-71.4057323014625,41.8298564340022],[-71.4057414746348,41.829937506247],[-71.4057462793,41.8299799692728],[-71.405820178886,41.8299752923019],[-71.4058200956945,41.8299745593578],[-71.4058262476735,41.8299741691527],[-71.4058267693828,41.829978780216],[-71.4058253246911,41.8299788717666],[-71.4058291287828,41.8300124872382],[-71.4058324741357,41.830042060712],[-71.4058339188288,41.8300419691614],[-71.4058344405537,41.8300465703209],[-71.4058277732948,41.8300469925162],[-71.405827658032,41.830045965135],[-71.405630592229,41.8300584378647],[-71.4056307253222,41.830059617418],[-71.4056291977638,41.8300603940559],[-71.405627636556,41.8300611319516],[-71.4056260416999,41.8300618302046],[-71.4056244168097,41.8300624870174],[-71.4056227630891,41.8300631023909],[-71.4056210817432,41.8300636754257],[-71.4056193763849,41.8300642052245],[-71.4056176470154,41.8300646908869],[-71.4056158972448,41.8300651333163],[-71.4056141282795,41.830065530713],[-71.4056123413233,41.8300658830779],[-71.4056105399877,41.830066190414],[-71.4056087266828,41.8300664509226],[-71.4056069014061,41.8300666664043],[-71.4056050677728,41.8300668341613],[-71.4056032281881,41.830066955996],[-71.4056013838569,41.8300670310092],[-71.4055995359831,41.8300670592018],[-71.4055976893818,41.8300670405778],[-71.4055958440532,41.8300669751372],[-71.4055940036085,41.830066862883],[-71.4055921680479,41.8300667038151],[-71.4055902952462,41.830066492497],[-71.4055884345539,41.8300662325704],[-71.4055865859711,41.8300659240355],[-71.4055847543102,41.8300655686968],[-71.4055829383702,41.8300651647527],[-71.4055811441661,41.8300647149092],[-71.4055793704953,41.8300642182649],[-71.4055776221732,41.8300636748238],[-71.4055758991956,41.8300630872869],[-71.4055757648996,41.8300619077325],[-71.4055657194626,41.830062543217],[-71.405565835925,41.8300635705994],[-71.4055596706941,41.8300639607796],[-71.4055591501925,41.8300593596199],[-71.4055600940588,41.8300593000732],[-71.4055529448803,41.8299961111112],[-71.405551498984,41.8299962026573],[-71.4055509772943,41.8299915915928],[-71.4055571292752,41.8299912023024],[-71.4055572124625,41.8299919361471],[-71.4055643877672,41.8299914819729],[-71.4055610104494,41.8299616284594],[-71.4055594682423,41.8299617253284],[-71.4055587207621,41.8299551198275],[-71.4055507990377,41.8299556211055],[-71.4055502321957,41.8299506075523],[-71.4055581527157,41.8299501062733]]]},"properties":{"OBJECTID":32,"Building":100253,"Property_Type":"Building","Property_Code":"100253","Chart_String":";,LOC100253,,,","Property_Name":"Rochambeau House","Property_Abbr":"ROCHAMBEAU","Address_Line_1":"84 Prospect St","Address_Line_2":null,"City_and_State":"Providence, RI","External_Floorplan_Link":"https://drive.google.com/drive/folders/1-rJp6GVudbNsVhw9hYQeUVOUu8oXjxa2","ZIP_code":"02912","Property_Status":"Active","Ownership_Status":"Owned","Occupancy_Status":"Brown Occupied","Official_Name":null,"Aliases":"DISPNAME: Rochambeau House; LEGACY: General Rochambeau","Long_Description":"Rochambeau House is a three story building built in 1929 for Chancellor Henry D. Sharpe 1894 and his wife Mary Elizabeth Sharpe.  At her request the home was given to Brown after her death in 1985.  The building is used as an academic facility.","Portfolio":"ACADEMIC","National_Historic_District":"College Hill Historic District (National)","City_of_Providence_Historic_Dis":"College Hill Historic District (Providence)","Municipal_Zone":"Two Family District - Within I-Zone","Grid_Coord":"GB23","Gross_area__Property_":19485.34290625,"Floors_Assignable_area":2980.2062,"Net_area":15953.718713756944,"Accessibility_Code":"3","Building_Occupancy":83,"Building_Type":"HOUSE","Building_Usage":"ACAD","Tax_Status":"Property Exempt from Tax","Legal_Use":"Office","Current_Use":"Office","Cost_Rec":"Y","Year_of_Construction":1929,"Date_of_last_major_construction":null,"Date_acquired":"01/01/1985","Date_relinquished":null,"Means_of_Acquisition":null,"GPS_Coordinates__Lat__Long_":"41.829915,-71.405642","Building_System":"ANDOVER","CHP_Loop":null,"Electricity_Source":null,"Utility_Feeder_Number":"9J3","Primary_Feeder":null,"Secondary_Feeder":null,"LEED_Level":null,"LEED_Status":null,"LEED_Link":null,"ObjectID_1":234,"Shape__Area":5156.2754974365234,"Shape__Length":355.63779225888004,"lat":41.829945137252821,"lon":-71.405661328347975,"NAV_Number":0.81,"NAV_Desc":"Repair and Maintain","Accessibility_Level":"A wheelchair or person with mobility challenges can enter the facility, access the primary function within that facility and access the restroom facility..","Maintained_By":"MAINTAINED BY BROWN"}},{"type":"Feature","id":33,"geometry":{"type":"Polygon","coordinates":[[[-71.3995496026276,41.8299393316],[-71.3995529533918,41.8299643621511],[-71.3995803357715,41.8299623108109],[-71.3995844265248,41.8299914232441],[-71.3995568539118,41.829993487924],[-71.3995671501637,41.8300703993736],[-71.3994639796681,41.8300781258659],[-71.3994464636433,41.8299470554034],[-71.3995496026276,41.8299393316]]]},"properties":{"OBJECTID":33,"Building":100167,"Property_Type":"Building","Property_Code":"100167","Chart_String":";,LOC100167,,,","Property_Name":"Pembroke Field House","Property_Abbr":"PEMFLDHSE","Address_Line_1":"171 Cushing St","Address_Line_2":null,"City_and_State":"Providence, RI","External_Floorplan_Link":"https://drive.google.com/drive/folders/1NTI95_IiNG2lofM9kARSqAL6fpFUSMPo","ZIP_code":"02912","Property_Status":"Active","Ownership_Status":"Owned","Occupancy_Status":"Brown Occupied","Official_Name":null,"Aliases":"ALTADDRS: 449-451 Brook St; DISPNAME: Pembroke Field House","Long_Description":"Pembroke Field House was originally a barn on the former estate of Charles T. And Henry L. Aldrich.  The property was donated to the University and dedicated in 1936.  The Aldrich barn was converted into the field house and opened in 1938 at a tea for the Alumnae Association.  Various gifts from the classes of 1905, 1936 and 1937 included the second floor lounge, interior and exterior fireplaces and fireplace accessories.","Portfolio":"Admin/Support","National_Historic_District":"College Hill Historic District (National)","City_of_Providence_Historic_Dis":null,"Municipal_Zone":"Three Family District - Within I-Zone","Grid_Coord":"AR26","Gross_area__Property_":4222.6482766527779,"Floors_Assignable_area":0,"Net_area":2927.4582777916667,"Accessibility_Code":"0","Building_Occupancy":0,"Building_Type":"BUILDING","Building_Usage":"SUPPORT","Tax_Status":"Property Exempt from Tax","Legal_Use":"Alumni Center","Current_Use":"Alumni Center","Cost_Rec":"Y","Year_of_Construction":1873,"Date_of_last_major_construction":null,"Date_acquired":"01/01/1932","Date_relinquished":null,"Means_of_Acquisition":null,"GPS_Coordinates__Lat__Long_":"41.829993,-71.399471","Building_System":null,"CHP_Loop":null,"Electricity_Source":null,"Utility_Feeder_Number":"2J1 or 77J4","Primary_Feeder":null,"Secondary_Feeder":null,"LEED_Level":null,"LEED_Status":null,"LEED_Link":null,"ObjectID_1":150,"Shape__Area":1436.4941864013672,"Shape__Length":167.56164356711051,"lat":41.830007009114759,"lon":-71.3995102558371,"NAV_Number":0.01,"NAV_Desc":"Transitional/ Gut Renovation/ Replacement","Accessibility_Level":"A physical barrier exists that would prevent a wheelchair user from entering the facility.","Maintained_By":"MAINTAINED BY BROWN"}},{"type":"Feature","id":34,"geometry":{"type":"Polygon","coordinates":[[[-71.3979990365553,41.8296220065715],[-71.3980032691098,41.8296371585327],[-71.3980167741274,41.829635084438],[-71.3980199857769,41.8296465035873],[-71.3980477315024,41.8296422471044],[-71.3980556109452,41.8296706850009],[-71.3980817420475,41.8296666467595],[-71.3980869953648,41.8296856413695],[-71.3980927207834,41.8296847677182],[-71.3980979744523,41.8297035435455],[-71.3980910749889,41.8297046349379],[-71.3980958903359,41.8297219824389],[-71.3980894316309,41.8297229652812],[-71.3980939549942,41.82973921501],[-71.3980996804174,41.8297383413583],[-71.3981047874043,41.8297570072137],[-71.3980997964683,41.8297577707755],[-71.398103736548,41.8297721544841],[-71.398111370506,41.829770953901],[-71.398117062166,41.8297913759353],[-71.398121759379,41.8297906121122],[-71.39812672056,41.8298086178887],[-71.3981212888563,41.8298094918023],[-71.3981266878421,41.8298292545282],[-71.3980847024961,41.8298356943239],[-71.3980858706085,41.8298399764718],[-71.3980475540838,41.8298458694017],[-71.3980462413591,41.8298409289773],[-71.3979152929274,41.8298611198229],[-71.3979004081844,41.829807209605],[-71.397918612865,41.8298043717099],[-71.3979190499824,41.8298057991356],[-71.3979639722467,41.8297988137029],[-71.3979603240034,41.8297856385037],[-71.3978437620657,41.8298036470204],[-71.3978423031933,41.8297982670982],[-71.3978217505924,41.8298014315164],[-71.3978029267829,41.829733358151],[-71.3978807313752,41.8297213528998],[-71.3978671607792,41.8296722732626],[-71.397952892958,41.8296590676562],[-71.3979490985602,41.829645452961],[-71.3979617234363,41.8296434879323],[-71.3979574919205,41.8296284458118],[-71.3979990365553,41.8296220065715]]]},"properties":{"OBJECTID":34,"Building":100196,"Property_Type":"Building","Property_Code":"100196","Chart_String":";,LOC100196,,,","Property_Name":"Stimson Ave 002","Property_Abbr":"STIMSON002","Address_Line_1":"2 Stimson Ave","Address_Line_2":null,"City_and_State":"Providence, RI","External_Floorplan_Link":"https://drive.google.com/drive/folders/1jUJeN1pOtxm-oZLOLKcyIQM0L7ItSFfi","ZIP_code":"02912","Property_Status":"Active","Ownership_Status":"Owned","Occupancy_Status":"Brown Occupied","Official_Name":null,"Aliases":"DISPNAME: 2 Stimson Ave","Long_Description":"2 Stimson Avenue is a three story building that was constructed in 1861.  The building is used for offices and classrooms.","Portfolio":"ACADEMIC","National_Historic_District":"Stimson Avenue (National)","City_of_Providence_Historic_Dis":"Stimson Avenue (Providence)","Municipal_Zone":"One Family District - Within I-Zone","Grid_Coord":"AJ30","Gross_area__Property_":15724.701441479167,"Floors_Assignable_area":0,"Net_area":13078.942799208333,"Accessibility_Code":"3","Building_Occupancy":15,"Building_Type":"HOUSE","Building_Usage":"ACAD","Tax_Status":"Property Exempt from Tax","Legal_Use":"Office","Current_Use":"Office","Cost_Rec":"Y","Year_of_Construction":1861,"Date_of_last_major_construction":null,"Date_acquired":"06/19/1952","Date_relinquished":null,"Means_of_Acquisition":null,"GPS_Coordinates__Lat__Long_":"41.829747,-71.397944","Building_System":null,"CHP_Loop":null,"Electricity_Source":null,"Utility_Feeder_Number":"77J4","Primary_Feeder":null,"Secondary_Feeder":null,"LEED_Level":null,"LEED_Status":null,"LEED_Link":null,"ObjectID_1":179,"Shape__Area":4675.997184753418,"Shape__Length":373.25915349975924,"lat":41.829749656074135,"lon":-71.397978388097059,"NAV_Number":0.89,"NAV_Desc":"Capital Upkeep","Accessibility_Level":"A wheelchair or person with mobility challenges can enter the facility, access the primary function within that facility and access the restroom facility..","Maintained_By":"MAINTAINED BY BROWN"}},{"type":"Feature","id":36,"geometry":{"type":"Polygon","coordinates":[[[-71.402152191347,41.82849366717],[-71.4021513036879,41.8284884489485],[-71.4021949815841,41.8284842941666],[-71.4021955984085,41.8284879239589],[-71.4023292085135,41.8284752123094],[-71.4023281275528,41.8284688603979],[-71.4023564876511,41.8284661618827],[-71.4023575686132,41.8284725146942],[-71.4023684871803,41.8284714750796],[-71.4023678703449,41.8284678461886],[-71.4023860691578,41.8284661140965],[-71.4023866859929,41.8284697438878],[-71.4023976057614,41.8284687051718],[-71.4023965247941,41.8284623532609],[-71.4024248848867,41.8284596547288],[-71.4024259658554,41.8284660075397],[-71.4025595746661,41.8284532956211],[-71.4025589578214,41.8284496658307],[-71.4025971745807,41.8284460302606],[-71.4026318221527,41.8286497487597],[-71.4026042204713,41.8286523750584],[-71.4026035642417,41.8286485183495],[-71.4021889331974,41.8286879655358],[-71.4021558308712,41.8284933209385],[-71.402152191347,41.82849366717]]]},"properties":{"OBJECTID":36,"Building":100002,"Property_Type":"Building","Property_Code":"100002","Chart_String":";,LOC100002,,,","Property_Name":"BioMed Center","Property_Abbr":"BIOMEDACF","Address_Line_1":"173 Meeting St","Address_Line_2":null,"City_and_State":"Providence, RI","External_Floorplan_Link":"https://drive.google.com/drive/folders/1_VAnrgr8UVs0zIgQRjvebmrwWEg_NFAY","ZIP_code":"02912","Property_Status":"Active","Ownership_Status":"Owned","Occupancy_Status":"Brown Occupied","Official_Name":null,"Aliases":"ALTADDRS: 171 Meeting St; DISPNAME: 173 Meeting; NICKNAME: Animal Care Facility; NICKNAME: Bio Medical Complex; NICKNAME: Warren","Long_Description":"This building is an addition to the Bio-Med Center and was constructed in 1969. The exterior walls are brick/concrete masonry with reinforced concrete framing and monolithic concrete floor slabs. The building has six floor levels and is utilized for academic and research functions.","Portfolio":"BIOMED","National_Historic_District":"College Hill Historic District (National)","City_of_Providence_Historic_Dis":null,"Municipal_Zone":"One Family District - Within I-Zone","Grid_Coord":"DJ34","Gross_area__Property_":58735.583960520831,"Floors_Assignable_area":1957.1318,"Net_area":49273.01444409028,"Accessibility_Code":"3","Building_Occupancy":null,"Building_Type":"BUILDING","Building_Usage":"ACAD","Tax_Status":"Property Exempt from Tax","Legal_Use":"Medical Research","Current_Use":"Medical Research","Cost_Rec":"Y","Year_of_Construction":1969,"Date_of_last_major_construction":null,"Date_acquired":"01/01/1969","Date_relinquished":null,"Means_of_Acquisition":null,"GPS_Coordinates__Lat__Long_":"41.82857,-71.402375","Building_System":"METASYS","CHP_Loop":null,"Electricity_Source":"Brown","Utility_Feeder_Number":"1126","Primary_Feeder":"1-1","Secondary_Feeder":"1-2","LEED_Level":null,"LEED_Status":null,"LEED_Link":null,"ObjectID_1":2,"Shape__Area":8842.47526550293,"Shape__Length":409.33345936915794,"lat":41.828568078487621,"lon":-71.402393435563653,"NAV_Number":0.81,"NAV_Desc":"Repair and Maintain","Accessibility_Level":"A wheelchair or person with mobility challenges can enter the facility, access the primary function within that facility and access the restroom facility..","Maintained_By":"MAINTAINED BY BROWN"}},{"type":"Feature","id":37,"geometry":{"type":"Polygon","coordinates":[[[-71.402575733981,41.8287240998266],[-71.4025109760148,41.8287302608271],[-71.402514062646,41.8287484097813],[-71.4024896576551,41.8287719833539],[-71.4024315358007,41.8287775134028],[-71.4024000161834,41.8287592592613],[-71.4023969295825,41.8287411112044],[-71.4022052344057,41.8287593474955],[-71.4022094257649,41.828783990644],[-71.4021911895362,41.8287857253771],[-71.4021519608678,41.8288236907801],[-71.4020875627419,41.8288298176353],[-71.4020368756283,41.8288004053587],[-71.4020186393889,41.8288021409647],[-71.4019747402344,41.8285440059977],[-71.4019623775957,41.8285368458543],[-71.4019584774512,41.8285139171901],[-71.4019749403992,41.8284980150445],[-71.4020055976506,41.8284950988934],[-71.4020179614912,41.8285022581329],[-71.4021491794219,41.8284897751393],[-71.4021493476424,41.8284907674563],[-71.4021516604204,41.8284905470426],[-71.402152191347,41.82849366717],[-71.4021558308712,41.8284933209385],[-71.4021889331974,41.8286879655358],[-71.4026035642417,41.8286485183495],[-71.4026046834095,41.8286550971761],[-71.4026007404843,41.8286554719754],[-71.4026113060743,41.8287157883486],[-71.4025749083209,41.8287192508002],[-71.402575733981,41.8287240998266]]]},"properties":{"OBJECTID":37,"Building":100117,"Property_Type":"Building","Property_Code":"100117","Chart_String":";,LOC100117,,,","Property_Name":"BioMed Grimshaw-Gudewicz","Property_Abbr":"BIOMEDGG","Address_Line_1":"175 Meeting St","Address_Line_2":null,"City_and_State":"Providence, RI","External_Floorplan_Link":"https://drive.google.com/drive/folders/1uenGc3Vs4wjsMzgbPGplCgnU09xejQHe","ZIP_code":"02912","Property_Status":"Active","Ownership_Status":"Owned","Occupancy_Status":"Brown Occupied","Official_Name":"Grimshaw-Gudewicz Medical Building","Aliases":"ALTADDRS: 81-89 Brown St; DISPNAME: BioMed Grimshaw-Gudewicz; LEGACY: George Grimshaw & Irene Gudewicz; NICKNAME: Medical Building","Long_Description":"Serving The Alpert Medical School with offices, labs and classroom facilities, the six story wing of the Bio-Medical Center is named for George Grimshaw and his wife, Irene Gudewicz.  The facility was built in 1990.","Portfolio":"BIOMED","National_Historic_District":"College Hill Historic District (National)","City_of_Providence_Historic_Dis":null,"Municipal_Zone":"One Family District - Within I-Zone","Grid_Coord":"DH34","Gross_area__Property_":55855.448624548611,"Floors_Assignable_area":0,"Net_area":46437.771615152778,"Accessibility_Code":"3","Building_Occupancy":null,"Building_Type":"BUILDING","Building_Usage":"ACAD","Tax_Status":"Property Exempt from Tax","Legal_Use":"Medical Research","Current_Use":"Medical Research","Cost_Rec":"Y","Year_of_Construction":1989,"Date_of_last_major_construction":null,"Date_acquired":"01/01/1989","Date_relinquished":null,"Means_of_Acquisition":null,"GPS_Coordinates__Lat__Long_":"41.828668,-71.402086","Building_System":"METASYS","CHP_Loop":null,"Electricity_Source":"Brown","Utility_Feeder_Number":"1126","Primary_Feeder":"1-1","Secondary_Feeder":"1-2","LEED_Level":null,"LEED_Status":null,"LEED_Link":null,"ObjectID_1":104,"Shape__Area":9361.4717254638672,"Shape__Length":582.80543371930037,"lat":41.828674291966031,"lon":-71.402201686121515,"NAV_Number":0.83,"NAV_Desc":"Repair and Maintain","Accessibility_Level":"A wheelchair or person with mobility challenges can enter the facility, access the primary function within that facility and access the restroom facility..","Maintained_By":"MAINTAINED BY BROWN"}},{"type":"Feature","id":39,"geometry":{"type":"Polygon","coordinates":[[[-71.4032980980877,41.827982086148],[-71.4033002446827,41.8279818934818],[-71.4033038117091,41.8279785049066],[-71.403304621475,41.8279779473779],[-71.4033055538219,41.8279783245045],[-71.4033132836209,41.8279828237037],[-71.4033173943262,41.8279789142893],[-71.4033310030496,41.8279659707612],[-71.4033351438915,41.8279620316603],[-71.4033274442321,41.8279575027768],[-71.4033267348977,41.8279569151587],[-71.4033272391171,41.8279562187204],[-71.4033308302565,41.8279528031545],[-71.4033305738633,41.8279511976339],[-71.4033378599993,41.8279505456173],[-71.4033380054913,41.827951454182],[-71.4033386122682,41.8279513997719],[-71.403338575293,41.8279511728553],[-71.4034472617371,41.8279414514636],[-71.4034472987127,41.8279416783801],[-71.4034479054894,41.8279416239695],[-71.4034477599958,41.8279407154049],[-71.4034520098387,41.8279403354324],[-71.4034550461295,41.8279400633809],[-71.403455227395,41.827941198861],[-71.4034556836803,41.8279411587292],[-71.4034557743137,41.8279417260191],[-71.4034806690024,41.8279394996926],[-71.4034805783701,41.8279389315023],[-71.4034810334529,41.8279388904691],[-71.4034809964772,41.8279386635526],[-71.4034847767904,41.8279383255003],[-71.4034832515015,41.8279287914269],[-71.403481345798,41.8279168711348],[-71.4036298024778,41.8279035915264],[-71.4036382280441,41.8279562684402],[-71.4037061075417,41.8279501967529],[-71.4036976843295,41.8278975189456],[-71.403848646276,41.8278840160698],[-71.4038548406321,41.8279227592509],[-71.4038576830884,41.8279225050332],[-71.4038618058011,41.8279161772981],[-71.4038759771492,41.8279149088752],[-71.4038819794074,41.8279203321392],[-71.4038881603352,41.8279197791006],[-71.4038971645014,41.8279760920492],[-71.4038616295539,41.8279792702234],[-71.4038870952538,41.8281385273286],[-71.4036648651617,41.8281584061329],[-71.4036470014947,41.8280466887653],[-71.4035041559764,41.8280594662182],[-71.403479703936,41.8280827230452],[-71.4034426543723,41.8280860366685],[-71.4034529468828,41.8281458998703],[-71.4034721665429,41.8281440505197],[-71.4034739804204,41.828154597717],[-71.4034836841573,41.8281536650161],[-71.4034874276613,41.8281754392637],[-71.4034777239198,41.8281763728652],[-71.4034897360888,41.8282462330734],[-71.4033219574593,41.8282623710226],[-71.4033215290614,41.8282598758222],[-71.4033210739722,41.8282599195558],[-71.4033045381044,41.8281637485112],[-71.403304993193,41.8281637047777],[-71.4033047736204,41.8281624288122],[-71.4033011726414,41.8281627751126],[-71.4032902382612,41.8280991803513],[-71.4033413369545,41.8280942660921],[-71.4033375207132,41.8280720677185],[-71.4033201252112,41.828073624171],[-71.4033202707047,41.8280745318354],[-71.4033129845544,41.8280751838509],[-71.4032980980877,41.827982086148]]]},"properties":{"OBJECTID":39,"Building":100026,"Property_Type":"Building","Property_Code":"100026","Chart_String":";,LOC100026,,,","Property_Name":"Hillel House","Property_Abbr":"HILLELHSE","Address_Line_1":"80 Brown St","Address_Line_2":null,"City_and_State":"Providence, RI","External_Floorplan_Link":"https://drive.google.com/drive/folders/1j3bGKS80DUbxftGAvaBMMc2yDBzBbBA1","ZIP_code":"02906","Property_Status":"Active","Ownership_Status":"Affilliated","Occupancy_Status":"Brown / Non-Brown Occupied","Official_Name":null,"Aliases":"DISPNAME: Brown Hillel House","Long_Description":"In October 1963, the Samuel Rapaporte Jr. Hillel House was opened at 80 Brown Street and named for a Providence benefactor.  It occupies the former Froebel Hall at 112 Angell Street. The chalet-style building, designed by Stone and Carpenter and built in 1878, was first used by Mrs. Caroline Alden, who opened a school for training kindergarten teachers in the Froebel method.  Expansion of the Rapaporte Hillel House to include the Glenn and Darcy Weiner Hillel Center was completed in 2004.  Brown/RISD Hillel House is considered an affiliate facility to the University, additionally Brown does lease space there for academic use.","Portfolio":"Admin/Support","National_Historic_District":"College Hill Historic District (National)","City_of_Providence_Historic_Dis":"College Hill Historic District (Providence)","Municipal_Zone":"One Family District - Outside I-Zone","Grid_Coord":"DO38","Gross_area__Property_":27411.184577888889,"Floors_Assignable_area":4965.1854,"Net_area":23885.935065631944,"Accessibility_Code":"4","Building_Occupancy":null,"Building_Type":"BUILDING","Building_Usage":"INDEPENDNT","Tax_Status":"Not Applicable","Legal_Use":null,"Current_Use":null,"Cost_Rec":"N","Year_of_Construction":1950,"Date_of_last_major_construction":null,"Date_acquired":null,"Date_relinquished":null,"Means_of_Acquisition":null,"GPS_Coordinates__Lat__Long_":"41.82799,-71.40336","Building_System":null,"CHP_Loop":null,"Electricity_Source":null,"Utility_Feeder_Number":"2J1","Primary_Feeder":null,"Secondary_Feeder":null,"LEED_Level":null,"LEED_Status":null,"LEED_Link":null,"ObjectID_1":21,"Shape__Area":12857.74365234375,"Shape__Length":729.66719247434594,"lat":41.82804771391551,"lon":-71.403582752038957,"NAV_Number":0.97,"NAV_Desc":"Capital Upkeep","Accessibility_Level":"The facility is mostly accessible to a wheelchair user or person with mobility challenges.","Maintained_By":"MAINTAINED BY BROWN"}},{"type":"Feature","id":40,"geometry":{"type":"Polygon","coordinates":[[[-71.40164069628,41.8283827173067],[-71.4013661295336,41.8284089230389],[-71.4013527544375,41.8283305244246],[-71.4013506318852,41.8283307269788],[-71.4013463129167,41.8283055398827],[-71.4012480338304,41.8283149207022],[-71.4012331050234,41.8282270023512],[-71.4013227118652,41.8282185288395],[-71.4013235899365,41.8282236732316],[-71.4013322306395,41.8282228388367],[-71.4013160663213,41.8281280975636],[-71.4015929362244,41.8281016733396],[-71.40164069628,41.8283827173067]]]},"properties":{"OBJECTID":40,"Building":100305,"Property_Type":"Building","Property_Code":"100305","Chart_String":";,LOC100305,,,","Property_Name":"Granoff Center For The Creative Arts","Property_Abbr":"GRNFCAC","Address_Line_1":"154 Angell St","Address_Line_2":"71 Olive St","City_and_State":"Providence, RI","External_Floorplan_Link":"https://drive.google.com/drive/folders/1-vKUFHHQc4wQsTTWdxUBfzqd9HKJAR6r","ZIP_code":"02912","Property_Status":"Active","Ownership_Status":"Owned","Occupancy_Status":"Brown Occupied","Official_Name":"Perry And Marty Granoff Center For The Creative Arts","Aliases":"DISPNAME: Granoff Ctr; LEGACY: Cac","Long_Description":"The Perry and Marty Granoff Center for the Creative Arts provides space for research, teaching and production for multidisciplinary work and features a recital hall, recording studio and studios allowing collaborative interaction by artists, scientists and humanists.  The building was constructed in 2013 and received design award from The Society of College and University Planners.  The various sustainable features enabled it to gain a LEED Gold rating.","Portfolio":"ACADEMIC","National_Historic_District":"College Hill Historic District (National)","City_of_Providence_Historic_Dis":null,"Municipal_Zone":null,"Grid_Coord":"DF38","Gross_area__Property_":42047.819939402776,"Floors_Assignable_area":857.2794,"Net_area":34652.878350305553,"Accessibility_Code":"4","Building_Occupancy":null,"Building_Type":"BUILDING","Building_Usage":"ACAD","Tax_Status":"Taxable Property","Legal_Use":null,"Current_Use":null,"Cost_Rec":"N","Year_of_Construction":2011,"Date_of_last_major_construction":null,"Date_acquired":"01/01/2011","Date_relinquished":null,"Means_of_Acquisition":null,"GPS_Coordinates__Lat__Long_":"41.82825,-71.40147","Building_System":null,"CHP_Loop":null,"Electricity_Source":"Brown","Utility_Feeder_Number":"1152B/1153","Primary_Feeder":"JW1-3","Secondary_Feeder":"JW1-3","LEED_Level":"Gold","LEED_Status":"Achieved","LEED_Link":"https://www.brown.edu/facilities/facilities_management/leed/cac/leed_cac.php","ObjectID_1":281,"Shape__Area":8701.144660949707,"Shape__Length":416.36681647425576,"lat":41.828256278355674,"lon":-71.4014598297371,"NAV_Number":0.99,"NAV_Desc":"Capital Upkeep","Accessibility_Level":"The facility is mostly accessible to a wheelchair user or person with mobility challenges.","Maintained_By":"MAINTAINED BY BROWN"}},{"type":"Feature","id":41,"geometry":{"type":"Polygon","coordinates":[[[-71.4012244575619,41.8283285567763],[-71.4012315839005,41.8283708239241],[-71.4012445307475,41.8284458080976],[-71.4008391094507,41.8284849756238],[-71.4007865962468,41.828180868637],[-71.4011921637188,41.8281417014194],[-71.4012244575619,41.8283285567763]]]},"properties":{"OBJECTID":41,"Building":100144,"Property_Type":"Building","Property_Code":"100144","Chart_String":";,LOC100144,,,","Property_Name":"Angell St 164","Property_Abbr":"ANGELL164","Address_Line_1":"164 Angell St","Address_Line_2":null,"City_and_State":"Providence, RI","External_Floorplan_Link":"https://drive.google.com/drive/folders/14ve85e06XYckzSCQpd3coc5_kJ1uGFBA","ZIP_code":"02912","Property_Status":"Active","Ownership_Status":"Owned","Occupancy_Status":"Brown Occupied","Official_Name":null,"Aliases":"ALTADDRS: 164-176 Angell St; DISPNAME: 164 Angell; LEGACY: Brown Office Building; NICKNAME: Bob; NICKNAME: Bookstore","Long_Description":"164 Angell St is a four story building constructed in 1970.  Originally a variety of Brown administrative offices were located at this location known as Brown Office Building aka BOB. Currently, 164 Angell has had major updates to multiple floors and the exterior facade and is now home to multiple academic departments and the Brown Bookstore.","Portfolio":"ACADEMIC","National_Historic_District":"College Hill Historic District (National)","City_of_Providence_Historic_Dis":null,"Municipal_Zone":"General Commercial District - Within I-Zone","Grid_Coord":"DC38","Gross_area__Property_":79864.909781055554,"Floors_Assignable_area":7234.32,"Net_area":71944.784949006949,"Accessibility_Code":"4","Building_Occupancy":199,"Building_Type":"BUILDING","Building_Usage":"ACAD","Tax_Status":"Property Exempt from Tax","Legal_Use":"Bank/Book","Current_Use":"Bank/Book/Offices","Cost_Rec":"Y","Year_of_Construction":1969,"Date_of_last_major_construction":"06/30/2019","Date_acquired":"01/01/1969","Date_relinquished":null,"Means_of_Acquisition":null,"GPS_Coordinates__Lat__Long_":"41.828286,-71.400983","Building_System":null,"CHP_Loop":null,"Electricity_Source":"Brown","Utility_Feeder_Number":"1152B/1153","Primary_Feeder":"JW1-3","Secondary_Feeder":"JW1-3","LEED_Level":null,"LEED_Status":null,"LEED_Link":null,"ObjectID_1":129,"Shape__Area":12452.174392700195,"Shape__Length":446.33736504911582,"lat":41.828313324969592,"lon":-71.40101561490188,"NAV_Number":0.92,"NAV_Desc":"Capital Upkeep","Accessibility_Level":"The facility is mostly accessible to a wheelchair user or person with mobility challenges.","Maintained_By":"MAINTAINED BY BROWN"}},{"type":"Feature","id":43,"geometry":{"type":"Polygon","coordinates":[[[-71.4011160039573,41.8277232194325],[-71.401120580316,41.8277476792873],[-71.4011588024609,41.8279625853452],[-71.4011297305971,41.827965618779],[-71.4011316663546,41.8279765001443],[-71.401066255542,41.8279833260203],[-71.4010643197954,41.8279724446539],[-71.4010352479227,41.8279754780637],[-71.4009926726015,41.8277360888891],[-71.4011160039573,41.8277232194325]]]},"properties":{"OBJECTID":43,"Building":100283,"Property_Type":"Building","Property_Code":"100283","Chart_String":";,LOC100283,,,","Property_Name":"Hemisphere Bldg","Property_Abbr":"HEMISPHERE","Address_Line_1":"167 Angell St","Address_Line_2":null,"City_and_State":"Providence, RI","External_Floorplan_Link":"https://drive.google.com/drive/folders/1vkB7lrYvlnNvZ8JQkLYFrGgD0rL9d7nI","ZIP_code":"02912","Property_Status":"Active","Ownership_Status":"Owned","Occupancy_Status":"Brown Occupied","Official_Name":null,"Aliases":"DISPNAME: Hemisphere","Long_Description":"The Hemisphere Building was built in 1989 and serves the University as an academic facility","Portfolio":"Admin/Support","National_Historic_District":"College Hill Historic District (National)","City_of_Providence_Historic_Dis":null,"Municipal_Zone":"General Commercial District - Outside I-Zone","Grid_Coord":"DC40","Gross_area__Property_":12064.697916666666,"Floors_Assignable_area":0,"Net_area":10418.000471944444,"Accessibility_Code":"3","Building_Occupancy":64,"Building_Type":"BUILDING","Building_Usage":"ADMIN","Tax_Status":"Property Exempt from Tax","Legal_Use":"Office","Current_Use":"Office","Cost_Rec":"Y","Year_of_Construction":1989,"Date_of_last_major_construction":null,"Date_acquired":"09/27/1999","Date_relinquished":null,"Means_of_Acquisition":null,"GPS_Coordinates__Lat__Long_":"41.827827,-71.401053","Building_System":null,"CHP_Loop":null,"Electricity_Source":null,"Utility_Feeder_Number":"2J1","Primary_Feeder":null,"Secondary_Feeder":null,"LEED_Level":null,"LEED_Status":null,"LEED_Link":null,"ObjectID_1":262,"Shape__Area":3063.7885284423828,"Shape__Length":251.94395162840505,"lat":41.827852288729531,"lon":-71.401076256522458,"NAV_Number":0.84,"NAV_Desc":"Repair and Maintain","Accessibility_Level":"A wheelchair or person with mobility challenges can enter the facility, access the primary function within that facility and access the restroom facility..","Maintained_By":"MAINTAINED BY BROWN"}},{"type":"Feature","id":44,"geometry":{"type":"Polygon","coordinates":[[[-71.4013410723346,41.8273180081776],[-71.4013547449373,41.8273977125545],[-71.4013695700803,41.8273962982468],[-71.4013787348695,41.8274492154555],[-71.4013294158781,41.8274540025228],[-71.401337126417,41.8274983562584],[-71.4012509648299,41.8275066247659],[-71.401243255361,41.8274616128775],[-71.4012177746529,41.8273298668248],[-71.4013410723346,41.8273180081776]]]},"properties":{"OBJECTID":44,"Building":100169,"Property_Type":"Building","Property_Code":"100169","Chart_String":";,LOC100169,,,","Property_Name":"Lippitt House","Property_Abbr":"LIPPITTHSE","Address_Line_1":"96 Waterman St","Address_Line_2":null,"City_and_State":"Providence, RI","External_Floorplan_Link":"https://drive.google.com/drive/folders/1a9Tn6b_ix9RNBK40F-6KRKS4IOvYFhfk","ZIP_code":"02912","Property_Status":"Active","Ownership_Status":"Owned","Occupancy_Status":"Brown Occupied","Official_Name":null,"Aliases":"DISPNAME: Lippitt House; FORMER: Sheridan; LEGACY: Fredrick & Mary Lippitt House; LEGACY: Water096","Long_Description":"Lippitt House is a 19th-century wood-framed clapboard structure.  It is currently used for academic purposes.","Portfolio":"ACADEMIC","National_Historic_District":"College Hill Historic District (National)","City_of_Providence_Historic_Dis":null,"Municipal_Zone":"One Family District - Within I-Zone","Grid_Coord":"DD45","Gross_area__Property_":6974.0614786527776,"Floors_Assignable_area":0,"Net_area":5797.0871061527778,"Accessibility_Code":"3","Building_Occupancy":null,"Building_Type":"HOUSE","Building_Usage":"ACAD","Tax_Status":"Property Exempt from Tax","Legal_Use":null,"Current_Use":null,"Cost_Rec":"Y","Year_of_Construction":1900,"Date_of_last_major_construction":null,"Date_acquired":"01/01/1945","Date_relinquished":null,"Means_of_Acquisition":null,"GPS_Coordinates__Lat__Long_":"41.827371,-71.40127","Building_System":null,"CHP_Loop":null,"Electricity_Source":"Brown","Utility_Feeder_Number":"1152B/1153","Primary_Feeder":"JW1-4","Secondary_Feeder":"5K-4","LEED_Level":null,"LEED_Status":null,"LEED_Link":null,"ObjectID_1":152,"Shape__Area":2097.4842987060547,"Shape__Length":205.25498045545092,"lat":41.82740783307888,"lon":-71.401294088880064,"NAV_Number":0.95,"NAV_Desc":"Capital Upkeep","Accessibility_Level":"A wheelchair or person with mobility challenges can enter the facility, access the primary function within that facility and access the restroom facility..","Maintained_By":"MAINTAINED BY BROWN"}},{"type":"Feature","id":45,"geometry":{"type":"Polygon","coordinates":[[[-71.4015592593873,41.8273035441414],[-71.4015748869758,41.8273935770597],[-71.4015891378771,41.8273921937434],[-71.4016042536335,41.827479278507],[-71.4015419442254,41.8274853285176],[-71.40152694668,41.8273989245039],[-71.4014534179279,41.8274060641627],[-71.4014376735836,41.8273153504714],[-71.4015592593873,41.8273035441414]]]},"properties":{"OBJECTID":45,"Building":100293,"Property_Type":"Building","Property_Code":"100293","Chart_String":";,LOC100293,,,","Property_Name":"Waterman St 094","Property_Abbr":"WATER094","Address_Line_1":"94 Waterman St","Address_Line_2":null,"City_and_State":"Providence, RI","External_Floorplan_Link":"https://drive.google.com/drive/folders/19HWBGx8ztLCyDHTlpYtx6d2BgHzbAKy7","ZIP_code":"02912","Property_Status":"Active","Ownership_Status":"Owned","Occupancy_Status":"Brown Occupied","Official_Name":null,"Aliases":"DISPNAME: 94 Waterman","Long_Description":"Sorry, no narrative available.","Portfolio":"ACADEMIC","National_Historic_District":"College Hill Historic District (National)","City_of_Providence_Historic_Dis":null,"Municipal_Zone":"One Family District - Within I-Zone","Grid_Coord":"DF45","Gross_area__Property_":6643.9289582291667,"Floors_Assignable_area":834.9899,"Net_area":5031.5210818472224,"Accessibility_Code":"3","Building_Occupancy":null,"Building_Type":"HOUSE","Building_Usage":"ACAD","Tax_Status":"Taxable Property","Legal_Use":null,"Current_Use":null,"Cost_Rec":"N","Year_of_Construction":1860,"Date_of_last_major_construction":null,"Date_acquired":"01/24/2008","Date_relinquished":null,"Means_of_Acquisition":"PURCHASED","GPS_Coordinates__Lat__Long_":"41.827366,-71.401461","Building_System":null,"CHP_Loop":null,"Electricity_Source":null,"Utility_Feeder_Number":"2J1","Primary_Feeder":null,"Secondary_Feeder":null,"LEED_Level":null,"LEED_Status":null,"LEED_Link":null,"ObjectID_1":271,"Shape__Area":1658.5907440185547,"Shape__Length":204.83328294149905,"lat":41.827382461164639,"lon":-71.401525810693542,"NAV_Number":0.88,"NAV_Desc":"Capital Upkeep","Accessibility_Level":"A wheelchair or person with mobility challenges can enter the facility, access the primary function within that facility and access the restroom facility..","Maintained_By":"MAINTAINED BY BROWN"}},{"type":"Feature","id":46,"geometry":{"type":"Polygon","coordinates":[[[-71.4022640332877,41.8275734239287],[-71.4022692792986,41.8276042560093],[-71.4022725780635,41.8276039400957],[-71.4022860342775,41.8276858383008],[-71.4022822778686,41.8276862942784],[-71.402291806428,41.8277435360507],[-71.4022879009843,41.8277438379437],[-71.4022906976709,41.8277602255968],[-71.4022330116306,41.8277655191279],[-71.4022300631279,41.8277492348832],[-71.4022261719875,41.8277496295212],[-71.4022167531725,41.827692292401],[-71.4020908927702,41.8277037365473],[-71.4020724132457,41.8275912225017],[-71.4022640332877,41.8275734239287]]]},"properties":{"OBJECTID":46,"Building":100211,"Property_Type":"Building","Property_Code":"100211","Chart_String":";,LOC100211,,,","Property_Name":"Urban Environmental Lab","Property_Abbr":"UEL","Address_Line_1":"135 Angell St","Address_Line_2":null,"City_and_State":"Providence, RI","External_Floorplan_Link":"https://drive.google.com/drive/u/0/folders/1p_HZVbnCXm3v11G-nlewAe-xE46ELttH","ZIP_code":"02912","Property_Status":"Active","Ownership_Status":"Owned","Occupancy_Status":"Brown Occupied","Official_Name":null,"Aliases":"DISPNAME: Urban Environmental Lab","Long_Description":"The Urban Environmental Laboratory was originally built to be a carriage house in 1885.  Grants from the Richard King Mellon Foundation allowed Brown to renovate the building extensively in the 1980's to house the Center for Environmental Studies.","Portfolio":"ACADEMIC","National_Historic_District":"College Hill Historic District (National)","City_of_Providence_Historic_Dis":null,"Municipal_Zone":"One Family District - Within I-Zone","Grid_Coord":"DI41","Gross_area__Property_":7771.7279088055557,"Floors_Assignable_area":0,"Net_area":6560.780455013889,"Accessibility_Code":"1","Building_Occupancy":3,"Building_Type":"HOUSE","Building_Usage":"ACAD","Tax_Status":"Property Exempt from Tax","Legal_Use":"Classroom/Dormitory","Current_Use":"School","Cost_Rec":"Y","Year_of_Construction":1984,"Date_of_last_major_construction":null,"Date_acquired":"01/01/1921","Date_relinquished":null,"Means_of_Acquisition":null,"GPS_Coordinates__Lat__Long_":"41.827633,-71.40218","Building_System":"ANDOVER","CHP_Loop":null,"Electricity_Source":"Brown","Utility_Feeder_Number":"1152B/1153","Primary_Feeder":"JW1-4","Secondary_Feeder":"5K-4","LEED_Level":null,"LEED_Status":null,"LEED_Link":null,"ObjectID_1":194,"Shape__Area":2680.2070388793945,"Shape__Length":243.88859538009632,"lat":41.827654046732739,"lon":-71.402192390001773,"NAV_Number":0.87,"NAV_Desc":"Capital Upkeep","Accessibility_Level":"A wheelchair user or person with mobility challenges can enter the facility.","Maintained_By":"MAINTAINED BY BROWN"}},{"type":"Feature","id":47,"geometry":{"type":"Polygon","coordinates":[[[-71.4027443979685,41.8275369204226],[-71.4027045160684,41.8273074054637],[-71.4027081146033,41.8273070537779],[-71.4027069227911,41.8272999652972],[-71.4027027921245,41.8273003669513],[-71.4027018457928,41.8272949244988],[-71.4027031725187,41.8272947950733],[-71.4026947391194,41.8272462641411],[-71.4026934135982,41.8272463935675],[-71.4026924672682,41.8272409511148],[-71.4026967123046,41.8272405378536],[-71.4026924962105,41.8272162728379],[-71.402688251177,41.8272166851986],[-71.4026873048478,41.8272112427459],[-71.402688631572,41.8272111133206],[-71.4026801993969,41.827162583288],[-71.4026788726751,41.8271627118128],[-71.4026779263475,41.82715726936],[-71.4027970845384,41.8271456856478],[-71.4028074094749,41.8272051023762],[-71.4028722948982,41.8271987945591],[-71.4028774574031,41.8272285029199],[-71.4029171760344,41.8272246416267],[-71.4029443861536,41.8273812327301],[-71.4029374888615,41.8273819030572],[-71.4029375091539,41.8273820165171],[-71.4029127600454,41.8273844220168],[-71.402951378943,41.8276066655937],[-71.4029737523993,41.8277315075312],[-71.4027814626057,41.8277502259672],[-71.4027509220619,41.8275744664933],[-71.4027384902803,41.8275756750274],[-71.4027386131943,41.8275763836985],[-71.4026928301389,41.8275808340167],[-71.4026862094122,41.8275427350526],[-71.4027319936446,41.827538284738],[-71.4027321165584,41.8275389934091],[-71.402744548333,41.8275377848757],[-71.4027443979685,41.8275369204226]]]},"properties":{"OBJECTID":47,"Building":100031,"Property_Type":"Building","Property_Code":"100031","Chart_String":";,LOC100031,,,","Property_Name":"Page-Robinson Hall","Property_Abbr":"PAGEROBHLL","Address_Line_1":"69 Brown St","Address_Line_2":null,"City_and_State":"Providence, RI","External_Floorplan_Link":"https://drive.google.com/drive/folders/1r5K1TS7krLVYzWPdvz3v9MEhpYGhFQak","ZIP_code":"02912","Property_Status":"Active","Ownership_Status":"Owned","Occupancy_Status":"Brown Occupied","Official_Name":"Page-Robinson Hall","Aliases":"DISPNAME: Page-Robinson Hall; LEGACY: J. Walter Wilson Building; LEGACY: James Walter Wilson","Long_Description":"In 2018, Page-Robinson Hall was named in honor of Inman Edward Page and Ethel Tremaine Robinson.  Page was one of the first two black graduates of Brown in 1877 and Robinson was the first black woman to graduate in 1905.  The six-story building was originally built in 1962 as a biological laboratory building and named after James Walter Wilson, alumnus and beloved professor of biology.  The Sol Koffler wing, named for its donor was added to the building in 1983.  The building was completely renovated in 2008 to house classrooms, student service offices, and the campus mail room.","Portfolio":"Admin/Support","National_Historic_District":"College Hill Historic District (National)","City_of_Providence_Historic_Dis":null,"Municipal_Zone":"One Family District - Within I-Zone","Grid_Coord":"DL44","Gross_area__Property_":66970.4157370625,"Floors_Assignable_area":6168.003,"Net_area":56909.174348416665,"Accessibility_Code":"4","Building_Occupancy":79,"Building_Type":"BUILDING","Building_Usage":"ADMIN","Tax_Status":"Property Exempt from Tax","Legal_Use":"School/Lab","Current_Use":"School/Lab","Cost_Rec":"Y","Year_of_Construction":1962,"Date_of_last_major_construction":null,"Date_acquired":null,"Date_relinquished":null,"Means_of_Acquisition":null,"GPS_Coordinates__Lat__Long_":"41.827475,-71.40281","Building_System":null,"CHP_Loop":null,"Electricity_Source":"Brown","Utility_Feeder_Number":"1152B/1153","Primary_Feeder":"JW2-2","Secondary_Feeder":"JW3-4","LEED_Level":null,"LEED_Status":null,"LEED_Link":null,"ObjectID_1":25,"Shape__Area":11722.567192077637,"Shape__Length":597.81285839356,"lat":41.827451676174462,"lon":-71.402827196573739,"NAV_Number":0.92,"NAV_Desc":"Capital Upkeep","Accessibility_Level":"The facility is mostly accessible to a wheelchair user or person with mobility challenges.","Maintained_By":"MAINTAINED BY BROWN"}},{"type":"Feature","id":48,"geometry":{"type":"Polygon","coordinates":[[[-71.4024397888757,41.8276730347134],[-71.4024488266239,41.8277230193215],[-71.4024327662938,41.82772448764],[-71.4024400577288,41.8277671149933],[-71.4024566419802,41.8277654643498],[-71.4024715327728,41.8278485305887],[-71.4023858775818,41.8278568399919],[-71.4023707845838,41.8277738284908],[-71.4023734947877,41.8277734679575],[-71.4023720327075,41.8277660182082],[-71.4023638193795,41.8277668746528],[-71.4023607623758,41.8277498835529],[-71.4023688635828,41.8277491386552],[-71.4023618062394,41.8277101344615],[-71.4023986898708,41.8277065923593],[-71.4023935566558,41.8276775340494],[-71.4024397888757,41.8276730347134]]]},"properties":{"OBJECTID":48,"Building":100141,"Property_Type":"Building","Property_Code":"100141","Chart_String":";,LOC100141,,,","Property_Name":"Angell St 129","Property_Abbr":"ANGELL129","Address_Line_1":"129 Angell St","Address_Line_2":null,"City_and_State":"Providence, RI","External_Floorplan_Link":"https://drive.google.com/drive/folders/18iZOfkiOHyQ7Cd5DjPWVd2RyyXc3o92z","ZIP_code":"02912","Property_Status":"Active","Ownership_Status":"Owned","Occupancy_Status":"Brown Occupied","Official_Name":null,"Aliases":"DISPNAME: 129 Angell","Long_Description":"129 Angell Street is a three story clapboard residence that was constructed in 1849.  The facility is used as a rental property.","Portfolio":"AUXILIARY","National_Historic_District":"College Hill Historic District (National)","City_of_Providence_Historic_Dis":null,"Municipal_Zone":"One Family District - Within I-Zone","Grid_Coord":"DK40","Gross_area__Property_":4249.8888888888887,"Floors_Assignable_area":0,"Net_area":3559.5843545833332,"Accessibility_Code":"0","Building_Occupancy":3,"Building_Type":"HOUSE","Building_Usage":"AUXILIARY","Tax_Status":"Property Exempt from Tax","Legal_Use":"1 Family","Current_Use":"Rooming  House (05)","Cost_Rec":"Y","Year_of_Construction":1849,"Date_of_last_major_construction":null,"Date_acquired":"07/30/1981","Date_relinquished":null,"Means_of_Acquisition":null,"GPS_Coordinates__Lat__Long_":"41.827777,-71.402402","Building_System":null,"CHP_Loop":null,"Electricity_Source":null,"Utility_Feeder_Number":"2J1","Primary_Feeder":null,"Secondary_Feeder":null,"LEED_Level":null,"LEED_Status":null,"LEED_Link":null,"ObjectID_1":126,"Shape__Area":1332.8183441162109,"Shape__Length":189.71045457337991,"lat":41.827772347134655,"lon":-71.402414398124179,"NAV_Number":-0.61,"NAV_Desc":"Transitional/ Gut Renovation/ Replacement","Accessibility_Level":"A physical barrier exists that would prevent a wheelchair user from entering the facility.","Maintained_By":"MAINTAINED BY BROWN"}},{"type":"Feature","id":49,"geometry":{"type":"Polygon","coordinates":[[[-71.4035131947647,41.827644354392],[-71.4035249912032,41.827651805604],[-71.4035275289323,41.8276685009259],[-71.4035182702214,41.8276777423352],[-71.4035123987595,41.8276782415936],[-71.4035139447681,41.8276884059219],[-71.4035058966376,41.8276890906222],[-71.4035128017837,41.8277345167381],[-71.4034688241678,41.8277382558132],[-71.4034701103072,41.8277467191828],[-71.4034394996922,41.8277493224463],[-71.4034382135568,41.8277408590764],[-71.4034308095114,41.8277414884918],[-71.403431620044,41.8277468263844],[-71.4034009817384,41.8277494314151],[-71.4034013130961,41.8277516177175],[-71.4033772589718,41.8277536628654],[-71.4033769276149,41.827751476563],[-71.4033475028453,41.8277539790611],[-71.4033443739436,41.8277333964734],[-71.4033407297093,41.8277337058247],[-71.4033380513687,41.8277160893335],[-71.403341695602,41.8277157799823],[-71.4033385774363,41.8276952649287],[-71.4033492067489,41.8276943618289],[-71.4033479110844,41.8276858399278],[-71.4033369735717,41.8276867697784],[-71.4033338577879,41.8276662736338],[-71.4033447952985,41.8276653428832],[-71.4033429882873,41.8276534550835],[-71.4033182951,41.8276554366577],[-71.4033084969897,41.827587135875],[-71.4032224206447,41.8275940437197],[-71.4032067700656,41.8274849436229],[-71.4032967204036,41.8274777257331],[-71.4032970384732,41.8274799399352],[-71.4032988720074,41.8274797929228],[-71.4032987576424,41.8274789987272],[-71.4032998303147,41.8274789122973],[-71.4032999565858,41.8274797938358],[-71.4033233181979,41.8274779182852],[-71.4033231919252,41.8274770376471],[-71.4033242645961,41.8274769521173],[-71.403324377759,41.8274777454115],[-71.4033262112931,41.8274775983986],[-71.4033258932226,41.8274753841965],[-71.4034863460935,41.8274625074154],[-71.4034866641695,41.8274647216171],[-71.4034884964991,41.8274645746006],[-71.4034883833355,41.8274637804062],[-71.4034894560059,41.8274636948748],[-71.4034904257046,41.8274704563375],[-71.4035137873066,41.8274685816485],[-71.4035128164018,41.8274618201851],[-71.4035138890735,41.8274617337531],[-71.4035140034411,41.8274625279485],[-71.4035158369743,41.8274623809325],[-71.4035155188987,41.8274601658307],[-71.4036431510982,41.8274499226617],[-71.4036666280869,41.8276135718178],[-71.4034845997996,41.8276281809841],[-71.4034859795763,41.8276376158985],[-71.4035059751834,41.8276359805743],[-71.4035073245095,41.8276448536511],[-71.4035131947647,41.827644354392]]]},"properties":{"OBJECTID":49,"Building":100162,"Property_Type":"Building","Property_Code":"100162","Chart_String":";,LOC100162,,,","Property_Name":"Brown St 070","Property_Abbr":"BROWN070","Address_Line_1":"70 Brown St","Address_Line_2":null,"City_and_State":"Providence, RI","External_Floorplan_Link":"https://drive.google.com/drive/folders/1bBroiiTM4U7-E6SHmia6awr9rqAig0CH","ZIP_code":"02912","Property_Status":"Active","Ownership_Status":"Owned","Occupancy_Status":"Brown Occupied","Official_Name":null,"Aliases":"DISPNAME: 70 Brown; FORMER: Angell 107; LEGACY: Carr House; OCCUPANT: English Department","Long_Description":"Sorry, no narrative available.","Portfolio":"ACADEMIC","National_Historic_District":"College Hill Historic District (National)","City_of_Providence_Historic_Dis":null,"Municipal_Zone":"One Family District - Within I-Zone","Grid_Coord":"DO40","Gross_area__Property_":33547.57437642361,"Floors_Assignable_area":4452.9886,"Net_area":28375.938477847223,"Accessibility_Code":"4","Building_Occupancy":115,"Building_Type":"BUILDING","Building_Usage":"ACAD","Tax_Status":"Property Exempt from Tax","Legal_Use":"Office/Classroom","Current_Use":"Office/Classroom","Cost_Rec":"Y","Year_of_Construction":2001,"Date_of_last_major_construction":null,"Date_acquired":"01/01/1990","Date_relinquished":null,"Means_of_Acquisition":null,"GPS_Coordinates__Lat__Long_":"41.827553,-71.403397","Building_System":null,"CHP_Loop":null,"Electricity_Source":"Brown","Utility_Feeder_Number":"1152B/1153","Primary_Feeder":"JW2-3","Secondary_Feeder":"JW2-3","LEED_Level":null,"LEED_Status":null,"LEED_Link":null,"ObjectID_1":145,"Shape__Area":8633.6876754760742,"Shape__Length":490.21850083086196,"lat":41.827577471376294,"lon":-71.403442994802575,"NAV_Number":0.93,"NAV_Desc":"Capital Upkeep","Accessibility_Level":"The facility is mostly accessible to a wheelchair user or person with mobility challenges.","Maintained_By":"MAINTAINED BY BROWN"}},{"type":"Feature","id":50,"geometry":{"type":"Polygon","coordinates":[[[-71.4034002896803,41.8274098345557],[-71.4033992254518,41.8274099101896],[-71.4033987091832,41.8274058132116],[-71.4033981204758,41.8274058622352],[-71.4033746918178,41.8274075144604],[-71.4033752068934,41.8274116033345],[-71.4033741426648,41.8274116789682],[-71.4033746589224,41.8274157822487],[-71.4032902875627,41.8274217318169],[-71.4032901721689,41.8274208214767],[-71.4032706982421,41.8274221943036],[-71.4032708136356,41.8274231046438],[-71.4032622937924,41.8274237051983],[-71.403262178399,41.8274227948581],[-71.4032427044697,41.8274241685806],[-71.4032428162515,41.8274250789178],[-71.4032075221616,41.8274275674329],[-71.4032028330285,41.8273903569593],[-71.4031972036984,41.8273907537669],[-71.403194650965,41.8273704984825],[-71.4032014962087,41.8273700162671],[-71.4032013962941,41.8273692193826],[-71.4032001791738,41.8273693056899],[-71.4031983437299,41.8273547402542],[-71.4032153834005,41.8273535382537],[-71.4032154975893,41.827354448593],[-71.4032165630195,41.8273543738622],[-71.4032159170962,41.8273492530882],[-71.4032429982976,41.8273473437739],[-71.403243644223,41.8273524645477],[-71.4032447084507,41.8273523889153],[-71.4032445942615,41.827351478576],[-71.4033614376871,41.8273432397907],[-71.4033618968581,41.8273468811493],[-71.4033693139401,41.8273463579893],[-71.4033692140222,41.8273455620052],[-71.4033702782497,41.8273454863716],[-71.40337037937,41.827346283257],[-71.4033876465678,41.8273450652163],[-71.4033875466496,41.8273442692323],[-71.403388610877,41.8273441935985],[-71.4033887119976,41.8273449904838],[-71.4033961290792,41.8273444673221],[-71.4033934894374,41.8273235295117],[-71.4034385228178,41.8273203540647],[-71.4034380969619,41.8273169693312],[-71.4034366587303,41.8273055896336],[-71.4034804785899,41.8273024995826],[-71.4034823402785,41.8273172649113],[-71.4034835573975,41.827317178601],[-71.4034949166436,41.827407303108],[-71.403400807142,41.8274139387375],[-71.4034002896803,41.8274098345557]]]},"properties":{"OBJECTID":50,"Building":100140,"Property_Type":"Building","Property_Code":"100140","Chart_String":";,LOC100140,,,","Property_Name":"Brown St 068.5","Property_Abbr":"BROWN068H","Address_Line_1":"68.5 Brown St","Address_Line_2":null,"City_and_State":"Providence, RI","External_Floorplan_Link":"https://drive.google.com/drive/folders/10uzM5LiGuuGhonZHOoHlTcrNSqz8W7BX","ZIP_code":"02912","Property_Status":"Active","Ownership_Status":"Owned","Occupancy_Status":"Brown Occupied","Official_Name":null,"Aliases":"DISPNAME: 68 1/2 Brown; FORMER: Angell 107 Annex; OCCUPANT: Literary Arts Program","Long_Description":"Sorry, no narrative available.","Portfolio":"ACADEMIC","National_Historic_District":"College Hill Historic District (National)","City_of_Providence_Historic_Dis":null,"Municipal_Zone":"One Family District - Within I-Zone","Grid_Coord":"DO43","Gross_area__Property_":7525.4381442569447,"Floors_Assignable_area":909.1384,"Net_area":6179.98269275,"Accessibility_Code":"4","Building_Occupancy":26,"Building_Type":"BUILDING","Building_Usage":"ACAD","Tax_Status":"Property Exempt from Tax","Legal_Use":"School","Current_Use":"School","Cost_Rec":"Y","Year_of_Construction":2001,"Date_of_last_major_construction":null,"Date_acquired":"-2921","Date_relinquished":null,"Means_of_Acquisition":null,"GPS_Coordinates__Lat__Long_":"41.827355,-71.403309","Building_System":null,"CHP_Loop":null,"Electricity_Source":"Brown","Utility_Feeder_Number":"1152B/1153","Primary_Feeder":"JW2-3","Secondary_Feeder":"JW2-3","LEED_Level":null,"LEED_Status":null,"LEED_Link":null,"ObjectID_1":125,"Shape__Area":2304.2326507568359,"Shape__Length":253.46299999924827,"lat":41.827375255144986,"lon":-71.4033543966162,"NAV_Number":0.9,"NAV_Desc":"Capital Upkeep","Accessibility_Level":"The facility is mostly accessible to a wheelchair user or person with mobility challenges.","Maintained_By":"MAINTAINED BY BROWN"}},{"type":"Feature","id":51,"geometry":{"type":"Polygon","coordinates":[[[-71.403266874059,41.8273141512644],[-71.403263379152,41.8273144346292],[-71.4032631158617,41.8273126157221],[-71.4032412290546,41.8273143880633],[-71.4032364231178,41.8272811939057],[-71.4032072419237,41.8272835579211],[-71.4032004607435,41.8272367219564],[-71.4032060841295,41.8272362666215],[-71.4032034178843,41.8272178506345],[-71.4031921711153,41.8272187613037],[-71.4031877607441,41.827188295505],[-71.4031990075079,41.8271873848363],[-71.403194645975,41.8271572603076],[-71.4032227640751,41.8271549827326],[-71.4032226818723,41.8271544145493],[-71.4032925954793,41.8271487517723],[-71.4032919378553,41.8271442045049],[-71.4032957373366,41.8271438970865],[-71.4032954907278,41.8271421916361],[-71.4032962503833,41.8271421301522],[-71.4032997960793,41.8271352869565],[-71.4033285209271,41.8271329603478],[-71.4033339430215,41.8271390773146],[-71.4033347026769,41.8271390158305],[-71.403334949288,41.8271407203804],[-71.4033387499727,41.8271404129615],[-71.4033394076,41.8271449602287],[-71.4034199611776,41.8271384356987],[-71.4034329305329,41.8272280141621],[-71.4033736556556,41.8272328153456],[-71.4033726680059,41.8272259944443],[-71.4033580768216,41.8272271769199],[-71.403366273468,41.8272837881501],[-71.4033692030558,41.8273040230402],[-71.4033467082867,41.8273058453091],[-71.4033469715793,41.8273076642161],[-71.4033440846407,41.8273078976759],[-71.4033468331326,41.8273268827431],[-71.4032696225298,41.8273331354331],[-71.403266874059,41.8273141512644]]]},"properties":{"OBJECTID":51,"Building":100151,"Property_Type":"Building","Property_Code":"100151","Chart_String":";,LOC100151,,,","Property_Name":"Partridge Hall & Annex","Property_Abbr":"PARTRIDGE","Address_Line_1":"68 Brown St","Address_Line_2":null,"City_and_State":"Providence, RI","External_Floorplan_Link":"https://drive.google.com/drive/folders/1smaoxFFLmmIj6sxRyXEY3BNzI_j4O7uq","ZIP_code":"02912","Property_Status":"Active","Ownership_Status":"Owned","Occupancy_Status":"Brown Occupied","Official_Name":null,"Aliases":"DISPNAME: Partridge Hall; LEGACY: Dr. Herbert Partridge; OCCUPANT: Partridge; OCCUPANT: Third World Center","Long_Description":"Partridge Hall is a three story building that was constructed in 1885.  The facility serves as an academic center with offices and classrooms.","Portfolio":"STUDENT LIFE","National_Historic_District":"College Hill Historic District (National)","City_of_Providence_Historic_Dis":null,"Municipal_Zone":"One Family District - Within I-Zone","Grid_Coord":"DO45","Gross_area__Property_":10086.823699770834,"Floors_Assignable_area":1834.0905,"Net_area":8308.2034114513881,"Accessibility_Code":"3","Building_Occupancy":4,"Building_Type":"HOUSE","Building_Usage":"STUDENT AC","Tax_Status":"Property Exempt from Tax","Legal_Use":"Office/Classroom","Current_Use":"Office/Classroom","Cost_Rec":"Y","Year_of_Construction":1894,"Date_of_last_major_construction":null,"Date_acquired":"11/09/1956","Date_relinquished":null,"Means_of_Acquisition":null,"GPS_Coordinates__Lat__Long_":"41.827197,-71.403282","Building_System":null,"CHP_Loop":null,"Electricity_Source":"Brown","Utility_Feeder_Number":"1152B/1153","Primary_Feeder":"JW2-3","Secondary_Feeder":"JW2-3","LEED_Level":null,"LEED_Status":null,"LEED_Link":null,"ObjectID_1":135,"Shape__Area":3278.0694274902344,"Shape__Length":277.55659448437433,"lat":41.827222823459131,"lon":-71.403305028521444,"NAV_Number":0.64,"NAV_Desc":"Systemic Renovation","Accessibility_Level":"A wheelchair or person with mobility challenges can enter the facility, access the primary function within that facility and access the restroom facility..","Maintained_By":"MAINTAINED BY BROWN"}},{"type":"Feature","id":52,"geometry":{"type":"Polygon","coordinates":[[[-71.4038041936219,41.8271025608614],[-71.4038374588972,41.8271002757417],[-71.4038907854205,41.8270966127731],[-71.4039034260818,41.8271995519451],[-71.4038923167735,41.8272003151422],[-71.4038977528797,41.8272445929775],[-71.4038667760899,41.8272467206697],[-71.4038688109148,41.8272632895168],[-71.4037937688279,41.8272684441593],[-71.4037736575131,41.827104658286],[-71.4038041936219,41.8271025608614]]]},"properties":{"OBJECTID":52,"Building":100125,"Property_Type":"Building","Property_Code":"100125","Chart_String":";,LOC100125,,,","Property_Name":"Waterman St 070","Property_Abbr":"WATER070","Address_Line_1":"70 Waterman St","Address_Line_2":null,"City_and_State":"Providence, RI","External_Floorplan_Link":"https://drive.google.com/drive/folders/1C8hbAQ_hXPtsnYO328QAgVdZw-jXSSIH","ZIP_code":"02912","Property_Status":"Active","Ownership_Status":"Owned","Occupancy_Status":"Brown Occupied","Official_Name":null,"Aliases":"DISPNAME: 70 Waterman","Long_Description":"Built originally in 1859.  It was renovated in 1980. The facility is used for academic functions.","Portfolio":"ACADEMIC","National_Historic_District":"College Hill Historic District (National)","City_of_Providence_Historic_Dis":null,"Municipal_Zone":"One Family District - Within I-Zone","Grid_Coord":"DR45","Gross_area__Property_":8097.25,"Floors_Assignable_area":1247.6458,"Net_area":6565.9946880694442,"Accessibility_Code":"0","Building_Occupancy":5,"Building_Type":"HOUSE","Building_Usage":"ACAD","Tax_Status":"Property Exempt from Tax","Legal_Use":"Office","Current_Use":"Classroom/Office","Cost_Rec":"Y","Year_of_Construction":1859,"Date_of_last_major_construction":null,"Date_acquired":"11/20/1943","Date_relinquished":null,"Means_of_Acquisition":null,"GPS_Coordinates__Lat__Long_":"41.827139,-71.403818","Building_System":null,"CHP_Loop":null,"Electricity_Source":"Brown","Utility_Feeder_Number":"1152B/1153","Primary_Feeder":"JW1-4","Secondary_Feeder":"5K-4","LEED_Level":null,"LEED_Status":null,"LEED_Link":null,"ObjectID_1":111,"Shape__Area":1802.2753753662109,"Shape__Length":183.98516684288234,"lat":41.827178694971742,"lon":-71.403838879075451,"NAV_Number":0.58,"NAV_Desc":"Systemic Renovation","Accessibility_Level":"A physical barrier exists that would prevent a wheelchair user from entering the facility.","Maintained_By":"MAINTAINED BY BROWN"}},{"type":"Feature","id":53,"geometry":{"type":"Polygon","coordinates":[[[-71.4041049061991,41.8271345204424],[-71.4041152422703,41.827225201347],[-71.4041961417154,41.8272200432767],[-71.4042107887604,41.8273485384175],[-71.4039384375356,41.8273659045169],[-71.4039237910313,41.8272374093424],[-71.4040032169819,41.8272323447112],[-71.4039928810676,41.8271416637968],[-71.4041049061991,41.8271345204424]]]},"properties":{"OBJECTID":53,"Building":100185,"Property_Type":"Building","Property_Code":"100185","Chart_String":";,LOC100185,,,","Property_Name":"Mencoff Hall","Property_Abbr":"MENCOFF","Address_Line_1":"68 Waterman St","Address_Line_2":"Formerly The Cabinet","City_and_State":"Providence, RI","External_Floorplan_Link":"https://drive.google.com/drive/folders/1TwyeKC3zEmbPogoHf5rylEnGujE1Lg0W","ZIP_code":"02912","Property_Status":"Active","Ownership_Status":"Owned","Occupancy_Status":"Brown Occupied","Official_Name":null,"Aliases":"DISPNAME: Mencoff Hall; LEGACY: Cabinet","Long_Description":"Mencoff Hall, originally known as The Cabinet of the Rhode Island Historical Society, was built to house a collection of Rhode Island-oriented books and printed material.  In 1891, a three story addition was added to the building.  Then in 1913, the building was added onto once again.  The building was sold to Brown in 1942.  With significant renovations taking place in 2003, Mencoff is used as an academic facility.","Portfolio":"ACADEMIC","National_Historic_District":"College Hill Historic District (National)","City_of_Providence_Historic_Dis":null,"Municipal_Zone":"One Family District - Within I-Zone","Grid_Coord":"DS44","Gross_area__Property_":16274.534799291667,"Floors_Assignable_area":null,"Net_area":12459.893894416668,"Accessibility_Code":"3","Building_Occupancy":null,"Building_Type":"BUILDING","Building_Usage":"ACAD","Tax_Status":"Property Exempt from Tax","Legal_Use":"Office/Stockroom","Current_Use":null,"Cost_Rec":"Y","Year_of_Construction":1844,"Date_of_last_major_construction":null,"Date_acquired":"01/01/1942","Date_relinquished":null,"Means_of_Acquisition":null,"GPS_Coordinates__Lat__Long_":"41.827249,-71.404063","Building_System":null,"CHP_Loop":null,"Electricity_Source":"Brown","Utility_Feeder_Number":"1152B/1153","Primary_Feeder":"JW1-4","Secondary_Feeder":"5K-4","LEED_Level":null,"LEED_Status":null,"LEED_Link":null,"ObjectID_1":168,"Shape__Area":4517.2327346801758,"Shape__Length":309.31289344799603,"lat":41.827268329920436,"lon":-71.404064313794677,"NAV_Number":0.88,"NAV_Desc":"Capital Upkeep","Accessibility_Level":"A wheelchair or person with mobility challenges can enter the facility, access the primary function within that facility and access the restroom facility..","Maintained_By":"MAINTAINED BY BROWN"}},{"type":"Feature","id":54,"geometry":{"type":"Polygon","coordinates":[[[-71.4043135128082,41.8275338364338],[-71.4042000323566,41.8275429397162],[-71.404191523023,41.8274791615862],[-71.4040919876371,41.8274869681991],[-71.4040813689532,41.8274114244656],[-71.4042977755882,41.8273943841727],[-71.4043135128082,41.8275338364338]]]},"properties":{"OBJECTID":54,"Building":100132,"Property_Type":"Building","Property_Code":"100132","Chart_String":";,LOC100132,,,","Property_Name":"Fones Alley 008","Property_Abbr":"FONES008","Address_Line_1":"8 Fones Alley","Address_Line_2":null,"City_and_State":"Providence, RI","External_Floorplan_Link":"https://drive.google.com/drive/folders/1FPsZrQ1dk3r4gq4ifVvLxxEmY5v0zYUW","ZIP_code":"02912","Property_Status":"Active","Ownership_Status":"Owned","Occupancy_Status":"Brown Occupied","Official_Name":null,"Aliases":"DISPNAME: 8 Fones Alley; OCCUPANT: The Political Theory Project","Long_Description":"8 Fones Alley is a two story former carriage house connected to the rear of 83 Angell Street (Bracket Annex). The building is presently utilized for academic functions.","Portfolio":"ACADEMIC","National_Historic_District":"College Hill Historic District (National)","City_of_Providence_Historic_Dis":"College Hill Historic District (Providence)","Municipal_Zone":"One Family District - Within I-Zone","Grid_Coord":"DT42","Gross_area__Property_":3823.6867496319446,"Floors_Assignable_area":0,"Net_area":3099.3340285138888,"Accessibility_Code":"3","Building_Occupancy":14,"Building_Type":"BUILDING","Building_Usage":"ACAD","Tax_Status":"Property Exempt from Tax","Legal_Use":"Office","Current_Use":"Office","Cost_Rec":"Y","Year_of_Construction":1900,"Date_of_last_major_construction":null,"Date_acquired":"01/01/1920","Date_relinquished":null,"Means_of_Acquisition":null,"GPS_Coordinates__Lat__Long_":"41.827451,-71.404194","Building_System":null,"CHP_Loop":null,"Electricity_Source":"Brown","Utility_Feeder_Number":"1152B/1153","Primary_Feeder":"JW1-4","Secondary_Feeder":"5K-4","LEED_Level":null,"LEED_Status":null,"LEED_Link":null,"ObjectID_1":118,"Shape__Area":2363.9733276367188,"Shape__Length":219.72473990180134,"lat":41.82746097512684,"lon":-71.4042124063504,"NAV_Number":0.67,"NAV_Desc":"Systemic Renovation","Accessibility_Level":"A wheelchair or person with mobility challenges can enter the facility, access the primary function within that facility and access the restroom facility..","Maintained_By":"MAINTAINED BY BROWN"}},{"type":"Feature","id":55,"geometry":{"type":"Polygon","coordinates":[[[-71.3999375392089,41.8278244783757],[-71.399980743477,41.8280710585934],[-71.3999863213545,41.828070514243],[-71.39998908655,41.8280858845404],[-71.3998649054814,41.8280980704886],[-71.399861996028,41.8280818222317],[-71.3998680144824,41.8280812791716],[-71.3998239366781,41.827830087513],[-71.3998418440832,41.8278283465663],[-71.3998428637077,41.8278337260819],[-71.3999375392089,41.8278244783757]]]},"properties":{"OBJECTID":55,"Building":100186,"Property_Type":"Building","Property_Code":"100186","Chart_String":";,LOC100186,,,","Property_Name":"Angell St 195","Property_Abbr":"ANGELL195","Address_Line_1":"195 Angell St","Address_Line_2":null,"City_and_State":"Providence, RI","External_Floorplan_Link":"https://drive.google.com/drive/folders/1E6M9WWD1cpqwM1gi_NOe-xjyEGcE1tdo","ZIP_code":"02912","Property_Status":"Active","Ownership_Status":"Owned","Occupancy_Status":"Brown Occupied","Official_Name":null,"Aliases":"DISPNAME: 195 Angell; OCCUPANT: Brown Daily Herald","Long_Description":"Angell Street 195 is a two story building with a brick exterior that was constructed in 1902.  It is used as an academic facility.","Portfolio":"ACADEMIC","National_Historic_District":"College Hill Historic District (National)","City_of_Providence_Historic_Dis":null,"Municipal_Zone":"Limited Commercial District - Outside I-Zone","Grid_Coord":"AV40","Gross_area__Property_":8551.2367882638882,"Floors_Assignable_area":1779.9979,"Net_area":6995.5508523680555,"Accessibility_Code":"3","Building_Occupancy":1,"Building_Type":"BUILDING","Building_Usage":"ACAD","Tax_Status":"Property Exempt from Tax","Legal_Use":"Office/School","Current_Use":"Office","Cost_Rec":"Y","Year_of_Construction":1902,"Date_of_last_major_construction":null,"Date_acquired":"09/17/1968","Date_relinquished":null,"Means_of_Acquisition":null,"GPS_Coordinates__Lat__Long_":"41.827944,-71.399876","Building_System":null,"CHP_Loop":null,"Electricity_Source":null,"Utility_Feeder_Number":"2J1","Primary_Feeder":null,"Secondary_Feeder":null,"LEED_Level":null,"LEED_Status":null,"LEED_Link":null,"ObjectID_1":169,"Shape__Area":3008.834114074707,"Shape__Length":264.8116823377344,"lat":41.827961299667912,"lon":-71.399904056772172,"NAV_Number":0.86,"NAV_Desc":"Capital Upkeep","Accessibility_Level":"A wheelchair or person with mobility challenges can enter the facility, access the primary function within that facility and access the restroom facility..","Maintained_By":"MAINTAINED BY BROWN"}},{"type":"Feature","id":56,"geometry":{"type":"Polygon","coordinates":[[[-71.4045997930607,41.8276066058788],[-71.4045982725387,41.8276067279625],[-71.4046067923982,41.8276661313212],[-71.4045130051225,41.8276736549633],[-71.4045118303828,41.8276654699027],[-71.4044479888648,41.8276705910658],[-71.4044447935297,41.8276483077116],[-71.4044153040494,41.8276506735779],[-71.4044068582408,41.8275917816592],[-71.4043627775528,41.8275953184146],[-71.404366609063,41.8276220355716],[-71.4042798140616,41.827628998531],[-71.4042667053309,41.827537591464],[-71.404420317628,41.8275252676884],[-71.4044191929541,41.8275174229966],[-71.4044204088893,41.827517324971],[-71.4044385142174,41.827500529799],[-71.404438384361,41.8274996203483],[-71.4044733454745,41.8274968151589],[-71.4044734753315,41.8274977246096],[-71.4044959316534,41.8275112663784],[-71.404497147587,41.8275111692524],[-71.4044978648118,41.8275161712335],[-71.4045842912458,41.8275092375142],[-71.4045928110796,41.827568640875],[-71.4045943303969,41.8275685187904],[-71.4045948522384,41.8275721574949],[-71.4045930283359,41.8275723036357],[-71.4045937455689,41.8275773056162],[-71.4045945064307,41.827577245025],[-71.4045943110756,41.8275791004621],[-71.4045967725415,41.8275962683755],[-71.4045974897399,41.8275980507426],[-71.4045967300816,41.8275981113347],[-71.4045974473138,41.8276031142155],[-71.4045992712186,41.8276029671743],[-71.4045997930607,41.8276066058788]]]},"properties":{"OBJECTID":56,"Building":100272,"Property_Type":"Building","Property_Code":"100272","Chart_String":";,LOC100272,,,","Property_Name":"Corliss-Brackett","Property_Abbr":"CORLISS-B","Address_Line_1":"45 Prospect St","Address_Line_2":null,"City_and_State":"Providence, RI","External_Floorplan_Link":"https://drive.google.com/drive/folders/1QYT8L6sx8Tmjyz9uT2y8v0kE77ldQNrV","ZIP_code":"02912","Property_Status":"Active","Ownership_Status":"Owned","Occupancy_Status":"Brown Occupied","Official_Name":null,"Aliases":"DISPNAME: Corliss-Brackett House; LEGACY: George H. Corliss & Charles Brackett","Long_Description":"This home was built by and used as a residence for George H. Corliss.  Mr. Corliss was the inventor of the Corliss steam engine.  Mr. Corliss's daughter inherited the house and the house eventually was transferred to Charles Brackett who was a motion picture writer.  He in turn eventually transferred the house over to Brown in 1955.  Since Brown took ownership, the house has been meticulously maintained and renovated.  Corliss-Brackett house was listed on the National Register of Historic Places in 1970.","Portfolio":"ACADEMIC","National_Historic_District":"College Hill Historic District (National)","City_of_Providence_Historic_Dis":"College Hill Historic District (Providence)","Municipal_Zone":"One Family District - Within I-Zone","Grid_Coord":"DV41","Gross_area__Property_":16105.972354111111,"Floors_Assignable_area":0,"Net_area":12403.63708113889,"Accessibility_Code":"3","Building_Occupancy":36,"Building_Type":"HOUSE","Building_Usage":"ACAD","Tax_Status":"Property Exempt from Tax","Legal_Use":"Office","Current_Use":"Office","Cost_Rec":"Y","Year_of_Construction":1877,"Date_of_last_major_construction":null,"Date_acquired":"01/01/1970","Date_relinquished":null,"Means_of_Acquisition":null,"GPS_Coordinates__Lat__Long_":"41.827561,-71.404438","Building_System":"SIEMENS","CHP_Loop":null,"Electricity_Source":"Brown","Utility_Feeder_Number":"1152B/1153","Primary_Feeder":"JW1-4","Secondary_Feeder":"5K-4","LEED_Level":null,"LEED_Status":null,"LEED_Link":null,"ObjectID_1":252,"Shape__Area":4010.9417953491211,"Shape__Length":320.12759592231419,"lat":41.827584567841321,"lon":-71.4044570791477,"NAV_Number":0.89,"NAV_Desc":"Capital Upkeep","Accessibility_Level":"A wheelchair or person with mobility challenges can enter the facility, access the primary function within that facility and access the restroom facility..","Maintained_By":"MAINTAINED BY BROWN"}},{"type":"Feature","id":57,"geometry":{"type":"Polygon","coordinates":[[[-71.4022547812016,41.8272458140906],[-71.4022796843439,41.8272434196678],[-71.4022792755146,41.8272407525149],[-71.4023684939924,41.8272325740669],[-71.4023727470679,41.8272569795788],[-71.4023784304355,41.8272566647884],[-71.4023802776699,41.8272673065686],[-71.4023745289285,41.8272678652954],[-71.4023783159857,41.8272947616499],[-71.4023865125783,41.8272977505392],[-71.4023894105788,41.8273148036281],[-71.4023824380054,41.8273182793153],[-71.402383522436,41.8273231303648],[-71.4023808086713,41.8273234701876],[-71.4023854311328,41.827347991256],[-71.4023532166042,41.8273510331332],[-71.4023605156649,41.8273925404787],[-71.402289940571,41.8273991798939],[-71.4022813184773,41.8273490686762],[-71.4022682508412,41.8273504809956],[-71.4022587746733,41.8272905022304],[-71.4022630172795,41.8272901078903],[-71.4022547812016,41.8272458140906]]]},"properties":{"OBJECTID":57,"Building":100048,"Property_Type":"Building","Property_Code":"100048","Chart_String":";,LOC100048,,,","Property_Name":"Norwood House","Property_Abbr":"NORWOOD","Address_Line_1":"82 Waterman St","Address_Line_2":null,"City_and_State":"Providence, RI","External_Floorplan_Link":"https://drive.google.com/drive/folders/1pUogq7DQZNlY2eHIqWl4ZgYpv354S_8l","ZIP_code":"02912","Property_Status":"Active","Ownership_Status":"Owned","Occupancy_Status":"Brown Occupied","Official_Name":null,"Aliases":"DISPNAME: Norwood House; LEGACY: V. Lee Norwood '53","Long_Description":"Sorry, no narrative available.","Portfolio":"ACADEMIC","National_Historic_District":"College Hill Historic District (National)","City_of_Providence_Historic_Dis":null,"Municipal_Zone":"One Family District - Within I-Zone","Grid_Coord":"DI45","Gross_area__Property_":5724.6912678263889,"Floors_Assignable_area":931.3002,"Net_area":4845.2180970208337,"Accessibility_Code":"1","Building_Occupancy":53,"Building_Type":"HOUSE","Building_Usage":"ACAD","Tax_Status":"Property Exempt from Tax","Legal_Use":"Office","Current_Use":"Office","Cost_Rec":"Y","Year_of_Construction":1865,"Date_of_last_major_construction":null,"Date_acquired":"08/28/1969","Date_relinquished":null,"Means_of_Acquisition":null,"GPS_Coordinates__Lat__Long_":"41.827289,-71.402287","Building_System":null,"CHP_Loop":null,"Electricity_Source":null,"Utility_Feeder_Number":"2J1","Primary_Feeder":null,"Secondary_Feeder":null,"LEED_Level":null,"LEED_Status":null,"LEED_Link":null,"ObjectID_1":40,"Shape__Area":1642.9213562011719,"Shape__Length":185.75845502662656,"lat":41.8273099135293,"lon":-71.402321375338261,"NAV_Number":0.4,"NAV_Desc":"Transitional/ Gut Renovation/ Replacement","Accessibility_Level":"A wheelchair user or person with mobility challenges can enter the facility.","Maintained_By":"MAINTAINED BY BROWN"}},{"type":"Feature","id":58,"geometry":{"type":"Polygon","coordinates":[[[-71.4019940466718,41.8295942805845],[-71.4019570285197,41.8295968986928],[-71.4019556464792,41.8295859115771],[-71.4019331391965,41.8295874958681],[-71.4019266059982,41.8295355893497],[-71.4021431260671,41.8295202773701],[-71.4021327736289,41.8294403508603],[-71.4021019449238,41.8294425232186],[-71.4020901487931,41.8293518094121],[-71.4022912643433,41.8293374311782],[-71.4023195870513,41.8295599299325],[-71.402202978918,41.8295682326787],[-71.4022322265344,41.8297974577648],[-71.4023019904005,41.8297924698205],[-71.402310241352,41.8298557193457],[-71.4020059416403,41.8298774518343],[-71.4019980665747,41.8298141990069],[-71.4020218849306,41.8298125735055],[-71.4019940466718,41.8295942805845]]]},"properties":{"OBJECTID":58,"Building":100076,"Property_Type":"Building","Property_Code":"100076","Chart_String":";,LOC100076,,,,,","Property_Name":"Alumnae Hall","Property_Abbr":"ALUMNAE","Address_Line_1":"194 Meeting St","Address_Line_2":null,"City_and_State":"Providence, RI","External_Floorplan_Link":"https://drive.google.com/drive/folders/1p5_ajieWHgxJxuFZ0w3DsPp2Ci40lYjU","ZIP_code":"02912","Property_Status":"Active","Ownership_Status":"Owned","Occupancy_Status":"Brown Occupied","Official_Name":null,"Aliases":"ALTADDRS: 194-200 Meeting St; DISPNAME: Alumnae Hall; NICKNAME: Gate","Long_Description":"With the growth of the Pembroke College it became necessary to build a social hall.  Since its purpose was to form and maintain contacts with current students, alumnae, visiting scholars and teachers it was sensible to name it Alumnae Hall.  Stephen O. Metcalf was a major donor for funding of the building.  The building includes a multipurpose theater/recital hall, the Crystal Room, used for meetings and receptions, and offices on the upper floors.","Portfolio":"ACADEMIC","National_Historic_District":"College Hill Historic District (National)","City_of_Providence_Historic_Dis":null,"Municipal_Zone":"One Family District - Within I-Zone","Grid_Coord":"DH29","Gross_area__Property_":36341.1657333125,"Floors_Assignable_area":0,"Net_area":29507.408379652778,"Accessibility_Code":"3","Building_Occupancy":13,"Building_Type":"BUILDING","Building_Usage":"ACAD","Tax_Status":"Property Exempt from Tax","Legal_Use":"Office/School/Assembly","Current_Use":"Office/School/Assembly","Cost_Rec":"Y","Year_of_Construction":1926,"Date_of_last_major_construction":null,"Date_acquired":null,"Date_relinquished":null,"Means_of_Acquisition":null,"GPS_Coordinates__Lat__Long_":"41.829641,-71.402102","Building_System":null,"CHP_Loop":null,"Electricity_Source":"Brown","Utility_Feeder_Number":"1152B/1153","Primary_Feeder":"JW1-4","Secondary_Feeder":"5K-2","LEED_Level":null,"LEED_Status":null,"LEED_Link":null,"ObjectID_1":65,"Shape__Area":11996.91805267334,"Shape__Length":656.98678830126732,"lat":41.829619113379643,"lon":-71.402145780269336,"NAV_Number":0.59,"NAV_Desc":"Systemic Renovation","Accessibility_Level":"A wheelchair or person with mobility challenges can enter the facility, access the primary function within that facility and access the restroom facility..","Maintained_By":"MAINTAINED BY BROWN"}},{"type":"Feature","id":59,"geometry":{"type":"Polygon","coordinates":[[[-71.4052140437776,41.8300626119031],[-71.4052239212768,41.830138293538],[-71.405202729771,41.8301397859199],[-71.4052094409875,41.8301911774001],[-71.4050587138687,41.8302019605275],[-71.4050583496481,41.8301999713778],[-71.4049574360203,41.8302073652417],[-71.4049571717303,41.8302053680714],[-71.4049295498732,41.8302074114917],[-71.4049274628564,41.8301916988508],[-71.4047422402222,41.8302052665665],[-71.4047397250634,41.8301860593519],[-71.4046907117615,41.8301896497622],[-71.4046899856857,41.8301840922681],[-71.4046334743936,41.8301881617152],[-71.4046341313483,41.8301932446736],[-71.4045863943805,41.8301966227186],[-71.4045889356634,41.8302160415378],[-71.4044768507607,41.8302249931901],[-71.404475384155,41.8302147182035],[-71.40440336357,41.8302200441168],[-71.4043992864337,41.8301892023162],[-71.4043667188554,41.830191576411],[-71.4043578581099,41.8301225364496],[-71.4043925927679,41.8301199786911],[-71.404388455435,41.8300883400396],[-71.4044987813614,41.830080197316],[-71.4045035988837,41.8301167037612],[-71.4045555363419,41.8301129988163],[-71.4045565216091,41.8301207272437],[-71.4045737679676,41.8301194378814],[-71.4045632677696,41.8300420675377],[-71.4045984708244,41.8300393948627],[-71.4045957607451,41.8300185353606],[-71.4046909758327,41.8300116178672],[-71.404694059171,41.8300348779803],[-71.40472662667,41.8300324956894],[-71.4047384190315,41.830122661806],[-71.4047770411795,41.8301198118439],[-71.4047759513955,41.8301119212707],[-71.4049173336338,41.8301016916906],[-71.4049144200518,41.8300791745039],[-71.4050041891803,41.830072273851],[-71.4050049248418,41.830077879069],[-71.4052140437776,41.8300626119031]]]},"properties":{"OBJECTID":59,"Building":100208,"Property_Type":"Building","Property_Code":"100208","Chart_String":";,LOC100208,,,","Property_Name":"Machado (Antonio) House","Property_Abbr":"MACHADO","Address_Line_1":"87 Prospect St","Address_Line_2":null,"City_and_State":"Providence, RI","External_Floorplan_Link":"https://drive.google.com/drive/folders/1rmF4RQcVKT-j_dLCeWwescbTp7ErNbSr","ZIP_code":"02912","Property_Status":"Active","Ownership_Status":"Owned","Occupancy_Status":"Brown Occupied","Official_Name":null,"Aliases":"DISPNAME: Machado House; LEGACY: Antonio Machado; OCCUPANT: French House; OCCUPANT: Hispanic House","Long_Description":"Built in 1912, Machado House (formerly Ellen Dexter Sharp House) is a two and a half story brick Elizabethan Revival style house. Brown purchased the house in 1955 from the Rhode Island School of Design and in 1975 constructed an addition at the rear of the building. Dedicated in 1989 as Antonio Machado House (in honor of the Spanish poet), the house is now home to three of Brown's program houses, Hispanic House, French House, and Latinx House.","Portfolio":"RESIDENCE HALL","National_Historic_District":"College Hill Historic District (National)","City_of_Providence_Historic_Dis":"College Hill Historic District (Providence)","Municipal_Zone":"One Family District - Within I-Zone","Grid_Coord":"DW22","Gross_area__Property_":42335.249606256948,"Floors_Assignable_area":0,"Net_area":31816.3282715625,"Accessibility_Code":"3","Building_Occupancy":75,"Building_Type":"BUILDING","Building_Usage":"RES HALL","Tax_Status":"Property Exempt from Tax","Legal_Use":"Dormitory","Current_Use":"Dormitory","Cost_Rec":"Y","Year_of_Construction":1912,"Date_of_last_major_construction":null,"Date_acquired":"05/12/1955","Date_relinquished":null,"Means_of_Acquisition":null,"GPS_Coordinates__Lat__Long_":"41.830133,-71.404781","Building_System":null,"CHP_Loop":null,"Electricity_Source":"Brown","Utility_Feeder_Number":"1126","Primary_Feeder":"CHP-1","Secondary_Feeder":"CHP-1","LEED_Level":null,"LEED_Status":null,"LEED_Link":null,"ObjectID_1":191,"Shape__Area":10477.417053222656,"Shape__Length":699.35453300483562,"lat":41.8301357514617,"lon":-71.404785709260665,"NAV_Number":0.85,"NAV_Desc":"Capital Upkeep","Accessibility_Level":"A wheelchair or person with mobility challenges can enter the facility, access the primary function within that facility and access the restroom facility..","Maintained_By":"MAINTAINED BY BROWN"}},{"type":"Feature","id":60,"geometry":{"type":"Polygon","coordinates":[[[-71.4024731996676,41.8277051727842],[-71.4024954146672,41.8277029939146],[-71.4024934523395,41.8276912302167],[-71.4025141093816,41.8276892444943],[-71.4025160741056,41.8277010180977],[-71.4025368563842,41.8276990036666],[-71.4025425912721,41.8277345908405],[-71.4025545584566,41.8277333702292],[-71.402556381017,41.8277444351442],[-71.4025907832187,41.8277412212998],[-71.4025922828871,41.8277493022161],[-71.4026084299801,41.8277477745265],[-71.4026236220108,41.8278339480721],[-71.4025557200358,41.8278405674074],[-71.4025584576375,41.8278570693467],[-71.4025250397871,41.8278604541807],[-71.4025221446711,41.8278438404648],[-71.4025118365709,41.8278448454991],[-71.402503223848,41.8277955455156],[-71.4024886259683,41.8277970781069],[-71.4024731996676,41.8277051727842]]]},"properties":{"OBJECTID":60,"Building":100115,"Property_Type":"Building","Property_Code":"100115","Chart_String":";,LOC100115,,,","Property_Name":"Angell St 127","Property_Abbr":"ANGELL127","Address_Line_1":"127 Angell St","Address_Line_2":null,"City_and_State":"Providence, RI","External_Floorplan_Link":"https://drive.google.com/drive/folders/15QWqgaJX2D2R_ibZF1p2pMjtWGPQTDiE","ZIP_code":"02912","Property_Status":"Active","Ownership_Status":"Owned","Occupancy_Status":"Brown Occupied","Official_Name":null,"Aliases":"DISPNAME: 127 Angell","Long_Description":"127 Angell Street is a three story clapboard sided building that was constructed in 1853.  There was an extensive interior renovation in the early 1990's. This building is used as a rental unit.","Portfolio":"AUXILIARY","National_Historic_District":"College Hill Historic District (National)","City_of_Providence_Historic_Dis":null,"Municipal_Zone":"One Family District - Within I-Zone","Grid_Coord":"DJ40","Gross_area__Property_":5361.2550294444445,"Floors_Assignable_area":1025.6779,"Net_area":4550.2650524166665,"Accessibility_Code":"0","Building_Occupancy":5,"Building_Type":"HOUSE","Building_Usage":"AUXILIARY","Tax_Status":"Property Exempt from Tax","Legal_Use":"3 Family","Current_Use":"Apartments (03)","Cost_Rec":"Y","Year_of_Construction":1853,"Date_of_last_major_construction":null,"Date_acquired":"01/12/1959","Date_relinquished":null,"Means_of_Acquisition":null,"GPS_Coordinates__Lat__Long_":"41.827769,-71.402539","Building_System":null,"CHP_Loop":null,"Electricity_Source":null,"Utility_Feeder_Number":"2J1","Primary_Feeder":null,"Secondary_Feeder":null,"LEED_Level":null,"LEED_Status":null,"LEED_Link":null,"ObjectID_1":102,"Shape__Area":1510.7841949462891,"Shape__Length":193.82637907162518,"lat":41.82777873770037,"lon":-71.402544448478892,"NAV_Number":-0.62,"NAV_Desc":"Transitional/ Gut Renovation/ Replacement","Accessibility_Level":"A physical barrier exists that would prevent a wheelchair user from entering the facility.","Maintained_By":"MAINTAINED BY BROWN"}},{"type":"Feature","id":61,"geometry":{"type":"Polygon","coordinates":[[[-71.4012234184356,41.8285746338784],[-71.4012403495513,41.828573023324],[-71.4012402720036,41.8285725694864],[-71.401256158091,41.8285710588691],[-71.4012561778495,41.8285715180591],[-71.4012779596678,41.8285694461933],[-71.4012778833236,41.8285689923568],[-71.4012937694107,41.828567480834],[-71.4012938457549,41.8285679346705],[-71.4013155709853,41.8285658681511],[-71.4013154934371,41.8285654143135],[-71.4013313807248,41.8285639036869],[-71.4013314570692,41.8285643575234],[-71.4013531822972,41.8285622909968],[-71.4013531047488,41.8285618371593],[-71.4013689908323,41.8285603256261],[-71.4013690683808,41.8285607794636],[-71.4013907936064,41.8285587129299],[-71.4013907160576,41.8285582590924],[-71.401406602138,41.8285567484543],[-71.4014066796868,41.8285572022918],[-71.40142840491,41.828555135751],[-71.401428327361,41.8285546819135],[-71.401444213441,41.8285531703699],[-71.4014442909901,41.8285536242074],[-71.401466015007,41.8285515576584],[-71.4014659386616,41.828551103822],[-71.4014818247384,41.8285495931735],[-71.401481901084,41.8285500470099],[-71.4015036263023,41.8285479804549],[-71.4015035499566,41.8285475266185],[-71.4015194360331,41.8285460150645],[-71.4015195123789,41.8285464689009],[-71.4015412375948,41.8285444023387],[-71.4015411600451,41.8285439485013],[-71.4015570461184,41.8285424378424],[-71.4015571236682,41.8285428916798],[-71.4015788488818,41.8285408251105],[-71.4015787713318,41.8285403712732],[-71.4015946574047,41.8285388597087],[-71.4015947349548,41.8285393135461],[-71.4016164601659,41.8285372469697],[-71.4016163826157,41.8285367931323],[-71.4016322686855,41.828535282463],[-71.4016323462358,41.8285357363004],[-71.4016540702408,41.8285336697158],[-71.401653993894,41.8285332158795],[-71.4016698799634,41.8285317043047],[-71.4016699575141,41.828532158142],[-71.4016868861986,41.82853054842],[-71.4016925948769,41.8285641233507],[-71.4017180739984,41.828561699832],[-71.4017114383058,41.8285226797585],[-71.4017987929914,41.8285143705117],[-71.4018054287377,41.8285533896799],[-71.4018430388116,41.8285498123642],[-71.401849977619,41.828590617161],[-71.4018505844086,41.8285905591574],[-71.4018573884091,41.8286305715399],[-71.401856781619,41.8286306295435],[-71.4018595447401,41.8286468785237],[-71.4018601515302,41.8286468205201],[-71.4018669555425,41.8286868329016],[-71.401866348752,41.8286868909053],[-71.4018691106919,41.8287031281797],[-71.4018697174826,41.828703070176],[-71.4018765215068,41.8287430825566],[-71.4018759147157,41.8287431405603],[-71.4018786778477,41.8287593886394],[-71.4018792846375,41.828759331536],[-71.4018860886735,41.8287993439156],[-71.4018854818834,41.828799401019],[-71.4018882450188,41.8288156499981],[-71.4018888518105,41.8288155919943],[-71.4018956558584,41.828855604373],[-71.4018950490663,41.8288556623768],[-71.4018975151316,41.8288701653443],[-71.4019084795226,41.8288691222112],[-71.4019081287737,41.8288670511318],[-71.4023606819651,41.8288240007308],[-71.4023608752529,41.8288251353224],[-71.4023801733722,41.8288232997265],[-71.4023799800841,41.828822165135],[-71.4023811936668,41.8288220491222],[-71.4023812354542,41.8288222760432],[-71.4023967555774,41.8288207991701],[-71.4023969202337,41.8288217635732],[-71.4024193654773,41.8288196281307],[-71.4024192008193,41.828818664628],[-71.4024347305723,41.8288171868577],[-71.4024346911922,41.8288169599388],[-71.4024359035696,41.8288168448248],[-71.4024368103472,41.828822174702],[-71.4024440328442,41.828821487575],[-71.4024401182077,41.8287984652806],[-71.40268793431,41.8287748903253],[-71.4026931424155,41.8288055143697],[-71.4026919300374,41.8288056303867],[-71.4026933188663,41.8288137967385],[-71.4026945312432,41.8288136816218],[-71.4026946863596,41.828814589295],[-71.4027065079412,41.8288134639806],[-71.4027176185931,41.8288787983938],[-71.4026982072967,41.8288806438543],[-71.4027074661692,41.8289350925],[-71.4024672355622,41.8289579455633],[-71.4024660591386,41.828951026359],[-71.4024588498702,41.8289517125983],[-71.4024600548379,41.8289588596127],[-71.4024588412541,41.8289589747259],[-71.402458649168,41.8289578401356],[-71.4024447122113,41.8289591662042],[-71.4024445678446,41.8289583161615],[-71.4024189332837,41.8289607541145],[-71.4024190776487,41.8289616050576],[-71.4024051479144,41.8289629302272],[-71.4024053412034,41.8289640648186],[-71.4020884377834,41.8289942112939],[-71.4020791376406,41.8289395356783],[-71.4020418307473,41.8289430845188],[-71.4020398323449,41.8289313252866],[-71.4020371017798,41.8289315849566],[-71.4020299886266,41.8288897563393],[-71.40203271919,41.8288894966694],[-71.402031318499,41.8288812690766],[-71.4019015047603,41.8288936171826],[-71.4019126253326,41.8289590228078],[-71.4019132333294,41.8289589648049],[-71.4019152531905,41.8289708465037],[-71.4019146463974,41.8289709045076],[-71.4019169537942,41.8289844736873],[-71.4019048191398,41.8289856283641],[-71.401903874231,41.8289800706645],[-71.4018783793,41.828982495111],[-71.4018834903949,41.8290125527948],[-71.4018665712199,41.8290141616534],[-71.4018666487725,41.8290146154906],[-71.401813151038,41.829019704409],[-71.4018130734858,41.8290192505719],[-71.4017961543031,41.8290208621211],[-71.4017919881504,41.8289963603334],[-71.4017895525512,41.8289965914389],[-71.4017896288995,41.8289970452751],[-71.4017737427178,41.8289985568662],[-71.4017736651658,41.828998103029],[-71.4017075162799,41.8290043956369],[-71.4017069102157,41.8290008288753],[-71.4017032682528,41.8290011750904],[-71.4017031907014,41.8290007212532],[-71.4016922708313,41.829001759903],[-71.4016923483826,41.8290022137403],[-71.4016911347953,41.8290023297457],[-71.4016917420637,41.8290058956082],[-71.401679152307,41.829007093088],[-71.4016715991512,41.8289626719962],[-71.4016709923593,41.8289627290985],[-71.4016689713398,41.8289508473944],[-71.4016695781316,41.8289507902922],[-71.401666816244,41.8289345449107],[-71.4016662094509,41.8289346029133],[-71.4016641884332,41.8289227212091],[-71.4016647952262,41.8289226632065],[-71.4016620321482,41.8289064106211],[-71.4016614253554,41.8289064686236],[-71.4016594043395,41.8288945869193],[-71.4016600111321,41.8288945289167],[-71.401657249248,41.8288782844352],[-71.4016566424568,41.8288783415374],[-71.4016546214426,41.8288664598329],[-71.4016552282336,41.8288664027307],[-71.4016524651619,41.8288501492446],[-71.4016518583696,41.8288502072471],[-71.4016498373572,41.8288383255425],[-71.4016504441493,41.82883826754],[-71.40164768227,41.8288220230581],[-71.4016470754779,41.8288220810606],[-71.4016450544728,41.8288101957545],[-71.4016456612592,41.8288101413533],[-71.4016428981908,41.8287938887672],[-71.4016422914004,41.8287939458693],[-71.4016402703915,41.8287820641644],[-71.4016408771818,41.8287820070623],[-71.4016381177203,41.8287657589807],[-71.4016375109288,41.8287658169831],[-71.4016354899258,41.8287539325771],[-71.4016360967158,41.828753875475],[-71.4016354870756,41.8287502898026],[-71.4016306929458,41.8287507457706],[-71.4016307704964,41.8287511996079],[-71.4016148819643,41.8287527111751],[-71.4016148044138,41.8287522573378],[-71.4015930791299,41.8287543239137],[-71.4015931566802,41.8287547777511],[-71.4015772681463,41.8287562893131],[-71.4015771905961,41.8287558354758],[-71.4015554677174,41.8287579020466],[-71.4015555440651,41.8287583549826],[-71.4015396579369,41.8287598665416],[-71.401539580387,41.8287594127042],[-71.4015178502818,41.8287614801621],[-71.4015179278316,41.8287619339995],[-71.4015020417031,41.8287634446528],[-71.4015019641534,41.8287629908154],[-71.4014802448812,41.8287650573751],[-71.4014803224321,41.8287655103122],[-71.4014644363005,41.8287670218607],[-71.401464358751,41.8287665680233],[-71.4014426274373,41.8287686354659],[-71.4014427049866,41.8287690893034],[-71.4014268188545,41.8287705999463],[-71.4014267413053,41.8287701461089],[-71.4014050220283,41.8287722126544],[-71.4014050995788,41.8287726655915],[-71.4013892134436,41.8287741771296],[-71.4013891358946,41.8287737232921],[-71.4013674057799,41.8287757907216],[-71.4013674833286,41.8287762445591],[-71.4013515959893,41.8287777551906],[-71.4013515196444,41.8287773013541],[-71.4013298003626,41.8287793678854],[-71.4013298767087,41.8287798208215],[-71.40131399057,41.8287813323492],[-71.4013139142254,41.8287808785127],[-71.401292182902,41.8287829459269],[-71.4012922604503,41.8287833997644],[-71.4012763743112,41.8287849103865],[-71.4012762967631,41.828784456549],[-71.40125456905,41.8287865230588],[-71.401254646598,41.8287869768963],[-71.4012387604558,41.8287884884136],[-71.4012386829079,41.828788034576],[-71.4012169588038,41.8287901010818],[-71.4012161881401,41.8287855636104],[-71.401214974556,41.8287856796108],[-71.4012147431166,41.8287843180991],[-71.4012038232754,41.8287853567026],[-71.4012040547146,41.8287867182143],[-71.4012002995897,41.8287870751203],[-71.4012010702523,41.8287916125918],[-71.4011406992892,41.8287973552341],[-71.4011399286295,41.8287928186625],[-71.4011361723002,41.8287931755653],[-71.401135940861,41.8287918149537],[-71.4011250210174,41.8287928535497],[-71.4011252524563,41.8287942141613],[-71.4011240388718,41.8287943301607],[-71.4011248107343,41.8287988667335],[-71.4010555425497,41.8288054560942],[-71.4010543078213,41.8287981955965],[-71.4010603757403,41.8287976183036],[-71.4010601443041,41.8287962567916],[-71.401060978643,41.82879617738],[-71.4010592248638,41.8287859345122],[-71.4010584025642,41.8287860130338],[-71.4010581711281,41.8287846515218],[-71.4010521032104,41.8287852288145],[-71.4010390401852,41.8287084015295],[-71.4010384309861,41.8287084595267],[-71.4010316274876,41.8286684470968],[-71.4010322366862,41.8286683890996],[-71.4010300845786,41.8286557284775],[-71.4010811946419,41.8286508656531],[-71.4010810407483,41.8286499606798],[-71.4010816463354,41.8286499026792],[-71.4010787152122,41.8286326577606],[-71.4010781084215,41.8286327157601],[-71.4010779545293,41.8286318098864],[-71.4010753768743,41.8286320552599],[-71.4010738331632,41.8286229803128],[-71.401229130487,41.8286082088348],[-71.401228204728,41.8286027645884],[-71.4012354813911,41.8286020721819],[-71.4012353274996,41.8286011645077],[-71.401236539875,41.8286010494063],[-71.4012351512372,41.8285928821365],[-71.4012339376568,41.8285929981372],[-71.4012334747786,41.8285902751137],[-71.4012261957078,41.8285909684184],[-71.4012234184356,41.8285746338784]]]},"properties":{"OBJECTID":61,"Building":100114,"Property_Type":"Building","Property_Code":"100114","Chart_String":";,LOC100114,,,","Property_Name":"Sidney E. Frank Hall Life Sciences","Property_Abbr":"SFRANKHLSB","Address_Line_1":"185 Meeting St","Address_Line_2":"Formerly Lsb","City_and_State":"Providence, RI","External_Floorplan_Link":"https://drive.google.com/drive/folders/19ikqXn-TS7_AQvdEB5diqxIO2wMhMXwp","ZIP_code":"02912","Property_Status":"Active","Ownership_Status":"Owned","Occupancy_Status":"Brown Occupied","Official_Name":null,"Aliases":"DISPNAME: Sidney E. Frank Hall For Life Sciences; LEGACY: Lsb; NICKNAME: Life Sciences Building; NICKNAME: Sfhlsb","Long_Description":"The 170,000 square foot Sidney E. Frank Hall for Life Sciences opened in October 2006.  It houses the departments of Molecular Biology, Cell Biology and Biochemistry and Neuroscience.  With 60 laboratories, the project has modernized and expanded the laboratory and research capacity at Brown by 50 %. It was designed to encourage scientific collaboration among faculty; staff and students by uniting complementary research under one roof.  This building is named for Sidney Frank, graduate of 1942.  He received an honorary Doctor of Humane Letters from the University in 2005, less than one year before his death.","Portfolio":"BIOMED","National_Historic_District":"College Hill Historic District (National)","City_of_Providence_Historic_Dis":null,"Municipal_Zone":"General Commercial District - Within I-Zone","Grid_Coord":"DH33","Gross_area__Property_":171507.38766354165,"Floors_Assignable_area":15955.7941,"Net_area":142946.69600347223,"Accessibility_Code":"4","Building_Occupancy":null,"Building_Type":"BUILDING","Building_Usage":"ACAD","Tax_Status":"Property Exempt from Tax","Legal_Use":null,"Current_Use":null,"Cost_Rec":"Y","Year_of_Construction":2006,"Date_of_last_major_construction":null,"Date_acquired":"10/01/2006","Date_relinquished":null,"Means_of_Acquisition":"BUILT","GPS_Coordinates__Lat__Long_":"41.82866,-71.401568","Building_System":null,"CHP_Loop":null,"Electricity_Source":"Brown","Utility_Feeder_Number":"1126","Primary_Feeder":"1-1","Secondary_Feeder":"1-3","LEED_Level":"Silver","LEED_Status":"Achieved","LEED_Link":"https://www.brown.edu/facilities/building_brown/projects/sciences/","ObjectID_1":101,"Shape__Area":32915.631240844727,"Shape__Length":1436.3598039633769,"lat":41.8287732944981,"lon":-71.4018022240231,"NAV_Number":0.95,"NAV_Desc":"Capital Upkeep","Accessibility_Level":"The facility is mostly accessible to a wheelchair user or person with mobility challenges.","Maintained_By":"MAINTAINED BY BROWN"}},{"type":"Feature","id":62,"geometry":{"type":"Polygon","coordinates":[[[-71.4059531197873,41.82630069643],[-71.4059539122765,41.8263119144086],[-71.4059178622308,41.8263132570061],[-71.4059188193942,41.8263147658587],[-71.405919846412,41.8263162486586],[-71.4059209420819,41.8263177045046],[-71.4059221040016,41.8263191297933],[-71.40592333217,41.826320525425],[-71.4059246241861,41.8263218868962],[-71.4059259776411,41.826323215105],[-71.4059273925404,41.8263245064502],[-71.4059288676802,41.8263257609308],[-71.4059303994532,41.8263269758428],[-71.4059319866571,41.826328150285],[-71.4059336268857,41.8263292833549],[-71.4059353189392,41.8263303723506],[-71.405937061614,41.8263314172711],[-71.4059388500977,41.8263324163117],[-71.4059406855966,41.8263333676728],[-71.405942563296,41.8263342713505],[-71.4059444819947,41.826335125543],[-71.4059464392865,41.8263359293481],[-71.4059484327653,41.8263366818634],[-71.4059504588213,41.8263373821857],[-71.4059525174556,41.8263380294146],[-71.4059546050586,41.8263386226467],[-71.4059567180202,41.8263391609789],[-71.4059588551369,41.8263396444101],[-71.4059610140024,41.8263400720381],[-71.4059631910068,41.8263404429594],[-71.4059653837414,41.8263407580726],[-71.4059675898013,41.8263410155749],[-71.4059698067805,41.826341214564],[-71.405972031065,41.8263413568376],[-71.4059742614525,41.8263414414945],[-71.4059764931293,41.8263414676303],[-71.4059787260955,41.8263414352451],[-71.406041381761,41.8263354497345],[-71.4060400169335,41.8263279019725],[-71.4061690923727,41.8263150407882],[-71.4061910176673,41.8264383439826],[-71.4060620347733,41.8264511359408],[-71.4060465779902,41.8263644530194],[-71.4059763056746,41.8263659260996],[-71.4059733983467,41.8263661443031],[-71.4059704827034,41.8263662868712],[-71.4059675635582,41.8263663547081],[-71.4059646421162,41.8263663469146],[-71.4059617219887,41.8263662634936],[-71.4059588091941,41.8263661044499],[-71.4059559037314,41.8263658706841],[-71.405953011619,41.8263655622009],[-71.4059501352644,41.8263651790023],[-71.405947278279,41.8263647210914],[-71.4059444454749,41.8263641902727],[-71.4059416368521,41.8263635865462],[-71.4059388584281,41.8263629108172],[-71.4059361138126,41.8263621639891],[-71.4059334042094,41.8263613460627],[-71.4059307344308,41.8263604588427],[-71.405928106883,41.8263595032314],[-71.4059255251745,41.8263584810325],[-71.4059229929164,41.8263573922489],[-71.40592051131,41.8263562386823],[-71.4059180851687,41.826355021237],[-71.4059157168961,41.8263537426159],[-71.405913407696,41.8263524028201],[-71.4059111623793,41.8263510045544],[-71.4059089833507,41.8263495496217],[-71.4059068730165,41.8263480389241],[-71.4059048337815,41.8263464742644],[-71.4059028668455,41.8263448583445],[-71.4059009758182,41.8263431920677],[-71.4058991643057,41.8263414790384],[-71.4058974311042,41.8263397192555],[-71.4058957810233,41.8263379163244],[-71.4058942152654,41.8263360711464],[-71.4058927362328,41.8263341873249],[-71.4058913439241,41.8263322657601],[-71.4058900419451,41.8263303100564],[-71.4058888302946,41.8263283211141],[-71.4058877113748,41.8263263025366],[-71.4058866863854,41.8263242570259],[-71.4058857565288,41.8263221854832],[-71.4058849230047,41.8263200906106],[-71.4058523480029,41.8263206914538],[-71.4058571218169,41.8263766874795],[-71.4058461322992,41.8263771394464],[-71.4058473883357,41.8263956640605],[-71.4057707941196,41.8263986885201],[-71.4057683695538,41.8263635606863],[-71.405761764393,41.8263637605452],[-71.4057571819799,41.8262987873874],[-71.4057499350369,41.826299124471],[-71.4057414909418,41.8261784396357],[-71.4059196287594,41.8261713820523],[-71.405922506696,41.826210969637],[-71.4059467234564,41.8262100288051],[-71.4059476216184,41.826223064656],[-71.4059494624643,41.8262236504835],[-71.4059512743509,41.8262242840053],[-71.4059530560773,41.8262249634197],[-71.4059548052345,41.826225689625],[-71.4059565194178,41.8262264608187],[-71.4059581962198,41.8262272769987],[-71.4059598344407,41.8262281354631],[-71.405961431673,41.8262290362098],[-71.4059629855106,41.8262299783366],[-71.4059644947524,41.8262309600419],[-71.4059659581947,41.8262319813245],[-71.4059673722302,41.8262330394806],[-71.4059687356566,41.8262341336089],[-71.4059700484751,41.8262352628089],[-71.405971307076,41.8262364261774],[-71.4059725102594,41.8262376210125],[-71.4059736580266,41.8262388464137],[-71.4059747467678,41.8262401014778],[-71.4059757776893,41.8262413844051],[-71.4059767471839,41.8262426924916],[-71.4059776564553,41.8262440257384],[-71.4059785018964,41.8262453814413],[-71.4059792835084,41.8262467587001],[-71.4059800012939,41.8262481557142],[-71.4059806528494,41.8262495697805],[-71.405981238175,41.8262510008991],[-71.4059817560709,41.8262524463679],[-71.4059822077446,41.8262539034869],[-71.4059825895851,41.8262553722531],[-71.4059829040038,41.8262568499676],[-71.4059831485958,41.8262583348276],[-71.4059833233637,41.8262598250326],[-71.4059834295126,41.826261319683],[-71.4059834658441,41.8262628151767],[-71.405983432358,41.8262643115135],[-71.4059833290585,41.8262658059926],[-71.405983155948,41.8262672968131],[-71.4059829130306,41.8262687812742],[-71.4059826027137,41.8262702593777],[-71.4059822225937,41.8262717284206],[-71.4059817738772,41.8262731866034],[-71.4059812577703,41.8262746321262],[-71.4059806754795,41.8262760631894],[-71.4059800258023,41.8262774788917],[-71.4059793111501,41.826278876534],[-71.4059785315257,41.8262802543157],[-71.4059776881353,41.8262816104371],[-71.4059767821826,41.826282944899],[-71.405975813673,41.8262842541003],[-71.4059747862176,41.8262855380438],[-71.4059736986166,41.8262867940275],[-71.4059725532801,41.8262880202527],[-71.4059713514118,41.8262892167205],[-71.4059700942195,41.8262903807307],[-71.4059687841119,41.8262915113851],[-71.4059674222953,41.8262926068838],[-71.4059660099748,41.8262936663277],[-71.4059645495592,41.8262946888182],[-71.4059630410511,41.8262956725547],[-71.405961489268,41.8262966157405],[-71.4059598930063,41.8262975183746],[-71.4059582570834,41.8262983786602],[-71.4059565815007,41.8262991956971],[-71.405954868667,41.8262999685868],[-71.4059531197873,41.82630069643]]]},"properties":{"OBJECTID":62,"Building":100019,"Property_Type":"Building","Property_Code":"100019","Chart_String":";,LOC100019,,,","Property_Name":"Gerard House, Samuel N.","Property_Abbr":"GERARDHSE","Address_Line_1":"54 College St","Address_Line_2":null,"City_and_State":"Providence, RI","External_Floorplan_Link":"https://drive.google.com/drive/folders/1EiEpFABBcxpSrNMuicKIHklfHORtfWFI","ZIP_code":"02912","Property_Status":"Active","Ownership_Status":"Owned","Occupancy_Status":"Brown Occupied","Official_Name":null,"Aliases":"DISPNAME: Gerard House; FORMER: Whipple Slater House; LEGACY: Samuel N. Gerard","Long_Description":"Gerard House, a three story building built in 1838 of stone, brick, and wood, and renovated in 1989. It has an Annex with a metal roof with exterior stucco walls. The building is used as an academic facility.","Portfolio":"ACADEMIC","National_Historic_District":"College Hill Historic District (National)","City_of_Providence_Historic_Dis":null,"Municipal_Zone":"One Family District - Within I-Zone","Grid_Coord":"HG51","Gross_area__Property_":13694.431044208333,"Floors_Assignable_area":1640.608,"Net_area":10865.7435756875,"Accessibility_Code":"3","Building_Occupancy":53,"Building_Type":"HOUSE","Building_Usage":"ACAD","Tax_Status":"Property Exempt from Tax","Legal_Use":"N/R","Current_Use":"Office","Cost_Rec":"Y","Year_of_Construction":1838,"Date_of_last_major_construction":null,"Date_acquired":"01/01/1944","Date_relinquished":null,"Means_of_Acquisition":null,"GPS_Coordinates__Lat__Long_":"41.826242,-71.405886","Building_System":null,"CHP_Loop":null,"Electricity_Source":"Brown","Utility_Feeder_Number":"1152B/1153","Primary_Feeder":"JW2-4","Secondary_Feeder":"RL1-2","LEED_Level":null,"LEED_Status":null,"LEED_Link":null,"ObjectID_1":15,"Shape__Area":5691.1856842041016,"Shape__Length":508.77936162736836,"lat":41.826307020668523,"lon":-71.4059301736542,"NAV_Number":0.85,"NAV_Desc":"Capital Upkeep","Accessibility_Level":"A wheelchair or person with mobility challenges can enter the facility, access the primary function within that facility and access the restroom facility..","Maintained_By":"MAINTAINED BY BROWN"}},{"type":"Feature","id":63,"geometry":{"type":"Polygon","coordinates":[[[-71.4063505581356,41.826165559647],[-71.4063541313173,41.8262312864446],[-71.4063649544208,41.8262310206637],[-71.4063656710999,41.8262430966015],[-71.4063565897867,41.8262433638023],[-71.406359001674,41.8262874103773],[-71.4063422160991,41.8262879459],[-71.4063418140684,41.8263118883006],[-71.4062988845251,41.8263133631604],[-71.4062993587089,41.8263662584927],[-71.4062551460512,41.826366840053],[-71.4062495481169,41.8263688936605],[-71.4061913005836,41.8263706981066],[-71.4061870111143,41.8262927585155],[-71.4061723346684,41.8262931579839],[-71.4061656333735,41.8261712402375],[-71.4063505581356,41.826165559647]]]},"properties":{"OBJECTID":63,"Building":100178,"Property_Type":"Building","Property_Code":"100178","Chart_String":";,LOC100178,,,","Property_Name":"MacFarlane House","Property_Abbr":"MACFARLANE","Address_Line_1":"48 College St","Address_Line_2":null,"City_and_State":"Providence, RI","External_Floorplan_Link":"https://drive.google.com/drive/folders/1fJtvWsxG0jj9jUuCJWwbTBpHAfR7p43X","ZIP_code":"02912","Property_Status":"Active","Ownership_Status":"Owned","Occupancy_Status":"Brown Occupied","Official_Name":null,"Aliases":"DISPNAME: Macfarlane House; LEGACY: Kilgore & Elizabeth Macfarlane","Long_Description":"MacFarlane House is a three story former residence, built in 1845. The building is utilized for academic functions at Brown University.","Portfolio":"ACADEMIC","National_Historic_District":"College Hill Historic District (National)","City_of_Providence_Historic_Dis":null,"Municipal_Zone":"One Family District - Within I-Zone","Grid_Coord":"HI50","Gross_area__Property_":10015.134921513889,"Floors_Assignable_area":0,"Net_area":7692.7716419722219,"Accessibility_Code":"3","Building_Occupancy":49,"Building_Type":"HOUSE","Building_Usage":"ACAD","Tax_Status":"Property Exempt from Tax","Legal_Use":"Office","Current_Use":"Office","Cost_Rec":"Y","Year_of_Construction":1845,"Date_of_last_major_construction":null,"Date_acquired":"01/01/1946","Date_relinquished":null,"Means_of_Acquisition":null,"GPS_Coordinates__Lat__Long_":"41.826214,-71.406254","Building_System":"METASYS","CHP_Loop":null,"Electricity_Source":"Brown","Utility_Feeder_Number":"1152B/1153","Primary_Feeder":"JW2-4","Secondary_Feeder":"RL1-2","LEED_Level":null,"LEED_Status":null,"LEED_Link":null,"ObjectID_1":161,"Shape__Area":3211.9478912353516,"Shape__Length":251.13926492365124,"lat":41.826258113241458,"lon":-71.406259324180667,"NAV_Number":0.67,"NAV_Desc":"Systemic Renovation","Accessibility_Level":"A wheelchair or person with mobility challenges can enter the facility, access the primary function within that facility and access the restroom facility..","Maintained_By":"MAINTAINED BY BROWN"}},{"type":"Feature","id":64,"geometry":{"type":"Polygon","coordinates":[[[-71.405535372871,41.8266577155005],[-71.4055418155546,41.8267123876086],[-71.4053294545622,41.8267263877337],[-71.4053123918778,41.8265815900841],[-71.4052392964327,41.8265864087487],[-71.4052160602874,41.8263892161344],[-71.4052891555099,41.8263843974842],[-71.4052709017702,41.8262294916266],[-71.4054832611316,41.8262154925072],[-71.4055219168634,41.8265435287866],[-71.4056827283606,41.8265329270886],[-71.4056961846517,41.8266471137841],[-71.405535372871,41.8266577155005]]]},"properties":{"OBJECTID":64,"Building":100020,"Property_Type":"Building","Property_Code":"100020","Chart_String":";,LOC100020,,,","Property_Name":"List (Albert & Vera) Art Building","Property_Abbr":"LISTART","Address_Line_1":"64 College St","Address_Line_2":null,"City_and_State":"Providence, RI","External_Floorplan_Link":"https://drive.google.com/drive/folders/1yjkIN4I_pWGoP0jhDSCPU4lr4fu6_xpa","ZIP_code":"02912","Property_Status":"Active","Ownership_Status":"Owned","Occupancy_Status":"Brown Occupied","Official_Name":null,"Aliases":"ALTADDRS: 62-64 College St; DISPNAME: List Art; LEGACY: Albert & Vera List","Long_Description":"The List Art Building is a five-story building that includes the Bell Gallery, classrooms, lecture halls and extensive studio space. Designed by internationally renowned architect Philip Johnson, the Center is located on the crest of College Hill, in close proximity to the RISD Museum and downtown Providence. The triangular jags of the roof line — with skylights installed to light art studios — are a dramatic element in Providence's skyline.","Portfolio":"ACADEMIC","National_Historic_District":"College Hill Historic District (National)","City_of_Providence_Historic_Dis":null,"Municipal_Zone":"One Family District - Within I-Zone","Grid_Coord":"HE49","Gross_area__Property_":64153.568033854164,"Floors_Assignable_area":5918.6421,"Net_area":57421.033992034725,"Accessibility_Code":"3","Building_Occupancy":25,"Building_Type":"BUILDING","Building_Usage":"ACAD","Tax_Status":"Property Exempt from Tax","Legal_Use":"School","Current_Use":"School","Cost_Rec":"Y","Year_of_Construction":1971,"Date_of_last_major_construction":null,"Date_acquired":null,"Date_relinquished":null,"Means_of_Acquisition":null,"GPS_Coordinates__Lat__Long_":"41.826405,-71.405396","Building_System":null,"CHP_Loop":null,"Electricity_Source":"Brown","Utility_Feeder_Number":"1152B/1153","Primary_Feeder":"JW2-4","Secondary_Feeder":"RL1-2","LEED_Level":null,"LEED_Status":null,"LEED_Link":null,"ObjectID_1":16,"Shape__Area":13842.24919128418,"Shape__Length":607.74902272129134,"lat":41.826488962444124,"lon":-71.40541845735784,"NAV_Number":0.85,"NAV_Desc":"Capital Upkeep","Accessibility_Level":"A wheelchair or person with mobility challenges can enter the facility, access the primary function within that facility and access the restroom facility..","Maintained_By":"MAINTAINED BY BROWN"}},{"type":"Feature","id":65,"geometry":{"type":"Polygon","coordinates":[[[-71.4051348632812,41.826206933898],[-71.4051701226106,41.8262046563411],[-71.4051870141795,41.8263509277357],[-71.4051835109908,41.8263511544308],[-71.4052016268432,41.8265080211246],[-71.4051979719625,41.8265082566983],[-71.4052161401862,41.8266655790005],[-71.4052118749435,41.8266658545863],[-71.4052117442126,41.826664715549],[-71.4050905068131,41.826672548335],[-71.4050906387456,41.8266736873734],[-71.4049735136705,41.826681254232],[-71.4049590161598,41.8265557151113],[-71.4048260522414,41.8265643050049],[-71.4048259203139,41.8265631659662],[-71.4048253950125,41.826558608913],[-71.4048122526915,41.8264448041181],[-71.4048092069592,41.8264450005693],[-71.404805036557,41.8264088889985],[-71.4048065594229,41.8264087903228],[-71.404803823535,41.8263850947217],[-71.4048023006696,41.8263851933974],[-71.4047981302764,41.8263490809256],[-71.4048011760042,41.8263488844747],[-71.4047880337696,41.8262350787727],[-71.404787376546,41.8262293835805],[-71.4049535429598,41.8262186477884],[-71.40500395627,41.8262153915463],[-71.4051348632812,41.826206933898]]]},"properties":{"OBJECTID":65,"Building":100122,"Property_Type":"Building","Property_Code":"100122","Chart_String":";,LOC100122,,,","Property_Name":"John Hay Library","Property_Abbr":"JHAYLIB","Address_Line_1":"20 Prospect St","Address_Line_2":null,"City_and_State":"Providence, RI","External_Floorplan_Link":"https://drive.google.com/drive/folders/1JmS2bxdfhuhkiYrIQzX7bL-aWMeY7HND","ZIP_code":"02912","Property_Status":"Active","Ownership_Status":"Owned","Occupancy_Status":"Brown Occupied","Official_Name":null,"Aliases":"ALTADDRS: 20-34 Prospect St; DISPNAME: John Hay Library; LEGACY: John Milton Hay","Long_Description":"The John Hay Library opened in 1910, and from that time until 1964 had served as the main library for the University.  Designed in the English Renaissance style, the Library is named for John Hay, class of 1858.  Mr. Carnegie had honored John Hay by making substantial donation for the purpose of building the Library.  John Hay had served as Abraham Lincoln's private secretary during the Civil War and later became Secretary of State.  Renovation completed in fall of 2014, refurbished the first floor reading room, created a state-of-the-art special collections reading room and a student lounge.  The renovation also included adding accessible entrance and various lighting upgrades.","Portfolio":"ACADEMIC","National_Historic_District":"College Hill Historic District (National)","City_of_Providence_Historic_Dis":null,"Municipal_Zone":"One Family District - Within I-Zone","Grid_Coord":"HA50","Gross_area__Property_":79186.933119611116,"Floors_Assignable_area":0,"Net_area":66173.678318138889,"Accessibility_Code":"4","Building_Occupancy":34,"Building_Type":"BUILDING","Building_Usage":"LIBRARY","Tax_Status":"Property Exempt from Tax","Legal_Use":"Library","Current_Use":"Library","Cost_Rec":"Y","Year_of_Construction":1910,"Date_of_last_major_construction":null,"Date_acquired":"05/20/1907","Date_relinquished":null,"Means_of_Acquisition":null,"GPS_Coordinates__Lat__Long_":"41.8264,-71.405001","Building_System":null,"CHP_Loop":null,"Electricity_Source":"Brown","Utility_Feeder_Number":"1152B/1153","Primary_Feeder":"JW2-4","Secondary_Feeder":"RL1-2","LEED_Level":null,"LEED_Status":null,"LEED_Link":null,"ObjectID_1":109,"Shape__Area":15808.530181884766,"Shape__Length":549.58267816130081,"lat":41.826427497579857,"lon":-71.405013916315042,"NAV_Number":0.96,"NAV_Desc":"Capital Upkeep","Accessibility_Level":"The facility is mostly accessible to a wheelchair user or person with mobility challenges.","Maintained_By":"MAINTAINED BY BROWN"}},{"type":"Feature","id":66,"geometry":{"type":"Polygon","coordinates":[[[-71.4050283774796,41.8267252910896],[-71.4050396449072,41.8268007461475],[-71.4049478786091,41.8268084113693],[-71.4049519597882,41.826835740948],[-71.4048004083409,41.8268484011703],[-71.4047831268128,41.8267326617193],[-71.4048754239361,41.8267249520516],[-71.4048752058195,41.826723487919],[-71.4048906157406,41.826709063736],[-71.4049148896844,41.8267070355591],[-71.4049345125026,41.8267187634156],[-71.4050220041246,41.8267119670989],[-71.4050240471027,41.8267256530471],[-71.4050283774796,41.8267252910896]]]},"properties":{"OBJECTID":66,"Building":100034,"Property_Type":"Building","Property_Code":"100034","Chart_String":";,LOC100034,,,","Property_Name":"Prospect House","Property_Abbr":"PROSPECHSE","Address_Line_1":"36 Prospect St","Address_Line_2":null,"City_and_State":"Providence, RI","External_Floorplan_Link":"https://drive.google.com/drive/folders/1uJNHvO-vLrfwUQnMQnadvYuORDl8MPgb","ZIP_code":"02912","Property_Status":"Active","Ownership_Status":"Owned","Occupancy_Status":"Brown Occupied","Official_Name":null,"Aliases":"DISPNAME: Prospect House","Long_Description":"Prospect House is a three story building with a full basement. This building was constructed in 1875 with a stone/ brick foundation wood framing and flooring with a wood and brick exterior wall. This building provides support for academic functions.","Portfolio":"ACADEMIC","National_Historic_District":"College Hill Historic District (National)","City_of_Providence_Historic_Dis":null,"Municipal_Zone":"One Family District - Within I-Zone","Grid_Coord":"HA47","Gross_area__Property_":10446.229948986111,"Floors_Assignable_area":0,"Net_area":8888.0936420416674,"Accessibility_Code":"3","Building_Occupancy":35,"Building_Type":"HOUSE","Building_Usage":"ACAD","Tax_Status":"Property Exempt from Tax","Legal_Use":"Office","Current_Use":"Office","Cost_Rec":"Y","Year_of_Construction":1875,"Date_of_last_major_construction":null,"Date_acquired":"01/01/1920","Date_relinquished":null,"Means_of_Acquisition":null,"GPS_Coordinates__Lat__Long_":"41.826737,-71.404905","Building_System":null,"CHP_Loop":null,"Electricity_Source":"Brown","Utility_Feeder_Number":"1152B/1153","Primary_Feeder":"JW2-4","Secondary_Feeder":"RL1-2","LEED_Level":null,"LEED_Status":null,"LEED_Link":null,"ObjectID_1":28,"Shape__Area":2645.6719512939453,"Shape__Length":223.11538595644978,"lat":41.82677515332557,"lon":-71.404905310871428,"NAV_Number":0.83,"NAV_Desc":"Repair and Maintain","Accessibility_Level":"A wheelchair or person with mobility challenges can enter the facility, access the primary function within that facility and access the restroom facility..","Maintained_By":"MAINTAINED BY BROWN"}},{"type":"Feature","id":67,"geometry":{"type":"Polygon","coordinates":[[[-71.4052117442126,41.826664715549],[-71.4052164794086,41.8267057263163],[-71.4051982025375,41.826706906885],[-71.4052074649584,41.8267871059611],[-71.4052019814078,41.8267874606714],[-71.4052030606228,41.8267968016832],[-71.4051665068262,41.8267991637135],[-71.4051654276178,41.826789821801],[-71.4051045042256,41.8267937581914],[-71.4050905068131,41.826672548335],[-71.4052117442126,41.826664715549]]]},"properties":{"OBJECTID":67,"Building":100143,"Property_Type":"Building","Property_Code":"100143","Chart_String":";,LOC100143,,,","Property_Name":"Blistein House","Property_Abbr":"BLISTEIN","Address_Line_1":"57 Waterman St","Address_Line_2":null,"City_and_State":"Providence, RI","External_Floorplan_Link":"https://drive.google.com/drive/folders/1xUUNohVtOz2vfQRb5qaao8bgUguAbZ5z","ZIP_code":"02912","Property_Status":"Active","Ownership_Status":"Owned","Occupancy_Status":"Brown Occupied","Official_Name":null,"Aliases":"DISPNAME: Blistein House; LEGACY: Elmer M. Blistein '42","Long_Description":"Blistein House is a three story wood sided house with a mansard style roof that was constructed in 1867.  It is used for academic purposes by the University.","Portfolio":"ACADEMIC","National_Historic_District":"College Hill Historic District (National)","City_of_Providence_Historic_Dis":null,"Municipal_Zone":"One Family District - Within I-Zone","Grid_Coord":"HC46","Gross_area__Property_":6050.8125,"Floors_Assignable_area":0,"Net_area":4835.4613837569441,"Accessibility_Code":"0","Building_Occupancy":67,"Building_Type":"HOUSE","Building_Usage":"ACAD","Tax_Status":"Property Exempt from Tax","Legal_Use":"Office","Current_Use":"Office","Cost_Rec":"Y","Year_of_Construction":1867,"Date_of_last_major_construction":null,"Date_acquired":"08/08/1917","Date_relinquished":null,"Means_of_Acquisition":null,"GPS_Coordinates__Lat__Long_":"41.826699,-71.405149","Building_System":null,"CHP_Loop":null,"Electricity_Source":"Brown","Utility_Feeder_Number":"1152B/1153","Primary_Feeder":"JW2-4","Secondary_Feeder":"RL1-2","LEED_Level":null,"LEED_Status":null,"LEED_Link":null,"ObjectID_1":128,"Shape__Area":1357.889533996582,"Shape__Length":161.83372756770029,"lat":41.826728993571855,"lon":-71.405152965134235,"NAV_Number":0.66,"NAV_Desc":"Systemic Renovation","Accessibility_Level":"A physical barrier exists that would prevent a wheelchair user from entering the facility.","Maintained_By":"MAINTAINED BY BROWN"}},{"type":"Feature","id":68,"geometry":{"type":"Polygon","coordinates":[[[-71.4045290569675,41.8268117005175],[-71.4044557618028,41.8268162358106],[-71.4044496975135,41.8267618952824],[-71.404522992618,41.8267573590927],[-71.4045290569675,41.8268117005175]]]},"properties":{"OBJECTID":68,"Building":100271,"Property_Type":"Building","Property_Code":"100271","Chart_String":";,LOC100271,,,","Property_Name":"Carrie Tower","Property_Abbr":"CARRIE","Address_Line_1":"69 Waterman St","Address_Line_2":null,"City_and_State":"Providence, RI","External_Floorplan_Link":"https://drive.google.com/drive/folders/1VtUdVlbhpwMRGG1Ws4GS_7DoSA7MvaB8","ZIP_code":"02912","Property_Status":"Active","Ownership_Status":"Owned","Occupancy_Status":"Brown Occupied","Official_Name":null,"Aliases":"ALTADDRS: 1-21 Prospect St; DISPNAME: Carrie Tower; LEGACY: Caroline Mathilde Brown Bajnotti; NICKNAME: Clock Tower","Long_Description":"Carrie Tower's history dates back to the Brown family.  The clock tower was erected by a man by the name of Paul Banjotti in memory of his wife.  Mr. Banjotti's wife happened to be Caroline Mathilde Brown Banjotti.  She and her sister Annmary Brown were the daughters of Nicholas Brown whom Brown University is named after.","Portfolio":"Admin/Support","National_Historic_District":"College Hill Historic District (National)","City_of_Providence_Historic_Dis":"College Hill Historic District (Providence)","Municipal_Zone":"One Family District - Within I-Zone","Grid_Coord":"EV47","Gross_area__Property_":1747.7395833333333,"Floors_Assignable_area":0,"Net_area":550.23407952777779,"Accessibility_Code":"0","Building_Occupancy":0,"Building_Type":"BUILDING","Building_Usage":"SUPPORT","Tax_Status":"Property Exempt from Tax","Legal_Use":"Not Available","Current_Use":"Clock Tower","Cost_Rec":"Y","Year_of_Construction":1904,"Date_of_last_major_construction":null,"Date_acquired":null,"Date_relinquished":null,"Means_of_Acquisition":null,"GPS_Coordinates__Lat__Long_":"41.826769,-71.404486","Building_System":null,"CHP_Loop":null,"Electricity_Source":"Brown","Utility_Feeder_Number":"1152B/1153","Primary_Feeder":"JW1-4","Secondary_Feeder":"5K-4","LEED_Level":null,"LEED_Status":null,"LEED_Link":null,"ObjectID_1":251,"Shape__Area":398.31082153320313,"Shape__Length":79.831676250036253,"lat":41.826786797667125,"lon":-71.404489377325717,"NAV_Number":null,"NAV_Desc":"NO NAV","Accessibility_Level":"A physical barrier exists that would prevent a wheelchair user from entering the facility.","Maintained_By":"MAINTAINED BY BROWN"}},{"type":"Feature","id":69,"geometry":{"type":"Polygon","coordinates":[[[-71.4039435873051,41.8265830502178],[-71.403946015797,41.8267123355904],[-71.403948276545,41.8267122483471],[-71.4039493648009,41.8267838739595],[-71.4039469801664,41.8267838935737],[-71.4039491193998,41.8269126240908],[-71.4038018422489,41.8269227440107],[-71.40379924099,41.8267852248913],[-71.4037967829262,41.8267852453412],[-71.4037957238513,41.8267135387213],[-71.4037979028412,41.8267133874885],[-71.4037955880113,41.8265847639575],[-71.4039435873051,41.8265830502178]]]},"properties":{"OBJECTID":69,"Building":100045,"Property_Type":"Building","Property_Code":"100045","Chart_String":";,LOC100045,,,","Property_Name":"Hope College","Property_Abbr":"HOPECOLL","Address_Line_1":"71 Waterman St","Address_Line_2":null,"City_and_State":"Providence, RI","External_Floorplan_Link":"https://drive.google.com/drive/folders/1zqs2Miug2qqIpcEH78Xp1dw5j5JU59vG","ZIP_code":"02912","Property_Status":"Active","Ownership_Status":"Owned","Occupancy_Status":"Brown Occupied","Official_Name":null,"Aliases":"ALTADDRS: 21 Prospect St; DISPNAME: Hope College; LEGACY: Hope Brown Ives","Long_Description":"Hope College was the second building built for Brown University to serve as a dormitory.  Nicholas Brown was the sole financier and suggested that it be named in honor of his sister Hope.  It is one of the few dormitories in the country that is called a college.  Hope College served as military housing for Brown students that were also Navy students during the Great War in 1918 and during World War II for an army unit during 1942-43.  Hope College has seen many renovations over the years and is still used as a dormitory.","Portfolio":"RESIDENCE HALL","National_Historic_District":"College Hill Historic District (National)","City_of_Providence_Historic_Dis":null,"Municipal_Zone":"One Family District - Within I-Zone","Grid_Coord":"ER48","Gross_area__Property_":29708.479204034724,"Floors_Assignable_area":0,"Net_area":24010.3845965,"Accessibility_Code":"0","Building_Occupancy":79,"Building_Type":"BUILDING","Building_Usage":"RES HALL","Tax_Status":"Property Exempt from Tax","Legal_Use":"Dormitory","Current_Use":"Dormitory","Cost_Rec":"Y","Year_of_Construction":1822,"Date_of_last_major_construction":null,"Date_acquired":null,"Date_relinquished":null,"Means_of_Acquisition":null,"GPS_Coordinates__Lat__Long_":"41.826721,-71.403861","Building_System":"SIEMENS","CHP_Loop":null,"Electricity_Source":"Brown","Utility_Feeder_Number":"1152B/1153","Primary_Feeder":"JW1-4","Secondary_Feeder":"5K-4","LEED_Level":null,"LEED_Status":null,"LEED_Link":null,"ObjectID_1":38,"Shape__Area":4934.7986755371094,"Shape__Length":326.4404240413553,"lat":41.826750661683889,"lon":-71.403872246614043,"NAV_Number":0.83,"NAV_Desc":"Repair and Maintain","Accessibility_Level":"A physical barrier exists that would prevent a wheelchair user from entering the facility.","Maintained_By":"MAINTAINED BY BROWN"}},{"type":"Feature","id":70,"geometry":{"type":"Polygon","coordinates":[[[-71.4039402347959,41.8263624723473],[-71.4037631721351,41.826364058199],[-71.4037609908112,41.8262026047915],[-71.4037239265913,41.8262027754094],[-71.4037226465477,41.826110696614],[-71.4037588817168,41.8261102795092],[-71.4037568006121,41.825949434808],[-71.403933498222,41.8259481061576],[-71.4039361017848,41.8261084137899],[-71.4039730025676,41.8261080259851],[-71.4039744117719,41.8262017137925],[-71.4039373487809,41.8262018682742],[-71.4039402347959,41.8263624723473]]]},"properties":{"OBJECTID":70,"Building":100182,"Property_Type":"Building","Property_Code":"100182","Chart_String":";,LOC100182,,,","Property_Name":"University Hall","Property_Abbr":"UHALL","Address_Line_1":"1 Prospect St","Address_Line_2":null,"City_and_State":"Providence, RI","External_Floorplan_Link":"https://drive.google.com/drive/folders/1z9tWmVv4qUnoYkSKStXqCTFBjKvO9UFC","ZIP_code":"02912","Property_Status":"Active","Ownership_Status":"Owned","Occupancy_Status":"Brown Occupied","Official_Name":null,"Aliases":"ALTADDRS: 1-21 Prospect St; DISPNAME: University Hall; NICKNAME: Uh","Long_Description":"University Hall named in 1823 (originally named the College Edifice) was the first Rhode Island College (now Brown University) building built on the East Side of Providence.   The building was actually built in three stages due to a number of factors at the time.  The first stage consisted of the construction of the first and second stories and was completed in 1771. In December 1776 the building was appropriated by the American Army to use as a barracks during the Revolutionary War. From 1780 to 1782, University Hall was used as a hospital for French troops.  The structure sustained considerable damage during the War but was repaired.  The third story was completed in 1785 and the fourth floor was completed in 1788.  Since University Hall was the first and only University building for the first 50 years of Brown, it served as a place for living, studying, eating, and worshipping.  University Hall currently serves as the chief administrative building.","Portfolio":"Admin/Support","National_Historic_District":"College Hill Historic District (National)","City_of_Providence_Historic_Dis":"College Hill Historic District (Providence)","Municipal_Zone":"One Family District - Within I-Zone","Grid_Coord":"ES51","Gross_area__Property_":37100.29861109722,"Floors_Assignable_area":5099.7537,"Net_area":29278.349783243055,"Accessibility_Code":"3","Building_Occupancy":52,"Building_Type":"BUILDING","Building_Usage":"ADMIN","Tax_Status":"Property Exempt from Tax","Legal_Use":"Office","Current_Use":"Office","Cost_Rec":"Y","Year_of_Construction":1770,"Date_of_last_major_construction":null,"Date_acquired":null,"Date_relinquished":null,"Means_of_Acquisition":null,"GPS_Coordinates__Lat__Long_":"41.826116,-71.403837","Building_System":null,"CHP_Loop":"Yes","Electricity_Source":"Brown","Utility_Feeder_Number":"1152B/1153","Primary_Feeder":"JW1-4","Secondary_Feeder":"5K-4","LEED_Level":null,"LEED_Status":null,"LEED_Link":null,"ObjectID_1":165,"Shape__Area":7959.6746673583984,"Shape__Length":438.663797246641,"lat":41.826155968184679,"lon":-71.4038484738688,"NAV_Number":0.49,"NAV_Desc":"Transitional/ Gut Renovation/ Replacement","Accessibility_Level":"A wheelchair or person with mobility challenges can enter the facility, access the primary function within that facility and access the restroom facility..","Maintained_By":"MAINTAINED BY BROWN"}},{"type":"Feature","id":71,"geometry":{"type":"Polygon","coordinates":[[[-71.4049631515024,41.825999426664],[-71.4049576727873,41.8259998119782],[-71.4049523439431,41.8259574636997],[-71.4049279925066,41.8259591776022],[-71.4049257569836,41.8259414192553],[-71.4048691388207,41.8259454041017],[-71.404809206818,41.8254690973176],[-71.4048658245662,41.8254651115996],[-71.4048635902823,41.8254473523507],[-71.4048879415266,41.8254456384614],[-71.404882612775,41.8254032892754],[-71.4048880926433,41.8254029039657],[-71.4049544505768,41.8253982330067],[-71.4052503260443,41.8253774040835],[-71.4053166839268,41.8253727320148],[-71.40532216379,41.8253723466844],[-71.4053274928301,41.8254146949503],[-71.4053518440498,41.8254129809627],[-71.4053540796725,41.8254307393031],[-71.4054106973523,41.8254267542167],[-71.4054112125285,41.8254308520866],[-71.4054144214111,41.8254563523474],[-71.4054174589718,41.8254804866516],[-71.405463872067,41.8258493282673],[-71.4054669096646,41.8258734625686],[-71.405470118591,41.8258989628258],[-71.4054706337748,41.8259030606951],[-71.4054140156776,41.8259070467106],[-71.4054162501294,41.8259248059476],[-71.4053918987174,41.8259265199485],[-71.4053972278474,41.8259688691074],[-71.4053917479338,41.8259692544413],[-71.405325389442,41.8259739256519],[-71.4050295112516,41.8259947547634],[-71.4049631515024,41.825999426664]]]},"properties":{"OBJECTID":71,"Building":100288,"Property_Type":"Building","Property_Code":"100288","Chart_String":";,LOC100288,,,","Property_Name":"Rockefeller (John D., Jr.) Library","Property_Abbr":"ROCKLIB","Address_Line_1":"10 Prospect St","Address_Line_2":null,"City_and_State":"Providence, RI","External_Floorplan_Link":"https://drive.google.com/drive/folders/1v9TXmUJws_qdTM4mhYGuSpMKqkjtCaaC","ZIP_code":"02912","Property_Status":"Active","Ownership_Status":"Owned","Occupancy_Status":"Brown Occupied","Official_Name":null,"Aliases":"DISPNAME: Rockefeller Library; LEGACY: John D. Rockefeller, Jr. 1897; NICKNAME: The Rock; NICKNAME: University Library","Long_Description":"The John D. Rockefeller, Jr. Library, otherwise known as \"the Rock,\" was originally constructed in 1965 and serves as primary teaching and research library for the humanities, social sciences, and fine arts.  Renovations starting in 2013, revitalized the first floor, creating a variety of study spaces, reading rooms, a digital lab and digital studio - a new technology enable collaborative space for students and faculty.","Portfolio":"ACADEMIC","National_Historic_District":"College Hill Historic District (National)","City_of_Providence_Historic_Dis":null,"Municipal_Zone":"One Family District - Within I-Zone","Grid_Coord":"HB54","Gross_area__Property_":202095.31378944445,"Floors_Assignable_area":20627.4267,"Net_area":189205.11576944444,"Accessibility_Code":"4","Building_Occupancy":73,"Building_Type":"BUILDING","Building_Usage":"LIBRARY","Tax_Status":"Property Exempt from Tax","Legal_Use":"Library","Current_Use":"Library","Cost_Rec":"Y","Year_of_Construction":1964,"Date_of_last_major_construction":null,"Date_acquired":null,"Date_relinquished":null,"Means_of_Acquisition":null,"GPS_Coordinates__Lat__Long_":"41.8257,-71.405082","Building_System":null,"CHP_Loop":null,"Electricity_Source":"Brown","Utility_Feeder_Number":"1152B/1153","Primary_Feeder":"JW2-4","Secondary_Feeder":"JW2-4","LEED_Level":null,"LEED_Status":null,"LEED_Link":null,"ObjectID_1":266,"Shape__Area":34174.825462341309,"Shape__Length":765.99826721413035,"lat":41.825686079748294,"lon":-71.405139919268947,"NAV_Number":0.78,"NAV_Desc":"Repair and Maintain","Accessibility_Level":"The facility is mostly accessible to a wheelchair user or person with mobility challenges.","Maintained_By":"MAINTAINED BY BROWN"}},{"type":"Feature","id":72,"geometry":{"type":"Polygon","coordinates":[[[-71.404697951579,41.8253129879148],[-71.4047750561647,41.8253091263765],[-71.4047794421058,41.8253581273964],[-71.404778297291,41.8253581849695],[-71.4047872018115,41.8254576690766],[-71.4046895818434,41.8254625570965],[-71.4046891685992,41.825457937111],[-71.4046276229826,41.825461018311],[-71.4046217794219,41.8253958180656],[-71.4046190228977,41.8253650142572],[-71.40461467036,41.8253162977664],[-71.4046978758114,41.8253121316289],[-71.404697951579,41.8253129879148]]]},"properties":{"OBJECTID":72,"Building":100062,"Property_Type":"Building","Property_Code":"100062","Chart_String":";,LOC100062,,,","Property_Name":"Wilbour Hall","Property_Abbr":"WILBOUR","Address_Line_1":"2 Prospect St","Address_Line_2":null,"City_and_State":"Providence, RI","External_Floorplan_Link":"https://drive.google.com/drive/folders/1OgmL--pXE4guRJ6lcj79ooyFAg2ez7vN","ZIP_code":"02912","Property_Status":"Active","Ownership_Status":"Owned","Occupancy_Status":"Brown Occupied","Official_Name":null,"Aliases":"DISPNAME: Wilbour Hall; LEGACY: Charles Edwin Wilbour","Long_Description":"Wilbour Hall is a three story building constructed in 1888 and is named for Charles Edwin Wilbour. The facility currently serves as an academic building and includes classrooms and offices.","Portfolio":"ACADEMIC","National_Historic_District":"College Hill Historic District (National)","City_of_Providence_Historic_Dis":null,"Municipal_Zone":"One Family District - Within I-Zone","Grid_Coord":"HA57","Gross_area__Property_":9335.1961697083334,"Floors_Assignable_area":1311.2569,"Net_area":7695.4821383611115,"Accessibility_Code":"3","Building_Occupancy":18,"Building_Type":"HOUSE","Building_Usage":"ACAD","Tax_Status":"Property Exempt from Tax","Legal_Use":"Office","Current_Use":"Office","Cost_Rec":"Y","Year_of_Construction":1888,"Date_of_last_major_construction":null,"Date_acquired":"01/01/1949","Date_relinquished":null,"Means_of_Acquisition":null,"GPS_Coordinates__Lat__Long_":"41.825346,-71.404709","Building_System":null,"CHP_Loop":null,"Electricity_Source":"Brown","Utility_Feeder_Number":"1152B/1153","Primary_Feeder":"JW2-4","Secondary_Feeder":"JW2-4","LEED_Level":null,"LEED_Status":null,"LEED_Link":null,"ObjectID_1":53,"Shape__Area":2342.2274017333984,"Shape__Length":196.66709138115354,"lat":41.825386161428717,"lon":-71.404701530453266,"NAV_Number":0.75,"NAV_Desc":"Repair and Maintain","Accessibility_Level":"A wheelchair or person with mobility challenges can enter the facility, access the primary function within that facility and access the restroom facility..","Maintained_By":"MAINTAINED BY BROWN"}},{"type":"Feature","id":73,"geometry":{"type":"Polygon","coordinates":[[[-71.4053542075318,41.8250611184632],[-71.4053565169276,41.8250868070574],[-71.4053594529255,41.8250866996349],[-71.4053658046959,41.8251579451458],[-71.4052068567168,41.8251658271146],[-71.4051945819735,41.8250299224131],[-71.4052571058374,41.8250267903964],[-71.4052628817306,41.8250901322569],[-71.4052807881349,41.825089269192],[-71.4052796301449,41.8250778519299],[-71.4052959202041,41.8250776456781],[-71.4052947664881,41.8250641432329],[-71.4053542075318,41.8250611184632]]]},"properties":{"OBJECTID":73,"Building":100006,"Property_Type":"Building","Property_Code":"100006","Chart_String":";,LOC100006,,,","Property_Name":"George St 025","Property_Abbr":"GEORGE025","Address_Line_1":"25 George St","Address_Line_2":null,"City_and_State":"Providence, RI","External_Floorplan_Link":"https://drive.google.com/drive/folders/1UJDrE2VIOkBWkXw7_Fff5sJBevTL3sSS","ZIP_code":"02912","Property_Status":"Active","Ownership_Status":"Owned","Occupancy_Status":"Brown Occupied","Official_Name":null,"Aliases":"DISPNAME: 25 George","Long_Description":"25 George Street is a three story house with a detached garage that was constructed in 1913","Portfolio":"ACADEMIC","National_Historic_District":"College Hill Historic District (National)","City_of_Providence_Historic_Dis":"College Hill Historic District (Providence)","Municipal_Zone":"Two Family District - Within I-Zone","Grid_Coord":"JN59","Gross_area__Property_":5605.458333333333,"Floors_Assignable_area":null,"Net_area":4569.2035291527782,"Accessibility_Code":"0","Building_Occupancy":12,"Building_Type":"HOUSE","Building_Usage":"ACAD","Tax_Status":"Property Exempt from Tax","Legal_Use":"1 Family","Current_Use":"Office","Cost_Rec":"Y","Year_of_Construction":1913,"Date_of_last_major_construction":null,"Date_acquired":"02/27/1986","Date_relinquished":null,"Means_of_Acquisition":null,"GPS_Coordinates__Lat__Long_":"41.82509,-71.405275","Building_System":null,"CHP_Loop":null,"Electricity_Source":null,"Utility_Feeder_Number":"2J10","Primary_Feeder":null,"Secondary_Feeder":null,"LEED_Level":null,"LEED_Status":null,"LEED_Link":null,"ObjectID_1":5,"Shape__Area":1708.5947875976563,"Shape__Length":204.14539395641313,"lat":41.825105693770368,"lon":-71.405274131065354,"NAV_Number":0.35,"NAV_Desc":"Transitional/ Gut Renovation/ Replacement","Accessibility_Level":"A physical barrier exists that would prevent a wheelchair user from entering the facility.","Maintained_By":"MAINTAINED BY BROWN"}},{"type":"Feature","id":74,"geometry":{"type":"Polygon","coordinates":[[[-71.4041764665233,41.825032271146],[-71.4042083140699,41.8250307149107],[-71.4042059233639,41.8250033569956],[-71.4043367539218,41.8249969619688],[-71.4043391517768,41.8250244063198],[-71.4043709981132,41.8250228491381],[-71.4043857701489,41.8251918326851],[-71.4043137267858,41.8251952137953],[-71.4043135159215,41.8251929330593],[-71.4042647791838,41.8251952180296],[-71.404264961152,41.825197502343],[-71.4041914623927,41.8252009505895],[-71.4041764665233,41.825032271146]]]},"properties":{"OBJECTID":74,"Building":100207,"Property_Type":"Building","Property_Code":"100207","Chart_String":";,LOC100207,,,","Property_Name":"Horace Mann House","Property_Abbr":"HORACEMANN","Address_Line_1":"47 George St","Address_Line_2":null,"City_and_State":"Providence, RI","External_Floorplan_Link":"https://drive.google.com/drive/folders/1PnYzbFI-APRKvtu5yF6XtXJQdtRdzZHM","ZIP_code":"02912","Property_Status":"Active","Ownership_Status":"Owned","Occupancy_Status":"Brown Occupied","Official_Name":null,"Aliases":"ALTADDRS: 47-49 George St; DISPNAME: Horace Mann House; LEGACY: Horace Mann 1819","Long_Description":"Horace Mann House is a four story brick building that was constructed in 1854.  It now provides support for academic functions to Brown University.","Portfolio":"Admin/Support","National_Historic_District":"College Hill Historic District (National)","City_of_Providence_Historic_Dis":null,"Municipal_Zone":"Two Family District - Within I-Zone","Grid_Coord":"JH59","Gross_area__Property_":16044.550386590277,"Floors_Assignable_area":1119.1443,"Net_area":13029.958797013889,"Accessibility_Code":"4","Building_Occupancy":20,"Building_Type":"HOUSE","Building_Usage":"ADMIN","Tax_Status":"Property Exempt from Tax","Legal_Use":"Dormitory","Current_Use":"Office","Cost_Rec":"Y","Year_of_Construction":1854,"Date_of_last_major_construction":null,"Date_acquired":"12/28/1938","Date_relinquished":null,"Means_of_Acquisition":null,"GPS_Coordinates__Lat__Long_":"41.82507,-71.404272","Building_System":"SIEMENS","CHP_Loop":null,"Electricity_Source":"Brown","Utility_Feeder_Number":"1152B/1153","Primary_Feeder":"JW2-4","Secondary_Feeder":"JW2-4","LEED_Level":null,"LEED_Status":null,"LEED_Link":null,"ObjectID_1":190,"Shape__Area":3620.3175659179688,"Shape__Length":251.18082278469825,"lat":41.825102012631412,"lon":-71.404280321619737,"NAV_Number":0.91,"NAV_Desc":"Capital Upkeep","Accessibility_Level":"The facility is mostly accessible to a wheelchair user or person with mobility challenges.","Maintained_By":"MAINTAINED BY BROWN"}},{"type":"Feature","id":75,"geometry":{"type":"Polygon","coordinates":[[[-71.4037794380864,41.825404972502],[-71.4038629158721,41.8254007216653],[-71.4038628153749,41.8253995061226],[-71.4039952160979,41.8253933225786],[-71.4040002329643,41.82545389622],[-71.404042209707,41.8254517101547],[-71.4040484499538,41.8255233310821],[-71.4040059521276,41.825525402371],[-71.4040115246903,41.8255854650819],[-71.4038566517674,41.8255930145606],[-71.4038532818355,41.825553274351],[-71.4037068682518,41.8255603076106],[-71.4037056294903,41.825545939853],[-71.4037027035554,41.8255120026997],[-71.4037041661743,41.8255119318986],[-71.4037029218642,41.8254948415092],[-71.4037017854774,41.8254948954773],[-71.4036978808206,41.8254473740791],[-71.403782728923,41.8254428354404],[-71.4037794380864,41.825404972502]]]},"properties":{"OBJECTID":75,"Building":100099,"Property_Type":"Building","Property_Code":"100099","Chart_String":";,LOC100099,,,","Property_Name":"Rhode Island Hall","Property_Abbr":"RIHALL","Address_Line_1":"60 George St","Address_Line_2":null,"City_and_State":"Providence, RI","External_Floorplan_Link":"https://drive.google.com/drive/folders/1bGrh4twfG6SA2esuUBxKk6_ic61HX30d","ZIP_code":"02912","Property_Status":"Active","Ownership_Status":"Owned","Occupancy_Status":"Brown Occupied","Official_Name":null,"Aliases":"DISPNAME: Rhode Island Hall","Long_Description":"Rhode Island Hall was built at the request of President Wayland to align education with the Industrial Revolution.  The building was built to house: lecture rooms on the first floor, rooms for displaying geological and physiological specimens on the second floor, and a chemical laboratory in the basement for performing chemical analysis.  Funding came from a variety of sources including the citizens of Providence.  In honor of this particular contribution, the building was named Rhode Island Hall.  The building has had several renovations over the years.  Currently, Rhode Island Hall houses classrooms and office space.  Comprehensive interior renovation was completed in 2010, with the objective to restore and enhance this historic building while creating a state-of-the-art environment.  Rhode Island Hall is LEED Gold certified.","Portfolio":"ACADEMIC","National_Historic_District":"College Hill Historic District (National)","City_of_Providence_Historic_Dis":null,"Municipal_Zone":"One Family District - Within I-Zone","Grid_Coord":"ES57","Gross_area__Property_":19924.633789791667,"Floors_Assignable_area":3076.0202,"Net_area":14812.058868798611,"Accessibility_Code":"4","Building_Occupancy":26,"Building_Type":"BUILDING","Building_Usage":"ACAD","Tax_Status":"Property Exempt from Tax","Legal_Use":"Office","Current_Use":"Office","Cost_Rec":"Y","Year_of_Construction":1840,"Date_of_last_major_construction":null,"Date_acquired":null,"Date_relinquished":null,"Means_of_Acquisition":null,"GPS_Coordinates__Lat__Long_":"41.825454,-71.403877","Building_System":null,"CHP_Loop":null,"Electricity_Source":"Brown","Utility_Feeder_Number":"1152B/1153","Primary_Feeder":"JW1-4","Secondary_Feeder":"5K-4","LEED_Level":"Gold","LEED_Status":"Achieved","LEED_Link":"https://www.brown.edu/facilities/facilities_management/leed/rihall/leed_rihall.php","ObjectID_1":86,"Shape__Area":5144.0290069580078,"Shape__Length":328.43923319451204,"lat":41.825491982107877,"lon":-71.403878338965129,"NAV_Number":0.98,"NAV_Desc":"Capital Upkeep","Accessibility_Level":"The facility is mostly accessible to a wheelchair user or person with mobility challenges.","Maintained_By":"MAINTAINED BY BROWN"}},{"type":"Feature","id":76,"geometry":{"type":"Polygon","coordinates":[[[-71.4037226159551,41.8251894294961],[-71.4037216633248,41.8251889578201],[-71.4037207336014,41.825188461854],[-71.4037198267835,41.8251879424983],[-71.4037189440748,41.825187399754],[-71.4037180866763,41.8251868354227],[-71.4037172569968,41.8251862486062],[-71.4037164538299,41.8251856411041],[-71.4037156783779,41.8251850138177],[-71.4037149330497,41.8251843658487],[-71.4037142178411,41.8251836998982],[-71.4037135339559,41.8251830159672],[-71.4037128813926,41.8251823149559],[-71.4037122613551,41.8251815968655],[-71.403711675043,41.8251808643979],[-71.4037111236613,41.8251801166538],[-71.403710606005,41.8251793545325],[-71.4037101232738,41.8251785807361],[-71.4037096766726,41.8251777943652],[-71.4037092662002,41.8251769963201],[-71.4037088930561,41.825176189303],[-71.4037085572418,41.8251753724134],[-71.4037082587533,41.8251745483524],[-71.4037079987955,41.8251737162207],[-71.4037077773657,41.8251728778188],[-71.4037075944613,41.8251720349476],[-71.4037074500822,41.8251711876069],[-71.4037073442271,41.8251703366972],[-71.4037072780971,41.8251694840201],[-71.4037072516921,41.8251686295756],[-71.4037072638056,41.8251677751634],[-71.4037073156401,41.8251669216848],[-71.4037074059905,41.8251660700392],[-71.4037075360579,41.8251652220283],[-71.4037077046398,41.8251643767507],[-71.4037079129358,41.8251635369083],[-71.4037081585387,41.8251627024993],[-71.4037084426494,41.8251618753253],[-71.4037087652679,41.8251610553863],[-71.403709123984,41.825160244481],[-71.4037095212039,41.8251594435116],[-71.4037099545202,41.8251586524763],[-71.403710422725,41.8251578740749],[-71.4037109282272,41.8251571074092],[-71.4037114674129,41.8251563542769],[-71.4037120414845,41.8251556155792],[-71.4037126492369,41.8251548922155],[-71.403713289465,41.8251541850852],[-71.403713962169,41.8251534941882],[-71.4037146661423,41.8251528213242],[-71.4037154001799,41.8251521673925],[-71.4037161642818,41.8251515323931],[-71.403716957243,41.8251509172254],[-71.4037177778584,41.8251503227887],[-71.4037186249229,41.8251497499823],[-71.4037198648466,41.8251496798947],[-71.403711148634,41.8250630238977],[-71.4037641980138,41.8250600387097],[-71.4037630973651,41.8250490932583],[-71.4037850487868,41.8250478574733],[-71.4037878466782,41.8250756785125],[-71.4038957740289,41.8250696060318],[-71.4039073347025,41.8251845386613],[-71.4037244062017,41.8251948321343],[-71.4037238558796,41.8251893594085],[-71.4037226159551,41.8251894294961]]]},"properties":{"OBJECTID":76,"Building":100268,"Property_Type":"Building","Property_Code":"100268","Chart_String":";,LOC100268,,,","Property_Name":"Shirley Miller House","Property_Abbr":"SMILLERHSE","Address_Line_1":"59 George St","Address_Line_2":null,"City_and_State":"Providence, RI","External_Floorplan_Link":"https://drive.google.com/drive/folders/16Qm--1MQz_NqSgliYUvucyM4EBivW2rZ","ZIP_code":"02912","Property_Status":"Active","Ownership_Status":"Owned","Occupancy_Status":"Brown Occupied","Official_Name":null,"Aliases":"DISPNAME: Shirley Miller House; LEGACY: Shirley Miller; LEGACY: Steiger","Long_Description":"The Shirley Miller House is a three story building with a brick exterior.  It was built in 1915 and acquired by Brown in 1942, now serving the University as academic facility.","Portfolio":"ACADEMIC","National_Historic_District":"College Hill Historic District (National)","City_of_Providence_Historic_Dis":null,"Municipal_Zone":"One Family District - Within I-Zone","Grid_Coord":"JF59","Gross_area__Property_":7954.5081455416666,"Floors_Assignable_area":0,"Net_area":6380.9854801597221,"Accessibility_Code":"3","Building_Occupancy":43,"Building_Type":"HOUSE","Building_Usage":"ACAD","Tax_Status":"Property Exempt from Tax","Legal_Use":"Office","Current_Use":"Office","Cost_Rec":"Y","Year_of_Construction":1915,"Date_of_last_major_construction":null,"Date_acquired":"12/27/1954","Date_relinquished":null,"Means_of_Acquisition":null,"GPS_Coordinates__Lat__Long_":"41.825114,-71.403805","Building_System":"METASYS","CHP_Loop":null,"Electricity_Source":"Brown","Utility_Feeder_Number":"1151","Primary_Feeder":"7-1","Secondary_Feeder":"5K-13","LEED_Level":null,"LEED_Status":null,"LEED_Link":null,"ObjectID_1":248,"Shape__Area":2292.08829498291,"Shape__Length":207.32159668482871,"lat":41.825128616290229,"lon":-71.40380466467272,"NAV_Number":0.83,"NAV_Desc":"Repair and Maintain","Accessibility_Level":"A wheelchair or person with mobility challenges can enter the facility, access the primary function within that facility and access the restroom facility..","Maintained_By":"MAINTAINED BY BROWN"}},{"type":"Feature","id":77,"geometry":{"type":"Polygon","coordinates":[[[-71.4035227769218,41.825213882521],[-71.4035163100568,41.8252142435278],[-71.4035159009401,41.8252101385356],[-71.4034872406439,41.825211737772],[-71.4034820323874,41.8251595136951],[-71.4035106926605,41.82515791446],[-71.4035069168957,41.8251200574069],[-71.4034942842563,41.8251150715178],[-71.4034888776105,41.8251051830464],[-71.4034878304905,41.8250946932093],[-71.4034912164545,41.8250843142371],[-71.4035027201536,41.8250779819085],[-71.4034970683873,41.8250213106808],[-71.4035888405267,41.8250161891793],[-71.4035943002798,41.8250709227104],[-71.4036156425702,41.8250697314635],[-71.4036294260086,41.8252079316633],[-71.4035555181326,41.8252120553148],[-71.4035451940681,41.825218375134],[-71.4035353578072,41.8252188791676],[-71.4035227769218,41.825213882521]]]},"properties":{"OBJECTID":77,"Building":100095,"Property_Type":"Building","Property_Code":"100095","Chart_String":";,LOC100095,,,","Property_Name":"George St 067","Property_Abbr":"GEORGE067","Address_Line_1":"67 George St","Address_Line_2":null,"City_and_State":"Providence, RI","External_Floorplan_Link":"https://drive.google.com/drive/folders/1BiRT7fEFo2oML_Vwfd_TvhDs1TI-RjAA","ZIP_code":"02912","Property_Status":"Active","Ownership_Status":"Owned","Occupancy_Status":"Brown Occupied","Official_Name":null,"Aliases":"DISPNAME: 67 George","Long_Description":"67 George Street, a three story building that was built in 1821 and renovated in 1987. The building is used as classroom space.","Portfolio":"ACADEMIC","National_Historic_District":"College Hill Historic District (National)","City_of_Providence_Historic_Dis":null,"Municipal_Zone":"One Family District - Within I-Zone","Grid_Coord":"JD59","Gross_area__Property_":6958.8428973194441,"Floors_Assignable_area":0,"Net_area":5941.6947843958333,"Accessibility_Code":"3","Building_Occupancy":6,"Building_Type":"HOUSE","Building_Usage":"ACAD","Tax_Status":"Property Exempt from Tax","Legal_Use":"Office","Current_Use":"Office","Cost_Rec":"Y","Year_of_Construction":1821,"Date_of_last_major_construction":null,"Date_acquired":"12/27/1954","Date_relinquished":null,"Means_of_Acquisition":null,"GPS_Coordinates__Lat__Long_":"41.825106,-71.403553","Building_System":null,"CHP_Loop":null,"Electricity_Source":"Brown","Utility_Feeder_Number":"1151","Primary_Feeder":"7-1","Secondary_Feeder":"5K-13","LEED_Level":null,"LEED_Status":null,"LEED_Link":null,"ObjectID_1":82,"Shape__Area":2277.4795150756836,"Shape__Length":223.78770984277921,"lat":41.8251230810347,"lon":-71.403555381047141,"NAV_Number":0.71,"NAV_Desc":"Repair and Maintain","Accessibility_Level":"A wheelchair or person with mobility challenges can enter the facility, access the primary function within that facility and access the restroom facility..","Maintained_By":"MAINTAINED BY BROWN"}},{"type":"Feature","id":78,"geometry":{"type":"Polygon","coordinates":[[[-71.4034079527089,41.8251418263786],[-71.4034122849267,41.8251890303287],[-71.4033910041499,41.8251901099474],[-71.403395624733,41.8252400592759],[-71.4033721420274,41.8252413567221],[-71.4033732961669,41.8252543108797],[-71.4032962431194,41.8252583074717],[-71.4032950918024,41.825243487812],[-71.4032162765349,41.8252474828668],[-71.4032083389252,41.8251590016005],[-71.4031985050226,41.8251595425212],[-71.4031954757841,41.8251248525817],[-71.4032139430544,41.8251240551361],[-71.4032090620633,41.8250688809087],[-71.4033153213112,41.8250634819222],[-71.4033158995875,41.8250687520971],[-71.4033690304128,41.8250660525678],[-71.403371051303,41.8250885564576],[-71.4033808839882,41.8250880164214],[-71.4033859376871,41.8251429053789],[-71.4034079527089,41.8251418263786]]]},"properties":{"OBJECTID":78,"Building":100240,"Property_Type":"Building","Property_Code":"100240","Chart_String":";,LOC100240,,,","Property_Name":"Nicholson House","Property_Abbr":"NICHOLSON","Address_Line_1":"71 George St","Address_Line_2":null,"City_and_State":"Providence, RI","External_Floorplan_Link":"https://drive.google.com/drive/folders/12Wf8O5FU-AbNWdOtefU8CRW_m-FiPocm","ZIP_code":"02912","Property_Status":"Active","Ownership_Status":"Owned","Occupancy_Status":"Brown Occupied","Official_Name":null,"Aliases":"DISPNAME: Nicholson House; LEGACY: Mr. & Mrs. Samuel C. Nicholson","Long_Description":"The Nicholson House was originally designed at a \"Modern Gothic\" style dwelling for Francis W. Goddard in 1879.  It later became the home of Samuel C. Nicholson and later was given to the University by Mrs. Nicholson.  The University then named the building Nicholson House in 1948.","Portfolio":"ACADEMIC","National_Historic_District":"College Hill Historic District (National)","City_of_Providence_Historic_Dis":null,"Municipal_Zone":"One Family District - Within I-Zone","Grid_Coord":"JC59","Gross_area__Property_":11920.491540895833,"Floors_Assignable_area":0,"Net_area":9798.507679944445,"Accessibility_Code":"3","Building_Occupancy":19,"Building_Type":"HOUSE","Building_Usage":"ACAD","Tax_Status":"Property Exempt from Tax","Legal_Use":"Office","Current_Use":"Office","Cost_Rec":"Y","Year_of_Construction":1872,"Date_of_last_major_construction":null,"Date_acquired":"01/01/1944","Date_relinquished":null,"Means_of_Acquisition":null,"GPS_Coordinates__Lat__Long_":"41.82512,-71.403287","Building_System":null,"CHP_Loop":null,"Electricity_Source":"Brown","Utility_Feeder_Number":"1151","Primary_Feeder":"7-1","Secondary_Feeder":"5K-13","LEED_Level":null,"LEED_Status":null,"LEED_Link":null,"ObjectID_1":222,"Shape__Area":3323.8247833251953,"Shape__Length":255.74247938605578,"lat":41.825159808607353,"lon":-71.403301366783083,"NAV_Number":0.77,"NAV_Desc":"Repair and Maintain","Accessibility_Level":"A wheelchair or person with mobility challenges can enter the facility, access the primary function within that facility and access the restroom facility..","Maintained_By":"MAINTAINED BY BROWN"}},{"type":"Feature","id":79,"geometry":{"type":"Polygon","coordinates":[[[-71.4032139430544,41.8251240551361],[-71.4031854952014,41.8251252826359],[-71.4031866521583,41.8251371392839],[-71.403163902543,41.8251384373054],[-71.4031653491858,41.8251521597016],[-71.4030904974952,41.8251563776942],[-71.4030917977675,41.8251697704435],[-71.4030964949608,41.8251695547231],[-71.4031012651455,41.8252175279442],[-71.4030974490623,41.825217744408],[-71.4031025096451,41.8252679138021],[-71.402918020803,41.8252781857673],[-71.4029050107343,41.825147768674],[-71.4029136696547,41.8251473366268],[-71.4029086105548,41.8250962893934],[-71.4029335606988,41.8250948834405],[-71.4029258972594,41.8250188072643],[-71.4031114134851,41.8250084254106],[-71.4031143054184,41.8250367489352],[-71.4031564278579,41.8250343697433],[-71.4031567170967,41.8250373330051],[-71.4032060309579,41.8250346303331],[-71.4032139430544,41.8251240551361]]]},"properties":{"OBJECTID":79,"Building":100058,"Property_Type":"Building","Property_Code":"100058","Chart_String":";,LOC100058,,,","Property_Name":"Maddock Alumni Center","Property_Abbr":"MADDOCK","Address_Line_1":"38 Brown St","Address_Line_2":null,"City_and_State":"Providence, RI","External_Floorplan_Link":"https://drive.google.com/drive/folders/1-bKOAhQ0zfLidG8FQHOPEtD6d-2gsyuz","ZIP_code":"02912","Property_Status":"Active","Ownership_Status":"Owned","Occupancy_Status":"Brown Occupied","Official_Name":null,"Aliases":"DISPNAME: Maddock Alumni Ctr; LEGACY: Paul L. Maddock","Long_Description":"Maddock Alumni Center was originally a home built for William Giles Goddard and his wife Charlotte Ives Goddard.  He was a lawyer by trade, an editor of the Rhode Island American, a professor of Brown, and a member of the board of trustees.  The son, Charles Ives Goddard, inherited the house from his mother and had an addition put on.  With the addition, the house was known as one of the largest homes of the area.  The house was eventually deeded to Brown University by the Goddard's only daughter, Hope Goddard Iselin, in 1966.  Upon receiving the house, Brown did a restoration so that the house could be used for an alumni chapter.  The home was dedicated and renamed in 1974 after the principal donor for the restoration project, Paul L. Maddock-class of 1933.  Some unique features of the building are: original woodwork, wallpapers, embossed leather panels, and period furnishings.  There was one more addition to the home that connected Maddock Alumni Center to Nicholson House.","Portfolio":"Admin/Support","National_Historic_District":"College Hill Historic District (National)","City_of_Providence_Historic_Dis":null,"Municipal_Zone":"One Family District - Within I-Zone","Grid_Coord":"JA60","Gross_area__Property_":23015.869328291668,"Floors_Assignable_area":0,"Net_area":19012.334000708332,"Accessibility_Code":"3","Building_Occupancy":40,"Building_Type":"HOUSE","Building_Usage":"ADMIN","Tax_Status":"Property Exempt from Tax","Legal_Use":"Office","Current_Use":"Office","Cost_Rec":"Y","Year_of_Construction":1830,"Date_of_last_major_construction":null,"Date_acquired":"06/14/1940","Date_relinquished":null,"Means_of_Acquisition":null,"GPS_Coordinates__Lat__Long_":"41.825094,-71.403024","Building_System":null,"CHP_Loop":null,"Electricity_Source":"Brown","Utility_Feeder_Number":"1151","Primary_Feeder":"7-1","Secondary_Feeder":"5K-13","LEED_Level":null,"LEED_Status":null,"LEED_Link":null,"ObjectID_1":49,"Shape__Area":5916.4613876342773,"Shape__Length":360.38115599524593,"lat":41.825134127785283,"lon":-71.403037356217382,"NAV_Number":0.89,"NAV_Desc":"Capital Upkeep","Accessibility_Level":"A wheelchair or person with mobility challenges can enter the facility, access the primary function within that facility and access the restroom facility..","Maintained_By":"MAINTAINED BY BROWN"}},{"type":"Feature","id":80,"geometry":{"type":"Polygon","coordinates":[[[-71.4033734493273,41.824664079809],[-71.4033760871221,41.8247646310702],[-71.4033552469916,41.8247649421628],[-71.4033570407928,41.8248407945932],[-71.4032956963373,41.8248417315405],[-71.4032963892551,41.8248684055884],[-71.4032378327099,41.8248692341098],[-71.4032352007925,41.8247657198343],[-71.4032306504804,41.8247659356841],[-71.4032280129605,41.8246661524097],[-71.4033734493273,41.824664079809]]]},"properties":{"OBJECTID":80,"Building":100090,"Property_Type":"Building","Property_Code":"100090","Chart_String":";,LOC100090,,,","Property_Name":"Benevolent St 020","Property_Abbr":"BENE020","Address_Line_1":"20 Benevolent St","Address_Line_2":null,"City_and_State":"Providence, RI","External_Floorplan_Link":"https://drive.google.com/drive/folders/1MCMOcErldo0Pjn9gdmw9culvGTv3CgnT","ZIP_code":"02912","Property_Status":"Active","Ownership_Status":"Owned","Occupancy_Status":"Brown Occupied","Official_Name":null,"Aliases":"DISPNAME: 20 Benevolent","Long_Description":"20 Benevolent Street is a three story wood sided building constructed in 1820.  The building serves as an administrative facility.","Portfolio":"STUDENT LIFE","National_Historic_District":"College Hill Historic District (National)","City_of_Providence_Historic_Dis":null,"Municipal_Zone":"One Family District - Within I-Zone","Grid_Coord":"JC63","Gross_area__Property_":9797.621714118055,"Floors_Assignable_area":1379.1999,"Net_area":8570.971193298612,"Accessibility_Code":"3","Building_Occupancy":8,"Building_Type":"HOUSE","Building_Usage":"ADMIN","Tax_Status":"Property Exempt from Tax","Legal_Use":"Office","Current_Use":"Office","Cost_Rec":"Y","Year_of_Construction":1820,"Date_of_last_major_construction":null,"Date_acquired":"08/02/1957","Date_relinquished":null,"Means_of_Acquisition":null,"GPS_Coordinates__Lat__Long_":"41.824721,-71.40329","Building_System":null,"CHP_Loop":null,"Electricity_Source":"Brown","Utility_Feeder_Number":"1151","Primary_Feeder":"7-1","Secondary_Feeder":"5K-13","LEED_Level":null,"LEED_Status":null,"LEED_Link":null,"ObjectID_1":77,"Shape__Area":2512.4379119873047,"Shape__Length":227.36884569325224,"lat":41.824755847051279,"lon":-71.403297763320239,"NAV_Number":0.86,"NAV_Desc":"Capital Upkeep","Accessibility_Level":"A wheelchair or person with mobility challenges can enter the facility, access the primary function within that facility and access the restroom facility..","Maintained_By":"MAINTAINED BY BROWN"}},{"type":"Feature","id":81,"geometry":{"type":"Polygon","coordinates":[[[-71.4029872804134,41.8247012948954],[-71.4029891087402,41.8247539861218],[-71.4029486031235,41.8247547207975],[-71.4029514111444,41.8248393551045],[-71.4028919730152,41.8248405122292],[-71.4028898651614,41.8247784905451],[-71.4028776845993,41.8247786999302],[-71.402877964202,41.8247880303872],[-71.4028400994787,41.8247887672574],[-71.4028398182223,41.824780534313],[-71.4027872788771,41.8247814775355],[-71.4027839094499,41.8246805961178],[-71.402929788615,41.8246778654049],[-71.4029306315443,41.8247023454546],[-71.4029872804134,41.8247012948954]]]},"properties":{"OBJECTID":81,"Building":100142,"Property_Type":"Building","Property_Code":"100142","Chart_String":";,LOC100142,,,","Property_Name":"Benevolent St 026","Property_Abbr":"BENE026","Address_Line_1":"26 Benevolent St","Address_Line_2":null,"City_and_State":"Providence, RI","External_Floorplan_Link":"https://drive.google.com/drive/folders/12zmPyNLhfAtzFDPhZ5vEh9fB5SwX3SrX","ZIP_code":"02912","Property_Status":"Active","Ownership_Status":"Owned","Occupancy_Status":"Brown Occupied","Official_Name":null,"Aliases":"DISPNAME: 26 Benevolent","Long_Description":"26 Benevolent Street is a three story former residence.  The building is now used as administrative space.","Portfolio":"STUDENT LIFE","National_Historic_District":"College Hill Historic District (National)","City_of_Providence_Historic_Dis":null,"Municipal_Zone":"One Family District - Within I-Zone","Grid_Coord":"JA63","Gross_area__Property_":5740.912135861111,"Floors_Assignable_area":0,"Net_area":4713.4485879791664,"Accessibility_Code":"3","Building_Occupancy":2,"Building_Type":"HOUSE","Building_Usage":"STUDENT AC","Tax_Status":"Property Exempt from Tax","Legal_Use":"Office","Current_Use":"Office","Cost_Rec":"Y","Year_of_Construction":1823,"Date_of_last_major_construction":null,"Date_acquired":"07/14/1961","Date_relinquished":null,"Means_of_Acquisition":null,"GPS_Coordinates__Lat__Long_":"41.824717,-71.402861","Building_System":"ANDOVER","CHP_Loop":null,"Electricity_Source":"Brown","Utility_Feeder_Number":"1151","Primary_Feeder":"7-1","Secondary_Feeder":"5K-13","LEED_Level":null,"LEED_Status":null,"LEED_Link":null,"ObjectID_1":127,"Shape__Area":2187.8033599853516,"Shape__Length":235.20102065563646,"lat":41.824743997565776,"lon":-71.402883939009854,"NAV_Number":0.79,"NAV_Desc":"Repair and Maintain","Accessibility_Level":"A wheelchair or person with mobility challenges can enter the facility, access the primary function within that facility and access the restroom facility..","Maintained_By":"MAINTAINED BY BROWN"}},{"type":"Feature","id":82,"geometry":{"type":"Polygon","coordinates":[[[-71.4027486812065,41.8264430279023],[-71.4027643331742,41.8265855351776],[-71.4026126991505,41.8265948062676],[-71.4026138743152,41.8266057157766],[-71.4026229561107,41.8266051742685],[-71.4026287505211,41.8266554676398],[-71.4025639869948,41.8266595290765],[-71.4025591886713,41.8266176070028],[-71.4024267252511,41.8266260702966],[-71.4024327395256,41.8266781258285],[-71.4022733044045,41.8266885962989],[-71.4022470662571,41.8264656391224],[-71.4022539426741,41.8264651794984],[-71.4022505494467,41.8264350458503],[-71.4025364694859,41.8264159368996],[-71.402534933788,41.826401477045],[-71.4025983222935,41.8263974828843],[-71.4026034806328,41.8264433163379],[-71.4025961419664,41.8264437899963],[-71.4025970462108,41.8264523664965],[-71.4027486812065,41.8264430279023]]]},"properties":{"OBJECTID":82,"Building":100050,"Property_Type":"Building","Property_Code":"100050","Chart_String":";,LOC100050,,,","Property_Name":"Salomon Center For Teaching","Property_Abbr":"SALOMON","Address_Line_1":"79 Waterman St","Address_Line_2":null,"City_and_State":"Providence, RI","External_Floorplan_Link":"https://drive.google.com/drive/folders/1FQu4tlNyc9rMKuZFHmdamq_Aws0AXl2c","ZIP_code":"02912","Property_Status":"Active","Ownership_Status":"Owned","Occupancy_Status":"Brown Occupied","Official_Name":"The Richard And Edna Salomon Center For Teaching","Aliases":"ALTADDRS: 69-91 Waterman St; DISPNAME: Salomon Ctr; FORMER: Rogers Hall","Long_Description":"Salomon Center, built in1862, was originally called \"The Chemical Laboratory Building\" to enhance the chemistry and science programs needed to support Providence's strong textile and jewelry industries.  Several additions and renovations have been made to the building throughout its history.  One was the addition of a new drawing room for the departments of Civil and Mechanical Engineering.  It was after this renovation that a donation was made by William Sanford Rogers and the building was renamed Rogers Hall.  Until January 2006, Rogers Hall was known as the chemistry laboratory in longest continuous use in any American collegiate institution.  In 1986, the rear part of the building was demolished and another addition was built to house a large lecture hall and classrooms.  The same year, Rogers Hall was renamed to The Richard and Edna Salomon Center for Teaching.","Portfolio":"ACADEMIC","National_Historic_District":"College Hill Historic District (National)","City_of_Providence_Historic_Dis":null,"Municipal_Zone":"One Family District - Within I-Zone","Grid_Coord":"EM50","Gross_area__Property_":25432.778029659723,"Floors_Assignable_area":2767.0573,"Net_area":22097.767155381945,"Accessibility_Code":"3","Building_Occupancy":0,"Building_Type":"BUILDING","Building_Usage":"ACAD","Tax_Status":"Property Exempt from Tax","Legal_Use":"School","Current_Use":"School","Cost_Rec":"Y","Year_of_Construction":1862,"Date_of_last_major_construction":null,"Date_acquired":null,"Date_relinquished":null,"Means_of_Acquisition":null,"GPS_Coordinates__Lat__Long_":"41.826501,-71.402451","Building_System":"METASYS","CHP_Loop":null,"Electricity_Source":"Brown","Utility_Feeder_Number":"1152B/1153","Primary_Feeder":"JW2-4","Secondary_Feeder":"M-1","LEED_Level":null,"LEED_Status":null,"LEED_Link":null,"ObjectID_1":42,"Shape__Area":10383.188346862793,"Shape__Length":509.07618653121671,"lat":41.826535835412948,"lon":-71.402481876724352,"NAV_Number":0.76,"NAV_Desc":"Repair and Maintain","Accessibility_Level":"A wheelchair or person with mobility challenges can enter the facility, access the primary function within that facility and access the restroom facility..","Maintained_By":"MAINTAINED BY BROWN"}},{"type":"Feature","id":83,"geometry":{"type":"Polygon","coordinates":[[[-71.4022491054838,41.8264813976987],[-71.4022675526469,41.826639723682],[-71.4017877727374,41.8266711477866],[-71.401794718611,41.8267276545258],[-71.401505146985,41.8267461399647],[-71.4014576422931,41.8267165707907],[-71.4014521386116,41.8266688165677],[-71.4014890261072,41.8266356977094],[-71.4016683845887,41.8266242153956],[-71.4016550692145,41.8265083636222],[-71.40170100934,41.8265054390262],[-71.4017633689506,41.8265013517109],[-71.402159403578,41.8264757095154],[-71.4021606923958,41.8264870278802],[-71.4022491054838,41.8264813976987]]]},"properties":{"OBJECTID":83,"Building":100110,"Property_Type":"Building","Property_Code":"100110","Chart_String":";,LOC100110,,,","Property_Name":"Lyman Hall","Property_Abbr":"LYMANHALL","Address_Line_1":"83 Waterman St","Address_Line_2":null,"City_and_State":"Providence, RI","External_Floorplan_Link":"https://drive.google.com/drive/folders/1nzPkBF90k4CFGPJJzEJmlm02gpx2tsF7","ZIP_code":"02912","Property_Status":"Active","Ownership_Status":"Owned","Occupancy_Status":"Brown Occupied","Official_Name":null,"Aliases":"ALTADDRS: 77 Waterman St; DISPNAME: Lyman Hall; LEGACY: Daniel W. Lyman","Long_Description":"Lyman Hall was originally known as Lyman Gymnasium built in 1891 with funds donated by Daniel W. Lyman 1865.  By 1946, all sports activities were held in another location and the name of the building was changed to Lyman Hall.  It was not until the late 70's that it was fully renovated to become a theatre and dance studio after many years of fund raising for the project.","Portfolio":"ACADEMIC","National_Historic_District":"College Hill Historic District (National)","City_of_Providence_Historic_Dis":null,"Municipal_Zone":"One Family District - Within I-Zone","Grid_Coord":"EH50","Gross_area__Property_":33736.629751423614,"Floors_Assignable_area":0,"Net_area":26376.500302965276,"Accessibility_Code":"3","Building_Occupancy":55,"Building_Type":"BUILDING","Building_Usage":"ACAD","Tax_Status":"Property Exempt from Tax","Legal_Use":"Theatre/Office","Current_Use":"Theatre/Office","Cost_Rec":"Y","Year_of_Construction":1891,"Date_of_last_major_construction":null,"Date_acquired":null,"Date_relinquished":null,"Means_of_Acquisition":null,"GPS_Coordinates__Lat__Long_":"41.826557,-71.401809","Building_System":null,"CHP_Loop":null,"Electricity_Source":"Brown","Utility_Feeder_Number":"1152B/1153","Primary_Feeder":"JW2-4","Secondary_Feeder":"M-1","LEED_Level":null,"LEED_Status":null,"LEED_Link":null,"ObjectID_1":97,"Shape__Area":12922.707572937012,"Shape__Length":596.81913861282965,"lat":41.826601226361255,"lon":-71.401878454631941,"NAV_Number":0.94,"NAV_Desc":"Capital Upkeep","Accessibility_Level":"A wheelchair or person with mobility challenges can enter the facility, access the primary function within that facility and access the restroom facility..","Maintained_By":"MAINTAINED BY BROWN"}},{"type":"Feature","id":84,"geometry":{"type":"Polygon","coordinates":[[[-71.4028334548403,41.8260969614198],[-71.4028415525033,41.8261652995369],[-71.4028467302498,41.8261649563851],[-71.4028480257823,41.8261758903035],[-71.4028562480594,41.826175345349],[-71.4028617558872,41.8262218156284],[-71.4028535324005,41.8262223605823],[-71.4028548279353,41.8262332945005],[-71.4028496513871,41.8262336376537],[-71.4028577490843,41.8263019757682],[-71.4027273998321,41.8263106176637],[-71.4027270218737,41.8263074283411],[-71.402672202155,41.8263110624948],[-71.4026699082832,41.8262916996508],[-71.402665339673,41.8262920027956],[-71.4026648000809,41.8262874466205],[-71.4026215529824,41.8262903144627],[-71.4026220937765,41.8262948697387],[-71.402610519964,41.8262956369198],[-71.4026099803744,41.8262910816449],[-71.4025667332724,41.8262939485661],[-71.4025672740626,41.8262985038423],[-71.4025557002488,41.826299271018],[-71.4025551606631,41.8262947157427],[-71.4025122181306,41.826297562194],[-71.4025127589157,41.8263021183708],[-71.4025011851006,41.826302885541],[-71.4025006455201,41.8262983293652],[-71.4024577029829,41.826301175796],[-71.4024582437641,41.826305731973],[-71.4024466699477,41.8263064991377],[-71.402446130371,41.8263019429617],[-71.4024031890313,41.8263047902735],[-71.4024037286064,41.8263093455494],[-71.4023921547887,41.8263101127086],[-71.4023916152144,41.8263055574326],[-71.4023486738714,41.8263084038238],[-71.4023492134412,41.8263129600003],[-71.4023376396222,41.8263137271539],[-71.4023371000532,41.8263091709774],[-71.4023310097738,41.8263095745535],[-71.4023305498151,41.8263057027026],[-71.4023253732584,41.8263060458322],[-71.4023236451949,41.8262914669661],[-71.4023297366763,41.8262910633914],[-71.4023162402588,41.8261771661709],[-71.4023101487881,41.8261775697449],[-71.4023084219339,41.8261629917796],[-71.4023135996843,41.8261626477514],[-71.4023131397277,41.8261587759004],[-71.4023192311979,41.8261583714259],[-71.4023186916301,41.8261538161495],[-71.4023302642168,41.8261530489966],[-71.4023308037854,41.826157604273],[-71.4023737462322,41.8261547578894],[-71.402373206662,41.8261502017129],[-71.4023847792474,41.8261494345545],[-71.4023853188184,41.826153990731],[-71.4024282612604,41.826151144327],[-71.4024277216864,41.8261465881507],[-71.4024392942705,41.8261458209869],[-71.4024398338454,41.8261503771631],[-71.4024827762839,41.8261475298384],[-71.4024822367046,41.8261429745627],[-71.4024938092874,41.8261422073934],[-71.4024943488676,41.826146762669],[-71.4025372913,41.8261439162242],[-71.4025367517182,41.8261393600485],[-71.4025483242997,41.8261385928737],[-71.4025488638823,41.8261431490494],[-71.4025921108836,41.8261402821347],[-71.402591571298,41.8261357259592],[-71.4026031438782,41.8261349587788],[-71.4026036834647,41.8261395149543],[-71.4026469304612,41.8261366480189],[-71.4026463908717,41.8261320918437],[-71.4026509582668,41.8261317886987],[-71.4026486644064,41.826112426754],[-71.402703483957,41.8261087926112],[-71.4027031060009,41.8261056032884],[-71.4028334548403,41.8260969614198]]]},"properties":{"OBJECTID":84,"Building":100158,"Property_Type":"Building","Property_Code":"100158","Chart_String":";,LOC100158,,,","Property_Name":"Sayles Hall","Property_Abbr":"SAYLESHALL","Address_Line_1":"81 Waterman St","Address_Line_2":null,"City_and_State":"Providence, RI","External_Floorplan_Link":"https://drive.google.com/drive/folders/11zchISdClr7CT133nOrPNO21TsLACSAM","ZIP_code":"02912","Property_Status":"Active","Ownership_Status":"Owned","Occupancy_Status":"Brown Occupied","Official_Name":null,"Aliases":"ALTADDRS: 79-81 Waterman St; DISPNAME: Sayles Hall; LEGACY: William Clark Sayles","Long_Description":"Sayles Hall was dedicated in memory of William Clark Sayles who was a Brown student.  The building is a Romanesque style and provides Brown with a grand hall for commencement dinner and recitation rooms.  Over time a variety of improvements have been made to the building to provide a variety of department's space.  One such improvement was the installation of a Hutchings-Votey organ in 1903 which was given by Lucian Sharpe in memory of his parents.  The organ is the largest remaining organ of its type.","Portfolio":"ACADEMIC","National_Historic_District":"College Hill Historic District (National)","City_of_Providence_Historic_Dis":null,"Municipal_Zone":"One Family District - Within I-Zone","Grid_Coord":"EM52","Gross_area__Property_":24667.990662291668,"Floors_Assignable_area":1356.1658,"Net_area":19299.205333402777,"Accessibility_Code":"3","Building_Occupancy":0,"Building_Type":"BUILDING","Building_Usage":"ACAD","Tax_Status":"Property Exempt from Tax","Legal_Use":"Classroom/Office","Current_Use":"Classroom/Office","Cost_Rec":"Y","Year_of_Construction":1881,"Date_of_last_major_construction":null,"Date_acquired":null,"Date_relinquished":null,"Means_of_Acquisition":null,"GPS_Coordinates__Lat__Long_":"41.826182,-71.402577","Building_System":null,"CHP_Loop":null,"Electricity_Source":"Brown","Utility_Feeder_Number":"1152B/1153","Primary_Feeder":"JW1-4","Secondary_Feeder":"5K-4","LEED_Level":null,"LEED_Status":null,"LEED_Link":null,"ObjectID_1":141,"Shape__Area":9018.3745880126953,"Shape__Length":490.00047132914494,"lat":41.826215514247238,"lon":-71.4026035694717,"NAV_Number":0.53,"NAV_Desc":"Systemic Renovation","Accessibility_Level":"A wheelchair or person with mobility challenges can enter the facility, access the primary function within that facility and access the restroom facility..","Maintained_By":"MAINTAINED BY BROWN"}},{"type":"Feature","id":85,"geometry":{"type":"Polygon","coordinates":[[[-71.4026780019975,41.8256273027404],[-71.4026845984049,41.8256829196046],[-71.4026103081585,41.8256879597694],[-71.4026111157608,41.8256951694732],[-71.4026033413405,41.8256957048862],[-71.4026035030442,41.8256970258215],[-71.4025834193836,41.8256983701049],[-71.4025832252359,41.8256970122282],[-71.4025037177804,41.8257022315688],[-71.4025038782087,41.8257035984205],[-71.402483740411,41.825704920132],[-71.4024835799831,41.8257035532803],[-71.4024757947642,41.8257040643664],[-71.4024749415301,41.8256967924995],[-71.4024006009374,41.8257016731258],[-71.4023999568681,41.8256961778062],[-71.4023260544684,41.8257010290454],[-71.4023269849311,41.8257089564262],[-71.4023251201856,41.8257090790876],[-71.4023259097961,41.8257138497581],[-71.4023195883638,41.8257143161608],[-71.4023196574138,41.8257156118082],[-71.4022998518549,41.8257169202649],[-71.4022997454353,41.8257156605993],[-71.4022338522664,41.8257199045593],[-71.4022340199127,41.8257212705171],[-71.4022143009425,41.8257226285514],[-71.4022140418813,41.8257212183991],[-71.4022076676196,41.8257215956171],[-71.4022071500097,41.8257168566893],[-71.4022053213916,41.8257169685753],[-71.4022022668404,41.8256913378085],[-71.4022040942704,41.8256912151174],[-71.4021841620387,41.8255250521776],[-71.4021824718106,41.8255251920917],[-71.4021793763498,41.8254995621889],[-71.4021811880549,41.8254994863025],[-71.4021806680797,41.8254947221628],[-71.4021870712397,41.8254943242631],[-71.4021869626098,41.8254929367472],[-71.4022067668942,41.8254916310098],[-71.4022069273157,41.8254929978619],[-71.4022215466819,41.8254920352389],[-71.4022731516414,41.8254885129079],[-71.4022729633606,41.8254872594749],[-71.4022927712239,41.8254859726329],[-71.4022930051982,41.8254872576166],[-71.4022993384867,41.8254868956647],[-71.4022996694331,41.8254916956567],[-71.402301534171,41.8254915738962],[-71.4023024598115,41.8254995021738],[-71.4023763643572,41.8254946716591],[-71.402375722698,41.8254891772414],[-71.4024500654213,41.8254843182409],[-71.4024492158041,41.8254770463766],[-71.402457000993,41.825476537093],[-71.4024568405663,41.8254751702412],[-71.4024769794881,41.8254738539373],[-71.4024771399153,41.8254752207891],[-71.4025566482616,41.8254700239758],[-71.4025565251396,41.8254686625578],[-71.4025766146615,41.8254673750054],[-71.4025767619195,41.8254686959286],[-71.402584542252,41.8254682127421],[-71.4025854232819,41.8254754180068],[-71.4026597536884,41.8254707227219],[-71.4026663500628,41.8255263404889],[-71.4026899802384,41.8255247137877],[-71.402691277809,41.8255374555928],[-71.4026980288965,41.8255370228461],[-71.402707634381,41.8256134581102],[-71.4027000825605,41.8256140585427],[-71.4027017790632,41.8256256761612],[-71.4026780019975,41.8256273027404]]]},"properties":{"OBJECTID":85,"Building":100008,"Property_Type":"Building","Property_Code":"100008","Chart_String":";,LOC100008,,,","Property_Name":"John Carter Brown Library","Property_Abbr":"JCBLIBRARY","Address_Line_1":"94 George St","Address_Line_2":null,"City_and_State":"Providence, RI","External_Floorplan_Link":"https://drive.google.com/drive/folders/1piLWchsgo5FBXKnj-V10Jg2T6zEhCMD8","ZIP_code":"02912","Property_Status":"Active","Ownership_Status":"Owned","Occupancy_Status":"Brown Occupied","Official_Name":null,"Aliases":"ADDITION: Casperson; DISPNAME: John Carter Brown Library; LEGACY: John Carter Brown","Long_Description":"The John Carter Brown Library was built as the result of an endowment by John Carter Brown for both the construction and the library materials.  The collection specializes in the history of North and South America before 1801.  In the 1980's the library became a center for advanced research in the humanities.  A four-story annex, the Casperson Building, was built onto the rear of the building, named for the parents of the benefactor Finn Casperson, class of 1963.  The reading room is named in honor of the family of W. Duncan MacMillan class of 1953.","Portfolio":"ACADEMIC","National_Historic_District":"College Hill Historic District (National)","City_of_Providence_Historic_Dis":null,"Municipal_Zone":"One Family District - Within I-Zone","Grid_Coord":"EM57","Gross_area__Property_":31446.117488340278,"Floors_Assignable_area":null,"Net_area":24198.107533270835,"Accessibility_Code":"3","Building_Occupancy":14,"Building_Type":"BUILDING","Building_Usage":"LIBRARY","Tax_Status":"Property Exempt from Tax","Legal_Use":"Library","Current_Use":"Library","Cost_Rec":"Y","Year_of_Construction":1904,"Date_of_last_major_construction":null,"Date_acquired":"-26596","Date_relinquished":null,"Means_of_Acquisition":null,"GPS_Coordinates__Lat__Long_":"41.825556,-71.402453","Building_System":null,"CHP_Loop":null,"Electricity_Source":"Brown","Utility_Feeder_Number":"1151","Primary_Feeder":"7-1","Secondary_Feeder":"5K-11","LEED_Level":null,"LEED_Status":null,"LEED_Link":null,"ObjectID_1":6,"Shape__Area":10776.343460083008,"Shape__Length":472.82262699704427,"lat":41.825592064815588,"lon":-71.402439232843918,"NAV_Number":0.8,"NAV_Desc":"Repair and Maintain","Accessibility_Level":"A wheelchair or person with mobility challenges can enter the facility, access the primary function within that facility and access the restroom facility..","Maintained_By":"MAINTAINED BY BROWN"}},{"type":"Feature","id":86,"geometry":{"type":"Polygon","coordinates":[[[-71.4019370809829,41.825940382447],[-71.4019347782393,41.8259206765502],[-71.4019341532515,41.8259153225977],[-71.4019221476573,41.8258125728001],[-71.4020254648053,41.8258058192855],[-71.4021064206125,41.8258005276824],[-71.4021333602414,41.8260310834797],[-71.4019490854262,41.8260431286384],[-71.4019370809829,41.825940382447]]]},"properties":{"OBJECTID":86,"Building":100265,"Property_Type":"Building","Property_Code":"100265","Chart_String":";,LOC100265,,,","Property_Name":"Maxcy Hall","Property_Abbr":"MAXCY","Address_Line_1":"108 George St","Address_Line_2":null,"City_and_State":"Providence, RI","External_Floorplan_Link":"https://drive.google.com/drive/folders/1Dq-Vz-ioJiVDntZ7tthA9cdMINkM9TA9","ZIP_code":"02912","Property_Status":"Active","Ownership_Status":"Owned","Occupancy_Status":"Brown Occupied","Official_Name":null,"Aliases":"ALTADDRS: Lower Green; DISPNAME: Maxcy Hall; LEGACY: President Jonathan Maxcy","Long_Description":"Maxcy Hall was named after Brown's second President Jonathan Maxcy and was constructed in 1895.  Over the years, this hall was used by a variety of departments, notably there was a botanical laboratory at one time in the basement.   In 1959, Maxcy Hall was converted from dormitory to office space for academic programs.","Portfolio":"ACADEMIC","National_Historic_District":"College Hill Historic District (National)","City_of_Providence_Historic_Dis":null,"Municipal_Zone":"One Family District - Within I-Zone","Grid_Coord":"EI54","Gross_area__Property_":21773.5185519375,"Floors_Assignable_area":2562.9799,"Net_area":18122.480883479166,"Accessibility_Code":"2","Building_Occupancy":13,"Building_Type":"BUILDING","Building_Usage":"ACAD","Tax_Status":"Property Exempt from Tax","Legal_Use":"Office","Current_Use":"Office","Cost_Rec":"Y","Year_of_Construction":1895,"Date_of_last_major_construction":null,"Date_acquired":null,"Date_relinquished":null,"Means_of_Acquisition":null,"GPS_Coordinates__Lat__Long_":"41.825894,-71.402003","Building_System":"SIEMENS","CHP_Loop":null,"Electricity_Source":"Brown","Utility_Feeder_Number":"1151","Primary_Feeder":"7-1","Secondary_Feeder":"5K-11","LEED_Level":null,"LEED_Status":null,"LEED_Link":null,"ObjectID_1":245,"Shape__Area":4251.8730621337891,"Shape__Length":269.50278311796524,"lat":41.825921828318478,"lon":-71.402027753597608,"NAV_Number":0.05,"NAV_Desc":"Transitional/ Gut Renovation/ Replacement","Accessibility_Level":"A wheelchair user or person with mobility challenges can enter the facility and access the primary function within that facility.","Maintained_By":"MAINTAINED BY BROWN"}},{"type":"Feature","id":87,"geometry":{"type":"Polygon","coordinates":[[[-71.402071581982,41.8255109973931],[-71.4020740317732,41.8255321736685],[-71.4020758002047,41.8255320590323],[-71.4021061162097,41.8257941152046],[-71.4021043465673,41.8257942298403],[-71.4021050855548,41.8258006147779],[-71.4020254648053,41.8258058192855],[-71.4020231884691,41.8257861476253],[-71.4019718736593,41.8257894693157],[-71.4019706487755,41.8257788811775],[-71.4019688791347,41.8257789949107],[-71.4019400950891,41.8255301741014],[-71.4019418647245,41.8255300594682],[-71.4019406398505,41.8255194713291],[-71.402071581982,41.8255109973931]]]},"properties":{"OBJECTID":87,"Building":100046,"Property_Type":"Building","Property_Code":"100046","Chart_String":";,LOC100046,,,","Property_Name":"Littlefield Hall","Property_Abbr":"LITTLEFLD","Address_Line_1":"102 George St","Address_Line_2":null,"City_and_State":"Providence, RI","External_Floorplan_Link":"https://drive.google.com/drive/folders/1NN8X-figysTkvK_HP7S1n5cHkZJWVNoc","ZIP_code":"02912","Property_Status":"Active","Ownership_Status":"Owned","Occupancy_Status":"Brown Occupied","Official_Name":null,"Aliases":"ALTADDRS: 100-102 George St; DISPNAME: Littlefield Hall; LEGACY: George L. Littlefield","Long_Description":"Littlefield Hall was the constructed at the same time as Hegeman Hall on Lincoln Field.  The name comes from a donor, Mr. George L. Littlefield, from years past who bequeathed his estate to Brown during a period of great financial strain.","Portfolio":"RESIDENCE HALL","National_Historic_District":"College Hill Historic District (National)","City_of_Providence_Historic_Dis":null,"Municipal_Zone":"One Family District - Within I-Zone","Grid_Coord":"EJ57","Gross_area__Property_":18709.007623340276,"Floors_Assignable_area":2448.7328,"Net_area":14936.525744305556,"Accessibility_Code":"0","Building_Occupancy":68,"Building_Type":"BUILDING","Building_Usage":"RES HALL","Tax_Status":"Property Exempt from Tax","Legal_Use":"Dormitory","Current_Use":"Dormitory","Cost_Rec":"Y","Year_of_Construction":1926,"Date_of_last_major_construction":null,"Date_acquired":"01/01/1920","Date_relinquished":null,"Means_of_Acquisition":null,"GPS_Coordinates__Lat__Long_":"41.82563,-71.402005","Building_System":null,"CHP_Loop":null,"Electricity_Source":"Brown","Utility_Feeder_Number":"1151","Primary_Feeder":"7-1","Secondary_Feeder":"5K-11","LEED_Level":null,"LEED_Status":null,"LEED_Link":null,"ObjectID_1":39,"Shape__Area":3784.642219543457,"Shape__Length":285.46207197082674,"lat":41.825656362651841,"lon":-71.402023546384441,"NAV_Number":0.71,"NAV_Desc":"Repair and Maintain","Accessibility_Level":"A physical barrier exists that would prevent a wheelchair user from entering the facility.","Maintained_By":"MAINTAINED BY BROWN"}},{"type":"Feature","id":88,"geometry":{"type":"Polygon","coordinates":[[[-71.401255610188,41.8259178438941],[-71.4012554413639,41.8259164743325],[-71.4013157265384,41.8259123089477],[-71.4013158953638,41.8259136785092],[-71.4014401073346,41.8259050968732],[-71.4014644334635,41.8261020715176],[-71.4011548072236,41.8261234649751],[-71.4011304820373,41.8259264893665],[-71.401255610188,41.8259178438941]]]},"properties":{"OBJECTID":88,"Building":100284,"Property_Type":"Building","Property_Code":"100284","Chart_String":";,LOC100284,,,","Property_Name":"Lincoln Field Building","Property_Abbr":"LINCOLNFLD","Address_Line_1":"180 Thayer St","Address_Line_2":null,"City_and_State":"Providence, RI","External_Floorplan_Link":"https://drive.google.com/drive/folders/1eiB4-9FRGtprn5645FfyDWtbcwhBAIFF","ZIP_code":"02912","Property_Status":"Active","Ownership_Status":"Owned","Occupancy_Status":"Brown Occupied","Official_Name":null,"Aliases":"ALTADDRS: Lower Green; DISPNAME: Lincoln Field","Long_Description":"Located on the Simmons Quadrangle, the Lincoln Field Building is a three-story building with a partial crawlspace, housing approximately 18,500 GSF of office, computational lab, classroom, and support space. The building, originally completed in 1903, housed machinery and drafting space for the school of engineering.  With a renovation completed in 2022, the building will accommodate the existing Lincoln Field program and anticipated growth, and usher the building into the 21st century.","Portfolio":"ACADEMIC LAB","National_Historic_District":"College Hill Historic District (National)","City_of_Providence_Historic_Dis":null,"Municipal_Zone":"One Family District - Within I-Zone","Grid_Coord":"EE54","Gross_area__Property_":18941.653888854165,"Floors_Assignable_area":3457.4567,"Net_area":15810.425203513889,"Accessibility_Code":"4","Building_Occupancy":16,"Building_Type":"BUILDING","Building_Usage":"ACAD","Tax_Status":"Property Exempt from Tax","Legal_Use":"School","Current_Use":"School","Cost_Rec":"Y","Year_of_Construction":1903,"Date_of_last_major_construction":"08/31/2022","Date_acquired":null,"Date_relinquished":null,"Means_of_Acquisition":null,"GPS_Coordinates__Lat__Long_":"41.825992,-71.401289","Building_System":"ANDOVER","CHP_Loop":null,"Electricity_Source":"Brown","Utility_Feeder_Number":"1151","Primary_Feeder":"7-1","Secondary_Feeder":"5K-11","LEED_Level":null,"LEED_Status":null,"LEED_Link":null,"ObjectID_1":263,"Shape__Area":6117.3351898193359,"Shape__Length":314.66894439033058,"lat":41.826014146550975,"lon":-71.4012974414721,"NAV_Number":1,"NAV_Desc":"Capital Upkeep","Accessibility_Level":"The facility is mostly accessible to a wheelchair user or person with mobility challenges.","Maintained_By":"MAINTAINED BY BROWN"}},{"type":"Feature","id":89,"geometry":{"type":"Polygon","coordinates":[[[-71.4008847550442,41.8256738629091],[-71.4008801225741,41.8256742298519],[-71.4009247502589,41.8259889766429],[-71.4010081170728,41.8259823634941],[-71.4010213788796,41.8260758967902],[-71.4007917884049,41.8260941088783],[-71.4007785269285,41.8260005755564],[-71.4008016845882,41.8259987381561],[-71.4007570574981,41.8256839922189],[-71.4005010025687,41.8257043020605],[-71.4004874605827,41.8256087895093],[-71.4008712124955,41.8255783495017],[-71.4008847550442,41.8256738629091]]]},"properties":{"OBJECTID":89,"Building":100264,"Property_Type":"Building","Property_Code":"100264","Chart_String":";,LOC100264,,,","Property_Name":"Hegeman Hall","Property_Abbr":"HEGEMAN","Address_Line_1":"128 George St","Address_Line_2":null,"City_and_State":"Providence, RI","External_Floorplan_Link":"https://drive.google.com/drive/folders/1ooKkIHTcKJx1YcVa9-punlpJzt2Q3E8r","ZIP_code":"02912","Property_Status":"Active","Ownership_Status":"Owned","Occupancy_Status":"Brown Occupied","Official_Name":null,"Aliases":"DISPNAME: Hegeman Hall; LEGACY: John R Hegeman Foundation","Long_Description":"The John R Hegeman Foundation funded the construction of Hegeman Hall, built in 1926.  The four story building serves the University as a residence hall.","Portfolio":"RESIDENCE HALL","National_Historic_District":"College Hill Historic District (National)","City_of_Providence_Historic_Dis":null,"Municipal_Zone":"One Family District - Within I-Zone","Grid_Coord":"EC58","Gross_area__Property_":38472.844153986109,"Floors_Assignable_area":4475.6731,"Net_area":31571.008256611112,"Accessibility_Code":"0","Building_Occupancy":119,"Building_Type":"BUILDING","Building_Usage":"RES HALL","Tax_Status":"Property Exempt from Tax","Legal_Use":"Dormitory","Current_Use":"Dormitory","Cost_Rec":"Y","Year_of_Construction":1926,"Date_of_last_major_construction":null,"Date_acquired":null,"Date_relinquished":null,"Means_of_Acquisition":null,"GPS_Coordinates__Lat__Long_":"41.825802,-71.400814","Building_System":"SIEMENS","CHP_Loop":null,"Electricity_Source":"Brown","Utility_Feeder_Number":"1151","Primary_Feeder":"7-1","Secondary_Feeder":"5K-11","LEED_Level":null,"LEED_Status":null,"LEED_Link":null,"ObjectID_1":244,"Shape__Area":9728.5498580932617,"Shape__Length":637.97963001750122,"lat":41.825807363422165,"lon":-71.400795419025741,"NAV_Number":0.77,"NAV_Desc":"Repair and Maintain","Accessibility_Level":"A physical barrier exists that would prevent a wheelchair user from entering the facility.","Maintained_By":"MAINTAINED BY BROWN"}},{"type":"Feature","id":90,"geometry":{"type":"Polygon","coordinates":[[[-71.4020891160159,41.8267469840249],[-71.4021200817411,41.8269266605383],[-71.4021424230419,41.8269243729032],[-71.4021611052902,41.8270325645939],[-71.4017619206264,41.8270708187531],[-71.4017436097457,41.8269626570271],[-71.4017664972674,41.826960568007],[-71.4017355916852,41.8267807690049],[-71.4018266558405,41.8267719902287],[-71.4018244358659,41.8267611437431],[-71.4019963881299,41.8267448674828],[-71.4019977736556,41.8267559023244],[-71.4020891160159,41.8267469840249]]]},"properties":{"OBJECTID":90,"Building":100274,"Property_Type":"Building","Property_Code":"100274","Chart_String":";,LOC100274,,,","Property_Name":"Waterman St 085","Property_Abbr":"WATER085","Address_Line_1":"85 Waterman St","Address_Line_2":null,"City_and_State":"Providence, RI","External_Floorplan_Link":"https://drive.google.com/drive/folders/1oJlBp_BkctnLyG5Hxh46qQi660GU5pro","ZIP_code":"02912","Property_Status":"Active","Ownership_Status":"Owned","Occupancy_Status":"Brown Occupied","Official_Name":"Waterman St 085","Aliases":"ALTADDRS: 89 Waterman St; DISPNAME: 85 Waterman; FORMER: Bert; FORMER: Building For Environmental Research And Teaching; FORMER: Hunter Laboratory For Psychology; FORMER: Hunterlab","Long_Description":"The facility formerly known as Hunter Laboratory is a four story building with a brick exterior that was built in 1958.  The building was originally named for Walter S. Hunter who was chairman of the Psychology Department from 1936 to 1954.  The building provides space for academic and research functions.  By fully renovating the building in 2014, flexible labs and teaching spaces were created for environmental sciences and the campus greenhouse was relocated to the top level of the building.  With these renovations, the facility is now referred to as 85 Waterman St and is LEED Gold certified.","Portfolio":"ACADEMIC LAB","National_Historic_District":"College Hill Historic District (National)","City_of_Providence_Historic_Dis":null,"Municipal_Zone":"One Family District - Within I-Zone","Grid_Coord":"EH46","Gross_area__Property_":51104.932973340277,"Floors_Assignable_area":0,"Net_area":44772.097009555553,"Accessibility_Code":"4","Building_Occupancy":89,"Building_Type":"BUILDING","Building_Usage":"ACAD","Tax_Status":"Property Exempt from Tax","Legal_Use":"Psychology Lab/Auditorium","Current_Use":"School","Cost_Rec":"Y","Year_of_Construction":1958,"Date_of_last_major_construction":null,"Date_acquired":"06/12/1928","Date_relinquished":null,"Means_of_Acquisition":null,"GPS_Coordinates__Lat__Long_":"41.826887,-71.401909","Building_System":"ANDOVER","CHP_Loop":null,"Electricity_Source":"Brown","Utility_Feeder_Number":"1152B/1153","Primary_Feeder":"JW2-4","Secondary_Feeder":"M-1","LEED_Level":"Gold","LEED_Status":"Achieved","LEED_Link":"https://www.brown.edu/facilities/building_brown/projects/hunter/","ObjectID_1":254,"Shape__Area":10955.64086151123,"Shape__Length":439.08327570914065,"lat":41.826909293510752,"lon":-71.401937230755223,"NAV_Number":1,"NAV_Desc":"Capital Upkeep","Accessibility_Level":"The facility is mostly accessible to a wheelchair user or person with mobility challenges.","Maintained_By":"MAINTAINED BY BROWN"}},{"type":"Feature","id":91,"geometry":{"type":"Polygon","coordinates":[[[-71.4013808194097,41.8270148989482],[-71.4013084416601,41.827019816565],[-71.4012380059613,41.827024457601],[-71.4011840211657,41.8270279477074],[-71.4011840437267,41.8270281494028],[-71.4011799457934,41.8270284051753],[-71.401179870913,41.8270277838767],[-71.401149797082,41.8270298224795],[-71.4011498779116,41.8270304888002],[-71.4011459906936,41.8270307051379],[-71.4011459693518,41.8270304935397],[-71.4011438445631,41.8270306123567],[-71.4011438564191,41.8270307303113],[-71.4010362428747,41.8270378628744],[-71.4009488685327,41.8270437631191],[-71.400948751251,41.8270425376561],[-71.4009398678139,41.8269635468235],[-71.4009325294254,41.8268997649544],[-71.4013639400116,41.8268709363936],[-71.4013808194097,41.8270148989482]]]},"properties":{"OBJECTID":91,"Building":100278,"Property_Type":"Building","Property_Code":"100278","Chart_String":";,LOC100278,,,","Property_Name":"Arnold Lab","Property_Abbr":"ARNOLDLAB","Address_Line_1":"91 Waterman St","Address_Line_2":null,"City_and_State":"Providence, RI","External_Floorplan_Link":"https://drive.google.com/drive/folders/189i5cqEx_xeREq5u1P8QmSBiBHwcVZFM","ZIP_code":"02912","Property_Status":"Active","Ownership_Status":"Owned","Occupancy_Status":"Brown Occupied","Official_Name":null,"Aliases":"ALTADDRS: 97 Waterman St; DISPNAME: Arnold Lab; LEGACY: Oliver H. Arnold","Long_Description":"Arnold Laboratory was built in 1915 and is named for Dr. Oliver H. Arnold, 1865.  The building is now used for administrative offices.","Portfolio":"ACADEMIC","National_Historic_District":"College Hill Historic District (National)","City_of_Providence_Historic_Dis":null,"Municipal_Zone":"One Family District - Within I-Zone","Grid_Coord":"ED47","Gross_area__Property_":28936.857468680555,"Floors_Assignable_area":2790.8356,"Net_area":24558.792814104167,"Accessibility_Code":"2","Building_Occupancy":null,"Building_Type":"BUILDING","Building_Usage":"ACAD","Tax_Status":"Property Exempt from Tax","Legal_Use":"Office/Lab","Current_Use":"Office/Lab","Cost_Rec":"Y","Year_of_Construction":1915,"Date_of_last_major_construction":null,"Date_acquired":null,"Date_relinquished":null,"Means_of_Acquisition":null,"GPS_Coordinates__Lat__Long_":"41.826925,-71.401131","Building_System":null,"CHP_Loop":null,"Electricity_Source":"Brown","Utility_Feeder_Number":"1152B/1153","Primary_Feeder":"JW1-4","Secondary_Feeder":"5K-4","LEED_Level":null,"LEED_Status":null,"LEED_Link":null,"ObjectID_1":258,"Shape__Area":6218.0345916748047,"Shape__Length":342.23789840376259,"lat":41.8269573321516,"lon":-71.401156591552,"NAV_Number":0.44,"NAV_Desc":"Transitional/ Gut Renovation/ Replacement","Accessibility_Level":"A wheelchair user or person with mobility challenges can enter the facility and access the primary function within that facility.","Maintained_By":"MAINTAINED BY BROWN"}},{"type":"Feature","id":92,"geometry":{"type":"Polygon","coordinates":[[[-71.401310729296,41.826874465939],[-71.4010888597898,41.8268891964356],[-71.401088734772,41.8268883031913],[-71.4010899434266,41.8268882385072],[-71.4010897669339,41.8268863773537],[-71.4010901329008,41.8268863578613],[-71.4010900464178,41.8268854547465],[-71.4010903389512,41.8268854387922],[-71.401090251306,41.8268845086662],[-71.4010905811581,41.8268844909434],[-71.4010904923106,41.826883559916],[-71.4010908582775,41.8268835404236],[-71.4010907729982,41.8268826373098],[-71.4010912015651,41.8268826142699],[-71.401088484055,41.8268580227607],[-71.401086547055,41.8268581417383],[-71.4010828233367,41.826824091297],[-71.4010846640588,41.8268239578311],[-71.401071324612,41.8267017243678],[-71.4010709959578,41.8267017465932],[-71.4010708829903,41.8267008452562],[-71.4010704808985,41.8267008737208],[-71.4010703655666,41.8266999444712],[-71.4010699634762,41.8266999720354],[-71.4010698505088,41.8266990706983],[-71.401069559173,41.8266990911552],[-71.4010694426374,41.8266981619046],[-71.4010690778655,41.8266981877003],[-71.4010687366003,41.8266954548762],[-71.4010674942101,41.8266955420395],[-71.401067388382,41.8266946947289],[-71.4010612883937,41.8266951207378],[-71.4010611958289,41.8266942590332],[-71.4012889371933,41.8266790726615],[-71.4012891341962,41.8266809068223],[-71.4012878941822,41.8266810146978],[-71.401288146415,41.8266837249362],[-71.4012877395098,41.8266837524971],[-71.4012878524028,41.8266847042528],[-71.4012874876325,41.8266847291489],[-71.4012875910145,41.8266856034673],[-71.4012872623604,41.8266856256934],[-71.4012873693108,41.8266865279254],[-71.4012869672233,41.8266865536897],[-71.401287080108,41.8266875108475],[-71.4012867514538,41.8266875330736],[-71.4012895226258,41.8267109316752],[-71.4012912177324,41.8267107719711],[-71.4012914326075,41.8267127258923],[-71.4012895678378,41.826712844035],[-71.401292982364,41.8267429336116],[-71.4012948278734,41.8267428163526],[-71.4012950245779,41.8267448449863],[-71.4012932416572,41.8267449659005],[-71.4012943411871,41.8267540332632],[-71.401306546621,41.8268672029089],[-71.4013069487124,41.8268671753438],[-71.4013070592759,41.8268680766785],[-71.4013074613673,41.8268680491135],[-71.4013075719309,41.8268689504482],[-71.4013079740222,41.8268689228832],[-71.4013080881542,41.8268698521315],[-71.4013084541292,41.8268698272364],[-71.4013085646928,41.8268707285711],[-71.4013089667842,41.8268707010061],[-71.4013093032457,41.8268734338252],[-71.4013105456362,41.82687334846],[-71.401310729296,41.826874465939]]]},"properties":{"OBJECTID":92,"Building":100101,"Property_Type":"Building","Property_Code":"100101","Chart_String":";,LOC100101,,,","Property_Name":"Medical Research Lab","Property_Abbr":"MRL","Address_Line_1":"89 Waterman St","Address_Line_2":null,"City_and_State":"Providence, RI","External_Floorplan_Link":"https://drive.google.com/drive/folders/16jA4nR16hqDhs55o5MfsbcXRbok-D5gT","ZIP_code":"02912","Property_Status":"Active","Ownership_Status":"Owned","Occupancy_Status":"Brown Occupied","Official_Name":null,"Aliases":"ALTADDRS: 97 Waterman St; DISPNAME: Medical Research Lab; NICKNAME: The Link","Long_Description":"Medical Research Laboratory is a four story brick faced building constructed in 1965.  This building provides space for academic and research functions.","Portfolio":"ACADEMIC LAB","National_Historic_District":"College Hill Historic District (National)","City_of_Providence_Historic_Dis":null,"Municipal_Zone":"One Family District - Within I-Zone","Grid_Coord":"EE49","Gross_area__Property_":23665.357214319443,"Floors_Assignable_area":2964.2232,"Net_area":20134.452407111112,"Accessibility_Code":"2","Building_Occupancy":null,"Building_Type":"BUILDING","Building_Usage":"ACAD","Tax_Status":"Property Exempt from Tax","Legal_Use":"School/Labs","Current_Use":"School/Labs","Cost_Rec":"Y","Year_of_Construction":1965,"Date_of_last_major_construction":null,"Date_acquired":null,"Date_relinquished":null,"Means_of_Acquisition":null,"GPS_Coordinates__Lat__Long_":"41.826745,-71.401158","Building_System":null,"CHP_Loop":null,"Electricity_Source":"Brown","Utility_Feeder_Number":"1152B/1153","Primary_Feeder":"JW1-4","Secondary_Feeder":"5K-4","LEED_Level":null,"LEED_Status":null,"LEED_Link":null,"ObjectID_1":88,"Shape__Area":4226.7923202514648,"Shape__Length":273.97024979838363,"lat":41.826784205701536,"lon":-71.401188782716588,"NAV_Number":0.69,"NAV_Desc":"Systemic Renovation","Accessibility_Level":"A wheelchair user or person with mobility challenges can enter the facility and access the primary function within that facility.","Maintained_By":"MAINTAINED BY BROWN"}},{"type":"Feature","id":93,"geometry":{"type":"Polygon","coordinates":[[[-71.4008130071704,41.8267066596563],[-71.4008129229007,41.8267066649856],[-71.4008155008211,41.8267272561734],[-71.4008266169214,41.8268304833822],[-71.4008253612525,41.8268305930398],[-71.4008375000026,41.8269154632085],[-71.4008398884179,41.826915337422],[-71.4008441561606,41.8269501311203],[-71.4008502819419,41.82700166103],[-71.400852060936,41.8270157933919],[-71.4008562004107,41.8270486899634],[-71.4008212606436,41.8270509790763],[-71.4008243829031,41.8270776606281],[-71.4008035261137,41.8270789120978],[-71.4008025461136,41.8270797908831],[-71.4008015264276,41.8270806453249],[-71.4008004694685,41.8270814718241],[-71.4007993752338,41.8270822721811],[-71.400798246135,41.8270830436973],[-71.4007970809684,41.8270837863713],[-71.4007958845517,41.8270844984069],[-71.4007946544761,41.8270851807021],[-71.4007933955607,41.8270858305603],[-71.4007921078054,41.8270864479813],[-71.4007907924156,41.8270870320658],[-71.4007894505948,41.827087582815],[-71.400788707131,41.8270865116694],[-71.4007871858957,41.8270870991774],[-71.4007856370353,41.8270876470467],[-71.4007840653664,41.827088154381],[-71.400782470889,41.8270886211803],[-71.4007808548094,41.827089045645],[-71.4007792207377,41.8270894286784],[-71.4007775698803,41.8270897684811],[-71.4007759046433,41.8270900659554],[-71.4007742262318,41.8270903202019],[-71.4007725370548,41.8270905303226],[-71.4007708395197,41.8270906963193],[-71.4007691348288,41.8270908190936],[-71.4007674253925,41.8270908968468],[-71.4007657136169,41.8270909304813],[-71.4007640007056,41.8270909199981],[-71.4007622902699,41.8270908654005],[-71.400760583515,41.827090765789],[-71.4007588816418,41.8270906229654],[-71.4007571870606,41.8270904351312],[-71.4007555033798,41.82709020409],[-71.4007538305994,41.8270899298419],[-71.400752171127,41.8270896123891],[-71.4007505285737,41.8270892517345],[-71.4007499516011,41.8270902767225],[-71.4007485317374,41.827089918061],[-71.4007471275765,41.8270895242998],[-71.4007457403195,41.8270890972407],[-71.4007443735804,41.827088635086],[-71.4007430285586,41.8270881405378],[-71.4007417040507,41.8270876135952],[-71.4007404048727,41.8270870533618],[-71.4007391310207,41.8270864625388],[-71.4007378824959,41.8270858402258],[-71.4007366629069,41.8270851882265],[-71.400735472255,41.8270845056408],[-71.4007343117398,41.8270837951705],[-71.4007135451272,41.8270851115262],[-71.4007100866452,41.8270587042843],[-71.400675069842,41.8270609842828],[-71.4006590628084,41.82692760587],[-71.4006614104171,41.8269274026228],[-71.4006510492051,41.8268437089161],[-71.4006499272019,41.8268437853749],[-71.4006333392944,41.8267077963671],[-71.4006321992514,41.8267078638067],[-71.40061961785,41.8266074173582],[-71.4006209577609,41.8266073176793],[-71.4006042594181,41.8264712079207],[-71.4006055752377,41.8264711172246],[-71.4006025045017,41.8264462228825],[-71.4007786352364,41.8264340720129],[-71.4007816131735,41.8264590824141],[-71.4007828602646,41.8264590663848],[-71.4007991934225,41.826591813935],[-71.4008714498967,41.826587193646],[-71.4008699237033,41.8265738357933],[-71.4009646661894,41.826567468382],[-71.4010439596491,41.8265620689551],[-71.4010437862711,41.826561313421],[-71.4011735104314,41.8265525963699],[-71.4011736210992,41.8265534283787],[-71.4013476844564,41.8265417682443],[-71.4013621787949,41.82667418641],[-71.4012889371933,41.8266790726615],[-71.4010611958289,41.8266942590332],[-71.401030450583,41.8266970028927],[-71.4009432174411,41.8267029680797],[-71.4008857820025,41.8267070988132],[-71.4008851001149,41.8267020068054],[-71.4008130071704,41.8267066596563]]]},"properties":{"OBJECTID":93,"Building":100136,"Property_Type":"Building","Property_Code":"100136","Chart_String":";,LOC100136,,,","Property_Name":"Metcalf Research Building","Property_Abbr":"METRSCHBLD","Address_Line_1":"190 Thayer St","Address_Line_2":"190-194 Thayer St","City_and_State":"Providence, RI","External_Floorplan_Link":"https://drive.google.com/drive/folders/1vwxjJqd4rnltkybRH5Dt570YTgMRS-IZ","ZIP_code":"02912","Property_Status":"Active","Ownership_Status":"Owned","Occupancy_Status":"Brown Occupied","Official_Name":"TEST","Aliases":"DISPNAME: Metcalf Research; FORMER: Metcalf; FORMER: Metchem; LEGACY: Metcalf Chemistry; LEGACY: The Jesse Metcalf Chemical Laboratory","Long_Description":"Metcalf Chemical Laboratory was built in 1923 with a gift of $450,000 from Jesse Houghton Metcalf as a memorial to his father, Jesse Metcalf.  Metcalf Research Laboratory was dedicated in 1938 during a three-day symposium on intermolecular action sponsored by the Division of Physical and Inorganic Chemistry of the American Chemical Society. The new laboratory, financed by Jesse H. Metcalf, was built adjoining the undergraduate Metcalf Chemical Laboratory.  \nIn 2011, the University completed extensive renovations of both the exterior and the interior of the buildings. The exterior was improved with historically appropriate materials and the interior with new offices, classrooms, lab spaces and the fully accessible auditorium with state of the art teaching media equipment.  They continue to serve academic functions.  The building is now called the Metcalf Research Building. TEST","Portfolio":"ACADEMIC","National_Historic_District":"College Hill Historic District (National)","City_of_Providence_Historic_Dis":null,"Municipal_Zone":"One Family District - Within I-Zone","Grid_Coord":"EA50","Gross_area__Property_":81724.85877877778,"Floors_Assignable_area":2708.5653,"Net_area":64332.43776570139,"Accessibility_Code":"4","Building_Occupancy":null,"Building_Type":"BUILDING","Building_Usage":"ACAD","Tax_Status":"Property Exempt from Tax","Legal_Use":"School","Current_Use":"School","Cost_Rec":"Y","Year_of_Construction":1923,"Date_of_last_major_construction":"09/01/2013","Date_acquired":null,"Date_relinquished":null,"Means_of_Acquisition":null,"GPS_Coordinates__Lat__Long_":"41.826721,-71.400694","Building_System":null,"CHP_Loop":null,"Electricity_Source":"Brown","Utility_Feeder_Number":"1126","Primary_Feeder":"2-1","Secondary_Feeder":"JW4-3","LEED_Level":"Gold","LEED_Status":"Achieved","LEED_Link":"https://www.brown.edu/facilities/building_brown/projects/metcalf/","ObjectID_1":122,"Shape__Area":18503.614730834961,"Shape__Length":887.16316321126965,"lat":41.82670681583275,"lon":-71.400866812116661,"NAV_Number":0.99,"NAV_Desc":"Capital Upkeep","Accessibility_Level":"The facility is mostly accessible to a wheelchair user or person with mobility challenges.","Maintained_By":"MAINTAINED BY BROWN"}},{"type":"Feature","id":94,"geometry":{"type":"Polygon","coordinates":[[[-71.4002628173003,41.8268449579879],[-71.4002668893811,41.826869111327],[-71.4002946312044,41.8268665010164],[-71.4003072844793,41.8269404964876],[-71.4002667725162,41.8269444129112],[-71.4002725900051,41.8269786659716],[-71.4003104592689,41.8269750767768],[-71.4003234039123,41.8270506093769],[-71.4003000658084,41.8270528939923],[-71.4003044287229,41.8270781450954],[-71.4000590090495,41.8271016422736],[-71.400054645197,41.8270762813191],[-71.4000307196482,41.8270785653687],[-71.4000183574738,41.8270064365258],[-71.4000500627636,41.8270033903584],[-71.4000433712542,41.8269646357298],[-71.400012694148,41.8269675729489],[-71.4000001858425,41.8268950046099],[-71.4000263133048,41.8268925018998],[-71.4000220949682,41.8268680198011],[-71.4002628173003,41.8268449579879]]]},"properties":{"OBJECTID":94,"Building":100086,"Property_Type":"Building","Property_Code":"100086","Chart_String":";,LOC100086,,,","Property_Name":"Sciences Library","Property_Abbr":"SCILIB","Address_Line_1":"201 Thayer St","Address_Line_2":null,"City_and_State":"Providence, RI","External_Floorplan_Link":"https://drive.google.com/drive/folders/1f1mbxR_RVG9AZYOhHuF-y0YVDiQAcDWs","ZIP_code":"02912","Property_Status":"Active","Ownership_Status":"Owned","Occupancy_Status":"Brown Occupied","Official_Name":null,"Aliases":"ALTADDRS: 101-109 Waterman St; DISPNAME: Sciences Library","Long_Description":"The Sciences Library opened in December 1971 after 31 months of construction. The fourteen story library is constructed of poured concrete, has a capacity of 450,000 volumes along with 303 carrels and over 30 faculty studies and conference rooms.","Portfolio":"ACADEMIC","National_Historic_District":"College Hill Historic District (National)","City_of_Providence_Historic_Dis":null,"Municipal_Zone":"One Family District - Within I-Zone","Grid_Coord":"BX49","Gross_area__Property_":123139.69029692361,"Floors_Assignable_area":2823.3268,"Net_area":99609.320517763888,"Accessibility_Code":"4","Building_Occupancy":43,"Building_Type":"BUILDING","Building_Usage":"LIBRARY","Tax_Status":"Property Exempt from Tax","Legal_Use":"Library","Current_Use":"Library","Cost_Rec":"Y","Year_of_Construction":1971,"Date_of_last_major_construction":null,"Date_acquired":null,"Date_relinquished":null,"Means_of_Acquisition":null,"GPS_Coordinates__Lat__Long_":"41.826937,-71.400136","Building_System":null,"CHP_Loop":null,"Electricity_Source":"Brown","Utility_Feeder_Number":"1152B/1153","Primary_Feeder":"4-1","Secondary_Feeder":"4-1","LEED_Level":null,"LEED_Status":null,"LEED_Link":null,"ObjectID_1":75,"Shape__Area":6403.7853164672852,"Shape__Length":371.42752319624486,"lat":41.826973226262744,"lon":-71.4001621111031,"NAV_Number":0.87,"NAV_Desc":"Capital Upkeep","Accessibility_Level":"The facility is mostly accessible to a wheelchair user or person with mobility challenges.","Maintained_By":"MAINTAINED BY BROWN"}},{"type":"Feature","id":95,"geometry":{"type":"Polygon","coordinates":[[[-71.3997889947625,41.8268029427315],[-71.3998596711445,41.8272192510655],[-71.3994071397591,41.8272622142171],[-71.3993364662613,41.8268459065113],[-71.3997889947625,41.8268029427315]]]},"properties":{"OBJECTID":95,"Building":100073,"Property_Type":"Building","Property_Code":"100073","Chart_String":";,LOC100073,,,","Property_Name":"Watson Center For Information Tech","Property_Abbr":"WATSONCIT","Address_Line_1":"115 Waterman St","Address_Line_2":null,"City_and_State":"Providence, RI","External_Floorplan_Link":"https://drive.google.com/drive/folders/1xgLaAjMSJ7c46BzW4qdRT4-Utl02nuKg","ZIP_code":"02912","Property_Status":"Active","Ownership_Status":"Owned","Occupancy_Status":"Brown Occupied","Official_Name":"Thomas J. Watson, Sr. Center For Information Technology","Aliases":"ALTADDRS: 366 Brook St; DISPNAME: Watson Ctr For Info Tech","Long_Description":"The Thomas J Watson, Sr. Center for Information Technology is one of the premier University computing facilities in the world.  Completed in 1988, the CIR was named in honor of the founder of the IBM corporation by his son Thomas Watson, Jr '37.  The facility is used for computer research labs, classrooms and offices.","Portfolio":"ACADEMIC","National_Historic_District":"College Hill Historic District (National)","City_of_Providence_Historic_Dis":null,"Municipal_Zone":"One Family District - Within I-Zone","Grid_Coord":"BW49","Gross_area__Property_":110461.544290375,"Floors_Assignable_area":10833.6579,"Net_area":105080.75862034722,"Accessibility_Code":"4","Building_Occupancy":279,"Building_Type":"BUILDING","Building_Usage":"ACAD","Tax_Status":"Property Exempt from Tax","Legal_Use":"Classroom/Office","Current_Use":"Classroom/Office","Cost_Rec":"Y","Year_of_Construction":1988,"Date_of_last_major_construction":null,"Date_acquired":null,"Date_relinquished":null,"Means_of_Acquisition":null,"GPS_Coordinates__Lat__Long_":"41.827021,-71.399532","Building_System":null,"CHP_Loop":null,"Electricity_Source":"Brown","Utility_Feeder_Number":"1152B/1153","Primary_Feeder":"4-1","Secondary_Feeder":"4-1","LEED_Level":null,"LEED_Status":null,"LEED_Link":null,"ObjectID_1":62,"Shape__Area":19012.320205688477,"Shape__Length":554.49732324627325,"lat":41.827032578833233,"lon":-71.399598068097845,"NAV_Number":0.73,"NAV_Desc":"Repair and Maintain","Accessibility_Level":"The facility is mostly accessible to a wheelchair user or person with mobility challenges.","Maintained_By":"MAINTAINED BY BROWN"}},{"type":"Feature","id":96,"geometry":{"type":"Polygon","coordinates":[[[-71.3997278523006,41.8265783015078],[-71.3997531644828,41.8267217917879],[-71.399347897442,41.8267618329308],[-71.3993225861508,41.826618341663],[-71.3997278523006,41.8265783015078]]]},"properties":{"OBJECTID":96,"Building":100239,"Property_Type":"Building","Property_Code":"100239","Chart_String":";,LOC100239,,,","Property_Name":"Marston Hall","Property_Abbr":"MARSTONHAL","Address_Line_1":"346 Brook St","Address_Line_2":null,"City_and_State":"Providence, RI","External_Floorplan_Link":"https://drive.google.com/drive/folders/1ow6vgldexAISIWjfPFqGrAifRVYIlNP9","ZIP_code":"02912","Property_Status":"Active","Ownership_Status":"Owned","Occupancy_Status":"Brown Occupied","Official_Name":null,"Aliases":"DISPNAME: Marston Hall; LEGACY: Edgar L. Marston","Long_Description":"One of the Board of Fellows members, a Mr. Edgar L. Marston gave a gift of $150,000 for the construction of a new academic building for the study of modern language.  The building was named The Marston Hall of Modern Languages.  Marston Hall was built for the study and teaching of French, German, Italian, and Spanish languages and literature.  The building contains small and large lecture rooms, offices for professors, library, and a central hall the features a fireplace around which groups of teachers and students can gather.  The facility currently houses academic programs.","Portfolio":"ACADEMIC","National_Historic_District":"College Hill Historic District (National)","City_of_Providence_Historic_Dis":null,"Municipal_Zone":"One Family District - Within I-Zone","Grid_Coord":"BU51","Gross_area__Property_":16937.125,"Floors_Assignable_area":0,"Net_area":13588.582078034722,"Accessibility_Code":"0","Building_Occupancy":127,"Building_Type":"BUILDING","Building_Usage":"ACAD","Tax_Status":"Property Exempt from Tax","Legal_Use":"School","Current_Use":"School","Cost_Rec":"Y","Year_of_Construction":1926,"Date_of_last_major_construction":null,"Date_acquired":null,"Date_relinquished":null,"Means_of_Acquisition":null,"GPS_Coordinates__Lat__Long_":"41.826641,-71.399505","Building_System":null,"CHP_Loop":null,"Electricity_Source":"Brown","Utility_Feeder_Number":"1152B/1153","Primary_Feeder":"4-1","Secondary_Feeder":"4-1","LEED_Level":null,"LEED_Status":null,"LEED_Link":null,"ObjectID_1":221,"Shape__Area":5876.2476348876953,"Shape__Length":328.31577190753262,"lat":41.826670067023791,"lon":-71.399537874891436,"NAV_Number":0.17,"NAV_Desc":"Transitional/ Gut Renovation/ Replacement","Accessibility_Level":"A physical barrier exists that would prevent a wheelchair user from entering the facility.","Maintained_By":"MAINTAINED BY BROWN"}},{"type":"Feature","id":97,"geometry":{"type":"Polygon","coordinates":[[[-71.4000442157495,41.8258830559634],[-71.4000783183741,41.8258807339458],[-71.4000530382506,41.825673030625],[-71.4001004239861,41.8256698036115],[-71.4001005903817,41.8256711704717],[-71.4001214108749,41.8256697525349],[-71.4001274999204,41.8256693382707],[-71.4001274440537,41.8256688826503],[-71.4001353605351,41.8256683439271],[-71.4001349172113,41.8256646998674],[-71.4001591614349,41.8256630490111],[-71.4001596047615,41.8256666921704],[-71.4001675212424,41.8256661534449],[-71.4001675734982,41.8256666090621],[-71.4001737817234,41.8256661867961],[-71.4001736153262,41.825664819936],[-71.4001978595489,41.8256631690716],[-71.4002296398355,41.8256610052517],[-71.4002417047628,41.8256601838161],[-71.4002570015525,41.8257858556933],[-71.4002557832588,41.8257859392673],[-71.4002562277954,41.8257895824272],[-71.4002574448841,41.8257894997524],[-71.4002664672896,41.8258636208377],[-71.4002670259048,41.8258682175562],[-71.4002782911647,41.8259607642348],[-71.4002770728691,41.8259608469088],[-71.400277516203,41.8259644909677],[-71.4002787345001,41.8259644073934],[-71.4002995808933,41.8261356718669],[-71.4002983625944,41.826135754541],[-71.4002988059307,41.8261393985998],[-71.4003000242297,41.8261393159257],[-71.4003208695317,41.826310580389],[-71.4003196524333,41.8263106630645],[-71.4003200957734,41.8263143062228],[-71.4003213140756,41.8263142235484],[-71.400321640928,41.8263169140464],[-71.4000963198693,41.8263322590661],[-71.4000976451045,41.826343145323],[-71.4000735703666,41.826344784609],[-71.4000744582217,41.8263520718287],[-71.4000398990848,41.8263544249596],[-71.4000390112335,41.8263471377396],[-71.4000149376964,41.8263487770144],[-71.4000135780096,41.8263376062193],[-71.4000110282404,41.8263377795661],[-71.4000110627058,41.8263380641034],[-71.3999844321782,41.8263398776126],[-71.3999838638863,41.8263353214],[-71.3999874814772,41.8263350751557],[-71.3999837114512,41.8263041019958],[-71.3999800998821,41.8263043473449],[-71.3999800452183,41.8263038926259],[-71.3999748903052,41.8263042428711],[-71.3999749461713,41.8263046984915],[-71.3999742199929,41.8263064571225],[-71.3999732797808,41.8263065211283],[-71.3999722350637,41.8262979372822],[-71.3999710329373,41.8262914943064],[-71.3999700349749,41.8262884466886],[-71.3999690382164,41.8262853990718],[-71.3999676131567,41.8262822061274],[-71.3999661880958,41.8262790140832],[-71.3999625909447,41.8262730912186],[-71.399959590827,41.8262687255607],[-71.3999557668214,41.8262631590326],[-71.3999446358891,41.8262469594332],[-71.3999306513722,41.8262266067817],[-71.3999269943097,41.8262212843901],[-71.3999247512794,41.826217731497],[-71.3999228217108,41.8262146353491],[-71.3999212161018,41.8262114386454],[-71.3999196092906,41.8262082410403],[-71.3999183360405,41.8262049608945],[-71.3999170627906,41.8262016807487],[-71.3999161290895,41.826198337875],[-71.3999151953899,41.826194994101],[-71.3999146072269,41.8261916074116],[-71.3999140190654,41.826188219822],[-71.39990286721,41.8260965942575],[-71.3999065209037,41.8260963453462],[-71.3999056497241,41.8260891859875],[-71.3998844679353,41.8260906278794],[-71.3998813219451,41.8260647790909],[-71.3999025025217,41.8260633371986],[-71.3999016313444,41.8260561769396],[-71.399897977653,41.8260564258508],[-71.3998924867341,41.826012076643],[-71.3999608847873,41.8260066189489],[-71.3999442361045,41.825889863723],[-71.4000442157495,41.8258830559634]]]},"properties":{"OBJECTID":97,"Building":100032,"Property_Type":"Building","Property_Code":"100032","Chart_String":";,LOC100032,,,","Property_Name":"Macmillan Hall","Property_Abbr":"MACMILLAN","Address_Line_1":"167 Thayer St","Address_Line_2":null,"City_and_State":"Providence, RI","External_Floorplan_Link":"https://drive.google.com/drive/folders/1UtDzHseAsmkZEU-g4VFee4JdDcGmcMYG","ZIP_code":"02912","Property_Status":"Active","Ownership_Status":"Owned","Occupancy_Status":"Brown Occupied","Official_Name":"W. Duncan Macmillan Hall","Aliases":"DISPNAME: Macmillan Hall","Long_Description":"MacMillan Hall, dedicated in 1998 is named for former Brown trustee and 1953 graduate, W. Duncan MacMillan.  The four story academic facility is used for interdisciplinary teaching and research of the earth sciences.","Portfolio":"ACADEMIC LAB","National_Historic_District":"College Hill Historic District (National)","City_of_Providence_Historic_Dis":null,"Municipal_Zone":"General Commercial District - Outside I-Zone","Grid_Coord":"BX53","Gross_area__Property_":76626.028901263882,"Floors_Assignable_area":0,"Net_area":66091.646691958333,"Accessibility_Code":"4","Building_Occupancy":92,"Building_Type":"BUILDING","Building_Usage":"ACAD","Tax_Status":"Property Exempt from Tax","Legal_Use":"School","Current_Use":"School","Cost_Rec":"Y","Year_of_Construction":1998,"Date_of_last_major_construction":null,"Date_acquired":"01/01/1998","Date_relinquished":null,"Means_of_Acquisition":null,"GPS_Coordinates__Lat__Long_":"41.826008,-71.400069","Building_System":null,"CHP_Loop":null,"Electricity_Source":"Brown","Utility_Feeder_Number":"1151","Primary_Feeder":"7-1","Secondary_Feeder":"M-3","LEED_Level":null,"LEED_Status":null,"LEED_Link":null,"ObjectID_1":26,"Shape__Area":20301.328193664551,"Shape__Length":720.81273225820576,"lat":41.826043819404241,"lon":-71.400121417523138,"NAV_Number":0.9,"NAV_Desc":"Capital Upkeep","Accessibility_Level":"The facility is mostly accessible to a wheelchair user or person with mobility challenges.","Maintained_By":"MAINTAINED BY BROWN"}},{"type":"Feature","id":98,"geometry":{"type":"Polygon","coordinates":[[[-71.4006046951621,41.8263178930904],[-71.4005875494591,41.8261807997647],[-71.4005850899798,41.8261809714017],[-71.4005763102648,41.8261107733348],[-71.4005787697428,41.8261106007976],[-71.4005615254723,41.8259727114776],[-71.4005873830357,41.8259709016672],[-71.4005871559425,41.8259690800838],[-71.4006866375369,41.8259621200771],[-71.4006868658366,41.8259639416613],[-71.4007112980301,41.8259622323291],[-71.4007285438231,41.8261001216283],[-71.4007310189487,41.8260999491014],[-71.4007397988313,41.8261701471568],[-71.4007373224978,41.8261703205832],[-71.4007544685176,41.8263074138872],[-71.400730036194,41.8263091232283],[-71.4007302644962,41.8263109448124],[-71.4006307811626,41.8263179048549],[-71.4006305528618,41.8263160841709],[-71.4006046951621,41.8263178930904]]]},"properties":{"OBJECTID":98,"Building":100004,"Property_Type":"Building","Property_Code":"100004","Chart_String":";,LOC100004,,,","Property_Name":"Caswell Hall","Property_Abbr":"CASWELL","Address_Line_1":"168 Thayer St","Address_Line_2":null,"City_and_State":"Providence, RI","External_Floorplan_Link":"https://drive.google.com/drive/folders/1Z8gL2ttFd67Y3dQ6grbJ1g3iH_3g8fIx","ZIP_code":"02912","Property_Status":"Active","Ownership_Status":"Owned","Occupancy_Status":"Brown Occupied","Official_Name":null,"Aliases":"DISPNAME: Caswell Hall; LEGACY: President Alexis Caswell","Long_Description":"Caswell Hall was a residence hall constructed in 1903 on Lincoln Field along Thayer Street.  It was named for President Alexis Caswell.","Portfolio":"RESIDENCE HALL","National_Historic_District":"College Hill Historic District (National)","City_of_Providence_Historic_Dis":null,"Municipal_Zone":"One Family District - Within I-Zone","Grid_Coord":"EB53","Gross_area__Property_":26253.977850375,"Floors_Assignable_area":2631.9195,"Net_area":20271.723803930556,"Accessibility_Code":"0","Building_Occupancy":90,"Building_Type":"BUILDING","Building_Usage":"RES HALL","Tax_Status":"Property Exempt from Tax","Legal_Use":"Dormitory","Current_Use":"Dormitory","Cost_Rec":"Y","Year_of_Construction":1903,"Date_of_last_major_construction":null,"Date_acquired":null,"Date_relinquished":null,"Means_of_Acquisition":null,"GPS_Coordinates__Lat__Long_":"41.826106,-71.400624","Building_System":"SIEMENS","CHP_Loop":null,"Electricity_Source":"Brown","Utility_Feeder_Number":"1151","Primary_Feeder":"7-1","Secondary_Feeder":"5K-11","LEED_Level":null,"LEED_Status":null,"LEED_Link":null,"ObjectID_1":3,"Shape__Area":5250.6766815185547,"Shape__Length":340.0335614735414,"lat":41.826140064648918,"lon":-71.400658003582549,"NAV_Number":0.61,"NAV_Desc":"Systemic Renovation","Accessibility_Level":"A physical barrier exists that would prevent a wheelchair user from entering the facility.","Maintained_By":"MAINTAINED BY BROWN"}},{"type":"Feature","id":99,"geometry":{"type":"Polygon","coordinates":[[[-71.399828310876,41.8260572114396],[-71.3993094588404,41.8260986001924],[-71.3992926112964,41.8259804383695],[-71.3992561279079,41.8259833486886],[-71.3992213187133,41.8257392090927],[-71.3995279043275,41.8257147534298],[-71.3995292021592,41.8257238497954],[-71.399584039563,41.8257194752768],[-71.399582742926,41.8257103798133],[-71.3998163630796,41.8256917432925],[-71.3998369205639,41.8258359127872],[-71.3998662203503,41.8258335758405],[-71.3998623946074,41.825806743287],[-71.3999315966277,41.8258012223868],[-71.3999608847873,41.8260066189489],[-71.399892469882,41.8260120766283],[-71.399822669307,41.8260176447007],[-71.399828310876,41.8260572114396]]]},"properties":{"OBJECTID":99,"Building":100056,"Property_Type":"Building","Property_Code":"100056","Chart_String":";,LOC100056,,,","Property_Name":"Geo-Chem Bldg","Property_Abbr":"GEO-CHEM","Address_Line_1":"156 George St","Address_Line_2":null,"City_and_State":"Providence, RI","External_Floorplan_Link":"https://drive.google.com/drive/folders/1imM8NaJdE3zF6AdULeiXqPXEeAukp6Kx","ZIP_code":"02912","Property_Status":"Active","Ownership_Status":"Owned","Occupancy_Status":"Brown Occupied","Official_Name":null,"Aliases":"DISPNAME: Geo-Chem","Long_Description":"The Geology-Chemistry Research Building is a four and one-half story brick building built in 1982 occupies nearly one full block on George Street.  Serving the Departments of Geology and Chemistry with nearly 100 offices and over 40,000 square feet of laboratory space.","Portfolio":"ACADEMIC LAB","National_Historic_District":"College Hill Historic District (National)","City_of_Providence_Historic_Dis":null,"Municipal_Zone":"One Family District - Within I-Zone","Grid_Coord":"BX55","Gross_area__Property_":128678.29386955555,"Floors_Assignable_area":0,"Net_area":111498.96102650695,"Accessibility_Code":"4","Building_Occupancy":162,"Building_Type":"BUILDING","Building_Usage":"ACAD","Tax_Status":"Property Exempt from Tax","Legal_Use":"School/Office","Current_Use":"School/Office","Cost_Rec":"Y","Year_of_Construction":1982,"Date_of_last_major_construction":null,"Date_acquired":"01/01/1932","Date_relinquished":null,"Means_of_Acquisition":null,"GPS_Coordinates__Lat__Long_":"41.825834,-71.399516","Building_System":null,"CHP_Loop":null,"Electricity_Source":"Brown","Utility_Feeder_Number":"1151","Primary_Feeder":"7-1","Secondary_Feeder":"G-4","LEED_Level":null,"LEED_Status":null,"LEED_Link":null,"ObjectID_1":47,"Shape__Area":22967.864921569824,"Shape__Length":672.08294476476965,"lat":41.825894592316047,"lon":-71.399577642826259,"NAV_Number":0.84,"NAV_Desc":"Repair and Maintain","Accessibility_Level":"The facility is mostly accessible to a wheelchair user or person with mobility challenges.","Maintained_By":"MAINTAINED BY BROWN"}},{"type":"Feature","id":100,"geometry":{"type":"Polygon","coordinates":[[[-71.3994706790955,41.8261721397741],[-71.3994837990808,41.8262718233391],[-71.3994886675196,41.8262714647622],[-71.3994985506433,41.8263465680246],[-71.3994936821988,41.8263469266019],[-71.3994994338969,41.8263906233081],[-71.399353075867,41.8264013991785],[-71.3993383786965,41.8262897243979],[-71.3993372096842,41.82628984672],[-71.3993360347026,41.8262899375249],[-71.3993348561564,41.8262899986156],[-71.3993336764544,41.8262900290937],[-71.3993324955967,41.8262900289592],[-71.3993313147869,41.8262899982131],[-71.3993301376362,41.8262899368588],[-71.3993289629409,41.8262898448951],[-71.3993277931085,41.826289722324],[-71.3993266293413,41.826289570047],[-71.3993254740482,41.826289387166],[-71.3993243284299,41.8262891754825],[-71.3993231924895,41.8262889331959],[-71.3993220686315,41.8262886621091],[-71.3993209568559,41.826288362222],[-71.3993198607753,41.8262880326374],[-71.3993187815893,41.8262876760575],[-71.3993177180954,41.8262872915807],[-71.3993166739049,41.8262868792104],[-71.3993156490149,41.8262864407471],[-71.3993146446307,41.8262859752915],[-71.3993136631567,41.8262854846466],[-71.3993127045931,41.8262849688122],[-71.3993117701436,41.8262844277895],[-71.3993108622127,41.8262838633811],[-71.3993099795968,41.8262832755861],[-71.3993091259056,41.826282665308],[-71.3993083011378,41.8262820334471],[-71.3993075052918,41.8262813809037],[-71.3993067407752,41.8262807076799],[-71.3993060075852,41.8262800155765],[-71.3993053069255,41.8262793045945],[-71.3993046399983,41.8262785756352],[-71.3993040068023,41.8262778295991],[-71.3993034085383,41.8262770682878],[-71.3993028452065,41.8262762917013],[-71.3993023192127,41.8262755007422],[-71.3993018293506,41.8262746972099],[-71.3993013780274,41.8262738811067],[-71.3993009640382,41.8262730533318],[-71.3993005885837,41.8262722156869],[-71.3993002528664,41.8262713690735],[-71.399299955681,41.8262705143908],[-71.3992996994336,41.8262696525413],[-71.3992994817167,41.8262687835228],[-71.399299306136,41.82626791094],[-71.3992991690829,41.8262670329888],[-71.3992990741646,41.8262661523736],[-71.3992990201757,41.8262652699936],[-71.3992990059113,41.826264386748],[-71.3992990337773,41.8262635035394],[-71.3992991013635,41.8262626221663],[-71.3992992110772,41.8262617426308],[-71.3992993605083,41.8262608667315],[-71.3992995508605,41.8262599944694],[-71.3992997809257,41.8262591285445],[-71.3993000519092,41.8262582680575],[-71.3993003613992,41.8262574157073],[-71.3993007105981,41.8262565723953],[-71.3993010995059,41.8262557381215],[-71.3993015257122,41.8262549146845],[-71.3993019904208,41.8262541020853],[-71.3993024924238,41.8262533030239],[-71.3993030305188,41.8262525165989],[-71.399303604703,41.8262517446109],[-71.3993042149736,41.8262509888607],[-71.3993048601283,41.8262502484468],[-71.3993055389605,41.826249525169],[-71.3993062502637,41.8262488208266],[-71.3993069940392,41.8262481345196],[-71.3993077690807,41.8262474680474],[-71.3993085741827,41.8262468223094],[-71.3993094093455,41.8262461973055],[-71.3993102733624,41.8262455948354],[-71.3993111638261,41.8262450148969],[-71.399312080735,41.8262444583905],[-71.399313022884,41.8262439262153],[-71.3993139902732,41.8262434183714],[-71.3993149792886,41.8262429366563],[-71.3993159899316,41.8262424801697],[-71.3993170222006,41.8262420498118],[-71.3993180724819,41.8262416473803],[-71.3993191419804,41.8262412719758],[-71.3993202282873,41.8262409244965],[-71.3993213289953,41.8262406049403],[-71.3993224441028,41.8262403142077],[-71.3993235724047,41.8262400531978],[-71.399324711495,41.8262398210081],[-71.3993258613723,41.8262396185392],[-71.3993270196292,41.8262394457888],[-71.3993281850604,41.8262393036562],[-71.3993293564623,41.8262391921403],[-71.3993305326326,41.8262391103398],[-71.3993317111623,41.8262390591529],[-71.3993243227623,41.8261829156099],[-71.3994706790955,41.8261721397741]]]},"properties":{"OBJECTID":100,"Building":100171,"Property_Type":"Building","Property_Code":"100171","Chart_String":";,LOC100171,,,","Property_Name":"Barus Building","Property_Abbr":"BARUSBUILD","Address_Line_1":"340 Brook St","Address_Line_2":null,"City_and_State":"Providence, RI","External_Floorplan_Link":"https://drive.google.com/drive/folders/1hRx5-rEW8TCnDTkz9hflPk61OAH_qhbf","ZIP_code":"02912","Property_Status":"Active","Ownership_Status":"Owned","Occupancy_Status":"Brown Occupied","Official_Name":null,"Aliases":"DISPNAME: Barus; LEGACY: Professor Carl Barus; NICKNAME: Barus Lab","Long_Description":"Barus Building was built in 1885.  It serves the University as an academic facility","Portfolio":"ACADEMIC","National_Historic_District":"College Hill Historic District (National)","City_of_Providence_Historic_Dis":null,"Municipal_Zone":"One Family District - Within I-Zone","Grid_Coord":"BU53","Gross_area__Property_":8378.2240843402778,"Floors_Assignable_area":1744.428,"Net_area":7029.3258846805556,"Accessibility_Code":"3","Building_Occupancy":27,"Building_Type":"BUILDING","Building_Usage":"ACAD","Tax_Status":"Property Exempt from Tax","Legal_Use":"School","Current_Use":"School","Cost_Rec":"Y","Year_of_Construction":1885,"Date_of_last_major_construction":null,"Date_acquired":"01/01/1923","Date_relinquished":null,"Means_of_Acquisition":null,"GPS_Coordinates__Lat__Long_":"41.82626,-71.399382","Building_System":null,"CHP_Loop":null,"Electricity_Source":"Brown","Utility_Feeder_Number":"1151","Primary_Feeder":"7-1","Secondary_Feeder":"G-4","LEED_Level":null,"LEED_Status":null,"LEED_Link":null,"ObjectID_1":154,"Shape__Area":3388.8381958007813,"Shape__Length":254.53851653044518,"lat":41.826286099841994,"lon":-71.399408780315738,"NAV_Number":0.89,"NAV_Desc":"Capital Upkeep","Accessibility_Level":"A wheelchair or person with mobility challenges can enter the facility, access the primary function within that facility and access the restroom facility..","Maintained_By":"MAINTAINED BY BROWN"}},{"type":"Feature","id":101,"geometry":{"type":"Polygon","coordinates":[[[-71.3989343298832,41.8258276593094],[-71.3989552181426,41.8259837704523],[-71.3986767846139,41.8260046012445],[-71.3986558970243,41.8258484900523],[-71.3989343298832,41.8258276593094]]]},"properties":{"OBJECTID":101,"Building":100236,"Property_Type":"Building","Property_Code":"100236","Chart_String":";,LOC100236,,,","Property_Name":"George St 180","Property_Abbr":"GEORGE180","Address_Line_1":"180 George St","Address_Line_2":null,"City_and_State":"Providence, RI","External_Floorplan_Link":"https://drive.google.com/drive/folders/1KoXYDtFuwZef3aTPXBo49craEXKVtV8N","ZIP_code":"02912","Property_Status":"Active","Ownership_Status":"Owned","Occupancy_Status":"Brown Occupied","Official_Name":null,"Aliases":"DISPNAME: 180 George; NICKNAME: Ccv; NICKNAME: Center For Computation And Visualization","Long_Description":"180 George Street is a one story building that was constructed in 1960 of pre-cast concrete wall slabs.","Portfolio":"ACADEMIC LAB","National_Historic_District":"College Hill Historic District (National)","City_of_Providence_Historic_Dis":null,"Municipal_Zone":"One Family District - Within I-Zone","Grid_Coord":"BR57","Gross_area__Property_":9322,"Floors_Assignable_area":2454.6593,"Net_area":7668.7340814583331,"Accessibility_Code":"3","Building_Occupancy":31,"Building_Type":"BUILDING","Building_Usage":"ACAD","Tax_Status":"Property Exempt from Tax","Legal_Use":"School","Current_Use":"School","Cost_Rec":"Y","Year_of_Construction":1960,"Date_of_last_major_construction":null,"Date_acquired":"01/01/1960","Date_relinquished":null,"Means_of_Acquisition":null,"GPS_Coordinates__Lat__Long_":"41.825888,-71.398779","Building_System":null,"CHP_Loop":null,"Electricity_Source":"Brown","Utility_Feeder_Number":"1151","Primary_Feeder":"7-1","Secondary_Feeder":"G-6","LEED_Level":null,"LEED_Status":null,"LEED_Link":null,"ObjectID_1":218,"Shape__Area":4360.3088607788086,"Shape__Length":266.87765108852903,"lat":41.825916130295859,"lon":-71.398805557420332,"NAV_Number":0.81,"NAV_Desc":"Repair and Maintain","Accessibility_Level":"A wheelchair or person with mobility challenges can enter the facility, access the primary function within that facility and access the restroom facility..","Maintained_By":"MAINTAINED BY BROWN"}},{"type":"Feature","id":102,"geometry":{"type":"Polygon","coordinates":[[[-71.3985001952758,41.8260134262342],[-71.3984810737868,41.826002210914],[-71.3984074591855,41.8260088686682],[-71.3984049892248,41.8259935895226],[-71.3983342651774,41.8259999868872],[-71.3983421208601,41.8260485716585],[-71.3983512259301,41.8260477478021],[-71.3983580540738,41.826089976166],[-71.3983198086621,41.8260934356363],[-71.3983203951476,41.8260970681251],[-71.3983014253348,41.8260987835855],[-71.3982639383705,41.8261021743825],[-71.3982633506845,41.8260985418924],[-71.3982251052627,41.8261020013312],[-71.3982181317883,41.8260588652885],[-71.3982302730893,41.8260577668273],[-71.3982269687232,41.8260373342957],[-71.3982397179881,41.8260361805512],[-71.3982299539182,41.8259757906309],[-71.3982254007871,41.8259762016535],[-71.3982217674351,41.8259537259596],[-71.3982199459416,41.8259538909085],[-71.3982197545272,41.8259539051444],[-71.3982195631199,41.8259539148785],[-71.3982193717198,41.8259539201109],[-71.3982191791244,41.8259539199403],[-71.3982189877414,41.8259539143687],[-71.3982187951617,41.8259539042943],[-71.3982186049981,41.8259538888201],[-71.3982184148416,41.8259538688441],[-71.3982182246936,41.8259538434661],[-71.3982180369602,41.8259538135886],[-71.3982178516428,41.8259537783111],[-71.3982176663325,41.825953738532],[-71.3982174834383,41.825953693353],[-71.3982173041609,41.8259536445758],[-71.3982171260957,41.8259535903976],[-71.3982169504452,41.8259535317199],[-71.3982167772092,41.8259534685427],[-71.3982166087952,41.825953400868],[-71.3982164415921,41.8259533286926],[-71.398216279211,41.8259532520199],[-71.3982161204468,41.825953171749],[-71.3982159653008,41.8259530869796],[-71.3982158137718,41.8259529986121],[-71.3982156670647,41.8259529057471],[-71.3982155251782,41.8259528092851],[-71.3982153869086,41.8259527092249],[-71.3982152534596,41.8259526055676],[-71.3982151248297,41.8259524992135],[-71.3982150022256,41.8259523883631],[-71.3982148844392,41.8259522757163],[-71.3982147714748,41.8259521585721],[-71.3982146645319,41.8259520396325],[-71.3982145624082,41.8259519179962],[-71.3982144675124,41.8259517927649],[-71.3982143774344,41.8259516657372],[-71.3982142933779,41.8259515369142],[-71.3982142153442,41.8259514053955],[-71.398214143332,41.8259512720814],[-71.398214078545,41.8259511369731],[-71.3982140197794,41.8259510000694],[-71.3982139670339,41.8259508622707],[-71.3982139203098,41.8259507226767],[-71.3982138808095,41.8259505821887],[-71.3982138485329,41.8259504408068],[-71.3982138210727,41.8259502985289],[-71.3982072147727,41.8259094325657],[-71.3982071945362,41.8259092893938],[-71.398207181522,41.8259091462282],[-71.3982071757316,41.8259090021688],[-71.3982071759583,41.825908859015],[-71.3982071834088,41.8259087149673],[-71.3982071968765,41.8259085718252],[-71.3982072175665,41.8259084286896],[-71.3982072442736,41.8259082864596],[-71.3982072782017,41.8259081451363],[-71.398207318147,41.8259080047187],[-71.3982073653131,41.8259078652079],[-71.3982074184949,41.8259077275031],[-71.398207477694,41.8259075907039],[-71.3982075441125,41.8259074557119],[-71.3982076165468,41.8259073225258],[-71.3982076949953,41.8259071920461],[-71.3982077794611,41.825907062472],[-71.3982078699412,41.8259069356044],[-71.3982079664355,41.825906811443],[-71.3982080677405,41.8259066899869],[-71.3982081762636,41.8259065712383],[-71.3982082895972,41.8259064551949],[-71.3982084077415,41.8259063418568],[-71.3982085318986,41.8259062321254],[-71.3982086596626,41.8259061250982],[-71.3982087934381,41.8259060225781],[-71.3982089320242,41.8259059227632],[-71.3982090754195,41.8259058265539],[-71.3982092224187,41.8259057348495],[-71.3982093742286,41.8259056458504],[-71.3982095296411,41.8259055622566],[-71.3982096898642,41.825905481368],[-71.3982098524862,41.8259054058836],[-71.3982100187136,41.8259053340037],[-71.3982101885451,41.8259052666287],[-71.3982103619792,41.825905204659],[-71.3982105366112,41.8259051462917],[-71.3982107148474,41.8259050924292],[-71.3982108954824,41.8259050439709],[-71.3982110785191,41.8259049991162],[-71.3982112639533,41.8259049605659],[-71.3982114505855,41.825904925618],[-71.3982116384129,41.8259048960732],[-71.3982118274368,41.8259048710312],[-71.3982120176559,41.8259048513923],[-71.398213839148,41.8259046864435],[-71.3982102046002,41.8258822107479],[-71.3982830534013,41.825875621768],[-71.3982829320142,41.8258747420288],[-71.3982828515578,41.8258738596248],[-71.3982828120307,41.8258729754564],[-71.3982828134301,41.8258720913242],[-71.3982828569596,41.8258712072293],[-71.3982829414128,41.8258703249713],[-71.3982830667881,41.8258694454506],[-71.3982832330842,41.8258685695675],[-71.3982834390945,41.8258676991215],[-71.3982836872264,41.8258668341149],[-71.3982839738659,41.8258659763452],[-71.3982843014204,41.8258651258143],[-71.398284668682,41.8258642852224],[-71.3982850732432,41.8258634545672],[-71.39828551751,41.8258626347513],[-71.3982859990736,41.8258618266727],[-71.3982865191348,41.8258610321334],[-71.3982870752861,41.8258602511312],[-71.3982876663212,41.8258594854655],[-71.3982882934421,41.8258587360379],[-71.3982889554452,41.8258580028474],[-71.3982896511239,41.8258572876934],[-71.398290379273,41.8258565914753],[-71.3982911398927,41.8258559141931],[-71.3982919317777,41.825855256746],[-71.3982927537214,41.8258546209337],[-71.3982936045217,41.8258540058547],[-71.3982944829703,41.8258534142091],[-71.3982953890675,41.8258528459967],[-71.3982963204057,41.8258523012155],[-71.3982972769821,41.8258517816662],[-71.3982982575929,41.8258512873476],[-71.3982992610345,41.8258508182588],[-71.3983002848966,41.8258503761982],[-71.3983013279768,41.8258499602644],[-71.3983023914761,41.8258495722593],[-71.3983034705795,41.8258492121785],[-71.3983045676932,41.8258488809244],[-71.3983056780035,41.8258485775926],[-71.3983068027114,41.8258483039847],[-71.398307939411,41.8258480591983],[-71.3983090868956,41.825847845033],[-71.3983102427591,41.8258476605863],[-71.3983114070017,41.8258475058582],[-71.3983125784182,41.8258473817479],[-71.3983137533959,41.8258472891527],[-71.3983149331415,41.8258472262729],[-71.3983161152461,41.8258471940068],[-71.3983172973009,41.8258471932524],[-71.3983184793072,41.8258472231096],[-71.3983196588576,41.8258472835761],[-71.3983208359522,41.825847374652],[-71.3983220069783,41.8258474972343],[-71.3983231719389,41.8258476495225],[-71.3983215924628,41.8258378821414],[-71.3983895847,41.8258317326623],[-71.398391419278,41.8258430839655],[-71.3984078102759,41.8258416011981],[-71.3984213891801,41.8258341538933],[-71.3984432434381,41.8258321771636],[-71.3984588035494,41.8258369888285],[-71.3984797476651,41.8258350941186],[-71.3984804080696,41.8258391813435],[-71.3985119765353,41.8258363254506],[-71.3985249670883,41.8258439465968],[-71.3985295864048,41.8258725103481],[-71.3985592768098,41.8258698256485],[-71.3985708018715,41.825941113006],[-71.3985289147787,41.825944902456],[-71.3985334303783,41.8259728340768],[-71.3985392053086,41.8259762208529],[-71.3985001952758,41.8260134262342]]]},"properties":{"OBJECTID":102,"Building":100249,"Property_Type":"Building","Property_Code":"100249","Chart_String":";,LOC100249,,,","Property_Name":"George St 182","Property_Abbr":"GEORGE182","Address_Line_1":"182 George St","Address_Line_2":null,"City_and_State":"Providence, RI","External_Floorplan_Link":"https://drive.google.com/drive/folders/1ny-RV9zCrjwQevkvtEPI3-X-yqQYak9t","ZIP_code":"02912","Property_Status":"Active","Ownership_Status":"Owned","Occupancy_Status":"Brown Occupied","Official_Name":null,"Aliases":"DISPNAME: 182 George","Long_Description":"182 George Street is a three story building that was constructed in 1885.  It is currently used for academic purposes.","Portfolio":"ACADEMIC","National_Historic_District":"College Hill Historic District (National)","City_of_Providence_Historic_Dis":null,"Municipal_Zone":"One Family District - Within I-Zone","Grid_Coord":"BO57","Gross_area__Property_":26573.284115993054,"Floors_Assignable_area":3089.1432,"Net_area":21058.764748625,"Accessibility_Code":"0","Building_Occupancy":70,"Building_Type":"HOUSE","Building_Usage":"ACAD","Tax_Status":"Property Exempt from Tax","Legal_Use":"School","Current_Use":"School","Cost_Rec":"Y","Year_of_Construction":1885,"Date_of_last_major_construction":null,"Date_acquired":"07/09/1952","Date_relinquished":null,"Means_of_Acquisition":null,"GPS_Coordinates__Lat__Long_":"41.825902,-71.398304","Building_System":null,"CHP_Loop":null,"Electricity_Source":"Brown","Utility_Feeder_Number":"1151","Primary_Feeder":"7-1","Secondary_Feeder":"G-6","LEED_Level":null,"LEED_Status":null,"LEED_Link":null,"ObjectID_1":231,"Shape__Area":6166.1207504272461,"Shape__Length":407.35603940881765,"lat":41.825946258077813,"lon":-71.398371278446291,"NAV_Number":0.76,"NAV_Desc":"Repair and Maintain","Accessibility_Level":"A physical barrier exists that would prevent a wheelchair user from entering the facility.","Maintained_By":"MAINTAINED BY BROWN"}},{"type":"Feature","id":103,"geometry":{"type":"Polygon","coordinates":[[[-71.3990246508553,41.8266421264216],[-71.3990683143855,41.826890168687],[-71.3980825200133,41.8269872426102],[-71.3980388614274,41.8267391999795],[-71.3990246508553,41.8266421264216]]]},"properties":{"OBJECTID":103,"Building":100275,"Property_Type":"Building","Property_Code":"100275","Chart_String":";,LOC100275,,,","Property_Name":"Lassonde Innovation and Design Hub","Property_Abbr":"LASSONDE","Address_Line_1":"355 Brook St","Address_Line_2":null,"City_and_State":"Providence, RI","External_Floorplan_Link":"https://drive.google.com/drive/folders/1qHv3lVcfZ8EnYm5aWsRZx-_lEK9KTlY0","ZIP_code":"02912","Property_Status":"Active","Ownership_Status":"Owned","Occupancy_Status":"Brown Occupied","Official_Name":null,"Aliases":"ALTADDRS: 355-359 Brook St; DISPNAME: Prince Engineering Lab; LEGACY: Frank John Prince Engineering Laboratory","Long_Description":"The Lassonde Innovation and Design Hub is the newly renamed and renovated facility formerly known as the Prince Engineering Lab. This central campus hub is dedicated to innovation, project-based learning, and design for the entire Brown community. The transformation was made possible by a generous lead gift from the Lassonde Family Foundation, representing the philanthropic commitment of entrepreneur and philanthropist Pierre Lassonde. The hub's primary function is to serve as a gathering place where students, engineers, entrepreneurs, artists, and makers from all fields can come together to ideate, collaborate, design, and build. It features an expanded and modernized Brown Design Workshop (BDW), offering state-of-the-art resources and capacity for applied learning and prototyping.","Portfolio":"ACADEMIC LAB","National_Historic_District":"College Hill Historic District (National)","City_of_Providence_Historic_Dis":null,"Municipal_Zone":"One Family District - Within I-Zone","Grid_Coord":"BS51","Gross_area__Property_":57265.319400361113,"Floors_Assignable_area":0,"Net_area":52819.894567680552,"Accessibility_Code":"2","Building_Occupancy":null,"Building_Type":"BUILDING","Building_Usage":"ACAD","Tax_Status":"Property Exempt from Tax","Legal_Use":"Office/Lab","Current_Use":"Office/Lab","Cost_Rec":"Y","Year_of_Construction":1962,"Date_of_last_major_construction":null,"Date_acquired":null,"Date_relinquished":null,"Means_of_Acquisition":null,"GPS_Coordinates__Lat__Long_":"41.826793,-71.398543","Building_System":null,"CHP_Loop":null,"Electricity_Source":"Brown","Utility_Feeder_Number":"1152B/1153","Primary_Feeder":"5-1","Secondary_Feeder":"3-1","LEED_Level":null,"LEED_Status":null,"LEED_Link":null,"ObjectID_1":255,"Shape__Area":24706.149078369141,"Shape__Length":724.33310709363468,"lat":41.826814684523882,"lon":-71.398553586728127,"NAV_Number":0.62,"NAV_Desc":"Systemic Renovation","Accessibility_Level":"A wheelchair user or person with mobility challenges can enter the facility and access the primary function within that facility.","Maintained_By":"MAINTAINED BY BROWN"}},{"type":"Feature","id":104,"geometry":{"type":"Polygon","coordinates":[[[-71.3992229696741,41.8273461363817],[-71.399119729215,41.8273559494946],[-71.399108850245,41.8272919861371],[-71.3988589244488,41.8273157658013],[-71.3988698055645,41.827379739988],[-71.3987648602177,41.8273897250464],[-71.3987356915815,41.8272182198088],[-71.3988316203584,41.8272091496839],[-71.3988250812036,41.8271711793156],[-71.3988400532628,41.8271697294501],[-71.3988972431133,41.8271644299829],[-71.3990211267263,41.8271528273366],[-71.3990871487314,41.8271465649727],[-71.3991529396007,41.8271403050689],[-71.3991594030595,41.8271783077645],[-71.3991938533773,41.8271750301551],[-71.3992229696741,41.8273461363817]]]},"properties":{"OBJECTID":104,"Building":100209,"Property_Type":"Building","Property_Code":"100209","Chart_String":";,LOC100209,,,","Property_Name":"Minden Hall","Property_Abbr":"MINDEN","Address_Line_1":"121 Waterman St","Address_Line_2":null,"City_and_State":"Providence, RI","External_Floorplan_Link":"https://drive.google.com/drive/folders/1N8B2XBzK7dwfdTSHpmnYZiFu7CHiGxzb","ZIP_code":"02912","Property_Status":"Active","Ownership_Status":"Owned","Occupancy_Status":"Brown Occupied","Official_Name":null,"Aliases":"ALTADDRS: 121-123 Waterman St; DISPNAME: Minden Hall","Long_Description":"Formerly a hotel and then a Johnson and Wales University residence hall, Minden Hall underwent extensive renovation in 2002 and now serves as a residence hall.","Portfolio":"RESIDENCE HALL","National_Historic_District":"College Hill Historic District (National)","City_of_Providence_Historic_Dis":null,"Municipal_Zone":"One Family District - Within I-Zone","Grid_Coord":"BQ46","Gross_area__Property_":60501.99119654861,"Floors_Assignable_area":3281.6023,"Net_area":50682.455129611109,"Accessibility_Code":"0","Building_Occupancy":145,"Building_Type":"BUILDING","Building_Usage":"RES HALL","Tax_Status":"Property Exempt from Tax","Legal_Use":"Dormitory","Current_Use":"Dormitory","Cost_Rec":"Y","Year_of_Construction":1912,"Date_of_last_major_construction":null,"Date_acquired":"02/20/1998","Date_relinquished":null,"Means_of_Acquisition":null,"GPS_Coordinates__Lat__Long_":"41.827217,-71.398915","Building_System":null,"CHP_Loop":null,"Electricity_Source":null,"Utility_Feeder_Number":"2J1","Primary_Feeder":null,"Secondary_Feeder":null,"LEED_Level":null,"LEED_Status":null,"LEED_Link":null,"ObjectID_1":192,"Shape__Area":7561.4868927001953,"Shape__Length":452.50859638854882,"lat":41.827253007761712,"lon":-71.398979249550123,"NAV_Number":0.38,"NAV_Desc":"Transitional/ Gut Renovation/ Replacement","Accessibility_Level":"A physical barrier exists that would prevent a wheelchair user from entering the facility.","Maintained_By":"MAINTAINED BY BROWN"}},{"type":"Feature","id":105,"geometry":{"type":"Polygon","coordinates":[[[-71.3986534868624,41.8271760411423],[-71.398659605043,41.827209917306],[-71.3986421443266,41.8272116845725],[-71.3986509451057,41.8272604114997],[-71.3986530640382,41.8272601972877],[-71.398664888428,41.8272670782088],[-71.3986679982325,41.8272843026427],[-71.3986590402301,41.8272932810271],[-71.3986569176824,41.8272934970366],[-71.3986578114236,41.8272984848046],[-71.3986544873469,41.8272988203996],[-71.3986650065374,41.8273570645272],[-71.3986371304957,41.8273598805032],[-71.3986375398065,41.8273621470184],[-71.3986205714646,41.8273638615961],[-71.3986210619152,41.8273665810537],[-71.3985807636044,41.8273706519292],[-71.3985802719517,41.8273679324704],[-71.398548154416,41.8273711777431],[-71.3985486448636,41.827373897201],[-71.3985083465437,41.8273779680511],[-71.398507854894,41.827375248592],[-71.3984908865452,41.8273769631505],[-71.3984904772395,41.8273746966348],[-71.3984626011812,41.8273775134688],[-71.3984520833747,41.8273192693241],[-71.398448749663,41.8273196067053],[-71.3984478499176,41.8273146198307],[-71.398445728578,41.8273148322361],[-71.3984339066089,41.827307952195],[-71.3984307956609,41.8272907286541],[-71.3984397561065,41.8272817475887],[-71.3984418786517,41.8272815333839],[-71.3984327116947,41.8272307713503],[-71.3984590683187,41.8272281089391],[-71.398455916799,41.8272106584773],[-71.3985056129597,41.8272056370878],[-71.3985031571263,41.8271920397939],[-71.3985601166244,41.8271862847194],[-71.3985625724682,41.8271998829125],[-71.3986107913797,41.82719501143],[-71.3986081923281,41.8271806199126],[-71.3986534868624,41.8271760411423]]]},"properties":{"OBJECTID":105,"Building":100197,"Property_Type":"Building","Property_Code":"100197","Chart_String":";,LOC100197,,,","Property_Name":"Waterman St 125-127","Property_Abbr":"WATER125-7","Address_Line_1":"125 Waterman St","Address_Line_2":null,"City_and_State":"Providence, RI","External_Floorplan_Link":"https://drive.google.com/drive/folders/1JFBQdneODM13Y6XLinrXTwSmQWkpuzmk","ZIP_code":"02912","Property_Status":"Active","Ownership_Status":"Owned","Occupancy_Status":"Brown Occupied","Official_Name":null,"Aliases":"DISPNAME: 125-127 Waterman","Long_Description":"Built in 1863, 125 - 127 Waterman is a 3 story building acquired by Brown in 1994.  With major recent renovations, it is currently used as a rental property.","Portfolio":"AUXILIARY","National_Historic_District":"College Hill Historic District (National)","City_of_Providence_Historic_Dis":null,"Municipal_Zone":"One Family District - Within I-Zone","Grid_Coord":"BO46","Gross_area__Property_":12962.325310694445,"Floors_Assignable_area":2163.8397,"Net_area":11014.507766076389,"Accessibility_Code":"0","Building_Occupancy":0,"Building_Type":"HOUSE","Building_Usage":"AUXILIARY","Tax_Status":"Property Exempt from Tax","Legal_Use":"Apartments","Current_Use":"Vacant","Cost_Rec":"Y","Year_of_Construction":1863,"Date_of_last_major_construction":null,"Date_acquired":"05/26/1994","Date_relinquished":null,"Means_of_Acquisition":null,"GPS_Coordinates__Lat__Long_":"41.827267,-71.398508","Building_System":"SIEMENS","CHP_Loop":null,"Electricity_Source":null,"Utility_Feeder_Number":"2J1","Primary_Feeder":null,"Secondary_Feeder":null,"LEED_Level":null,"LEED_Status":null,"LEED_Link":null,"ObjectID_1":180,"Shape__Area":3694.3506469726563,"Shape__Length":278.84896098045743,"lat":41.827282143215818,"lon":-71.398552478336114,"NAV_Number":0.95,"NAV_Desc":"Capital Upkeep","Accessibility_Level":"A physical barrier exists that would prevent a wheelchair user from entering the facility.","Maintained_By":"MAINTAINED BY BROWN"}},{"type":"Feature","id":106,"geometry":{"type":"Polygon","coordinates":[[[-71.3983067155249,41.8273943343633],[-71.3982885111389,41.8273959073448],[-71.3982860027645,41.827379024662],[-71.3982781280058,41.827379678538],[-71.3982761967152,41.82736705227],[-71.3982841256481,41.8273663939404],[-71.398282391463,41.827354723107],[-71.3982740051161,41.8273553756293],[-71.3982686429074,41.8273193266964],[-71.3982770293194,41.8273186300579],[-71.3982742541623,41.8272999464598],[-71.3982779007937,41.8272996435737],[-71.3982709914695,41.8272531403309],[-71.3983154793771,41.8272494433121],[-71.3983187345548,41.8272713496487],[-71.3983533671282,41.8272685820448],[-71.3983544142592,41.8272755128831],[-71.398372130933,41.8272740402977],[-71.3983746428945,41.8272909499923],[-71.3983846714289,41.8272901170467],[-71.3983912354184,41.8273343016031],[-71.3983693556198,41.82733611984],[-71.3983738138032,41.8273661221898],[-71.398344640722,41.8273685471004],[-71.3983479423577,41.827390772197],[-71.3983300847001,41.8273923157807],[-71.3983309148694,41.8273979058219],[-71.3983075349781,41.8273998487667],[-71.3983067155249,41.8273943343633]]]},"properties":{"OBJECTID":106,"Building":100225,"Property_Type":"Building","Property_Code":"100225","Chart_String":";,LOC100225,,,","Property_Name":"Waterman St 129","Property_Abbr":"WATER129","Address_Line_1":"129 Waterman St","Address_Line_2":null,"City_and_State":"Providence, RI","External_Floorplan_Link":"https://drive.google.com/drive/folders/1WW8xX8ec999UYlflHVMwtMK7v2EynR_C","ZIP_code":"02912","Property_Status":"Active","Ownership_Status":"Owned","Occupancy_Status":"Brown Occupied","Official_Name":null,"Aliases":"DISPNAME: 129 Waterman","Long_Description":"Sorry, no narrative available.","Portfolio":"AUXILIARY","National_Historic_District":"College Hill Historic District (National)","City_of_Providence_Historic_Dis":null,"Municipal_Zone":"One Family District - Within I-Zone","Grid_Coord":"BN46","Gross_area__Property_":4621.9897515694447,"Floors_Assignable_area":870.348,"Net_area":3763.6955139236111,"Accessibility_Code":"0","Building_Occupancy":0,"Building_Type":"HOUSE","Building_Usage":"AUXILIARY","Tax_Status":"Property Exempt from Tax","Legal_Use":"1 Family","Current_Use":"Vacant","Cost_Rec":"Y","Year_of_Construction":1871,"Date_of_last_major_construction":null,"Date_acquired":"01/01/1970","Date_relinquished":null,"Means_of_Acquisition":null,"GPS_Coordinates__Lat__Long_":"41.827305,-71.398315","Building_System":null,"CHP_Loop":null,"Electricity_Source":null,"Utility_Feeder_Number":"2J1","Primary_Feeder":null,"Secondary_Feeder":null,"LEED_Level":null,"LEED_Status":null,"LEED_Link":null,"ObjectID_1":208,"Shape__Area":1263.4829330444336,"Shape__Length":177.94965187694135,"lat":41.827323493698657,"lon":-71.3983231646792,"NAV_Number":0.75,"NAV_Desc":"Repair and Maintain","Accessibility_Level":"A physical barrier exists that would prevent a wheelchair user from entering the facility.","Maintained_By":"MAINTAINED BY BROWN"}},{"type":"Feature","id":107,"geometry":{"type":"Polygon","coordinates":[[[-71.3982078791703,41.8272545663804],[-71.3982138469148,41.8272890384586],[-71.398190304019,41.8272913188624],[-71.3981934208884,41.8273093230093],[-71.3982169637892,41.8273070435052],[-71.3982332973003,41.8274013892274],[-71.3981350562486,41.8274109033701],[-71.3981092220481,41.8272616735256],[-71.3981462887015,41.8272580834322],[-71.398143928098,41.827244448401],[-71.3981616487644,41.8272427327599],[-71.3981640093716,41.8272563677908],[-71.3981670143849,41.8272560769442],[-71.3981674318835,41.827258483021],[-71.3982078791703,41.8272545663804]]]},"properties":{"OBJECTID":107,"Building":100255,"Property_Type":"Building","Property_Code":"100255","Chart_String":";,LOC100255,,,","Property_Name":"Waterman St 131","Property_Abbr":"WATER131","Address_Line_1":"131 Waterman St","Address_Line_2":null,"City_and_State":"Providence, RI","External_Floorplan_Link":"https://drive.google.com/drive/folders/1sk4gAH9QvXr7WWuDPo6zWGYOTCOQgMAu","ZIP_code":"02912","Property_Status":"Active","Ownership_Status":"Owned","Occupancy_Status":"Brown Occupied","Official_Name":null,"Aliases":"DISPNAME: 131 Waterman","Long_Description":"131 Waterman Street is a three story building constructed in 1853 as a residence.  Building is being utilized as administrative space for the University.","Portfolio":"ACADEMIC","National_Historic_District":"College Hill Historic District (National)","City_of_Providence_Historic_Dis":null,"Municipal_Zone":"One Family District - Within I-Zone","Grid_Coord":"BM46","Gross_area__Property_":5575.093198333333,"Floors_Assignable_area":0,"Net_area":4591.1223737430555,"Accessibility_Code":"0","Building_Occupancy":13,"Building_Type":"HOUSE","Building_Usage":"ACAD","Tax_Status":"Property Exempt from Tax","Legal_Use":"Office","Current_Use":"Office","Cost_Rec":"Y","Year_of_Construction":1852,"Date_of_last_major_construction":null,"Date_acquired":"12/28/1989","Date_relinquished":null,"Means_of_Acquisition":null,"GPS_Coordinates__Lat__Long_":"41.827315,-71.39814","Building_System":"ANDOVER","CHP_Loop":null,"Electricity_Source":null,"Utility_Feeder_Number":"2J1","Primary_Feeder":null,"Secondary_Feeder":null,"LEED_Level":null,"LEED_Status":null,"LEED_Link":null,"ObjectID_1":236,"Shape__Area":1452.2186737060547,"Shape__Length":186.62473117112586,"lat":41.82733163785327,"lon":-71.3981699051101,"NAV_Number":0.36,"NAV_Desc":"Transitional/ Gut Renovation/ Replacement","Accessibility_Level":"A physical barrier exists that would prevent a wheelchair user from entering the facility.","Maintained_By":"MAINTAINED BY BROWN"}},{"type":"Feature","id":108,"geometry":{"type":"Polygon","coordinates":[[[-71.3979784407794,41.82737854934],[-71.3979685117145,41.8273728251673],[-71.3979664696202,41.8273610325098],[-71.3979741228087,41.8273536061061],[-71.3979686263468,41.8273218552598],[-71.3980122893922,41.8273176264257],[-71.3980053400689,41.8272774840289],[-71.3980705113304,41.8272711719755],[-71.3980774036365,41.8273108587461],[-71.3980846814106,41.8273101539352],[-71.398102310132,41.8274119844454],[-71.398087754561,41.8274133940689],[-71.3980808488533,41.8274200954699],[-71.3980659910921,41.8274215345337],[-71.3980570313483,41.8274163694391],[-71.3980115478897,41.8274207740408],[-71.3980103693891,41.8274139664294],[-71.3979901517089,41.8274159247219],[-71.3979846158703,41.8273839469563],[-71.3979794618278,41.8273844456686],[-71.3979784407794,41.82737854934]]]},"properties":{"OBJECTID":108,"Building":100290,"Property_Type":"Building","Property_Code":"100290","Chart_String":";,LOC100290,,,","Property_Name":"Waterman St 133","Property_Abbr":"WATER133","Address_Line_1":"133 Waterman St","Address_Line_2":null,"City_and_State":"Providence, RI","External_Floorplan_Link":"https://drive.google.com/drive/folders/1q0Yfpt68gy7jlSBKAMpa9jesscja0_o6","ZIP_code":"02912","Property_Status":"Active","Ownership_Status":"Owned","Occupancy_Status":"Brown Occupied","Official_Name":null,"Aliases":"DISPNAME: 133 Waterman","Long_Description":"133 Waterman Street is a building constructed in 1885 as a residence. It is currently used as administrative space for Brown University programs.","Portfolio":"ACADEMIC","National_Historic_District":"College Hill Historic District (National)","City_of_Providence_Historic_Dis":null,"Municipal_Zone":"One Family District - Within I-Zone","Grid_Coord":"BL46","Gross_area__Property_":5254.250059256944,"Floors_Assignable_area":0,"Net_area":4502.9932912152781,"Accessibility_Code":"0","Building_Occupancy":10,"Building_Type":"HOUSE","Building_Usage":"ACAD","Tax_Status":"Property Exempt from Tax","Legal_Use":"Office/1 Family","Current_Use":"Office","Cost_Rec":"Y","Year_of_Construction":1885,"Date_of_last_major_construction":null,"Date_acquired":"12/28/1989","Date_relinquished":null,"Means_of_Acquisition":null,"GPS_Coordinates__Lat__Long_":"41.827325,-71.398006","Building_System":"ANDOVER","CHP_Loop":null,"Electricity_Source":null,"Utility_Feeder_Number":"2J1","Primary_Feeder":null,"Secondary_Feeder":null,"LEED_Level":null,"LEED_Status":null,"LEED_Link":null,"ObjectID_1":268,"Shape__Area":1449.3341445922852,"Shape__Length":171.63487602038737,"lat":41.827353152959653,"lon":-71.398037233338258,"NAV_Number":0.37,"NAV_Desc":"Transitional/ Gut Renovation/ Replacement","Accessibility_Level":"A physical barrier exists that would prevent a wheelchair user from entering the facility.","Maintained_By":"MAINTAINED BY BROWN"}},{"type":"Feature","id":109,"geometry":{"type":"Polygon","coordinates":[[[-71.3979067732345,41.8270943700859],[-71.397917830333,41.8271553022749],[-71.3978341637821,41.82716379012],[-71.397838963514,41.8271907973663],[-71.397804616315,41.8271942799385],[-71.3977287284883,41.8272018958957],[-71.3977128718839,41.8271139564377],[-71.3979067732345,41.8270943700859]]]},"properties":{"OBJECTID":109,"Building":100025,"Property_Type":"Building","Property_Code":"100025","Chart_String":";,LOC100025,,,","Property_Name":"Waterman St 137","Property_Abbr":"WATER137","Address_Line_1":"137 Waterman St","Address_Line_2":null,"City_and_State":"Providence, RI","External_Floorplan_Link":"https://drive.google.com/drive/folders/1zNiTNV8wFHoyl6-ErD8kjvL778IYPN8y","ZIP_code":"02912","Property_Status":"Active","Ownership_Status":"Owned","Occupancy_Status":"Brown Occupied","Official_Name":null,"Aliases":"DISPNAME: 137 Waterman","Long_Description":"137 Waterman Street is a two story former carriage house with a mansard style roof.  The building is presently utilized for academic functions at Brown University.","Portfolio":"ACADEMIC","National_Historic_District":"Hope Street (National)","City_of_Providence_Historic_Dis":null,"Municipal_Zone":"One Family District - Within I-Zone","Grid_Coord":"BL48","Gross_area__Property_":2670.730223861111,"Floors_Assignable_area":0,"Net_area":2382.188028597222,"Accessibility_Code":"0","Building_Occupancy":10,"Building_Type":"HOUSE","Building_Usage":"ACAD","Tax_Status":"Property Exempt from Tax","Legal_Use":"1 Family","Current_Use":"Lab/Off","Cost_Rec":"Y","Year_of_Construction":1910,"Date_of_last_major_construction":null,"Date_acquired":"01/01/1965","Date_relinquished":null,"Means_of_Acquisition":null,"GPS_Coordinates__Lat__Long_":"41.827123,-71.397786","Building_System":"METASYS","CHP_Loop":null,"Electricity_Source":null,"Utility_Feeder_Number":"2J1","Primary_Feeder":null,"Secondary_Feeder":null,"LEED_Level":null,"LEED_Status":null,"LEED_Link":null,"ObjectID_1":20,"Shape__Area":1496.7023239135742,"Shape__Length":171.32670032517427,"lat":41.827144343178844,"lon":-71.397808514081532,"NAV_Number":0.63,"NAV_Desc":"Systemic Renovation","Accessibility_Level":"A physical barrier exists that would prevent a wheelchair user from entering the facility.","Maintained_By":"MAINTAINED BY BROWN"}},{"type":"Feature","id":110,"geometry":{"type":"Polygon","coordinates":[[[-71.3974174491978,41.8273875438103],[-71.3974079610212,41.8273356577857],[-71.3975006575518,41.8273261744307],[-71.3974983890162,41.8273137675313],[-71.3974983746816,41.8273129437081],[-71.3974983988682,41.8273121190189],[-71.3974984615719,41.8273112961647],[-71.3974985627925,41.8273104751455],[-71.397498701325,41.8273096568607],[-71.3974988771664,41.8273088431108],[-71.3974990915191,41.8273080347974],[-71.3974993431793,41.8273072319193],[-71.3974996309404,41.8273064362761],[-71.3974999560061,41.8273056478689],[-71.3975003171684,41.8273048693977],[-71.3975007156324,41.8273040999631],[-71.3975011477827,41.827303342263],[-71.3975016148243,41.8273025953981],[-71.3975021167545,41.8273018611691],[-71.397502652368,41.8273011404752],[-71.3975032216634,41.8273004342168],[-71.3975038222318,41.8272997432921],[-71.3975044552755,41.8272990686024],[-71.3975051183869,41.8272984101458],[-71.397505812767,41.8272977697237],[-71.3975065360083,41.8272971473342],[-71.3975072869056,41.8272965438765],[-71.3975080654574,41.8272959602509],[-71.3975088716624,41.8272953973579],[-71.3975097019077,41.8272948560943],[-71.3975105586011,41.8272943364626],[-71.3975114369259,41.8272938393586],[-71.3975123392897,41.8272933647845],[-71.3975132620785,41.8272929145378],[-71.3975142052935,41.8272924877181],[-71.3975151677269,41.8272920870255],[-71.3975161493828,41.8272917097588],[-71.3975171466444,41.8272913595161],[-71.3975181595144,41.8272910344969],[-71.3975191879901,41.8272907365018],[-71.3975202284601,41.8272904655276],[-71.3975212809259,41.8272902206739],[-71.3975223441809,41.8272900037403],[-71.3975234170214,41.8272898147258],[-71.3975244982436,41.8272896536293],[-71.3975255866438,41.8272895204496],[-71.3975266798129,41.8272894160851],[-71.3975277777526,41.8272893396354],[-71.3975288780538,41.8272892919986],[-71.3975299795142,41.8272892722733],[-71.3975310821325,41.82728928136],[-71.3975321822973,41.8272893192553],[-71.3975332812124,41.8272893859603],[-71.3975343764718,41.8272894805725],[-71.3975354668703,41.8272896039913],[-71.3975365500018,41.8272897553141],[-71.3975376258664,41.827289934541],[-71.3975386932602,41.8272901416708],[-71.3975397497772,41.827290375801],[-71.3975407942123,41.827290637831],[-71.3975418277707,41.8272909268615],[-71.3975428456387,41.8272912419878],[-71.3975438490201,41.827291583211],[-71.3975448355075,41.8272919505289],[-71.3975458051008,41.8272923439417],[-71.3975467553955,41.8272927616463],[-71.3975476851877,41.8272932036419],[-71.3975485956827,41.827293669029],[-71.397549482064,41.8272941587038],[-71.3975503467434,41.8272946699674],[-71.3975511861084,41.8272952037169],[-71.3975520013625,41.8272957599533],[-71.3975527888989,41.8272963359725],[-71.3975535511251,41.8272969317766],[-71.3975542832261,41.8272975473613],[-71.3975549876108,41.8272981818283],[-71.3975556618731,41.8272988342753],[-71.3975563060145,41.8272995038019],[-71.3975569176305,41.8273001886052],[-71.3975574979232,41.8273008895867],[-71.3975580456903,41.827301605845],[-71.3975585597325,41.8273023346779],[-71.3975590388445,41.8273030769848],[-71.3975594842316,41.8273038318663],[-71.3975598946943,41.8273045966204],[-71.3975602678236,41.8273053721453],[-71.3975606060285,41.8273061575428],[-71.3975609081095,41.8273069501108],[-71.3975611716577,41.8273077507475],[-71.397647504079,41.8272989179458],[-71.3976646585738,41.8273927206754],[-71.3976617811435,41.827393015224],[-71.3976621331822,41.8273949413634],[-71.3976606186194,41.8273950957728],[-71.3976637058372,41.8274119762837],[-71.3976647653105,41.8274118673862],[-71.3976655111596,41.8274159456873],[-71.3976085596901,41.8274217723523],[-71.3976132006418,41.8274471489507],[-71.3975798790053,41.8274505585418],[-71.3975795054821,41.8274485189403],[-71.3974883233512,41.8274578479514],[-71.3974888090415,41.8274605034854],[-71.3974809538377,41.8274707702469],[-71.3974618917374,41.8274727204743],[-71.3974506390966,41.8274644084006],[-71.3974501534077,41.8274617528664],[-71.3974313718287,41.8274636745284],[-71.3974227201477,41.8274163683783],[-71.3974013874189,41.8274185506563],[-71.3973961164783,41.8273897260873],[-71.3974174491978,41.8273875438103]]]},"properties":{"OBJECTID":110,"Building":100109,"Property_Type":"Building","Property_Code":"100109","Chart_String":";,LOC100109,,,","Property_Name":"Hope St 190","Property_Abbr":"HOPE190","Address_Line_1":"190 Hope St","Address_Line_2":null,"City_and_State":"Providence, RI","External_Floorplan_Link":"https://drive.google.com/drive/folders/17n0QIizqGR4teMltfHl4Ui9EuRZg51wB","ZIP_code":"02912","Property_Status":"Active","Ownership_Status":"Owned","Occupancy_Status":"Brown Occupied","Official_Name":null,"Aliases":"DISPNAME: 190 Hope; FORMER: Slavic House","Long_Description":"190 Hope Street is a three story building was constructed in 1865.  The building is used for classrooms and offices.","Portfolio":"ACADEMIC","National_Historic_District":"Hope Street (National)","City_of_Providence_Historic_Dis":null,"Municipal_Zone":"One Family District - Within I-Zone","Grid_Coord":"BI46","Gross_area__Property_":11974.271130118055,"Floors_Assignable_area":1771.9305,"Net_area":9748.2844892569447,"Accessibility_Code":"3","Building_Occupancy":46,"Building_Type":"HOUSE","Building_Usage":"ACAD","Tax_Status":"Property Exempt from Tax","Legal_Use":"Office/School","Current_Use":"School","Cost_Rec":"Y","Year_of_Construction":1865,"Date_of_last_major_construction":null,"Date_acquired":"01/01/1965","Date_relinquished":null,"Means_of_Acquisition":null,"GPS_Coordinates__Lat__Long_":"41.827378,-71.397485","Building_System":null,"CHP_Loop":null,"Electricity_Source":null,"Utility_Feeder_Number":"77J4","Primary_Feeder":null,"Secondary_Feeder":null,"LEED_Level":null,"LEED_Status":null,"LEED_Link":null,"ObjectID_1":96,"Shape__Area":3371.2208938598633,"Shape__Length":263.57019793687346,"lat":41.827380040688588,"lon":-71.397534289580818,"NAV_Number":0.83,"NAV_Desc":"Repair and Maintain","Accessibility_Level":"A wheelchair or person with mobility challenges can enter the facility, access the primary function within that facility and access the restroom facility..","Maintained_By":"MAINTAINED BY BROWN"}},{"type":"Feature","id":111,"geometry":{"type":"Polygon","coordinates":[[[-71.4034444960461,41.8244488088875],[-71.4034454088248,41.824493424192],[-71.4033032085462,41.8244945857631],[-71.4033022958662,41.8244499704576],[-71.4032616476117,41.8244504350218],[-71.403149962105,41.8244517139314],[-71.4031502233369,41.824458882657],[-71.4031037368388,41.8244595583244],[-71.403103474407,41.824452390498],[-71.4029921006573,41.8244536650154],[-71.402950641093,41.8244541395884],[-71.4029493608627,41.8243477930716],[-71.4029897551286,41.8243472932902],[-71.4031245832354,41.8243456244007],[-71.4032592981858,41.8243439570585],[-71.4032998055967,41.8243434554626],[-71.4032959469005,41.8241712361146],[-71.4032920882227,41.8239990176616],[-71.4032902596945,41.8238927138946],[-71.4032890537922,41.8238477931222],[-71.4034310715211,41.8238462073546],[-71.4034322787264,41.8238911281267],[-71.4034344062845,41.8239972448721],[-71.4034382317242,41.8241694074715],[-71.4034420668144,41.8243415691733],[-71.4037925655841,41.8243372742231],[-71.4037952865134,41.8244438308165],[-71.4036430412284,41.8244459909752],[-71.4036432162707,41.8244528787214],[-71.4035964318223,41.8244531833983],[-71.4035962670795,41.8244466548963],[-71.4034851023368,41.8244482325813],[-71.4034444960461,41.8244488088875]]]},"properties":{"OBJECTID":111,"Building":100263,"Property_Type":"Building","Property_Code":"100263","Chart_String":";,LOC100263,,,","Property_Name":"Everett-Poland: Keeney Quad","Property_Abbr":"KQEVRTPLND","Address_Line_1":"13 Benevolent St","Address_Line_2":"Formerly: Everett Hall","City_and_State":"Providence, RI","External_Floorplan_Link":"https://drive.google.com/drive/folders/1p-kCWfgNgUQ-i991knWyfUw1yscDY896","ZIP_code":"02912","Property_Status":"Active","Ownership_Status":"Owned","Occupancy_Status":"Brown Occupied","Official_Name":null,"Aliases":"ALTADDRS: 11-17 Benevolent St; DISPNAME: Everett-Poland House; FORMER: Everett Hall: Keeney Quad; LEGACY: Walter Goodnow Everett & William Carey Poland, Barnaby Conrad Keeney","Long_Description":"As part of Keeney Quadrangle that opened in 1957, Everett House is part of the largest self-contained residential units on campus.  It is named for a member of the class of 1885, Professor Walter G. Everett, professor of Latin, philosophy, and natural theology. He taught at Brown from 1890 to 1930, and served as President pro-tempore of the University in 1912-1913.  In 2013, Keeney Quad was fully renovated and existing houses were combined creating Everett-Poland.  Renovations added elevators, accessible bathrooms and top floor lounges, upgraded lighting and various amenities.","Portfolio":"RESIDENCE HALL","National_Historic_District":"College Hill Historic District (National)","City_of_Providence_Historic_Dis":null,"Municipal_Zone":"One Family District - Within I-Zone","Grid_Coord":"JD68","Gross_area__Property_":62138.812387652775,"Floors_Assignable_area":9623.8783,"Net_area":52905.341725048609,"Accessibility_Code":"3","Building_Occupancy":null,"Building_Type":"BUILDING","Building_Usage":"RES HALL","Tax_Status":"Property Exempt from Tax","Legal_Use":"Dormitory","Current_Use":"Dormitory","Cost_Rec":"Y","Year_of_Construction":1957,"Date_of_last_major_construction":null,"Date_acquired":"12/28/1955","Date_relinquished":null,"Means_of_Acquisition":null,"GPS_Coordinates__Lat__Long_":"41.823905,-71.403346","Building_System":"SIEMENS","CHP_Loop":null,"Electricity_Source":"Brown","Utility_Feeder_Number":"1151","Primary_Feeder":"7-1","Secondary_Feeder":"5K-12","LEED_Level":null,"LEED_Status":null,"LEED_Link":null,"ObjectID_1":243,"Shape__Area":16642.753692626953,"Shape__Length":941.4475930236,"lat":41.824272305805188,"lon":-71.403369498186819,"NAV_Number":0.93,"NAV_Desc":"Capital Upkeep","Accessibility_Level":"A wheelchair or person with mobility challenges can enter the facility, access the primary function within that facility and access the restroom facility..","Maintained_By":"MAINTAINED BY BROWN"}},{"type":"Feature","id":112,"geometry":{"type":"Polygon","coordinates":[[[-71.4029454855726,41.8241760247683],[-71.4029493608627,41.8243477930716],[-71.402950641093,41.8244541395884],[-71.4029524633175,41.8244988907161],[-71.4028106459844,41.8245007218537],[-71.4028097493706,41.824456056139],[-71.4028041173621,41.8244560045561],[-71.4028011171337,41.8243497664238],[-71.4028067491329,41.8243498180068],[-71.4028030845423,41.8241774700583],[-71.4027994199719,41.8240051212042],[-71.4027940840685,41.8240050968816],[-71.4027916783457,41.8238989582811],[-71.4027969182834,41.8238987592383],[-71.4027960197151,41.8238538054084],[-71.4029381567062,41.8238521717327],[-71.402939055374,41.8238971255617],[-71.4031146569388,41.8238949194117],[-71.4032902596945,41.8238927138946],[-71.4032920882227,41.8239990176616],[-71.4031168390992,41.8240011973698],[-71.4029415911694,41.8240033759112],[-71.4029454855726,41.8241760247683]]]},"properties":{"OBJECTID":112,"Building":100258,"Property_Type":"Building","Property_Code":"100258","Chart_String":";,LOC100258,,,","Property_Name":"Archibald-Bronson: Keeney Quad","Property_Abbr":"KQARCHBRON","Address_Line_1":"17 Benevolent St","Address_Line_2":"Formerly: Archibald Hall","City_and_State":"Providence, RI","External_Floorplan_Link":"https://drive.google.com/drive/folders/1BKWsXwYrmVexaLkAVbPWi6zt-PVg54fK","ZIP_code":"02912","Property_Status":"Active","Ownership_Status":"Owned","Occupancy_Status":"Brown Occupied","Official_Name":null,"Aliases":"ALTADDRS: 11-17 Benevolent St; DISPNAME: Archibald-Bronson House; FORMER: Archibald Hall: Keeney Quad; LEGACY: Raymond Clare Archibald & Walter Cochrane Bronson, Barnaby Conrad Keeney; NICKNAME: Arnold Lounge; NICKNAME: Keeney Quad","Long_Description":"As part of Keeney Quadrangle, Archibald House was built in 1957 and is named in honor of Raymond Clare Archibald, professor of mathematics from 1909 to 1943.  In 2013, Keeney Quad was fully renovated and existing houses were combined creating Archibald-Bronson.  Renovations added elevators, accessible bathrooms and top floor lounges, upgraded lighting and various amenities.","Portfolio":"RESIDENCE HALL","National_Historic_District":"College Hill Historic District (National)","City_of_Providence_Historic_Dis":null,"Municipal_Zone":"One Family District - Within I-Zone","Grid_Coord":"JA65","Gross_area__Property_":62166.329411798608,"Floors_Assignable_area":8291.9041,"Net_area":52243.082565118057,"Accessibility_Code":"3","Building_Occupancy":439,"Building_Type":"BUILDING","Building_Usage":"RES HALL","Tax_Status":"Property Exempt from Tax","Legal_Use":"Dormitory","Current_Use":"Dormitory","Cost_Rec":"Y","Year_of_Construction":1957,"Date_of_last_major_construction":null,"Date_acquired":"03/26/1947","Date_relinquished":null,"Means_of_Acquisition":null,"GPS_Coordinates__Lat__Long_":"41.824319,-71.402866","Building_System":"SIEMENS","CHP_Loop":null,"Electricity_Source":"Brown","Utility_Feeder_Number":"1151","Primary_Feeder":"7-1","Secondary_Feeder":"5K-12","LEED_Level":null,"LEED_Status":null,"LEED_Link":null,"ObjectID_1":239,"Shape__Area":12955.085571289063,"Shape__Length":746.05200005824793,"lat":41.824111042906253,"lon":-71.402942638909991,"NAV_Number":0.92,"NAV_Desc":"Capital Upkeep","Accessibility_Level":"A wheelchair or person with mobility challenges can enter the facility, access the primary function within that facility and access the restroom facility..","Maintained_By":"MAINTAINED BY BROWN"}},{"type":"Feature","id":113,"geometry":{"type":"Polygon","coordinates":[[[-71.4024813320155,41.824431562267],[-71.4025044945632,41.8244316521545],[-71.402509983583,41.8246180118401],[-71.4023256814209,41.8246206670399],[-71.4023260865532,41.8246336772938],[-71.4021766178441,41.824635743334],[-71.4021734476889,41.824523990463],[-71.4023226720537,41.8245217495532],[-71.4023230286184,41.8245350352701],[-71.4023584071531,41.8245345701603],[-71.4023560215436,41.8244330845338],[-71.4023792966013,41.8244328018015],[-71.4023794657575,41.8244157396059],[-71.4024809573612,41.8244143114386],[-71.4024813320155,41.824431562267]]]},"properties":{"OBJECTID":113,"Building":100174,"Property_Type":"Building","Property_Code":"100174","Chart_String":";,LOC100174,,,","Property_Name":"Buxton House: Wriston Quad","Property_Abbr":"BUXTON","Address_Line_1":"27 Brown St","Address_Line_2":null,"City_and_State":"Providence, RI","External_Floorplan_Link":"https://drive.google.com/drive/folders/1lbehBb8agGd7_BD5bfVSLMp6n-Ew5ixT","ZIP_code":"02912","Property_Status":"Active","Ownership_Status":"Owned","Occupancy_Status":"Brown Occupied","Official_Name":null,"Aliases":"ALTADDRS: 113 George St; DISPNAME: Buxton House; LEGACY: G. Edward Buxton '02; OCCUPANT: International House","Long_Description":"Buxton was named for Colonel G. Edward Buxton, Jr., '02, who was second in command of the OSS during World War II, a former Treasurer of the Providence Journal Company, and Chairman of the Housing and Development Campaign for Wriston Quadrangle. Buxton House is home to Buxton International House, one of Brown's program houses.","Portfolio":"RESIDENCE HALL","National_Historic_District":"College Hill Historic District (National)","City_of_Providence_Historic_Dis":null,"Municipal_Zone":"One Family District - Within I-Zone","Grid_Coord":"FK64","Gross_area__Property_":23465.741819013889,"Floors_Assignable_area":0,"Net_area":18620.363639493055,"Accessibility_Code":"3","Building_Occupancy":60,"Building_Type":"BUILDING","Building_Usage":"RES HALL","Tax_Status":"Property Exempt from Tax","Legal_Use":"Dormitory","Current_Use":"Dormitory","Cost_Rec":"Y","Year_of_Construction":1951,"Date_of_last_major_construction":null,"Date_acquired":"06/29/1945","Date_relinquished":null,"Means_of_Acquisition":null,"GPS_Coordinates__Lat__Long_":"41.824523,-71.402335","Building_System":"SIEMENS","CHP_Loop":null,"Electricity_Source":"Brown","Utility_Feeder_Number":"1151","Primary_Feeder":"7-1","Secondary_Feeder":"5K-12","LEED_Level":null,"LEED_Status":null,"LEED_Link":null,"ObjectID_1":157,"Shape__Area":4897.8581924438477,"Shape__Length":349.3755568938497,"lat":41.824543268637449,"lon":-71.40236509013171,"NAV_Number":0.77,"NAV_Desc":"Repair and Maintain","Accessibility_Level":"A wheelchair or person with mobility challenges can enter the facility, access the primary function within that facility and access the restroom facility..","Maintained_By":"MAINTAINED BY BROWN"}},{"type":"Feature","id":114,"geometry":{"type":"Polygon","coordinates":[[[-71.4020422003717,41.8246526776215],[-71.4020714585942,41.8248557408823],[-71.4018228912338,41.8248749769486],[-71.4018203424719,41.8248571975625],[-71.4017977199389,41.8248588762659],[-71.4017873648887,41.8247837871833],[-71.4018094747587,41.8247820171094],[-71.4018073273654,41.824763891435],[-71.4019424157744,41.8247531496318],[-71.4019294399357,41.8246616163189],[-71.4019118347409,41.8246631300643],[-71.4018960927284,41.8245519750804],[-71.4019136978944,41.824550460437],[-71.4019053650754,41.8244918601096],[-71.4018877646988,41.8244934017661],[-71.4018614433139,41.8243074897271],[-71.4018853252869,41.8243054348443],[-71.4018826595505,41.8242885890103],[-71.4019833980251,41.8242804720148],[-71.4019860840458,41.8242974520144],[-71.4020094575035,41.8242957577082],[-71.4020358154281,41.8244816661435],[-71.4020181769386,41.8244829457885],[-71.4020264460979,41.8245415235451],[-71.402044084602,41.8245402447991],[-71.402050373694,41.8245846171048],[-71.4020535879103,41.8246072949023],[-71.402059838906,41.8246513988732],[-71.4020422003717,41.8246526776215]]]},"properties":{"OBJECTID":114,"Building":100033,"Property_Type":"Building","Property_Code":"100033","Chart_String":";,LOC100033,,,","Property_Name":"Olney House: Wriston Quad","Property_Abbr":"OLNEY","Address_Line_1":"29 Brown St","Address_Line_2":null,"City_and_State":"Providence, RI","External_Floorplan_Link":"https://drive.google.com/drive/folders/1nCu-4dlsClqu0K-Zhnclb-m822ExRnMd","ZIP_code":"02912","Property_Status":"Active","Ownership_Status":"Owned","Occupancy_Status":"Brown Occupied","Official_Name":null,"Aliases":"ALTADDRS: 113 George St; DISPNAME: Olney House; LEGACY: Richard Olney 1856; OCCUPANT: Delta Tau; OCCUPANT: Greek; OCCUPANT: Sigma Chi","Long_Description":"As part of Wriston Quadrangle, built in 1950 and 1952, Olney was named in honor of Richard Olney, class of 1856, Attorney General to President Cleveland, and U.S. Secretary of State. Olney House is home to the Sigma Chi Fraternity, Cooking House, and Delta Tau Fraternity.  This facility received cosmetic upgrades in 2014.","Portfolio":"RESIDENCE HALL","National_Historic_District":"College Hill Historic District (National)","City_of_Providence_Historic_Dis":null,"Municipal_Zone":"One Family District - Within I-Zone","Grid_Coord":"FJ64","Gross_area__Property_":42441.21958621528,"Floors_Assignable_area":5448.536,"Net_area":36185.512116965278,"Accessibility_Code":"3","Building_Occupancy":116,"Building_Type":"BUILDING","Building_Usage":"RES HALL","Tax_Status":"Property Exempt from Tax","Legal_Use":"Dormitory","Current_Use":"Dormitory","Cost_Rec":"Y","Year_of_Construction":1951,"Date_of_last_major_construction":null,"Date_acquired":"02/06/1946","Date_relinquished":null,"Means_of_Acquisition":null,"GPS_Coordinates__Lat__Long_":"41.824575,-71.401957","Building_System":null,"CHP_Loop":null,"Electricity_Source":"Brown","Utility_Feeder_Number":"1151","Primary_Feeder":"7-1","Secondary_Feeder":"5K-12","LEED_Level":null,"LEED_Status":null,"LEED_Link":null,"ObjectID_1":27,"Shape__Area":9236.24713897705,"Shape__Length":608.6311378912485,"lat":41.824605754022144,"lon":-71.401954295269732,"NAV_Number":0.76,"NAV_Desc":"Repair and Maintain","Accessibility_Level":"A wheelchair or person with mobility challenges can enter the facility, access the primary function within that facility and access the restroom facility..","Maintained_By":"MAINTAINED BY BROWN"}},{"type":"Feature","id":115,"geometry":{"type":"Polygon","coordinates":[[[-71.4024996409289,41.8242501809468],[-71.4024991218356,41.8243511455125],[-71.4021515708617,41.8243553660994],[-71.4021502980198,41.8243248867123],[-71.4020937765402,41.8243254885982],[-71.4020931602522,41.8242859802619],[-71.4021486186909,41.8242846842091],[-71.4021488924415,41.8242543051764],[-71.4024996409289,41.8242501809468]]]},"properties":{"OBJECTID":115,"Building":100230,"Property_Type":"Building","Property_Code":"100230","Chart_String":";,LOC100230,,,","Property_Name":"Annmary Brown Memorial Library","Property_Abbr":"ANNMARY","Address_Line_1":"21 Brown St","Address_Line_2":null,"City_and_State":"Providence, RI","External_Floorplan_Link":"https://drive.google.com/drive/folders/1s87Cos2WFy_lkNM9JEWf6oCnEHw83IIe","ZIP_code":"02912","Property_Status":"Active","Ownership_Status":"Owned","Occupancy_Status":"Brown Occupied","Official_Name":null,"Aliases":"DISPNAME: Annmary Brown Library; LEGACY: Annmary Brown Hawkins","Long_Description":"The Annmary Brown Memorial Library in 1907 was built by General Hawkins as a memorial to his wife Annmary Brown.  The building was also built as a mausoleum for General Hawkins and Annmary Brown.  The library has two art rooms, a personal treasure room, a rare book room, and an open display space for General Hawkins' collection.  As of 1990, most of the original collections were moved to the John Hay Library.","Portfolio":"ACADEMIC","National_Historic_District":"College Hill Historic District (National)","City_of_Providence_Historic_Dis":null,"Municipal_Zone":"One Family District - Within I-Zone","Grid_Coord":"FM66","Gross_area__Property_":10743.333333333334,"Floors_Assignable_area":0,"Net_area":9148.9537487430553,"Accessibility_Code":"0","Building_Occupancy":1,"Building_Type":"BUILDING","Building_Usage":"LIBRARY","Tax_Status":"Property Exempt from Tax","Legal_Use":"Library","Current_Use":"Library","Cost_Rec":"Y","Year_of_Construction":1905,"Date_of_last_major_construction":null,"Date_acquired":"01/01/1948","Date_relinquished":null,"Means_of_Acquisition":null,"GPS_Coordinates__Lat__Long_":"41.824265,-71.402322","Building_System":null,"CHP_Loop":null,"Electricity_Source":"Brown","Utility_Feeder_Number":"1151","Primary_Feeder":"7-1","Secondary_Feeder":"5K-12","LEED_Level":null,"LEED_Status":null,"LEED_Link":null,"ObjectID_1":213,"Shape__Area":3730.5671615600586,"Shape__Length":294.25857997935873,"lat":41.824302823598686,"lon":-71.402312433471025,"NAV_Number":0.86,"NAV_Desc":"Capital Upkeep","Accessibility_Level":"A physical barrier exists that would prevent a wheelchair user from entering the facility.","Maintained_By":"MAINTAINED BY BROWN"}},{"type":"Feature","id":116,"geometry":{"type":"Polygon","coordinates":[[[-71.4025005476824,41.8239746102009],[-71.4025223962408,41.8239743046206],[-71.4025233146788,41.8240107943736],[-71.4025014600896,41.8240110999489],[-71.4025023974176,41.8240486188064],[-71.4025001958281,41.82404864935],[-71.4025002867041,41.8240839589551],[-71.4024137472418,41.8240849811847],[-71.4024133199977,41.8240571927329],[-71.4022699795075,41.824059187572],[-71.4022712361867,41.824086873191],[-71.4021842498633,41.8240880830385],[-71.4021840181078,41.8240853449077],[-71.4021020526884,41.8240863428868],[-71.4021011827847,41.8240537066268],[-71.4021834791828,41.8240527044285],[-71.4021802931905,41.823906288448],[-71.4022784302137,41.8239050682823],[-71.4023032855581,41.8239047589991],[-71.4023032050818,41.8239038549894],[-71.402303165532,41.8239029501142],[-71.4023031693162,41.8239020443755],[-71.4023032152293,41.8239011386727],[-71.4023033020635,41.8239002357056],[-71.4023034322275,41.8238993345761],[-71.4023036045135,41.8238984379841],[-71.4023038177165,41.823897546829],[-71.4023040718366,41.8238966611107],[-71.4023043680745,41.8238957826309],[-71.4023047052254,41.823894912289],[-71.4023050820826,41.8238940518846],[-71.4023054986464,41.8238932014177],[-71.4023059549138,41.8238923626889],[-71.4023064496813,41.8238915356974],[-71.4023069829461,41.8238907222436],[-71.4023075547068,41.8238899232281],[-71.4023081625533,41.8238891404493],[-71.402308806487,41.8238883730071],[-71.4023094853015,41.8238876227009],[-71.402310198994,41.8238868913315],[-71.4023109463609,41.8238861788979],[-71.402311726197,41.8238854862994],[-71.4023125385025,41.8238848135359],[-71.4023133808658,41.8238841633065],[-71.4023142544905,41.8238835356122],[-71.4023151557658,41.8238829304499],[-71.4023160846888,41.8238823496203],[-71.4023170400558,41.8238817931223],[-71.4023180206618,41.8238812618553],[-71.4023190253018,41.8238807567186],[-71.4023200539757,41.8238802777121],[-71.4023211030711,41.8238798257333],[-71.4023221737904,41.8238794016833],[-71.4023232625225,41.8238790055592],[-71.402324369266,41.8238786382612],[-71.4023254928159,41.8238783006888],[-71.4023266319698,41.8238779919404],[-71.4023277831155,41.8238777129135],[-71.4023289486587,41.8238774645104],[-71.4023301237863,41.8238772458266],[-71.4023313084954,41.8238770586629],[-71.4023325015838,41.8238769021178],[-71.4023337006427,41.8238767770897],[-71.4023349044684,41.8238766835775],[-71.4023361130624,41.8238766206809],[-71.4023373228107,41.8238765901975],[-71.4023385337163,41.8238765903266],[-71.4023397445726,41.823876622868],[-71.4023409529736,41.8238766869191],[-71.402342156512,41.8238767824779],[-71.4023433551892,41.8238769086442],[-71.4023445478001,41.8238770663172],[-71.4023457331411,41.8238772554959],[-71.4023469076024,41.8238774752769],[-71.4023480711854,41.8238777247599],[-71.4023492226837,41.8238780057445],[-71.4023503608978,41.8238783155286],[-71.4023514834188,41.8238786550106],[-71.4023525890446,41.8238790232891],[-71.4023536777736,41.8238794212645],[-71.4023547472028,41.8238798462336],[-71.402355796127,41.8238802990958],[-71.4023568221401,41.8238807789488],[-71.402357826446,41.8238812857934],[-71.4023588066385,41.8238818187275],[-71.4023597603132,41.8238823759481],[-71.4023606886722,41.8238829583567],[-71.4023615881074,41.8238835641496],[-71.4023624598223,41.8238841933278],[-71.4023633014109,41.8238848449888],[-71.4023641116724,41.823885517331],[-71.4023648906053,41.8238862112548],[-71.4023656358051,41.8238869249574],[-71.4023663484767,41.8238876575394],[-71.4023670262142,41.8238884080985],[-71.4023676678139,41.8238891766338],[-71.4023682744836,41.823889960445],[-71.4023688438145,41.8238907604307],[-71.402369374607,41.8238915738888],[-71.402369868065,41.8238924008201],[-71.4023703229859,41.8238932403235],[-71.4023707381676,41.8238940914976],[-71.402371112409,41.8238949525406],[-71.4023714481175,41.8238958234545],[-71.4023717416849,41.8238967024357],[-71.4023719943175,41.8238975876846],[-71.402372206014,41.8238984801013],[-71.4023723755747,41.8238993769839],[-71.4023725042048,41.8239002774331],[-71.4023725894982,41.8239011805465],[-71.4023726326586,41.823902086325],[-71.4023726348938,41.8239029920689],[-71.4023725937978,41.8239038968755],[-71.4024322832128,41.8239031552893],[-71.4024322972611,41.8239026232004],[-71.4024323353817,41.8239020920322],[-71.4024323987782,41.8239015617859],[-71.402432487448,41.8239010342621],[-71.402432598985,41.8239005085583],[-71.4024327357938,41.8238999864774],[-71.4024328978732,41.8238994689196],[-71.4024330828171,41.8238989549826],[-71.4024332918264,41.8238984464681],[-71.4024335236961,41.8238979442754],[-71.4024337796312,41.8238974475052],[-71.4024340584254,41.8238969579571],[-71.4024343600772,41.8238964765314],[-71.4024346845867,41.8238960032283],[-71.4024350295466,41.8238955380456],[-71.4024353973626,41.8238950818857],[-71.4024357856249,41.8238946365472],[-71.4024361943348,41.8238942011298],[-71.4024366234908,41.8238937765339],[-71.402437071888,41.8238933636587],[-71.4024375383226,41.8238929625033],[-71.4024380239971,41.8238925739689],[-71.4024385277062,41.823892198955],[-71.4024390482478,41.8238918365601],[-71.4024395856204,41.8238914876846],[-71.4024401398227,41.8238911532289],[-71.4024407084459,41.8238908340911],[-71.4024412914915,41.8238905293711],[-71.4024418877543,41.8238902399681],[-71.4024424984367,41.8238899667833],[-71.402443119929,41.8238897089136],[-71.4024437546359,41.8238894681616],[-71.4024443989476,41.8238892436238],[-71.4024450540664,41.8238890362016],[-71.4024457187874,41.8238888467944],[-71.4024463919096,41.8238886736005],[-71.4024470722266,41.8238885184194],[-71.4024477585345,41.8238883812503],[-71.4024484520373,41.823888262094],[-71.4024491503274,41.8238881609486],[-71.4024498522,41.8238880787133],[-71.4024505588598,41.823888014489],[-71.4024512678998,41.8238879682734],[-71.4024519781147,41.823887940966],[-71.4024526883009,41.8238879325656],[-71.4024533996635,41.8238879421731],[-71.402454109795,41.8238879697863],[-71.4024548186928,41.8238880172059],[-71.4024555239536,41.823888081729],[-71.402456226777,41.8238881660574],[-71.4024569247597,41.8238882674881],[-71.402457617899,41.8238883878219],[-71.4024583049939,41.823888525257],[-71.402458984838,41.8238886815931],[-71.4024596562303,41.8238888550284],[-71.4024603203747,41.8238890455641],[-71.4024609748622,41.8238892540983],[-71.4024616196957,41.8238894788305],[-71.4024622536701,41.8238897206598],[-71.4024628743794,41.8238899786841],[-71.402463484231,41.8238902529052],[-71.4024640808174,41.8238905433212],[-71.4024646629379,41.8238908481303],[-71.4024652305895,41.8238911691333],[-71.4024657837765,41.8238915036291],[-71.4024663200887,41.8238918534163],[-71.4024668395302,41.823892215794],[-71.402467343302,41.8238925925638],[-71.4024678277971,41.8238929810216],[-71.4024682942165,41.8238933829692],[-71.4024687413592,41.8238937966049],[-71.4024691692266,41.8238942210282],[-71.4024695766137,41.8238946571386],[-71.4024699647268,41.8238951031363],[-71.4024703311573,41.8238955599198],[-71.4024706747054,41.8238960247868],[-71.4024709977774,41.8238964986399],[-71.4024712991694,41.8238969814779],[-71.4024715764781,41.8238974705979],[-71.4024718309046,41.8238979678016],[-71.402472062453,41.8238984703878],[-71.4024722711218,41.823898979257],[-71.4024724545065,41.8238994926064],[-71.402472615013,41.8239000113384],[-71.4024727502367,41.8239005336503],[-71.4024728613827,41.8239010586428],[-71.4024729484495,41.8239015872163],[-71.4024730102377,41.8239021166686],[-71.4024730479494,41.8239026479011],[-71.4024961639352,41.8239023605083],[-71.4024974179043,41.8239374487177],[-71.4024996194901,41.8239374181741],[-71.4025005476824,41.8239746102009]]]},"properties":{"OBJECTID":116,"Building":100200,"Property_Type":"Building","Property_Code":"100200","Chart_String":";,LOC100200,,,","Property_Name":"Andrews House","Property_Abbr":"ANDREWSHSE","Address_Line_1":"13 Brown St","Address_Line_2":null,"City_and_State":"Providence, RI","External_Floorplan_Link":"https://drive.google.com/drive/folders/1PjHMzvH4-MtsJnYBFKq-H1MiGEGft3kk","ZIP_code":"02912","Property_Status":"Active","Ownership_Status":"Owned","Occupancy_Status":"Brown Occupied","Official_Name":null,"Aliases":"DISPNAME: Andrews House; LEGACY: President Elisha Benjamin Andrews","Long_Description":"Andrews House is a three story brick exterior building that was constructed in 1898.  \nA full renovation in 2024 focused on a design that would restore the building to its circa-1901 grandeur while also updating it with new features including sustainable heating, cooling and electrical systems. The restoration revived many of the building’s ornate features, including marble flooring, decorative molding and wood paneling, added waterproofing to the foundation, repaired the slate roof and repointed the brick exterior.","Portfolio":"ACADEMIC","National_Historic_District":"College Hill Historic District (National)","City_of_Providence_Historic_Dis":null,"Municipal_Zone":"One Family District - Within I-Zone","Grid_Coord":"FM68","Gross_area__Property_":23302.445672756945,"Floors_Assignable_area":0,"Net_area":17565.067918444445,"Accessibility_Code":"4","Building_Occupancy":41,"Building_Type":"HOUSE","Building_Usage":"ACAD","Tax_Status":"Property Exempt from Tax","Legal_Use":null,"Current_Use":null,"Cost_Rec":"Y","Year_of_Construction":1900,"Date_of_last_major_construction":"08/30/2024","Date_acquired":"10/13/1922","Date_relinquished":null,"Means_of_Acquisition":null,"GPS_Coordinates__Lat__Long_":"41.823933,-71.402316","Building_System":null,"CHP_Loop":null,"Electricity_Source":"Brown","Utility_Feeder_Number":"1151","Primary_Feeder":"7-1","Secondary_Feeder":"5K-12","LEED_Level":null,"LEED_Status":null,"LEED_Link":null,"ObjectID_1":183,"Shape__Area":5886.4766082763672,"Shape__Length":401.317157610747,"lat":41.8239898759592,"lon":-71.402335181682744,"NAV_Number":1,"NAV_Desc":"Capital Upkeep","Accessibility_Level":"The facility is mostly accessible to a wheelchair user or person with mobility challenges.","Maintained_By":"MAINTAINED BY BROWN"}},{"type":"Feature","id":117,"geometry":{"type":"Polygon","coordinates":[[[-71.4017012295153,41.8245176315999],[-71.4017272802553,41.8247031733975],[-71.401703734092,41.8247051430023],[-71.4017057603018,41.8247222061742],[-71.4016042576064,41.8247297640602],[-71.4016022314233,41.8247127008866],[-71.4015786864577,41.8247146695664],[-71.4015531626296,41.8245288193706],[-71.4015706193595,41.824527554947],[-71.4015616780054,41.8244688118195],[-71.4015442212927,41.8244700753414],[-71.4015423236244,41.8244571394336],[-71.401464028923,41.8244628911964],[-71.4014658707847,41.8244761016611],[-71.4012175186712,41.8244955319774],[-71.4012150410999,41.8244777589403],[-71.4011922355644,41.8244795409063],[-71.4011814314916,41.8244041974822],[-71.4012046029673,41.8244023870222],[-71.4012018137758,41.824384529985],[-71.4012810539761,41.8243783407479],[-71.4013112907604,41.8243759790276],[-71.4014504603568,41.8243651080579],[-71.40145230557,41.8243784841885],[-71.4015312510624,41.82437214597],[-71.4015294320203,41.8243589616355],[-71.4016775327371,41.8243474371967],[-71.4016928746065,41.8244586503941],[-71.4016753348346,41.8244599201673],[-71.4016836439815,41.8245189049364],[-71.4017012295153,41.8245176315999]]]},"properties":{"OBJECTID":117,"Building":100164,"Property_Type":"Building","Property_Code":"100164","Chart_String":";,LOC100164,,,","Property_Name":"Diman House: Wriston Quad","Property_Abbr":"DIMAN","Address_Line_1":"41 Charlesfield St","Address_Line_2":null,"City_and_State":"Providence, RI","External_Floorplan_Link":"https://drive.google.com/drive/folders/1llbB9Prf7eJ6BtRcjmAnUPhd2wtKkk3y","ZIP_code":"02912","Property_Status":"Active","Ownership_Status":"Owned","Occupancy_Status":"Brown Occupied","Official_Name":null,"Aliases":"ALTADDRS: 113 George St; DISPNAME: Diman House; LEGACY: Jeremiah Lewis Diman 1851; OCCUPANT: Greek; OCCUPANT: Kappa Alpha Theta; OCCUPANT: Social Action House","Long_Description":"Diman House is one of the nine residential buildings constructed between 1950 and 1952 as part of the Wriston Quadrangle. It is named for Jeremiah Lewis Diman, class of 1851, and professor of History at Brown for 17 years.  This facility received cosmetic upgrades in 2014.","Portfolio":"RESIDENCE HALL","National_Historic_District":"College Hill Historic District (National)","City_of_Providence_Historic_Dis":null,"Municipal_Zone":"One Family District - Within I-Zone","Grid_Coord":"FI66","Gross_area__Property_":42582.682038006948,"Floors_Assignable_area":5816.1949,"Net_area":35251.04115901389,"Accessibility_Code":"3","Building_Occupancy":117,"Building_Type":"BUILDING","Building_Usage":"RES HALL","Tax_Status":"Property Exempt from Tax","Legal_Use":"Dormitory","Current_Use":"Dormitory","Cost_Rec":"Y","Year_of_Construction":1951,"Date_of_last_major_construction":null,"Date_acquired":"06/10/1949","Date_relinquished":null,"Means_of_Acquisition":null,"GPS_Coordinates__Lat__Long_":"41.824391,-71.401557","Building_System":"SIEMENS","CHP_Loop":null,"Electricity_Source":"Brown","Utility_Feeder_Number":"1151","Primary_Feeder":"7-1","Secondary_Feeder":"5K-12","LEED_Level":null,"LEED_Status":null,"LEED_Link":null,"ObjectID_1":147,"Shape__Area":8874.78662109375,"Shape__Length":584.801940016202,"lat":41.824493848955207,"lon":-71.401518758081579,"NAV_Number":0.77,"NAV_Desc":"Repair and Maintain","Accessibility_Level":"A wheelchair or person with mobility challenges can enter the facility, access the primary function within that facility and access the restroom facility..","Maintained_By":"MAINTAINED BY BROWN"}},{"type":"Feature","id":118,"geometry":{"type":"Polygon","coordinates":[[[-71.401529980943,41.8248797969493],[-71.4015324476841,41.8248976347935],[-71.4012843298839,41.8249170672539],[-71.4012602247824,41.824746888632],[-71.4012428870631,41.8247482116327],[-71.401240610432,41.8247351781581],[-71.4010134607785,41.8247528165756],[-71.4009876810253,41.824566936324],[-71.4010115193899,41.8245651408833],[-71.4010091322901,41.8245480584806],[-71.4011101308974,41.824540190069],[-71.401111989793,41.824557147768],[-71.4011359999645,41.8245555568265],[-71.4011506166207,41.8246564002551],[-71.4012294354385,41.8246504897967],[-71.4012275142513,41.824637230642],[-71.4013762081162,41.8246255540448],[-71.4013914716124,41.8247365565302],[-71.4013738028788,41.8247378810672],[-71.4013821391019,41.8247971053689],[-71.4015171454199,41.8247866115888],[-71.4015196053318,41.8248041883292],[-71.4015424133672,41.8248024153039],[-71.4015526956321,41.8248776871149],[-71.401529980943,41.8248797969493]]]},"properties":{"OBJECTID":118,"Building":100193,"Property_Type":"Building","Property_Code":"100193","Chart_String":";,LOC100193,,,","Property_Name":"Marcy House: Wriston Quad","Property_Abbr":"MARCYHSE","Address_Line_1":"115 George St","Address_Line_2":null,"City_and_State":"Providence, RI","External_Floorplan_Link":"https://drive.google.com/drive/folders/19p0OF4LgHHfxC5DQC3-Tl2pOQRO9xa2z","ZIP_code":"02906","Property_Status":"Active","Ownership_Status":"Owned","Occupancy_Status":"Brown Occupied","Official_Name":null,"Aliases":"ALTADDRS: 113 George St; DISPNAME: Marcy House; LEGACY: William Learned Marcy 1808; OCCUPANT: Alpha Epsilon Pi; OCCUPANT: Greek; OCCUPANT: Zeta Delta Xi","Long_Description":"As part of the Wriston Quadrangle, built between 1950 and 1952, Marcy House is named after a member of the class of 1808, William L. Marcy, Comptroller of the State of New York, U.S. Senator, Governor of New York for three terms, Secretary of War, and U.S. Secretary of State. The highest peak in the Adirondacks, Mount Marcy, near Lake Placid, also bears his name.  This facility received cosmetic upgrades in 2014.","Portfolio":"RESIDENCE HALL","National_Historic_District":"College Hill Historic District (National)","City_of_Providence_Historic_Dis":null,"Municipal_Zone":"One Family District - Within I-Zone","Grid_Coord":"FG64","Gross_area__Property_":43454.256956541663,"Floors_Assignable_area":1770.8639,"Net_area":34290.18762609722,"Accessibility_Code":"3","Building_Occupancy":115,"Building_Type":"BUILDING","Building_Usage":"RES HALL","Tax_Status":"Property Exempt from Tax","Legal_Use":"Dormitory","Current_Use":"Dormitory","Cost_Rec":"Y","Year_of_Construction":1951,"Date_of_last_major_construction":null,"Date_acquired":null,"Date_relinquished":null,"Means_of_Acquisition":null,"GPS_Coordinates__Lat__Long_":"41.824667,-71.401265","Building_System":null,"CHP_Loop":null,"Electricity_Source":"Brown","Utility_Feeder_Number":"1151","Primary_Feeder":"7-1","Secondary_Feeder":"5K-12","LEED_Level":null,"LEED_Status":null,"LEED_Link":null,"ObjectID_1":176,"Shape__Area":8890.90461730957,"Shape__Length":584.87611859877609,"lat":41.82473556104835,"lon":-71.401256561444342,"NAV_Number":0.76,"NAV_Desc":"Repair and Maintain","Accessibility_Level":"A wheelchair or person with mobility challenges can enter the facility, access the primary function within that facility and access the restroom facility..","Maintained_By":"MAINTAINED BY BROWN"}},{"type":"Feature","id":119,"geometry":{"type":"Polygon","coordinates":[[[-71.4014079895402,41.8242260438427],[-71.4012595810218,41.8242374956424],[-71.4012577549015,41.8242242563764],[-71.4010919719577,41.8242374910022],[-71.401105827935,41.8243382077395],[-71.4010825567562,41.8243398992489],[-71.4010845556906,41.8243573639609],[-71.4009837763242,41.8243653072675],[-71.4009808257716,41.8243483153122],[-71.4009572987958,41.8243504009246],[-71.4009315668007,41.8241642010679],[-71.4012459159626,41.8241400743297],[-71.4012439435943,41.8241264468911],[-71.4012616808999,41.8241250396015],[-71.4012334960994,41.8239224605146],[-71.4014815439999,41.8239029443682],[-71.4014837725036,41.8239206892772],[-71.4015068136056,41.8239190046918],[-71.4015173543615,41.8239943550687],[-71.4014949759453,41.8239963778519],[-71.4014970884426,41.824014422474],[-71.4013622128047,41.8240247425788],[-71.4013750430051,41.824116446005],[-71.4013928147589,41.8241153340362],[-71.4014079895402,41.8242260438427]]]},"properties":{"OBJECTID":119,"Building":100157,"Property_Type":"Building","Property_Code":"100157","Chart_String":";,LOC100157,,,","Property_Name":"Goddard House: Wriston Quad","Property_Abbr":"GODDARD","Address_Line_1":"39 Charlesfield St","Address_Line_2":null,"City_and_State":"Providence, RI","External_Floorplan_Link":"https://drive.google.com/drive/folders/1Q05wgWO1oM3UTsQXOPcKvBus8qiPFtNs","ZIP_code":"02912","Property_Status":"Active","Ownership_Status":"Owned","Occupancy_Status":"Brown Occupied","Official_Name":null,"Aliases":"ALTADDRS: 113 George St; DISPNAME: Goddard House; LEGACY: William Giles Goddard 1812; OCCUPANT: Alpha Delta Phi; OCCUPANT: Delta Phi; OCCUPANT: Greek","Long_Description":"As part of Wriston Quadrangle, built between 1950 and 1952, Goddard House is named for William Giles Goddard, a member of the class of 1812, professor of Moral Philosophy and Metaphysics and of \"Belles-Lettres\" for 17 years, and Trustee and Fellow of the University.  This facility received cosmetic upgrades in 2014.","Portfolio":"RESIDENCE HALL","National_Historic_District":"College Hill Historic District (National)","City_of_Providence_Historic_Dis":null,"Municipal_Zone":"One Family District - Within I-Zone","Grid_Coord":"FG67","Gross_area__Property_":46715.383912590281,"Floors_Assignable_area":0,"Net_area":39625.874618361115,"Accessibility_Code":"3","Building_Occupancy":118,"Building_Type":"BUILDING","Building_Usage":"RES HALL","Tax_Status":"Property Exempt from Tax","Legal_Use":"Dormitory","Current_Use":"Dormitory","Cost_Rec":"Y","Year_of_Construction":1951,"Date_of_last_major_construction":null,"Date_acquired":"04/29/1946","Date_relinquished":null,"Means_of_Acquisition":null,"GPS_Coordinates__Lat__Long_":"41.824127,-71.401294","Building_System":"SIEMENS","CHP_Loop":null,"Electricity_Source":"Brown","Utility_Feeder_Number":"1151","Primary_Feeder":"7-1","Secondary_Feeder":"5K-12","LEED_Level":null,"LEED_Status":null,"LEED_Link":null,"ObjectID_1":140,"Shape__Area":9992.6770553588867,"Shape__Length":656.4623300570255,"lat":41.82412989858971,"lon":-71.4012260460708,"NAV_Number":0.76,"NAV_Desc":"Repair and Maintain","Accessibility_Level":"A wheelchair or person with mobility challenges can enter the facility, access the primary function within that facility and access the restroom facility..","Maintained_By":"MAINTAINED BY BROWN"}},{"type":"Feature","id":120,"geometry":{"type":"Polygon","coordinates":[[[-71.4011050798005,41.8239568897699],[-71.4011153109342,41.82403211657],[-71.4010926269115,41.8240340381737],[-71.4010948506277,41.8240516984536],[-71.4008468864812,41.8240710931911],[-71.4008445233735,41.8240580047118],[-71.4007663429076,41.8240641054299],[-71.4007681893862,41.8240773438213],[-71.4006195846405,41.8240889611879],[-71.4006177345797,41.8240757236914],[-71.4005392456891,41.8240819779462],[-71.4005410177981,41.8240950191024],[-71.4002922961691,41.8241136566014],[-71.4002893844171,41.8240958318471],[-71.4002672136781,41.824097392697],[-71.4002571033562,41.8240225134585],[-71.4002792740695,41.8240209526105],[-71.4002763146362,41.8240028325027],[-71.400525570865,41.8239830376636],[-71.4005273959375,41.8239960743644],[-71.4006059382885,41.8239902091106],[-71.4006041363863,41.823976968054],[-71.4007527813478,41.8239656442527],[-71.4007545868914,41.8239788853101],[-71.4008327863081,41.8239729178665],[-71.4008315259143,41.823959743906],[-71.401079970376,41.8239408258947],[-71.401082031821,41.8239583347784],[-71.4011050798005,41.8239568897699]]]},"properties":{"OBJECTID":120,"Building":100219,"Property_Type":"Building","Property_Code":"100219","Chart_String":";,LOC100219,,,","Property_Name":"Harkness House: Wriston Quad","Property_Abbr":"HARKNESS","Address_Line_1":"47 Charlesfield St","Address_Line_2":null,"City_and_State":"Providence, RI","External_Floorplan_Link":"https://drive.google.com/drive/folders/1x2hFI69GRVxk_JvH4Nb1PPTXwGxvKDO9","ZIP_code":"02912","Property_Status":"Active","Ownership_Status":"Owned","Occupancy_Status":"Brown Occupied","Official_Name":null,"Aliases":"ALTADDRS: 113 George St; DISPNAME: Harkness House; LEGACY: Albert Harkness 1842; OCCUPANT: Art House; OCCUPANT: Kappa Delta; OCCUPANT: Technology House","Long_Description":"Harkness House is part of the Wriston Quadrangle and is named for Professor Albert Harkness, a member of the class of 1842 and professor of Classics at Brown from 1855 to 1892. Harkness House serves as a residence hall.","Portfolio":"RESIDENCE HALL","National_Historic_District":"College Hill Historic District (National)","City_of_Providence_Historic_Dis":null,"Municipal_Zone":"One Family District - Within I-Zone","Grid_Coord":"FC69","Gross_area__Property_":42564.024216736114,"Floors_Assignable_area":0,"Net_area":35039.292284152776,"Accessibility_Code":"3","Building_Occupancy":116,"Building_Type":"BUILDING","Building_Usage":"RES HALL","Tax_Status":"Property Exempt from Tax","Legal_Use":"Dormitory","Current_Use":"Dormitory","Cost_Rec":"Y","Year_of_Construction":1951,"Date_of_last_major_construction":null,"Date_acquired":"09/26/1945","Date_relinquished":null,"Means_of_Acquisition":null,"GPS_Coordinates__Lat__Long_":"41.823989,-71.400656","Building_System":"SIEMENS","CHP_Loop":null,"Electricity_Source":"Brown","Utility_Feeder_Number":"1151","Primary_Feeder":"7-1","Secondary_Feeder":"5K-12","LEED_Level":null,"LEED_Status":null,"LEED_Link":null,"ObjectID_1":202,"Shape__Area":8910.0577163696289,"Shape__Length":584.09279187943537,"lat":41.824027251539157,"lon":-71.400685844444425,"NAV_Number":0.74,"NAV_Desc":"Repair and Maintain","Accessibility_Level":"A wheelchair or person with mobility challenges can enter the facility, access the primary function within that facility and access the restroom facility..","Maintained_By":"MAINTAINED BY BROWN"}},{"type":"Feature","id":121,"geometry":{"type":"Polygon","coordinates":[[[-71.4009162428784,41.8248503205837],[-71.4010150352431,41.8248426754382],[-71.4010158421566,41.8248478647913],[-71.4011457034045,41.8248377712669],[-71.4011592872742,41.8249355409413],[-71.4011668799398,41.8249349505489],[-71.4011774448278,41.8250085453019],[-71.4011695150765,41.8250091615149],[-71.4011952388794,41.8251943087869],[-71.4012035647199,41.8251936623013],[-71.4012137968498,41.8252676592133],[-71.4011810255488,41.8252702059979],[-71.4011918195727,41.8253482639261],[-71.4010288537731,41.8253608715432],[-71.401031385939,41.8253799186092],[-71.4007017156779,41.8254056827337],[-71.4006990467739,41.8253863843477],[-71.4005379079451,41.825399815758],[-71.4005205082742,41.8252785132375],[-71.4004949804342,41.8252805619087],[-71.4004593980986,41.8250330826275],[-71.4004850077045,41.8250310268322],[-71.4004679642846,41.8249122131435],[-71.400574258023,41.8249023960545],[-71.4005701891234,41.8248777475338],[-71.4006688867651,41.8248699171341],[-71.4006697477757,41.8248751335466],[-71.4009171039075,41.8248555378947],[-71.4009162428784,41.8248503205837]]]},"properties":{"OBJECTID":121,"Building":100276,"Property_Type":"Building","Property_Code":"100276","Chart_String":";,LOC100276,,,","Property_Name":"Sharpe Refectory","Property_Abbr":"SHARPEREF","Address_Line_1":"144 Thayer St","Address_Line_2":null,"City_and_State":"Providence, RI","External_Floorplan_Link":"https://drive.google.com/drive/folders/1qh8SP-uAcJnLeN7TlujQwJKct8_D4mfP","ZIP_code":"02912","Property_Status":"Active","Ownership_Status":"Owned","Occupancy_Status":"Brown Occupied","Official_Name":null,"Aliases":"DISPNAME: Sharpe Refectory; LEGACY: Chancellor Henry D. Sharpe 1894; NICKNAME: Ratty","Long_Description":"Constructed in 1951, the Sharpe Refectory, also known as \"the Ratty\" is located on Wriston Quad.  The Sharpe Refectory offers a variety of dining options and serves over 1,500 students per meal.","Portfolio":"STUDENT LIFE","National_Historic_District":"College Hill Historic District (National)","City_of_Providence_Historic_Dis":null,"Municipal_Zone":"One Family District - Within I-Zone","Grid_Coord":"FE60","Gross_area__Property_":100096.81936551389,"Floors_Assignable_area":0,"Net_area":90098.618847729173,"Accessibility_Code":"4","Building_Occupancy":105,"Building_Type":"BUILDING","Building_Usage":"DINING","Tax_Status":"Property Exempt from Tax","Legal_Use":"Dining Hall","Current_Use":"Dining Hall","Cost_Rec":"Y","Year_of_Construction":1951,"Date_of_last_major_construction":null,"Date_acquired":"01/01/1951","Date_relinquished":null,"Means_of_Acquisition":null,"GPS_Coordinates__Lat__Long_":"41.825088,-71.400812","Building_System":null,"CHP_Loop":null,"Electricity_Source":"Brown","Utility_Feeder_Number":"1151","Primary_Feeder":"7-1","Secondary_Feeder":"S-3","LEED_Level":null,"LEED_Status":null,"LEED_Link":null,"ObjectID_1":256,"Shape__Area":35774.350791931152,"Shape__Length":789.27952051271222,"lat":41.825123335139594,"lon":-71.4008364374744,"NAV_Number":0.75,"NAV_Desc":"Repair and Maintain","Accessibility_Level":"The facility is mostly accessible to a wheelchair user or person with mobility challenges.","Maintained_By":"MAINTAINED BY BROWN"}},{"type":"Feature","id":122,"geometry":{"type":"Polygon","coordinates":[[[-71.4021282872092,41.825199147361],[-71.402130609674,41.8252169913709],[-71.4021536716789,41.825215312076],[-71.4021641329918,41.8252905065504],[-71.4021404052338,41.8252922347988],[-71.4021427645802,41.8253103678485],[-71.4018951553851,41.8253300352479],[-71.4018933769478,41.8253169950103],[-71.4018151276076,41.8253231179899],[-71.4018169060278,41.825336159129],[-71.4016682416266,41.825348010986],[-71.4016664632349,41.825334970745],[-71.4015875130691,41.8253412388247],[-71.401589291445,41.8253542790669],[-71.401339428549,41.825373955942],[-71.40133713655,41.8253560084039],[-71.4013156660018,41.8253575430469],[-71.4013050201742,41.8252824302687],[-71.4013275344275,41.825280821796],[-71.401325200814,41.8252625428966],[-71.4015735454457,41.8252428386411],[-71.4015754514229,41.8252558699897],[-71.4016544086259,41.8252496550443],[-71.4016525026315,41.8252366245974],[-71.4018011953628,41.8252249717597],[-71.401803101387,41.8252380022042],[-71.4018813339611,41.8252317558718],[-71.4018794279212,41.8252187254285],[-71.4021282872092,41.825199147361]]]},"properties":{"OBJECTID":122,"Building":100181,"Property_Type":"Building","Property_Code":"100181","Chart_String":";,LOC100181,,,","Property_Name":"Sears House: Wriston Quad","Property_Abbr":"SEARS","Address_Line_1":"113 George St","Address_Line_2":null,"City_and_State":"Providence, RI","External_Floorplan_Link":"https://drive.google.com/drive/folders/1PofTWou5QYyoBWbuUNq0FvTssbMLU5Zc","ZIP_code":"02912","Property_Status":"Active","Ownership_Status":"Owned","Occupancy_Status":"Brown Occupied","Official_Name":null,"Aliases":"ALTADDRS: 27 Brown St; DISPNAME: Sears House; LEGACY: President Barnas Sears 1826; OCCUPANT: Alpha Chi Omega; OCCUPANT: Greek","Long_Description":"As part of Wriston Quadrangle, built between 1950 and 1952, Sears House is named for Barnas Sears, a member of the class of 1825, and President of the University following President Francis Wayland during the years 1855 to 1867.","Portfolio":"RESIDENCE HALL","National_Historic_District":"College Hill Historic District (National)","City_of_Providence_Historic_Dis":null,"Municipal_Zone":"One Family District - Within I-Zone","Grid_Coord":"FH60","Gross_area__Property_":41253.552626208337,"Floors_Assignable_area":0,"Net_area":35148.537745631947,"Accessibility_Code":"3","Building_Occupancy":115,"Building_Type":"BUILDING","Building_Usage":"RES HALL","Tax_Status":"Property Exempt from Tax","Legal_Use":"Dormitory","Current_Use":"Dormitory","Cost_Rec":"Y","Year_of_Construction":1951,"Date_of_last_major_construction":null,"Date_acquired":null,"Date_relinquished":null,"Means_of_Acquisition":null,"GPS_Coordinates__Lat__Long_":"41.825252,-71.40171","Building_System":null,"CHP_Loop":null,"Electricity_Source":"Brown","Utility_Feeder_Number":"1151","Primary_Feeder":"7-1","Secondary_Feeder":"S-3","LEED_Level":null,"LEED_Status":null,"LEED_Link":null,"ObjectID_1":164,"Shape__Area":8908.7572021484375,"Shape__Length":584.861248407436,"lat":41.825286476248536,"lon":-71.401734287084153,"NAV_Number":0.72,"NAV_Desc":"Repair and Maintain","Accessibility_Level":"A wheelchair or person with mobility challenges can enter the facility, access the primary function within that facility and access the restroom facility..","Maintained_By":"MAINTAINED BY BROWN"}},{"type":"Feature","id":123,"geometry":{"type":"Polygon","coordinates":[[[-71.402532481829,41.824810127419],[-71.4025859536503,41.8251771395332],[-71.4024401648276,41.8251885869744],[-71.4024385209087,41.8251756720063],[-71.402402921935,41.8251783887028],[-71.4024170701296,41.8252791919468],[-71.4023919816642,41.8252812666224],[-71.4023942939512,41.8252979365751],[-71.4022936313997,41.8253057712871],[-71.4022910804931,41.825288514108],[-71.4022683756656,41.825290391809],[-71.4022422405,41.8251045691749],[-71.4024273753987,41.8250910882321],[-71.4024030301746,41.8249184670289],[-71.4022183178092,41.8249338318033],[-71.4021920565718,41.8247479901318],[-71.4022155048488,41.8247462751397],[-71.4022134387452,41.8247292353518],[-71.4023141763633,41.8247213170413],[-71.4023168251545,41.8247383105053],[-71.4023405085248,41.8247363462935],[-71.4023548211451,41.824837338764],[-71.4023903937282,41.8248344392908],[-71.4023883983055,41.8248215519331],[-71.402532481829,41.824810127419]]]},"properties":{"OBJECTID":123,"Building":100088,"Property_Type":"Building","Property_Code":"100088","Chart_String":";,LOC100088,,,","Property_Name":"Wayland House: Wriston Quad","Property_Abbr":"WAYLAND","Address_Line_1":"31 Brown St","Address_Line_2":null,"City_and_State":"Providence, RI","External_Floorplan_Link":"https://drive.google.com/drive/folders/1WTgVOYfGnxjPn3Kdafz6UZI8lL3iQljU","ZIP_code":"02912","Property_Status":"Active","Ownership_Status":"Owned","Occupancy_Status":"Brown Occupied","Official_Name":null,"Aliases":"ALTADDRS: 27 Brown St; ALTADDRS: Prv Shown As 107-135 George St; DISPNAME: Wayland House; LEGACY: Francis Wayland","Long_Description":"Wayland House is part of the Wriston Quadrangle and is named for Francis Wayland, who served as president from 1827 to 1855.  The Residence Hall also has administrative space for the Offices of Residential Life and Auxiliary Housing.","Portfolio":"RESIDENCE HALL","National_Historic_District":"College Hill Historic District (National)","City_of_Providence_Historic_Dis":null,"Municipal_Zone":"One Family District - Within I-Zone","Grid_Coord":"FM61","Gross_area__Property_":54586.964421819444,"Floors_Assignable_area":7085.0817,"Net_area":44914.485053930555,"Accessibility_Code":"2","Building_Occupancy":113,"Building_Type":"BUILDING","Building_Usage":"RES HALL","Tax_Status":"Property Exempt from Tax","Legal_Use":"Dormitory","Current_Use":"Dormitory","Cost_Rec":"Y","Year_of_Construction":1951,"Date_of_last_major_construction":null,"Date_acquired":null,"Date_relinquished":null,"Means_of_Acquisition":null,"GPS_Coordinates__Lat__Long_":"41.824972,-71.402467","Building_System":null,"CHP_Loop":null,"Electricity_Source":"Brown","Utility_Feeder_Number":"1151","Primary_Feeder":"7-1","Secondary_Feeder":"5K-12","LEED_Level":null,"LEED_Status":null,"LEED_Link":null,"ObjectID_1":76,"Shape__Area":11805.993934631348,"Shape__Length":723.79219552531811,"lat":41.825006992568333,"lon":-71.402391527969911,"NAV_Number":0.82,"NAV_Desc":"Repair and Maintain","Accessibility_Level":"A wheelchair user or person with mobility challenges can enter the facility and access the primary function within that facility.","Maintained_By":"MAINTAINED BY BROWN"}},{"type":"Feature","id":124,"geometry":{"type":"Polygon","coordinates":[[[-71.4001683575441,41.8251099675652],[-71.4001803804699,41.8252112950364],[-71.4001207918654,41.825215304673],[-71.4001286138604,41.825280953437],[-71.400144306523,41.8252879924296],[-71.4001460452052,41.8253023741658],[-71.4002022583488,41.8252985812667],[-71.4002196426291,41.8254449186649],[-71.400080356139,41.8254542376543],[-71.4000800663586,41.8254517128499],[-71.4000565817938,41.825453339141],[-71.4000552466794,41.8254526915355],[-71.4000539429132,41.8254520106448],[-71.400052671702,41.8254512946691],[-71.4000514342437,41.8254505472108],[-71.4000502317434,41.8254497673708],[-71.4000490666058,41.8254489569517],[-71.4000479412384,41.8254481159556],[-71.4000468544331,41.8254472470826],[-71.4000458085989,41.8254463494343],[-71.400044806139,41.8254454257139],[-71.4000438458481,41.8254444768207],[-71.4000429313376,41.8254435027578],[-71.4000420626045,41.8254425053259],[-71.4000412420534,41.8254414863278],[-71.4000404672757,41.8254404466617],[-71.4000397430847,41.8254393872321],[-71.4000390682752,41.8254383089384],[-71.4000384440469,41.8254372144825],[-71.4000378703983,41.8254361047649],[-71.4000373497367,41.8254349797876],[-71.4000368820581,41.8254338422517],[-71.4000364661559,41.8254326939568],[-71.4000361056412,41.825431534906],[-71.4000357981039,41.8254303668978],[-71.4000355459484,41.8254291917352],[-71.4000353491721,41.8254280112187],[-71.4000352065698,41.8254268262477],[-71.4000351193438,41.8254256377235],[-71.4000350874913,41.8254244474468],[-71.4000351110081,41.8254232581186],[-71.4000351910993,41.8254220688397],[-71.4000353253519,41.8254208832092],[-71.4000355149682,41.8254197021286],[-71.4000357599482,41.8254185255979],[-71.4000360590826,41.8254173572174],[-71.4000364123713,41.8254161969871],[-71.4000368198116,41.8254150467076],[-71.4000372801984,41.8254139072782],[-71.4000377935288,41.8254127804998],[-71.4000383598,41.8254116681728],[-71.4000389766019,41.8254105720958],[-71.4000396439359,41.8254094913686],[-71.4000403617962,41.8254084295925],[-71.3999075339527,41.8254173146267],[-71.3999084018973,41.8254249997816],[-71.3998706808838,41.8254274914603],[-71.3998672039777,41.8253985091981],[-71.3998771849681,41.8253978588494],[-71.3998709558352,41.8253452735855],[-71.3999267295073,41.8253415902796],[-71.3999242661821,41.8253210612902],[-71.399903572201,41.8253224702982],[-71.399889376667,41.8252028090909],[-71.3999100706098,41.8252014000854],[-71.3999012333638,41.8251277373978],[-71.4001683575441,41.8251099675652]]]},"properties":{"OBJECTID":124,"Building":100192,"Property_Type":"Building","Property_Code":"100192","Chart_String":";,LOC100192,,,","Property_Name":"Kassar (Edward W.) House","Property_Abbr":"KASSAR","Address_Line_1":"151 Thayer St","Address_Line_2":null,"City_and_State":"Providence, RI","External_Floorplan_Link":"https://drive.google.com/drive/folders/1uGiutLGn1dk7qF83Xq4JfqDUvOQtGcx0","ZIP_code":"02912","Property_Status":"Active","Ownership_Status":"Owned","Occupancy_Status":"Brown Occupied","Official_Name":"Edward W. Kassar House","Aliases":"ALTADDRS: 141-151 Thayer St; DISPNAME: Kassar House","Long_Description":"151 Thayer Street is a three story building that was constructed in 1894 with additions added in 1988.  The building is used as a classroom facility.","Portfolio":"ACADEMIC","National_Historic_District":"College Hill Historic District (National)","City_of_Providence_Historic_Dis":null,"Municipal_Zone":"One Family District - Within I-Zone","Grid_Coord":"CZ59","Gross_area__Property_":23244.537840770834,"Floors_Assignable_area":0,"Net_area":19304.704516229165,"Accessibility_Code":"4","Building_Occupancy":73,"Building_Type":"BUILDING","Building_Usage":"ACAD","Tax_Status":"Property Exempt from Tax","Legal_Use":"Office/School","Current_Use":"Office/School","Cost_Rec":"Y","Year_of_Construction":1894,"Date_of_last_major_construction":null,"Date_acquired":"01/01/1977","Date_relinquished":null,"Means_of_Acquisition":null,"GPS_Coordinates__Lat__Long_":"41.825252,-71.40002","Building_System":null,"CHP_Loop":null,"Electricity_Source":"Brown","Utility_Feeder_Number":"1151","Primary_Feeder":"7-1","Secondary_Feeder":"5K-10","LEED_Level":null,"LEED_Status":null,"LEED_Link":null,"ObjectID_1":175,"Shape__Area":8856.2266235351563,"Shape__Length":480.64752371294946,"lat":41.825286049878436,"lon":-71.4000432966288,"NAV_Number":0.89,"NAV_Desc":"Capital Upkeep","Accessibility_Level":"The facility is mostly accessible to a wheelchair user or person with mobility challenges.","Maintained_By":"MAINTAINED BY BROWN"}},{"type":"Feature","id":125,"geometry":{"type":"Polygon","coordinates":[[[-71.4001925326226,41.8250759719388],[-71.399986691333,41.8250986129175],[-71.3999663544237,41.8249951722898],[-71.4000000723472,41.8249914643372],[-71.399988578871,41.8249330033778],[-71.3999994778633,41.8249318046104],[-71.3999919970765,41.8248937542437],[-71.3999888211653,41.8248941035115],[-71.3999881762723,41.8248908221122],[-71.4000527575386,41.8248837188193],[-71.4000510664661,41.8248751218047],[-71.400159810665,41.824863159921],[-71.4001925326226,41.8250759719388]]]},"properties":{"OBJECTID":125,"Building":100289,"Property_Type":"Building","Property_Code":"100289","Chart_String":";,LOC100289,,,","Property_Name":"Thayer St 135","Property_Abbr":"THAYER135","Address_Line_1":"135 Thayer St","Address_Line_2":null,"City_and_State":"Providence, RI","External_Floorplan_Link":"https://drive.google.com/drive/folders/1m5clmBxW3bpAP3Oqc7ZbD_vHPfKjVxPy","ZIP_code":"02912","Property_Status":"Active","Ownership_Status":"Owned","Occupancy_Status":"Brown Occupied","Official_Name":null,"Aliases":"DISPNAME: 135 Thayer; FORMER: Hill House","Long_Description":"Thayer Street 135 was built in 1928 and is now used as an academic facility.","Portfolio":"ACADEMIC","National_Historic_District":"College Hill Historic District (National)","City_of_Providence_Historic_Dis":null,"Municipal_Zone":"One Family District - Within I-Zone","Grid_Coord":"CZ63","Gross_area__Property_":10474.58836975,"Floors_Assignable_area":0,"Net_area":7271.6381630069445,"Accessibility_Code":"3","Building_Occupancy":3,"Building_Type":"BUILDING","Building_Usage":"ACAD","Tax_Status":"Property Exempt from Tax","Legal_Use":"Offices/Stores","Current_Use":"Vacant","Cost_Rec":"Y","Year_of_Construction":1928,"Date_of_last_major_construction":null,"Date_acquired":"01/01/1987","Date_relinquished":null,"Means_of_Acquisition":null,"GPS_Coordinates__Lat__Long_":"41.824942,-71.400037","Building_System":null,"CHP_Loop":null,"Electricity_Source":"Brown","Utility_Feeder_Number":"1151","Primary_Feeder":"7-1","Secondary_Feeder":"5K-10","LEED_Level":null,"LEED_Status":null,"LEED_Link":null,"ObjectID_1":267,"Shape__Area":4041.7474670410156,"Shape__Length":273.70523967409781,"lat":41.824986433464211,"lon":-71.400081664647871,"NAV_Number":0.91,"NAV_Desc":"Capital Upkeep","Accessibility_Level":"A wheelchair or person with mobility challenges can enter the facility, access the primary function within that facility and access the restroom facility..","Maintained_By":"MAINTAINED BY BROWN"}},{"type":"Feature","id":126,"geometry":{"type":"Polygon","coordinates":[[[-71.3996098443984,41.8253298695645],[-71.3996016275111,41.8252792443884],[-71.3996608126881,41.8252738697539],[-71.3996622493358,41.8252827231482],[-71.3996926015721,41.8252799676065],[-71.3997027714317,41.8253426248196],[-71.3997434421653,41.8253389311161],[-71.3997452472299,41.8253500554873],[-71.3997472203922,41.8253498762411],[-71.3997478459335,41.8253501252808],[-71.3997484594125,41.825350390516],[-71.3997490596268,41.8253506710455],[-71.399749646575,41.8253509677694],[-71.3997502190562,41.8253512788862],[-71.399750777069,41.8253516052961],[-71.3997513194112,41.8253519460978],[-71.399751844879,41.8253523012902],[-71.3997523546789,41.8253526690737],[-71.399752846402,41.8253530503465],[-71.3997533200499,41.8253534442082],[-71.3997537744188,41.8253538506579],[-71.3997542107151,41.8253542678959],[-71.3997546265302,41.8253546968204],[-71.3997550218653,41.8253551365312],[-71.399755396722,41.8253555861278],[-71.3997557498978,41.8253560447088],[-71.3997560813914,41.8253565131748],[-71.3997563912056,41.8253569897248],[-71.3997566793418,41.8253574734586],[-71.3997569433911,41.8253579652745],[-71.3997571845602,41.8253584633727],[-71.3997574028503,41.8253589668531],[-71.3997575970564,41.8253594766148],[-71.3997577683851,41.8253599908582],[-71.3997579144302,41.825360508681],[-71.399758036394,41.8253610309844],[-71.3997581342809,41.8253615550675],[-71.3997582068843,41.8253620827299],[-71.3997582554134,41.8253626103712],[-71.3997582798642,41.8253631406926],[-71.3997582778347,41.8253636700905],[-71.3997582529348,41.8253641994685],[-71.3997582015546,41.825364727923],[-71.3997581273068,41.8253652545569],[-71.3997580265801,41.825365779367],[-71.3997579029886,41.8253663005558],[-71.3997577541248,41.8253668181212],[-71.3997575823961,41.8253673320653],[-71.3997573853965,41.8253678414856],[-71.3997571655363,41.8253683445836],[-71.3997569216103,41.8253688422585],[-71.3997566560287,41.8253693327119],[-71.3997563663828,41.8253698168419],[-71.3997560538804,41.8253702919485],[-71.3997557209262,41.8253707598345],[-71.3997553651169,41.8253712177969],[-71.3997549888586,41.825371666738],[-71.3997545909504,41.8253721048562],[-71.3997541737982,41.8253725330538],[-71.3997537362012,41.8253729495292],[-71.3997532805669,41.8253733542844],[-71.3997528056914,41.8253737473184],[-71.3997523115762,41.8253741277308],[-71.3997518018339,41.8253744946246],[-71.3997512740555,41.8253748488978],[-71.3997493008939,41.8253750272437],[-71.3997580341592,41.825428831058],[-71.3997938484792,41.8254255787668],[-71.3998027665938,41.8254805180667],[-71.3997672544189,41.8254837427138],[-71.3997676228259,41.8254860127914],[-71.3996503151201,41.8254966649307],[-71.3996269901004,41.8253529620529],[-71.3995939074223,41.8253559654851],[-71.3995899647013,41.8253316744768],[-71.3996098443984,41.8253298695645]]]},"properties":{"OBJECTID":126,"Building":100146,"Property_Type":"Building","Property_Code":"100146","Chart_String":";,LOC100146,,,","Property_Name":"George St 155","Property_Abbr":"GEORGE155","Address_Line_1":"155 George St","Address_Line_2":null,"City_and_State":"Providence, RI","External_Floorplan_Link":"https://drive.google.com/drive/folders/1atKMiof0QOZ76r-ChAv4xOQL26zNlzmH","ZIP_code":"02912","Property_Status":"Active","Ownership_Status":"Owned","Occupancy_Status":"Brown Occupied","Official_Name":null,"Aliases":"DISPNAME: 155 George","Long_Description":"155 George St is a two story brick building that was built in 1930.  Renovated in 1984, the building now serves as an academic facility.","Portfolio":"ACADEMIC","National_Historic_District":"College Hill Historic District (National)","City_of_Providence_Historic_Dis":null,"Municipal_Zone":"One Family District - Within I-Zone","Grid_Coord":"CX59","Gross_area__Property_":9958.9527830069437,"Floors_Assignable_area":1114.1078,"Net_area":8290.4113316666662,"Accessibility_Code":"3","Building_Occupancy":17,"Building_Type":"HOUSE","Building_Usage":"ACAD","Tax_Status":"Property Exempt from Tax","Legal_Use":"Office","Current_Use":"Office","Cost_Rec":"Y","Year_of_Construction":1930,"Date_of_last_major_construction":null,"Date_acquired":"01/01/1994","Date_relinquished":null,"Means_of_Acquisition":null,"GPS_Coordinates__Lat__Long_":"41.825378,-71.399674","Building_System":null,"CHP_Loop":null,"Electricity_Source":null,"Utility_Feeder_Number":"77J4","Primary_Feeder":null,"Secondary_Feeder":null,"LEED_Level":null,"LEED_Status":null,"LEED_Link":null,"ObjectID_1":131,"Shape__Area":2625.2387237548828,"Shape__Length":265.31006640457946,"lat":41.825393830135923,"lon":-71.399690953836256,"NAV_Number":0.73,"NAV_Desc":"Repair and Maintain","Accessibility_Level":"A wheelchair or person with mobility challenges can enter the facility, access the primary function within that facility and access the restroom facility..","Maintained_By":"MAINTAINED BY BROWN"}},{"type":"Feature","id":127,"geometry":{"type":"Polygon","coordinates":[[[-71.3991418101197,41.8253982653377],[-71.3992147833711,41.8253925023872],[-71.3992238358287,41.8254566361183],[-71.3992958954079,41.8254509452423],[-71.3993061039337,41.8255232658675],[-71.399161070871,41.8255347188118],[-71.3991598018119,41.8255257323085],[-71.3991507259968,41.8255202403724],[-71.3991496033755,41.8255122866871],[-71.3991569458511,41.8255054982701],[-71.3991418101197,41.8253982653377]]]},"properties":{"OBJECTID":127,"Building":100218,"Property_Type":"Building","Property_Code":"100218","Chart_String":";,LOC100218,,,","Property_Name":"Hirschfeld House","Property_Abbr":"HIRSCHFELD","Address_Line_1":"163 George St","Address_Line_2":null,"City_and_State":"Providence, RI","External_Floorplan_Link":"https://drive.google.com/drive/folders/1_S81wJJueTgKDX6fKuDFqRdXEHRu7U0N","ZIP_code":"02912","Property_Status":"Active","Ownership_Status":"Owned","Occupancy_Status":"Brown Occupied","Official_Name":"Elie Hirschfeld '71 House","Aliases":"DISPNAME: Hirschfeld House; FORMER: George163","Long_Description":"Originally constructed in 1900, Hirschfeld House is at 163 George Street.  Named for Elie Hirschfeld '71, P'06, P'16, P'20 and his wife Sarah Hirschfeld, the 2018 renovations to the three story building were made possible by their generous gift.  The renovation includes improvement to accessibility, cosmetic updates, hvac upgrades and enhancements to the gardens and patio.","Portfolio":"ACADEMIC","National_Historic_District":"College Hill Historic District (National)","City_of_Providence_Historic_Dis":null,"Municipal_Zone":"One Family District - Within I-Zone","Grid_Coord":"CT59","Gross_area__Property_":5850.9637727013887,"Floors_Assignable_area":967.4706,"Net_area":4932.1550712569442,"Accessibility_Code":"3","Building_Occupancy":10,"Building_Type":"HOUSE","Building_Usage":"ACAD","Tax_Status":"Property Exempt from Tax","Legal_Use":"Office","Current_Use":"Office","Cost_Rec":"Y","Year_of_Construction":1900,"Date_of_last_major_construction":null,"Date_acquired":"01/01/1977","Date_relinquished":null,"Means_of_Acquisition":null,"GPS_Coordinates__Lat__Long_":"41.825454,-71.399184","Building_System":null,"CHP_Loop":null,"Electricity_Source":null,"Utility_Feeder_Number":"77J4","Primary_Feeder":null,"Secondary_Feeder":null,"LEED_Level":null,"LEED_Status":null,"LEED_Link":null,"ObjectID_1":201,"Shape__Area":1534.9961929321289,"Shape__Length":181.36380581759644,"lat":41.825472987380969,"lon":-71.399213945030937,"NAV_Number":0.92,"NAV_Desc":"Capital Upkeep","Accessibility_Level":"A wheelchair or person with mobility challenges can enter the facility, access the primary function within that facility and access the restroom facility..","Maintained_By":"MAINTAINED BY BROWN"}},{"type":"Feature","id":128,"geometry":{"type":"Polygon","coordinates":[[[-71.3993197642194,41.824953573522],[-71.3993283392254,41.8250074780721],[-71.3993180640717,41.8250084567394],[-71.3993289642969,41.825076414028],[-71.3992579247502,41.8250828278921],[-71.399258650751,41.8250873293268],[-71.3991968582184,41.8250928734312],[-71.3991964221391,41.8250900189717],[-71.399124207576,41.8250965415635],[-71.3991128720028,41.8250261691624],[-71.3990990744616,41.8250273643994],[-71.3990904994693,41.8249743385639],[-71.3991208817897,41.8249715111724],[-71.3991195728731,41.8249641551479],[-71.3991812198128,41.8249585011158],[-71.3991818005047,41.824962014751],[-71.3992317046328,41.8249575577405],[-71.3992311229068,41.8249539342633],[-71.3992905684268,41.8249481693002],[-71.3992917298241,41.8249567316486],[-71.3993197642194,41.824953573522]]]},"properties":{"OBJECTID":128,"Building":100214,"Property_Type":"Building","Property_Code":"100214","Chart_String":";,LOC100214,,,","Property_Name":"Benevolent St 074-080","Property_Abbr":"BENE074-80","Address_Line_1":"74-80 Benevolent St","Address_Line_2":null,"City_and_State":"Providence, RI","External_Floorplan_Link":"https://drive.google.com/drive/folders/1-Rhlqevx2KACkkEJ7AtPUD3iHDBdGKUF","ZIP_code":"02912","Property_Status":"Active","Ownership_Status":"Owned","Occupancy_Status":"Brown Occupied","Official_Name":null,"Aliases":"DISPNAME: 74-80 Benevolent","Long_Description":"74-80 Benevolent Street is a three story brick building that was constructed in 1882.  This building is used as rental property.","Portfolio":"AUXILIARY","National_Historic_District":"College Hill Historic District (National)","City_of_Providence_Historic_Dis":null,"Municipal_Zone":"One Family District - Within I-Zone","Grid_Coord":"CT63","Gross_area__Property_":8729.271033375,"Floors_Assignable_area":1627.8301,"Net_area":7604.6352881041666,"Accessibility_Code":"0","Building_Occupancy":11,"Building_Type":"HOUSE","Building_Usage":"AUXILIARY","Tax_Status":"Property Exempt from Tax","Legal_Use":"Apartments","Current_Use":"Apartments (04)","Cost_Rec":"Y","Year_of_Construction":1883,"Date_of_last_major_construction":null,"Date_acquired":"11/30/1982","Date_relinquished":null,"Means_of_Acquisition":null,"GPS_Coordinates__Lat__Long_":"41.825004,-71.399186","Building_System":null,"CHP_Loop":null,"Electricity_Source":null,"Utility_Feeder_Number":"77J4","Primary_Feeder":null,"Secondary_Feeder":null,"LEED_Level":null,"LEED_Status":null,"LEED_Link":null,"ObjectID_1":197,"Shape__Area":2799.6164169311523,"Shape__Length":227.11303908284964,"lat":41.825021546330554,"lon":-71.399215112760047,"NAV_Number":0.58,"NAV_Desc":"Systemic Renovation","Accessibility_Level":"A physical barrier exists that would prevent a wheelchair user from entering the facility.","Maintained_By":"MAINTAINED BY BROWN"}},{"type":"Feature","id":129,"geometry":{"type":"Polygon","coordinates":[[[-71.3986243640303,41.8249986262603],[-71.3987548494968,41.8249862275192],[-71.3987782598288,41.8251241189655],[-71.3987170542833,41.8251298821114],[-71.3987131287074,41.8251063878879],[-71.3986437030607,41.8251129135369],[-71.3986243640303,41.8249986262603]]]},"properties":{"OBJECTID":129,"Building":100245,"Property_Type":"Building","Property_Code":"100245","Chart_String":";,LOC100245,,,","Property_Name":"Benevolent St 084","Property_Abbr":"BENE084","Address_Line_1":"84 Benevolent St","Address_Line_2":null,"City_and_State":"Providence, RI","External_Floorplan_Link":"https://drive.google.com/drive/folders/1LY2YUdam1YXGjuOrMGqxViIM0hp9q_O8","ZIP_code":"02912","Property_Status":"Active","Ownership_Status":"Owned","Occupancy_Status":"Brown Occupied","Official_Name":null,"Aliases":"DISPNAME: 84 Benevolent","Long_Description":"84 Benevolent Street is a three story clapboard sided building that was constructed in 1865.  This building is used as a rental unit.","Portfolio":"AUXILIARY","National_Historic_District":"College Hill Historic District (National)","City_of_Providence_Historic_Dis":null,"Municipal_Zone":"One Family District - Within I-Zone","Grid_Coord":"CR63","Gross_area__Property_":4561.4018799930554,"Floors_Assignable_area":944.2595,"Net_area":3997.5104462291665,"Accessibility_Code":"0","Building_Occupancy":7,"Building_Type":"HOUSE","Building_Usage":"AUXILIARY","Tax_Status":"Property Exempt from Tax","Legal_Use":"Apartments (04)","Current_Use":"Apartments (04)","Cost_Rec":"Y","Year_of_Construction":1865,"Date_of_last_major_construction":null,"Date_acquired":"01/01/1971","Date_relinquished":null,"Means_of_Acquisition":null,"GPS_Coordinates__Lat__Long_":"41.825026,-71.398663","Building_System":null,"CHP_Loop":null,"Electricity_Source":null,"Utility_Feeder_Number":"77J4","Primary_Feeder":null,"Secondary_Feeder":null,"LEED_Level":null,"LEED_Status":null,"LEED_Link":null,"ObjectID_1":227,"Shape__Area":1651.1710815429688,"Shape__Length":172.99413759495488,"lat":41.825055369480843,"lon":-71.398703381640857,"NAV_Number":-0.19,"NAV_Desc":"Transitional/ Gut Renovation/ Replacement","Accessibility_Level":"A physical barrier exists that would prevent a wheelchair user from entering the facility.","Maintained_By":"MAINTAINED BY BROWN"}},{"type":"Feature","id":130,"geometry":{"type":"Polygon","coordinates":[[[-71.3985477447974,41.8250069011653],[-71.3985569057134,41.825060586607],[-71.3985646805849,41.8250627885008],[-71.3985678794678,41.8250814517655],[-71.3985611192262,41.8250869342667],[-71.398566355152,41.8251175648444],[-71.3985424302803,41.8251198485855],[-71.3985528997168,41.8251811097397],[-71.3984821519579,41.8251878529059],[-71.3984718280516,41.8251274706055],[-71.3984587645636,41.8251287762557],[-71.3984395695763,41.8250172333111],[-71.3985477447974,41.8250069011653]]]},"properties":{"OBJECTID":130,"Building":100259,"Property_Type":"Building","Property_Code":"100259","Chart_String":";,LOC100259,,,","Property_Name":"Benevolent St 086","Property_Abbr":"BENE086","Address_Line_1":"86 Benevolent St","Address_Line_2":null,"City_and_State":"Providence, RI","External_Floorplan_Link":"https://drive.google.com/drive/folders/1zgHykhnn4wIRZDXCqFtamBPmZKM6xbG8","ZIP_code":"02912","Property_Status":"Active","Ownership_Status":"Owned","Occupancy_Status":"Brown Occupied","Official_Name":null,"Aliases":"DISPNAME: 86 Benevolent","Long_Description":"86 Benevolent Street is a three story clapboard walled building that was constructed in 1865.  This building is used as rental property.","Portfolio":"AUXILIARY","National_Historic_District":"College Hill Historic District (National)","City_of_Providence_Historic_Dis":null,"Municipal_Zone":"One Family District - Within I-Zone","Grid_Coord":"CQ63","Gross_area__Property_":5436.2454395416671,"Floors_Assignable_area":0,"Net_area":4623.6250661666663,"Accessibility_Code":"0","Building_Occupancy":6,"Building_Type":"HOUSE","Building_Usage":"AUXILIARY","Tax_Status":"Property Exempt from Tax","Legal_Use":"Dwelling","Current_Use":"2 Family","Cost_Rec":"Y","Year_of_Construction":1865,"Date_of_last_major_construction":null,"Date_acquired":"01/01/1971","Date_relinquished":null,"Means_of_Acquisition":null,"GPS_Coordinates__Lat__Long_":"41.82505,-71.398473","Building_System":null,"CHP_Loop":null,"Electricity_Source":null,"Utility_Feeder_Number":"77J4","Primary_Feeder":null,"Secondary_Feeder":null,"LEED_Level":null,"LEED_Status":null,"LEED_Link":null,"ObjectID_1":240,"Shape__Area":1661.4429550170898,"Shape__Length":187.81274437932689,"lat":41.825090219592894,"lon":-71.398506076166285,"NAV_Number":-0.17,"NAV_Desc":"Transitional/ Gut Renovation/ Replacement","Accessibility_Level":"A physical barrier exists that would prevent a wheelchair user from entering the facility.","Maintained_By":"MAINTAINED BY BROWN"}},{"type":"Feature","id":131,"geometry":{"type":"Polygon","coordinates":[[[-71.398432506085,41.8250287532145],[-71.3984582447464,41.8251789409214],[-71.3982890090491,41.8251951467704],[-71.3982632707769,41.8250449590264],[-71.398432506085,41.8250287532145]]]},"properties":{"OBJECTID":131,"Building":100279,"Property_Type":"Building","Property_Code":"100279","Chart_String":";,LOC100279,,,","Property_Name":"Benevolent St 088","Property_Abbr":"BENE088","Address_Line_1":"88 Benevolent St","Address_Line_2":null,"City_and_State":"Providence, RI","External_Floorplan_Link":"https://drive.google.com/drive/folders/1bvdCYCir-37wagSQ3UHS3VYgzV-9_7iz","ZIP_code":"02912","Property_Status":"Active","Ownership_Status":"Owned","Occupancy_Status":"Non-Brown Occupied","Official_Name":null,"Aliases":"DISPNAME: 88 Benevolent; NICKNAME: Wbru","Long_Description":"88 Benevolent Street is a two story building that was constructed in 1867.  The building serves the campus radio station.","Portfolio":"STUDENT LIFE","National_Historic_District":"College Hill Historic District (National)","City_of_Providence_Historic_Dis":null,"Municipal_Zone":"One Family District - Within I-Zone","Grid_Coord":"CP63","Gross_area__Property_":6959.9930555555557,"Floors_Assignable_area":0,"Net_area":5996.7949835138888,"Accessibility_Code":"0","Building_Occupancy":10,"Building_Type":"BUILDING","Building_Usage":"INDEPENDNT","Tax_Status":"Property Exempt from Tax","Legal_Use":"Radio Station","Current_Use":"Radio Station","Cost_Rec":"Y","Year_of_Construction":1867,"Date_of_last_major_construction":null,"Date_acquired":"01/01/1969","Date_relinquished":null,"Means_of_Acquisition":null,"GPS_Coordinates__Lat__Long_":"41.825078,-71.398349","Building_System":null,"CHP_Loop":null,"Electricity_Source":null,"Utility_Feeder_Number":"77J4","Primary_Feeder":null,"Secondary_Feeder":null,"LEED_Level":null,"LEED_Status":null,"LEED_Link":null,"ObjectID_1":259,"Shape__Area":2565.884033203125,"Shape__Length":203.35930356590094,"lat":41.825111950011944,"lon":-71.3983607576693,"NAV_Number":0.84,"NAV_Desc":"Repair and Maintain","Accessibility_Level":"A physical barrier exists that would prevent a wheelchair user from entering the facility.","Maintained_By":"MAINTAINED BY BROWN"}},{"type":"Feature","id":132,"geometry":{"type":"Polygon","coordinates":[[[-71.3991635621752,41.8246895460413],[-71.3991699782859,41.824733792567],[-71.399165377163,41.8247341639699],[-71.3991787087601,41.8248250739699],[-71.3990456349093,41.8248364715411],[-71.3990295664067,41.8247125391607],[-71.3990419993172,41.8247118361188],[-71.3990433525883,41.8247185331348],[-71.3991014746965,41.8247137547788],[-71.3991000234171,41.8247035445519],[-71.3991185170297,41.8247020239146],[-71.3991167748016,41.8246900577698],[-71.3991630906136,41.8246862936002],[-71.3991635621752,41.8246895460413]]]},"properties":{"OBJECTID":132,"Building":100231,"Property_Type":"Building","Property_Code":"100231","Chart_String":";,LOC100231,,,","Property_Name":"Benevolent St 083-085","Property_Abbr":"BENE083-85","Address_Line_1":"83 Benevolent St","Address_Line_2":null,"City_and_State":"Providence, RI","External_Floorplan_Link":"https://drive.google.com/drive/folders/1GCTXPtiPKYLtJrKsLHX-a_gO4PTMayd4","ZIP_code":"02912","Property_Status":"Active","Ownership_Status":"Owned","Occupancy_Status":"Non-Brown Occupied","Official_Name":null,"Aliases":"DISPNAME: 83-85 Benevolent","Long_Description":"Sorry, no narrative available.","Portfolio":"UNASSIGNED","National_Historic_District":"College Hill Historic District (National)","City_of_Providence_Historic_Dis":null,"Municipal_Zone":"One Family District - Within I-Zone","Grid_Coord":"CT64","Gross_area__Property_":4972.0472938333332,"Floors_Assignable_area":0,"Net_area":4450.2390916666664,"Accessibility_Code":"0","Building_Occupancy":null,"Building_Type":"BUILDING","Building_Usage":"COMMERCIAL","Tax_Status":"Property Exempt from Tax","Legal_Use":"Restaurant","Current_Use":"Restaurant","Cost_Rec":"Y","Year_of_Construction":1857,"Date_of_last_major_construction":null,"Date_acquired":"09/30/1998","Date_relinquished":null,"Means_of_Acquisition":"PURCHASED","GPS_Coordinates__Lat__Long_":"41.824743,-71.399082","Building_System":null,"CHP_Loop":null,"Electricity_Source":null,"Utility_Feeder_Number":"77J4","Primary_Feeder":null,"Secondary_Feeder":null,"LEED_Level":null,"LEED_Status":null,"LEED_Link":null,"ObjectID_1":214,"Shape__Area":1690.1336364746094,"Shape__Length":181.57945669456549,"lat":41.824766777309932,"lon":-71.399106527880363,"NAV_Number":0.8,"NAV_Desc":"Repair and Maintain","Accessibility_Level":"A physical barrier exists that would prevent a wheelchair user from entering the facility.","Maintained_By":"MAINTAINED BY BROWN"}},{"type":"Feature","id":133,"geometry":{"type":"Polygon","coordinates":[[[-71.3988599977818,41.8248539747117],[-71.3987268608546,41.8248663694344],[-71.3987151811776,41.8247977280413],[-71.3988488434059,41.8247856993325],[-71.3988502347189,41.824794216871],[-71.398856930667,41.8247936042334],[-71.3988605348278,41.8248156072077],[-71.3988538292479,41.824816219837],[-71.3988599977818,41.8248539747117]]]},"properties":{"OBJECTID":133,"Building":100202,"Property_Type":"Building","Property_Code":"100202","Chart_String":";,LOC100202,,,","Property_Name":"Brook St 291","Property_Abbr":"BROOK291","Address_Line_1":"291 Brook St","Address_Line_2":null,"City_and_State":"Providence, RI","External_Floorplan_Link":"https://drive.google.com/drive/folders/1_VElwPWYRww2Waprpu_p7d1egp0dC2KG","ZIP_code":"02912","Property_Status":"Active","Ownership_Status":"Owned","Occupancy_Status":"Vacant","Official_Name":null,"Aliases":"DISPNAME: 291 Brook","Long_Description":"291 Brook Street is a three story clapboard sided residence that was constructed in 1870.  The facility is used as rental property.","Portfolio":"AUXILIARY","National_Historic_District":"College Hill Historic District (National)","City_of_Providence_Historic_Dis":null,"Municipal_Zone":"One Family District - Within I-Zone","Grid_Coord":"CS64","Gross_area__Property_":3737.5,"Floors_Assignable_area":0,"Net_area":3106.7275439791665,"Accessibility_Code":"0","Building_Occupancy":0,"Building_Type":"HOUSE","Building_Usage":"AUXILIARY","Tax_Status":"Property Exempt from Tax","Legal_Use":"Store/Apartments","Current_Use":"Vacant","Cost_Rec":"Y","Year_of_Construction":1970,"Date_of_last_major_construction":null,"Date_acquired":"01/01/1999","Date_relinquished":null,"Means_of_Acquisition":null,"GPS_Coordinates__Lat__Long_":"41.824797,-71.39876","Building_System":null,"CHP_Loop":null,"Electricity_Source":null,"Utility_Feeder_Number":"77J4","Primary_Feeder":null,"Secondary_Feeder":null,"LEED_Level":null,"LEED_Status":null,"LEED_Link":null,"ObjectID_1":185,"Shape__Area":935.745491027832,"Shape__Length":127.22165670558796,"lat":41.824825595620666,"lon":-71.3987887269992,"NAV_Number":0.68,"NAV_Desc":"Systemic Renovation","Accessibility_Level":"A physical barrier exists that would prevent a wheelchair user from entering the facility.","Maintained_By":"MAINTAINED BY BROWN"}},{"type":"Feature","id":134,"geometry":{"type":"Polygon","coordinates":[[[-71.3988294831436,41.8246694367197],[-71.3988308544239,41.8246776778367],[-71.3988409453054,41.8246767377653],[-71.3988446214225,41.8246989019647],[-71.3988345449847,41.8246998402485],[-71.398840836221,41.8247376285456],[-71.3987074314031,41.8247498348392],[-71.39869620648,41.8246813748121],[-71.3988294831436,41.8246694367197]]]},"properties":{"OBJECTID":134,"Building":100173,"Property_Type":"Building","Property_Code":"100173","Chart_String":";,LOC100173,,,","Property_Name":"Brook St 287","Property_Abbr":"BROOK287","Address_Line_1":"287 Brook St","Address_Line_2":null,"City_and_State":"Providence, RI","External_Floorplan_Link":"https://drive.google.com/drive/folders/17qx8pH9F-tfjDgbp9-lXRMYxHE0zyzjo","ZIP_code":"02912","Property_Status":"Active","Ownership_Status":"Owned","Occupancy_Status":"Vacant","Official_Name":null,"Aliases":"DISPNAME: 287 Brook","Long_Description":"287 Brook Street is a three story clapboard sided facility that was constructed in 1870.  The facility is used as rental property.","Portfolio":"AUXILIARY","National_Historic_District":"College Hill Historic District (National)","City_of_Providence_Historic_Dis":null,"Municipal_Zone":"One Family District - Within I-Zone","Grid_Coord":"CS65","Gross_area__Property_":3313.8888888888887,"Floors_Assignable_area":586.4497,"Net_area":2970.2326388888887,"Accessibility_Code":"0","Building_Occupancy":0,"Building_Type":"HOUSE","Building_Usage":"AUXILIARY","Tax_Status":"Property Exempt from Tax","Legal_Use":"3 Family","Current_Use":"Vacant","Cost_Rec":"Y","Year_of_Construction":1970,"Date_of_last_major_construction":null,"Date_acquired":"01/01/1999","Date_relinquished":null,"Means_of_Acquisition":null,"GPS_Coordinates__Lat__Long_":"41.824677,-71.398725","Building_System":null,"CHP_Loop":null,"Electricity_Source":null,"Utility_Feeder_Number":"77J4","Primary_Feeder":null,"Secondary_Feeder":null,"LEED_Level":null,"LEED_Status":null,"LEED_Link":null,"ObjectID_1":156,"Shape__Area":940.95966339111328,"Shape__Length":128.93224760969642,"lat":41.824709069667477,"lon":-71.398770109213046,"NAV_Number":0.68,"NAV_Desc":"Systemic Renovation","Accessibility_Level":"A physical barrier exists that would prevent a wheelchair user from entering the facility.","Maintained_By":"MAINTAINED BY BROWN"}},{"type":"Feature","id":135,"geometry":{"type":"Polygon","coordinates":[[[-71.3988082967191,41.8245219730191],[-71.3988248191524,41.8245285330426],[-71.3988274039725,41.8245481051042],[-71.3988127938951,41.8245570335097],[-71.3988194778323,41.8246091438592],[-71.3987955420137,41.82461086133],[-71.3987953672212,41.8246094953606],[-71.39862323588,41.8246218402967],[-71.3986109052043,41.8245295166789],[-71.3986954634461,41.8245235265922],[-71.3987118042287,41.8245155000673],[-71.398732777661,41.8245138196174],[-71.3987514608065,41.8245195595461],[-71.3988074786256,41.8245155906902],[-71.3988082967191,41.8245219730191]]]},"properties":{"OBJECTID":135,"Building":100105,"Property_Type":"Building","Property_Code":"100105","Chart_String":";,LOC100105,,,","Property_Name":"Brook St 281-283","Property_Abbr":"BROOK281-3","Address_Line_1":"281-283 Brook St","Address_Line_2":null,"City_and_State":"Providence, RI","External_Floorplan_Link":"https://drive.google.com/drive/folders/1BR3yyY8WILHoBlNrdhT8zX6EUIEocwL7","ZIP_code":"02912","Property_Status":"Active","Ownership_Status":"Owned","Occupancy_Status":"Brown Occupied","Official_Name":null,"Aliases":"DISPNAME: 281-283 Brook","Long_Description":"Sorry, no narrative available.","Portfolio":"AUXILIARY","National_Historic_District":"College Hill Historic District (National)","City_of_Providence_Historic_Dis":null,"Municipal_Zone":"One Family District - Within I-Zone","Grid_Coord":"CS66","Gross_area__Property_":7228.7680251805559,"Floors_Assignable_area":1174.5144,"Net_area":6256.3846287777778,"Accessibility_Code":"0","Building_Occupancy":9,"Building_Type":"HOUSE","Building_Usage":"AUXILIARY","Tax_Status":"Property Exempt from Tax","Legal_Use":"Store/Apartments","Current_Use":"Vacant","Cost_Rec":"Y","Year_of_Construction":1980,"Date_of_last_major_construction":null,"Date_acquired":"01/01/1999","Date_relinquished":null,"Means_of_Acquisition":null,"GPS_Coordinates__Lat__Long_":"41.824533,-71.398671","Building_System":null,"CHP_Loop":null,"Electricity_Source":null,"Utility_Feeder_Number":"77J4","Primary_Feeder":null,"Secondary_Feeder":null,"LEED_Level":null,"LEED_Status":null,"LEED_Link":null,"ObjectID_1":92,"Shape__Area":1888.2335433959961,"Shape__Length":181.88641949763533,"lat":41.824567358858815,"lon":-71.398717782134426,"NAV_Number":-0.74,"NAV_Desc":"Transitional/ Gut Renovation/ Replacement","Accessibility_Level":"A physical barrier exists that would prevent a wheelchair user from entering the facility.","Maintained_By":"MAINTAINED BY BROWN"}},{"type":"Feature","id":136,"geometry":{"type":"Polygon","coordinates":[[[-71.3986410832924,41.8243110893692],[-71.3986433567874,41.8243280573782],[-71.398578102938,41.8243329498518],[-71.39857582946,41.8243159818415],[-71.3985150623087,41.8243205379122],[-71.3985089140705,41.8242746646695],[-71.3984964715006,41.8242670530071],[-71.3984944002803,41.8242516004456],[-71.3985045753435,41.8242422855171],[-71.3984970173696,41.8241858878559],[-71.3985529919416,41.8241816903992],[-71.3985508041277,41.8241653644058],[-71.3986256415107,41.8241597529308],[-71.398627829342,41.8241760798231],[-71.398683803897,41.8241718823026],[-71.3986913620331,41.8242282799519],[-71.3987038058224,41.8242358915943],[-71.3987058770797,41.8242513522552],[-71.3986957020557,41.8242606599987],[-71.3987018492222,41.8243065332307],[-71.3986410832924,41.8243110893692]]]},"properties":{"OBJECTID":136,"Building":100018,"Property_Type":"Building","Property_Code":"100018","Chart_String":";,LOC100018,,,","Property_Name":"Charlesfield St 071-073","Property_Abbr":"CHAR071-73","Address_Line_1":"71-73 Charlesfield St","Address_Line_2":null,"City_and_State":"Providence, RI","External_Floorplan_Link":"https://drive.google.com/drive/folders/1iRUPaMk-9EoBWAqSZo9qZle1Hq95omKB","ZIP_code":"02912","Property_Status":"Active","Ownership_Status":"Owned","Occupancy_Status":"Brown Occupied","Official_Name":null,"Aliases":"DISPNAME: 71-73 Charlesfield; LEGACY: Bach; LEGACY: Millhouse","Long_Description":"Constructed in 1870, 71-73 Charlesfield Street is a building of wood construction with clapboard siding.  The building is used as a rental unit.","Portfolio":"AUXILIARY","National_Historic_District":"College Hill Historic District (National)","City_of_Providence_Historic_Dis":null,"Municipal_Zone":"One Family District - Within I-Zone","Grid_Coord":"CR69","Gross_area__Property_":10424.894865131944,"Floors_Assignable_area":0,"Net_area":8670.8790181805562,"Accessibility_Code":"3","Building_Occupancy":0,"Building_Type":"HOUSE","Building_Usage":"AUXILIARY","Tax_Status":"Property Exempt from Tax","Legal_Use":"Dormitory","Current_Use":"Vacant","Cost_Rec":"Y","Year_of_Construction":1870,"Date_of_last_major_construction":null,"Date_acquired":"01/01/1969","Date_relinquished":null,"Means_of_Acquisition":null,"GPS_Coordinates__Lat__Long_":"41.824205,-71.398553","Building_System":null,"CHP_Loop":null,"Electricity_Source":null,"Utility_Feeder_Number":"77J4","Primary_Feeder":null,"Secondary_Feeder":null,"LEED_Level":null,"LEED_Status":null,"LEED_Link":null,"ObjectID_1":14,"Shape__Area":2811.0840072631836,"Shape__Length":230.47673759903361,"lat":41.8242460159465,"lon":-71.398599407390577,"NAV_Number":null,"NAV_Desc":"NO NAV","Accessibility_Level":"A wheelchair or person with mobility challenges can enter the facility, access the primary function within that facility and access the restroom facility..","Maintained_By":"MAINTAINED BY BROWN"}},{"type":"Feature","id":137,"geometry":{"type":"Polygon","coordinates":[[[-71.3983955469764,41.8242715294072],[-71.3982285211114,41.8242840052163],[-71.3982321473725,41.8243109015786],[-71.3981621373989,41.8243159984811],[-71.3981588038241,41.8242897605245],[-71.3980201043468,41.8242999562701],[-71.398013578767,41.8242508837584],[-71.398045281747,41.824248496289],[-71.3980407854387,41.8242146836382],[-71.3981598167859,41.8242057876295],[-71.3981561924741,41.8241776839105],[-71.3981996375712,41.8241744289768],[-71.3982034084024,41.8242027534076],[-71.3983215582583,41.824194076133],[-71.3983230099127,41.8242047248365],[-71.3983611703083,41.8242017946883],[-71.3983666824196,41.8242426344772],[-71.3983916330241,41.8242407901451],[-71.3983955469764,41.8242715294072]]]},"properties":{"OBJECTID":137,"Building":100043,"Property_Type":"Building","Property_Code":"100043","Chart_String":";,LOC100043,,,","Property_Name":"Charlesfield St 075","Property_Abbr":"CHAR075","Address_Line_1":"75 Charlesfield St","Address_Line_2":null,"City_and_State":"Providence, RI","External_Floorplan_Link":"https://drive.google.com/drive/folders/1qsHENOVLs1UXIccHh4yy32Mku4XHarWI","ZIP_code":"02912","Property_Status":"Active","Ownership_Status":"Owned","Occupancy_Status":"Brown Occupied","Official_Name":null,"Aliases":"ALTADDRS: 75-77 Charlesfield St; DISPNAME: 75 Charlesfield; LEGACY: Char075-77; LEGACY: Memorial Hall","Long_Description":"75 Charlesfield Street is a three story building. This building was constructed in 1967 that is now used as administrative space for campus security and police.","Portfolio":"Admin/Support","National_Historic_District":"College Hill Historic District (National)","City_of_Providence_Historic_Dis":null,"Municipal_Zone":"One Family District - Within I-Zone","Grid_Coord":"CP69","Gross_area__Property_":8729.0814844166671,"Floors_Assignable_area":0,"Net_area":7405.5111136111109,"Accessibility_Code":"0","Building_Occupancy":78,"Building_Type":"BUILDING","Building_Usage":"SUPPORT","Tax_Status":"Property Exempt from Tax","Legal_Use":"Office","Current_Use":"Office","Cost_Rec":"Y","Year_of_Construction":1967,"Date_of_last_major_construction":null,"Date_acquired":"01/01/1969","Date_relinquished":null,"Means_of_Acquisition":null,"GPS_Coordinates__Lat__Long_":"41.824223,-71.398156","Building_System":null,"CHP_Loop":null,"Electricity_Source":null,"Utility_Feeder_Number":"77J4","Primary_Feeder":null,"Secondary_Feeder":null,"LEED_Level":null,"LEED_Status":null,"LEED_Link":null,"ObjectID_1":36,"Shape__Area":3143.8297805786133,"Shape__Length":306.32831282121441,"lat":41.82424784962096,"lon":-71.398197768436816,"NAV_Number":0.8,"NAV_Desc":"Repair and Maintain","Accessibility_Level":"A physical barrier exists that would prevent a wheelchair user from entering the facility.","Maintained_By":"MAINTAINED BY BROWN"}},{"type":"Feature","id":138,"geometry":{"type":"Polygon","coordinates":[[[-71.3979396392434,41.8242352305065],[-71.3979548660348,41.8243503920917],[-71.3979353445442,41.8243519116284],[-71.3979415805397,41.8243991183824],[-71.397926756537,41.8244002027252],[-71.397927624407,41.8244077771546],[-71.3978670077583,41.824412224075],[-71.3978690390862,41.8244269347319],[-71.3978349886372,41.8244294299063],[-71.3978332471793,41.8244171342179],[-71.3978295779781,41.8244173497371],[-71.3978218925633,41.8243589459628],[-71.3977944462975,41.8243610067333],[-71.3977796575475,41.8242476020799],[-71.3978310274657,41.8242438060304],[-71.3978303017675,41.8242384258546],[-71.3978326503373,41.8242383190024],[-71.3978304744437,41.8242221802768],[-71.3978789093974,41.8242186012784],[-71.3978809391526,41.8242342996069],[-71.3978834262007,41.8242394616652],[-71.3979396392434,41.8242352305065]]]},"properties":{"OBJECTID":138,"Building":100068,"Property_Type":"Building","Property_Code":"100068","Chart_String":";,LOC100068,,,","Property_Name":"Fiering House","Property_Abbr":"FIERINGHSE","Address_Line_1":"79 Charlesfield St","Address_Line_2":null,"City_and_State":"Providence, RI","External_Floorplan_Link":"https://drive.google.com/drive/folders/15NKYYc3caMYoHxaYUmBy8CGQRkAlVpYz","ZIP_code":"02912","Property_Status":"Active","Ownership_Status":"Owned","Occupancy_Status":"Brown Occupied","Official_Name":null,"Aliases":"DISPNAME: Fiering House; FORMER: Carberry Hall; FORMER: Char079; NICKNAME: Jcb Library Scholar House","Long_Description":"The Fiering House at 79 Charlesfield Street was constructed in 1865.  Originally this three story building was known as Frederick Fuller House and later as Eldridge Hall, and was recently renovated and then named for Norman Fiering, former director of the John Carter Brown Library.  Currently, the Fiering House serves as residence for visiting JCB scholars.","Portfolio":"Admin/Support","National_Historic_District":"College Hill Historic District (National)","City_of_Providence_Historic_Dis":null,"Municipal_Zone":"One Family District - Within I-Zone","Grid_Coord":"CN69","Gross_area__Property_":9216.6766550902776,"Floors_Assignable_area":1494.298,"Net_area":7839.0402320972225,"Accessibility_Code":"3","Building_Occupancy":0,"Building_Type":"HOUSE","Building_Usage":"SUPPORT","Tax_Status":"Property Exempt from Tax","Legal_Use":"Dormitory","Current_Use":"Vacant","Cost_Rec":"Y","Year_of_Construction":1865,"Date_of_last_major_construction":null,"Date_acquired":"01/01/1969","Date_relinquished":null,"Means_of_Acquisition":null,"GPS_Coordinates__Lat__Long_":"41.824281,-71.397834","Building_System":null,"CHP_Loop":null,"Electricity_Source":"Brown","Utility_Feeder_Number":"1151","Primary_Feeder":"7-1","Secondary_Feeder":"G-5","LEED_Level":null,"LEED_Status":null,"LEED_Link":null,"ObjectID_1":58,"Shape__Area":2609.1483459472656,"Shape__Length":237.88787239509122,"lat":41.824318201525294,"lon":-71.397869873645163,"NAV_Number":0.75,"NAV_Desc":"Repair and Maintain","Accessibility_Level":"A wheelchair or person with mobility challenges can enter the facility, access the primary function within that facility and access the restroom facility..","Maintained_By":"MAINTAINED BY BROWN"}},{"type":"Feature","id":139,"geometry":{"type":"Polygon","coordinates":[[[-71.3999149285309,41.8240939441161],[-71.3999294731144,41.8240928979878],[-71.3999267183435,41.8240717240968],[-71.4000288602311,41.8240643762269],[-71.4000626490798,41.8240619594042],[-71.4000446292933,41.8241892661829],[-71.4000083965922,41.8241918726453],[-71.4000122416028,41.824221772676],[-71.4000075623348,41.8242221098318],[-71.4000114061572,41.824252000858],[-71.3999579984408,41.8242558429255],[-71.3999615544289,41.8242834981588],[-71.3999726707703,41.8243699548648],[-71.4000307590626,41.8243657756352],[-71.4000384419766,41.8244255306699],[-71.4000932221951,41.8244215889207],[-71.4001169633958,41.8246062134314],[-71.4000621830227,41.8246101542912],[-71.4000738266211,41.824699806747],[-71.4000079757084,41.8247045446548],[-71.4000038953817,41.8246719154918],[-71.3999893831709,41.8246729598569],[-71.3999949554572,41.8247183643394],[-71.399996862012,41.8247339031619],[-71.3999570801075,41.8247367586132],[-71.3999512168516,41.8246911612029],[-71.399936704637,41.824692204661],[-71.3999389226716,41.8247094589031],[-71.3998732414803,41.8247141842766],[-71.3998635233332,41.8246381412141],[-71.3997870426239,41.8246436431204],[-71.3997914744404,41.8246761942682],[-71.3996229714081,41.8246883160814],[-71.3996044726136,41.8245444490325],[-71.3996116630993,41.8245439313188],[-71.3996238755069,41.8246389143295],[-71.3996385886038,41.8246379530173],[-71.3996305563854,41.8245754858296],[-71.399853403697,41.8245594453989],[-71.399846410711,41.8245050623819],[-71.399795282829,41.8245087406987],[-71.3997792264597,41.8243838711727],[-71.3998303542433,41.8243801928628],[-71.3998265105117,41.8243502928279],[-71.3998738907514,41.8243468840335],[-71.399866902531,41.8242925361331],[-71.3998195211272,41.8242959449237],[-71.3998136913189,41.8242505996272],[-71.3997773258888,41.8242533850685],[-71.3997775459092,41.8242550923048],[-71.3996788189444,41.8242621944395],[-71.39968015832,41.8242732031637],[-71.3997389760608,41.8242689724988],[-71.3997396670164,41.8242743499312],[-71.3996126669486,41.824283486406],[-71.3995962506636,41.8241558056741],[-71.3997632342839,41.8241437924144],[-71.3997634543036,41.8241454996507],[-71.3997998398734,41.8241428825947],[-71.3997919371944,41.8240814203052],[-71.3998575587572,41.8240766994272],[-71.399860001529,41.8240956978268],[-71.3998745136101,41.8240946543782],[-71.3998645879153,41.82401745419],[-71.3999047221085,41.8240145666651],[-71.3999149285309,41.8240939441161]]]},"properties":{"OBJECTID":139,"Building":100155,"Property_Type":"Building","Property_Code":"100155","Chart_String":";,LOC100155,,,","Property_Name":"Watson Institute","Property_Abbr":"WATSONINS","Address_Line_1":"111 Thayer St","Address_Line_2":null,"City_and_State":"Providence, RI","External_Floorplan_Link":"https://drive.google.com/drive/folders/1fY9FU16Fb4PjKzTZI28uyeL34GNXO_Cm","ZIP_code":"02912","Property_Status":"Active","Ownership_Status":"Owned","Occupancy_Status":"Brown Occupied","Official_Name":null,"Aliases":"DISPNAME: Watson Institute","Long_Description":"The Thomas J. Watson Jr. Institute for International and Public Affairs is a three story building located at 111 Thayer Street, between Charlesfield and Benevolent streets. The building includes approximately eighty research offices, four University classrooms and state-of-the-art video conferencing facilities","Portfolio":"ACADEMIC LAB","National_Historic_District":"College Hill Historic District (National)","City_of_Providence_Historic_Dis":null,"Municipal_Zone":"One Family District - Within I-Zone","Grid_Coord":"CZ68","Gross_area__Property_":53309.129391159724,"Floors_Assignable_area":0,"Net_area":45662.975867326386,"Accessibility_Code":"4","Building_Occupancy":92,"Building_Type":"BUILDING","Building_Usage":"ACAD","Tax_Status":"Property Exempt from Tax","Legal_Use":"Classroom/Office","Current_Use":"Classroom/Office","Cost_Rec":"Y","Year_of_Construction":2002,"Date_of_last_major_construction":null,"Date_acquired":"01/01/2002","Date_relinquished":null,"Means_of_Acquisition":null,"GPS_Coordinates__Lat__Long_":"41.824343,-71.399886","Building_System":null,"CHP_Loop":null,"Electricity_Source":"Brown","Utility_Feeder_Number":"1151","Primary_Feeder":"7-1","Secondary_Feeder":"S-5","LEED_Level":null,"LEED_Status":null,"LEED_Link":null,"ObjectID_1":139,"Shape__Area":19124.406608581543,"Shape__Length":1233.8288787800307,"lat":41.824397094321995,"lon":-71.399884079870375,"NAV_Number":0.92,"NAV_Desc":"Capital Upkeep","Accessibility_Level":"The facility is mostly accessible to a wheelchair user or person with mobility challenges.","Maintained_By":"MAINTAINED BY BROWN"}},{"type":"Feature","id":140,"geometry":{"type":"Polygon","coordinates":[[[-71.3994175969809,41.8241102848618],[-71.3994169015708,41.8241054647338],[-71.3994254332055,41.8241047627361],[-71.3994252271657,41.8241033580255],[-71.3994337280952,41.8240953551446],[-71.399457939914,41.824093276746],[-71.3994693587546,41.8240997808909],[-71.3994695564568,41.824101129773],[-71.3994779929879,41.8241004348908],[-71.3994935757296,41.8242044728884],[-71.3994771986667,41.8242057946626],[-71.3994854722084,41.824263145445],[-71.3994837206167,41.8242632870664],[-71.399485571097,41.8242761104247],[-71.3994582956232,41.8242783121953],[-71.3994565023071,41.8242658841357],[-71.3993994040338,41.8242704925038],[-71.3993911388923,41.8242132065471],[-71.3993486420627,41.8242166365279],[-71.3993360437624,41.8241331774926],[-71.3993461187044,41.8241323643107],[-71.3993438521393,41.8241162372384],[-71.3994175969809,41.8241102848618]]]},"properties":{"OBJECTID":140,"Building":100248,"Property_Type":"Building","Property_Code":"100248","Chart_String":";,LOC100248,,,","Property_Name":"Charlesfield St 059","Property_Abbr":"CHAR059","Address_Line_1":"59 Charlesfield St","Address_Line_2":null,"City_and_State":"Providence, RI","External_Floorplan_Link":"https://drive.google.com/drive/folders/1jm5R3JzPBgABmiUy8O52Lo0crDuo6jBp","ZIP_code":"02912","Property_Status":"Active","Ownership_Status":"Owned","Occupancy_Status":"Brown Occupied","Official_Name":null,"Aliases":"DISPNAME: 59 Charlesfield","Long_Description":"59 Charlesfield Street is a three story clapboard exterior building that was constructed in 1877.  Fully renovated in 2015, 59 Charlesfield Street was converted from a residential facility into offices and instructional spaces for an academic program.","Portfolio":"ACADEMIC","National_Historic_District":"College Hill Historic District (National)","City_of_Providence_Historic_Dis":null,"Municipal_Zone":"One Family District - Within I-Zone","Grid_Coord":"CW69","Gross_area__Property_":7837.1802929722226,"Floors_Assignable_area":0,"Net_area":6303.5058472013889,"Accessibility_Code":"4","Building_Occupancy":2,"Building_Type":"HOUSE","Building_Usage":"ACAD","Tax_Status":"Property Exempt from Tax","Legal_Use":"1 Family","Current_Use":"2 Family","Cost_Rec":"Y","Year_of_Construction":1877,"Date_of_last_major_construction":null,"Date_acquired":"11/26/1962","Date_relinquished":null,"Means_of_Acquisition":null,"GPS_Coordinates__Lat__Long_":"41.824145,-71.399387","Building_System":null,"CHP_Loop":null,"Electricity_Source":null,"Utility_Feeder_Number":"77J4","Primary_Feeder":null,"Secondary_Feeder":null,"LEED_Level":null,"LEED_Status":null,"LEED_Link":null,"ObjectID_1":230,"Shape__Area":2025.6595077514648,"Shape__Length":210.37295259660794,"lat":41.824180279770694,"lon":-71.3994222451891,"NAV_Number":0.04,"NAV_Desc":"Transitional/ Gut Renovation/ Replacement","Accessibility_Level":"The facility is mostly accessible to a wheelchair user or person with mobility challenges.","Maintained_By":"MAINTAINED BY BROWN"}},{"type":"Feature","id":141,"geometry":{"type":"Polygon","coordinates":[[[-71.3977008626811,41.8245546720473],[-71.3977216817706,41.8247158027809],[-71.397403891211,41.8247396133833],[-71.3973825915694,41.8245783966314],[-71.3977008626811,41.8245546720473]]]},"properties":{"OBJECTID":141,"Building":100107,"Property_Type":"Building","Property_Code":"100107","Chart_String":";,LOC100107,,,","Property_Name":"Fox Point Day Care Center","Property_Abbr":"FOXPOINT","Address_Line_1":"150 Hope St","Address_Line_2":null,"City_and_State":"Providence, RI","External_Floorplan_Link":"https://drive.google.com/drive/folders/12syGxP4BcBvPGYW1U0y4MXuLhjJixHHI","ZIP_code":"02912","Property_Status":"Active","Ownership_Status":"Owned","Occupancy_Status":"Non-Brown Occupied","Official_Name":null,"Aliases":"DISPNAME: Fox Point Ctr; FORMER: Kilcup Hall","Long_Description":"150 Hope Street is a two story brick faced building constructed in 1960.  The building is currently utilized as a day care center.","Portfolio":"Admin/Support","National_Historic_District":"Cooke Street / Power Street (National)","City_of_Providence_Historic_Dis":null,"Municipal_Zone":"One Family District - Within I-Zone","Grid_Coord":"CL66","Gross_area__Property_":8390.4498262291672,"Floors_Assignable_area":0,"Net_area":7416.2950536875,"Accessibility_Code":"0","Building_Occupancy":null,"Building_Type":"BUILDING","Building_Usage":"INDEPENDNT","Tax_Status":"Property Exempt from Tax","Legal_Use":"Day Care","Current_Use":"Day Care","Cost_Rec":"Y","Year_of_Construction":1960,"Date_of_last_major_construction":null,"Date_acquired":"01/01/1969","Date_relinquished":null,"Means_of_Acquisition":null,"GPS_Coordinates__Lat__Long_":"41.824625,-71.397542","Building_System":null,"CHP_Loop":null,"Electricity_Source":null,"Utility_Feeder_Number":"77J4","Primary_Feeder":null,"Secondary_Feeder":null,"LEED_Level":null,"LEED_Status":null,"LEED_Link":null,"ObjectID_1":94,"Shape__Area":5140.7770004272461,"Shape__Length":292.25315187519362,"lat":41.824647103066148,"lon":-71.3975522343874,"NAV_Number":0.81,"NAV_Desc":"Repair and Maintain","Accessibility_Level":"A physical barrier exists that would prevent a wheelchair user from entering the facility.","Maintained_By":"MAINTAINED BY BROWN"}},{"type":"Feature","id":142,"geometry":{"type":"Polygon","coordinates":[[[-71.396968014783,41.8249422660712],[-71.3969789097205,41.8249368747049],[-71.3970169272495,41.8249362740544],[-71.3970281172242,41.8249413160842],[-71.39706045915,41.8249408048672],[-71.3970603213256,41.8249359204009],[-71.3971423413467,41.8249346235546],[-71.3971444613826,41.8250096381541],[-71.3968872761002,41.8250137040059],[-71.3968852941755,41.8249435738686],[-71.396968014783,41.8249422660712]]]},"properties":{"OBJECTID":142,"Building":100009,"Property_Type":"Building","Property_Code":"100009","Chart_String":";,LOC100009,,,","Property_Name":"Morrison-Gerard Studio","Property_Abbr":"MOR-GERARD","Address_Line_1":"151 Hope St","Address_Line_2":null,"City_and_State":"Providence, RI","External_Floorplan_Link":"https://drive.google.com/drive/folders/1wwvNdxO793n8e6sTyJwhr-09X20O9F1Y","ZIP_code":"02912","Property_Status":"Active","Ownership_Status":"Owned","Occupancy_Status":"Brown Occupied","Official_Name":null,"Aliases":"DISPNAME: Morrison-Gerard Studio","Long_Description":"Sorry, no narrative available.","Portfolio":"ACADEMIC","National_Historic_District":"Cooke Street / Power Street (National)","City_of_Providence_Historic_Dis":null,"Municipal_Zone":"One Family District - Within I-Zone","Grid_Coord":"CI65","Gross_area__Property_":3444.1596248055557,"Floors_Assignable_area":0,"Net_area":2532.6738469444444,"Accessibility_Code":"0","Building_Occupancy":0,"Building_Type":"BUILDING","Building_Usage":"ACAD","Tax_Status":"Property Exempt from Tax","Legal_Use":"School","Current_Use":"School","Cost_Rec":"Y","Year_of_Construction":1845,"Date_of_last_major_construction":null,"Date_acquired":"01/01/1969","Date_relinquished":null,"Means_of_Acquisition":null,"GPS_Coordinates__Lat__Long_":"41.82496,-71.397008","Building_System":null,"CHP_Loop":null,"Electricity_Source":"Brown","Utility_Feeder_Number":"1151","Primary_Feeder":"7-1","Secondary_Feeder":"G-6","LEED_Level":null,"LEED_Status":null,"LEED_Link":null,"ObjectID_1":7,"Shape__Area":1857.4435348510742,"Shape__Length":196.01209677313327,"lat":41.824975262819649,"lon":-71.397016500933844,"NAV_Number":0.33,"NAV_Desc":"Transitional/ Gut Renovation/ Replacement","Accessibility_Level":"A physical barrier exists that would prevent a wheelchair user from entering the facility.","Maintained_By":"MAINTAINED BY BROWN"}},{"type":"Feature","id":143,"geometry":{"type":"Polygon","coordinates":[[[-71.3963763782195,41.8250217785927],[-71.3963720181348,41.8248674168222],[-71.3964043022478,41.8248669075385],[-71.3964189757519,41.8248666749779],[-71.3964188960841,41.8248638262312],[-71.3964300125571,41.8248636498841],[-71.3964301127661,41.8248671973129],[-71.3964636993186,41.8248666666783],[-71.3964635991078,41.8248631192496],[-71.3964747938226,41.8248629420683],[-71.3964748746951,41.8248657917164],[-71.3968829147888,41.8248593422532],[-71.3968852941755,41.8249435738686],[-71.3968872760987,41.8250137049063],[-71.3963763782195,41.8250217785927]]]},"properties":{"OBJECTID":143,"Building":100030,"Property_Type":"Building","Property_Code":"100030","Chart_String":";,LOC100030,,,","Property_Name":"Grant Fulton","Property_Abbr":"GRANTFULT","Address_Line_1":"105 Benevolent St","Address_Line_2":null,"City_and_State":"Providence, RI","External_Floorplan_Link":"https://drive.google.com/drive/folders/1ndw0ujJvnDKRyYAxtpwHFGP6sHJO3Xjs","ZIP_code":"02912","Property_Status":"Active","Ownership_Status":"Owned","Occupancy_Status":"Brown Occupied","Official_Name":null,"Aliases":"DISPNAME: Grant Fulton Halls; LEGACY: Max L. Grant & Marshall N. Fulton","Long_Description":"Grant-Fulton Hall is a two story building that was constructed in 1845.  The facility was newly renovated in 2007 to house the Grant Recital Hall and the Fulton Rehearsal Hall.","Portfolio":"ACADEMIC","National_Historic_District":"Cooke Street / Power Street (National)","City_of_Providence_Historic_Dis":null,"Municipal_Zone":"One Family District - Outside I-Zone","Grid_Coord":"CG65","Gross_area__Property_":9848.2578195833339,"Floors_Assignable_area":0,"Net_area":7837.3093800486113,"Accessibility_Code":"2","Building_Occupancy":0,"Building_Type":"BUILDING","Building_Usage":"ACAD","Tax_Status":"Property Exempt from Tax","Legal_Use":"School","Current_Use":"Assembly","Cost_Rec":"Y","Year_of_Construction":1845,"Date_of_last_major_construction":null,"Date_acquired":"01/01/1969","Date_relinquished":null,"Means_of_Acquisition":null,"GPS_Coordinates__Lat__Long_":"41.824928,-71.396603","Building_System":null,"CHP_Loop":null,"Electricity_Source":"Brown","Utility_Feeder_Number":"1151","Primary_Feeder":"7-1","Secondary_Feeder":"G-6","LEED_Level":null,"LEED_Status":null,"LEED_Link":null,"ObjectID_1":24,"Shape__Area":7840.28076171875,"Shape__Length":395.75108368529936,"lat":41.82494052176316,"lon":-71.39662955418973,"NAV_Number":0.91,"NAV_Desc":"Capital Upkeep","Accessibility_Level":"A wheelchair user or person with mobility challenges can enter the facility and access the primary function within that facility.","Maintained_By":"MAINTAINED BY BROWN"}},{"type":"Feature","id":144,"geometry":{"type":"Polygon","coordinates":[[[-71.3958273528228,41.8245456928713],[-71.3958275334176,41.824553836608],[-71.3958144947184,41.8245539976484],[-71.3958143141252,41.8245458539116],[-71.395619324678,41.8245482635729],[-71.395615688487,41.824383631343],[-71.3961512691866,41.8243770121938],[-71.3961549067493,41.8245416444085],[-71.3961119941277,41.824542174622],[-71.3961125402968,41.8245669389607],[-71.3960300120084,41.8245679591079],[-71.3960294646674,41.8245431947678],[-71.395942504311,41.8245442693627],[-71.3959430437481,41.8245686906666],[-71.3959091108625,41.8245691100935],[-71.3959085714384,41.8245446887894],[-71.3958273528228,41.8245456928713]]]},"properties":{"OBJECTID":144,"Building":100241,"Property_Type":"Building","Property_Code":"100241","Chart_String":";,LOC100241,,,","Property_Name":"T.F. Green Hall","Property_Abbr":"TFGREEN","Address_Line_1":"7 Young Orchard St","Address_Line_2":null,"City_and_State":"Providence, RI","External_Floorplan_Link":"https://drive.google.com/drive/folders/1mWKbZUy2UxfjncgQR19eR50NPvBkPI3i","ZIP_code":"02912","Property_Status":"Active","Ownership_Status":"Owned","Occupancy_Status":"Brown Occupied","Official_Name":null,"Aliases":"ALTADDRS: 17-23 Cooke St; DISPNAME: T.F. Green Hall; LEGACY: Theodore Francis Green","Long_Description":"T.F. Green Hall is a two story building that was constructed in 1959.  This building is used as a student performing arts facility.","Portfolio":"STUDENT LIFE","National_Historic_District":"Cooke Street / Power Street (National)","City_of_Providence_Historic_Dis":null,"Municipal_Zone":"One Family District - Within I-Zone","Grid_Coord":"CC69","Gross_area__Property_":15812.490126993056,"Floors_Assignable_area":0,"Net_area":13870.939771902778,"Accessibility_Code":"4","Building_Occupancy":6,"Building_Type":"BUILDING","Building_Usage":"STUDENT AC","Tax_Status":"Property Exempt from Tax","Legal_Use":"Teaching/Theater","Current_Use":"Teaching/Theatre","Cost_Rec":"Y","Year_of_Construction":1959,"Date_of_last_major_construction":null,"Date_acquired":"01/01/1969","Date_relinquished":null,"Means_of_Acquisition":null,"GPS_Coordinates__Lat__Long_":"41.824437,-71.395847","Building_System":"METASYS","CHP_Loop":null,"Electricity_Source":"Brown","Utility_Feeder_Number":"1151","Primary_Feeder":"7-1","Secondary_Feeder":"G-6","LEED_Level":null,"LEED_Status":null,"LEED_Link":null,"ObjectID_1":223,"Shape__Area":9055.9372940063477,"Shape__Length":453.78730857448477,"lat":41.82446566695269,"lon":-71.395889754307959,"NAV_Number":0.82,"NAV_Desc":"Repair and Maintain","Accessibility_Level":"The facility is mostly accessible to a wheelchair user or person with mobility challenges.","Maintained_By":"MAINTAINED BY BROWN"}},{"type":"Feature","id":145,"geometry":{"type":"Polygon","coordinates":[[[-71.3969586584673,41.8240991183089],[-71.3969600330143,41.8241569681758],[-71.3969160057221,41.824157696665],[-71.3969161379577,41.8241668082226],[-71.3968456952112,41.8241678425017],[-71.3968448010745,41.8241759645645],[-71.3968089916939,41.8241764816095],[-71.3968088596189,41.8241680291008],[-71.3967391487114,41.8241690639719],[-71.3967388706768,41.8241600630249],[-71.3966944028307,41.8241607910332],[-71.3966927362343,41.8241020630692],[-71.3967377902364,41.8241013346881],[-71.3967359913905,41.8240334960666],[-71.3966928454544,41.8240341154211],[-71.396691325712,41.8239753875879],[-71.3967350590077,41.8239747678616],[-71.3967347794178,41.8239659865958],[-71.3968055168487,41.823964951749],[-71.3968050969211,41.8239521089243],[-71.3968407581236,41.8239515917474],[-71.3968411778806,41.8239645453136],[-71.396845140583,41.8239644390307],[-71.3969122091817,41.823963401724],[-71.3969123414179,41.8239725123815],[-71.3969556341601,41.8239718930761],[-71.3969573009936,41.8240306210379],[-71.3969134208137,41.8240312398167],[-71.3969150719386,41.8240997382521],[-71.3969586584673,41.8240991183089]]]},"properties":{"OBJECTID":145,"Building":100198,"Property_Type":"Building","Property_Code":"100198","Chart_String":";,LOC100198,,,","Property_Name":"Young Orchard Ave 002","Property_Abbr":"YO002","Address_Line_1":"2 Young Orchard Ave","Address_Line_2":null,"City_and_State":"Providence, RI","External_Floorplan_Link":"https://drive.google.com/drive/folders/1zHOgaJsKHnhfH-P6MD3X6ra6dOt3TWlh","ZIP_code":"02912","Property_Status":"Active","Ownership_Status":"Owned","Occupancy_Status":"Brown Occupied","Official_Name":null,"Aliases":"DISPNAME: 2 Young Orchard Ave","Long_Description":"Opened in 1973, the Young Orchard Apartments were built on the site of four former Bryant University residence halls. The apartment complex consists of three nearly identical towers.","Portfolio":"RESIDENCE HALL","National_Historic_District":"Cooke Street / Power Street (National)","City_of_Providence_Historic_Dis":null,"Municipal_Zone":"One Family District - Within I-Zone","Grid_Coord":"CH70","Gross_area__Property_":18983.427615916666,"Floors_Assignable_area":0,"Net_area":15783.562818416667,"Accessibility_Code":"3","Building_Occupancy":56,"Building_Type":"BUILDING","Building_Usage":"RES HALL","Tax_Status":"Property Exempt from Tax","Legal_Use":"Dormitory","Current_Use":"Dormitory","Cost_Rec":"Y","Year_of_Construction":1973,"Date_of_last_major_construction":null,"Date_acquired":"01/01/1969","Date_relinquished":null,"Means_of_Acquisition":null,"GPS_Coordinates__Lat__Long_":"41.824031,-71.39678","Building_System":null,"CHP_Loop":null,"Electricity_Source":"Brown","Utility_Feeder_Number":"1151","Primary_Feeder":"7-1","Secondary_Feeder":"G-6","LEED_Level":null,"LEED_Status":null,"LEED_Link":null,"ObjectID_1":181,"Shape__Area":4676.0664749145508,"Shape__Length":355.64724365819205,"lat":41.8240660092012,"lon":-71.396825360145954,"NAV_Number":0.77,"NAV_Desc":"Repair and Maintain","Accessibility_Level":"A wheelchair or person with mobility challenges can enter the facility, access the primary function within that facility and access the restroom facility..","Maintained_By":"MAINTAINED BY BROWN"}},{"type":"Feature","id":146,"geometry":{"type":"Polygon","coordinates":[[[-71.3964933026742,41.82400748111],[-71.3964939830019,41.82404096176],[-71.3965057225411,41.8240409723373],[-71.3965071067211,41.8240933337473],[-71.3965173793304,41.8240931233188],[-71.3965177756935,41.8241205660336],[-71.3965063286355,41.824120555721],[-71.3965077110833,41.8241732466531],[-71.3964959715199,41.8241732360759],[-71.3964966502945,41.8242069355061],[-71.3964176953684,41.8242077430701],[-71.3964170168136,41.8241739328979],[-71.3963264676554,41.8241749496267],[-71.396327146164,41.8242087588991],[-71.3962489251303,41.824209785792],[-71.3962482452819,41.8241760863594],[-71.3962354774143,41.8241762945098],[-71.3962343892439,41.8241233841575],[-71.3962245559744,41.8241235949575],[-71.3962241579644,41.8240972497546],[-71.3962344314243,41.8240972590351],[-71.396233196937,41.8240440199259],[-71.3962452305304,41.8240438111125],[-71.396244549091,41.8240110993503],[-71.3963237974764,41.8240102921701],[-71.3963244798407,41.8240424556257],[-71.396414294563,41.8240414391364],[-71.3964136145953,41.8240085076936],[-71.3964933026742,41.82400748111]]]},"properties":{"OBJECTID":146,"Building":100226,"Property_Type":"Building","Property_Code":"100226","Chart_String":";,LOC100226,,,","Property_Name":"Young Orchard Ave 004","Property_Abbr":"YO004","Address_Line_1":"4 Young Orchard Ave","Address_Line_2":null,"City_and_State":"Providence, RI","External_Floorplan_Link":"https://drive.google.com/drive/folders/1ZAevBvDEOASdvPsrzQWVGs9k9wX4cKB7","ZIP_code":"02912","Property_Status":"Active","Ownership_Status":"Owned","Occupancy_Status":"Brown Occupied","Official_Name":null,"Aliases":"DISPNAME: 4 Young Orchard Ave","Long_Description":"Opened in 1973, the Young Orchard Apartments were built on the site of four former Bryant University residence halls. The apartment complex consists of three nearly identical towers.","Portfolio":"RESIDENCE HALL","National_Historic_District":"Cooke Street / Power Street (National)","City_of_Providence_Historic_Dis":null,"Municipal_Zone":"One Family District - Within I-Zone","Grid_Coord":"CG71","Gross_area__Property_":19020.229197041666,"Floors_Assignable_area":0,"Net_area":16546.114286708333,"Accessibility_Code":"0","Building_Occupancy":56,"Building_Type":"BUILDING","Building_Usage":"RES HALL","Tax_Status":"Property Exempt from Tax","Legal_Use":"Dormitory","Current_Use":"Dormitory","Cost_Rec":"Y","Year_of_Construction":1973,"Date_of_last_major_construction":null,"Date_acquired":"01/01/1969","Date_relinquished":null,"Means_of_Acquisition":null,"GPS_Coordinates__Lat__Long_":"41.824075,-71.396322","Building_System":null,"CHP_Loop":null,"Electricity_Source":"Brown","Utility_Feeder_Number":"1151","Primary_Feeder":"7-1","Secondary_Feeder":"G-6","LEED_Level":null,"LEED_Status":null,"LEED_Link":null,"ObjectID_1":209,"Shape__Area":4683.3921508789063,"Shape__Length":353.53123864867797,"lat":41.824108519586083,"lon":-71.396370863738866,"NAV_Number":0.77,"NAV_Desc":"Repair and Maintain","Accessibility_Level":"A physical barrier exists that would prevent a wheelchair user from entering the facility.","Maintained_By":"MAINTAINED BY BROWN"}},{"type":"Feature","id":147,"geometry":{"type":"Polygon","coordinates":[[[-71.3958663344306,41.8240301855494],[-71.3958670144319,41.8240636662026],[-71.395878753975,41.824063676844],[-71.3958801364409,41.8241160382596],[-71.3958904102595,41.8241158278884],[-71.3958908063549,41.8241432706049],[-71.3958793592932,41.8241432602298],[-71.3958807412273,41.8241959511686],[-71.3958690004563,41.8241959405263],[-71.3958696801047,41.8242296408611],[-71.3957907251451,41.8242304470938],[-71.3957900457163,41.8241966369172],[-71.3956994965172,41.8241976531518],[-71.3957001758998,41.8242314624285],[-71.3956219548293,41.8242324888944],[-71.3956212753095,41.8241987894586],[-71.3956085074355,41.8241989975393],[-71.3956074197809,41.8241460871819],[-71.395597586506,41.8241462979282],[-71.3955971887529,41.8241199527234],[-71.3956074622162,41.8241199620601],[-71.3956062270442,41.8240667229438],[-71.3956182618475,41.8240665141972],[-71.395617580727,41.8240338024318],[-71.3956968291474,41.8240329956842],[-71.3956975111981,41.8240651591431],[-71.395787325961,41.824064143144],[-71.3957866451107,41.8240312116968],[-71.3958663344306,41.8240301855494]]]},"properties":{"OBJECTID":147,"Building":100242,"Property_Type":"Building","Property_Code":"100242","Chart_String":";,LOC100242,,,","Property_Name":"Young Orchard Ave 010","Property_Abbr":"YO010","Address_Line_1":"10 Young Orchard Ave","Address_Line_2":null,"City_and_State":"Providence, RI","External_Floorplan_Link":"https://drive.google.com/drive/folders/1PLiZMZUJnZqZryal_1byW45Nwa12wvc7","ZIP_code":"02912","Property_Status":"Active","Ownership_Status":"Owned","Occupancy_Status":"Brown Occupied","Official_Name":null,"Aliases":"DISPNAME: 10 Young Orchard Ave","Long_Description":"Opened in 1973, the Young Orchard Apartments were built on the site of four former Bryant University residence halls.","Portfolio":"RESIDENCE HALL","National_Historic_District":"Cooke Street / Power Street (National)","City_of_Providence_Historic_Dis":null,"Municipal_Zone":"One Family District - Within I-Zone","Grid_Coord":"CC71","Gross_area__Property_":18970.068071875,"Floors_Assignable_area":0,"Net_area":16509.990317555556,"Accessibility_Code":"0","Building_Occupancy":56,"Building_Type":"BUILDING","Building_Usage":"RES HALL","Tax_Status":"Property Exempt from Tax","Legal_Use":"Dormitory","Current_Use":"Dormitory","Cost_Rec":"Y","Year_of_Construction":1973,"Date_of_last_major_construction":null,"Date_acquired":"01/01/1969","Date_relinquished":null,"Means_of_Acquisition":null,"GPS_Coordinates__Lat__Long_":"41.824099,-71.395694","Building_System":null,"CHP_Loop":null,"Electricity_Source":"Brown","Utility_Feeder_Number":"1151","Primary_Feeder":"7-1","Secondary_Feeder":"G-6","LEED_Level":null,"LEED_Status":null,"LEED_Link":null,"ObjectID_1":224,"Shape__Area":4683.395622253418,"Shape__Length":353.53289451181359,"lat":41.824131223345404,"lon":-71.395743894361885,"NAV_Number":0.77,"NAV_Desc":"Repair and Maintain","Accessibility_Level":"A physical barrier exists that would prevent a wheelchair user from entering the facility.","Maintained_By":"MAINTAINED BY BROWN"}},{"type":"Feature","id":148,"geometry":{"type":"Polygon","coordinates":[[[-71.3962333614893,41.8233963785894],[-71.3962735321645,41.8233916295625],[-71.3962881425878,41.8234608626884],[-71.3963095524002,41.8235623098089],[-71.3962672781959,41.8235674305898],[-71.3962946589693,41.823697531918],[-71.3963353160083,41.8236928490336],[-71.3963717266035,41.8238650007591],[-71.3961405461403,41.8238924540172],[-71.3961041359716,41.8237204120612],[-71.3961455288431,41.8237155093263],[-71.3961175639476,41.8235843099204],[-71.3960769054026,41.8235892124094],[-71.3960407860741,41.8234191469335],[-71.3962333614893,41.8233963785894]]]},"properties":{"OBJECTID":148,"Building":100222,"Property_Type":"Building","Property_Code":"100222","Chart_String":";,LOC100222,,,","Property_Name":"Perkins Hall","Property_Abbr":"PERKINS","Address_Line_1":"154 Power St","Address_Line_2":null,"City_and_State":"Providence, RI","External_Floorplan_Link":"https://drive.google.com/drive/folders/14GZ973MWskW_SCui8QJOBXT9UWaba8D9","ZIP_code":"02912","Property_Status":"Active","Ownership_Status":"Owned","Occupancy_Status":"Brown Occupied","Official_Name":null,"Aliases":"DISPNAME: Perkins Hall; LEGACY: Judge Fred B. Perkins","Long_Description":"Originally built by Bryant College, Perkins Hall serves as a residence hall.  Various interior updates were completed in 2016.","Portfolio":"RESIDENCE HALL","National_Historic_District":"Cooke Street / Power Street (National)","City_of_Providence_Historic_Dis":null,"Municipal_Zone":"One Family District - Within I-Zone","Grid_Coord":"CE73","Gross_area__Property_":40362.334714076387,"Floors_Assignable_area":0,"Net_area":36091.674982145836,"Accessibility_Code":"3","Building_Occupancy":189,"Building_Type":"BUILDING","Building_Usage":"RES HALL","Tax_Status":"Property Exempt from Tax","Legal_Use":"Dormitory","Current_Use":"Dormitory","Cost_Rec":"Y","Year_of_Construction":1960,"Date_of_last_major_construction":null,"Date_acquired":"01/01/1969","Date_relinquished":null,"Means_of_Acquisition":null,"GPS_Coordinates__Lat__Long_":"41.823595,-71.396147","Building_System":null,"CHP_Loop":null,"Electricity_Source":"Brown","Utility_Feeder_Number":"1151","Primary_Feeder":"7-1","Secondary_Feeder":"G-6","LEED_Level":null,"LEED_Status":null,"LEED_Link":null,"ObjectID_1":205,"Shape__Area":10074.740501403809,"Shape__Length":522.66654038876015,"lat":41.823641771624395,"lon":-71.396206584069,"NAV_Number":0.81,"NAV_Desc":"Repair and Maintain","Accessibility_Level":"A wheelchair or person with mobility challenges can enter the facility, access the primary function within that facility and access the restroom facility..","Maintained_By":"MAINTAINED BY BROWN"}},{"type":"Feature","id":149,"geometry":{"type":"Polygon","coordinates":[[[-71.3977112237042,41.8239763606094],[-71.3977178056244,41.8240239044137],[-71.3976988897684,41.8240253695288],[-71.3976989337988,41.824025687388],[-71.3976863356661,41.8240266638407],[-71.3976565708483,41.8240289692064],[-71.3976348658381,41.8240305659768],[-71.3976054367514,41.8240329301505],[-71.397593776404,41.8240338336011],[-71.397593618133,41.8240326918291],[-71.3975633584956,41.824035058853],[-71.3975564281505,41.8239826510935],[-71.39757458317,41.8239812474468],[-71.3975761228682,41.8239811317754],[-71.3975721959178,41.8239527630672],[-71.3975798860153,41.8239521621945],[-71.3975789566265,41.8239454547343],[-71.3975755128064,41.8239205788751],[-71.3975749106718,41.823916230597],[-71.3975738920524,41.8239088676098],[-71.3975720154474,41.82389531132],[-71.3976118045188,41.823892229815],[-71.397620979977,41.8238916149577],[-71.39764267305,41.8238899263447],[-71.397657297203,41.8238887950426],[-71.3976768775355,41.8238872783064],[-71.3976785018843,41.8238990111816],[-71.3976800143719,41.8239099372526],[-71.3976814352415,41.8239201942895],[-71.397687946774,41.8239196895965],[-71.3976908478937,41.8239407106142],[-71.3976923568192,41.8239516078709],[-71.3976959566833,41.8239775426651],[-71.3977112237042,41.8239763606094]]]},"properties":{"OBJECTID":149,"Building":100159,"Property_Type":"Building","Property_Code":"100159","Chart_String":";,LOC100159,,,","Property_Name":"Charlesfield St 108-110","Property_Abbr":"CHAR108-10","Address_Line_1":"108-110 Charlesfield St","Address_Line_2":null,"City_and_State":"Providence, RI","External_Floorplan_Link":"https://drive.google.com/drive/folders/1OMv5M_auEmucgE0k8vOPCcqEauP4lTsx","ZIP_code":"02912","Property_Status":"Active","Ownership_Status":"Owned","Occupancy_Status":"Brown Occupied","Official_Name":null,"Aliases":"DISPNAME: 108-110 Charlesfield","Long_Description":"108-110 Charlesfield Street is a three story building that was constructed in 1910.  The building is used as rental unit.","Portfolio":"AUXILIARY","National_Historic_District":"College Hill Historic District (National)","City_of_Providence_Historic_Dis":null,"Municipal_Zone":"One Family District - Within I-Zone","Grid_Coord":"CM71","Gross_area__Property_":6256.7006046388888,"Floors_Assignable_area":0,"Net_area":5374.5573559513887,"Accessibility_Code":"3","Building_Occupancy":4,"Building_Type":"HOUSE","Building_Usage":"AUXILIARY","Tax_Status":"Property Exempt from Tax","Legal_Use":"2 Family","Current_Use":"2 Family","Cost_Rec":"Y","Year_of_Construction":1910,"Date_of_last_major_construction":null,"Date_acquired":"12/17/1970","Date_relinquished":null,"Means_of_Acquisition":null,"GPS_Coordinates__Lat__Long_":"41.823971,-71.397601","Building_System":null,"CHP_Loop":null,"Electricity_Source":null,"Utility_Feeder_Number":"77J4","Primary_Feeder":null,"Secondary_Feeder":null,"LEED_Level":null,"LEED_Status":null,"LEED_Link":null,"ObjectID_1":142,"Shape__Area":1767.6263580322266,"Shape__Length":186.11134753472859,"lat":41.823966681860249,"lon":-71.3976336692386,"NAV_Number":-0.17,"NAV_Desc":"Transitional/ Gut Renovation/ Replacement","Accessibility_Level":"A wheelchair or person with mobility challenges can enter the facility, access the primary function within that facility and access the restroom facility..","Maintained_By":"MAINTAINED BY BROWN"}},{"type":"Feature","id":151,"geometry":{"type":"Polygon","coordinates":[[[-71.3974195359442,41.8237794428711],[-71.3972639599271,41.8237908290884],[-71.3972517822264,41.8236967461845],[-71.3974077982149,41.8236855791589],[-71.3974083800035,41.8236890919044],[-71.3974469806802,41.8236861624529],[-71.397451185568,41.8237183290485],[-71.3974601383782,41.823717678892],[-71.3974649228133,41.8237540163785],[-71.3974166364135,41.8237574863943],[-71.3974195359442,41.8237794428711]]]},"properties":{"OBJECTID":151,"Building":100069,"Property_Type":"Building","Property_Code":"100069","Chart_String":";,LOC100069,,,","Property_Name":"Feinstein","Property_Abbr":"FEINSTEIN","Address_Line_1":"130 Hope St","Address_Line_2":null,"City_and_State":"Providence, RI","External_Floorplan_Link":"https://drive.google.com/drive/folders/16vV9PO_xf-CljMLC__stXCvZicHEC9h6","ZIP_code":"02912","Property_Status":"Active","Ownership_Status":"Owned","Occupancy_Status":"Brown Occupied","Official_Name":null,"Aliases":"DISPNAME: Feinstein House; LEGACY: Louis & Lillian Feinstein House","Long_Description":"Feinstein House is a three story house built in 1917 of stone, brick, wood, and concrete. Currently, the University uses this house for academic purposes.","Portfolio":"ACADEMIC","National_Historic_District":"Cooke Street / Power Street (National)","City_of_Providence_Historic_Dis":null,"Municipal_Zone":"One Family District - Within I-Zone","Grid_Coord":"CK73","Gross_area__Property_":4742.2588930486108,"Floors_Assignable_area":0,"Net_area":4029.2105039722223,"Accessibility_Code":"0","Building_Occupancy":0,"Building_Type":"HOUSE","Building_Usage":"ACAD","Tax_Status":"Property Exempt from Tax","Legal_Use":"Office","Current_Use":"Academic","Cost_Rec":"Y","Year_of_Construction":1917,"Date_of_last_major_construction":null,"Date_acquired":"09/12/1984","Date_relinquished":null,"Means_of_Acquisition":null,"GPS_Coordinates__Lat__Long_":"41.823739,-71.397338","Building_System":"METASYS","CHP_Loop":null,"Electricity_Source":null,"Utility_Feeder_Number":"77J4","Primary_Feeder":null,"Secondary_Feeder":null,"LEED_Level":null,"LEED_Status":null,"LEED_Link":null,"ObjectID_1":59,"Shape__Area":1767.3048858642578,"Shape__Length":180.43190087052545,"lat":41.823735638834535,"lon":-71.397352542855486,"NAV_Number":0.8,"NAV_Desc":"Repair and Maintain","Accessibility_Level":"A physical barrier exists that would prevent a wheelchair user from entering the facility.","Maintained_By":"MAINTAINED BY BROWN"}},{"type":"Feature","id":152,"geometry":{"type":"Polygon","coordinates":[[[-71.3975020036549,41.823415739549],[-71.3975363154479,41.8236181854793],[-71.3974197759705,41.8236290584141],[-71.3974219561226,41.8236424520165],[-71.3972411288087,41.8236596345485],[-71.3972248454786,41.8235640101863],[-71.3972415780046,41.8235623784338],[-71.397244961887,41.8235568929886],[-71.3972743237246,41.8235497840556],[-71.3972872267345,41.8235568209458],[-71.3973002899264,41.8235555154281],[-71.3972985464893,41.8235445369252],[-71.3973245256679,41.8235421454372],[-71.3973264159579,41.8235531240709],[-71.3973383040098,41.8235520371815],[-71.3973507953865,41.8235417295486],[-71.3973678203968,41.823540098039],[-71.3973795549129,41.8235439511733],[-71.3973838048009,41.8235479065617],[-71.397388500866,41.8235475812321],[-71.3973684392084,41.8234284636446],[-71.3975020036549,41.823415739549]]]},"properties":{"OBJECTID":152,"Building":100070,"Property_Type":"Building","Property_Code":"100070","Chart_String":";,LOC100070,,,","Property_Name":"Giddings House","Property_Abbr":"GIDDINGS","Address_Line_1":"128 Hope St","Address_Line_2":null,"City_and_State":"Providence, RI","External_Floorplan_Link":"https://drive.google.com/drive/folders/1s0i_H5-0Cai_YpzgPu2RImUX-bcylypO","ZIP_code":"02912","Property_Status":"Active","Ownership_Status":"Owned","Occupancy_Status":"Brown Occupied","Official_Name":null,"Aliases":"DISPNAME: Giddings House; LEGACY: Professor James Louis Giddings; NICKNAME: Anthropology","Long_Description":"Giddings House is a three story building constructed in 1908 and is named for J. Louise Gidding, former Director of the Haffenreffer Museum and respected Artic archaeologist.   The building had a major three story addition added in the last thirty years. Acquired by Brown in 1969, the building is currently used for academic purposes, and its garden also serves as social and unofficial classroom space.","Portfolio":"ACADEMIC","National_Historic_District":"Cooke Street / Power Street (National)","City_of_Providence_Historic_Dis":null,"Municipal_Zone":"One Family District - Within I-Zone","Grid_Coord":"CK75","Gross_area__Property_":13802.519205951388,"Floors_Assignable_area":2705.4893,"Net_area":11741.891742118056,"Accessibility_Code":"3","Building_Occupancy":57,"Building_Type":"HOUSE","Building_Usage":"ACAD","Tax_Status":"Property Exempt from Tax","Legal_Use":"Office","Current_Use":"Office","Cost_Rec":"Y","Year_of_Construction":1908,"Date_of_last_major_construction":null,"Date_acquired":"01/01/1969","Date_relinquished":null,"Means_of_Acquisition":null,"GPS_Coordinates__Lat__Long_":"41.823577,-71.397362","Building_System":null,"CHP_Loop":null,"Electricity_Source":null,"Utility_Feeder_Number":"77J4","Primary_Feeder":null,"Secondary_Feeder":null,"LEED_Level":null,"LEED_Status":null,"LEED_Link":null,"ObjectID_1":60,"Shape__Area":4432.9287719726563,"Shape__Length":334.54337844331747,"lat":41.823553286882991,"lon":-71.397400032813479,"NAV_Number":0.74,"NAV_Desc":"Repair and Maintain","Accessibility_Level":"A wheelchair or person with mobility challenges can enter the facility, access the primary function within that facility and access the restroom facility..","Maintained_By":"MAINTAINED BY BROWN"}},{"type":"Feature","id":153,"geometry":{"type":"Polygon","coordinates":[[[-71.3969229179281,41.8233249911195],[-71.3969493873324,41.8234747404981],[-71.3967255459751,41.8235015424704],[-71.3966943836433,41.8233512396135],[-71.3968184080804,41.8233390569401],[-71.3968133187153,41.8233099632854],[-71.3968693864549,41.8233043063806],[-71.3968740421418,41.8233298865171],[-71.3969229179281,41.8233249911195]]]},"properties":{"OBJECTID":153,"Building":100153,"Property_Type":"Building","Property_Code":"100153","Chart_String":";,LOC100153,,,","Property_Name":"Steinert Center","Property_Abbr":"STEINERT","Address_Line_1":"148 Power St","Address_Line_2":null,"City_and_State":"Providence, RI","External_Floorplan_Link":"https://drive.google.com/drive/folders/1pRdauICEyoqO25Bc6EPiBiQCuXCU6KWd","ZIP_code":"02912","Property_Status":"Active","Ownership_Status":"Owned","Occupancy_Status":"Brown Occupied","Official_Name":null,"Aliases":"DISPNAME: Steinert Ctr","Long_Description":"Steinert Hall is a two-story building constructed in 1966.  The building provides offices, multimedia classrooms, practice rooms and state of the art digital media studios for the music department.","Portfolio":"ACADEMIC","National_Historic_District":"Cooke Street / Power Street (National)","City_of_Providence_Historic_Dis":null,"Municipal_Zone":"One Family District - Within I-Zone","Grid_Coord":"CI77","Gross_area__Property_":10126.363095291666,"Floors_Assignable_area":2119.1039,"Net_area":8842.2244097430557,"Accessibility_Code":"3","Building_Occupancy":0,"Building_Type":"BUILDING","Building_Usage":"ACAD","Tax_Status":"Property Exempt from Tax","Legal_Use":"Classroom","Current_Use":"Classroom","Cost_Rec":"Y","Year_of_Construction":1966,"Date_of_last_major_construction":null,"Date_acquired":"01/01/1969","Date_relinquished":null,"Means_of_Acquisition":null,"GPS_Coordinates__Lat__Long_":"41.823373,-71.396778","Building_System":null,"CHP_Loop":null,"Electricity_Source":null,"Utility_Feeder_Number":"77J4","Primary_Feeder":null,"Secondary_Feeder":null,"LEED_Level":null,"LEED_Status":null,"LEED_Link":null,"ObjectID_1":137,"Shape__Area":3586.9425964355469,"Shape__Length":255.31374730375478,"lat":41.82340920183254,"lon":-71.396823945601284,"NAV_Number":0.79,"NAV_Desc":"Repair and Maintain","Accessibility_Level":"A wheelchair or person with mobility challenges can enter the facility, access the primary function within that facility and access the restroom facility..","Maintained_By":"MAINTAINED BY BROWN"}},{"type":"Feature","id":154,"geometry":{"type":"Polygon","coordinates":[[[-71.399998750131,41.8238221558966],[-71.3998409692761,41.8238335697946],[-71.3998415116163,41.8238377658513],[-71.399788836123,41.8238415760667],[-71.3997882937862,41.8238373800098],[-71.3996731352753,41.8238457093734],[-71.3996736894982,41.8238499972759],[-71.399621013985,41.8238538074144],[-71.3996204609581,41.8238495267154],[-71.3994708009373,41.8238603520762],[-71.3994713836956,41.8238648569865],[-71.3994187081585,41.8238686670322],[-71.3994181254038,41.8238641621216],[-71.3993438557438,41.82386953422],[-71.3993258843479,41.8237483795419],[-71.3993283678153,41.8237482052518],[-71.3993153838306,41.8236443990881],[-71.3993130025501,41.8236446562988],[-71.3992750696778,41.8233390548764],[-71.3992658563452,41.823264826373],[-71.3992633728865,41.8232650069642],[-71.3992476180136,41.8231436939443],[-71.399250147217,41.8231435070912],[-71.3992499009904,41.8231416359688],[-71.3993661010408,41.8231330711512],[-71.3994120010569,41.8231296882598],[-71.3994123000085,41.8231317133862],[-71.3994150387111,41.8231314870979],[-71.3994329272292,41.8232525282598],[-71.3994303691495,41.8232527051879],[-71.3994775175217,41.823632535049],[-71.3994749594256,41.8236327128785],[-71.3994878319727,41.8237363595667],[-71.3996051860917,41.8237294008242],[-71.3996045360672,41.8237232599381],[-71.399656478496,41.8237201802427],[-71.3996569660335,41.8237247760033],[-71.399773174981,41.8237157786197],[-71.3997725957745,41.8237112989234],[-71.3998248341732,41.823707522547],[-71.3998254086177,41.823711970727],[-71.3999835178105,41.8237005382288],[-71.3999901542971,41.823753528109],[-71.399998750131,41.8238221558966]]]},"properties":{"OBJECTID":154,"Building":100036,"Property_Type":"Building","Property_Code":"100036","Chart_String":";,LOC100036,,,","Property_Name":"Vartan Gregorian Quad A","Property_Abbr":"VGQUADA","Address_Line_1":"103 Thayer St","Address_Line_2":null,"City_and_State":"Providence, RI","External_Floorplan_Link":"https://drive.google.com/drive/folders/11cl2gXS6JiUAU9RbZgj5dQG_0_jT9rSu","ZIP_code":"02912","Property_Status":"Active","Ownership_Status":"Owned","Occupancy_Status":"Brown Occupied","Official_Name":null,"Aliases":"ALTADDRS: 101 Thayer St; DISPNAME: Gregorian Quad A; LEGACY: President Vartan Gregorian","Long_Description":"Renamed in honor of Brown's 16th president, Vartan Gregorian Quad opened in September 1991 as the Thayer Street Quadrangle. More affectionately known as New Dorm, Gregorian Quad is divided into two L-shaped wings with a grassy quadrangle in the middle. The Quad is also home to Josiah's snack bar, named after famed Professor of Psychoceramics Josiah S. Carberry.","Portfolio":"RESIDENCE HALL","National_Historic_District":"College Hill Historic District (National)","City_of_Providence_Historic_Dis":"College Hill Historic District (Providence)","Municipal_Zone":"One Family District - Within I-Zone","Grid_Coord":"CY72","Gross_area__Property_":95388.268995104168,"Floors_Assignable_area":4089.3284,"Net_area":80397.347462895836,"Accessibility_Code":"4","Building_Occupancy":164,"Building_Type":"BUILDING","Building_Usage":"RES HALL","Tax_Status":"Property Exempt from Tax","Legal_Use":"Dormitory","Current_Use":"Dormitory","Cost_Rec":"Y","Year_of_Construction":1991,"Date_of_last_major_construction":null,"Date_acquired":"06/21/1949","Date_relinquished":null,"Means_of_Acquisition":null,"GPS_Coordinates__Lat__Long_":"41.823527,-71.399336","Building_System":"SIEMENS","CHP_Loop":null,"Electricity_Source":"Brown","Utility_Feeder_Number":"1151","Primary_Feeder":"7-1","Secondary_Feeder":"S-5","LEED_Level":null,"LEED_Status":null,"LEED_Link":null,"ObjectID_1":30,"Shape__Area":18100.728973388672,"Shape__Length":914.11132014127031,"lat":41.823592583990056,"lon":-71.399501178538046,"NAV_Number":0.88,"NAV_Desc":"Capital Upkeep","Accessibility_Level":"The facility is mostly accessible to a wheelchair user or person with mobility challenges.","Maintained_By":"MAINTAINED BY BROWN"}},{"type":"Feature","id":155,"geometry":{"type":"Polygon","coordinates":[[[-71.3999680982153,41.8235971972935],[-71.399805645929,41.8236089329986],[-71.3997562828608,41.8232293759412],[-71.3994994279727,41.8232477327266],[-71.399484066093,41.8231265254224],[-71.3999053571461,41.823095943199],[-71.3999210952095,41.8232172462115],[-71.3999195760074,41.8232173547294],[-71.3999680982153,41.8235971972935]]]},"properties":{"OBJECTID":155,"Building":100061,"Property_Type":"Building","Property_Code":"100061","Chart_String":";,LOC100061,,,","Property_Name":"Vartan Gregorian Quad B","Property_Abbr":"VGQUADB","Address_Line_1":"101 Thayer St","Address_Line_2":null,"City_and_State":"Providence, RI","External_Floorplan_Link":"https://drive.google.com/drive/folders/1k69S1ouwCaqP13RN7Y5k8f-wjpBP2RUo","ZIP_code":"02912","Property_Status":"Active","Ownership_Status":"Owned","Occupancy_Status":"Brown Occupied","Official_Name":null,"Aliases":"DISPNAME: Gregorian Quad B; LEGACY: President Vartan Gregorian","Long_Description":"Renamed in honor of Brown's 16th president, Vartan Gregorian Quad opened in September 1991 as the Thayer Street Quadrangle. More affectionately known as New Dorm, Gregorian Quad is divided into two L-shaped wings with a grassy quadrangle in the middle. The Quad is also home to Josiah's snack bar, named after famed Professor of Psychoceramics Josiah S. Carberry.","Portfolio":"RESIDENCE HALL","National_Historic_District":"College Hill Historic District (National)","City_of_Providence_Historic_Dis":"College Hill Historic District (Providence)","Municipal_Zone":"One Family District - Within I-Zone","Grid_Coord":"CY73","Gross_area__Property_":55239.6142578125,"Floors_Assignable_area":0,"Net_area":47287.708096868053,"Accessibility_Code":"4","Building_Occupancy":136,"Building_Type":"BUILDING","Building_Usage":"RES HALL","Tax_Status":"Property Exempt from Tax","Legal_Use":"Dormitory","Current_Use":"Dormitory","Cost_Rec":"Y","Year_of_Construction":1991,"Date_of_last_major_construction":null,"Date_acquired":"06/21/1949","Date_relinquished":null,"Means_of_Acquisition":null,"GPS_Coordinates__Lat__Long_":"41.823319,-71.399814","Building_System":"SIEMENS","CHP_Loop":null,"Electricity_Source":"Brown","Utility_Feeder_Number":"1151","Primary_Feeder":"7-1","Secondary_Feeder":"S-5","LEED_Level":null,"LEED_Status":null,"LEED_Link":null,"ObjectID_1":52,"Shape__Area":11327.914749145508,"Shape__Length":597.3859483942864,"lat":41.823303897321672,"lon":-71.399790031436069,"NAV_Number":0.85,"NAV_Desc":"Capital Upkeep","Accessibility_Level":"The facility is mostly accessible to a wheelchair user or person with mobility challenges.","Maintained_By":"MAINTAINED BY BROWN"}},{"type":"Feature","id":156,"geometry":{"type":"Polygon","coordinates":[[[-71.3997249179276,41.8228773579445],[-71.399730827404,41.8229224395262],[-71.3988185155555,41.8229893505466],[-71.3988122760576,41.8229417512772],[-71.398756595253,41.8229458347771],[-71.3987109116956,41.8225973070899],[-71.3987090515321,41.8225831187913],[-71.3987054525375,41.8225556579468],[-71.3987421647649,41.8225529649841],[-71.3987382957718,41.8225234448246],[-71.3998136659078,41.8224445743892],[-71.3998189164279,41.8224846215937],[-71.3998663256196,41.8224810615691],[-71.3999161359061,41.8228610223708],[-71.3998806466159,41.8228636249397],[-71.3998868571623,41.8229109954402],[-71.3998189385877,41.8229159772322],[-71.3998130290514,41.8228708947546],[-71.3997249179276,41.8228773579445]]]},"properties":{"OBJECTID":156,"Building":100138,"Property_Type":"Building","Property_Code":"100138","Chart_String":";,LOC100138,,,","Property_Name":"Power St Parking Garage","Property_Abbr":"POWERPARK","Address_Line_1":"101 Power St","Address_Line_2":null,"City_and_State":"Providence, RI","External_Floorplan_Link":"https://drive.google.com/drive/folders/1qDOGDK51mgAh-II4GBh6IkRjlp9QOM8q","ZIP_code":"02912","Property_Status":"Active","Ownership_Status":"Owned","Occupancy_Status":"Brown Occupied","Official_Name":null,"Aliases":"DISPNAME: Power Street Parking","Long_Description":"Power Street Parking Garage is a two story parking facility.","Portfolio":"Admin/Support","National_Historic_District":"College Hill Historic District (National)","City_of_Providence_Historic_Dis":"College Hill Historic District (Providence)","Municipal_Zone":"One Family District - Outside I-Zone","Grid_Coord":"CT80","Gross_area__Property_":107789.81944444444,"Floors_Assignable_area":51815.4931,"Net_area":104695.56524640972,"Accessibility_Code":"2","Building_Occupancy":0,"Building_Type":"BUILDING","Building_Usage":"SUPPORT","Tax_Status":"Property Exempt from Tax","Legal_Use":"Garage","Current_Use":"Garage","Cost_Rec":"Y","Year_of_Construction":1988,"Date_of_last_major_construction":null,"Date_acquired":null,"Date_relinquished":null,"Means_of_Acquisition":"BUILT","GPS_Coordinates__Lat__Long_":"41.822718,-71.399334","Building_System":null,"CHP_Loop":null,"Electricity_Source":null,"Utility_Feeder_Number":"77J4","Primary_Feeder":null,"Secondary_Feeder":null,"LEED_Level":null,"LEED_Status":null,"LEED_Link":null,"ObjectID_1":124,"Shape__Area":53203.33332824707,"Shape__Length":1010.3695230729516,"lat":41.822715409972552,"lon":-71.39930858771713,"NAV_Number":0.72,"NAV_Desc":"Repair and Maintain","Accessibility_Level":"A wheelchair user or person with mobility challenges can enter the facility and access the primary function within that facility.","Maintained_By":"MAINTAINED BY BROWN"}},{"type":"Feature","id":157,"geometry":{"type":"Polygon","coordinates":[[[-71.3990172774003,41.8221663661306],[-71.3986337836257,41.8221897379269],[-71.3985984893498,41.8218652277877],[-71.3988390332975,41.8218506211701],[-71.398858850337,41.8220332951312],[-71.3989397167301,41.8220284270359],[-71.398938995446,41.8220209616811],[-71.3990010759762,41.8220171745288],[-71.3990172774003,41.8221663661306]]]},"properties":{"OBJECTID":157,"Building":100148,"Property_Type":"Building","Property_Code":"100148","Chart_String":";,LOC100148,,,","Property_Name":"John St 050","Property_Abbr":"JOHN050","Address_Line_1":"50 John St","Address_Line_2":null,"City_and_State":"Providence, RI","External_Floorplan_Link":"https://drive.google.com/drive/folders/13AEnvLiSzs9d_dD9tXjYTzr-fMX2FSCy","ZIP_code":"02912","Property_Status":"Active","Ownership_Status":"Owned","Occupancy_Status":"Brown Occupied","Official_Name":null,"Aliases":"DISPNAME: 50 John","Long_Description":"50 John Street is a two story building, constructed in 1910.  The building serves as a support facility.","Portfolio":"ACADEMIC","National_Historic_District":"College Hill Historic District (National)","City_of_Providence_Historic_Dis":"College Hill Historic District (Providence)","Municipal_Zone":"Two Family District - Outside I-Zone","Grid_Coord":"CT86","Gross_area__Property_":13396.994791666666,"Floors_Assignable_area":6731.8754,"Net_area":11954.819263347223,"Accessibility_Code":"2","Building_Occupancy":0,"Building_Type":"BUILDING","Building_Usage":"ACAD","Tax_Status":"Property Exempt from Tax","Legal_Use":"Maintenance Shop","Current_Use":"Maintenance Shop","Cost_Rec":"Y","Year_of_Construction":1910,"Date_of_last_major_construction":null,"Date_acquired":"03/01/1966","Date_relinquished":null,"Means_of_Acquisition":null,"GPS_Coordinates__Lat__Long_":"41.822024,-71.398752","Building_System":null,"CHP_Loop":null,"Electricity_Source":null,"Utility_Feeder_Number":"2J7","Primary_Feeder":null,"Secondary_Feeder":null,"LEED_Level":null,"LEED_Status":null,"LEED_Link":null,"ObjectID_1":133,"Shape__Area":9875.8838195800781,"Shape__Length":452.44864498531405,"lat":41.822036528815488,"lon":-71.398778875224338,"NAV_Number":0.68,"NAV_Desc":"Systemic Renovation","Accessibility_Level":"A wheelchair user or person with mobility challenges can enter the facility and access the primary function within that facility.","Maintained_By":"MAINTAINED BY BROWN"}},{"type":"Feature","id":158,"geometry":{"type":"Polygon","coordinates":[[[-71.400507165892,41.8231623438845],[-71.4004988089525,41.8231630290076],[-71.4005001739292,41.8231723496091],[-71.400497743411,41.8231725482796],[-71.4004974349155,41.8231704457186],[-71.400467043195,41.82317293674],[-71.4004673516895,41.8231750393011],[-71.4004649199661,41.8231752388702],[-71.4004635549945,41.8231659182684],[-71.4004258693085,41.823169007987],[-71.4004291995539,41.8231917399564],[-71.4004391527668,41.8231909247722],[-71.4004405522903,41.8232004722899],[-71.4004533164349,41.8231994254523],[-71.40045358324,41.8232012443703],[-71.4004507711072,41.8232014751214],[-71.4004541025667,41.823224207091],[-71.4004569134954,41.8232239772391],[-71.4004571790984,41.8232257952556],[-71.4004344617302,41.8232276572783],[-71.4004377931839,41.8232503901486],[-71.4004477452035,41.8232495740623],[-71.4004491447282,41.8232591224802],[-71.4004619088843,41.8232580756416],[-71.4004621756898,41.8232598945595],[-71.4004593647596,41.8232601244115],[-71.40046269502,41.8232828572799],[-71.4004655059526,41.8232826265275],[-71.4004657727584,41.8232844454454],[-71.4004430541661,41.8232863074687],[-71.400446387051,41.8233081201923],[-71.4004490631569,41.8233079001275],[-71.400449463365,41.8233106285044],[-71.4004350270853,41.8233118116443],[-71.4004359346871,41.8233180067699],[-71.4004023515522,41.8233207588075],[-71.4003971644251,41.8232853529429],[-71.4003844002625,41.8232863997743],[-71.4003850827445,41.8232910596254],[-71.4003826522201,41.8232912591939],[-71.40037778907,41.8232580693458],[-71.4003528686878,41.8232601122108],[-71.4003488214353,41.8232324916718],[-71.400318430882,41.8232349835552],[-71.4003195218986,41.8232424285127],[-71.400306756541,41.8232434744341],[-71.400308156046,41.8232530219533],[-71.4003057243192,41.8232532215191],[-71.4003054158295,41.8232511189575],[-71.4002750252672,41.8232536099291],[-71.4002753325521,41.8232557124897],[-71.4002729020287,41.8232559120558],[-71.4002704127215,41.8232389195792],[-71.4002400209599,41.8232414105405],[-71.4002411119675,41.8232488554988],[-71.4002283478111,41.8232499014125],[-71.4002297461009,41.8232594489316],[-71.4002273143735,41.8232596484957],[-71.4002270070901,41.823257545935],[-71.400196615318,41.8232600368847],[-71.4001969238041,41.8232621394466],[-71.4001944920766,41.82326233901],[-71.4001920027899,41.8232453465317],[-71.4001616110223,41.8232478374722],[-71.4001619278447,41.8232499967629],[-71.4001594961175,41.8232501963255],[-71.4001579144158,41.8232393980739],[-71.4001496333036,41.8232400769352],[-71.400145952984,41.8232149578523],[-71.4001933632028,41.8232110717711],[-71.4001919649194,41.8232015242515],[-71.4001857339256,41.8232020347323],[-71.40018213697,41.8231774829371],[-71.4001904951184,41.823176797838],[-71.4001891301851,41.8231674781333],[-71.4001915607054,41.823167278569],[-71.4001918691909,41.8231693811308],[-71.4002222597166,41.8231668901812],[-71.4002219524338,41.8231647876204],[-71.4002243829539,41.8231645880554],[-71.4002257490945,41.8231739086611],[-71.4002634347914,41.8231708199085],[-71.4002601034035,41.8231480870329],[-71.4002501501936,41.8231489031019],[-71.4002487519031,41.8231393555829],[-71.4002359877686,41.8231404014974],[-71.4002357209699,41.823138582579],[-71.4002385318957,41.8231383527324],[-71.4002352017219,41.823115619857],[-71.4002323907958,41.8231158506038],[-71.4002321239973,41.8231140316853],[-71.4002548413311,41.8231121697026],[-71.4002515111529,41.8230894368276],[-71.4002415579519,41.8230902528959],[-71.400240159664,41.8230807053766],[-71.400227395541,41.8230817512903],[-71.4002271287428,41.8230799323718],[-71.400229939666,41.8230797025255],[-71.4002266094983,41.8230569696496],[-71.4002237985746,41.8230572003962],[-71.4002235317766,41.8230553814777],[-71.4002462490899,41.8230535194966],[-71.4002429189178,41.8230307866211],[-71.4002401079954,41.8230310173681],[-71.4002398411971,41.8230291984496],[-71.4002542774168,41.8230280153341],[-71.4002533698352,41.8230218211072],[-71.4002869516178,41.8230190682113],[-71.4002921386631,41.8230544740825],[-71.4003049039833,41.8230534281627],[-71.4003042203074,41.8230487674095],[-71.4003066520251,41.8230485687441],[-71.4003115139205,41.823081757695],[-71.4003364354385,41.8230797148398],[-71.4003404814725,41.823107335379],[-71.4003708731669,41.823104844391],[-71.4003697821467,41.8230973994337],[-71.400382546272,41.8230963526039],[-71.4003811479629,41.8230868050864],[-71.4003835796833,41.823086605519],[-71.4003838869696,41.8230887089797],[-71.4004142786535,41.8230862179802],[-71.4004139701625,41.8230841145185],[-71.4004164018812,41.8230839158508],[-71.4004188912211,41.8231009083248],[-71.4004492829094,41.823098417316],[-71.4004481918803,41.8230909723595],[-71.400460956003,41.8230899255209],[-71.4004595576825,41.8230803780043],[-71.4004619881986,41.8230801784342],[-71.4004622966912,41.8230822818958],[-71.4004926883704,41.8230797899752],[-71.4004923798755,41.8230776874141],[-71.4004948115952,41.8230774878443],[-71.4004973009541,41.823094481217],[-71.4005264612861,41.8230919882209],[-71.4005261599438,41.8230899297827],[-71.4005298075238,41.823089630427],[-71.4005313892843,41.8231004286738],[-71.4005396703746,41.823099749785],[-71.4005433508402,41.8231248697563],[-71.4004959407059,41.8231287559821],[-71.4004973390329,41.8231383034982],[-71.4005035688144,41.8231377929994],[-71.400507165892,41.8231623438845]]]},"properties":{"OBJECTID":158,"Building":100176,"Property_Type":"Building","Property_Code":"100176","Chart_String":";,LOC100176,,,","Property_Name":"Graduate Center C","Property_Abbr":"GRADCTRC","Address_Line_1":"82 Thayer St","Address_Line_2":null,"City_and_State":"Providence, RI","External_Floorplan_Link":"https://drive.google.com/drive/folders/1fUaeERz1r7PCJqe87v_1FYzi-U_hHxHr","ZIP_code":"02912","Property_Status":"Active","Ownership_Status":"Owned","Occupancy_Status":"Brown Occupied","Official_Name":null,"Aliases":"ALTADDRS: 42 Charlesfield St; DISPNAME: Grad Ctr C","Long_Description":"Built in 1968, the Graduate Center consists of four residential towers connected by bridge walkways to a common building.","Portfolio":"RESIDENCE HALL","National_Historic_District":"College Hill Historic District (National)","City_of_Providence_Historic_Dis":null,"Municipal_Zone":"One Family District - Within I-Zone","Grid_Coord":"FB75","Gross_area__Property_":30667.482644520835,"Floors_Assignable_area":2185.7471,"Net_area":23528.983979895835,"Accessibility_Code":"0","Building_Occupancy":108,"Building_Type":"BUILDING","Building_Usage":"RES HALL","Tax_Status":"Property Exempt from Tax","Legal_Use":"Dormitory","Current_Use":"Dormitory","Cost_Rec":"Y","Year_of_Construction":1968,"Date_of_last_major_construction":null,"Date_acquired":"03/15/1920","Date_relinquished":null,"Means_of_Acquisition":null,"GPS_Coordinates__Lat__Long_":"41.823629,-71.400369","Building_System":null,"CHP_Loop":null,"Electricity_Source":"Brown","Utility_Feeder_Number":"1151","Primary_Feeder":"7-1","Secondary_Feeder":"S-5","LEED_Level":null,"LEED_Status":null,"LEED_Link":null,"ObjectID_1":159,"Shape__Area":5064.2349624633789,"Shape__Length":596.5111822523628,"lat":41.82316991828931,"lon":-71.40034467453097,"NAV_Number":0.3,"NAV_Desc":"Transitional/ Gut Renovation/ Replacement","Accessibility_Level":"A physical barrier exists that would prevent a wheelchair user from entering the facility.","Maintained_By":"MAINTAINED BY BROWN"}},{"type":"Feature","id":159,"geometry":{"type":"Polygon","coordinates":[[[-71.4008037870436,41.8231377186123],[-71.4008003222755,41.8231131561461],[-71.4008065556339,41.8231126645412],[-71.4008052078225,41.8231031125707],[-71.4007577774787,41.8231068557331],[-71.4007542329614,41.823081725082],[-71.4007625176189,41.8230810713897],[-71.4007609948066,41.8230702686953],[-71.4007646423664,41.8230699810365],[-71.4007649471702,41.8230721412155],[-71.4007941360766,41.8230698381478],[-71.4007917381285,41.8230528385581],[-71.4007941710388,41.8230526461858],[-71.4007944675055,41.8230547496361],[-71.4008248722562,41.8230523503739],[-71.4008245745849,41.8230502469226],[-71.4008270074937,41.82305005545],[-71.400828354105,41.8230596065189],[-71.4008411241726,41.8230585992582],[-71.4008421755201,41.8230660477782],[-71.4008725790708,41.8230636485023],[-71.4008701823071,41.8230466480149],[-71.400872614012,41.8230464565402],[-71.4008729104812,41.8230485599903],[-71.4009033152261,41.8230461607074],[-71.4009030187559,41.8230440572574],[-71.4009054504619,41.8230438648816],[-71.400906798287,41.823053416851],[-71.4009195683535,41.8230524086813],[-71.4009206185064,41.8230598571995],[-71.400951023255,41.8230574579039],[-71.4009471262342,41.8230298258101],[-71.4009720572249,41.8230278584538],[-71.4009673743621,41.8229946543791],[-71.4009698060647,41.8229944629024],[-71.4009704645099,41.8229991245302],[-71.4009832345633,41.8229981172537],[-71.4009782385495,41.8229626953719],[-71.4010118345579,41.8229600440148],[-71.4010127085036,41.8229662418082],[-71.401027150647,41.822965101817],[-71.4010274078366,41.8229669216257],[-71.4010245957299,41.8229671433875],[-71.4010278033863,41.8229898860389],[-71.4010505301774,41.8229880923327],[-71.4010507873678,41.8229899121414],[-71.4010479740565,41.8229901339027],[-71.4010511817223,41.8230128765533],[-71.4010539950359,41.8230126538916],[-71.4010542510228,41.8230144736992],[-71.4010414809673,41.8230154809836],[-71.401042828812,41.8230250329515],[-71.4010328708634,41.8230258184727],[-71.4010360785255,41.8230485611236],[-71.4010588065395,41.8230467683172],[-71.401059062528,41.8230485872245],[-71.4010562504179,41.823048808987],[-71.4010594580895,41.8230715516372],[-71.4010622702006,41.8230713298745],[-71.401062527393,41.8230731487829],[-71.4010497573245,41.8230741569685],[-71.4010511039681,41.8230837089352],[-71.4010411472142,41.8230844944581],[-71.4010443548821,41.8231072371085],[-71.4010820559742,41.8231042615434],[-71.4010807414741,41.8230949373908],[-71.4010831731815,41.8230947450114],[-71.4010834696564,41.8230968493612],[-71.4011138744165,41.8230944500226],[-71.4011135779406,41.8230923456728],[-71.4011160096464,41.8230921541929],[-71.4011173253552,41.8231014783461],[-71.4011256870561,41.8231008183916],[-71.4011291507443,41.8231253808471],[-71.401122917387,41.8231258724696],[-71.4011242652461,41.8231354244363],[-71.40117169559,41.8231316811226],[-71.4011752402733,41.8231568117608],[-71.4011669556101,41.8231574654828],[-71.4011684784927,41.8231682681718],[-71.4011648309291,41.8231685558434],[-71.4011645441691,41.8231663938803],[-71.4011353371742,41.8231686988272],[-71.4011377352175,41.8231856984095],[-71.4011353023031,41.8231858907891],[-71.4011350058247,41.8231837873397],[-71.4011046022269,41.8231861866849],[-71.4011048987043,41.8231882901344],[-71.4011024657897,41.8231884825133],[-71.4011011191364,41.8231789305474],[-71.401088349049,41.8231799378369],[-71.4010872988733,41.8231724902207],[-71.4010568940754,41.8231748895522],[-71.4010592920982,41.8231918891361],[-71.4010568591847,41.8231920806137],[-71.4010565627089,41.8231899771642],[-71.4010261579015,41.8231923764876],[-71.4010264543764,41.8231944799372],[-71.401024022665,41.8231946723155],[-71.4010226748196,41.8231851203476],[-71.4010099047283,41.8231861285288],[-71.401008854563,41.8231786800115],[-71.4009784497593,41.8231810793223],[-71.4009823480062,41.8232087114154],[-71.400957415742,41.8232106787728],[-71.4009620986152,41.8232438828466],[-71.4009596669032,41.8232440743232],[-71.4009590084562,41.8232394126955],[-71.4009462395582,41.8232404199702],[-71.400951234372,41.8232758418507],[-71.400917638196,41.8232784931897],[-71.4009167642553,41.823272295396],[-71.4009023220409,41.8232734353732],[-71.4009019362593,41.8232707061099],[-71.4009047495833,41.8232704843522],[-71.4009016693474,41.8232486511519],[-71.40087894246,41.8232504448284],[-71.4008786852734,41.8232486250194],[-71.4008814985966,41.8232484032622],[-71.4008782909779,41.8232256615082],[-71.4008754776557,41.8232258832653],[-71.4008752216731,41.8232240634573],[-71.4008879917726,41.8232230561915],[-71.4008866439468,41.8232135042222],[-71.4008966019262,41.8232127187137],[-71.4008933943054,41.8231899760596],[-71.4008706662349,41.8231917697335],[-71.4008704102525,41.8231899499255],[-71.4008732223694,41.8231897281675],[-71.4008700147579,41.8231669855127],[-71.400867202642,41.8231672072706],[-71.4008669454547,41.8231653883619],[-71.4008797155441,41.8231643801966],[-71.4008783689244,41.8231548282282],[-71.4008883256912,41.8231540427193],[-71.4008851180762,41.8231313000648],[-71.4008474169592,41.8231342755653],[-71.4008487326299,41.8231435997214],[-71.4008462997163,41.8231437920949],[-71.4008460032489,41.8231416877444],[-71.4008155984567,41.8231440870121],[-71.4008158949231,41.8231461913626],[-71.4008134632143,41.8231463828361],[-71.4008121475487,41.8231370586796],[-71.4008037870436,41.8231377186123]]]},"properties":{"OBJECTID":159,"Building":100082,"Property_Type":"Building","Property_Code":"100082","Chart_String":";,LOC100082,,,","Property_Name":"Graduate Center A","Property_Abbr":"GRADCTRA","Address_Line_1":"40 Charlesfield St","Address_Line_2":null,"City_and_State":"Providence, RI","External_Floorplan_Link":"https://drive.google.com/drive/folders/1--dRsLA4x009VIk-vG_-guWFUawAzCd1","ZIP_code":"02912","Property_Status":"Active","Ownership_Status":"Owned","Occupancy_Status":"Brown Occupied","Official_Name":null,"Aliases":"ALTADDRS: 42 Charlesfield St; DISPNAME: Grad Ctr A","Long_Description":"Built in 1968, the Graduate Center consists of four residential towers connected by bridge walkways to a common building.","Portfolio":"RESIDENCE HALL","National_Historic_District":"College Hill Historic District (National)","City_of_Providence_Historic_Dis":null,"Municipal_Zone":"One Family District - Within I-Zone","Grid_Coord":"FE75","Gross_area__Property_":31015.830729166668,"Floors_Assignable_area":2345.9989,"Net_area":23812.341486493056,"Accessibility_Code":"0","Building_Occupancy":110,"Building_Type":"BUILDING","Building_Usage":"RES HALL","Tax_Status":"Property Exempt from Tax","Legal_Use":"Dormitory","Current_Use":"Dormitory","Cost_Rec":"Y","Year_of_Construction":1968,"Date_of_last_major_construction":null,"Date_acquired":"03/15/1920","Date_relinquished":null,"Means_of_Acquisition":null,"GPS_Coordinates__Lat__Long_":"41.823066,-71.400954","Building_System":"SIEMENS","CHP_Loop":null,"Electricity_Source":"Brown","Utility_Feeder_Number":"1151","Primary_Feeder":"7-1","Secondary_Feeder":"S-5","LEED_Level":null,"LEED_Status":null,"LEED_Link":null,"ObjectID_1":71,"Shape__Area":5064.1920928955078,"Shape__Length":596.58911460887077,"lat":41.823119276438021,"lon":-71.400964733388051,"NAV_Number":0.31,"NAV_Desc":"Transitional/ Gut Renovation/ Replacement","Accessibility_Level":"A physical barrier exists that would prevent a wheelchair user from entering the facility.","Maintained_By":"MAINTAINED BY BROWN"}},{"type":"Feature","id":160,"geometry":{"type":"Polygon","coordinates":[[[-71.4011864494434,41.8236018954533],[-71.4011780900659,41.823602568019],[-71.4011794298704,41.8236118903906],[-71.4011769981395,41.8236120854732],[-71.401176695638,41.8236099829192],[-71.4011462977892,41.8236124272972],[-71.4011466002883,41.8236145307515],[-71.4011441673522,41.8236147267326],[-71.4011428275528,41.8236054043605],[-71.4011051333056,41.8236084357722],[-71.4011084024179,41.8236311730697],[-71.4011183580742,41.8236303731346],[-71.4011197312244,41.8236399224213],[-71.4011324978223,41.8236388953179],[-71.4011327598336,41.82364071423],[-71.401129947691,41.823640940496],[-71.4011332168122,41.8236636786929],[-71.4011360289559,41.8236634524269],[-71.4011362897638,41.8236652713379],[-71.401113567499,41.8236670983772],[-71.4011168366158,41.8236898365745],[-71.4011267910788,41.8236890357374],[-71.4011281642315,41.8236985850239],[-71.4011409320431,41.8236975588209],[-71.4011411928513,41.823699377732],[-71.4011383807061,41.8236996039982],[-71.4011416498347,41.8237223412943],[-71.4011444619809,41.823722115028],[-71.4011447227893,41.823723933939],[-71.4011220005026,41.8237257618804],[-71.4011252696267,41.8237484991768],[-71.4011280817741,41.823748272911],[-71.4011283425821,41.823750091822],[-71.4011139038419,41.8237512534369],[-71.4011147946623,41.8237574494425],[-71.401081204182,41.823760151253],[-71.4010761129526,41.8237247374012],[-71.4010633463369,41.8237257644983],[-71.4010640156308,41.823730425234],[-71.4010615838937,41.8237306212144],[-71.4010568118509,41.8236974242733],[-71.4010318853594,41.8236994294659],[-71.4010279136292,41.8236718027155],[-71.4009975157441,41.8236742479544],[-71.4009985863814,41.8236816946881],[-71.4009858185693,41.8236827217756],[-71.4009871917009,41.8236922710637],[-71.400984759965,41.8236924670425],[-71.4009844574709,41.8236903635877],[-71.4009540595755,41.8236928088151],[-71.4009543608663,41.8236949113685],[-71.4009519291303,41.8236951073466],[-71.4009494865757,41.8236781113249],[-71.4009190874825,41.8236805556416],[-71.4009201581108,41.823688002376],[-71.4009073914998,41.8236890294558],[-71.4009087634163,41.8236985787439],[-71.4009063316799,41.823698774721],[-71.4009060291883,41.823696671266],[-71.4008756433251,41.8236991155827],[-71.4008759458157,41.8237012190377],[-71.4008735020424,41.8237014150037],[-71.4008710583047,41.8236844189793],[-71.4008418762759,41.8236867661888],[-71.4008421871035,41.8236889263725],[-71.4008385395007,41.8236892194357],[-71.4008369865653,41.8236784194184],[-71.4008287030156,41.8236790857217],[-71.4008250910252,41.823653960419],[-71.4008725122493,41.8236501460946],[-71.4008711391355,41.823640596805],[-71.4008649081198,41.8236410974189],[-71.4008613770896,41.8236165412019],[-71.4008697376759,41.8236158686604],[-71.4008683967126,41.8236065462841],[-71.4008708284442,41.8236063512081],[-71.4008711309356,41.8236084537629],[-71.4009015299966,41.8236060094588],[-71.4009012275055,41.8236039060038],[-71.4009036592383,41.8236037100268],[-71.4009049990029,41.8236130324016],[-71.4009426932621,41.8236100010556],[-71.4009394242096,41.8235872637535],[-71.4009294685578,41.823588063673],[-71.4009280954369,41.823578514384],[-71.4009153288478,41.8235795414647],[-71.4009150668428,41.8235777225521],[-71.4009178789835,41.8235774962913],[-71.4009146099428,41.823554758088],[-71.4009117990067,41.8235549843497],[-71.400911537002,41.8235531654371],[-71.4009342592322,41.8235513384376],[-71.4009309913906,41.8235286002357],[-71.4009210357464,41.8235294010549],[-71.400919662628,41.8235198517657],[-71.4009068960519,41.8235208779452],[-71.4009066340473,41.8235190590325],[-71.4009094461855,41.823518832772],[-71.4009061771493,41.8234960954685],[-71.4009033650121,41.823496321729],[-71.4009031042115,41.8234945028173],[-71.4009258264226,41.8234926749192],[-71.4009225559634,41.8234708577623],[-71.4009198762482,41.8234710733333],[-71.4009194844449,41.8234683449653],[-71.4009339231251,41.8234671833748],[-71.4009330335297,41.8234609873686],[-71.4009666226561,41.8234582856],[-71.4009717138043,41.8234936994582],[-71.4009844815791,41.8234926723722],[-71.4009838110897,41.8234880116348],[-71.4009862428178,41.8234878156561],[-71.4009910148089,41.8235210126013],[-71.4010159412323,41.8235190074175],[-71.4010199129482,41.8235466341689],[-71.4010503119757,41.8235441889251],[-71.4010492413347,41.8235367421917],[-71.4010620079131,41.8235357150961],[-71.4010606347736,41.8235261658085],[-71.4010630677067,41.8235259698292],[-71.401063368999,41.8235280732827],[-71.401093768016,41.8235256280273],[-71.4010934655177,41.8235235254731],[-71.4010958972468,41.8235233294921],[-71.401098341038,41.8235403255122],[-71.4011287388545,41.8235378811469],[-71.4011276682045,41.8235304344142],[-71.4011404359841,41.8235294073109],[-71.4011390628332,41.8235198580242],[-71.401141494562,41.8235196620422],[-71.4011417970605,41.8235217654966],[-71.4011709790036,41.8235194182107],[-71.4011706765042,41.8235173147564],[-71.4011743240958,41.8235170216827],[-71.4011767679075,41.8235340177012],[-71.4012071657194,41.8235315724147],[-71.4012068560839,41.823529412233],[-71.4012092878115,41.8235292171498],[-71.4012108396023,41.8235400171614],[-71.40121912313,41.8235393508306],[-71.4012227352682,41.8235644761214],[-71.4011753141279,41.8235682905906],[-71.4011766872853,41.8235778398767],[-71.4011829182925,41.823577339246],[-71.4011864494434,41.8236018954533]]]},"properties":{"OBJECTID":160,"Building":100108,"Property_Type":"Building","Property_Code":"100108","Chart_String":";,LOC100108,,,","Property_Name":"Graduate Center B","Property_Abbr":"GRADCTRB","Address_Line_1":"44 Charlesfield St","Address_Line_2":null,"City_and_State":"Providence, RI","External_Floorplan_Link":"https://drive.google.com/drive/folders/1km59Z33KoW6d8bB69IGbaWcR-u5M_TCI","ZIP_code":"02912","Property_Status":"Active","Ownership_Status":"Owned","Occupancy_Status":"Brown Occupied","Official_Name":null,"Aliases":"ALTADDRS: 42 Charlesfield St; DISPNAME: Grad Ctr B","Long_Description":"Built in 1968, the Graduate Center consists of four residential towers connected by bridge walkways to a common building.","Portfolio":"RESIDENCE HALL","National_Historic_District":"College Hill Historic District (National)","City_of_Providence_Historic_Dis":null,"Municipal_Zone":"One Family District - Within I-Zone","Grid_Coord":"FE73","Gross_area__Property_":31038.915364583332,"Floors_Assignable_area":0,"Net_area":23833.475877256944,"Accessibility_Code":"0","Building_Occupancy":115,"Building_Type":"BUILDING","Building_Usage":"RES HALL","Tax_Status":"Property Exempt from Tax","Legal_Use":"Dormitory","Current_Use":"Dormitory","Cost_Rec":"Y","Year_of_Construction":1968,"Date_of_last_major_construction":null,"Date_acquired":"03/15/1920","Date_relinquished":null,"Means_of_Acquisition":null,"GPS_Coordinates__Lat__Long_":"41.823567,-71.40101","Building_System":"SIEMENS","CHP_Loop":null,"Electricity_Source":"Brown","Utility_Feeder_Number":"1151","Primary_Feeder":"7-1","Secondary_Feeder":"S-5","LEED_Level":null,"LEED_Status":null,"LEED_Link":null,"ObjectID_1":95,"Shape__Area":5064.3388366699219,"Shape__Length":596.54385192099016,"lat":41.823609207267914,"lon":-71.401023903178938,"NAV_Number":0.3,"NAV_Desc":"Transitional/ Gut Renovation/ Replacement","Accessibility_Level":"A physical barrier exists that would prevent a wheelchair user from entering the facility.","Maintained_By":"MAINTAINED BY BROWN"}},{"type":"Feature","id":161,"geometry":{"type":"Polygon","coordinates":[[[-71.4002478424343,41.8236919843483],[-71.400244884655,41.8236673853941],[-71.4002511263868,41.8236669649534],[-71.400249976072,41.8236573987435],[-71.4002024739151,41.8236605951074],[-71.4001994472262,41.823635426177],[-71.400207745053,41.8236348679723],[-71.4002064438228,41.8236240492579],[-71.4002088803229,41.823623885712],[-71.4002091405689,41.8236260494548],[-71.4002395908076,41.8236240006196],[-71.4002375432963,41.8236069752145],[-71.400239979797,41.8236068107676],[-71.4002402329101,41.8236089177828],[-71.4002706831397,41.8236068689393],[-71.4002704300242,41.8236047628245],[-71.4002728653211,41.8236045983759],[-71.4002740156383,41.8236141645857],[-71.4002868048558,41.8236133041588],[-71.4002877020606,41.8236207633534],[-71.4003181534967,41.8236187153987],[-71.4003161059661,41.8236016890946],[-71.4003185412613,41.8236015255453],[-71.4003187955806,41.8236036325614],[-71.4003492458052,41.8236015836971],[-71.4003489926886,41.8235994766821],[-71.4003514279837,41.8235993131322],[-71.4003525783125,41.8236088793412],[-71.4003653675279,41.8236080189056],[-71.4003662647418,41.8236154780995],[-71.4003967149706,41.8236134292227],[-71.4003933875581,41.823585756191],[-71.4004183568539,41.8235840761968],[-71.4004143580032,41.8235508222768],[-71.4004167945014,41.8235506578261],[-71.4004173554018,41.8235553274752],[-71.4004301446057,41.8235544670323],[-71.4004258795687,41.8235189917431],[-71.4004595270475,41.823516728639],[-71.4004602733439,41.8235229353288],[-71.4004747370303,41.8235219619887],[-71.4004750662169,41.8235246948056],[-71.4004722493195,41.8235248841374],[-71.4004748791963,41.8235467502706],[-71.4004976407005,41.8235452187031],[-71.4004978593556,41.8235470411805],[-71.4004950424573,41.8235472305129],[-71.4004977816717,41.8235700069838],[-71.400500598571,41.8235698176514],[-71.4005008172263,41.8235716401287],[-71.4004880280199,41.8235725005795],[-71.4004891783686,41.8235820667872],[-71.4004792060614,41.8235827370044],[-71.4004819452703,41.8236055143759],[-71.4005047067952,41.823603982807],[-71.4005049254521,41.823605804384],[-71.4005021097535,41.823605994618],[-71.4005048477692,41.8236287710875],[-71.4005076646711,41.8236285817548],[-71.4005078845319,41.8236304033329],[-71.4004950953139,41.8236312637844],[-71.4004962456647,41.823640829992],[-71.4004862721433,41.8236415011091],[-71.4004890113586,41.8236642775799],[-71.4005267699049,41.8236617380116],[-71.4005256468826,41.8236523987137],[-71.4005280833829,41.823652235161],[-71.4005283365056,41.8236543421756],[-71.4005587867477,41.8236522932557],[-71.4005585336241,41.8236501862412],[-71.4005609701242,41.8236500226879],[-71.4005620931529,41.8236593610851],[-71.4005704668198,41.8236587975179],[-71.4005734247233,41.8236833964638],[-71.400567182992,41.823683816922],[-71.4005683333545,41.8236933831288],[-71.4006158355177,41.8236901866136],[-71.4006188623736,41.8237153546327],[-71.4006105645399,41.823715912867],[-71.4006118658386,41.8237267324771],[-71.4006082110842,41.8237269778087],[-71.4006079508243,41.8237248140668],[-71.4005787188009,41.8237267812227],[-71.4005807664063,41.8237438066215],[-71.4005783299027,41.8237439701753],[-71.4005780767767,41.8237418640612],[-71.4005476264941,41.8237439120857],[-71.4005478796178,41.8237460191002],[-71.4005454431126,41.8237461835537],[-71.4005442927526,41.8237366173467],[-71.400531503514,41.8237374778022],[-71.4005306062807,41.8237300177093],[-71.4005001560008,41.8237320666216],[-71.4005022035856,41.8237490920218],[-71.4004997670802,41.8237492564742],[-71.4004995139581,41.8237471494596],[-71.4004690636692,41.8237491983637],[-71.4004693167917,41.823751304478],[-71.4004668802861,41.8237514689297],[-71.4004657299377,41.823741902722],[-71.400452940697,41.8237427631688],[-71.400452044675,41.8237353039767],[-71.400421593188,41.8237373519668],[-71.4004249218225,41.8237650258983],[-71.4003999524567,41.8237667058938],[-71.4004039501094,41.8237999598121],[-71.4004015148069,41.8238001233631],[-71.4004009527004,41.8237954546135],[-71.4003881634481,41.823796315053],[-71.4003924296875,41.8238317894426],[-71.40035878204,41.823834053427],[-71.4003580357499,41.8238278467369],[-71.4003435707892,41.8238288200611],[-71.4003433521375,41.8238269975835],[-71.4003461690486,41.8238268082549],[-71.4003434298772,41.8238040317814],[-71.4003206682776,41.8238055633183],[-71.4003204496266,41.8238037408406],[-71.4003232653331,41.8238035515114],[-71.4003205273744,41.8237807750384],[-71.4003177104653,41.8237809643664],[-71.4003174906108,41.8237791418877],[-71.4003302798606,41.823778281456],[-71.4003291295321,41.823768715247],[-71.4003391030748,41.8237680441436],[-71.4003363639083,41.8237452676697],[-71.4003136023294,41.8237467992052],[-71.4003133824751,41.8237449767265],[-71.4003161993827,41.8237447873986],[-71.4003134602253,41.823722010924],[-71.4003106433187,41.8237222002519],[-71.4003104246683,41.8237203777742],[-71.4003232139065,41.8237195173433],[-71.4003220635801,41.8237099511341],[-71.4003320359087,41.8237092809306],[-71.4003292979522,41.823686503557],[-71.4002915381786,41.8236890439596],[-71.4002926611689,41.8236983823594],[-71.4002902258685,41.8236985468085],[-71.4002899727535,41.8236964397934],[-71.4002595212784,41.8236984886409],[-71.4002597743938,41.8237005947557],[-71.4002573390933,41.8237007592041],[-71.4002562161081,41.8236914208039],[-71.4002478424343,41.8236919843483]]]},"properties":{"OBJECTID":161,"Building":100206,"Property_Type":"Building","Property_Code":"100206","Chart_String":";,LOC100206,,,","Property_Name":"Graduate Center D","Property_Abbr":"GRADCTRD","Address_Line_1":"90 Thayer St","Address_Line_2":null,"City_and_State":"Providence, RI","External_Floorplan_Link":"https://drive.google.com/drive/folders/1BorBLqznuz9PGDTTaIBlBBN7sTq1P3Fj","ZIP_code":"02912","Property_Status":"Active","Ownership_Status":"Owned","Occupancy_Status":"Brown Occupied","Official_Name":null,"Aliases":"ALTADDRS: 42 Charlesfield St; DISPNAME: Grad Ctr D","Long_Description":"Built in 1968, the Graduate Center consists of four residential towers connected by bridge walkways to a common building.","Portfolio":"RESIDENCE HALL","National_Historic_District":"College Hill Historic District (National)","City_of_Providence_Historic_Dis":null,"Municipal_Zone":"One Family District - Within I-Zone","Grid_Coord":"FB73","Gross_area__Property_":30744.121961805555,"Floors_Assignable_area":2186.2853,"Net_area":23507.29961825,"Accessibility_Code":"0","Building_Occupancy":114,"Building_Type":"BUILDING","Building_Usage":"RES HALL","Tax_Status":"Property Exempt from Tax","Legal_Use":"Dormitory","Current_Use":"Dormitory","Cost_Rec":"Y","Year_of_Construction":1968,"Date_of_last_major_construction":null,"Date_acquired":"03/15/1920","Date_relinquished":null,"Means_of_Acquisition":null,"GPS_Coordinates__Lat__Long_":"41.823124,-71.400305","Building_System":"SIEMENS","CHP_Loop":null,"Electricity_Source":"Brown","Utility_Feeder_Number":"1151","Primary_Feeder":"7-1","Secondary_Feeder":"S-5","LEED_Level":null,"LEED_Status":null,"LEED_Link":null,"ObjectID_1":189,"Shape__Area":5063.937744140625,"Shape__Length":596.58293047938764,"lat":41.823675385964357,"lon":-71.400409168243513,"NAV_Number":0.3,"NAV_Desc":"Transitional/ Gut Renovation/ Replacement","Accessibility_Level":"A physical barrier exists that would prevent a wheelchair user from entering the facility.","Maintained_By":"MAINTAINED BY BROWN"}},{"type":"Feature","id":162,"geometry":{"type":"Polygon","coordinates":[[[-71.4014768437982,41.8236688339602],[-71.4013686729796,41.8236780713568],[-71.4013460037906,41.8235316188064],[-71.4013809353929,41.8235286848816],[-71.4013813715587,41.8235315393337],[-71.4014553446086,41.8235253463536],[-71.4014768437982,41.8236688339602]]]},"properties":{"OBJECTID":162,"Building":100217,"Property_Type":"Building","Property_Code":"100217","Chart_String":";,LOC100217,,,","Property_Name":"Charlesfield St 038","Property_Abbr":"CHAR038","Address_Line_1":"38 Charlesfield St","Address_Line_2":null,"City_and_State":"Providence, RI","External_Floorplan_Link":"https://drive.google.com/drive/folders/1Mv0niZhj4bw_asVe4uGQ7oHXm0tRt50Y","ZIP_code":"02912","Property_Status":"Active","Ownership_Status":"Owned","Occupancy_Status":"Brown Occupied","Official_Name":null,"Aliases":"DISPNAME: 38 Charlesfield","Long_Description":"38 Charlesfield Street is a three story building that was originally constructed in 1845 and relocated to this address in 1950. The building is used as admin support.","Portfolio":"Admin/Support","National_Historic_District":"College Hill Historic District (National)","City_of_Providence_Historic_Dis":"College Hill Historic District (Providence)","Municipal_Zone":"One Family District - Within I-Zone","Grid_Coord":"FH71","Gross_area__Property_":4458.6709796597224,"Floors_Assignable_area":0,"Net_area":3955.4022568541668,"Accessibility_Code":"3","Building_Occupancy":4,"Building_Type":"HOUSE","Building_Usage":"SUPPORT","Tax_Status":"Property Exempt from Tax","Legal_Use":"1 Family","Current_Use":"1 Family","Cost_Rec":"Y","Year_of_Construction":1845,"Date_of_last_major_construction":null,"Date_acquired":"01/01/1920","Date_relinquished":null,"Means_of_Acquisition":null,"GPS_Coordinates__Lat__Long_":"41.823577,-71.401407","Building_System":null,"CHP_Loop":null,"Electricity_Source":null,"Utility_Feeder_Number":"77J4","Primary_Feeder":null,"Secondary_Feeder":null,"LEED_Level":null,"LEED_Status":null,"LEED_Link":null,"ObjectID_1":200,"Shape__Area":1577.4077911376953,"Shape__Length":166.92984933539151,"lat":41.823601157796496,"lon":-71.401411497888176,"NAV_Number":0.99,"NAV_Desc":"Capital Upkeep","Accessibility_Level":"A wheelchair or person with mobility challenges can enter the facility, access the primary function within that facility and access the restroom facility..","Maintained_By":"MAINTAINED BY BROWN"}},{"type":"Feature","id":163,"geometry":{"type":"Polygon","coordinates":[[[-71.4029954179249,41.8223339866655],[-71.4029971482627,41.8223359247583],[-71.4029996540409,41.8223344827287],[-71.4030374637917,41.8223149709663],[-71.4030361056821,41.8223128342132],[-71.403077657379,41.8222910540379],[-71.4031002964233,41.8223153255989],[-71.4031099330105,41.8223104484817],[-71.403150871853,41.822353482348],[-71.4031544706107,41.8223511994184],[-71.4031877465389,41.8223865721191],[-71.403183779214,41.8223890195012],[-71.4032237391777,41.822432322618],[-71.4030612119925,41.8225168130479],[-71.4030800689705,41.8225380535765],[-71.4029730876416,41.8225939698206],[-71.402928147115,41.8225466099786],[-71.4029093957601,41.8225566743392],[-71.4029184755272,41.8225666577811],[-71.4029226114219,41.8225641862414],[-71.4029573987971,41.8226021703707],[-71.4029833940473,41.8226302055089],[-71.4029140395648,41.8226665800758],[-71.4028862181312,41.8226371145385],[-71.4028653053207,41.8226477424779],[-71.4027464305855,41.8224950180487],[-71.4027522626972,41.8224915782849],[-71.4026892339703,41.8224171090997],[-71.4027492921164,41.822384951193],[-71.4027701696703,41.8224071334386],[-71.4027728123666,41.8224058941063],[-71.4028359972069,41.8224734937829],[-71.4028336407029,41.8224749161277],[-71.4028931044751,41.8225397863948],[-71.4030067366735,41.8224802276624],[-71.4029676993708,41.8224389564172],[-71.4029565600771,41.8224449702828],[-71.4028880150373,41.8223711447906],[-71.4029427731085,41.822342334268],[-71.4029548484469,41.8223549087162],[-71.4029954179249,41.8223339866655]]]},"properties":{"OBJECTID":163,"Building":100266,"Property_Type":"Building","Property_Code":"100266","Chart_String":";,LOC100266,,,","Property_Name":"Nightingale-Brown House","Property_Abbr":"NIGHT-BROW","Address_Line_1":"357 Benefit St","Address_Line_2":null,"City_and_State":"Providence, RI","External_Floorplan_Link":"https://drive.google.com/drive/folders/1fEn6mwvNsRJ_4RSSeBhLXwGxe56W5R29","ZIP_code":"02912","Property_Status":"Active","Ownership_Status":"Owned","Occupancy_Status":"Brown Occupied","Official_Name":null,"Aliases":"ALTADDRS: 47 Power St; ALTADDRS: 50 Williams St; DISPNAME: Nightingale-Brown House; LEGACY: Col. Joseph Nightingale & John Nicholson Brown","Long_Description":"The Nightingale-Brown House, a Georgian-style mansion built in 1792, is a National Historic Landmark.  Purchased by Nicholas Brown from the Nightingale heirs, in 1814, it was the first of five homes where generations of the Brown family lived.  Extensive renovations to the house, from the mid 1980's to the mid 1990's restored the home and it now serves as headquarters to the John Nicholas Brown Center.","Portfolio":"ACADEMIC","National_Historic_District":"College Hill Historic District (National)","City_of_Providence_Historic_Dis":"College Hill Historic District (Providence)","Municipal_Zone":"Two Family District - Outside I-Zone","Grid_Coord":"JR79","Gross_area__Property_":23050.920131472223,"Floors_Assignable_area":0,"Net_area":19172.179295618054,"Accessibility_Code":"0","Building_Occupancy":4,"Building_Type":"HOUSE","Building_Usage":"ACAD","Tax_Status":"Property Exempt from Tax","Legal_Use":"Museum/Office/Apartments (2)","Current_Use":"Museum/Office/Apartments (2)","Cost_Rec":"Y","Year_of_Construction":1792,"Date_of_last_major_construction":null,"Date_acquired":"01/01/1994","Date_relinquished":null,"Means_of_Acquisition":null,"GPS_Coordinates__Lat__Long_":"41.822468,-71.402987","Building_System":null,"CHP_Loop":null,"Electricity_Source":null,"Utility_Feeder_Number":"2J10","Primary_Feeder":null,"Secondary_Feeder":null,"LEED_Level":null,"LEED_Status":null,"LEED_Link":null,"ObjectID_1":246,"Shape__Area":7686.6533508300781,"Shape__Length":623.20794382556733,"lat":41.82246709942558,"lon":-71.4029715196336,"NAV_Number":0.86,"NAV_Desc":"Capital Upkeep","Accessibility_Level":"A physical barrier exists that would prevent a wheelchair user from entering the facility.","Maintained_By":"MAINTAINED BY BROWN"}},{"type":"Feature","id":164,"geometry":{"type":"Polygon","coordinates":[[[-71.4073488370638,41.8241310531536],[-71.4069665727406,41.8242728052226],[-71.4067761058357,41.8239854387968],[-71.4066101223472,41.82381482912],[-71.4069941531583,41.8236238481683],[-71.407157440853,41.8238461697405],[-71.4073488370638,41.8241310531536]]]},"properties":{"OBJECTID":164,"Building":100228,"Property_Type":"Building","Property_Code":"100228","Chart_String":";,LOC100228,,,","Property_Name":"South Main St 121","Property_Abbr":"SMAIN121","Address_Line_1":"121 South Main St","Address_Line_2":null,"City_and_State":"Providence, RI","External_Floorplan_Link":"https://drive.google.com/drive/folders/1RY0IX8Std5pO2QxmhtI8oe57xggaXmQY","ZIP_code":"02912","Property_Status":"Active","Ownership_Status":"Owned","Occupancy_Status":"Brown Occupied","Official_Name":null,"Aliases":"DISPNAME: 121 South Main; OCCUPANT: Icerm-Institute For Computational And Experimental Research In Mathematics","Long_Description":"121 South Main Street is an 11 story building originally constructed in 1984 for retail, offices and a parking garage.  Brown University acquired the building in 2005 and has since converted much of the space to hold various research related and academic centers.","Portfolio":"ACADEMIC","National_Historic_District":"College Hill Historic District (National)","City_of_Providence_Historic_Dis":null,"Municipal_Zone":null,"Grid_Coord":"JW65","Gross_area__Property_":207039.38612688193,"Floors_Assignable_area":7518.2855,"Net_area":183388.47382955556,"Accessibility_Code":"4","Building_Occupancy":null,"Building_Type":"BUILDING","Building_Usage":"ACAD","Tax_Status":"Taxable Property","Legal_Use":"Office","Current_Use":"Office","Cost_Rec":"N","Year_of_Construction":1983,"Date_of_last_major_construction":null,"Date_acquired":"10/13/2005","Date_relinquished":null,"Means_of_Acquisition":"PURCHASED","GPS_Coordinates__Lat__Long_":"41.824191,-71.406991","Building_System":null,"CHP_Loop":null,"Electricity_Source":null,"Utility_Feeder_Number":"1111","Primary_Feeder":null,"Secondary_Feeder":null,"LEED_Level":null,"LEED_Status":null,"LEED_Link":null,"ObjectID_1":211,"Shape__Area":23682.533866882324,"Shape__Length":644.3751010217967,"lat":41.823953648136929,"lon":-71.406987918349841,"NAV_Number":0.89,"NAV_Desc":"Capital Upkeep","Accessibility_Level":"The facility is mostly accessible to a wheelchair user or person with mobility challenges.","Maintained_By":"FM/VENDOR - SPLIT"}},{"type":"Feature","id":165,"geometry":{"type":"Polygon","coordinates":[[[-71.4077971202153,41.8216285459439],[-71.4075603626198,41.8214880133306],[-71.4073107792105,41.8213380892325],[-71.4073366092228,41.8213163947638],[-71.4073626154692,41.821293503879],[-71.4074086329893,41.8212533029708],[-71.4074207363219,41.8212427283252],[-71.4074328408529,41.8212321545795],[-71.4075030649002,41.821170804335],[-71.4075169099104,41.8211585204348],[-71.4073833273493,41.8210740059073],[-71.4074757266041,41.8209928282525],[-71.40754472967,41.8209316165492],[-71.407720203975,41.8210433197157],[-71.407786685977,41.8210856404794],[-71.4078535766189,41.8211275977945],[-71.4080163625138,41.8212314276545],[-71.4080315383966,41.821382520508],[-71.408038741743,41.8214618939711],[-71.4080388053727,41.8214628492831],[-71.4080388256688,41.8214638063611],[-71.4080388014304,41.8214647634033],[-71.4080387314564,41.8214657186084],[-71.408038618154,41.821466671978],[-71.4080384603234,41.8214676208103],[-71.4080382591671,41.8214685660066],[-71.4080380134852,41.8214695048648],[-71.4080377232777,41.821470437385],[-71.4080373909558,41.821471360868],[-71.4080370165182,41.8214722762144],[-71.4080365987651,41.8214731807219],[-71.4080361389014,41.8214740734913],[-71.4080356381321,41.8214749536231],[-71.4080350976608,41.8214758211185],[-71.4080345162876,41.8214766732753],[-71.4080338952164,41.8214775100945],[-71.4080332368568,41.8214783297774],[-71.4080325400053,41.8214791323231],[-71.4080318058681,41.8214799159317],[-71.4080310356487,41.8214806806043],[-71.4080302305549,41.8214814236408],[-71.4080293917887,41.8214821459425],[-71.4080285193516,41.821482846609],[-71.4080276156547,41.8214835229414],[-71.4080266806968,41.8214841758399],[-71.4080257156826,41.8214848044051],[-71.4080247218185,41.8214854068373],[-71.4080237015104,41.8214859840388],[-71.4080226535586,41.8214865333077],[-71.4080215815726,41.821487055547],[-71.4080204867588,41.8214875489572],[-71.4080193679134,41.8214880135373],[-71.4080182286474,41.8214884492901],[-71.4080170701657,41.8214888553163],[-71.4080158936745,41.8214892298161],[-71.4080147003749,41.8214895745913],[-71.4080134914731,41.821489887842],[-71.4080122693764,41.8214901695702],[-71.408011034086,41.8214904188756],[-71.4080097880093,41.8214906357601],[-71.4080085335535,41.8214908202256],[-71.4080072695149,41.8214909722712],[-71.4080060007095,41.8214910910004],[-71.4080047271372,41.8214911764132],[-71.4080034500004,41.8214912294108],[-71.4080021705053,41.8214912481936],[-71.4080008910566,41.8214912345642],[-71.4079996140641,41.8214911867238],[-71.4079983395253,41.8214911064731],[-71.4079970686451,41.8214909929127],[-71.4079958050344,41.8214908460455],[-71.4079945486919,41.8214906667719],[-71.4079933008226,41.8214904541925],[-71.4079920638311,41.8214902101099],[-71.4079908401261,41.8214899336256],[-71.4079896285039,41.8214896247388],[-71.4079884325728,41.821489285253],[-71.4079872535363,41.8214889151691],[-71.4079860913947,41.8214885144871],[-71.4079849497588,41.82148808321],[-71.407983828626,41.8214876231384],[-71.4079827292012,41.821487133373],[-71.4079816538891,41.8214866157164],[-71.4079806026897,41.8214860701684],[-71.4079795768041,41.8214854985309],[-71.4079785786409,41.8214848999054],[-71.4079692984931,41.8214790798743],[-71.4077971202153,41.8216285459439]]]},"properties":{"OBJECTID":165,"Building":100313,"Property_Type":"Building","Property_Code":"100313","Chart_String":";,LOC100313,,,","Property_Name":"Dyer St 200","Property_Abbr":"DYER200","Address_Line_1":"200 Dyer St","Address_Line_2":null,"City_and_State":"Providence, RI","External_Floorplan_Link":"https://drive.google.com/drive/folders/17tAzurPNwz3FT9PswjuJHS9Km6RC2jt3","ZIP_code":"02903","Property_Status":"Active","Ownership_Status":"Owned","Occupancy_Status":"Brown Occupied","Official_Name":null,"Aliases":"DISPNAME: 200 Dyer; FORMER: 198 Dyer; FORMER: Dyer198; NICKNAME: Office Of College Admission; OCCUPANT: Admissions","Long_Description":"In 2011, Brown University completed renovations on 200 Dyer street to house academic programs.  The new building enables an expanded curriculum and increases the academic opportunities in downtown Providence.  The facility features include seminar classrooms and meeting rooms with multimedia and lecture-capture capabilities, administrative offices, a multi-media studio, a lounge and a cafe area.","Portfolio":"Admin/Support","National_Historic_District":null,"City_of_Providence_Historic_Dis":null,"Municipal_Zone":null,"Grid_Coord":"WW36","Gross_area__Property_":41131.345890430559,"Floors_Assignable_area":0,"Net_area":36554.322988305554,"Accessibility_Code":"4","Building_Occupancy":null,"Building_Type":"BUILDING","Building_Usage":"ADMIN","Tax_Status":"Taxable Property","Legal_Use":null,"Current_Use":null,"Cost_Rec":"N","Year_of_Construction":1948,"Date_of_last_major_construction":null,"Date_acquired":"03/11/2011","Date_relinquished":null,"Means_of_Acquisition":"PURCHASED","GPS_Coordinates__Lat__Long_":"41.82137,-71.40785","Building_System":null,"CHP_Loop":null,"Electricity_Source":null,"Utility_Feeder_Number":"2J4","Primary_Feeder":null,"Secondary_Feeder":null,"LEED_Level":null,"LEED_Status":null,"LEED_Link":null,"ObjectID_1":287,"Shape__Area":28012.950126647949,"Shape__Length":723.0741909261709,"lat":41.821293726426312,"lon":-71.407698314574276,"NAV_Number":null,"NAV_Desc":"NO NAV","Accessibility_Level":"The facility is mostly accessible to a wheelchair user or person with mobility challenges.","Maintained_By":"MAINTAINED BY BROWN"}},{"type":"Feature","id":166,"geometry":{"type":"Polygon","coordinates":[[[-71.4090458595508,41.8197038240788],[-71.4089802626914,41.8195502271431],[-71.4092339496435,41.8193021742556],[-71.4093783318464,41.819380866372],[-71.4090478149487,41.8197050005714],[-71.4090458595508,41.8197038240788]]]},"properties":{"OBJECTID":166,"Building":100015,"Property_Type":"Building","Property_Code":"100015","Chart_String":";,LOC100015,,,","Property_Name":"Richmond St 196","Property_Abbr":"RICHMND196","Address_Line_1":"196 Richmond St","Address_Line_2":null,"City_and_State":"Providence, RI","External_Floorplan_Link":"https://drive.google.com/drive/folders/1wZMJ51G7qdF5zPbUw9w8Q271KWIJw3im","ZIP_code":"02903","Property_Status":"Active","Ownership_Status":"Owned","Occupancy_Status":"Non-Brown Occupied","Official_Name":null,"Aliases":"DISPNAME: 196 Richmond","Long_Description":"196 Richmond is a commercial office building located in Providence's Jewelry District.  It is leased to non-Brown tenants.","Portfolio":"UNASSIGNED","National_Historic_District":null,"City_of_Providence_Historic_Dis":null,"Municipal_Zone":"Downtown Central Business District -Outside I-Zone","Grid_Coord":"WW25","Gross_area__Property_":18629.041666666668,"Floors_Assignable_area":4037.9835,"Net_area":16342.530029076388,"Accessibility_Code":"0","Building_Occupancy":null,"Building_Type":"BUILDING","Building_Usage":"COMMERCIAL","Tax_Status":"Taxable Property","Legal_Use":null,"Current_Use":null,"Cost_Rec":"N","Year_of_Construction":1920,"Date_of_last_major_construction":null,"Date_acquired":"01/04/2007","Date_relinquished":null,"Means_of_Acquisition":"PURCHASED","GPS_Coordinates__Lat__Long_":"41.81947,-71.409169","Building_System":null,"CHP_Loop":null,"Electricity_Source":null,"Utility_Feeder_Number":"2J2","Primary_Feeder":null,"Secondary_Feeder":null,"LEED_Level":null,"LEED_Status":null,"LEED_Link":null,"ObjectID_1":12,"Shape__Area":6409.3562622070313,"Shape__Length":370.49729706541461,"lat":41.819487515642805,"lon":-71.409162094619859,"NAV_Number":null,"NAV_Desc":"NO NAV","Accessibility_Level":"A physical barrier exists that would prevent a wheelchair user from entering the facility.","Maintained_By":"MAINTAINED BY C&W"}},{"type":"Feature","id":167,"geometry":{"type":"Polygon","coordinates":[[[-71.4082238325622,41.818954769359],[-71.408101727623,41.8190031649904],[-71.4079672573685,41.8188140857347],[-71.4085833370622,41.8185678933063],[-71.408954507644,41.8190916056396],[-71.408954947325,41.8190921948108],[-71.408955359308,41.8190927947642],[-71.4089557435931,41.8190934054998],[-71.4089560989792,41.8190940252158],[-71.4089564254663,41.8190946539123],[-71.4089567230545,41.8190952915894],[-71.4089569905439,41.8190959355449],[-71.4089572279333,41.8190965866793],[-71.4089574352253,41.8190972431919],[-71.4089576124198,41.8190979050828],[-71.4089577583157,41.8190985705501],[-71.4089578741168,41.819099239595],[-71.408957957417,41.8190999113151],[-71.4089580106249,41.8191005848121],[-71.408958032538,41.8191012591846],[-71.4089580231565,41.8191019344326],[-71.4089579824841,41.8191026078552],[-71.4089579105196,41.8191032803526],[-71.4089578072642,41.8191039510246],[-71.4089576727204,41.8191046180704],[-71.408957508092,41.819105281491],[-71.4089573133801,41.819105940386],[-71.4089570873837,41.8191065929539],[-71.4089568313051,41.8191072400958],[-71.4089565451469,41.8191078800112],[-71.4089562301127,41.819108512701],[-71.408955886205,41.8191091363645],[-71.4089555122215,41.8191097501004],[-71.4089551117716,41.819110354812],[-71.4089546824521,41.8191109477962],[-71.4089542266689,41.8191115299554],[-71.4089537432196,41.8191121003881],[-71.4089532345139,41.8191126572958],[-71.4089527005519,41.8191132006784],[-71.4089521413349,41.8191137296354],[-71.4089515568628,41.819114244167],[-71.4089509507477,41.8191147433757],[-71.4089503205836,41.8191152263592],[-71.4089496687779,41.8191156931193],[-71.4089489965365,41.8191161418565],[-71.4089483026547,41.81911657347],[-71.4089475895409,41.8191169870615],[-71.4089468584,41.8191173817315],[-71.4089461092332,41.8191177565797],[-71.4089453420393,41.8191181125065],[-71.4089445604304,41.8191184486144],[-71.4089437620004,41.8191187640011],[-71.4089429503616,41.8191190577691],[-71.4089421267161,41.8191193308198],[-71.4089412886581,41.8191195822509],[-71.408940441002,41.8191198120662],[-71.4089395825441,41.8191200202647],[-71.4089387156942,41.8191202050477],[-71.4086212177233,41.8191908673591],[-71.4085287242141,41.819045931639],[-71.4082165087107,41.8191671880794],[-71.408148069459,41.8190689224196],[-71.4082710518742,41.8190213935679],[-71.4082238325622,41.818954769359]]]},"properties":{"OBJECTID":167,"Building":100152,"Property_Type":"Building","Property_Code":"100152","Chart_String":";,LOC100152,,,","Property_Name":"Richmond St 222","Property_Abbr":"RICHMND222","Address_Line_1":"222 Richmond St","Address_Line_2":null,"City_and_State":"Providence, RI","External_Floorplan_Link":"https://drive.google.com/drive/folders/115gOYTm8MW0YNqXgu40BA10ZGWh1aC50","ZIP_code":"02903","Property_Status":"Active","Ownership_Status":"Owned","Occupancy_Status":"Brown Occupied","Official_Name":null,"Aliases":"DISPLAY NAME: Warren Alpert Medical School; DISPNAME: 222 Richmond; NICKNAME: Meded; NICKNAME: Medical Education Building","Long_Description":"In 2011, Brown completed renovation on 222 Richmond Street in Providence's Historic Jewelry District to house the Alpert Medical School.  Formerly a manufacturing facility, the building was redesigned and entirely renovated to house state-of-the-art Medical Education facilities.  It is highly energy efficient and has received a LEED Gold rating from the US Green Building Council.","Portfolio":"BIOMED","National_Historic_District":"Jewelry Manufacturing (National)","City_of_Providence_Historic_Dis":null,"Municipal_Zone":"Downtown: Mill District - Outside I-Zone","Grid_Coord":"WW11","Gross_area__Property_":142186.93749371529,"Floors_Assignable_area":0,"Net_area":124128.19401013195,"Accessibility_Code":"4","Building_Occupancy":null,"Building_Type":"BUILDING","Building_Usage":"ACAD","Tax_Status":"Taxable Property","Legal_Use":null,"Current_Use":null,"Cost_Rec":"N","Year_of_Construction":1928,"Date_of_last_major_construction":null,"Date_acquired":"01/04/2007","Date_relinquished":null,"Means_of_Acquisition":"PURCHASED","GPS_Coordinates__Lat__Long_":"41.818874,-71.408579","Building_System":null,"CHP_Loop":null,"Electricity_Source":null,"Utility_Feeder_Number":"1101 or 1169","Primary_Feeder":null,"Secondary_Feeder":null,"LEED_Level":"Gold","LEED_Status":"Achieved","LEED_Link":"https://www.brown.edu/facilities/facilities_management/leed/meded/leed_meded.php","ObjectID_1":136,"Shape__Area":33392.067977905273,"Shape__Length":885.43936135207309,"lat":41.81890273311469,"lon":-71.408475841851228,"NAV_Number":0.98,"NAV_Desc":"Capital Upkeep","Accessibility_Level":"The facility is mostly accessible to a wheelchair user or person with mobility challenges.","Maintained_By":"MAINTAINED BY BROWN"}},{"type":"Feature","id":168,"geometry":{"type":"Polygon","coordinates":[[[-71.4085518449452,41.8185241350902],[-71.4079349436033,41.8187685746303],[-71.4078300041908,41.818620684248],[-71.4081400961384,41.8184983836531],[-71.4078974633219,41.8181557384649],[-71.4081529211553,41.8180547095773],[-71.4081820285569,41.8180958919258],[-71.4082341223129,41.8180752329158],[-71.4085518449452,41.8185241350902]]]},"properties":{"OBJECTID":168,"Building":100128,"Property_Type":"Building","Property_Code":"100128","Chart_String":";,LOC100128,,,","Property_Name":"Richmond St 222 Parking Garage","Property_Abbr":"RICHMNDPKG","Address_Line_1":"222 Richmond St","Address_Line_2":null,"City_and_State":"Providence, RI","External_Floorplan_Link":"https://drive.google.com/drive/folders/1LVW6WCtb4treF374_COgIrnFIPeAcm_r","ZIP_code":"02903","Property_Status":"Active","Ownership_Status":"Owned","Occupancy_Status":"Non-Brown Occupied","Official_Name":null,"Aliases":"DISPNAME: 222 Richmond","Long_Description":"Sorry, no narrative available.","Portfolio":"UNASSIGNED","National_Historic_District":null,"City_of_Providence_Historic_Dis":null,"Municipal_Zone":"Downtown: Mill District - Outside I-Zone","Grid_Coord":"WW27","Gross_area__Property_":116618.08333333333,"Floors_Assignable_area":18029.6545,"Net_area":112724.24318915972,"Accessibility_Code":"0","Building_Occupancy":null,"Building_Type":"BUILDING","Building_Usage":"COMMERCIAL","Tax_Status":"Taxable Property","Legal_Use":null,"Current_Use":null,"Cost_Rec":"N","Year_of_Construction":1989,"Date_of_last_major_construction":null,"Date_acquired":"01/04/2007","Date_relinquished":null,"Means_of_Acquisition":"PURCHASED","GPS_Coordinates__Lat__Long_":"41.81849,-71.408418","Building_System":null,"CHP_Loop":null,"Electricity_Source":null,"Utility_Feeder_Number":"2J4","Primary_Feeder":null,"Secondary_Feeder":null,"LEED_Level":null,"LEED_Status":null,"LEED_Link":null,"ObjectID_1":114,"Shape__Area":24707.122940063477,"Shape__Length":785.06688494064417,"lat":41.818412112802143,"lon":-71.4081809033219,"NAV_Number":null,"NAV_Desc":"NO NAV","Accessibility_Level":"A physical barrier exists that would prevent a wheelchair user from entering the facility.","Maintained_By":"MAINTAINED BY C&W"}},{"type":"Feature","id":169,"geometry":{"type":"Polygon","coordinates":[[[-71.4080671074476,41.8183997865717],[-71.4081151295042,41.818466885973],[-71.4078076675051,41.8185900178256],[-71.407759955384,41.818521811127],[-71.4080671074476,41.8183997865717]]]},"properties":{"OBJECTID":169,"Building":100184,"Property_Type":"Building","Property_Code":"100184","Chart_String":";,LOC100184,,,","Property_Name":"Eddy St 339","Property_Abbr":"EDDYST339","Address_Line_1":"339 Eddy St","Address_Line_2":null,"City_and_State":"Providence, RI","External_Floorplan_Link":"https://drive.google.com/drive/folders/1fxixtiPSVRIGKgpUWLVBD5aMGL2Nf8Zi","ZIP_code":"02912","Property_Status":"Active","Ownership_Status":"Owned","Occupancy_Status":"Brown Occupied","Official_Name":null,"Aliases":"DISPNAME: 339 Eddy","Long_Description":"Sorry, no narrative available.","Portfolio":"UNASSIGNED","National_Historic_District":null,"City_of_Providence_Historic_Dis":null,"Municipal_Zone":"Downtown: Mill District - Outside I-Zone","Grid_Coord":"WW19","Gross_area__Property_":6515.7084879722224,"Floors_Assignable_area":1519.8532,"Net_area":5532.7537603541668,"Accessibility_Code":"0","Building_Occupancy":null,"Building_Type":"BUILDING","Building_Usage":"ACAD","Tax_Status":"Taxable Property","Legal_Use":null,"Current_Use":null,"Cost_Rec":"N","Year_of_Construction":1900,"Date_of_last_major_construction":null,"Date_acquired":"01/04/2007","Date_relinquished":null,"Means_of_Acquisition":"PURCHASED","GPS_Coordinates__Lat__Long_":"41.81848,-71.408298","Building_System":null,"CHP_Loop":null,"Electricity_Source":null,"Utility_Feeder_Number":"2J4","Primary_Feeder":null,"Secondary_Feeder":null,"LEED_Level":null,"LEED_Status":null,"LEED_Link":null,"ObjectID_1":167,"Shape__Area":2647.9449005126953,"Shape__Length":245.65322540073578,"lat":41.818494756850939,"lon":-71.407937185633,"NAV_Number":null,"NAV_Desc":"NO NAV","Accessibility_Level":"A physical barrier exists that would prevent a wheelchair user from entering the facility.","Maintained_By":"MAINTAINED BY C&W"}},{"type":"Feature","id":170,"geometry":{"type":"Polygon","coordinates":[[[-71.4080410362513,41.818362224196],[-71.4079044233332,41.8184163575842],[-71.4079133540886,41.8184288335626],[-71.4077521909339,41.818493388338],[-71.407666645374,41.8183725217936],[-71.4079648471921,41.8182546309814],[-71.4080410362513,41.818362224196]]]},"properties":{"OBJECTID":170,"Building":100064,"Property_Type":"Building","Property_Code":"100064","Chart_String":";,LOC100064,,,","Property_Name":"Eddy St 349","Property_Abbr":"EDDYST349","Address_Line_1":"349 Eddy St","Address_Line_2":null,"City_and_State":"Providence, RI","External_Floorplan_Link":"https://drive.google.com/drive/folders/1RW7lOeYfN-9dtvvGvoLqN5QO9W-YjV2i","ZIP_code":"02912","Property_Status":"Active","Ownership_Status":"Owned","Occupancy_Status":"Non-Brown Occupied","Official_Name":null,"Aliases":"DISPNAME: 349 Eddy","Long_Description":"Sorry, no narrative available.","Portfolio":"UNASSIGNED","National_Historic_District":null,"City_of_Providence_Historic_Dis":null,"Municipal_Zone":"Downtown: Mill District - Outside I-Zone","Grid_Coord":"WW24","Gross_area__Property_":4316.5625,"Floors_Assignable_area":3514.0009,"Net_area":3685.1258680555557,"Accessibility_Code":"0","Building_Occupancy":null,"Building_Type":"BUILDING","Building_Usage":"COMMERCIAL","Tax_Status":"Taxable Property","Legal_Use":null,"Current_Use":null,"Cost_Rec":"N","Year_of_Construction":1968,"Date_of_last_major_construction":null,"Date_acquired":"01/04/2007","Date_relinquished":null,"Means_of_Acquisition":"PURCHASED","GPS_Coordinates__Lat__Long_":"41.818404,-71.407788","Building_System":null,"CHP_Loop":null,"Electricity_Source":null,"Utility_Feeder_Number":"2J4","Primary_Feeder":null,"Secondary_Feeder":null,"LEED_Level":null,"LEED_Status":null,"LEED_Link":null,"ObjectID_1":55,"Shape__Area":4345.9164047241211,"Shape__Length":283.27536913729836,"lat":41.818372734803809,"lon":-71.407852242541864,"NAV_Number":null,"NAV_Desc":"NO NAV","Accessibility_Level":"A physical barrier exists that would prevent a wheelchair user from entering the facility.","Maintained_By":"MAINTAINED BY C&W"}},{"type":"Feature","id":171,"geometry":{"type":"Polygon","coordinates":[[[-71.4078948146027,41.8181554923489],[-71.4079640445677,41.818251155023],[-71.4078292787693,41.8183048297286],[-71.4077600477437,41.8182091669734],[-71.4078948146027,41.8181554923489]]]},"properties":{"OBJECTID":171,"Building":100311,"Property_Type":"Building","Property_Code":"100311","Chart_String":";,LOC100311,,,","Property_Name":"Elm St 043","Property_Abbr":"ELM043","Address_Line_1":"43 Elm St","Address_Line_2":null,"City_and_State":"Providence, RI","External_Floorplan_Link":"https://drive.google.com/drive/folders/15_HlNe8K7BrQPNK13A-dCogjAX6_4lvV","ZIP_code":"02903","Property_Status":"Active","Ownership_Status":"Owned","Occupancy_Status":"Brown Occupied","Official_Name":null,"Aliases":"DISPNAME: 43 Elm","Long_Description":null,"Portfolio":"Admin/Support","National_Historic_District":null,"City_of_Providence_Historic_Dis":null,"Municipal_Zone":null,"Grid_Coord":"WW29","Gross_area__Property_":1683.6666666666667,"Floors_Assignable_area":1235.2785,"Net_area":1462.1527992430556,"Accessibility_Code":"3","Building_Occupancy":null,"Building_Type":"BUILDING","Building_Usage":"SUPPORT","Tax_Status":"Taxable Property","Legal_Use":null,"Current_Use":null,"Cost_Rec":"N","Year_of_Construction":1945,"Date_of_last_major_construction":null,"Date_acquired":"10/20/2010","Date_relinquished":null,"Means_of_Acquisition":"PURCHASED","GPS_Coordinates__Lat__Long_":"41.8179,-71.40787","Building_System":null,"CHP_Loop":null,"Electricity_Source":null,"Utility_Feeder_Number":"2J5","Primary_Feeder":null,"Secondary_Feeder":null,"LEED_Level":null,"LEED_Status":null,"LEED_Link":null,"ObjectID_1":286,"Shape__Area":1649.7038955688477,"Shape__Length":162.51632600922247,"lat":41.81823016099068,"lon":-71.407862046341691,"NAV_Number":0.75,"NAV_Desc":"Repair and Maintain","Accessibility_Level":"A wheelchair or person with mobility challenges can enter the facility, access the primary function within that facility and access the restroom facility..","Maintained_By":"MAINTAINED BY BROWN"}},{"type":"Feature","id":172,"geometry":{"type":"Polygon","coordinates":[[[-71.4101871068344,41.8187584243966],[-71.4102510510039,41.8187541455341],[-71.4102508868172,41.8187527786886],[-71.4102600216978,41.818752167291],[-71.4102601037913,41.8187528507137],[-71.4102948160951,41.8187505279363],[-71.4102800506795,41.8186270724908],[-71.4102812688222,41.8186269906108],[-71.4102771560345,41.8185925961836],[-71.4102759378924,41.8185926780636],[-71.4102749563809,41.8185844778939],[-71.4102988891607,41.8185477473768],[-71.4103721858329,41.8185428419093],[-71.4103707141495,41.8185305421066],[-71.4103700062747,41.8185246200133],[-71.4104723155891,41.8185177725714],[-71.4104770566731,41.8185574056641],[-71.4105185444686,41.8185546298254],[-71.4105184350073,41.8185537185953],[-71.4105277973556,41.8185530920478],[-71.4105415031123,41.8188986408804],[-71.4099245931228,41.818939927414],[-71.4098979238672,41.8188292168153],[-71.4098599825259,41.8186717156606],[-71.4098214777972,41.818510993528],[-71.4100315793082,41.8184969337843],[-71.4100302718737,41.8184859999227],[-71.4100759460948,41.8184829439152],[-71.4100772535382,41.8184938768759],[-71.4100994280177,41.8184923924633],[-71.4101191242702,41.8186570756934],[-71.4100996363909,41.8186583794432],[-71.4101121184654,41.818762752204],[-71.4101778898621,41.818758350565],[-71.410177807767,41.8187576689429],[-71.4101869426478,41.8187570584514],[-71.4101871068344,41.8187584243966]]]},"properties":{"OBJECTID":172,"Building":100035,"Property_Type":"Building","Property_Code":"100035","Chart_String":";,LOC100035,,,","Property_Name":"Ship St 070","Property_Abbr":"SHIPST070","Address_Line_1":"70 Ship St","Address_Line_2":null,"City_and_State":"Providence, RI","External_Floorplan_Link":"https://drive.google.com/drive/folders/1lVv5EzNoU6EPaeefsP9lBwXp4nwTkhQa","ZIP_code":"02903","Property_Status":"Active","Ownership_Status":"Owned","Occupancy_Status":"Brown Occupied","Official_Name":null,"Aliases":"DISPNAME: 70 Ship","Long_Description":"70 Ship Street, located in Providence's Jewelry District, was acquired by the University in 2003.  It was completely renovated in 2004 to house the Laboratories for Molecular Medicine.  The building was originally constructed in 1912 for the Speidel Chain Co.","Portfolio":"BIOMED","National_Historic_District":"Jewelry Manufacturing (National)","City_of_Providence_Historic_Dis":"Jewelry Manufacturing (Providence)","Municipal_Zone":"Downtown: Mill District - Outside I-Zone","Grid_Coord":"WW14","Gross_area__Property_":105862.09358979166,"Floors_Assignable_area":11795.302,"Net_area":94562.0678125,"Accessibility_Code":"4","Building_Occupancy":104,"Building_Type":"BUILDING","Building_Usage":"ACAD","Tax_Status":"Property Exempt from Tax","Legal_Use":null,"Current_Use":null,"Cost_Rec":"N","Year_of_Construction":1902,"Date_of_last_major_construction":null,"Date_acquired":"09/30/2003","Date_relinquished":null,"Means_of_Acquisition":"PURCHASED","GPS_Coordinates__Lat__Long_":"41.818812,-71.410248","Building_System":null,"CHP_Loop":null,"Electricity_Source":null,"Utility_Feeder_Number":"1169","Primary_Feeder":null,"Secondary_Feeder":null,"LEED_Level":null,"LEED_Status":null,"LEED_Link":null,"ObjectID_1":29,"Shape__Area":22271.955383300781,"Shape__Length":852.73664213209508,"lat":41.818728262005351,"lon":-71.410188545127937,"NAV_Number":0.84,"NAV_Desc":"Repair and Maintain","Accessibility_Level":"The facility is mostly accessible to a wheelchair user or person with mobility challenges.","Maintained_By":"MAINTAINED BY BROWN"}},{"type":"Feature","id":173,"geometry":{"type":"Polygon","coordinates":[[[-71.4061788312211,41.817092387524],[-71.4064496957113,41.8174708551508],[-71.4063174525201,41.8175240043454],[-71.4063152160921,41.8175208414247],[-71.4062983552622,41.8175275109033],[-71.4062999743651,41.8175297765813],[-71.4062708323222,41.8175414212253],[-71.4062571096197,41.8175222012552],[-71.4061036323752,41.817583921225],[-71.4060293007974,41.817479737822],[-71.4060342553722,41.817477608067],[-71.4058524315436,41.8172230138509],[-71.4061788312211,41.817092387524]]]},"properties":{"OBJECTID":173,"Building":100277,"Property_Type":"Building","Property_Code":"100277","Chart_String":";,LOC100277,,,","Property_Name":"Davol Sq 001","Property_Abbr":"DAVOL001","Address_Line_1":"1 Davol Sq","Address_Line_2":null,"City_and_State":"Providence, RI","External_Floorplan_Link":"https://drive.google.com/drive/folders/1yTT5tV4cZ81N6DlUzWY-Hx4BJXGu6Ljf","ZIP_code":"02903","Property_Status":"Active","Ownership_Status":"Owned","Occupancy_Status":"Brown / Non-Brown Occupied","Official_Name":null,"Aliases":"DISPNAME: 1 Davol Square","Long_Description":"1 Davol Square is commercial property.","Portfolio":"ACADEMIC","National_Historic_District":null,"City_of_Providence_Historic_Dis":null,"Municipal_Zone":"Downtown: Mill District - Outside I-Zone","Grid_Coord":"WW22","Gross_area__Property_":46909.019523881943,"Floors_Assignable_area":7184.6297,"Net_area":40487.1184431875,"Accessibility_Code":"4","Building_Occupancy":null,"Building_Type":"BUILDING","Building_Usage":"COMMERCIAL","Tax_Status":"Taxable Property","Legal_Use":null,"Current_Use":null,"Cost_Rec":"N","Year_of_Construction":1900,"Date_of_last_major_construction":null,"Date_acquired":"01/04/2007","Date_relinquished":null,"Means_of_Acquisition":"PURCHASED","GPS_Coordinates__Lat__Long_":"41.817328,-71.406081","Building_System":null,"CHP_Loop":null,"Electricity_Source":null,"Utility_Feeder_Number":"1169","Primary_Feeder":null,"Secondary_Feeder":null,"LEED_Level":null,"LEED_Status":null,"LEED_Link":null,"ObjectID_1":257,"Shape__Area":15478.173828125,"Shape__Length":519.92302698214178,"lat":41.817342486551937,"lon":-71.4061495998099,"NAV_Number":null,"NAV_Desc":"NO NAV","Accessibility_Level":"The facility is mostly accessible to a wheelchair user or person with mobility challenges.","Maintained_By":"MAINTAINED BY BROWN"}},{"type":"Feature","id":174,"geometry":{"type":"Polygon","coordinates":[[[-71.4109623707451,41.8161824566091],[-71.4113018635922,41.8166581506439],[-71.4110948601675,41.8167410470862],[-71.4110920781365,41.8167371491575],[-71.4108929899913,41.8168165391302],[-71.4108178346796,41.8167112327453],[-71.4109456609739,41.8166601817352],[-71.4109111067945,41.8166117643132],[-71.4109823011054,41.8165833309124],[-71.4107551774236,41.8162650857982],[-71.4109623707451,41.8161824566091]]]},"properties":{"OBJECTID":174,"Building":100063,"Property_Type":"Building","Property_Code":"100063","Chart_String":";,LOC100063,,,","Property_Name":"Elm St 110","Property_Abbr":"ELM110","Address_Line_1":"110 Elm St","Address_Line_2":null,"City_and_State":"Providence, RI","External_Floorplan_Link":"https://drive.google.com/drive/folders/1BmRZTzBVf_-HBvz1oaHWloSpreNJ3jAy","ZIP_code":"02912","Property_Status":"Active","Ownership_Status":"Leased","Occupancy_Status":"Non-Brown Occupied","Official_Name":null,"Aliases":"DISPNAME: 110 Elm","Long_Description":"Sorry, no narrative available.","Portfolio":"Admin/Support","National_Historic_District":"Jewelry Manufacturing (National)","City_of_Providence_Historic_Dis":"Jewelry Manufacturing (Providence)","Municipal_Zone":"Downtown: Mill District - Outside I-Zone","Grid_Coord":"WW12","Gross_area__Property_":39935.591746625,"Floors_Assignable_area":7644.2469,"Net_area":33640.53274433333,"Accessibility_Code":"4","Building_Occupancy":null,"Building_Type":"BUILDING","Building_Usage":"COMMERCIAL","Tax_Status":"Taxable Property","Legal_Use":null,"Current_Use":null,"Cost_Rec":"Y","Year_of_Construction":1848,"Date_of_last_major_construction":null,"Date_acquired":null,"Date_relinquished":null,"Means_of_Acquisition":"LEASED","GPS_Coordinates__Lat__Long_":"41.816459,-71.411034","Building_System":null,"CHP_Loop":null,"Electricity_Source":null,"Utility_Feeder_Number":"2J5","Primary_Feeder":null,"Secondary_Feeder":null,"LEED_Level":null,"LEED_Status":null,"LEED_Link":null,"ObjectID_1":54,"Shape__Area":15696.987640380859,"Shape__Length":644.081091318161,"lat":41.81651092947213,"lon":-71.411014198116362,"NAV_Number":null,"NAV_Desc":"NO NAV","Accessibility_Level":"The facility is mostly accessible to a wheelchair user or person with mobility challenges.","Maintained_By":"MAINTAINED BY C&W"}},{"type":"Feature","id":176,"geometry":{"type":"Polygon","coordinates":[[[-71.394376404315,41.8426211113442],[-71.3942532320501,41.8427166074909],[-71.3935203894249,41.8422066008818],[-71.3936434196319,41.842108252213],[-71.394376404315,41.8426211113442]]]},"properties":{"OBJECTID":176,"Building":100412,"Property_Type":"Building","Property_Code":"100412","Chart_String":null,"Property_Name":"Brown Stadium Visitor Section","Property_Abbr":"BRSTAVIS","Address_Line_1":"346 Elmgrove Ave","Address_Line_2":"North of Home Side of Stadium","City_and_State":"Providence, RI","External_Floorplan_Link":null,"ZIP_code":"02912","Property_Status":"Pre-active","Ownership_Status":null,"Occupancy_Status":null,"Official_Name":null,"Aliases":null,"Long_Description":null,"Portfolio":"ATHLETICS","National_Historic_District":null,"City_of_Providence_Historic_Dis":null,"Municipal_Zone":null,"Grid_Coord":null,"Gross_area__Property_":null,"Floors_Assignable_area":null,"Net_area":null,"Accessibility_Code":null,"Building_Occupancy":null,"Building_Type":"BUILDING","Building_Usage":null,"Tax_Status":null,"Legal_Use":null,"Current_Use":null,"Cost_Rec":null,"Year_of_Construction":0,"Date_of_last_major_construction":null,"Date_acquired":null,"Date_relinquished":null,"Means_of_Acquisition":null,"GPS_Coordinates__Lat__Long_":null,"Building_System":null,"CHP_Loop":null,"Electricity_Source":null,"Utility_Feeder_Number":null,"Primary_Feeder":null,"Secondary_Feeder":null,"LEED_Level":null,"LEED_Status":null,"LEED_Link":null,"ObjectID_1":372,"Shape__Area":13304.877960205078,"Shape__Length":643.74216798542489,"lat":41.842412479120838,"lon":-71.393947469462418,"NAV_Number":null,"NAV_Desc":null,"Accessibility_Level":null,"Maintained_By":null}},{"type":"Feature","id":177,"geometry":{"type":"Polygon","coordinates":[[[-71.3953229993562,41.8422290042206],[-71.3952489766288,41.8422956436051],[-71.394026937326,41.8414313299499],[-71.3940988142587,41.8413737665632],[-71.3941165567443,41.8413860779231],[-71.3947727164409,41.8413898635929],[-71.394795205529,41.8413718819526],[-71.3952799520597,41.8417104149843],[-71.3952634873918,41.8417235367905],[-71.3953089221597,41.8422192218347],[-71.3953229993562,41.8422290042206]]]},"properties":{"OBJECTID":177,"Building":100067,"Property_Type":"Building","Property_Code":"100067","Chart_String":";,LOC100067,,,","Property_Name":"Brown Stadium","Property_Abbr":"BROWNSTAD","Address_Line_1":"112 Sessions St","Address_Line_2":null,"City_and_State":"Providence, RI","External_Floorplan_Link":"https://drive.google.com/drive/folders/1--Ei6B4ZHuMuTpEI0GeQHh3WzLVomcgJ","ZIP_code":"02912","Property_Status":"Active","Ownership_Status":"Owned","Occupancy_Status":"Brown Occupied","Official_Name":null,"Aliases":"DISPNAME: Brown Stadium; NICKNAME: Football Stadium","Long_Description":"Sorry, no narrative available.","Portfolio":"ATHLETICS","National_Historic_District":null,"City_of_Providence_Historic_Dis":null,"Municipal_Zone":"One Family District - Within I-Zone","Grid_Coord":"WW01","Gross_area__Property_":46995.929260541663,"Floors_Assignable_area":0,"Net_area":15717.602261868056,"Accessibility_Code":"2","Building_Occupancy":0,"Building_Type":"BUILDING","Building_Usage":"ATHLETICS","Tax_Status":"Property Exempt from Tax","Legal_Use":"Stadium","Current_Use":"Stadium","Cost_Rec":"Y","Year_of_Construction":1925,"Date_of_last_major_construction":null,"Date_acquired":null,"Date_relinquished":null,"Means_of_Acquisition":null,"GPS_Coordinates__Lat__Long_":"41.842117,-71.394342","Building_System":null,"CHP_Loop":null,"Electricity_Source":null,"Utility_Feeder_Number":"79F2","Primary_Feeder":null,"Secondary_Feeder":null,"LEED_Level":null,"LEED_Status":null,"LEED_Link":null,"ObjectID_1":57,"Shape__Area":53417.777320861816,"Shape__Length":1086.5661509351753,"lat":41.841730483707046,"lon":-71.39480859184377,"NAV_Number":0.34,"NAV_Desc":"Transitional/ Gut Renovation/ Replacement","Accessibility_Level":"A wheelchair user or person with mobility challenges can enter the facility and access the primary function within that facility.","Maintained_By":"MAINTAINED BY BROWN"}},{"type":"Feature","id":178,"geometry":{"type":"Polygon","coordinates":[[[-71.3990925704973,41.8391944417579],[-71.3990192182376,41.8391938983167],[-71.3990199217274,41.8391408177396],[-71.3990720590248,41.8391412038897],[-71.3990721928236,41.8391311418358],[-71.3989807608381,41.8391304645385],[-71.3989813170239,41.8390883886564],[-71.3990739733712,41.8390890751321],[-71.3990740240262,41.8390851875194],[-71.399108578727,41.8390854429596],[-71.3991090307557,41.8390513709853],[-71.3992084135431,41.8390521064766],[-71.3992080230465,41.8390815255612],[-71.3992410451103,41.8390817706134],[-71.3992641625473,41.8390994041913],[-71.3992638360738,41.8391240974607],[-71.3992402557037,41.8391413857664],[-71.3992072348133,41.839141140715],[-71.3992068482864,41.839170331117],[-71.3991074653161,41.8391695956242],[-71.3991080582366,41.8391247755455],[-71.3990916603655,41.8391246540012],[-71.3990914390991,41.8391413469637],[-71.3990932739279,41.83914136028],[-71.3990925704973,41.8391944417579]]]},"properties":{"OBJECTID":178,"Building":100250,"Property_Type":"Building","Property_Code":"100250","Chart_String":";,LOC100250,,,","Property_Name":"Ladd Observatory","Property_Abbr":"LADDOBSERV","Address_Line_1":"210 Doyle Ave","Address_Line_2":null,"City_and_State":"Providence, RI","External_Floorplan_Link":"https://drive.google.com/drive/folders/1hSX9GNtuI004KA59ReOb-_86MQT7lFV_","ZIP_code":"02912","Property_Status":"Active","Ownership_Status":"Owned","Occupancy_Status":"Brown Occupied","Official_Name":null,"Aliases":"DISPNAME: Ladd Observatory; LEGACY: Governor Herbert W. Ladd","Long_Description":"The Historic Ladd Observatory was opened in October of 1891 under the direction of Professor Winslow Upton.  Located on the East Side of Providence, just a short distance from the highest points in the area.","Portfolio":"ACADEMIC","National_Historic_District":null,"City_of_Providence_Historic_Dis":"Providence Landmark District","Municipal_Zone":"Two Family District - Outside I-Zone","Grid_Coord":"WW03","Gross_area__Property_":7132.741369173611,"Floors_Assignable_area":1046.9524,"Net_area":5563.1069677083333,"Accessibility_Code":"4","Building_Occupancy":0,"Building_Type":"BUILDING","Building_Usage":"ACAD","Tax_Status":"Property Exempt from Tax","Legal_Use":"Observatory","Current_Use":"Observatory","Cost_Rec":"Y","Year_of_Construction":1891,"Date_of_last_major_construction":null,"Date_acquired":"-3651","Date_relinquished":null,"Means_of_Acquisition":null,"GPS_Coordinates__Lat__Long_":"41.839098,-71.399127","Building_System":null,"CHP_Loop":null,"Electricity_Source":null,"Utility_Feeder_Number":"37J4","Primary_Feeder":null,"Secondary_Feeder":null,"LEED_Level":null,"LEED_Status":null,"LEED_Link":null,"ObjectID_1":232,"Shape__Area":2400.2117156982422,"Shape__Length":313.2057959960415,"lat":41.839119865247078,"lon":-71.399124913152519,"NAV_Number":0.83,"NAV_Desc":"Repair and Maintain","Accessibility_Level":"The facility is mostly accessible to a wheelchair user or person with mobility challenges.","Maintained_By":"MAINTAINED BY BROWN"}},{"type":"Feature","id":179,"geometry":{"type":"Polygon","coordinates":[[[-71.4040491368047,41.8265306099253],[-71.4036946803139,41.8265348627213],[-71.4036919241903,41.8264165053854],[-71.4040465941067,41.8264123770229],[-71.4040491368047,41.8265306099253]]]},"properties":{"OBJECTID":179,"Building":100096,"Property_Type":"Building","Property_Code":"100096","Chart_String":";,LOC100096,,,","Property_Name":"Manning Hall","Property_Abbr":"MANNING","Address_Line_1":"21 Prospect St","Address_Line_2":null,"City_and_State":"Providence, RI","External_Floorplan_Link":"https://drive.google.com/drive/folders/1mAglMESeHLseJaA9SUWBjIRCMnd0W_F9","ZIP_code":"02912","Property_Status":"Active","Ownership_Status":"Owned","Occupancy_Status":"Brown Occupied","Official_Name":null,"Aliases":"ALTADDRS: 1-21 Prospect St; DISPNAME: Manning Hall; LEGACY: President James Manning","Long_Description":"Manning Hall was originally built in 1835 to serve as a library on the main level and chapel on the upper floor.  The construction was funded entirely by Nicholas Brown and was named in honor of Brown University's first president James Manning at the request of Nicholas Brown.  Manning Hall is modeled after the temple of Diana-Propylaea at Eleusis.  The building once served as Army headquarters during World War I.  Manning Hall is currently used as a chapel on the upper level.  After renovation to the ground level, the gallery for the Haffenreffer Museum of Anthropology was opened in the spring of 2005.","Portfolio":"ACADEMIC","National_Historic_District":"College Hill Historic District (National)","City_of_Providence_Historic_Dis":"College Hill Historic District (Providence)","Municipal_Zone":"One Family District - Within I-Zone","Grid_Coord":"ET49","Gross_area__Property_":9539.7370489236109,"Floors_Assignable_area":0,"Net_area":7329.8614418333336,"Accessibility_Code":"3","Building_Occupancy":0,"Building_Type":"BUILDING","Building_Usage":"ACAD","Tax_Status":"Property Exempt from Tax","Legal_Use":"Not Available","Current_Use":"Assembly","Cost_Rec":"Y","Year_of_Construction":1834,"Date_of_last_major_construction":null,"Date_acquired":null,"Date_relinquished":null,"Means_of_Acquisition":null,"GPS_Coordinates__Lat__Long_":"41.826443,-71.403851","Building_System":null,"CHP_Loop":null,"Electricity_Source":"Brown","Utility_Feeder_Number":"1152B/1153","Primary_Feeder":"JW1-4","Secondary_Feeder":"5K-4","LEED_Level":null,"LEED_Status":null,"LEED_Link":null,"ObjectID_1":83,"Shape__Area":4166.8524169921875,"Shape__Length":279.52580590114184,"lat":41.82647358328353,"lon":-71.403870552021033,"NAV_Number":0.48,"NAV_Desc":"Transitional/ Gut Renovation/ Replacement","Accessibility_Level":"A wheelchair or person with mobility challenges can enter the facility, access the primary function within that facility and access the restroom facility..","Maintained_By":"MAINTAINED BY BROWN"}},{"type":"Feature","id":180,"geometry":{"type":"Polygon","coordinates":[[[-71.4037646737096,41.8256732163226],[-71.4039290025527,41.8256717620727],[-71.4039296931463,41.8257154714364],[-71.4039443785517,41.8257154414013],[-71.4039447486951,41.825744031094],[-71.4039413481404,41.825744064264],[-71.4039415303103,41.8257518442507],[-71.4039449380015,41.8257518687084],[-71.403945895168,41.8258129350407],[-71.4039426017124,41.8258129872074],[-71.4039426105417,41.8258207706504],[-71.4039459701283,41.8258207680577],[-71.4039463859281,41.8258494154098],[-71.403931759197,41.8258496309642],[-71.4039325570301,41.8258932701898],[-71.4037687017933,41.8258947869648],[-71.4037679845416,41.8258552866666],[-71.4037615096296,41.825855352369],[-71.4037612675782,41.8258184463469],[-71.4037673127522,41.8258183847862],[-71.4037660649864,41.8257497292467],[-71.4037592518337,41.8257497991674],[-71.4037588646463,41.8257133548972],[-71.4037654021386,41.8257132883471],[-71.4037646737096,41.8256732163226]]]},"properties":{"OBJECTID":180,"Building":100060,"Property_Type":"Building","Property_Code":"100060","Chart_String":";,LOC100060,,,","Property_Name":"Slater Hall","Property_Abbr":"SLATER","Address_Line_1":"70 George St","Address_Line_2":null,"City_and_State":"Providence, RI","External_Floorplan_Link":"https://drive.google.com/drive/folders/176Ilulc8JOAhnviUXmBM90VWT2Jc8V1C","ZIP_code":"02912","Property_Status":"Active","Ownership_Status":"Owned","Occupancy_Status":"Brown Occupied","Official_Name":null,"Aliases":"ALTADDRS: 1-21 Prospect St; DISPNAME: Slater Hall; LEGACY: Horatio Nelson Slater","Long_Description":"Slater Hall is Brown University's second built dormitory.  The dormitory was named after its donor Horatio Nelson Slater.  The building is a French-Romanesque style.  The current site of Slater Hall is not the original intended site for the building.  It had to be built on its current site because the original site blocked the view of the College grounds from several wealthy Providence citizens.  Slater Hall was used as military housing during WWII.  Today Slater Hall still serves as a dormitory.","Portfolio":"RESIDENCE HALL","National_Historic_District":"College Hill Historic District (National)","City_of_Providence_Historic_Dis":null,"Municipal_Zone":"One Family District - Within I-Zone","Grid_Coord":"ES54","Gross_area__Property_":18872.811039298613,"Floors_Assignable_area":2343.7245,"Net_area":14808.148093631944,"Accessibility_Code":"0","Building_Occupancy":51,"Building_Type":"BUILDING","Building_Usage":"RES HALL","Tax_Status":"Property Exempt from Tax","Legal_Use":"Dormitory","Current_Use":"Dormitory","Cost_Rec":"Y","Year_of_Construction":1879,"Date_of_last_major_construction":null,"Date_acquired":null,"Date_relinquished":null,"Means_of_Acquisition":null,"GPS_Coordinates__Lat__Long_":"41.825748,-71.403832","Building_System":"SIEMENS","CHP_Loop":null,"Electricity_Source":"Brown","Utility_Feeder_Number":"1152B/1153","Primary_Feeder":"JW1-4","Secondary_Feeder":"5K-4","LEED_Level":null,"LEED_Status":null,"LEED_Link":null,"ObjectID_1":51,"Shape__Area":3847.3956680297852,"Shape__Length":269.53220556260237,"lat":41.825783161264042,"lon":-71.403852070292928,"NAV_Number":0.48,"NAV_Desc":"Transitional/ Gut Renovation/ Replacement","Accessibility_Level":"A physical barrier exists that would prevent a wheelchair user from entering the facility.","Maintained_By":"MAINTAINED BY BROWN"}},{"type":"Feature","id":181,"geometry":{"type":"Polygon","coordinates":[[[-71.4003193600086,41.8242051582166],[-71.4003426418965,41.8242035280942],[-71.4003408073127,41.8241857781037],[-71.4004415835135,41.8241789706867],[-71.4004442014803,41.824196102821],[-71.400467569058,41.8241943214905],[-71.4004918422034,41.8243804211487],[-71.4004744537181,41.8243819339613],[-71.4004823019157,41.824440935525],[-71.4004996904168,41.8244394227113],[-71.4005142059865,41.8245504750877],[-71.4004968174557,41.8245519879036],[-71.4005043899281,41.8246110666544],[-71.4005221314223,41.8246093830785],[-71.4005460364702,41.8247955328121],[-71.4005226015392,41.8247971394342],[-71.4005245808033,41.8248140027105],[-71.4004238688911,41.824821408981],[-71.4004218849067,41.8248045015822],[-71.4003980319034,41.8248063545096],[-71.4003732894117,41.8246202661427],[-71.4003911320412,41.8246193470632],[-71.4003832659356,41.8245602905589],[-71.4003658143445,41.8245613252198],[-71.4003513038449,41.824450271929],[-71.4003687554061,41.8244492372702],[-71.4003611793769,41.8243902161274],[-71.4003437278316,41.8243912507851],[-71.4003193600086,41.8242051582166]]]},"properties":{"OBJECTID":181,"Building":100163,"Property_Type":"Building","Property_Code":"100163","Chart_String":";,LOC100163,,,","Property_Name":"Chapin House: Wriston Quad","Property_Abbr":"CHAPIN","Address_Line_1":"116 Thayer St","Address_Line_2":null,"City_and_State":"Providence, RI","External_Floorplan_Link":"https://drive.google.com/drive/folders/1CVV1eBTP8xcgWuyP7E8iVaA0deTs60NU","ZIP_code":"02912","Property_Status":"Active","Ownership_Status":"Owned","Occupancy_Status":"Brown Occupied","Official_Name":null,"Aliases":"ALTADDRS: 113 George St; DISPNAME: Chapin House; LEGACY: Charles Value Chapin 1876; OCCUPANT: Greek; OCCUPANT: Harambee; OCCUPANT: Theta Delta Chi","Long_Description":"Chapin House is one of the nine residential buildings constructed between 1950 and 1952 as part of the Wriston Quadrangle.  It is named for Dr. Charles V. Chapin, 1876, Professor of Physiology at Brown and nationally known authority on public health.","Portfolio":"RESIDENCE HALL","National_Historic_District":"College Hill Historic District (National)","City_of_Providence_Historic_Dis":null,"Municipal_Zone":"One Family District - Within I-Zone","Grid_Coord":"FB66","Gross_area__Property_":42448.097596965279,"Floors_Assignable_area":0,"Net_area":34756.193753055559,"Accessibility_Code":"3","Building_Occupancy":115,"Building_Type":"BUILDING","Building_Usage":"RES HALL","Tax_Status":"Property Exempt from Tax","Legal_Use":"Dormitory","Current_Use":"Dormitory","Cost_Rec":"Y","Year_of_Construction":1951,"Date_of_last_major_construction":null,"Date_acquired":null,"Date_relinquished":null,"Means_of_Acquisition":null,"GPS_Coordinates__Lat__Long_":"41.824461,-71.400399","Building_System":"SIEMENS","CHP_Loop":null,"Electricity_Source":"Brown","Utility_Feeder_Number":"1151","Primary_Feeder":"7-1","Secondary_Feeder":"5K-12","LEED_Level":null,"LEED_Status":null,"LEED_Link":null,"ObjectID_1":146,"Shape__Area":8872.81175994873,"Shape__Length":584.7420022173942,"lat":41.824500173222681,"lon":-71.400432723159014,"NAV_Number":0.76,"NAV_Desc":"Repair and Maintain","Accessibility_Level":"A wheelchair or person with mobility challenges can enter the facility, access the primary function within that facility and access the restroom facility..","Maintained_By":"MAINTAINED BY BROWN"}},{"type":"Feature","id":182,"geometry":{"type":"Polygon","coordinates":[[[-71.3965533998686,41.8244743974441],[-71.396636238947,41.8244731503149],[-71.3966368408688,41.8244955567117],[-71.3966967538388,41.8244946553458],[-71.3966966061793,41.8244891676422],[-71.3967504054279,41.8244883579867],[-71.3967505530935,41.82449384479],[-71.3968104660604,41.8244929433647],[-71.3968098628758,41.8244705360672],[-71.3968927007409,41.8244692887519],[-71.3968928064488,41.8244731756136],[-71.3970022381854,41.8244715280263],[-71.3970048965402,41.824570300382],[-71.3968954646339,41.8245719488719],[-71.3968955691384,41.8245758357324],[-71.3968740188369,41.8245761594173],[-71.3968744800213,41.8245933077021],[-71.3968919039571,41.8245930451379],[-71.3968924333338,41.8246127081327],[-71.3968690704656,41.8246309010331],[-71.3968430880212,41.8246312927601],[-71.3968427495042,41.824618717411],[-71.3968192118343,41.8246190717131],[-71.3968195503468,41.8246316470622],[-71.3967260123421,41.82463305577],[-71.3967285238194,41.8247263404266],[-71.3965714047256,41.8247287056132],[-71.3965688152043,41.8246324488615],[-71.3966324141155,41.8246314914256],[-71.3966313078855,41.824590350306],[-71.3965565504962,41.8245914615555],[-71.3965533998686,41.8244743974441]]]},"properties":{"OBJECTID":182,"Building":100010,"Property_Type":"Building","Property_Code":"100010","Chart_String":";,LOC100010,,,","Property_Name":"Orwig Music Hall","Property_Abbr":"ORWIG","Address_Line_1":"1 Young Orchard Ave","Address_Line_2":null,"City_and_State":"Providence, RI","External_Floorplan_Link":"https://drive.google.com/drive/folders/1ZcSLmSsbMKhBeoBAOm9QP6KJMQmsM2Fa","ZIP_code":"02912","Property_Status":"Active","Ownership_Status":"Owned","Occupancy_Status":"Brown Occupied","Official_Name":null,"Aliases":"DISPNAME: Orwig Music Hall; LEGACY: Benton B. Orwig","Long_Description":"Orwig Music Hall is a three story building built in 1905. The facility serves as a music center with classrooms, a library, and offices","Portfolio":"ACADEMIC","National_Historic_District":"Cooke Street / Power Street (National)","City_of_Providence_Historic_Dis":null,"Municipal_Zone":"One Family District - Within I-Zone","Grid_Coord":"CG68","Gross_area__Property_":27807.535088430555,"Floors_Assignable_area":0,"Net_area":20533.787687791668,"Accessibility_Code":"2","Building_Occupancy":47,"Building_Type":"HOUSE","Building_Usage":"ACAD","Tax_Status":"Property Exempt from Tax","Legal_Use":"School","Current_Use":"School","Cost_Rec":"Y","Year_of_Construction":1905,"Date_of_last_major_construction":null,"Date_acquired":"01/01/1969","Date_relinquished":null,"Means_of_Acquisition":null,"GPS_Coordinates__Lat__Long_":"41.824525,-71.396711","Building_System":null,"CHP_Loop":null,"Electricity_Source":"Brown","Utility_Feeder_Number":"1151","Primary_Feeder":"7-1","Secondary_Feeder":"G-6","LEED_Level":null,"LEED_Status":null,"LEED_Link":null,"ObjectID_1":8,"Shape__Area":7195.9035949707031,"Shape__Length":500.03059627745296,"lat":41.824573985159738,"lon":-71.396746755105667,"NAV_Number":0.82,"NAV_Desc":"Repair and Maintain","Accessibility_Level":"A wheelchair user or person with mobility challenges can enter the facility and access the primary function within that facility.","Maintained_By":"MAINTAINED BY BROWN"}},{"type":"Feature","id":183,"geometry":{"type":"Polygon","coordinates":[[[-71.4024204788823,41.8226242330432],[-71.4024937432178,41.8226242673438],[-71.4024938181555,41.8225748711495],[-71.4026405681888,41.8225749388977],[-71.4026404933639,41.8226243350922],[-71.4027139791731,41.82262436944],[-71.4027139490198,41.8226617848467],[-71.4027913600078,41.8226618206685],[-71.40279134822,41.8226759812071],[-71.4028169163723,41.8226759929369],[-71.4028168364237,41.8227734456769],[-71.4027507987049,41.8227734149994],[-71.4027508308373,41.8227338819953],[-71.4027138892654,41.822733865121],[-71.4027138879778,41.8227355109415],[-71.4026395955875,41.8227354768103],[-71.4026395926342,41.8227382210443],[-71.4024946766084,41.8227381539511],[-71.4024946783643,41.8227354097162],[-71.4024203859745,41.8227353754432],[-71.4024204788823,41.8226242330432]]]},"properties":{"OBJECTID":183,"Building":100085,"Property_Type":"Building","Property_Code":"100085","Chart_String":";,LOC100085,,,","Property_Name":"President's House","Property_Abbr":"PRESHSE","Address_Line_1":"55 Power St","Address_Line_2":null,"City_and_State":"Providence, RI","External_Floorplan_Link":"https://drive.google.com/drive/folders/14CHgDQ4iNChnb2AZS-cw242NjXdBBbBs","ZIP_code":"02912","Property_Status":"Active","Ownership_Status":"Owned","Occupancy_Status":"Brown Occupied","Official_Name":null,"Aliases":"DISPNAME: President'S House","Long_Description":"Presidents House is a three story brick building that was constructed in 1922.  Brown purchased the home in 1947.  The building is utilized as a residence for the college president.","Portfolio":"Admin/Support","National_Historic_District":"College Hill Historic District (National)","City_of_Providence_Historic_Dis":"College Hill Historic District (Providence)","Municipal_Zone":"One Family District - Outside I-Zone","Grid_Coord":"JA78","Gross_area__Property_":14263.504340277777,"Floors_Assignable_area":3020.1332,"Net_area":11874.040874013888,"Accessibility_Code":"3","Building_Occupancy":2,"Building_Type":"HOUSE","Building_Usage":"SUPPORT","Tax_Status":"Property Exempt from Tax","Legal_Use":"1 Family","Current_Use":"1 Family","Cost_Rec":"Y","Year_of_Construction":1922,"Date_of_last_major_construction":null,"Date_acquired":"05/20/1948","Date_relinquished":null,"Means_of_Acquisition":null,"GPS_Coordinates__Lat__Long_":"41.822674,-71.40259","Building_System":null,"CHP_Loop":null,"Electricity_Source":null,"Utility_Feeder_Number":"77J4","Primary_Feeder":null,"Secondary_Feeder":null,"LEED_Level":null,"LEED_Status":null,"LEED_Link":null,"ObjectID_1":74,"Shape__Area":4960.1169128417969,"Shape__Length":363.94977497462355,"lat":41.822675283300192,"lon":-71.4026062508298,"NAV_Number":0.87,"NAV_Desc":"Capital Upkeep","Accessibility_Level":"A wheelchair or person with mobility challenges can enter the facility, access the primary function within that facility and access the restroom facility..","Maintained_By":"MAINTAINED BY BROWN"}},{"type":"Feature","id":184,"geometry":{"type":"Polygon","coordinates":[[[-71.3887946989116,41.8185727679091],[-71.3885044060883,41.8185341040996],[-71.3885267000027,41.8184404434875],[-71.3885376849641,41.8184419063961],[-71.388561907744,41.8183401409796],[-71.388590801435,41.8183439891508],[-71.3886160946561,41.8182377203546],[-71.3885826332845,41.818233263631],[-71.3885828682588,41.8182344928239],[-71.3885268770967,41.8182404590829],[-71.3885189014067,41.818198575596],[-71.3885748925346,41.8181926084405],[-71.3885819081192,41.8182294499847],[-71.3885907668141,41.8182306299197],[-71.3886119887319,41.8181414726511],[-71.3888166518379,41.8181687315603],[-71.3887954301948,41.8182578888667],[-71.3888757914682,41.8182685924533],[-71.3888484618547,41.8183834170742],[-71.388840033917,41.8183822942973],[-71.3887972716127,41.8185619609096],[-71.3888044950632,41.8185629231633],[-71.3888028874263,41.8185696777635],[-71.3887956639751,41.8185687155096],[-71.3887946989116,41.8185727679091]]]},"properties":{"OBJECTID":184,"Building":100220,"Property_Type":"Building","Property_Code":"100220","Chart_String":";,LOC100220,,,","Property_Name":"Marston Boathouse","Property_Abbr":"MRSTNBOAT","Address_Line_1":"258 India St","Address_Line_2":null,"City_and_State":"Providence, RI","External_Floorplan_Link":"https://drive.google.com/drive/folders/1TuQflagUSqVkFPskSEj1AbVeMfDxoCp8","ZIP_code":"02912","Property_Status":"Active","Ownership_Status":"Owned","Occupancy_Status":"Brown Occupied","Official_Name":"Hunter S. Marston Boathouse","Aliases":"ALTADDRS: 254-260 India St; DISPNAME: Marston Boathouse","Long_Description":"Marston Boat House is a building consisting of one three story section and three joined one story sections. Constructed in 1967, the building provides space for marine athletic functions.","Portfolio":"ATHLETICS","National_Historic_District":null,"City_of_Providence_Historic_Dis":"Providence Landmark District","Municipal_Zone":"Waterfront: Commercial / Industrial-Outside I-Zone","Grid_Coord":"YY01","Gross_area__Property_":19646.071296805556,"Floors_Assignable_area":2112.1913,"Net_area":17679.187729923611,"Accessibility_Code":"2","Building_Occupancy":4,"Building_Type":"BUILDING","Building_Usage":"ATHLETICS","Tax_Status":"Property Exempt from Tax","Legal_Use":"Boat House","Current_Use":"Boat House","Cost_Rec":"Y","Year_of_Construction":1967,"Date_of_last_major_construction":null,"Date_acquired":null,"Date_relinquished":null,"Means_of_Acquisition":null,"GPS_Coordinates__Lat__Long_":"41.8184,-71.388752","Building_System":null,"CHP_Loop":null,"Electricity_Source":null,"Utility_Feeder_Number":"77J3","Primary_Feeder":null,"Secondary_Feeder":null,"LEED_Level":null,"LEED_Status":null,"LEED_Link":null,"ObjectID_1":203,"Shape__Area":10743.257995605469,"Shape__Length":539.31351868426907,"lat":41.818365783616152,"lon":-71.388693311719038,"NAV_Number":0.89,"NAV_Desc":"Capital Upkeep","Accessibility_Level":"A wheelchair user or person with mobility challenges can enter the facility and access the primary function within that facility.","Maintained_By":"MAINTAINED BY BROWN"}},{"type":"Feature","id":185,"geometry":{"type":"Polygon","coordinates":[[[-71.3977845019055,41.8238778233173],[-71.3977730479448,41.8237898562223],[-71.3977780378969,41.8237894221973],[-71.3977768767056,41.8237816269217],[-71.3977877375291,41.8237808685961],[-71.3977887520489,41.8237885529993],[-71.3978075387774,41.8237872525166],[-71.3977975352592,41.8237106246931],[-71.3982927375645,41.8236742916253],[-71.3983342076667,41.8239910138801],[-71.3980047072511,41.8240152002296],[-71.3980036925443,41.8240068567797],[-71.397961569545,41.8240098931309],[-71.3979636001844,41.8240250431524],[-71.3977937859409,41.8240375149529],[-71.3977917560208,41.8240226944534],[-71.3978005618458,41.8240221539811],[-71.3977960712686,41.8239848281985],[-71.3977984198306,41.8239847204466],[-71.3977845090417,41.8238778773441],[-71.3979270958457,41.8238674908628],[-71.3979371665999,41.8239443384156],[-71.3979657860999,41.8239423884944],[-71.3979639000462,41.8239286656398],[-71.3981436937188,41.823915432646],[-71.3981252782651,41.82377513076],[-71.3979170120494,41.8237905334551],[-71.3979270887108,41.8238674359357],[-71.3977845019055,41.8238778233173]]]},"properties":{"OBJECTID":185,"Building":100129,"Property_Type":"Building","Property_Code":"100129","Chart_String":";,LOC100129,,,","Property_Name":"Barbour Hall","Property_Abbr":"BARBOUR","Address_Line_1":"100 Charlesfield St","Address_Line_2":null,"City_and_State":"Providence, RI","External_Floorplan_Link":"https://drive.google.com/drive/folders/1xivKdktIfLB5kcFWa56DBILprimun8sK","ZIP_code":"02912","Property_Status":"Active","Ownership_Status":"Owned","Occupancy_Status":"Brown Occupied","Official_Name":null,"Aliases":"DISPNAME: Barbour Hall; FORMER: Appleby; LEGACY: Clarence Augustus Barbour","Long_Description":"Built in 1904 and originally part of Bryant College, Barbour Hall is named in honor of Brown's tenth president, Clarence Barbour.  Built as an addition, Barbour Hall Apartments shares its name with the adjacent building.","Portfolio":"RESIDENCE HALL","National_Historic_District":"College Hill Historic District (National)","City_of_Providence_Historic_Dis":null,"Municipal_Zone":"One Family District - Within I-Zone","Grid_Coord":"CO71","Gross_area__Property_":54590.742311145834,"Floors_Assignable_area":8854.9434,"Net_area":46296.57793301389,"Accessibility_Code":"3","Building_Occupancy":37,"Building_Type":"BUILDING","Building_Usage":"RES HALL","Tax_Status":"Property Exempt from Tax","Legal_Use":"Dormitory","Current_Use":"Dormitory","Cost_Rec":"Y","Year_of_Construction":1904,"Date_of_last_major_construction":null,"Date_acquired":"01/01/1969","Date_relinquished":null,"Means_of_Acquisition":null,"GPS_Coordinates__Lat__Long_":"41.823857,-71.398025","Building_System":"SIEMENS","CHP_Loop":null,"Electricity_Source":"Brown","Utility_Feeder_Number":"1151","Primary_Feeder":"7-1","Secondary_Feeder":"G-5","LEED_Level":null,"LEED_Status":null,"LEED_Link":null,"ObjectID_1":115,"Shape__Area":13698.922332763672,"Shape__Length":850.05621004030536,"lat":41.82385489356588,"lon":-71.3980560902601,"NAV_Number":0.77,"NAV_Desc":"Repair and Maintain","Accessibility_Level":"A wheelchair or person with mobility challenges can enter the facility, access the primary function within that facility and access the restroom facility..","Maintained_By":"MAINTAINED BY BROWN"}},{"type":"Feature","id":186,"geometry":{"type":"Polygon","coordinates":[[[-71.3796456499374,41.8427015535184],[-71.3796472439505,41.8429258687051],[-71.3797101952672,41.842925618629],[-71.3797107784934,41.8430076552276],[-71.3795220735982,41.8430084073101],[-71.3795216760543,41.8430226403174],[-71.379429892198,41.8430212043095],[-71.3794299706231,41.8430076489212],[-71.3794207368786,41.8430076203213],[-71.3794213779809,41.8428970173199],[-71.3795462096781,41.8428974201959],[-71.3795473395507,41.84270199337],[-71.3796456499374,41.8427015535184]]]},"properties":{"OBJECTID":186,"Building":100292,"Property_Type":"Building","Property_Code":"100292","Chart_String":";,LOC100292,,,","Property_Name":"Butler Hospital Duncan Building","Property_Abbr":"BUTLERDUNC","Address_Line_1":"345 Blackstone Blvd","Address_Line_2":null,"City_and_State":"Providence, RI","External_Floorplan_Link":"https://drive.google.com/drive/folders/1kPEo4REZpiTnuEEimaxZ6365nTaxTano","ZIP_code":"02912","Property_Status":"Active","Ownership_Status":"Leased","Occupancy_Status":"Brown / Non-Brown Occupied","Official_Name":null,"Aliases":"DISPNAME: Duncan","Long_Description":"Sorry, no narrative available.","Portfolio":"ACADEMIC","National_Historic_District":null,"City_of_Providence_Historic_Dis":null,"Municipal_Zone":null,"Grid_Coord":"WW20","Gross_area__Property_":10891.196464722223,"Floors_Assignable_area":4070.7369,"Net_area":8177.9917930069441,"Accessibility_Code":null,"Building_Occupancy":null,"Building_Type":"BUILDING","Building_Usage":"HOSPITAL","Tax_Status":"Property Exempt from Tax","Legal_Use":null,"Current_Use":null,"Cost_Rec":"N","Year_of_Construction":0,"Date_of_last_major_construction":null,"Date_acquired":null,"Date_relinquished":null,"Means_of_Acquisition":"LEASED","GPS_Coordinates__Lat__Long_":"41.84294,-71.3797","Building_System":null,"CHP_Loop":null,"Electricity_Source":null,"Utility_Feeder_Number":"76F1","Primary_Feeder":null,"Secondary_Feeder":null,"LEED_Level":null,"LEED_Status":null,"LEED_Link":null,"ObjectID_1":270,"Shape__Area":5064.010368347168,"Shape__Length":390.19119312590584,"lat":41.842897386970179,"lon":-71.3795712488753,"NAV_Number":null,"NAV_Desc":"NO NAV","Accessibility_Level":null,"Maintained_By":"MAINTAINED BY OTHER VENDOR"}},{"type":"Feature","id":187,"geometry":{"type":"Polygon","coordinates":[[[-71.3983087537006,41.8265490633503],[-71.3983272024471,41.8266180942998],[-71.3983212253843,41.826622226069],[-71.3983127316872,41.8266169911798],[-71.3982866778895,41.8266193729199],[-71.3983006105409,41.8267011279724],[-71.3982988672579,41.8267013001945],[-71.3983009955955,41.8267133873348],[-71.3980388614274,41.8267391999795],[-71.3980562611167,41.8268380546819],[-71.3980015462267,41.826843447763],[-71.3980062143644,41.826869969604],[-71.3980074169209,41.8268767826396],[-71.3976181915978,41.8269151077704],[-71.3976169890818,41.8269082947309],[-71.3975583408356,41.8265750394336],[-71.3975101417698,41.8265797853454],[-71.397498356824,41.826512861603],[-71.3974583432673,41.8265168017903],[-71.3974496433171,41.8264673743917],[-71.3974726815538,41.8264651062936],[-71.397470925577,41.8264551298655],[-71.3974478885475,41.8264573979643],[-71.3974363148779,41.8263916466448],[-71.397459353088,41.8263893785493],[-71.3974575971152,41.8263794021209],[-71.3974345601125,41.8263816702171],[-71.397429128084,41.8263482312608],[-71.3974691670484,41.8263441452512],[-71.3974590260303,41.8262797673287],[-71.3975058683622,41.8262749653069],[-71.3974947569102,41.826211469754],[-71.3978840437476,41.8261734602092],[-71.3978960250515,41.8262367152071],[-71.3980729777508,41.8262193256392],[-71.3980851262889,41.8262835153177],[-71.3981254104338,41.8262796174678],[-71.3981340022335,41.8263292400948],[-71.3981104633178,41.8263315078814],[-71.3981122217738,41.826341499608],[-71.3981357606945,41.8263392309206],[-71.3981467516896,41.8264016738066],[-71.3981231837969,41.8264039802847],[-71.3981249374419,41.8264139720066],[-71.3981485053382,41.8264116655281],[-71.3981552035488,41.8264507516015],[-71.3981530196427,41.826450963946],[-71.398159728423,41.8264894612062],[-71.3982645800486,41.826479259634],[-71.3982637377989,41.8264744681818],[-71.3982695611588,41.8264738953212],[-71.3982804781784,41.8265360203076],[-71.3982841883824,41.8265571266491],[-71.3983022467225,41.8265556525761],[-71.3983013726566,41.8265496654453],[-71.3983087537006,41.8265490633503]]]},"properties":{"OBJECTID":187,"Building":100077,"Property_Type":"Building","Property_Code":"100077","Chart_String":";,LOC100077,,,","Property_Name":"Barus & Holley","Property_Abbr":"BH","Address_Line_1":"184 Hope St","Address_Line_2":"182, 184 Hope St","City_and_State":"Providence, RI","External_Floorplan_Link":"https://drive.google.com/drive/folders/1KIrQW4gFhoHOhdAvnbKJWmKpW-h_ymky","ZIP_code":"02912","Property_Status":"Active","Ownership_Status":"Owned","Occupancy_Status":"Brown Occupied","Official_Name":null,"Aliases":"ALTADDRS: 170-180 Hope St; ALTADDRS: 182 Hope St; DISPNAME: Barus & Holley; FORMER: B&H; LEGACY: Professor Carl Barus & Alexander Lyman Holley","Long_Description":"Barus and Holley is a seven story building that was constructed in 1965 with areas of brick exterior and precast panels.  This facility serves as the Physics and Engineering building and includes laboratories, classrooms, lecture rooms, and offices.","Portfolio":"ACADEMIC LAB","National_Historic_District":"College Hill Historic District (National)","City_of_Providence_Historic_Dis":null,"Municipal_Zone":"One Family District - Within I-Zone","Grid_Coord":"BM53","Gross_area__Property_":206714.9332337986,"Floors_Assignable_area":12425.8079,"Net_area":186689.20943818055,"Accessibility_Code":"4","Building_Occupancy":405,"Building_Type":"BUILDING","Building_Usage":"ACAD","Tax_Status":"Property Exempt from Tax","Legal_Use":"School/Lab","Current_Use":"School/Lab","Cost_Rec":"Y","Year_of_Construction":1965,"Date_of_last_major_construction":null,"Date_acquired":null,"Date_relinquished":null,"Means_of_Acquisition":null,"GPS_Coordinates__Lat__Long_":"41.826505,-71.397826","Building_System":"METASYS","CHP_Loop":null,"Electricity_Source":"Brown","Utility_Feeder_Number":"1152B/1153","Primary_Feeder":"5-1","Secondary_Feeder":"3-1","LEED_Level":null,"LEED_Status":null,"LEED_Link":null,"ObjectID_1":66,"Shape__Area":43887.618423461914,"Shape__Length":1036.7298652315276,"lat":41.826530539083414,"lon":-71.397845534911454,"NAV_Number":0.65,"NAV_Desc":"Systemic Renovation","Accessibility_Level":"The facility is mostly accessible to a wheelchair user or person with mobility challenges.","Maintained_By":"MAINTAINED BY BROWN"}},{"type":"Feature","id":188,"geometry":{"type":"Polygon","coordinates":[[[-71.4013208075482,41.8293951101404],[-71.4013321309941,41.8294879943363],[-71.4009745900513,41.829512234413],[-71.4009169797302,41.8294767005748],[-71.4008910325056,41.8292664697409],[-71.4009385029692,41.8292240299918],[-71.4010933510594,41.8292134953074],[-71.4011175052547,41.8294088806651],[-71.4013208075482,41.8293951101404]]]},"properties":{"OBJECTID":188,"Building":100324,"Property_Type":"Building","Property_Code":"100324","Chart_String":";,LOC100324,,,","Property_Name":"Thayer St 272","Property_Abbr":"THAYER272","Address_Line_1":"272 Thayer St","Address_Line_2":null,"City_and_State":"Providence, RI","External_Floorplan_Link":"https://drive.google.com/drive/folders/1Dpuek4isnR00lxlvF_C_nF2z-OT7_IdT","ZIP_code":"02903","Property_Status":"Active","Ownership_Status":"Owned","Occupancy_Status":"Non-Brown Occupied","Official_Name":null,"Aliases":"DISPNAME: 272 Thayer","Long_Description":null,"Portfolio":"UNASSIGNED","National_Historic_District":"College Hill Historic District (National)","City_of_Providence_Historic_Dis":null,"Municipal_Zone":null,"Grid_Coord":"DA30","Gross_area__Property_":13651.912933840278,"Floors_Assignable_area":5359.8722,"Net_area":11800.035609520834,"Accessibility_Code":"0","Building_Occupancy":null,"Building_Type":"BUILDING","Building_Usage":"COMMERCIAL","Tax_Status":"Taxable Property","Legal_Use":"Commercial","Current_Use":"Commercial","Cost_Rec":"N","Year_of_Construction":1976,"Date_of_last_major_construction":null,"Date_acquired":"08/15/2014","Date_relinquished":null,"Means_of_Acquisition":"PURCHASED","GPS_Coordinates__Lat__Long_":"41.829322,-71.400951","Building_System":null,"CHP_Loop":null,"Electricity_Source":null,"Utility_Feeder_Number":"2J1","Primary_Feeder":null,"Secondary_Feeder":null,"LEED_Level":null,"LEED_Status":null,"LEED_Link":null,"ObjectID_1":298,"Shape__Area":7665.0388641357422,"Shape__Length":418.79530347455523,"lat":41.829385145450019,"lon":-71.401063477075624,"NAV_Number":null,"NAV_Desc":"NO NAV","Accessibility_Level":"A physical barrier exists that would prevent a wheelchair user from entering the facility.","Maintained_By":"MAINTAINED BY C&W"}},{"type":"Feature","id":189,"geometry":{"type":"Polygon","coordinates":[[[-71.3956572140409,41.825484996986],[-71.3956560749469,41.8254518697563],[-71.3956510119587,41.8254519749987],[-71.3956492274787,41.8253989550791],[-71.3956487308993,41.8253659958957],[-71.3956249548636,41.8253661966787],[-71.3956245569629,41.8253406725892],[-71.3955982133853,41.8253408953429],[-71.3955966234625,41.8252355694669],[-71.3956176465216,41.8252353967998],[-71.3956175499514,41.825229636339],[-71.3956175127295,41.8252273557449],[-71.3956915274263,41.825226712609],[-71.395703057915,41.8252266132371],[-71.3957196199885,41.8252264635112],[-71.3957947601627,41.8252258132274],[-71.395794787811,41.8252295478613],[-71.3958170254082,41.8252293762595],[-71.3958203895129,41.8253290388047],[-71.395820570993,41.8253344094952],[-71.395821394474,41.8253588256519],[-71.3958217687915,41.8253699866013],[-71.3958227520611,41.8253990468544],[-71.3958230391193,41.8254076030421],[-71.395823984346,41.82543562787],[-71.3958243517034,41.8254466276521],[-71.3958250766096,41.8254679951691],[-71.3957982125098,41.8254685056052],[-71.3957642848018,41.8254691500786],[-71.3957493474589,41.8254694354362],[-71.395749768029,41.8254817578656],[-71.3957132281798,41.8254824485718],[-71.3957097385021,41.8254825174307],[-71.3957098443008,41.8254855633756],[-71.3956572668769,41.8254865582228],[-71.3956572140409,41.825484996986]]]},"properties":{"OBJECTID":189,"Building":100315,"Property_Type":"Building","Property_Code":"100315","Chart_String":";,LOC100315,,,","Property_Name":"Aldrich House","Property_Abbr":"ALDRICH","Address_Line_1":"110 Benevolent St","Address_Line_2":null,"City_and_State":"Providence, RI","External_Floorplan_Link":null,"ZIP_code":"02906","Property_Status":"Active","Ownership_Status":"Affilliated","Occupancy_Status":"Non-Brown Occupied","Official_Name":null,"Aliases":"DISPNAME: Aldrich House","Long_Description":null,"Portfolio":"UNASSIGNED","National_Historic_District":null,"City_of_Providence_Historic_Dis":null,"Municipal_Zone":null,"Grid_Coord":null,"Gross_area__Property_":0,"Floors_Assignable_area":0,"Net_area":0,"Accessibility_Code":null,"Building_Occupancy":null,"Building_Type":"HOUSE","Building_Usage":"INDEPENDNT","Tax_Status":"Not Applicable","Legal_Use":null,"Current_Use":null,"Cost_Rec":"N","Year_of_Construction":0,"Date_of_last_major_construction":null,"Date_acquired":null,"Date_relinquished":null,"Means_of_Acquisition":null,"GPS_Coordinates__Lat__Long_":"41.82525,-71.39627","Building_System":null,"CHP_Loop":null,"Electricity_Source":null,"Utility_Feeder_Number":"UNKNOWN","Primary_Feeder":null,"Secondary_Feeder":null,"LEED_Level":null,"LEED_Status":null,"LEED_Link":null,"ObjectID_1":289,"Shape__Area":4884.5536193847656,"Shape__Length":309.5849121987381,"lat":41.825344839454011,"lon":-71.395720128453277,"NAV_Number":null,"NAV_Desc":null,"Accessibility_Level":null,"Maintained_By":null}},{"type":"Feature","id":190,"geometry":{"type":"Polygon","coordinates":[[[-71.3983272024471,41.8266180942998],[-71.3983249445866,41.8266155929591],[-71.3983228035796,41.8266130341],[-71.3983207806227,41.8266104222254],[-71.3983188805279,41.8266077591401],[-71.3983171032881,41.826605049346],[-71.3983154525116,41.8266022946467],[-71.3983139293951,41.8265994995452],[-71.3983125363417,41.8265966667445],[-71.3983112745495,41.8265937998471],[-71.3983101452178,41.8265909015551],[-71.398309150747,41.8265879763722],[-71.3983082923366,41.8265850270007],[-71.3983075687771,41.8265820570407],[-71.3983069836739,41.8265790700968],[-71.3983065358163,41.8265760706696],[-71.3983062276073,41.8265730614624],[-71.398306057839,41.826570045175],[-71.3983060265028,41.8265670272095],[-71.3983061347995,41.8265640093675],[-71.3983063827205,41.8265609970512],[-71.3983067678557,41.8265579920592],[-71.3983072926052,41.8265549988951],[-71.3983079545559,41.8265520211582],[-71.398308753702,41.8265490624499],[-71.3983013726566,41.8265496654453],[-71.3983022467225,41.8265556525761],[-71.3982841883824,41.8265571266491],[-71.3982804781798,41.8265360194073],[-71.398269559955,41.8264738953201],[-71.3982637377989,41.8264744681818],[-71.3982645800486,41.826479259634],[-71.3981597284244,41.8264894603058],[-71.3981485053397,41.8264116646278],[-71.3981249374434,41.8264139711063],[-71.3981231837984,41.8264039793844],[-71.3981467516911,41.8264016729062],[-71.3981357606945,41.8263392309206],[-71.3981122217752,41.8263414987076],[-71.3981104633178,41.8263315078814],[-71.3981340022349,41.8263292391944],[-71.3981254104352,41.8262796165674],[-71.3982549908995,41.826264992856],[-71.3982472381237,41.826222142434],[-71.398327192321,41.8262144036844],[-71.3983252167056,41.8262031801043],[-71.3983243065453,41.826203270233],[-71.3983235883597,41.8261991883584],[-71.3983244985185,41.82619909913],[-71.3983238196955,41.8261952450761],[-71.3988114262392,41.8261473436099],[-71.3988355116638,41.8262841750113],[-71.398832631898,41.8262844587831],[-71.3988391376558,41.8263214153452],[-71.3987536535861,41.8263298338352],[-71.3985190306723,41.826352938392],[-71.3985717102119,41.8266522217377],[-71.3985391332653,41.8266554296888],[-71.3985395293457,41.8266576844886],[-71.3985393788562,41.8266576987611],[-71.3985397379576,41.8266597401478],[-71.3984708807839,41.826666520088],[-71.3984760955116,41.8266961449635],[-71.3983009955955,41.8267133873348],[-71.3982994804677,41.8267047823499],[-71.3982866766858,41.8266193729189],[-71.3983127316872,41.8266169911798],[-71.3983212253858,41.8266222251687],[-71.3983272024471,41.8266180942998]]]},"properties":{"OBJECTID":190,"Building":100331,"Property_Type":"Building","Property_Code":"100331","Chart_String":";,LOC100331,,,","Property_Name":"Engineering Research Center","Property_Abbr":"ENGRESCTR","Address_Line_1":"345 Brook St","Address_Line_2":null,"City_and_State":"Providence, RI","External_Floorplan_Link":"https://drive.google.com/drive/folders/1RyBWwZWYl4exOVrr1AA7hUK1EXomhExE","ZIP_code":"02912","Property_Status":"Active","Ownership_Status":"Owned","Occupancy_Status":"Brown Occupied","Official_Name":null,"Aliases":"DISPNAME: Engineering Research Ctr; FORMER: Brook St 345 School Of Engineering; FORMER: Brook345; NICKNAME: Erc; NICKNAME: School Of Engineering; NICKNAME: Soe","Long_Description":"The Engineering Research Center adjoins existing engineering facilities in the Barus & Holley building and Prince Lab.  It features high-tech spaces for 15 faculty research groups and more than 100 research associates and graduate students.  The building is designed to encourage the kind of interdisciplinary research for which Brown University is known.","Portfolio":"ACADEMIC LAB","National_Historic_District":"College Hill Historic District (National)","City_of_Providence_Historic_Dis":null,"Municipal_Zone":"One Family District - Within I-Zone","Grid_Coord":"BP52","Gross_area__Property_":83127.826852694445,"Floors_Assignable_area":0,"Net_area":74671.857187208327,"Accessibility_Code":"4","Building_Occupancy":null,"Building_Type":"BUILDING","Building_Usage":"ACAD","Tax_Status":"Not Applicable","Legal_Use":"School/Lab","Current_Use":"School/Lab","Cost_Rec":"N","Year_of_Construction":2017,"Date_of_last_major_construction":null,"Date_acquired":null,"Date_relinquished":null,"Means_of_Acquisition":"BUILT","GPS_Coordinates__Lat__Long_":"41.826368,-71.398401","Building_System":null,"CHP_Loop":null,"Electricity_Source":"Brown","Utility_Feeder_Number":"1152B/1153","Primary_Feeder":"5-1","Secondary_Feeder":"3-1","LEED_Level":"Gold","LEED_Status":"Designed To","LEED_Link":null,"ObjectID_1":304,"Shape__Area":20994.277053833008,"Shape__Length":814.355272136831,"lat":41.826385037084378,"lon":-71.398448772340558,"NAV_Number":0.99,"NAV_Desc":"Capital Upkeep","Accessibility_Level":"The facility is mostly accessible to a wheelchair user or person with mobility challenges.","Maintained_By":"MAINTAINED BY BROWN"}},{"type":"Feature","id":191,"geometry":{"type":"Polygon","coordinates":[[[-71.4086202337095,41.8191913428565],[-71.408457687573,41.8192271964545],[-71.4083794793484,41.819106247169],[-71.4085273284951,41.8190481534687],[-71.4086202337095,41.8191913428565]]]},"properties":{"OBJECTID":191,"Building":100329,"Property_Type":"Building","Property_Code":"100329","Chart_String":";,LOC100329,,,","Property_Name":"Ship St 026","Property_Abbr":"SHIPST026","Address_Line_1":"26 Ship St","Address_Line_2":null,"City_and_State":"Providence, RI","External_Floorplan_Link":"https://drive.google.com/drive/folders/15Ovre-ggiel_LoyLYPKrB7oZQKS09VpP","ZIP_code":"02903","Property_Status":"Active","Ownership_Status":"Owned","Occupancy_Status":"Brown Occupied","Official_Name":null,"Aliases":"DISPNAME: 26 Ship","Long_Description":null,"Portfolio":"BIOMED","National_Historic_District":"Jewelry Manufacturing (National)","City_of_Providence_Historic_Dis":null,"Municipal_Zone":null,"Grid_Coord":"WW33","Gross_area__Property_":5723.9674995902778,"Floors_Assignable_area":0,"Net_area":4817.0163948472218,"Accessibility_Code":"0","Building_Occupancy":null,"Building_Type":"BUILDING","Building_Usage":"ACAD","Tax_Status":"Taxable Property","Legal_Use":null,"Current_Use":null,"Cost_Rec":"N","Year_of_Construction":1900,"Date_of_last_major_construction":null,"Date_acquired":"06/12/2015","Date_relinquished":null,"Means_of_Acquisition":null,"GPS_Coordinates__Lat__Long_":"41.819148,-71.408487","Building_System":null,"CHP_Loop":null,"Electricity_Source":null,"Utility_Feeder_Number":"2J2","Primary_Feeder":null,"Secondary_Feeder":null,"LEED_Level":null,"LEED_Status":null,"LEED_Link":null,"ObjectID_1":302,"Shape__Area":2435.156867980957,"Shape__Length":198.67522556689372,"lat":41.819142590793263,"lon":-71.408498378477219,"NAV_Number":0.62,"NAV_Desc":"Systemic Renovation","Accessibility_Level":"A physical barrier exists that would prevent a wheelchair user from entering the facility.","Maintained_By":"MAINTAINED BY BROWN"}},{"type":"Feature","id":192,"geometry":{"type":"Polygon","coordinates":[[[-71.4056487651652,41.8188254011643],[-71.4056224784391,41.8187887438084],[-71.4055710669867,41.8188093463709],[-71.4054927008979,41.8188407443313],[-71.405485373955,41.8188436725135],[-71.4054652047024,41.8188155076664],[-71.4054648121025,41.8188156640026],[-71.4054520272583,41.8188207935256],[-71.4053401106515,41.8186644688398],[-71.4053746510577,41.8186506410533],[-71.405280179777,41.8185187443124],[-71.405243623945,41.8184677116631],[-71.4057124071363,41.8182798703503],[-71.4063609393678,41.8180199988581],[-71.4063558501844,41.8180128874193],[-71.4065404030025,41.8179389234594],[-71.4066936913034,41.8178774872641],[-71.4067001834594,41.8178865454642],[-71.4067040631284,41.8178919659658],[-71.4067781974598,41.81799547531],[-71.4067799102832,41.8179978698058],[-71.406780166127,41.8179982265484],[-71.4067905896323,41.8180127827132],[-71.406800752493,41.8180269758283],[-71.4068026527021,41.8180296279733],[-71.406888611429,41.8181496545845],[-71.4065707483454,41.8182770171078],[-71.4065699631537,41.8182773324888],[-71.4066211162692,41.8183487161825],[-71.4066227558335,41.8183510034805],[-71.4064082502005,41.8184369519126],[-71.4063671311066,41.8184534270524],[-71.4062459004686,41.8185020005956],[-71.4062164134983,41.8185138178077],[-71.4062578936312,41.8185717003565],[-71.4062894206983,41.8185590555844],[-71.4062941595679,41.8185571579304],[-71.4063403986413,41.8186217401647],[-71.4063379696012,41.8186227069509],[-71.4056277006059,41.8189052962986],[-71.4055881612356,41.8188497199928],[-71.4056487651652,41.8188254011643]]]},"properties":{"OBJECTID":192,"Building":100322,"Property_Type":"Building","Property_Code":"100322","Chart_String":";,LOC100322,,,","Property_Name":"South Street Landing","Property_Abbr":"SOUTHSTLD","Address_Line_1":"350 Eddy St","Address_Line_2":null,"City_and_State":"Providence, RI","External_Floorplan_Link":"https://drive.google.com/drive/folders/1IxcXjUhMnxITdACSPkcdCKSl-cue3M5L","ZIP_code":"02903","Property_Status":"Active","Ownership_Status":"Owned","Occupancy_Status":"Brown Occupied","Official_Name":null,"Aliases":"DISPNAME: South Street Landing; FORMER: Dynamo House; FORMER: South Street Power Station; LEGACY: Dynamo House; NICKNAME: Ssl","Long_Description":"In 2017, the renovation and expansion of the long-vacant South Street Power Station was completed.  Now named South Street Landing, the building was transformed into a mixed use facility for Brown University, Rhode Island College and University of Rhode Island.  The Brown workspaces were designed to enhance the work environment to be more collaborative and comfortable to promote a greater sense of well-being.  The project was awarded the 2018 IFMA Boston Chapter \"Best Practices - Large Project\" award.","Portfolio":"Admin/Support","National_Historic_District":null,"City_of_Providence_Historic_Dis":null,"Municipal_Zone":null,"Grid_Coord":"WW38","Gross_area__Property_":116793.92793777083,"Floors_Assignable_area":24174.7748,"Net_area":104360.313774375,"Accessibility_Code":"4","Building_Occupancy":null,"Building_Type":"BUILDING","Building_Usage":"ADMIN","Tax_Status":"Taxable Property","Legal_Use":null,"Current_Use":null,"Cost_Rec":"N","Year_of_Construction":2017,"Date_of_last_major_construction":null,"Date_acquired":"11/01/2017","Date_relinquished":null,"Means_of_Acquisition":null,"GPS_Coordinates__Lat__Long_":"41.818373,-71.405962","Building_System":null,"CHP_Loop":null,"Electricity_Source":null,"Utility_Feeder_Number":"UNKNOWN","Primary_Feeder":null,"Secondary_Feeder":null,"LEED_Level":null,"LEED_Status":null,"LEED_Link":null,"ObjectID_1":296,"Shape__Area":71796.83821105957,"Shape__Length":1367.8631081717037,"lat":41.81840577957842,"lon":-71.406035887717081,"NAV_Number":null,"NAV_Desc":"NO NAV","Accessibility_Level":"The facility is mostly accessible to a wheelchair user or person with mobility challenges.","Maintained_By":"MAINTAINED BY OTHER VENDOR"}},{"type":"Feature","id":193,"geometry":{"type":"Polygon","coordinates":[[[-71.4006360040203,41.8287850470064],[-71.4006446623573,41.8288561668784],[-71.4004716509747,41.8288723276479],[-71.400480957726,41.8289280648995],[-71.4004902644919,41.8289838030501],[-71.400361434227,41.8289958360489],[-71.4003825510898,41.8291222997809],[-71.400291094248,41.8291281923807],[-71.4002933687188,41.829141817385],[-71.3996882640285,41.8291808037452],[-71.3996350287665,41.8288041607214],[-71.4002714357661,41.8287447200044],[-71.4003551752478,41.8287368985016],[-71.4004631213012,41.8287268164563],[-71.4004647854076,41.8287404886472],[-71.4005194278298,41.8287353842413],[-71.4005177637119,41.8287217120512],[-71.4006270497098,41.8287115040644],[-71.4006469283845,41.8287234750617],[-71.4006526090897,41.8287701310455],[-71.4006360040203,41.8287850470064]],[[-71.4003521275697,41.8289400987885],[-71.4003468844572,41.8289086976159],[-71.3999319986422,41.8289474485728],[-71.3999300697738,41.8289338013535],[-71.399875447605,41.8289389027955],[-71.3998773764619,41.8289525500156],[-71.3998610895899,41.8289678361807],[-71.3998428452746,41.828969278824],[-71.3998486496914,41.8290103456484],[-71.3998668940169,41.8290089039046],[-71.3998870207546,41.8290207888165],[-71.3998889508202,41.8290344360373],[-71.3999435730692,41.8290293345891],[-71.3999416441973,41.8290156864699],[-71.4003582521004,41.8289767749114],[-71.4003521275697,41.8289400987885]]]},"properties":{"OBJECTID":193,"Building":100327,"Property_Type":"Building","Property_Code":"100327","Chart_String":";,LOC100327,,,,,","Property_Name":"Thayer St 257","Property_Abbr":"THAY257","Address_Line_1":"257 Thayer St","Address_Line_2":null,"City_and_State":"Providence, RI","External_Floorplan_Link":null,"ZIP_code":"02906","Property_Status":"Active","Ownership_Status":"Affilliated","Occupancy_Status":"Non-Brown Occupied","Official_Name":null,"Aliases":"DISPNAME: 257 Thayer","Long_Description":null,"Portfolio":"UNASSIGNED","National_Historic_District":null,"City_of_Providence_Historic_Dis":null,"Municipal_Zone":null,"Grid_Coord":"AW34","Gross_area__Property_":0,"Floors_Assignable_area":0,"Net_area":0,"Accessibility_Code":null,"Building_Occupancy":null,"Building_Type":"BUILDING","Building_Usage":"AUXILIARY","Tax_Status":"Not Applicable","Legal_Use":null,"Current_Use":null,"Cost_Rec":"N","Year_of_Construction":0,"Date_of_last_major_construction":null,"Date_acquired":"08/23/2020","Date_relinquished":null,"Means_of_Acquisition":"LEASED","GPS_Coordinates__Lat__Long_":"41.828839,-71.400123","Building_System":null,"CHP_Loop":null,"Electricity_Source":null,"Utility_Feeder_Number":null,"Primary_Feeder":null,"Secondary_Feeder":null,"LEED_Level":null,"LEED_Status":null,"LEED_Link":null,"ObjectID_1":300,"Shape__Area":29024.579872131348,"Shape__Length":1185.9948410547447,"lat":41.8289372599828,"lon":-71.4000914965054,"NAV_Number":null,"NAV_Desc":null,"Accessibility_Level":null,"Maintained_By":null}},{"type":"Feature","id":194,"geometry":{"type":"Polygon","coordinates":[[[-71.3989448743996,41.8241144959201],[-71.3991297097735,41.8240987466678],[-71.3991294548173,41.8240970691108],[-71.3991571686184,41.8240947075426],[-71.3991577154058,41.8240983435948],[-71.3991625813619,41.8240979292084],[-71.399164830769,41.8241126877527],[-71.399214200629,41.8241913676591],[-71.3993424623773,41.8242688598253],[-71.3993800424451,41.8243874945097],[-71.3993797177864,41.8243895848143],[-71.3993845127707,41.8243899230403],[-71.3993778753998,41.8244423341082],[-71.3993730792107,41.8244419940801],[-71.3993730499584,41.8244422263422],[-71.3993733704615,41.824444328016],[-71.3990047968751,41.8244757325335],[-71.3990044775876,41.8244736308598],[-71.3989996922594,41.824474039008],[-71.3989763515818,41.8243207806529],[-71.3989811368973,41.8243203734059],[-71.3989808164077,41.824318271731],[-71.3989733844821,41.8242694757815],[-71.3990067576718,41.824266632143],[-71.3990064371816,41.8242645304681],[-71.3991602978732,41.8242514198368],[-71.3991602311574,41.8242509795121],[-71.3991599409271,41.8242510692913],[-71.3991448343494,41.8242236217748],[-71.3989638304778,41.8242390457971],[-71.3989448743996,41.8241144959201]]]},"properties":{"OBJECTID":194,"Building":100333,"Property_Type":"Building","Property_Code":"100333","Chart_String":";,LOC100333,,,","Property_Name":"Stephen Robert Hall","Property_Abbr":"ROBERTHALL","Address_Line_1":"280 Brook St","Address_Line_2":null,"City_and_State":"Providence, RI","External_Floorplan_Link":"https://drive.google.com/drive/folders/11vXwfuUytpJ1SEiu1Ig9SifRjlxA1Y4x","ZIP_code":"02912","Property_Status":"Active","Ownership_Status":"Owned","Occupancy_Status":"Brown Occupied","Official_Name":"Stephen Robert '62 P'91 Hall","Aliases":"DISPNAME: Robert Hall; FORMER: Watsonexp; NICKNAME: Watsonins2","Long_Description":"Completed in fall of 2018, the Stephen Robert '62 P'91 Hall is the combination of a newly constructed building and an existing historic building.  It is an expansion to the Watson Institute for International and Public affairs, the project increasesd space for interdisciplinary activities and shared public spaces.  In unison with adjacent buildings, it completes an academic quad and enhances usability of the central Starr Plaza.  The project was designed to achieve a LEED Silver rating.","Portfolio":"ACADEMIC","National_Historic_District":null,"City_of_Providence_Historic_Dis":null,"Municipal_Zone":null,"Grid_Coord":"CT68","Gross_area__Property_":31961.802018965278,"Floors_Assignable_area":0,"Net_area":28001.876345284723,"Accessibility_Code":"4","Building_Occupancy":null,"Building_Type":"BUILDING","Building_Usage":"ACAD","Tax_Status":"Property Exempt from Tax","Legal_Use":null,"Current_Use":null,"Cost_Rec":"N","Year_of_Construction":2018,"Date_of_last_major_construction":null,"Date_acquired":"11/26/2018","Date_relinquished":null,"Means_of_Acquisition":"BUILT","GPS_Coordinates__Lat__Long_":"41.824247,-71.399071","Building_System":"METASYS","CHP_Loop":null,"Electricity_Source":"Brown","Utility_Feeder_Number":"1151","Primary_Feeder":"7-1","Secondary_Feeder":"S-5","LEED_Level":"Silver","LEED_Status":"Designed To","LEED_Link":null,"ObjectID_1":306,"Shape__Area":11213.306312561035,"Shape__Length":549.3881840669444,"lat":41.8243031985855,"lon":-71.39914838836313,"NAV_Number":null,"NAV_Desc":"NO NAV","Accessibility_Level":"The facility is mostly accessible to a wheelchair user or person with mobility challenges.","Maintained_By":"MAINTAINED BY BROWN"}},{"type":"Feature","id":195,"geometry":{"type":"Polygon","coordinates":[[[-71.4001173619138,41.8302542745428],[-71.4001257847695,41.8303124599628],[-71.4000474000975,41.8303187580803],[-71.4000389785158,41.8302605726557],[-71.4001173619138,41.8302542745428]]]},"properties":{"OBJECTID":195,"Building":100405,"Property_Type":"Building","Property_Code":"100405","Chart_String":null,"Property_Name":"Brook St 456 Garage","Property_Abbr":"BRKST456GAR","Address_Line_1":"456 Brook St","Address_Line_2":null,"City_and_State":"Providence, RI","External_Floorplan_Link":null,"ZIP_code":"02912","Property_Status":"Pre-active","Ownership_Status":null,"Occupancy_Status":null,"Official_Name":null,"Aliases":null,"Long_Description":null,"Portfolio":"AUXILIARY","National_Historic_District":null,"City_of_Providence_Historic_Dis":null,"Municipal_Zone":null,"Grid_Coord":null,"Gross_area__Property_":null,"Floors_Assignable_area":null,"Net_area":null,"Accessibility_Code":null,"Building_Occupancy":null,"Building_Type":"GARAGE","Building_Usage":"AUXILIARY","Tax_Status":null,"Legal_Use":null,"Current_Use":null,"Cost_Rec":null,"Year_of_Construction":0,"Date_of_last_major_construction":null,"Date_acquired":null,"Date_relinquished":null,"Means_of_Acquisition":null,"GPS_Coordinates__Lat__Long_":null,"Building_System":null,"CHP_Loop":null,"Electricity_Source":null,"Utility_Feeder_Number":null,"Primary_Feeder":null,"Secondary_Feeder":null,"LEED_Level":null,"LEED_Status":null,"LEED_Link":null,"ObjectID_1":365,"Shape__Area":458.21673583984375,"Shape__Length":85.624595052179188,"lat":41.830286516387432,"lon":-71.400082381346266,"NAV_Number":null,"NAV_Desc":null,"Accessibility_Level":null,"Maintained_By":null}},{"type":"Feature","id":196,"geometry":{"type":"Polygon","coordinates":[[[-71.4084962775811,41.8204690335731],[-71.4082481984681,41.8204824020267],[-71.4082214106793,41.8202042384538],[-71.4083200930192,41.8201989206124],[-71.4083205484714,41.8202036432616],[-71.4083476102193,41.8202021855965],[-71.40834715597,41.820197462048],[-71.4084249130456,41.8201932717521],[-71.4084197749986,41.8201399206823],[-71.4084845389864,41.8201154443193],[-71.4084720813724,41.8200970008231],[-71.4088341308183,41.8199601686627],[-71.4088365414024,41.8199637377248],[-71.4089164040022,41.8199335541357],[-71.4089143405292,41.8199304994449],[-71.4089331618235,41.8199233863711],[-71.4089352240936,41.8199264410606],[-71.4090100178986,41.8198981729139],[-71.409007954421,41.8198951191251],[-71.4090299272253,41.8198868146801],[-71.4091192250185,41.8200190211347],[-71.4090974737632,41.8200272420402],[-71.4091213251551,41.8200625551595],[-71.4091428632669,41.8200544142113],[-71.4091577304704,41.8200764248887],[-71.4091255106031,41.8200886017196],[-71.4091892433979,41.8201829573826],[-71.4092208864622,41.8201709979607],[-71.4092284870433,41.8201822501196],[-71.4092087552858,41.8201897082526],[-71.4092064239458,41.8201862563053],[-71.4091297271635,41.8202152433455],[-71.4091320344791,41.8202186592617],[-71.4091132456344,41.8202257606889],[-71.4091109383195,41.8202223447723],[-71.4090314981472,41.8202523685691],[-71.4090343207303,41.8202565474837],[-71.4086340442462,41.8204078282447],[-71.4086253255275,41.8203949203318],[-71.4085785445149,41.8203974409785],[-71.4085796380948,41.8204088005437],[-71.4085487075377,41.8204104667635],[-71.4085476139621,41.8203991080983],[-71.4084898430621,41.8204022213867],[-71.4084962775811,41.8204690335731]]]},"properties":{"OBJECTID":196,"Building":100347,"Property_Type":"Building","Property_Code":"100347","Chart_String":";,LOC100347,,,","Property_Name":"Dyer St 225","Property_Abbr":"DYERST225","Address_Line_1":"225 Dyer St","Address_Line_2":null,"City_and_State":"Providence, RI","External_Floorplan_Link":"https://drive.google.com/drive/folders/1Iguqq4GmDGAcD2PdLVu2lu5pfxo7vpg9","ZIP_code":"02903","Property_Status":"Active","Ownership_Status":"Leased","Occupancy_Status":"Brown / Non-Brown Occupied","Official_Name":null,"Aliases":"DISPNAME: Providence Innovation Ctr","Long_Description":"Xx","Portfolio":"ACADEMIC","National_Historic_District":null,"City_of_Providence_Historic_Dis":null,"Municipal_Zone":null,"Grid_Coord":"WW42","Gross_area__Property_":74033.511225097216,"Floors_Assignable_area":22038.3643,"Net_area":68004.374819729172,"Accessibility_Code":"4","Building_Occupancy":null,"Building_Type":"BUILDING","Building_Usage":"ACAD","Tax_Status":"Not Applicable","Legal_Use":null,"Current_Use":null,"Cost_Rec":"N","Year_of_Construction":0,"Date_of_last_major_construction":null,"Date_acquired":null,"Date_relinquished":null,"Means_of_Acquisition":null,"GPS_Coordinates__Lat__Long_":"41.820206,-71.408811","Building_System":null,"CHP_Loop":null,"Electricity_Source":null,"Utility_Feeder_Number":null,"Primary_Feeder":null,"Secondary_Feeder":null,"LEED_Level":null,"LEED_Status":null,"LEED_Link":null,"ObjectID_1":319,"Shape__Area":30080.499420166016,"Shape__Length":866.56776381731379,"lat":41.820201243225036,"lon":-71.408698482582224,"NAV_Number":null,"NAV_Desc":"NO NAV","Accessibility_Level":"The facility is mostly accessible to a wheelchair user or person with mobility challenges.","Maintained_By":"MAINTAINED BY OTHER VENDOR"}},{"type":"Feature","id":197,"geometry":{"type":"Polygon","coordinates":[[[-71.4006377039733,41.8285972863566],[-71.4005459934978,41.828604220633],[-71.4005450887054,41.8285984891912],[-71.4005215072045,41.8286005674624],[-71.4005228995438,41.828609395593],[-71.400482666385,41.8286129449944],[-71.4004722916162,41.8285488624715],[-71.4004734678622,41.828548758151],[-71.4004511930315,41.8284074981462],[-71.4004509642893,41.8284075150544],[-71.4004494253487,41.8283977522436],[-71.4004496528913,41.8283977326333],[-71.4004489232689,41.8283931600788],[-71.4004899718177,41.8283892395552],[-71.4005008904061,41.8283881965168],[-71.4006088114297,41.8283775597032],[-71.4006092219526,41.8283806482217],[-71.4006089173649,41.8283806704666],[-71.4006377039733,41.8285972863566]]]},"properties":{"OBJECTID":197,"Building":100345,"Property_Type":"Building","Property_Code":"100345","Chart_String":";,LOC100345,,,","Property_Name":"Euclid Ave 001","Property_Abbr":"EUCLID001","Address_Line_1":"1 Euclid Ave","Address_Line_2":null,"City_and_State":"Providence, RI","External_Floorplan_Link":"https://drive.google.com/drive/folders/1DZITbDGohghyYJHrsseunTwArHzYO7U3","ZIP_code":"02912","Property_Status":"Active","Ownership_Status":"Leased","Occupancy_Status":"Brown / Non-Brown Occupied","Official_Name":null,"Aliases":"ALTADDRS: Thayer249; DISPNAME: 1 Euclid Ave; OCCUPANT: Jonathan M. Nelson Center For Entrepreneurship","Long_Description":null,"Portfolio":"ACADEMIC","National_Historic_District":null,"City_of_Providence_Historic_Dis":null,"Municipal_Zone":null,"Grid_Coord":"AY37","Gross_area__Property_":9259.93887648611,"Floors_Assignable_area":0,"Net_area":8088.251794,"Accessibility_Code":"4","Building_Occupancy":null,"Building_Type":"BUILDING","Building_Usage":"ACAD","Tax_Status":"Not Applicable","Legal_Use":null,"Current_Use":null,"Cost_Rec":"N","Year_of_Construction":0,"Date_of_last_major_construction":null,"Date_acquired":null,"Date_relinquished":null,"Means_of_Acquisition":null,"GPS_Coordinates__Lat__Long_":"41.828473,-71.400509","Building_System":null,"CHP_Loop":null,"Electricity_Source":null,"Utility_Feeder_Number":null,"Primary_Feeder":null,"Secondary_Feeder":null,"LEED_Level":null,"LEED_Status":null,"LEED_Link":null,"ObjectID_1":317,"Shape__Area":3449.0244903564453,"Shape__Length":253.52486788960238,"lat":41.828493871630769,"lon":-71.400544379748652,"NAV_Number":null,"NAV_Desc":"NO NAV","Accessibility_Level":"The facility is mostly accessible to a wheelchair user or person with mobility challenges.","Maintained_By":"MAINTAINED BY OTHER VENDOR"}},{"type":"Feature","id":198,"geometry":{"type":"Polygon","coordinates":[[[-71.4028995109109,41.8268041042805],[-71.403078092316,41.8267892176267],[-71.4030776386595,41.8267859238023],[-71.4032226738121,41.8267736970278],[-71.4032230359919,41.8267769907745],[-71.4032616568144,41.8267737298636],[-71.4032577526203,41.8267476563474],[-71.4034140715039,41.8267346159232],[-71.4034179761733,41.8267604148311],[-71.4034650735543,41.8267564470093],[-71.4034652423601,41.8267578615843],[-71.4035967166683,41.8267468410998],[-71.4036152939285,41.8268752657973],[-71.4034741380761,41.8268868237736],[-71.403473766859,41.8268847292722],[-71.4034324578997,41.8268880762278],[-71.4034360723868,41.8269115367091],[-71.4032840213287,41.8269239190066],[-71.4032806355417,41.8269005019294],[-71.4032392795961,41.8269038622811],[-71.4032395424652,41.826905959393],[-71.4030988768254,41.8269172355147],[-71.403097970324,41.8269109053641],[-71.4030600976729,41.8269136761662],[-71.403060251062,41.8269149313688],[-71.4029181987102,41.8269261754875],[-71.4029191403772,41.8269323238007],[-71.4027854835967,41.8269430760621],[-71.4027859790773,41.8269465634959],[-71.4025898708741,41.8269621244938],[-71.4025897623655,41.8269614437452],[-71.402536590507,41.8269655393044],[-71.4025360904419,41.8269619087117],[-71.4023395129553,41.826977283414],[-71.4023280980731,41.8268979520078],[-71.4023073251549,41.8268995180403],[-71.4022984805609,41.826835855622],[-71.4023189212601,41.8268342677004],[-71.4023085260522,41.8267604409321],[-71.4023595873447,41.8267565156491],[-71.4023567705419,41.8267383318006],[-71.4024567973858,41.826730473087],[-71.4024589632355,41.8267453260249],[-71.402509326877,41.8267410462496],[-71.4025196797655,41.8268095924734],[-71.4027464518614,41.8267906434727],[-71.4027493590154,41.8268096502984],[-71.4027633024632,41.8268084952622],[-71.4027638464461,41.8268125436486],[-71.402899066303,41.8268012012104],[-71.4028995109109,41.8268041042805]]]},"properties":{"OBJECTID":198,"Building":100044,"Property_Type":"Building","Property_Code":"100044","Chart_String":";,LOC100044,,,","Property_Name":"Faunce House","Property_Abbr":"FAUNCEHSE","Address_Line_1":"75 Waterman St","Address_Line_2":null,"City_and_State":"Providence, RI","External_Floorplan_Link":"https://drive.google.com/drive/folders/16SfMIrdVAql7d-Vz3lrdkbrU7m0XXNlN","ZIP_code":"02912","Property_Status":"Active","Ownership_Status":"Owned","Occupancy_Status":"Brown Occupied","Official_Name":null,"Aliases":"DISPNAME: Faunce House; LEGACY: President William Herbert Perry Faunce; NICKNAME: Admission Welcome Center; NICKNAME: Office Of College Admission; NICKNAME: Stephen Robert '62 Campus Center; NICKNAME: Stephen Robert Campus Center; OCCUPANT: Admissions","Long_Description":"Faunce House (formerly called Rockefeller Hall) was built to satisfy the need for a student center on campus.  The original construction was funded by the father of John D. Rockefeller Jr. A Brown alum.  The structure was built to support and nurture the social and religious aspects of Brown students.  An addition was built in 1930 with a gift from John D. Rockefeller Jr. Himself, donated under the condition that the existing building and addition be called Faunce House in memory of President Emeritus W.H.P. Faunce.  The addition contained a performance theater.  With gifts from Stephen Robert '62 and several anonymous donors, the University renovated extensively and opened the Stephen Robert '62 Campus Center in fall of 2010.","Portfolio":"STUDENT LIFE","National_Historic_District":"College Hill Historic District (National)","City_of_Providence_Historic_Dis":null,"Municipal_Zone":"One Family District - Within I-Zone","Grid_Coord":"EO48","Gross_area__Property_":73598.004123736115,"Floors_Assignable_area":8746.3613,"Net_area":61843.501249590277,"Accessibility_Code":"3","Building_Occupancy":25,"Building_Type":"BUILDING","Building_Usage":"STUDENT AC","Tax_Status":"Property Exempt from Tax","Legal_Use":"Bar/Office","Current_Use":"Bar/Office","Cost_Rec":"Y","Year_of_Construction":1903,"Date_of_last_major_construction":null,"Date_acquired":null,"Date_relinquished":null,"Means_of_Acquisition":null,"GPS_Coordinates__Lat__Long_":"41.826829,-71.40296","Building_System":"ANDOVER","CHP_Loop":null,"Electricity_Source":"Brown","Utility_Feeder_Number":"1152B/1153","Primary_Feeder":"JW2-4","Secondary_Feeder":"JW2-4","LEED_Level":"Gold","LEED_Status":"Achieved","LEED_Link":"https://www.brown.edu/facilities/building_brown/projects/stephenrobert/","ObjectID_1":37,"Shape__Area":19949.029754638672,"Shape__Length":932.40696173646586,"lat":41.826852434028595,"lon":-71.40291184768445,"NAV_Number":0.9,"NAV_Desc":"Capital Upkeep","Accessibility_Level":"A wheelchair or person with mobility challenges can enter the facility, access the primary function within that facility and access the restroom facility..","Maintained_By":"MAINTAINED BY BROWN"}},{"type":"Feature","id":199,"geometry":{"type":"Polygon","coordinates":[[[-71.3966136749589,41.8317850240359],[-71.3966319080844,41.831779106313],[-71.3966439587371,41.8317998753635],[-71.3966257557576,41.8318057589025],[-71.3966439840715,41.8318372601463],[-71.3965205724363,41.8318773248472],[-71.3965040043002,41.8318487862935],[-71.3964826901281,41.8318557032963],[-71.3962373036333,41.8314327738103],[-71.3962586213042,41.8314258559554],[-71.3962420678347,41.8313973245777],[-71.396365488335,41.8313572700841],[-71.3966136749589,41.8317850240359]]]},"properties":{"OBJECTID":199,"Building":100357,"Property_Type":"Building","Property_Code":"100357","Chart_String":";,LOC100357,,,","Property_Name":"Lacrosse Soccer","Property_Abbr":"LACRSSOCCR","Address_Line_1":"245 Lloyd Ave","Address_Line_2":null,"City_and_State":"Providence, RI","External_Floorplan_Link":"https://drive.google.com/drive/folders/1JhMfE9v48qYkDZhH_JkDAdhQ-jEpfpGo","ZIP_code":"02912","Property_Status":"Active","Ownership_Status":"Owned","Occupancy_Status":"Brown Occupied","Official_Name":"Center For Lacrosse And Soccer","Aliases":null,"Long_Description":"Brown's Center for Lacrosse and Soccer was completed in Spring of 2020.  It is a premier facility located next to Stevenson Field.  for lacrosse and soccer that enhances both the team and game day experience and replaces a press box and stands in the same location.\nThe Building includes coaches' offices, player locker rooms, a video/media space, press box, permanent grandstands, concessions, and function space. Spectators can enjoy a grandstand able to accommodate 1,250 people.  Concessions and restrooms located on a concourse level.  Event space for game-day hosting and team gatherings is available.","Portfolio":"ATHLETICS","National_Historic_District":null,"City_of_Providence_Historic_Dis":null,"Municipal_Zone":"One Family District - Within I-Zone","Grid_Coord":"AA19","Gross_area__Property_":31147.594715868054,"Floors_Assignable_area":0,"Net_area":25333.553028,"Accessibility_Code":"4","Building_Occupancy":null,"Building_Type":"BUILDING","Building_Usage":"ATHLETICS","Tax_Status":"Property Exempt from Tax","Legal_Use":null,"Current_Use":null,"Cost_Rec":"N","Year_of_Construction":2020,"Date_of_last_major_construction":null,"Date_acquired":null,"Date_relinquished":null,"Means_of_Acquisition":"BUILT","GPS_Coordinates__Lat__Long_":"41.831592,-71.396311","Building_System":null,"CHP_Loop":null,"Electricity_Source":null,"Utility_Feeder_Number":null,"Primary_Feeder":null,"Secondary_Feeder":null,"LEED_Level":null,"LEED_Status":null,"LEED_Link":null,"ObjectID_1":327,"Shape__Area":8099.918342590332,"Shape__Length":478.16428012407846,"lat":41.831621348300928,"lon":-71.396434546646489,"NAV_Number":null,"NAV_Desc":"NO NAV","Accessibility_Level":"The facility is mostly accessible to a wheelchair user or person with mobility challenges.","Maintained_By":"MAINTAINED BY BROWN"}},{"type":"Feature","id":200,"geometry":{"type":"Polygon","coordinates":[[[-71.3991387244096,41.8305041340787],[-71.3991372395101,41.8304914821141],[-71.3991231005539,41.8304923997483],[-71.399075114298,41.8304955159862],[-71.3990740382059,41.8304862478532],[-71.3990630585758,41.8303918007655],[-71.3990952407789,41.8303897159445],[-71.3990940388626,41.8303793141744],[-71.3990914389882,41.8303568646425],[-71.399119621751,41.830355022994],[-71.3991184635961,41.8303451155486],[-71.3991238608109,41.8303447601529],[-71.3991477828717,41.8303431929604],[-71.3991500727383,41.8303430464149],[-71.3991573239974,41.8303425729003],[-71.3991584819902,41.8303525874855],[-71.399185820797,41.8303508000006],[-71.3991882106001,41.8303713568337],[-71.3992181173418,41.8303694347432],[-71.399218696664,41.8303746212032],[-71.3992861069647,41.8303702623632],[-71.3992979088264,41.8304718093225],[-71.3992331771443,41.8304760066575],[-71.3992355918264,41.830496831812],[-71.3992357118097,41.8304978529014],[-71.3991387244096,41.8305041340787]]]},"properties":{"OBJECTID":200,"Building":100256,"Property_Type":"Building","Property_Code":"100256","Chart_String":";,LOC100256,,,","Property_Name":"Cushing St 172","Property_Abbr":"CUSH172","Address_Line_1":"172 Cushing St","Address_Line_2":null,"City_and_State":"Providence, RI","External_Floorplan_Link":"https://drive.google.com/drive/folders/1kSzWjqzkhweHrlZqMdhNrxhNtF9Q0FEh","ZIP_code":"02912","Property_Status":"Active","Ownership_Status":"Owned","Occupancy_Status":"Brown / Non-Brown Occupied","Official_Name":null,"Aliases":null,"Long_Description":"Sorry, no narrative available.","Portfolio":"UNASSIGNED","National_Historic_District":"College Hill Historic District (National)","City_of_Providence_Historic_Dis":null,"Municipal_Zone":null,"Grid_Coord":"AP24","Gross_area__Property_":8480.6857237916665,"Floors_Assignable_area":0,"Net_area":7112.5731794722224,"Accessibility_Code":"0","Building_Occupancy":null,"Building_Type":"BUILDING","Building_Usage":"COMMERCIAL","Tax_Status":"Not Applicable","Legal_Use":null,"Current_Use":null,"Cost_Rec":"N","Year_of_Construction":1890,"Date_of_last_major_construction":null,"Date_acquired":"01/08/2020","Date_relinquished":null,"Means_of_Acquisition":"PURCHASED","GPS_Coordinates__Lat__Long_":"41.830439,-71.399098","Building_System":null,"CHP_Loop":null,"Electricity_Source":null,"Utility_Feeder_Number":"2J1","Primary_Feeder":null,"Secondary_Feeder":null,"LEED_Level":null,"LEED_Status":null,"LEED_Link":null,"ObjectID_1":237,"Shape__Area":2819.1406402587891,"Shape__Length":238.89765186406805,"lat":41.830427778139935,"lon":-71.399175926337776,"NAV_Number":0.78,"NAV_Desc":"Repair and Maintain","Accessibility_Level":"A physical barrier exists that would prevent a wheelchair user from entering the facility.","Maintained_By":"MAINTAINED BY C&W"}},{"type":"Feature","id":201,"geometry":{"type":"Polygon","coordinates":[[[-71.404852460031,41.8176697746307],[-71.4055144235657,41.8174051102925],[-71.405610243965,41.817535455787],[-71.4051147397129,41.8177345469077],[-71.4051428608177,41.8177918291084],[-71.40513279675,41.8177974146153],[-71.4054500442157,41.8181216584075],[-71.4052883567177,41.8182092823307],[-71.4049695109922,41.8178819855199],[-71.4049753434414,41.8178795819329],[-71.4049030666246,41.8178055123062],[-71.4049365641212,41.8177877844097],[-71.404852460031,41.8176697746307]]]},"properties":{"OBJECTID":201,"Building":100358,"Property_Type":"Building","Property_Code":"100358","Chart_String":";,LOC100358,,,,,","Property_Name":"River House Apartments","Property_Abbr":"RIVERHSAPT","Address_Line_1":"1 Point St","Address_Line_2":null,"City_and_State":"Providence, RI","External_Floorplan_Link":"https://drive.google.com/drive/folders/1b7lr-aOroi_kRuC9BTavS5W7KH4QibDB","ZIP_code":"02903","Property_Status":"Active","Ownership_Status":"Owned","Occupancy_Status":"Brown / Non-Brown Occupied","Official_Name":null,"Aliases":null,"Long_Description":"Leased","Portfolio":"UNASSIGNED","National_Historic_District":null,"City_of_Providence_Historic_Dis":null,"Municipal_Zone":null,"Grid_Coord":null,"Gross_area__Property_":154670.1602843889,"Floors_Assignable_area":null,"Net_area":129585.556575125,"Accessibility_Code":"4","Building_Occupancy":null,"Building_Type":"BUILDING","Building_Usage":"COMMERCIAL","Tax_Status":"Not Applicable","Legal_Use":null,"Current_Use":null,"Cost_Rec":"N","Year_of_Construction":2018,"Date_of_last_major_construction":null,"Date_acquired":"07/22/2021","Date_relinquished":null,"Means_of_Acquisition":"PURCHASED","GPS_Coordinates__Lat__Long_":"41.817595,-71.405249","Building_System":null,"CHP_Loop":null,"Electricity_Source":null,"Utility_Feeder_Number":null,"Primary_Feeder":null,"Secondary_Feeder":null,"LEED_Level":null,"LEED_Status":null,"LEED_Link":null,"ObjectID_1":328,"Shape__Area":20675.594032287598,"Shape__Length":881.35424015345757,"lat":41.817772638883341,"lon":-71.405207575830374,"NAV_Number":0.98,"NAV_Desc":"Capital Upkeep","Accessibility_Level":"The facility is mostly accessible to a wheelchair user or person with mobility challenges.","Maintained_By":"MAINTAINED BY OTHER VENDOR"}},{"type":"Feature","id":207,"geometry":{"type":"Polygon","coordinates":[[[-71.4065899255789,41.823801701949],[-71.4065216055609,41.8237306797818],[-71.4065124957682,41.8237358754327],[-71.4065095985077,41.8237375306005],[-71.4063668869753,41.8235901196547],[-71.4063549331815,41.8235777725525],[-71.4063559317614,41.8235772709768],[-71.4063681134464,41.8235711693992],[-71.4063293523374,41.8235308881021],[-71.40629887807,41.8234992190006],[-71.4062978156291,41.8234981152175],[-71.4063738057405,41.8234570739579],[-71.4063810756437,41.823453147198],[-71.4063925822055,41.8234469325249],[-71.4064057788506,41.8234398053826],[-71.4064206896709,41.8234317522851],[-71.4064739845572,41.8234029704043],[-71.4065625928395,41.8233551120136],[-71.4066527176011,41.8233064363775],[-71.4066774688774,41.8232930702332],[-71.4066780553892,41.8232936766385],[-71.4066884106543,41.8233044071993],[-71.4067386570888,41.8233564516402],[-71.4067979176175,41.8234178389977],[-71.4068237301835,41.8234038938643],[-71.4068751257685,41.8234571465326],[-71.4068511863352,41.8234701073241],[-71.4069720768576,41.8235953156264],[-71.4069099919154,41.823628843509],[-71.406819385051,41.8236777764503],[-71.4067283973829,41.8237269178894],[-71.406634864202,41.8237774320061],[-71.4065899255789,41.823801701949]]]},"properties":{"OBJECTID":207,"Building":100362,"Property_Type":"Building","Property_Code":"100362","Chart_String":";,LOC100362,,,,,","Property_Name":"South Main St 155","Property_Abbr":"SMAIN155","Address_Line_1":"155 South Main Street","Address_Line_2":null,"City_and_State":"Providence, RI","External_Floorplan_Link":"https://drive.google.com/drive/folders/1u7LwAIKcEYKnGBkKmzqT78Ra_BuePKRJ","ZIP_code":"02912","Property_Status":"Active","Ownership_Status":"Owned","Occupancy_Status":"Brown Occupied","Official_Name":null,"Aliases":null,"Long_Description":null,"Portfolio":"ACADEMIC","National_Historic_District":null,"City_of_Providence_Historic_Dis":null,"Municipal_Zone":null,"Grid_Coord":"JU69","Gross_area__Property_":85546.69489375,"Floors_Assignable_area":12383.0941,"Net_area":77130.3856420625,"Accessibility_Code":"3","Building_Occupancy":null,"Building_Type":"BUILDING","Building_Usage":"ACAD","Tax_Status":"Taxable Property","Legal_Use":null,"Current_Use":"Offices","Cost_Rec":null,"Year_of_Construction":1970,"Date_of_last_major_construction":null,"Date_acquired":"12/29/2020","Date_relinquished":null,"Means_of_Acquisition":"PURCHASED","GPS_Coordinates__Lat__Long_":"41.08236,-71.4066","Building_System":null,"CHP_Loop":null,"Electricity_Source":null,"Utility_Feeder_Number":null,"Primary_Feeder":null,"Secondary_Feeder":null,"LEED_Level":null,"LEED_Status":null,"LEED_Link":null,"ObjectID_1":332,"Shape__Area":17956.645736694336,"Shape__Length":554.13979169944821,"lat":41.823547834543326,"lon":-71.406633482088139,"NAV_Number":1,"NAV_Desc":"Capital Upkeep","Accessibility_Level":"A wheelchair or person with mobility challenges can enter the facility, access the primary function within that facility and access the restroom facility..","Maintained_By":"MAINTAINED BY OTHER VENDOR"}},{"type":"Feature","id":208,"geometry":{"type":"Polygon","coordinates":[[[-71.4076685353593,41.8178527385647],[-71.4077128729945,41.8179144340344],[-71.4074155942449,41.8180339869729],[-71.4073712483841,41.8179722940842],[-71.4076685353593,41.8178527385647]]]},"properties":{"OBJECTID":208,"Building":100354,"Property_Type":"Building","Property_Code":"100354","Chart_String":";,LOC100354,,,","Property_Name":"Eddy St 365 - Unit 1","Property_Abbr":"EDDY365U1","Address_Line_1":"365 Eddy St - Unit 1","Address_Line_2":null,"City_and_State":"Providence, RI","External_Floorplan_Link":"https://drive.google.com/drive/folders/1_ZnH_26ou7Uph46Z-prNWnByx-rNck0O","ZIP_code":"02903","Property_Status":"Active","Ownership_Status":"Owned","Occupancy_Status":"Non-Brown Occupied","Official_Name":null,"Aliases":null,"Long_Description":null,"Portfolio":"UNASSIGNED","National_Historic_District":null,"City_of_Providence_Historic_Dis":null,"Municipal_Zone":null,"Grid_Coord":null,"Gross_area__Property_":2678.708692625,"Floors_Assignable_area":2429.1283,"Net_area":2544.696368763889,"Accessibility_Code":"0","Building_Occupancy":null,"Building_Type":"BUILDING","Building_Usage":"COMMERCIAL","Tax_Status":"Taxable Property","Legal_Use":null,"Current_Use":null,"Cost_Rec":"N","Year_of_Construction":0,"Date_of_last_major_construction":null,"Date_acquired":"03/01/2019","Date_relinquished":null,"Means_of_Acquisition":"PURCHASED","GPS_Coordinates__Lat__Long_":"41.817848,-71.407604","Building_System":null,"CHP_Loop":null,"Electricity_Source":null,"Utility_Feeder_Number":null,"Primary_Feeder":null,"Secondary_Feeder":null,"LEED_Level":null,"LEED_Status":null,"LEED_Link":null,"ObjectID_1":324,"Shape__Area":2348.3962249755859,"Shape__Length":235.0592026882795,"lat":41.817943363369849,"lon":-71.407542062422038,"NAV_Number":null,"NAV_Desc":"NO NAV","Accessibility_Level":"A physical barrier exists that would prevent a wheelchair user from entering the facility.","Maintained_By":"MAINTAINED BY C&W"}},{"type":"Feature","id":209,"geometry":{"type":"Polygon","coordinates":[[[-71.4073712483841,41.8179722940842],[-71.4073269026082,41.8179106011778],[-71.4075348026827,41.8178270145017],[-71.4075192836424,41.817805404633],[-71.4075668172398,41.8177862881386],[-71.4075823411498,41.8178078673933],[-71.4076242266792,41.8177910539047],[-71.40764241833,41.8178163978208],[-71.4076685353593,41.8178527385647],[-71.4073712483841,41.8179722940842]]]},"properties":{"OBJECTID":209,"Building":100355,"Property_Type":"Building","Property_Code":"100355","Chart_String":";,LOC100355,,,","Property_Name":"Eddy St 365 - Unit 2","Property_Abbr":"EDDY365U2","Address_Line_1":"365 Eddy St - Unit 2","Address_Line_2":null,"City_and_State":"Providence, RI","External_Floorplan_Link":"https://drive.google.com/drive/folders/1cOUHyW41RDvcgc8tzVBB2I7q4_t0QzU7","ZIP_code":"02903","Property_Status":"Active","Ownership_Status":"Owned","Occupancy_Status":"Non-Brown Occupied","Official_Name":null,"Aliases":null,"Long_Description":null,"Portfolio":"UNASSIGNED","National_Historic_District":null,"City_of_Providence_Historic_Dis":null,"Municipal_Zone":null,"Grid_Coord":null,"Gross_area__Property_":1337.5338541666667,"Floors_Assignable_area":1143.713,"Net_area":1143.7129608819444,"Accessibility_Code":"0","Building_Occupancy":null,"Building_Type":"BUILDING","Building_Usage":"COMMERCIAL","Tax_Status":"Taxable Property","Legal_Use":null,"Current_Use":null,"Cost_Rec":"N","Year_of_Construction":0,"Date_of_last_major_construction":null,"Date_acquired":"02/08/2019","Date_relinquished":null,"Means_of_Acquisition":"PURCHASED","GPS_Coordinates__Lat__Long_":"41.817848,-71.407604","Building_System":null,"CHP_Loop":null,"Electricity_Source":null,"Utility_Feeder_Number":null,"Primary_Feeder":null,"Secondary_Feeder":null,"LEED_Level":null,"LEED_Status":null,"LEED_Link":null,"ObjectID_1":325,"Shape__Area":2479.6753082275391,"Shape__Length":252.92439284771939,"lat":41.817877694939341,"lon":-71.40750053738067,"NAV_Number":null,"NAV_Desc":"NO NAV","Accessibility_Level":"A physical barrier exists that would prevent a wheelchair user from entering the facility.","Maintained_By":"MAINTAINED BY C&W"}},{"type":"Feature","id":211,"geometry":{"type":"Polygon","coordinates":[[[-71.4119458889529,41.8182165131871],[-71.4118389464186,41.8181593558602],[-71.4117712130748,41.8181231569759],[-71.4117675391962,41.8181270760388],[-71.4117662530949,41.8181284498714],[-71.4116427493429,41.8180636537528],[-71.4116378302691,41.8180610731937],[-71.4116320452416,41.8180580417979],[-71.411631935558,41.8180581569572],[-71.41163097611,41.8180591772056],[-71.4116255388116,41.8180649766197],[-71.4115712429455,41.8181228663659],[-71.4113175286525,41.8179897390625],[-71.4113684967084,41.8179353762034],[-71.4114039386534,41.8178975721213],[-71.4114969051775,41.8179463540224],[-71.4115560175257,41.8178833090649],[-71.4116036073213,41.8179082689299],[-71.4116645303386,41.8179402283746],[-71.4117445782932,41.8178563961412],[-71.411686292412,41.8178252589764],[-71.4117273655601,41.8177822335444],[-71.4117831582366,41.8178120479739],[-71.4118585365564,41.8177330991233],[-71.4118653404716,41.8177259727436],[-71.4119975144306,41.8177942019662],[-71.4122330639381,41.8179158012373],[-71.4122255248177,41.8179236941673],[-71.4120656431551,41.8180911127162],[-71.4119458889529,41.8182165131871]]]},"properties":{"OBJECTID":211,"Building":100351,"Property_Type":"Building","Property_Code":"100351","Chart_String":";,LOC100351,,,,,","Property_Name":"Claverick St 055","Property_Abbr":"CLAVST055","Address_Line_1":"55 Claverick St., 3rd Flr","Address_Line_2":null,"City_and_State":"Providence, RI","External_Floorplan_Link":"https://drive.google.com/drive/folders/1HaHpLOkHBNXZUoRZKwmhpcytZ5cv9kbD","ZIP_code":"02903","Property_Status":"Active","Ownership_Status":"Leased","Occupancy_Status":"Brown / Non-Brown Occupied","Official_Name":null,"Aliases":null,"Long_Description":null,"Portfolio":"BIOMED","National_Historic_District":null,"City_of_Providence_Historic_Dis":null,"Municipal_Zone":null,"Grid_Coord":"WW43","Gross_area__Property_":11292.257973541668,"Floors_Assignable_area":82.1007,"Net_area":9425.7657608055561,"Accessibility_Code":"4","Building_Occupancy":null,"Building_Type":"BUILDING","Building_Usage":"ACAD","Tax_Status":"Not Applicable","Legal_Use":null,"Current_Use":null,"Cost_Rec":"N","Year_of_Construction":0,"Date_of_last_major_construction":null,"Date_acquired":null,"Date_relinquished":null,"Means_of_Acquisition":"LEASED","GPS_Coordinates__Lat__Long_":"41.817892,-71.41198","Building_System":null,"CHP_Loop":null,"Electricity_Source":null,"Utility_Feeder_Number":null,"Primary_Feeder":null,"Secondary_Feeder":null,"LEED_Level":null,"LEED_Status":null,"LEED_Link":null,"ObjectID_1":321,"Shape__Area":20999.619934082031,"Shape__Length":745.0810473949274,"lat":41.81797332980117,"lon":-71.4118210801215,"NAV_Number":null,"NAV_Desc":"NO NAV","Accessibility_Level":"The facility is mostly accessible to a wheelchair user or person with mobility challenges.","Maintained_By":"MAINTAINED BY OTHER VENDOR"}},{"type":"Feature","id":213,"geometry":{"type":"Polygon","coordinates":[[[-71.3997097643068,41.8293106928208],[-71.4000602534854,41.8292844842048],[-71.4000632949697,41.8293072393181],[-71.4001679545956,41.8292994136427],[-71.4002085953474,41.8296034214056],[-71.4001039352297,41.8296112480174],[-71.4001164678265,41.8297049986064],[-71.4002211280955,41.8296971719835],[-71.4002331741803,41.8297872820656],[-71.3999903863481,41.829805437858],[-71.4000106929662,41.8299045828515],[-71.4002464983385,41.8298869494522],[-71.4002637768419,41.8300161991029],[-71.4000727093733,41.8300304861899],[-71.400070518659,41.8300141026178],[-71.3999244808813,41.8300250235405],[-71.3999266703549,41.8300414071142],[-71.3998232266738,41.8300491417942],[-71.399809051155,41.8299431028208],[-71.3998309580026,41.8299414653025],[-71.3998256652397,41.8299018709842],[-71.3999403293722,41.8298932970564],[-71.3999233596804,41.8298104501918],[-71.3997926255651,41.8298202255429],[-71.3997745579708,41.8296850599016],[-71.3999193790279,41.8296742308437],[-71.3998747563262,41.8295756858717],[-71.3997330621417,41.8295677347315],[-71.3997274041665,41.8295254102596],[-71.3997407906633,41.8295244090628],[-71.39973738398,41.8294989237952],[-71.3997349508393,41.8294991053406],[-71.3997097643068,41.8293106928208]]]},"properties":{"OBJECTID":213,"Building":100338,"Property_Type":"Building","Property_Code":"100338","Chart_String":";,LOC100338,,,","Property_Name":"Sternlicht Commons","Property_Abbr":"STERNLICHT","Address_Line_1":"450 Brook St","Address_Line_2":null,"City_and_State":"Providence, RI","External_Floorplan_Link":"https://drive.google.com/drive/folders/1bGZ8MOWjw_IxICBVka6YEhqaa8ThOTwz","ZIP_code":"02912","Property_Status":"Active","Ownership_Status":"Owned","Occupancy_Status":"Brown Occupied","Official_Name":"Sternlicht Commons","Aliases":"Sternlicht Commons and Brown University Health & Wellness Center","Long_Description":null,"Portfolio":"RESIDENCE HALL","National_Historic_District":null,"City_of_Providence_Historic_Dis":null,"Municipal_Zone":"General Commercial District - Within I-Zone","Grid_Coord":"AV28","Gross_area__Property_":96439.694833895832,"Floors_Assignable_area":10995.7398,"Net_area":80684.6548430625,"Accessibility_Code":"4","Building_Occupancy":null,"Building_Type":"BUILDING","Building_Usage":"RES HALL","Tax_Status":"Not Applicable","Legal_Use":null,"Current_Use":null,"Cost_Rec":"N","Year_of_Construction":2021,"Date_of_last_major_construction":null,"Date_acquired":null,"Date_relinquished":null,"Means_of_Acquisition":"BUILT","GPS_Coordinates__Lat__Long_":"41.82971,-71.4","Building_System":null,"CHP_Loop":null,"Electricity_Source":null,"Utility_Feeder_Number":null,"Primary_Feeder":null,"Secondary_Feeder":null,"LEED_Level":null,"LEED_Status":null,"LEED_Link":null,"ObjectID_1":311,"Shape__Area":26648.007011413574,"Shape__Length":1137.6953014426242,"lat":41.829636308720417,"lon":-71.399985836685786,"NAV_Number":null,"NAV_Desc":"NO NAV","Accessibility_Level":"The facility is mostly accessible to a wheelchair user or person with mobility challenges.","Maintained_By":"MAINTAINED BY BROWN"}},{"type":"Feature","id":214,"geometry":{"type":"Polygon","coordinates":[[[-71.401352394659,41.8290243875614],[-71.4013328145223,41.828896241691],[-71.4013251045284,41.8288968941165],[-71.4013105776603,41.8288018454441],[-71.4013852685097,41.8287954613607],[-71.401551087479,41.8287812782985],[-71.4015656887786,41.828780031237],[-71.4015688127635,41.8288003410624],[-71.4015743532471,41.8287998794341],[-71.4015861598181,41.8288769477719],[-71.4014689904316,41.8288869734427],[-71.4014867903156,41.8290034268607],[-71.4014258445793,41.8290086433616],[-71.4013938017693,41.8290113880042],[-71.4013952187443,41.8290207194342],[-71.401352394659,41.8290243875614]]]},"properties":{"OBJECTID":214,"Building":100352,"Property_Type":"Building","Property_Code":"100352","Chart_String":";,LOC100352,,,","Property_Name":"Meeting St 205","Property_Abbr":"MEETING205","Address_Line_1":"205 Meeting St","Address_Line_2":null,"City_and_State":"Providence, RI","External_Floorplan_Link":"https://drive.google.com/drive/folders/1aP02Y3XqmiTZIVIUJJSCNKq_3WTZlev8","ZIP_code":"02912","Property_Status":"Active","Ownership_Status":"Owned","Occupancy_Status":"Brown Occupied","Official_Name":null,"Aliases":null,"Long_Description":null,"Portfolio":"Admin/Support","National_Historic_District":null,"City_of_Providence_Historic_Dis":null,"Municipal_Zone":null,"Grid_Coord":"DD33","Gross_area__Property_":4754.1311958472224,"Floors_Assignable_area":0,"Net_area":4295.6350251319445,"Accessibility_Code":null,"Building_Occupancy":null,"Building_Type":"BUILDING","Building_Usage":"COMMERCIAL","Tax_Status":"Property Exempt from Tax","Legal_Use":null,"Current_Use":null,"Cost_Rec":"N","Year_of_Construction":1983,"Date_of_last_major_construction":null,"Date_acquired":"12/20/2018","Date_relinquished":null,"Means_of_Acquisition":"PURCHASED","GPS_Coordinates__Lat__Long_":"41.828905,-71.401388","Building_System":null,"CHP_Loop":null,"Electricity_Source":null,"Utility_Feeder_Number":null,"Primary_Feeder":null,"Secondary_Feeder":null,"LEED_Level":null,"LEED_Status":null,"LEED_Link":null,"ObjectID_1":322,"Shape__Area":4173.0801315307617,"Shape__Length":306.72839971935412,"lat":41.828883794236184,"lon":-71.40143271914755,"NAV_Number":null,"NAV_Desc":"NO NAV","Accessibility_Level":null,"Maintained_By":"MAINTAINED BY C&W"}},{"type":"Feature","id":215,"geometry":{"type":"Polygon","coordinates":[[[-71.402764556138,41.8283236151985],[-71.4021900942335,41.8283783488973],[-71.4021835452831,41.8283398970377],[-71.4019248253065,41.8283645465067],[-71.4018792153874,41.8280967457819],[-71.4027123947167,41.8280173629708],[-71.402764556138,41.8283236151985]]]},"properties":{"OBJECTID":215,"Building":100336,"Property_Type":"Building","Property_Code":"100336","Chart_String":";,LOC100336,,,","Property_Name":"The Lindemann Performing Arts Center","Property_Abbr":"LINDEMANN","Address_Line_1":"144 Angell St","Address_Line_2":null,"City_and_State":"Providence, RI","External_Floorplan_Link":"https://drive.google.com/drive/folders/1LZ59RX23EUyGfkMubi8dJZGwSeR-cTy3","ZIP_code":"02912","Property_Status":"Active","Ownership_Status":"Owned","Occupancy_Status":"Brown Occupied","Official_Name":"The Lindemann Performing Arts Center","Aliases":null,"Long_Description":"The Lindemann Performing Arts Center, a new building, supports performance, teaching, and research for music, theater, and dance. Anchoring a campus arts district, the center expands the possibilities for the creation and staging of experimental, collaborative, and engaged performance work. With a radical, one-of-a-kind approach to spatial, acoustic and technical flexibility, this building is designed to inspire innovative new art-making, enable unprecedented artistic collaboration and serve as a hub for performance at Brown.","Portfolio":"ACADEMIC","National_Historic_District":null,"City_of_Providence_Historic_Dis":null,"Municipal_Zone":null,"Grid_Coord":"DI38","Gross_area__Property_":114786.82969839583,"Floors_Assignable_area":10230.6958,"Net_area":87727.760848534715,"Accessibility_Code":"4","Building_Occupancy":null,"Building_Type":"BUILDING","Building_Usage":"ACAD","Tax_Status":"Not Applicable","Legal_Use":null,"Current_Use":null,"Cost_Rec":"N","Year_of_Construction":2023,"Date_of_last_major_construction":null,"Date_acquired":null,"Date_relinquished":null,"Means_of_Acquisition":"BUILT","GPS_Coordinates__Lat__Long_":null,"Building_System":null,"CHP_Loop":null,"Electricity_Source":null,"Utility_Feeder_Number":null,"Primary_Feeder":null,"Secondary_Feeder":null,"LEED_Level":null,"LEED_Status":null,"LEED_Link":null,"ObjectID_1":309,"Shape__Area":24749.10994720459,"Shape__Length":682.83373379824729,"lat":41.828203638316424,"lon":-71.402332612650582,"NAV_Number":1,"NAV_Desc":"Capital Upkeep","Accessibility_Level":"The facility is mostly accessible to a wheelchair user or person with mobility challenges.","Maintained_By":"MAINTAINED BY BROWN"}},{"type":"Feature","id":216,"geometry":{"type":"Polygon","coordinates":[[[-71.4028005467971,41.8280774172938],[-71.4027988379977,41.8280675085151],[-71.4027933805487,41.8280680341968],[-71.4027907875234,41.8280529954372],[-71.4027835097217,41.8280536969448],[-71.4027733419958,41.8280478298321],[-71.4027700186898,41.8280285507565],[-71.4027778630696,41.8280209468284],[-71.402785140869,41.8280202444209],[-71.4027824034593,41.8280043682233],[-71.4028666477101,41.8279962428015],[-71.4028694626987,41.8280125728337],[-71.4030175974353,41.8279982853647],[-71.4030231511337,41.8280304924864],[-71.4030310357148,41.8280297320535],[-71.403038406839,41.8280724854814],[-71.4030735834822,41.8280690920785],[-71.4030797028383,41.8281045877132],[-71.4030445261774,41.8281079802176],[-71.4030521514958,41.8281522086142],[-71.4030264522151,41.8281546871638],[-71.4030285631915,41.8281669344594],[-71.4029958136351,41.8281700931087],[-71.4029937014611,41.8281578458116],[-71.4029256981566,41.8281644049569],[-71.4029250537775,41.8281606626026],[-71.4028753972977,41.8281654518485],[-71.4028707040323,41.8281382351278],[-71.4028682804449,41.8281241724812],[-71.4028364386723,41.8281272436195],[-71.4028139683576,41.8281294106344],[-71.4028087619971,41.8280992223575],[-71.402826912572,41.8280974712476],[-71.4028230809029,41.828075244033],[-71.4028005467971,41.8280774172938]]]},"properties":{"OBJECTID":216,"Building":100252,"Property_Type":"Building","Property_Code":"100252","Chart_String":";,LOC100252,,,","Property_Name":"Peter Green House","Property_Abbr":"PGREENHSE","Address_Line_1":"79 Brown St","Address_Line_2":null,"City_and_State":"Providence, RI","External_Floorplan_Link":"https://drive.google.com/drive/folders/1SbHZOSs1KtXNEpxWVaZoJzFtMu177wJr","ZIP_code":"02912","Property_Status":"Active","Ownership_Status":"Owned","Occupancy_Status":"Brown Occupied","Official_Name":null,"Aliases":"DISPNAME: Peter Green House; LEGACY: Lippett Gould House; LEGACY: Peter B. Green, Am '80","Long_Description":"The Peter Green House was built in 1890.  In 2007 it was moved a block west and rotated 90 degrees from its original location on Angell St.","Portfolio":"ACADEMIC","National_Historic_District":"College Hill Historic District (National)","City_of_Providence_Historic_Dis":null,"Municipal_Zone":"One Family District - Within I-Zone","Grid_Coord":"DM38","Gross_area__Property_":10924.573619895833,"Floors_Assignable_area":0,"Net_area":8572.61655725,"Accessibility_Code":"3","Building_Occupancy":54,"Building_Type":"HOUSE","Building_Usage":"ACAD","Tax_Status":"Property Exempt from Tax","Legal_Use":"Office","Current_Use":"Office/Classroom","Cost_Rec":"Y","Year_of_Construction":1890,"Date_of_last_major_construction":null,"Date_acquired":"01/01/1966","Date_relinquished":null,"Means_of_Acquisition":null,"GPS_Coordinates__Lat__Long_":"41.828156,-71.402048","Building_System":null,"CHP_Loop":null,"Electricity_Source":"Brown","Utility_Feeder_Number":"1152B/1153","Primary_Feeder":"JW1-4","Secondary_Feeder":"5K-2","LEED_Level":null,"LEED_Status":null,"LEED_Link":null,"ObjectID_1":233,"Shape__Area":3671.3448333740234,"Shape__Length":302.07622753167948,"lat":41.828078615943824,"lon":-71.402927758999226,"NAV_Number":0.99,"NAV_Desc":"Capital Upkeep","Accessibility_Level":"A wheelchair or person with mobility challenges can enter the facility, access the primary function within that facility and access the restroom facility..","Maintained_By":"MAINTAINED BY BROWN"}},{"type":"Feature","id":217,"geometry":{"type":"Polygon","coordinates":[[[-71.4029250537775,41.8281606626026],[-71.4029256981566,41.8281644049569],[-71.4029288753535,41.8281640979251],[-71.4029304561261,41.8281639453029],[-71.4029313548112,41.8281690752948],[-71.4029306107785,41.8281691457929],[-71.4029306881873,41.8281694999167],[-71.4029307348334,41.828169499731],[-71.4029307867072,41.8281695053569],[-71.4029308423006,41.828169518909],[-71.402930893551,41.8281695387598],[-71.4029309397352,41.8281695654488],[-71.4029309784479,41.8281695975336],[-71.4029310120915,41.8281696384675],[-71.4029310364941,41.8281696874065],[-71.4029310462468,41.8281697390342],[-71.4029310413536,41.8281697907996],[-71.4029310230206,41.828169841053],[-71.4029309934241,41.828169883494],[-71.4029309579813,41.8281699180371],[-71.4029309150833,41.8281699471718],[-71.4029308659347,41.828169970359],[-71.4029308122219,41.8281699868799],[-71.4029307667872,41.8281699952447],[-71.4029308160046,41.8281703515205],[-71.4029315612424,41.8281702801231],[-71.4029369699778,41.8282020099457],[-71.4029649193982,41.828199345146],[-71.4029653037822,41.8281974970743],[-71.402986743492,41.82819546331],[-71.4029869070012,41.8281955975986],[-71.4029859100622,41.8281901632096],[-71.4030832464742,41.8281805721292],[-71.4030865577466,41.8281999160095],[-71.4030897287967,41.8281996945003],[-71.4030970462011,41.8282437848816],[-71.4030990483524,41.8282435929976],[-71.4030997010656,41.8282474037837],[-71.4030868033947,41.8282485516396],[-71.4030939802022,41.8282908862406],[-71.4031069226856,41.8282895628556],[-71.4031075753997,41.8282933736416],[-71.4031055371286,41.8282935690966],[-71.4031130654103,41.8283375291048],[-71.4030310217444,41.8283453135352],[-71.4030312436734,41.8283466201146],[-71.4030172841895,41.8283605752914],[-71.4029941144777,41.8283626976344],[-71.4029756263114,41.8283520012965],[-71.4029754080084,41.8283506857166],[-71.4028935472952,41.8283584611998],[-71.4028701011616,41.8282209181687],[-71.4029103705158,41.8282170782647],[-71.4029020671052,41.8281683626831],[-71.4029028075266,41.8281682921822],[-71.4029027301173,41.8281679385086],[-71.4029026834715,41.8281679384691],[-71.4029026315981,41.8281679326181],[-71.4029025760041,41.8281679194261],[-71.4029025245136,41.828167899215],[-71.4029024785698,41.8281678727062],[-71.4029024398574,41.8281678404414],[-71.402902406013,41.8281677996574],[-71.4029023818108,41.8281677508686],[-71.4029023720581,41.8281676992409],[-71.4029023767512,41.8281676471752],[-71.4029023952844,41.8281675972221],[-71.402902424881,41.828167554661],[-71.4029024603236,41.828167520298],[-71.4029025032222,41.8281674908032],[-71.4029025521298,41.8281674677958],[-71.4029026060834,41.8281674512752],[-71.4029026515178,41.8281674430305],[-71.402902602301,41.8281670864545],[-71.4029018606745,41.8281671578548],[-71.4029011471547,41.8281629679734],[-71.4029250537775,41.8281606626026]]]},"properties":{"OBJECTID":217,"Building":100210,"Property_Type":"Building","Property_Code":"100210","Chart_String":";,LOC100210,,,","Property_Name":"Sharpe House","Property_Abbr":"SHARPEHSE","Address_Line_1":"79 Brown St","Address_Line_2":null,"City_and_State":"Providence, RI","External_Floorplan_Link":"https://drive.google.com/drive/folders/1qIgYYS9PaFKa6Fc_AK0mlH2BrWLacDwJ","ZIP_code":"02912","Property_Status":"Active","Ownership_Status":"Owned","Occupancy_Status":"Brown Occupied","Official_Name":null,"Aliases":"ALTADDRS: 130-132 Angell St; DISPNAME: Sharpe House; LEGACY: Lucien Sharpe","Long_Description":"Sharpe House is a four story brick building that was constructed in 1873.  This building provides space for academic functions.","Portfolio":"ACADEMIC","National_Historic_District":"College Hill Historic District (National)","City_of_Providence_Historic_Dis":null,"Municipal_Zone":"One Family District - Within I-Zone","Grid_Coord":"DM37","Gross_area__Property_":15679.432284493056,"Floors_Assignable_area":2371.6459,"Net_area":13425.786106479167,"Accessibility_Code":"4","Building_Occupancy":69,"Building_Type":"HOUSE","Building_Usage":"ACAD","Tax_Status":"Property Exempt from Tax","Legal_Use":"Office","Current_Use":"Office","Cost_Rec":"Y","Year_of_Construction":1873,"Date_of_last_major_construction":null,"Date_acquired":"01/01/1929","Date_relinquished":null,"Means_of_Acquisition":null,"GPS_Coordinates__Lat__Long_":"41.828132,-71.4024","Building_System":null,"CHP_Loop":null,"Electricity_Source":"Brown","Utility_Feeder_Number":"1152B/1153","Primary_Feeder":"JW1-4","Secondary_Feeder":"5K-3","LEED_Level":null,"LEED_Status":null,"LEED_Link":null,"ObjectID_1":193,"Shape__Area":3472.2493667602539,"Shape__Length":296.5261385127601,"lat":41.828270467418243,"lon":-71.402989198842477,"NAV_Number":0.96,"NAV_Desc":"Capital Upkeep","Accessibility_Level":"The facility is mostly accessible to a wheelchair user or person with mobility challenges.","Maintained_By":"MAINTAINED BY BROWN"}},{"type":"Feature","id":219,"geometry":{"type":"Polygon","coordinates":[[[-71.3989157791694,41.823515824436],[-71.3989230826951,41.8235153041638],[-71.3989083831866,41.8233998820553],[-71.3989007296683,41.8233397839309],[-71.3990900393478,41.8233262949295],[-71.3990924161814,41.8233449628652],[-71.3991672882389,41.8233396274711],[-71.399181262885,41.8234493578628],[-71.3991063919058,41.8234546923666],[-71.3991197862237,41.8235598701353],[-71.3991124814908,41.823560390419],[-71.3991257617174,41.8236646569409],[-71.3990989780539,41.8236665646471],[-71.3991149240622,41.8237917727144],[-71.3992190144659,41.8237843561486],[-71.3992324601716,41.8238899309931],[-71.3991877202593,41.8238931194566],[-71.3991935548753,41.8239389347691],[-71.3990462458879,41.8239494312149],[-71.399042041512,41.8239164210609],[-71.3989406895612,41.8239236436012],[-71.3989096673781,41.8236800509604],[-71.3989364510527,41.8236781432983],[-71.3989157791694,41.823515824436]]]},"properties":{"OBJECTID":219,"Building":100359,"Property_Type":"Building","Property_Code":"100359","Chart_String":";,LOC100359,,,,,","Property_Name":"Chen Family Hall","Property_Abbr":"CHENHALL","Address_Line_1":"250 Brook Street","Address_Line_2":null,"City_and_State":"Providence, RI","External_Floorplan_Link":"https://drive.google.com/drive/folders/1DDfEM7nQ8QtVwLuJrB06IupMMJ9eXEyM","ZIP_code":"02912","Property_Status":"Active","Ownership_Status":"Owned","Occupancy_Status":"Brown Occupied","Official_Name":null,"Aliases":null,"Long_Description":null,"Portfolio":"RESIDENCE HALL","National_Historic_District":null,"City_of_Providence_Historic_Dis":null,"Municipal_Zone":null,"Grid_Coord":"CU73","Gross_area__Property_":64567.434166763887,"Floors_Assignable_area":9136.8208,"Net_area":53210.311676715275,"Accessibility_Code":"4","Building_Occupancy":null,"Building_Type":"BUILDING","Building_Usage":"RES HALL","Tax_Status":"Not Applicable","Legal_Use":null,"Current_Use":null,"Cost_Rec":"N","Year_of_Construction":2023,"Date_of_last_major_construction":null,"Date_acquired":"07/20/2023","Date_relinquished":null,"Means_of_Acquisition":"BUILT","GPS_Coordinates__Lat__Long_":null,"Building_System":null,"CHP_Loop":null,"Electricity_Source":null,"Utility_Feeder_Number":null,"Primary_Feeder":null,"Secondary_Feeder":null,"LEED_Level":null,"LEED_Status":null,"LEED_Link":null,"ObjectID_1":329,"Shape__Area":13562.660995483398,"Shape__Length":670.16480026266163,"lat":41.823640765588415,"lon":-71.399040976897908,"NAV_Number":1,"NAV_Desc":"Capital Upkeep","Accessibility_Level":"The facility is mostly accessible to a wheelchair user or person with mobility challenges.","Maintained_By":"MAINTAINED BY BROWN"}},{"type":"Feature","id":220,"geometry":{"type":"Polygon","coordinates":[[[-71.3984208309277,41.8238188879092],[-71.3984975285799,41.8238134231169],[-71.3984674937489,41.823577571447],[-71.3984747984889,41.8235770512043],[-71.3984586790024,41.8234504743737],[-71.3984364602597,41.8234520573365],[-71.3984257920805,41.8233682802764],[-71.3984836194807,41.8233641601196],[-71.3984820833924,41.8233520942069],[-71.3986357833261,41.8233411431487],[-71.3986468286723,41.8234278799399],[-71.3986741473335,41.8236423884169],[-71.3986668425877,41.8236429086722],[-71.3986868112088,41.8237997069716],[-71.3986795064452,41.8238002272277],[-71.3987003811398,41.8239641399047],[-71.3985217221116,41.8239768696814],[-71.3985201562693,41.8239645759582],[-71.3984401094093,41.8239702790955],[-71.3984208309277,41.8238188879092]]]},"properties":{"OBJECTID":220,"Building":100381,"Property_Type":"Building","Property_Code":"100381","Chart_String":null,"Property_Name":"William and Ami Danoff Hall","Property_Abbr":"DANOFFHALL","Address_Line_1":"259 Brook Street","Address_Line_2":null,"City_and_State":"Providence, RI","External_Floorplan_Link":"https://drive.google.com/drive/folders/1vU2y6dt7utEQB2qTaZfXnNnHFX3PCQYq","ZIP_code":"02912","Property_Status":"Active","Ownership_Status":"Owned","Occupancy_Status":"Brown Occupied","Official_Name":null,"Aliases":null,"Long_Description":null,"Portfolio":"RESIDENCE HALL","National_Historic_District":null,"City_of_Providence_Historic_Dis":null,"Municipal_Zone":null,"Grid_Coord":"CR73","Gross_area__Property_":61028.608028652779,"Floors_Assignable_area":7022.1282,"Net_area":50230.633031631944,"Accessibility_Code":"4","Building_Occupancy":null,"Building_Type":"BUILDING","Building_Usage":"RES HALL","Tax_Status":null,"Legal_Use":null,"Current_Use":null,"Cost_Rec":null,"Year_of_Construction":2023,"Date_of_last_major_construction":null,"Date_acquired":"07/14/2023","Date_relinquished":null,"Means_of_Acquisition":"BUILT","GPS_Coordinates__Lat__Long_":null,"Building_System":null,"CHP_Loop":null,"Electricity_Source":null,"Utility_Feeder_Number":null,"Primary_Feeder":null,"Secondary_Feeder":null,"LEED_Level":null,"LEED_Status":null,"LEED_Link":null,"ObjectID_1":342,"Shape__Area":13041.567420959473,"Shape__Length":617.16689721587579,"lat":41.823674981561616,"lon":-71.398564255816055,"NAV_Number":1,"NAV_Desc":"Capital Upkeep","Accessibility_Level":"The facility is mostly accessible to a wheelchair user or person with mobility challenges.","Maintained_By":"MAINTAINED BY BROWN"}},{"type":"Feature","id":221,"geometry":{"type":"Polygon","coordinates":[[[-71.4093292283609,41.818231656176],[-71.4092239337273,41.8181853603275],[-71.4092454333519,41.8181579898482],[-71.409027300463,41.8180620867747],[-71.4090259544989,41.8180614959856],[-71.4089329604414,41.8180206125549],[-71.408916275308,41.8180418392667],[-71.408878630504,41.8180252863579],[-71.4088305596456,41.8180041478299],[-71.4088315109803,41.8180029385268],[-71.4088358118795,41.8179974723696],[-71.408847869338,41.8179821527349],[-71.4088456332906,41.8179811686887],[-71.4088368310316,41.817977297441],[-71.4087662818731,41.8179462814131],[-71.4087612300251,41.8179440571603],[-71.4087561408821,41.8179418220736],[-71.4087392256354,41.8179182521195],[-71.4086835382473,41.8178406660119],[-71.4088254501836,41.8177837205313],[-71.4089040663149,41.817752174634],[-71.4092983780943,41.817925536656],[-71.4095091026967,41.8180181831511],[-71.4095056554975,41.8180225740988],[-71.4093992021928,41.8181580617076],[-71.4093594525452,41.818208655613],[-71.4093503964307,41.8182046698611],[-71.4093292283609,41.818231656176]]]},"properties":{"OBJECTID":221,"Building":100385,"Property_Type":"Building","Property_Code":"100385","Chart_String":null,"Property_Name":"Chestnut St 200","Property_Abbr":"CHESTNT200","Address_Line_1":"200 Chestnut St","Address_Line_2":null,"City_and_State":"Providence, RI","External_Floorplan_Link":"https://drive.google.com/drive/folders/1qM4GZRq5Lapm9aChPNMVhEbVWscguE0Q","ZIP_code":"02903","Property_Status":"Active","Ownership_Status":"Owned","Occupancy_Status":"Brown / Non-Brown Occupied","Official_Name":null,"Aliases":null,"Long_Description":null,"Portfolio":"UNASSIGNED","National_Historic_District":null,"City_of_Providence_Historic_Dis":null,"Municipal_Zone":null,"Grid_Coord":"WW46","Gross_area__Property_":22521.204633305555,"Floors_Assignable_area":2936.1864,"Net_area":20373.553849826389,"Accessibility_Code":"4","Building_Occupancy":null,"Building_Type":"BUILDING","Building_Usage":"COMMERCIAL","Tax_Status":"Taxable Property","Legal_Use":null,"Current_Use":null,"Cost_Rec":null,"Year_of_Construction":1900,"Date_of_last_major_construction":null,"Date_acquired":"06/29/2022","Date_relinquished":null,"Means_of_Acquisition":"PURCHASED","GPS_Coordinates__Lat__Long_":null,"Building_System":null,"CHP_Loop":null,"Electricity_Source":null,"Utility_Feeder_Number":null,"Primary_Feeder":null,"Secondary_Feeder":null,"LEED_Level":null,"LEED_Status":null,"LEED_Link":null,"ObjectID_1":346,"Shape__Area":17405.386489868164,"Shape__Length":614.17347714986943,"lat":41.817974393822936,"lon":-71.409103488151032,"NAV_Number":null,"NAV_Desc":"NO NAV","Accessibility_Level":"The facility is mostly accessible to a wheelchair user or person with mobility challenges.","Maintained_By":"MAINTAINED BY C&W"}},{"type":"Feature","id":222,"geometry":{"type":"Polygon","coordinates":[[[-71.408730662139,41.8174198553262],[-71.4088840229401,41.8176352341709],[-71.408607094325,41.8177452420178],[-71.408470293085,41.8175516651527],[-71.408575883505,41.8175098878858],[-71.40855872658,41.8174879689362],[-71.408730662139,41.8174198553262]]]},"properties":{"OBJECTID":222,"Building":100384,"Property_Type":"Building","Property_Code":"100384","Chart_String":null,"Property_Name":"Elm St 070","Property_Abbr":"ELM070","Address_Line_1":"70 Elm St","Address_Line_2":null,"City_and_State":"Providence, RI","External_Floorplan_Link":null,"ZIP_code":"02903","Property_Status":"Active","Ownership_Status":"Owned","Occupancy_Status":"Non-Brown Occupied","Official_Name":null,"Aliases":null,"Long_Description":null,"Portfolio":"UNASSIGNED","National_Historic_District":null,"City_of_Providence_Historic_Dis":null,"Municipal_Zone":null,"Grid_Coord":null,"Gross_area__Property_":22611,"Floors_Assignable_area":null,"Net_area":null,"Accessibility_Code":null,"Building_Occupancy":null,"Building_Type":"BUILDING","Building_Usage":"COMMERCIAL","Tax_Status":"Taxable Property","Legal_Use":null,"Current_Use":null,"Cost_Rec":null,"Year_of_Construction":1900,"Date_of_last_major_construction":null,"Date_acquired":"06/29/2022","Date_relinquished":null,"Means_of_Acquisition":"PURCHASED","GPS_Coordinates__Lat__Long_":null,"Building_System":null,"CHP_Loop":null,"Electricity_Source":null,"Utility_Feeder_Number":null,"Primary_Feeder":null,"Secondary_Feeder":null,"LEED_Level":null,"LEED_Status":null,"LEED_Link":null,"ObjectID_1":345,"Shape__Area":7293.2795944213867,"Shape__Length":349.03741556465428,"lat":41.8175850417249,"lon":-71.40867539936761,"NAV_Number":null,"NAV_Desc":"NO NAV","Accessibility_Level":null,"Maintained_By":"MAINTAINED BY C&W"}},{"type":"Feature","id":223,"geometry":{"type":"Polygon","coordinates":[[[-71.4077128729945,41.8179144340344],[-71.40764241833,41.8178163978208],[-71.4076655065121,41.8178071140592],[-71.4076290787199,41.817756398285],[-71.4076185797069,41.8177607808046],[-71.4074837402582,41.8175726090898],[-71.4074876240073,41.8175710456244],[-71.4075977381288,41.8175267321378],[-71.4077308016795,41.817473177875],[-71.4077428852145,41.8174683167357],[-71.407813456503,41.8174848694358],[-71.4078158989126,41.817485444913],[-71.4078793471043,41.8175736950045],[-71.407877861048,41.8175742925395],[-71.4078164702461,41.817599001766],[-71.4079718504267,41.8178152081539],[-71.408030348716,41.8177916768765],[-71.4080314241234,41.8177912437732],[-71.4080641707002,41.8178367912182],[-71.4081357323684,41.8179363334281],[-71.408105856969,41.8179483479905],[-71.408047498264,41.8179718199949],[-71.4079235310384,41.8180216770087],[-71.4078789550548,41.8180396048708],[-71.4076834285886,41.8181182430339],[-71.4075685482383,41.8181644488806],[-71.4075668649375,41.8181640990943],[-71.4075574954637,41.8181621675266],[-71.4074967509114,41.8181496489084],[-71.4074943565033,41.8181491562945],[-71.407495097079,41.8181472220586],[-71.4074957554955,41.8181455074396],[-71.4074604627009,41.8180964059395],[-71.4074155942449,41.8180339869729],[-71.4077128729945,41.8179144340344]]]},"properties":{"OBJECTID":223,"Building":100387,"Property_Type":"Building","Property_Code":"100387","Chart_String":null,"Property_Name":"Richmond St 300","Property_Abbr":"RICHMND300","Address_Line_1":"300 Richmond St","Address_Line_2":null,"City_and_State":"Providence, RI","External_Floorplan_Link":"https://drive.google.com/drive/folders/1OIm1H218sbbm-V9U0dnj-RSOcjzqNI1e","ZIP_code":"02903","Property_Status":"Active","Ownership_Status":"Owned","Occupancy_Status":"Brown Occupied","Official_Name":null,"Aliases":null,"Long_Description":null,"Portfolio":"Admin/Support","National_Historic_District":null,"City_of_Providence_Historic_Dis":null,"Municipal_Zone":null,"Grid_Coord":"WW44","Gross_area__Property_":41677.461087270836,"Floors_Assignable_area":11624.7632,"Net_area":36877.673024465279,"Accessibility_Code":"4","Building_Occupancy":null,"Building_Type":"BUILDING","Building_Usage":"ADMIN","Tax_Status":"Taxable Property","Legal_Use":null,"Current_Use":null,"Cost_Rec":null,"Year_of_Construction":1990,"Date_of_last_major_construction":null,"Date_acquired":"06/29/2022","Date_relinquished":null,"Means_of_Acquisition":"PURCHASED","GPS_Coordinates__Lat__Long_":null,"Building_System":null,"CHP_Loop":null,"Electricity_Source":null,"Utility_Feeder_Number":null,"Primary_Feeder":null,"Secondary_Feeder":null,"LEED_Level":null,"LEED_Status":null,"LEED_Link":null,"ObjectID_1":348,"Shape__Area":23049.970039367676,"Shape__Length":810.77508684213217,"lat":41.817833280804237,"lon":-71.407754848997314,"NAV_Number":null,"NAV_Desc":"NO NAV","Accessibility_Level":"The facility is mostly accessible to a wheelchair user or person with mobility challenges.","Maintained_By":"MAINTAINED BY BROWN"}},{"type":"Feature","id":224,"geometry":{"type":"Polygon","coordinates":[[[-71.4044548142855,41.8280704500095],[-71.4044545995952,41.8280691137275],[-71.4044439812395,41.8280027129803],[-71.4044386960005,41.8280032028698],[-71.4044332433452,41.8279689503296],[-71.4044607986444,41.8279665063213],[-71.4044567520739,41.8279410908806],[-71.4044532194975,41.8279189233909],[-71.4044509868905,41.8279049140559],[-71.4045007833638,41.827900479879],[-71.4045107313407,41.8278995941121],[-71.4045364879663,41.8278973016481],[-71.4045356875011,41.8278924166424],[-71.4045627034322,41.8278900045736],[-71.4046243440471,41.8278845042774],[-71.4046254639936,41.827891499943],[-71.4046288630805,41.8279128092933],[-71.4046303276511,41.8279220038733],[-71.404637638772,41.8279677750869],[-71.404638877931,41.8279755568473],[-71.4046421386946,41.8279959873511],[-71.4046425203504,41.8279983780686],[-71.4045930765444,41.8280027909916],[-71.4045773497291,41.8280041959628],[-71.4045860743063,41.8280587043447],[-71.4045747899471,41.8280597132548],[-71.4044650187319,41.8280695365493],[-71.4044548142855,41.8280704500095]]]},"properties":{"OBJECTID":224,"Building":100379,"Property_Type":"Building","Property_Code":"100379","Chart_String":null,"Property_Name":"Prospect St 51","Property_Abbr":"PROSPECT51","Address_Line_1":"51 Prospect St","Address_Line_2":null,"City_and_State":"Providence, RI","External_Floorplan_Link":"https://drive.google.com/drive/folders/1s9Cv6xwjFvpc31_5qfkLuC1oDqqvtFV0","ZIP_code":"02912","Property_Status":"Active","Ownership_Status":"Affilliated","Occupancy_Status":null,"Official_Name":null,"Aliases":null,"Long_Description":null,"Portfolio":"UNASSIGNED","National_Historic_District":null,"City_of_Providence_Historic_Dis":null,"Municipal_Zone":null,"Grid_Coord":null,"Gross_area__Property_":6842.2951388888887,"Floors_Assignable_area":0,"Net_area":5754.465302208333,"Accessibility_Code":null,"Building_Occupancy":null,"Building_Type":"BUILDING","Building_Usage":null,"Tax_Status":null,"Legal_Use":null,"Current_Use":null,"Cost_Rec":null,"Year_of_Construction":0,"Date_of_last_major_construction":null,"Date_acquired":null,"Date_relinquished":null,"Means_of_Acquisition":null,"GPS_Coordinates__Lat__Long_":null,"Building_System":null,"CHP_Loop":null,"Electricity_Source":null,"Utility_Feeder_Number":null,"Primary_Feeder":null,"Secondary_Feeder":null,"LEED_Level":null,"LEED_Status":null,"LEED_Link":null,"ObjectID_1":340,"Shape__Area":2801.2002182006836,"Shape__Length":234.3552751991858,"lat":41.827974480089033,"lon":-71.404535129064911,"NAV_Number":null,"NAV_Desc":null,"Accessibility_Level":null,"Maintained_By":null}},{"type":"Feature","id":225,"geometry":{"type":"Polygon","coordinates":[[[-71.401197102868,41.8277212067311],[-71.4012419822339,41.8277166734011],[-71.4012693213547,41.8277139139534],[-71.4012697905803,41.8277164200008],[-71.4012699756143,41.8277174276395],[-71.4012756269207,41.8277168562794],[-71.4012862142596,41.827775427045],[-71.4012763057952,41.8277764341125],[-71.4012773752792,41.8277823457589],[-71.4012859465999,41.8278297739933],[-71.4012912951641,41.8278593781425],[-71.4013049302308,41.8278687200739],[-71.4013083499551,41.8278876310364],[-71.4013071892837,41.8278885762957],[-71.4012961526361,41.8278975792087],[-71.4012956753536,41.8278979659445],[-71.4013044102877,41.8279462604436],[-71.4013047051076,41.8279478939122],[-71.4013073537456,41.8279625474081],[-71.4013071743607,41.8279625634601],[-71.401304635237,41.8279628196759],[-71.4012624633828,41.8279670780529],[-71.4012585324952,41.827967475325],[-71.4012415941662,41.8279691840131],[-71.4012367940289,41.8279696687704],[-71.4012321853196,41.8279701338846],[-71.4011816905672,41.8279752331951],[-71.401179319995,41.8279754724467],[-71.4011773374574,41.8279644775992],[-71.40117403836,41.8279462086787],[-71.4011576444057,41.8278553935607],[-71.4011518161054,41.8278231158853],[-71.401206695506,41.8278175737905],[-71.4012143465689,41.8278168033777],[-71.4012139216511,41.8278144486251],[-71.4012080062452,41.827781654983],[-71.401197102868,41.8277212067311]]]},"properties":{"OBJECTID":225,"Building":100382,"Property_Type":"Building","Property_Code":"100382","Chart_String":null,"Property_Name":"Angell St 165","Property_Abbr":"ANGELL165","Address_Line_1":"165 Angell St","Address_Line_2":null,"City_and_State":"Providence, RI","External_Floorplan_Link":"https://drive.google.com/drive/folders/1Il9xY_OrOjHys_N9hO8FXsJ71AVq_9pF","ZIP_code":"02912","Property_Status":"Active","Ownership_Status":"Owned","Occupancy_Status":"Brown / Non-Brown Occupied","Official_Name":null,"Aliases":null,"Long_Description":null,"Portfolio":"UNASSIGNED","National_Historic_District":null,"City_of_Providence_Historic_Dis":null,"Municipal_Zone":null,"Grid_Coord":null,"Gross_area__Property_":6545,"Floors_Assignable_area":0,"Net_area":2308.8679759930556,"Accessibility_Code":null,"Building_Occupancy":null,"Building_Type":"BUILDING","Building_Usage":"COMMERCIAL","Tax_Status":"Taxable Property","Legal_Use":null,"Current_Use":null,"Cost_Rec":null,"Year_of_Construction":1910,"Date_of_last_major_construction":null,"Date_acquired":"05/06/2022","Date_relinquished":null,"Means_of_Acquisition":"PURCHASED","GPS_Coordinates__Lat__Long_":null,"Building_System":null,"CHP_Loop":null,"Electricity_Source":null,"Utility_Feeder_Number":null,"Primary_Feeder":null,"Secondary_Feeder":null,"LEED_Level":null,"LEED_Status":null,"LEED_Link":null,"ObjectID_1":343,"Shape__Area":2745.328971862793,"Shape__Length":261.90550524942887,"lat":41.827858640449982,"lon":-71.401234350105611,"NAV_Number":null,"NAV_Desc":"NO NAV","Accessibility_Level":null,"Maintained_By":"MAINTAINED BY C&W"}},{"type":"Feature","id":226,"geometry":{"type":"Polygon","coordinates":[[[-71.4035002612739,41.7981842858225],[-71.4035106585659,41.7981767883882],[-71.4035472176877,41.7981504336089],[-71.4035672186032,41.798165625696],[-71.4036052529217,41.7981392037102],[-71.4036354806823,41.7981626839287],[-71.4036558765007,41.7981785272802],[-71.4037244238756,41.7982317761631],[-71.4037301649065,41.7982362349754],[-71.4035460537802,41.7983689740081],[-71.4034755755317,41.7984197878455],[-71.4034617887068,41.7984297268616],[-71.4034995194685,41.7984590125342],[-71.4034765807688,41.7984755460859],[-71.4034579963609,41.7984889446934],[-71.4033282828334,41.7983827507984],[-71.4033211878257,41.7983769466133],[-71.4033214843627,41.7983501625325],[-71.4033309279475,41.7983432081199],[-71.4033673339158,41.7983163949947],[-71.4034231581915,41.7982752782136],[-71.4035223492373,41.7982022239186],[-71.4035003526105,41.7981843570264],[-71.4035002612739,41.7981842858225]]]},"properties":{"OBJECTID":226,"Building":100391,"Property_Type":"Building","Property_Code":"100391","Chart_String":null,"Property_Name":"Pavillion 66","Property_Abbr":"PAVILLION66","Address_Line_1":"66 Pavillion Ave","Address_Line_2":null,"City_and_State":"Providence, RI","External_Floorplan_Link":"https://drive.google.com/drive/folders/12GPvCW0V5utXav_PWJl959bdUgjKr0MZ","ZIP_code":"02905","Property_Status":"Active","Ownership_Status":"Leased","Occupancy_Status":"Brown / Non-Brown Occupied","Official_Name":null,"Aliases":null,"Long_Description":"Leased space for CAAS","Portfolio":"ACADEMIC LAB","National_Historic_District":null,"City_of_Providence_Historic_Dis":null,"Municipal_Zone":null,"Grid_Coord":null,"Gross_area__Property_":5602.3263888888887,"Floors_Assignable_area":3771.2953,"Net_area":5095.1201510069441,"Accessibility_Code":"3","Building_Occupancy":null,"Building_Type":"BUILDING","Building_Usage":"ACAD","Tax_Status":"Not Applicable","Legal_Use":null,"Current_Use":null,"Cost_Rec":"Y","Year_of_Construction":0,"Date_of_last_major_construction":null,"Date_acquired":"12/31/2022","Date_relinquished":null,"Means_of_Acquisition":"LEASED","GPS_Coordinates__Lat__Long_":null,"Building_System":null,"CHP_Loop":null,"Electricity_Source":null,"Utility_Feeder_Number":null,"Primary_Feeder":null,"Secondary_Feeder":null,"LEED_Level":null,"LEED_Status":null,"LEED_Link":null,"ObjectID_1":351,"Shape__Area":5954.5488967895508,"Shape__Length":371.75226375105336,"lat":41.798301621603855,"lon":-71.403515512993536,"NAV_Number":null,"NAV_Desc":"NO NAV","Accessibility_Level":"A wheelchair or person with mobility challenges can enter the facility, access the primary function within that facility and access the restroom facility..","Maintained_By":"MAINTAINED BY C&W"}},{"type":"Feature","id":227,"geometry":{"type":"Polygon","coordinates":[[[-71.3956161365325,41.8303727238984],[-71.3957358181027,41.8303628010171],[-71.3957335368695,41.8303546544814],[-71.3958489443067,41.8303450859373],[-71.3958466642636,41.8303369394049],[-71.3959620716524,41.830327370747],[-71.3959598023657,41.8303192638415],[-71.3961883716282,41.8302921093367],[-71.3961860436712,41.8302837899026],[-71.3963014509131,41.8302742218039],[-71.3962991696128,41.8302660743788],[-71.3964280106374,41.8302553919558],[-71.3964895823855,41.8304753210027],[-71.3965670946061,41.8304631831295],[-71.3967027203755,41.830947625313],[-71.3966283627262,41.830971032054],[-71.3966461265065,41.8310344814039],[-71.3966497171951,41.8310339192219],[-71.3966510960725,41.8310388435146],[-71.3966475041798,41.8310394056956],[-71.3965254120628,41.8310407228169],[-71.3965286377975,41.8310522446563],[-71.3965322296919,41.8310516824789],[-71.3965336073569,41.831056606772],[-71.396530016666,41.8310571689504],[-71.396412283615,41.8310584385585],[-71.3964153621142,41.8310694308691],[-71.3964189528068,41.8310688686942],[-71.3964203316673,41.8310737929897],[-71.3964167397706,41.8310743551635],[-71.3961859224088,41.8310934932714],[-71.396189253413,41.8311053915569],[-71.3961928453134,41.8311048293902],[-71.3961942241573,41.8311097536884],[-71.3961906322567,41.8311103158551],[-71.3960729003061,41.8311115851162],[-71.3960761259631,41.8311231069681],[-71.3960797166616,41.8311225448039],[-71.3960810954972,41.8311274691033],[-71.3960775047984,41.8311280312676],[-71.3959597716096,41.8311293004117],[-71.3959629972472,41.8311408222666],[-71.3959665891514,41.8311402601071],[-71.3959679679788,41.8311451844079],[-71.3959643760742,41.8311457465675],[-71.3958329395305,41.8311471634301],[-71.3957301877872,41.8307879403892],[-71.3956936764847,41.8307936586053],[-71.3956736240959,41.8307220319511],[-71.3957101365618,41.8307163146427],[-71.3956161365325,41.8303727238984]]]},"properties":{"OBJECTID":227,"Building":100401,"Property_Type":"Building","Property_Code":"100401","Chart_String":null,"Property_Name":"Penner Field House","Property_Abbr":"PENNERFLDHS","Address_Line_1":"237 Lloyd Ave","Address_Line_2":null,"City_and_State":"Providence, RI","External_Floorplan_Link":"https://drive.google.com/drive/folders/19sV6Tq05gqK0gOI02ak7nTwLPE1CoyBY","ZIP_code":"02912","Property_Status":"Active","Ownership_Status":"Owned","Occupancy_Status":"Brown Occupied","Official_Name":"Penner Field House","Aliases":"Indoor Turf Facility","Long_Description":"Penner Field House is named in recognition of a generous gift from the Penner Family Foundation.  The Penner Field House will provide year-round space for athletics practice, training and recreation. With a synthetic turf field and flexible configurations for a variety of sports, the facility enables Brown’s varsity and club student-athletes to train through New England’s coldest — and warmest — months and support students seeking opportunities to stay active throughout the year.","Portfolio":"ATHLETICS","National_Historic_District":null,"City_of_Providence_Historic_Dis":null,"Municipal_Zone":null,"Grid_Coord":"AC23","Gross_area__Property_":76000,"Floors_Assignable_area":null,"Net_area":73598.866,"Accessibility_Code":null,"Building_Occupancy":null,"Building_Type":"BUILDING","Building_Usage":"ATHLETICS","Tax_Status":null,"Legal_Use":null,"Current_Use":null,"Cost_Rec":null,"Year_of_Construction":2026,"Date_of_last_major_construction":"2026","Date_acquired":null,"Date_relinquished":null,"Means_of_Acquisition":"BUILT","GPS_Coordinates__Lat__Long_":null,"Building_System":null,"CHP_Loop":null,"Electricity_Source":null,"Utility_Feeder_Number":null,"Primary_Feeder":null,"Secondary_Feeder":null,"LEED_Level":null,"LEED_Status":null,"LEED_Link":null,"ObjectID_1":361,"Shape__Area":69738.503860473633,"Shape__Length":1152.5212164552629,"lat":41.830704675835236,"lon":-71.396155442334191,"NAV_Number":null,"NAV_Desc":null,"Accessibility_Level":null,"Maintained_By":"MAINTAINED BY BROWN"}},{"type":"Feature","id":228,"geometry":{"type":"Polygon","coordinates":[[[-71.3968169374803,41.8237752270876],[-71.3968131586928,41.8237522542224],[-71.396785857549,41.8237547821589],[-71.3967840051006,41.823743528947],[-71.3967176339051,41.8237496573277],[-71.3966871220779,41.8237524731637],[-71.3966736665267,41.8237537206369],[-71.396668351198,41.8237214485749],[-71.3966650122944,41.8237011690169],[-71.3966637475149,41.8236935032858],[-71.396728475395,41.8236875238155],[-71.3967250243484,41.8236666094187],[-71.3967638090586,41.8236630222137],[-71.3967603569745,41.8236419979755],[-71.3968999442497,41.82362911253],[-71.3969088239804,41.8236830229484],[-71.396911029318,41.8236964084799],[-71.3969191616655,41.8237457634066],[-71.3968793488389,41.8237494325723],[-71.3968826188355,41.8237691907653],[-71.3968655365552,41.8237832126288],[-71.3968649845387,41.8237836677052],[-71.3968544543808,41.8237846351193],[-71.3968378314811,41.8237861678764],[-71.3968169374803,41.8237752270876]]]},"properties":{"OBJECTID":228,"Building":100395,"Property_Type":"Building","Property_Code":"100395","Chart_String":null,"Property_Name":"Hope St 125","Property_Abbr":"HOPE125","Address_Line_1":"125 Hope St","Address_Line_2":null,"City_and_State":"Providence, RI","External_Floorplan_Link":"https://drive.google.com/drive/folders/1bMsp9khStNzRWfqubzIYYBFgik4PxcsN","ZIP_code":"02912","Property_Status":"Active","Ownership_Status":"Owned","Occupancy_Status":null,"Official_Name":null,"Aliases":null,"Long_Description":null,"Portfolio":"Admin/Support","National_Historic_District":null,"City_of_Providence_Historic_Dis":null,"Municipal_Zone":null,"Grid_Coord":"CI73","Gross_area__Property_":7509.0540309444441,"Floors_Assignable_area":0,"Net_area":6702.8015556111113,"Accessibility_Code":null,"Building_Occupancy":null,"Building_Type":"HOUSE","Building_Usage":"SUPPORT","Tax_Status":null,"Legal_Use":null,"Current_Use":null,"Cost_Rec":null,"Year_of_Construction":1819,"Date_of_last_major_construction":null,"Date_acquired":"04/17/2023","Date_relinquished":null,"Means_of_Acquisition":"PURCHASED","GPS_Coordinates__Lat__Long_":null,"Building_System":null,"CHP_Loop":null,"Electricity_Source":null,"Utility_Feeder_Number":null,"Primary_Feeder":null,"Secondary_Feeder":null,"LEED_Level":null,"LEED_Status":null,"LEED_Link":null,"ObjectID_1":355,"Shape__Area":2523.3465728759766,"Shape__Length":237.20151948193404,"lat":41.8237045640474,"lon":-71.396808064990353,"NAV_Number":null,"NAV_Desc":"NO NAV","Accessibility_Level":null,"Maintained_By":"MAINTAINED BY BROWN"}},{"type":"Feature","id":229,"geometry":{"type":"Polygon","coordinates":[[[-71.40966290531,41.8186040620061],[-71.4096917108993,41.8186961655012],[-71.4096916820057,41.8186961708805],[-71.409705154624,41.8187392483684],[-71.4095914070927,41.8187761115872],[-71.4095912638,41.8187761582921],[-71.4095924164436,41.8187781498526],[-71.4095873674967,41.8187797862997],[-71.4095820664285,41.8187792617304],[-71.4095526120263,41.8187888073642],[-71.4095537058376,41.8187906962398],[-71.4095486556864,41.8187923317839],[-71.4095433546174,41.8187918072128],[-71.409515583588,41.8188008076558],[-71.4095166773997,41.8188026956314],[-71.4095116272453,41.8188043320742],[-71.4095063261757,41.8188038075015],[-71.4094802385221,41.8188122618548],[-71.4094813323317,41.8188141507311],[-71.4094762821755,41.8188157871723],[-71.4094709811066,41.8188152616976],[-71.4094448922388,41.8188237169423],[-71.4094459860488,41.8188256049186],[-71.4094409370944,41.8188272413592],[-71.4094356360235,41.8188267167832],[-71.4094095471478,41.8188351711195],[-71.4094106409557,41.8188370599965],[-71.4094055919995,41.8188386964355],[-71.4094002909292,41.8188381709576],[-71.4093742020429,41.8188466261861],[-71.4093752958512,41.8188485141631],[-71.4093702468932,41.8188501506006],[-71.4093649446174,41.8188496260204],[-71.4093388569267,41.8188580803415],[-71.4093399507328,41.8188599692191],[-71.4093349017731,41.8188616056551],[-71.4093295994966,41.8188610810732],[-71.4093035117966,41.8188695353863],[-71.4093046056032,41.8188714233639],[-71.4092995566417,41.8188730597983],[-71.4092942543645,41.8188725352148],[-71.4092681666552,41.8188809895198],[-71.4092692604597,41.8188828783981],[-71.4092642102928,41.81888451483],[-71.4092589092186,41.8188839902459],[-71.4092550137395,41.8188784905889],[-71.4092123696366,41.8188859504301],[-71.4092010579064,41.8188879303422],[-71.4090844444786,41.8189083379672],[-71.4089662462547,41.818741483259],[-71.4089136042664,41.8187623501426],[-71.4088421158451,41.8186614327687],[-71.4088371530765,41.8186634005766],[-71.4088345765434,41.8186597629561],[-71.408834860237,41.8186557683695],[-71.4088215475504,41.8186369757961],[-71.4088191161436,41.8186379399319],[-71.4088165396125,41.8186343023109],[-71.4088168245107,41.8186303077253],[-71.4088035118346,41.8186115151498],[-71.4088010804285,41.8186124792851],[-71.4087985038995,41.8186088416638],[-71.4087987887986,41.8186048470782],[-71.4087854761331,41.8185860545005],[-71.4087830447277,41.8185870186355],[-71.4087804682007,41.8185833810137],[-71.4087807518973,41.8185793864272],[-71.4087674404459,41.8185605938483],[-71.4087650090412,41.8185615579829],[-71.4087624325163,41.8185579203607],[-71.4087627162138,41.8185539257742],[-71.4087494035694,41.8185351331922],[-71.4087469733702,41.818536096427],[-71.408744396846,41.8185324597047],[-71.4087446805446,41.8185284651183],[-71.4087313679107,41.8185096725341],[-71.4087289365086,41.8185106357676],[-71.4087263599865,41.8185069990449],[-71.4087266448897,41.8185030044595],[-71.4087133322663,41.8184842118731],[-71.408710900865,41.8184851751062],[-71.4087083243449,41.8184815383831],[-71.4087086080467,41.8184775428964],[-71.4086952966362,41.8184587512091],[-71.4086928652355,41.8184597144419],[-71.4086902887175,41.8184560777184],[-71.4086905724203,41.8184520822317],[-71.4086772610216,41.818433289642],[-71.4086748296204,41.8184342537747],[-71.4086722531057,41.8184306161504],[-71.4086725368082,41.818426621564],[-71.4086592242165,41.8184078289712],[-71.4086567940195,41.8184087931045],[-71.4086542175068,41.8184051554798],[-71.4086545012104,41.8184011608935],[-71.4086411886292,41.8183823682985],[-71.4086387572293,41.8183833324304],[-71.4086361807187,41.8183796948053],[-71.4086364656269,41.81837570022],[-71.4086231530561,41.8183569076228],[-71.408620721657,41.8183578717544],[-71.4086181451484,41.8183542341288],[-71.408618428854,41.8183502395426],[-71.4086051439224,41.8183314847795],[-71.4086027125239,41.8183324489107],[-71.4086001360173,41.8183288112848],[-71.4086004197239,41.8183248166985],[-71.4086031220796,41.8183237456424],[-71.4085979774732,41.8183164839023],[-71.4086065879188,41.8183130712587],[-71.4086271169056,41.8183049332031],[-71.4086298361203,41.818303854957],[-71.4086123795346,41.8182792131496],[-71.40876072947,41.8182204073689],[-71.4087608318314,41.8182203669349],[-71.4087605891921,41.8182200264133],[-71.4089109150337,41.8181604378105],[-71.4089123468339,41.8181624584103],[-71.4089121108004,41.8181625518585],[-71.4092232878397,41.8186018277394],[-71.4093266577535,41.8185608520398],[-71.4094617319969,41.8185372021864],[-71.4094616601054,41.8185369725428],[-71.4094799795527,41.8185337664609],[-71.4094793516965,41.818531762708],[-71.4094847101671,41.8185308251739],[-71.4094898020118,41.8185320473469],[-71.4095174852352,41.8185272028134],[-71.4095168585815,41.8185251990617],[-71.409522217051,41.8185242615258],[-71.4095273088959,41.8185254836971],[-71.4095549921136,41.8185206391546],[-71.4095543654588,41.8185186354031],[-71.4095597251321,41.8185176969661],[-71.409564816976,41.8185189200361],[-71.409564884065,41.8185191415727],[-71.4095953217575,41.8185138121045],[-71.4095952870056,41.8185137040363],[-71.4096325705292,41.8185071932965],[-71.4096326156559,41.818507198734],[-71.4096353319711,41.8185158828565],[-71.4096351465739,41.818515915123],[-71.40966290531,41.8186040620061]]]},"properties":{"OBJECTID":229,"Building":100339,"Property_Type":"Building","Property_Code":"100339","Chart_String":";,LOC100339,,,","Property_Name":"Danoff Laboratories","Property_Abbr":"DANOFFILSB","Address_Line_1":"Tbd","Address_Line_2":null,"City_and_State":null,"External_Floorplan_Link":null,"ZIP_code":null,"Property_Status":"Pre-active","Ownership_Status":"Affilliated","Occupancy_Status":"Brown Occupied","Official_Name":"William A. and Ami Kuan Danoff Life Sciences Laboratories","Aliases":null,"Long_Description":null,"Portfolio":"ACADEMIC LAB","National_Historic_District":null,"City_of_Providence_Historic_Dis":null,"Municipal_Zone":null,"Grid_Coord":"WW49","Gross_area__Property_":0,"Floors_Assignable_area":null,"Net_area":null,"Accessibility_Code":null,"Building_Occupancy":null,"Building_Type":"BUILDING","Building_Usage":"ACAD","Tax_Status":"Not Applicable","Legal_Use":null,"Current_Use":null,"Cost_Rec":"N","Year_of_Construction":0,"Date_of_last_major_construction":null,"Date_acquired":null,"Date_relinquished":null,"Means_of_Acquisition":null,"GPS_Coordinates__Lat__Long_":"41.818652,-71.40900999999998","Building_System":null,"CHP_Loop":null,"Electricity_Source":null,"Utility_Feeder_Number":null,"Primary_Feeder":null,"Secondary_Feeder":null,"LEED_Level":null,"LEED_Status":null,"LEED_Link":null,"ObjectID_1":312,"Shape__Area":36624.485511779785,"Shape__Length":978.0544638622722,"lat":41.81857704386875,"lon":-71.4091167365154,"NAV_Number":null,"NAV_Desc":null,"Accessibility_Level":null,"Maintained_By":"MAINTAINED BY BROWN"}},{"type":"Feature","id":230,"geometry":{"type":"Polygon","coordinates":[[[-71.4037817871215,41.8240353704468],[-71.4037858821391,41.8240353198563],[-71.4037857795788,41.8240306605117],[-71.4037849419184,41.8239928005191],[-71.4036096735047,41.823995023279],[-71.4034344062845,41.8239972448721],[-71.4034322787264,41.8238911281267],[-71.4036075125145,41.8238885328676],[-71.4037827476073,41.8238858608134],[-71.4037818434,41.8238418010237],[-71.4039241250272,41.8238400032876],[-71.4039248982441,41.823884792242],[-71.4039303859017,41.8238847500139],[-71.4039325889953,41.8239908100921],[-71.4039270423146,41.8239908747795],[-71.4039305739024,41.8241632162848],[-71.4039341055083,41.8243355577848],[-71.4039397363022,41.8243356102116],[-71.4039427396159,41.8244418483175],[-71.4039371076077,41.8244417967901],[-71.403938274203,41.8244867499305],[-71.4037962320528,41.8244884344413],[-71.4037952865134,41.8244438308165],[-71.4037925655841,41.8243372742231],[-71.4037887537408,41.8241650378239],[-71.4037860760921,41.824044057817],[-71.4037819329252,41.8240441092675],[-71.4037817871215,41.8240353704468]]]},"properties":{"OBJECTID":230,"Building":100057,"Property_Type":"Building","Property_Code":"100057","Chart_String":";,LOC100057,,,","Property_Name":"Jameson-Mead: Keeney Quad","Property_Abbr":"KQJMSNMEAD","Address_Line_1":"11 Benevolent St","Address_Line_2":"Formerly: Jameson Hall","City_and_State":"Providence, RI","External_Floorplan_Link":"https://drive.google.com/drive/folders/12NPqo5h61tXdFVJfOk7uFpcVPBpoc8HQ","ZIP_code":"02912","Property_Status":"Active","Ownership_Status":"Owned","Occupancy_Status":"Brown Occupied","Official_Name":null,"Aliases":"ALTADDRS: 11-17 Benevolent St; DISPNAME: Jameson-Mead House; FORMER: Jameson Hall: Keeney Quad; LEGACY: John Franklin Jameson & Albert Davis Mead, Barnaby Conrad Keeney","Long_Description":"Professor John F. Jameson, commemorated by Jameson House, taught history at Brown from 1888 to 1901. He later became the head of the history department at the University of Chicago, and Director of the Department of Historical Research of the Carnegie Institution in Washington, D.C.  In 2013, Keeney Quad was fully renovated and existing houses were combined creating Jameson-Mead.  Renovations added elevators, accessible bathrooms and top floor lounges, upgraded lighting and various amenities.","Portfolio":"RESIDENCE HALL","National_Historic_District":"College Hill Historic District (National)","City_of_Providence_Historic_Dis":null,"Municipal_Zone":"One Family District - Within I-Zone","Grid_Coord":"JF68","Gross_area__Property_":63506.2945080625,"Floors_Assignable_area":8337.5521,"Net_area":53561.885434847223,"Accessibility_Code":"3","Building_Occupancy":null,"Building_Type":"BUILDING","Building_Usage":"RES HALL","Tax_Status":"Property Exempt from Tax","Legal_Use":"Dormitory","Current_Use":"Dormitory","Cost_Rec":"Y","Year_of_Construction":1957,"Date_of_last_major_construction":null,"Date_acquired":"08/02/1955","Date_relinquished":null,"Means_of_Acquisition":null,"GPS_Coordinates__Lat__Long_":"41.823907,-71.403813","Building_System":null,"CHP_Loop":null,"Electricity_Source":"Brown","Utility_Feeder_Number":"1151","Primary_Feeder":"7-1","Secondary_Feeder":"5K-12","LEED_Level":null,"LEED_Status":null,"LEED_Link":null,"ObjectID_1":48,"Shape__Area":12945.8017578125,"Shape__Length":747.99785386722806,"lat":41.82410033957062,"lon":-71.403788527693465,"NAV_Number":0.93,"NAV_Desc":"Capital Upkeep","Accessibility_Level":"A wheelchair or person with mobility challenges can enter the facility, access the primary function within that facility and access the restroom facility..","Maintained_By":"MAINTAINED BY BROWN"}},{"type":"Feature","id":231,"geometry":{"type":"Polygon","coordinates":[[[-71.4007709603571,41.8233296382407],[-71.4010537380899,41.8233085612094],[-71.4010496697512,41.8232780208746],[-71.4011105151485,41.8232734851375],[-71.4011145775695,41.8233039786474],[-71.4012496535645,41.8232939101988],[-71.4012632963577,41.8233963112865],[-71.4007845952451,41.8234319925599],[-71.4007862265868,41.8234442340904],[-71.4007999163606,41.8234432132232],[-71.4008038775094,41.8234729440678],[-71.4008083437405,41.8234756795558],[-71.4008089505918,41.8234802303978],[-71.4008052934822,41.8234835711024],[-71.4008075566563,41.8235005588698],[-71.4007600962457,41.823504095829],[-71.4007585803306,41.823492717824],[-71.4006332390962,41.8235020603388],[-71.4006347549892,41.8235134383454],[-71.4005872957634,41.8235169752342],[-71.4005850231235,41.8234999190285],[-71.4005806579128,41.8234972457427],[-71.4005800522812,41.8234926949006],[-71.4005836262324,41.8234894297597],[-71.400579655661,41.8234596304737],[-71.4005948670623,41.8234584966048],[-71.400593236959,41.8234462559731],[-71.4004771531273,41.8234549076644],[-71.4004696734309,41.8234627161346],[-71.4004703442919,41.8234632263083],[-71.4004709910516,41.8234637544678],[-71.4004716125091,41.8234642988116],[-71.4004722086657,41.8234648584392],[-71.4004727783178,41.8234654333497],[-71.4004733214668,41.8234660226426],[-71.400473836909,41.8234666263169],[-71.4004743234434,41.8234672425709],[-71.4004747810702,41.8234678714047],[-71.4004752097907,41.8234685119178],[-71.4004756072003,41.8234691623076],[-71.4004759757049,41.8234698234764],[-71.4004763116965,41.8234704936204],[-71.4004766175837,41.8234711718413],[-71.4004768909591,41.8234718581372],[-71.4004771330292,41.8234725507083],[-71.4004773413867,41.8234732495526],[-71.4004775184416,41.8234739528715],[-71.4004776617868,41.8234746606629],[-71.4004777726271,41.8234753720275],[-71.4004778509654,41.8234760851646],[-71.4004778955981,41.8234768000731],[-71.4004779065265,41.8234775158529],[-71.4004778849556,41.8234782316044],[-71.4004778284797,41.8234789464254],[-71.4004777407109,41.8234796594186],[-71.4004776192449,41.8234803687812],[-71.4004774640801,41.8234810754136],[-71.4004772776267,41.8234817775172],[-71.4004770574789,41.8234824741896],[-71.4004768048415,41.8234831645314],[-71.4004765209184,41.8234838485438],[-71.4004762057123,41.823484524426],[-71.4004758580209,41.8234851912767],[-71.4004754814552,41.8234858490989],[-71.4004750724057,41.8234864969893],[-71.4004746344861,41.8234871331502],[-71.400474167695,41.823487758482],[-71.4004736720366,41.8234883702837],[-71.4004731475095,41.8234889694557],[-71.4004725953203,41.8234895541982],[-71.4004720178761,41.8234901245134],[-71.4004714127711,41.8234906794989],[-71.400470782414,41.8234912182563],[-71.4004701280099,41.8234917398865],[-71.4004694495574,41.8234922452897],[-71.4004687470607,41.8234927317649],[-71.4004680229257,41.8234932002146],[-71.4004672783589,41.8234936488391],[-71.4004665121552,41.8234940785377],[-71.4004657267248,41.8234944875118],[-71.4004649232699,41.8234948766628],[-71.4004641017934,41.82349524419],[-71.4004632635003,41.8234955891942],[-71.4004624107951,41.8234959134781],[-71.400461542477,41.8234962152398],[-71.4004606609547,41.8234964935814],[-71.4004597674305,41.823496749404],[-71.4004588619058,41.8234969818074],[-71.4004579455857,41.8234971898923],[-71.4004570208761,41.823497374561],[-71.4004560889822,41.8234975349143],[-71.4004551487001,41.8234976709511],[-71.400454203641,41.8234977826747],[-71.4004532538062,41.8234978691845],[-71.400452300398,41.8234979313821],[-71.4004513446216,41.8234979683681],[-71.4004503876791,41.8234979810439],[-71.4004494307757,41.8234979685102],[-71.400448475115,41.8234979307681],[-71.4004475218993,41.823497868719],[-71.4004465723337,41.8234977814634],[-71.4004456264167,41.8234976699018],[-71.4004446865558,41.8234975340363],[-71.400443753956,41.8234973729675],[-71.4004428298182,41.8234971884972],[-71.4004419141438,41.8234969797251],[-71.4004410093387,41.8234967475536],[-71.4004401154029,41.8234964919826],[-71.4004392335402,41.8234962130133],[-71.4004383661565,41.823495911548],[-71.400437512048,41.8234955875857],[-71.4004366748259,41.8234952411295],[-71.4004358532836,41.8234948739791],[-71.4004350498299,41.8234944852362],[-71.4004342644635,41.8234940758012],[-71.4004334983865,41.8234936465754],[-71.4004327540078,41.8234931966606],[-71.4004320301195,41.8234927287567],[-71.4004313279266,41.8234922419645],[-71.4004306498351,41.8234917371864],[-71.4004299946413,41.8234912144213],[-71.4004293647499,41.8234906754721],[-71.4004287601593,41.823490121239],[-71.4004281820746,41.8234895508227],[-71.4004276304946,41.8234889651236],[-71.4004271066186,41.8234883668438],[-71.4004266104495,41.8234877541826],[-71.4004261443917,41.8234871289427],[-71.4004257060353,41.8234864929227],[-71.4004252977888,41.8234858452244],[-71.4004249208532,41.8234851876495],[-71.4004245740249,41.823484520197],[-71.400424258506,41.8234838437682],[-71.4004239742939,41.8234831601639],[-71.4004237225907,41.8234824702853],[-71.4004235033979,41.8234817732322],[-71.4004233167127,41.8234810708052],[-71.4004231613286,41.823480364804],[-71.4004230408581,41.8234796543314],[-71.4004229516859,41.8234789420852],[-71.4004228974245,41.8234782271682],[-71.4004228756636,41.8234775113792],[-71.400422886402,41.8234767956182],[-71.4004229308418,41.8234760807868],[-71.4004230089832,41.823475366885],[-71.4004231208232,41.8234746557134],[-71.4004232639532,41.8234739481703],[-71.4004234407792,41.8234732451581],[-71.4004236500973,41.8234725466757],[-71.4004238919063,41.8234718536236],[-71.4004241662033,41.8234711678023],[-71.4004244717847,41.8234704892109],[-71.4004248086476,41.82346981965],[-71.4004251767936,41.8234691582193],[-71.4004255750146,41.8234685076187],[-71.4004260033122,41.8234678669479],[-71.4004264616821,41.823467238908],[-71.4004269477183,41.8234666225964],[-71.4004274638269,41.8234660189157],[-71.400428006394,41.8234654296633],[-71.4004285766232,41.8234648548404],[-71.400429173311,41.8234642944458],[-71.4004297952494,41.8234637511796],[-71.4004304424412,41.823463223241],[-71.400431112475,41.8234627133291],[-71.4004252518582,41.8234587764646],[-71.4002891617782,41.8234689186917],[-71.4002755264679,41.8233665643141],[-71.4005796011705,41.8233439007303],[-71.4005780246072,41.8233320679985],[-71.4005628132355,41.8233332018652],[-71.4005588438869,41.8233034025787],[-71.4005544786907,41.8233007292919],[-71.4005538730641,41.8232961775491],[-71.4005574470058,41.8232929124089],[-71.4005551743802,41.8232758571024],[-71.400602633431,41.8232723193262],[-71.4006041493133,41.8232836973336],[-71.4007294913297,41.8232743548508],[-71.4007279754254,41.823262976845],[-71.400775434456,41.8232594398977],[-71.4007776976157,41.8232764267659],[-71.4007821638321,41.823279162255],[-71.4007827706798,41.8232837130973],[-71.40077911358,41.8232870538012],[-71.400783073506,41.8233167846463],[-71.4007693837589,41.8233178055114],[-71.4007709603571,41.8233296382407]]]},"properties":{"OBJECTID":231,"Building":100273,"Property_Type":"Building","Property_Code":"100273","Chart_String":";,LOC100273,,,","Property_Name":"Graduate Center E","Property_Abbr":"GRADCTRE","Address_Line_1":"42 Charlesfield St","Address_Line_2":null,"City_and_State":"Providence, RI","External_Floorplan_Link":"https://drive.google.com/drive/folders/1LCSFTVXSfDtU7Rbmr8jQJLOoXMH1YNEW","ZIP_code":"02912","Property_Status":"Active","Ownership_Status":"Owned","Occupancy_Status":"Brown Occupied","Official_Name":null,"Aliases":"DISPNAME: Grad Ctr E","Long_Description":"Built in 1968, the Graduate Center consists of four residential towers connected by bridge walkways to a common building.","Portfolio":"Admin/Support","National_Historic_District":"College Hill Historic District (National)","City_of_Providence_Historic_Dis":null,"Municipal_Zone":"One Family District - Within I-Zone","Grid_Coord":"FD74","Gross_area__Property_":47459.408780784725,"Floors_Assignable_area":0,"Net_area":40386.657186645833,"Accessibility_Code":"2","Building_Occupancy":38,"Building_Type":"BUILDING","Building_Usage":"ADMIN","Tax_Status":"Property Exempt from Tax","Legal_Use":"Dormitory","Current_Use":"Dormitory","Cost_Rec":"Y","Year_of_Construction":1968,"Date_of_last_major_construction":null,"Date_acquired":"03/15/1920","Date_relinquished":null,"Means_of_Acquisition":null,"GPS_Coordinates__Lat__Long_":"41.823347,-71.400651","Building_System":null,"CHP_Loop":null,"Electricity_Source":"Brown","Utility_Feeder_Number":"1151","Primary_Feeder":"7-1","Secondary_Feeder":"S-5","LEED_Level":null,"LEED_Status":null,"LEED_Link":null,"ObjectID_1":253,"Shape__Area":13098.186721801758,"Shape__Length":811.5166087265585,"lat":41.823382940480805,"lon":-71.400751056494457,"NAV_Number":0.6,"NAV_Desc":"Systemic Renovation","Accessibility_Level":"A wheelchair user or person with mobility challenges can enter the facility and access the primary function within that facility.","Maintained_By":"MAINTAINED BY BROWN"}},{"type":"Feature","id":232,"geometry":{"type":"Polygon","coordinates":[[[-71.3975200177595,41.8248168527456],[-71.3976261316402,41.8248143372781],[-71.397628844528,41.8248673940137],[-71.3976439553756,41.8248737098571],[-71.3976456277032,41.8249105019283],[-71.3976314359711,41.8249181052557],[-71.3976315024983,41.8249194135085],[-71.3976322932719,41.8249202065122],[-71.3976330466991,41.82492101929],[-71.3976337627816,41.8249218509416],[-71.3976344403183,41.8249226996654],[-71.3976350793093,41.8249235654613],[-71.3976356785525,41.8249244474278],[-71.3976362368468,41.8249253437633],[-71.3976367541923,41.8249262544678],[-71.3976372293897,41.8249271768391],[-71.3976376624375,41.8249281117775],[-71.3976380521362,41.8249290565811],[-71.3976383996911,41.8249300103506],[-71.3976387026946,41.8249309730837],[-71.3976389611498,41.8249319429799],[-71.3976391762616,41.8249329191398],[-71.3976393468293,41.8249338997617],[-71.3976394408133,41.824934595808],[-71.3976395840245,41.8249376372831],[-71.3976395390924,41.8249386411218],[-71.397639446015,41.824939643117],[-71.3976393072012,41.8249406423703],[-71.397639122654,41.8249416370813],[-71.3976388911695,41.8249426272486],[-71.3976386151596,41.8249436101736],[-71.3976382922167,41.8249445858541],[-71.3976379537504,41.8249454831912],[-71.3976375755734,41.8249463732901],[-71.3976371600975,41.8249472534521],[-71.3976367061203,41.8249481227757],[-71.3976362148469,41.8249489803617],[-71.3976356874812,41.824949826211],[-71.3976351240244,41.8249506594235],[-71.3976345256832,41.8249514781994],[-71.3976338912553,41.8249522816374],[-71.3976332231467,41.8249530706399],[-71.3976334274544,41.8249570512237],[-71.3976034970767,41.8249579834097],[-71.3975226920334,41.8249605007291],[-71.3974329117231,41.8249632962861],[-71.3974288667847,41.8248912024752],[-71.3974248206516,41.8248191086622],[-71.3974604828535,41.8248182635703],[-71.3974604118598,41.8248174937165],[-71.3974603769784,41.8248167229945],[-71.3974603782081,41.8248159523049],[-71.397460414345,41.8248151816463],[-71.3974604853878,41.8248144119193],[-71.3974605937409,41.8248136449266],[-71.3974607357934,41.824812880665],[-71.3974609139496,41.8248121209373],[-71.3974611270044,41.8248113666428],[-71.397461374958,41.8248106177815],[-71.3974616566036,41.824809876153],[-71.397461973145,41.8248091417583],[-71.3974623233756,41.8248084163971],[-71.3974627060903,41.8248077009687],[-71.3974631224942,41.8248069945737],[-71.3974635713779,41.8248063008124],[-71.3974640515405,41.8248056178832],[-71.3974645629777,41.824804948487],[-71.3974651056895,41.8248042926237],[-71.3974656772686,41.8248036502914],[-71.3974662789143,41.824803024192],[-71.3974669094243,41.8248024134241],[-71.3974675675921,41.8248018197874],[-71.397468252214,41.8248012432807],[-71.3974689632885,41.8248006848044],[-71.3974697008142,41.8248001452588],[-71.3974704611786,41.8247996255411],[-71.3974712467906,41.8247991247531],[-71.397472054036,41.8247986446922],[-71.3974728829136,41.8247981862588],[-71.3974737322195,41.8247977494517],[-71.3974746019525,41.8247973351713],[-71.397475489705,41.8247969434156],[-71.397476395477,41.8247965741843],[-71.3974773180621,41.8247962292773],[-71.3974782562564,41.8247959086933],[-71.3974792076541,41.82479561153],[-71.3974801722508,41.8247953404883],[-71.3974811500495,41.8247950937675],[-71.3974821374374,41.8247948722648],[-71.3974831344134,41.8247946768805],[-71.3974841409787,41.8247945067142],[-71.3974851535194,41.8247943635635],[-71.3974861732421,41.8247942456287],[-71.3974871965328,41.8247941547072],[-71.3974882245952,41.8247940908002],[-71.3974892538197,41.8247940530041],[-71.3974902854085,41.8247940422202],[-71.3974913169556,41.8247940575462],[-71.3974923460523,41.8247940998801],[-71.3974933726999,41.8247941683218],[-71.3974943956933,41.8247942637703],[-71.397495415034,41.8247943853254],[-71.3974964259072,41.8247945329828],[-71.3974974307188,41.824794707645],[-71.3974984270643,41.8247949075091],[-71.3974994125363,41.824795132573],[-71.3975003883371,41.8247953837382],[-71.397501350857,41.824795660101],[-71.3975023000974,41.8247959607611],[-71.3975032360584,41.8247962857185],[-71.3975041551288,41.82479663497],[-71.3975050573102,41.8247970076153],[-71.3975059426038,41.824797402754],[-71.397506808601,41.8247978212843],[-71.3975076553031,41.8247982623059],[-71.3975084815092,41.824798724017],[-71.3975092848107,41.8247992073158],[-71.3975100652088,41.824799711302],[-71.3975108227066,41.8248002341749],[-71.3975115548936,41.8248007777329],[-71.3975122617742,41.8248013392753],[-71.3975129433499,41.8248019179015],[-71.3975135960082,41.8248025145086],[-71.3975142221577,41.8248031281986],[-71.3975148181904,41.8248037571675],[-71.3975153853099,41.8248044014164],[-71.3975159223154,41.8248050591434],[-71.3975164292054,41.8248057312491],[-71.3975169047792,41.8248064159315],[-71.3975173478345,41.8248071122894],[-71.3975177583726,41.8248078194224],[-71.3975181363936,41.8248085373304],[-71.3975184806968,41.8248092642117],[-71.397518791282,41.8248100000663],[-71.3975190669484,41.8248107430925],[-71.3975193089012,41.824811492391],[-71.3975195171403,41.8248122479618],[-71.3975196880562,41.8248130089013],[-71.3975198252628,41.8248137734121],[-71.397519926354,41.8248145405917],[-71.3975199925337,41.8248153104412],[-71.3975200226009,41.8248160811588],[-71.3975200177595,41.8248168527456]]]},"properties":{"OBJECTID":232,"Building":100238,"Property_Type":"Building","Property_Code":"100238","Chart_String":";,LOC100238,,,","Property_Name":"King House","Property_Abbr":"KINGHSE","Address_Line_1":"154 Hope St","Address_Line_2":null,"City_and_State":"Providence, RI","External_Floorplan_Link":"https://drive.google.com/drive/folders/1-qX_q1yjitxATYkekDiCLwj0X_z6gIvf","ZIP_code":"02912","Property_Status":"Active","Ownership_Status":"Owned","Occupancy_Status":"Brown Occupied","Official_Name":null,"Aliases":"DISPNAME: King House; LEGACY: Dean Lida Shaw King; OCCUPANT: St. Anthony Hall","Long_Description":"Acquired in 1969 when Brown purchased the building from Bryant College, King House was originally named Taft and was used as Bryant's administration building. In 1974, the building was renamed King House in honor of Lida Shaw King, former dean of Pembroke College. King House is now a residence hall and home to the literary society St. Anthony Hall, a Brown program house.","Portfolio":"RESIDENCE HALL","National_Historic_District":"Cooke Street / Power Street (National)","City_of_Providence_Historic_Dis":null,"Municipal_Zone":"One Family District - Within I-Zone","Grid_Coord":"CK65","Gross_area__Property_":9866.9435817847225,"Floors_Assignable_area":813.3631,"Net_area":7953.5390655902775,"Accessibility_Code":"0","Building_Occupancy":28,"Building_Type":"HOUSE","Building_Usage":"RES HALL","Tax_Status":"Property Exempt from Tax","Legal_Use":"Dormitory","Current_Use":"Dormitory","Cost_Rec":"Y","Year_of_Construction":1895,"Date_of_last_major_construction":null,"Date_acquired":"01/01/1969","Date_relinquished":null,"Means_of_Acquisition":null,"GPS_Coordinates__Lat__Long_":"41.82486,-71.397499","Building_System":null,"CHP_Loop":null,"Electricity_Source":null,"Utility_Feeder_Number":"77J4","Primary_Feeder":null,"Secondary_Feeder":null,"LEED_Level":null,"LEED_Status":null,"LEED_Link":null,"ObjectID_1":220,"Shape__Area":3057.8828201293945,"Shape__Length":229.63093351830861,"lat":41.824885815125022,"lon":-71.39753053978238,"NAV_Number":0.61,"NAV_Desc":"Systemic Renovation","Accessibility_Level":"A physical barrier exists that would prevent a wheelchair user from entering the facility.","Maintained_By":"MAINTAINED BY BROWN"}},{"type":"Feature","id":233,"geometry":{"type":"Polygon","coordinates":[[[-71.4035646884771,41.8248796242863],[-71.4035643947512,41.8248764305348],[-71.4035448728023,41.8248774351297],[-71.4035373188673,41.8247953015975],[-71.4035568395878,41.8247942970028],[-71.4035564617687,41.8247901911364],[-71.403731542706,41.8247811806401],[-71.4037245961285,41.8247056642246],[-71.4037428973773,41.8247047225004],[-71.4037428559316,41.8247042659934],[-71.4037549060088,41.8246939203823],[-71.4037750382205,41.824692884751],[-71.4037888684688,41.8247018979321],[-71.4037889111186,41.8247023544401],[-71.4038978470482,41.8246967482773],[-71.4039022129258,41.8247442025353],[-71.4039046530122,41.8247440776286],[-71.4039050723002,41.8247486400008],[-71.4039392347288,41.8247468822997],[-71.4039420051714,41.8247769973794],[-71.4039078427254,41.8247787559816],[-71.4039082620138,41.8247833183538],[-71.4039058219246,41.8247834441608],[-71.4039101878125,41.8248308993182],[-71.4038369826797,41.824834666304],[-71.4038393965663,41.824860903324],[-71.4038586127415,41.8248599146292],[-71.4038670909686,41.8249520859],[-71.4038109675683,41.824954974026],[-71.4038119743267,41.8249659248005],[-71.4036423834156,41.8249746528159],[-71.4036417959567,41.824968264413],[-71.4035731662838,41.8249717964784],[-71.4035646884771,41.8248796242863]]]},"properties":{"OBJECTID":233,"Building":100282,"Property_Type":"Building","Property_Code":"100282","Chart_String":";,LOC100282,,,","Property_Name":"Faculty Club","Property_Abbr":"FACULTCLUB","Address_Line_1":"1 Bannister St","Address_Line_2":null,"City_and_State":"Providence, RI","External_Floorplan_Link":"https://drive.google.com/drive/folders/1jmzMUqUGuQBcOrvx_STKxkHxyjWe4f1Z","ZIP_code":"02912","Property_Status":"Active","Ownership_Status":"Owned","Occupancy_Status":"Brown Occupied","Official_Name":null,"Aliases":"ALTADDRS: 1 Maggee St; DISPNAME: Faculty Club","Long_Description":"The Faculty Club was originally built as a home for scientist and inventory Zachariah Allen 1813.  The first phone call in Rhode Island was made between Zachariah Allen in his home and Alexander Graham Bell in Boston.  The home was eventually acquired by William Ely in 1878 and acquired by Brown in 1938 for use as a Faculty Club.","Portfolio":"STUDENT LIFE","National_Historic_District":"College Hill Historic District (National)","City_of_Providence_Historic_Dis":null,"Municipal_Zone":"One Family District - Within I-Zone","Grid_Coord":"JF62","Gross_area__Property_":18500.067340013888,"Floors_Assignable_area":4311.801,"Net_area":15457.3917235,"Accessibility_Code":"3","Building_Occupancy":13,"Building_Type":"HOUSE","Building_Usage":"DINING","Tax_Status":"Property Exempt from Tax","Legal_Use":"Faculty Club","Current_Use":"Faculty Club","Cost_Rec":"Y","Year_of_Construction":1865,"Date_of_last_major_construction":null,"Date_acquired":"01/19/1938","Date_relinquished":null,"Means_of_Acquisition":null,"GPS_Coordinates__Lat__Long_":"41.824779,-71.403711","Building_System":"METASYS","CHP_Loop":null,"Electricity_Source":"Brown","Utility_Feeder_Number":"1151","Primary_Feeder":"7-1","Secondary_Feeder":"5K-13","LEED_Level":null,"LEED_Status":null,"LEED_Link":null,"ObjectID_1":261,"Shape__Area":7294.3283004760742,"Shape__Length":427.2616981978029,"lat":41.824844245350221,"lon":-71.4037364521263,"NAV_Number":0.67,"NAV_Desc":"Systemic Renovation","Accessibility_Level":"A wheelchair or person with mobility challenges can enter the facility, access the primary function within that facility and access the restroom facility..","Maintained_By":"MAINTAINED BY BROWN"}},{"type":"Feature","id":234,"geometry":{"type":"Polygon","coordinates":[[[-71.4027236759181,41.8287802497051],[-71.4027091301814,41.828694724078],[-71.402672732445,41.8286981865607],[-71.4026746999444,41.828709756685],[-71.4026768225037,41.8287095550067],[-71.402685851071,41.8287626394469],[-71.4026872398969,41.8287708066991],[-71.40268793431,41.8287748903253],[-71.402586021229,41.8287845861295],[-71.4025749083209,41.8287192508002],[-71.4026113060743,41.8287157883486],[-71.4026007404843,41.8286554719754],[-71.4026046834095,41.8286550971761],[-71.4026042204713,41.8286523750584],[-71.4026318221527,41.8286497487597],[-71.4025971745807,41.8284460302606],[-71.4026026344614,41.8284455108926],[-71.4026065312448,41.8284684233264],[-71.402610171969,41.8284680770815],[-71.402610484563,41.8284699203408],[-71.4026681149143,41.8284644375025],[-71.4026638172082,41.8284391712446],[-71.4026628913314,41.8284337261092],[-71.4026701715714,41.8284330336147],[-71.4027528234149,41.8284251707273],[-71.4027601036544,41.8284244773268],[-71.4027601418316,41.8284247042446],[-71.4027956292282,41.8284213282966],[-71.4027955910508,41.8284211013789],[-71.4028028700842,41.828420408875],[-71.4028037971778,41.82842585311],[-71.4028120729215,41.82847451444],[-71.402847560343,41.8284711384761],[-71.4028457658225,41.8284605894852],[-71.4028530460635,41.8284598969792],[-71.4028540686059,41.8284659085081],[-71.402980549994,41.8284538743298],[-71.40297952744,41.8284478628019],[-71.4029868076782,41.8284471702874],[-71.4029886010177,41.8284577192751],[-71.4030240884207,41.8284543432566],[-71.4030158125189,41.8284056819415],[-71.4030148866128,41.8284002368088],[-71.4030221656414,41.8283995442911],[-71.4030222050233,41.8283997712098],[-71.4030576923926,41.8283963951808],[-71.4030576542143,41.8283961682631],[-71.4030649332421,41.8283954757426],[-71.4031475861947,41.8283876116717],[-71.4031548652205,41.8283869191455],[-71.4031557923434,41.8283923633777],[-71.4031687564237,41.8284685880165],[-71.4031696823453,41.8284740322475],[-71.4031678619831,41.8284742062792],[-71.4031849259377,41.8285745337487],[-71.4032120128848,41.8287337887517],[-71.4032363985269,41.8288771630883],[-71.4031578395901,41.8288846372257],[-71.4031580710724,41.8288859978333],[-71.403145332075,41.8288872106538],[-71.403146797321,41.8288958308353],[-71.4031031204083,41.82889998688],[-71.4031016539657,41.8288913657966],[-71.4030889149675,41.8288925777104],[-71.4030886834866,41.8288912171028],[-71.4028957744726,41.8289095705659],[-71.4028960059494,41.8289109311739],[-71.4028832669421,41.8289121439653],[-71.4028847333573,41.8289207641511],[-71.4028410552072,41.8289249200951],[-71.4028395900029,41.8289162990094],[-71.4028268497911,41.8289175108932],[-71.4028266183157,41.828916150285],[-71.4027480604879,41.8289236241431],[-71.4027236759181,41.8287802497051]]]},"properties":{"OBJECTID":234,"Building":100091,"Property_Type":"Building","Property_Code":"100091","Chart_String":";,LOC100091,,,","Property_Name":"BioMed Center","Property_Abbr":"BIOMEDCTR","Address_Line_1":"171 Meeting St","Address_Line_2":null,"City_and_State":"Providence, RI","External_Floorplan_Link":"https://drive.google.com/drive/folders/1hdbeZRtNxWuNufyBf5MKDnER-brtegwZ","ZIP_code":"02912","Property_Status":"Active","Ownership_Status":"Owned","Occupancy_Status":"Brown Occupied","Official_Name":null,"Aliases":"ALTADDRS: 171 Meeting St; DISPNAME: BioMedical Ctr","Long_Description":"Bio-Med Center is a seven story, brick masonry building that was built in 1969. The structure is utilized for medical academic, laboratory and research functions.","Portfolio":"BIOMED","National_Historic_District":"College Hill Historic District (National)","City_of_Providence_Historic_Dis":null,"Municipal_Zone":"One Family District - Within I-Zone","Grid_Coord":"DK34","Gross_area__Property_":122790.73102666666,"Floors_Assignable_area":7036.7054,"Net_area":107087.466872,"Accessibility_Code":"3","Building_Occupancy":null,"Building_Type":"BUILDING","Building_Usage":"ACAD","Tax_Status":"Property Exempt from Tax","Legal_Use":"Medical Research","Current_Use":"Medical Research","Cost_Rec":"Y","Year_of_Construction":1969,"Date_of_last_major_construction":null,"Date_acquired":"01/01/1969","Date_relinquished":null,"Means_of_Acquisition":null,"GPS_Coordinates__Lat__Long_":"41.828596,-71.402909","Building_System":"METASYS","CHP_Loop":null,"Electricity_Source":"Brown","Utility_Feeder_Number":"1126","Primary_Feeder":"1-1","Secondary_Feeder":"1-2","LEED_Level":null,"LEED_Status":null,"LEED_Link":null,"ObjectID_1":78,"Shape__Area":25700.502998352051,"Shape__Length":847.061787553861,"lat":41.828663447950426,"lon":-71.4029225285449,"NAV_Number":0.81,"NAV_Desc":"Repair and Maintain","Accessibility_Level":"A wheelchair or person with mobility challenges can enter the facility, access the primary function within that facility and access the restroom facility..","Maintained_By":"MAINTAINED BY BROWN"}},{"type":"Feature","id":235,"geometry":{"type":"Polygon","coordinates":[[[-71.4026826650053,41.8303799228582],[-71.4028447854289,41.830368557362],[-71.4028494136701,41.8304054400561],[-71.4031035133992,41.8303852358932],[-71.4031074596423,41.8304178548971],[-71.4031473671814,41.8304153522975],[-71.4031541996589,41.8304690812768],[-71.4031105353619,41.8304721452226],[-71.4031145285654,41.8305039638641],[-71.4028651995384,41.8305214638659],[-71.4028783135575,41.8306259718795],[-71.4027224445218,41.8306369114541],[-71.4027221019604,41.8306341795361],[-71.4023580032306,41.8306597337541],[-71.4023583457766,41.8306624656732],[-71.4022024777691,41.8306734045431],[-71.4021890758259,41.8305665895402],[-71.4019397246982,41.8305840487995],[-71.4019358501629,41.8305521527899],[-71.4018957084825,41.8305549635847],[-71.4018890758864,41.8305018856473],[-71.401929346344,41.8304990731639],[-71.4019253644507,41.8304673274184],[-71.4021774456942,41.8304504413296],[-71.402173225249,41.8304163752161],[-71.4023351473479,41.8304041378421],[-71.4026826650053,41.8303799228582]]]},"properties":{"OBJECTID":235,"Building":100103,"Property_Type":"Building","Property_Code":"100103","Chart_String":";,LOC100103,,,","Property_Name":"Andrews Hall","Property_Abbr":"ANDREWHALL","Address_Line_1":"211 Bowen St","Address_Line_2":null,"City_and_State":"Providence, RI","External_Floorplan_Link":"https://drive.google.com/drive/folders/1BWeeZkwciRLz4AJyErX9Fm5AKyqwTaSG","ZIP_code":"02912","Property_Status":"Active","Ownership_Status":"Owned","Occupancy_Status":"Brown Occupied","Official_Name":null,"Aliases":"DISPNAME: Andrews Hall; LEGACY: Elisha Benjamin Andrews","Long_Description":"At the time of its construction in 1947, Andrews Hall was considered to be one of the most modern buildings in the country.  Named for Elisha Benjamin Andrews, the president of the University who was instrumental in the admission of women in 1891.  Andrews played a key role in the success of Pembroke College.  In addition to the various interior upgrades and reconfiguration of bedrooms, Andrews Commons was renovated in 2014 to feature upscale dining, meeting and study spaces.","Portfolio":"RESIDENCE HALL","National_Historic_District":"College Hill Historic District (National)","City_of_Providence_Historic_Dis":null,"Municipal_Zone":"One Family District - Within I-Zone","Grid_Coord":"DI22","Gross_area__Property_":133710.74209057639,"Floors_Assignable_area":9304.3721,"Net_area":114086.54798441667,"Accessibility_Code":"4","Building_Occupancy":254,"Building_Type":"BUILDING","Building_Usage":"RES HALL","Tax_Status":"Property Exempt from Tax","Legal_Use":"Dormitory","Current_Use":"Dormitory","Cost_Rec":"Y","Year_of_Construction":1947,"Date_of_last_major_construction":null,"Date_acquired":"06/13/1939","Date_relinquished":null,"Means_of_Acquisition":null,"GPS_Coordinates__Lat__Long_":"41.830569,-71.402512","Building_System":"SIEMENS","CHP_Loop":null,"Electricity_Source":"Brown","Utility_Feeder_Number":"1126","Primary_Feeder":"CHP-1","Secondary_Feeder":"CHP-1","LEED_Level":null,"LEED_Status":null,"LEED_Link":null,"ObjectID_1":90,"Shape__Area":23615.408332824707,"Shape__Length":880.13011145278449,"lat":41.830510924820253,"lon":-71.40252455514414,"NAV_Number":0.85,"NAV_Desc":"Capital Upkeep","Accessibility_Level":"The facility is mostly accessible to a wheelchair user or person with mobility challenges.","Maintained_By":"MAINTAINED BY BROWN"}},{"type":"Feature","id":236,"geometry":{"type":"Polygon","coordinates":[[[-71.4017477878123,41.8306818857688],[-71.4017033798888,41.8306838096149],[-71.4017010961167,41.8306540010442],[-71.4016857706017,41.8306546586809],[-71.4016739130229,41.8306468209862],[-71.4016730003842,41.8306351194018],[-71.4016835989509,41.830626320459],[-71.4016989244591,41.8306256628225],[-71.4016941704317,41.8305636218084],[-71.4016717624671,41.8305645821981],[-71.4016688138578,41.8305279250799],[-71.4017426449041,41.8305245903784],[-71.4017417658982,41.8305137171348],[-71.4017628207189,41.8305127861858],[-71.4017636961472,41.8305236396187],[-71.4017653599248,41.8305235645127],[-71.4018232767246,41.8305209481241],[-71.4018353190999,41.8306780936488],[-71.4017905981692,41.8306800316665],[-71.4017917432522,41.8306948270127],[-71.4017914772048,41.8306948303866],[-71.4017912123515,41.8306948400639],[-71.4017909474885,41.8306948560436],[-71.4017906826133,41.8306948801262],[-71.4017904201373,41.830694909613],[-71.4017901588528,41.8306949472039],[-71.4017898999662,41.8306949910991],[-71.4017896422739,41.8306950412978],[-71.4017893881833,41.8306950978019],[-71.4017891352856,41.8306951615097],[-71.4017888871934,41.830695231524],[-71.4017886414979,41.8306953087431],[-71.4017883994055,41.8306953913673],[-71.4017881621187,41.830695480298],[-71.4017879284338,41.830695575534],[-71.4017876995558,41.8306956761763],[-71.4017874754834,41.8306957831251],[-71.4017872562166,41.8306958963803],[-71.401787042962,41.8306960141423],[-71.401786834513,41.8306961382109],[-71.4017866320762,41.8306962667862],[-71.4017864356487,41.8306964016691],[-71.4017862452348,41.8306965401585],[-71.4017860620342,41.8306966849564],[-71.4017858860509,41.8306968333618],[-71.4017857160797,41.8306969862741],[-71.4017855533246,41.8306971436942],[-71.4017853989892,41.8306973056232],[-71.4017852518712,41.8306974711598],[-71.4017851119705,41.8306976403039],[-71.4017849792872,41.8306978130555],[-71.4017848562303,41.8306979885163],[-71.4017847403906,41.8306981675847],[-71.4017846329722,41.8306983502616],[-71.4017845351815,41.8306985347475],[-71.4017844446095,41.8306987219405],[-71.4017843636652,41.8306989109424],[-71.4017842899397,41.8306991026516],[-71.4017842270471,41.8306992952703],[-71.4017841725784,41.8306994896969],[-71.4017841265336,41.8306996859314],[-71.4017840901179,41.8306998830745],[-71.4017840621275,41.8307000811251],[-71.4017840437676,41.8307002791839],[-71.4017840350368,41.8307004781513],[-71.4017840347326,41.8307006771259],[-71.4017840440603,41.8307008752084],[-71.4017840630172,41.8307010741995],[-71.4017577300543,41.8307023787807],[-71.4017577147117,41.8307021779921],[-71.4017576897373,41.8307019780955],[-71.4017576563349,41.830701779092],[-71.4017576120981,41.8307015800794],[-71.4017575606344,41.8307013837615],[-71.401757498335,41.8307011883347],[-71.4017574276076,41.830700993801],[-71.4017573484493,41.8307008019611],[-71.4017572596565,41.8307006128141],[-71.4017571624342,41.8307004254604],[-71.4017570567811,41.8307002408006],[-71.4017569414935,41.8307000588336],[-71.4017568189774,41.8306998804617],[-71.4017566880306,41.8306997047836],[-71.401756549854,41.8306995336011],[-71.4017564020428,41.8306993651113],[-71.4017562482057,41.8306992011181],[-71.4017560859364,41.830699040719],[-71.4017559164374,41.8306988848154],[-71.4017557397086,41.8306987334074],[-71.4017555557487,41.8306985873952],[-71.4017553657642,41.8306984449791],[-71.4017551685473,41.8306983088593],[-71.4017549665082,41.830698177237],[-71.4017547572381,41.8306980510106],[-71.4017545419405,41.8306979301811],[-71.4017543218196,41.8306978147494],[-71.4017540968737,41.8306977056161],[-71.4017538671043,41.8306976018806],[-71.4017536313049,41.8306975053426],[-71.4017533918858,41.8306974142037],[-71.4017531488456,41.8306973293639],[-71.4017529021844,41.8306972508235],[-71.4017526506982,41.8306971785813],[-71.4017523967949,41.8306971126394],[-71.4017521404729,41.8306970538982],[-71.4017518805298,41.8306970014562],[-71.4017516193719,41.8306969562159],[-71.4017513557954,41.8306969181762],[-71.4017510910054,41.8306968864379],[-71.4017508237982,41.8306968609998],[-71.4017505565785,41.8306968436648],[-71.4017502881454,41.8306968326312],[-71.4017500197014,41.8306968288002],[-71.4017497512477,41.8306968312716],[-71.4017494827816,41.8306968418461],[-71.4017492155096,41.8306968587239],[-71.4017489482267,41.8306968828044],[-71.4017477878123,41.8306818857688]]]},"properties":{"OBJECTID":236,"Building":100188,"Property_Type":"Building","Property_Code":"100188","Chart_String":";,LOC100188,,,","Property_Name":"Bowen St 219","Property_Abbr":"BOWEN219","Address_Line_1":"219 Bowen St","Address_Line_2":null,"City_and_State":"Providence, RI","External_Floorplan_Link":"https://drive.google.com/drive/folders/1lhor8E_hlBPcPuvb8QNajh9RqJcJHwVX","ZIP_code":"02912","Property_Status":"Active","Ownership_Status":"Owned","Occupancy_Status":"Brown Occupied","Official_Name":null,"Aliases":"DISPNAME: 219 Bowen; LEGACY: Plantations House","Long_Description":"Originally used as a study center and a place to stay overnight for commuter students, Plantations House now serves as one of the smallest residence halls on campus, housing 16 students total.","Portfolio":"RESIDENCE HALL","National_Historic_District":"College Hill Historic District (National)","City_of_Providence_Historic_Dis":null,"Municipal_Zone":"One Family District - Within I-Zone","Grid_Coord":"DD20","Gross_area__Property_":8182.4800061805554,"Floors_Assignable_area":1333.9538,"Net_area":6992.1728570555551,"Accessibility_Code":"0","Building_Occupancy":16,"Building_Type":"HOUSE","Building_Usage":"RES HALL","Tax_Status":"Property Exempt from Tax","Legal_Use":"Dormitory","Current_Use":"Dormitory","Cost_Rec":"Y","Year_of_Construction":1896,"Date_of_last_major_construction":null,"Date_acquired":"05/15/1959","Date_relinquished":null,"Means_of_Acquisition":null,"GPS_Coordinates__Lat__Long_":"41.830597,-71.401745","Building_System":null,"CHP_Loop":null,"Electricity_Source":null,"Utility_Feeder_Number":"2J1","Primary_Feeder":null,"Secondary_Feeder":null,"LEED_Level":null,"LEED_Status":null,"LEED_Link":null,"ObjectID_1":171,"Shape__Area":2315.8282852172852,"Shape__Length":231.14544531428515,"lat":41.830603754989191,"lon":-71.401758437161931,"NAV_Number":0.8,"NAV_Desc":"Repair and Maintain","Accessibility_Level":"A physical barrier exists that would prevent a wheelchair user from entering the facility.","Maintained_By":"MAINTAINED BY BROWN"}},{"type":"Feature","id":237,"geometry":{"type":"Polygon","coordinates":[[[-71.4043113534025,41.8272618589311],[-71.4043138200114,41.8272790172521],[-71.4042735867244,41.8272817360687],[-71.4042712004442,41.8272650705996],[-71.4042673335466,41.8272653806951],[-71.4042237534689,41.827240893852],[-71.4042162306227,41.827188824556],[-71.4042511923484,41.8271564171768],[-71.4043145675664,41.8271512660228],[-71.4043075389197,41.8271027498827],[-71.4043560629658,41.8270987603758],[-71.4043517388784,41.8270714233724],[-71.4044010994412,41.8270674732575],[-71.4044052730851,41.827095616838],[-71.4044550692971,41.827090938688],[-71.4044607608084,41.8271409968888],[-71.4045253208553,41.8271347824028],[-71.4045675193868,41.827160681517],[-71.4045755458901,41.8272134201609],[-71.4045411567686,41.8272453617386],[-71.4044781130603,41.8272509499577],[-71.4044842781099,41.8272982868238],[-71.404448996534,41.8273296784244],[-71.4043802136824,41.8273349845111],[-71.4043393721136,41.8273088316629],[-71.4043323749444,41.8272601705973],[-71.4043113534025,41.8272618589311]]]},"properties":{"OBJECTID":237,"Building":100223,"Property_Type":"Building","Property_Code":"100223","Chart_String":";,LOC100223,,,","Property_Name":"Robinson Hall","Property_Abbr":"ROBINSON","Address_Line_1":"64 Waterman St","Address_Line_2":null,"City_and_State":"Providence, RI","External_Floorplan_Link":"https://drive.google.com/drive/folders/1l5RYsKf6XxS9e-qocJFKqeljx-6W1aot","ZIP_code":"02912","Property_Status":"Active","Ownership_Status":"Owned","Occupancy_Status":"Brown Occupied","Official_Name":null,"Aliases":"DISPNAME: Robinson Hall; LEGACY: President Ezekiel Gilman Robinson","Long_Description":"Robinson Hall was known as the \"New Library\" when it was built in 1878.  When the John Hay Library was opening in 1910, the intent was to connect the two buildings.  The expense proved to be too high and so, it was partially reopened to house the Department of Economics and its library.  After another renovation in 1946, it reopened again with classrooms and office and was named for Ezekiel Gilman Robinson during whose presidency it was built.","Portfolio":"ACADEMIC","National_Historic_District":"College Hill Historic District (National)","City_of_Providence_Historic_Dis":"College Hill Historic District (Providence)","Municipal_Zone":"One Family District - Within I-Zone","Grid_Coord":"DV45","Gross_area__Property_":19758.857814708332,"Floors_Assignable_area":2020.105,"Net_area":15244.894400722222,"Accessibility_Code":"3","Building_Occupancy":83,"Building_Type":"BUILDING","Building_Usage":"ACAD","Tax_Status":"Property Exempt from Tax","Legal_Use":"Classroom/Office","Current_Use":"Classroom/Office","Cost_Rec":"Y","Year_of_Construction":1878,"Date_of_last_major_construction":null,"Date_acquired":"-9130","Date_relinquished":null,"Means_of_Acquisition":null,"GPS_Coordinates__Lat__Long_":"41.827175,-71.40439","Building_System":null,"CHP_Loop":null,"Electricity_Source":"Brown","Utility_Feeder_Number":"1152B/1153","Primary_Feeder":"JW1-4","Secondary_Feeder":"5K-4","LEED_Level":null,"LEED_Status":null,"LEED_Link":null,"ObjectID_1":206,"Shape__Area":5583.3479537963867,"Shape__Length":361.49081435990547,"lat":41.827204702985256,"lon":-71.404395535112769,"NAV_Number":0.58,"NAV_Desc":"Systemic Renovation","Accessibility_Level":"A wheelchair or person with mobility challenges can enter the facility, access the primary function within that facility and access the restroom facility..","Maintained_By":"MAINTAINED BY BROWN"}},{"type":"Feature","id":238,"geometry":{"type":"Polygon","coordinates":[[[-71.4025189419977,41.8273943523622],[-71.4025038339433,41.8273958034921],[-71.4024969900221,41.8273549474874],[-71.4024710373491,41.8273572276235],[-71.4024675420362,41.8273363601922],[-71.4024589930024,41.827337161438],[-71.4024401121029,41.8272341537866],[-71.4025266593077,41.8272260611803],[-71.402613205287,41.8272179685077],[-71.4026230437959,41.8272710005333],[-71.4026433902185,41.8272689578028],[-71.4026516169688,41.8273187931552],[-71.4025985241554,41.8273237558365],[-71.4026091159633,41.8273856910562],[-71.4025367239688,41.8273926442014],[-71.4025395668055,41.8274103823976],[-71.402521987088,41.8274120718234],[-71.4025189419977,41.8273943523622]]]},"properties":{"OBJECTID":238,"Building":100100,"Property_Type":"Building","Property_Code":"100100","Chart_String":";,LOC100100,,,","Property_Name":"Walter Hall","Property_Abbr":"WALTERHALL","Address_Line_1":"80 Waterman St","Address_Line_2":null,"City_and_State":"Providence, RI","External_Floorplan_Link":"https://drive.google.com/drive/folders/1wS8W_pA2pc_RiHMyvNAIw6fq6xfP4Lyd","ZIP_code":"02912","Property_Status":"Active","Ownership_Status":"Owned","Occupancy_Status":"Brown Occupied","Official_Name":null,"Aliases":"DISPNAME: Walter Hall; LEGACY: Professor Herbert Eugene Walter","Long_Description":"Walter Hall is a three story brick structure originally built in 1857.  In the late 1950's, the building was renovated with the aid of a grant from the National Institute of Health and was named for Professor Herbert E. Walter.  It serves the University as an academic facility.","Portfolio":"BIOMED","National_Historic_District":"College Hill Historic District (National)","City_of_Providence_Historic_Dis":null,"Municipal_Zone":"One Family District - Within I-Zone","Grid_Coord":"DK45","Gross_area__Property_":10189.645833333334,"Floors_Assignable_area":1553.737,"Net_area":7784.9551943541665,"Accessibility_Code":"0","Building_Occupancy":33,"Building_Type":"HOUSE","Building_Usage":"ACAD","Tax_Status":"Property Exempt from Tax","Legal_Use":"Office/Lab","Current_Use":"School","Cost_Rec":"Y","Year_of_Construction":1884,"Date_of_last_major_construction":null,"Date_acquired":"01/01/1937","Date_relinquished":null,"Means_of_Acquisition":null,"GPS_Coordinates__Lat__Long_":"41.827275,-71.402528","Building_System":null,"CHP_Loop":null,"Electricity_Source":"Brown","Utility_Feeder_Number":"1152B/1153","Primary_Feeder":"JW2-2","Secondary_Feeder":"JW3-4","LEED_Level":null,"LEED_Status":null,"LEED_Link":null,"ObjectID_1":87,"Shape__Area":2642.5119552612305,"Shape__Length":240.20370454291117,"lat":41.82730151220332,"lon":-71.402542482993681,"NAV_Number":0.48,"NAV_Desc":"Transitional/ Gut Renovation/ Replacement","Accessibility_Level":"A physical barrier exists that would prevent a wheelchair user from entering the facility.","Maintained_By":"MAINTAINED BY BROWN"}},{"type":"Feature","id":239,"geometry":{"type":"Polygon","coordinates":[[[-71.4020740586205,41.8274380779901],[-71.4020346170179,41.8274417105417],[-71.4020271414724,41.8273952943754],[-71.4019870796282,41.8273991460645],[-71.4019784110826,41.8273457089311],[-71.4019656106582,41.8273384511763],[-71.4019635661729,41.8273269565999],[-71.4019735788216,41.8273175719045],[-71.4019645990002,41.8272654030818],[-71.4019792242886,41.827263981322],[-71.4020669374765,41.8272554569939],[-71.4020731317957,41.8272911103104],[-71.4020880845176,41.8272896816132],[-71.4021054278319,41.8273886391851],[-71.4021035352509,41.8273888275438],[-71.4021116690591,41.8274346131283],[-71.4020905836178,41.827436555197],[-71.402092306436,41.8274466611735],[-71.4020757045952,41.8274480533521],[-71.4020740586205,41.8274380779901]]]},"properties":{"OBJECTID":239,"Building":100154,"Property_Type":"Building","Property_Code":"100154","Chart_String":";,LOC100154,,,","Property_Name":"Waterman St 086","Property_Abbr":"WATER086","Address_Line_1":"86 Waterman St","Address_Line_2":null,"City_and_State":"Providence, RI","External_Floorplan_Link":"https://drive.google.com/drive/folders/1AGQSjV-O4uavYHNV9tdMrPti86fpAGq5","ZIP_code":"02912","Property_Status":"Active","Ownership_Status":"Owned","Occupancy_Status":"Brown Occupied","Official_Name":null,"Aliases":"DISPNAME: 86 Waterman","Long_Description":"This three story brick building was constructed in 1880.  It serves as Auxiliary housing for Brown University.","Portfolio":"AUXILIARY","National_Historic_District":"College Hill Historic District (National)","City_of_Providence_Historic_Dis":null,"Municipal_Zone":"One Family District - Within I-Zone","Grid_Coord":"DH45","Gross_area__Property_":7296.8743081944449,"Floors_Assignable_area":0,"Net_area":6020.2767469236114,"Accessibility_Code":"0","Building_Occupancy":16,"Building_Type":"HOUSE","Building_Usage":"AUXILIARY","Tax_Status":"Property Exempt from Tax","Legal_Use":"Apartments (16)","Current_Use":"Apartments (16)","Cost_Rec":"Y","Year_of_Construction":1880,"Date_of_last_major_construction":null,"Date_acquired":"01/01/1999","Date_relinquished":null,"Means_of_Acquisition":null,"GPS_Coordinates__Lat__Long_":"41.827301,-71.402011","Building_System":null,"CHP_Loop":null,"Electricity_Source":"Brown","Utility_Feeder_Number":"1152B/1153","Primary_Feeder":"JW1-4","Secondary_Feeder":"5K-4","LEED_Level":null,"LEED_Status":null,"LEED_Link":null,"ObjectID_1":138,"Shape__Area":1933.4975280761719,"Shape__Length":207.41247355746145,"lat":41.827345665162426,"lon":-71.4020396975797,"NAV_Number":0.7,"NAV_Desc":"Repair and Maintain","Accessibility_Level":"A physical barrier exists that would prevent a wheelchair user from entering the facility.","Maintained_By":"MAINTAINED BY BROWN"}},{"type":"Feature","id":240,"geometry":{"type":"Polygon","coordinates":[[[-71.4018334964015,41.8254940100477],[-71.4018885127236,41.8254896895024],[-71.4019025106204,41.8255891106544],[-71.4018237823585,41.8255957023075],[-71.4018270072596,41.8256176697485],[-71.4017991092873,41.8256196671651],[-71.4018056315286,41.8256768452051],[-71.4017679390123,41.8256795446092],[-71.4017491432939,41.8256809042535],[-71.4017480267551,41.8256711220092],[-71.4017385600409,41.825601501455],[-71.4017554814126,41.825600232044],[-71.4017484888595,41.8255507388971],[-71.4017473463395,41.8255422054014],[-71.4017417455308,41.8255012162512],[-71.4017966270344,41.8254969055384],[-71.4017947980415,41.8254838751601],[-71.4018316435883,41.8254808085851],[-71.4018334964015,41.8254940100477]]]},"properties":{"OBJECTID":240,"Building":100175,"Property_Type":"Building","Property_Code":"100175","Chart_String":";,LOC100175,,,","Property_Name":"Gardner House","Property_Abbr":"GARDNER","Address_Line_1":"106 George St","Address_Line_2":null,"City_and_State":"Providence, RI","External_Floorplan_Link":"https://drive.google.com/drive/folders/155tZvCCK_H2h7SmkNZECa6cMGQK2mDJy","ZIP_code":"02912","Property_Status":"Active","Ownership_Status":"Owned","Occupancy_Status":"Brown Occupied","Official_Name":null,"Aliases":"DISPNAME: Gardner House; LEGACY: George W. & Jessie Barker Gardner","Long_Description":"Gardner House is a four story building that was built in 1806.  With more recent renovations in the early 1990's, the facility is now used for housing dignitaries who visit the University.  It is listed in the National Historic Register.  Gardner House is also home to the Saunders Inn at Brown University.","Portfolio":"Admin/Support","National_Historic_District":null,"City_of_Providence_Historic_Dis":"Providence Landmark District","Municipal_Zone":"One Family District - Within I-Zone","Grid_Coord":"EH58","Gross_area__Property_":8006.656575520833,"Floors_Assignable_area":987.0243,"Net_area":6663.809670736111,"Accessibility_Code":"0","Building_Occupancy":7,"Building_Type":"HOUSE","Building_Usage":"SUPPORT","Tax_Status":"Property Exempt from Tax","Legal_Use":"1 Family","Current_Use":"Rooming House","Cost_Rec":"Y","Year_of_Construction":1806,"Date_of_last_major_construction":null,"Date_acquired":"05/06/1932","Date_relinquished":null,"Means_of_Acquisition":null,"GPS_Coordinates__Lat__Long_":"41.825526,-71.401804","Building_System":null,"CHP_Loop":null,"Electricity_Source":"Brown","Utility_Feeder_Number":"1151","Primary_Feeder":"7-1","Secondary_Feeder":"5K-11","LEED_Level":null,"LEED_Status":null,"LEED_Link":null,"ObjectID_1":158,"Shape__Area":2032.7053298950195,"Shape__Length":229.91462359206679,"lat":41.825566729621805,"lon":-71.401810498054232,"NAV_Number":0.87,"NAV_Desc":"Capital Upkeep","Accessibility_Level":"A physical barrier exists that would prevent a wheelchair user from entering the facility.","Maintained_By":"MAINTAINED BY BROWN"}},{"type":"Feature","id":241,"geometry":{"type":"Polygon","coordinates":[[[-71.4031626648441,41.8248023115401],[-71.4031629253057,41.824813188764],[-71.4031316657674,41.8248136017738],[-71.4031320863023,41.8248268839401],[-71.4030942218901,41.8248274012114],[-71.4030939477188,41.8248144477925],[-71.4030829407578,41.8248146581894],[-71.4030818363455,41.8247687732439],[-71.403058502147,41.8247690830788],[-71.4030564400004,41.8246766551615],[-71.4031899892259,41.8246750121265],[-71.4031909571612,41.8247148592784],[-71.4032009240779,41.8247226610185],[-71.4032012030655,41.8247324308401],[-71.4031913596383,41.8247393380545],[-71.4031919267503,41.8247616003328],[-71.4032302894869,41.8247522682227],[-71.4032306504804,41.8247659356841],[-71.4032352007925,41.8247657198343],[-71.4032356646514,41.824801406991],[-71.4031626648441,41.8248023115401]]]},"properties":{"OBJECTID":241,"Building":100116,"Property_Type":"Building","Property_Code":"100116","Chart_String":";,LOC100116,,,","Property_Name":"Stonewall House","Property_Abbr":"STONEWALL","Address_Line_1":"22 Benevolent St","Address_Line_2":null,"City_and_State":"Providence, RI","External_Floorplan_Link":"https://drive.google.com/drive/folders/132TIlSHV7iI1Rzic-w2U0HQeIdLF8ou6","ZIP_code":"02912","Property_Status":"Active","Ownership_Status":"Owned","Occupancy_Status":"Brown Occupied","Official_Name":"Stonewall House","Aliases":"DISPNAME: Stonewall House, ALT ADDRESS: 22 Benevolent","Long_Description":"22 Benevolent Street is a three story residence that was originally constructed in 1816.  A recent full renovation","Portfolio":"STUDENT LIFE","National_Historic_District":"College Hill Historic District (National)","City_of_Providence_Historic_Dis":null,"Municipal_Zone":"One Family District - Within I-Zone","Grid_Coord":"JB63","Gross_area__Property_":7011.7457414652781,"Floors_Assignable_area":0,"Net_area":5863.3297145763891,"Accessibility_Code":"3","Building_Occupancy":4,"Building_Type":"HOUSE","Building_Usage":"STUDENT AC","Tax_Status":"Property Exempt from Tax","Legal_Use":"1 Family","Current_Use":"1 Family","Cost_Rec":"Y","Year_of_Construction":1816,"Date_of_last_major_construction":"09/14/2022","Date_acquired":"02/25/1965","Date_relinquished":null,"Means_of_Acquisition":null,"GPS_Coordinates__Lat__Long_":"41.824703,-71.403116","Building_System":null,"CHP_Loop":null,"Electricity_Source":"Brown","Utility_Feeder_Number":"1151","Primary_Feeder":"7-1","Secondary_Feeder":"5K-13","LEED_Level":null,"LEED_Status":null,"LEED_Link":null,"ObjectID_1":103,"Shape__Area":1945.2413482666016,"Shape__Length":212.47890040444065,"lat":41.824746311951216,"lon":-71.403135686036492,"NAV_Number":-0.19,"NAV_Desc":"Transitional/ Gut Renovation/ Replacement","Accessibility_Level":"A wheelchair or person with mobility challenges can enter the facility, access the primary function within that facility and access the restroom facility..","Maintained_By":"MAINTAINED BY BROWN"}},{"type":"Feature","id":242,"geometry":{"type":"Polygon","coordinates":[[[-71.3994833037008,41.8254118284659],[-71.3994974628346,41.8255073587849],[-71.3994725260761,41.8255092916021],[-71.3994475893174,41.8255112235136],[-71.3994274306535,41.8255128012679],[-71.3994272140111,41.8255112461917],[-71.3994125943147,41.8255123903273],[-71.3994128073878,41.8255139183902],[-71.3993506193983,41.8255188481989],[-71.3993498272172,41.8255143241986],[-71.3993345599763,41.8255154326437],[-71.3993318031787,41.8254964078526],[-71.3993473113225,41.8254951942792],[-71.399337191412,41.8254231402355],[-71.3994833037008,41.8254118284659]]]},"properties":{"OBJECTID":242,"Building":100071,"Property_Type":"Building","Property_Code":"100071","Chart_String":";,LOC100071,,,","Property_Name":"Meiklejohn House","Property_Abbr":"MEIKLEJOHN","Address_Line_1":"159 George St","Address_Line_2":null,"City_and_State":"Providence, RI","External_Floorplan_Link":"https://drive.google.com/drive/folders/1P5780RrvDiPeyP8049GSl94wS4PtPwfm","ZIP_code":"02912","Property_Status":"Active","Ownership_Status":"Owned","Occupancy_Status":"Brown Occupied","Official_Name":null,"Aliases":"DISPNAME: Meiklejohn House","Long_Description":"MeikleJohn House is a building with a brick exterior constructed in 1900 as a residence.  The building serves an academic function at Brown University.","Portfolio":"ACADEMIC","National_Historic_District":"College Hill Historic District (National)","City_of_Providence_Historic_Dis":null,"Municipal_Zone":"One Family District - Within I-Zone","Grid_Coord":"CV59","Gross_area__Property_":5369.5218112777775,"Floors_Assignable_area":1009.1597,"Net_area":4484.8242458680552,"Accessibility_Code":"2","Building_Occupancy":34,"Building_Type":"HOUSE","Building_Usage":"ACAD","Tax_Status":"Property Exempt from Tax","Legal_Use":"N/R","Current_Use":"Office","Cost_Rec":"Y","Year_of_Construction":1900,"Date_of_last_major_construction":null,"Date_acquired":"10/30/1969","Date_relinquished":null,"Means_of_Acquisition":null,"GPS_Coordinates__Lat__Long_":"41.82544,-71.399395","Building_System":null,"CHP_Loop":null,"Electricity_Source":null,"Utility_Feeder_Number":"77J4","Primary_Feeder":null,"Secondary_Feeder":null,"LEED_Level":null,"LEED_Status":null,"LEED_Link":null,"ObjectID_1":61,"Shape__Area":1433.6085891723633,"Shape__Length":159.90073402000903,"lat":41.825466073358804,"lon":-71.399415556262269,"NAV_Number":0.56,"NAV_Desc":"Systemic Renovation","Accessibility_Level":"A wheelchair user or person with mobility challenges can enter the facility and access the primary function within that facility.","Maintained_By":"MAINTAINED BY BROWN"}},{"type":"Feature","id":243,"geometry":{"type":"Polygon","coordinates":[[[-71.3965445744386,41.8233601928233],[-71.3965593306714,41.8233584522497],[-71.3965593593494,41.8233585828248],[-71.3965640204263,41.8233799917035],[-71.3965960190202,41.8233761787613],[-71.3966086904884,41.8234357953713],[-71.3965771325868,41.8234394988723],[-71.3965826671692,41.8234656290186],[-71.3965782632453,41.8234661742611],[-71.3965920999656,41.8235317188587],[-71.396528837036,41.823539236452],[-71.3965260696473,41.8235266102934],[-71.396465449315,41.8235337998075],[-71.3964545277932,41.8234811011714],[-71.3964207679858,41.8234850223275],[-71.3963981931112,41.8233781964453],[-71.3964128087067,41.8233763414205],[-71.396409456821,41.8233611901785],[-71.3965416621825,41.8233455911883],[-71.3965445744386,41.8233601928233]]]},"properties":{"OBJECTID":243,"Building":100190,"Property_Type":"Building","Property_Code":"100190","Chart_String":";,LOC100190,,,","Property_Name":"Dyer House","Property_Abbr":"DYERHSE","Address_Line_1":"150 Power St","Address_Line_2":null,"City_and_State":"Providence, RI","External_Floorplan_Link":"https://drive.google.com/drive/folders/1Csl0sHyKTiDJUNOM06fCLFOVNLQixdu2","ZIP_code":"02912","Property_Status":"Active","Ownership_Status":"Owned","Occupancy_Status":"Brown Occupied","Official_Name":null,"Aliases":"DISPNAME: Dyer House; LEGACY: Governor Elisha Dyer","Long_Description":"Dyer House is a two story building with a partial third floor, and a fourth level observation tower. The building was constructed in 1822 and is now used for academic purposes.","Portfolio":"Admin/Support","National_Historic_District":"Cooke Street / Power Street (National)","City_of_Providence_Historic_Dis":null,"Municipal_Zone":"One Family District - Within I-Zone","Grid_Coord":"CG76","Gross_area__Property_":7992.9866295347219,"Floors_Assignable_area":0,"Net_area":6848.21112675,"Accessibility_Code":"3","Building_Occupancy":8,"Building_Type":"HOUSE","Building_Usage":"ADMIN","Tax_Status":"Property Exempt from Tax","Legal_Use":"Office","Current_Use":"Office","Cost_Rec":"Y","Year_of_Construction":1822,"Date_of_last_major_construction":null,"Date_acquired":"01/01/1969","Date_relinquished":null,"Means_of_Acquisition":null,"GPS_Coordinates__Lat__Long_":"41.823407,-71.396472","Building_System":null,"CHP_Loop":null,"Electricity_Source":null,"Utility_Feeder_Number":"77J4","Primary_Feeder":null,"Secondary_Feeder":null,"LEED_Level":null,"LEED_Status":null,"LEED_Link":null,"ObjectID_1":173,"Shape__Area":2904.0131378173828,"Shape__Length":245.10189364355887,"lat":41.823437665863487,"lon":-71.3965049547506,"NAV_Number":0.82,"NAV_Desc":"Repair and Maintain","Accessibility_Level":"A wheelchair or person with mobility challenges can enter the facility, access the primary function within that facility and access the restroom facility..","Maintained_By":"MAINTAINED BY BROWN"}},{"type":"Feature","id":244,"geometry":{"type":"Polygon","coordinates":[[[-71.409644673598,41.8188356885246],[-71.4097321826311,41.8188204965468],[-71.4097477488293,41.8188177951507],[-71.4097783641089,41.8189398585782],[-71.4097862624079,41.8189713523953],[-71.4097872582306,41.8189753182777],[-71.4096901280511,41.818991819932],[-71.4096898609494,41.8189908950722],[-71.4096644326355,41.8189035528378],[-71.40964619241,41.8188409098945],[-71.409644673598,41.8188356885246]]]},"properties":{"OBJECTID":244,"Building":100403,"Property_Type":"Building","Property_Code":"100403","Chart_String":null,"Property_Name":"Ship St 60","Property_Abbr":"SHIPST60","Address_Line_1":"60 Ship St","Address_Line_2":null,"City_and_State":"Providence, RI","External_Floorplan_Link":null,"ZIP_code":"02903","Property_Status":"Active","Ownership_Status":"Owned","Occupancy_Status":null,"Official_Name":null,"Aliases":null,"Long_Description":null,"Portfolio":"UNASSIGNED","National_Historic_District":null,"City_of_Providence_Historic_Dis":null,"Municipal_Zone":null,"Grid_Coord":null,"Gross_area__Property_":4700,"Floors_Assignable_area":null,"Net_area":null,"Accessibility_Code":"0","Building_Occupancy":null,"Building_Type":"BUILDING","Building_Usage":"COMMERCIAL","Tax_Status":null,"Legal_Use":null,"Current_Use":null,"Cost_Rec":null,"Year_of_Construction":1929,"Date_of_last_major_construction":null,"Date_acquired":"12/10/2024","Date_relinquished":null,"Means_of_Acquisition":"PURCHASED","GPS_Coordinates__Lat__Long_":null,"Building_System":null,"CHP_Loop":null,"Electricity_Source":null,"Utility_Feeder_Number":null,"Primary_Feeder":null,"Secondary_Feeder":null,"LEED_Level":null,"LEED_Status":null,"LEED_Link":null,"ObjectID_1":363,"Shape__Area":1631.9266510009766,"Shape__Length":172.62498270548676,"lat":41.818904362772329,"lon":-71.409717257631485,"NAV_Number":null,"NAV_Desc":"NO NAV","Accessibility_Level":"A physical barrier exists that would prevent a wheelchair user from entering the facility.","Maintained_By":"MAINTAINED BY C&W"}},{"type":"Feature","id":245,"geometry":{"type":"Polygon","coordinates":[[[-71.3942870421461,41.8312635955949],[-71.3942506309677,41.8312821117583],[-71.3942207147775,41.831249207446],[-71.3942571259474,41.8312306903916],[-71.3942653788543,41.8312397680005],[-71.3944110221298,41.8311657005556],[-71.3944292282682,41.8311564420001],[-71.3944209753472,41.8311473653032],[-71.394424009101,41.83114582221],[-71.3944539253459,41.8311787273704],[-71.3942870421461,41.8312635955949]]]},"properties":{"OBJECTID":245,"Building":100415,"Property_Type":"Building","Property_Code":"100415","Chart_String":null,"Property_Name":"Murray Stadium Dugout 2","Property_Abbr":"MURSTADO2","Address_Line_1":"235 Hope","Address_Line_2":"Behind 235 Hope Dugout 2","City_and_State":"Providence, RI","External_Floorplan_Link":null,"ZIP_code":"02912","Property_Status":"Pre-active","Ownership_Status":null,"Occupancy_Status":null,"Official_Name":null,"Aliases":null,"Long_Description":null,"Portfolio":"ATHLETICS","National_Historic_District":null,"City_of_Providence_Historic_Dis":null,"Municipal_Zone":null,"Grid_Coord":null,"Gross_area__Property_":null,"Floors_Assignable_area":null,"Net_area":null,"Accessibility_Code":null,"Building_Occupancy":null,"Building_Type":"BUILDING","Building_Usage":null,"Tax_Status":null,"Legal_Use":null,"Current_Use":null,"Cost_Rec":null,"Year_of_Construction":0,"Date_of_last_major_construction":null,"Date_acquired":null,"Date_relinquished":null,"Means_of_Acquisition":null,"GPS_Coordinates__Lat__Long_":null,"Building_System":null,"CHP_Loop":null,"Electricity_Source":null,"Utility_Feeder_Number":null,"Primary_Feeder":null,"Secondary_Feeder":null,"LEED_Level":null,"LEED_Status":null,"LEED_Link":null,"ObjectID_1":375,"Shape__Area":755.49870300292969,"Shape__Length":170.99976264341345,"lat":41.831219799760774,"lon":-71.39433564599382,"NAV_Number":null,"NAV_Desc":null,"Accessibility_Level":null,"Maintained_By":null}},{"type":"Feature","id":246,"geometry":{"type":"Polygon","coordinates":[[[-71.3946438466161,41.8310036615928],[-71.3946799397915,41.8310086006368],[-71.3946640900603,41.8310733870828],[-71.3946279968512,41.8310684471335],[-71.3946438466161,41.8310036615928]]]},"properties":{"OBJECTID":246,"Building":100413,"Property_Type":"Building","Property_Code":"100413","Chart_String":null,"Property_Name":"Murray Stadium Pressbox","Property_Abbr":"MURSTAPRBX","Address_Line_1":"235 Hope St","Address_Line_2":"Behnd 235 Murray FLD Press Box","City_and_State":"Providence, RI","External_Floorplan_Link":null,"ZIP_code":"02912","Property_Status":"Pre-active","Ownership_Status":null,"Occupancy_Status":null,"Official_Name":null,"Aliases":null,"Long_Description":null,"Portfolio":"ATHLETICS","National_Historic_District":null,"City_of_Providence_Historic_Dis":null,"Municipal_Zone":null,"Grid_Coord":null,"Gross_area__Property_":null,"Floors_Assignable_area":null,"Net_area":null,"Accessibility_Code":null,"Building_Occupancy":null,"Building_Type":"BUILDING","Building_Usage":null,"Tax_Status":null,"Legal_Use":null,"Current_Use":null,"Cost_Rec":null,"Year_of_Construction":0,"Date_of_last_major_construction":null,"Date_acquired":null,"Date_relinquished":null,"Means_of_Acquisition":null,"GPS_Coordinates__Lat__Long_":null,"Building_System":null,"CHP_Loop":null,"Electricity_Source":null,"Utility_Feeder_Number":null,"Primary_Feeder":null,"Secondary_Feeder":null,"LEED_Level":null,"LEED_Status":null,"LEED_Link":null,"ObjectID_1":373,"Shape__Area":239.99999237060547,"Shape__Length":67.99995340572309,"lat":41.83103852415389,"lon":-71.394653968361226,"NAV_Number":null,"NAV_Desc":null,"Accessibility_Level":null,"Maintained_By":null}},{"type":"Feature","id":247,"geometry":{"type":"Polygon","coordinates":[[[-71.3944223632689,41.8307283507308],[-71.3945358379806,41.8308531626928],[-71.3944918415542,41.8308755371238],[-71.3944897783302,41.8308732681758],[-71.3945019156935,41.8308670957971],[-71.3944895363539,41.8308534803085],[-71.3943905042395,41.8307445527519],[-71.3943783668887,41.830750725119],[-71.3943536095172,41.8307234932142],[-71.3943976046836,41.8307011188343],[-71.3944223632689,41.8307283507308]]]},"properties":{"OBJECTID":247,"Building":100414,"Property_Type":"Building","Property_Code":"100414","Chart_String":null,"Property_Name":"Murray Stadium Dugout 1","Property_Abbr":"MURSTADO1","Address_Line_1":"235 Hope","Address_Line_2":"Behind 235 Hope - Dugout","City_and_State":"Providence, RI","External_Floorplan_Link":null,"ZIP_code":"02912","Property_Status":"Pre-active","Ownership_Status":null,"Occupancy_Status":null,"Official_Name":null,"Aliases":null,"Long_Description":null,"Portfolio":"ATHLETICS","National_Historic_District":null,"City_of_Providence_Historic_Dis":null,"Municipal_Zone":null,"Grid_Coord":null,"Gross_area__Property_":null,"Floors_Assignable_area":null,"Net_area":null,"Accessibility_Code":null,"Building_Occupancy":null,"Building_Type":"BUILDING","Building_Usage":null,"Tax_Status":null,"Legal_Use":null,"Current_Use":null,"Cost_Rec":null,"Year_of_Construction":0,"Date_of_last_major_construction":null,"Date_acquired":null,"Date_relinquished":null,"Means_of_Acquisition":null,"GPS_Coordinates__Lat__Long_":null,"Building_System":null,"CHP_Loop":null,"Electricity_Source":null,"Utility_Feeder_Number":null,"Primary_Feeder":null,"Secondary_Feeder":null,"LEED_Level":null,"LEED_Status":null,"LEED_Link":null,"ObjectID_1":374,"Shape__Area":755.49826049804688,"Shape__Length":170.99984890741555,"lat":41.83078244369436,"lon":-71.394446033691452,"NAV_Number":null,"NAV_Desc":null,"Accessibility_Level":null,"Maintained_By":null}},{"type":"Feature","id":248,"geometry":{"type":"Polygon","coordinates":[[[-71.3939893546692,41.8295360122191],[-71.3939678802693,41.8294608708169],[-71.3939632782743,41.8294447694084],[-71.3939489265397,41.8294470637282],[-71.393948159341,41.8294443800098],[-71.3940001863295,41.8294360620812],[-71.3940270299765,41.8295299886015],[-71.3940362328077,41.8295621923119],[-71.3939842057216,41.8295705102565],[-71.3939750029152,41.8295383065421],[-71.3939893546692,41.8295360122191]]]},"properties":{"OBJECTID":248,"Building":100418,"Property_Type":"Building","Property_Code":"100418","Chart_String":null,"Property_Name":"Brown Softball Dugout 2","Property_Abbr":"BRSFTBLDO2","Address_Line_1":"235 Hope","Address_Line_2":"Behind235 Hope Sftbll Dugout2","City_and_State":"Providence, RI","External_Floorplan_Link":null,"ZIP_code":"02912","Property_Status":"Pre-active","Ownership_Status":null,"Occupancy_Status":null,"Official_Name":null,"Aliases":null,"Long_Description":null,"Portfolio":"ATHLETICS","National_Historic_District":null,"City_of_Providence_Historic_Dis":null,"Municipal_Zone":null,"Grid_Coord":null,"Gross_area__Property_":null,"Floors_Assignable_area":null,"Net_area":null,"Accessibility_Code":null,"Building_Occupancy":null,"Building_Type":null,"Building_Usage":null,"Tax_Status":null,"Legal_Use":null,"Current_Use":null,"Cost_Rec":null,"Year_of_Construction":0,"Date_of_last_major_construction":null,"Date_acquired":null,"Date_relinquished":null,"Means_of_Acquisition":null,"GPS_Coordinates__Lat__Long_":null,"Building_System":null,"CHP_Loop":null,"Electricity_Source":null,"Utility_Feeder_Number":null,"Primary_Feeder":null,"Secondary_Feeder":null,"LEED_Level":null,"LEED_Status":null,"LEED_Link":null,"ObjectID_1":378,"Shape__Area":545.50137329101563,"Shape__Length":130.99963147327588,"lat":41.829506215066765,"lon":-71.393997944249548,"NAV_Number":null,"NAV_Desc":null,"Accessibility_Level":null,"Maintained_By":null}},{"type":"Feature","id":249,"geometry":{"type":"Polygon","coordinates":[[[-71.3939519412827,41.8292600589014],[-71.3938780567992,41.8292242256011],[-71.3938940265158,41.8292058059123],[-71.3939679121924,41.8292416383032],[-71.3939519412827,41.8292600589014]]]},"properties":{"OBJECTID":249,"Building":100416,"Property_Type":"Building","Property_Code":"100416","Chart_String":null,"Property_Name":"Brown Softball Field Pressbox","Property_Abbr":"BRSFTBLPRBX","Address_Line_1":"235 Hope St","Address_Line_2":"Behnd 235 Softball Pressbox","City_and_State":"Providence, RI","External_Floorplan_Link":null,"ZIP_code":"02912","Property_Status":"Pre-active","Ownership_Status":null,"Occupancy_Status":null,"Official_Name":null,"Aliases":null,"Long_Description":null,"Portfolio":"ATHLETICS","National_Historic_District":null,"City_of_Providence_Historic_Dis":null,"Municipal_Zone":null,"Grid_Coord":null,"Gross_area__Property_":null,"Floors_Assignable_area":null,"Net_area":null,"Accessibility_Code":null,"Building_Occupancy":null,"Building_Type":"BUILDING","Building_Usage":null,"Tax_Status":null,"Legal_Use":null,"Current_Use":null,"Cost_Rec":null,"Year_of_Construction":0,"Date_of_last_major_construction":null,"Date_acquired":null,"Date_relinquished":null,"Means_of_Acquisition":null,"GPS_Coordinates__Lat__Long_":null,"Building_System":null,"CHP_Loop":null,"Electricity_Source":null,"Utility_Feeder_Number":null,"Primary_Feeder":null,"Secondary_Feeder":null,"LEED_Level":null,"LEED_Status":null,"LEED_Link":null,"ObjectID_1":376,"Shape__Area":191.99908447265625,"Shape__Length":63.999729155889455,"lat":41.829232932343366,"lon":-71.393922984552816,"NAV_Number":null,"NAV_Desc":null,"Accessibility_Level":null,"Maintained_By":null}},{"type":"Feature","id":250,"geometry":{"type":"Polygon","coordinates":[[[-71.3935452594119,41.8293211866911],[-71.3935483269319,41.8293319206742],[-71.3935052693491,41.8293388034707],[-71.3934941494709,41.829299891314],[-71.3935372070287,41.8292930085216],[-71.3936627914193,41.8292729338433],[-71.3936739101912,41.8293118459829],[-71.3936703219612,41.8293124197788],[-71.3936672544233,41.8293016848985],[-71.3936457262507,41.8293051267718],[-71.3935452594119,41.8293211866911]]]},"properties":{"OBJECTID":250,"Building":100417,"Property_Type":"Building","Property_Code":"100417","Chart_String":null,"Property_Name":"Brown Softball Dugout 1","Property_Abbr":"BRSFTBLDO1","Address_Line_1":"235 Hope","Address_Line_2":"Behind 235 Hope SftbllDugout2","City_and_State":"Providence, RI","External_Floorplan_Link":null,"ZIP_code":"02912","Property_Status":"Pre-active","Ownership_Status":null,"Occupancy_Status":null,"Official_Name":null,"Aliases":null,"Long_Description":null,"Portfolio":"ATHLETICS","National_Historic_District":null,"City_of_Providence_Historic_Dis":null,"Municipal_Zone":null,"Grid_Coord":null,"Gross_area__Property_":null,"Floors_Assignable_area":null,"Net_area":null,"Accessibility_Code":null,"Building_Occupancy":null,"Building_Type":"BUILDING","Building_Usage":null,"Tax_Status":null,"Legal_Use":null,"Current_Use":null,"Cost_Rec":null,"Year_of_Construction":0,"Date_of_last_major_construction":null,"Date_acquired":null,"Date_relinquished":null,"Means_of_Acquisition":null,"GPS_Coordinates__Lat__Long_":null,"Building_System":null,"CHP_Loop":null,"Electricity_Source":null,"Utility_Feeder_Number":null,"Primary_Feeder":null,"Secondary_Feeder":null,"LEED_Level":null,"LEED_Status":null,"LEED_Link":null,"ObjectID_1":377,"Shape__Area":545.49871826171875,"Shape__Length":130.999859150555,"lat":41.829303142672558,"lon":-71.393578106330054,"NAV_Number":null,"NAV_Desc":null,"Accessibility_Level":null,"Maintained_By":null}},{"type":"Feature","id":251,"geometry":{"type":"Polygon","coordinates":[[[-71.3964185475621,41.8312395995585],[-71.3963811949737,41.8312510532918],[-71.396372975384,41.8312360597394],[-71.3964103279651,41.8312246060087],[-71.3964185475621,41.8312395995585]]]},"properties":{"OBJECTID":251,"Building":100394,"Property_Type":"Building","Property_Code":"100394","Chart_String":null,"Property_Name":"CLS Ticket Booth","Property_Abbr":"CLSTICKET","Address_Line_1":"245 Lloyd Ave","Address_Line_2":null,"City_and_State":"Providence, RI","External_Floorplan_Link":"https://drive.google.com/drive/folders/1iFcpMOMfZuNwonddwHTyv-3k-bs7e7aL","ZIP_code":"02912","Property_Status":"Active","Ownership_Status":"Owned","Occupancy_Status":"Brown Occupied","Official_Name":null,"Aliases":null,"Long_Description":null,"Portfolio":"ATHLETICS","National_Historic_District":null,"City_of_Providence_Historic_Dis":null,"Municipal_Zone":null,"Grid_Coord":null,"Gross_area__Property_":56.25,"Floors_Assignable_area":49.6095,"Net_area":49.609486645833329,"Accessibility_Code":null,"Building_Occupancy":null,"Building_Type":"BUILDING","Building_Usage":null,"Tax_Status":null,"Legal_Use":null,"Current_Use":null,"Cost_Rec":null,"Year_of_Construction":0,"Date_of_last_major_construction":null,"Date_acquired":"01/25/2023","Date_relinquished":null,"Means_of_Acquisition":"PURCHASED","GPS_Coordinates__Lat__Long_":null,"Building_System":null,"CHP_Loop":null,"Electricity_Source":null,"Utility_Feeder_Number":null,"Primary_Feeder":null,"Secondary_Feeder":null,"LEED_Level":null,"LEED_Status":null,"LEED_Link":null,"ObjectID_1":354,"Shape__Area":64.9690933227539,"Shape__Length":33.814678188325281,"lat":41.83123782964983,"lon":-71.3963957614713,"NAV_Number":null,"NAV_Desc":null,"Accessibility_Level":null,"Maintained_By":"MAINTAINED BY BROWN"}},{"type":"Feature","id":252,"geometry":{"type":"Polygon","coordinates":[[[-71.3968710561568,41.8309010228757],[-71.3969146728292,41.8308942446611],[-71.3969249590267,41.8309312659172],[-71.3968813411265,41.8309380441347],[-71.3968710561568,41.8309010228757]]]},"properties":{"OBJECTID":252,"Building":100409,"Property_Type":"Building","Property_Code":"100409","Chart_String":null,"Property_Name":"OMAC Shed","Property_Abbr":"OMACSHED","Address_Line_1":"East Of Omac","Address_Line_2":null,"City_and_State":"Providence, RI","External_Floorplan_Link":null,"ZIP_code":"02912","Property_Status":"Pre-active","Ownership_Status":null,"Occupancy_Status":null,"Official_Name":null,"Aliases":null,"Long_Description":null,"Portfolio":null,"National_Historic_District":null,"City_of_Providence_Historic_Dis":null,"Municipal_Zone":null,"Grid_Coord":null,"Gross_area__Property_":null,"Floors_Assignable_area":null,"Net_area":null,"Accessibility_Code":null,"Building_Occupancy":null,"Building_Type":"SHED","Building_Usage":null,"Tax_Status":null,"Legal_Use":null,"Current_Use":null,"Cost_Rec":null,"Year_of_Construction":0,"Date_of_last_major_construction":null,"Date_acquired":null,"Date_relinquished":null,"Means_of_Acquisition":null,"GPS_Coordinates__Lat__Long_":null,"Building_System":null,"CHP_Loop":null,"Electricity_Source":null,"Utility_Feeder_Number":null,"Primary_Feeder":null,"Secondary_Feeder":null,"LEED_Level":null,"LEED_Status":null,"LEED_Link":null,"ObjectID_1":369,"Shape__Area":167.29006195068359,"Shape__Length":51.839820120391707,"lat":41.830916144477676,"lon":-71.39689800732566,"NAV_Number":null,"NAV_Desc":null,"Accessibility_Level":null,"Maintained_By":null}},{"type":"Feature","id":253,"geometry":{"type":"Polygon","coordinates":[[[-71.3954461163482,41.8324135443026],[-71.3953655418163,41.8324394664091],[-71.395345275915,41.8324042312063],[-71.395425803571,41.8323782415458],[-71.3954461163482,41.8324135443026]]]},"properties":{"OBJECTID":253,"Building":100408,"Property_Type":"Building","Property_Code":"100408","Chart_String":null,"Property_Name":"Berylson Field Shed","Property_Abbr":"BERYLSHD","Address_Line_1":"Behind 295 Lloyd Ave","Address_Line_2":null,"City_and_State":"Providence, RI","External_Floorplan_Link":null,"ZIP_code":"02912","Property_Status":"Pre-active","Ownership_Status":null,"Occupancy_Status":null,"Official_Name":null,"Aliases":null,"Long_Description":null,"Portfolio":null,"National_Historic_District":null,"City_of_Providence_Historic_Dis":null,"Municipal_Zone":null,"Grid_Coord":null,"Gross_area__Property_":null,"Floors_Assignable_area":null,"Net_area":null,"Accessibility_Code":null,"Building_Occupancy":null,"Building_Type":"SHED","Building_Usage":null,"Tax_Status":null,"Legal_Use":null,"Current_Use":null,"Cost_Rec":null,"Year_of_Construction":0,"Date_of_last_major_construction":null,"Date_acquired":null,"Date_relinquished":null,"Means_of_Acquisition":null,"GPS_Coordinates__Lat__Long_":null,"Building_System":null,"CHP_Loop":null,"Electricity_Source":null,"Utility_Feeder_Number":null,"Primary_Feeder":null,"Secondary_Feeder":null,"LEED_Level":null,"LEED_Status":null,"LEED_Link":null,"ObjectID_1":368,"Shape__Area":334.43476104736328,"Shape__Length":75.789073204327764,"lat":41.832408866836005,"lon":-71.39539569782643,"NAV_Number":null,"NAV_Desc":null,"Accessibility_Level":null,"Maintained_By":null}},{"type":"Feature","id":254,"geometry":{"type":"Polygon","coordinates":[[[-71.3952257090198,41.8326389683021],[-71.3950228990815,41.8327046140841],[-71.3949906423205,41.8326498800353],[-71.3951934645601,41.8325832493505],[-71.3952257090198,41.8326389683021]]]},"properties":{"OBJECTID":254,"Building":100410,"Property_Type":"Building","Property_Code":"100410","Chart_String":null,"Property_Name":"Grounds Storage Shed","Property_Abbr":"GRNDSSHED","Address_Line_1":"Behind 295 Lloyd Ave","Address_Line_2":null,"City_and_State":"Providence, RI","External_Floorplan_Link":null,"ZIP_code":"02912","Property_Status":"Pre-active","Ownership_Status":null,"Occupancy_Status":null,"Official_Name":null,"Aliases":null,"Long_Description":null,"Portfolio":null,"National_Historic_District":null,"City_of_Providence_Historic_Dis":null,"Municipal_Zone":null,"Grid_Coord":null,"Gross_area__Property_":null,"Floors_Assignable_area":null,"Net_area":null,"Accessibility_Code":null,"Building_Occupancy":null,"Building_Type":"SHED","Building_Usage":null,"Tax_Status":null,"Legal_Use":null,"Current_Use":null,"Cost_Rec":null,"Year_of_Construction":0,"Date_of_last_major_construction":null,"Date_acquired":null,"Date_relinquished":null,"Means_of_Acquisition":null,"GPS_Coordinates__Lat__Long_":null,"Building_System":null,"CHP_Loop":null,"Electricity_Source":null,"Utility_Feeder_Number":null,"Primary_Feeder":null,"Secondary_Feeder":null,"LEED_Level":null,"LEED_Status":null,"LEED_Link":null,"ObjectID_1":370,"Shape__Area":1324.1774826049805,"Shape__Length":164.51923577201387,"lat":41.8326440845133,"lon":-71.395108424374186,"NAV_Number":null,"NAV_Desc":null,"Accessibility_Level":null,"Maintained_By":null}},{"type":"Feature","id":255,"geometry":{"type":"Polygon","coordinates":[[[-71.3940153880246,41.8413848817076],[-71.3939901607074,41.8413766518553],[-71.3940077698189,41.8413464689986],[-71.3940329971265,41.8413546988471],[-71.3940153880246,41.8413848817076]]]},"properties":{"OBJECTID":255,"Building":100411,"Property_Type":"Building","Property_Code":"100411","Chart_String":null,"Property_Name":"Brown Stadium Ticket Booth","Property_Abbr":"BRSTATICKET","Address_Line_1":"346 Elmgrove Ave","Address_Line_2":"SE Side of Stadium","City_and_State":"Providence, RI","External_Floorplan_Link":null,"ZIP_code":"02912","Property_Status":"Pre-active","Ownership_Status":null,"Occupancy_Status":null,"Official_Name":null,"Aliases":null,"Long_Description":null,"Portfolio":"ATHLETICS","National_Historic_District":null,"City_of_Providence_Historic_Dis":null,"Municipal_Zone":null,"Grid_Coord":null,"Gross_area__Property_":null,"Floors_Assignable_area":null,"Net_area":null,"Accessibility_Code":null,"Building_Occupancy":null,"Building_Type":"BUILDING","Building_Usage":null,"Tax_Status":null,"Legal_Use":null,"Current_Use":null,"Cost_Rec":null,"Year_of_Construction":0,"Date_of_last_major_construction":null,"Date_acquired":null,"Date_relinquished":null,"Means_of_Acquisition":null,"GPS_Coordinates__Lat__Long_":null,"Building_System":null,"CHP_Loop":null,"Electricity_Source":null,"Utility_Feeder_Number":null,"Primary_Feeder":null,"Secondary_Feeder":null,"LEED_Level":null,"LEED_Status":null,"LEED_Link":null,"ObjectID_1":371,"Shape__Area":89.997520446777344,"Shape__Length":38.9994171494811,"lat":41.841365675353096,"lon":-71.394011578918835,"NAV_Number":null,"NAV_Desc":null,"Accessibility_Level":null,"Maintained_By":null}},{"type":"Feature","id":256,"geometry":{"type":"Polygon","coordinates":[[[-71.3965405864426,41.8237521477078],[-71.3965366973941,41.8237341743215],[-71.3966027793384,41.8237267790068],[-71.3966105711276,41.8237564828304],[-71.3966220519678,41.8238057930733],[-71.3966262024735,41.8238236235377],[-71.3966287128609,41.823834408267],[-71.3965896463709,41.8238394960392],[-71.3965685931544,41.8238422384271],[-71.3965404776266,41.8238451680239],[-71.3965217059214,41.8237541276555],[-71.3965405864426,41.8237521477078]]]},"properties":{"OBJECTID":256,"Building":100406,"Property_Type":"Building","Property_Code":"100406","Chart_String":null,"Property_Name":"Hope St 125 Garage","Property_Abbr":"HOPE125GAR","Address_Line_1":"125 Hope St","Address_Line_2":null,"City_and_State":"Providence, RI","External_Floorplan_Link":null,"ZIP_code":"02912","Property_Status":"Pre-active","Ownership_Status":null,"Occupancy_Status":null,"Official_Name":null,"Aliases":null,"Long_Description":null,"Portfolio":"UNASSIGNED","National_Historic_District":null,"City_of_Providence_Historic_Dis":null,"Municipal_Zone":null,"Grid_Coord":null,"Gross_area__Property_":null,"Floors_Assignable_area":null,"Net_area":null,"Accessibility_Code":null,"Building_Occupancy":null,"Building_Type":"GARAGE","Building_Usage":null,"Tax_Status":null,"Legal_Use":null,"Current_Use":null,"Cost_Rec":null,"Year_of_Construction":0,"Date_of_last_major_construction":null,"Date_acquired":null,"Date_relinquished":null,"Means_of_Acquisition":null,"GPS_Coordinates__Lat__Long_":null,"Building_System":null,"CHP_Loop":null,"Electricity_Source":null,"Utility_Feeder_Number":null,"Primary_Feeder":null,"Secondary_Feeder":null,"LEED_Level":null,"LEED_Status":null,"LEED_Link":null,"ObjectID_1":366,"Shape__Area":925.84553527832031,"Shape__Length":127.83511625076282,"lat":41.823787668711354,"lon":-71.396574292654236,"NAV_Number":null,"NAV_Desc":null,"Accessibility_Level":null,"Maintained_By":null}},{"type":"Feature","id":257,"geometry":{"type":"Polygon","coordinates":[[[-71.39951242788,41.8251521671827],[-71.399627459651,41.8251417211733],[-71.3996371871035,41.8252016544797],[-71.3995963647626,41.8252053615183],[-71.3995971015614,41.8252099016748],[-71.3995228932241,41.8252166406566],[-71.39951242788,41.8251521671827]]]},"properties":{"OBJECTID":257,"Building":100419,"Property_Type":"Building","Property_Code":"100419","Chart_String":null,"Property_Name":"George St 155 Garage/Annex","Property_Abbr":"Geo155ANX","Address_Line_1":"155 George St","Address_Line_2":"Annex","City_and_State":"Providence, RI","External_Floorplan_Link":null,"ZIP_code":"02912","Property_Status":"Pre-active","Ownership_Status":null,"Occupancy_Status":null,"Official_Name":null,"Aliases":null,"Long_Description":null,"Portfolio":"UNASSIGNED","National_Historic_District":null,"City_of_Providence_Historic_Dis":null,"Municipal_Zone":null,"Grid_Coord":null,"Gross_area__Property_":null,"Floors_Assignable_area":null,"Net_area":null,"Accessibility_Code":null,"Building_Occupancy":null,"Building_Type":"BUILDING","Building_Usage":null,"Tax_Status":null,"Legal_Use":null,"Current_Use":null,"Cost_Rec":null,"Year_of_Construction":0,"Date_of_last_major_construction":null,"Date_acquired":null,"Date_relinquished":null,"Means_of_Acquisition":null,"GPS_Coordinates__Lat__Long_":null,"Building_System":null,"CHP_Loop":null,"Electricity_Source":null,"Utility_Feeder_Number":null,"Primary_Feeder":null,"Secondary_Feeder":null,"LEED_Level":null,"LEED_Status":null,"LEED_Link":null,"ObjectID_1":379,"Shape__Area":728.78866577148438,"Shape__Length":110.49969643327591,"lat":41.825178499140385,"lon":-71.399574100478077,"NAV_Number":null,"NAV_Desc":null,"Accessibility_Level":null,"Maintained_By":null}},{"type":"Feature","id":258,"geometry":{"type":"Polygon","coordinates":[[[-71.395248601332,41.8325814089333],[-71.3952750446542,41.8325727753897],[-71.3952973930669,41.8326110628488],[-71.395270949732,41.8326196963975],[-71.395248601332,41.8325814089333]]]},"properties":{"OBJECTID":258,"Building":100237,"Property_Type":"Building","Property_Code":"100237","Chart_String":";,LOC100237,,,","Property_Name":"Main Accumulation Area Shed","Property_Abbr":"MAA295","Address_Line_1":"295 Lloyd Ave","Address_Line_2":null,"City_and_State":"Providence, RI","External_Floorplan_Link":null,"ZIP_code":"02912","Property_Status":"Active","Ownership_Status":"Owned","Occupancy_Status":"Brown Occupied","Official_Name":null,"Aliases":null,"Long_Description":"Sorry, no narrative available.","Portfolio":"UNASSIGNED","National_Historic_District":null,"City_of_Providence_Historic_Dis":null,"Municipal_Zone":"One Family District - Within I-Zone","Grid_Coord":"AA10","Gross_area__Property_":1025,"Floors_Assignable_area":null,"Net_area":null,"Accessibility_Code":null,"Building_Occupancy":null,"Building_Type":"SHED","Building_Usage":"SUPPORT","Tax_Status":"Property Exempt from Tax","Legal_Use":"Haz Waste","Current_Use":"Haz Waste","Cost_Rec":"Y","Year_of_Construction":1989,"Date_of_last_major_construction":null,"Date_acquired":null,"Date_relinquished":null,"Means_of_Acquisition":null,"GPS_Coordinates__Lat__Long_":null,"Building_System":null,"CHP_Loop":null,"Electricity_Source":null,"Utility_Feeder_Number":null,"Primary_Feeder":null,"Secondary_Feeder":null,"LEED_Level":null,"LEED_Status":null,"LEED_Link":null,"ObjectID_1":219,"Shape__Area":119.70737457275391,"Shape__Length":46.173580084412357,"lat":41.8325962358939,"lon":-71.39527299719721,"NAV_Number":null,"NAV_Desc":null,"Accessibility_Level":null,"Maintained_By":null}},{"type":"Feature","id":263,"geometry":{"type":"Polygon","coordinates":[[[-71.403398511442,41.8299572012488],[-71.4032596567724,41.8299645536053],[-71.4032576364436,41.829943202167],[-71.4032344627028,41.8299444287171],[-71.403231223052,41.8299102113082],[-71.4032543979844,41.8299089847597],[-71.4032515185494,41.8298785724869],[-71.4032995020729,41.8298760316188],[-71.4032984652303,41.8298650817242],[-71.4033665523412,41.8298616006898],[-71.4033687681873,41.829885842379],[-71.4033918804433,41.829884660767],[-71.4033932317479,41.8298994445684],[-71.4034013683649,41.8299065469821],[-71.4034039400303,41.8299343372053],[-71.4033971554011,41.8299423634234],[-71.403398511442,41.8299572012488]]]},"properties":{"OBJECTID":263,"Building":100261,"Property_Type":"Building","Property_Code":"100261","Chart_String":";,LOC100261,,,","Property_Name":"Brown St 111","Property_Abbr":"BROWN111","Address_Line_1":"111 Brown St","Address_Line_2":null,"City_and_State":"Providence, RI","External_Floorplan_Link":null,"ZIP_code":"02912","Property_Status":"Active","Ownership_Status":"Owned","Occupancy_Status":"Brown Occupied","Official_Name":null,"Aliases":"DISPNAME: 111 Brown; NICKNAME: Hebrew House","Long_Description":"A 100 year old, three story home, 111 Brown Street is Brown's smallest residence hall, housing only 13 students.","Portfolio":"RESIDENCE HALL","National_Historic_District":"College Hill Historic District (National)","City_of_Providence_Historic_Dis":null,"Municipal_Zone":"One Family District - Within I-Zone","Grid_Coord":"DN25","Gross_area__Property_":4637.8254678125,"Floors_Assignable_area":0,"Net_area":3991.5215283958332,"Accessibility_Code":"0","Building_Occupancy":13,"Building_Type":"HOUSE","Building_Usage":"RES HALL","Tax_Status":"Property Exempt from Tax","Legal_Use":"1 Family","Current_Use":"Dormitory","Cost_Rec":"Y","Year_of_Construction":1900,"Date_of_last_major_construction":null,"Date_acquired":"08/21/1972","Date_relinquished":null,"Means_of_Acquisition":null,"GPS_Coordinates__Lat__Long_":"41.829913,-71.40332","Building_System":"SIEMENS","CHP_Loop":null,"Electricity_Source":null,"Utility_Feeder_Number":"9J3","Primary_Feeder":null,"Secondary_Feeder":null,"LEED_Level":null,"LEED_Status":null,"LEED_Link":null,"ObjectID_1":242,"Shape__Area":1341.2990264892578,"Shape__Length":160.72862120127732,"lat":41.829916648172933,"lon":-71.40332094118267,"NAV_Number":0.48,"NAV_Desc":"Transitional/ Gut Renovation/ Replacement","Accessibility_Level":"A physical barrier exists that would prevent a wheelchair user from entering the facility.","Maintained_By":"MAINTAINED BY BROWN"}},{"type":"Feature","id":268,"geometry":{"type":"Polygon","coordinates":[[[-71.4014044203975,41.8276940658672],[-71.4013985744421,41.8276606708671],[-71.4016717280036,41.8276339254408],[-71.4017163357552,41.8278887740319],[-71.40170936254,41.8278894568249],[-71.4017103231669,41.8278949479156],[-71.4016228533614,41.8279035117936],[-71.4016219106369,41.8278981260573],[-71.4016092668649,41.8278993639987],[-71.4016106224698,41.8279071134793],[-71.4015517197188,41.827912881005],[-71.4015503629171,41.8279051315227],[-71.4015385390254,41.8279062891285],[-71.401539481743,41.8279116748655],[-71.4014521997046,41.8279202216681],[-71.4014512474525,41.8279147783005],[-71.4014462197982,41.8279152709744],[-71.4014485395891,41.8279285187555],[-71.4013897246922,41.82793427727],[-71.4013486372219,41.8276995280505],[-71.4014044203975,41.8276940658672]]]},"properties":{"OBJECTID":268,"Building":100081,"Property_Type":"Building","Property_Code":"100081","Chart_String":";,LOC100081,,,","Property_Name":"Churchill House","Property_Abbr":"CHURCHILL","Address_Line_1":"155 Angell St","Address_Line_2":null,"City_and_State":"Providence, RI","External_Floorplan_Link":"https://drive.google.com/drive/folders/1PdabXWPhRGPcvVU3E3hMyoeV-2LolODK","ZIP_code":"02912","Property_Status":"Active","Ownership_Status":"Owned","Occupancy_Status":"Brown Occupied","Official_Name":null,"Aliases":"DISPNAME: Churchill House; LEGACY: Elizabeth Kittredge Churchill; NICKNAME: Rites And Reason Theatre","Long_Description":"Churchill House at 155 Angell Street was built for the Rhode Island Women’s Club in 1907 and named for Elizabeth Kittredge Churchill, founder of the Club.  Acquired by the University in 1970.  In 2023, Churchill House was fully renovated, an addition was added to increase the size.  The building is currently used for academic, music, theatre and performance arts.","Portfolio":"ACADEMIC","National_Historic_District":"College Hill Historic District (National)","City_of_Providence_Historic_Dis":null,"Municipal_Zone":"One Family District - Within I-Zone","Grid_Coord":"DE40","Gross_area__Property_":21973.625552694444,"Floors_Assignable_area":3527.0825,"Net_area":19071.790514381944,"Accessibility_Code":"4","Building_Occupancy":13,"Building_Type":"BUILDING","Building_Usage":"ACAD","Tax_Status":"Property Exempt from Tax","Legal_Use":"Office","Current_Use":"School/Office/Classroom","Cost_Rec":"Y","Year_of_Construction":1907,"Date_of_last_major_construction":"10/01/2023","Date_acquired":"05/21/1970","Date_relinquished":null,"Means_of_Acquisition":null,"GPS_Coordinates__Lat__Long_":"41.827759,-71.401544","Building_System":null,"CHP_Loop":null,"Electricity_Source":"Brown","Utility_Feeder_Number":"1152B/1153","Primary_Feeder":"JW1-4","Secondary_Feeder":"5K-4","LEED_Level":null,"LEED_Status":null,"LEED_Link":null,"ObjectID_1":70,"Shape__Area":8503.1099319458,"Shape__Length":391.58002062372873,"lat":41.827783139728758,"lon":-71.401532843790392,"NAV_Number":1,"NAV_Desc":"Capital Upkeep","Accessibility_Level":"The facility is mostly accessible to a wheelchair user or person with mobility challenges.","Maintained_By":"MAINTAINED BY BROWN"}},{"type":"Feature","id":269,"geometry":{"type":"Polygon","coordinates":[[[-71.4018398107739,41.8258023511427],[-71.4017667484177,41.8258079824339],[-71.4017573181164,41.8257397133237],[-71.4018306455477,41.8257338634825],[-71.4018398107739,41.8258023511427]]]},"properties":{"OBJECTID":269,"Building":100205,"Property_Type":"Building","Property_Code":"100205","Chart_String":";,LOC100205,,,","Property_Name":"Gardner House - Garage","Property_Abbr":"GARDNERGAR","Address_Line_1":"106 George St","Address_Line_2":null,"City_and_State":"Providence, RI","External_Floorplan_Link":"https://drive.google.com/drive/folders/1XbDkHr1et5jgAJ_WRMoj9XVl-3ScUvkR","ZIP_code":"02912","Property_Status":"Active","Ownership_Status":"Owned","Occupancy_Status":"Brown Occupied","Official_Name":null,"Aliases":"DISPNAME: Gardner Garage","Long_Description":"Sorry, no narrative available.","Portfolio":"Admin/Support","National_Historic_District":null,"City_of_Providence_Historic_Dis":"Providence Landmark District","Municipal_Zone":"One Family District - Within I-Zone","Grid_Coord":"QQ05","Gross_area__Property_":479.375,"Floors_Assignable_area":428.2778,"Net_area":428.27777777777777,"Accessibility_Code":"0","Building_Occupancy":0,"Building_Type":"GARAGE","Building_Usage":"SUPPORT","Tax_Status":"Property Exempt from Tax","Legal_Use":"Garage","Current_Use":"Garage","Cost_Rec":"Y","Year_of_Construction":1806,"Date_of_last_major_construction":null,"Date_acquired":"01/01/1932","Date_relinquished":null,"Means_of_Acquisition":null,"GPS_Coordinates__Lat__Long_":"41.82563,-71.40178","Building_System":null,"CHP_Loop":null,"Electricity_Source":null,"Utility_Feeder_Number":null,"Primary_Feeder":null,"Secondary_Feeder":null,"LEED_Level":null,"LEED_Status":null,"LEED_Link":null,"ObjectID_1":188,"Shape__Area":502.39345550537109,"Shape__Length":90.209826065959291,"lat":41.82577095351936,"lon":-71.401798645081044,"NAV_Number":null,"NAV_Desc":"NO NAV","Accessibility_Level":"A physical barrier exists that would prevent a wheelchair user from entering the facility.","Maintained_By":"MAINTAINED BY BROWN"}},{"type":"Feature","id":270,"geometry":{"type":"Polygon","coordinates":[[[-71.4023977856051,41.8259956117938],[-71.4022950893588,41.8260023346593],[-71.4022808251778,41.8258812538668],[-71.4025076409646,41.825866303779],[-71.4024969166975,41.8257752739478],[-71.4026591533154,41.825764580454],[-71.40266758294,41.8258361231772],[-71.4026656026235,41.8258362529488],[-71.4026757483778,41.8259223628179],[-71.402677728697,41.8259222330461],[-71.4026862641182,41.8259946842982],[-71.4025240133072,41.826005625411],[-71.4025241118328,41.8260065375386],[-71.4023998664145,41.8260149159411],[-71.4023977856051,41.8259956117938]]]},"properties":{"OBJECTID":270,"Building":100013,"Property_Type":"Building","Property_Code":"100013","Chart_String":";,LOC100013,,,","Property_Name":"Friedman Hall","Property_Abbr":"FRIEDMAN","Address_Line_1":"90 George St","Address_Line_2":null,"City_and_State":"Providence, RI","External_Floorplan_Link":"https://drive.google.com/drive/folders/1Bh01j9pQMFCujjCFLjWzQLe_MjJl9wHp","ZIP_code":"02912","Property_Status":"Active","Ownership_Status":"Owned","Occupancy_Status":"Brown Occupied","Official_Name":"Friedman Hall","Aliases":"ALTADDRS: 75-91 Waterman St; DISPNAME: Friedman Hall; FORMER: Wilson Hall; FORMER: Wilsonhall; LEGACY: George Francis Wilson","Long_Description":"Friedman Hall was originally named Wilson Hall and was built from money bequeathed to Brown from George Francis Wilson.   Wilson Hall is a Romanesque style building.  It was built to foster the study of science and especially chemistry.  Now named for Richard and Susan Friedman, the building is currently being renovated and scheduled to reopen in Fall of 2018.","Portfolio":"ACADEMIC","National_Historic_District":"College Hill Historic District (National)","City_of_Providence_Historic_Dis":null,"Municipal_Zone":"One Family District - Within I-Zone","Grid_Coord":"EM55","Gross_area__Property_":23554.204834631946,"Floors_Assignable_area":3327.0859,"Net_area":19861.247062104168,"Accessibility_Code":"4","Building_Occupancy":0,"Building_Type":"BUILDING","Building_Usage":"ACAD","Tax_Status":"Property Exempt from Tax","Legal_Use":"School","Current_Use":"Classroom","Cost_Rec":"Y","Year_of_Construction":1891,"Date_of_last_major_construction":"10/01/2018","Date_acquired":null,"Date_relinquished":null,"Means_of_Acquisition":null,"GPS_Coordinates__Lat__Long_":"41.82589,-71.402496","Building_System":null,"CHP_Loop":null,"Electricity_Source":"Brown","Utility_Feeder_Number":"1151","Primary_Feeder":"7-1","Secondary_Feeder":"5K-11","LEED_Level":null,"LEED_Status":null,"LEED_Link":null,"ObjectID_1":10,"Shape__Area":6709.7892532348633,"Shape__Length":383.19287331046036,"lat":41.825909386657834,"lon":-71.402508781997824,"NAV_Number":0.96,"NAV_Desc":"Capital Upkeep","Accessibility_Level":"The facility is mostly accessible to a wheelchair user or person with mobility challenges.","Maintained_By":"MAINTAINED BY BROWN"}},{"type":"Feature","id":271,"geometry":{"type":"Polygon","coordinates":[[[-71.4017248601201,41.8255986338581],[-71.4017249186816,41.8256004832057],[-71.4017269290855,41.8256003534761],[-71.4017476957183,41.8257569510985],[-71.4015828746415,41.8257691788708],[-71.4015841197988,41.8257774909722],[-71.4015697360994,41.8257785761621],[-71.4015691544024,41.8257748428558],[-71.4014918038845,41.8257808142273],[-71.4014973191292,41.8258209948093],[-71.4011748538209,41.8258457454823],[-71.4011780722593,41.8258529923832],[-71.4011030922,41.825858663018],[-71.4011034171174,41.825861066304],[-71.4010938187044,41.8258618116242],[-71.401088324658,41.8258080197079],[-71.4010526987939,41.8257849376325],[-71.4010460103754,41.8257446461769],[-71.4010796624009,41.825715147624],[-71.4010750124946,41.8256853954995],[-71.401059453135,41.8256870288202],[-71.4010516129012,41.8256325767315],[-71.4010590623971,41.8256319934256],[-71.401058665829,41.8256268746535],[-71.4010657108136,41.8256263315141],[-71.4010613566329,41.8255944944568],[-71.4010468261126,41.8255955794548],[-71.4010449398591,41.8255815280305],[-71.4010577091751,41.8255805504569],[-71.4010571302326,41.825575830378],[-71.4010679914917,41.8255749610011],[-71.4010685709409,41.8255793524564],[-71.4011111357204,41.8255760965647],[-71.4011105566064,41.825571485427],[-71.4011202428705,41.8255707248752],[-71.4011208233579,41.8255752261725],[-71.4011344739576,41.8255741404079],[-71.4011370853547,41.8255933523011],[-71.4013874829052,41.8255741382002],[-71.401387047231,41.8255709542253],[-71.4014591137316,41.8255654186575],[-71.4014694174584,41.8256408390403],[-71.4014767561475,41.8256402961276],[-71.4014832879011,41.8256879422986],[-71.4015466939859,41.8256830564962],[-71.401537116122,41.8256130576877],[-71.4017248601201,41.8255986338581]]]},"properties":{"OBJECTID":271,"Building":100052,"Property_Type":"Building","Property_Code":"100052","Chart_String":";,LOC100052,,,","Property_Name":"Saint Stephen's Church","Property_Abbr":"STSTEPHENS","Address_Line_1":"114 George St","Address_Line_2":null,"City_and_State":"Providence, RI","External_Floorplan_Link":null,"ZIP_code":"02906","Property_Status":"Active","Ownership_Status":"Affilliated","Occupancy_Status":"Non-Brown Occupied","Official_Name":null,"Aliases":"DISPNAME: Saint Stephen'S Church","Long_Description":"Sorry, no narrative available.","Portfolio":"UNASSIGNED","National_Historic_District":null,"City_of_Providence_Historic_Dis":null,"Municipal_Zone":"One Family District - Within I-Zone","Grid_Coord":"EG57","Gross_area__Property_":0,"Floors_Assignable_area":0,"Net_area":0,"Accessibility_Code":null,"Building_Occupancy":null,"Building_Type":"BUILDING","Building_Usage":"CHURCH","Tax_Status":"Not Applicable","Legal_Use":null,"Current_Use":null,"Cost_Rec":"N","Year_of_Construction":0,"Date_of_last_major_construction":null,"Date_acquired":null,"Date_relinquished":null,"Means_of_Acquisition":null,"GPS_Coordinates__Lat__Long_":"41.826565,-71.40127","Building_System":null,"CHP_Loop":null,"Electricity_Source":null,"Utility_Feeder_Number":"2J10","Primary_Feeder":null,"Secondary_Feeder":null,"LEED_Level":null,"LEED_Status":null,"LEED_Link":null,"ObjectID_1":44,"Shape__Area":14391.385818481445,"Shape__Length":655.68729264535614,"lat":41.825705520707835,"lon":-71.401358693058725,"NAV_Number":null,"NAV_Desc":null,"Accessibility_Level":null,"Maintained_By":null}},{"type":"Feature","id":272,"geometry":{"type":"Polygon","coordinates":[[[-71.4084933085302,41.8274595086072],[-71.4084975102825,41.8274784875059],[-71.4084342070823,41.827486326737],[-71.408449518478,41.8275558370332],[-71.4081412647335,41.8275940102263],[-71.4081303284409,41.8275444675126],[-71.4081001450077,41.8275482166912],[-71.4080709814728,41.827416263934],[-71.4081006135288,41.8274125143218],[-71.4080894947201,41.8273626977535],[-71.4083983903824,41.8273243874576],[-71.4084135188968,41.8273929369526],[-71.4084768209012,41.827385029306],[-71.4084810226438,41.8274040082056],[-71.4085154102068,41.8273997490816],[-71.4085276961209,41.82745525038],[-71.4084933085302,41.8274595086072]]]},"properties":{"OBJECTID":272,"Building":100053,"Property_Type":"Building","Property_Code":"100053","Chart_String":";,LOC100053,,,","Property_Name":"First Baptist Church","Property_Abbr":"FRSTBAPCHR","Address_Line_1":"75 N Main St","Address_Line_2":null,"City_and_State":"Providence, RI","External_Floorplan_Link":"https://drive.google.com/drive/folders/1ji8oJYjIl1UFmDgEJSTcHjrJjL-YHsry","ZIP_code":"02903","Property_Status":"Active","Ownership_Status":"Affilliated","Occupancy_Status":"Non-Brown Occupied","Official_Name":null,"Aliases":"DISPNAME: First Baptist Church","Long_Description":"Sorry, no narrative available.","Portfolio":"UNASSIGNED","National_Historic_District":null,"City_of_Providence_Historic_Dis":null,"Municipal_Zone":null,"Grid_Coord":"WW32","Gross_area__Property_":0,"Floors_Assignable_area":null,"Net_area":0,"Accessibility_Code":null,"Building_Occupancy":null,"Building_Type":"BUILDING","Building_Usage":"CHURCH","Tax_Status":"Not Applicable","Legal_Use":null,"Current_Use":null,"Cost_Rec":"N","Year_of_Construction":0,"Date_of_last_major_construction":null,"Date_acquired":null,"Date_relinquished":null,"Means_of_Acquisition":null,"GPS_Coordinates__Lat__Long_":"41.82745,-71.4083","Building_System":null,"CHP_Loop":null,"Electricity_Source":null,"Utility_Feeder_Number":"1111","Primary_Feeder":null,"Secondary_Feeder":null,"LEED_Level":null,"LEED_Status":null,"LEED_Link":null,"ObjectID_1":45,"Shape__Area":8486.8609085083,"Shape__Length":411.95536329905661,"lat":41.827457848223069,"lon":-71.408280261584238,"NAV_Number":null,"NAV_Desc":null,"Accessibility_Level":null,"Maintained_By":null}},{"type":"Feature","id":277,"geometry":{"type":"Polygon","coordinates":[[[-71.3981283417525,41.8247128959033],[-71.3981389551454,41.8247756932067],[-71.3980761345099,41.8247814554797],[-71.3980656678542,41.8247187681422],[-71.3981283417525,41.8247128959033]]]},"properties":{"OBJECTID":277,"Building":100421,"Property_Type":"Building","Property_Code":"100421","Chart_String":null,"Property_Name":"Benevolent St 97/Garage","Property_Abbr":"BENE97GAR","Address_Line_1":"97 Benevolent St","Address_Line_2":"Garage","City_and_State":"Providence, RI","External_Floorplan_Link":null,"ZIP_code":"02912","Property_Status":"Pre-active","Ownership_Status":null,"Occupancy_Status":null,"Official_Name":null,"Aliases":null,"Long_Description":null,"Portfolio":"UNASSIGNED","National_Historic_District":null,"City_of_Providence_Historic_Dis":null,"Municipal_Zone":null,"Grid_Coord":null,"Gross_area__Property_":null,"Floors_Assignable_area":null,"Net_area":null,"Accessibility_Code":null,"Building_Occupancy":null,"Building_Type":"GARAGE","Building_Usage":null,"Tax_Status":null,"Legal_Use":null,"Current_Use":null,"Cost_Rec":null,"Year_of_Construction":0,"Date_of_last_major_construction":null,"Date_acquired":null,"Date_relinquished":null,"Means_of_Acquisition":null,"GPS_Coordinates__Lat__Long_":null,"Building_System":null,"CHP_Loop":null,"Electricity_Source":null,"Utility_Feeder_Number":null,"Primary_Feeder":null,"Secondary_Feeder":null,"LEED_Level":null,"LEED_Status":null,"LEED_Link":null,"ObjectID_1":381,"Shape__Area":397.1104736328125,"Shape__Length":80.553030724161616,"lat":41.824747212766759,"lon":-71.398102286723784,"NAV_Number":null,"NAV_Desc":null,"Accessibility_Level":null,"Maintained_By":null}},{"type":"Feature","id":283,"geometry":{"type":"Polygon","coordinates":[[[-71.4048565648566,41.8249314275894],[-71.4049037841944,41.8249286756361],[-71.404927087497,41.8249273147044],[-71.4049303217607,41.8249582944693],[-71.4049331287262,41.8249851962418],[-71.4049310629934,41.8249853151777],[-71.4049056505998,41.8249867977109],[-71.4048626433374,41.8249893091614],[-71.4048615548785,41.8249789480509],[-71.404859564356,41.8249599735437],[-71.4048565648566,41.8249314275894]]]},"properties":{"OBJECTID":283,"Building":100420,"Property_Type":"Building","Property_Code":"100420","Chart_String":null,"Property_Name":"George St 37/Garage","Property_Abbr":"GEO37GAR","Address_Line_1":"37 George St","Address_Line_2":"Garage","City_and_State":"Providence, RI","External_Floorplan_Link":null,"ZIP_code":"02912","Property_Status":"Pre-active","Ownership_Status":"Sold","Occupancy_Status":"Non-Brown Occupied","Official_Name":null,"Aliases":null,"Long_Description":null,"Portfolio":"UNASSIGNED","National_Historic_District":null,"City_of_Providence_Historic_Dis":null,"Municipal_Zone":null,"Grid_Coord":null,"Gross_area__Property_":null,"Floors_Assignable_area":null,"Net_area":null,"Accessibility_Code":null,"Building_Occupancy":null,"Building_Type":"GARAGE","Building_Usage":null,"Tax_Status":null,"Legal_Use":null,"Current_Use":null,"Cost_Rec":null,"Year_of_Construction":0,"Date_of_last_major_construction":null,"Date_acquired":null,"Date_relinquished":null,"Means_of_Acquisition":null,"GPS_Coordinates__Lat__Long_":null,"Building_System":null,"CHP_Loop":null,"Electricity_Source":null,"Utility_Feeder_Number":null,"Primary_Feeder":null,"Secondary_Feeder":null,"LEED_Level":null,"LEED_Status":null,"LEED_Link":null,"ObjectID_1":380,"Shape__Area":407.77790832519531,"Shape__Length":80.8632835319643,"lat":41.824958309299035,"lon":-71.404894855887264,"NAV_Number":null,"NAV_Desc":null,"Accessibility_Level":null,"Maintained_By":null}},{"type":"Feature","id":287,"geometry":{"type":"Polygon","coordinates":[[[-71.3975934970736,41.8232822314101],[-71.3976064180264,41.8233701683264],[-71.3975318575707,41.8233762493629],[-71.3975190835666,41.8232883125694],[-71.3975934970736,41.8232822314101]]]},"properties":{"OBJECTID":287,"Building":100133,"Property_Type":"Building","Property_Code":"100133","Chart_String":";,LOC100133,,,","Property_Name":"Giddings House - Garage","Property_Abbr":"GDINGSGAR","Address_Line_1":"128 Hope St","Address_Line_2":null,"City_and_State":"Providence, RI","External_Floorplan_Link":null,"ZIP_code":"02912","Property_Status":"Active","Ownership_Status":"Owned","Occupancy_Status":"Brown Occupied","Official_Name":null,"Aliases":"DISPNAME: Giddings Garage","Long_Description":"Sorry, no narrative available.","Portfolio":"Admin/Support","National_Historic_District":null,"City_of_Providence_Historic_Dis":"Providence Landmark District","Municipal_Zone":"One Family District - Within I-Zone","Grid_Coord":"QQ06","Gross_area__Property_":618,"Floors_Assignable_area":0,"Net_area":0,"Accessibility_Code":"0","Building_Occupancy":0,"Building_Type":"GARAGE","Building_Usage":"ACAD","Tax_Status":"Property Exempt from Tax","Legal_Use":"Garage","Current_Use":"Garage","Cost_Rec":"Y","Year_of_Construction":2008,"Date_of_last_major_construction":null,"Date_acquired":"01/01/1969","Date_relinquished":null,"Means_of_Acquisition":null,"GPS_Coordinates__Lat__Long_":"41.823344,-71.39764","Building_System":null,"CHP_Loop":null,"Electricity_Source":null,"Utility_Feeder_Number":null,"Primary_Feeder":null,"Secondary_Feeder":null,"LEED_Level":null,"LEED_Status":null,"LEED_Link":null,"ObjectID_1":119,"Shape__Area":658.34641265869141,"Shape__Length":105.31664743197261,"lat":41.823329254632874,"lon":-71.397562716991757,"NAV_Number":null,"NAV_Desc":"NO NAV","Accessibility_Level":"A physical barrier exists that would prevent a wheelchair user from entering the facility.","Maintained_By":"MAINTAINED BY BROWN"}},{"type":"Feature","id":288,"geometry":{"type":"Polygon","coordinates":[[[-71.4077570084594,41.8189684083576],[-71.4074208891395,41.819100921107],[-71.4069926367465,41.8184930675971],[-71.4073690990348,41.8183446507922],[-71.4077661110187,41.8189081558657],[-71.4077257642893,41.818924062195],[-71.4077570084594,41.8189684083576]]]},"properties":{"OBJECTID":288,"Building":200751,"Property_Type":"Parking","Property_Code":"200751","Chart_String":null,"Property_Name":"South Street Landing Parking","Property_Abbr":"LOT00330","Address_Line_1":"330 Eddy St","Address_Line_2":"Parking Structure","City_and_State":"Providence, RI","External_Floorplan_Link":null,"ZIP_code":"02903","Property_Status":"Active","Ownership_Status":"Leased","Occupancy_Status":null,"Official_Name":null,"Aliases":null,"Long_Description":null,"Portfolio":"Admin/Support","National_Historic_District":null,"City_of_Providence_Historic_Dis":null,"Municipal_Zone":null,"Grid_Coord":null,"Gross_area__Property_":null,"Floors_Assignable_area":null,"Net_area":null,"Accessibility_Code":null,"Building_Occupancy":null,"Building_Type":null,"Building_Usage":null,"Tax_Status":null,"Legal_Use":null,"Current_Use":null,"Cost_Rec":"N","Year_of_Construction":0,"Date_of_last_major_construction":null,"Date_acquired":null,"Date_relinquished":null,"Means_of_Acquisition":null,"GPS_Coordinates__Lat__Long_":null,"Building_System":null,"CHP_Loop":null,"Electricity_Source":null,"Utility_Feeder_Number":null,"Primary_Feeder":null,"Secondary_Feeder":null,"LEED_Level":null,"LEED_Status":null,"LEED_Link":null,"ObjectID_1":620,"Shape__Area":28816.789329528809,"Shape__Length":732.75862072263692,"lat":41.818721087719744,"lon":-71.407392106544592,"NAV_Number":null,"NAV_Desc":null,"Accessibility_Level":null,"Maintained_By":null}},{"type":"Feature","id":289,"geometry":{"type":"Polygon","coordinates":[[[-71.4069575019562,41.817291338036],[-71.4069834525358,41.8172809313029],[-71.4069897128221,41.8172896876855],[-71.4070241063847,41.8172759421119],[-71.4070065698752,41.8172514242386],[-71.4070361548767,41.8172395627836],[-71.4070337753509,41.8172362953213],[-71.4070649716168,41.8172238013228],[-71.4071099023973,41.8172058137379],[-71.4070874244,41.8171744015716],[-71.4071746738121,41.8171394830566],[-71.4072113504024,41.8171907772001],[-71.4072360985713,41.8172253918874],[-71.4072539390444,41.8172503376332],[-71.407257779068,41.817255713968],[-71.4071636809287,41.8172933793531],[-71.407020432084,41.8173507169531],[-71.4070099128816,41.8173549292367],[-71.4069503682777,41.8173787670653],[-71.4069097628945,41.8173219802779],[-71.4069123219408,41.817320958664],[-71.4069172666293,41.8173189783194],[-71.4069639051416,41.81730031692],[-71.4069575019562,41.817291338036]]]},"properties":{"OBJECTID":289,"Building":100392,"Property_Type":"Building","Property_Code":"100392","Chart_String":null,"Property_Name":"Eddy St 391","Property_Abbr":"EDDY391","Address_Line_1":"391-393 Eddy St","Address_Line_2":null,"City_and_State":"Providence, RI","External_Floorplan_Link":null,"ZIP_code":"02903","Property_Status":"Active","Ownership_Status":"Owned","Occupancy_Status":"Non-Brown Occupied","Official_Name":null,"Aliases":null,"Long_Description":null,"Portfolio":"UNASSIGNED","National_Historic_District":null,"City_of_Providence_Historic_Dis":null,"Municipal_Zone":null,"Grid_Coord":null,"Gross_area__Property_":5200,"Floors_Assignable_area":null,"Net_area":null,"Accessibility_Code":"0","Building_Occupancy":null,"Building_Type":"BUILDING","Building_Usage":"COMMERCIAL","Tax_Status":null,"Legal_Use":null,"Current_Use":null,"Cost_Rec":null,"Year_of_Construction":1900,"Date_of_last_major_construction":null,"Date_acquired":"03/08/2023","Date_relinquished":null,"Means_of_Acquisition":null,"GPS_Coordinates__Lat__Long_":null,"Building_System":null,"CHP_Loop":null,"Electricity_Source":null,"Utility_Feeder_Number":null,"Primary_Feeder":null,"Secondary_Feeder":null,"LEED_Level":null,"LEED_Status":null,"LEED_Link":null,"ObjectID_1":352,"Shape__Area":3289.6205978393555,"Shape__Length":293.39427320799695,"lat":41.817262942965108,"lon":-71.407094877930518,"NAV_Number":null,"NAV_Desc":"NO NAV","Accessibility_Level":"A physical barrier exists that would prevent a wheelchair user from entering the facility.","Maintained_By":"MAINTAINED BY C&W"}},{"type":"Feature","id":290,"geometry":{"type":"Polygon","coordinates":[[[-71.4101310428708,41.8194606579586],[-71.4101103769755,41.8194839444045],[-71.4100851525689,41.8194714180326],[-71.41010601135,41.8194479138596],[-71.4101310428708,41.8194606579586]]]},"properties":{"OBJECTID":290,"Building":100425,"Property_Type":"Building","Property_Code":"100425","Chart_String":null,"Property_Name":"Ship St 70 Water Pump Shed","Property_Abbr":"SHIP70SHD","Address_Line_1":"70 Ship St","Address_Line_2":"Shed in Parking Lot 81","City_and_State":"Providence, RI","External_Floorplan_Link":null,"ZIP_code":"02903","Property_Status":"Pre-active","Ownership_Status":null,"Occupancy_Status":null,"Official_Name":null,"Aliases":null,"Long_Description":null,"Portfolio":"UNASSIGNED","National_Historic_District":null,"City_of_Providence_Historic_Dis":null,"Municipal_Zone":null,"Grid_Coord":null,"Gross_area__Property_":null,"Floors_Assignable_area":null,"Net_area":null,"Accessibility_Code":null,"Building_Occupancy":null,"Building_Type":"SHED","Building_Usage":null,"Tax_Status":null,"Legal_Use":null,"Current_Use":null,"Cost_Rec":null,"Year_of_Construction":0,"Date_of_last_major_construction":null,"Date_acquired":null,"Date_relinquished":null,"Means_of_Acquisition":null,"GPS_Coordinates__Lat__Long_":null,"Building_System":null,"CHP_Loop":null,"Electricity_Source":null,"Utility_Feeder_Number":null,"Primary_Feeder":null,"Secondary_Feeder":null,"LEED_Level":null,"LEED_Status":null,"LEED_Link":null,"ObjectID_1":385,"Shape__Area":84.4515151977539,"Shape__Length":36.972179670980388,"lat":41.819465973751861,"lon":-71.410108126480281,"NAV_Number":null,"NAV_Desc":null,"Accessibility_Level":null,"Maintained_By":null}},{"type":"Feature","id":292,"geometry":{"type":"Polygon","coordinates":[[[-71.4104791066499,41.8158753618153],[-71.4104935209656,41.8158696045614],[-71.4105099679679,41.8158630394824],[-71.4105354440767,41.8158528701648],[-71.4106556354309,41.815804887288],[-71.4109129124793,41.815702179899],[-71.4109485328294,41.8157520981229],[-71.4109526584124,41.8157504491948],[-71.4109677662701,41.8157444187151],[-71.4110169119557,41.8157247942427],[-71.4111354662214,41.8156774569398],[-71.4112479415388,41.8156325520414],[-71.4113584863899,41.815588410833],[-71.4113594328837,41.8155880334201],[-71.4114276434848,41.815683670755],[-71.411438269281,41.8156794275361],[-71.41145424289,41.8156730519288],[-71.4115031800422,41.8156535144203],[-71.4115123729265,41.8156663945802],[-71.4115408356868,41.8157062800074],[-71.4115471516798,41.8157151262212],[-71.4115160233187,41.8157275422629],[-71.4115061537602,41.8157314781548],[-71.4115069081034,41.8157325492416],[-71.4115346303547,41.8157718236682],[-71.4115471227304,41.8157895258921],[-71.4115126950455,41.8158031107362],[-71.4115292798739,41.8158266143113],[-71.411519340511,41.8158305393464],[-71.411365129671,41.815891463597],[-71.411340292042,41.8159012770562],[-71.4113434343472,41.8159057298677],[-71.4113537657356,41.8159203872914],[-71.4112875448631,41.8159465433022],[-71.4111541227392,41.8159992451988],[-71.4111229317141,41.8160115647483],[-71.4111198254644,41.8160054148158],[-71.4110762228767,41.816021709659],[-71.4110807260864,41.8160281073675],[-71.4110272362472,41.8160497425648],[-71.4107006318175,41.8161818491914],[-71.4104791066499,41.8158753618153]]]},"properties":{"OBJECTID":292,"Building":100393,"Property_Type":"Building","Property_Code":"100393","Chart_String":null,"Property_Name":"Coro Center West","Property_Abbr":"COROCTR","Address_Line_1":"1 Hoppin St","Address_Line_2":null,"City_and_State":"Providence, RI","External_Floorplan_Link":null,"ZIP_code":"02903","Property_Status":"Active","Ownership_Status":"Leased","Occupancy_Status":"Brown / Non-Brown Occupied","Official_Name":null,"Aliases":null,"Long_Description":null,"Portfolio":"BIOMED","National_Historic_District":null,"City_of_Providence_Historic_Dis":null,"Municipal_Zone":null,"Grid_Coord":"WW45","Gross_area__Property_":2290,"Floors_Assignable_area":null,"Net_area":null,"Accessibility_Code":null,"Building_Occupancy":null,"Building_Type":"BUILDING","Building_Usage":"ACAD","Tax_Status":null,"Legal_Use":null,"Current_Use":null,"Cost_Rec":null,"Year_of_Construction":0,"Date_of_last_major_construction":null,"Date_acquired":"01/15/2023","Date_relinquished":null,"Means_of_Acquisition":null,"GPS_Coordinates__Lat__Long_":null,"Building_System":null,"CHP_Loop":null,"Electricity_Source":null,"Utility_Feeder_Number":null,"Primary_Feeder":null,"Secondary_Feeder":null,"LEED_Level":null,"LEED_Status":null,"LEED_Link":null,"ObjectID_1":353,"Shape__Area":30752.240867614746,"Shape__Length":827.16315342376561,"lat":41.815873793472335,"lon":-71.411007565719856,"NAV_Number":null,"NAV_Desc":"NO NAV","Accessibility_Level":null,"Maintained_By":"MAINTAINED BY OTHER VENDOR"}},{"type":"Feature","id":293,"geometry":{"type":"Polygon","coordinates":[[[-71.4349056630092,41.7956859555991],[-71.4349009644743,41.7956849742625],[-71.4349911057782,41.7954436177589],[-71.4355703562006,41.7955646532435],[-71.4355690004336,41.7955680701905],[-71.4355921069118,41.7955729702162],[-71.4356041323317,41.7955442262592],[-71.435911269579,41.795608402587],[-71.4359230992911,41.7955766981552],[-71.4359865042843,41.7955900234848],[-71.4359746722126,41.7956217099148],[-71.4361602552434,41.7956605171933],[-71.4361724863928,41.7956630746648],[-71.4361481067445,41.7957286413027],[-71.436268968901,41.7957539144531],[-71.4362698579839,41.7957515362365],[-71.4362733897225,41.7957522746772],[-71.4362516676636,41.7958096010578],[-71.4362961704991,41.7958189064926],[-71.4362970583796,41.7958165273748],[-71.4363005901221,41.7958172658147],[-71.4362825150687,41.7958658599818],[-71.436324898419,41.7958747221608],[-71.4363257875015,41.7958723439438],[-71.4363293192473,41.7958730823828],[-71.4363058167342,41.7959362681271],[-71.4363482001341,41.7959451302974],[-71.4363490880136,41.7959427520795],[-71.4363526197635,41.7959434905179],[-71.4363291172475,41.7960066762661],[-71.436371500697,41.7960155384278],[-71.4363723885766,41.7960131602097],[-71.4363759203307,41.7960138986474],[-71.4363596958499,41.7960575203477],[-71.4363324919247,41.7960518538138],[-71.4363294434204,41.7960600497595],[-71.4363281152027,41.7960636215897],[-71.4362735737449,41.7960523505502],[-71.4362606152571,41.7960867797315],[-71.4362552322251,41.7960856441117],[-71.4362551682879,41.7960858151417],[-71.4362509352291,41.7960970752001],[-71.436109394063,41.7964736222977],[-71.4357541675652,41.7963988504854],[-71.4357789935181,41.7963328070058],[-71.4355604286264,41.7962869201212],[-71.4355505229491,41.7963133423708],[-71.4355295676808,41.7963214409147],[-71.4354180505144,41.7962966062083],[-71.4354326275832,41.7962599505812],[-71.435277973898,41.796227480877],[-71.4353706892581,41.7959801940799],[-71.4353659906955,41.7959792118619],[-71.4353646733123,41.7959827260651],[-71.4347430195389,41.7958528294945],[-71.4348115393496,41.7956700777776],[-71.4349043504186,41.7956894707002],[-71.4349056630092,41.7956859555991]]]},"properties":{"OBJECTID":293,"Building":100098,"Property_Type":"Building","Property_Code":"100098","Chart_String":";,LOC100098,,,","Property_Name":"Park Lane 010","Property_Abbr":"PARKLN010","Address_Line_1":"10 Park Ln","Address_Line_2":null,"City_and_State":"Providence, RI","External_Floorplan_Link":"https://drive.google.com/drive/folders/1Ib9UwLfJv-tMXqD3SKCuAOLFQTfiVzjF","ZIP_code":"02907","Property_Status":"Active","Ownership_Status":"Owned","Occupancy_Status":"Brown Occupied","Official_Name":null,"Aliases":"DISPNAME: 10 Park Lane","Long_Description":"This building serves administrative and warehouse functions.","Portfolio":"Admin/Support","National_Historic_District":null,"City_of_Providence_Historic_Dis":null,"Municipal_Zone":"General Industrial - Outside I-Zone","Grid_Coord":"ZZ99","Gross_area__Property_":92661.840673597224,"Floors_Assignable_area":0,"Net_area":88104.04439139583,"Accessibility_Code":"3","Building_Occupancy":20,"Building_Type":"BUILDING","Building_Usage":"SUPPORT","Tax_Status":"Property Exempt from Tax","Legal_Use":"Buisness/Warehouse","Current_Use":"Warehouse/Business","Cost_Rec":"Y","Year_of_Construction":1969,"Date_of_last_major_construction":null,"Date_acquired":"12/31/2001","Date_relinquished":null,"Means_of_Acquisition":null,"GPS_Coordinates__Lat__Long_":"41.795966,-71.435812","Building_System":null,"CHP_Loop":null,"Electricity_Source":null,"Utility_Feeder_Number":"7Z-2228","Primary_Feeder":null,"Secondary_Feeder":null,"LEED_Level":null,"LEED_Status":null,"LEED_Link":null,"ObjectID_1":85,"Shape__Area":91769.4821395874,"Shape__Length":1533.3324463840502,"lat":41.795916320277371,"lon":-71.43563529777191,"NAV_Number":0.86,"NAV_Desc":"Capital Upkeep","Accessibility_Level":"A wheelchair or person with mobility challenges can enter the facility, access the primary function within that facility and access the restroom facility..","Maintained_By":"MAINTAINED BY BROWN"}},{"type":"Feature","id":294,"geometry":{"type":"Polygon","coordinates":[[[-71.3921851206241,41.8435617335023],[-71.3921788424811,41.8435453648892],[-71.3922461190234,41.8435309353003],[-71.3922523971822,41.8435473039097],[-71.3922805749156,41.8435412602679],[-71.3922936875122,41.8435754430446],[-71.3921700554089,41.8436019599114],[-71.3921569428728,41.8435677771207],[-71.3921851206241,41.8435617335023]]]},"properties":{"OBJECTID":294,"Building":100307,"Property_Type":"Building","Property_Code":"100307","Chart_String":";,LOC100307,,,","Property_Name":"Marvel Shed","Property_Abbr":"MRVLSHED","Address_Line_1":"425 Elmgrove Ave","Address_Line_2":null,"City_and_State":"Providence, RI","External_Floorplan_Link":"https://drive.google.com/drive/folders/15yDSXoijOjuG_QP5e5huhf_3_HOSnvZ8","ZIP_code":"02906","Property_Status":"Active","Ownership_Status":"Owned","Occupancy_Status":"Brown Occupied","Official_Name":null,"Aliases":"DISPNAME: Marvel Shed","Long_Description":null,"Portfolio":"ATHLETICS","National_Historic_District":null,"City_of_Providence_Historic_Dis":null,"Municipal_Zone":null,"Grid_Coord":null,"Gross_area__Property_":305.23611111111109,"Floors_Assignable_area":0,"Net_area":230.28472222222223,"Accessibility_Code":null,"Building_Occupancy":null,"Building_Type":"SHED","Building_Usage":"ATHLETICS","Tax_Status":"Property Exempt from Tax","Legal_Use":null,"Current_Use":null,"Cost_Rec":"N","Year_of_Construction":0,"Date_of_last_major_construction":null,"Date_acquired":null,"Date_relinquished":null,"Means_of_Acquisition":null,"GPS_Coordinates__Lat__Long_":"41.843513,-71.392249","Building_System":null,"CHP_Loop":null,"Electricity_Source":null,"Utility_Feeder_Number":null,"Primary_Feeder":null,"Secondary_Feeder":null,"LEED_Level":null,"LEED_Status":null,"LEED_Link":null,"ObjectID_1":283,"Shape__Area":572.48441314697266,"Shape__Length":108.41955318232149,"lat":41.8435663853268,"lon":-71.392223311039,"NAV_Number":null,"NAV_Desc":null,"Accessibility_Level":null,"Maintained_By":null}},{"type":"Feature","id":296,"geometry":{"type":"Polygon","coordinates":[[[-71.3949117058656,41.8303594300515],[-71.3949174086204,41.8303813108011],[-71.3948735463695,41.8303874388889],[-71.3948680736086,41.8303655259356],[-71.3949117058656,41.8303594300515]]]},"properties":{"OBJECTID":296,"Building":100424,"Property_Type":"Building","Property_Code":"100424","Chart_String":null,"Property_Name":"Goldberger Field Shed","Property_Abbr":"GOLDBSHD","Address_Line_1":"235 Hope","Address_Line_2":"Shed SE Goldberger Field","City_and_State":"Providence, RI","External_Floorplan_Link":null,"ZIP_code":null,"Property_Status":"Pre-active","Ownership_Status":null,"Occupancy_Status":null,"Official_Name":null,"Aliases":null,"Long_Description":null,"Portfolio":"UNASSIGNED","National_Historic_District":null,"City_of_Providence_Historic_Dis":null,"Municipal_Zone":null,"Grid_Coord":null,"Gross_area__Property_":null,"Floors_Assignable_area":null,"Net_area":null,"Accessibility_Code":null,"Building_Occupancy":null,"Building_Type":"SHED","Building_Usage":null,"Tax_Status":null,"Legal_Use":null,"Current_Use":null,"Cost_Rec":null,"Year_of_Construction":0,"Date_of_last_major_construction":null,"Date_acquired":null,"Date_relinquished":null,"Means_of_Acquisition":null,"GPS_Coordinates__Lat__Long_":null,"Building_System":null,"CHP_Loop":null,"Electricity_Source":null,"Utility_Feeder_Number":null,"Primary_Feeder":null,"Secondary_Feeder":null,"LEED_Level":null,"LEED_Status":null,"LEED_Link":null,"ObjectID_1":384,"Shape__Area":98.526535034179688,"Shape__Length":40.504729579327126,"lat":41.830373436014817,"lon":-71.39489268605287,"NAV_Number":null,"NAV_Desc":null,"Accessibility_Level":null,"Maintained_By":null}},{"type":"Feature","id":297,"geometry":{"type":"Polygon","coordinates":[[[-71.3964453582443,41.831843638423],[-71.3964004775387,41.8318582041474],[-71.396363474659,41.8317944285964],[-71.3964083553284,41.8317798628862],[-71.3964453582443,41.831843638423]]]},"properties":{"OBJECTID":297,"Building":100422,"Property_Type":"Building","Property_Code":"100422","Chart_String":null,"Property_Name":"Lacrosse/Soccer Equipment Space","Property_Abbr":"LAXSOCEQUIP","Address_Line_1":"245 Lloyd Ave","Address_Line_2":"Storage under Bleachers","City_and_State":"Providence, RI","External_Floorplan_Link":null,"ZIP_code":"02912","Property_Status":"Pre-active","Ownership_Status":null,"Occupancy_Status":null,"Official_Name":null,"Aliases":null,"Long_Description":null,"Portfolio":"UNASSIGNED","National_Historic_District":null,"City_of_Providence_Historic_Dis":null,"Municipal_Zone":null,"Grid_Coord":null,"Gross_area__Property_":null,"Floors_Assignable_area":null,"Net_area":null,"Accessibility_Code":null,"Building_Occupancy":null,"Building_Type":"BUILDING","Building_Usage":null,"Tax_Status":null,"Legal_Use":null,"Current_Use":null,"Cost_Rec":null,"Year_of_Construction":0,"Date_of_last_major_construction":null,"Date_acquired":null,"Date_relinquished":null,"Means_of_Acquisition":null,"GPS_Coordinates__Lat__Long_":null,"Building_System":null,"CHP_Loop":null,"Electricity_Source":null,"Utility_Feeder_Number":null,"Primary_Feeder":null,"Secondary_Feeder":null,"LEED_Level":null,"LEED_Status":null,"LEED_Link":null,"ObjectID_1":382,"Shape__Area":337.78270721435547,"Shape__Length":77.33388289802221,"lat":41.831819033517661,"lon":-71.396404416445066,"NAV_Number":null,"NAV_Desc":null,"Accessibility_Level":null,"Maintained_By":null}},{"type":"Feature","id":298,"geometry":{"type":"Polygon","coordinates":[[[-71.3962319443843,41.8314758951911],[-71.3961884574776,41.8314899885146],[-71.396163048165,41.8314461334612],[-71.3961728680953,41.8314429515373],[-71.3961389474394,41.8313844078623],[-71.3961725842537,41.8313735072588],[-71.3962319443843,41.8314758951911]]]},"properties":{"OBJECTID":298,"Building":100423,"Property_Type":"Building","Property_Code":"100423","Chart_String":null,"Property_Name":"Lacrosse/Soccer Public Restroom","Property_Abbr":"LAXSOCRESTRM","Address_Line_1":"245 Lloyd Ave","Address_Line_2":"Public Restroom number Bleache","City_and_State":"Providence, RI","External_Floorplan_Link":null,"ZIP_code":"02912","Property_Status":"Pre-active","Ownership_Status":null,"Occupancy_Status":null,"Official_Name":null,"Aliases":null,"Long_Description":null,"Portfolio":"UNASSIGNED","National_Historic_District":null,"City_of_Providence_Historic_Dis":null,"Municipal_Zone":null,"Grid_Coord":null,"Gross_area__Property_":null,"Floors_Assignable_area":null,"Net_area":null,"Accessibility_Code":null,"Building_Occupancy":null,"Building_Type":"BUILDING","Building_Usage":null,"Tax_Status":null,"Legal_Use":null,"Current_Use":null,"Cost_Rec":null,"Year_of_Construction":0,"Date_of_last_major_construction":null,"Date_acquired":null,"Date_relinquished":null,"Means_of_Acquisition":null,"GPS_Coordinates__Lat__Long_":null,"Building_System":null,"CHP_Loop":null,"Electricity_Source":null,"Utility_Feeder_Number":null,"Primary_Feeder":null,"Secondary_Feeder":null,"LEED_Level":null,"LEED_Status":null,"LEED_Link":null,"ObjectID_1":383,"Shape__Area":457.27187347412109,"Shape__Length":107.15733749809755,"lat":41.831434195287677,"lon":-71.396184911847072,"NAV_Number":null,"NAV_Desc":null,"Accessibility_Level":null,"Maintained_By":null}}]}