{"type":"FeatureCollection","features":[{"type":"Feature","id":1,"geometry":{"type":"Point","coordinates":[-71.4087999998024,41.8201299998086]},"properties":{"OBJECTID":1,"Name":"225 Dyer St","FolderPath":"Brown University Campus AED + First Aid Map/AEDs","SymbolID":0,"AltMode":-1,"Base":0,"Snippet":"","PopupInfo":"\u003cimg src=\"https://mymaps.usercontent.google.com/hostedimage/m/*/3ADbDBKttoAIPSLgnr7GJwXvV6ALoT7E1IWGv7GSY7beB4jArSLUVLOpYGDFqqnl1HaXJXP3Pm7MGZET9t320QR-Qm2gNfz4CKb69dgmYSge2maG8UxNOsovgRYk25aaVl655CXTxHU-csgLPT-QwxhlhUt9UwT5L37KMN_Q5ilZx9wiB_V6KDLDfNWlIxZ9xzYQq_1FpxajyhhTIX9bhocJvgq2_1yOeLFWHaLDhLZqhSQk2L4IBaK5nf2iGVFA?authuser=0&fife=s16383\" height=\"200\" width=\"auto\" /\u003e\u003cbr\u003e\u003cbr\u003e5th floor of 225 Dyer St\u003cbr\u003e*Also contains Narcan for opioid overdose\u003cbr\u003eEnter the building and go to the elevators in the center of the lobby. Go to the 5th floor and it is right by the elevators\u003cbr\u003e\u003cbr\u003eCR2 AED\u003cbr\u003e\u003cbr\u003e\u003ca href=\"https://www.youtube.com/watch?v=WtN56rbzEgw\"\u003e\u003cimg src=\"https://img.youtube.com/vi/WtN56rbzEgw/hqdefault.jpg\" height=\"200\" width=\"auto\" /\u003e\u003c/a\u003e\u003cbr\u003e\u003cbr\u003e\u003ca href=\"https://www.youtube.com/embed/WtN56rbzEgw\"\u003ehttps://www.youtube.com/embed/WtN56rbzEgw\u003c/a\u003e\u003cbr\u003e\u003cbr\u003e\u003ca href=\"https://www.youtube.com/watch?v=B9Sv64FJPhg\"\u003e\u003cimg src=\"https://img.youtube.com/vi/B9Sv64FJPhg/hqdefault.jpg\" height=\"200\" width=\"auto\" /\u003e\u003c/a\u003e\u003cbr\u003e\u003cbr\u003e\u003ca href=\"https://www.youtube.com/embed/B9Sv64FJPhg\"\u003ehttps://www.youtube.com/embed/B9Sv64FJPhg\u003c/a\u003e","HasLabel":-1,"LabelID":0,"Descrip":"5th floor of 225 Dyer St\r\n*Also contains Narcan for opioid overdose\r\nEnter the building and go to the elevators in the center of the lobby. Go to the 5th floor and it is right by the elevators","narcan":"Y","restricted":"Unrestricted","GlobalID":"e1780564-c252-4ea6-be7c-e253fb9ca19f"}},{"type":"Feature","id":2,"geometry":{"type":"Point","coordinates":[-71.402540000463,41.8305500001583]},"properties":{"OBJECTID":2,"Name":"Andrews Hall","FolderPath":"Brown University Campus AED + First Aid Map/AEDs","SymbolID":0,"AltMode":-1,"Base":0,"Snippet":"","PopupInfo":"\u003cimg src=\"https://mymaps.usercontent.google.com/hostedimage/m/*/3ADbDBKvaUv_VJ4NkmxUr-GgwQ9y9AK3PBVXMt57FJFHJz-v4n1J9mX392b0LpBVn42GWmipkp3QAeuzdLKo5ZqSYgqQmnVew6XfFzNbx764IL4_KTkvPq0ifwEcdMMSPQArZTNVpleZ3DcVTyYuUZmEqiOvCGcQa2S4x_U0zCEFBq9yfJi8WDO_ecjl-MtiK7SVB9ZcVqlNFdy4sOWyOGmWr1hwvtzn3RzadB0vGwuHHj_ofsHz3Nvfno-Jb_eU?authuser=0&fife=s16383\" height=\"200\" width=\"auto\" /\u003e\u003cbr\u003e\u003cbr\u003eDining hall level. Ground floor.\u003cbr\u003e*Also contains Narcan for opioid overdose\u003cbr\u003eWalk into front door of Andrews dining. Keep walking straight it is on the left hand wall. Next to stairs and elevator.\u003cbr\u003e\u003cbr\u003eCR2 AED \u003cbr\u003e\u003cbr\u003e\u003ca href=\"https://www.youtube.com/watch?v=WtN56rbzEgw\"\u003e\u003cimg src=\"https://img.youtube.com/vi/WtN56rbzEgw/hqdefault.jpg\" height=\"200\" width=\"auto\" /\u003e\u003c/a\u003e\u003cbr\u003e\u003cbr\u003e\u003ca href=\"https://www.youtube.com/embed/WtN56rbzEgw\"\u003ehttps://www.youtube.com/embed/WtN56rbzEgw\u003c/a\u003e","HasLabel":-1,"LabelID":0,"Descrip":"Dining hall level. Ground floor.\r\n*Also contains Narcan for opioid overdose\r\nWalk into front door of Andrews dining. Keep walking straight it is on the left hand wall. Next to stairs and elevator.\r\n\r\nCR2 AED ","narcan":"Y","restricted":"Unrestricted","GlobalID":"91604d1c-31d4-4466-8b85-af1056597492"}},{"type":"Feature","id":3,"geometry":{"type":"Point","coordinates":[-71.4008500001876,41.8283599999432]},"properties":{"OBJECTID":3,"Name":"Brown Bookstore","FolderPath":"Brown University Campus AED + First Aid Map/AEDs","SymbolID":0,"AltMode":-1,"Base":0,"Snippet":"","PopupInfo":"\u003cimg src=\"https://mymaps.usercontent.google.com/hostedimage/m/*/3ADbDBKtikpyi8FCRpCUKmmvw1P1Sgi3x53eyW-K3ixx5zszK5sP16pZG01HzuAXyRuj_Hm9lUwEUIPZE5Q-C4uDbP2yFjI69lDLvEZPgdKsTJsfreME86nvPNrWLQjy-l_rzXuzb3jLUsc4zj64QB-16zr9kqe_26p8nSJEcNd2EYoj-xlfxkMqZp-nOJgKMVabXryrH_JjodFpNwNxzsJ-NoQ5a89GbKCUpBjp07HEBqBDk3sAtNkQhebmjsvU?authuser=0&fife=s16383\" height=\"200\" width=\"auto\" /\u003e\u003cbr\u003e\u003cbr\u003e1st floor right next to elevators\u003cbr\u003e*Also contains Narcan for opioid overdose\u003cbr\u003e\u003cbr\u003eWalk into bookstore from main entrance. Keep walking straight past the check out station. After the checkout counter, there will be a glass door on your left. Enter the glass door and you will find the AED on the same wall as the elevator.\u003cbr\u003e\u003cbr\u003eCR2 AED \u003cbr\u003e\u003cbr\u003e\u003ca href=\"https://www.youtube.com/watch?v=WtN56rbzEgw\"\u003e\u003cimg src=\"https://img.youtube.com/vi/WtN56rbzEgw/hqdefault.jpg\" height=\"200\" width=\"auto\" /\u003e\u003c/a\u003e\u003cbr\u003e\u003cbr\u003e\u003ca href=\"https://www.youtube.com/embed/WtN56rbzEgw\"\u003ehttps://www.youtube.com/embed/WtN56rbzEgw\u003c/a\u003e","HasLabel":-1,"LabelID":0,"Descrip":"1st floor right next to elevators\r\n*Also contains Narcan for opioid overdose\r\n\r\nWalk into bookstore from main entrance. Keep walking straight past the check out station. After the checkout counter, there will be a glass door on your left. Enter the glass door and you will find the AED on the same wall as the elevator.","narcan":"Y","restricted":"Unrestricted","GlobalID":"531bf1ab-b6d2-48b5-a8b6-610c9cb2a033"}},{"type":"Feature","id":4,"geometry":{"type":"Point","coordinates":[-71.4037700002624,41.8249400003777]},"properties":{"OBJECTID":4,"Name":"The Brown Faculty Club","FolderPath":"Brown University Campus AED + First Aid Map/AEDs","SymbolID":1,"AltMode":-1,"Base":0,"Snippet":"","PopupInfo":"\u003cimg src=\"https://mymaps.usercontent.google.com/hostedimage/m/*/3ADbDBKvtYZNsXWqU-cNiR5Q0B1INsQqtavOGp6-crsI-Fw8I96SoGfEODF7DjB4bDX1WpB5Tv2_9n0Hie_ptiae2vN6FYp0IpKykZzUgH5or2NkUifc_cENBNMGsWnNYFBFQz_ZrONN2V6cMJ6ZjMKeCdKgU_qyjLxyf1GBZ6p_GAK-cI75Jlf1BbbK6XSNu_7oXEhqlNxUjLqwMOO0LxjhFO54sy6HqkYwHn00ixsUlj7gg-BpwTXT_oje4KQs?authuser=0&fife=s16383\" height=\"200\" width=\"auto\" /\u003e\u003cbr\u003e\u003cbr\u003e1st floor across from elevator\u003cbr\u003e\u003cbr\u003eWalk in head diagonally to your left towards elevator. The AED will be on a wall directly across from the elevator. \u003cbr\u003e\u003cbr\u003eCR2 AED\u003cbr\u003e\u003cbr\u003e\u003ca href=\"https://www.youtube.com/watch?v=WtN56rbzEgw\"\u003e\u003cimg src=\"https://img.youtube.com/vi/WtN56rbzEgw/hqdefault.jpg\" height=\"200\" width=\"auto\" /\u003e\u003c/a\u003e\u003cbr\u003e\u003cbr\u003e\u003ca href=\"https://www.youtube.com/embed/WtN56rbzEgw\"\u003ehttps://www.youtube.com/embed/WtN56rbzEgw\u003c/a\u003e","HasLabel":-1,"LabelID":0,"Descrip":"1st floor across from elevator\r\n\r\nWalk in head diagonally to your left towards elevator. The AED will be on a wall directly across from the elevator. ","narcan":"N","restricted":"Unrestricted","GlobalID":"ae758d80-9fd1-4868-8263-e7e5df2314ce"}},{"type":"Feature","id":5,"geometry":{"type":"Point","coordinates":[-71.4033599998778,41.8280799997135]},"properties":{"OBJECTID":5,"Name":"Brown RISD Hillel","FolderPath":"Brown University Campus AED + First Aid Map/AEDs","SymbolID":0,"AltMode":-1,"Base":0,"Snippet":"","PopupInfo":"\u003cimg src=\"https://mymaps.usercontent.google.com/hostedimage/m/*/3ADbDBKuxP76uKGc6_HXPEGaahRPnV3Zw--XpVtJN53a9Isfk3Cdyji7UMrdhLm1HIJxaSqAga2dqrAiecWKN3lOL8173qjzteFLe8HoK_ryRbBi5T6X9hpbO0NQWNdXpoxa1taOjN4o4bMmYrlHHfdLYUTuF9zb3MyxyU4GKTxOFLXznLQ4owunMyGKyukqmVLVOPBOC6Ss8CjgDdQ5miMFTLa695p61d4PVu0XiPrfYeqUg-Ryw-D6RQttZ0Wc?authuser=0&fife=s16383\" height=\"200\" width=\"auto\" /\u003e\u003cbr\u003e\u003cbr\u003eRight across from from door\u003cbr\u003e*Plus Narcan for opioid overdose\u003cbr\u003e\u003cbr\u003eEnter Hillel keep walking straight it is right on the wall across from front door \u003cbr\u003e\u003cbr\u003eCR2 AED \u003cbr\u003e\u003cbr\u003e\u003ca href=\"https://www.youtube.com/watch?v=WtN56rbzEgw\"\u003e\u003cimg src=\"https://img.youtube.com/vi/WtN56rbzEgw/hqdefault.jpg\" height=\"200\" width=\"auto\" /\u003e\u003c/a\u003e\u003cbr\u003e\u003cbr\u003e\u003ca href=\"https://www.youtube.com/embed/WtN56rbzEgw\"\u003ehttps://www.youtube.com/embed/WtN56rbzEgw\u003c/a\u003e","HasLabel":-1,"LabelID":0,"Descrip":"Right across from from door\r\n*Plus Narcan for opioid overdose\r\n\r\nEnter Hillel keep walking straight it is right on the wall across from front door","narcan":"Y","restricted":"Unrestricted","GlobalID":"b29ba500-f3d4-49aa-9243-0d40e74cc4b8"}},{"type":"Feature","id":6,"geometry":{"type":"Point","coordinates":[-71.3962757003967,41.8316850995828]},"properties":{"OBJECTID":6,"Name":"Center for Lacrosse and Soccer","FolderPath":"Brown University Campus AED + First Aid Map/AEDs","SymbolID":0,"AltMode":-1,"Base":0,"Snippet":"","PopupInfo":"\u003cimg src=\"https://mymaps.usercontent.google.com/hostedimage/m/*/3ADbDBKsgK1Nxq6WI9Hu8mzmVMa61PydCWrB1v5uiIscweaLDYKJrWgTu1Gn7nqLfRwrtu0JMrDvxD_eiwcCWW9sz9md9lgTC7fe3yPiVOOc9WQMsrLsJCn4r3tFzHqFPQR-dSVnB-joqlvGX2GOkXm92UIec8wPdza6NNKZn0rD4o7cfQhUtMcykA8mhgrnkxgYGQkJKOaJ8bklEkReTW8KA3pL7d2FMfW-ixanKQLxe_CvGCxJVte8QgxfcSv0?authuser=0&fife=s16383\" height=\"200\" width=\"auto\" /\u003e\u003cbr\u003e\u003cbr\u003e2nd floor next to water fountain also next to top stadium entrance\u003cbr\u003e*Also contains Narcan for opioid overdose\u003cbr\u003e If entering from parking lot, go up elevators one floor and turn right. AED is on the right hand side next to the water fountain.\u003cbr\u003eIf entering from the bleachers, go to the left most door, enter and AED will be on your left hand side from the water fountain.\u003cbr\u003e\u003cbr\u003eCR2 AED\u003cbr\u003e\u003cbr\u003e\u003ca href=\"https://www.youtube.com/watch?v=WtN56rbzEgw\"\u003e\u003cimg src=\"https://img.youtube.com/vi/WtN56rbzEgw/hqdefault.jpg\" height=\"200\" width=\"auto\" /\u003e\u003c/a\u003e\u003cbr\u003e\u003cbr\u003e\u003ca href=\"https://www.youtube.com/embed/WtN56rbzEgw\"\u003ehttps://www.youtube.com/embed/WtN56rbzEgw\u003c/a\u003e","HasLabel":-1,"LabelID":0,"Descrip":"2nd floor next to water fountain also next to top stadium entrance\r\n*Also contains Narcan for opioid overdose\r\n If entering from parking lot, go up elevators one floor and turn right. AED is on the right hand side next to the water fountain.\r\nIf entering from the bleachers, go to the left most door, enter and AED will be on your left hand side from the water fountain.","narcan":"Y","restricted":"Unrestricted","GlobalID":"7ecf5c06-b4f5-45d9-9def-426163e0cb73"}},{"type":"Feature","id":7,"geometry":{"type":"Point","coordinates":[-71.3962363995581,41.8315103002553]},"properties":{"OBJECTID":7,"Name":"Center for Lacrosse and Soccer: 3rd Floor","FolderPath":"Brown University Campus AED + First Aid Map/AEDs","SymbolID":0,"AltMode":-1,"Base":0,"Snippet":"","PopupInfo":"\u003cimg src=\"https://mymaps.usercontent.google.com/hostedimage/m/*/3ADbDBKvP4mLGYDkrhvjCDy2s1nCLnhzO9BbY1U61kIFMZjFq1d4UCGHgkrnQo9J-OKXPjMcG2Xz4YURXSG63QcqbxGUvZj4k2S02mnDH6RQUvFlcLU7Et5ujnyAX9Oi6NOSpyrWBXEoFRAg9QqWvYKDn51PysJ_Kq4YOST5Wi2LE7LeQuOLIkwygJdTy5Cta4jYVmtjEfIVHJ5XgBRMbSPlV3s6muwjMd_h8Gp_RPppgDPKpXS477LMuQxHY0SQ?authuser=0&fife=s16383\" height=\"200\" width=\"auto\" /\u003e\u003cbr\u003e\u003cbr\u003e3rd floor, next to water fountain, down long hallway\u003cbr\u003e*Also contains Narcan for opioid overdose\u003cbr\u003eEnter from the parking lot main entrance, go up stairs to third level, walk down long hallway past water fountain. AED will be on your right hand side.\u003cbr\u003e\u003cbr\u003eCR2 AED ","HasLabel":-1,"LabelID":0,"Descrip":"3rd floor, next to water fountain, down long hallway\r\n*Also contains Narcan for opioid overdose\r\nEnter from the parking lot main entrance, go up stairs to third level, walk down long hallway past water fountain. AED will be on your right hand side.\r\n\r\nCR2 AED ","narcan":"Y","restricted":"Unrestricted","GlobalID":"84aae2bd-cdb8-408c-ab9b-5e599a6bd041"}},{"type":"Feature","id":8,"geometry":{"type":"Point","coordinates":[-71.4078600001614,41.818219999957]},"properties":{"OBJECTID":8,"Name":"Department of Public Safety: Knowledge District Substation","FolderPath":"Brown University Campus AED + First Aid Map/AEDs","SymbolID":0,"AltMode":-1,"Base":0,"Snippet":"","PopupInfo":"\u003cimg src=\"https://mymaps.usercontent.google.com/hostedimage/m/*/3ADbDBKvLbJjW35L8nG1uRexFGpaR8jdZJTlgliTiG-f3xdOUWPcjxeDjRQEqw7LMMO-yHetms5LMfjbp6EbvHv0pRUcPqmGTNrwFHKY_o3YLNVHRa-dsx8_hE979H0-mzOsG5bU4TnxBEP09hFQ51BPhSyGY9M5Jzo_uGGzFVOCSy97ai9MG675aDr6GQJeN1OkYKsZWye-0i77sak4i6LFB53cjko3fcQkCHrvgXDkajI6fxTkbcMlWxHaOvgM?authuser=0&fife=s16383\" height=\"200\" width=\"auto\" /\u003e\u003cbr\u003e\u003cbr\u003eJust inside the entrance facing Eddy St.\u003cbr\u003e*Also contains Narcan for opioid overdose\u003cbr\u003eWalk into main door and it is on your left.\u003cbr\u003e\u003cbr\u003eCR2 AED\u003cbr\u003e\u003cbr\u003e\u003ca href=\"https://www.youtube.com/watch?v=WtN56rbzEgw\"\u003e\u003cimg src=\"https://img.youtube.com/vi/WtN56rbzEgw/hqdefault.jpg\" height=\"200\" width=\"auto\" /\u003e\u003c/a\u003e\u003cbr\u003e\u003cbr\u003e\u003ca href=\"https://www.youtube.com/embed/WtN56rbzEgw\"\u003ehttps://www.youtube.com/embed/WtN56rbzEgw\u003c/a\u003e","HasLabel":-1,"LabelID":0,"Descrip":"Just inside the entrance facing Eddy St.\r\n*Also contains Narcan for opioid overdose\r\nWalk into main door and it is on your left.\r\n\r\nCR2 AED","narcan":"Y","restricted":"Unrestricted","GlobalID":"58637c86-c4eb-4f1b-a256-3896baecfc59"}},{"type":"Feature","id":9,"geometry":{"type":"Point","coordinates":[-71.3981812001223,41.8242120000224]},"properties":{"OBJECTID":9,"Name":"Department of Public Safety: FRONT","FolderPath":"Brown University Campus AED + First Aid Map/AEDs","SymbolID":0,"AltMode":-1,"Base":0,"Snippet":"","PopupInfo":"\u003cimg src=\"https://mymaps.usercontent.google.com/hostedimage/m/*/3ADbDBKs3FRPeBcdj_LiLaoLlPIRq54DC2FfaDsUooD8xOAXKuCjTrkCH-_S4kh2wK_C2QoVBoLJMHtrsEmXZkIHSu31AUHAaTNECFVl8_pu1h_4TFBCUbmntuDKZXT-K4Mt9irud7dmZCYHzjqCm5htLm35vHW_EcIMcesBhJDQvWFTQQU7GLRbk-h4TWhvPG6LfM5KmVnm7gSwe4XY105J8SC8EsWoeh5UT41p93FQr-X_k-3PnHfdNJGT1Exg?authuser=0&fife=s16383\" height=\"200\" width=\"auto\" /\u003e\u003cbr\u003e\u003cbr\u003e1st floor Main foyer entryway\u003cbr\u003e*Also contains Narcan for opioid overdose\u003cbr\u003e Enter the building off of 75 Charlesfield Street by going down the stairs and through the doors. The AED is on the wall looking straight ahead.\u003cbr\u003e\u003cbr\u003eCR2 AED\u003cbr\u003e\u003cbr\u003e\u003ca href=\"https://www.youtube.com/watch?v=WtN56rbzEgw\"\u003e\u003cimg src=\"https://img.youtube.com/vi/WtN56rbzEgw/hqdefault.jpg\" height=\"200\" width=\"auto\" /\u003e\u003c/a\u003e\u003cbr\u003e\u003cbr\u003e\u003ca href=\"https://www.youtube.com/embed/WtN56rbzEgw\"\u003ehttps://www.youtube.com/embed/WtN56rbzEgw\u003c/a\u003e","HasLabel":-1,"LabelID":0,"Descrip":"1st floor Main foyer entryway\r\n*Also contains Narcan for opioid overdose\r\n Enter the building off of 75 Charlesfield Street by going down the stairs and through the doors. The AED is on the wall looking straight ahead.\r\n\r\nCR2 AED","narcan":"Y","restricted":"Unrestricted","GlobalID":"aca29efd-ab80-49f7-894a-5f3e94596a26"}},{"type":"Feature","id":10,"geometry":{"type":"Point","coordinates":[-71.3981940999183,41.8242934003729]},"properties":{"OBJECTID":10,"Name":"Department of Public Safety: REAR","FolderPath":"Brown University Campus AED + First Aid Map/AEDs","SymbolID":0,"AltMode":-1,"Base":0,"Snippet":"","PopupInfo":"\u003cimg src=\"https://mymaps.usercontent.google.com/hostedimage/m/*/3ADbDBKvju2CXdYjG1IrI-HEpf_9a-k4J1FITVbj29E-0Sks3gQ7IgXrCACDgOm7jaJjsqXeVoFhEYSBiO6gOILOdHxdL1KTYQz199XHOyMV1jjqQjUiCxUETXbRPHAq4hdTloSxfdjXf-yXN2PEc0xuhXdf7urSR_hXBe02daea9qRVU4vgNeufkmGeatP7KSo7yYi58r4XFJLaXdgPF-6pqUCkfcRHwjfd6xi_HNoqA_0ZryuPzvTjQwznWfRM?authuser=0&fife=s16383\" height=\"200\" width=\"auto\" /\u003e\u003cbr\u003e\u003cbr\u003e2nd floor (up the first set of stairs) on the right of the door\u003cbr\u003e*Also contains Narcan for opioid overdose\u003cbr\u003eGo through the driveway on the right of the building off of Charlesfield Street and navigate around the building through Parking Lot 57 to the rear entrance. Go up the first set of stairs to the 2nd floor. The AED is on the wall to the right of the door next to the phone.\u003cbr\u003e\u003cbr\u003eCR2 AED \u003cbr\u003e\u003cbr\u003e\u003ca href=\"https://www.youtube.com/watch?v=WtN56rbzEgw\"\u003e\u003cimg src=\"https://img.youtube.com/vi/WtN56rbzEgw/hqdefault.jpg\" height=\"200\" width=\"auto\" /\u003e\u003c/a\u003e\u003cbr\u003e\u003cbr\u003e\u003ca href=\"https://www.youtube.com/embed/WtN56rbzEgw\"\u003ehttps://www.youtube.com/embed/WtN56rbzEgw\u003c/a\u003e","HasLabel":-1,"LabelID":0,"Descrip":"2nd floor (up the first set of stairs) on the right of the door\r\n*Also contains Narcan for opioid overdose\r\nGo through the driveway on the right of the building off of Charlesfield Street and navigate around the building through Parking Lot 57 to the rear entrance. Go up the first set of stairs to the 2nd floor. The AED is on the wall to the right of the door next to the phone.\r\n\r\nCR2 AED ","narcan":"Y","restricted":"Unrestricted","GlobalID":"b810c574-35f1-44a9-92ff-804cf7dfb73f"}},{"type":"Feature","id":11,"geometry":{"type":"Point","coordinates":[-71.3991011002802,41.8276080002255]},"properties":{"OBJECTID":11,"Name":"118 Waterman EHS","FolderPath":"Brown University Campus AED + First Aid Map/AEDs","SymbolID":1,"AltMode":-1,"Base":0,"Snippet":"","PopupInfo":"\u003cimg src=\"https://mymaps.usercontent.google.com/hostedimage/m/*/3ADbDBKslbs6DVo_0KWNqueM5E4Pd4ZM4EhYUi01qEeYLWEWwTMSJKWI9iz_tEasGVf03wd1fWoVsRNxjrvXJZVg3e-AUjCIFPOULQllt8h4fArx4FRq5NRiTf1vyO4d7RCha7_pk-Vr2XMvgIHG0nUHuld5wOalqf-Lx73NYgaCryJjPOT8HAn3cY2lR97iu88wCj74iKz3DmGogq51avJbxDkOfi1eppZ5nnaz_yH7EvLGSahNZ67FJv4dbwZU?authuser=0&fife=s16383\" height=\"200\" width=\"auto\" /\u003e\u003cbr\u003e\u003cbr\u003e2nd floor in the admin area, past the office cubicles on the left hand side\u003cbr\u003e\u003cbr\u003eWhen you enter the EHS building, walk up the stairs to the second floor. Take a left immediately and walk through the office cubicles until you get to the back wall of the office. The AED is on the counter across from room 218.\u003cbr\u003e\u003cbr\u003eCR2 AED\u003cbr\u003e\u003cbr\u003e\u003ca href=\"https://www.youtube.com/watch?v=WtN56rbzEgw\"\u003e\u003cimg src=\"https://img.youtube.com/vi/WtN56rbzEgw/hqdefault.jpg\" height=\"200\" width=\"auto\" /\u003e\u003c/a\u003e\u003cbr\u003e\u003cbr\u003e\u003ca href=\"https://www.youtube.com/embed/WtN56rbzEgw\"\u003ehttps://www.youtube.com/embed/WtN56rbzEgw\u003c/a\u003e","HasLabel":-1,"LabelID":0,"Descrip":"2nd floor in the admin area, past the office cubicles on the left hand side\r\n\r\nWhen you enter the EHS building, walk up the stairs to the second floor. Take a left immediately and walk through the office cubicles until you get to the back wall of the office. The AED is on the counter across from room 218.\r\n\r\nCR2 AED","narcan":"Y","restricted":"Unrestricted","GlobalID":"149f6279-673d-42c8-b314-2514f518cc6e"}},{"type":"Feature","id":12,"geometry":{"type":"Point","coordinates":[-71.3955399998984,41.8329299999389]},"properties":{"OBJECTID":12,"Name":"Facilities Management: 1st Floor","FolderPath":"Brown University Campus AED + First Aid Map/AEDs","SymbolID":1,"AltMode":-1,"Base":0,"Snippet":"","PopupInfo":"\u003cimg src=\"https://mymaps.usercontent.google.com/hostedimage/m/*/3ADbDBKuFZqlE03PiK70RmNh_RsLCjk6SsVlulP0CDOxo5gdAkyNWkmL4uIKplCd0VTj0kRd6iMUkEZpm5Oherwszg7YiZ06AlBrhBt3tI4cHw5Gk6umlsHjcLvhozMgUdDFX3JiAc2C6nYisqIxIn5RzIiMaQVbJI_Svcml6UB8wg35fDiwRDCNhcPyo4ua4Be1_cflgw872kc-4azESivox6ZfsO-pBCiZATy0sSDRZcBg5YyUzHuSKJUjxsAI?authuser=0&fife=s16383\" height=\"200\" width=\"auto\" /\u003e\u003cbr\u003e\u003cbr\u003e1st floor outside of elevator\u003cbr\u003e\u003cbr\u003eEnter through main entrance and the elevators are immediately in front, to the right with the AED beside it\u003cbr\u003e\u003cbr\u003eCR2 AED \u003cbr\u003e\u003cbr\u003e\u003ca href=\"https://www.youtube.com/watch?v=WtN56rbzEgw\"\u003e\u003cimg src=\"https://img.youtube.com/vi/WtN56rbzEgw/hqdefault.jpg\" height=\"200\" width=\"auto\" /\u003e\u003c/a\u003e\u003cbr\u003e\u003cbr\u003e\u003ca href=\"https://www.youtube.com/embed/WtN56rbzEgw\"\u003ehttps://www.youtube.com/embed/WtN56rbzEgw\u003c/a\u003e","HasLabel":-1,"LabelID":0,"Descrip":"1st floor outside of elevator\r\n\r\nEnter through main entrance and the elevators are immediately in front, to the right with the AED beside it\r\n\r\nCR2 AED ","narcan":"N","restricted":"Unrestricted","GlobalID":"1b85837f-c3c6-44f5-b392-5565ff55054e"}},{"type":"Feature","id":13,"geometry":{"type":"Point","coordinates":[-71.3955533996191,41.8329479999851]},"properties":{"OBJECTID":13,"Name":"Facilities Management: 2nd Floor","FolderPath":"Brown University Campus AED + First Aid Map/AEDs","SymbolID":1,"AltMode":-1,"Base":0,"Snippet":"","PopupInfo":"\u003cimg src=\"https://mymaps.usercontent.google.com/hostedimage/m/*/3ADbDBKsC1F08C3HVGgwkB9uAMISnmWQObineGeEf-G9EXKUBZ-Q5--yCNuTaxbFRv_zVB-gNBeznYSXrH0GkBzN4hk1HOFJ9kl6H76S4wh8zvjJfyokhtstc47-X0xDc9gP8eGMUKnv5W4j-Uj_PWg6c0WF-X6oijupk9niUL6B5G2tmM7pD-lLK_3FaF7WcXk1MIVGITTHLEIJqqHXtBiP4sNXsc7wgnEfaZcwbIn6V-iQYEd59uWjJUWYn-cA?authuser=0&fife=s16383\" height=\"200\" width=\"auto\" /\u003e\u003cbr\u003e\u003cbr\u003eSecond floor outside of elevators\u003cbr\u003e\u003cbr\u003eGo through main entrance, go straight until elevator. Take it up to the second floor.\u003cbr\u003e\u003cbr\u003eCR2 AED\u003cbr\u003e\u003cbr\u003e\u003ca href=\"https://www.youtube.com/watch?v=WtN56rbzEgw\"\u003e\u003cimg src=\"https://img.youtube.com/vi/WtN56rbzEgw/hqdefault.jpg\" height=\"200\" width=\"auto\" /\u003e\u003c/a\u003e\u003cbr\u003e\u003cbr\u003e\u003ca href=\"https://www.youtube.com/embed/WtN56rbzEgw\"\u003ehttps://www.youtube.com/embed/WtN56rbzEgw\u003c/a\u003e","HasLabel":-1,"LabelID":0,"Descrip":"Second floor outside of elevators\r\n\r\nGo through main entrance, go straight until elevator. Take it up to the second floor.\r\n\r\nCR2 AED","narcan":"N","restricted":"Unrestricted","GlobalID":"15361536-94a2-4cd8-b535-7461471cee25"}},{"type":"Feature","id":14,"geometry":{"type":"Point","coordinates":[-71.395530699819,41.8329450001228]},"properties":{"OBJECTID":14,"Name":"Facilities Management: 3rd Floor","FolderPath":"Brown University Campus AED + First Aid Map/AEDs","SymbolID":1,"AltMode":-1,"Base":0,"Snippet":"","PopupInfo":"\u003cimg src=\"https://mymaps.usercontent.google.com/hostedimage/m/*/3ADbDBKv4VXXNq6ANix0WfURV4eg3eGmOsh1D5m4yw0hgOYEsIMXhfP6BLIM-_UxM-KtQu_lkelENExUW2YQsAHUf_lmmjGm36RjBBwCdJipAKWAG6ofPt-p_AYmMLZkwO4pgujExsZJ-mqMGhndiShsl_GUPChhUVuuyAmtGKlhNAQxCDeSHpzTgRnoOeS0kSADZmJfnlyyfbrhfyNkBv18svam9B1bnXjxhVOfv5dWUN2fNFhjQDU11OnZ9O9k?authuser=0&fife=s16383\" height=\"200\" width=\"auto\" /\u003e\u003cbr\u003e\u003cbr\u003e3rd floor outside of elevators\u003cbr\u003e\u003cbr\u003ego through main entrance, take elevators directly in front up to the third floor\u003cbr\u003e\u003cbr\u003eCR2 AED\u003cbr\u003e\u003cbr\u003e\u003ca href=\"https://www.youtube.com/watch?v=WtN56rbzEgw\"\u003e\u003cimg src=\"https://img.youtube.com/vi/WtN56rbzEgw/hqdefault.jpg\" height=\"200\" width=\"auto\" /\u003e\u003c/a\u003e\u003cbr\u003e\u003cbr\u003e\u003ca href=\"https://www.youtube.com/embed/WtN56rbzEgw\"\u003ehttps://www.youtube.com/embed/WtN56rbzEgw\u003c/a\u003e","HasLabel":-1,"LabelID":0,"Descrip":"3rd floor outside of elevators\r\n\r\ngo through main entrance, take elevators directly in front up to the third floor\r\n\r\nCR2 AED","narcan":"N","restricted":"Unrestricted","GlobalID":"483ce598-b331-41fc-8820-83a62d8b4975"}},{"type":"Feature","id":15,"geometry":{"type":"Point","coordinates":[-71.400639999534,41.8234899998307]},"properties":{"OBJECTID":15,"Name":"Grad Center E: Bear's Lair","FolderPath":"Brown University Campus AED + First Aid Map/AEDs","SymbolID":0,"AltMode":-1,"Base":0,"Snippet":"","PopupInfo":"\u003cimg src=\"https://mymaps.usercontent.google.com/hostedimage/m/*/3ADbDBKtvfRSfzZqdLoqwCJSo2EzFTmW-wu_wxS39bEmih5_HzL51EVno_1-nwvpccuCBQNciLoh6LBGfAvWrxgbAVls9umTQjOf6guntHQ9PgfOihR8wHKaVZ5SwykO-41Ze4J4BfoTwKZR-8EjVUQzHyuhwGdCbqYQpkWbjfBCAh0TAX6-FC5tREaPHU2VaUdv8BiIjoGq1syqLn_-udghIOda7t0lBbbE1pfzwenBxqdZBGhoxMJJmLKj9NN8?authuser=0&fife=s16383\" height=\"200\" width=\"auto\" /\u003e\u003cbr\u003e\u003cbr\u003e2nd floor bears lair by entrance to gym\u003cbr\u003e*Also contains Narcan for opioid overdose\u003cbr\u003eWalk down stairs one level from the key office walk behind fire place next to gym\u003cbr\u003e\u003cbr\u003e CR2 AED\u003cbr\u003e\u003cbr\u003e\u003ca href=\"https://www.youtube.com/watch?v=WtN56rbzEgw\"\u003e\u003cimg src=\"https://img.youtube.com/vi/WtN56rbzEgw/hqdefault.jpg\" height=\"200\" width=\"auto\" /\u003e\u003c/a\u003e\u003cbr\u003e\u003cbr\u003e\u003ca href=\"https://www.youtube.com/embed/WtN56rbzEgw\"\u003ehttps://www.youtube.com/embed/WtN56rbzEgw\u003c/a\u003e","HasLabel":-1,"LabelID":0,"Descrip":"2nd floor bears lair by entrance to gym\r\n*Also contains Narcan for opioid overdose\r\nWalk down stairs one level from the key office walk behind fire place next to gym\r\n\r\n CR2 AED","narcan":"N","restricted":"Unrestricted","GlobalID":"e1be2b9e-dcd6-45d3-b038-643df4a54510"}},{"type":"Feature","id":16,"geometry":{"type":"Point","coordinates":[-71.4013940001643,41.8283165001411]},"properties":{"OBJECTID":16,"Name":"Granoff Center for the Creative Arts: 1st Floor","FolderPath":"Brown University Campus AED + First Aid Map/AEDs","SymbolID":1,"AltMode":-1,"Base":0,"Snippet":"","PopupInfo":"\u003cimg src=\"https://mymaps.usercontent.google.com/hostedimage/m/*/3ADbDBKv34fiK2ByqCRsQhkCLy6h6Z2A2BnT3BLFA977sI4CRKKjaIG_3O-UBhr1B4epSTxw1cip2YIbC7eDzWXiqFtBp5tsUlBWhP5gva-WNkEeXbuG4y4thEMJX7lkLAQ4-LxTwKgjs_ePXG99ziwD-OK4OHh-3IFJAjoRc8xs4PZ7beqZkTMI11XBFi-CmPuH-YW4_EB0jVkNlB-tLeNGcTzGqskI8bJepSdYJrbw-QF1bxFyNx8meW8rycLw?authuser=0&fife=s16383\" height=\"200\" width=\"auto\" /\u003e\u003cbr\u003e\u003cbr\u003eFirst Floor next to elevators, across from Martinos auditorium.\u003cbr\u003e\u003cbr\u003eComing from the Angell Street entrance, turn right and go past the stairs with the wall on your right. Then look right and turn right at your first opportunity — the AED is beside the 100K Custodial Sprinkler Room, and on the right as you exit the elevator onto the first floor.\u003cbr\u003e\u003cbr\u003eCR2 AED\u003cbr\u003e\u003cbr\u003e\u003ca href=\"https://www.youtube.com/watch?v=WtN56rbzEgw\"\u003e\u003cimg src=\"https://img.youtube.com/vi/WtN56rbzEgw/hqdefault.jpg\" height=\"200\" width=\"auto\" /\u003e\u003c/a\u003e\u003cbr\u003e\u003cbr\u003e\u003ca href=\"https://www.youtube.com/embed/WtN56rbzEgw\"\u003ehttps://www.youtube.com/embed/WtN56rbzEgw\u003c/a\u003e","HasLabel":-1,"LabelID":0,"Descrip":"First Floor next to elevators, across from Martinos auditorium.\r\n\r\nComing from the Angell Street entrance, turn right and go past the stairs with the wall on your right. Then look right and turn right at your first opportunity — the AED is beside the 100K Custodial Sprinkler Room, and on the right as you exit the elevator onto the first floor.\r\n\r\nCR2 AED","narcan":"N","restricted":"Unrestricted","GlobalID":"f26a1b1f-6bdb-4879-af41-d3c0e58af028"}},{"type":"Feature","id":17,"geometry":{"type":"Point","coordinates":[-71.401480399681,41.8282880002101]},"properties":{"OBJECTID":17,"Name":"Granoff Center for the Creative Arts: 2nd Floor","FolderPath":"Brown University Campus AED + First Aid Map/AEDs","SymbolID":1,"AltMode":-1,"Base":0,"Snippet":"","PopupInfo":"\u003cimg src=\"https://mymaps.usercontent.google.com/hostedimage/m/*/3ADbDBKvzv887i8yRnb-JUzE_mTA80qA6QVu8Mg7-yBeeMtma_NDusCOvUkVRBfvNgq-5ItG4G7yt_ELo_o-ZIvb6FbCbjqivdkjZSAKZQ0fSQuom2vmd1erEvWnE1uqGteNzy9aYU0Ee5dtyUkBTjypOm_V3jQfqEI40Bics_x_xQ7klaB8JKRSiUzipIqtn6nX-IrH9PQuKlEM9JdWboYmQ4jWWpssS4n1uAP0RnSUPuMOdZXrtzddSE4ZzSGs?authuser=0&fife=s16383\" height=\"200\" width=\"auto\" /\u003e\u003cbr\u003e\u003cbr\u003eSecond floor outside of the Brown Arts Institute main office\u003cbr\u003e\u003cbr\u003e\"When entering from the entrance facing the LPAC, keep going past the art gallery and turn before the giant number 2 on the chain link wall divider. Then proceed until you see the AED box on your right, with the Convivium (Room 220) on your left and the BAI office in front of you. \u003cbr\u003e\u003cbr\u003eIf you are coming from the Angell street entrance, come up the stairs to the second floor, and turn right after the chain link wall divider. Then proceed until you see the AED box on your right.\"\u003cbr\u003e\u003cbr\u003eCR2 AED\u003cbr\u003e\u003cbr\u003e\u003ca href=\"https://www.youtube.com/watch?v=WtN56rbzEgw\"\u003e\u003cimg src=\"https://img.youtube.com/vi/WtN56rbzEgw/hqdefault.jpg\" height=\"200\" width=\"auto\" /\u003e\u003c/a\u003e\u003cbr\u003e\u003cbr\u003e\u003ca href=\"https://www.youtube.com/embed/WtN56rbzEgw\"\u003ehttps://www.youtube.com/embed/WtN56rbzEgw\u003c/a\u003e","HasLabel":-1,"LabelID":0,"Descrip":"Second floor outside of the Brown Arts Institute main office\r\n\r\n\"When entering from the entrance facing the LPAC, keep going past the art gallery and turn before the giant number 2 on the chain link wall divider. Then proceed until you see the AED box on your right, with the Convivium (Room 220) on your left and the BAI office in front of you.\r\n\r\nIf you are coming from the Angell street entrance, come up the stairs to the second floor, and turn right after the chain link wall divider. Then proceed until you see the AED box on your right.\"\r\n\r\nCR2 AED","narcan":"N","restricted":"Unrestricted","GlobalID":"54042b33-dda4-49ad-ab3a-0c7a4d81cf0a"}},{"type":"Feature","id":18,"geometry":{"type":"Point","coordinates":[-71.4023989003808,41.8255921003522]},"properties":{"OBJECTID":18,"Name":"John Carter Brown Library","FolderPath":"Brown University Campus AED + First Aid Map/AEDs","SymbolID":0,"AltMode":-1,"Base":0,"Snippet":"","PopupInfo":"\u003cimg src=\"https://mymaps.usercontent.google.com/hostedimage/m/*/3ADbDBKs_KNz5pI3Oe809P7iScn1FWCuj8K74CGHAbURmh2qw7JoPNeFnVzdsDrKSh7SsTNWMAoFNFZJjd3RCUu4SqWTRukVoZ5iiEanpNYCZ0Znq3LCyLo-TRUQV9Zh70AweH7eA29jDxHupOPjOEoXBrY92LFE6mtxuBeyuYfOyPDATq-F1PelHsAdti_uzll6QSEpu7LpXBB9pwwdmykkTafeWVagx_V34dIb5AMKmHVKDjAayV3qeSsJN6oc?authuser=0&fife=s16383\" height=\"200\" width=\"auto\" /\u003e\u003cbr\u003e\u003cbr\u003eFirst floor, right next to elevator\u003cbr\u003e*Also contains Narcan for opioid overdose\u003cbr\u003eWhen you enter 94 George Street from the Main Green entrance, take a straight shot back to the elevator and it is on the wall to your left.\u003cbr\u003e\u003cbr\u003eCR2 AED\u003cbr\u003e\u003cbr\u003e\u003ca href=\"https://www.youtube.com/watch?v=WtN56rbzEgw\"\u003e\u003cimg src=\"https://img.youtube.com/vi/WtN56rbzEgw/hqdefault.jpg\" height=\"200\" width=\"auto\" /\u003e\u003c/a\u003e\u003cbr\u003e\u003cbr\u003e\u003ca href=\"https://www.youtube.com/embed/WtN56rbzEgw\"\u003ehttps://www.youtube.com/embed/WtN56rbzEgw\u003c/a\u003e","HasLabel":-1,"LabelID":0,"Descrip":"First floor, right next to elevator\r\n*Also contains Narcan for opioid overdose\r\nWhen you enter 94 George Street from the Main Green entrance, take a straight shot back to the elevator and it is on the wall to your left.\r\n\r\nCR2 AED","narcan":"Y","restricted":"Unrestricted","GlobalID":"0d889ce6-da56-49b5-9cb9-79dedbc78c28"}},{"type":"Feature","id":19,"geometry":{"type":"Point","coordinates":[-71.404958700292,41.8257120003777]},"properties":{"OBJECTID":19,"Name":"John D. Rockefeller Jr. Library","FolderPath":"Brown University Campus AED + First Aid Map/AEDs","SymbolID":0,"AltMode":-1,"Base":0,"Snippet":"","PopupInfo":"\u003cimg src=\"https://mymaps.usercontent.google.com/hostedimage/m/*/3ADbDBKtVtp9R0OXnKsUF6rg4r7VBbxlu1tP1lb5E5CGxUWgNqyZOTnke8oGd_n2cn6qseWlEIIbnluEjgU5wLo4IB_sY-34ZJRllFZGXgzi0VWGOXHb5Xk9PWHKu2avD97vtkbKEwmyXUzev_5riveg9XOrqA8MGlQBa0pmZAvNPZtjVaFdWJv9EA9p52gGFJODL0pO8Tsts1vYADczZ4u2-5QSQNK6Yxgh7-wT-ge9r_2mgzmZndF46Rl-nGPU?authuser=0&fife=s16383\" height=\"200\" width=\"auto\" /\u003e\u003cbr\u003e\u003cbr\u003eLobby entrance along the wall facing the doors\u003cbr\u003e*Also contains Narcan for opioid overdose\u003cbr\u003eWhen you enter from Prospect St through the revolving door, it is on the wall immediately in front behind the chairs and tables\u003cbr\u003e\u003cbr\u003eCR2 AED","HasLabel":-1,"LabelID":0,"Descrip":"Lobby entrance along the wall facing the doors\r\n*Also contains Narcan for opioid overdose\r\nWhen you enter from Prospect St through the revolving door, it is on the wall immediately in front behind the chairs and tables\r\n\r\nCR2 AED","narcan":"Y","restricted":"Unrestricted","GlobalID":"423229af-a7f5-4b8a-b8ef-53cfe2ab8019"}},{"type":"Feature","id":20,"geometry":{"type":"Point","coordinates":[-71.4048596002083,41.8263919997173]},"properties":{"OBJECTID":20,"Name":"John Hay Library","FolderPath":"Brown University Campus AED + First Aid Map/AEDs","SymbolID":0,"AltMode":-1,"Base":0,"Snippet":"","PopupInfo":"\u003cimg src=\"https://mymaps.usercontent.google.com/hostedimage/m/*/3ADbDBKsESTysruaNxxzFR-M0cGBBNa1iYWpSagDt9K5DYqVekgXm_B-mjE0QS-r7adVjF_m2GNtxDiJWOB8hcyxucyVksNCToDnrmTHwhs485IB-V4ojiv-kl741LTLFDGFUpSNU9qfCcr-MSelEmJcxCzVgpqMXzG6kiohCgczhdBUWIAmhuJXtUs9vCMRmDATthQMfx8BAntr1GwFRBj0bUW7GMdBk_8Hii_aBZeq7bmJpy125uW4gimO2h9U?authuser=0&fife=s16383\" height=\"200\" width=\"auto\" /\u003e\u003cbr\u003e\u003cbr\u003eFirst floor behind the security desk\u003cbr\u003e*Also contains Narcan for opioid overdose\u003cbr\u003eWhen you enter at the Prospect St entrance through the double doors, go straight through the lobby to the security desk. It is behind the desk on the right wall\u003cbr\u003e\u003cbr\u003eCR2 AED\u003cbr\u003e\u003cbr\u003e\u003ca href=\"https://www.youtube.com/watch?v=WtN56rbzEgw\"\u003e\u003cimg src=\"https://img.youtube.com/vi/WtN56rbzEgw/hqdefault.jpg\" height=\"200\" width=\"auto\" /\u003e\u003c/a\u003e\u003cbr\u003e\u003cbr\u003e\u003ca href=\"https://www.youtube.com/embed/WtN56rbzEgw\"\u003ehttps://www.youtube.com/embed/WtN56rbzEgw\u003c/a\u003e","HasLabel":-1,"LabelID":0,"Descrip":"First floor behind the security desk\r\n*Also contains Narcan for opioid overdose\r\nWhen you enter at the Prospect St entrance through the double doors, go straight through the lobby to the security desk. It is behind the desk on the right wall\r\n\r\nCR2 AED","narcan":"Y","restricted":"Unrestricted","GlobalID":"490a22b9-1314-4c75-b3ae-76a482c2a2d0"}},{"type":"Feature","id":21,"geometry":{"type":"Point","coordinates":[-71.3993599995462,41.8232099998567]},"properties":{"OBJECTID":21,"Name":"Josiah's Dining","FolderPath":"Brown University Campus AED + First Aid Map/AEDs","SymbolID":0,"AltMode":-1,"Base":0,"Snippet":"","PopupInfo":"\u003cimg src=\"https://mymaps.usercontent.google.com/hostedimage/m/*/3ADbDBKtVWEs9fE1rdniXJVwnaFoOg9F6z0zBK1VE756cxki9FXxheurQPtJ8XWo0UGwuPheI-H1BnrCyaHqrbhYn_4R8Yz0HqOXWzrBmUusjsRe34Pu0FLiYzM44X_bmKWh8aYbW00xYdpr49sCZsB_P-IrBW3rT1m5XpG3T2eRVSMgp0AsuhftjgwihK0iMPnyFnD9Sm_Cy5cwc-y3H3dGJ6tGVe2x5rcpBklQtHcNoMKFRFEkdsI1sd3cFIaY?authuser=0&fife=s16383\" height=\"200\" width=\"auto\" /\u003e\u003cbr\u003e\u003cbr\u003eRight next to entrance to Josiah’s cafeteria area. 1st floor.\u003cbr\u003e*Also contains Narcan for opioid overdose\u003cbr\u003e\u003cbr\u003eWalk into Josiah’s through entrance from Vartan Gregorian Quad. Keep walking through seated area until you get to the cafeteria. AED is on the wall attached to the entrance of the cafeteria area.\u003cbr\u003e\u003cbr\u003eCR2 AED\u003cbr\u003e\u003cbr\u003e\u003ca href=\"https://www.youtube.com/watch?v=WtN56rbzEgw\"\u003e\u003cimg src=\"https://img.youtube.com/vi/WtN56rbzEgw/hqdefault.jpg\" height=\"200\" width=\"auto\" /\u003e\u003c/a\u003e\u003cbr\u003e\u003cbr\u003e\u003ca href=\"https://www.youtube.com/embed/WtN56rbzEgw\"\u003ehttps://www.youtube.com/embed/WtN56rbzEgw\u003c/a\u003e","HasLabel":-1,"LabelID":0,"Descrip":"Right next to entrance to Josiah’s cafeteria area. 1st floor.\r\n*Also contains Narcan for opioid overdose\r\n\r\nWalk into Josiah’s through entrance from Vartan Gregorian Quad. Keep walking through seated area until you get to the cafeteria. AED is on the wall attached to the entrance of the cafeteria area.\r\n\r\nCR2 AED","narcan":"Y","restricted":"Unrestricted","GlobalID":"f48765bd-971c-4cb3-af2c-7698be0e0ca4"}},{"type":"Feature","id":22,"geometry":{"type":"Point","coordinates":[-71.4357100000531,41.7957900003398]},"properties":{"OBJECTID":22,"Name":"Library Collections Annex","FolderPath":"Brown University Campus AED + First Aid Map/AEDs","SymbolID":0,"AltMode":-1,"Base":0,"Snippet":"","PopupInfo":"\u003cimg src=\"https://mymaps.usercontent.google.com/hostedimage/m/*/3ADbDBKsK4hQuAA50k1o2erlHok_SR6F9Q6WkZVf3sRvrohnSTVD8FsF9U_qLhuAprh7sWGaFfZ6-6xX3uoOmmdJr2gzDUNVm4G9m_rZtN0Zl19xiAxKbuVi4zixvt4iqO9qic1he14i1uMf5GXlheWc5XtV6SOkp-Iy2wux_gF01g0j03xBx2n-GaMy6uIzqLWatItx31PDFuf3cEpyopJNAMS9JrLlczAFGRFqhKvPaY5vdAWsRzHvhwErQ0Ho?authuser=0&fife=s16383\" height=\"200\" width=\"auto\" /\u003e\u003cbr\u003e\u003cbr\u003eInside of processing area\u003cbr\u003e*Also contains Narcan for opioid overdose\u003cbr\u003eEnter building main door, take the door to your right, go left (to the end of the hall), then take the door to the right. You will find the AED along the back wall in room 140 near the module room entrance.\u003cbr\u003e\u003cbr\u003eCR2 AED\u003cbr\u003e\u003cbr\u003e\u003ca href=\"https://www.youtube.com/watch?v=WtN56rbzEgw\"\u003e\u003cimg src=\"https://img.youtube.com/vi/WtN56rbzEgw/hqdefault.jpg\" height=\"200\" width=\"auto\" /\u003e\u003c/a\u003e\u003cbr\u003e\u003cbr\u003e\u003ca href=\"https://www.youtube.com/embed/WtN56rbzEgw\"\u003ehttps://www.youtube.com/embed/WtN56rbzEgw\u003c/a\u003e","HasLabel":-1,"LabelID":0,"Descrip":"Inside of processing area\r\n*Also contains Narcan for opioid overdose\r\nEnter building main door, take the door to your right, go left (to the end of the hall), then take the door to the right. You will find the AED along the back wall in room 140 near the module room entrance.\r\n\r\nCR2 AED","narcan":"Y","restricted":"Unrestricted","GlobalID":"9c803988-7d91-44e8-9bca-90233caa6fa2"}},{"type":"Feature","id":23,"geometry":{"type":"Point","coordinates":[-71.4013014994345,41.8260050001856]},"properties":{"OBJECTID":23,"Name":"Lincoln Field Building: 1st Floor","FolderPath":"Brown University Campus AED + First Aid Map/AEDs","SymbolID":1,"AltMode":-1,"Base":0,"Snippet":"","PopupInfo":"\u003cimg src=\"https://mymaps.usercontent.google.com/hostedimage/m/*/3ADbDBKvZAd46CxSHtIoTMuUYtQz0YMDCgOT893KILjsoNt1rv2FWJWS4q01idLez67NdtsvBj3x-GBYtrNbXBQvLkwrEXY7C_CO6LiUcR41DouoSdf3KjXPjOh2zhUSsf6hiCSRQy1lRHJTrx0OyVuR190FDwkBGw16dTOI7JmbuW7UaAWtRDForze5oTw4AdwtFCuqkuymevjzs_bFm2MEuCaqQUfbHFbz5G6MspgQ-tlRhlYuxEZZP9vb9iec?authuser=0&fife=s16383\" height=\"200\" width=\"auto\" /\u003e\u003cbr\u003e\u003cbr\u003e1st floor main lobby, next to room 120\u003cbr\u003e\u003cbr\u003eWhen entering through the main door, continue straight to the main lobby area, AED is in the back right corner next to room 120.\u003cbr\u003e\u003cbr\u003eCR2 AED\u003cbr\u003e\u003cbr\u003e\u003ca href=\"https://www.youtube.com/watch?v=WtN56rbzEgw\"\u003e\u003cimg src=\"https://img.youtube.com/vi/WtN56rbzEgw/hqdefault.jpg\" height=\"200\" width=\"auto\" /\u003e\u003c/a\u003e\u003cbr\u003e\u003cbr\u003e\u003ca href=\"https://www.youtube.com/embed/WtN56rbzEgw\"\u003ehttps://www.youtube.com/embed/WtN56rbzEgw\u003c/a\u003e","HasLabel":-1,"LabelID":0,"Descrip":"1st floor main lobby, next to room 120\r\n\r\nWhen entering through the main door, continue straight to the main lobby area, AED is in the back right corner next to room 120.\r\n\r\nCR2 AED","narcan":"N","restricted":"Unrestricted","GlobalID":"3bb99df2-5c8a-4e17-a946-cfc515dfc2bf"}},{"type":"Feature","id":24,"geometry":{"type":"Point","coordinates":[-71.4012813002904,41.8260069995892]},"properties":{"OBJECTID":24,"Name":"Lincoln Field Building: 2nd Floor","FolderPath":"Brown University Campus AED + First Aid Map/AEDs","SymbolID":1,"AltMode":-1,"Base":0,"Snippet":"","PopupInfo":"\u003cimg src=\"https://mymaps.usercontent.google.com/hostedimage/m/*/3ADbDBKtgRCzK4N0gLBMJ3H9oK0otMi8B_zxwGL12qDT2ERwXUWU7MzCwkkgof8aL8W1r23gLRbfoqS3wQUAGXOTkiZtdsPCx6_ZxWB1i4senXew4ZBuLn9i64Xaytf6GO4bLHBdliIWagBDO7vvEuUhYkS6nimjlH9EP7HTHQWGAjnCyJJrrHSXab30MDoaFG4XRvbypbZ5TtUw2Le5mqbPUgqqSx-zZlKBDm2vLgoQ8SITB3G3LIKw9Lp38uPg?authuser=0&fife=s16383\" height=\"200\" width=\"auto\" /\u003e\u003cbr\u003e\u003cbr\u003e2nd floor right outside front stair case\u003cbr\u003e\u003cbr\u003eEnter the building from the Ruth Simmons Quad Entrance. Walk up the stairs on flight, walk through the door and the AED will be next to the water found straight ahead on your right side\u003cbr\u003e\u003cbr\u003eCR2 AED \u003cbr\u003e\u003cbr\u003e\u003ca href=\"https://www.youtube.com/watch?v=WtN56rbzEgw\"\u003e\u003cimg src=\"https://img.youtube.com/vi/WtN56rbzEgw/hqdefault.jpg\" height=\"200\" width=\"auto\" /\u003e\u003c/a\u003e\u003cbr\u003e\u003cbr\u003e\u003ca href=\"https://www.youtube.com/embed/WtN56rbzEgw\"\u003ehttps://www.youtube.com/embed/WtN56rbzEgw\u003c/a\u003e","HasLabel":-1,"LabelID":0,"Descrip":"2nd floor right outside front stair case\r\n\r\nEnter the building from the Ruth Simmons Quad Entrance. Walk up the stairs on flight, walk through the door and the AED will be next to the water found straight ahead on your right side\r\n\r\nCR2 AED ","narcan":"N","restricted":"Unrestricted","GlobalID":"5e3edd6a-7411-441d-bfac-dbcda2840bf1"}},{"type":"Feature","id":25,"geometry":{"type":"Point","coordinates":[-71.4012598994946,41.8260100000342]},"properties":{"OBJECTID":25,"Name":"Lincoln Field Building: 3rd Floor","FolderPath":"Brown University Campus AED + First Aid Map/AEDs","SymbolID":1,"AltMode":-1,"Base":0,"Snippet":"","PopupInfo":"\u003cimg src=\"https://mymaps.usercontent.google.com/hostedimage/m/*/3ADbDBKuTXQL8cc-OIxYAyRET6YCNhvbNidccVCRxKAQDWXYk2zwrIRUdIZq8Hp3w9JQh0fi3BSa71ugxap6S-IPiHKULajZiWZp1cpkHavW54aLkyEFpadD3qrZlg08DnmIp2bqwa6slL7NfkmkOZhsRV7tgBUy4orScrE8iJljo1rDZpoup6SMNgeOagkjmpe2xr2EliLsOEyB7iDLWQfBF1gGjF8e3Xu_EHB7y3kyfFj3LFUCrHCEnJF-9yQI?authuser=0&fife=s16383\" height=\"200\" width=\"auto\" /\u003e\u003cbr\u003e\u003cbr\u003e3rd floor next to water fountain, across from bathroom and elevator\u003cbr\u003e\u003cbr\u003eWalk into building from the Ruth Simmons Quad and walk up two flights of stairs. Walk out of stair way and keep walking straight. The AED will be on your right hand side across from the bathroom\u003cbr\u003e\u003cbr\u003eCR2 AED \u003cbr\u003e\u003cbr\u003e\u003ca href=\"https://www.youtube.com/watch?v=WtN56rbzEgw\"\u003e\u003cimg src=\"https://img.youtube.com/vi/WtN56rbzEgw/hqdefault.jpg\" height=\"200\" width=\"auto\" /\u003e\u003c/a\u003e\u003cbr\u003e\u003cbr\u003e\u003ca href=\"https://www.youtube.com/embed/WtN56rbzEgw\"\u003ehttps://www.youtube.com/embed/WtN56rbzEgw\u003c/a\u003e","HasLabel":-1,"LabelID":0,"Descrip":"3rd floor next to water fountain, across from bathroom and elevator\r\n\r\nWalk into building from the Ruth Simmons Quad and walk up two flights of stairs. Walk out of stair way and keep walking straight. The AED will be on your right hand side across from the bathroom\r\n\r\nCR2 AED ","narcan":"N","restricted":"Unrestricted","GlobalID":"3c611a4d-2d71-42de-bb5e-802788d5d76d"}},{"type":"Feature","id":26,"geometry":{"type":"Point","coordinates":[-71.4022204996097,41.8281690999433]},"properties":{"OBJECTID":26,"Name":"Lindemann Performing Arts Center LL3","FolderPath":"Brown University Campus AED + First Aid Map/AEDs","SymbolID":1,"AltMode":-1,"Base":0,"Snippet":"","PopupInfo":"\u003cimg src=\"https://mymaps.usercontent.google.com/hostedimage/m/*/3ADbDBKvo8oVEcc6PHkq0QL0rxBV1TArxJQRtEyonfMePFLb8X5v1VWi2APzEtYcxTNQm_tvvpEjYwgwne8Wr7jrjrDpbAfY9RgVU0i9vFOf18EH4FJ7u8F-k1yGo-Wegd0hgBJJ7I0-yO73T_aulxHBYoS689zKyOPOlcNWcVx4pSQ-0n8bn2E11JbDYmV2nrNQx-b8951awLFnB2fEAnflQBeQd0be0Sc4sHLmHYiJQLM8N-2-1aFJ8mVoByKQ?authuser=0&fife=s16383\" height=\"200\" width=\"auto\" /\u003e\u003cbr\u003e\u003cbr\u003eLL3 outside of dance studio. \u003cbr\u003e\u003cbr\u003eAfter exiting East elevator on LL3 take a right, then go to the end of the hall and take a left. There you will see the AED on the left outside of the dance studio.\u003cbr\u003e\u003cbr\u003eCR2 AED \u003cbr\u003e\u003cbr\u003e\u003ca href=\"https://www.youtube.com/watch?v=WtN56rbzEgw\"\u003e\u003cimg src=\"https://img.youtube.com/vi/WtN56rbzEgw/hqdefault.jpg\" height=\"200\" width=\"auto\" /\u003e\u003c/a\u003e\u003cbr\u003e\u003cbr\u003e\u003ca href=\"https://www.youtube.com/embed/WtN56rbzEgw\"\u003ehttps://www.youtube.com/embed/WtN56rbzEgw\u003c/a\u003e","HasLabel":-1,"LabelID":0,"Descrip":"LL3 outside of dance studio. \r\n\r\nAfter exiting East elevator on LL3 take a right, then go to the end of the hall and take a left. There you will see the AED on the left outside of the dance studio.\r\n\r\nCR2 AED ","narcan":"N","restricted":"Unrestricted","GlobalID":"6f32ef1b-3fd2-4fa6-8e3d-bd81d4458e4e"}},{"type":"Feature","id":27,"geometry":{"type":"Point","coordinates":[-71.4021734997056,41.828177099956]},"properties":{"OBJECTID":27,"Name":"Lindemann Performing Arts Center: LOBBY","FolderPath":"Brown University Campus AED + First Aid Map/AEDs","SymbolID":1,"AltMode":-1,"Base":0,"Snippet":"","PopupInfo":"\u003cimg src=\"https://mymaps.usercontent.google.com/hostedimage/m/*/3ADbDBKuS-YbsNuNlB0OlUJqPNSiV12R7heF_zDD9yG0BgHm1ho_e8KJuV9rqdE0wX-JgTXWVcU2bH4vSaCvisEojt5O9WYVDSZsPgifiVg9-54S2p_Q3sepg-9EaaLzOAqfnhiQuAZwk6Sj5PUC90Uo8tMNgnCsSqa1515qeZG5hXbhbZm3RuROPwXYCrnRanl4Mm1Yt-BcSuK0P3AL39ZJ-GBTp510iAALshw0gNySPJoWXDSIckcubOM_bdHk?authuser=0&fife=s16383\" height=\"200\" width=\"auto\" /\u003e\u003cbr\u003e\u003cbr\u003eThis AED is located in the lobby under the security desk.\u003cbr\u003e\u003cbr\u003eEnter the lobby level of the Lindemann Performing Arts Center and go to the front/security desk. The AED is in a cabinet under the desk in a backpack.\u003cbr\u003e\u003cbr\u003eCR2 AED\u003cbr\u003e\u003cbr\u003e\u003ca href=\"https://www.youtube.com/watch?v=WtN56rbzEgw\"\u003e\u003cimg src=\"https://img.youtube.com/vi/WtN56rbzEgw/hqdefault.jpg\" height=\"200\" width=\"auto\" /\u003e\u003c/a\u003e\u003cbr\u003e\u003cbr\u003e\u003ca href=\"https://www.youtube.com/embed/WtN56rbzEgw\"\u003ehttps://www.youtube.com/embed/WtN56rbzEgw\u003c/a\u003e","HasLabel":-1,"LabelID":0,"Descrip":"This AED is located in the lobby under the security desk.\r\n\r\nEnter the lobby level of the Lindemann Performing Arts Center and go to the front/security desk. The AED is in a cabinet under the desk in a backpack.\r\n\r\nCR2 AED","narcan":"N","restricted":"Unrestricted","GlobalID":"d9d526c2-ff08-4ccd-a026-0097d75a81fe"}},{"type":"Feature","id":28,"geometry":{"type":"Point","coordinates":[-71.4029099999228,41.8251200001129]},"properties":{"OBJECTID":28,"Name":"Maddock Alumni Center","FolderPath":"Brown University Campus AED + First Aid Map/AEDs","SymbolID":1,"AltMode":-1,"Base":0,"Snippet":"","PopupInfo":"\u003cimg src=\"https://mymaps.usercontent.google.com/hostedimage/m/*/3ADbDBKv55Ko0zb9rLE5fvR1ymCvdYQ4pPFdKg0fxhX06cCM-PWdJEepXgAK5BNS3OalkOy9g3bGOhqF2aJqkkhYll5IouJMxCOJ5gaDFo-t-ufPLgyeRWyFxXNL1yesjyassrT42gv9lnfcqsnRLiuWPOoEU2-SaepYshS2bI9zPDWJ6UL4pG9QB8aPgNPmjcLrHm-jJbX0G9eIhAAMllME0oU6lt7KNUymJLmlBp8rK0kJxoW1CYqCgJoP2_w0?authuser=0&fife=s16383\" height=\"200\" width=\"auto\" /\u003e\u003cbr\u003e\u003cbr\u003e2nd floor (Alumni Center) in the hallway past the stairwell\u003cbr\u003e\u003cbr\u003eWhen you enter 38 Brown Street on the George street side, walk up the stairs to the second floor. Then, take a right and walk down the hallway past the elevator and veer left around the coffee station entrance - the AED will be on the right wall. Alternatively, enter on the Brown street side, take a right at the first hallway, and walk past the stairs as described above. \u003cbr\u003e\u003cbr\u003eCR2 AED \u003cbr\u003e\u003cbr\u003e\u003ca href=\"https://www.youtube.com/watch?v=WtN56rbzEgw\"\u003e\u003cimg src=\"https://img.youtube.com/vi/WtN56rbzEgw/hqdefault.jpg\" height=\"200\" width=\"auto\" /\u003e\u003c/a\u003e\u003cbr\u003e\u003cbr\u003e\u003ca href=\"https://www.youtube.com/embed/WtN56rbzEgw\"\u003ehttps://www.youtube.com/embed/WtN56rbzEgw\u003c/a\u003e","HasLabel":-1,"LabelID":0,"Descrip":"This AED is located in the lobby under the security desk.\r\n\r\nEnter the lobby level of the Lindemann Performing Arts Center and go to the front/security desk. The AED is in a cabinet under the desk in a backpack.\r\n\r\nCR2 AED","narcan":"N","restricted":"Unrestricted","GlobalID":"dc9f205e-2e58-4a01-aba3-8c5b5f7bd1bd"}},{"type":"Feature","id":29,"geometry":{"type":"Point","coordinates":[-71.3887600002547,41.818290000328]},"properties":{"OBJECTID":29,"Name":"Marston Boathouse","FolderPath":"Brown University Campus AED + First Aid Map/AEDs","SymbolID":0,"AltMode":-1,"Base":0,"Snippet":"","PopupInfo":"\u003cimg src=\"https://mymaps.usercontent.google.com/hostedimage/m/*/3ADbDBKt-GrL2826jbBIMRYFRypg8_kSKNE_-ldWAK0iHHZ1D5ogiQI3N5mUejhEAL09LZAcb2eXZyfMGLdHDc3_Jk9Xpz7MIwVp4Qa7LKtLuzaFz-oNM3OEP-2bfHkD8gsm4JCZwwWoVDxL21Swn3Z3DDCwywzjBlpEn9VN2uaJdUcGLsVk5GYAkYfj7K9YyhRyRLONVn9zS24BxenuGHeLxdrs2oRvubY8tHSEvFkw-4fVAINxyAbW9N8S8e8U?authuser=0&fife=s16383\" height=\"200\" width=\"auto\" /\u003e\u003cbr\u003e\u003cbr\u003e1st floor right inside the entrance (by the stair 2 exit sign)\u003cbr\u003e*Also contains Narcan for opioid overdose\u003cbr\u003eWhen you enter the boat house driveway, walk through the door on the side of the building facing the water and the AED will be on the right\u003cbr\u003e\u003cbr\u003eCR2 AED\u003cbr\u003e\u003cbr\u003e\u003ca href=\"https://www.youtube.com/watch?v=WtN56rbzEgw\"\u003e\u003cimg src=\"https://img.youtube.com/vi/WtN56rbzEgw/hqdefault.jpg\" height=\"200\" width=\"auto\" /\u003e\u003c/a\u003e\u003cbr\u003e\u003cbr\u003e\u003ca href=\"https://www.youtube.com/embed/WtN56rbzEgw\"\u003ehttps://www.youtube.com/embed/WtN56rbzEgw\u003c/a\u003e","HasLabel":-1,"LabelID":0,"Descrip":"1st floor right inside the entrance (by the stair 2 exit sign)\r\n*Also contains Narcan for opioid overdose\r\nWhen you enter the boat house driveway, walk through the door on the side of the building facing the water and the AED will be on the right\r\n\r\nCR2 AED","narcan":"Y","restricted":"Unrestricted","GlobalID":"34870736-c27f-4c79-943d-2ae312c04eb8"}},{"type":"Feature","id":30,"geometry":{"type":"Point","coordinates":[-71.3987395997598,41.8310937002053]},"properties":{"OBJECTID":30,"Name":"Meehan Auditorium: Main Entrance","FolderPath":"Brown University Campus AED + First Aid Map/AEDs","SymbolID":0,"AltMode":-1,"Base":0,"Snippet":"","PopupInfo":"\u003cimg src=\"https://mymaps.usercontent.google.com/hostedimage/m/*/3ADbDBKs2PDn7a_EifVqez2tEVVRRur1MxRCUv8ySeAZS-4VasSDHOfai4zj62fPMtrahxgupQ_RY8nh70lxqjNRgx6pydxy2bh_aYJrqRIohkYBOk77KqgimHgDS6dlrNrpNhah2dga44tZElH907wjfkym-Yvl6nYBE8L5BKJL207ncIMWQrcZ65I9gFgTqJJ0wApgpaROJ_qMpzIMfcb0PseepXdd1KH7JKICsKDEeBI9B6nt-SpcsvSATGps?authuser=0&fife=s16383\" height=\"200\" width=\"auto\" /\u003e\u003cbr\u003e\u003cbr\u003eGround level, right next to the main entrance\u003cbr\u003e*Also contains Narcan for opioid overdose\u003cbr\u003eWalk into the main entrance of Meehan from the Quad (Into the Berylson Lobby). It is immediately next to the main entrance on your right hand side\u003cbr\u003e\u003cbr\u003eCR2 AED\u003cbr\u003e\u003cbr\u003e\u003ca href=\"https://www.youtube.com/watch?v=WtN56rbzEgw\"\u003e\u003cimg src=\"https://img.youtube.com/vi/WtN56rbzEgw/hqdefault.jpg\" height=\"200\" width=\"auto\" /\u003e\u003c/a\u003e\u003cbr\u003e\u003cbr\u003e\u003ca href=\"https://www.youtube.com/embed/WtN56rbzEgw\"\u003ehttps://www.youtube.com/embed/WtN56rbzEgw\u003c/a\u003e","HasLabel":-1,"LabelID":0,"Descrip":"Ground level, right next to the main entrance\r\n*Also contains Narcan for opioid overdose\r\nWalk into the main entrance of Meehan from the Quad (Into the Berylson Lobby). It is immediately next to the main entrance on your right hand side\r\n\r\nCR2 AED","narcan":"Y","restricted":"Unrestricted","GlobalID":"b428bcea-5907-4d89-a9db-0a07b8c39bcd"}},{"type":"Feature","id":31,"geometry":{"type":"Point","coordinates":[-71.3990100003687,41.8314100003527]},"properties":{"OBJECTID":31,"Name":"Meehan Auditorium: Training Room","FolderPath":"Brown University Campus AED + First Aid Map/AEDs","SymbolID":0,"AltMode":-1,"Base":0,"Snippet":"","PopupInfo":"\u003cimg src=\"https://mymaps.usercontent.google.com/hostedimage/m/*/3ADbDBKu0Z3wSt8RoWA29_ByhcXV5kkt106Gm_MnZV29jqM7iYUJJEYnU3rlzj3-6JfINYCWsBv6PToxTrqn2sQjCtZGvQEODXrsAb9VhTOJ9WM2A1FcDsTTONKmLahJ7xhQsFJGiiglTpH8iZIAyB99veQmJuASRTxRoTlfmFVJNI3tBDi0tqKOUxuXWGHmj0jtKP3iYdBPUw-mIU7GFHjOzN0Uz6fHBYDNhYjCmI1yAM_3wLEGpwn9rG_qtGWU?authuser=0&fife=s16383\" height=\"200\" width=\"auto\" /\u003e\u003cbr\u003e\u003cbr\u003eBy the training room, in cabinet in Kitchenette area.\u003cbr\u003e*Also contains Narcan for opioid overdose\u003cbr\u003eWalk into training room hallway until you see kitchen on right hand side. There is a cabinet you will open that says AED on it.\u003cbr\u003e\u003cbr\u003eCR2 AED \u003cbr\u003e\u003cbr\u003e\u003ca href=\"https://www.youtube.com/watch?v=WtN56rbzEgw\"\u003e\u003cimg src=\"https://img.youtube.com/vi/WtN56rbzEgw/hqdefault.jpg\" height=\"200\" width=\"auto\" /\u003e\u003c/a\u003e\u003cbr\u003e\u003cbr\u003e\u003ca href=\"https://www.youtube.com/embed/WtN56rbzEgw\"\u003ehttps://www.youtube.com/embed/WtN56rbzEgw\u003c/a\u003e","HasLabel":-1,"LabelID":0,"Descrip":"By the training room, in cabinet in Kitchenette area.\r\n*Also contains Narcan for opioid overdose\r\nWalk into training room hallway until you see kitchen on right hand side. There is a cabinet you will open that says AED on it.\r\n\r\nCR2 AED ","narcan":"Y","restricted":"Unrestricted","GlobalID":"83e107a1-a6de-42f2-b712-0f000e54a34e"}},{"type":"Feature","id":32,"geometry":{"type":"Point","coordinates":[-71.3975899994634,41.8302199997674]},"properties":{"OBJECTID":32,"Name":"Nelson Fitness Center: Pool","FolderPath":"Brown University Campus AED + First Aid Map/AEDs","SymbolID":0,"AltMode":-1,"Base":0,"Snippet":"","PopupInfo":"\u003cimg src=\"https://mymaps.usercontent.google.com/hostedimage/m/*/3ADbDBKt2ITqYS_6MbGqFD5uRcUzFSCB18XWrNY_jTmYm5kDIpsJj8PIrnfQ3qg37ml0810zssnOrRwagGf1vtsv84yM7DvxS_vUDaFasvHuQOkDk9S61YphUFeKWt0Qp5qF1dIeFBhW_9goA38GAO2EdjxkoLpLhjRZ0YcmjuFIbrYK3wh2rDFc69GQop5Wqu50ndYPp2_ztiE3eawecmwF3CXZMXbNO7PjtExUKVn3nISkMlcuaew4xq1LFXcI?authuser=0&fife=s16383\" height=\"200\" width=\"auto\" /\u003e\u003cbr\u003e\u003cbr\u003eOn the pool level. On the side of the pool without the scoreboard.\u003cbr\u003e*Also contains Narcan for opioid overdose\u003cbr\u003eWalk into pool from main entrance. Walk on the left side of the pool deck. It is on the wall about half way down the deck.\u003cbr\u003e\u003cbr\u003eCR2 AED\u003cbr\u003e\u003cbr\u003e\u003ca href=\"https://www.youtube.com/watch?v=WtN56rbzEgw\"\u003e\u003cimg src=\"https://img.youtube.com/vi/WtN56rbzEgw/hqdefault.jpg\" height=\"200\" width=\"auto\" /\u003e\u003c/a\u003e\u003cbr\u003e\u003cbr\u003e\u003ca href=\"https://www.youtube.com/embed/WtN56rbzEgw\"\u003ehttps://www.youtube.com/embed/WtN56rbzEgw\u003c/a\u003e","HasLabel":-1,"LabelID":0,"Descrip":"On the pool level. On the side of the pool without the scoreboard.\r\n*Also contains Narcan for opioid overdose\r\nWalk into pool from main entrance. Walk on the left side of the pool deck. It is on the wall about half way down the deck.\r\n\r\nCR2 AED","narcan":"Y","restricted":"Unrestricted","GlobalID":"ddea8475-835a-46ca-8aff-b6a97b15aac0"}},{"type":"Feature","id":33,"geometry":{"type":"Point","coordinates":[-71.3978649004912,41.8301619997988]},"properties":{"OBJECTID":33,"Name":"Nelson Fitness Center: Lobby","FolderPath":"Brown University Campus AED + First Aid Map/AEDs","SymbolID":0,"AltMode":-1,"Base":0,"Snippet":"","PopupInfo":"\u003cimg src=\"https://mymaps.usercontent.google.com/hostedimage/m/*/3ADbDBKtaQBpTQsf0UbH88LNMj6_rX8It6o7-NQmZRXhnngqY5nsQfLgrb4D9dw_Si0HDz28X2rFPrUef9nLuyoPDQIPfMF2Iyfj2mBiMuUsHipvsVDsz5FslFQ9CV4pG1mKUzeruM_CXmoCX5ZxMaPxdppygwaeawoDsQX-B6OaTKxFgwysTra2L35v2W1AWE-Sy4RGO_IcOCytfpR5IDoVTEGH4BuVa55Nfum5hgr7VWAb9fWEZDjOD7GMJWe0?authuser=0&fife=s16383\" height=\"200\" width=\"auto\" /\u003e\u003cbr\u003e\u003cbr\u003eRight outside of elevator on the opposite wall. On the lobby floor.\u003cbr\u003e*Also contains Narcan for opioid overdose\u003cbr\u003eWalk through lobby continue walking. When you turn to the stairs that go to the pool it will be on your left hand side. Facing the elevator. \u003cbr\u003e\u003cbr\u003eCR2 AED \u003cbr\u003e\u003cbr\u003e\u003ca href=\"https://www.youtube.com/watch?v=WtN56rbzEgw\"\u003e\u003cimg src=\"https://img.youtube.com/vi/WtN56rbzEgw/hqdefault.jpg\" height=\"200\" width=\"auto\" /\u003e\u003c/a\u003e\u003cbr\u003e\u003cbr\u003e\u003ca href=\"https://www.youtube.com/embed/WtN56rbzEgw\"\u003ehttps://www.youtube.com/embed/WtN56rbzEgw\u003c/a\u003e","HasLabel":-1,"LabelID":0,"Descrip":"Right outside of elevator on the opposite wall. On the lobby floor.\r\n*Also contains Narcan for opioid overdose\r\nWalk through lobby continue walking. When you turn to the stairs that go to the pool it will be on your left hand side. Facing the elevator.\r\n\r\nCR2 AED ","narcan":"Y","restricted":"Unrestricted","GlobalID":"412e3e19-94bd-4b38-9f80-cbd5514709c8"}},{"type":"Feature","id":34,"geometry":{"type":"Point","coordinates":[-71.3978849995513,41.8300450996608]},"properties":{"OBJECTID":34,"Name":"Nelson Fitness Center: Gym Level","FolderPath":"Brown University Campus AED + First Aid Map/AEDs","SymbolID":0,"AltMode":-1,"Base":0,"Snippet":"","PopupInfo":"\u003cimg src=\"https://mymaps.usercontent.google.com/hostedimage/m/*/3ADbDBKvW7uKLQ7-wuTCrfu0M--gYKtyQ5icns-PTpHSNTArX32g1aDk7NZt0XzEE8KxbCfbHGxzuUoort6uHye03lE20f5ySOr48o_EmL3ss3NzmJ_4YDtiAkeo_F5d0ceNYWl6Kqj38mpFxx9OSd81ufND4UFqEdWsTW-ewwkjsFz1EIGSla_eIR5hmpxPHY85k6_pNYktngxIFwfzOtsj_KvaQrGhmdYemVPXKm7HxKIH5ymzSn_JDsYJgQK4?authuser=0&fife=s16383\" height=\"200\" width=\"auto\" /\u003e\u003cbr\u003e\u003cbr\u003eTop floor, gym level, in hallway that leads to bathrooms.\u003cbr\u003e*Also contains Narcan for opioid overdose\u003cbr\u003eWalk into the main entrance and go upstairs to the gym. Once in the gym, turn left and keep walking. On your left hand side there will be a hallway that leads to the bathrooms. It is on the left hand side of this hallway.\u003cbr\u003e\u003cbr\u003eCR2 AED \u003cbr\u003e\u003cbr\u003e\u003ca href=\"https://www.youtube.com/watch?v=WtN56rbzEgw\"\u003e\u003cimg src=\"https://img.youtube.com/vi/WtN56rbzEgw/hqdefault.jpg\" height=\"200\" width=\"auto\" /\u003e\u003c/a\u003e\u003cbr\u003e\u003cbr\u003e\u003ca href=\"https://www.youtube.com/embed/WtN56rbzEgw\"\u003ehttps://www.youtube.com/embed/WtN56rbzEgw\u003c/a\u003e","HasLabel":-1,"LabelID":0,"Descrip":"Top floor, gym level, in hallway that leads to bathrooms.\r\n*Also contains Narcan for opioid overdose\r\nWalk into the main entrance and go upstairs to the gym. Once in the gym, turn left and keep walking. On your left hand side there will be a hallway that leads to the bathrooms. It is on the left hand side of this hallway.\r\n\r\nCR2 AED ","narcan":"Y","restricted":"Unrestricted","GlobalID":"ef72ed69-df90-4e6e-801f-38ed1020dd13"}},{"type":"Feature","id":35,"geometry":{"type":"Point","coordinates":[-71.3972091003688,41.8312232996048]},"properties":{"OBJECTID":35,"Name":"Olney-Margolies Athletic Center","FolderPath":"Brown University Campus AED + First Aid Map/AEDs","SymbolID":0,"AltMode":-1,"Base":0,"Snippet":"","PopupInfo":"\u003cimg src=\"https://mymaps.usercontent.google.com/hostedimage/m/*/3ADbDBKtHKFxpnCb43amtXon1gVNeZI3ylyEY2s1Jol-Vf0G5NSA15_7SuoeQEKzUWFXfQ45yvPNjU2K2FqGPVLdkRrp-AJEBOuiG5JDnT_MPZCIlO6Fz2HGDdPIIIHzHMKBv1ThsPLIRsl_0Q2KYB3kWIjc1vSDF2T9hvk-gTQpGmnGAqPVZEpl4OGjw0QlfluUXAq-0CIXL_-6cB5yMWwplAAUOrBZ9OFfRHW5A_3qHriRNu0cXwT2OHxs3kT8?authuser=0&fife=s16383\" height=\"200\" width=\"auto\" /\u003e\u003cbr\u003e\u003cbr\u003eBy the track. Right next to door that leads to the lobby stairs.\u003cbr\u003e*Also contains Narcan for opioid overdose\u003cbr\u003eEnter through the lobby. Go down the stairs to enter the track. The AED is on the south wall (the wall that you walk out) directly next to the door.\u003cbr\u003e\u003cbr\u003eCR2 AED \u003cbr\u003e\u003cbr\u003e\u003ca href=\"https://www.youtube.com/watch?v=WtN56rbzEgw\"\u003e\u003cimg src=\"https://img.youtube.com/vi/WtN56rbzEgw/hqdefault.jpg\" height=\"200\" width=\"auto\" /\u003e\u003c/a\u003e\u003cbr\u003e\u003cbr\u003e\u003ca href=\"https://www.youtube.com/embed/WtN56rbzEgw\"\u003ehttps://www.youtube.com/embed/WtN56rbzEgw\u003c/a\u003e","HasLabel":-1,"LabelID":0,"Descrip":"By the track. Right next to door that leads to the lobby stairs.\r\n*Also contains Narcan for opioid overdose\r\nEnter through the lobby. Go down the stairs to enter the track. The AED is on the south wall (the wall that you walk out) directly next to the door.\r\n\r\nCR2 AED ","narcan":"Y","restricted":"Unrestricted","GlobalID":"0b530f17-0a8d-4cd7-96ec-05df2ed16707"}},{"type":"Feature","id":36,"geometry":{"type":"Point","coordinates":[-71.396706600412,41.8246269997377]},"properties":{"OBJECTID":36,"Name":"Orwig Music Library","FolderPath":"Brown University Campus AED + First Aid Map/AEDs","SymbolID":0,"AltMode":-1,"Base":0,"Snippet":"","PopupInfo":"\u003cimg src=\"https://mymaps.usercontent.google.com/hostedimage/m/*/3ADbDBKtCNPPYez5OLteAtR-XPapiQ203MlE3TKoaAY-Rvh-INNtNBU-CookQ4fITWK0T3ur5sknhimxjjaSgjDwAwnxWE5f65DMf_EVjP3m0WvQOuxNHLORn0zg4jrr3gstMCbRSujR5TQQrBjqAFQPv9EMeo0rTbAgGmJqNgxaenpcL5kA7PPOd5NAfvOiN8Il4vs7iEULhipELaNA_PChTM0PcVRPojheEuOIt8NKS55WDBPm7LrLQxX0TTFQ?authuser=0&fife=s16383\" height=\"200\" width=\"auto\" /\u003e\u003cbr\u003e\u003cbr\u003e1st floor on the left in the main entryway\u003cbr\u003e*Also contains Narcan for opioid overdose\u003cbr\u003eWhen you enter the Orwig Music Library at the main entrance on Young Orchard Avenue, it is through the second set of double doors on the wall immediately to your left\u003cbr\u003e\u003cbr\u003eCR2 AED\u003cbr\u003e\u003cbr\u003e\u003ca href=\"https://www.youtube.com/watch?v=WtN56rbzEgw\"\u003e\u003cimg src=\"https://img.youtube.com/vi/WtN56rbzEgw/hqdefault.jpg\" height=\"200\" width=\"auto\" /\u003e\u003c/a\u003e\u003cbr\u003e\u003cbr\u003e\u003ca href=\"https://www.youtube.com/embed/WtN56rbzEgw\"\u003ehttps://www.youtube.com/embed/WtN56rbzEgw\u003c/a\u003e","HasLabel":-1,"LabelID":0,"Descrip":"1st floor on the left in the main entryway\r\n*Also contains Narcan for opioid overdose\r\nWhen you enter the Orwig Music Library at the main entrance on Young Orchard Avenue, it is through the second set of double doors on the wall immediately to your left\r\n\r\nCR2 AED","narcan":"Y","restricted":"Unrestricted","GlobalID":"dd8fedb5-1b25-4c52-9d80-283bce6b7332"}},{"type":"Feature","id":37,"geometry":{"type":"Point","coordinates":[-71.4027500002211,41.8274199999003]},"properties":{"OBJECTID":37,"Name":"Page-Robinson Hall: Lobby","FolderPath":"Brown University Campus AED + First Aid Map/AEDs","SymbolID":0,"AltMode":-1,"Base":0,"Snippet":"","PopupInfo":"\u003cimg src=\"https://mymaps.usercontent.google.com/hostedimage/m/*/3ADbDBKsZjdROzPaYXjiRBToxhSKI1kfImceuwHa4jThyU3NKtzG5lbh9mqHC40fgbMIN1eCsQ1aGA1J3Zr5QvHAQk0GuvAFexc8hNso2fFpo34ngNnQEIjgeOhBM4iUYsBoOChqrKG2_eJORXbFSzVXnMuTMhjPjmY5zFMnqTgcffFVF2550dZyY6oypmROKoqoezIIB8ji_FhVom1GwJhVGP0OSmGJQFaqkB6pDjDJVfZo6xCjVT7ujhwI3lp0?authuser=0&fife=s16383\" height=\"200\" width=\"auto\" /\u003e\u003cbr\u003e\u003cbr\u003enext to elevator on same wall, next to cardboard box drop off. Directly in front of front door\u003cbr\u003e*Also contains Narcan for opioid overdose\u003cbr\u003e\u003cbr\u003eGo into front door and keep walking about 10 steps, you will walk right up to it \u003cbr\u003e\u003cbr\u003eCR2 AED \u003cbr\u003e\u003cbr\u003e\u003ca href=\"https://www.youtube.com/watch?v=WtN56rbzEgw\"\u003e\u003cimg src=\"https://img.youtube.com/vi/WtN56rbzEgw/hqdefault.jpg\" height=\"200\" width=\"auto\" /\u003e\u003c/a\u003e\u003cbr\u003e\u003cbr\u003e\u003ca href=\"https://www.youtube.com/embed/WtN56rbzEgw\"\u003ehttps://www.youtube.com/embed/WtN56rbzEgw\u003c/a\u003e","HasLabel":-1,"LabelID":0,"Descrip":"next to elevator on same wall, next to cardboard box drop off. Directly in front of front door\r\n*Also contains Narcan for opioid overdose\r\n\r\nGo into front door and keep walking about 10 steps, you will walk right up to it\r\n\r\nCR2 AED ","narcan":"Y","restricted":"Unrestricted","GlobalID":"f0886199-66df-409b-8288-2fae2c43477d"}},{"type":"Feature","id":38,"geometry":{"type":"Point","coordinates":[-71.4027768999722,41.8275659001465]},"properties":{"OBJECTID":38,"Name":"Page Robinson Hall: 5th Floor","FolderPath":"Brown University Campus AED + First Aid Map/AEDs","SymbolID":0,"AltMode":-1,"Base":0,"Snippet":"","PopupInfo":"\u003cimg src=\"https://mymaps.usercontent.google.com/hostedimage/m/*/3ADbDBKvG-V_AA3YajMOWXdC82EkCSuoBLp2ocORuBPvseITIZyRlcaDhuXdxPwPdUqbJYuL8_OIfitntIYASsX5tLmiWMQ0jzqw7hL75eGVU9qDMt77qdWextkGJ1IZOyeZg7ag2XrhC1-7ml1uabxkmSLaFXE1we1EVQeqyxnGXhEjJV4-W1lpV1UIK_NOyxKzTI8_noihed0QupQbw8fc_9tPdbyjNFfslRlYZZheeNLvL-ukIWuZ2OZXtGfA?authuser=0&fife=s16383\" height=\"200\" width=\"auto\" /\u003e\u003cbr\u003e\u003cbr\u003e5th floor through the doors of the Student Accessibility Services office\u003cbr\u003e*Also contains Narcan for opioid overdose\u003cbr\u003eWhen you enter the building on the Brown Street side, go straight ahead and take the elevator up to the 5th floor. Take a left at the elevator exit and walk through the SAS office doors. The AED is on a wall on the left past the greeter desk.\u003cbr\u003e\u003cbr\u003eCR2 AED \u003cbr\u003e\u003cbr\u003e\u003ca href=\"https://www.youtube.com/watch?v=WtN56rbzEgw\"\u003e\u003cimg src=\"https://img.youtube.com/vi/WtN56rbzEgw/hqdefault.jpg\" height=\"200\" width=\"auto\" /\u003e\u003c/a\u003e\u003cbr\u003e\u003cbr\u003e\u003ca href=\"https://www.youtube.com/embed/WtN56rbzEgw\"\u003ehttps://www.youtube.com/embed/WtN56rbzEgw\u003c/a\u003e","HasLabel":-1,"LabelID":0,"Descrip":"5th floor through the doors of the Student Accessibility Services office\r\n*Also contains Narcan for opioid overdose\r\nWhen you enter the building on the Brown Street side, go straight ahead and take the elevator up to the 5th floor. Take a left at the elevator exit and walk through the SAS office doors. The AED is on a wall on the left past the greeter desk.\r\n\r\nCR2 AED ","narcan":"Y","restricted":"Unrestricted","GlobalID":"5fb05469-7052-46db-9d24-d784f64e63e3"}},{"type":"Feature","id":39,"geometry":{"type":"Point","coordinates":[-71.3981099999819,41.8316100000011]},"properties":{"OBJECTID":39,"Name":"Pizzitola Sports Center: 1st Floor","FolderPath":"Brown University Campus AED + First Aid Map/AEDs","SymbolID":0,"AltMode":-1,"Base":0,"Snippet":"","PopupInfo":"\u003cimg src=\"https://mymaps.usercontent.google.com/hostedimage/m/*/3ADbDBKuA3uRGg7ycU-rIDd5iTS9dc3orQoteMawl_F89JB1Rto2pzkfRAm8lNoftZIHQYSwkTcozF3fbQKCVxMRPYL1M8tCNxK-ydPPtVFve4xkV4GVEExjVw5qGNvIsZ-w6kdxKEI3t5FsfDuItNhHYT83sQsrwV1QyWOB6025lkRtvjALIREsZi3ZrNq-oOis_Bm82EvncrYpG3WdqwLq_6XfCQ7UgsNLc8RVskvM6eOzMBVYQIxJJiaUTs5I?authuser=0&fife=s16383\" height=\"200\" width=\"auto\" /\u003e\u003cbr\u003e\u003cbr\u003eDirectly outside of gym on the large score board side\u003cbr\u003e*Also contains Narcan for opioid overdose\u003cbr\u003eWalk into main entrance of the Pizzatola turn, left until you get to a hallway, turn right and then the AED is on your right hand side next to the gym.\u003cbr\u003e\u003cbr\u003eCR2 AED \u003cbr\u003e\u003cbr\u003e\u003ca href=\"https://www.youtube.com/watch?v=WtN56rbzEgw\"\u003e\u003cimg src=\"https://img.youtube.com/vi/WtN56rbzEgw/hqdefault.jpg\" height=\"200\" width=\"auto\" /\u003e\u003c/a\u003e\u003cbr\u003e\u003cbr\u003e\u003ca href=\"https://www.youtube.com/embed/WtN56rbzEgw\"\u003ehttps://www.youtube.com/embed/WtN56rbzEgw\u003c/a\u003e","HasLabel":-1,"LabelID":0,"Descrip":"Directly outside of gym on the large score board side\r\n*Also contains Narcan for opioid overdose\r\nWalk into main entrance of the Pizzatola turn, left until you get to a hallway, turn right and then the AED is on your right hand side next to the gym.\r\n\r\nCR2 AED ","narcan":"Y","restricted":"Unrestricted","GlobalID":"a7e7b4a2-24f6-4f0a-b51f-23ea2dee3692"}},{"type":"Feature","id":40,"geometry":{"type":"Point","coordinates":[-71.3982042998609,41.8316978999367]},"properties":{"OBJECTID":40,"Name":"Pizzitola Sports Center: 3rd Floor","FolderPath":"Brown University Campus AED + First Aid Map/AEDs","SymbolID":0,"AltMode":-1,"Base":0,"Snippet":"","PopupInfo":"\u003cimg src=\"https://mymaps.usercontent.google.com/hostedimage/m/*/3ADbDBKuz3IzMuA0lslDERPnMfQ820SDlEBVVr5YKy1Ai-icgC0vFydXrXqWCt4k0wYx_u_N1RPMjI6y1sXY3pprE13sAiSr-IuXIV5Py5lRaJxmLcNW5vjBg8jR6rW_asuF0yhOn9pyiuyvSF7DGJIKD2vLQIZl7-gyKnAyrgRFiKT9LGG7bzK0hLWiK8c6tQ2BXYtGK_Z5E42D-6DYOmpcF4GtUEo5k4Yjcx4DCBlMf_bF2i-OnfZyGdHcaDKw?authuser=0&fife=s16383\" height=\"200\" width=\"auto\" /\u003e\u003cbr\u003e\u003cbr\u003e3rd floor, right next to stairs\u003cbr\u003e*Also contains Narcan for opioid overdose\u003cbr\u003eEnter the pizzatola from the main entrance and walk up the stairs on the left hand side of the building (door to stairs says “to upper levels”) keep walking straight the AED is on the back of a wall connected to the door way you will walk through.\u003cbr\u003e\u003cbr\u003eCR2 AED\u003cbr\u003e\u003cbr\u003e\u003ca href=\"https://www.youtube.com/watch?v=WtN56rbzEgw\"\u003e\u003cimg src=\"https://img.youtube.com/vi/WtN56rbzEgw/hqdefault.jpg\" height=\"200\" width=\"auto\" /\u003e\u003c/a\u003e\u003cbr\u003e\u003cbr\u003e\u003ca href=\"https://www.youtube.com/embed/WtN56rbzEgw\"\u003ehttps://www.youtube.com/embed/WtN56rbzEgw\u003c/a\u003e","HasLabel":-1,"LabelID":0,"Descrip":"3rd floor, right next to stairs\r\n*Also contains Narcan for opioid overdose\r\nEnter the pizzatola from the main entrance and walk up the stairs on the left hand side of the building (door to stairs says “to upper levels”) keep walking straight the AED is on the back of a wall connected to the door way you will walk through.\r\n\r\nCR2 AED","narcan":"Y","restricted":"Unrestricted","GlobalID":"675c1397-b556-4102-ad7e-d21779a8cd31"}},{"type":"Feature","id":41,"geometry":{"type":"Point","coordinates":[-71.4069299994462,41.8241599999295]},"properties":{"OBJECTID":41,"Name":"School of Public Health: Lobby","FolderPath":"Brown University Campus AED + First Aid Map/AEDs","SymbolID":0,"AltMode":-1,"Base":0,"Snippet":"","PopupInfo":"\u003cimg src=\"https://mymaps.usercontent.google.com/hostedimage/m/*/3ADbDBKvGuSJ__aTSYtd3H5wpPCPG6RAWUkgH-5Fu_pROtCen395qzmlU7Eod8nSo2xzFa4KvVZVjkyOEwfOlhtrOfL4-jRnyChgkRv-g_kPyg_MO-q7juWH1TZt8G6kUMLZRhERHw1I01aNRgA0omJTtRb5H3KltPW3nvurrgQxfq4iaxPeIYC5H3vjq-7Wt1Txb827V1At8e-YVU53ZQYm-pOjUS2uNixRZV69e6j24ueiAPcH7hpYzmiTGgKE?authuser=0&fife=s16383\" height=\"200\" width=\"auto\" /\u003e\u003cbr\u003e\u003cbr\u003e1st Floor left of entrance door\u003cbr\u003e*Also contains Narcan for opioid overdose\u003cbr\u003eWhen you enter School of Public Health, you enter, turn left and the AED is by the entrance\u003cbr\u003e\u003cbr\u003eCR2 AED\u003cbr\u003e\u003cbr\u003e\u003ca href=\"https://www.youtube.com/watch?v=WtN56rbzEgw\"\u003e\u003cimg src=\"https://img.youtube.com/vi/WtN56rbzEgw/hqdefault.jpg\" height=\"200\" width=\"auto\" /\u003e\u003c/a\u003e\u003cbr\u003e\u003cbr\u003e\u003ca href=\"https://www.youtube.com/embed/WtN56rbzEgw\"\u003ehttps://www.youtube.com/embed/WtN56rbzEgw\u003c/a\u003e","HasLabel":-1,"LabelID":0,"Descrip":"1st Floor left of entrance door\r\n*Also contains Narcan for opioid overdose\r\nWhen you enter School of Public Health, you enter, turn left and the AED is by the entrance\r\n\r\nCR2 AED","narcan":"Y","restricted":"Unrestricted","GlobalID":"13d656a9-a6b2-42dd-ac5e-25815695d974"}},{"type":"Feature","id":42,"geometry":{"type":"Point","coordinates":[-71.40699839965,41.8241230000399]},"properties":{"OBJECTID":42,"Name":"School of Public Health: 2nd Floor","FolderPath":"Brown University Campus AED + First Aid Map/AEDs","SymbolID":1,"AltMode":-1,"Base":0,"Snippet":"","PopupInfo":"\u003cimg src=\"https://mymaps.usercontent.google.com/hostedimage/m/*/3ADbDBKsHLFLPVGNha--7DDTQ2kTSe6y1Y8VTWN_bLa6_9N5n-ZKYr_8Rakx5XWUmhJLTJcZDKRQw8RqbSWVpl_FHWYlSkTJuzgfBP5vVtbjzZ7ajKoepIErut6QVCvpHZb2kiU1ohFYOFL-cfHca4BCo1cecPMiZuCWJbBYc3cbDauhnUuVF1QdhlotqfIZC3Rc2zyStBTs7IAacO_HZFzUyq-lxDNdwHDkWaKTi8roCKcB0bbTRNCC6Nvhp1oI?authuser=0&fife=s16383\" height=\"200\" width=\"auto\" /\u003e\u003cbr\u003e\u003cbr\u003e2nd floor outside of elevators\u003cbr\u003e\u003cbr\u003eWhen you enter the School, the elevators are locked so you need to go to the elevators and turn right for the stairs. You go 4 flights of stairs and follow the sign to elevators\u003cbr\u003e\u003cbr\u003eCR2 AED\u003cbr\u003e\u003cbr\u003e\u003ca href=\"https://www.youtube.com/watch?v=WtN56rbzEgw\"\u003e\u003cimg src=\"https://img.youtube.com/vi/WtN56rbzEgw/hqdefault.jpg\" height=\"200\" width=\"auto\" /\u003e\u003c/a\u003e\u003cbr\u003e\u003cbr\u003e\u003ca href=\"https://www.youtube.com/embed/WtN56rbzEgw\"\u003ehttps://www.youtube.com/embed/WtN56rbzEgw\u003c/a\u003e","HasLabel":-1,"LabelID":0,"Descrip":"2nd floor outside of elevators\r\n\r\nWhen you enter the School, the elevators are locked so you need to go to the elevators and turn right for the stairs. You go 4 flights of stairs and follow the sign to elevators\r\n\r\nCR2 AED","narcan":"N","restricted":"Unrestricted","GlobalID":"47f5590d-3134-4ba0-aee5-9e9e5fe89cd4"}},{"type":"Feature","id":43,"geometry":{"type":"Point","coordinates":[-71.407034999935,41.8241107004119]},"properties":{"OBJECTID":43,"Name":"School of Public Health: 3rd Floor","FolderPath":"Brown University Campus AED + First Aid Map/AEDs","SymbolID":0,"AltMode":-1,"Base":0,"Snippet":"","PopupInfo":"\u003cimg src=\"https://mymaps.usercontent.google.com/hostedimage/m/*/3ADbDBKsoX41vQbvgQTqB6O6uFJYjp2vbCSJSzgh5ZTRwyZU8HtoxciUjPyvo2JxAS0KAMAZSUTAQiLfIxRhBMS4PZY71LpiP5L2lqPmbW7_ix7-hHrelj0FrnrvvDp4cRe-0mb3svwHd7ykFY-GavmpwKDpsGvPkG2OgDFFsqHuxIHkF4VqFIcbu_BWrpCCnj8YRpUU3guSJUB7fTmVF5t18Bg_FHi6yELjJe_FK0aI-okGxyEw8iTefMU29cMo?authuser=0&fife=s16383\" height=\"200\" width=\"auto\" /\u003e\u003cbr\u003e\u003cbr\u003e3rd floor outside elevator\u003cbr\u003e*Also contains Narcan for opioid overdose\u003cbr\u003eGo into the School and take the elevator to the 3rd floor. It is to the left with an opioid rescue kit.\u003cbr\u003e\u003cbr\u003eCR2 AED / OPIOID RESCUE KIT\u003cbr\u003e\u003cbr\u003e\u003ca href=\"https://www.youtube.com/watch?v=WtN56rbzEgw\"\u003e\u003cimg src=\"https://img.youtube.com/vi/WtN56rbzEgw/hqdefault.jpg\" height=\"200\" width=\"auto\" /\u003e\u003c/a\u003e\u003cbr\u003e\u003cbr\u003e\u003ca href=\"https://www.youtube.com/embed/WtN56rbzEgw\"\u003ehttps://www.youtube.com/embed/WtN56rbzEgw\u003c/a\u003e","HasLabel":-1,"LabelID":0,"Descrip":"3rd floor outside elevator\r\n*Also contains Narcan for opioid overdose\r\nGo into the School and take the elevator to the 3rd floor. It is to the left with an opioid rescue kit.\r\n\r\nCR2 AED / OPIOID RESCUE KIT","narcan":"Y","restricted":"Unrestricted","GlobalID":"4c665efc-4664-4569-9bb9-f08265676cd5"}},{"type":"Feature","id":44,"geometry":{"type":"Point","coordinates":[-71.4070648996097,41.8241014997233]},"properties":{"OBJECTID":44,"Name":"School of Public Health: 4th Floor","FolderPath":"Brown University Campus AED + First Aid Map/AEDs","SymbolID":1,"AltMode":-1,"Base":0,"Snippet":"","PopupInfo":"\u003cimg src=\"https://mymaps.usercontent.google.com/hostedimage/m/*/3ADbDBKu8IDOdgkSPmaxtCsAe5KR-_97P9x7T0gderIMRz2Q8DzfbVmLYaleqbqg_nRZynhiWWahB850IvSZA746JivtMpa2tlko2W7pgTBrqq1KDs831uLpizLuiy95dzKcj4ogRY5_9w8RD-fm4qM_zRghl8otDGI5JmPSbaRXY3shXc6gMarNdJSSincOrr5DztGlTY7p6FkNa1sid8hHCDNr1LQUgV7smEY3vNqsz52Rfu2X6hFMM3RTlXSw?authuser=0&fife=s16383\" height=\"200\" width=\"auto\" /\u003e\u003cbr\u003e\u003cbr\u003e4th Floor outside of elevators\u003cbr\u003e\u003cbr\u003eWhen you walk into the School, you take the elevator to the 4th floor and the box is to the right of the glass doors\u003cbr\u003e\u003cbr\u003eCR2 AED\u003cbr\u003e\u003cbr\u003e\u003ca href=\"https://www.youtube.com/watch?v=WtN56rbzEgw\"\u003e\u003cimg src=\"https://img.youtube.com/vi/WtN56rbzEgw/hqdefault.jpg\" height=\"200\" width=\"auto\" /\u003e\u003c/a\u003e\u003cbr\u003e\u003cbr\u003e\u003ca href=\"https://www.youtube.com/embed/WtN56rbzEgw\"\u003ehttps://www.youtube.com/embed/WtN56rbzEgw\u003c/a\u003e","HasLabel":-1,"LabelID":0,"Descrip":"4th Floor outside of elevators\r\n\r\nWhen you walk into the School, you take the elevator to the 4th floor and the box is to the right of the glass doors\r\n\r\nCR2 AED","narcan":"N","restricted":"Unrestricted","GlobalID":"eabb9ece-efa1-4c1f-895c-256957ecf160"}},{"type":"Feature","id":45,"geometry":{"type":"Point","coordinates":[-71.4070910999591,41.8240908996077]},"properties":{"OBJECTID":45,"Name":"School of Public Health: 5th Floor","FolderPath":"Brown University Campus AED + First Aid Map/AEDs","SymbolID":1,"AltMode":-1,"Base":0,"Snippet":"","PopupInfo":"\u003cimg src=\"https://mymaps.usercontent.google.com/hostedimage/m/*/3ADbDBKtHZ9sHhQcAKZfbsxuf1kv-HzJ2np3DZ1CYz4VS8zQKZgOBdE68zLu0-WtqaQCZRJ0FWFM8jfeut--rIFnE8NyaAZVA-bs0GbG8nytJUkT6gG01SLQWqiP7lrSBXTlNEn4eQJvPx6E1KtzOoCmP0P0Y_H1kv23Rc9VeYp1vDYmUdGkpcT3RG2E8Map44EIkqiuLbrrJj7_zG_ScxhuF6U03Q8LWBnFFcGj94YvZV2SWJauGOcdA3umDz38?authuser=0&fife=s16383\" height=\"200\" width=\"auto\" /\u003e\u003cbr\u003e\u003cbr\u003e5th floor outside of elevators\u003cbr\u003e\u003cbr\u003eWhen you walk into the School, you take the elevators in the front to the 5th floor and the AED is directly in front.\u003cbr\u003e\u003cbr\u003eCR2 AED\u003cbr\u003e\u003cbr\u003e\u003ca href=\"https://www.youtube.com/watch?v=WtN56rbzEgw\"\u003e\u003cimg src=\"https://img.youtube.com/vi/WtN56rbzEgw/hqdefault.jpg\" height=\"200\" width=\"auto\" /\u003e\u003c/a\u003e\u003cbr\u003e\u003cbr\u003e\u003ca href=\"https://www.youtube.com/embed/WtN56rbzEgw\"\u003ehttps://www.youtube.com/embed/WtN56rbzEgw\u003c/a\u003e","HasLabel":-1,"LabelID":0,"Descrip":"5th floor outside of elevators\r\n\r\nWhen you walk into the School, you take the elevators in the front to the 5th floor and the AED is directly in front.\r\n\r\nCR2 AED","narcan":"N","restricted":"Unrestricted","GlobalID":"72488a53-b6ef-463a-b14d-658ef215ca0d"}},{"type":"Feature","id":46,"geometry":{"type":"Point","coordinates":[-71.4071151994764,41.8240839000473]},"properties":{"OBJECTID":46,"Name":"School of Public Health: 6th Floor","FolderPath":"Brown University Campus AED + First Aid Map/AEDs","SymbolID":1,"AltMode":-1,"Base":0,"Snippet":"","PopupInfo":"\u003cimg src=\"https://mymaps.usercontent.google.com/hostedimage/m/*/3ADbDBKvUCHTIjmEUWppKKoDLiFXwU9pOAxA-nZqzQhbICtYQDnlx55IO875MHrcKV8Yiec3AJ1JbP-9vdOescbRK65K2fwKXRVLnaBdkEhz_JCz9RMxd6DAk__pxsKd1PXiaK_Wrx2Qg-84yirr25tfNbqrZMOsZzVvrsK1SYhUb4KmutMBlBn0AESIAod7fnSDP7_Pi-qnG6myq7qk7l04UlffkEz1C0TwBce2p6laOw9V8nxKoMKlctHOBRsw?authuser=0&fife=s16383\" height=\"200\" width=\"auto\" /\u003e\u003cbr\u003e\u003cbr\u003e6th floor outside of elevators\u003cbr\u003e\u003cbr\u003eWhen you walk into the School, you take the elevators in the front to the 6th floor and the AED is on the right by men’s restroom.\u003cbr\u003e\u003cbr\u003eCR2 AED\u003cbr\u003e\u003cbr\u003e\u003ca href=\"https://www.youtube.com/watch?v=WtN56rbzEgw\"\u003e\u003cimg src=\"https://img.youtube.com/vi/WtN56rbzEgw/hqdefault.jpg\" height=\"200\" width=\"auto\" /\u003e\u003c/a\u003e\u003cbr\u003e\u003cbr\u003e\u003ca href=\"https://www.youtube.com/embed/WtN56rbzEgw\"\u003ehttps://www.youtube.com/embed/WtN56rbzEgw\u003c/a\u003e","HasLabel":-1,"LabelID":0,"Descrip":"6th floor outside of elevators\r\n\r\nWhen you walk into the School, you take the elevators in the front to the 6th floor and the AED is on the right by men’s restroom.\r\n\r\nCR2 AED","narcan":"N","restricted":"Unrestricted","GlobalID":"002fe5b8-c4b3-49ca-b518-2d395b7da5c4"}},{"type":"Feature","id":47,"geometry":{"type":"Point","coordinates":[-71.407170000578,41.8241200002557]},"properties":{"OBJECTID":47,"Name":"School of Public Health: 7th Floor","FolderPath":"Brown University Campus AED + First Aid Map/AEDs","SymbolID":1,"AltMode":-1,"Base":0,"Snippet":"","PopupInfo":"\u003cimg src=\"https://mymaps.usercontent.google.com/hostedimage/m/*/3ADbDBKvaMEIjZWsN6W6gtGL3_IEjrtsfykB9Ari8w6TMtdiHymJVxWo1Ap4WlODNFzKosZKurfQTBmYSGdBy3aP3VE7JDWNDqemFDFoXKVr3CGn6PrAPzOvil0Yw3Xsjn6BSqd-otkNsXBMgM_NaPOCU8vbgiSxxKxf89JpwFOPaseyh8coKWqyjULyrcXxtJNivKFbp7TOlaJty5YHleTe94FqdTPURMmgxJNtgW8ou8lC-EIvS6OXxDOZCen0?authuser=0&fife=s16383\" height=\"200\" width=\"auto\" /\u003e\u003cbr\u003e\u003cbr\u003e7th floor outside elevators\u003cbr\u003e\u003cbr\u003eWhen you enter the School, you take the elevators in the front to the 7th floor and the AED is in the right.\u003cbr\u003e\u003cbr\u003eCR2 AED\u003cbr\u003e\u003cbr\u003e\u003ca href=\"https://www.youtube.com/watch?v=WtN56rbzEgw\"\u003e\u003cimg src=\"https://img.youtube.com/vi/WtN56rbzEgw/hqdefault.jpg\" height=\"200\" width=\"auto\" /\u003e\u003c/a\u003e\u003cbr\u003e\u003cbr\u003e\u003ca href=\"https://www.youtube.com/embed/WtN56rbzEgw\"\u003ehttps://www.youtube.com/embed/WtN56rbzEgw\u003c/a\u003e","HasLabel":-1,"LabelID":0,"Descrip":"7th floor outside elevators\r\n\r\nWhen you enter the School, you take the elevators in the front to the 7th floor and the AED is in the right.\r\n\r\nCR2 AED","narcan":"N","restricted":"Unrestricted","GlobalID":"9c7b0315-9e6d-47c0-b1f3-8a889c35a33d"}},{"type":"Feature","id":48,"geometry":{"type":"Point","coordinates":[-71.4001666004566,41.8269732997182]},"properties":{"OBJECTID":48,"Name":"Sciences Library","FolderPath":"Brown University Campus AED + First Aid Map/AEDs","SymbolID":0,"AltMode":-1,"Base":0,"Snippet":"","PopupInfo":"\u003cimg src=\"https://mymaps.usercontent.google.com/hostedimage/m/*/3ADbDBKvr6eueIChMfffttqmpW0bBj5-CMlGWBh8aEH00wzjV0J9Rm1_mjzwLgfdktYQEKSAVoDCgufnWbLmAOwtj3cM-mAu4eyWWAV7Go7wQioAQG6dOCpViGfw6tedIHqDw8VTh5eV3KKWMQqHrBKh4MW3RcceTEZb7LN4oD9Ol_vKUwuEqQcpp4iPz3XJz1YLhkaqVh7Nd_wUhACN_nC1HSplhFGzTFHVbePtbBFvFxPhTcjhZJXM60EZMMFU?authuser=0&fife=s16383\" height=\"200\" width=\"auto\" /\u003e\u003cbr\u003e\u003cbr\u003eScience Library Lobby in the corner by the revolving entrance facing science park\u003cbr\u003e*Also contains Narcan for opioid overdose\u003cbr\u003eIf entering from the Science Park, walk through the revolving doors and on the wall to the left. If entering from the revolving doors from the Thayer st. side, it is on the wall in the right corner.\u003cbr\u003e\u003cbr\u003eCR2 AED\u003cbr\u003e\u003cbr\u003e\u003ca href=\"https://www.youtube.com/watch?v=WtN56rbzEgw\"\u003e\u003cimg src=\"https://img.youtube.com/vi/WtN56rbzEgw/hqdefault.jpg\" height=\"200\" width=\"auto\" /\u003e\u003c/a\u003e\u003cbr\u003e\u003cbr\u003e\u003ca href=\"https://www.youtube.com/embed/WtN56rbzEgw\"\u003ehttps://www.youtube.com/embed/WtN56rbzEgw\u003c/a\u003e","HasLabel":-1,"LabelID":0,"Descrip":"Science Library Lobby in the corner by the revolving entrance facing science park\r\n*Also contains Narcan for opioid overdose\r\nIf entering from the Science Park, walk through the revolving doors and on the wall to the left. If entering from the revolving doors from the Thayer st. side, it is on the wall in the right corner.","narcan":"Y","restricted":"Unrestricted","GlobalID":"1baa50db-3b0c-4a79-97aa-8473f5bfd476"}},{"type":"Feature","id":49,"geometry":{"type":"Point","coordinates":[-71.4007600004309,41.8251399996549]},"properties":{"OBJECTID":49,"Name":"Sharpe Refectory","FolderPath":"Brown University Campus AED + First Aid Map/AEDs","SymbolID":0,"AltMode":-1,"Base":0,"Snippet":"","PopupInfo":"\u003cimg src=\"https://mymaps.usercontent.google.com/hostedimage/m/*/3ADbDBKsWJUTSEpPQ8z8AGwSW1_vRK5Ilf7fNwUz4SQSkxey1p6TZLKFr3wrU5oPKMsoWUr-N3Y7j-g16Pr-THXVI_wZHY5gWf_k0QVXGZaAlAiGiJAFoLkv7Xnw4XsrCJcd_HEfGxI03czYJsaNzLj6V_v4e4Bv_9R-gtp9Vf3EXp8ACGOyLWeaeUt4TqwhSWz82ehFCngpfggopK0OAf3zHKhjYT3g8pCrb72i1ylIzz0WM5NeAZwLj3qlRD90?authuser=0&fife=s16383\" height=\"200\" width=\"auto\" /\u003e\u003cbr\u003e\u003cbr\u003eFirst floor, on same wall as front door to Ratty. Right behind the person who swipes your key. Across from “Greens” Section.\u003cbr\u003e*Also contains Narcan for opioid overdose\u003cbr\u003eWalk into the Sharpe Refectory from the main entrance on Wriston Quad. Walk up half flight of stairs. Walk into the dining hall and the AED is on the front wall on your right hand side.\u003cbr\u003e\u003cbr\u003eCR2 AED\u003cbr\u003e\u003cbr\u003e\u003ca href=\"https://www.youtube.com/watch?v=WtN56rbzEgw\"\u003e\u003cimg src=\"https://img.youtube.com/vi/WtN56rbzEgw/hqdefault.jpg\" height=\"200\" width=\"auto\" /\u003e\u003c/a\u003e\u003cbr\u003e\u003cbr\u003e\u003ca href=\"https://www.youtube.com/embed/WtN56rbzEgw\"\u003ehttps://www.youtube.com/embed/WtN56rbzEgw\u003c/a\u003e","HasLabel":-1,"LabelID":0,"Descrip":"First floor, on same wall as front door to Ratty. Right behind the person who swipes your key. Across from “Greens” Section.\r\n*Also contains Narcan for opioid overdose\r\nWalk into the Sharpe Refectory from the main entrance on Wriston Quad. Walk up half flight of stairs. Walk into the dining hall and the AED is on the front wall on your right hand side.\r\n\r\nCR2 AED","narcan":"Y","restricted":"Unrestricted","GlobalID":"aa2d7b3a-a402-470b-8a5f-def107e1d17b"}},{"type":"Feature","id":50,"geometry":{"type":"Point","coordinates":[-71.4023800004881,41.8290100001937]},"properties":{"OBJECTID":50,"Name":"Sidney E Frank Hall For Life Sciences","FolderPath":"Brown University Campus AED + First Aid Map/AEDs","SymbolID":0,"AltMode":-1,"Base":0,"Snippet":"","PopupInfo":"\u003cimg src=\"https://mymaps.usercontent.google.com/hostedimage/m/*/3ADbDBKud36kMfOl-f6O1o17P7W9keq2FRUqQx6JA4hYqZnf7HQpgmHPTl5cpuVjsghB2B4WVxjUbWfVRrKZQewjM31dTHJzQVHjt-HInw2_eDeX82nPifANnJtwr-bvPh_N3wjCPbMeG4iuIWCp46_RWjtD3YLtmPlhskiJENOnzvsOyAvMMjzyh0kqKu7V4Ys1IZ9EqTBtSRh_5pdmAFkJbqiS3rPPD8aCjryUVyny6OXOZB1rB_xOkRBzvJX8?authuser=0&fife=s16383\" height=\"200\" width=\"auto\" /\u003e\u003cbr\u003e\u003cbr\u003e2nd Flr Main Lobby\u003cbr\u003e*Also contains narcan for opioid overdose\u003cbr\u003e\u003cbr\u003eWhen entering from Meeting St it is on your right, next to the fire boxes\u003cbr\u003e\u003cbr\u003eCR2 AED\u003cbr\u003e\u003cbr\u003e\u003ca href=\"https://www.youtube.com/watch?v=WtN56rbzEgw\"\u003e\u003cimg src=\"https://img.youtube.com/vi/WtN56rbzEgw/hqdefault.jpg\" height=\"200\" width=\"auto\" /\u003e\u003c/a\u003e\u003cbr\u003e\u003cbr\u003e\u003ca href=\"https://www.youtube.com/embed/WtN56rbzEgw\"\u003ehttps://www.youtube.com/embed/WtN56rbzEgw\u003c/a\u003e","HasLabel":-1,"LabelID":0,"Descrip":"2nd Flr Main Lobby\r\n*Also contains narcan for opioid overdose\r\n\r\nWhen entering from Meeting St it is on your right, next to the fire boxes\r\n\r\nCR2 AED","narcan":"Y","restricted":"Unrestricted","GlobalID":"11c15ef7-ed1f-4742-999a-59c12562a847"}},{"type":"Feature","id":51,"geometry":{"type":"Point","coordinates":[-71.4057471994593,41.8184979002075]},"properties":{"OBJECTID":51,"Name":"South Street Landing: 4th Floor","FolderPath":"Brown University Campus AED + First Aid Map/AEDs","SymbolID":0,"AltMode":-1,"Base":0,"Snippet":"","PopupInfo":"\u003cimg src=\"https://mymaps.usercontent.google.com/hostedimage/m/*/3ADbDBKvVj9Bmjk8plB74FlZGIMmSJdUMVSdq-cfWNMkLbTe1jA6xqYBaAaZJqKnKHElVBIkfxgbVqSoFwCrEKEVs6CdKn_L3RHyARXUmsgwwkEgg-ly56q0nkM9oCgfZBg7mP5u0guUkXSk_QDmggfQMP75GU856ONicdP9BG-Zxa-BOtqmVWY4MIJUkytckx2lkfX0_7bWLVKVmguEatddpVKEabsxJ_L3eZ5ZeO2BLFX95-R4iUT2NBJGEpkw?authuser=0&fife=s16383\" height=\"200\" width=\"auto\" /\u003e\u003cbr\u003e\u003cbr\u003efourth floor outside of elevators (east set)\u003cbr\u003e*Also contains Narcan for opioid overdose\u003cbr\u003eWhen you enter the building at the entrance that is to the left of the brown shuttle stop (guest entrance), walk down a hallway to the left, round a corner, and take the east elevators to the fourth floor. the AED is right in front of the elevators.\u003cbr\u003e\u003cbr\u003eCR2 AED\u003cbr\u003e\u003cbr\u003e\u003ca href=\"https://www.youtube.com/watch?v=WtN56rbzEgw\"\u003e\u003cimg src=\"https://img.youtube.com/vi/WtN56rbzEgw/hqdefault.jpg\" height=\"200\" width=\"auto\" /\u003e\u003c/a\u003e\u003cbr\u003e\u003cbr\u003e\u003ca href=\"https://www.youtube.com/embed/WtN56rbzEgw\"\u003ehttps://www.youtube.com/embed/WtN56rbzEgw\u003c/a\u003e\u003cbr\u003e\u003cbr\u003e\u003ca href=\"https://www.youtube.com/watch?v=B9Sv64FJPhg\"\u003e\u003cimg src=\"https://img.youtube.com/vi/B9Sv64FJPhg/hqdefault.jpg\" height=\"200\" width=\"auto\" /\u003e\u003c/a\u003e\u003cbr\u003e\u003cbr\u003e\u003ca href=\"https://www.youtube.com/embed/B9Sv64FJPhg\"\u003ehttps://www.youtube.com/embed/B9Sv64FJPhg\u003c/a\u003e","HasLabel":-1,"LabelID":0,"Descrip":"fourth floor outside of elevators (east set)\r\n*Also contains Narcan for opioid overdose\r\nWhen you enter the building at the entrance that is to the left of the brown shuttle stop (guest entrance), walk down a hallway to the left, round a corner, and take the east elevators to the fourth floor. the AED is right in front of the elevators.\r\n\r\nCR2 AED","narcan":"Y","restricted":"Unrestricted","GlobalID":"13d0baca-7e75-4735-961f-adce0bf86ea3"}},{"type":"Feature","id":52,"geometry":{"type":"Point","coordinates":[-71.4062299995755,41.8183099998571]},"properties":{"OBJECTID":52,"Name":"South Street Landing: 6th Floor","FolderPath":"Brown University Campus AED + First Aid Map/AEDs","SymbolID":0,"AltMode":-1,"Base":0,"Snippet":"","PopupInfo":"\u003cimg src=\"https://mymaps.usercontent.google.com/hostedimage/m/*/3ADbDBKvmDl66J98-kTul20Sz80LW10rDe01trHvT4GeljU6ZnHPs_3iJEoVXxgKjqzebeImXR8VvYcV3xKgNcF6xEtvqiJUm5yIYv6GKpvgy_CAxlRtiggGqTNvpzgEiwzzxqtCaswxdb8iHcib4eCVjHWbzZSS32pcy_VIRNGU91HU6ej852ohb6mm7CPzkm3MsPs7i87Lpx1N1OX883r8vILAfRk70-HzP0YkUh7Z6H2WU1GGHE3Y2CW8EfEc?authuser=0&fife=s16383\" height=\"200\" width=\"auto\" /\u003e\u003cbr\u003e\u003cbr\u003e6th floor on the wall next to elevators (west set)\u003cbr\u003e*Also contains Narcan for opioid overdose\u003cbr\u003eTake guest entrance (left from shuttle stop), then take the west elevators up to the AED\u003cbr\u003e\u003cbr\u003eCR2 AED\u003cbr\u003e\u003cbr\u003e\u003ca href=\"https://www.youtube.com/watch?v=WtN56rbzEgw\"\u003e\u003cimg src=\"https://img.youtube.com/vi/WtN56rbzEgw/hqdefault.jpg\" height=\"200\" width=\"auto\" /\u003e\u003c/a\u003e\u003cbr\u003e\u003cbr\u003e\u003ca href=\"https://www.youtube.com/embed/WtN56rbzEgw\"\u003ehttps://www.youtube.com/embed/WtN56rbzEgw\u003c/a\u003e\u003cbr\u003e\u003cbr\u003e\u003ca href=\"https://www.youtube.com/watch?v=B9Sv64FJPhg\"\u003e\u003cimg src=\"https://img.youtube.com/vi/B9Sv64FJPhg/hqdefault.jpg\" height=\"200\" width=\"auto\" /\u003e\u003c/a\u003e\u003cbr\u003e\u003cbr\u003e\u003ca href=\"https://www.youtube.com/embed/B9Sv64FJPhg\"\u003ehttps://www.youtube.com/embed/B9Sv64FJPhg\u003c/a\u003e","HasLabel":-1,"LabelID":0,"Descrip":"6th floor on the wall next to elevators (west set)\r\n*Also contains Narcan for opioid overdose\r\nTake guest entrance (left from shuttle stop), then take the west elevators up to the AED\r\n\r\nCR2 AED","narcan":"Y","restricted":"Unrestricted","GlobalID":"570f358e-7ead-49d2-b992-bd489e59a0ec"}},{"type":"Feature","id":53,"geometry":{"type":"Point","coordinates":[-71.40306000049,41.8268599996497]},"properties":{"OBJECTID":53,"Name":"Stephen Robert Campus Center","FolderPath":"Brown University Campus AED + First Aid Map/AEDs","SymbolID":0,"AltMode":-1,"Base":0,"Snippet":"","PopupInfo":"\u003cimg src=\"https://mymaps.usercontent.google.com/hostedimage/m/*/3ADbDBKsFvy3Zdr3ZH97gYCnvsC4ALWFh-0zw24IXpbIhgeraUfIweTyOqxacPmCUxpm2tfyafkb4Raq0Cz2kWFFwYQnh5hy2kI75rkBf_ZQPoxqhCPvmg3UE5O_La65FH8bXNFq94qtsOgVc6d0lfb8BTgWt_x52E8i_VXZ7S5pA4sk2oZqmSb2SJcIVTpzENYWnpLROn01RgqYq6i2gZ0DnBsc6NPHXvVzwe8g7U6bawhzkKxblWeF_PiXGyMU?authuser=0&fife=s16383\" height=\"200\" width=\"auto\" /\u003e\u003cbr\u003e\u003cbr\u003eNext to elevator, on first floor, right out front of the blue room\u003cbr\u003e*Also contains Narcan for opioid overdose\u003cbr\u003e\u003cbr\u003eWalk into the main doors, walk up the half flight of stairs to get to the reception desk, keep walking past elevator, it is on the right hand side.\u003cbr\u003e\u003cbr\u003eCR2 AED\u003cbr\u003e\u003cbr\u003e\u003ca href=\"https://www.youtube.com/watch?v=WtN56rbzEgw\"\u003e\u003cimg src=\"https://img.youtube.com/vi/WtN56rbzEgw/hqdefault.jpg\" height=\"200\" width=\"auto\" /\u003e\u003c/a\u003e\u003cbr\u003e\u003cbr\u003e\u003ca href=\"https://www.youtube.com/embed/WtN56rbzEgw\"\u003ehttps://www.youtube.com/embed/WtN56rbzEgw\u003c/a\u003e","HasLabel":-1,"LabelID":0,"Descrip":"Next to elevator, on first floor, right out front of the blue room\r\n*Also contains Narcan for opioid overdose\r\n\r\nWalk into the main doors, walk up the half flight of stairs to get to the reception desk, keep walking past elevator, it is on the right hand side.\r\n\r\nCR2 AED","narcan":"Y","restricted":"Unrestricted","GlobalID":"c41f5c91-cbac-4650-84c5-bfaf34589166"}},{"type":"Feature","id":54,"geometry":{"type":"Point","coordinates":[-71.4038503003718,41.8262636001521]},"properties":{"OBJECTID":54,"Name":"University Hall","FolderPath":"Brown University Campus AED + First Aid Map/AEDs","SymbolID":0,"AltMode":-1,"Base":0,"Snippet":"","PopupInfo":"\u003cimg src=\"https://mymaps.usercontent.google.com/hostedimage/m/*/3ADbDBKs5Lp2PHCKl-FgaztXohQzfi2rHOoJBuyUX1q7Ju-Hb3U04B6ZazLyCqfPDBT3PP7KPO_z7_5T3Ma_iRoiWP2h_bYcH3wUNXWv95jPEIc-y77rnFMWChgDVhyyXvidS8R5tegC-ma0T1yuahQSc35UCsO5Zs8t4c7ZHUw3qsMYNwCbZCMEOTsKaq3rQqtu91wBHcrs03G64ymUSRDEcyUvzUn-HQESKoYSlvst5CR_DcWQEf118-e3E47E?authuser=0&fife=s16383\" height=\"200\" width=\"auto\" /\u003e\u003cbr\u003e\u003cbr\u003e1st floor, near accessibility entrance\u003cbr\u003e*Also contains Narcan for opioid rescue\u003cbr\u003e\u003cbr\u003eenter accessibility entrance, walk past the two open doors, AED is on your left\u003cbr\u003e\u003cbr\u003eCR2 AED\u003cbr\u003e\u003cbr\u003e\u003ca href=\"https://www.youtube.com/watch?v=WtN56rbzEgw\"\u003e\u003cimg src=\"https://img.youtube.com/vi/WtN56rbzEgw/hqdefault.jpg\" height=\"200\" width=\"auto\" /\u003e\u003c/a\u003e\u003cbr\u003e\u003cbr\u003e\u003ca href=\"https://www.youtube.com/embed/WtN56rbzEgw\"\u003ehttps://www.youtube.com/embed/WtN56rbzEgw\u003c/a\u003e","HasLabel":-1,"LabelID":0,"Descrip":"1st floor, near accessibility entrance\r\n*Also contains Narcan for opioid rescue\r\n\r\nenter accessibility entrance, walk past the two open doors, AED is on your left\r\n\r\nCR2 AED","narcan":"Y","restricted":"Unrestricted","GlobalID":"d5ec0719-e42e-449f-ac61-844502c4e8ca"}},{"type":"Feature","id":55,"geometry":{"type":"Point","coordinates":[-71.4016100000699,41.8296800003751]},"properties":{"OBJECTID":55,"Name":"Verney-Woolley Dining Hall","FolderPath":"Brown University Campus AED + First Aid Map/AEDs","SymbolID":0,"AltMode":-1,"Base":0,"Snippet":"","PopupInfo":"\u003cimg src=\"https://mymaps.usercontent.google.com/hostedimage/m/*/3ADbDBKtnAT5vVM875_Fp71y2X4gJ5NZdEZ4KGb_iXFMLiiMVUlY8iS-C0GxE0STF0B_rWOXO_nMKUbPbXcDV0s9a_jF0PfDWDM_2P4FdJGuH6BWrkGP_AbAfrmWFcmkIokYsfjrX047y95B34vFg1Q8qRhzpk8KaKiE2v7rqrCxVI8y4UogEROCh3D52ywPXBRI4ngD3auW5fiWYz5ZKpy4lW_J5AvJg7uUhSjXbRTFNmEGMuVzanEo4UFRhFeQ?authuser=0&fife=s16383\" height=\"200\" width=\"auto\" /\u003e\u003cbr\u003e\u003cbr\u003eInside V-Dub on first pillar on the right\u003cbr\u003e*Also contains Narcan for opioid overdose\u003cbr\u003eWhen you enter the building from the front entrance, you go straight past the vending machines to the door infront of the bathrooms. When you walk through the door, the AED is on the first pillar on the right.\u003cbr\u003e\u003cbr\u003eCR2 AED \u003cbr\u003e\u003cbr\u003e\u003ca href=\"https://www.youtube.com/watch?v=WtN56rbzEgw\"\u003e\u003cimg src=\"https://img.youtube.com/vi/WtN56rbzEgw/hqdefault.jpg\" height=\"200\" width=\"auto\" /\u003e\u003c/a\u003e\u003cbr\u003e\u003cbr\u003e\u003ca href=\"https://www.youtube.com/embed/WtN56rbzEgw\"\u003ehttps://www.youtube.com/embed/WtN56rbzEgw\u003c/a\u003e","HasLabel":-1,"LabelID":0,"Descrip":"Inside V-Dub on first pillar on the right\r\n*Also contains Narcan for opioid overdose\r\nWhen you enter the building from the front entrance, you go straight past the vending machines to the door infront of the bathrooms. When you walk through the door, the AED is on the first pillar on the right.\r\n\r\nCR2 AED ","narcan":"Y","restricted":"Unrestricted","GlobalID":"22dd8cad-1c42-470b-accb-dd242cf6369f"}},{"type":"Feature","id":56,"geometry":{"type":"Point","coordinates":[-71.4086899994952,41.8188299997914]},"properties":{"OBJECTID":56,"Name":"The Warren Alpert Medical School: Lobby","FolderPath":"Brown University Campus AED + First Aid Map/AEDs","SymbolID":0,"AltMode":-1,"Base":0,"Snippet":"","PopupInfo":"\u003cimg src=\"https://mymaps.usercontent.google.com/hostedimage/m/*/3ADbDBKsyZBSt29yiDgJvaVh8b2roCFgij2sqNdCosq7Qfgpqqa-whpajM-zNYyoHmDroaa3MfUkbrBeHC1y1iNIB2S2txfZGUl_0l7QxpBlYdBpIrWt2NbNK9ZYdTJ6y1W6TD8BWc6EgalbJFWwhJm6ePBEIwrP-m4z6tgb69MvvN3bNHCFJRxbewo6ACybcBc_rGHErA9_ZueT8MsroMvo2iq_nteQbs7N2i6VJaT8iHHFOXJlrjxEhZvnWAfs?authuser=0&fife=s16383\" height=\"200\" width=\"auto\" /\u003e\u003cbr\u003e\u003cbr\u003e1st floor to the right of Security Desk\u003cbr\u003e*Also contains Narcan for opioid overdose\u003cbr\u003e\u003cbr\u003eWhen you enter the School, on the left there is a security desk and the AED is to the left.\u003cbr\u003e\u003cbr\u003eLifepak 1000 AED\u003cbr\u003e\u003cbr\u003e\u003ca href=\"https://www.youtube.com/watch?v=PNnThAzbCig\"\u003e\u003cimg src=\"https://img.youtube.com/vi/PNnThAzbCig/hqdefault.jpg\" height=\"200\" width=\"auto\" /\u003e\u003c/a\u003e\u003cbr\u003e\u003cbr\u003e\u003ca href=\"https://www.youtube.com/embed/PNnThAzbCig\"\u003ehttps://www.youtube.com/embed/PNnThAzbCig\u003c/a\u003e","HasLabel":-1,"LabelID":0,"Descrip":"1st floor to the right of Security Desk\r\n*Also contains Narcan for opioid overdose\r\n\r\nWhen you enter the School, on the left there is a security desk and the AED is to the left.\r\n\r\nLifepak 1000 AED","narcan":"Y","restricted":"Unrestricted","GlobalID":"0336521d-4c5a-4f40-813b-42f3235962a3"}},{"type":"Feature","id":57,"geometry":{"type":"Point","coordinates":[-71.4086099998576,41.8187999998471]},"properties":{"OBJECTID":57,"Name":"The Warren Alpert Medical School: Gym","FolderPath":"Brown University Campus AED + First Aid Map/AEDs","SymbolID":0,"AltMode":-1,"Base":0,"Snippet":"","PopupInfo":"\u003cimg src=\"https://mymaps.usercontent.google.com/hostedimage/m/*/3ADbDBKtR5ogfGBsnjSJ6JMNuqExZpDEY0rWBw_z8f0Afq63hrBK_ahFARAVK-ACLlTIlZjQ1AUkV0naSJF7c1g0jHgc6kw2Q0XVuDvSUXvg8OgNHADLucnuGa9CXueA4OyoXvkgQCe3NlNPbmBhwbp4EIPYBmuIj1Ax-w18WwtKpWaZJOb0QHt9hifpQ4hyumDU6xS605ETM3Lnag4DHpFyNrDNUpmeBCu99S_HPcWds6NcfMS70Wuphxt9A-FA?authuser=0&fife=s16383\" height=\"200\" width=\"auto\" /\u003e\u003cbr\u003e\u003cbr\u003eGym, 4th Floor\u003cbr\u003e* Also contains Narcan for opioid rescue\u003cbr\u003e\u003cbr\u003eWhen you enter the Gym it is on the wall next to the stairwell\u003cbr\u003e\u003cbr\u003eLifepak 1000 AED\u003cbr\u003e\u003cbr\u003e\u003ca href=\"https://www.youtube.com/watch?v=PNnThAzbCig\"\u003e\u003cimg src=\"https://img.youtube.com/vi/PNnThAzbCig/hqdefault.jpg\" height=\"200\" width=\"auto\" /\u003e\u003c/a\u003e\u003cbr\u003e\u003cbr\u003e\u003ca href=\"https://www.youtube.com/embed/PNnThAzbCig\"\u003ehttps://www.youtube.com/embed/PNnThAzbCig\u003c/a\u003e","HasLabel":-1,"LabelID":0,"Descrip":"Gym, 4th Floor\r\n* Also contains Narcan for opioid rescue\r\n\r\nWhen you enter the Gym it is on the wall next to the stairwell\r\n\r\nLifepak 1000 AED","narcan":"Y","restricted":"Unrestricted","GlobalID":"54b3ffed-9e68-434a-99ed-e2ae5aa466ee"}},{"type":"Feature","id":58,"geometry":{"type":"Point","coordinates":[-71.3997889995486,41.8295030995905]},"properties":{"OBJECTID":58,"Name":"Wellness Center / Sternlicht Commons: Brook St Entrance","FolderPath":"Brown University Campus AED + First Aid Map/AEDs/Wellness Center ","SymbolID":0,"AltMode":-1,"Base":0,"Snippet":"","PopupInfo":"\u003cimg src=\"https://mymaps.usercontent.google.com/hostedimage/m/*/3ADbDBKs9NDK6MZJJ95B_DpQ1bgG1edYyTqDwPX21wFUXxc3sfE1W3SZnYN0JnBcJZMnHP5wdk0hFVUYF5hVg-RNEEHuOe-uwpNFiBQCUFlJ-FAggmLLPfN_adLQ6CFSrz5bZIWyn8VnCxEor97h9sqc86-qhG8WPabat0II1ILXVdd25Xe6QCKuAvVxFIuUHDkMnZuLNTRFMwulCu7DA0BEizgGydMWTyCUXkSgnf7FDrelTo776N51mnLwHZWA?authuser=0&fife=s16383\" height=\"200\" width=\"auto\" /\u003e\u003cbr\u003e\u003cbr\u003eSouth Brook St entrance next to BWell\u003cbr\u003e*Also contains Narcan for opioid overdose\u003cbr\u003eWhen on Brook St, it is the entrance nearest to the intersection of Brook and Meeting St. It will be on your left within the vestibule area. This is the entrance next to BWell.\u003cbr\u003e\u003cbr\u003eCR2 AED\u003cbr\u003e\u003cbr\u003e\u003ca href=\"https://www.youtube.com/watch?v=WtN56rbzEgw\"\u003e\u003cimg src=\"https://img.youtube.com/vi/WtN56rbzEgw/hqdefault.jpg\" height=\"200\" width=\"auto\" /\u003e\u003c/a\u003e\u003cbr\u003e\u003cbr\u003e\u003ca href=\"https://www.youtube.com/embed/WtN56rbzEgw\"\u003ehttps://www.youtube.com/embed/WtN56rbzEgw\u003c/a\u003e\u003cbr\u003e\u003cbr\u003e\u003ca href=\"https://www.youtube.com/watch?v=B9Sv64FJPhg\"\u003e\u003cimg src=\"https://img.youtube.com/vi/B9Sv64FJPhg/hqdefault.jpg\" height=\"200\" width=\"auto\" /\u003e\u003c/a\u003e\u003cbr\u003e\u003cbr\u003e\u003ca href=\"https://www.youtube.com/embed/B9Sv64FJPhg\"\u003ehttps://www.youtube.com/embed/B9Sv64FJPhg\u003c/a\u003e","HasLabel":-1,"LabelID":0,"Descrip":"South Brook St entrance next to BWell\r\n*Also contains Narcan for opioid overdose\r\nWhen on Brook St, it is the entrance nearest to the intersection of Brook and Meeting St. It will be on your left within the vestibule area. This is the entrance next to BWell.\r\n\r\nCR2 AED","narcan":"Y","restricted":"Unrestricted","GlobalID":"54bab720-2b4c-4e40-a01f-12f76bd6346a"}},{"type":"Feature","id":59,"geometry":{"type":"Point","coordinates":[-71.3999834003555,41.8295550997322]},"properties":{"OBJECTID":59,"Name":"Wellness Center: Health Services Clinical","FolderPath":"Brown University Campus AED + First Aid Map/AEDs","SymbolID":0,"AltMode":-1,"Base":0,"Snippet":"","PopupInfo":"\u003cimg src=\"https://mymaps.usercontent.google.com/hostedimage/m/*/3ADbDBKv3fKVpE2x8eLkG4rTHSf_WVSw4NQAUMpotW0XRTgroj_-RxKyd6af5JeAuGnP8zZfuOcSu_pzlHqdS2fbrPxjeun1An4OEf_afDgJG2yszqmQ4P4Kxpmm5dszR6wVPhgQK9DAz9F9PjL3IFgLLMVB7Gzwqu9AbCrJLzJqzDlRpiuJ8LpEw5BlndKWCT1akhRKajJjovlV0K2OPJFRzLW39lW0KBcaoaBLylkuemkHugYNlopM9_W_5Msk?authuser=0&fife=s16383\" height=\"200\" width=\"auto\" /\u003e\u003cbr\u003e\u003cbr\u003eHealth Services Clinical Space\u003cbr\u003e*Also contains Narcan for opioid overdose\u003cbr\u003eEnter through doors to health services clinical area, go down the hallway straight in front of you and it will be on your right\u003cbr\u003e\u003cbr\u003eCR2 AED\u003cbr\u003e\u003cbr\u003e\u003ca href=\"https://www.youtube.com/watch?v=WtN56rbzEgw\"\u003e\u003cimg src=\"https://img.youtube.com/vi/WtN56rbzEgw/hqdefault.jpg\" height=\"200\" width=\"auto\" /\u003e\u003c/a\u003e\u003cbr\u003e\u003cbr\u003e\u003ca href=\"https://www.youtube.com/embed/WtN56rbzEgw\"\u003ehttps://www.youtube.com/embed/WtN56rbzEgw\u003c/a\u003e\u003cbr\u003e\u003cbr\u003e\u003ca href=\"https://www.youtube.com/watch?v=B9Sv64FJPhg\"\u003e\u003cimg src=\"https://img.youtube.com/vi/B9Sv64FJPhg/hqdefault.jpg\" height=\"200\" width=\"auto\" /\u003e\u003c/a\u003e\u003cbr\u003e\u003cbr\u003e\u003ca href=\"https://www.youtube.com/embed/B9Sv64FJPhg\"\u003ehttps://www.youtube.com/embed/B9Sv64FJPhg\u003c/a\u003e","HasLabel":-1,"LabelID":0,"Descrip":"Health Services Clinical Space\r\n*Also contains Narcan for opioid overdose\r\nEnter through doors to health services clinical area, go down the hallway straight in front of you and it will be on your right\r\n\r\nCR2 AED","narcan":"Y","restricted":"Unrestricted","GlobalID":"da8f0ec1-87e8-47ad-b6d0-505a0c65a24f"}},{"type":"Feature","id":60,"geometry":{"type":"Point","coordinates":[-71.3999277005697,41.8300261004497]},"properties":{"OBJECTID":60,"Name":"Wellness Center / Sternlicht Commons: Cushing St Entrance","FolderPath":"Brown University Campus AED + First Aid Map/AEDs/Wellness Center ","SymbolID":0,"AltMode":-1,"Base":0,"Snippet":"","PopupInfo":"\u003cimg src=\"https://mymaps.usercontent.google.com/hostedimage/m/*/3ADbDBKuUuY_3ZjOvHQqeS296lwVTKZ538tYqW5tyegOi0b_cYzUOqR4sMi2eff7ubGK-BnNtjhxYDDT2pD4Oo_mMAW0HaW8-K-wt9oIJqj7oOGprRCU8bEzJQZUaZlqroBmsdVT2rcLmJuZO731kHjIMBJ_nDWX4RvmRwMDaZdjZ54tfeOI4nx1C7zRM-giiO063tdxGtu7doL701zlHmMAQrXrMTmF8puenK5-qUOnemdd3oCuws2Zs4EzjJuw?authuser=0&fife=s16383\" height=\"200\" width=\"auto\" /\u003e\u003cbr\u003e\u003cbr\u003eNext to the Cushing St entrance\u003cbr\u003e*Also contains Narcan for opioid overdose\u003cbr\u003eEnter through the Cushing St entrance- go through both sets of doors and it will be on your right\u003cbr\u003e\u003cbr\u003eCR2 AED\u003cbr\u003e\u003cbr\u003e\u003ca href=\"https://www.youtube.com/watch?v=WtN56rbzEgw\"\u003e\u003cimg src=\"https://img.youtube.com/vi/WtN56rbzEgw/hqdefault.jpg\" height=\"200\" width=\"auto\" /\u003e\u003c/a\u003e\u003cbr\u003e\u003cbr\u003e\u003ca href=\"https://www.youtube.com/embed/WtN56rbzEgw\"\u003ehttps://www.youtube.com/embed/WtN56rbzEgw\u003c/a\u003e\u003cbr\u003e\u003cbr\u003e\u003ca href=\"https://www.youtube.com/watch?v=B9Sv64FJPhg\"\u003e\u003cimg src=\"https://img.youtube.com/vi/B9Sv64FJPhg/hqdefault.jpg\" height=\"200\" width=\"auto\" /\u003e\u003c/a\u003e\u003cbr\u003e\u003cbr\u003e\u003ca href=\"https://www.youtube.com/embed/B9Sv64FJPhg\"\u003ehttps://www.youtube.com/embed/B9Sv64FJPhg\u003c/a\u003e","HasLabel":-1,"LabelID":0,"Descrip":"Next to the Cushing St entrance\r\n*Also contains Narcan for opioid overdose\r\nEnter through the Cushing St entrance- go through both sets of doors and it will be on your right\r\n\r\nCR2 AED","narcan":"Y","restricted":"Unrestricted","GlobalID":"dc590b24-a263-4a0f-8bb1-e8c967ced712"}},{"type":"Feature","id":61,"geometry":{"type":"Point","coordinates":[-71.3968390002115,41.8303158999206]},"properties":{"OBJECTID":61,"Name":"Zucconi Strength & Conditioning Center","FolderPath":"Brown University Campus AED + First Aid Map/AEDs","SymbolID":0,"AltMode":-1,"Base":0,"Snippet":"","PopupInfo":"\u003cimg src=\"https://mymaps.usercontent.google.com/hostedimage/m/*/3ADbDBKtlz0awWvrouWl3NLgPLtihOqY1j4iUSmYlPxtkSeIkY7tN5ru6k-aMqY5z7k16kvUH2cVrjAD6RiTmo13f-vWqdwqblFLAielFARYSSyej0IAzq0P4YxTHO8UaKLmKpN_JizN5SaN2ry-kN_6SshqJS8faQpfAoEPEio2gZkOL0eEE3EcDaGeEt6fU6xfs57jLLmEWS5GKj8wl9RaIjCJD97gh_AO8qDUml8apIsLG4q830GChRgYqoB8?authuser=0&fife=s16383\" height=\"200\" width=\"auto\" /\u003e\u003cbr\u003e\u003cbr\u003eNext to the weight lifting coaches offices\u003cbr\u003e*Also contains Narcan for opioid overdose\u003cbr\u003eWalk through main door of the zucconi, walk straight to wall across from you. It will be right on that wall. \u003cbr\u003e\u003cbr\u003eCR2 AED\u003cbr\u003e\u003cbr\u003e\u003ca href=\"https://www.youtube.com/watch?v=WtN56rbzEgw\"\u003e\u003cimg src=\"https://img.youtube.com/vi/WtN56rbzEgw/hqdefault.jpg\" height=\"200\" width=\"auto\" /\u003e\u003c/a\u003e\u003cbr\u003e\u003cbr\u003e\u003ca href=\"https://www.youtube.com/embed/WtN56rbzEgw\"\u003ehttps://www.youtube.com/embed/WtN56rbzEgw\u003c/a\u003e","HasLabel":-1,"LabelID":0,"Descrip":"Next to the weight lifting coaches offices\r\n*Also contains Narcan for opioid overdose\r\nWalk through main door of the zucconi, walk straight to wall across from you. It will be right on that wall. \r\n\r\nCR2 AED","narcan":"Y","restricted":"Unrestricted","GlobalID":"900cefdb-dcd1-44e3-be77-0b0851f9193b"}},{"type":"Feature","id":62,"geometry":{"type":"Point","coordinates":[-71.4023206998352,41.8243169998043]},"properties":{"OBJECTID":62,"Name":"Annmary Brown Memorial Library","FolderPath":"Brown University Campus AED + First Aid Map/AEDs","SymbolID":3,"AltMode":-1,"Base":0,"Snippet":"","PopupInfo":null,"HasLabel":-1,"LabelID":0,"Descrip":"RESTRICTED ACCESS TEMPORARILY\r\nInside behind security desk\r\n\r\nEnter via main entrance on Brown St. To the right you will find a security desk with the AED on the wall behind it.\r\n\r\nCR2 AED","narcan":"N","restricted":"Restricted","GlobalID":"adfa75c2-38c4-4c3f-84e6-a2553cda097e"}},{"type":"Feature","id":63,"geometry":{"type":"Point","coordinates":[-71.3973702996629,41.8319541000631]},"properties":{"OBJECTID":63,"Name":"Central Heat Plant","FolderPath":"Brown University Campus AED + First Aid Map/AEDs","SymbolID":3,"AltMode":-1,"Base":0,"Snippet":"","PopupInfo":null,"HasLabel":-1,"LabelID":0,"Descrip":"RESTRICTED ACCESS\r\n\r\nInside near main desk\r\n\r\nEnter via south entrance closest to OMAC, walk straight to the main desk area.\r\n\r\nCR2 AED","narcan":"N","restricted":"Restricted","GlobalID":"58b06181-23e7-45ae-954b-a069446a0e7b"}},{"type":"Feature","id":64,"geometry":{"type":"Point","coordinates":[-71.4063465535515,41.8184244526189]},"properties":{"OBJECTID":64,"Name":"South Street Landing: Lobby","FolderPath":null,"SymbolID":null,"AltMode":null,"Base":null,"Snippet":null,"PopupInfo":null,"HasLabel":null,"LabelID":null,"Descrip":"Lobby next to main entrance across from security *also contains Narcan for opioid overdose Enter through the main doors on eddy St and go left  CR2 AED  HOW TO USE: https://www.youtube.com/embed/WtN56rbzEgw","narcan":null,"restricted":"Unrestricted","GlobalID":"85216145-48e1-4419-a0a3-9322eb684223"}}]}