{"type":"FeatureCollection","features":[{"type":"Feature","id":1,"geometry":{"type":"Point","coordinates":[-71.4025119999391,41.8305689996572]},"properties":{"OBJECTID":1,"ID":"ANDREWHALL","Name":"ANDREWHALL","Lat":41.830569,"Long":-71.402512,"ExhibitionLink":null,"EVCharger":null,"EVChargerText":null,"Dining":1,"DiningText":"Andrews Commons (Ground Floor)","Exhibitions":null,"ExhibitionsText":null,"MenstrualProducts":null,"MestrualProductsText":null,"Restrooms":null,"RestroomsText":null,"HydrationStation":1,"HydrationStationText":"Lower Level to the right of the dining area, 1st floor above dining area near restrooms","LactationRooms":null,"LactationRoomsText":null,"Printers":1,"PrintersText":"Study space above dining room: Ricoh SP 8400dn BW","Type":"Dining","Display":null,"Exhibition2":null,"Exhibition2Text":null,"Exhibition3":null,"Exhibition3Text":null,"Exhibition4":null,"Exhibition4Text":null,"Exhibition2Link":null,"Exhibition3Link":null,"Exhibition4Link":null,"lactationlink":null,"lactationemail":null}},{"type":"Feature","id":4,"geometry":{"type":"Point","coordinates":[-71.4023160004828,41.8239329999686]},"properties":{"OBJECTID":4,"ID":"ANDREWSHSE","Name":"ANDREWSHSE","Lat":41.823933,"Long":-71.402316,"ExhibitionLink":null,"EVCharger":null,"EVChargerText":null,"Dining":null,"DiningText":null,"Exhibitions":null,"ExhibitionsText":null,"MenstrualProducts":null,"MestrualProductsText":null,"Restrooms":null,"RestroomsText":null,"HydrationStation":null,"HydrationStationText":null,"LactationRooms":null,"LactationRoomsText":null,"Printers":null,"PrintersText":null,"Type":"Gender Inclusive Restrooms","Display":null,"Exhibition2":null,"Exhibition2Text":null,"Exhibition3":null,"Exhibition3Text":null,"Exhibition4":null,"Exhibition4Text":null,"Exhibition2Link":null,"Exhibition3Link":null,"Exhibition4Link":null,"lactationlink":null,"lactationemail":null}},{"type":"Feature","id":5,"geometry":{"type":"Point","coordinates":[-71.3998759998678,41.8279439997074]},"properties":{"OBJECTID":5,"ID":"ANGELL195","Name":"ANGELL195","Lat":41.827944,"Long":-71.399876,"ExhibitionLink":null,"EVCharger":null,"EVChargerText":null,"Dining":null,"DiningText":null,"Exhibitions":null,"ExhibitionsText":null,"MenstrualProducts":null,"MestrualProductsText":null,"Restrooms":null,"RestroomsText":null,"HydrationStation":null,"HydrationStationText":null,"LactationRooms":null,"LactationRoomsText":null,"Printers":null,"PrintersText":null,"Type":"Gender Inclusive Restrooms","Display":null,"Exhibition2":null,"Exhibition2Text":null,"Exhibition3":null,"Exhibition3Text":null,"Exhibition4":null,"Exhibition4Text":null,"Exhibition2Link":null,"Exhibition3Link":null,"Exhibition4Link":null,"lactationlink":null,"lactationemail":null}},{"type":"Feature","id":6,"geometry":{"type":"Point","coordinates":[-71.4023219994101,41.8242649999831]},"properties":{"OBJECTID":6,"ID":"ANNMARY","Name":"ANNMARY","Lat":41.824265,"Long":-71.402322,"ExhibitionLink":"https://library.brown.edu/exhibits","EVCharger":null,"EVChargerText":null,"Dining":null,"DiningText":null,"Exhibitions":1,"ExhibitionsText":"Memorial Exhibits","MenstrualProducts":null,"MestrualProductsText":null,"Restrooms":null,"RestroomsText":null,"HydrationStation":null,"HydrationStationText":null,"LactationRooms":null,"LactationRoomsText":null,"Printers":null,"PrintersText":null,"Type":"exhibitions","Display":null,"Exhibition2":1,"Exhibition2Text":"Memorial Hours","Exhibition3":null,"Exhibition3Text":null,"Exhibition4":null,"Exhibition4Text":null,"Exhibition2Link":"https://library.brown.edu/about/amb/","Exhibition3Link":null,"Exhibition4Link":null,"lactationlink":null,"lactationemail":null}},{"type":"Feature","id":8,"geometry":{"type":"Point","coordinates":[-71.4028660005296,41.8243189999736]},"properties":{"OBJECTID":8,"ID":"KQARCHBRON","Name":"KQARCHBRON","Lat":41.824319,"Long":-71.402866,"ExhibitionLink":null,"EVCharger":null,"EVChargerText":null,"Dining":null,"DiningText":null,"Exhibitions":null,"ExhibitionsText":null,"MenstrualProducts":null,"MestrualProductsText":null,"Restrooms":null,"RestroomsText":null,"HydrationStation":1,"HydrationStationText":null,"LactationRooms":null,"LactationRoomsText":null,"Printers":1,"PrintersText":"1st floor study space: Ricoh SP 8400dn BW","Type":"Gender Inclusive Restrooms","Display":null,"Exhibition2":null,"Exhibition2Text":null,"Exhibition3":null,"Exhibition3Text":null,"Exhibition4":null,"Exhibition4Text":null,"Exhibition2Link":null,"Exhibition3Link":null,"Exhibition4Link":null,"lactationlink":null,"lactationemail":null}},{"type":"Feature","id":10,"geometry":{"type":"Point","coordinates":[-71.4011309994064,41.8269249995952]},"properties":{"OBJECTID":10,"ID":"ARNOLDLAB","Name":"ARNOLDLAB","Lat":41.826925,"Long":-71.401131,"ExhibitionLink":null,"EVCharger":null,"EVChargerText":null,"Dining":null,"DiningText":null,"Exhibitions":null,"ExhibitionsText":null,"MenstrualProducts":null,"MestrualProductsText":null,"Restrooms":null,"RestroomsText":null,"HydrationStation":null,"HydrationStationText":null,"LactationRooms":null,"LactationRoomsText":null,"Printers":null,"PrintersText":null,"Type":"Gender Inclusive Restrooms","Display":null,"Exhibition2":null,"Exhibition2Text":null,"Exhibition3":null,"Exhibition3Text":null,"Exhibition4":null,"Exhibition4Text":null,"Exhibition2Link":null,"Exhibition3Link":null,"Exhibition4Link":null,"lactationlink":null,"lactationemail":null}},{"type":"Feature","id":11,"geometry":{"type":"Point","coordinates":[-71.3978260001646,41.8265050000225]},"properties":{"OBJECTID":11,"ID":"BH","Name":"BH","Lat":41.826505,"Long":-71.397826,"ExhibitionLink":null,"EVCharger":null,"EVChargerText":null,"Dining":null,"DiningText":null,"Exhibitions":null,"ExhibitionsText":null,"MenstrualProducts":1,"MestrualProductsText":"1st, 3rd, 7th floors","Restrooms":null,"RestroomsText":null,"HydrationStation":null,"HydrationStationText":null,"LactationRooms":null,"LactationRoomsText":null,"Printers":1,"PrintersText":"1st floor lab (room 191):\nRicoh SP 8400dn\nBW Ricoh SP C840dn Color","Type":"Free menstrual Products","Display":null,"Exhibition2":null,"Exhibition2Text":null,"Exhibition3":null,"Exhibition3Text":null,"Exhibition4":null,"Exhibition4Text":null,"Exhibition2Link":null,"Exhibition3Link":null,"Exhibition4Link":null,"lactationlink":null,"lactationemail":null}},{"type":"Feature","id":14,"geometry":{"type":"Point","coordinates":[-71.4032900003386,41.8247210001902]},"properties":{"OBJECTID":14,"ID":"BENE020","Name":"BENE020","Lat":41.824721,"Long":-71.40329,"ExhibitionLink":null,"EVCharger":null,"EVChargerText":null,"Dining":null,"DiningText":null,"Exhibitions":null,"ExhibitionsText":null,"MenstrualProducts":null,"MestrualProductsText":null,"Restrooms":null,"RestroomsText":null,"HydrationStation":null,"HydrationStationText":null,"LactationRooms":null,"LactationRoomsText":null,"Printers":null,"PrintersText":null,"Type":"Gender Inclusive Restrooms","Display":null,"Exhibition2":null,"Exhibition2Text":null,"Exhibition3":null,"Exhibition3Text":null,"Exhibition4":null,"Exhibition4Text":null,"Exhibition2Link":null,"Exhibition3Link":null,"Exhibition4Link":null,"lactationlink":null,"lactationemail":null}},{"type":"Feature","id":15,"geometry":{"type":"Point","coordinates":[-71.4028609994756,41.8247169999452]},"properties":{"OBJECTID":15,"ID":"BENE026","Name":"BENE026","Lat":41.824717,"Long":-71.402861,"ExhibitionLink":null,"EVCharger":null,"EVChargerText":null,"Dining":null,"DiningText":null,"Exhibitions":null,"ExhibitionsText":null,"MenstrualProducts":null,"MestrualProductsText":null,"Restrooms":null,"RestroomsText":null,"HydrationStation":null,"HydrationStationText":null,"LactationRooms":1,"LactationRoomsText":"Room 205∙ Requires reservation, Lockable door, an outlet, chair & table, and a sink nearby","Printers":null,"PrintersText":null,"Type":"Gender Inclusive Restrooms","Display":null,"Exhibition2":null,"Exhibition2Text":null,"Exhibition3":null,"Exhibition3Text":null,"Exhibition4":null,"Exhibition4Text":null,"Exhibition2Link":null,"Exhibition3Link":null,"Exhibition4Link":null,"lactationlink":null,"lactationemail":"scrubbed@example.invalid"}},{"type":"Feature","id":17,"geometry":{"type":"Point","coordinates":[-71.4029089998797,41.8285959999359]},"properties":{"OBJECTID":17,"ID":"BIOMEDCTR","Name":"BIOMEDCTR","Lat":41.828596,"Long":-71.402909,"ExhibitionLink":null,"EVCharger":null,"EVChargerText":null,"Dining":null,"DiningText":null,"Exhibitions":null,"ExhibitionsText":null,"MenstrualProducts":1,"MestrualProductsText":"Basement","Restrooms":null,"RestroomsText":null,"HydrationStation":null,"HydrationStationText":null,"LactationRooms":1,"LactationRoomsText":"Room 203∙ Reservation required.  Card access is required after business hours including weekends/holidays. Lockable door, chair and bench and refrigerator∙ A sink is located across the hall.","Printers":null,"PrintersText":null,"Type":"Free menstrual Products","Display":null,"Exhibition2":null,"Exhibition2Text":null,"Exhibition3":null,"Exhibition3Text":null,"Exhibition4":null,"Exhibition4Text":null,"Exhibition2Link":null,"Exhibition3Link":null,"Exhibition4Link":null,"lactationlink":null,"lactationemail":"scrubbed@example.invalid"}},{"type":"Feature","id":20,"geometry":{"type":"Point","coordinates":[-71.4051489994347,41.8266990000023]},"properties":{"OBJECTID":20,"ID":"BLISTEIN","Name":"BLISTEIN","Lat":41.826699,"Long":-71.405149,"ExhibitionLink":null,"EVCharger":null,"EVChargerText":null,"Dining":null,"DiningText":null,"Exhibitions":null,"ExhibitionsText":null,"MenstrualProducts":null,"MestrualProductsText":null,"Restrooms":null,"RestroomsText":null,"HydrationStation":null,"HydrationStationText":null,"LactationRooms":null,"LactationRoomsText":null,"Printers":null,"PrintersText":null,"Type":"Gender Inclusive Restrooms","Display":null,"Exhibition2":null,"Exhibition2Text":null,"Exhibition3":null,"Exhibition3Text":null,"Exhibition4":null,"Exhibition4Text":null,"Exhibition2Link":null,"Exhibition3Link":null,"Exhibition4Link":null,"lactationlink":null,"lactationemail":null}},{"type":"Feature","id":21,"geometry":{"type":"Point","coordinates":[-71.4009830005275,41.8282859996443]},"properties":{"OBJECTID":21,"ID":"ANGELL164","Name":"ANGELL164","Lat":41.828286,"Long":-71.400983,"ExhibitionLink":null,"EVCharger":null,"EVChargerText":null,"Dining":null,"DiningText":null,"Exhibitions":null,"ExhibitionsText":null,"MenstrualProducts":1,"MestrualProductsText":"3rd and 4th floor","Restrooms":null,"RestroomsText":null,"HydrationStation":null,"HydrationStationText":null,"LactationRooms":null,"LactationRoomsText":null,"Printers":null,"PrintersText":null,"Type":"Free menstrual Products","Display":null,"Exhibition2":null,"Exhibition2Text":null,"Exhibition3":null,"Exhibition3Text":null,"Exhibition4":null,"Exhibition4Text":null,"Exhibition2Link":null,"Exhibition3Link":null,"Exhibition4Link":null,"lactationlink":null,"lactationemail":null}},{"type":"Feature","id":22,"geometry":{"type":"Point","coordinates":[-71.4033970000858,41.827553000145]},"properties":{"OBJECTID":22,"ID":"BROWN070","Name":"BROWN070","Lat":41.827553,"Long":-71.403397,"ExhibitionLink":null,"EVCharger":null,"EVChargerText":null,"Dining":null,"DiningText":null,"Exhibitions":null,"ExhibitionsText":null,"MenstrualProducts":null,"MestrualProductsText":null,"Restrooms":null,"RestroomsText":null,"HydrationStation":null,"HydrationStationText":null,"LactationRooms":null,"LactationRoomsText":null,"Printers":null,"PrintersText":null,"Type":"Gender Inclusive Restrooms","Display":null,"Exhibition2":null,"Exhibition2Text":null,"Exhibition3":null,"Exhibition3Text":null,"Exhibition4":null,"Exhibition4Text":null,"Exhibition2Link":null,"Exhibition3Link":null,"Exhibition4Link":null,"lactationlink":null,"lactationemail":null}},{"type":"Feature","id":23,"geometry":{"type":"Point","coordinates":[-71.3993870002547,41.8241450003804]},"properties":{"OBJECTID":23,"ID":"CHAR059","Name":"CHAR059","Lat":41.824145,"Long":-71.399387,"ExhibitionLink":null,"EVCharger":null,"EVChargerText":null,"Dining":null,"DiningText":null,"Exhibitions":null,"ExhibitionsText":null,"MenstrualProducts":null,"MestrualProductsText":null,"Restrooms":null,"RestroomsText":null,"HydrationStation":null,"HydrationStationText":null,"LactationRooms":null,"LactationRoomsText":null,"Printers":null,"PrintersText":null,"Type":"Gender Inclusive Restrooms","Display":null,"Exhibition2":null,"Exhibition2Text":null,"Exhibition3":null,"Exhibition3Text":null,"Exhibition4":null,"Exhibition4Text":null,"Exhibition2Link":null,"Exhibition3Link":null,"Exhibition4Link":null,"lactationlink":null,"lactationemail":null}},{"type":"Feature","id":24,"geometry":{"type":"Point","coordinates":[-71.4015439998405,41.8277590001087]},"properties":{"OBJECTID":24,"ID":"CHURCHILL","Name":"CHURCHILL","Lat":41.827759,"Long":-71.401544,"ExhibitionLink":null,"EVCharger":null,"EVChargerText":null,"Dining":null,"DiningText":null,"Exhibitions":null,"ExhibitionsText":null,"MenstrualProducts":1,"MestrualProductsText":"second floor unisex restroom","Restrooms":null,"RestroomsText":null,"HydrationStation":null,"HydrationStationText":null,"LactationRooms":null,"LactationRoomsText":null,"Printers":null,"PrintersText":null,"Type":"Free menstrual Products","Display":null,"Exhibition2":null,"Exhibition2Text":null,"Exhibition3":null,"Exhibition3Text":null,"Exhibition4":null,"Exhibition4Text":null,"Exhibition2Link":null,"Exhibition3Link":null,"Exhibition4Link":null,"lactationlink":null,"lactationemail":null}},{"type":"Feature","id":26,"geometry":{"type":"Point","coordinates":[-71.4044380005732,41.8275609997607]},"properties":{"OBJECTID":26,"ID":"CORLISS-B","Name":"CORLISS-B","Lat":41.827561,"Long":-71.404438,"ExhibitionLink":null,"EVCharger":null,"EVChargerText":null,"Dining":null,"DiningText":null,"Exhibitions":null,"ExhibitionsText":null,"MenstrualProducts":1,"MestrualProductsText":"3rd and 4th floor","Restrooms":null,"RestroomsText":null,"HydrationStation":null,"HydrationStationText":null,"LactationRooms":null,"LactationRoomsText":null,"Printers":null,"PrintersText":null,"Type":"Free menstrual Products","Display":null,"Exhibition2":null,"Exhibition2Text":null,"Exhibition3":null,"Exhibition3Text":null,"Exhibition4":null,"Exhibition4Text":null,"Exhibition2Link":null,"Exhibition3Link":null,"Exhibition4Link":null,"lactationlink":null,"lactationemail":null}},{"type":"Feature","id":28,"geometry":{"type":"Point","coordinates":[-71.3964720005563,41.823407000037]},"properties":{"OBJECTID":28,"ID":"DYERHSE","Name":"DYERHSE","Lat":41.823407,"Long":-71.396472,"ExhibitionLink":null,"EVCharger":null,"EVChargerText":null,"Dining":null,"DiningText":null,"Exhibitions":null,"ExhibitionsText":null,"MenstrualProducts":null,"MestrualProductsText":null,"Restrooms":null,"RestroomsText":null,"HydrationStation":null,"HydrationStationText":null,"LactationRooms":null,"LactationRoomsText":null,"Printers":null,"PrintersText":null,"Type":"Gender Inclusive Restrooms","Display":null,"Exhibition2":null,"Exhibition2Text":null,"Exhibition3":null,"Exhibition3Text":null,"Exhibition4":null,"Exhibition4Text":null,"Exhibition2Link":null,"Exhibition3Link":null,"Exhibition4Link":null,"lactationlink":null,"lactationemail":null}},{"type":"Feature","id":29,"geometry":{"type":"Point","coordinates":[-71.4037110000082,41.8247789999062]},"properties":{"OBJECTID":29,"ID":"FACULTCLUB","Name":"FACULTCLUB","Lat":41.824779,"Long":-71.403711,"ExhibitionLink":null,"EVCharger":null,"EVChargerText":null,"Dining":1,"DiningText":"Faculty Club","Exhibitions":null,"ExhibitionsText":null,"MenstrualProducts":null,"MestrualProductsText":null,"Restrooms":null,"RestroomsText":null,"HydrationStation":null,"HydrationStationText":null,"LactationRooms":null,"LactationRoomsText":null,"Printers":null,"PrintersText":null,"Type":"Dining","Display":null,"Exhibition2":null,"Exhibition2Text":null,"Exhibition3":null,"Exhibition3Text":null,"Exhibition4":null,"Exhibition4Text":null,"Exhibition2Link":null,"Exhibition3Link":null,"Exhibition4Link":null,"lactationlink":null,"lactationemail":null}},{"type":"Feature","id":31,"geometry":{"type":"Point","coordinates":[-71.4028720828762,41.8268556496568]},"properties":{"OBJECTID":31,"ID":"FAUNCEHSE","Name":"FAUNCEHSE","Lat":41.826829,"Long":-71.40296,"ExhibitionLink":null,"EVCharger":null,"EVChargerText":null,"Dining":1,"DiningText":"Blue Room (First Floor), Gourmet to Go (Basement)","Exhibitions":null,"ExhibitionsText":null,"MenstrualProducts":1,"MestrualProductsText":"basement and 2nd floor","Restrooms":null,"RestroomsText":null,"HydrationStation":1,"HydrationStationText":"Lower level, 1st floor near Blue Room (tap), 2nd floor, 3rd floor","LactationRooms":null,"LactationRoomsText":null,"Printers":null,"PrintersText":null,"Type":"Dining","Display":null,"Exhibition2":null,"Exhibition2Text":null,"Exhibition3":null,"Exhibition3Text":null,"Exhibition4":null,"Exhibition4Text":null,"Exhibition2Link":null,"Exhibition3Link":null,"Exhibition4Link":null,"lactationlink":null,"lactationemail":null}},{"type":"Feature","id":35,"geometry":{"type":"Point","coordinates":[-71.3973380005506,41.823738999692]},"properties":{"OBJECTID":35,"ID":"FEINSTEIN","Name":"FEINSTEIN","Lat":41.823739,"Long":-71.397338,"ExhibitionLink":null,"EVCharger":null,"EVChargerText":null,"Dining":null,"DiningText":null,"Exhibitions":null,"ExhibitionsText":null,"MenstrualProducts":null,"MestrualProductsText":null,"Restrooms":null,"RestroomsText":null,"HydrationStation":null,"HydrationStationText":null,"LactationRooms":null,"LactationRoomsText":null,"Printers":null,"PrintersText":null,"Type":"Gender Inclusive Restrooms","Display":null,"Exhibition2":null,"Exhibition2Text":null,"Exhibition3":null,"Exhibition3Text":null,"Exhibition4":null,"Exhibition4Text":null,"Exhibition2Link":null,"Exhibition3Link":null,"Exhibition4Link":null,"lactationlink":null,"lactationemail":null}},{"type":"Feature","id":36,"geometry":{"type":"Point","coordinates":[-71.4042282728778,41.8274343444084]},"properties":{"OBJECTID":36,"ID":"FONES008","Name":"FONES008","Lat":41.827451,"Long":-71.404194,"ExhibitionLink":null,"EVCharger":null,"EVChargerText":null,"Dining":null,"DiningText":null,"Exhibitions":null,"ExhibitionsText":null,"MenstrualProducts":null,"MestrualProductsText":null,"Restrooms":null,"RestroomsText":null,"HydrationStation":null,"HydrationStationText":null,"LactationRooms":null,"LactationRoomsText":null,"Printers":null,"PrintersText":null,"Type":"Gender Inclusive Restrooms","Display":null,"Exhibition2":null,"Exhibition2Text":null,"Exhibition3":null,"Exhibition3Text":null,"Exhibition4":null,"Exhibition4Text":null,"Exhibition2Link":null,"Exhibition3Link":null,"Exhibition4Link":null,"lactationlink":null,"lactationemail":null}},{"type":"Feature","id":37,"geometry":{"type":"Point","coordinates":[-71.3995159996806,41.8258340001951]},"properties":{"OBJECTID":37,"ID":"GEO-CHEM","Name":"GEO-CHEM","Lat":41.825834,"Long":-71.399516,"ExhibitionLink":null,"EVCharger":null,"EVChargerText":null,"Dining":null,"DiningText":null,"Exhibitions":null,"ExhibitionsText":null,"MenstrualProducts":1,"MestrualProductsText":"all floors","Restrooms":null,"RestroomsText":null,"HydrationStation":null,"HydrationStationText":null,"LactationRooms":null,"LactationRoomsText":null,"Printers":null,"PrintersText":null,"Type":"Free menstrual Products","Display":null,"Exhibition2":null,"Exhibition2Text":null,"Exhibition3":null,"Exhibition3Text":null,"Exhibition4":null,"Exhibition4Text":null,"Exhibition2Link":null,"Exhibition3Link":null,"Exhibition4Link":null,"lactationlink":null,"lactationemail":null}},{"type":"Feature","id":39,"geometry":{"type":"Point","coordinates":[-71.4035530002443,41.8251060003897]},"properties":{"OBJECTID":39,"ID":"GEORGE067","Name":"GEORGE067","Lat":41.825106,"Long":-71.403553,"ExhibitionLink":null,"EVCharger":null,"EVChargerText":null,"Dining":null,"DiningText":null,"Exhibitions":null,"ExhibitionsText":null,"MenstrualProducts":null,"MestrualProductsText":null,"Restrooms":null,"RestroomsText":null,"HydrationStation":null,"HydrationStationText":null,"LactationRooms":null,"LactationRoomsText":null,"Printers":null,"PrintersText":null,"Type":"Gender Inclusive Restrooms","Display":null,"Exhibition2":null,"Exhibition2Text":null,"Exhibition3":null,"Exhibition3Text":null,"Exhibition4":null,"Exhibition4Text":null,"Exhibition2Link":null,"Exhibition3Link":null,"Exhibition4Link":null,"lactationlink":null,"lactationemail":null}},{"type":"Feature","id":40,"geometry":{"type":"Point","coordinates":[-71.3996740004759,41.8253780001495]},"properties":{"OBJECTID":40,"ID":"GEORGE155","Name":"GEORGE155","Lat":41.825378,"Long":-71.399674,"ExhibitionLink":null,"EVCharger":null,"EVChargerText":null,"Dining":null,"DiningText":null,"Exhibitions":null,"ExhibitionsText":null,"MenstrualProducts":null,"MestrualProductsText":null,"Restrooms":null,"RestroomsText":null,"HydrationStation":null,"HydrationStationText":null,"LactationRooms":null,"LactationRoomsText":null,"Printers":null,"PrintersText":null,"Type":"Gender Inclusive Restrooms","Display":null,"Exhibition2":null,"Exhibition2Text":null,"Exhibition3":null,"Exhibition3Text":null,"Exhibition4":null,"Exhibition4Text":null,"Exhibition2Link":null,"Exhibition3Link":null,"Exhibition4Link":null,"lactationlink":null,"lactationemail":null}},{"type":"Feature","id":41,"geometry":{"type":"Point","coordinates":[-71.3991839994641,41.8254540000822]},"properties":{"OBJECTID":41,"ID":"HIRSCHFELD","Name":"HIRSCHFELD","Lat":41.825454,"Long":-71.399184,"ExhibitionLink":null,"EVCharger":null,"EVChargerText":null,"Dining":null,"DiningText":null,"Exhibitions":null,"ExhibitionsText":null,"MenstrualProducts":null,"MestrualProductsText":null,"Restrooms":null,"RestroomsText":null,"HydrationStation":null,"HydrationStationText":null,"LactationRooms":null,"LactationRoomsText":null,"Printers":null,"PrintersText":null,"Type":"Gender Inclusive Restrooms","Display":null,"Exhibition2":null,"Exhibition2Text":null,"Exhibition3":null,"Exhibition3Text":null,"Exhibition4":null,"Exhibition4Text":null,"Exhibition2Link":null,"Exhibition3Link":null,"Exhibition4Link":null,"lactationlink":null,"lactationemail":null}},{"type":"Feature","id":42,"geometry":{"type":"Point","coordinates":[-71.3987789994803,41.8258880001513]},"properties":{"OBJECTID":42,"ID":"GEORGE180","Name":"GEORGE180","Lat":41.825888,"Long":-71.398779,"ExhibitionLink":null,"EVCharger":null,"EVChargerText":null,"Dining":null,"DiningText":null,"Exhibitions":null,"ExhibitionsText":null,"MenstrualProducts":1,"MestrualProductsText":"basement","Restrooms":null,"RestroomsText":null,"HydrationStation":null,"HydrationStationText":null,"LactationRooms":null,"LactationRoomsText":null,"Printers":null,"PrintersText":null,"Type":"Free menstrual Products","Display":null,"Exhibition2":null,"Exhibition2Text":null,"Exhibition3":null,"Exhibition3Text":null,"Exhibition4":null,"Exhibition4Text":null,"Exhibition2Link":null,"Exhibition3Link":null,"Exhibition4Link":null,"lactationlink":null,"lactationemail":null}},{"type":"Feature","id":44,"geometry":{"type":"Point","coordinates":[-71.4058860003513,41.8262419996459]},"properties":{"OBJECTID":44,"ID":"GERARDHSE","Name":"GERARDHSE","Lat":41.826242,"Long":-71.405886,"ExhibitionLink":null,"EVCharger":null,"EVChargerText":null,"Dining":null,"DiningText":null,"Exhibitions":null,"ExhibitionsText":null,"MenstrualProducts":null,"MestrualProductsText":null,"Restrooms":null,"RestroomsText":null,"HydrationStation":null,"HydrationStationText":null,"LactationRooms":null,"LactationRoomsText":null,"Printers":null,"PrintersText":null,"Type":"Gender Inclusive Restrooms","Display":null,"Exhibition2":null,"Exhibition2Text":null,"Exhibition3":null,"Exhibition3Text":null,"Exhibition4":null,"Exhibition4Text":null,"Exhibition2Link":null,"Exhibition3Link":null,"Exhibition4Link":null,"lactationlink":null,"lactationemail":null}},{"type":"Feature","id":45,"geometry":{"type":"Point","coordinates":[-71.3973619994628,41.8235769995717]},"properties":{"OBJECTID":45,"ID":"GIDDINGS","Name":"GIDDINGS","Lat":41.823577,"Long":-71.397362,"ExhibitionLink":null,"EVCharger":null,"EVChargerText":null,"Dining":null,"DiningText":null,"Exhibitions":null,"ExhibitionsText":null,"MenstrualProducts":null,"MestrualProductsText":null,"Restrooms":null,"RestroomsText":null,"HydrationStation":null,"HydrationStationText":null,"LactationRooms":null,"LactationRoomsText":null,"Printers":null,"PrintersText":null,"Type":"Gender Inclusive Restrooms","Display":null,"Exhibition2":null,"Exhibition2Text":null,"Exhibition3":null,"Exhibition3Text":null,"Exhibition4":null,"Exhibition4Text":null,"Exhibition2Link":null,"Exhibition3Link":null,"Exhibition4Link":null,"lactationlink":null,"lactationemail":null}},{"type":"Feature","id":46,"geometry":{"type":"Point","coordinates":[-71.4006509995036,41.8233470002489]},"properties":{"OBJECTID":46,"ID":"GRADCTRE","Name":"GRADCTRE","Lat":41.823347,"Long":-71.400651,"ExhibitionLink":null,"EVCharger":null,"EVChargerText":null,"Dining":null,"DiningText":null,"Exhibitions":null,"ExhibitionsText":null,"MenstrualProducts":1,"MestrualProductsText":"bathroom of building, also in graduate student pantry","Restrooms":null,"RestroomsText":null,"HydrationStation":null,"HydrationStationText":null,"LactationRooms":null,"LactationRoomsText":null,"Printers":1,"PrintersText":"2nd floor study space: Ricoh SP 8400dn BW","Type":"Free menstrual Products","Display":null,"Exhibition2":null,"Exhibition2Text":null,"Exhibition3":null,"Exhibition3Text":null,"Exhibition4":null,"Exhibition4Text":null,"Exhibition2Link":null,"Exhibition3Link":null,"Exhibition4Link":null,"lactationlink":null,"lactationemail":null}},{"type":"Feature","id":49,"geometry":{"type":"Point","coordinates":[-71.4010529996859,41.8278270004057]},"properties":{"OBJECTID":49,"ID":"HEMISPHERE","Name":"HEMISPHERE","Lat":41.827827,"Long":-71.401053,"ExhibitionLink":null,"EVCharger":null,"EVChargerText":null,"Dining":null,"DiningText":null,"Exhibitions":null,"ExhibitionsText":null,"MenstrualProducts":null,"MestrualProductsText":null,"Restrooms":null,"RestroomsText":null,"HydrationStation":null,"HydrationStationText":null,"LactationRooms":null,"LactationRoomsText":null,"Printers":null,"PrintersText":null,"Type":"Gender Inclusive Restrooms","Display":null,"Exhibition2":null,"Exhibition2Text":null,"Exhibition3":null,"Exhibition3Text":null,"Exhibition4":null,"Exhibition4Text":null,"Exhibition2Link":null,"Exhibition3Link":null,"Exhibition4Link":null,"lactationlink":null,"lactationemail":null}},{"type":"Feature","id":50,"geometry":{"type":"Point","coordinates":[-71.3974849995773,41.8273780001949]},"properties":{"OBJECTID":50,"ID":"HOPE190","Name":"HOPE190","Lat":41.827378,"Long":-71.397485,"ExhibitionLink":null,"EVCharger":null,"EVChargerText":null,"Dining":null,"DiningText":null,"Exhibitions":null,"ExhibitionsText":null,"MenstrualProducts":null,"MestrualProductsText":null,"Restrooms":null,"RestroomsText":null,"HydrationStation":null,"HydrationStationText":null,"LactationRooms":null,"LactationRoomsText":null,"Printers":null,"PrintersText":null,"Type":"Gender Inclusive Restrooms","Display":null,"Exhibition2":null,"Exhibition2Text":null,"Exhibition3":null,"Exhibition3Text":null,"Exhibition4":null,"Exhibition4Text":null,"Exhibition2Link":null,"Exhibition3Link":null,"Exhibition4Link":null,"lactationlink":null,"lactationemail":null}},{"type":"Feature","id":51,"geometry":{"type":"Point","coordinates":[-71.4042720001721,41.8250700003027]},"properties":{"OBJECTID":51,"ID":"HORACEMANN","Name":"HORACEMANN","Lat":41.82507,"Long":-71.404272,"ExhibitionLink":null,"EVCharger":null,"EVChargerText":null,"Dining":null,"DiningText":null,"Exhibitions":null,"ExhibitionsText":null,"MenstrualProducts":null,"MestrualProductsText":null,"Restrooms":null,"RestroomsText":null,"HydrationStation":null,"HydrationStationText":null,"LactationRooms":null,"LactationRoomsText":null,"Printers":null,"PrintersText":null,"Type":"Gender Inclusive Restrooms","Display":null,"Exhibition2":null,"Exhibition2Text":null,"Exhibition3":null,"Exhibition3Text":null,"Exhibition4":null,"Exhibition4Text":null,"Exhibition2Link":null,"Exhibition3Link":null,"Exhibition4Link":null,"lactationlink":null,"lactationemail":null}},{"type":"Feature","id":52,"geometry":{"type":"Point","coordinates":[-71.4019090001318,41.8268869997029]},"properties":{"OBJECTID":52,"ID":"WATER085","Name":"WATER085","Lat":41.826887,"Long":-71.401909,"ExhibitionLink":null,"EVCharger":null,"EVChargerText":null,"Dining":null,"DiningText":null,"Exhibitions":null,"ExhibitionsText":null,"MenstrualProducts":null,"MestrualProductsText":null,"Restrooms":null,"RestroomsText":null,"HydrationStation":1,"HydrationStationText":"1st floor, 2nd floor, 3rd floor","LactationRooms":1,"LactationRoomsText":"Room 228∙ Reservation required. Lockable door, outlets, comfortable chair, table and small refrigerator. A sink is located close by.","Printers":null,"PrintersText":null,"Type":"Gender Inclusive Restrooms","Display":null,"Exhibition2":null,"Exhibition2Text":null,"Exhibition3":null,"Exhibition3Text":null,"Exhibition4":null,"Exhibition4Text":null,"Exhibition2Link":null,"Exhibition3Link":null,"Exhibition4Link":null,"lactationlink":null,"lactationemail":"scrubbed@example.invalid"}},{"type":"Feature","id":55,"geometry":{"type":"Point","coordinates":[-71.402452999606,41.8255560003706]},"properties":{"OBJECTID":55,"ID":"JCBLIBRARY","Name":"JCBLIBRARY","Lat":41.825556,"Long":-71.402453,"ExhibitionLink":"https://jcblibrary.org/exhibitions","EVCharger":null,"EVChargerText":null,"Dining":null,"DiningText":null,"Exhibitions":1,"ExhibitionsText":"Exhibitions on View Now","MenstrualProducts":null,"MestrualProductsText":null,"Restrooms":null,"RestroomsText":null,"HydrationStation":null,"HydrationStationText":null,"LactationRooms":null,"LactationRoomsText":null,"Printers":null,"PrintersText":null,"Type":"Gender Inclusive Restrooms","Display":null,"Exhibition2":1,"Exhibition2Text":"Hours, Holidays, and Closings","Exhibition3":null,"Exhibition3Text":null,"Exhibition4":null,"Exhibition4Text":null,"Exhibition2Link":"https://jcblibrary.org/closings","Exhibition3Link":null,"Exhibition4Link":null,"lactationlink":null,"lactationemail":null}},{"type":"Feature","id":58,"geometry":{"type":"Point","coordinates":[-71.4050010002632,41.8264000001146]},"properties":{"OBJECTID":58,"ID":"JHAYLIB","Name":"JHAYLIB","Lat":41.8264,"Long":-71.405001,"ExhibitionLink":"https://library.brown.edu/exhibits","EVCharger":null,"EVChargerText":null,"Dining":null,"DiningText":"1","Exhibitions":1,"ExhibitionsText":"Library Exhibits","MenstrualProducts":null,"MestrualProductsText":null,"Restrooms":null,"RestroomsText":null,"HydrationStation":1,"HydrationStationText":"1st floor","LactationRooms":null,"LactationRoomsText":null,"Printers":1,"PrintersText":"1st floor study space: Ricoh SP 8400dn BW","Type":"Gender Inclusive Restrooms","Display":null,"Exhibition2":1,"Exhibition2Text":"Library Hours","Exhibition3":null,"Exhibition3Text":null,"Exhibition4":null,"Exhibition4Text":null,"Exhibition2Link":"https://library.brown.edu/hay/","Exhibition3Link":null,"Exhibition4Link":null,"lactationlink":null,"lactationemail":null}},{"type":"Feature","id":63,"geometry":{"type":"Point","coordinates":[-71.3987520001975,41.8220240004286]},"properties":{"OBJECTID":63,"ID":"JOHN050","Name":"JOHN050","Lat":41.822024,"Long":-71.398752,"ExhibitionLink":null,"EVCharger":null,"EVChargerText":null,"Dining":null,"DiningText":null,"Exhibitions":null,"ExhibitionsText":null,"MenstrualProducts":null,"MestrualProductsText":null,"Restrooms":null,"RestroomsText":null,"HydrationStation":null,"HydrationStationText":null,"LactationRooms":null,"LactationRoomsText":null,"Printers":null,"PrintersText":null,"Type":"Gender Inclusive Restrooms","Display":null,"Exhibition2":null,"Exhibition2Text":null,"Exhibition3":null,"Exhibition3Text":null,"Exhibition4":null,"Exhibition4Text":null,"Exhibition2Link":null,"Exhibition3Link":null,"Exhibition4Link":null,"lactationlink":null,"lactationemail":null}},{"type":"Feature","id":64,"geometry":{"type":"Point","coordinates":[-71.4000200000081,41.8252520003687]},"properties":{"OBJECTID":64,"ID":"KASSAR","Name":"KASSAR","Lat":41.825252,"Long":-71.40002,"ExhibitionLink":null,"EVCharger":null,"EVChargerText":null,"Dining":null,"DiningText":null,"Exhibitions":null,"ExhibitionsText":null,"MenstrualProducts":null,"MestrualProductsText":null,"Restrooms":null,"RestroomsText":null,"HydrationStation":null,"HydrationStationText":null,"LactationRooms":null,"LactationRoomsText":null,"Printers":null,"PrintersText":null,"Type":"Gender Inclusive Restrooms","Display":null,"Exhibition2":null,"Exhibition2Text":null,"Exhibition3":null,"Exhibition3Text":null,"Exhibition4":null,"Exhibition4Text":null,"Exhibition2Link":null,"Exhibition3Link":null,"Exhibition4Link":null,"lactationlink":null,"lactationemail":null}},{"type":"Feature","id":65,"geometry":{"type":"Point","coordinates":[-71.4053959996073,41.8264049997616]},"properties":{"OBJECTID":65,"ID":"LISTART","Name":"LISTART","Lat":41.826405,"Long":-71.405396,"ExhibitionLink":"https://www.brown.edu/campus-life/arts/bell-gallery/about/hours","EVCharger":null,"EVChargerText":null,"Dining":null,"DiningText":null,"Exhibitions":1,"ExhibitionsText":"Bell Gallery Hours","MenstrualProducts":1,"MestrualProductsText":"basement, 3rd, 4th, and 5th floors","Restrooms":null,"RestroomsText":null,"HydrationStation":null,"HydrationStationText":null,"LactationRooms":null,"LactationRoomsText":null,"Printers":null,"PrintersText":null,"Type":"Free menstrual Products","Display":null,"Exhibition2":1,"Exhibition2Text":"Current Bell Gallery Exhibitions","Exhibition3":1,"Exhibition3Text":"Past Bell Gallery Exhibitions","Exhibition4":1,"Exhibition4Text":"Upcoming Bell Gallery Exhibitions","Exhibition2Link":"https://www.brown.edu/campus-life/arts/bell-gallery/exhibitions/current","Exhibition3Link":"https://www.brown.edu/campus-life/arts/bell-gallery/exhibitions/past","Exhibition4Link":"https://www.brown.edu/campus-life/arts/bell-gallery/exhibitions/upcoming","lactationlink":null,"lactationemail":null}},{"type":"Feature","id":71,"geometry":{"type":"Point","coordinates":[-71.3955569994399,41.8329530001365]},"properties":{"OBJECTID":71,"ID":"ANDREWSMEM","Name":"ANDREWSMEM","Lat":41.832953,"Long":-71.395557,"ExhibitionLink":"1","EVCharger":null,"EVChargerText":"Lot 90 (Facilities Management) - Two units with four ports.","Dining":null,"DiningText":null,"Exhibitions":null,"ExhibitionsText":null,"MenstrualProducts":null,"MestrualProductsText":null,"Restrooms":null,"RestroomsText":null,"HydrationStation":null,"HydrationStationText":null,"LactationRooms":1,"LactationRoomsText":"Room 104∙ Lockable door, chair and bench. A sink is located across from the room.","Printers":null,"PrintersText":null,"Type":"car charging","Display":null,"Exhibition2":null,"Exhibition2Text":null,"Exhibition3":null,"Exhibition3Text":null,"Exhibition4":null,"Exhibition4Text":null,"Exhibition2Link":null,"Exhibition3Link":null,"Exhibition4Link":null,"lactationlink":null,"lactationemail":"scrubbed@example.invalid"}},{"type":"Feature","id":73,"geometry":{"type":"Point","coordinates":[-71.4018090004908,41.8265570001916]},"properties":{"OBJECTID":73,"ID":"LYMANHALL","Name":"LYMANHALL","Lat":41.826557,"Long":-71.401809,"ExhibitionLink":null,"EVCharger":null,"EVChargerText":null,"Dining":null,"DiningText":null,"Exhibitions":null,"ExhibitionsText":null,"MenstrualProducts":null,"MestrualProductsText":null,"Restrooms":null,"RestroomsText":null,"HydrationStation":null,"HydrationStationText":null,"LactationRooms":null,"LactationRoomsText":null,"Printers":null,"PrintersText":null,"Type":"Gender Inclusive Restrooms","Display":null,"Exhibition2":null,"Exhibition2Text":null,"Exhibition3":null,"Exhibition3Text":null,"Exhibition4":null,"Exhibition4Text":null,"Exhibition2Link":null,"Exhibition3Link":null,"Exhibition4Link":null,"lactationlink":null,"lactationemail":null}},{"type":"Feature","id":74,"geometry":{"type":"Point","coordinates":[-71.4062540003664,41.8262140001845]},"properties":{"OBJECTID":74,"ID":"MACFARLANE","Name":"MACFARLANE","Lat":41.826214,"Long":-71.406254,"ExhibitionLink":null,"EVCharger":null,"EVChargerText":null,"Dining":null,"DiningText":null,"Exhibitions":null,"ExhibitionsText":null,"MenstrualProducts":null,"MestrualProductsText":null,"Restrooms":null,"RestroomsText":null,"HydrationStation":null,"HydrationStationText":null,"LactationRooms":null,"LactationRoomsText":null,"Printers":null,"PrintersText":null,"Type":"Gender Inclusive Restrooms","Display":null,"Exhibition2":null,"Exhibition2Text":null,"Exhibition3":null,"Exhibition3Text":null,"Exhibition4":null,"Exhibition4Text":null,"Exhibition2Link":null,"Exhibition3Link":null,"Exhibition4Link":null,"lactationlink":null,"lactationemail":null}},{"type":"Feature","id":75,"geometry":{"type":"Point","coordinates":[-71.4000689998829,41.8260079996379]},"properties":{"OBJECTID":75,"ID":"MACMILLAN","Name":"MACMILLAN","Lat":41.826008,"Long":-71.400069,"ExhibitionLink":null,"EVCharger":null,"EVChargerText":null,"Dining":null,"DiningText":null,"Exhibitions":null,"ExhibitionsText":null,"MenstrualProducts":1,"MestrualProductsText":"1st, 2nd, and 3rd floors","Restrooms":null,"RestroomsText":null,"HydrationStation":null,"HydrationStationText":null,"LactationRooms":null,"LactationRoomsText":null,"Printers":null,"PrintersText":null,"Type":"Free menstrual Products","Display":null,"Exhibition2":null,"Exhibition2Text":null,"Exhibition3":null,"Exhibition3Text":null,"Exhibition4":null,"Exhibition4Text":null,"Exhibition2Link":null,"Exhibition3Link":null,"Exhibition4Link":null,"lactationlink":null,"lactationemail":null}},{"type":"Feature","id":76,"geometry":{"type":"Point","coordinates":[-71.4030240001085,41.8250940000634]},"properties":{"OBJECTID":76,"ID":"MADDOCK","Name":"MADDOCK","Lat":41.825094,"Long":-71.403024,"ExhibitionLink":null,"EVCharger":null,"EVChargerText":null,"Dining":null,"DiningText":null,"Exhibitions":null,"ExhibitionsText":null,"MenstrualProducts":null,"MestrualProductsText":null,"Restrooms":null,"RestroomsText":null,"HydrationStation":null,"HydrationStationText":null,"LactationRooms":null,"LactationRoomsText":null,"Printers":null,"PrintersText":null,"Type":"Gender Inclusive Restrooms","Display":null,"Exhibition2":null,"Exhibition2Text":null,"Exhibition3":null,"Exhibition3Text":null,"Exhibition4":null,"Exhibition4Text":null,"Exhibition2Link":null,"Exhibition3Link":null,"Exhibition4Link":null,"lactationlink":null,"lactationemail":null}},{"type":"Feature","id":77,"geometry":{"type":"Point","coordinates":[-71.4038509997605,41.8264429996829]},"properties":{"OBJECTID":77,"ID":"MANNING","Name":"MANNING","Lat":41.826443,"Long":-71.403851,"ExhibitionLink":"https://hma.brown.edu/about","EVCharger":null,"EVChargerText":null,"Dining":null,"DiningText":null,"Exhibitions":1,"ExhibitionsText":"About the Haffenreffer Museum of Anthropology","MenstrualProducts":null,"MestrualProductsText":null,"Restrooms":null,"RestroomsText":null,"HydrationStation":null,"HydrationStationText":null,"LactationRooms":null,"LactationRoomsText":null,"Printers":null,"PrintersText":null,"Type":"Gender Inclusive Restrooms","Display":null,"Exhibition2":1,"Exhibition2Text":"Current Haffenreffer Exhibits","Exhibition3":1,"Exhibition3Text":"Haffenreffer Hours","Exhibition4":1,"Exhibition4Text":"Past Haffenreffer Exhibits","Exhibition2Link":"https://hma.brown.edu/exhibits/current-exhibits","Exhibition3Link":"https://hma.brown.edu/connect/plan-your-visit","Exhibition4Link":"https://hma.brown.edu/exhibits/past-exhibits","lactationlink":null,"lactationemail":null}},{"type":"Feature","id":82,"geometry":{"type":"Point","coordinates":[-71.3995049996238,41.8266409999735]},"properties":{"OBJECTID":82,"ID":"MARSTONHAL","Name":"MARSTONHAL","Lat":41.826641,"Long":-71.399505,"ExhibitionLink":null,"EVCharger":null,"EVChargerText":null,"Dining":null,"DiningText":null,"Exhibitions":null,"ExhibitionsText":null,"MenstrualProducts":null,"MestrualProductsText":null,"Restrooms":null,"RestroomsText":null,"HydrationStation":null,"HydrationStationText":null,"LactationRooms":null,"LactationRoomsText":null,"Printers":null,"PrintersText":null,"Type":"Gender Inclusive Restrooms","Display":null,"Exhibition2":null,"Exhibition2Text":null,"Exhibition3":null,"Exhibition3Text":null,"Exhibition4":null,"Exhibition4Text":null,"Exhibition2Link":null,"Exhibition3Link":null,"Exhibition4Link":null,"lactationlink":null,"lactationemail":null}},{"type":"Feature","id":83,"geometry":{"type":"Point","coordinates":[-71.4020030001346,41.8258940000876]},"properties":{"OBJECTID":83,"ID":"MAXCY","Name":"MAXCY","Lat":41.825894,"Long":-71.402003,"ExhibitionLink":null,"EVCharger":null,"EVChargerText":null,"Dining":null,"DiningText":null,"Exhibitions":null,"ExhibitionsText":null,"MenstrualProducts":null,"MestrualProductsText":null,"Restrooms":null,"RestroomsText":null,"HydrationStation":null,"HydrationStationText":null,"LactationRooms":null,"LactationRoomsText":null,"Printers":null,"PrintersText":null,"Type":"Gender Inclusive Restrooms","Display":null,"Exhibition2":null,"Exhibition2Text":null,"Exhibition3":null,"Exhibition3Text":null,"Exhibition4":null,"Exhibition4Text":null,"Exhibition2Link":null,"Exhibition3Link":null,"Exhibition4Link":null,"lactationlink":null,"lactationemail":null}},{"type":"Feature","id":84,"geometry":{"type":"Point","coordinates":[-71.3993949997972,41.8254400002193]},"properties":{"OBJECTID":84,"ID":"MEIKLEJOHN","Name":"MEIKLEJOHN","Lat":41.82544,"Long":-71.399395,"ExhibitionLink":null,"EVCharger":null,"EVChargerText":null,"Dining":null,"DiningText":null,"Exhibitions":null,"ExhibitionsText":null,"MenstrualProducts":null,"MestrualProductsText":null,"Restrooms":null,"RestroomsText":null,"HydrationStation":null,"HydrationStationText":null,"LactationRooms":null,"LactationRoomsText":null,"Printers":null,"PrintersText":null,"Type":"Gender Inclusive Restrooms","Display":null,"Exhibition2":null,"Exhibition2Text":null,"Exhibition3":null,"Exhibition3Text":null,"Exhibition4":null,"Exhibition4Text":null,"Exhibition2Link":null,"Exhibition3Link":null,"Exhibition4Link":null,"lactationlink":null,"lactationemail":null}},{"type":"Feature","id":85,"geometry":{"type":"Point","coordinates":[-71.4006940004591,41.8267210000822]},"properties":{"OBJECTID":85,"ID":"METRSCHBLD","Name":"METRSCHBLD","Lat":41.826721,"Long":-71.400694,"ExhibitionLink":null,"EVCharger":null,"EVChargerText":null,"Dining":null,"DiningText":null,"Exhibitions":null,"ExhibitionsText":null,"MenstrualProducts":1,"MestrualProductsText":"1st floor","Restrooms":null,"RestroomsText":null,"HydrationStation":1,"HydrationStationText":"Lower level, 1st floor, 2nd floor, 3rd floor, 4th floor","LactationRooms":null,"LactationRoomsText":null,"Printers":null,"PrintersText":null,"Type":"Free menstrual Products","Display":null,"Exhibition2":null,"Exhibition2Text":null,"Exhibition3":null,"Exhibition3Text":null,"Exhibition4":null,"Exhibition4Text":null,"Exhibition2Link":null,"Exhibition3Link":null,"Exhibition4Link":null,"lactationlink":null,"lactationemail":null}},{"type":"Feature","id":88,"geometry":{"type":"Point","coordinates":[-71.4027289996607,41.8301809998183]},"properties":{"OBJECTID":88,"ID":"METCALFHAL","Name":"METCALFHAL","Lat":41.830181,"Long":-71.402729,"ExhibitionLink":null,"EVCharger":null,"EVChargerText":null,"Dining":null,"DiningText":null,"Exhibitions":null,"ExhibitionsText":null,"MenstrualProducts":null,"MestrualProductsText":null,"Restrooms":null,"RestroomsText":null,"HydrationStation":null,"HydrationStationText":null,"LactationRooms":null,"LactationRoomsText":null,"Printers":null,"PrintersText":null,"Type":"Gender Inclusive Restrooms","Display":null,"Exhibition2":null,"Exhibition2Text":null,"Exhibition3":null,"Exhibition3Text":null,"Exhibition4":null,"Exhibition4Text":null,"Exhibition2Link":null,"Exhibition3Link":null,"Exhibition4Link":null,"lactationlink":null,"lactationemail":null}},{"type":"Feature","id":90,"geometry":{"type":"Point","coordinates":[-71.3970079998774,41.8249599999051]},"properties":{"OBJECTID":90,"ID":"MOR-GERARD","Name":"MOR-GERARD","Lat":41.82496,"Long":-71.397008,"ExhibitionLink":null,"EVCharger":null,"EVChargerText":null,"Dining":null,"DiningText":null,"Exhibitions":null,"ExhibitionsText":null,"MenstrualProducts":null,"MestrualProductsText":null,"Restrooms":null,"RestroomsText":null,"HydrationStation":null,"HydrationStationText":null,"LactationRooms":null,"LactationRoomsText":null,"Printers":null,"PrintersText":null,"Type":"Gender Inclusive Restrooms","Display":null,"Exhibition2":null,"Exhibition2Text":null,"Exhibition3":null,"Exhibition3Text":null,"Exhibition4":null,"Exhibition4Text":null,"Exhibition2Link":null,"Exhibition3Link":null,"Exhibition4Link":null,"lactationlink":null,"lactationemail":null}},{"type":"Feature","id":91,"geometry":{"type":"Point","coordinates":[-71.4032869997266,41.8251200003138]},"properties":{"OBJECTID":91,"ID":"NICHOLSON","Name":"NICHOLSON","Lat":41.82512,"Long":-71.403287,"ExhibitionLink":null,"EVCharger":null,"EVChargerText":null,"Dining":null,"DiningText":null,"Exhibitions":null,"ExhibitionsText":null,"MenstrualProducts":null,"MestrualProductsText":null,"Restrooms":null,"RestroomsText":null,"HydrationStation":null,"HydrationStationText":null,"LactationRooms":null,"LactationRoomsText":null,"Printers":null,"PrintersText":null,"Type":"Gender Inclusive Restrooms","Display":null,"Exhibition2":null,"Exhibition2Text":null,"Exhibition3":null,"Exhibition3Text":null,"Exhibition4":null,"Exhibition4Text":null,"Exhibition2Link":null,"Exhibition3Link":null,"Exhibition4Link":null,"lactationlink":null,"lactationemail":null}},{"type":"Feature","id":92,"geometry":{"type":"Point","coordinates":[-71.4031002483164,41.8224191397168]},"properties":{"OBJECTID":92,"ID":"NIGHT-BROW","Name":"NIGHT-BROW","Lat":41.822468,"Long":-71.402987,"ExhibitionLink":"https://www.brown.edu/academics/public-humanities/about/history/nightingale-brown-house","EVCharger":null,"EVChargerText":null,"Dining":null,"DiningText":null,"Exhibitions":1,"ExhibitionsText":"About the Nightingale-Brown House","MenstrualProducts":null,"MestrualProductsText":null,"Restrooms":null,"RestroomsText":null,"HydrationStation":null,"HydrationStationText":null,"LactationRooms":null,"LactationRoomsText":null,"Printers":null,"PrintersText":null,"Type":"exhibitions","Display":null,"Exhibition2":1,"Exhibition2Text":"Nightingale-Brown House Digital Tour","Exhibition3":null,"Exhibition3Text":null,"Exhibition4":null,"Exhibition4Text":null,"Exhibition2Link":"https://cds.library.brown.edu/NBHouse/","Exhibition3Link":null,"Exhibition4Link":null,"lactationlink":null,"lactationemail":null}},{"type":"Feature","id":94,"geometry":{"type":"Point","coordinates":[-71.4022870000229,41.827289000168]},"properties":{"OBJECTID":94,"ID":"NORWOOD","Name":"NORWOOD","Lat":41.827289,"Long":-71.402287,"ExhibitionLink":null,"EVCharger":null,"EVChargerText":null,"Dining":null,"DiningText":null,"Exhibitions":null,"ExhibitionsText":null,"MenstrualProducts":null,"MestrualProductsText":null,"Restrooms":null,"RestroomsText":null,"HydrationStation":null,"HydrationStationText":null,"LactationRooms":null,"LactationRoomsText":null,"Printers":null,"PrintersText":null,"Type":"Gender Inclusive Restrooms","Display":null,"Exhibition2":null,"Exhibition2Text":null,"Exhibition3":null,"Exhibition3Text":null,"Exhibition4":null,"Exhibition4Text":null,"Exhibition2Link":null,"Exhibition3Link":null,"Exhibition4Link":null,"lactationlink":null,"lactationemail":null}},{"type":"Feature","id":95,"geometry":{"type":"Point","coordinates":[-71.3972790003158,41.8310960002191]},"properties":{"OBJECTID":95,"ID":"OMAC","Name":"OMAC","Lat":41.831096,"Long":-71.397279,"ExhibitionLink":null,"EVCharger":null,"EVChargerText":null,"Dining":null,"DiningText":null,"Exhibitions":null,"ExhibitionsText":null,"MenstrualProducts":1,"MestrualProductsText":"1st floor","Restrooms":null,"RestroomsText":null,"HydrationStation":null,"HydrationStationText":null,"LactationRooms":null,"LactationRoomsText":null,"Printers":null,"PrintersText":null,"Type":"Free menstrual Products","Display":null,"Exhibition2":null,"Exhibition2Text":null,"Exhibition3":null,"Exhibition3Text":null,"Exhibition4":null,"Exhibition4Text":null,"Exhibition2Link":null,"Exhibition3Link":null,"Exhibition4Link":null,"lactationlink":null,"lactationemail":null}},{"type":"Feature","id":96,"geometry":{"type":"Point","coordinates":[-71.3967110001547,41.8245249997024]},"properties":{"OBJECTID":96,"ID":"ORWIG","Name":"ORWIG","Lat":41.824525,"Long":-71.396711,"ExhibitionLink":"https://library.brown.edu/exhibits","EVCharger":null,"EVChargerText":null,"Dining":null,"DiningText":null,"Exhibitions":1,"ExhibitionsText":"Library Exhibits","MenstrualProducts":1,"MestrualProductsText":"3rd floor","Restrooms":null,"RestroomsText":null,"HydrationStation":1,"HydrationStationText":"2nd floor","LactationRooms":null,"LactationRoomsText":null,"Printers":1,"PrintersText":"1st floor study space: Ricoh SP 8400dn BW","Type":"Free menstrual Products","Display":null,"Exhibition2":1,"Exhibition2Text":"Library Hours","Exhibition3":null,"Exhibition3Text":null,"Exhibition4":null,"Exhibition4Text":null,"Exhibition2Link":"https://library.brown.edu/about/orwig/","Exhibition3Link":null,"Exhibition4Link":null,"lactationlink":null,"lactationemail":null}},{"type":"Feature","id":102,"geometry":{"type":"Point","coordinates":[-71.4032819997249,41.8271970001408]},"properties":{"OBJECTID":102,"ID":"PARTRIDGE","Name":"PARTRIDGE","Lat":41.827197,"Long":-71.403282,"ExhibitionLink":null,"EVCharger":null,"EVChargerText":null,"Dining":null,"DiningText":null,"Exhibitions":null,"ExhibitionsText":null,"MenstrualProducts":null,"MestrualProductsText":null,"Restrooms":null,"RestroomsText":null,"HydrationStation":null,"HydrationStationText":null,"LactationRooms":null,"LactationRoomsText":null,"Printers":null,"PrintersText":null,"Type":"Gender Inclusive Restrooms","Display":null,"Exhibition2":null,"Exhibition2Text":null,"Exhibition3":null,"Exhibition3Text":null,"Exhibition4":null,"Exhibition4Text":null,"Exhibition2Link":null,"Exhibition3Link":null,"Exhibition4Link":null,"lactationlink":null,"lactationemail":null}},{"type":"Feature","id":103,"geometry":{"type":"Point","coordinates":[-71.3980790000348,41.8317079995699]},"properties":{"OBJECTID":103,"ID":"PIZZITOLA","Name":"PIZZITOLA","Lat":41.831708,"Long":-71.398079,"ExhibitionLink":null,"EVCharger":null,"EVChargerText":null,"Dining":null,"DiningText":null,"Exhibitions":null,"ExhibitionsText":null,"MenstrualProducts":null,"MestrualProductsText":null,"Restrooms":null,"RestroomsText":null,"HydrationStation":1,"HydrationStationText":"1st and 2nd floors","LactationRooms":null,"LactationRoomsText":null,"Printers":null,"PrintersText":null,"Type":"Hydration Station","Display":null,"Exhibition2":null,"Exhibition2Text":null,"Exhibition3":null,"Exhibition3Text":null,"Exhibition4":null,"Exhibition4Text":null,"Exhibition2Link":null,"Exhibition3Link":null,"Exhibition4Link":null,"lactationlink":null,"lactationemail":null}},{"type":"Feature","id":106,"geometry":{"type":"Point","coordinates":[-71.4038770002646,41.8254540002454]},"properties":{"OBJECTID":106,"ID":"RIHALL","Name":"RIHALL","Lat":41.825454,"Long":-71.403877,"ExhibitionLink":null,"EVCharger":null,"EVChargerText":null,"Dining":null,"DiningText":null,"Exhibitions":null,"ExhibitionsText":null,"MenstrualProducts":1,"MestrualProductsText":"basement","Restrooms":null,"RestroomsText":null,"HydrationStation":null,"HydrationStationText":null,"LactationRooms":null,"LactationRoomsText":null,"Printers":null,"PrintersText":null,"Type":"Free menstrual Products","Display":null,"Exhibition2":null,"Exhibition2Text":null,"Exhibition3":null,"Exhibition3Text":null,"Exhibition4":null,"Exhibition4Text":null,"Exhibition2Link":null,"Exhibition3Link":null,"Exhibition4Link":null,"lactationlink":null,"lactationemail":null}},{"type":"Feature","id":108,"geometry":{"type":"Point","coordinates":[-71.4085789996986,41.8188740002912]},"properties":{"OBJECTID":108,"ID":"RICHMND222","Name":"RICHMND222","Lat":41.818874,"Long":-71.408579,"ExhibitionLink":null,"EVCharger":null,"EVChargerText":null,"Dining":null,"DiningText":null,"Exhibitions":null,"ExhibitionsText":null,"MenstrualProducts":1,"MestrualProductsText":"1st and 2nd floors","Restrooms":null,"RestroomsText":null,"HydrationStation":null,"HydrationStationText":null,"LactationRooms":1,"LactationRoomsText":"Room 268 ∙ Reservation required. This room includes a comfortable chair, a small table and a refrigerator.  There is also a restroom located on this floor.","Printers":1,"PrintersText":"Room 150 Library:\nRicoh SP 8400dn BW\n\nRoom 218 Blue Academy:\nRicoh SP C840dn Color\n\nRoom 238 Green Academy:\nRicoh SP C840dn Color\n\nRoom 250 Red Academy:\nRicoh SP C840dn Color","Type":"Free menstrual Products","Display":null,"Exhibition2":null,"Exhibition2Text":null,"Exhibition3":null,"Exhibition3Text":null,"Exhibition4":null,"Exhibition4Text":null,"Exhibition2Link":null,"Exhibition3Link":null,"Exhibition4Link":null,"lactationlink":null,"lactationemail":"scrubbed@example.invalid"}},{"type":"Feature","id":112,"geometry":{"type":"Point","coordinates":[-71.4043899998427,41.8271749996535]},"properties":{"OBJECTID":112,"ID":"ROBINSON","Name":"ROBINSON","Lat":41.827175,"Long":-71.40439,"ExhibitionLink":null,"EVCharger":null,"EVChargerText":null,"Dining":null,"DiningText":null,"Exhibitions":null,"ExhibitionsText":null,"MenstrualProducts":null,"MestrualProductsText":null,"Restrooms":null,"RestroomsText":null,"HydrationStation":null,"HydrationStationText":null,"LactationRooms":null,"LactationRoomsText":null,"Printers":null,"PrintersText":null,"Type":"Gender Inclusive Restrooms","Display":null,"Exhibition2":null,"Exhibition2Text":null,"Exhibition3":null,"Exhibition3Text":null,"Exhibition4":null,"Exhibition4Text":null,"Exhibition2Link":null,"Exhibition3Link":null,"Exhibition4Link":null,"lactationlink":null,"lactationemail":null}},{"type":"Feature","id":113,"geometry":{"type":"Point","coordinates":[-71.4056419994026,41.8299149998363]},"properties":{"OBJECTID":113,"ID":"ROCHAMBEAU","Name":"ROCHAMBEAU","Lat":41.829915,"Long":-71.405642,"ExhibitionLink":null,"EVCharger":null,"EVChargerText":null,"Dining":null,"DiningText":null,"Exhibitions":null,"ExhibitionsText":null,"MenstrualProducts":null,"MestrualProductsText":null,"Restrooms":null,"RestroomsText":null,"HydrationStation":null,"HydrationStationText":null,"LactationRooms":null,"LactationRoomsText":null,"Printers":null,"PrintersText":null,"Type":"Gender Inclusive Restrooms","Display":null,"Exhibition2":null,"Exhibition2Text":null,"Exhibition3":null,"Exhibition3Text":null,"Exhibition4":null,"Exhibition4Text":null,"Exhibition2Link":null,"Exhibition3Link":null,"Exhibition4Link":null,"lactationlink":null,"lactationemail":null}},{"type":"Feature","id":114,"geometry":{"type":"Point","coordinates":[-71.4050820004081,41.8256999999608]},"properties":{"OBJECTID":114,"ID":"ROCKLIB","Name":"ROCKLIB","Lat":41.8257,"Long":-71.405082,"ExhibitionLink":"https://library.brown.edu/exhibits","EVCharger":null,"EVChargerText":null,"Dining":1,"DiningText":"Café Cart (First Floor)","Exhibitions":1,"ExhibitionsText":"Library Exhibits","MenstrualProducts":1,"MestrualProductsText":"3rd floor","Restrooms":null,"RestroomsText":null,"HydrationStation":1,"HydrationStationText":"Lower level","LactationRooms":1,"LactationRoomsText":"Room Number: 213 Reservation Required: No. This room contains a lockable door, an outlet, chair, sink with countertop, and a refrigerator. The key is kept at the Circulation Desk and must be returned after each use","Printers":1,"PrintersText":"1st floor study space:\nRicoh SP 8400dn BW\nRicoh SP 8400dn BW\nRicoh IM C4500 Color print/scan/copy\n\n2nd floor Grad study space: Ricoh SP C840dn Color","Type":"Dining","Display":null,"Exhibition2":1,"Exhibition2Text":"Library Hours","Exhibition3":null,"Exhibition3Text":null,"Exhibition4":null,"Exhibition4Text":null,"Exhibition2Link":"https://library.brown.edu/about/rock/","Exhibition3Link":null,"Exhibition4Link":null,"lactationlink":null,"lactationemail":"scrubbed@example.invalid"}},{"type":"Feature","id":121,"geometry":{"type":"Point","coordinates":[-71.4024509994337,41.8265010004504]},"properties":{"OBJECTID":121,"ID":"SALOMON","Name":"SALOMON","Lat":41.826501,"Long":-71.402451,"ExhibitionLink":null,"EVCharger":null,"EVChargerText":null,"Dining":null,"DiningText":null,"Exhibitions":null,"ExhibitionsText":null,"MenstrualProducts":1,"MestrualProductsText":"basement","Restrooms":null,"RestroomsText":null,"HydrationStation":1,"HydrationStationText":"Fountains only on Lower level, 1st floor","LactationRooms":null,"LactationRoomsText":null,"Printers":null,"PrintersText":null,"Type":"Free menstrual Products","Display":null,"Exhibition2":null,"Exhibition2Text":null,"Exhibition3":null,"Exhibition3Text":null,"Exhibition4":null,"Exhibition4Text":null,"Exhibition2Link":null,"Exhibition3Link":null,"Exhibition4Link":null,"lactationlink":null,"lactationemail":null}},{"type":"Feature","id":124,"geometry":{"type":"Point","coordinates":[-71.4025799804522,41.8262219738319]},"properties":{"OBJECTID":124,"ID":"SAYLESHALL","Name":"SAYLESHALL","Lat":41.826182,"Long":-71.402577,"ExhibitionLink":null,"EVCharger":null,"EVChargerText":null,"Dining":null,"DiningText":null,"Exhibitions":null,"ExhibitionsText":null,"MenstrualProducts":null,"MestrualProductsText":null,"Restrooms":null,"RestroomsText":null,"HydrationStation":1,"HydrationStationText":"Fountain only on Lower level","LactationRooms":null,"LactationRoomsText":null,"Printers":null,"PrintersText":null,"Type":"Gender Inclusive Restrooms","Display":null,"Exhibition2":null,"Exhibition2Text":null,"Exhibition3":null,"Exhibition3Text":null,"Exhibition4":null,"Exhibition4Text":null,"Exhibition2Link":null,"Exhibition3Link":null,"Exhibition4Link":null,"lactationlink":null,"lactationemail":null}},{"type":"Feature","id":126,"geometry":{"type":"Point","coordinates":[-71.4001359999742,41.8269370002466]},"properties":{"OBJECTID":126,"ID":"SCILIB","Name":"SCILIB","Lat":41.826937,"Long":-71.400136,"ExhibitionLink":"https://library.brown.edu/exhibits","EVCharger":null,"EVChargerText":null,"Dining":1,"DiningText":"Friedman Café (Ground Floor)","Exhibitions":1,"ExhibitionsText":"Library Exhibits","MenstrualProducts":null,"MestrualProductsText":null,"Restrooms":null,"RestroomsText":null,"HydrationStation":null,"HydrationStationText":null,"LactationRooms":null,"LactationRoomsText":null,"Printers":null,"PrintersText":null,"Type":"Dining","Display":null,"Exhibition2":1,"Exhibition2Text":"Library Hours","Exhibition3":null,"Exhibition3Text":null,"Exhibition4":null,"Exhibition4Text":null,"Exhibition2Link":"https://library.brown.edu/about/scili/","Exhibition3Link":null,"Exhibition4Link":null,"lactationlink":null,"lactationemail":null}},{"type":"Feature","id":130,"geometry":{"type":"Point","coordinates":[-71.4023999998587,41.8281320001608]},"properties":{"OBJECTID":130,"ID":"SHARPEHSE","Name":"SHARPEHSE","Lat":41.828132,"Long":-71.4024,"ExhibitionLink":null,"EVCharger":null,"EVChargerText":null,"Dining":null,"DiningText":null,"Exhibitions":null,"ExhibitionsText":null,"MenstrualProducts":null,"MestrualProductsText":null,"Restrooms":null,"RestroomsText":null,"HydrationStation":1,"HydrationStationText":"1st floor","LactationRooms":null,"LactationRoomsText":null,"Printers":null,"PrintersText":null,"Type":"Gender Inclusive Restrooms","Display":null,"Exhibition2":null,"Exhibition2Text":null,"Exhibition3":null,"Exhibition3Text":null,"Exhibition4":null,"Exhibition4Text":null,"Exhibition2Link":null,"Exhibition3Link":null,"Exhibition4Link":null,"lactationlink":null,"lactationemail":null}},{"type":"Feature","id":132,"geometry":{"type":"Point","coordinates":[-71.4008120001917,41.8250880004317]},"properties":{"OBJECTID":132,"ID":"SHARPEREF","Name":"SHARPEREF","Lat":41.825088,"Long":-71.400812,"ExhibitionLink":null,"EVCharger":null,"EVChargerText":null,"Dining":1,"DiningText":"Sharpe Refectory (First Floor), Ivy Room (Basement)","Exhibitions":null,"ExhibitionsText":null,"MenstrualProducts":null,"MestrualProductsText":null,"Restrooms":null,"RestroomsText":null,"HydrationStation":null,"HydrationStationText":null,"LactationRooms":null,"LactationRoomsText":null,"Printers":null,"PrintersText":null,"Type":"Dining","Display":null,"Exhibition2":null,"Exhibition2Text":null,"Exhibition3":null,"Exhibition3Text":null,"Exhibition4":null,"Exhibition4Text":null,"Exhibition2Link":null,"Exhibition3Link":null,"Exhibition4Link":null,"lactationlink":null,"lactationemail":null}},{"type":"Feature","id":133,"geometry":{"type":"Point","coordinates":[-71.3968495263282,41.8234196386634]},"properties":{"OBJECTID":133,"ID":"STEINERT","Name":"STEINERT","Lat":41.823373,"Long":-71.396778,"ExhibitionLink":null,"EVCharger":null,"EVChargerText":null,"Dining":null,"DiningText":null,"Exhibitions":null,"ExhibitionsText":null,"MenstrualProducts":1,"MestrualProductsText":"in restroom","Restrooms":null,"RestroomsText":null,"HydrationStation":null,"HydrationStationText":null,"LactationRooms":null,"LactationRoomsText":null,"Printers":null,"PrintersText":null,"Type":"Free menstrual Products","Display":null,"Exhibition2":null,"Exhibition2Text":null,"Exhibition3":null,"Exhibition3Text":null,"Exhibition4":null,"Exhibition4Text":null,"Exhibition2Link":null,"Exhibition3Link":null,"Exhibition4Link":null,"lactationlink":null,"lactationemail":null}},{"type":"Feature","id":135,"geometry":{"type":"Point","coordinates":[-71.4000369994946,41.8249420003027]},"properties":{"OBJECTID":135,"ID":"THAYER135","Name":"THAYER135","Lat":41.824942,"Long":-71.400037,"ExhibitionLink":null,"EVCharger":null,"EVChargerText":null,"Dining":null,"DiningText":null,"Exhibitions":null,"ExhibitionsText":null,"MenstrualProducts":null,"MestrualProductsText":null,"Restrooms":null,"RestroomsText":null,"HydrationStation":null,"HydrationStationText":null,"LactationRooms":null,"LactationRoomsText":null,"Printers":null,"PrintersText":null,"Type":"Gender Inclusive Restrooms","Display":null,"Exhibition2":null,"Exhibition2Text":null,"Exhibition3":null,"Exhibition3Text":null,"Exhibition4":null,"Exhibition4Text":null,"Exhibition2Link":null,"Exhibition3Link":null,"Exhibition4Link":null,"lactationlink":null,"lactationemail":null}},{"type":"Feature","id":136,"geometry":{"type":"Point","coordinates":[-71.4038369997551,41.8261159999633]},"properties":{"OBJECTID":136,"ID":"UHALL","Name":"UHALL","Lat":41.826116,"Long":-71.403837,"ExhibitionLink":null,"EVCharger":null,"EVChargerText":null,"Dining":null,"DiningText":null,"Exhibitions":null,"ExhibitionsText":null,"MenstrualProducts":null,"MestrualProductsText":null,"Restrooms":null,"RestroomsText":null,"HydrationStation":null,"HydrationStationText":null,"LactationRooms":null,"LactationRoomsText":null,"Printers":null,"PrintersText":null,"Type":"Gender Inclusive Restrooms","Display":null,"Exhibition2":null,"Exhibition2Text":null,"Exhibition3":null,"Exhibition3Text":null,"Exhibition4":null,"Exhibition4Text":null,"Exhibition2Link":null,"Exhibition3Link":null,"Exhibition4Link":null,"lactationlink":null,"lactationemail":null}},{"type":"Feature","id":137,"geometry":{"type":"Point","coordinates":[-71.4021800000969,41.8276329998778]},"properties":{"OBJECTID":137,"ID":"UEL","Name":"UEL","Lat":41.827633,"Long":-71.40218,"ExhibitionLink":null,"EVCharger":null,"EVChargerText":null,"Dining":null,"DiningText":null,"Exhibitions":null,"ExhibitionsText":null,"MenstrualProducts":null,"MestrualProductsText":null,"Restrooms":null,"RestroomsText":null,"HydrationStation":null,"HydrationStationText":null,"LactationRooms":null,"LactationRoomsText":null,"Printers":null,"PrintersText":null,"Type":"Gender Inclusive Restrooms","Display":null,"Exhibition2":null,"Exhibition2Text":null,"Exhibition3":null,"Exhibition3Text":null,"Exhibition4":null,"Exhibition4Text":null,"Exhibition2Link":null,"Exhibition3Link":null,"Exhibition4Link":null,"lactationlink":null,"lactationemail":null}},{"type":"Feature","id":138,"geometry":{"type":"Point","coordinates":[-71.3993360001636,41.8235270002271]},"properties":{"OBJECTID":138,"ID":"VGQUADA","Name":"VGQUADA","Lat":41.823527,"Long":-71.399336,"ExhibitionLink":null,"EVCharger":null,"EVChargerText":null,"Dining":1,"DiningText":"Josiah's (Ground Floor), Little Jo's (Ground Floor)","Exhibitions":null,"ExhibitionsText":null,"MenstrualProducts":null,"MestrualProductsText":null,"Restrooms":null,"RestroomsText":null,"HydrationStation":null,"HydrationStationText":null,"LactationRooms":null,"LactationRoomsText":null,"Printers":null,"PrintersText":null,"Type":"Dining","Display":null,"Exhibition2":null,"Exhibition2Text":null,"Exhibition3":null,"Exhibition3Text":null,"Exhibition4":null,"Exhibition4Text":null,"Exhibition2Link":null,"Exhibition3Link":null,"Exhibition4Link":null,"lactationlink":null,"lactationemail":null}},{"type":"Feature","id":139,"geometry":{"type":"Point","coordinates":[-71.4014020002387,41.8297970002425]},"properties":{"OBJECTID":139,"ID":"VERN-WOOL","Name":"VERN-WOOL","Lat":41.829797,"Long":-71.401402,"ExhibitionLink":null,"EVCharger":null,"EVChargerText":null,"Dining":1,"DiningText":"Verney-Wooley (Basement)","Exhibitions":null,"ExhibitionsText":null,"MenstrualProducts":null,"MestrualProductsText":null,"Restrooms":null,"RestroomsText":null,"HydrationStation":null,"HydrationStationText":null,"LactationRooms":null,"LactationRoomsText":null,"Printers":null,"PrintersText":null,"Type":"Dining","Display":null,"Exhibition2":null,"Exhibition2Text":null,"Exhibition3":null,"Exhibition3Text":null,"Exhibition4":null,"Exhibition4Text":null,"Exhibition2Link":null,"Exhibition3Link":null,"Exhibition4Link":null,"lactationlink":null,"lactationemail":null}},{"type":"Feature","id":140,"geometry":{"type":"Point","coordinates":[-71.4038180001958,41.8271390001532]},"properties":{"OBJECTID":140,"ID":"WATER070","Name":"WATER070","Lat":41.827139,"Long":-71.403818,"ExhibitionLink":null,"EVCharger":null,"EVChargerText":null,"Dining":null,"DiningText":null,"Exhibitions":null,"ExhibitionsText":null,"MenstrualProducts":null,"MestrualProductsText":null,"Restrooms":null,"RestroomsText":null,"HydrationStation":null,"HydrationStationText":null,"LactationRooms":null,"LactationRoomsText":null,"Printers":null,"PrintersText":null,"Type":"Gender Inclusive Restrooms","Display":null,"Exhibition2":null,"Exhibition2Text":null,"Exhibition3":null,"Exhibition3Text":null,"Exhibition4":null,"Exhibition4Text":null,"Exhibition2Link":null,"Exhibition3Link":null,"Exhibition4Link":null,"lactationlink":null,"lactationemail":null}},{"type":"Feature","id":141,"geometry":{"type":"Point","coordinates":[-71.3981400003914,41.8273150000094]},"properties":{"OBJECTID":141,"ID":"WATER131","Name":"WATER131","Lat":41.827315,"Long":-71.39814,"ExhibitionLink":null,"EVCharger":null,"EVChargerText":null,"Dining":null,"DiningText":null,"Exhibitions":null,"ExhibitionsText":null,"MenstrualProducts":null,"MestrualProductsText":null,"Restrooms":null,"RestroomsText":null,"HydrationStation":null,"HydrationStationText":null,"LactationRooms":null,"LactationRoomsText":null,"Printers":null,"PrintersText":null,"Type":"Gender Inclusive Restrooms","Display":null,"Exhibition2":null,"Exhibition2Text":null,"Exhibition3":null,"Exhibition3Text":null,"Exhibition4":null,"Exhibition4Text":null,"Exhibition2Link":null,"Exhibition3Link":null,"Exhibition4Link":null,"lactationlink":null,"lactationemail":null}},{"type":"Feature","id":142,"geometry":{"type":"Point","coordinates":[-71.398006000143,41.8273250000227]},"properties":{"OBJECTID":142,"ID":"WATER133","Name":"WATER133","Lat":41.827325,"Long":-71.398006,"ExhibitionLink":null,"EVCharger":null,"EVChargerText":null,"Dining":null,"DiningText":null,"Exhibitions":null,"ExhibitionsText":null,"MenstrualProducts":null,"MestrualProductsText":null,"Restrooms":null,"RestroomsText":null,"HydrationStation":null,"HydrationStationText":null,"LactationRooms":null,"LactationRoomsText":null,"Printers":null,"PrintersText":null,"Type":"Gender Inclusive Restrooms","Display":null,"Exhibition2":null,"Exhibition2Text":null,"Exhibition3":null,"Exhibition3Text":null,"Exhibition4":null,"Exhibition4Text":null,"Exhibition2Link":null,"Exhibition3Link":null,"Exhibition4Link":null,"lactationlink":null,"lactationemail":null}},{"type":"Feature","id":143,"geometry":{"type":"Point","coordinates":[-71.3995319999676,41.8270210001309]},"properties":{"OBJECTID":143,"ID":"WATSONCIT","Name":"WATSONCIT","Lat":41.827021,"Long":-71.399532,"ExhibitionLink":null,"EVCharger":null,"EVChargerText":null,"Dining":null,"DiningText":null,"Exhibitions":null,"ExhibitionsText":null,"MenstrualProducts":1,"MestrualProductsText":"all floors","Restrooms":null,"RestroomsText":null,"HydrationStation":null,"HydrationStationText":null,"LactationRooms":null,"LactationRoomsText":null,"Printers":null,"PrintersText":null,"Type":"Free menstrual Products","Display":null,"Exhibition2":null,"Exhibition2Text":null,"Exhibition3":null,"Exhibition3Text":null,"Exhibition4":null,"Exhibition4Text":null,"Exhibition2Link":null,"Exhibition3Link":null,"Exhibition4Link":null,"lactationlink":null,"lactationemail":null}},{"type":"Feature","id":145,"geometry":{"type":"Point","coordinates":[-71.404708999638,41.8253459999303]},"properties":{"OBJECTID":145,"ID":"WILBOUR","Name":"WILBOUR","Lat":41.825346,"Long":-71.404709,"ExhibitionLink":null,"EVCharger":null,"EVChargerText":null,"Dining":null,"DiningText":null,"Exhibitions":null,"ExhibitionsText":null,"MenstrualProducts":null,"MestrualProductsText":null,"Restrooms":null,"RestroomsText":null,"HydrationStation":null,"HydrationStationText":null,"LactationRooms":null,"LactationRoomsText":null,"Printers":null,"PrintersText":null,"Type":"Gender Inclusive Restrooms","Display":null,"Exhibition2":null,"Exhibition2Text":null,"Exhibition3":null,"Exhibition3Text":null,"Exhibition4":null,"Exhibition4Text":null,"Exhibition2Link":null,"Exhibition3Link":null,"Exhibition4Link":null,"lactationlink":null,"lactationemail":null}},{"type":"Feature","id":146,"geometry":{"type":"Point","coordinates":[-71.4025794465317,41.8259210911506]},"properties":{"OBJECTID":146,"ID":"FRIEDMAN","Name":"FRIEDMAN","Lat":41.82589,"Long":-71.402496,"ExhibitionLink":null,"EVCharger":null,"EVChargerText":null,"Dining":null,"DiningText":null,"Exhibitions":null,"ExhibitionsText":null,"MenstrualProducts":1,"MestrualProductsText":"1st floor","Restrooms":null,"RestroomsText":null,"HydrationStation":1,"HydrationStationText":"Near restrooms on Lower level, 1st floor, second floor","LactationRooms":null,"LactationRoomsText":null,"Printers":null,"PrintersText":null,"Type":"Free menstrual Products","Display":null,"Exhibition2":null,"Exhibition2Text":null,"Exhibition3":null,"Exhibition3Text":null,"Exhibition4":null,"Exhibition4Text":null,"Exhibition2Link":null,"Exhibition3Link":null,"Exhibition4Link":null,"lactationlink":null,"lactationemail":null}},{"type":"Feature","id":149,"geometry":{"type":"Point","coordinates":[-71.3999761964673,41.8295033005755]},"properties":{"OBJECTID":149,"ID":"STERNLICHT","Name":"STERNLICHT","Lat":41.829694278049438,"Long":-71.399916592000935,"ExhibitionLink":null,"EVCharger":null,"EVChargerText":null,"Dining":null,"DiningText":null,"Exhibitions":null,"ExhibitionsText":null,"MenstrualProducts":1,"MestrualProductsText":"first floor","Restrooms":null,"RestroomsText":null,"HydrationStation":1,"HydrationStationText":null,"LactationRooms":null,"LactationRoomsText":null,"Printers":null,"PrintersText":null,"Type":"Free menstrual Products","Display":null,"Exhibition2":null,"Exhibition2Text":null,"Exhibition3":null,"Exhibition3Text":null,"Exhibition4":null,"Exhibition4Text":null,"Exhibition2Link":null,"Exhibition3Link":null,"Exhibition4Link":null,"lactationlink":null,"lactationemail":null}},{"type":"Feature","id":150,"geometry":{"type":"Point","coordinates":[-71.4038049999088,41.8251139996306]},"properties":{"OBJECTID":150,"ID":"SMILLERHSE","Name":"SMILLERHSE","Lat":41.825114,"Long":-71.403805,"ExhibitionLink":null,"EVCharger":null,"EVChargerText":null,"Dining":null,"DiningText":null,"Exhibitions":null,"ExhibitionsText":null,"MenstrualProducts":null,"MestrualProductsText":null,"Restrooms":null,"RestroomsText":null,"HydrationStation":null,"HydrationStationText":null,"LactationRooms":null,"LactationRoomsText":null,"Printers":null,"PrintersText":null,"Type":"Gender Inclusive Restrooms","Display":null,"Exhibition2":null,"Exhibition2Text":null,"Exhibition3":null,"Exhibition3Text":null,"Exhibition4":null,"Exhibition4Text":null,"Exhibition2Link":null,"Exhibition3Link":null,"Exhibition4Link":null,"lactationlink":null,"lactationemail":null}},{"type":"Feature","id":151,"geometry":{"type":"Point","coordinates":[-71.4035328541467,41.8279811173895]},"properties":{"OBJECTID":151,"ID":"HILLELHSE","Name":"HILLELHSE","Lat":41.82799,"Long":-71.40336,"ExhibitionLink":null,"EVCharger":null,"EVChargerText":null,"Dining":null,"DiningText":null,"Exhibitions":null,"ExhibitionsText":null,"MenstrualProducts":null,"MestrualProductsText":null,"Restrooms":null,"RestroomsText":null,"HydrationStation":null,"HydrationStationText":null,"LactationRooms":null,"LactationRoomsText":null,"Printers":null,"PrintersText":null,"Type":"Gender Inclusive Restrooms","Display":null,"Exhibition2":null,"Exhibition2Text":null,"Exhibition3":null,"Exhibition3Text":null,"Exhibition4":null,"Exhibition4Text":null,"Exhibition2Link":null,"Exhibition3Link":null,"Exhibition4Link":null,"lactationlink":null,"lactationemail":null}},{"type":"Feature","id":152,"geometry":{"type":"Point","coordinates":[-71.4033507238836,41.8273694347595]},"properties":{"OBJECTID":152,"ID":"BROWN068H","Name":"BROWN068H","Lat":41.827355,"Long":-71.403309,"ExhibitionLink":null,"EVCharger":null,"EVChargerText":null,"Dining":null,"DiningText":null,"Exhibitions":null,"ExhibitionsText":null,"MenstrualProducts":1,"MestrualProductsText":"in restroom","Restrooms":null,"RestroomsText":null,"HydrationStation":null,"HydrationStationText":null,"LactationRooms":null,"LactationRoomsText":null,"Printers":null,"PrintersText":null,"Type":"Free menstrual Products","Display":null,"Exhibition2":null,"Exhibition2Text":null,"Exhibition3":null,"Exhibition3Text":null,"Exhibition4":null,"Exhibition4Text":null,"Exhibition2Link":null,"Exhibition3Link":null,"Exhibition4Link":null,"lactationlink":null,"lactationemail":null}},{"type":"Feature","id":154,"geometry":{"type":"Point","coordinates":[-71.4027640004541,41.8295849996775]},"properties":{"OBJECTID":154,"ID":"SMITH-BUON","Name":"SMITH-BUON","Lat":41.829585,"Long":-71.402764,"ExhibitionLink":null,"EVCharger":null,"EVChargerText":null,"Dining":null,"DiningText":null,"Exhibitions":null,"ExhibitionsText":null,"MenstrualProducts":null,"MestrualProductsText":null,"Restrooms":null,"RestroomsText":null,"HydrationStation":null,"HydrationStationText":null,"LactationRooms":null,"LactationRoomsText":null,"Printers":null,"PrintersText":null,"Type":"Gender Inclusive Restrooms","Display":null,"Exhibition2":null,"Exhibition2Text":null,"Exhibition3":null,"Exhibition3Text":null,"Exhibition4":null,"Exhibition4Text":null,"Exhibition2Link":null,"Exhibition3Link":null,"Exhibition4Link":null,"lactationlink":null,"lactationemail":null}},{"type":"Feature","id":155,"geometry":{"type":"Point","coordinates":[-71.3974881902581,41.8302365905564]},"properties":{"OBJECTID":155,"ID":"NELSONFIT","Name":"NELSONFIT","Lat":41.83013,"Long":-71.39812,"ExhibitionLink":null,"EVCharger":null,"EVChargerText":null,"Dining":1,"DiningText":"Poppy's","Exhibitions":null,"ExhibitionsText":null,"MenstrualProducts":1,"MestrualProductsText":"1st floor","Restrooms":null,"RestroomsText":null,"HydrationStation":1,"HydrationStationText":"Lower level outside the pool and on the 1st and 2nd floors","LactationRooms":null,"LactationRoomsText":null,"Printers":null,"PrintersText":null,"Type":"Dining","Display":null,"Exhibition2":null,"Exhibition2Text":null,"Exhibition3":null,"Exhibition3Text":null,"Exhibition4":null,"Exhibition4Text":null,"Exhibition2Link":null,"Exhibition3Link":null,"Exhibition4Link":null,"lactationlink":null,"lactationemail":null}},{"type":"Feature","id":159,"geometry":{"type":"Point","coordinates":[-71.3998859999296,41.8243429997176]},"properties":{"OBJECTID":159,"ID":"WATSONINS","Name":"WATSONINS","Lat":41.824343,"Long":-71.399886,"ExhibitionLink":null,"EVCharger":null,"EVChargerText":null,"Dining":null,"DiningText":null,"Exhibitions":null,"ExhibitionsText":null,"MenstrualProducts":null,"MestrualProductsText":null,"Restrooms":null,"RestroomsText":null,"HydrationStation":null,"HydrationStationText":null,"LactationRooms":null,"LactationRoomsText":null,"Printers":null,"PrintersText":null,"Type":"Gender Inclusive Restrooms","Display":null,"Exhibition2":null,"Exhibition2Text":null,"Exhibition3":null,"Exhibition3Text":null,"Exhibition4":null,"Exhibition4Text":null,"Exhibition2Link":null,"Exhibition3Link":null,"Exhibition4Link":null,"lactationlink":null,"lactationemail":null}},{"type":"Feature","id":160,"geometry":{"type":"Point","coordinates":[-71.4069909996685,41.8241910003184]},"properties":{"OBJECTID":160,"ID":"SMAIN121","Name":"SMAIN121","Lat":41.824191,"Long":-71.406991,"ExhibitionLink":null,"EVCharger":null,"EVChargerText":null,"Dining":null,"DiningText":null,"Exhibitions":null,"ExhibitionsText":null,"MenstrualProducts":1,"MestrualProductsText":"all floors except 5th floor","Restrooms":null,"RestroomsText":null,"HydrationStation":null,"HydrationStationText":null,"LactationRooms":1,"LactationRoomsText":"Room 361 Fridge, sink, soft seating, adjustable laptop table ","Printers":null,"PrintersText":null,"Type":"Free menstrual Products","Display":null,"Exhibition2":null,"Exhibition2Text":null,"Exhibition3":null,"Exhibition3Text":null,"Exhibition4":null,"Exhibition4Text":null,"Exhibition2Link":null,"Exhibition3Link":null,"Exhibition4Link":null,"lactationlink":null,"lactationemail":"scrubbed@example.invalid"}},{"type":"Feature","id":163,"geometry":{"type":"Point","coordinates":[-71.4015829011139,41.8286866482763]},"properties":{"OBJECTID":163,"ID":"SFRANKHLSB","Name":"SFRANKHLSB","Lat":41.82866,"Long":-71.401568,"ExhibitionLink":null,"EVCharger":null,"EVChargerText":null,"Dining":null,"DiningText":null,"Exhibitions":null,"ExhibitionsText":null,"MenstrualProducts":1,"MestrualProductsText":"1st, 2nd, 3rd, 4th, and 5th floors","Restrooms":null,"RestroomsText":null,"HydrationStation":null,"HydrationStationText":null,"LactationRooms":null,"LactationRoomsText":null,"Printers":null,"PrintersText":null,"Type":"Free menstrual Products","Display":null,"Exhibition2":null,"Exhibition2Text":null,"Exhibition3":null,"Exhibition3Text":null,"Exhibition4":null,"Exhibition4Text":null,"Exhibition2Link":null,"Exhibition3Link":null,"Exhibition4Link":null,"lactationlink":null,"lactationemail":null}},{"type":"Feature","id":164,"geometry":{"type":"Point","coordinates":[-71.4040630002623,41.8272489996144]},"properties":{"OBJECTID":164,"ID":"MENCOFF","Name":"MENCOFF","Lat":41.827249,"Long":-71.404063,"ExhibitionLink":null,"EVCharger":null,"EVChargerText":null,"Dining":null,"DiningText":null,"Exhibitions":null,"ExhibitionsText":null,"MenstrualProducts":null,"MestrualProductsText":null,"Restrooms":null,"RestroomsText":null,"HydrationStation":null,"HydrationStationText":null,"LactationRooms":null,"LactationRoomsText":null,"Printers":null,"PrintersText":null,"Type":"Gender Inclusive Restrooms","Display":null,"Exhibition2":null,"Exhibition2Text":null,"Exhibition3":null,"Exhibition3Text":null,"Exhibition4":null,"Exhibition4Text":null,"Exhibition2Link":null,"Exhibition3Link":null,"Exhibition4Link":null,"lactationlink":null,"lactationemail":null}},{"type":"Feature","id":166,"geometry":{"type":"Point","coordinates":[-71.4012699998767,41.8273709996087]},"properties":{"OBJECTID":166,"ID":"LIPPITTHSE","Name":"LIPPITTHSE","Lat":41.827371,"Long":-71.40127,"ExhibitionLink":null,"EVCharger":null,"EVChargerText":null,"Dining":null,"DiningText":null,"Exhibitions":null,"ExhibitionsText":null,"MenstrualProducts":null,"MestrualProductsText":null,"Restrooms":null,"RestroomsText":null,"HydrationStation":null,"HydrationStationText":null,"LactationRooms":null,"LactationRoomsText":null,"Printers":null,"PrintersText":null,"Type":"Gender Inclusive Restrooms","Display":null,"Exhibition2":null,"Exhibition2Text":null,"Exhibition3":null,"Exhibition3Text":null,"Exhibition4":null,"Exhibition4Text":null,"Exhibition2Link":null,"Exhibition3Link":null,"Exhibition4Link":null,"lactationlink":null,"lactationemail":null}},{"type":"Feature","id":167,"geometry":{"type":"Point","coordinates":[-71.402809999812,41.8274750001892]},"properties":{"OBJECTID":167,"ID":"PAGEROBHLL","Name":"PAGEROBHLL","Lat":41.827475,"Long":-71.40281,"ExhibitionLink":null,"EVCharger":null,"EVChargerText":null,"Dining":null,"DiningText":null,"Exhibitions":null,"ExhibitionsText":null,"MenstrualProducts":1,"MestrualProductsText":"all floors except 1st","Restrooms":null,"RestroomsText":null,"HydrationStation":null,"HydrationStationText":null,"LactationRooms":null,"LactationRoomsText":null,"Printers":null,"PrintersText":null,"Type":"Free menstrual Products","Display":null,"Exhibition2":null,"Exhibition2Text":null,"Exhibition3":null,"Exhibition3Text":null,"Exhibition4":null,"Exhibition4Text":null,"Exhibition2Link":null,"Exhibition3Link":null,"Exhibition4Link":null,"lactationlink":null,"lactationemail":null}},{"type":"Feature","id":169,"geometry":{"type":"Point","coordinates":[-71.4015101745347,41.8273560066345]},"properties":{"OBJECTID":169,"ID":"WATER094","Name":"WATER094","Lat":41.827366,"Long":-71.401461,"ExhibitionLink":"https://cssj.brown.edu/work-center/public-humanities-projects/exhibitions","EVCharger":null,"EVChargerText":null,"Dining":null,"DiningText":null,"Exhibitions":1,"ExhibitionsText":"All Exhibitions","MenstrualProducts":null,"MestrualProductsText":null,"Restrooms":null,"RestroomsText":null,"HydrationStation":null,"HydrationStationText":null,"LactationRooms":null,"LactationRoomsText":null,"Printers":null,"PrintersText":null,"Type":"Gender Inclusive Restrooms","Display":null,"Exhibition2":1,"Exhibition2Text":"Center for the Study of Slavery and Justice Hours","Exhibition3":1,"Exhibition3Text":"Current Exhibition","Exhibition4":null,"Exhibition4Text":null,"Exhibition2Link":"https://cssj.brown.edu/get-involved/visit","Exhibition3Link":"https://cssj.brown.edu/work-center/public-humanities-projects/exhibitions/current-exhibition","Exhibition4Link":null,"lactationlink":null,"lactationemail":null}},{"type":"Feature","id":173,"geometry":{"type":"Point","coordinates":[-71.4014699996263,41.8282499996776]},"properties":{"OBJECTID":173,"ID":"GRNFCAC","Name":"GRNFCAC","Lat":41.82825,"Long":-71.40147,"ExhibitionLink":null,"EVCharger":null,"EVChargerText":null,"Dining":null,"DiningText":null,"Exhibitions":1,"ExhibitionsText":"Cohen Gallery Exhibitions","MenstrualProducts":1,"MestrualProductsText":"1st floor","Restrooms":null,"RestroomsText":null,"HydrationStation":1,"HydrationStationText":"1st floor, 3N, 4N","LactationRooms":null,"LactationRoomsText":null,"Printers":null,"PrintersText":null,"Type":"Free menstrual Products","Display":null,"Exhibition2":null,"Exhibition2Text":null,"Exhibition3":null,"Exhibition3Text":null,"Exhibition4":null,"Exhibition4Text":null,"Exhibition2Link":null,"Exhibition3Link":null,"Exhibition4Link":null,"lactationlink":null,"lactationemail":null}},{"type":"Feature","id":179,"geometry":{"type":"Point","coordinates":[-71.4059620002671,41.8183730000101]},"properties":{"OBJECTID":179,"ID":"SOUTHSTLD","Name":"SOUTHSTLD","Lat":41.818373,"Long":-71.405962,"ExhibitionLink":null,"EVCharger":null,"EVChargerText":null,"Dining":null,"DiningText":null,"Exhibitions":null,"ExhibitionsText":null,"MenstrualProducts":null,"MestrualProductsText":null,"Restrooms":null,"RestroomsText":null,"HydrationStation":null,"HydrationStationText":null,"LactationRooms":1,"LactationRoomsText":"Rooms 436, 536, and 636\n∙ Reservation required.  Room usage can be scheduled through Google Calendar in the same manner as reserving a conference or huddle room\n∙ Each space contains a lockable door, an outlet, chair, sink with countertop and refrigerator","Printers":null,"PrintersText":null,"Type":"lactation rooms","Display":null,"Exhibition2":null,"Exhibition2Text":null,"Exhibition3":null,"Exhibition3Text":null,"Exhibition4":null,"Exhibition4Text":null,"Exhibition2Link":null,"Exhibition3Link":null,"Exhibition4Link":null,"lactationlink":null,"lactationemail":null}},{"type":"Feature","id":180,"geometry":{"type":"Point","coordinates":[-71.3975660005854,41.8260220001353]},"properties":{"OBJECTID":180,"ID":"HOPE170","Name":"HOPE170","Lat":41.826022,"Long":-71.397566,"ExhibitionLink":null,"EVCharger":null,"EVChargerText":null,"Dining":null,"DiningText":null,"Exhibitions":null,"ExhibitionsText":null,"MenstrualProducts":1,"MestrualProductsText":"1st floor","Restrooms":null,"RestroomsText":null,"HydrationStation":null,"HydrationStationText":null,"LactationRooms":null,"LactationRoomsText":null,"Printers":null,"PrintersText":null,"Type":"Free menstrual Products","Display":null,"Exhibition2":null,"Exhibition2Text":null,"Exhibition3":null,"Exhibition3Text":null,"Exhibition4":null,"Exhibition4Text":null,"Exhibition2Link":null,"Exhibition3Link":null,"Exhibition4Link":null,"lactationlink":null,"lactationemail":null}},{"type":"Feature","id":182,"geometry":{"type":"Point","coordinates":[-71.3984010003936,41.8263680002784]},"properties":{"OBJECTID":182,"ID":"ENGRESCTR","Name":"ENGRESCTR","Lat":41.826368,"Long":-71.398401,"ExhibitionLink":null,"EVCharger":null,"EVChargerText":null,"Dining":1,"DiningText":"School of Engineering Café (Ground Floor)","Exhibitions":null,"ExhibitionsText":null,"MenstrualProducts":1,"MestrualProductsText":"1st, 2nd, and 3rd floors","Restrooms":null,"RestroomsText":null,"HydrationStation":1,"HydrationStationText":"Near restrooms on the Ground floor, 1st floor, 2nd floor, 3rd floor","LactationRooms":1,"LactationRoomsText":"Room 203 ∙ Reservation required∙ This Wellness room contains a lockable door, an outlet, chair, sink with countertop, refrigerator and microwave","Printers":null,"PrintersText":null,"Type":"Dining","Display":null,"Exhibition2":null,"Exhibition2Text":null,"Exhibition3":null,"Exhibition3Text":null,"Exhibition4":null,"Exhibition4Text":null,"Exhibition2Link":null,"Exhibition3Link":null,"Exhibition4Link":null,"lactationlink":null,"lactationemail":"scrubbed@example.invalid"}},{"type":"Feature","id":187,"geometry":{"type":"Point","coordinates":[-71.3991782889651,41.8243402759915]},"properties":{"OBJECTID":187,"ID":"ROBERTHALL","Name":"ROBERTHALL","Lat":41.824247,"Long":-71.399071,"ExhibitionLink":null,"EVCharger":null,"EVChargerText":null,"Dining":1,"DiningText":"Anne's Cafe (Ground Floor)","Exhibitions":null,"ExhibitionsText":null,"MenstrualProducts":1,"MestrualProductsText":"1st floor","Restrooms":null,"RestroomsText":null,"HydrationStation":1,"HydrationStationText":"1st floor, 2nd floor, 3rd floor","LactationRooms":null,"LactationRoomsText":null,"Printers":1,"PrintersText":"3rd floor, rm 326: Ricoh SP 8400dn BW","Type":"Dining","Display":null,"Exhibition2":null,"Exhibition2Text":null,"Exhibition3":null,"Exhibition3Text":null,"Exhibition4":null,"Exhibition4Text":null,"Exhibition2Link":null,"Exhibition3Link":null,"Exhibition4Link":null,"lactationlink":null,"lactationemail":null}},{"type":"Feature","id":191,"geometry":{"type":"Point","coordinates":[-71.4088110001329,41.8202059999785]},"properties":{"OBJECTID":191,"ID":"DYERST225","Name":"DYERST225","Lat":41.820206,"Long":-71.408811,"ExhibitionLink":null,"EVCharger":null,"EVChargerText":null,"Dining":null,"DiningText":null,"Exhibitions":null,"ExhibitionsText":null,"MenstrualProducts":null,"MestrualProductsText":null,"Restrooms":null,"RestroomsText":null,"HydrationStation":null,"HydrationStationText":null,"LactationRooms":1,"LactationRoomsText":"Room 567∙ Reservation required, schedule via the Google calendar link below. This lactation room includes a lockable door, outlet, chair and a sink is nearby. SPS card access only.","Printers":null,"PrintersText":null,"Type":"lactation rooms","Display":null,"Exhibition2":null,"Exhibition2Text":null,"Exhibition3":null,"Exhibition3Text":null,"Exhibition4":null,"Exhibition4Text":null,"Exhibition2Link":null,"Exhibition3Link":null,"Exhibition4Link":null,"lactationlink":"https://bit.ly/2QlaImI","lactationemail":null}},{"type":"Feature","id":192,"geometry":{"type":"Point","coordinates":[-71.4100343357278,41.818757113788]},"properties":{"OBJECTID":192,"ID":null,"Name":"Laboratories for Molecular Medicine ","Lat":null,"Long":null,"ExhibitionLink":null,"EVCharger":null,"EVChargerText":null,"Dining":null,"DiningText":null,"Exhibitions":null,"ExhibitionsText":null,"MenstrualProducts":null,"MestrualProductsText":null,"Restrooms":null,"RestroomsText":null,"HydrationStation":null,"HydrationStationText":null,"LactationRooms":1,"LactationRoomsText":"A lactation/privacy room for Biomed faculty, staff and students is located at Laboratories for Molecular Medicine at 70 Ship Street, room 123.  ","Printers":null,"PrintersText":null,"Type":null,"Display":null,"Exhibition2":null,"Exhibition2Text":null,"Exhibition3":null,"Exhibition3Text":null,"Exhibition4":null,"Exhibition4Text":null,"Exhibition2Link":null,"Exhibition3Link":null,"Exhibition4Link":null,"lactationlink":null,"lactationemail":"scrubbed@example.invalid"}},{"type":"Feature","id":193,"geometry":{"type":"Point","coordinates":[-71.4066438829486,41.8236029677981]},"properties":{"OBJECTID":193,"ID":"SMAIN155","Name":"South Main 155","Lat":null,"Long":null,"ExhibitionLink":null,"EVCharger":null,"EVChargerText":null,"Dining":null,"DiningText":null,"Exhibitions":null,"ExhibitionsText":null,"MenstrualProducts":null,"MestrualProductsText":null,"Restrooms":null,"RestroomsText":null,"HydrationStation":null,"HydrationStationText":null,"LactationRooms":1,"LactationRoomsText":"Room 171, 155 So Main Street Soft seating, adjustable laptop table, building is card accessible only","Printers":null,"PrintersText":null,"Type":null,"Display":null,"Exhibition2":null,"Exhibition2Text":null,"Exhibition3":null,"Exhibition3Text":null,"Exhibition4":null,"Exhibition4Text":null,"Exhibition2Link":null,"Exhibition3Link":null,"Exhibition4Link":null,"lactationlink":" https://calendar.google.com/calendar/u/0?cid=YnJvd24uZWR1XzUwNDg0NjQxNDM1NTUyNDU1MzRmMzEzMjMxMzEzNTMxMzEzMjMzMzAzOTMwMzEzNTMwQHJlc291cmNlLmNhbGVuZGFyLmdvb2dsZS5jb20","lactationemail":null}},{"type":"Feature","id":223,"geometry":{"type":"Point","coordinates":[-71.4022202071305,41.8302314387983]},"properties":{"OBJECTID":223,"ID":null,"Name":null,"Lat":null,"Long":null,"ExhibitionLink":null,"EVCharger":null,"EVChargerText":null,"Dining":null,"DiningText":null,"Exhibitions":null,"ExhibitionsText":null,"MenstrualProducts":null,"MestrualProductsText":null,"Restrooms":null,"RestroomsText":null,"HydrationStation":1,"HydrationStationText":null,"LactationRooms":null,"LactationRoomsText":null,"Printers":null,"PrintersText":null,"Type":null,"Display":null,"Exhibition2":null,"Exhibition2Text":null,"Exhibition3":null,"Exhibition3Text":null,"Exhibition4":null,"Exhibition4Text":null,"Exhibition2Link":null,"Exhibition3Link":null,"Exhibition4Link":null,"lactationlink":null,"lactationemail":null}},{"type":"Feature","id":224,"geometry":{"type":"Point","coordinates":[-71.4018024164284,41.8302701355057]},"properties":{"OBJECTID":224,"ID":null,"Name":null,"Lat":null,"Long":null,"ExhibitionLink":null,"EVCharger":null,"EVChargerText":null,"Dining":null,"DiningText":null,"Exhibitions":null,"ExhibitionsText":null,"MenstrualProducts":null,"MestrualProductsText":null,"Restrooms":null,"RestroomsText":null,"HydrationStation":1,"HydrationStationText":null,"LactationRooms":null,"LactationRoomsText":null,"Printers":null,"PrintersText":null,"Type":null,"Display":null,"Exhibition2":null,"Exhibition2Text":null,"Exhibition3":null,"Exhibition3Text":null,"Exhibition4":null,"Exhibition4Text":null,"Exhibition2Link":null,"Exhibition3Link":null,"Exhibition4Link":null,"lactationlink":null,"lactationemail":null}},{"type":"Feature","id":225,"geometry":{"type":"Point","coordinates":[-71.4014247519526,41.8306256313462]},"properties":{"OBJECTID":225,"ID":null,"Name":null,"Lat":null,"Long":null,"ExhibitionLink":null,"EVCharger":null,"EVChargerText":null,"Dining":null,"DiningText":null,"Exhibitions":null,"ExhibitionsText":null,"MenstrualProducts":null,"MestrualProductsText":null,"Restrooms":null,"RestroomsText":null,"HydrationStation":1,"HydrationStationText":null,"LactationRooms":null,"LactationRoomsText":null,"Printers":null,"PrintersText":null,"Type":null,"Display":null,"Exhibition2":null,"Exhibition2Text":null,"Exhibition3":null,"Exhibition3Text":null,"Exhibition4":null,"Exhibition4Text":null,"Exhibition2Link":null,"Exhibition3Link":null,"Exhibition4Link":null,"lactationlink":null,"lactationemail":null}},{"type":"Feature","id":226,"geometry":{"type":"Point","coordinates":[-71.4011407609748,41.8304301209051]},"properties":{"OBJECTID":226,"ID":null,"Name":null,"Lat":null,"Long":null,"ExhibitionLink":null,"EVCharger":null,"EVChargerText":null,"Dining":null,"DiningText":null,"Exhibitions":null,"ExhibitionsText":null,"MenstrualProducts":null,"MestrualProductsText":null,"Restrooms":null,"RestroomsText":null,"HydrationStation":1,"HydrationStationText":null,"LactationRooms":null,"LactationRoomsText":null,"Printers":null,"PrintersText":null,"Type":null,"Display":null,"Exhibition2":null,"Exhibition2Text":null,"Exhibition3":null,"Exhibition3Text":null,"Exhibition4":null,"Exhibition4Text":null,"Exhibition2Link":null,"Exhibition3Link":null,"Exhibition4Link":null,"lactationlink":null,"lactationemail":null}},{"type":"Feature","id":227,"geometry":{"type":"Point","coordinates":[-71.401715840114,41.8299749915978]},"properties":{"OBJECTID":227,"ID":null,"Name":null,"Lat":null,"Long":null,"ExhibitionLink":null,"EVCharger":null,"EVChargerText":null,"Dining":null,"DiningText":null,"Exhibitions":null,"ExhibitionsText":null,"MenstrualProducts":null,"MestrualProductsText":null,"Restrooms":null,"RestroomsText":null,"HydrationStation":1,"HydrationStationText":null,"LactationRooms":null,"LactationRoomsText":null,"Printers":null,"PrintersText":null,"Type":null,"Display":null,"Exhibition2":null,"Exhibition2Text":null,"Exhibition3":null,"Exhibition3Text":null,"Exhibition4":null,"Exhibition4Text":null,"Exhibition2Link":null,"Exhibition3Link":null,"Exhibition4Link":null,"lactationlink":null,"lactationemail":null}},{"type":"Feature","id":228,"geometry":{"type":"Point","coordinates":[-71.4016699698444,41.8296191329904]},"properties":{"OBJECTID":228,"ID":null,"Name":null,"Lat":null,"Long":null,"ExhibitionLink":null,"EVCharger":null,"EVChargerText":null,"Dining":null,"DiningText":null,"Exhibitions":null,"ExhibitionsText":null,"MenstrualProducts":null,"MestrualProductsText":null,"Restrooms":null,"RestroomsText":null,"HydrationStation":1,"HydrationStationText":null,"LactationRooms":null,"LactationRoomsText":null,"Printers":null,"PrintersText":null,"Type":null,"Display":null,"Exhibition2":null,"Exhibition2Text":null,"Exhibition3":null,"Exhibition3Text":null,"Exhibition4":null,"Exhibition4Text":null,"Exhibition2Link":null,"Exhibition3Link":null,"Exhibition4Link":null,"lactationlink":null,"lactationemail":null}},{"type":"Feature","id":229,"geometry":{"type":"Point","coordinates":[-71.4030006127716,41.8282707532823]},"properties":{"OBJECTID":229,"ID":null,"Name":null,"Lat":null,"Long":null,"ExhibitionLink":null,"EVCharger":null,"EVChargerText":null,"Dining":null,"DiningText":null,"Exhibitions":null,"ExhibitionsText":null,"MenstrualProducts":null,"MestrualProductsText":null,"Restrooms":null,"RestroomsText":null,"HydrationStation":1,"HydrationStationText":null,"LactationRooms":null,"LactationRoomsText":null,"Printers":null,"PrintersText":null,"Type":null,"Display":null,"Exhibition2":null,"Exhibition2Text":null,"Exhibition3":null,"Exhibition3Text":null,"Exhibition4":null,"Exhibition4Text":null,"Exhibition2Link":null,"Exhibition3Link":null,"Exhibition4Link":null,"lactationlink":null,"lactationemail":null}},{"type":"Feature","id":230,"geometry":{"type":"Point","coordinates":[-71.403878953166,41.8267397308433]},"properties":{"OBJECTID":230,"ID":null,"Name":null,"Lat":null,"Long":null,"ExhibitionLink":null,"EVCharger":null,"EVChargerText":null,"Dining":null,"DiningText":null,"Exhibitions":null,"ExhibitionsText":null,"MenstrualProducts":null,"MestrualProductsText":null,"Restrooms":null,"RestroomsText":null,"HydrationStation":1,"HydrationStationText":null,"LactationRooms":null,"LactationRoomsText":null,"Printers":null,"PrintersText":null,"Type":null,"Display":null,"Exhibition2":null,"Exhibition2Text":null,"Exhibition3":null,"Exhibition3Text":null,"Exhibition4":null,"Exhibition4Text":null,"Exhibition2Link":null,"Exhibition3Link":null,"Exhibition4Link":null,"lactationlink":null,"lactationemail":null}},{"type":"Feature","id":231,"geometry":{"type":"Point","coordinates":[-71.4038571485763,41.8258024312644]},"properties":{"OBJECTID":231,"ID":null,"Name":null,"Lat":null,"Long":null,"ExhibitionLink":null,"EVCharger":null,"EVChargerText":null,"Dining":null,"DiningText":null,"Exhibitions":null,"ExhibitionsText":null,"MenstrualProducts":null,"MestrualProductsText":null,"Restrooms":null,"RestroomsText":null,"HydrationStation":1,"HydrationStationText":null,"LactationRooms":null,"LactationRoomsText":null,"Printers":null,"PrintersText":null,"Type":null,"Display":null,"Exhibition2":null,"Exhibition2Text":null,"Exhibition3":null,"Exhibition3Text":null,"Exhibition4":null,"Exhibition4Text":null,"Exhibition2Link":null,"Exhibition3Link":null,"Exhibition4Link":null,"lactationlink":null,"lactationemail":null}},{"type":"Feature","id":232,"geometry":{"type":"Point","coordinates":[-71.4020240578405,41.8256967401449]},"properties":{"OBJECTID":232,"ID":null,"Name":null,"Lat":null,"Long":null,"ExhibitionLink":null,"EVCharger":null,"EVChargerText":null,"Dining":null,"DiningText":null,"Exhibitions":null,"ExhibitionsText":null,"MenstrualProducts":null,"MestrualProductsText":null,"Restrooms":null,"RestroomsText":null,"HydrationStation":1,"HydrationStationText":null,"LactationRooms":null,"LactationRoomsText":null,"Printers":null,"PrintersText":null,"Type":null,"Display":null,"Exhibition2":null,"Exhibition2Text":null,"Exhibition3":null,"Exhibition3Text":null,"Exhibition4":null,"Exhibition4Text":null,"Exhibition2Link":null,"Exhibition3Link":null,"Exhibition4Link":null,"lactationlink":null,"lactationemail":null}},{"type":"Feature","id":233,"geometry":{"type":"Point","coordinates":[-71.400869080799,41.8260168553471]},"properties":{"OBJECTID":233,"ID":null,"Name":null,"Lat":null,"Long":null,"ExhibitionLink":null,"EVCharger":null,"EVChargerText":null,"Dining":null,"DiningText":null,"Exhibitions":null,"ExhibitionsText":null,"MenstrualProducts":null,"MestrualProductsText":null,"Restrooms":null,"RestroomsText":null,"HydrationStation":1,"HydrationStationText":null,"LactationRooms":null,"LactationRoomsText":null,"Printers":null,"PrintersText":null,"Type":null,"Display":null,"Exhibition2":null,"Exhibition2Text":null,"Exhibition3":null,"Exhibition3Text":null,"Exhibition4":null,"Exhibition4Text":null,"Exhibition2Link":null,"Exhibition3Link":null,"Exhibition4Link":null,"lactationlink":null,"lactationemail":null}},{"type":"Feature","id":234,"geometry":{"type":"Point","coordinates":[-71.4019850628542,41.824637926335]},"properties":{"OBJECTID":234,"ID":null,"Name":null,"Lat":null,"Long":null,"ExhibitionLink":null,"EVCharger":null,"EVChargerText":null,"Dining":null,"DiningText":null,"Exhibitions":null,"ExhibitionsText":null,"MenstrualProducts":null,"MestrualProductsText":null,"Restrooms":null,"RestroomsText":null,"HydrationStation":1,"HydrationStationText":null,"LactationRooms":null,"LactationRoomsText":null,"Printers":null,"PrintersText":null,"Type":null,"Display":null,"Exhibition2":null,"Exhibition2Text":null,"Exhibition3":null,"Exhibition3Text":null,"Exhibition4":null,"Exhibition4Text":null,"Exhibition2Link":null,"Exhibition3Link":null,"Exhibition4Link":null,"lactationlink":null,"lactationemail":null}},{"type":"Feature","id":235,"geometry":{"type":"Point","coordinates":[-71.4024434720123,41.8245688877572]},"properties":{"OBJECTID":235,"ID":null,"Name":null,"Lat":null,"Long":null,"ExhibitionLink":null,"EVCharger":null,"EVChargerText":null,"Dining":null,"DiningText":null,"Exhibitions":null,"ExhibitionsText":null,"MenstrualProducts":null,"MestrualProductsText":null,"Restrooms":null,"RestroomsText":null,"HydrationStation":1,"HydrationStationText":null,"LactationRooms":null,"LactationRoomsText":null,"Printers":null,"PrintersText":null,"Type":null,"Display":null,"Exhibition2":null,"Exhibition2Text":null,"Exhibition3":null,"Exhibition3Text":null,"Exhibition4":null,"Exhibition4Text":null,"Exhibition2Link":null,"Exhibition3Link":null,"Exhibition4Link":null,"lactationlink":null,"lactationemail":null}},{"type":"Feature","id":236,"geometry":{"type":"Point","coordinates":[-71.4016141034111,41.8244249849757]},"properties":{"OBJECTID":236,"ID":null,"Name":null,"Lat":null,"Long":null,"ExhibitionLink":null,"EVCharger":null,"EVChargerText":null,"Dining":null,"DiningText":null,"Exhibitions":null,"ExhibitionsText":null,"MenstrualProducts":null,"MestrualProductsText":null,"Restrooms":null,"RestroomsText":null,"HydrationStation":1,"HydrationStationText":null,"LactationRooms":null,"LactationRoomsText":null,"Printers":null,"PrintersText":null,"Type":null,"Display":null,"Exhibition2":null,"Exhibition2Text":null,"Exhibition3":null,"Exhibition3Text":null,"Exhibition4":null,"Exhibition4Text":null,"Exhibition2Link":null,"Exhibition3Link":null,"Exhibition4Link":null,"lactationlink":null,"lactationemail":null}},{"type":"Feature","id":237,"geometry":{"type":"Point","coordinates":[-71.4013120088015,41.8247024392422]},"properties":{"OBJECTID":237,"ID":null,"Name":null,"Lat":null,"Long":null,"ExhibitionLink":null,"EVCharger":null,"EVChargerText":null,"Dining":null,"DiningText":null,"Exhibitions":null,"ExhibitionsText":null,"MenstrualProducts":null,"MestrualProductsText":null,"Restrooms":null,"RestroomsText":null,"HydrationStation":1,"HydrationStationText":null,"LactationRooms":null,"LactationRoomsText":null,"Printers":null,"PrintersText":null,"Type":null,"Display":null,"Exhibition2":null,"Exhibition2Text":null,"Exhibition3":null,"Exhibition3Text":null,"Exhibition4":null,"Exhibition4Text":null,"Exhibition2Link":null,"Exhibition3Link":null,"Exhibition4Link":null,"lactationlink":null,"lactationemail":null}},{"type":"Feature","id":238,"geometry":{"type":"Point","coordinates":[-71.4004362784285,41.8245281124582]},"properties":{"OBJECTID":238,"ID":null,"Name":null,"Lat":null,"Long":null,"ExhibitionLink":null,"EVCharger":null,"EVChargerText":null,"Dining":null,"DiningText":null,"Exhibitions":null,"ExhibitionsText":null,"MenstrualProducts":null,"MestrualProductsText":null,"Restrooms":null,"RestroomsText":null,"HydrationStation":1,"HydrationStationText":null,"LactationRooms":null,"LactationRoomsText":null,"Printers":null,"PrintersText":null,"Type":null,"Display":null,"Exhibition2":null,"Exhibition2Text":null,"Exhibition3":null,"Exhibition3Text":null,"Exhibition4":null,"Exhibition4Text":null,"Exhibition2Link":null,"Exhibition3Link":null,"Exhibition4Link":null,"lactationlink":null,"lactationemail":null}},{"type":"Feature","id":239,"geometry":{"type":"Point","coordinates":[-71.4006807037863,41.8240293089117]},"properties":{"OBJECTID":239,"ID":null,"Name":null,"Lat":null,"Long":null,"ExhibitionLink":null,"EVCharger":null,"EVChargerText":null,"Dining":null,"DiningText":null,"Exhibitions":null,"ExhibitionsText":null,"MenstrualProducts":null,"MestrualProductsText":null,"Restrooms":null,"RestroomsText":null,"HydrationStation":1,"HydrationStationText":null,"LactationRooms":null,"LactationRoomsText":null,"Printers":null,"PrintersText":null,"Type":null,"Display":null,"Exhibition2":null,"Exhibition2Text":null,"Exhibition3":null,"Exhibition3Text":null,"Exhibition4":null,"Exhibition4Text":null,"Exhibition2Link":null,"Exhibition3Link":null,"Exhibition4Link":null,"lactationlink":null,"lactationemail":null}},{"type":"Feature","id":240,"geometry":{"type":"Point","coordinates":[-71.4033722302292,41.8242051746929]},"properties":{"OBJECTID":240,"ID":null,"Name":null,"Lat":null,"Long":null,"ExhibitionLink":null,"EVCharger":null,"EVChargerText":null,"Dining":null,"DiningText":null,"Exhibitions":null,"ExhibitionsText":null,"MenstrualProducts":null,"MestrualProductsText":null,"Restrooms":null,"RestroomsText":null,"HydrationStation":1,"HydrationStationText":null,"LactationRooms":null,"LactationRoomsText":null,"Printers":null,"PrintersText":null,"Type":null,"Display":null,"Exhibition2":null,"Exhibition2Text":null,"Exhibition3":null,"Exhibition3Text":null,"Exhibition4":null,"Exhibition4Text":null,"Exhibition2Link":null,"Exhibition3Link":null,"Exhibition4Link":null,"lactationlink":null,"lactationemail":null}},{"type":"Feature","id":241,"geometry":{"type":"Point","coordinates":[-71.4038653132253,41.824222945153]},"properties":{"OBJECTID":241,"ID":null,"Name":null,"Lat":null,"Long":null,"ExhibitionLink":null,"EVCharger":null,"EVChargerText":null,"Dining":null,"DiningText":null,"Exhibitions":null,"ExhibitionsText":null,"MenstrualProducts":null,"MestrualProductsText":null,"Restrooms":null,"RestroomsText":null,"HydrationStation":1,"HydrationStationText":null,"LactationRooms":null,"LactationRoomsText":null,"Printers":null,"PrintersText":null,"Type":null,"Display":null,"Exhibition2":null,"Exhibition2Text":null,"Exhibition3":null,"Exhibition3Text":null,"Exhibition4":null,"Exhibition4Text":null,"Exhibition2Link":null,"Exhibition3Link":null,"Exhibition4Link":null,"lactationlink":null,"lactationemail":null}},{"type":"Feature","id":242,"geometry":{"type":"Point","coordinates":[-71.4010468515405,41.8235956979923]},"properties":{"OBJECTID":242,"ID":null,"Name":null,"Lat":null,"Long":null,"ExhibitionLink":null,"EVCharger":null,"EVChargerText":null,"Dining":null,"DiningText":null,"Exhibitions":null,"ExhibitionsText":null,"MenstrualProducts":null,"MestrualProductsText":null,"Restrooms":null,"RestroomsText":null,"HydrationStation":1,"HydrationStationText":null,"LactationRooms":null,"LactationRoomsText":null,"Printers":null,"PrintersText":null,"Type":null,"Display":null,"Exhibition2":null,"Exhibition2Text":null,"Exhibition3":null,"Exhibition3Text":null,"Exhibition4":null,"Exhibition4Text":null,"Exhibition2Link":null,"Exhibition3Link":null,"Exhibition4Link":null,"lactationlink":null,"lactationemail":null}},{"type":"Feature","id":243,"geometry":{"type":"Point","coordinates":[-71.4004259925213,41.8236776074242]},"properties":{"OBJECTID":243,"ID":null,"Name":null,"Lat":null,"Long":null,"ExhibitionLink":null,"EVCharger":null,"EVChargerText":null,"Dining":null,"DiningText":null,"Exhibitions":null,"ExhibitionsText":null,"MenstrualProducts":null,"MestrualProductsText":null,"Restrooms":null,"RestroomsText":null,"HydrationStation":1,"HydrationStationText":null,"LactationRooms":null,"LactationRoomsText":null,"Printers":null,"PrintersText":null,"Type":null,"Display":null,"Exhibition2":null,"Exhibition2Text":null,"Exhibition3":null,"Exhibition3Text":null,"Exhibition4":null,"Exhibition4Text":null,"Exhibition2Link":null,"Exhibition3Link":null,"Exhibition4Link":null,"lactationlink":null,"lactationemail":null}},{"type":"Feature","id":244,"geometry":{"type":"Point","coordinates":[-71.4003455290966,41.823191539553]},"properties":{"OBJECTID":244,"ID":null,"Name":null,"Lat":null,"Long":null,"ExhibitionLink":null,"EVCharger":null,"EVChargerText":null,"Dining":null,"DiningText":null,"Exhibitions":null,"ExhibitionsText":null,"MenstrualProducts":null,"MestrualProductsText":null,"Restrooms":null,"RestroomsText":null,"HydrationStation":1,"HydrationStationText":null,"LactationRooms":null,"LactationRoomsText":null,"Printers":null,"PrintersText":null,"Type":null,"Display":null,"Exhibition2":null,"Exhibition2Text":null,"Exhibition3":null,"Exhibition3Text":null,"Exhibition4":null,"Exhibition4Text":null,"Exhibition2Link":null,"Exhibition3Link":null,"Exhibition4Link":null,"lactationlink":null,"lactationemail":null}},{"type":"Feature","id":245,"geometry":{"type":"Point","coordinates":[-71.4009721718275,41.8231183139113]},"properties":{"OBJECTID":245,"ID":null,"Name":null,"Lat":null,"Long":null,"ExhibitionLink":null,"EVCharger":null,"EVChargerText":null,"Dining":null,"DiningText":null,"Exhibitions":null,"ExhibitionsText":null,"MenstrualProducts":null,"MestrualProductsText":null,"Restrooms":null,"RestroomsText":null,"HydrationStation":1,"HydrationStationText":null,"LactationRooms":null,"LactationRoomsText":null,"Printers":null,"PrintersText":null,"Type":null,"Display":null,"Exhibition2":null,"Exhibition2Text":null,"Exhibition3":null,"Exhibition3Text":null,"Exhibition4":null,"Exhibition4Text":null,"Exhibition2Link":null,"Exhibition3Link":null,"Exhibition4Link":null,"lactationlink":null,"lactationemail":null}},{"type":"Feature","id":246,"geometry":{"type":"Point","coordinates":[-71.3998466680592,41.8231650705682]},"properties":{"OBJECTID":246,"ID":null,"Name":null,"Lat":null,"Long":null,"ExhibitionLink":null,"EVCharger":null,"EVChargerText":null,"Dining":null,"DiningText":null,"Exhibitions":null,"ExhibitionsText":null,"MenstrualProducts":null,"MestrualProductsText":null,"Restrooms":null,"RestroomsText":null,"HydrationStation":1,"HydrationStationText":null,"LactationRooms":null,"LactationRoomsText":null,"Printers":null,"PrintersText":null,"Type":null,"Display":null,"Exhibition2":null,"Exhibition2Text":null,"Exhibition3":null,"Exhibition3Text":null,"Exhibition4":null,"Exhibition4Text":null,"Exhibition2Link":null,"Exhibition3Link":null,"Exhibition4Link":null,"lactationlink":null,"lactationemail":null}},{"type":"Feature","id":247,"geometry":{"type":"Point","coordinates":[-71.3994685854314,41.8238069518798]},"properties":{"OBJECTID":247,"ID":null,"Name":null,"Lat":null,"Long":null,"ExhibitionLink":null,"EVCharger":null,"EVChargerText":null,"Dining":null,"DiningText":null,"Exhibitions":null,"ExhibitionsText":null,"MenstrualProducts":null,"MestrualProductsText":null,"Restrooms":null,"RestroomsText":null,"HydrationStation":1,"HydrationStationText":null,"LactationRooms":null,"LactationRoomsText":null,"Printers":null,"PrintersText":null,"Type":null,"Display":null,"Exhibition2":null,"Exhibition2Text":null,"Exhibition3":null,"Exhibition3Text":null,"Exhibition4":null,"Exhibition4Text":null,"Exhibition2Link":null,"Exhibition3Link":null,"Exhibition4Link":null,"lactationlink":null,"lactationemail":null}},{"type":"Feature","id":248,"geometry":{"type":"Point","coordinates":[-71.3978845773789,41.823974785289]},"properties":{"OBJECTID":248,"ID":null,"Name":null,"Lat":null,"Long":null,"ExhibitionLink":null,"EVCharger":null,"EVChargerText":null,"Dining":null,"DiningText":null,"Exhibitions":null,"ExhibitionsText":null,"MenstrualProducts":null,"MestrualProductsText":null,"Restrooms":null,"RestroomsText":null,"HydrationStation":1,"HydrationStationText":null,"LactationRooms":null,"LactationRoomsText":null,"Printers":null,"PrintersText":null,"Type":null,"Display":null,"Exhibition2":null,"Exhibition2Text":null,"Exhibition3":null,"Exhibition3Text":null,"Exhibition4":null,"Exhibition4Text":null,"Exhibition2Link":null,"Exhibition3Link":null,"Exhibition4Link":null,"lactationlink":null,"lactationemail":null}},{"type":"Feature","id":249,"geometry":{"type":"Point","coordinates":[-71.3962142565031,41.8236999145306]},"properties":{"OBJECTID":249,"ID":null,"Name":null,"Lat":null,"Long":null,"ExhibitionLink":null,"EVCharger":null,"EVChargerText":null,"Dining":null,"DiningText":null,"Exhibitions":null,"ExhibitionsText":null,"MenstrualProducts":null,"MestrualProductsText":null,"Restrooms":null,"RestroomsText":null,"HydrationStation":1,"HydrationStationText":null,"LactationRooms":null,"LactationRoomsText":null,"Printers":null,"PrintersText":null,"Type":null,"Display":null,"Exhibition2":null,"Exhibition2Text":null,"Exhibition3":null,"Exhibition3Text":null,"Exhibition4":null,"Exhibition4Text":null,"Exhibition2Link":null,"Exhibition3Link":null,"Exhibition4Link":null,"lactationlink":null,"lactationemail":null}}]}