{"type":"FeatureCollection","features":[{"type":"Feature","id":1,"geometry":{"type":"Point","coordinates":[-71.4028904512406,41.8244423612284]},"properties":{"OBJECTID":1,"GlobalID_text":"{8B645B0B-DCAD-42D8-85A1-5A4D2AA7F019}","NN_ID":1,"Spaces_Total":14,"Spaces_Fully_Meet_City_Requirem":0,"Spaces_Usable_per_NN":0,"Spaces_Substandard":14,"Spaces_Useable_Total":0,"Evaluation":"Does Not Meet Standards","Rack_Type":"Schoolyard","Rack_Type_Other":null,"Inside_or_Outside":"Indoors","Location_Outdoors":null,"Too_Close_to_Wall":null,"Parking_Type":"Long Term Parking","Notes":"Location: ground floor, room A118","Within_50ft_of_entrance":null,"Securely_anchored":null,"Accessible_without_stairs":"?","Close_to_Street":null,"NotBlocking_Ped_Vehicles":null,"size2x6x7_5aisle":null,"Surfaced":null,"Lockable":null,"Signed":null,"Operations_Issues":"Non-compliant bike railing","Meets_City_Reqmts":"No","Found_Added":"Added","Brown_Address_1":"16 Brown St","Brown_Address_2":"PROVIDENCE, RI 02912","Street_Name":"Brown","NN_Recommended":null,"Brown_Entity_Abbr":"BR4KQARCBR","Brown_Description":"BIKE RACK 4 KQ ARCHIBALD-BRONSON","Brown_Site":"MAIN","LocationVerified":null,"AssetID":"200847"}},{"type":"Feature","id":2,"geometry":{"type":"Point","coordinates":[-71.4033599215879,41.8239631961063]},"properties":{"OBJECTID":2,"GlobalID_text":"{C2430AB3-DB95-43EE-AC35-8F4BB36518DF}","NN_ID":2,"Spaces_Total":20,"Spaces_Fully_Meet_City_Requirem":0,"Spaces_Usable_per_NN":0,"Spaces_Substandard":20,"Spaces_Useable_Total":0,"Evaluation":"Does Not Meet Standards","Rack_Type":"Wave","Rack_Type_Other":null,"Inside_or_Outside":"Indoors","Location_Outdoors":null,"Too_Close_to_Wall":null,"Parking_Type":"Long Term Parking","Notes":"Used for storage and bikes, Location: basement ","Within_50ft_of_entrance":null,"Securely_anchored":null,"Accessible_without_stairs":"?","Close_to_Street":null,"NotBlocking_Ped_Vehicles":null,"size2x6x7_5aisle":"No","Surfaced":null,"Lockable":null,"Signed":null,"Operations_Issues":"Blocked by other storage items; doesn't meet width req","Meets_City_Reqmts":"No","Found_Added":"Added","Brown_Address_1":"15 Charlesfield St","Brown_Address_2":"PROVIDENCE, RI 02912","Street_Name":"Charlesfield","NN_Recommended":null,"Brown_Entity_Abbr":"BR7KQEVRTP","Brown_Description":"BIKE RACK 7 KQ EVERTT-POLAND","Brown_Site":"MAIN","LocationVerified":null,"AssetID":"200848"}},{"type":"Feature","id":3,"geometry":{"type":"Point","coordinates":[-71.4038710998155,41.8240521408074]},"properties":{"OBJECTID":3,"GlobalID_text":"{1BF20A00-3D40-451C-8161-F444EC72B33F}","NN_ID":3,"Spaces_Total":14,"Spaces_Fully_Meet_City_Requirem":0,"Spaces_Usable_per_NN":0,"Spaces_Substandard":14,"Spaces_Useable_Total":0,"Evaluation":"Does Not Meet Standards","Rack_Type":"Schoolyard","Rack_Type_Other":null,"Inside_or_Outside":"Indoors","Location_Outdoors":null,"Too_Close_to_Wall":null,"Parking_Type":"Long Term Parking","Notes":"Mixed w storage, Location: basement, room j038","Within_50ft_of_entrance":null,"Securely_anchored":null,"Accessible_without_stairs":"?","Close_to_Street":null,"NotBlocking_Ped_Vehicles":null,"size2x6x7_5aisle":null,"Surfaced":null,"Lockable":null,"Signed":null,"Operations_Issues":"Non-compliant bike railing","Meets_City_Reqmts":"No","Found_Added":"Added","Brown_Address_1":"15 Charlesfield St","Brown_Address_2":"PROVIDENCE, RI 02912","Street_Name":"Charlesfield","NN_Recommended":null,"Brown_Entity_Abbr":"BR1JMSNMD","Brown_Description":"BIKE RACK 1 JAMESON-MEAD","Brown_Site":"MAIN","LocationVerified":null,"AssetID":"200853"}},{"type":"Feature","id":4,"geometry":{"type":"Point","coordinates":[-71.4022742339052,41.8249040946213]},"properties":{"OBJECTID":4,"GlobalID_text":"{F93BE9E4-4A8E-42A3-919F-B96A54F05309}","NN_ID":4,"Spaces_Total":6,"Spaces_Fully_Meet_City_Requirem":0,"Spaces_Usable_per_NN":0,"Spaces_Substandard":6,"Spaces_Useable_Total":0,"Evaluation":"Does Not Meet Standards","Rack_Type":"Other","Rack_Type_Other":"Straight bar","Inside_or_Outside":"Indoors","Location_Outdoors":null,"Too_Close_to_Wall":null,"Parking_Type":"Long Term Parking","Notes":"Roughly 6 bikes fit however bar is high not sure how bikes are secured, Location: basement, rooms 009, 041","Within_50ft_of_entrance":null,"Securely_anchored":null,"Accessible_without_stairs":"?","Close_to_Street":null,"NotBlocking_Ped_Vehicles":null,"size2x6x7_5aisle":null,"Surfaced":null,"Lockable":null,"Signed":null,"Operations_Issues":"Non-compliant bike railing","Meets_City_Reqmts":"No","Found_Added":"Added","Brown_Address_1":"31 Brown St","Brown_Address_2":"PROVIDENCE, RI 02912","Street_Name":"Brown","NN_Recommended":null,"Brown_Entity_Abbr":"BR6WAYLAND","Brown_Description":"BIKE RACK 6 WAYLAND HOUSE","Brown_Site":"MAIN","LocationVerified":null,"AssetID":"200857"}},{"type":"Feature","id":5,"geometry":{"type":"Point","coordinates":[-71.4022812731037,41.8249114032629]},"properties":{"OBJECTID":5,"GlobalID_text":"{28A467A8-6372-4E6D-B02E-300682142C06}","NN_ID":5,"Spaces_Total":6,"Spaces_Fully_Meet_City_Requirem":0,"Spaces_Usable_per_NN":0,"Spaces_Substandard":6,"Spaces_Useable_Total":0,"Evaluation":"Does Not Meet Standards","Rack_Type":"Other","Rack_Type_Other":"Straight bar","Inside_or_Outside":"Indoors","Location_Outdoors":null,"Too_Close_to_Wall":null,"Parking_Type":"Long Term Parking","Notes":"Storage and straight bar, Location: basement, rooms 009, 041.","Within_50ft_of_entrance":null,"Securely_anchored":null,"Accessible_without_stairs":"?","Close_to_Street":null,"NotBlocking_Ped_Vehicles":null,"size2x6x7_5aisle":null,"Surfaced":null,"Lockable":null,"Signed":null,"Operations_Issues":"Non-compliant bike railing","Meets_City_Reqmts":"No","Found_Added":"Added","Brown_Address_1":"31 Brown St","Brown_Address_2":"PROVIDENCE, RI 02912","Street_Name":"Brown","NN_Recommended":null,"Brown_Entity_Abbr":"BR5WAYLAND","Brown_Description":"BIKE RACK 5 WAYLAND HOUSE","Brown_Site":"MAIN","LocationVerified":null,"AssetID":"200856"}},{"type":"Feature","id":6,"geometry":{"type":"Point","coordinates":[-71.4018314004027,41.8252579214855]},"properties":{"OBJECTID":6,"GlobalID_text":"{164BEECC-416C-4AFD-BD83-F723D567EBAD}","NN_ID":6,"Spaces_Total":10,"Spaces_Fully_Meet_City_Requirem":0,"Spaces_Usable_per_NN":0,"Spaces_Substandard":10,"Spaces_Useable_Total":0,"Evaluation":"Does Not Meet Standards","Rack_Type":"Other","Rack_Type_Other":"Straight bar","Inside_or_Outside":"Indoors","Location_Outdoors":null,"Too_Close_to_Wall":null,"Parking_Type":"Long Term Parking","Notes":"Straight bar-have to pick up bike, Location: basement, room 011","Within_50ft_of_entrance":null,"Securely_anchored":null,"Accessible_without_stairs":"?","Close_to_Street":null,"NotBlocking_Ped_Vehicles":null,"size2x6x7_5aisle":null,"Surfaced":null,"Lockable":null,"Signed":null,"Operations_Issues":"Non-compliant bike railing","Meets_City_Reqmts":"No","Found_Added":"Added","Brown_Address_1":"95 George St","Brown_Address_2":"PROVIDENCE, RI 02912","Street_Name":"George","NN_Recommended":null,"Brown_Entity_Abbr":"BR4SEARS","Brown_Description":"BIKE RACK 4 SEARS HOUSE","Brown_Site":"MAIN","LocationVerified":null,"AssetID":"200858"}},{"type":"Feature","id":7,"geometry":{"type":"Point","coordinates":[-71.4014085481271,41.8248076416272]},"properties":{"OBJECTID":7,"GlobalID_text":"{4729EB74-1ABB-42DE-B940-BAA2E382D1FF}","NN_ID":7,"Spaces_Total":10,"Spaces_Fully_Meet_City_Requirem":0,"Spaces_Usable_per_NN":0,"Spaces_Substandard":10,"Spaces_Useable_Total":0,"Evaluation":"Does Not Meet Standards","Rack_Type":"Other","Rack_Type_Other":"Straight bar","Inside_or_Outside":"Indoors","Location_Outdoors":null,"Too_Close_to_Wall":null,"Parking_Type":"Long Term Parking","Notes":"Straight bar, no signage, Location: basement, room 029","Within_50ft_of_entrance":null,"Securely_anchored":null,"Accessible_without_stairs":"?","Close_to_Street":null,"NotBlocking_Ped_Vehicles":null,"size2x6x7_5aisle":null,"Surfaced":null,"Lockable":null,"Signed":null,"Operations_Issues":"Non-compliant bike railing","Meets_City_Reqmts":"No","Found_Added":"Added","Brown_Address_1":"41 CHARLESFIELD ST","Brown_Address_2":"PROVIDENCE, RI 02912","Street_Name":"Charlesfield","NN_Recommended":null,"Brown_Entity_Abbr":"BR3MARCYHS","Brown_Description":"BIKE RACK 3 MARCY HOUSE","Brown_Site":"MAIN","LocationVerified":null,"AssetID":"200860"}},{"type":"Feature","id":8,"geometry":{"type":"Point","coordinates":[-71.4016215243079,41.8245052127592]},"properties":{"OBJECTID":8,"GlobalID_text":"{2ED4AEF9-D985-4B0C-A471-298DC6D49871}","NN_ID":8,"Spaces_Total":7,"Spaces_Fully_Meet_City_Requirem":0,"Spaces_Usable_per_NN":0,"Spaces_Substandard":7,"Spaces_Useable_Total":0,"Evaluation":"Does Not Meet Standards","Rack_Type":"Other","Rack_Type_Other":"Straight bar","Inside_or_Outside":"Indoors","Location_Outdoors":null,"Too_Close_to_Wall":null,"Parking_Type":"Long Term Parking","Notes":"Straight bar- no signage, Location: basement, room 025","Within_50ft_of_entrance":null,"Securely_anchored":null,"Accessible_without_stairs":"?","Close_to_Street":null,"NotBlocking_Ped_Vehicles":null,"size2x6x7_5aisle":null,"Surfaced":null,"Lockable":null,"Signed":null,"Operations_Issues":"Non-compliant bike railing","Meets_City_Reqmts":"No","Found_Added":"Added","Brown_Address_1":"41 CHARLESFIELD ST","Brown_Address_2":"PROVIDENCE, RI 02912","Street_Name":"Charlesfield","NN_Recommended":null,"Brown_Entity_Abbr":"BR3DIMAN","Brown_Description":"BIKE RACK 3 DIMAN HOUSE","Brown_Site":"MAIN","LocationVerified":null,"AssetID":"200859"}},{"type":"Feature","id":9,"geometry":{"type":"Point","coordinates":[-71.4019629290316,41.8245442390503]},"properties":{"OBJECTID":9,"GlobalID_text":"{19B38BFA-4A9F-4BAD-B558-A927AB4F51EC}","NN_ID":9,"Spaces_Total":10,"Spaces_Fully_Meet_City_Requirem":0,"Spaces_Usable_per_NN":0,"Spaces_Substandard":10,"Spaces_Useable_Total":0,"Evaluation":"Does Not Meet Standards","Rack_Type":"Other","Rack_Type_Other":"Straight bar","Inside_or_Outside":"Indoors","Location_Outdoors":null,"Too_Close_to_Wall":null,"Parking_Type":"Long Term Parking","Notes":"Straight bar- no signage , Location: basement, room 011","Within_50ft_of_entrance":null,"Securely_anchored":null,"Accessible_without_stairs":"?","Close_to_Street":null,"NotBlocking_Ped_Vehicles":null,"size2x6x7_5aisle":null,"Surfaced":null,"Lockable":null,"Signed":"No","Operations_Issues":"Non-compliant bike railing","Meets_City_Reqmts":"No","Found_Added":"Added","Brown_Address_1":"25 Brown St","Brown_Address_2":"PROVIDENCE, RI 02912","Street_Name":"Brown","NN_Recommended":null,"Brown_Entity_Abbr":"BR2OLNEY","Brown_Description":"BIKE RACK 2 OLNEY HOUSE","Brown_Site":"MAIN","LocationVerified":null,"AssetID":"200855"}},{"type":"Feature","id":10,"geometry":{"type":"Point","coordinates":[-71.4012022149878,41.8242008940303]},"properties":{"OBJECTID":10,"GlobalID_text":"{4E5C4C4E-4CDE-41E1-9F28-B47C1F87C897}","NN_ID":10,"Spaces_Total":10,"Spaces_Fully_Meet_City_Requirem":0,"Spaces_Usable_per_NN":0,"Spaces_Substandard":10,"Spaces_Useable_Total":0,"Evaluation":"Does Not Meet Standards","Rack_Type":"Other","Rack_Type_Other":"Straight bar","Inside_or_Outside":"Indoors","Location_Outdoors":null,"Too_Close_to_Wall":null,"Parking_Type":"Long Term Parking","Notes":"Straight bar- no signage, Location: basement, room 017","Within_50ft_of_entrance":null,"Securely_anchored":null,"Accessible_without_stairs":"?","Close_to_Street":null,"NotBlocking_Ped_Vehicles":null,"size2x6x7_5aisle":null,"Surfaced":null,"Lockable":null,"Signed":null,"Operations_Issues":"Non-compliant bike railing","Meets_City_Reqmts":"No","Found_Added":"Added","Brown_Address_1":"39 Charlesfield St","Brown_Address_2":"PROVIDENCE, RI 02912","Street_Name":"Charlesfield","NN_Recommended":null,"Brown_Entity_Abbr":"BR3GODDARD","Brown_Description":"BIKE RACK 3 GODDARD HOUSE","Brown_Site":"MAIN","LocationVerified":null,"AssetID":"200863"}},{"type":"Feature","id":11,"geometry":{"type":"Point","coordinates":[-71.4005437076637,41.8240626138992]},"properties":{"OBJECTID":11,"GlobalID_text":"{26F08135-EBB6-4328-B276-22BCE81AB24C}","NN_ID":11,"Spaces_Total":10,"Spaces_Fully_Meet_City_Requirem":0,"Spaces_Usable_per_NN":0,"Spaces_Substandard":10,"Spaces_Useable_Total":0,"Evaluation":"Does Not Meet Standards","Rack_Type":"Other","Rack_Type_Other":"Straight bar","Inside_or_Outside":"Indoors","Location_Outdoors":null,"Too_Close_to_Wall":null,"Parking_Type":"Long Term Parking","Notes":"Straight bar, ground level, room 021","Within_50ft_of_entrance":null,"Securely_anchored":null,"Accessible_without_stairs":"?","Close_to_Street":null,"NotBlocking_Ped_Vehicles":null,"size2x6x7_5aisle":null,"Surfaced":null,"Lockable":null,"Signed":null,"Operations_Issues":"Non-compliant bike railing","Meets_City_Reqmts":"No","Found_Added":"Added","Brown_Address_1":"75 Charlesfield St","Brown_Address_2":"PROVIDENCE, RI 02912","Street_Name":"Charlesfield","NN_Recommended":null,"Brown_Entity_Abbr":"BR4HARKNES","Brown_Description":"BIKE RACK 4 HARKNESS","Brown_Site":"MAIN","LocationVerified":null,"AssetID":"200864"}},{"type":"Feature","id":12,"geometry":{"type":"Point","coordinates":[-71.4004701724729,41.8245463918919]},"properties":{"OBJECTID":12,"GlobalID_text":"{EA0951C7-0485-45A7-A222-0761E3110F00}","NN_ID":12,"Spaces_Total":10,"Spaces_Fully_Meet_City_Requirem":0,"Spaces_Usable_per_NN":0,"Spaces_Substandard":10,"Spaces_Useable_Total":0,"Evaluation":"Does Not Meet Standards","Rack_Type":"Other","Rack_Type_Other":"Straight bar","Inside_or_Outside":"Indoors","Location_Outdoors":null,"Too_Close_to_Wall":null,"Parking_Type":"Long Term Parking","Notes":"Straight bar, Location: basement, room 022","Within_50ft_of_entrance":null,"Securely_anchored":null,"Accessible_without_stairs":"?","Close_to_Street":null,"NotBlocking_Ped_Vehicles":null,"size2x6x7_5aisle":null,"Surfaced":null,"Lockable":null,"Signed":null,"Operations_Issues":"Non-compliant bike railing","Meets_City_Reqmts":"No","Found_Added":"Added","Brown_Address_1":"116 Thayer St","Brown_Address_2":"PROVIDENCE, RI 02912","Street_Name":"Thayer","NN_Recommended":null,"Brown_Entity_Abbr":"BR3CHAPIN","Brown_Description":"BIKE RACK 3 CHAPIN HOUSE","Brown_Site":"MAIN","LocationVerified":null,"AssetID":"200866"}},{"type":"Feature","id":13,"geometry":{"type":"Point","coordinates":[-71.3998314703059,41.8233313034677]},"properties":{"OBJECTID":13,"GlobalID_text":"{9F645D86-2B5C-4A38-BAF4-3468E3DF4B6C}","NN_ID":13,"Spaces_Total":6,"Spaces_Fully_Meet_City_Requirem":0,"Spaces_Usable_per_NN":0,"Spaces_Substandard":6,"Spaces_Useable_Total":0,"Evaluation":"Does Not Meet Standards","Rack_Type":"Schoolyard","Rack_Type_Other":null,"Inside_or_Outside":"Indoors","Location_Outdoors":null,"Too_Close_to_Wall":null,"Parking_Type":"Long Term Parking","Notes":"School yard like rack, location: ground level, room  158","Within_50ft_of_entrance":null,"Securely_anchored":null,"Accessible_without_stairs":"?","Close_to_Street":null,"NotBlocking_Ped_Vehicles":null,"size2x6x7_5aisle":null,"Surfaced":null,"Lockable":null,"Signed":null,"Operations_Issues":"Non-compliant bike railing","Meets_City_Reqmts":"No","Found_Added":"Added","Brown_Address_1":"95 Thayer St","Brown_Address_2":"PROVIDENCE, RI 02912","Street_Name":"Thayer","NN_Recommended":null,"Brown_Entity_Abbr":"BR3VGQUADB","Brown_Description":"BIKE RACK 3 VG QUAD B","Brown_Site":"MAIN","LocationVerified":null,"AssetID":"200890"}},{"type":"Feature","id":14,"geometry":{"type":"Point","coordinates":[-71.3995601260895,41.8237710516202]},"properties":{"OBJECTID":14,"GlobalID_text":"{83582C65-6BF6-49AC-938B-F34EF6A31EA8}","NN_ID":14,"Spaces_Total":8,"Spaces_Fully_Meet_City_Requirem":0,"Spaces_Usable_per_NN":0,"Spaces_Substandard":8,"Spaces_Useable_Total":0,"Evaluation":"Does Not Meet Standards","Rack_Type":"Other","Rack_Type_Other":"Straight bar","Inside_or_Outside":"Indoors","Location_Outdoors":null,"Too_Close_to_Wall":null,"Parking_Type":"Long Term Parking","Notes":"2 Pipe racks, Location ground level, room119","Within_50ft_of_entrance":null,"Securely_anchored":null,"Accessible_without_stairs":"?","Close_to_Street":null,"NotBlocking_Ped_Vehicles":null,"size2x6x7_5aisle":null,"Surfaced":null,"Lockable":null,"Signed":null,"Operations_Issues":"Non-compliant bike railing","Meets_City_Reqmts":"No","Found_Added":"Added","Brown_Address_1":"60 Charlesfield St","Brown_Address_2":"PROVIDENCE, RI 02912","Street_Name":"Charlesfield","NN_Recommended":null,"Brown_Entity_Abbr":"BR5VGQUADA","Brown_Description":"BIKE RACK 5 VG QUAD A","Brown_Site":"MAIN","LocationVerified":null,"AssetID":"200889"}},{"type":"Feature","id":15,"geometry":{"type":"Point","coordinates":[-71.3978852738361,41.8237469918472]},"properties":{"OBJECTID":15,"GlobalID_text":"{B43F613A-5745-4E92-A32A-FBAE5A9E9EB3}","NN_ID":15,"Spaces_Total":5,"Spaces_Fully_Meet_City_Requirem":0,"Spaces_Usable_per_NN":0,"Spaces_Substandard":5,"Spaces_Useable_Total":0,"Evaluation":"Does Not Meet Standards","Rack_Type":"Schoolyard","Rack_Type_Other":null,"Inside_or_Outside":"Indoors","Location_Outdoors":null,"Too_Close_to_Wall":null,"Parking_Type":"Long Term Parking","Notes":"Location: basement, room 070, 090","Within_50ft_of_entrance":null,"Securely_anchored":null,"Accessible_without_stairs":"?","Close_to_Street":null,"NotBlocking_Ped_Vehicles":null,"size2x6x7_5aisle":null,"Surfaced":null,"Lockable":null,"Signed":null,"Operations_Issues":"Non-compliant bike railing","Meets_City_Reqmts":"No","Found_Added":"Added","Brown_Address_1":"82 Charlesfield St","Brown_Address_2":"PROVIDENCE, RI 02912","Street_Name":"Charlesfield","NN_Recommended":null,"Brown_Entity_Abbr":"BR5BARBOUR","Brown_Description":"BIKE RACK 5 BARBOUR HALL","Brown_Site":"MAIN","LocationVerified":null,"AssetID":"200887"}},{"type":"Feature","id":16,"geometry":{"type":"Point","coordinates":[-71.3968583754989,41.8240915797378]},"properties":{"OBJECTID":16,"GlobalID_text":"{333EBDC4-961A-4C67-9D6C-1B6A4206D0A3}","NN_ID":16,"Spaces_Total":4,"Spaces_Fully_Meet_City_Requirem":0,"Spaces_Usable_per_NN":0,"Spaces_Substandard":4,"Spaces_Useable_Total":0,"Evaluation":"Does Not Meet Standards","Rack_Type":"Other","Rack_Type_Other":"Straight bar","Inside_or_Outside":"Indoors","Location_Outdoors":null,"Too_Close_to_Wall":null,"Parking_Type":"Long Term Parking","Notes":"Location: ground level, 143","Within_50ft_of_entrance":null,"Securely_anchored":null,"Accessible_without_stairs":"?","Close_to_Street":null,"NotBlocking_Ped_Vehicles":null,"size2x6x7_5aisle":null,"Surfaced":null,"Lockable":null,"Signed":null,"Operations_Issues":"Non-compliant bike railing","Meets_City_Reqmts":"No","Found_Added":"Added","Brown_Address_1":"131 Hope St","Brown_Address_2":"PROVIDENCE, RI 02912","Street_Name":"Hope","NN_Recommended":null,"Brown_Entity_Abbr":"BR3YO002","Brown_Description":"BIKE RACK 3 YOUNG ORCHARD 002","Brown_Site":"MAIN","LocationVerified":null,"AssetID":"200923"}},{"type":"Feature","id":17,"geometry":{"type":"Point","coordinates":[-71.3964125182671,41.8240922551832]},"properties":{"OBJECTID":17,"GlobalID_text":"{F290C70D-E56D-4144-93E8-66AA6AEE344C}","NN_ID":17,"Spaces_Total":6,"Spaces_Fully_Meet_City_Requirem":0,"Spaces_Usable_per_NN":0,"Spaces_Substandard":6,"Spaces_Useable_Total":0,"Evaluation":"Does Not Meet Standards","Rack_Type":"Other","Rack_Type_Other":"Straight bar","Inside_or_Outside":"Indoors","Location_Outdoors":null,"Too_Close_to_Wall":null,"Parking_Type":"Long Term Parking","Notes":"Location: ground floor, room 143","Within_50ft_of_entrance":null,"Securely_anchored":null,"Accessible_without_stairs":"?","Close_to_Street":null,"NotBlocking_Ped_Vehicles":null,"size2x6x7_5aisle":null,"Surfaced":null,"Lockable":null,"Signed":null,"Operations_Issues":"Non-compliant bike railing","Meets_City_Reqmts":"No","Found_Added":"Added","Brown_Address_1":"4 Young Orchard Ave","Brown_Address_2":"PROVIDENCE, RI 02912","Street_Name":"Young Orchard","NN_Recommended":null,"Brown_Entity_Abbr":"BR4YO004","Brown_Description":"BIKE RACK 4 YOUNG ORCHARD 004","Brown_Site":"MAIN","LocationVerified":null,"AssetID":"200882"}},{"type":"Feature","id":18,"geometry":{"type":"Point","coordinates":[-71.395785548996,41.8241149592501]},"properties":{"OBJECTID":18,"GlobalID_text":"{564C71F3-391A-443F-85BC-DED5ECB70D1E}","NN_ID":18,"Spaces_Total":7,"Spaces_Fully_Meet_City_Requirem":0,"Spaces_Usable_per_NN":0,"Spaces_Substandard":7,"Spaces_Useable_Total":0,"Evaluation":"Does Not Meet Standards","Rack_Type":"Other","Rack_Type_Other":"Straight bar","Inside_or_Outside":"Indoors","Location_Outdoors":null,"Too_Close_to_Wall":null,"Parking_Type":"Long Term Parking","Notes":"Location: ground level, room 143","Within_50ft_of_entrance":null,"Securely_anchored":null,"Accessible_without_stairs":"?","Close_to_Street":null,"NotBlocking_Ped_Vehicles":null,"size2x6x7_5aisle":null,"Surfaced":null,"Lockable":null,"Signed":null,"Operations_Issues":"Non-compliant bike railing","Meets_City_Reqmts":"No","Found_Added":"Added","Brown_Address_1":"10 Young Orchard Ave","Brown_Address_2":"PROVIDENCE, RI 02912","Street_Name":"Young Orchard","NN_Recommended":null,"Brown_Entity_Abbr":"BR2YO010","Brown_Description":"BIKE RACK 2 YOUNG ORCHARD 010","Brown_Site":"MAIN","LocationVerified":null,"AssetID":"200881"}},{"type":"Feature","id":19,"geometry":{"type":"Point","coordinates":[-71.3962666399498,41.8234867961483]},"properties":{"OBJECTID":19,"GlobalID_text":"{092B0DEC-0F70-478B-843D-4935904F219A}","NN_ID":19,"Spaces_Total":10,"Spaces_Fully_Meet_City_Requirem":0,"Spaces_Usable_per_NN":0,"Spaces_Substandard":10,"Spaces_Useable_Total":0,"Evaluation":"Does Not Meet Standards","Rack_Type":"Inverted U","Rack_Type_Other":null,"Inside_or_Outside":"Indoors","Location_Outdoors":null,"Too_Close_to_Wall":null,"Parking_Type":"Long Term Parking","Notes":"Sprinkler room_ not labeled for bikes, Location: basement, room 001","Within_50ft_of_entrance":null,"Securely_anchored":null,"Accessible_without_stairs":"?","Close_to_Street":null,"NotBlocking_Ped_Vehicles":null,"size2x6x7_5aisle":null,"Surfaced":null,"Lockable":null,"Signed":null,"Operations_Issues":"Non-compliant bike railing","Meets_City_Reqmts":"No","Found_Added":"Added","Brown_Address_1":"156 Power St","Brown_Address_2":"PROVIDENCE, RI 02912","Street_Name":"Power","NN_Recommended":null,"Brown_Entity_Abbr":"BR4PERKINS","Brown_Description":"BIKE RACK 4 PERKINS HALL","Brown_Site":"MAIN","LocationVerified":null,"AssetID":"200885"}},{"type":"Feature","id":20,"geometry":{"type":"Point","coordinates":[-71.3975615910763,41.8249134088215]},"properties":{"OBJECTID":20,"GlobalID_text":"{7C6E7DDF-6A6A-4D4B-A57D-9670A565A8A8}","NN_ID":20,"Spaces_Total":6,"Spaces_Fully_Meet_City_Requirem":0,"Spaces_Usable_per_NN":0,"Spaces_Substandard":6,"Spaces_Useable_Total":0,"Evaluation":"Does Not Meet Standards","Rack_Type":"Other","Rack_Type_Other":"Unsure","Inside_or_Outside":"Outdoors - Covered","Location_Outdoors":"Other","Too_Close_to_Wall":"Yes","Parking_Type":"Long Term Parking","Notes":null,"Within_50ft_of_entrance":"Yes","Securely_anchored":null,"Accessible_without_stairs":"?","Close_to_Street":"?","NotBlocking_Ped_Vehicles":"Yes","size2x6x7_5aisle":"?","Surfaced":"Yes","Lockable":"?","Signed":"No","Operations_Issues":"Hidden / inaccessible ","Meets_City_Reqmts":"No","Found_Added":"Found","Brown_Address_1":"154 HOPE ST","Brown_Address_2":"PROVIDENCE, RI 02912","Street_Name":"Hope","NN_Recommended":null,"Brown_Entity_Abbr":"BRKINGHSE","Brown_Description":"BIKE RACK KING HOUSE","Brown_Site":"MAIN","LocationVerified":null,"AssetID":"200310"}},{"type":"Feature","id":21,"geometry":{"type":"Point","coordinates":[-71.4008094769355,41.8257362709564]},"properties":{"OBJECTID":21,"GlobalID_text":"{8CCF8E44-D8A7-4CB6-BE5A-0BDF93483C1F}","NN_ID":21,"Spaces_Total":11,"Spaces_Fully_Meet_City_Requirem":0,"Spaces_Usable_per_NN":0,"Spaces_Substandard":11,"Spaces_Useable_Total":0,"Evaluation":"Does Not Meet Standards","Rack_Type":"Schoolyard","Rack_Type_Other":null,"Inside_or_Outside":"Indoors","Location_Outdoors":null,"Too_Close_to_Wall":null,"Parking_Type":"Long Term Parking","Notes":"Sprinkler room no signage, Location: basement, room 004","Within_50ft_of_entrance":null,"Securely_anchored":null,"Accessible_without_stairs":"?","Close_to_Street":null,"NotBlocking_Ped_Vehicles":null,"size2x6x7_5aisle":null,"Surfaced":"Yes","Lockable":"?","Signed":"No","Operations_Issues":"Needs signage, unsure if secured, unsure if accessible; schoolyard rack; limited space","Meets_City_Reqmts":"No","Found_Added":"Added","Brown_Address_1":"128 George St","Brown_Address_2":"PROVIDENCE, RI 02912","Street_Name":"George","NN_Recommended":null,"Brown_Entity_Abbr":"BR2HEGEMAN","Brown_Description":"BIKE RACK 2 HEGEMAN HALL","Brown_Site":"MAIN","LocationVerified":null,"AssetID":"200834"}},{"type":"Feature","id":22,"geometry":{"type":"Point","coordinates":[-71.4006162735724,41.8260051844908]},"properties":{"OBJECTID":22,"GlobalID_text":"{7A77F35B-A6AC-497B-9A07-081771A8E642}","NN_ID":22,"Spaces_Total":6,"Spaces_Fully_Meet_City_Requirem":0,"Spaces_Usable_per_NN":0,"Spaces_Substandard":6,"Spaces_Useable_Total":0,"Evaluation":"Does Not Meet Standards","Rack_Type":"Wheelwell","Rack_Type_Other":null,"Inside_or_Outside":"Indoors","Location_Outdoors":null,"Too_Close_to_Wall":null,"Parking_Type":"Long Term Parking","Notes":"Unmarked room, Location: basement, room 001","Within_50ft_of_entrance":null,"Securely_anchored":null,"Accessible_without_stairs":"?","Close_to_Street":null,"NotBlocking_Ped_Vehicles":null,"size2x6x7_5aisle":null,"Surfaced":"Yes","Lockable":"?","Signed":"No","Operations_Issues":"Needs signage; other items in the way; this type of rack can't lock frame and wheel","Meets_City_Reqmts":"No","Found_Added":"Added","Brown_Address_1":"168 Thayer St","Brown_Address_2":"PROVIDENCE, RI 02912","Street_Name":"Thayer","NN_Recommended":null,"Brown_Entity_Abbr":"BR2CASWELL","Brown_Description":"BIKE RACK 2 CASWELL HALL","Brown_Site":"MAIN","LocationVerified":null,"AssetID":"200833"}},{"type":"Feature","id":23,"geometry":{"type":"Point","coordinates":[-71.4019898946598,41.8256270436303]},"properties":{"OBJECTID":23,"GlobalID_text":"{30A40478-8F0A-4020-A531-6BA937B300EC}","NN_ID":23,"Spaces_Total":8,"Spaces_Fully_Meet_City_Requirem":0,"Spaces_Usable_per_NN":0,"Spaces_Substandard":8,"Spaces_Useable_Total":0,"Evaluation":"Does Not Meet Standards","Rack_Type":"Other","Rack_Type_Other":"Straight bar","Inside_or_Outside":"Indoors","Location_Outdoors":null,"Too_Close_to_Wall":null,"Parking_Type":"Long Term Parking","Notes":"Storage room, No signage, Location: basement, room 011","Within_50ft_of_entrance":null,"Securely_anchored":null,"Accessible_without_stairs":"?","Close_to_Street":null,"NotBlocking_Ped_Vehicles":null,"size2x6x7_5aisle":null,"Surfaced":null,"Lockable":null,"Signed":null,"Operations_Issues":"Non-compliant bike railing","Meets_City_Reqmts":"No","Found_Added":"Added","Brown_Address_1":"102 George St","Brown_Address_2":"PROVIDENCE, RI 02912","Street_Name":"George","NN_Recommended":null,"Brown_Entity_Abbr":"BR2LITTLFLD","Brown_Description":"BIKE RACK 2 LITTLEFIELD","Brown_Site":"MAIN","LocationVerified":null,"AssetID":"200836"}},{"type":"Feature","id":24,"geometry":{"type":"Point","coordinates":[-71.4038511105038,41.8266503154516]},"properties":{"OBJECTID":24,"GlobalID_text":"{91998F99-72B4-4C7D-829D-33B4E04F7240}","NN_ID":24,"Spaces_Total":5,"Spaces_Fully_Meet_City_Requirem":0,"Spaces_Usable_per_NN":0,"Spaces_Substandard":5,"Spaces_Useable_Total":0,"Evaluation":"Does Not Meet Standards","Rack_Type":"Other","Rack_Type_Other":"Straight bar","Inside_or_Outside":"Indoors","Location_Outdoors":null,"Too_Close_to_Wall":null,"Parking_Type":"Long Term Parking","Notes":"No signage_ storage area,Location: basement, room 006","Within_50ft_of_entrance":null,"Securely_anchored":null,"Accessible_without_stairs":"?","Close_to_Street":null,"NotBlocking_Ped_Vehicles":null,"size2x6x7_5aisle":null,"Surfaced":null,"Lockable":null,"Signed":"No","Operations_Issues":"Non-compliant bike railing","Meets_City_Reqmts":"No","Found_Added":"Added","Brown_Address_1":"71 Waterman St","Brown_Address_2":"PROVIDENCE, RI 02912","Street_Name":"Waterman","NN_Recommended":null,"Brown_Entity_Abbr":"BR2HOPECOLL","Brown_Description":"BIKE RACK 2 HOPE COLLEGE","Brown_Site":"MAIN","LocationVerified":null,"AssetID":"200840"}},{"type":"Feature","id":25,"geometry":{"type":"Point","coordinates":[-71.4038096451686,41.8258512757073]},"properties":{"OBJECTID":25,"GlobalID_text":"{18D1127F-292D-4A63-869F-9F1DE2EA8F91}","NN_ID":25,"Spaces_Total":4,"Spaces_Fully_Meet_City_Requirem":0,"Spaces_Usable_per_NN":0,"Spaces_Substandard":4,"Spaces_Useable_Total":0,"Evaluation":"Does Not Meet Standards","Rack_Type":"Wave","Rack_Type_Other":null,"Inside_or_Outside":"Indoors","Location_Outdoors":null,"Too_Close_to_Wall":null,"Parking_Type":"Long Term Parking","Notes":"Under stairwell_ no clear signage- storage area, Location: basement","Within_50ft_of_entrance":null,"Securely_anchored":null,"Accessible_without_stairs":"?","Close_to_Street":null,"NotBlocking_Ped_Vehicles":null,"size2x6x7_5aisle":"No","Surfaced":null,"Lockable":null,"Signed":null,"Operations_Issues":"Space needs to be cleared to consider compliance","Meets_City_Reqmts":"No","Found_Added":"Added","Brown_Address_1":"70 George St","Brown_Address_2":"PROVIDENCE, RI 02912","Street_Name":"George","NN_Recommended":null,"Brown_Entity_Abbr":"BR3SLATER","Brown_Description":"BIKE RACK 3 SLATER HALL","Brown_Site":"MAIN","LocationVerified":null,"AssetID":"200841"}},{"type":"Feature","id":26,"geometry":{"type":"Point","coordinates":[-71.3988907518454,41.8272957980338]},"properties":{"OBJECTID":26,"GlobalID_text":"{33A79CF0-020C-4917-86B4-E8D7399CB31E}","NN_ID":26,"Spaces_Total":16,"Spaces_Fully_Meet_City_Requirem":0,"Spaces_Usable_per_NN":0,"Spaces_Substandard":16,"Spaces_Useable_Total":0,"Evaluation":"Does Not Meet Standards","Rack_Type":"Other","Rack_Type_Other":"Straight bar","Inside_or_Outside":"Indoors","Location_Outdoors":null,"Too_Close_to_Wall":null,"Parking_Type":"Long Term Parking","Notes":"No signage, Location: ground floor , room 107","Within_50ft_of_entrance":null,"Securely_anchored":null,"Accessible_without_stairs":"?","Close_to_Street":null,"NotBlocking_Ped_Vehicles":null,"size2x6x7_5aisle":null,"Surfaced":null,"Lockable":null,"Signed":"No","Operations_Issues":"Non-compliant bike railing","Meets_City_Reqmts":"No","Found_Added":"Added","Brown_Address_1":"123 Waterman St","Brown_Address_2":"PROVIDENCE, RI 02912","Street_Name":"Waterman","NN_Recommended":null,"Brown_Entity_Abbr":"BR4MINDEN","Brown_Description":"BIKE RACK 4 MINDEN HALL","Brown_Site":"MAIN","LocationVerified":null,"AssetID":"200820"}},{"type":"Feature","id":27,"geometry":{"type":"Point","coordinates":[-71.4012892590439,41.8301179852193]},"properties":{"OBJECTID":27,"GlobalID_text":"{D75E8B32-D7A7-4922-80F2-400737926BA8}","NN_ID":27,"Spaces_Total":5,"Spaces_Fully_Meet_City_Requirem":0,"Spaces_Usable_per_NN":0,"Spaces_Substandard":5,"Spaces_Useable_Total":0,"Evaluation":"Does Not Meet Standards","Rack_Type":"Other","Rack_Type_Other":"Straight bar","Inside_or_Outside":"Indoors","Location_Outdoors":null,"Too_Close_to_Wall":null,"Parking_Type":"Long Term Parking","Notes":"Looks like it’s an old bike room- it’s now locked and part of the trash room, Location: basement, brown univ website has room as 120, there could have been one on the ground floor, we did not see it.","Within_50ft_of_entrance":null,"Securely_anchored":null,"Accessible_without_stairs":"?","Close_to_Street":null,"NotBlocking_Ped_Vehicles":null,"size2x6x7_5aisle":null,"Surfaced":null,"Lockable":null,"Signed":null,"Operations_Issues":"Non-compliant bike railing","Meets_City_Reqmts":"No","Found_Added":"Added","Brown_Address_1":"302 THAYER ST","Brown_Address_2":"PROVIDENCE, RI 02912","Street_Name":"Thayer","NN_Recommended":null,"Brown_Entity_Abbr":"BR2NEWPEM1","Brown_Description":"BIKE RACK 2 NEW PEMBROKE 1","Brown_Site":"MAIN","LocationVerified":null,"AssetID":"200807"}},{"type":"Feature","id":28,"geometry":{"type":"Point","coordinates":[-71.4006934667031,41.8306106968207]},"properties":{"OBJECTID":28,"GlobalID_text":"{4ACA0262-3F42-4FFB-885B-E5D8BF318F3C}","NN_ID":28,"Spaces_Total":33,"Spaces_Fully_Meet_City_Requirem":0,"Spaces_Usable_per_NN":0,"Spaces_Substandard":33,"Spaces_Useable_Total":0,"Evaluation":"Does Not Meet Standards","Rack_Type":"Other","Rack_Type_Other":"Straight bar","Inside_or_Outside":"Indoors","Location_Outdoors":null,"Too_Close_to_Wall":null,"Parking_Type":"Long Term Parking","Notes":"Two rooms next to each other, no signage, shared w storage. Assuming each section fits 3 bikes when lifted. Bar is low so bike would need to be picked up and locked., Location: basement, room 042","Within_50ft_of_entrance":null,"Securely_anchored":null,"Accessible_without_stairs":"?","Close_to_Street":null,"NotBlocking_Ped_Vehicles":null,"size2x6x7_5aisle":null,"Surfaced":null,"Lockable":null,"Signed":"No","Operations_Issues":"Non-compliant bike railing","Meets_City_Reqmts":"No","Found_Added":"Added","Brown_Address_1":"315 Thayer St","Brown_Address_2":"PROVIDENCE, RI 02912","Street_Name":"Thayer","NN_Recommended":null,"Brown_Entity_Abbr":"BR2THAY315","Brown_Description":"BIKE RACK 2 THAYER 315","Brown_Site":"MAIN","LocationVerified":null,"AssetID":"200922"}},{"type":"Feature","id":29,"geometry":{"type":"Point","coordinates":[-71.3998919583655,41.829989650487]},"properties":{"OBJECTID":29,"GlobalID_text":"{645A9A03-FD73-4875-8D4D-F0D10F1C80A2}","NN_ID":29,"Spaces_Total":25,"Spaces_Fully_Meet_City_Requirem":0,"Spaces_Usable_per_NN":0,"Spaces_Substandard":25,"Spaces_Useable_Total":0,"Evaluation":"Does Not Meet Standards","Rack_Type":"Vertical","Rack_Type_Other":null,"Inside_or_Outside":"Indoors","Location_Outdoors":null,"Too_Close_to_Wall":null,"Parking_Type":"Long Term Parking","Notes":"2 racks on ground that need to be mounted to wall","Within_50ft_of_entrance":null,"Securely_anchored":null,"Accessible_without_stairs":"?","Close_to_Street":null,"NotBlocking_Ped_Vehicles":null,"size2x6x7_5aisle":null,"Surfaced":"Yes","Lockable":null,"Signed":"Yes, bike storage sign","Operations_Issues":"Some racks need to be mounted; mounted racks require lifting","Meets_City_Reqmts":"No","Found_Added":"Added","Brown_Address_1":"450 Brook St","Brown_Address_2":"PROVIDENCE, RI 02912","Street_Name":"Brook","NN_Recommended":null,"Brown_Entity_Abbr":"BR2WLNSCNTR","Brown_Description":"BIKE RACK 2 WELLNESS CENTER","Brown_Site":"MAIN","LocationVerified":null,"AssetID":"200805"}},{"type":"Feature","id":30,"geometry":{"type":"Point","coordinates":[-71.4022398032769,41.8302457701529]},"properties":{"OBJECTID":30,"GlobalID_text":"{E8CF5407-2167-4781-A2F5-598D0574175B}","NN_ID":30,"Spaces_Total":20,"Spaces_Fully_Meet_City_Requirem":0,"Spaces_Usable_per_NN":0,"Spaces_Substandard":20,"Spaces_Useable_Total":0,"Evaluation":"Does Not Meet Standards","Rack_Type":"Inverted U","Rack_Type_Other":null,"Inside_or_Outside":"Indoors","Location_Outdoors":null,"Too_Close_to_Wall":null,"Parking_Type":"Long Term Parking","Notes":"No signage, Location: basement- room 005","Within_50ft_of_entrance":null,"Securely_anchored":null,"Accessible_without_stairs":"?","Close_to_Street":null,"NotBlocking_Ped_Vehicles":null,"size2x6x7_5aisle":null,"Surfaced":null,"Lockable":null,"Signed":"No","Operations_Issues":"Non-compliant bike railing","Meets_City_Reqmts":"No","Found_Added":"Added","Brown_Address_1":"211 Bowen St","Brown_Address_2":"PROVIDENCE, RI 02912","Street_Name":"Bowen","NN_Recommended":null,"Brown_Entity_Abbr":"BR3MILLER","Brown_Description":"BIKE RACK 3 MILLER HALL","Brown_Site":"MAIN","LocationVerified":null,"AssetID":"200810"}},{"type":"Feature","id":31,"geometry":{"type":"Point","coordinates":[-71.4027339449552,41.8303145350982]},"properties":{"OBJECTID":31,"GlobalID_text":"{301C2837-8C41-407B-91B8-B3D2F15A4DEE}","NN_ID":31,"Spaces_Total":20,"Spaces_Fully_Meet_City_Requirem":0,"Spaces_Usable_per_NN":0,"Spaces_Substandard":20,"Spaces_Useable_Total":0,"Evaluation":"Does Not Meet Standards","Rack_Type":"Inverted U","Rack_Type_Other":null,"Inside_or_Outside":"Indoors","Location_Outdoors":null,"Too_Close_to_Wall":null,"Parking_Type":"Long Term Parking","Notes":"Assuming 5 bikes per section, Location: basement, room 005","Within_50ft_of_entrance":null,"Securely_anchored":null,"Accessible_without_stairs":"?","Close_to_Street":null,"NotBlocking_Ped_Vehicles":null,"size2x6x7_5aisle":null,"Surfaced":null,"Lockable":null,"Signed":"Yes, bike room sign","Operations_Issues":"Non-compliant bike railing","Meets_City_Reqmts":"No","Found_Added":"Added","Brown_Address_1":"86 Cushing St","Brown_Address_2":"PROVIDENCE, RI 02912","Street_Name":"Cushing","NN_Recommended":null,"Brown_Entity_Abbr":"BR3METCALF","Brown_Description":"BIKE RACK 3 METCALF HALL","Brown_Site":"MAIN","LocationVerified":null,"AssetID":"200812"}},{"type":"Feature","id":32,"geometry":{"type":"Point","coordinates":[-71.4023558404588,41.8305887139421]},"properties":{"OBJECTID":32,"GlobalID_text":"{622DFA23-8B39-4AA4-A337-569D63CC74C6}","NN_ID":32,"Spaces_Total":10,"Spaces_Fully_Meet_City_Requirem":0,"Spaces_Usable_per_NN":0,"Spaces_Substandard":10,"Spaces_Useable_Total":0,"Evaluation":"Does Not Meet Standards","Rack_Type":"Inverted U","Rack_Type_Other":null,"Inside_or_Outside":"Indoors","Location_Outdoors":null,"Too_Close_to_Wall":null,"Parking_Type":"Long Term Parking","Notes":"Assuming 5 bikes on ea. section, Location: basement, room 059, brown website show another room on the East side of hall (020), we did not see it during inventory","Within_50ft_of_entrance":null,"Securely_anchored":null,"Accessible_without_stairs":"?","Close_to_Street":null,"NotBlocking_Ped_Vehicles":null,"size2x6x7_5aisle":null,"Surfaced":null,"Lockable":null,"Signed":null,"Operations_Issues":"Non-compliant bike railing","Meets_City_Reqmts":"No","Found_Added":"Added","Brown_Address_1":"211 Bowen St","Brown_Address_2":"PROVIDENCE, RI 02912","Street_Name":"Bowen","NN_Recommended":null,"Brown_Entity_Abbr":"BR3ANDRWHL","Brown_Description":"BIKE RACK 3 ANDREWS HALL","Brown_Site":"MAIN","LocationVerified":null,"AssetID":"200811"}},{"type":"Feature","id":33,"geometry":{"type":"Point","coordinates":[-71.4050334811656,41.8301812555507]},"properties":{"OBJECTID":33,"GlobalID_text":"{7325440A-8634-497D-81AC-B5CA8DB33045}","NN_ID":33,"Spaces_Total":20,"Spaces_Fully_Meet_City_Requirem":0,"Spaces_Usable_per_NN":0,"Spaces_Substandard":20,"Spaces_Useable_Total":0,"Evaluation":"Does Not Meet Standards","Rack_Type":"Inverted U","Rack_Type_Other":null,"Inside_or_Outside":"Indoors","Location_Outdoors":null,"Too_Close_to_Wall":null,"Parking_Type":"Long Term Parking","Notes":"Assuming 10 bikes on each section, Location: ground level, room 210","Within_50ft_of_entrance":null,"Securely_anchored":null,"Accessible_without_stairs":"?","Close_to_Street":null,"NotBlocking_Ped_Vehicles":null,"size2x6x7_5aisle":null,"Surfaced":null,"Lockable":null,"Signed":"Yes, bike storage sign","Operations_Issues":"Non-compliant bike railing","Meets_City_Reqmts":"No","Found_Added":"Added","Brown_Address_1":"87 Prospect St","Brown_Address_2":"PROVIDENCE, RI 02912","Street_Name":"Prospect","NN_Recommended":null,"Brown_Entity_Abbr":"BR3MACHADO","Brown_Description":"BIKE RACK 3 MACHADO","Brown_Site":"MAIN","LocationVerified":null,"AssetID":"200813"}},{"type":"Feature","id":34,"geometry":{"type":"Point","coordinates":[-71.4067260787391,41.8238837805165]},"properties":{"OBJECTID":34,"GlobalID_text":"{E4D8D469-D72E-4682-9FA3-9F3028B0E4F2}","NN_ID":34,"Spaces_Total":15,"Spaces_Fully_Meet_City_Requirem":0,"Spaces_Usable_per_NN":0,"Spaces_Substandard":15,"Spaces_Useable_Total":0,"Evaluation":"Does Not Meet Standards","Rack_Type":"Schoolyard","Rack_Type_Other":null,"Inside_or_Outside":"Indoors","Location_Outdoors":null,"Too_Close_to_Wall":null,"Parking_Type":"Long Term Parking","Notes":"Located in garage -no signage ","Within_50ft_of_entrance":null,"Securely_anchored":null,"Accessible_without_stairs":"?","Close_to_Street":null,"NotBlocking_Ped_Vehicles":null,"size2x6x7_5aisle":null,"Surfaced":null,"Lockable":null,"Signed":"No","Operations_Issues":"Unsure if securely anchored; may need signage; may be blocking or blocked by other items; schoolyard rack","Meets_City_Reqmts":"No","Found_Added":"Added","Brown_Address_1":"121 South Main St","Brown_Address_2":"PROVIDENCE, RI 02912","Street_Name":"South Main","NN_Recommended":null,"Brown_Entity_Abbr":"BR2SMAIN121","Brown_Description":"BIKE RACK 2 SOUTH MAIN 121","Brown_Site":"MAIN","LocationVerified":null,"AssetID":"200854"}},{"type":"Feature","id":35,"geometry":{"type":"Point","coordinates":[-71.4042792601446,41.830115884775]},"properties":{"OBJECTID":35,"GlobalID_text":"{EA3FDA04-2F53-45AE-B6E7-C3D689826771}","NN_ID":35,"Spaces_Total":10,"Spaces_Fully_Meet_City_Requirem":0,"Spaces_Usable_per_NN":10,"Spaces_Substandard":0,"Spaces_Useable_Total":10,"Evaluation":"Meets Standards","Rack_Type":"Inverted U","Rack_Type_Other":null,"Inside_or_Outside":"Outdoors - Uncovered","Location_Outdoors":"Other","Too_Close_to_Wall":"Yes","Parking_Type":"Short Term Parking","Notes":null,"Within_50ft_of_entrance":"Yes","Securely_anchored":"Yes","Accessible_without_stairs":"Yes","Close_to_Street":"Yes","NotBlocking_Ped_Vehicles":"Yes","size2x6x7_5aisle":"Mostly","Surfaced":"Mostly","Lockable":"Yes","Signed":null,"Operations_Issues":"No surfaced path to access; some vegetation covering spaces","Meets_City_Reqmts":"No","Found_Added":"Found","Brown_Address_1":"87 PROSPECT ST","Brown_Address_2":"PROVIDENCE, RI 02912","Street_Name":"Prospect","NN_Recommended":"Yes","Brown_Entity_Abbr":"BR1MACHADO","Brown_Description":"BIKE RACK 1 MACHADO","Brown_Site":"MAIN","LocationVerified":null,"AssetID":"200327"}},{"type":"Feature","id":36,"geometry":{"type":"Point","coordinates":[-71.4033850627377,41.8299876778861]},"properties":{"OBJECTID":36,"GlobalID_text":"{C1374D60-97C8-4E66-978E-469098EAA457}","NN_ID":36,"Spaces_Total":4,"Spaces_Fully_Meet_City_Requirem":4,"Spaces_Usable_per_NN":0,"Spaces_Substandard":0,"Spaces_Useable_Total":4,"Evaluation":"Meets Standards","Rack_Type":"Inverted U","Rack_Type_Other":null,"Inside_or_Outside":"Outdoors - Uncovered","Location_Outdoors":"Other","Too_Close_to_Wall":"No","Parking_Type":"Short Term Parking","Notes":null,"Within_50ft_of_entrance":"Yes","Securely_anchored":"Yes","Accessible_without_stairs":"Yes","Close_to_Street":"Yes","NotBlocking_Ped_Vehicles":"Yes","size2x6x7_5aisle":"Yes","Surfaced":"Yes","Lockable":"Yes","Signed":null,"Operations_Issues":null,"Meets_City_Reqmts":"Yes","Found_Added":"Found","Brown_Address_1":"111 BROWN ST","Brown_Address_2":"PROVIDENCE, RI 02912","Street_Name":"Brown","NN_Recommended":null,"Brown_Entity_Abbr":"BRBROWN111","Brown_Description":"BIKE RACK BROWN ST 111","Brown_Site":"MAIN","LocationVerified":null,"AssetID":"200266"}},{"type":"Feature","id":37,"geometry":{"type":"Point","coordinates":[-71.4032242139962,41.8291821922867]},"properties":{"OBJECTID":37,"GlobalID_text":"{B7124D27-A2B2-4C0C-979F-B6A3A464A151}","NN_ID":37,"Spaces_Total":11,"Spaces_Fully_Meet_City_Requirem":0,"Spaces_Usable_per_NN":0,"Spaces_Substandard":11,"Spaces_Useable_Total":0,"Evaluation":"Does Not Meet Standards","Rack_Type":"Schoolyard","Rack_Type_Other":null,"Inside_or_Outside":"Outdoors - Uncovered","Location_Outdoors":"Other","Too_Close_to_Wall":"No","Parking_Type":"Short Term Parking","Notes":null,"Within_50ft_of_entrance":"Yes","Securely_anchored":"No","Accessible_without_stairs":"Yes","Close_to_Street":"Yes","NotBlocking_Ped_Vehicles":"Yes","size2x6x7_5aisle":"?","Surfaced":"No","Lockable":"No","Signed":null,"Operations_Issues":"Not secured; not surfaced","Meets_City_Reqmts":"No","Found_Added":"Found","Brown_Address_1":"91 BROWN ST","Brown_Address_2":"PROVIDENCE, RI 02912","Street_Name":"Brown","NN_Recommended":null,"Brown_Entity_Abbr":"BRWESTHSE","Brown_Description":"BIKE RACK WEST HOUSE","Brown_Site":"MAIN","LocationVerified":null,"AssetID":"200395"}},{"type":"Feature","id":38,"geometry":{"type":"Point","coordinates":[-71.4027466300653,41.8295442260037]},"properties":{"OBJECTID":38,"GlobalID_text":"{7BE6F8E6-4EC2-4B9D-A38A-0AED1897ADB6}","NN_ID":38,"Spaces_Total":5,"Spaces_Fully_Meet_City_Requirem":5,"Spaces_Usable_per_NN":0,"Spaces_Substandard":0,"Spaces_Useable_Total":5,"Evaluation":"Meets Standards","Rack_Type":"Wave","Rack_Type_Other":null,"Inside_or_Outside":"Outdoors - Uncovered","Location_Outdoors":"Other","Too_Close_to_Wall":"No","Parking_Type":"Short Term Parking","Notes":null,"Within_50ft_of_entrance":"Yes","Securely_anchored":"Yes","Accessible_without_stairs":"Yes","Close_to_Street":"Yes","NotBlocking_Ped_Vehicles":"Yes","size2x6x7_5aisle":"Yes","Surfaced":"Yes","Lockable":"Yes","Signed":null,"Operations_Issues":null,"Meets_City_Reqmts":"Yes","Found_Added":"Added","Brown_Address_1":"95 Cushing St","Brown_Address_2":"PROVIDENCE, RI 02912","Street_Name":"Cushing","NN_Recommended":null,"Brown_Entity_Abbr":"BR3SMITHBU","Brown_Description":"BIKE RACK 3 SMITH-BUONANNO HALL","Brown_Site":"MAIN","LocationVerified":null,"AssetID":"200815"}},{"type":"Feature","id":39,"geometry":{"type":"Point","coordinates":[-71.4027080213727,41.8295462421269]},"properties":{"OBJECTID":39,"GlobalID_text":"{5B1AC2EE-7250-4E38-8490-B51778A8A1F9}","NN_ID":39,"Spaces_Total":5,"Spaces_Fully_Meet_City_Requirem":5,"Spaces_Usable_per_NN":0,"Spaces_Substandard":0,"Spaces_Useable_Total":5,"Evaluation":"Meets Standards","Rack_Type":"Wave","Rack_Type_Other":null,"Inside_or_Outside":"Outdoors - Uncovered","Location_Outdoors":"Other","Too_Close_to_Wall":"No","Parking_Type":"Short Term Parking","Notes":null,"Within_50ft_of_entrance":"Yes","Securely_anchored":"Yes","Accessible_without_stairs":"Yes","Close_to_Street":"Yes","NotBlocking_Ped_Vehicles":"Yes","size2x6x7_5aisle":"Yes","Surfaced":"Yes","Lockable":"Yes","Signed":null,"Operations_Issues":null,"Meets_City_Reqmts":"Yes","Found_Added":"Added","Brown_Address_1":"95 Cushing St","Brown_Address_2":"PROVIDENCE, RI 02912","Street_Name":"Cushing","NN_Recommended":null,"Brown_Entity_Abbr":"BR2SMITHBU","Brown_Description":"BIKE RACK 2 SMITH-BUONANNO HALL","Brown_Site":"MAIN","LocationVerified":null,"AssetID":"200814"}},{"type":"Feature","id":40,"geometry":{"type":"Point","coordinates":[-71.4026661131681,41.829550599684]},"properties":{"OBJECTID":40,"GlobalID_text":"{9D54EA1D-9E81-4C66-8C95-D9D95208BF78}","NN_ID":40,"Spaces_Total":5,"Spaces_Fully_Meet_City_Requirem":4,"Spaces_Usable_per_NN":0,"Spaces_Substandard":1,"Spaces_Useable_Total":4,"Evaluation":"Partially Meets Standards","Rack_Type":"Wave","Rack_Type_Other":null,"Inside_or_Outside":"Outdoors - Uncovered","Location_Outdoors":"Other","Too_Close_to_Wall":"No","Parking_Type":"Short Term Parking","Notes":null,"Within_50ft_of_entrance":"Yes","Securely_anchored":"Yes","Accessible_without_stairs":"Yes","Close_to_Street":"Yes","NotBlocking_Ped_Vehicles":"Yes","size2x6x7_5aisle":"Mostly","Surfaced":"Yes","Lockable":"Yes","Signed":null,"Operations_Issues":"Far right space blocked by bench (\u003c2ft.)","Meets_City_Reqmts":"Yes","Found_Added":"Found","Brown_Address_1":"95 CUSHING ST","Brown_Address_2":"PROVIDENCE, RI 02912","Street_Name":"Cushing","NN_Recommended":null,"Brown_Entity_Abbr":"BRSMITHBU","Brown_Description":"BIKE RACK SMITH-BUONANNO HALL","Brown_Site":"MAIN","LocationVerified":null,"AssetID":"200377"}},{"type":"Feature","id":41,"geometry":{"type":"Point","coordinates":[-71.4026300485043,41.8301430519891]},"properties":{"OBJECTID":41,"GlobalID_text":"{C5A83ACF-B20B-4E84-8737-135AA4CCD9FC}","NN_ID":41,"Spaces_Total":17,"Spaces_Fully_Meet_City_Requirem":17,"Spaces_Usable_per_NN":0,"Spaces_Substandard":0,"Spaces_Useable_Total":17,"Evaluation":"Meets Standards","Rack_Type":"Inverted U","Rack_Type_Other":null,"Inside_or_Outside":"Outdoors - Uncovered","Location_Outdoors":"On sidewalk","Too_Close_to_Wall":"Yes","Parking_Type":"Short Term Parking","Notes":null,"Within_50ft_of_entrance":"Yes","Securely_anchored":"Yes","Accessible_without_stairs":"Yes","Close_to_Street":"Yes","NotBlocking_Ped_Vehicles":"Yes","size2x6x7_5aisle":"Mostly","Surfaced":"Yes","Lockable":"Yes","Signed":null,"Operations_Issues":"Far right space too close to wall","Meets_City_Reqmts":"Mostly","Found_Added":"Found","Brown_Address_1":"98 CUSHING ST","Brown_Address_2":"PROVIDENCE, RI 02912","Street_Name":"Cushing","NN_Recommended":null,"Brown_Entity_Abbr":"BR1METCALF","Brown_Description":"BIKE RACK 1 METCALF HALL","Brown_Site":"MAIN","LocationVerified":null,"AssetID":"200335"}},{"type":"Feature","id":42,"geometry":{"type":"Point","coordinates":[-71.4023306022909,41.8301749722963]},"properties":{"OBJECTID":42,"GlobalID_text":"{ABA1CFB5-3C33-41FE-8F14-73909881A7F3}","NN_ID":42,"Spaces_Total":16,"Spaces_Fully_Meet_City_Requirem":16,"Spaces_Usable_per_NN":0,"Spaces_Substandard":0,"Spaces_Useable_Total":16,"Evaluation":"Meets Standards","Rack_Type":"Inverted U","Rack_Type_Other":null,"Inside_or_Outside":"Outdoors - Uncovered","Location_Outdoors":"On sidewalk","Too_Close_to_Wall":"Yes","Parking_Type":"Short Term Parking","Notes":null,"Within_50ft_of_entrance":"Yes","Securely_anchored":"Yes","Accessible_without_stairs":"Yes","Close_to_Street":"Yes","NotBlocking_Ped_Vehicles":"Yes","size2x6x7_5aisle":"Yes","Surfaced":"Yes","Lockable":"Yes","Signed":null,"Operations_Issues":null,"Meets_City_Reqmts":"Yes","Found_Added":"Found","Brown_Address_1":"118 CUSHING ST","Brown_Address_2":"PROVIDENCE, RI 02912","Street_Name":"Cushing","NN_Recommended":null,"Brown_Entity_Abbr":"BR1MILLER","Brown_Description":"BIKE RACK 1 MILLER HALL","Brown_Site":"MAIN","LocationVerified":null,"AssetID":"200340"}},{"type":"Feature","id":43,"geometry":{"type":"Point","coordinates":[-71.4019593204992,41.8293017525783]},"properties":{"OBJECTID":43,"GlobalID_text":"{14E6619D-5A65-41F2-9DD4-709777BB6D13}","NN_ID":43,"Spaces_Total":6,"Spaces_Fully_Meet_City_Requirem":5,"Spaces_Usable_per_NN":0,"Spaces_Substandard":1,"Spaces_Useable_Total":5,"Evaluation":"Partially Meets Standards","Rack_Type":"Wave","Rack_Type_Other":null,"Inside_or_Outside":"Outdoors - Uncovered","Location_Outdoors":"On sidewalk","Too_Close_to_Wall":"Yes","Parking_Type":"Short Term Parking","Notes":null,"Within_50ft_of_entrance":"Yes","Securely_anchored":"Yes","Accessible_without_stairs":"Yes","Close_to_Street":"Yes","NotBlocking_Ped_Vehicles":"Yes","size2x6x7_5aisle":"Mostly","Surfaced":"Yes","Lockable":"Yes","Signed":null,"Operations_Issues":"Far right spot not wide enough + blocked","Meets_City_Reqmts":"Mostly","Found_Added":"Found","Brown_Address_1":"200 MEETING ST","Brown_Address_2":"PROVIDENCE, RI 02912","Street_Name":"Meeting","NN_Recommended":null,"Brown_Entity_Abbr":"BR1EMERY","Brown_Description":"BIKE RACK 1 EMERY","Brown_Site":"MAIN","LocationVerified":null,"AssetID":"200280"}},{"type":"Feature","id":44,"geometry":{"type":"Point","coordinates":[-71.4016155567995,41.8293403468822]},"properties":{"OBJECTID":44,"GlobalID_text":"{E86F0071-BA06-48DE-BEDC-522C915C308B}","NN_ID":44,"Spaces_Total":4,"Spaces_Fully_Meet_City_Requirem":3,"Spaces_Usable_per_NN":0,"Spaces_Substandard":1,"Spaces_Useable_Total":3,"Evaluation":"Partially Meets Standards","Rack_Type":"Wave","Rack_Type_Other":null,"Inside_or_Outside":"Outdoors - Uncovered","Location_Outdoors":"On sidewalk","Too_Close_to_Wall":"Yes","Parking_Type":"Short Term Parking","Notes":null,"Within_50ft_of_entrance":"Yes","Securely_anchored":"Yes","Accessible_without_stairs":"Yes","Close_to_Street":"Yes","NotBlocking_Ped_Vehicles":"Yes","size2x6x7_5aisle":"Mostly","Surfaced":"Yes","Lockable":"Yes","Signed":null,"Operations_Issues":"Space against wall is too narrow","Meets_City_Reqmts":"Mostly","Found_Added":"Added","Brown_Address_1":"200 MEETING ST","Brown_Address_2":"PROVIDENCE, RI 02912","Street_Name":"Meeting","NN_Recommended":null,"Brown_Entity_Abbr":"BR6EMERY","Brown_Description":"BIKE RACK 6 EMERY","Brown_Site":"MAIN","LocationVerified":null,"AssetID":"200897"}},{"type":"Feature","id":45,"geometry":{"type":"Point","coordinates":[-71.4015696052778,41.8293476536787]},"properties":{"OBJECTID":45,"GlobalID_text":"{FAF30F65-0C56-49D9-A2E6-4DFE531FB0D9}","NN_ID":45,"Spaces_Total":4,"Spaces_Fully_Meet_City_Requirem":3,"Spaces_Usable_per_NN":0,"Spaces_Substandard":1,"Spaces_Useable_Total":3,"Evaluation":"Partially Meets Standards","Rack_Type":"Wave","Rack_Type_Other":null,"Inside_or_Outside":"Outdoors - Uncovered","Location_Outdoors":"On sidewalk","Too_Close_to_Wall":"Yes","Parking_Type":"Short Term Parking","Notes":null,"Within_50ft_of_entrance":"Yes","Securely_anchored":"Yes","Accessible_without_stairs":"Yes","Close_to_Street":"Yes","NotBlocking_Ped_Vehicles":"Yes","size2x6x7_5aisle":"Mostly","Surfaced":"Yes","Lockable":"Yes","Signed":null,"Operations_Issues":"Space against wall too narrow","Meets_City_Reqmts":"Mostly","Found_Added":"Added","Brown_Address_1":"200 MEETING ST","Brown_Address_2":"PROVIDENCE, RI 02912","Street_Name":"Meeting","NN_Recommended":null,"Brown_Entity_Abbr":"BR7EMERY","Brown_Description":"BIKE RACK 7 EMERY","Brown_Site":"MAIN","LocationVerified":null,"AssetID":"200898"}},{"type":"Feature","id":46,"geometry":{"type":"Point","coordinates":[-71.4016106978121,41.8292870573114]},"properties":{"OBJECTID":46,"GlobalID_text":"{3A835CA5-9588-411B-AEA7-8D2DD748BF00}","NN_ID":46,"Spaces_Total":6,"Spaces_Fully_Meet_City_Requirem":6,"Spaces_Usable_per_NN":0,"Spaces_Substandard":0,"Spaces_Useable_Total":6,"Evaluation":"Meets Standards","Rack_Type":"Wave","Rack_Type_Other":null,"Inside_or_Outside":"Outdoors - Uncovered","Location_Outdoors":"On sidewalk","Too_Close_to_Wall":"No","Parking_Type":"Short Term Parking","Notes":null,"Within_50ft_of_entrance":"Yes","Securely_anchored":"Yes","Accessible_without_stairs":"Yes","Close_to_Street":"Yes","NotBlocking_Ped_Vehicles":"Yes","size2x6x7_5aisle":"Yes","Surfaced":"Yes","Lockable":"Yes","Signed":null,"Operations_Issues":"Recommended updated surfacing","Meets_City_Reqmts":"Yes","Found_Added":"Found","Brown_Address_1":"200 MEETING ST","Brown_Address_2":"PROVIDENCE, RI 02912","Street_Name":"Meeting","NN_Recommended":null,"Brown_Entity_Abbr":"BR2EMERY","Brown_Description":"BIKE RACK 2 EMERY","Brown_Site":"MAIN","LocationVerified":null,"AssetID":"200281"}},{"type":"Feature","id":47,"geometry":{"type":"Point","coordinates":[-71.4013400246372,41.8301683811371]},"properties":{"OBJECTID":47,"GlobalID_text":"{3686EDA6-A155-4DDA-B6BA-B136C7E78D08}","NN_ID":47,"Spaces_Total":6,"Spaces_Fully_Meet_City_Requirem":0,"Spaces_Usable_per_NN":6,"Spaces_Substandard":0,"Spaces_Useable_Total":6,"Evaluation":"Meets Standards","Rack_Type":"Wave","Rack_Type_Other":null,"Inside_or_Outside":"Outdoors - Uncovered","Location_Outdoors":"Other","Too_Close_to_Wall":"No","Parking_Type":"Short Term Parking","Notes":null,"Within_50ft_of_entrance":"Yes","Securely_anchored":"Yes","Accessible_without_stairs":"Yes","Close_to_Street":"Yes","NotBlocking_Ped_Vehicles":"Yes","size2x6x7_5aisle":"Yes","Surfaced":"No","Lockable":"Yes","Signed":"No","Operations_Issues":"May need signage; Unpaved gravel surface ","Meets_City_Reqmts":"No","Found_Added":"Found","Brown_Address_1":"302 THAYER ST","Brown_Address_2":"PROVIDENCE, RI 02912","Street_Name":"Thayer","NN_Recommended":"Yes","Brown_Entity_Abbr":"BRNEWPEM1","Brown_Description":"BIKE RACK 1 NEW PEMBROKE","Brown_Site":"MAIN","LocationVerified":null,"AssetID":"200345"}},{"type":"Feature","id":48,"geometry":{"type":"Point","coordinates":[-71.4016102522477,41.8301473231585]},"properties":{"OBJECTID":48,"GlobalID_text":"{DC8E2A98-BC8D-4648-BDA1-7B88CED8EDE5}","NN_ID":48,"Spaces_Total":5,"Spaces_Fully_Meet_City_Requirem":5,"Spaces_Usable_per_NN":0,"Spaces_Substandard":0,"Spaces_Useable_Total":5,"Evaluation":"Meets Standards","Rack_Type":"Wave","Rack_Type_Other":null,"Inside_or_Outside":"Outdoors - Uncovered","Location_Outdoors":"Other","Too_Close_to_Wall":"No","Parking_Type":"Short Term Parking","Notes":null,"Within_50ft_of_entrance":"Yes","Securely_anchored":"Yes","Accessible_without_stairs":"Yes","Close_to_Street":"Yes","NotBlocking_Ped_Vehicles":"Yes","size2x6x7_5aisle":"Yes","Surfaced":"Mostly","Lockable":"Yes","Signed":null,"Operations_Issues":"Surface upgrade may be needed","Meets_City_Reqmts":"Yes","Found_Added":"Found","Brown_Address_1":"208 MEETING ST","Brown_Address_2":"PROVIDENCE, RI 02912","Street_Name":"Meeting","NN_Recommended":null,"Brown_Entity_Abbr":"BR1CHMPLIN","Brown_Description":"BIKE RACK 1 CHAMPLIN","Brown_Site":"MAIN","LocationVerified":null,"AssetID":"200269"}},{"type":"Feature","id":49,"geometry":{"type":"Point","coordinates":[-71.4014165664893,41.830451283631]},"properties":{"OBJECTID":49,"GlobalID_text":"{5A1E9E5E-464A-463C-B920-B3091D2F0C68}","NN_ID":49,"Spaces_Total":14,"Spaces_Fully_Meet_City_Requirem":0,"Spaces_Usable_per_NN":14,"Spaces_Substandard":0,"Spaces_Useable_Total":14,"Evaluation":"Meets Standards","Rack_Type":"Inverted U","Rack_Type_Other":null,"Inside_or_Outside":"Outdoors - Uncovered","Location_Outdoors":"Other","Too_Close_to_Wall":"Yes","Parking_Type":"Short Term Parking","Notes":null,"Within_50ft_of_entrance":"Yes","Securely_anchored":"Yes","Accessible_without_stairs":"Yes","Close_to_Street":"Unsure","NotBlocking_Ped_Vehicles":"Yes","size2x6x7_5aisle":"Mostly","Surfaced":"Mostly","Lockable":"Yes","Signed":"No","Operations_Issues":"Appears to be in a discrete area per photo; need signage; may be blocked by vehicle","Meets_City_Reqmts":"No","Found_Added":"Added","Brown_Address_1":"219 Bowen St","Brown_Address_2":"PROVIDENCE, RI 02912","Street_Name":"Bowen","NN_Recommended":"Yes","Brown_Entity_Abbr":"BRNEWPEM2","Brown_Description":"BIKE RACK NEW PEMBROKE 2","Brown_Site":"MAIN","LocationVerified":null,"AssetID":"200808"}},{"type":"Feature","id":50,"geometry":{"type":"Point","coordinates":[-71.4018977230201,41.8302374821825]},"properties":{"OBJECTID":50,"GlobalID_text":"{824F82DC-FFC4-47EB-861D-5A80DFE87726}","NN_ID":50,"Spaces_Total":10,"Spaces_Fully_Meet_City_Requirem":10,"Spaces_Usable_per_NN":0,"Spaces_Substandard":0,"Spaces_Useable_Total":10,"Evaluation":"Meets Standards","Rack_Type":"Inverted U","Rack_Type_Other":null,"Inside_or_Outside":"Outdoors - Uncovered","Location_Outdoors":"Other","Too_Close_to_Wall":"No","Parking_Type":"Short Term Parking","Notes":null,"Within_50ft_of_entrance":"Yes","Securely_anchored":"Yes","Accessible_without_stairs":"Yes","Close_to_Street":"Yes","NotBlocking_Ped_Vehicles":"Yes","size2x6x7_5aisle":"Yes","Surfaced":"Yes","Lockable":"Yes","Signed":null,"Operations_Issues":null,"Meets_City_Reqmts":"Yes","Found_Added":"Added","Brown_Address_1":"208 MEETING ST","Brown_Address_2":"PROVIDENCE, RI 02912","Street_Name":"Meeting","NN_Recommended":null,"Brown_Entity_Abbr":"BR4CHMPLIN","Brown_Description":"BIKE RACK 4 CHAMPLIN","Brown_Site":"MAIN","LocationVerified":null,"AssetID":"200809"}},{"type":"Feature","id":51,"geometry":{"type":"Point","coordinates":[-71.4008096781581,41.8306188870173]},"properties":{"OBJECTID":51,"GlobalID_text":"{0AA24C6A-2DBE-40C2-A5D0-0A0996A55B86}","NN_ID":51,"Spaces_Total":8,"Spaces_Fully_Meet_City_Requirem":8,"Spaces_Usable_per_NN":0,"Spaces_Substandard":0,"Spaces_Useable_Total":8,"Evaluation":"Meets Standards","Rack_Type":"Inverted U","Rack_Type_Other":null,"Inside_or_Outside":"Outdoors - Uncovered","Location_Outdoors":"Other","Too_Close_to_Wall":"Yes","Parking_Type":"Short Term Parking","Notes":null,"Within_50ft_of_entrance":"Yes","Securely_anchored":"Yes","Accessible_without_stairs":"Yes","Close_to_Street":"Yes","NotBlocking_Ped_Vehicles":"Yes","size2x6x7_5aisle":"Yes","Surfaced":"Yes","Lockable":"Yes","Signed":null,"Operations_Issues":null,"Meets_City_Reqmts":"Yes","Found_Added":"Found","Brown_Address_1":"315 THAYER ST","Brown_Address_2":"PROVIDENCE, RI 02912","Street_Name":"Thayer","NN_Recommended":null,"Brown_Entity_Abbr":"BRTHAY315","Brown_Description":"BIKE RACK THAYER 315","Brown_Site":"MAIN","LocationVerified":null,"AssetID":"200249"}},{"type":"Feature","id":52,"geometry":{"type":"Point","coordinates":[-71.3999557692934,41.8300468558891]},"properties":{"OBJECTID":52,"GlobalID_text":"{FC214EDD-E184-432F-886A-04F4EF256C3E}","NN_ID":52,"Spaces_Total":2,"Spaces_Fully_Meet_City_Requirem":2,"Spaces_Usable_per_NN":0,"Spaces_Substandard":0,"Spaces_Useable_Total":2,"Evaluation":"Meets Standards","Rack_Type":"Inverted U","Rack_Type_Other":null,"Inside_or_Outside":"Outdoors - Uncovered","Location_Outdoors":"On sidewalk","Too_Close_to_Wall":"No","Parking_Type":"Short Term Parking","Notes":null,"Within_50ft_of_entrance":"Yes","Securely_anchored":"Yes","Accessible_without_stairs":"Yes","Close_to_Street":"Yes","NotBlocking_Ped_Vehicles":"Yes","size2x6x7_5aisle":"Yes","Surfaced":"Yes","Lockable":"Yes","Signed":null,"Operations_Issues":null,"Meets_City_Reqmts":"Yes","Found_Added":"Added","Brown_Address_1":"450 Brook St","Brown_Address_2":"PROVIDENCE, RI 02912","Street_Name":"Brook","NN_Recommended":null,"Brown_Entity_Abbr":"BR1WLNSCNTR","Brown_Description":"BIKE RACK 1 WELLNESS CENTER","Brown_Site":"MAIN","LocationVerified":null,"AssetID":"200806"}},{"type":"Feature","id":53,"geometry":{"type":"Point","coordinates":[-71.3999557692934,41.8300468558891]},"properties":{"OBJECTID":53,"GlobalID_text":"{AAD36191-86FE-43BA-8FD5-5281B9F4D894}","NN_ID":53,"Spaces_Total":2,"Spaces_Fully_Meet_City_Requirem":2,"Spaces_Usable_per_NN":0,"Spaces_Substandard":0,"Spaces_Useable_Total":2,"Evaluation":"Meets Standards","Rack_Type":"Inverted U","Rack_Type_Other":null,"Inside_or_Outside":"Outdoors - Uncovered","Location_Outdoors":"On sidewalk","Too_Close_to_Wall":"No","Parking_Type":"Short Term Parking","Notes":null,"Within_50ft_of_entrance":"Yes","Securely_anchored":"Yes","Accessible_without_stairs":"Yes","Close_to_Street":"Yes","NotBlocking_Ped_Vehicles":"Yes","size2x6x7_5aisle":"Yes","Surfaced":"Yes","Lockable":"Yes","Signed":null,"Operations_Issues":null,"Meets_City_Reqmts":"Yes","Found_Added":"Added","Brown_Address_1":"Unsure","Brown_Address_2":null,"Street_Name":null,"NN_Recommended":null,"Brown_Entity_Abbr":null,"Brown_Description":null,"Brown_Site":null,"LocationVerified":null,"AssetID":"200918"}},{"type":"Feature","id":54,"geometry":{"type":"Point","coordinates":[-71.3984830990644,41.8311687817596]},"properties":{"OBJECTID":54,"GlobalID_text":"{1E1444FC-3F3E-4BBE-8303-084E6A81A6B1}","NN_ID":54,"Spaces_Total":7,"Spaces_Fully_Meet_City_Requirem":6,"Spaces_Usable_per_NN":0,"Spaces_Substandard":1,"Spaces_Useable_Total":6,"Evaluation":"Partially Meets Standards","Rack_Type":"Inverted U","Rack_Type_Other":null,"Inside_or_Outside":"Outdoors - Uncovered","Location_Outdoors":"On sidewalk","Too_Close_to_Wall":"No","Parking_Type":"Short Term Parking","Notes":null,"Within_50ft_of_entrance":"Yes","Securely_anchored":"Yes","Accessible_without_stairs":"Yes","Close_to_Street":"Yes","NotBlocking_Ped_Vehicles":"Yes","size2x6x7_5aisle":"Mostly","Surfaced":"Yes","Lockable":"Yes","Signed":null,"Operations_Issues":"Far left space may not meet req","Meets_City_Reqmts":"Mostly","Found_Added":"Found","Brown_Address_1":"235 HOPE ST","Brown_Address_2":"PROVIDENCE, RI 02912","Street_Name":"Hope","NN_Recommended":null,"Brown_Entity_Abbr":"BRMEEHAN","Brown_Description":"BIKE RACK MEEHAN","Brown_Site":"MAIN","LocationVerified":null,"AssetID":"200333"}},{"type":"Feature","id":55,"geometry":{"type":"Point","coordinates":[-71.3981066205187,41.8313421918421]},"properties":{"OBJECTID":55,"GlobalID_text":"{16C72D5E-0672-4787-B157-94EBBCA03475}","NN_ID":55,"Spaces_Total":20,"Spaces_Fully_Meet_City_Requirem":20,"Spaces_Usable_per_NN":0,"Spaces_Substandard":0,"Spaces_Useable_Total":20,"Evaluation":"Meets Standards","Rack_Type":"Inverted U","Rack_Type_Other":null,"Inside_or_Outside":"Outdoors - Uncovered","Location_Outdoors":null,"Too_Close_to_Wall":"No","Parking_Type":"Short Term Parking","Notes":null,"Within_50ft_of_entrance":"Yes","Securely_anchored":"Yes","Accessible_without_stairs":"Yes","Close_to_Street":"Yes","NotBlocking_Ped_Vehicles":"Yes","size2x6x7_5aisle":"Yes","Surfaced":"Yes","Lockable":"Yes","Signed":null,"Operations_Issues":null,"Meets_City_Reqmts":"Yes","Found_Added":"Found","Brown_Address_1":"233 HOPE ST","Brown_Address_2":"PROVIDENCE, RI 02912","Street_Name":"Hope","NN_Recommended":null,"Brown_Entity_Abbr":"BRPIZZITOL","Brown_Description":"BIKE RACK PIZZITOLA","Brown_Site":"MAIN","LocationVerified":null,"AssetID":"200352"}},{"type":"Feature","id":56,"geometry":{"type":"Point","coordinates":[-71.3976888670807,41.8305676781905]},"properties":{"OBJECTID":56,"GlobalID_text":"{192DFEF4-1C9D-48E9-93A3-2910AEBA1C9D}","NN_ID":56,"Spaces_Total":14,"Spaces_Fully_Meet_City_Requirem":14,"Spaces_Usable_per_NN":0,"Spaces_Substandard":0,"Spaces_Useable_Total":14,"Evaluation":"Meets Standards","Rack_Type":"Inverted U","Rack_Type_Other":null,"Inside_or_Outside":"Outdoors - Uncovered","Location_Outdoors":"On sidewalk","Too_Close_to_Wall":"No","Parking_Type":"Short Term Parking","Notes":null,"Within_50ft_of_entrance":"Yes","Securely_anchored":"Yes","Accessible_without_stairs":"Yes","Close_to_Street":"Yes","NotBlocking_Ped_Vehicles":"Yes","size2x6x7_5aisle":"Yes","Surfaced":"Yes","Lockable":"Yes","Signed":null,"Operations_Issues":null,"Meets_City_Reqmts":"Yes","Found_Added":"Found","Brown_Address_1":"229 HOPE ST","Brown_Address_2":"PROVIDENCE, RI 02912","Street_Name":"Hope","NN_Recommended":null,"Brown_Entity_Abbr":"BROMAC","Brown_Description":"BIKE RACK OLNEY-MARGOLIES CTR","Brown_Site":"MAIN","LocationVerified":null,"AssetID":"200349"}},{"type":"Feature","id":57,"geometry":{"type":"Point","coordinates":[-71.3979080012128,41.8304031590565]},"properties":{"OBJECTID":57,"GlobalID_text":"{EC5D39E1-82AA-4D0E-90DA-6CB4819A7EC8}","NN_ID":57,"Spaces_Total":18,"Spaces_Fully_Meet_City_Requirem":18,"Spaces_Usable_per_NN":0,"Spaces_Substandard":0,"Spaces_Useable_Total":18,"Evaluation":"Meets Standards","Rack_Type":"Inverted U","Rack_Type_Other":null,"Inside_or_Outside":"Outdoors - Uncovered","Location_Outdoors":"Other","Too_Close_to_Wall":"No","Parking_Type":"Short Term Parking","Notes":null,"Within_50ft_of_entrance":"Yes","Securely_anchored":"Yes","Accessible_without_stairs":"Yes","Close_to_Street":"Yes","NotBlocking_Ped_Vehicles":"Yes","size2x6x7_5aisle":"Yes","Surfaced":"Yes","Lockable":"Yes","Signed":null,"Operations_Issues":null,"Meets_City_Reqmts":"Yes","Found_Added":"Found","Brown_Address_1":"225 HOPE ST","Brown_Address_2":"PROVIDENCE RI 02912","Street_Name":"Hope","NN_Recommended":null,"Brown_Entity_Abbr":"BR1NELSONF","Brown_Description":"BIKE RACK 1 NELSON FITNESS","Brown_Site":"MAIN","LocationVerified":null,"AssetID":"200343"}},{"type":"Feature","id":58,"geometry":{"type":"Point","coordinates":[-71.3968320961835,41.8305422354105]},"properties":{"OBJECTID":58,"GlobalID_text":"{9B4BF3CD-A7F7-4768-93DE-89EB2CB7A0F6}","NN_ID":58,"Spaces_Total":14,"Spaces_Fully_Meet_City_Requirem":14,"Spaces_Usable_per_NN":0,"Spaces_Substandard":0,"Spaces_Useable_Total":14,"Evaluation":"Meets Standards","Rack_Type":"Inverted U","Rack_Type_Other":null,"Inside_or_Outside":"Outdoors - Uncovered","Location_Outdoors":"Other","Too_Close_to_Wall":"No","Parking_Type":"Short Term Parking","Notes":null,"Within_50ft_of_entrance":"Yes","Securely_anchored":"Yes","Accessible_without_stairs":"Yes","Close_to_Street":"Yes","NotBlocking_Ped_Vehicles":"Yes","size2x6x7_5aisle":"Yes","Surfaced":"Yes","Lockable":"Yes","Signed":null,"Operations_Issues":null,"Meets_City_Reqmts":"Yes","Found_Added":"Found","Brown_Address_1":"225 HOPE ST","Brown_Address_2":"PROVIDENCE RI 02912","Street_Name":"Hope","NN_Recommended":null,"Brown_Entity_Abbr":"BR2NELSONF","Brown_Description":"BIKE RACK 2 NELSON FITNESS","Brown_Site":"MAIN","LocationVerified":null,"AssetID":"200344"}},{"type":"Feature","id":59,"geometry":{"type":"Point","coordinates":[-71.3969534010862,41.8311372582013]},"properties":{"OBJECTID":59,"GlobalID_text":"{9A2762ED-4CF1-40D7-ABA9-83184C1B6D49}","NN_ID":59,"Spaces_Total":11,"Spaces_Fully_Meet_City_Requirem":11,"Spaces_Usable_per_NN":0,"Spaces_Substandard":0,"Spaces_Useable_Total":11,"Evaluation":"Meets Standards","Rack_Type":"Schoolyard","Rack_Type_Other":null,"Inside_or_Outside":"Outdoors - Uncovered","Location_Outdoors":"Other","Too_Close_to_Wall":"Yes","Parking_Type":"Short Term Parking","Notes":null,"Within_50ft_of_entrance":"Yes","Securely_anchored":"No","Accessible_without_stairs":"Yes","Close_to_Street":"Yes","NotBlocking_Ped_Vehicles":"Yes","size2x6x7_5aisle":"No","Surfaced":"Yes","Lockable":"No","Signed":null,"Operations_Issues":"Needs to be secured; signage maybe necessary","Meets_City_Reqmts":"No","Found_Added":"Added","Brown_Address_1":"235 Hope St","Brown_Address_2":"PROVIDENCE, RI 02912","Street_Name":"Hope","NN_Recommended":null,"Brown_Entity_Abbr":"BR2OMAC","Brown_Description":"BIKE RACK 2 OLNEY-MARGOLIES CTR","Brown_Site":"MAIN","LocationVerified":null,"AssetID":"200802"}},{"type":"Feature","id":60,"geometry":{"type":"Point","coordinates":[-71.3962809195696,41.8312549574071]},"properties":{"OBJECTID":60,"GlobalID_text":"{AF8CC06B-D1E9-4D55-BFEB-EE76A86FDE52}","NN_ID":60,"Spaces_Total":22,"Spaces_Fully_Meet_City_Requirem":0,"Spaces_Usable_per_NN":22,"Spaces_Substandard":0,"Spaces_Useable_Total":22,"Evaluation":"Meets Standards","Rack_Type":"Inverted U","Rack_Type_Other":null,"Inside_or_Outside":"Outdoors - Uncovered","Location_Outdoors":"Other","Too_Close_to_Wall":"No","Parking_Type":"Short Term Parking","Notes":null,"Within_50ft_of_entrance":"No","Securely_anchored":"Yes","Accessible_without_stairs":"Yes","Close_to_Street":"Yes","NotBlocking_Ped_Vehicles":"Yes","size2x6x7_5aisle":"Yes","Surfaced":"Yes","Lockable":"Yes","Signed":null,"Operations_Issues":"Not close enough to building entrance; need signage","Meets_City_Reqmts":"No","Found_Added":"Added","Brown_Address_1":"235 Hope St","Brown_Address_2":"PROVIDENCE, RI 02912","Street_Name":"Hope","NN_Recommended":"Yes","Brown_Entity_Abbr":"BRMEISTRFLD","Brown_Description":"BIKE RACK MEISTER FIELD","Brown_Site":"MAIN","LocationVerified":null,"AssetID":"200801"}},{"type":"Feature","id":61,"geometry":{"type":"Point","coordinates":[-71.3978765017873,41.829845110951]},"properties":{"OBJECTID":61,"GlobalID_text":"{59019A54-5A19-4658-92EB-9C54EBCB0B3F}","NN_ID":61,"Spaces_Total":10,"Spaces_Fully_Meet_City_Requirem":10,"Spaces_Usable_per_NN":0,"Spaces_Substandard":0,"Spaces_Useable_Total":10,"Evaluation":"Meets Standards","Rack_Type":"Inverted U","Rack_Type_Other":null,"Inside_or_Outside":"Outdoors - Uncovered","Location_Outdoors":"Other","Too_Close_to_Wall":"No","Parking_Type":"Short Term Parking","Notes":"Hidden behind dumpster","Within_50ft_of_entrance":"Yes","Securely_anchored":"Yes","Accessible_without_stairs":"Yes","Close_to_Street":"Yes","NotBlocking_Ped_Vehicles":"Yes","size2x6x7_5aisle":"Yes","Surfaced":"Yes","Lockable":"Yes","Signed":null,"Operations_Issues":null,"Meets_City_Reqmts":"Yes","Found_Added":"Found","Brown_Address_1":"2 STIMSON AVE","Brown_Address_2":"PROVIDENCE, RI 02912","Street_Name":"Stimson","NN_Recommended":null,"Brown_Entity_Abbr":"BRSTIMSON2","Brown_Description":"BIKE RACK STIMSON 002","Brown_Site":"MAIN","LocationVerified":null,"AssetID":"200378"}},{"type":"Feature","id":62,"geometry":{"type":"Point","coordinates":[-71.3998496108847,41.8292986199445]},"properties":{"OBJECTID":62,"GlobalID_text":"{0123C693-2E47-467F-8FB2-430DA9BEF7C6}","NN_ID":62,"Spaces_Total":4,"Spaces_Fully_Meet_City_Requirem":4,"Spaces_Usable_per_NN":0,"Spaces_Substandard":0,"Spaces_Useable_Total":4,"Evaluation":"Meets Standards","Rack_Type":"Inverted U","Rack_Type_Other":null,"Inside_or_Outside":"Outdoors - Uncovered","Location_Outdoors":"On sidewalk","Too_Close_to_Wall":"No","Parking_Type":"Short Term Parking","Notes":"Semi covered due to bldg. overhang","Within_50ft_of_entrance":"Yes","Securely_anchored":"Yes","Accessible_without_stairs":"Yes","Close_to_Street":"Yes","NotBlocking_Ped_Vehicles":"Yes","size2x6x7_5aisle":"Yes","Surfaced":"Yes","Lockable":"Yes","Signed":null,"Operations_Issues":null,"Meets_City_Reqmts":"Yes","Found_Added":"Added","Brown_Address_1":"242 Meeting St","Brown_Address_2":"PROVIDENCE, RI 02912","Street_Name":"Meeting","NN_Recommended":null,"Brown_Entity_Abbr":"BR1MTG242","Brown_Description":"BIKE RACK 1 MEETING 242","Brown_Site":"MAIN","LocationVerified":null,"AssetID":"200803"}},{"type":"Feature","id":63,"geometry":{"type":"Point","coordinates":[-71.3998981863854,41.829298854892]},"properties":{"OBJECTID":63,"GlobalID_text":"{2546C44F-36F2-47F9-BF42-E66B0DA36EFF}","NN_ID":63,"Spaces_Total":8,"Spaces_Fully_Meet_City_Requirem":8,"Spaces_Usable_per_NN":0,"Spaces_Substandard":0,"Spaces_Useable_Total":8,"Evaluation":"Meets Standards","Rack_Type":"Inverted U","Rack_Type_Other":null,"Inside_or_Outside":"Outdoors - Uncovered","Location_Outdoors":"On sidewalk","Too_Close_to_Wall":"No","Parking_Type":"Short Term Parking","Notes":null,"Within_50ft_of_entrance":"Yes","Securely_anchored":"Yes","Accessible_without_stairs":"Yes","Close_to_Street":"Yes","NotBlocking_Ped_Vehicles":"Yes","size2x6x7_5aisle":"Yes","Surfaced":"Yes","Lockable":"Yes","Signed":null,"Operations_Issues":null,"Meets_City_Reqmts":"Yes","Found_Added":"Added","Brown_Address_1":"242 Meeting St","Brown_Address_2":"PROVIDENCE, RI 02912","Street_Name":"Meeting","NN_Recommended":null,"Brown_Entity_Abbr":"BR2MTG242","Brown_Description":"BIKE RACK 2 MEETING 242","Brown_Site":"MAIN","LocationVerified":null,"AssetID":"200804"}},{"type":"Feature","id":64,"geometry":{"type":"Point","coordinates":[-71.4017081901733,41.8285615899459]},"properties":{"OBJECTID":64,"GlobalID_text":"{C4A74CE7-619F-4304-AF34-B024842C9C09}","NN_ID":64,"Spaces_Total":6,"Spaces_Fully_Meet_City_Requirem":6,"Spaces_Usable_per_NN":0,"Spaces_Substandard":0,"Spaces_Useable_Total":6,"Evaluation":"Meets Standards","Rack_Type":"Inverted U","Rack_Type_Other":null,"Inside_or_Outside":"Outdoors - Uncovered","Location_Outdoors":"Other","Too_Close_to_Wall":"Yes","Parking_Type":"Short Term Parking","Notes":null,"Within_50ft_of_entrance":"Yes","Securely_anchored":"Yes","Accessible_without_stairs":"Yes","Close_to_Street":"Yes","NotBlocking_Ped_Vehicles":"Yes","size2x6x7_5aisle":"Yes","Surfaced":"Yes","Lockable":"Yes","Signed":null,"Operations_Issues":null,"Meets_City_Reqmts":"Yes","Found_Added":"Found","Brown_Address_1":"185 MEETING ST","Brown_Address_2":"PROVIDENCE, RI 02912","Street_Name":"Meeting","NN_Recommended":null,"Brown_Entity_Abbr":"BR2SFRANK","Brown_Description":"BIKE RACK 2 S FRANK HALL LSB","Brown_Site":"MAIN","LocationVerified":"Yes","AssetID":"200371"}},{"type":"Feature","id":65,"geometry":{"type":"Point","coordinates":[-71.4019784824625,41.8285983700244]},"properties":{"OBJECTID":65,"GlobalID_text":"{39D1A7C3-A9A6-4D07-A33E-C136C1F56FB8}","NN_ID":65,"Spaces_Total":34,"Spaces_Fully_Meet_City_Requirem":34,"Spaces_Usable_per_NN":0,"Spaces_Substandard":0,"Spaces_Useable_Total":34,"Evaluation":"Meets Standards","Rack_Type":"Inverted U","Rack_Type_Other":null,"Inside_or_Outside":"Outdoors - Covered","Location_Outdoors":"Other","Too_Close_to_Wall":"Yes","Parking_Type":"Long Term Parking","Notes":null,"Within_50ft_of_entrance":"Yes","Securely_anchored":"Yes","Accessible_without_stairs":"Yes","Close_to_Street":"Yes","NotBlocking_Ped_Vehicles":"Yes","size2x6x7_5aisle":"Yes","Surfaced":"Yes","Lockable":"Yes","Signed":null,"Operations_Issues":null,"Meets_City_Reqmts":"Yes","Found_Added":"Added","Brown_Address_1":"185 MEETING ST","Brown_Address_2":"PROVIDENCE, RI 02912","Street_Name":"Meeting","NN_Recommended":null,"Brown_Entity_Abbr":"BR1GRIMSHAW","Brown_Description":"BIKE RACK 1 GRIMSHAW","Brown_Site":"MAIN","LocationVerified":"No","AssetID":"200817"}},{"type":"Feature","id":66,"geometry":{"type":"Point","coordinates":[-71.4019921584144,41.8287515740489]},"properties":{"OBJECTID":66,"GlobalID_text":"{06411277-4822-4758-9128-DB9E35782FAA}","NN_ID":66,"Spaces_Total":4,"Spaces_Fully_Meet_City_Requirem":4,"Spaces_Usable_per_NN":0,"Spaces_Substandard":0,"Spaces_Useable_Total":4,"Evaluation":"Meets Standards","Rack_Type":"Inverted U","Rack_Type_Other":null,"Inside_or_Outside":"Outdoors - Covered","Location_Outdoors":"Other","Too_Close_to_Wall":"Yes","Parking_Type":"Long Term Parking","Notes":null,"Within_50ft_of_entrance":"Yes","Securely_anchored":"Yes","Accessible_without_stairs":"Yes","Close_to_Street":"Yes","NotBlocking_Ped_Vehicles":"Yes","size2x6x7_5aisle":"Yes","Surfaced":"Yes","Lockable":"Yes","Signed":null,"Operations_Issues":"Signage may be helpful","Meets_City_Reqmts":"Yes","Found_Added":"Added","Brown_Address_1":"185 Meeting St","Brown_Address_2":"PROVIDENCE, RI 02912","Street_Name":"Meeting","NN_Recommended":null,"Brown_Entity_Abbr":"BR2GRIMSHAW","Brown_Description":"BIKE RACK 2 GRIMSHAW","Brown_Site":"MAIN","LocationVerified":null,"AssetID":"200816"}},{"type":"Feature","id":67,"geometry":{"type":"Point","coordinates":[-71.4027573882891,41.8289403681176]},"properties":{"OBJECTID":67,"GlobalID_text":"{80427346-AB31-48B8-B55E-91E803F56C20}","NN_ID":67,"Spaces_Total":16,"Spaces_Fully_Meet_City_Requirem":16,"Spaces_Usable_per_NN":0,"Spaces_Substandard":0,"Spaces_Useable_Total":16,"Evaluation":"Meets Standards","Rack_Type":"Inverted U","Rack_Type_Other":null,"Inside_or_Outside":"Outdoors - Uncovered","Location_Outdoors":"On sidewalk","Too_Close_to_Wall":"No","Parking_Type":"Short Term Parking","Notes":null,"Within_50ft_of_entrance":"Yes","Securely_anchored":"Yes","Accessible_without_stairs":"Yes","Close_to_Street":"Yes","NotBlocking_Ped_Vehicles":"Yes","size2x6x7_5aisle":"Yes","Surfaced":"Yes","Lockable":"Yes","Signed":null,"Operations_Issues":null,"Meets_City_Reqmts":"Yes","Found_Added":"Found","Brown_Address_1":"171 MEETING ST","Brown_Address_2":"PROVIDENCE, RI 02912","Street_Name":"Meeting","NN_Recommended":null,"Brown_Entity_Abbr":"BR2BIOMDCR","Brown_Description":"BIKE RACK 2 BIOMED CTR","Brown_Site":"MAIN","LocationVerified":null,"AssetID":"200263"}},{"type":"Feature","id":68,"geometry":{"type":"Point","coordinates":[-71.4031516471892,41.8288714115949]},"properties":{"OBJECTID":68,"GlobalID_text":"{00AFE2D4-0692-42DE-9B10-C72C28D42D60}","NN_ID":68,"Spaces_Total":10,"Spaces_Fully_Meet_City_Requirem":6,"Spaces_Usable_per_NN":0,"Spaces_Substandard":4,"Spaces_Useable_Total":6,"Evaluation":"Partially Meets Standards","Rack_Type":"Schoolyard","Rack_Type_Other":null,"Inside_or_Outside":"Outdoors - Uncovered","Location_Outdoors":"Other","Too_Close_to_Wall":"Yes","Parking_Type":"Short Term Parking","Notes":null,"Within_50ft_of_entrance":"Yes","Securely_anchored":"No","Accessible_without_stairs":"?","Close_to_Street":"Yes","NotBlocking_Ped_Vehicles":"Yes","size2x6x7_5aisle":"Yes","Surfaced":"Yes","Lockable":"Yes","Signed":null,"Operations_Issues":"Not securely anchored, too close to wall","Meets_City_Reqmts":"No","Found_Added":"Found","Brown_Address_1":"171 MEETING ST","Brown_Address_2":"PROVIDENCE, RI 02912","Street_Name":"Meeting","NN_Recommended":null,"Brown_Entity_Abbr":"BR1BIOMDCR","Brown_Description":"BIKE RACK 1 BIOMED CTR","Brown_Site":"MAIN","LocationVerified":null,"AssetID":"200262"}},{"type":"Feature","id":69,"geometry":{"type":"Point","coordinates":[-71.4033187760529,41.828082029258]},"properties":{"OBJECTID":69,"GlobalID_text":"{9ED7F843-3626-4730-9768-341E008EA9A5}","NN_ID":69,"Spaces_Total":4,"Spaces_Fully_Meet_City_Requirem":0,"Spaces_Usable_per_NN":0,"Spaces_Substandard":4,"Spaces_Useable_Total":0,"Evaluation":"Does Not Meet Standards","Rack_Type":"Other","Rack_Type_Other":"Unsure","Inside_or_Outside":"Outdoors - Uncovered","Location_Outdoors":"On sidewalk","Too_Close_to_Wall":"No","Parking_Type":"Short Term Parking","Notes":null,"Within_50ft_of_entrance":"Yes","Securely_anchored":"Yes","Accessible_without_stairs":"Yes","Close_to_Street":"Yes","NotBlocking_Ped_Vehicles":"Yes","size2x6x7_5aisle":"Yes","Surfaced":"Yes","Lockable":"Yes","Signed":null,"Operations_Issues":"Requires bike to be lifted; Signage would be helpful to point out that this is a bike rack","Meets_City_Reqmts":"No","Found_Added":"Found","Brown_Address_1":"80 BROWN ST","Brown_Address_2":"PROVIDENCE, RI 02906","Street_Name":"Brown","NN_Recommended":null,"Brown_Entity_Abbr":"BRHILLELHS","Brown_Description":"BIKE RACK HILLEL HOUSE","Brown_Site":"MAIN","LocationVerified":null,"AssetID":"200304"}},{"type":"Feature","id":70,"geometry":{"type":"Point","coordinates":[-71.4029985275524,41.8275936565537]},"properties":{"OBJECTID":70,"GlobalID_text":"{C23DDF7F-584F-4870-A143-4FBEEC90253E}","NN_ID":70,"Spaces_Total":30,"Spaces_Fully_Meet_City_Requirem":30,"Spaces_Usable_per_NN":0,"Spaces_Substandard":0,"Spaces_Useable_Total":30,"Evaluation":"Meets Standards","Rack_Type":"Inverted U","Rack_Type_Other":null,"Inside_or_Outside":"Outdoors - Uncovered","Location_Outdoors":"On sidewalk","Too_Close_to_Wall":"No","Parking_Type":"Short Term Parking","Notes":null,"Within_50ft_of_entrance":"Yes","Securely_anchored":"Yes","Accessible_without_stairs":"Yes","Close_to_Street":"Yes","NotBlocking_Ped_Vehicles":"Yes","size2x6x7_5aisle":"Yes","Surfaced":"Yes","Lockable":"Yes","Signed":null,"Operations_Issues":null,"Meets_City_Reqmts":"Yes","Found_Added":"Found","Brown_Address_1":"69 BROWN ST","Brown_Address_2":"PROVIDENCE, RI 02912","Street_Name":"Brown","NN_Recommended":null,"Brown_Entity_Abbr":"BR1JWWILSN","Brown_Description":"BIKE RACK 1 J WALTER WILSON","Brown_Site":"MAIN","LocationVerified":null,"AssetID":"200308"}},{"type":"Feature","id":71,"geometry":{"type":"Point","coordinates":[-71.401037966123,41.8281628868359]},"properties":{"OBJECTID":71,"GlobalID_text":"{ABF7F861-F4C9-43AF-A643-AA972E2B10A9}","NN_ID":71,"Spaces_Total":40,"Spaces_Fully_Meet_City_Requirem":40,"Spaces_Usable_per_NN":0,"Spaces_Substandard":0,"Spaces_Useable_Total":40,"Evaluation":"Meets Standards","Rack_Type":"Inverted U","Rack_Type_Other":null,"Inside_or_Outside":"Outdoors - Uncovered","Location_Outdoors":"On sidewalk","Too_Close_to_Wall":"Yes","Parking_Type":"Short Term Parking","Notes":null,"Within_50ft_of_entrance":"Yes","Securely_anchored":"Yes","Accessible_without_stairs":"Yes","Close_to_Street":"Yes","NotBlocking_Ped_Vehicles":"Yes","size2x6x7_5aisle":"Yes","Surfaced":"Yes","Lockable":"Yes","Signed":null,"Operations_Issues":null,"Meets_City_Reqmts":"Yes","Found_Added":"Found","Brown_Address_1":"164 ANGELL ST","Brown_Address_2":"PROVIDENCE, RI 02912","Street_Name":"Angell","NN_Recommended":null,"Brown_Entity_Abbr":"BR2BOB","Brown_Description":"BIKE RACK 2 BROWN OFFICE BLDG","Brown_Site":"MAIN","LocationVerified":null,"AssetID":"200265"}},{"type":"Feature","id":72,"geometry":{"type":"Point","coordinates":[-71.4021879830615,41.8277550167296]},"properties":{"OBJECTID":72,"GlobalID_text":"{75B3EC56-A6C0-4CD7-A717-902EA342421E}","NN_ID":72,"Spaces_Total":10,"Spaces_Fully_Meet_City_Requirem":0,"Spaces_Usable_per_NN":10,"Spaces_Substandard":0,"Spaces_Useable_Total":10,"Evaluation":"Meets Standards","Rack_Type":"Inverted U","Rack_Type_Other":null,"Inside_or_Outside":"Outdoors - Uncovered","Location_Outdoors":"Other","Too_Close_to_Wall":"Yes","Parking_Type":"Short Term Parking","Notes":null,"Within_50ft_of_entrance":"Yes","Securely_anchored":"Yes","Accessible_without_stairs":"Yes","Close_to_Street":"Yes","NotBlocking_Ped_Vehicles":"Yes","size2x6x7_5aisle":"Yes","Surfaced":"No - gravel","Lockable":"Yes","Signed":null,"Operations_Issues":"May need to be properly surfaced ","Meets_City_Reqmts":"No","Found_Added":"Found","Brown_Address_1":"135 ANGELL ST","Brown_Address_2":"PROVIDENCE, RI 02912","Street_Name":"Angell","NN_Recommended":"Yes","Brown_Entity_Abbr":"BRUEL","Brown_Description":"BIKE RACK UEL","Brown_Site":"MAIN","LocationVerified":null,"AssetID":"200379"}},{"type":"Feature","id":73,"geometry":{"type":"Point","coordinates":[-71.4023915035756,41.827479816316]},"properties":{"OBJECTID":73,"GlobalID_text":"{512C8750-2B40-4198-BE87-8D1800C14D71}","NN_ID":73,"Spaces_Total":6,"Spaces_Fully_Meet_City_Requirem":6,"Spaces_Usable_per_NN":0,"Spaces_Substandard":0,"Spaces_Useable_Total":6,"Evaluation":"Meets Standards","Rack_Type":"Post & Ring","Rack_Type_Other":null,"Inside_or_Outside":"Outdoors - Uncovered","Location_Outdoors":"Other","Too_Close_to_Wall":"No","Parking_Type":"Short Term Parking","Notes":null,"Within_50ft_of_entrance":"Yes","Securely_anchored":"Yes","Accessible_without_stairs":"Yes","Close_to_Street":"Yes","NotBlocking_Ped_Vehicles":"Yes","size2x6x7_5aisle":"Yes","Surfaced":"Yes","Lockable":"Yes","Signed":null,"Operations_Issues":null,"Meets_City_Reqmts":"Yes","Found_Added":"Added","Brown_Address_1":"82 Waterman St","Brown_Address_2":"PROVIDENCE, RI 02912","Street_Name":"Waterman","NN_Recommended":null,"Brown_Entity_Abbr":"BR2NORWOOD","Brown_Description":"BIKE RACK 2 NORWOOD HOUSE","Brown_Site":"MAIN","LocationVerified":null,"AssetID":"200819"}},{"type":"Feature","id":74,"geometry":{"type":"Point","coordinates":[-71.4023736154234,41.8273740520225]},"properties":{"OBJECTID":74,"GlobalID_text":"{92557F87-1B24-447C-ABA8-E4D04D43FED4}","NN_ID":74,"Spaces_Total":7,"Spaces_Fully_Meet_City_Requirem":0,"Spaces_Usable_per_NN":0,"Spaces_Substandard":7,"Spaces_Useable_Total":0,"Evaluation":"Does Not Meet Standards","Rack_Type":"Schoolyard","Rack_Type_Other":null,"Inside_or_Outside":"Outdoors - Uncovered","Location_Outdoors":"Other","Too_Close_to_Wall":"Yes","Parking_Type":"Short Term Parking","Notes":null,"Within_50ft_of_entrance":"Yes","Securely_anchored":"No","Accessible_without_stairs":"Yes","Close_to_Street":"Yes","NotBlocking_Ped_Vehicles":"Yes","size2x6x7_5aisle":"Yes","Surfaced":"Yes","Lockable":"No","Signed":null,"Operations_Issues":"Needs to be secured","Meets_City_Reqmts":"No","Found_Added":"Found","Brown_Address_1":"82 WATERMAN ST","Brown_Address_2":"PROVIDENCE, RI 02912","Street_Name":"Waterman","NN_Recommended":null,"Brown_Entity_Abbr":"BRNORWOOD","Brown_Description":"BIKE RACK NORWOOD HOUSE","Brown_Site":"MAIN","LocationVerified":null,"AssetID":"200347"}},{"type":"Feature","id":75,"geometry":{"type":"Point","coordinates":[-71.4024383902436,41.8273232435709]},"properties":{"OBJECTID":75,"GlobalID_text":"{039DAF33-DDF0-4FB9-B03A-EA3F2EB03752}","NN_ID":75,"Spaces_Total":10,"Spaces_Fully_Meet_City_Requirem":0,"Spaces_Usable_per_NN":0,"Spaces_Substandard":10,"Spaces_Useable_Total":0,"Evaluation":"Does Not Meet Standards","Rack_Type":"Schoolyard","Rack_Type_Other":null,"Inside_or_Outside":"Outdoors - Uncovered","Location_Outdoors":"Other","Too_Close_to_Wall":"No","Parking_Type":"Short Term Parking","Notes":null,"Within_50ft_of_entrance":"Yes","Securely_anchored":"No","Accessible_without_stairs":"Yes","Close_to_Street":"Yes","NotBlocking_Ped_Vehicles":"Yes","size2x6x7_5aisle":"Yes","Surfaced":"No","Lockable":"No","Signed":null,"Operations_Issues":"Not secured; not properly surfaced","Meets_City_Reqmts":"No","Found_Added":"Found","Brown_Address_1":"80 WATERMAN ST","Brown_Address_2":"PROVIDENCE, RI 02912","Street_Name":"Waterman","NN_Recommended":null,"Brown_Entity_Abbr":"BR2WALTER","Brown_Description":"BIKE RACK WALTER HALL","Brown_Site":"MAIN","LocationVerified":null,"AssetID":"200388"}},{"type":"Feature","id":76,"geometry":{"type":"Point","coordinates":[-71.4026372538913,41.8271606238562]},"properties":{"OBJECTID":76,"GlobalID_text":"{A71C28E8-78AE-4493-A8FF-47FCC1150D42}","NN_ID":76,"Spaces_Total":4,"Spaces_Fully_Meet_City_Requirem":3,"Spaces_Usable_per_NN":0,"Spaces_Substandard":1,"Spaces_Useable_Total":3,"Evaluation":"Partially Meets Standards","Rack_Type":"Inverted U","Rack_Type_Other":null,"Inside_or_Outside":"Outdoors - Uncovered","Location_Outdoors":"On sidewalk","Too_Close_to_Wall":"No","Parking_Type":"Short Term Parking","Notes":null,"Within_50ft_of_entrance":"Yes","Securely_anchored":"Yes","Accessible_without_stairs":"Yes","Close_to_Street":"Yes","NotBlocking_Ped_Vehicles":"Yes","size2x6x7_5aisle":"Yes","Surfaced":"Yes","Lockable":"Yes","Signed":null,"Operations_Issues":"Should be perpendicular to street to avoid person locking too close to road","Meets_City_Reqmts":"Mostly","Found_Added":"Found","Brown_Address_1":"80 WATERMAN ST","Brown_Address_2":"PROVIDENCE, RI 02912","Street_Name":"Waterman","NN_Recommended":null,"Brown_Entity_Abbr":"BR1WALTER","Brown_Description":"BIKE RACK WALTER HALL","Brown_Site":"MAIN","LocationVerified":null,"AssetID":"200387"}},{"type":"Feature","id":77,"geometry":{"type":"Point","coordinates":[-71.4031200417626,41.8270274970571]},"properties":{"OBJECTID":77,"GlobalID_text":"{45602572-9FDD-4866-95AF-DD6C61BC49BF}","NN_ID":77,"Spaces_Total":4,"Spaces_Fully_Meet_City_Requirem":4,"Spaces_Usable_per_NN":0,"Spaces_Substandard":0,"Spaces_Useable_Total":4,"Evaluation":"Meets Standards","Rack_Type":"Inverted U","Rack_Type_Other":null,"Inside_or_Outside":"Outdoors - Uncovered","Location_Outdoors":"On sidewalk","Too_Close_to_Wall":"No","Parking_Type":"Short Term Parking","Notes":null,"Within_50ft_of_entrance":"Yes","Securely_anchored":"Yes","Accessible_without_stairs":"Yes","Close_to_Street":"Yes","NotBlocking_Ped_Vehicles":"Yes","size2x6x7_5aisle":"Yes","Surfaced":"Yes","Lockable":"Yes","Signed":null,"Operations_Issues":"Might be better to have the racks perpendicular to street","Meets_City_Reqmts":"Yes","Found_Added":"Added","Brown_Address_1":"75 Waterman St","Brown_Address_2":"PROVIDENCE, RI 02912","Street_Name":"Waterman","NN_Recommended":null,"Brown_Entity_Abbr":"BR7FAUNCEH","Brown_Description":"BIKE RACK 7 FAUNCE HOUSE","Brown_Site":"MAIN","LocationVerified":null,"AssetID":"200839"}},{"type":"Feature","id":78,"geometry":{"type":"Point","coordinates":[-71.4032887705258,41.8269371976258]},"properties":{"OBJECTID":78,"GlobalID_text":"{DDDCD6E3-DF23-46E2-85A9-101E8EBA55FF}","NN_ID":78,"Spaces_Total":8,"Spaces_Fully_Meet_City_Requirem":8,"Spaces_Usable_per_NN":0,"Spaces_Substandard":0,"Spaces_Useable_Total":8,"Evaluation":"Meets Standards","Rack_Type":"Inverted U","Rack_Type_Other":null,"Inside_or_Outside":"Outdoors - Uncovered","Location_Outdoors":"Other","Too_Close_to_Wall":"No","Parking_Type":"Short Term Parking","Notes":null,"Within_50ft_of_entrance":"Yes","Securely_anchored":"Yes","Accessible_without_stairs":"Yes","Close_to_Street":"Yes","NotBlocking_Ped_Vehicles":"Yes","size2x6x7_5aisle":"Yes","Surfaced":"Yes","Lockable":"Yes","Signed":null,"Operations_Issues":null,"Meets_City_Reqmts":"Yes","Found_Added":"Found","Brown_Address_1":"75 WATERMAN ST","Brown_Address_2":"PROVIDENCE, RI 02912","Street_Name":"Waterman","NN_Recommended":null,"Brown_Entity_Abbr":"BR2FAUNCEH","Brown_Description":"BIKE RACK 2 FAUNCE HOUSE","Brown_Site":"MAIN","LocationVerified":null,"AssetID":"200284"}},{"type":"Feature","id":79,"geometry":{"type":"Point","coordinates":[-71.4034337370531,41.826927042965]},"properties":{"OBJECTID":79,"GlobalID_text":"{1BA6514D-C7FE-4931-BC5F-C2CAD600F206}","NN_ID":79,"Spaces_Total":8,"Spaces_Fully_Meet_City_Requirem":8,"Spaces_Usable_per_NN":0,"Spaces_Substandard":0,"Spaces_Useable_Total":8,"Evaluation":"Meets Standards","Rack_Type":"Inverted U","Rack_Type_Other":null,"Inside_or_Outside":"Outdoors - Uncovered","Location_Outdoors":"Other","Too_Close_to_Wall":"No","Parking_Type":"Short Term Parking","Notes":null,"Within_50ft_of_entrance":"Yes","Securely_anchored":"Yes","Accessible_without_stairs":"Yes","Close_to_Street":"Yes","NotBlocking_Ped_Vehicles":"Yes","size2x6x7_5aisle":"Yes","Surfaced":"Yes","Lockable":"Yes","Signed":null,"Operations_Issues":null,"Meets_City_Reqmts":"Yes","Found_Added":"Found","Brown_Address_1":"75 WATERMAN ST","Brown_Address_2":"PROVIDENCE, RI 02912","Street_Name":"Waterman","NN_Recommended":null,"Brown_Entity_Abbr":"BR1FAUNCEH","Brown_Description":"BIKE RACK 1 FAUNCE HOUSE","Brown_Site":"MAIN","LocationVerified":null,"AssetID":"200283"}},{"type":"Feature","id":80,"geometry":{"type":"Point","coordinates":[-71.4042985882962,41.8273245247774]},"properties":{"OBJECTID":80,"GlobalID_text":"{13C1241A-FDBC-43D3-AD1E-64F45322744C}","NN_ID":80,"Spaces_Total":6,"Spaces_Fully_Meet_City_Requirem":6,"Spaces_Usable_per_NN":0,"Spaces_Substandard":0,"Spaces_Useable_Total":6,"Evaluation":"Meets Standards","Rack_Type":"Wave","Rack_Type_Other":null,"Inside_or_Outside":"Outdoors - Uncovered","Location_Outdoors":"Other","Too_Close_to_Wall":"No","Parking_Type":"Short Term Parking","Notes":null,"Within_50ft_of_entrance":"Yes","Securely_anchored":"Yes","Accessible_without_stairs":"Yes","Close_to_Street":"Yes","NotBlocking_Ped_Vehicles":"Yes","size2x6x7_5aisle":"Yes","Surfaced":"Yes","Lockable":"Yes","Signed":null,"Operations_Issues":null,"Meets_City_Reqmts":"Yes","Found_Added":"Found","Brown_Address_1":"64 WATERMAN ST","Brown_Address_2":"PROVIDENCE, RI 02912","Street_Name":"Waterman","NN_Recommended":null,"Brown_Entity_Abbr":"BRROBINSON","Brown_Description":"BIKE RACK ROBINSON HALL","Brown_Site":"MAIN","LocationVerified":null,"AssetID":"200359"}},{"type":"Feature","id":81,"geometry":{"type":"Point","coordinates":[-71.4038877303263,41.8272683357503]},"properties":{"OBJECTID":81,"GlobalID_text":"{887DBCED-9C97-460F-ACAC-1F9F05387D71}","NN_ID":81,"Spaces_Total":5,"Spaces_Fully_Meet_City_Requirem":0,"Spaces_Usable_per_NN":0,"Spaces_Substandard":5,"Spaces_Useable_Total":0,"Evaluation":"Does Not Meet Standards","Rack_Type":"Wave","Rack_Type_Other":null,"Inside_or_Outside":"Outdoors - Uncovered","Location_Outdoors":"Other","Too_Close_to_Wall":"Yes","Parking_Type":"Short Term Parking","Notes":null,"Within_50ft_of_entrance":"Yes","Securely_anchored":"Yes","Accessible_without_stairs":"Yes","Close_to_Street":"Yes","NotBlocking_Ped_Vehicles":"Yes","size2x6x7_5aisle":"Yes","Surfaced":"No - gravel","Lockable":"Yes","Signed":null,"Operations_Issues":"Not surfaced; needs repair","Meets_City_Reqmts":"No","Found_Added":"Found","Brown_Address_1":"70 WATERMAN ST","Brown_Address_2":"PROVIDENCE, RI 02912","Street_Name":"Waterman","NN_Recommended":null,"Brown_Entity_Abbr":"BRWATER070","Brown_Description":"BIKE RACK WATERMAN 070","Brown_Site":"MAIN","LocationVerified":null,"AssetID":"200389"}},{"type":"Feature","id":82,"geometry":{"type":"Point","coordinates":[-71.4038526259616,41.8275490039366]},"properties":{"OBJECTID":82,"GlobalID_text":"{C355D990-8806-44BB-8307-243F3C5BBEDE}","NN_ID":82,"Spaces_Total":2,"Spaces_Fully_Meet_City_Requirem":0,"Spaces_Usable_per_NN":0,"Spaces_Substandard":2,"Spaces_Useable_Total":0,"Evaluation":"Does Not Meet Standards","Rack_Type":"Wheelwell","Rack_Type_Other":null,"Inside_or_Outside":"Outdoors - Uncovered","Location_Outdoors":"Other","Too_Close_to_Wall":"No","Parking_Type":"Short Term Parking","Notes":null,"Within_50ft_of_entrance":null,"Securely_anchored":"No","Accessible_without_stairs":"Yes","Close_to_Street":"?","NotBlocking_Ped_Vehicles":"Yes","size2x6x7_5aisle":"?","Surfaced":"Yes","Lockable":"?","Signed":"No","Operations_Issues":"Needs signage; unlikely to meet size req; other objects in the way","Meets_City_Reqmts":"No","Found_Added":"Added","Brown_Address_1":"10 Fones Alley","Brown_Address_2":"PROVIDENCE, RI 02912","Street_Name":"Fones","NN_Recommended":null,"Brown_Entity_Abbr":"BRFONES010","Brown_Description":"BIKE RACK FONES 010","Brown_Site":"MAIN","LocationVerified":null,"AssetID":"200818"}},{"type":"Feature","id":83,"geometry":{"type":"Point","coordinates":[-71.4047693809636,41.8266840348221]},"properties":{"OBJECTID":83,"GlobalID_text":"{B65F6387-6941-4BCD-B0F3-78F53458DC1B}","NN_ID":83,"Spaces_Total":5,"Spaces_Fully_Meet_City_Requirem":5,"Spaces_Usable_per_NN":0,"Spaces_Substandard":0,"Spaces_Useable_Total":5,"Evaluation":"Meets Standards","Rack_Type":"Wave","Rack_Type_Other":null,"Inside_or_Outside":"Outdoors - Uncovered","Location_Outdoors":null,"Too_Close_to_Wall":"No","Parking_Type":"Short Term Parking","Notes":null,"Within_50ft_of_entrance":"Yes","Securely_anchored":"Yes","Accessible_without_stairs":"Yes","Close_to_Street":"Yes","NotBlocking_Ped_Vehicles":"Yes","size2x6x7_5aisle":"Yes","Surfaced":"Yes","Lockable":"Yes","Signed":null,"Operations_Issues":null,"Meets_City_Reqmts":"Yes","Found_Added":"Found","Brown_Address_1":"36 PROSPECT ST","Brown_Address_2":"PROVIDENCE, RI 02912","Street_Name":"Prospect","NN_Recommended":null,"Brown_Entity_Abbr":"BRPROSPECT","Brown_Description":"BIKE RACK PROSPECT HOUSE","Brown_Site":"MAIN","LocationVerified":null,"AssetID":"200353"}},{"type":"Feature","id":84,"geometry":{"type":"Point","coordinates":[-71.4055261208606,41.8263354103617]},"properties":{"OBJECTID":84,"GlobalID_text":"{B64808EB-F0B2-4A5C-BB9D-1260EDB861F4}","NN_ID":84,"Spaces_Total":9,"Spaces_Fully_Meet_City_Requirem":7,"Spaces_Usable_per_NN":0,"Spaces_Substandard":2,"Spaces_Useable_Total":7,"Evaluation":"Partially Meets Standards","Rack_Type":"Wave","Rack_Type_Other":null,"Inside_or_Outside":"Outdoors - Covered","Location_Outdoors":"Other","Too_Close_to_Wall":"No","Parking_Type":"Long Term Parking","Notes":null,"Within_50ft_of_entrance":"Yes","Securely_anchored":"Yes","Accessible_without_stairs":"Yes","Close_to_Street":"Yes","NotBlocking_Ped_Vehicles":"Yes","size2x6x7_5aisle":"Yes","Surfaced":"Yes","Lockable":"Yes","Signed":null,"Operations_Issues":"Spaces on the ends not counted in updated supply count","Meets_City_Reqmts":"Mostly","Found_Added":"Found","Brown_Address_1":"64 COLLEGE ST","Brown_Address_2":"PROVIDENCE, RI 02912","Street_Name":"College","NN_Recommended":null,"Brown_Entity_Abbr":"BR2LISTART","Brown_Description":"BIKE RACK 2 LIST ART","Brown_Site":"MAIN","LocationVerified":null,"AssetID":"200322"}},{"type":"Feature","id":85,"geometry":{"type":"Point","coordinates":[-71.4055186145381,41.826434145034]},"properties":{"OBJECTID":85,"GlobalID_text":"{34A9144E-7241-46B4-8519-008FB6EF211C}","NN_ID":85,"Spaces_Total":9,"Spaces_Fully_Meet_City_Requirem":7,"Spaces_Usable_per_NN":0,"Spaces_Substandard":2,"Spaces_Useable_Total":7,"Evaluation":"Partially Meets Standards","Rack_Type":"Wave","Rack_Type_Other":null,"Inside_or_Outside":"Outdoors - Covered","Location_Outdoors":"Other","Too_Close_to_Wall":"No","Parking_Type":"Long Term Parking","Notes":null,"Within_50ft_of_entrance":"Yes","Securely_anchored":"Yes","Accessible_without_stairs":"Yes","Close_to_Street":"Yes","NotBlocking_Ped_Vehicles":"Yes","size2x6x7_5aisle":"Yes","Surfaced":"Yes","Lockable":"Yes","Signed":null,"Operations_Issues":"Spaces on the ends not counted in updated supply count","Meets_City_Reqmts":"Mostly","Found_Added":"Found","Brown_Address_1":"64 COLLEGE ST","Brown_Address_2":"PROVIDENCE, RI 02912","Street_Name":"College","NN_Recommended":null,"Brown_Entity_Abbr":"BR1LISTART","Brown_Description":"BIKE RACK 1 LIST ART","Brown_Site":"MAIN","LocationVerified":null,"AssetID":"200321"}},{"type":"Feature","id":86,"geometry":{"type":"Point","coordinates":[-71.4047384699347,41.8258445341568]},"properties":{"OBJECTID":86,"GlobalID_text":"{998B3794-E0EA-47C8-8B95-8B59F97E770D}","NN_ID":86,"Spaces_Total":5,"Spaces_Fully_Meet_City_Requirem":5,"Spaces_Usable_per_NN":0,"Spaces_Substandard":0,"Spaces_Useable_Total":5,"Evaluation":"Meets Standards","Rack_Type":"Wave","Rack_Type_Other":null,"Inside_or_Outside":"Outdoors - Uncovered","Location_Outdoors":"On sidewalk","Too_Close_to_Wall":"No","Parking_Type":"Short Term Parking","Notes":null,"Within_50ft_of_entrance":"Yes","Securely_anchored":"Yes","Accessible_without_stairs":"Yes","Close_to_Street":"Yes","NotBlocking_Ped_Vehicles":"Yes","size2x6x7_5aisle":"Yes","Surfaced":"Yes","Lockable":"Yes","Signed":null,"Operations_Issues":null,"Meets_City_Reqmts":"Yes","Found_Added":"Found","Brown_Address_1":"10 PROSPECT ST","Brown_Address_2":"PROVIDENCE, RI 02912","Street_Name":"Prospect","NN_Recommended":null,"Brown_Entity_Abbr":"BR1ROCKLIB","Brown_Description":"BIKE RACK 1 ROCKEFELLER LIBRARY","Brown_Site":"MAIN","LocationVerified":null,"AssetID":"200360"}},{"type":"Feature","id":87,"geometry":{"type":"Point","coordinates":[-71.4047252368522,41.8257864440653]},"properties":{"OBJECTID":87,"GlobalID_text":"{4956DCC8-9B0C-4CDB-BC79-F700D5B5161B}","NN_ID":87,"Spaces_Total":5,"Spaces_Fully_Meet_City_Requirem":5,"Spaces_Usable_per_NN":0,"Spaces_Substandard":0,"Spaces_Useable_Total":5,"Evaluation":"Meets Standards","Rack_Type":"Wave","Rack_Type_Other":null,"Inside_or_Outside":"Outdoors - Uncovered","Location_Outdoors":"On sidewalk","Too_Close_to_Wall":"No","Parking_Type":"Short Term Parking","Notes":null,"Within_50ft_of_entrance":"Yes","Securely_anchored":"Yes","Accessible_without_stairs":"Yes","Close_to_Street":"Yes","NotBlocking_Ped_Vehicles":"Yes","size2x6x7_5aisle":"Yes","Surfaced":"Yes","Lockable":"Yes","Signed":null,"Operations_Issues":null,"Meets_City_Reqmts":"Yes","Found_Added":"Added","Brown_Address_1":"10 Prospect St","Brown_Address_2":"PROVIDENCE, RI 02912","Street_Name":"Prospect","NN_Recommended":null,"Brown_Entity_Abbr":"BR4ROCKLIB","Brown_Description":"BIKE RACK 4 ROCKEFELLER LIBRARY","Brown_Site":"MAIN","LocationVerified":null,"AssetID":"200843"}},{"type":"Feature","id":88,"geometry":{"type":"Point","coordinates":[-71.4047018303492,41.825646588903]},"properties":{"OBJECTID":88,"GlobalID_text":"{698AB005-8905-4336-896A-F2B370A7EBB6}","NN_ID":88,"Spaces_Total":5,"Spaces_Fully_Meet_City_Requirem":5,"Spaces_Usable_per_NN":0,"Spaces_Substandard":0,"Spaces_Useable_Total":5,"Evaluation":"Meets Standards","Rack_Type":"Wave","Rack_Type_Other":null,"Inside_or_Outside":"Outdoors - Uncovered","Location_Outdoors":"On sidewalk","Too_Close_to_Wall":"No","Parking_Type":"Short Term Parking","Notes":null,"Within_50ft_of_entrance":"Yes","Securely_anchored":"Yes","Accessible_without_stairs":"Yes","Close_to_Street":"Yes","NotBlocking_Ped_Vehicles":"Yes","size2x6x7_5aisle":"Yes","Surfaced":"Yes","Lockable":"Yes","Signed":null,"Operations_Issues":null,"Meets_City_Reqmts":"Yes","Found_Added":"Added","Brown_Address_1":"20 Prospect St","Brown_Address_2":"PROVIDENCE, RI 02912","Street_Name":"Prospect","NN_Recommended":null,"Brown_Entity_Abbr":"BR3ROCKLIB","Brown_Description":"BIKE RACK 3 ROCKEFELLER LIBRARY","Brown_Site":"MAIN","LocationVerified":null,"AssetID":"200842"}},{"type":"Feature","id":89,"geometry":{"type":"Point","coordinates":[-71.4047128284232,41.8255733198715]},"properties":{"OBJECTID":89,"GlobalID_text":"{315CFC90-BA34-49C7-A60F-3FFAC209494D}","NN_ID":89,"Spaces_Total":5,"Spaces_Fully_Meet_City_Requirem":5,"Spaces_Usable_per_NN":0,"Spaces_Substandard":0,"Spaces_Useable_Total":5,"Evaluation":"Meets Standards","Rack_Type":"Wave","Rack_Type_Other":null,"Inside_or_Outside":"Outdoors - Uncovered","Location_Outdoors":"On sidewalk","Too_Close_to_Wall":"No","Parking_Type":"Short Term Parking","Notes":null,"Within_50ft_of_entrance":"Yes","Securely_anchored":"Yes","Accessible_without_stairs":"Yes","Close_to_Street":"Yes","NotBlocking_Ped_Vehicles":"Yes","size2x6x7_5aisle":"Yes","Surfaced":"Yes","Lockable":"Yes","Signed":null,"Operations_Issues":null,"Meets_City_Reqmts":"Yes","Found_Added":"Found","Brown_Address_1":"10 PROSPECT ST","Brown_Address_2":"PROVIDENCE, RI 02912","Street_Name":"Prospect","NN_Recommended":null,"Brown_Entity_Abbr":"BR2ROCKLIB","Brown_Description":"BIKE RACK 2 ROCKEFELLER LIBRARY","Brown_Site":"MAIN","LocationVerified":null,"AssetID":"200361"}},{"type":"Feature","id":90,"geometry":{"type":"Point","coordinates":[-71.403871967588,41.8263729052962]},"properties":{"OBJECTID":90,"GlobalID_text":"{17210841-15BA-4BBD-AAB8-462E4868AE0D}","NN_ID":90,"Spaces_Total":4,"Spaces_Fully_Meet_City_Requirem":4,"Spaces_Usable_per_NN":0,"Spaces_Substandard":0,"Spaces_Useable_Total":4,"Evaluation":"Meets Standards","Rack_Type":"Inverted U","Rack_Type_Other":null,"Inside_or_Outside":"Outdoors - Uncovered","Location_Outdoors":"Other","Too_Close_to_Wall":"No","Parking_Type":"Short Term Parking","Notes":null,"Within_50ft_of_entrance":"Yes","Securely_anchored":"Yes","Accessible_without_stairs":"Yes","Close_to_Street":"Yes","NotBlocking_Ped_Vehicles":"Yes","size2x6x7_5aisle":"Yes","Surfaced":"Yes","Lockable":"Yes","Signed":null,"Operations_Issues":null,"Meets_City_Reqmts":"Yes","Found_Added":"Found","Brown_Address_1":"1 PROSPECT ST","Brown_Address_2":"PROVIDENCE, RI 02912","Street_Name":"Prospect","NN_Recommended":null,"Brown_Entity_Abbr":"BRUHALL","Brown_Description":"BIKE RACK UNIVERSITY HALL","Brown_Site":"MAIN","LocationVerified":null,"AssetID":"200380"}},{"type":"Feature","id":91,"geometry":{"type":"Point","coordinates":[-71.4034779018257,41.8267217892769]},"properties":{"OBJECTID":91,"GlobalID_text":"{2CC4C8ED-E77D-4CB6-9CA0-F9F653720C65}","NN_ID":91,"Spaces_Total":36,"Spaces_Fully_Meet_City_Requirem":36,"Spaces_Usable_per_NN":0,"Spaces_Substandard":0,"Spaces_Useable_Total":36,"Evaluation":"Meets Standards","Rack_Type":"Wave","Rack_Type_Other":null,"Inside_or_Outside":"Outdoors - Uncovered","Location_Outdoors":"Other","Too_Close_to_Wall":"No","Parking_Type":"Short Term Parking","Notes":null,"Within_50ft_of_entrance":"Yes","Securely_anchored":"Yes","Accessible_without_stairs":"Yes","Close_to_Street":"Yes","NotBlocking_Ped_Vehicles":"Yes","size2x6x7_5aisle":"Yes","Surfaced":"Yes","Lockable":"Yes","Signed":null,"Operations_Issues":null,"Meets_City_Reqmts":"Yes","Found_Added":"Found","Brown_Address_1":"75 WATERMAN ST","Brown_Address_2":"PROVIDENCE, RI 02912","Street_Name":"Waterman","NN_Recommended":null,"Brown_Entity_Abbr":"BR5FAUNCEH","Brown_Description":"BIKE RACK 5 FAUNCE HOUSE","Brown_Site":"MAIN","LocationVerified":null,"AssetID":"200285"}},{"type":"Feature","id":92,"geometry":{"type":"Point","coordinates":[-71.4037750043346,41.8255956204314]},"properties":{"OBJECTID":92,"GlobalID_text":"{8054542B-6C02-48BB-97E2-43C762CA5FC9}","NN_ID":92,"Spaces_Total":10,"Spaces_Fully_Meet_City_Requirem":10,"Spaces_Usable_per_NN":0,"Spaces_Substandard":0,"Spaces_Useable_Total":10,"Evaluation":"Meets Standards","Rack_Type":"Wave","Rack_Type_Other":null,"Inside_or_Outside":"Outdoors - Uncovered","Location_Outdoors":"Other","Too_Close_to_Wall":"No","Parking_Type":"Short Term Parking","Notes":null,"Within_50ft_of_entrance":"Yes","Securely_anchored":"Yes","Accessible_without_stairs":"Yes","Close_to_Street":"Yes","NotBlocking_Ped_Vehicles":"Yes","size2x6x7_5aisle":"Yes","Surfaced":"Yes","Lockable":"Yes","Signed":null,"Operations_Issues":null,"Meets_City_Reqmts":"Yes","Found_Added":"Found","Brown_Address_1":"60 GEORGE ST","Brown_Address_2":"PROVIDENCE, RI 02912","Street_Name":"George","NN_Recommended":null,"Brown_Entity_Abbr":"BRRIHALL","Brown_Description":"BIKE RACK RHODE ISLAND HALL","Brown_Site":"MAIN","LocationVerified":null,"AssetID":"200358"}},{"type":"Feature","id":93,"geometry":{"type":"Point","coordinates":[-71.4027074033318,41.8260443116165]},"properties":{"OBJECTID":93,"GlobalID_text":"{EBDD551A-39F6-462A-9FA2-B57A9B3D5947}","NN_ID":93,"Spaces_Total":20,"Spaces_Fully_Meet_City_Requirem":20,"Spaces_Usable_per_NN":0,"Spaces_Substandard":0,"Spaces_Useable_Total":20,"Evaluation":"Meets Standards","Rack_Type":"Inverted U","Rack_Type_Other":null,"Inside_or_Outside":"Outdoors - Uncovered","Location_Outdoors":"Other","Too_Close_to_Wall":"No","Parking_Type":"Short Term Parking","Notes":null,"Within_50ft_of_entrance":"Yes","Securely_anchored":"Yes","Accessible_without_stairs":"Yes","Close_to_Street":"Yes","NotBlocking_Ped_Vehicles":"Yes","size2x6x7_5aisle":"Yes","Surfaced":"Yes","Lockable":"Yes","Signed":null,"Operations_Issues":null,"Meets_City_Reqmts":"Yes","Found_Added":"Found","Brown_Address_1":"90 GEORGE ST","Brown_Address_2":"PROVIDENCE, RI 02912","Street_Name":"George","NN_Recommended":null,"Brown_Entity_Abbr":"BRWILSONHL","Brown_Description":"BIKE RACK WILSON HALL","Brown_Site":"MAIN","LocationVerified":null,"AssetID":"200396"}},{"type":"Feature","id":94,"geometry":{"type":"Point","coordinates":[-71.4028485978332,41.8263418974897]},"properties":{"OBJECTID":94,"GlobalID_text":"{FBC92916-DB2B-4B4C-BD6A-0A31080A4AB9}","NN_ID":94,"Spaces_Total":6,"Spaces_Fully_Meet_City_Requirem":6,"Spaces_Usable_per_NN":0,"Spaces_Substandard":0,"Spaces_Useable_Total":6,"Evaluation":"Meets Standards","Rack_Type":"Inverted U","Rack_Type_Other":null,"Inside_or_Outside":"Outdoors - Uncovered","Location_Outdoors":"Other","Too_Close_to_Wall":"No","Parking_Type":"Short Term Parking","Notes":null,"Within_50ft_of_entrance":"Yes","Securely_anchored":"Yes","Accessible_without_stairs":"Yes","Close_to_Street":"Yes","NotBlocking_Ped_Vehicles":"Yes","size2x6x7_5aisle":"Yes","Surfaced":"Yes","Lockable":"Yes","Signed":null,"Operations_Issues":null,"Meets_City_Reqmts":"Yes","Found_Added":"Found","Brown_Address_1":"81 WATERMAN ST","Brown_Address_2":"PROVIDENCE, RI 02912","Street_Name":"Waterman","NN_Recommended":null,"Brown_Entity_Abbr":"BRSAYLESHL","Brown_Description":"BIKE RACK SAYLES HALL","Brown_Site":"MAIN","LocationVerified":null,"AssetID":"200363"}},{"type":"Feature","id":95,"geometry":{"type":"Point","coordinates":[-71.402818896835,41.8265713543668]},"properties":{"OBJECTID":95,"GlobalID_text":"{F7C79C20-D1A0-44C3-BB4F-D8A361607E0D}","NN_ID":95,"Spaces_Total":10,"Spaces_Fully_Meet_City_Requirem":10,"Spaces_Usable_per_NN":0,"Spaces_Substandard":0,"Spaces_Useable_Total":10,"Evaluation":"Meets Standards","Rack_Type":"Inverted U","Rack_Type_Other":null,"Inside_or_Outside":"Outdoors - Uncovered","Location_Outdoors":"Other","Too_Close_to_Wall":"Yes","Parking_Type":"Short Term Parking","Notes":null,"Within_50ft_of_entrance":"Yes","Securely_anchored":"Yes","Accessible_without_stairs":"Yes","Close_to_Street":"Yes","NotBlocking_Ped_Vehicles":"Yes","size2x6x7_5aisle":"Yes","Surfaced":"Yes","Lockable":"Yes","Signed":null,"Operations_Issues":null,"Meets_City_Reqmts":"Yes","Found_Added":"Added","Brown_Address_1":"79 WATERMAN ST","Brown_Address_2":"PROVIDENCE, RI 02912","Street_Name":"Waterman","NN_Recommended":null,"Brown_Entity_Abbr":"BR2SALOMON","Brown_Description":"BIKE RACK 2 SALOMON CTR","Brown_Site":"MAIN","LocationVerified":null,"AssetID":"200838"}},{"type":"Feature","id":96,"geometry":{"type":"Point","coordinates":[-71.4027395729004,41.8266223622253]},"properties":{"OBJECTID":96,"GlobalID_text":"{4DE8AE26-5F4C-4A67-8481-42E9C4621C59}","NN_ID":96,"Spaces_Total":18,"Spaces_Fully_Meet_City_Requirem":18,"Spaces_Usable_per_NN":0,"Spaces_Substandard":0,"Spaces_Useable_Total":18,"Evaluation":"Meets Standards","Rack_Type":"Inverted U","Rack_Type_Other":null,"Inside_or_Outside":"Outdoors - Uncovered","Location_Outdoors":"Other","Too_Close_to_Wall":"No","Parking_Type":"Short Term Parking","Notes":null,"Within_50ft_of_entrance":"Yes","Securely_anchored":"Yes","Accessible_without_stairs":"Yes","Close_to_Street":"Yes","NotBlocking_Ped_Vehicles":"Yes","size2x6x7_5aisle":"Mostly","Surfaced":"Yes","Lockable":"Yes","Signed":null,"Operations_Issues":"Far left spaces are covered; recommend cutting back vegetation","Meets_City_Reqmts":"Mostly","Found_Added":"Found","Brown_Address_1":"79 WATERMAN ST","Brown_Address_2":"PROVIDENCE, RI 02912","Street_Name":"Waterman","NN_Recommended":null,"Brown_Entity_Abbr":"BRSALOMON","Brown_Description":"BIKE RACK SALOMON CTR","Brown_Site":"MAIN","LocationVerified":null,"AssetID":"200362"}},{"type":"Feature","id":97,"geometry":{"type":"Point","coordinates":[-71.4027046895213,41.826802427004]},"properties":{"OBJECTID":97,"GlobalID_text":"{BB7931F6-DC0C-4D89-8EB0-9DE3B59C830C}","NN_ID":97,"Spaces_Total":16,"Spaces_Fully_Meet_City_Requirem":16,"Spaces_Usable_per_NN":0,"Spaces_Substandard":0,"Spaces_Useable_Total":16,"Evaluation":"Meets Standards","Rack_Type":"Inverted U","Rack_Type_Other":null,"Inside_or_Outside":"Outdoors - Uncovered","Location_Outdoors":"Other","Too_Close_to_Wall":"No","Parking_Type":"Short Term Parking","Notes":null,"Within_50ft_of_entrance":"Yes","Securely_anchored":"Yes","Accessible_without_stairs":"Yes","Close_to_Street":"Yes","NotBlocking_Ped_Vehicles":"Yes","size2x6x7_5aisle":"Yes","Surfaced":"Yes","Lockable":"Yes","Signed":null,"Operations_Issues":"Good example of best practice for spacing","Meets_City_Reqmts":"Yes","Found_Added":"Found","Brown_Address_1":"75 WATERMAN ST","Brown_Address_2":"PROVIDENCE, RI 02912","Street_Name":"Waterman","NN_Recommended":null,"Brown_Entity_Abbr":"BR5FAUNCEH","Brown_Description":"BIKE RACK 5 FAUNCE HOUSE","Brown_Site":"MAIN","LocationVerified":null,"AssetID":"200287"}},{"type":"Feature","id":98,"geometry":{"type":"Point","coordinates":[-71.4021832669062,41.8270109664698]},"properties":{"OBJECTID":98,"GlobalID_text":"{ACD9AE08-4A98-421E-A128-E55CD28EBCE0}","NN_ID":98,"Spaces_Total":16,"Spaces_Fully_Meet_City_Requirem":16,"Spaces_Usable_per_NN":0,"Spaces_Substandard":0,"Spaces_Useable_Total":16,"Evaluation":"Meets Standards","Rack_Type":"Inverted U","Rack_Type_Other":null,"Inside_or_Outside":"Outdoors - Uncovered","Location_Outdoors":"Other","Too_Close_to_Wall":"No","Parking_Type":"Short Term Parking","Notes":null,"Within_50ft_of_entrance":"Yes","Securely_anchored":"Yes","Accessible_without_stairs":"Yes","Close_to_Street":"Yes","NotBlocking_Ped_Vehicles":"Yes","size2x6x7_5aisle":"Yes","Surfaced":"Yes","Lockable":"Yes","Signed":null,"Operations_Issues":null,"Meets_City_Reqmts":"Yes","Found_Added":"Found","Brown_Address_1":"85 WATERMAN ST","Brown_Address_2":"PROVIDENCE, RI 02912","Street_Name":"Waterman","NN_Recommended":null,"Brown_Entity_Abbr":"BR1WATER85","Brown_Description":"BIKE RACK 1 WATERMAN ST 85","Brown_Site":"MAIN","LocationVerified":null,"AssetID":"200307"}},{"type":"Feature","id":99,"geometry":{"type":"Point","coordinates":[-71.4021553562503,41.8269477405318]},"properties":{"OBJECTID":99,"GlobalID_text":"{B102ACF7-E9AC-44DE-BA73-C1747673E717}","NN_ID":99,"Spaces_Total":12,"Spaces_Fully_Meet_City_Requirem":12,"Spaces_Usable_per_NN":0,"Spaces_Substandard":0,"Spaces_Useable_Total":12,"Evaluation":"Meets Standards","Rack_Type":"Inverted U","Rack_Type_Other":null,"Inside_or_Outside":"Outdoors - Uncovered","Location_Outdoors":"Other","Too_Close_to_Wall":"No","Parking_Type":"Short Term Parking","Notes":null,"Within_50ft_of_entrance":"Yes","Securely_anchored":"Yes","Accessible_without_stairs":"Yes","Close_to_Street":"Yes","NotBlocking_Ped_Vehicles":"Yes","size2x6x7_5aisle":"Yes","Surfaced":"Yes","Lockable":"Yes","Signed":null,"Operations_Issues":null,"Meets_City_Reqmts":"Yes","Found_Added":"Added","Brown_Address_1":"85 WATERMAN ST","Brown_Address_2":"PROVIDENCE, RI 02912","Street_Name":"Waterman","NN_Recommended":null,"Brown_Entity_Abbr":"BR3WATER85","Brown_Description":"BIKE RACK 3 WATERMAN ST 85","Brown_Site":"MAIN","LocationVerified":null,"AssetID":"200901"}},{"type":"Feature","id":100,"geometry":{"type":"Point","coordinates":[-71.4017574798346,41.8267404265187]},"properties":{"OBJECTID":100,"GlobalID_text":"{4C48BF6E-073C-4742-A739-5FBB1DE8C123}","NN_ID":100,"Spaces_Total":16,"Spaces_Fully_Meet_City_Requirem":8,"Spaces_Usable_per_NN":0,"Spaces_Substandard":8,"Spaces_Useable_Total":8,"Evaluation":"Partially Meets Standards","Rack_Type":"Inverted U","Rack_Type_Other":null,"Inside_or_Outside":"Outdoors - Uncovered","Location_Outdoors":"Other","Too_Close_to_Wall":"No","Parking_Type":"Short Term Parking","Notes":null,"Within_50ft_of_entrance":"Yes","Securely_anchored":"Yes","Accessible_without_stairs":"Yes","Close_to_Street":"Yes","NotBlocking_Ped_Vehicles":"Yes","size2x6x7_5aisle":"Mostly","Surfaced":"Yes","Lockable":"Yes","Signed":null,"Operations_Issues":"Spaces appear narrow in the photo","Meets_City_Reqmts":"Mostly","Found_Added":"Added","Brown_Address_1":"85 WATERMAN ST","Brown_Address_2":"PROVIDENCE, RI 02912","Street_Name":"Waterman","NN_Recommended":null,"Brown_Entity_Abbr":"BR3LYMANHL","Brown_Description":"BIKE RACK 3 LYMAN HALL","Brown_Site":"MAIN","LocationVerified":null,"AssetID":"200902"}},{"type":"Feature","id":101,"geometry":{"type":"Point","coordinates":[-71.4015950114306,41.8264793988766]},"properties":{"OBJECTID":101,"GlobalID_text":"{EC2A30B2-63D9-49C3-B66F-06E9398E9D23}","NN_ID":101,"Spaces_Total":8,"Spaces_Fully_Meet_City_Requirem":8,"Spaces_Usable_per_NN":0,"Spaces_Substandard":0,"Spaces_Useable_Total":8,"Evaluation":"Meets Standards","Rack_Type":"Inverted U","Rack_Type_Other":null,"Inside_or_Outside":"Outdoors - Uncovered","Location_Outdoors":"Other","Too_Close_to_Wall":"No","Parking_Type":"Short Term Parking","Notes":null,"Within_50ft_of_entrance":"Yes","Securely_anchored":"Yes","Accessible_without_stairs":"Yes","Close_to_Street":"Yes","NotBlocking_Ped_Vehicles":"Yes","size2x6x7_5aisle":"Yes","Surfaced":"Yes","Lockable":"Yes","Signed":null,"Operations_Issues":null,"Meets_City_Reqmts":"Yes","Found_Added":"Found","Brown_Address_1":"83 WATERMAN ST","Brown_Address_2":"PROVIDENCE, RI 02912","Street_Name":"Waterman","NN_Recommended":null,"Brown_Entity_Abbr":"BR1LYMANHL","Brown_Description":"BIKE RACK 1 LYMAN HALL","Brown_Site":"MAIN","LocationVerified":null,"AssetID":"200325"}},{"type":"Feature","id":102,"geometry":{"type":"Point","coordinates":[-71.4015684060269,41.8264772628349]},"properties":{"OBJECTID":102,"GlobalID_text":"{811222A6-4E55-47A5-9374-864004FE18A1}","NN_ID":102,"Spaces_Total":8,"Spaces_Fully_Meet_City_Requirem":8,"Spaces_Usable_per_NN":0,"Spaces_Substandard":0,"Spaces_Useable_Total":8,"Evaluation":"Meets Standards","Rack_Type":"Inverted U","Rack_Type_Other":null,"Inside_or_Outside":"Outdoors - Uncovered","Location_Outdoors":"Other","Too_Close_to_Wall":"No","Parking_Type":"Short Term Parking","Notes":null,"Within_50ft_of_entrance":"Yes","Securely_anchored":"Yes","Accessible_without_stairs":"Yes","Close_to_Street":"Yes","NotBlocking_Ped_Vehicles":"Yes","size2x6x7_5aisle":"Yes","Surfaced":"Yes","Lockable":"Yes","Signed":null,"Operations_Issues":null,"Meets_City_Reqmts":"Yes","Found_Added":"Found","Brown_Address_1":"83 WATERMAN ST","Brown_Address_2":"PROVIDENCE, RI 02912","Street_Name":"Waterman","NN_Recommended":null,"Brown_Entity_Abbr":"BR2LYMANHL","Brown_Description":"BIKE RACK 2 LYMAN HALL","Brown_Site":"MAIN","LocationVerified":null,"AssetID":"200326"}},{"type":"Feature","id":103,"geometry":{"type":"Point","coordinates":[-71.4012971264892,41.8265144397236]},"properties":{"OBJECTID":103,"GlobalID_text":"{E3F08CEC-D075-43FD-BA2F-E7EA00E316C0}","NN_ID":103,"Spaces_Total":10,"Spaces_Fully_Meet_City_Requirem":10,"Spaces_Usable_per_NN":0,"Spaces_Substandard":0,"Spaces_Useable_Total":10,"Evaluation":"Meets Standards","Rack_Type":"Inverted U","Rack_Type_Other":null,"Inside_or_Outside":"Outdoors - Uncovered","Location_Outdoors":"Other","Too_Close_to_Wall":"No","Parking_Type":"Short Term Parking","Notes":null,"Within_50ft_of_entrance":"Yes","Securely_anchored":"Yes","Accessible_without_stairs":"Yes","Close_to_Street":"Yes","NotBlocking_Ped_Vehicles":"Yes","size2x6x7_5aisle":"Yes","Surfaced":"Yes","Lockable":"Yes","Signed":null,"Operations_Issues":null,"Meets_City_Reqmts":"Yes","Found_Added":"Found","Brown_Address_1":"190 THAYER ST","Brown_Address_2":"PROVIDENCE, RI 02912","Street_Name":"Thayer","NN_Recommended":null,"Brown_Entity_Abbr":"BR1METRSCB","Brown_Description":"BIKE RACK 1 METCALF RESEARCH","Brown_Site":"MAIN","LocationVerified":null,"AssetID":"200337"}},{"type":"Feature","id":104,"geometry":{"type":"Point","coordinates":[-71.4007566227591,41.8260660637737]},"properties":{"OBJECTID":104,"GlobalID_text":"{CBD30642-CFB7-4A27-A322-D6854D4ACC87}","NN_ID":104,"Spaces_Total":6,"Spaces_Fully_Meet_City_Requirem":6,"Spaces_Usable_per_NN":0,"Spaces_Substandard":0,"Spaces_Useable_Total":6,"Evaluation":"Meets Standards","Rack_Type":"Inverted U","Rack_Type_Other":null,"Inside_or_Outside":"Outdoors - Uncovered","Location_Outdoors":"Other","Too_Close_to_Wall":"No","Parking_Type":"Short Term Parking","Notes":null,"Within_50ft_of_entrance":"Yes","Securely_anchored":"Yes","Accessible_without_stairs":"Yes","Close_to_Street":"Yes","NotBlocking_Ped_Vehicles":"Yes","size2x6x7_5aisle":"Yes","Surfaced":"Yes","Lockable":"Yes","Signed":null,"Operations_Issues":null,"Meets_City_Reqmts":"Yes","Found_Added":"Added","Brown_Address_1":"168 Thayer St","Brown_Address_2":"PROVIDENCE, RI 02912","Street_Name":"Thayer","NN_Recommended":null,"Brown_Entity_Abbr":"BR3CASWELL","Brown_Description":"BIKE RACK 3 CASWELL HALL","Brown_Site":"MAIN","LocationVerified":null,"AssetID":"200832"}},{"type":"Feature","id":105,"geometry":{"type":"Point","coordinates":[-71.4011388083018,41.826063306515]},"properties":{"OBJECTID":105,"GlobalID_text":"{07A2DEB0-F77B-4492-9FF9-3E83F7B7044D}","NN_ID":105,"Spaces_Total":12,"Spaces_Fully_Meet_City_Requirem":12,"Spaces_Usable_per_NN":0,"Spaces_Substandard":0,"Spaces_Useable_Total":12,"Evaluation":"Meets Standards","Rack_Type":"Inverted U","Rack_Type_Other":null,"Inside_or_Outside":"Outdoors - Uncovered","Location_Outdoors":"Other","Too_Close_to_Wall":"No","Parking_Type":"Short Term Parking","Notes":null,"Within_50ft_of_entrance":"Yes","Securely_anchored":"Yes","Accessible_without_stairs":"Yes","Close_to_Street":"Yes","NotBlocking_Ped_Vehicles":"Yes","size2x6x7_5aisle":"Yes","Surfaced":"Yes","Lockable":"Yes","Signed":null,"Operations_Issues":"Assuming objects blocking the space in the photo are temporary","Meets_City_Reqmts":"Yes","Found_Added":"Found","Brown_Address_1":"180 THAYER ST","Brown_Address_2":"PROVIDENCE, RI 02912","Street_Name":"Thayer","NN_Recommended":null,"Brown_Entity_Abbr":"BR1LINCLNF","Brown_Description":"BIKE RACK 1 LINCOLN FIELD","Brown_Site":"MAIN","LocationVerified":null,"AssetID":"200319"}},{"type":"Feature","id":106,"geometry":{"type":"Point","coordinates":[-71.4011033922217,41.826067089964]},"properties":{"OBJECTID":106,"GlobalID_text":"{00BCC442-A601-4ED3-8E61-B717B8484DEC}","NN_ID":106,"Spaces_Total":10,"Spaces_Fully_Meet_City_Requirem":10,"Spaces_Usable_per_NN":0,"Spaces_Substandard":0,"Spaces_Useable_Total":10,"Evaluation":"Meets Standards","Rack_Type":"Inverted U","Rack_Type_Other":null,"Inside_or_Outside":"Outdoors - Uncovered","Location_Outdoors":"Other","Too_Close_to_Wall":"No","Parking_Type":"Short Term Parking","Notes":null,"Within_50ft_of_entrance":"Yes","Securely_anchored":"Yes","Accessible_without_stairs":"Yes","Close_to_Street":"Yes","NotBlocking_Ped_Vehicles":"Yes","size2x6x7_5aisle":"Yes","Surfaced":"Yes","Lockable":"Yes","Signed":null,"Operations_Issues":"Assuming objects blocking the space in the photo are temporary","Meets_City_Reqmts":"Yes","Found_Added":"Found","Brown_Address_1":"180 THAYER ST","Brown_Address_2":"PROVIDENCE, RI 02912","Street_Name":"Thayer","NN_Recommended":null,"Brown_Entity_Abbr":"BR2LINCLNF","Brown_Description":"BIKE RACK 2 LINCOLN FIELD","Brown_Site":"MAIN","LocationVerified":null,"AssetID":"200320"}},{"type":"Feature","id":107,"geometry":{"type":"Point","coordinates":[-71.4006507042006,41.8269623473068]},"properties":{"OBJECTID":107,"GlobalID_text":"{9AE7121F-4BFD-465A-8A8F-2D8B909D021E}","NN_ID":107,"Spaces_Total":18,"Spaces_Fully_Meet_City_Requirem":18,"Spaces_Usable_per_NN":0,"Spaces_Substandard":0,"Spaces_Useable_Total":18,"Evaluation":"Meets Standards","Rack_Type":"Inverted U","Rack_Type_Other":null,"Inside_or_Outside":"Outdoors - Uncovered","Location_Outdoors":"On sidewalk","Too_Close_to_Wall":"Yes","Parking_Type":"Short Term Parking","Notes":null,"Within_50ft_of_entrance":"Yes","Securely_anchored":"Yes","Accessible_without_stairs":"Yes","Close_to_Street":"Yes","NotBlocking_Ped_Vehicles":"Yes","size2x6x7_5aisle":"Yes","Surfaced":"Yes","Lockable":"Yes","Signed":null,"Operations_Issues":null,"Meets_City_Reqmts":"Yes","Found_Added":"Found","Brown_Address_1":"190 THAYER ST","Brown_Address_2":"PROVIDENCE, RI 02912","Street_Name":"Thayer","NN_Recommended":null,"Brown_Entity_Abbr":"BR3METRSCB","Brown_Description":"BIKE RACK 3 METCALF RESEARCH","Brown_Site":"MAIN","LocationVerified":null,"AssetID":"200339"}},{"type":"Feature","id":108,"geometry":{"type":"Point","coordinates":[-71.4011115525178,41.8270529787198]},"properties":{"OBJECTID":108,"GlobalID_text":"{835A02C9-AFE8-43C9-B503-2083C073B990}","NN_ID":108,"Spaces_Total":4,"Spaces_Fully_Meet_City_Requirem":4,"Spaces_Usable_per_NN":0,"Spaces_Substandard":0,"Spaces_Useable_Total":4,"Evaluation":"Meets Standards","Rack_Type":"Inverted U","Rack_Type_Other":null,"Inside_or_Outside":"Outdoors - Uncovered","Location_Outdoors":"Other","Too_Close_to_Wall":"No","Parking_Type":"Short Term Parking","Notes":null,"Within_50ft_of_entrance":"Yes","Securely_anchored":"Yes","Accessible_without_stairs":"Yes","Close_to_Street":"Yes","NotBlocking_Ped_Vehicles":"Yes","size2x6x7_5aisle":"Yes","Surfaced":"No surfaced path","Lockable":"Yes","Signed":null,"Operations_Issues":"Recommended upgrade to surface path to spaces","Meets_City_Reqmts":"Yes","Found_Added":"Found","Brown_Address_1":"91 WATERMAN ST","Brown_Address_2":"PROVIDENCE, RI 02912","Street_Name":"Waterman","NN_Recommended":null,"Brown_Entity_Abbr":"BRARNOLDLB","Brown_Description":"BIKE RACK ARNOLD LAB","Brown_Site":"MAIN","LocationVerified":null,"AssetID":"200253"}},{"type":"Feature","id":109,"geometry":{"type":"Point","coordinates":[-71.4002867400851,41.8268435042505]},"properties":{"OBJECTID":109,"GlobalID_text":"{D5AD5E81-5A31-4C60-89E6-F2266E9097F9}","NN_ID":109,"Spaces_Total":36,"Spaces_Fully_Meet_City_Requirem":36,"Spaces_Usable_per_NN":0,"Spaces_Substandard":0,"Spaces_Useable_Total":36,"Evaluation":"Meets Standards","Rack_Type":"Inverted U","Rack_Type_Other":null,"Inside_or_Outside":"Outdoors - Uncovered","Location_Outdoors":"Other","Too_Close_to_Wall":"No","Parking_Type":"Short Term Parking","Notes":null,"Within_50ft_of_entrance":"Yes","Securely_anchored":"Yes","Accessible_without_stairs":"Yes","Close_to_Street":"Yes","NotBlocking_Ped_Vehicles":"Yes","size2x6x7_5aisle":"Yes","Surfaced":"Yes","Lockable":"Yes","Signed":null,"Operations_Issues":null,"Meets_City_Reqmts":"Yes","Found_Added":"Added","Brown_Address_1":"195 Thayer St","Brown_Address_2":"PROVIDENCE, RI 02912","Street_Name":"Thayer","NN_Recommended":null,"Brown_Entity_Abbr":"BR5SCILIB","Brown_Description":"BIKE RACK 5 SCIENCES LIBRARY","Brown_Site":"MAIN","LocationVerified":null,"AssetID":"200830"}},{"type":"Feature","id":110,"geometry":{"type":"Point","coordinates":[-71.4012310733663,41.8282634748725]},"properties":{"OBJECTID":110,"GlobalID_text":"{E979BDE0-3BEB-4B95-858F-2CF3FE7F5C50}","NN_ID":110,"Spaces_Total":28,"Spaces_Fully_Meet_City_Requirem":28,"Spaces_Usable_per_NN":0,"Spaces_Substandard":0,"Spaces_Useable_Total":28,"Evaluation":"Meets Standards","Rack_Type":"Inverted U","Rack_Type_Other":null,"Inside_or_Outside":"Outdoors - Uncovered","Location_Outdoors":"On sidewalk","Too_Close_to_Wall":"No","Parking_Type":"Short Term Parking","Notes":null,"Within_50ft_of_entrance":"Yes","Securely_anchored":"Yes","Accessible_without_stairs":"Yes","Close_to_Street":"Yes","NotBlocking_Ped_Vehicles":"Yes","size2x6x7_5aisle":"Yes","Surfaced":"Yes","Lockable":"Yes","Signed":null,"Operations_Issues":null,"Meets_City_Reqmts":"Yes","Found_Added":"Found","Brown_Address_1":"154 ANGELL ST","Brown_Address_2":"PROVIDENCE, RI 02912","Street_Name":"Angell","NN_Recommended":null,"Brown_Entity_Abbr":"BR1GRNFCAC","Brown_Description":"BIKE RACK 1 GRANOFF CTR","Brown_Site":"MAIN","LocationVerified":null,"AssetID":"200298"}},{"type":"Feature","id":111,"geometry":{"type":"Point","coordinates":[-71.4000085363332,41.8270027249378]},"properties":{"OBJECTID":111,"GlobalID_text":"{A696C2AA-5C42-4005-B0E9-30A2FB6F4519}","NN_ID":111,"Spaces_Total":5,"Spaces_Fully_Meet_City_Requirem":5,"Spaces_Usable_per_NN":0,"Spaces_Substandard":0,"Spaces_Useable_Total":5,"Evaluation":"Meets Standards","Rack_Type":"Wave","Rack_Type_Other":null,"Inside_or_Outside":"Outdoors - Uncovered","Location_Outdoors":"Other","Too_Close_to_Wall":"No","Parking_Type":"Short Term Parking","Notes":null,"Within_50ft_of_entrance":"Yes","Securely_anchored":"Yes","Accessible_without_stairs":"Yes","Close_to_Street":"Yes","NotBlocking_Ped_Vehicles":"Yes","size2x6x7_5aisle":"Yes","Surfaced":"Yes","Lockable":"Yes","Signed":null,"Operations_Issues":null,"Meets_City_Reqmts":"Yes","Found_Added":"Found","Brown_Address_1":"201 THAYER ST","Brown_Address_2":"PROVIDENCE, RI 02912","Street_Name":"Thayer","NN_Recommended":null,"Brown_Entity_Abbr":"BR4SCILIB","Brown_Description":"BIKE RACK 4 SCIENCES LIBRARY","Brown_Site":"MAIN","LocationVerified":null,"AssetID":"200367"}},{"type":"Feature","id":112,"geometry":{"type":"Point","coordinates":[-71.4000055009259,41.8269852170341]},"properties":{"OBJECTID":112,"GlobalID_text":"{E5117DFB-29E9-40F7-85A2-FF95DACF3FC1}","NN_ID":112,"Spaces_Total":5,"Spaces_Fully_Meet_City_Requirem":5,"Spaces_Usable_per_NN":0,"Spaces_Substandard":0,"Spaces_Useable_Total":5,"Evaluation":"Meets Standards","Rack_Type":"Wave","Rack_Type_Other":null,"Inside_or_Outside":"Outdoors - Uncovered","Location_Outdoors":"Other","Too_Close_to_Wall":"No","Parking_Type":"Short Term Parking","Notes":null,"Within_50ft_of_entrance":"Yes","Securely_anchored":"Yes","Accessible_without_stairs":"Yes","Close_to_Street":"Yes","NotBlocking_Ped_Vehicles":"Yes","size2x6x7_5aisle":"Yes","Surfaced":"Yes","Lockable":"Yes","Signed":null,"Operations_Issues":null,"Meets_City_Reqmts":"Yes","Found_Added":"Found","Brown_Address_1":"201 THAYER ST","Brown_Address_2":"PROVIDENCE, RI 02912","Street_Name":"Thayer","NN_Recommended":null,"Brown_Entity_Abbr":"BR1SCILIB","Brown_Description":"BIKE RACK 1 SCIENCES LIBRARY","Brown_Site":"MAIN","LocationVerified":null,"AssetID":"200364"}},{"type":"Feature","id":113,"geometry":{"type":"Point","coordinates":[-71.4000038794668,41.8269672231481]},"properties":{"OBJECTID":113,"GlobalID_text":"{577675DC-3DD9-4990-9FD5-F6B821D4F69C}","NN_ID":113,"Spaces_Total":5,"Spaces_Fully_Meet_City_Requirem":5,"Spaces_Usable_per_NN":0,"Spaces_Substandard":0,"Spaces_Useable_Total":5,"Evaluation":"Meets Standards","Rack_Type":"Wave","Rack_Type_Other":null,"Inside_or_Outside":"Outdoors - Uncovered","Location_Outdoors":"Other","Too_Close_to_Wall":"No","Parking_Type":"Short Term Parking","Notes":null,"Within_50ft_of_entrance":"Yes","Securely_anchored":"Yes","Accessible_without_stairs":"Yes","Close_to_Street":"Yes","NotBlocking_Ped_Vehicles":"Yes","size2x6x7_5aisle":"Yes","Surfaced":"Yes","Lockable":"Yes","Signed":null,"Operations_Issues":null,"Meets_City_Reqmts":"Yes","Found_Added":"Found","Brown_Address_1":"201 THAYER ST","Brown_Address_2":"PROVIDENCE, RI 02912","Street_Name":"Thayer","NN_Recommended":null,"Brown_Entity_Abbr":"BR3SCILIB","Brown_Description":"BIKE RACK 3 SCIENCES LIBRARY","Brown_Site":"MAIN","LocationVerified":null,"AssetID":"200366"}},{"type":"Feature","id":114,"geometry":{"type":"Point","coordinates":[-71.4000013974217,41.8269528894856]},"properties":{"OBJECTID":114,"GlobalID_text":"{11F36904-312D-48DC-8490-19855E1B5FED}","NN_ID":114,"Spaces_Total":5,"Spaces_Fully_Meet_City_Requirem":5,"Spaces_Usable_per_NN":0,"Spaces_Substandard":0,"Spaces_Useable_Total":5,"Evaluation":"Meets Standards","Rack_Type":"Wave","Rack_Type_Other":null,"Inside_or_Outside":"Outdoors - Uncovered","Location_Outdoors":"Other","Too_Close_to_Wall":"No","Parking_Type":"Short Term Parking","Notes":null,"Within_50ft_of_entrance":"Yes","Securely_anchored":"Yes","Accessible_without_stairs":"Yes","Close_to_Street":"Yes","NotBlocking_Ped_Vehicles":"Yes","size2x6x7_5aisle":"Yes","Surfaced":"Yes","Lockable":"Yes","Signed":null,"Operations_Issues":null,"Meets_City_Reqmts":"Yes","Found_Added":"Found","Brown_Address_1":"201 THAYER ST","Brown_Address_2":"PROVIDENCE, RI 02912","Street_Name":"Thayer","NN_Recommended":null,"Brown_Entity_Abbr":"BR2SCILIB","Brown_Description":"BIKE RACK 2 SCIENCES LIBRARY","Brown_Site":"MAIN","LocationVerified":null,"AssetID":"200365"}},{"type":"Feature","id":115,"geometry":{"type":"Point","coordinates":[-71.400150327316,41.8263356118503]},"properties":{"OBJECTID":115,"GlobalID_text":"{888B5E49-82A5-4631-BBC6-0BB9A86E870E}","NN_ID":115,"Spaces_Total":6,"Spaces_Fully_Meet_City_Requirem":6,"Spaces_Usable_per_NN":0,"Spaces_Substandard":0,"Spaces_Useable_Total":6,"Evaluation":"Meets Standards","Rack_Type":"Wave","Rack_Type_Other":null,"Inside_or_Outside":"Outdoors - Uncovered","Location_Outdoors":"Other","Too_Close_to_Wall":"No","Parking_Type":"Short Term Parking","Notes":null,"Within_50ft_of_entrance":"Yes","Securely_anchored":"Yes","Accessible_without_stairs":"Yes","Close_to_Street":"Yes","NotBlocking_Ped_Vehicles":"Yes","size2x6x7_5aisle":"Yes","Surfaced":"Yes","Lockable":"Yes","Signed":null,"Operations_Issues":null,"Meets_City_Reqmts":"Yes","Found_Added":"Found","Brown_Address_1":"167 THAYER ST","Brown_Address_2":"PROVIDENCE, RI 02912","Street_Name":"Thayer","NN_Recommended":null,"Brown_Entity_Abbr":"BR2MACMLLN","Brown_Description":"BIKE RACK 2 MACMILLAN","Brown_Site":"MAIN","LocationVerified":null,"AssetID":"200330"}},{"type":"Feature","id":116,"geometry":{"type":"Point","coordinates":[-71.4001508600169,41.8263485593296]},"properties":{"OBJECTID":116,"GlobalID_text":"{060CE6EC-2F5C-4BCE-9A36-A2E3D976A677}","NN_ID":116,"Spaces_Total":6,"Spaces_Fully_Meet_City_Requirem":6,"Spaces_Usable_per_NN":0,"Spaces_Substandard":0,"Spaces_Useable_Total":6,"Evaluation":"Meets Standards","Rack_Type":"Wave","Rack_Type_Other":null,"Inside_or_Outside":"Outdoors - Uncovered","Location_Outdoors":"Other","Too_Close_to_Wall":"No","Parking_Type":"Short Term Parking","Notes":null,"Within_50ft_of_entrance":"Yes","Securely_anchored":"Yes","Accessible_without_stairs":"Yes","Close_to_Street":"Yes","NotBlocking_Ped_Vehicles":"Yes","size2x6x7_5aisle":"Yes","Surfaced":"Yes","Lockable":"Yes","Signed":null,"Operations_Issues":null,"Meets_City_Reqmts":"Yes","Found_Added":"Found","Brown_Address_1":"167 THAYER ST","Brown_Address_2":"PROVIDENCE, RI 02912","Street_Name":"Thayer","NN_Recommended":null,"Brown_Entity_Abbr":"BR1MACMLLN","Brown_Description":"BIKE RACK 1 MACMILLAN","Brown_Site":"MAIN","LocationVerified":null,"AssetID":"200329"}},{"type":"Feature","id":117,"geometry":{"type":"Point","coordinates":[-71.3997985066265,41.8260781906233]},"properties":{"OBJECTID":117,"GlobalID_text":"{620614E6-B32B-41A9-8206-D7267511B243}","NN_ID":117,"Spaces_Total":6,"Spaces_Fully_Meet_City_Requirem":6,"Spaces_Usable_per_NN":0,"Spaces_Substandard":0,"Spaces_Useable_Total":6,"Evaluation":"Meets Standards","Rack_Type":"Wave","Rack_Type_Other":null,"Inside_or_Outside":"Outdoors - Uncovered","Location_Outdoors":"Other","Too_Close_to_Wall":"No","Parking_Type":"Short Term Parking","Notes":null,"Within_50ft_of_entrance":"Yes","Securely_anchored":"Yes","Accessible_without_stairs":"Yes","Close_to_Street":"Yes","NotBlocking_Ped_Vehicles":"Yes","size2x6x7_5aisle":"Yes","Surfaced":"Yes","Lockable":"Yes","Signed":null,"Operations_Issues":null,"Meets_City_Reqmts":"Yes","Found_Added":"Found","Brown_Address_1":"156 GEORGE ST","Brown_Address_2":"PROVIDENCE, RI 02912","Street_Name":"George","NN_Recommended":null,"Brown_Entity_Abbr":"BR3GEOCHEM","Brown_Description":"BIKE RACK 3 GEO-CHEM","Brown_Site":"MAIN","LocationVerified":null,"AssetID":"200290"}},{"type":"Feature","id":118,"geometry":{"type":"Point","coordinates":[-71.3997533438256,41.8260766898288]},"properties":{"OBJECTID":118,"GlobalID_text":"{787A77E9-9AF5-4F46-90EB-A7EA83AE1A25}","NN_ID":118,"Spaces_Total":6,"Spaces_Fully_Meet_City_Requirem":6,"Spaces_Usable_per_NN":0,"Spaces_Substandard":0,"Spaces_Useable_Total":6,"Evaluation":"Meets Standards","Rack_Type":"Wave","Rack_Type_Other":null,"Inside_or_Outside":"Outdoors - Uncovered","Location_Outdoors":"Other","Too_Close_to_Wall":"No","Parking_Type":"Short Term Parking","Notes":null,"Within_50ft_of_entrance":"Yes","Securely_anchored":"Yes","Accessible_without_stairs":"Yes","Close_to_Street":"Yes","NotBlocking_Ped_Vehicles":"Yes","size2x6x7_5aisle":"Yes","Surfaced":"Yes","Lockable":"Yes","Signed":null,"Operations_Issues":null,"Meets_City_Reqmts":"Yes","Found_Added":"Found","Brown_Address_1":"156 GEORGE ST","Brown_Address_2":"PROVIDENCE, RI 02912","Street_Name":"George","NN_Recommended":null,"Brown_Entity_Abbr":"BR4GEOCHEM","Brown_Description":"BIKE RACK 4 GEO-CHEM","Brown_Site":"MAIN","LocationVerified":null,"AssetID":"200291"}},{"type":"Feature","id":119,"geometry":{"type":"Point","coordinates":[-71.3997244019038,41.8265012733855]},"properties":{"OBJECTID":119,"GlobalID_text":"{81E434B3-E292-4213-9843-B1BFCDDBE08E}","NN_ID":119,"Spaces_Total":14,"Spaces_Fully_Meet_City_Requirem":14,"Spaces_Usable_per_NN":0,"Spaces_Substandard":0,"Spaces_Useable_Total":14,"Evaluation":"Meets Standards","Rack_Type":"Inverted U","Rack_Type_Other":null,"Inside_or_Outside":"Outdoors - Uncovered","Location_Outdoors":"Other","Too_Close_to_Wall":"No","Parking_Type":"Short Term Parking","Notes":null,"Within_50ft_of_entrance":"Yes","Securely_anchored":"Yes","Accessible_without_stairs":"Yes","Close_to_Street":"Yes","NotBlocking_Ped_Vehicles":"Yes","size2x6x7_5aisle":"Yes","Surfaced":"Yes","Lockable":"Yes","Signed":null,"Operations_Issues":null,"Meets_City_Reqmts":"Yes","Found_Added":"Found","Brown_Address_1":"346 BROOK ST","Brown_Address_2":"PROVIDENCE, RI 02912","Street_Name":"Brook","NN_Recommended":null,"Brown_Entity_Abbr":"BRMARSTONH","Brown_Description":"BIKE RACK MARSTON HALL","Brown_Site":"MAIN","LocationVerified":null,"AssetID":"200332"}},{"type":"Feature","id":120,"geometry":{"type":"Point","coordinates":[-71.399035753407,41.8266060812174]},"properties":{"OBJECTID":120,"GlobalID_text":"{2F1568AC-9A36-48BB-863B-55C228C3F0F3}","NN_ID":120,"Spaces_Total":12,"Spaces_Fully_Meet_City_Requirem":12,"Spaces_Usable_per_NN":0,"Spaces_Substandard":0,"Spaces_Useable_Total":12,"Evaluation":"Meets Standards","Rack_Type":"Inverted U","Rack_Type_Other":null,"Inside_or_Outside":"Outdoors - Uncovered","Location_Outdoors":"On sidewalk","Too_Close_to_Wall":"No","Parking_Type":"Short Term Parking","Notes":null,"Within_50ft_of_entrance":"Yes","Securely_anchored":"Yes","Accessible_without_stairs":"Yes","Close_to_Street":"Yes","NotBlocking_Ped_Vehicles":"Yes","size2x6x7_5aisle":"Yes","Surfaced":"Yes","Lockable":"Yes","Signed":null,"Operations_Issues":null,"Meets_City_Reqmts":"Yes","Found_Added":"Added","Brown_Address_1":"184 Hope St","Brown_Address_2":"PROVIDENCE, RI 02912","Street_Name":"Hope","NN_Recommended":null,"Brown_Entity_Abbr":"BR3PRINCE","Brown_Description":"BIKE RACK 3 PRINCE LAB","Brown_Site":"MAIN","LocationVerified":null,"AssetID":"200824"}},{"type":"Feature","id":121,"geometry":{"type":"Point","coordinates":[-71.3990000408829,41.8262959380048]},"properties":{"OBJECTID":121,"GlobalID_text":"{8B69DD4B-5E52-424E-BAF8-DD47D16B9032}","NN_ID":121,"Spaces_Total":12,"Spaces_Fully_Meet_City_Requirem":12,"Spaces_Usable_per_NN":0,"Spaces_Substandard":0,"Spaces_Useable_Total":12,"Evaluation":"Meets Standards","Rack_Type":"Inverted U","Rack_Type_Other":null,"Inside_or_Outside":"Outdoors - Uncovered","Location_Outdoors":"Other","Too_Close_to_Wall":"No","Parking_Type":"Short Term Parking","Notes":"Giancarlo plaza ","Within_50ft_of_entrance":"Yes","Securely_anchored":"Yes","Accessible_without_stairs":"Yes","Close_to_Street":"Yes","NotBlocking_Ped_Vehicles":"Yes","size2x6x7_5aisle":"Yes","Surfaced":"Yes","Lockable":"Yes","Signed":null,"Operations_Issues":null,"Meets_City_Reqmts":"Yes","Found_Added":"Added","Brown_Address_1":"29 Manning St","Brown_Address_2":"PROVIDENCE, RI 02912","Street_Name":"Manning","NN_Recommended":null,"Brown_Entity_Abbr":"BRBROOK341","Brown_Description":"BIKE RACK BROOK 341","Brown_Site":"MAIN","LocationVerified":null,"AssetID":"200825"}},{"type":"Feature","id":122,"geometry":{"type":"Point","coordinates":[-71.3987321497904,41.8261087420271]},"properties":{"OBJECTID":122,"GlobalID_text":"{B0E342D5-350D-4E8C-AC5B-C48D4B53F66F}","NN_ID":122,"Spaces_Total":18,"Spaces_Fully_Meet_City_Requirem":18,"Spaces_Usable_per_NN":0,"Spaces_Substandard":0,"Spaces_Useable_Total":18,"Evaluation":"Meets Standards","Rack_Type":"Inverted U","Rack_Type_Other":null,"Inside_or_Outside":"Outdoors - Uncovered","Location_Outdoors":"Other","Too_Close_to_Wall":"No","Parking_Type":"Short Term Parking","Notes":null,"Within_50ft_of_entrance":"Yes","Securely_anchored":"Yes","Accessible_without_stairs":"Yes","Close_to_Street":"Yes","NotBlocking_Ped_Vehicles":"Yes","size2x6x7_5aisle":"Yes","Surfaced":"Yes","Lockable":"Yes","Signed":null,"Operations_Issues":null,"Meets_City_Reqmts":"Yes","Found_Added":"Added","Brown_Address_1":"333 Brook St","Brown_Address_2":"PROVIDENCE, RI 02912","Street_Name":"Brook","NN_Recommended":null,"Brown_Entity_Abbr":"BRBROOK333","Brown_Description":"BIKE RACK BROOK 333","Brown_Site":"MAIN","LocationVerified":null,"AssetID":"200826"}},{"type":"Feature","id":123,"geometry":{"type":"Point","coordinates":[-71.3977639716283,41.8261344570064]},"properties":{"OBJECTID":123,"GlobalID_text":"{1A2012C6-1FF8-4239-9195-2FF584DCB8F6}","NN_ID":123,"Spaces_Total":6,"Spaces_Fully_Meet_City_Requirem":6,"Spaces_Usable_per_NN":0,"Spaces_Substandard":0,"Spaces_Useable_Total":6,"Evaluation":"Meets Standards","Rack_Type":"Inverted U","Rack_Type_Other":null,"Inside_or_Outside":"Outdoors - Uncovered","Location_Outdoors":"Other","Too_Close_to_Wall":"No","Parking_Type":"Short Term Parking","Notes":null,"Within_50ft_of_entrance":"Yes","Securely_anchored":"Yes","Accessible_without_stairs":"Yes","Close_to_Street":"Yes","NotBlocking_Ped_Vehicles":"Yes","size2x6x7_5aisle":"Yes","Surfaced":"Yes","Lockable":"Yes","Signed":null,"Operations_Issues":null,"Meets_City_Reqmts":"Yes","Found_Added":"Added","Brown_Address_1":"184 Hope St","Brown_Address_2":"PROVIDENCE, RI 02912","Street_Name":"Hope","NN_Recommended":null,"Brown_Entity_Abbr":"BR7BH","Brown_Description":"BIKE RACK 7 BARUS & HOLLEY","Brown_Site":"MAIN","LocationVerified":null,"AssetID":"200829"}},{"type":"Feature","id":124,"geometry":{"type":"Point","coordinates":[-71.3974659977537,41.8262512951929]},"properties":{"OBJECTID":124,"GlobalID_text":"{80A01DD8-A7B0-409C-B6E9-8F539AFFB2A1}","NN_ID":124,"Spaces_Total":14,"Spaces_Fully_Meet_City_Requirem":0,"Spaces_Usable_per_NN":2,"Spaces_Substandard":12,"Spaces_Useable_Total":2,"Evaluation":"Partially Meets Standards","Rack_Type":"Schoolyard","Rack_Type_Other":null,"Inside_or_Outside":"Outdoors - Uncovered","Location_Outdoors":"Other","Too_Close_to_Wall":"Yes","Parking_Type":"Short Term Parking","Notes":null,"Within_50ft_of_entrance":"Yes","Securely_anchored":"No","Accessible_without_stairs":"Yes","Close_to_Street":"Yes","NotBlocking_Ped_Vehicles":"Yes","size2x6x7_5aisle":"Yes","Surfaced":"Yes","Lockable":"No","Signed":null,"Operations_Issues":"Needs to be secured; schoolyard limited","Meets_City_Reqmts":"No","Found_Added":"Added","Brown_Address_1":"184 Hope St","Brown_Address_2":"PROVIDENCE, RI 02912","Street_Name":"Hope","NN_Recommended":"Some","Brown_Entity_Abbr":"BR5BH","Brown_Description":"BIKE RACK 5 BARUS & HOLLEY","Brown_Site":"MAIN","LocationVerified":null,"AssetID":"200828"}},{"type":"Feature","id":125,"geometry":{"type":"Point","coordinates":[-71.3975044294781,41.8265447994722]},"properties":{"OBJECTID":125,"GlobalID_text":"{1C301611-4277-490F-9855-CFE6829A93C7}","NN_ID":125,"Spaces_Total":6,"Spaces_Fully_Meet_City_Requirem":0,"Spaces_Usable_per_NN":2,"Spaces_Substandard":4,"Spaces_Useable_Total":2,"Evaluation":"Partially Meets Standards","Rack_Type":"Schoolyard","Rack_Type_Other":null,"Inside_or_Outside":"Outdoors - Uncovered","Location_Outdoors":"Other","Too_Close_to_Wall":"Yes","Parking_Type":"Short Term Parking","Notes":null,"Within_50ft_of_entrance":"Yes","Securely_anchored":"No","Accessible_without_stairs":"Yes","Close_to_Street":"Yes","NotBlocking_Ped_Vehicles":"Yes","size2x6x7_5aisle":"Yes","Surfaced":"Yes","Lockable":"No","Signed":null,"Operations_Issues":"Needs to be secured; schoolyard limited","Meets_City_Reqmts":"No","Found_Added":"Added","Brown_Address_1":"184 Hope St","Brown_Address_2":"PROVIDENCE, RI 02912","Street_Name":"Hope","NN_Recommended":"Some","Brown_Entity_Abbr":"BR6BH","Brown_Description":"BIKE RACK 6 BARUS & HOLLEY","Brown_Site":"MAIN","LocationVerified":null,"AssetID":"200827"}},{"type":"Feature","id":126,"geometry":{"type":"Point","coordinates":[-71.3975942421419,41.826886971198]},"properties":{"OBJECTID":126,"GlobalID_text":"{E711D8FA-3310-4604-97B0-C3B8CB1A92AD}","NN_ID":126,"Spaces_Total":6,"Spaces_Fully_Meet_City_Requirem":2,"Spaces_Usable_per_NN":0,"Spaces_Substandard":4,"Spaces_Useable_Total":2,"Evaluation":"Partially Meets Standards","Rack_Type":"Schoolyard","Rack_Type_Other":null,"Inside_or_Outside":"Outdoors - Uncovered","Location_Outdoors":"Other","Too_Close_to_Wall":"No","Parking_Type":"Short Term Parking","Notes":null,"Within_50ft_of_entrance":"Yes","Securely_anchored":"Yes","Accessible_without_stairs":"Yes","Close_to_Street":"Yes","NotBlocking_Ped_Vehicles":"Yes","size2x6x7_5aisle":"Yes","Surfaced":"Yes","Lockable":"No","Signed":null,"Operations_Issues":"Not able to lock frame and wheel except for the 2 sides","Meets_City_Reqmts":"Mostly","Found_Added":"Added","Brown_Address_1":"184 Hope St","Brown_Address_2":"PROVIDENCE, RI 02912","Street_Name":"Hope","NN_Recommended":null,"Brown_Entity_Abbr":"BR1PRINCE","Brown_Description":"BIKE RACK 1 PRINCE LAB","Brown_Site":"MAIN","LocationVerified":null,"AssetID":"200823"}},{"type":"Feature","id":127,"geometry":{"type":"Point","coordinates":[-71.3980424888923,41.8268919447762]},"properties":{"OBJECTID":127,"GlobalID_text":"{CFA85DAC-837B-4145-8DE0-6A2ADFBE4F91}","NN_ID":127,"Spaces_Total":6,"Spaces_Fully_Meet_City_Requirem":0,"Spaces_Usable_per_NN":2,"Spaces_Substandard":4,"Spaces_Useable_Total":2,"Evaluation":"Partially Meets Standards","Rack_Type":"Schoolyard","Rack_Type_Other":null,"Inside_or_Outside":"Outdoors - Uncovered","Location_Outdoors":"Other","Too_Close_to_Wall":"Yes","Parking_Type":"Short Term Parking","Notes":null,"Within_50ft_of_entrance":"No","Securely_anchored":"No","Accessible_without_stairs":"Yes","Close_to_Street":"No, discreet location","NotBlocking_Ped_Vehicles":"Yes","size2x6x7_5aisle":"?","Surfaced":"Yes","Lockable":"No","Signed":"No","Operations_Issues":"Needs signage; needs to be secured; not close to entrance; schoolyard limited","Meets_City_Reqmts":"No","Found_Added":"Added","Brown_Address_1":"182 Hope St","Brown_Address_2":"PROVIDENCE, RI 02912","Street_Name":"Hope","NN_Recommended":"Some","Brown_Entity_Abbr":"BR2PRINCE","Brown_Description":"BIKE RACK 2 PRINCE LAB","Brown_Site":"MAIN","LocationVerified":null,"AssetID":"200822"}},{"type":"Feature","id":128,"geometry":{"type":"Point","coordinates":[-71.398760723403,41.8271588211927]},"properties":{"OBJECTID":128,"GlobalID_text":"{A0D85DC4-1163-4C54-8242-EF055C7C580E}","NN_ID":128,"Spaces_Total":6,"Spaces_Fully_Meet_City_Requirem":0,"Spaces_Usable_per_NN":0,"Spaces_Substandard":6,"Spaces_Useable_Total":0,"Evaluation":"Does Not Meet Standards","Rack_Type":"Inverted U","Rack_Type_Other":null,"Inside_or_Outside":"Outdoors - Uncovered","Location_Outdoors":"Other","Too_Close_to_Wall":"No","Parking_Type":"Short Term Parking","Notes":"Damaged ","Within_50ft_of_entrance":"Yes","Securely_anchored":"No","Accessible_without_stairs":"Yes","Close_to_Street":"Yes","NotBlocking_Ped_Vehicles":"Yes","size2x6x7_5aisle":"?","Surfaced":"Yes","Lockable":"Yes","Signed":null,"Operations_Issues":"Unsecured; need repair","Meets_City_Reqmts":"No","Found_Added":"Added","Brown_Address_1":"123 Waterman St","Brown_Address_2":"PROVIDENCE, RI 02912","Street_Name":"Waterman","NN_Recommended":null,"Brown_Entity_Abbr":"BR3MINDEN","Brown_Description":"BIKE RACK 3 MINDEN HALL","Brown_Site":"MAIN","LocationVerified":null,"AssetID":"200821"}},{"type":"Feature","id":129,"geometry":{"type":"Point","coordinates":[-71.3976619634363,41.8274325409662]},"properties":{"OBJECTID":129,"GlobalID_text":"{723DF992-E61C-4D46-BD4B-7B8F91519C63}","NN_ID":129,"Spaces_Total":6,"Spaces_Fully_Meet_City_Requirem":0,"Spaces_Usable_per_NN":6,"Spaces_Substandard":0,"Spaces_Useable_Total":6,"Evaluation":"Meets Standards","Rack_Type":"Wave","Rack_Type_Other":null,"Inside_or_Outside":"Outdoors - Uncovered","Location_Outdoors":"Other","Too_Close_to_Wall":"No","Parking_Type":"Short Term Parking","Notes":null,"Within_50ft_of_entrance":"Yes","Securely_anchored":"Yes","Accessible_without_stairs":"Yes","Close_to_Street":"Yes","NotBlocking_Ped_Vehicles":"Yes","size2x6x7_5aisle":"?","Surfaced":"Mostly","Lockable":"Yes","Signed":null,"Operations_Issues":"Too close to bushes; may be able to count if vegetation is cut back","Meets_City_Reqmts":"No","Found_Added":"Found","Brown_Address_1":"190 HOPE ST","Brown_Address_2":"PROVIDENCE, RI 02912","Street_Name":"Hope","NN_Recommended":"Yes","Brown_Entity_Abbr":"BRHOPE190","Brown_Description":"BIKE RACK HOPE 190","Brown_Site":"MAIN","LocationVerified":null,"AssetID":"200305"}},{"type":"Feature","id":130,"geometry":{"type":"Point","coordinates":[-71.4028279087339,41.8247946215396]},"properties":{"OBJECTID":130,"GlobalID_text":"{937A683F-A69C-45E9-A15A-D52D98381F73}","NN_ID":130,"Spaces_Total":6,"Spaces_Fully_Meet_City_Requirem":1,"Spaces_Usable_per_NN":0,"Spaces_Substandard":5,"Spaces_Useable_Total":1,"Evaluation":"Partially Meets Standards","Rack_Type":"Wave","Rack_Type_Other":null,"Inside_or_Outside":"Outdoors - Uncovered","Location_Outdoors":"Other","Too_Close_to_Wall":"Yes","Parking_Type":"Short Term Parking","Notes":null,"Within_50ft_of_entrance":"Yes","Securely_anchored":"Yes","Accessible_without_stairs":"Yes","Close_to_Street":"Yes","NotBlocking_Ped_Vehicles":"Yes","size2x6x7_5aisle":"No","Surfaced":"Yes","Lockable":"Yes","Signed":null,"Operations_Issues":"Aisle is not wide enough","Meets_City_Reqmts":"Mostly","Found_Added":"Found","Brown_Address_1":"26 BENEVOLENT ST","Brown_Address_2":"PROVIDENCE, RI 02912","Street_Name":"Benevolent","NN_Recommended":null,"Brown_Entity_Abbr":"BRBENE026","Brown_Description":"BIKE RACK BENEVOLENT 026","Brown_Site":"MAIN","LocationVerified":null,"AssetID":"200257"}},{"type":"Feature","id":131,"geometry":{"type":"Point","coordinates":[-71.4030131566168,41.8243483656417]},"properties":{"OBJECTID":131,"GlobalID_text":"{B2F69DBC-F713-4111-BAD4-0D3CC3EDD449}","NN_ID":131,"Spaces_Total":5,"Spaces_Fully_Meet_City_Requirem":0,"Spaces_Usable_per_NN":0,"Spaces_Substandard":5,"Spaces_Useable_Total":0,"Evaluation":"Does Not Meet Standards","Rack_Type":"Wave","Rack_Type_Other":null,"Inside_or_Outside":"Outdoors - Uncovered","Location_Outdoors":"Other","Too_Close_to_Wall":"Yes","Parking_Type":"Short Term Parking","Notes":null,"Within_50ft_of_entrance":"No","Securely_anchored":"Yes","Accessible_without_stairs":"Yes","Close_to_Street":"Yes","NotBlocking_Ped_Vehicles":"Yes","size2x6x7_5aisle":"No","Surfaced":"Yes","Lockable":"Yes","Signed":"No","Operations_Issues":"Too close to wall; not near main entrance","Meets_City_Reqmts":"No","Found_Added":"Found","Brown_Address_1":"17 BENEVOLENT ST","Brown_Address_2":"PROVIDENCE, RI 02912","Street_Name":"Benevolent","NN_Recommended":null,"Brown_Entity_Abbr":"BK1KQARCBR","Brown_Description":"BIKE RACK 1 KQ ARCHIBALD-BRONSON","Brown_Site":"MAIN","LocationVerified":null,"AssetID":"200251"}},{"type":"Feature","id":132,"geometry":{"type":"Point","coordinates":[-71.4030438295922,41.8243513780224]},"properties":{"OBJECTID":132,"GlobalID_text":"{FB622456-EBA4-4C2C-8863-F3A28306D8AC}","NN_ID":132,"Spaces_Total":4,"Spaces_Fully_Meet_City_Requirem":0,"Spaces_Usable_per_NN":0,"Spaces_Substandard":4,"Spaces_Useable_Total":0,"Evaluation":"Does Not Meet Standards","Rack_Type":"Wave","Rack_Type_Other":null,"Inside_or_Outside":"Outdoors - Uncovered","Location_Outdoors":"Other","Too_Close_to_Wall":"Yes","Parking_Type":"Short Term Parking","Notes":null,"Within_50ft_of_entrance":"No","Securely_anchored":"Yes","Accessible_without_stairs":"?","Close_to_Street":"?","NotBlocking_Ped_Vehicles":"?","size2x6x7_5aisle":"?","Surfaced":"?","Lockable":"?","Signed":"?","Operations_Issues":"Need photo; Not close enough to building entrance; need signage","Meets_City_Reqmts":"No","Found_Added":"Added","Brown_Address_1":"17 BENEVOLENT ST","Brown_Address_2":"PROVIDENCE, RI 02912","Street_Name":"Benevolent","NN_Recommended":null,"Brown_Entity_Abbr":"BR9KQEVRTP","Brown_Description":"BIKE RACK 9 KQ EVERTT-POLAND","Brown_Site":"MAIN","LocationVerified":null,"AssetID":"200849"}},{"type":"Feature","id":133,"geometry":{"type":"Point","coordinates":[-71.4032563063097,41.8243386838487]},"properties":{"OBJECTID":133,"GlobalID_text":"{22258954-C0C3-4C2A-AB8A-91AA5F09938A}","NN_ID":133,"Spaces_Total":5,"Spaces_Fully_Meet_City_Requirem":0,"Spaces_Usable_per_NN":5,"Spaces_Substandard":0,"Spaces_Useable_Total":5,"Evaluation":"Meets Standards","Rack_Type":"Wave","Rack_Type_Other":null,"Inside_or_Outside":"Outdoors - Uncovered","Location_Outdoors":"Other","Too_Close_to_Wall":"Yes","Parking_Type":"Short Term Parking","Notes":null,"Within_50ft_of_entrance":"No","Securely_anchored":"Yes","Accessible_without_stairs":"Yes","Close_to_Street":"Yes","NotBlocking_Ped_Vehicles":"Yes","size2x6x7_5aisle":"No","Surfaced":"Yes","Lockable":"Yes","Signed":"No","Operations_Issues":"Recommended to check if too close to wall; Not close enough to building entrance; need signage","Meets_City_Reqmts":"No","Found_Added":"Added","Brown_Address_1":"13 BENEVOLENT ST","Brown_Address_2":"PROVIDENCE, RI 02912","Street_Name":"Benevolent","NN_Recommended":"Yes","Brown_Entity_Abbr":"BR10KQEVRTP","Brown_Description":"BIKE RACK 10 KQ EVERTT-POLAND","Brown_Site":"MAIN","LocationVerified":null,"AssetID":"200850"}},{"type":"Feature","id":134,"geometry":{"type":"Point","coordinates":[-71.4032212890816,41.8243434976339]},"properties":{"OBJECTID":134,"GlobalID_text":"{A01E45B5-6C51-4A40-BF47-77EC5B656FAA}","NN_ID":134,"Spaces_Total":4,"Spaces_Fully_Meet_City_Requirem":0,"Spaces_Usable_per_NN":4,"Spaces_Substandard":0,"Spaces_Useable_Total":4,"Evaluation":"Meets Standards","Rack_Type":"Wave","Rack_Type_Other":null,"Inside_or_Outside":"Outdoors - Uncovered","Location_Outdoors":"Other","Too_Close_to_Wall":"Yes","Parking_Type":"Short Term Parking","Notes":null,"Within_50ft_of_entrance":"No","Securely_anchored":"Yes","Accessible_without_stairs":"Yes","Close_to_Street":"Yes","NotBlocking_Ped_Vehicles":"Yes","size2x6x7_5aisle":"?","Surfaced":"Yes","Lockable":"Yes","Signed":"No","Operations_Issues":"Recommended to check if too close to wall; Not close enough to building entrance; need signage","Meets_City_Reqmts":"No","Found_Added":"Found","Brown_Address_1":"13 BENEVOLENT ST","Brown_Address_2":"PROVIDENCE, RI 02912","Street_Name":"Benevolent","NN_Recommended":"Yes","Brown_Entity_Abbr":"BR4KQEVRTP","Brown_Description":"BIKE RACK 4 KQ EVERTT-POLAND","Brown_Site":"MAIN","LocationVerified":null,"AssetID":"200316"}},{"type":"Feature","id":135,"geometry":{"type":"Point","coordinates":[-71.4032606370877,41.8240139509931]},"properties":{"OBJECTID":135,"GlobalID_text":"{83ED8B65-668C-4A29-B800-4590187DF750}","NN_ID":135,"Spaces_Total":4,"Spaces_Fully_Meet_City_Requirem":0,"Spaces_Usable_per_NN":0,"Spaces_Substandard":4,"Spaces_Useable_Total":0,"Evaluation":"Does Not Meet Standards","Rack_Type":"Wave","Rack_Type_Other":null,"Inside_or_Outside":"Outdoors - Uncovered","Location_Outdoors":"Other","Too_Close_to_Wall":"Yes","Parking_Type":"Short Term Parking","Notes":null,"Within_50ft_of_entrance":"Yes","Securely_anchored":"Yes","Accessible_without_stairs":"Yes","Close_to_Street":"Yes","NotBlocking_Ped_Vehicles":"Yes","size2x6x7_5aisle":"No","Surfaced":"No - Uneven","Lockable":"Yes","Signed":null,"Operations_Issues":"Need even surface; too close to wall; may not meet width req","Meets_City_Reqmts":"No","Found_Added":"Added","Brown_Address_1":"13 BENEVOLENT ST","Brown_Address_2":"PROVIDENCE, RI 02912","Street_Name":"Benevolent","NN_Recommended":null,"Brown_Entity_Abbr":"BR8KQEVRTP","Brown_Description":"BIKE RACK 8 KQ EVERTT-POLAND","Brown_Site":"MAIN","LocationVerified":null,"AssetID":"200851"}},{"type":"Feature","id":136,"geometry":{"type":"Point","coordinates":[-71.4032400503964,41.8240171789434]},"properties":{"OBJECTID":136,"GlobalID_text":"{F012C812-1DE7-4AF1-BB40-E8654E9275DA}","NN_ID":136,"Spaces_Total":6,"Spaces_Fully_Meet_City_Requirem":0,"Spaces_Usable_per_NN":0,"Spaces_Substandard":6,"Spaces_Useable_Total":0,"Evaluation":"Does Not Meet Standards","Rack_Type":"Wave","Rack_Type_Other":null,"Inside_or_Outside":"Outdoors - Uncovered","Location_Outdoors":"Other","Too_Close_to_Wall":"Yes","Parking_Type":"Short Term Parking","Notes":null,"Within_50ft_of_entrance":"Yes","Securely_anchored":"Yes","Accessible_without_stairs":"Yes","Close_to_Street":"Yes","NotBlocking_Ped_Vehicles":"Yes","size2x6x7_5aisle":"No","Surfaced":"Yes","Lockable":"Yes","Signed":null,"Operations_Issues":"Too close to wall","Meets_City_Reqmts":"No","Found_Added":"Found","Brown_Address_1":"13 BENEVOLENT ST","Brown_Address_2":"PROVIDENCE, RI 02912","Street_Name":"Benevolent","NN_Recommended":null,"Brown_Entity_Abbr":"BR3KQEVRTP","Brown_Description":"BIKE RACK 3 KQ EVERTT-POLAND","Brown_Site":"MAIN","LocationVerified":null,"AssetID":"200315"}},{"type":"Feature","id":137,"geometry":{"type":"Point","coordinates":[-71.4029948444598,41.8240138037204]},"properties":{"OBJECTID":137,"GlobalID_text":"{39CBE6CD-6BCA-4519-8976-5E8454927399}","NN_ID":137,"Spaces_Total":4,"Spaces_Fully_Meet_City_Requirem":4,"Spaces_Usable_per_NN":0,"Spaces_Substandard":0,"Spaces_Useable_Total":4,"Evaluation":"Meets Standards","Rack_Type":"Wave","Rack_Type_Other":null,"Inside_or_Outside":"Outdoors - Uncovered","Location_Outdoors":"Other","Too_Close_to_Wall":"Yes","Parking_Type":"Short Term Parking","Notes":null,"Within_50ft_of_entrance":"Yes","Securely_anchored":"Yes","Accessible_without_stairs":"Yes","Close_to_Street":"Yes","NotBlocking_Ped_Vehicles":"Yes","size2x6x7_5aisle":"?","Surfaced":"Yes","Lockable":"Yes","Signed":null,"Operations_Issues":"Recommended to check if too close to wall","Meets_City_Reqmts":"Yes","Found_Added":"Found","Brown_Address_1":"17 BENEVOLENT ST","Brown_Address_2":"PROVIDENCE, RI 02912","Street_Name":"Benevolent","NN_Recommended":null,"Brown_Entity_Abbr":"BR3KQARCBR","Brown_Description":"BIKE RACK 3 KQ ARCHIBALD-BRONSON","Brown_Site":"MAIN","LocationVerified":null,"AssetID":"200312"}},{"type":"Feature","id":138,"geometry":{"type":"Point","coordinates":[-71.4035088712451,41.8243448920316]},"properties":{"OBJECTID":138,"GlobalID_text":"{E70FE9E6-7986-4D34-AB33-043D5DEE0A28}","NN_ID":138,"Spaces_Total":6,"Spaces_Fully_Meet_City_Requirem":6,"Spaces_Usable_per_NN":0,"Spaces_Substandard":0,"Spaces_Useable_Total":6,"Evaluation":"Meets Standards","Rack_Type":"Wave","Rack_Type_Other":null,"Inside_or_Outside":"Outdoors - Uncovered","Location_Outdoors":"Other","Too_Close_to_Wall":"Yes","Parking_Type":"Short Term Parking","Notes":null,"Within_50ft_of_entrance":"Yes","Securely_anchored":"Yes","Accessible_without_stairs":"Yes","Close_to_Street":"Yes","NotBlocking_Ped_Vehicles":"Yes","size2x6x7_5aisle":"?","Surfaced":"Yes","Lockable":"Yes","Signed":null,"Operations_Issues":"Recommended to check if too close to wall","Meets_City_Reqmts":"Yes","Found_Added":"Found","Brown_Address_1":"13 BENEVOLENT ST","Brown_Address_2":"PROVIDENCE, RI 02912","Street_Name":"Benevolent","NN_Recommended":null,"Brown_Entity_Abbr":"BR1KQEVRTP","Brown_Description":"BIKE RACK 1 KQ EVERTT-POLAND","Brown_Site":"MAIN","LocationVerified":null,"AssetID":"200313"}},{"type":"Feature","id":139,"geometry":{"type":"Point","coordinates":[-71.4037450068923,41.824336756594]},"properties":{"OBJECTID":139,"GlobalID_text":"{69568B5F-DA86-4FCF-A63C-BC6D1D739637}","NN_ID":139,"Spaces_Total":5,"Spaces_Fully_Meet_City_Requirem":5,"Spaces_Usable_per_NN":0,"Spaces_Substandard":0,"Spaces_Useable_Total":5,"Evaluation":"Meets Standards","Rack_Type":"Wave","Rack_Type_Other":null,"Inside_or_Outside":"Outdoors - Uncovered","Location_Outdoors":"Other","Too_Close_to_Wall":"Yes","Parking_Type":"Short Term Parking","Notes":null,"Within_50ft_of_entrance":"Yes","Securely_anchored":"Yes","Accessible_without_stairs":"Yes","Close_to_Street":"Yes","NotBlocking_Ped_Vehicles":"Yes","size2x6x7_5aisle":"?","Surfaced":"Yes","Lockable":"Yes","Signed":null,"Operations_Issues":"Recommended to check if too close to wall","Meets_City_Reqmts":"Yes","Found_Added":"Found","Brown_Address_1":"11 BENEVOLENT ST","Brown_Address_2":"PROVIDENCE, RI 02912","Street_Name":"Benevolent","NN_Recommended":null,"Brown_Entity_Abbr":"BRKQJMSNMD","Brown_Description":"BIKE RACK KQ JAMESON-MEAD","Brown_Site":"MAIN","LocationVerified":null,"AssetID":"200318"}},{"type":"Feature","id":140,"geometry":{"type":"Point","coordinates":[-71.4037471781203,41.8240068430755]},"properties":{"OBJECTID":140,"GlobalID_text":"{CFE3A28D-04A4-4C97-9CA6-340EC3B629AF}","NN_ID":140,"Spaces_Total":5,"Spaces_Fully_Meet_City_Requirem":0,"Spaces_Usable_per_NN":0,"Spaces_Substandard":5,"Spaces_Useable_Total":0,"Evaluation":"Does Not Meet Standards","Rack_Type":"Wave","Rack_Type_Other":null,"Inside_or_Outside":"Outdoors - Uncovered","Location_Outdoors":"Other","Too_Close_to_Wall":"Yes","Parking_Type":"Short Term Parking","Notes":null,"Within_50ft_of_entrance":"Yes","Securely_anchored":"Yes","Accessible_without_stairs":"Yes","Close_to_Street":"Yes","NotBlocking_Ped_Vehicles":"Yes","size2x6x7_5aisle":"No","Surfaced":"Yes","Lockable":"Yes","Signed":null,"Operations_Issues":"Too close to wall; may not meet width req","Meets_City_Reqmts":"No","Found_Added":"Added","Brown_Address_1":"15 Charlesfield St","Brown_Address_2":"PROVIDENCE, RI 02912","Street_Name":"Charlesfield","NN_Recommended":null,"Brown_Entity_Abbr":"BR6KQEVRTP","Brown_Description":"BIKE RACK 6 KQ EVERTT-POLAND","Brown_Site":"MAIN","LocationVerified":null,"AssetID":"200852"}},{"type":"Feature","id":141,"geometry":{"type":"Point","coordinates":[-71.4022987974383,41.8250679069324]},"properties":{"OBJECTID":141,"GlobalID_text":"{B9A1CF4D-4E77-429C-A366-242BF7A6277E}","NN_ID":141,"Spaces_Total":5,"Spaces_Fully_Meet_City_Requirem":5,"Spaces_Usable_per_NN":0,"Spaces_Substandard":0,"Spaces_Useable_Total":5,"Evaluation":"Meets Standards","Rack_Type":"Wave","Rack_Type_Other":null,"Inside_or_Outside":"Outdoors - Uncovered","Location_Outdoors":"Other","Too_Close_to_Wall":"Yes","Parking_Type":"Short Term Parking","Notes":null,"Within_50ft_of_entrance":"Yes","Securely_anchored":"Yes","Accessible_without_stairs":"Yes","Close_to_Street":"Yes","NotBlocking_Ped_Vehicles":"Yes","size2x6x7_5aisle":"?","Surfaced":"Yes","Lockable":"Yes","Signed":null,"Operations_Issues":"May need to check if too close to wall; OK because bike in photo is upright","Meets_City_Reqmts":"Yes","Found_Added":"Found","Brown_Address_1":"31 BROWN ST","Brown_Address_2":"PROVIDENCE, RI 02912","Street_Name":"Brown","NN_Recommended":null,"Brown_Entity_Abbr":"BR2WAYLAND","Brown_Description":"BIKE RACK 2 WAYLAND HOUSE","Brown_Site":"MAIN","LocationVerified":null,"AssetID":"200392"}},{"type":"Feature","id":142,"geometry":{"type":"Point","coordinates":[-71.4022694252234,41.8249462307563]},"properties":{"OBJECTID":142,"GlobalID_text":"{F805A80E-5223-447B-BA11-9AB29E14A526}","NN_ID":142,"Spaces_Total":10,"Spaces_Fully_Meet_City_Requirem":10,"Spaces_Usable_per_NN":0,"Spaces_Substandard":0,"Spaces_Useable_Total":10,"Evaluation":"Meets Standards","Rack_Type":"Wave","Rack_Type_Other":null,"Inside_or_Outside":"Outdoors - Uncovered","Location_Outdoors":"Other","Too_Close_to_Wall":"Yes","Parking_Type":"Short Term Parking","Notes":null,"Within_50ft_of_entrance":"Yes","Securely_anchored":"Yes","Accessible_without_stairs":"Yes","Close_to_Street":"Yes","NotBlocking_Ped_Vehicles":"Yes","size2x6x7_5aisle":"Yes","Surfaced":"Yes","Lockable":"Yes","Signed":null,"Operations_Issues":"May need to check if too close to wall","Meets_City_Reqmts":"Yes","Found_Added":"Found","Brown_Address_1":"31 BROWN ST","Brown_Address_2":"PROVIDENCE, RI 02912","Street_Name":"Brown","NN_Recommended":null,"Brown_Entity_Abbr":"BR3WAYLAND","Brown_Description":"BIKE RACK 3 WAYLAND HOUSE","Brown_Site":"MAIN","LocationVerified":null,"AssetID":"200393"}},{"type":"Feature","id":143,"geometry":{"type":"Point","coordinates":[-71.4021400732124,41.8246092306017]},"properties":{"OBJECTID":143,"GlobalID_text":"{7DDC7E30-D4C0-4877-8A12-4A2363FF3970}","NN_ID":143,"Spaces_Total":5,"Spaces_Fully_Meet_City_Requirem":4,"Spaces_Usable_per_NN":0,"Spaces_Substandard":1,"Spaces_Useable_Total":4,"Evaluation":"Partially Meets Standards","Rack_Type":"Wave","Rack_Type_Other":null,"Inside_or_Outside":"Outdoors - Uncovered","Location_Outdoors":"Other","Too_Close_to_Wall":"No","Parking_Type":"Short Term Parking","Notes":null,"Within_50ft_of_entrance":"Yes","Securely_anchored":"Yes","Accessible_without_stairs":"Yes","Close_to_Street":"Yes","NotBlocking_Ped_Vehicles":"Yes","size2x6x7_5aisle":"?","Surfaced":"Mostly","Lockable":"Yes","Signed":null,"Operations_Issues":"Far left space may be too narrow to count; recommended to check width req","Meets_City_Reqmts":"Mostly","Found_Added":"Found","Brown_Address_1":"27 BROWN ST","Brown_Address_2":"PROVIDENCE, RI 02912","Street_Name":"Brown","NN_Recommended":null,"Brown_Entity_Abbr":"BRBUXTON","Brown_Description":"BIKE RACK BUXTON HOUSE","Brown_Site":"MAIN","LocationVerified":null,"AssetID":"200267"}},{"type":"Feature","id":144,"geometry":{"type":"Point","coordinates":[-71.4016974903399,41.8252060101766]},"properties":{"OBJECTID":144,"GlobalID_text":"{97D52161-1417-4980-B21E-9CE6406BB190}","NN_ID":144,"Spaces_Total":5,"Spaces_Fully_Meet_City_Requirem":0,"Spaces_Usable_per_NN":3,"Spaces_Substandard":2,"Spaces_Useable_Total":3,"Evaluation":"Partially Meets Standards","Rack_Type":"Wave","Rack_Type_Other":null,"Inside_or_Outside":"Outdoors - Uncovered","Location_Outdoors":"Other","Too_Close_to_Wall":"No","Parking_Type":"Short Term Parking","Notes":null,"Within_50ft_of_entrance":"Yes","Securely_anchored":"Yes","Accessible_without_stairs":"Yes","Close_to_Street":"Yes","NotBlocking_Ped_Vehicles":"Yes","size2x6x7_5aisle":"?","Surfaced":"Mostly","Lockable":"Yes","Signed":null,"Operations_Issues":"Need more surfacing / cut back greenery","Meets_City_Reqmts":"No","Found_Added":"Found","Brown_Address_1":"113 GEORGE ST","Brown_Address_2":"PROVIDENCE, RI 02912","Street_Name":"George","NN_Recommended":"Some","Brown_Entity_Abbr":"BR1SEARS","Brown_Description":"BIKE RACK 1 SEARS HOUSE","Brown_Site":"MAIN","LocationVerified":null,"AssetID":"200368"}},{"type":"Feature","id":145,"geometry":{"type":"Point","coordinates":[-71.4013071660608,41.8252450146195]},"properties":{"OBJECTID":145,"GlobalID_text":"{C94C55A2-B8C6-42DF-9682-F627617EE31A}","NN_ID":145,"Spaces_Total":12,"Spaces_Fully_Meet_City_Requirem":12,"Spaces_Usable_per_NN":0,"Spaces_Substandard":0,"Spaces_Useable_Total":12,"Evaluation":"Meets Standards","Rack_Type":"Inverted U","Rack_Type_Other":null,"Inside_or_Outside":"Outdoors - Uncovered","Location_Outdoors":"Other","Too_Close_to_Wall":"Yes","Parking_Type":"Short Term Parking","Notes":null,"Within_50ft_of_entrance":"Yes","Securely_anchored":"Yes","Accessible_without_stairs":"Yes","Close_to_Street":"Yes","NotBlocking_Ped_Vehicles":"Yes","size2x6x7_5aisle":"Yes","Surfaced":"Yes","Lockable":"Yes","Signed":null,"Operations_Issues":null,"Meets_City_Reqmts":"Yes","Found_Added":"Added","Brown_Address_1":"113 George St","Brown_Address_2":"PROVIDENCE, RI 02912","Street_Name":"George","NN_Recommended":null,"Brown_Entity_Abbr":"BR5SEARS","Brown_Description":"BIKE RACK 5 SEARS HOUSE","Brown_Site":"MAIN","LocationVerified":null,"AssetID":"200871"}},{"type":"Feature","id":146,"geometry":{"type":"Point","coordinates":[-71.4012238230637,41.8252850532743]},"properties":{"OBJECTID":146,"GlobalID_text":"{F2A556E1-F5DA-4867-A669-DB23B10B68CF}","NN_ID":146,"Spaces_Total":6,"Spaces_Fully_Meet_City_Requirem":5,"Spaces_Usable_per_NN":0,"Spaces_Substandard":1,"Spaces_Useable_Total":5,"Evaluation":"Partially Meets Standards","Rack_Type":"Wave","Rack_Type_Other":null,"Inside_or_Outside":"Outdoors - Uncovered","Location_Outdoors":"Other","Too_Close_to_Wall":"Yes","Parking_Type":"Short Term Parking","Notes":null,"Within_50ft_of_entrance":"Yes","Securely_anchored":"Yes","Accessible_without_stairs":"Yes","Close_to_Street":"Yes","NotBlocking_Ped_Vehicles":"Yes","size2x6x7_5aisle":"Mostly","Surfaced":"Yes","Lockable":"Yes","Signed":null,"Operations_Issues":"Far right space blocked by planter","Meets_City_Reqmts":"Mostly","Found_Added":"Added","Brown_Address_1":"144 Thayer St","Brown_Address_2":"PROVIDENCE, RI 02912","Street_Name":"Thayer","NN_Recommended":null,"Brown_Entity_Abbr":"BR6SHARPRF","Brown_Description":"BIKE RACK 6 SHARPE REF","Brown_Site":"MAIN","LocationVerified":null,"AssetID":"200870"}},{"type":"Feature","id":147,"geometry":{"type":"Point","coordinates":[-71.4012253331316,41.8253000634123]},"properties":{"OBJECTID":147,"GlobalID_text":"{815CE319-7650-483A-B217-CEABB276B46D}","NN_ID":147,"Spaces_Total":6,"Spaces_Fully_Meet_City_Requirem":6,"Spaces_Usable_per_NN":0,"Spaces_Substandard":0,"Spaces_Useable_Total":6,"Evaluation":"Meets Standards","Rack_Type":"Wave","Rack_Type_Other":null,"Inside_or_Outside":"Outdoors - Uncovered","Location_Outdoors":"Other","Too_Close_to_Wall":"Yes","Parking_Type":"Short Term Parking","Notes":null,"Within_50ft_of_entrance":"Yes","Securely_anchored":"Yes","Accessible_without_stairs":"Yes","Close_to_Street":"Yes","NotBlocking_Ped_Vehicles":"Yes","size2x6x7_5aisle":"?","Surfaced":"Yes","Lockable":"Yes","Signed":null,"Operations_Issues":"May need to check if too close to wall","Meets_City_Reqmts":"Yes","Found_Added":"Added","Brown_Address_1":"144 Thayer St","Brown_Address_2":"PROVIDENCE, RI 02912","Street_Name":"Thayer","NN_Recommended":null,"Brown_Entity_Abbr":"BR5SHARPRF","Brown_Description":"BIKE RACK 5 SHARPE REF","Brown_Site":"MAIN","LocationVerified":null,"AssetID":"200869"}},{"type":"Feature","id":148,"geometry":{"type":"Point","coordinates":[-71.4012287593061,41.8253206369953]},"properties":{"OBJECTID":148,"GlobalID_text":"{617212B2-8241-4E20-A4AC-EBAB081067C4}","NN_ID":148,"Spaces_Total":6,"Spaces_Fully_Meet_City_Requirem":6,"Spaces_Usable_per_NN":0,"Spaces_Substandard":0,"Spaces_Useable_Total":6,"Evaluation":"Meets Standards","Rack_Type":"Wave","Rack_Type_Other":null,"Inside_or_Outside":"Outdoors - Uncovered","Location_Outdoors":"Other","Too_Close_to_Wall":"Yes","Parking_Type":"Short Term Parking","Notes":null,"Within_50ft_of_entrance":"Yes","Securely_anchored":"Yes","Accessible_without_stairs":"Yes","Close_to_Street":"Yes","NotBlocking_Ped_Vehicles":"Yes","size2x6x7_5aisle":"?","Surfaced":"Yes","Lockable":"Yes","Signed":null,"Operations_Issues":"May need to check if too close to wall","Meets_City_Reqmts":"Yes","Found_Added":"Added","Brown_Address_1":"144 Thayer St","Brown_Address_2":"PROVIDENCE, RI 02912","Street_Name":"Thayer","NN_Recommended":null,"Brown_Entity_Abbr":"BR4SHARPRF","Brown_Description":"BIKE RACK 4 SHARPE REF","Brown_Site":"MAIN","LocationVerified":null,"AssetID":"200868"}},{"type":"Feature","id":149,"geometry":{"type":"Point","coordinates":[-71.4012329876762,41.825343073533]},"properties":{"OBJECTID":149,"GlobalID_text":"{2C7D59C6-87EF-4F38-B478-463751221FBD}","NN_ID":149,"Spaces_Total":5,"Spaces_Fully_Meet_City_Requirem":5,"Spaces_Usable_per_NN":0,"Spaces_Substandard":0,"Spaces_Useable_Total":5,"Evaluation":"Meets Standards","Rack_Type":"Wave","Rack_Type_Other":null,"Inside_or_Outside":"Outdoors - Uncovered","Location_Outdoors":"Other","Too_Close_to_Wall":"Yes","Parking_Type":"Short Term Parking","Notes":null,"Within_50ft_of_entrance":"Yes","Securely_anchored":"Yes","Accessible_without_stairs":"Yes","Close_to_Street":"Yes","NotBlocking_Ped_Vehicles":"Yes","size2x6x7_5aisle":"?","Surfaced":"Yes","Lockable":"Yes","Signed":null,"Operations_Issues":"May need to check if too close to wall","Meets_City_Reqmts":"Yes","Found_Added":"Found","Brown_Address_1":"144 THAYER ST","Brown_Address_2":"PROVIDENCE, RI 02912","Street_Name":"Thayer","NN_Recommended":null,"Brown_Entity_Abbr":"BR1SHARPRF","Brown_Description":"BIKE RACK 1 SHARPE REF","Brown_Site":"MAIN","LocationVerified":null,"AssetID":"200372"}},{"type":"Feature","id":150,"geometry":{"type":"Point","coordinates":[-71.4015110467993,41.8245136393715]},"properties":{"OBJECTID":150,"GlobalID_text":"{1140C79A-63DA-44A9-92F7-8255B287D484}","NN_ID":150,"Spaces_Total":6,"Spaces_Fully_Meet_City_Requirem":0,"Spaces_Usable_per_NN":5,"Spaces_Substandard":1,"Spaces_Useable_Total":5,"Evaluation":"Partially Meets Standards","Rack_Type":"Wave","Rack_Type_Other":null,"Inside_or_Outside":"Outdoors - Uncovered","Location_Outdoors":"Other","Too_Close_to_Wall":"No","Parking_Type":"Short Term Parking","Notes":null,"Within_50ft_of_entrance":"No","Securely_anchored":"Yes","Accessible_without_stairs":"Yes","Close_to_Street":"Yes","NotBlocking_Ped_Vehicles":"Yes","size2x6x7_5aisle":"?","Surfaced":"Mostly","Lockable":"Yes","Signed":"No","Operations_Issues":"May need to check surfacing req; far right space too narrow; Not close enough to building entrance; need signage","Meets_City_Reqmts":"No","Found_Added":"Found","Brown_Address_1":"41 CHARLESFIELD ST","Brown_Address_2":"PROVIDENCE, RI 02912","Street_Name":"Charlesfield","NN_Recommended":"Some","Brown_Entity_Abbr":"BR2DIMAN","Brown_Description":"BIKE RACK 2 DIMAN HOUSE","Brown_Site":"MAIN","LocationVerified":null,"AssetID":"200278"}},{"type":"Feature","id":151,"geometry":{"type":"Point","coordinates":[-71.4005567781511,41.8244811793694]},"properties":{"OBJECTID":151,"GlobalID_text":"{375DE52E-CB0D-4576-BF3D-FD4969592290}","NN_ID":151,"Spaces_Total":5,"Spaces_Fully_Meet_City_Requirem":0,"Spaces_Usable_per_NN":5,"Spaces_Substandard":0,"Spaces_Useable_Total":5,"Evaluation":"Meets Standards","Rack_Type":"Wave","Rack_Type_Other":null,"Inside_or_Outside":"Outdoors - Uncovered","Location_Outdoors":"Other","Too_Close_to_Wall":"No","Parking_Type":"Short Term Parking","Notes":null,"Within_50ft_of_entrance":"Yes","Securely_anchored":"Yes","Accessible_without_stairs":"Yes","Close_to_Street":"Yes","NotBlocking_Ped_Vehicles":"Yes","size2x6x7_5aisle":"No","Surfaced":"Mostly","Lockable":"Yes","Signed":null,"Operations_Issues":"Need to expand surfaced area","Meets_City_Reqmts":"No","Found_Added":"Found","Brown_Address_1":"116 THAYER ST","Brown_Address_2":"PROVIDENCE, RI 02912","Street_Name":"Thayer","NN_Recommended":"Yes","Brown_Entity_Abbr":"BR1CHAPIN","Brown_Description":"BIKE RACK 1 CHAPIN HOUSE","Brown_Site":"MAIN","LocationVerified":null,"AssetID":"200271"}},{"type":"Feature","id":152,"geometry":{"type":"Point","coordinates":[-71.4009740572787,41.8246004840214]},"properties":{"OBJECTID":152,"GlobalID_text":"{CE6E4A02-6873-4D78-A3A2-BE596A677DFC}","NN_ID":152,"Spaces_Total":6,"Spaces_Fully_Meet_City_Requirem":0,"Spaces_Usable_per_NN":0,"Spaces_Substandard":6,"Spaces_Useable_Total":0,"Evaluation":"Does Not Meet Standards","Rack_Type":"Schoolyard","Rack_Type_Other":null,"Inside_or_Outside":"Outdoors - Uncovered","Location_Outdoors":"Other","Too_Close_to_Wall":"No","Parking_Type":"Short Term Parking","Notes":null,"Within_50ft_of_entrance":"Yes","Securely_anchored":"No","Accessible_without_stairs":"Yes","Close_to_Street":"Yes","NotBlocking_Ped_Vehicles":"Yes","size2x6x7_5aisle":"No","Surfaced":"No","Lockable":"No","Signed":null,"Operations_Issues":"Not secured or surfaced","Meets_City_Reqmts":"No","Found_Added":"Added","Brown_Address_1":"41 Charlesfield St","Brown_Address_2":"PROVIDENCE, RI 02912","Street_Name":"Charlesfield","NN_Recommended":null,"Brown_Entity_Abbr":"BR4MARCYHS","Brown_Description":"BIKE RACK 4 MARCY HOUSE","Brown_Site":"MAIN","LocationVerified":null,"AssetID":"200861"}},{"type":"Feature","id":153,"geometry":{"type":"Point","coordinates":[-71.4009100756709,41.8242441157564]},"properties":{"OBJECTID":153,"GlobalID_text":"{A656BEE6-EA42-4297-B76B-AAB65853BF53}","NN_ID":153,"Spaces_Total":10,"Spaces_Fully_Meet_City_Requirem":9,"Spaces_Usable_per_NN":0,"Spaces_Substandard":1,"Spaces_Useable_Total":9,"Evaluation":"Partially Meets Standards","Rack_Type":"Inverted U","Rack_Type_Other":null,"Inside_or_Outside":"Outdoors - Uncovered","Location_Outdoors":"Other","Too_Close_to_Wall":"No","Parking_Type":"Short Term Parking","Notes":null,"Within_50ft_of_entrance":"Yes","Securely_anchored":"Yes","Accessible_without_stairs":"Yes","Close_to_Street":"Yes","NotBlocking_Ped_Vehicles":"Yes","size2x6x7_5aisle":"Yes","Surfaced":"Yes","Lockable":"Yes","Signed":null,"Operations_Issues":"Need to ensure clearance for far right space","Meets_City_Reqmts":"Mostly","Found_Added":"Added","Brown_Address_1":"41 Charlesfield St","Brown_Address_2":"PROVIDENCE, RI 02912","Street_Name":"Charlesfield","NN_Recommended":null,"Brown_Entity_Abbr":"BR4GODDARD","Brown_Description":"BIKE RACK 4 GODDARD HOUSE","Brown_Site":"MAIN","LocationVerified":null,"AssetID":"200862"}},{"type":"Feature","id":154,"geometry":{"type":"Point","coordinates":[-71.4003336860419,41.8241601926412]},"properties":{"OBJECTID":154,"GlobalID_text":"{DC5F05DF-E6F4-436C-A33A-774464607DFE}","NN_ID":154,"Spaces_Total":10,"Spaces_Fully_Meet_City_Requirem":10,"Spaces_Usable_per_NN":0,"Spaces_Substandard":0,"Spaces_Useable_Total":10,"Evaluation":"Meets Standards","Rack_Type":"Inverted U","Rack_Type_Other":null,"Inside_or_Outside":"Outdoors - Uncovered","Location_Outdoors":"Other","Too_Close_to_Wall":"No","Parking_Type":"Short Term Parking","Notes":null,"Within_50ft_of_entrance":"Yes","Securely_anchored":"Yes","Accessible_without_stairs":"Yes","Close_to_Street":"Yes","NotBlocking_Ped_Vehicles":"Yes","size2x6x7_5aisle":"Yes","Surfaced":"Yes","Lockable":"Yes","Signed":null,"Operations_Issues":null,"Meets_City_Reqmts":"Yes","Found_Added":"Found","Brown_Address_1":"47 CHARLESFIELD ST","Brown_Address_2":"PROVIDENCE, RI 02912","Street_Name":"Charlesfield","NN_Recommended":null,"Brown_Entity_Abbr":"BR1HARKNES","Brown_Description":"BIKE RACK 1 HARKNESS","Brown_Site":"MAIN","LocationVerified":null,"AssetID":"200301"}},{"type":"Feature","id":155,"geometry":{"type":"Point","coordinates":[-71.4002694259564,41.8240788406613]},"properties":{"OBJECTID":155,"GlobalID_text":"{80645A69-D214-4EC8-8607-1D542A59D7F2}","NN_ID":155,"Spaces_Total":6,"Spaces_Fully_Meet_City_Requirem":6,"Spaces_Usable_per_NN":0,"Spaces_Substandard":0,"Spaces_Useable_Total":6,"Evaluation":"Meets Standards","Rack_Type":"Inverted U","Rack_Type_Other":null,"Inside_or_Outside":"Outdoors - Uncovered","Location_Outdoors":"Other","Too_Close_to_Wall":"No","Parking_Type":"Short Term Parking","Notes":null,"Within_50ft_of_entrance":"Yes","Securely_anchored":"Yes","Accessible_without_stairs":"Yes","Close_to_Street":"Yes","NotBlocking_Ped_Vehicles":"Yes","size2x6x7_5aisle":"Yes","Surfaced":"Yes","Lockable":"Yes","Signed":null,"Operations_Issues":null,"Meets_City_Reqmts":"Yes","Found_Added":"Added","Brown_Address_1":"75 Charlesfield St","Brown_Address_2":"PROVIDENCE, RI 02912","Street_Name":"Charlesfield","NN_Recommended":null,"Brown_Entity_Abbr":"BR5HARKNES","Brown_Description":"BIKE RACK 4 HARKNESS","Brown_Site":"MAIN","LocationVerified":null,"AssetID":"200865"}},{"type":"Feature","id":156,"geometry":{"type":"Point","coordinates":[-71.4000251327081,41.8242406387936]},"properties":{"OBJECTID":156,"GlobalID_text":"{88385083-E5EA-4CEA-B9DD-D14C1C2534E6}","NN_ID":156,"Spaces_Total":5,"Spaces_Fully_Meet_City_Requirem":5,"Spaces_Usable_per_NN":0,"Spaces_Substandard":0,"Spaces_Useable_Total":5,"Evaluation":"Meets Standards","Rack_Type":"Wave","Rack_Type_Other":null,"Inside_or_Outside":"Outdoors - Uncovered","Location_Outdoors":"Other","Too_Close_to_Wall":"Yes","Parking_Type":"Short Term Parking","Notes":null,"Within_50ft_of_entrance":"Yes","Securely_anchored":"Yes","Accessible_without_stairs":"Yes","Close_to_Street":"Yes","NotBlocking_Ped_Vehicles":"Yes","size2x6x7_5aisle":"?","Surfaced":"Yes","Lockable":"Yes","Signed":null,"Operations_Issues":"May need to check if too close to wall","Meets_City_Reqmts":"Yes","Found_Added":"Found","Brown_Address_1":"111 THAYER ST","Brown_Address_2":"PROVIDENCE, RI 02912","Street_Name":"Thayer","NN_Recommended":null,"Brown_Entity_Abbr":"BRWATSONIN","Brown_Description":"BIKE RACK WATSON INSTITUTE","Brown_Site":"MAIN","LocationVerified":null,"AssetID":"200390"}},{"type":"Feature","id":157,"geometry":{"type":"Point","coordinates":[-71.4000315278146,41.8242725426307]},"properties":{"OBJECTID":157,"GlobalID_text":"{66680AF4-5186-4A81-9A9F-2B5AD0E6C081}","NN_ID":157,"Spaces_Total":5,"Spaces_Fully_Meet_City_Requirem":5,"Spaces_Usable_per_NN":0,"Spaces_Substandard":0,"Spaces_Useable_Total":5,"Evaluation":"Meets Standards","Rack_Type":"Wave","Rack_Type_Other":null,"Inside_or_Outside":"Outdoors - Uncovered","Location_Outdoors":"Other","Too_Close_to_Wall":"Yes","Parking_Type":"Short Term Parking","Notes":null,"Within_50ft_of_entrance":"Yes","Securely_anchored":"Yes","Accessible_without_stairs":"Yes","Close_to_Street":"Yes","NotBlocking_Ped_Vehicles":"Yes","size2x6x7_5aisle":"Yes","Surfaced":"Yes","Lockable":"Yes","Signed":null,"Operations_Issues":"May need to check if too close to wall","Meets_City_Reqmts":"Yes","Found_Added":"Added","Brown_Address_1":"111 THAYER ST","Brown_Address_2":"PROVIDENCE, RI 02912","Street_Name":"Thayer","NN_Recommended":null,"Brown_Entity_Abbr":"BR2WATSONIN","Brown_Description":"BIKE RACK 2 WATSON INSTITUTE","Brown_Site":"MAIN","LocationVerified":null,"AssetID":"200873"}},{"type":"Feature","id":158,"geometry":{"type":"Point","coordinates":[-71.402489267228,41.8240918722746]},"properties":{"OBJECTID":158,"GlobalID_text":"{3A860B17-C65C-4E33-B929-21D9BDFBF9B6}","NN_ID":158,"Spaces_Total":4,"Spaces_Fully_Meet_City_Requirem":0,"Spaces_Usable_per_NN":1,"Spaces_Substandard":3,"Spaces_Useable_Total":1,"Evaluation":"Partially Meets Standards","Rack_Type":"Wave","Rack_Type_Other":null,"Inside_or_Outside":"Outdoors - Uncovered","Location_Outdoors":"Other","Too_Close_to_Wall":"Yes","Parking_Type":"Short Term Parking","Notes":null,"Within_50ft_of_entrance":"Yes","Securely_anchored":"Yes","Accessible_without_stairs":"Yes","Close_to_Street":"Yes","NotBlocking_Ped_Vehicles":"Yes","size2x6x7_5aisle":"No","Surfaced":"Yes","Lockable":"Yes","Signed":"Yes","Operations_Issues":"Too close to wall; able to fit 1 bike parallel","Meets_City_Reqmts":"No","Found_Added":"Found","Brown_Address_1":"13 BROWN ST","Brown_Address_2":"PROVIDENCE, RI 02912","Street_Name":"Brown","NN_Recommended":"Some","Brown_Entity_Abbr":"BRANDREWHS","Brown_Description":"BIKE RACK ANDREWS HOUSE","Brown_Site":"MAIN","LocationVerified":null,"AssetID":"200252"}},{"type":"Feature","id":159,"geometry":{"type":"Point","coordinates":[-71.4012350241569,41.8233088956799]},"properties":{"OBJECTID":159,"GlobalID_text":"{CD8A8E7B-E457-4A0C-86B9-1AC4126FD159}","NN_ID":159,"Spaces_Total":5,"Spaces_Fully_Meet_City_Requirem":4,"Spaces_Usable_per_NN":0,"Spaces_Substandard":1,"Spaces_Useable_Total":4,"Evaluation":"Partially Meets Standards","Rack_Type":"Wave","Rack_Type_Other":null,"Inside_or_Outside":"Outdoors - Uncovered","Location_Outdoors":"Other","Too_Close_to_Wall":"No","Parking_Type":"Short Term Parking","Notes":null,"Within_50ft_of_entrance":"Yes","Securely_anchored":"Yes","Accessible_without_stairs":"Yes","Close_to_Street":"Yes","NotBlocking_Ped_Vehicles":"Yes","size2x6x7_5aisle":"Mostly","Surfaced":"Yes","Lockable":"Yes","Signed":null,"Operations_Issues":"Far right space too narrow","Meets_City_Reqmts":"Mostly","Found_Added":"Added","Brown_Address_1":"42 Charlesfield St","Brown_Address_2":"PROVIDENCE, RI 02912","Street_Name":"Charlesfield","NN_Recommended":null,"Brown_Entity_Abbr":"BR8GRDCTRE","Brown_Description":"BIKE RACK 8 GRADUATE CTR E","Brown_Site":"MAIN","LocationVerified":null,"AssetID":"200895"}},{"type":"Feature","id":160,"geometry":{"type":"Point","coordinates":[-71.401241873811,41.8233362779915]},"properties":{"OBJECTID":160,"GlobalID_text":"{3B500EE6-989E-42EB-B481-F2465A646D18}","NN_ID":160,"Spaces_Total":5,"Spaces_Fully_Meet_City_Requirem":3,"Spaces_Usable_per_NN":0,"Spaces_Substandard":2,"Spaces_Useable_Total":3,"Evaluation":"Partially Meets Standards","Rack_Type":"Wave","Rack_Type_Other":null,"Inside_or_Outside":"Outdoors - Uncovered","Location_Outdoors":"Other","Too_Close_to_Wall":"No","Parking_Type":"Short Term Parking","Notes":null,"Within_50ft_of_entrance":"Yes","Securely_anchored":"Yes","Accessible_without_stairs":"Yes","Close_to_Street":"Yes","NotBlocking_Ped_Vehicles":"Yes","size2x6x7_5aisle":"Mostly","Surfaced":"Yes","Lockable":"Yes","Signed":null,"Operations_Issues":"May need to cut back trees / end spaces too narrow","Meets_City_Reqmts":"Mostly","Found_Added":"Found","Brown_Address_1":"42 CHARLESFIELD ST","Brown_Address_2":"PROVIDENCE, RI 02912","Street_Name":"Charlesfield","NN_Recommended":null,"Brown_Entity_Abbr":"BR2GRDCTRE","Brown_Description":"BIKE RACK 2 GRADUATE CTR E","Brown_Site":"MAIN","LocationVerified":null,"AssetID":"200296"}},{"type":"Feature","id":161,"geometry":{"type":"Point","coordinates":[-71.4012475278074,41.823370222027]},"properties":{"OBJECTID":161,"GlobalID_text":"{62940A26-6D17-4095-B1A9-DE6F91B3FE34}","NN_ID":161,"Spaces_Total":5,"Spaces_Fully_Meet_City_Requirem":5,"Spaces_Usable_per_NN":0,"Spaces_Substandard":0,"Spaces_Useable_Total":5,"Evaluation":"Meets Standards","Rack_Type":"Wave","Rack_Type_Other":null,"Inside_or_Outside":"Outdoors - Uncovered","Location_Outdoors":"Other","Too_Close_to_Wall":"No","Parking_Type":"Short Term Parking","Notes":null,"Within_50ft_of_entrance":"Yes","Securely_anchored":"Yes","Accessible_without_stairs":"Yes","Close_to_Street":"Yes","NotBlocking_Ped_Vehicles":"Yes","size2x6x7_5aisle":"Yes","Surfaced":"Yes","Lockable":"Yes","Signed":null,"Operations_Issues":null,"Meets_City_Reqmts":"Yes","Found_Added":"Added","Brown_Address_1":"42 Charlesfield St","Brown_Address_2":"PROVIDENCE, RI 02912","Street_Name":"Charlesfield","NN_Recommended":null,"Brown_Entity_Abbr":"BR7GRDCTRE","Brown_Description":"BIKE RACK 7 GRADUATE CTR E","Brown_Site":"MAIN","LocationVerified":null,"AssetID":"200894"}},{"type":"Feature","id":162,"geometry":{"type":"Point","coordinates":[-71.4009413693821,41.8234324346375]},"properties":{"OBJECTID":162,"GlobalID_text":"{DF60556A-564A-4A00-B8AD-37374354A482}","NN_ID":162,"Spaces_Total":6,"Spaces_Fully_Meet_City_Requirem":6,"Spaces_Usable_per_NN":0,"Spaces_Substandard":0,"Spaces_Useable_Total":6,"Evaluation":"Meets Standards","Rack_Type":"Wave","Rack_Type_Other":null,"Inside_or_Outside":"Outdoors - Uncovered","Location_Outdoors":"Other","Too_Close_to_Wall":"No","Parking_Type":"Short Term Parking","Notes":null,"Within_50ft_of_entrance":"Yes","Securely_anchored":"Yes","Accessible_without_stairs":"Yes","Close_to_Street":"Yes","NotBlocking_Ped_Vehicles":"Yes","size2x6x7_5aisle":"Yes","Surfaced":"Yes","Lockable":"Yes","Signed":null,"Operations_Issues":null,"Meets_City_Reqmts":"Yes","Found_Added":"Added","Brown_Address_1":"42 Charlesfield St","Brown_Address_2":"PROVIDENCE, RI 02912","Street_Name":"Charlesfield","NN_Recommended":null,"Brown_Entity_Abbr":"BRGRDCTRC","Brown_Description":"BIKE RACK GRADUATE CTR B","Brown_Site":"MAIN","LocationVerified":null,"AssetID":"200893"}},{"type":"Feature","id":163,"geometry":{"type":"Point","coordinates":[-71.4009455384634,41.8233367224921]},"properties":{"OBJECTID":163,"GlobalID_text":"{F6D384CB-B643-4568-BF3E-8CCF8C7599B6}","NN_ID":163,"Spaces_Total":6,"Spaces_Fully_Meet_City_Requirem":6,"Spaces_Usable_per_NN":0,"Spaces_Substandard":0,"Spaces_Useable_Total":6,"Evaluation":"Meets Standards","Rack_Type":"Wave","Rack_Type_Other":null,"Inside_or_Outside":"Outdoors - Uncovered","Location_Outdoors":"Other","Too_Close_to_Wall":"No","Parking_Type":"Short Term Parking","Notes":null,"Within_50ft_of_entrance":"Yes","Securely_anchored":"Yes","Accessible_without_stairs":"Yes","Close_to_Street":"Yes","NotBlocking_Ped_Vehicles":"Yes","size2x6x7_5aisle":"Yes","Surfaced":"Yes","Lockable":"Yes","Signed":null,"Operations_Issues":null,"Meets_City_Reqmts":"Yes","Found_Added":"Added","Brown_Address_1":"42 Charlesfield St","Brown_Address_2":"PROVIDENCE, RI 02912","Street_Name":"Charlesfield","NN_Recommended":null,"Brown_Entity_Abbr":"BR9GRDCTRE","Brown_Description":"BIKE RACK 9 GRADUATE CTR E","Brown_Site":"MAIN","LocationVerified":null,"AssetID":"200892"}},{"type":"Feature","id":164,"geometry":{"type":"Point","coordinates":[-71.400914614858,41.823333513921]},"properties":{"OBJECTID":164,"GlobalID_text":"{2A347E4B-8643-4DFF-8664-1E322D22BBD3}","NN_ID":164,"Spaces_Total":6,"Spaces_Fully_Meet_City_Requirem":6,"Spaces_Usable_per_NN":0,"Spaces_Substandard":0,"Spaces_Useable_Total":6,"Evaluation":"Meets Standards","Rack_Type":"Wave","Rack_Type_Other":null,"Inside_or_Outside":"Outdoors - Uncovered","Location_Outdoors":"Other","Too_Close_to_Wall":"No","Parking_Type":"Short Term Parking","Notes":null,"Within_50ft_of_entrance":"Yes","Securely_anchored":"Yes","Accessible_without_stairs":"Yes","Close_to_Street":"Yes","NotBlocking_Ped_Vehicles":"Yes","size2x6x7_5aisle":"Yes","Surfaced":"Yes","Lockable":"Yes","Signed":null,"Operations_Issues":null,"Meets_City_Reqmts":"Yes","Found_Added":"Found","Brown_Address_1":"42 CHARLESFIELD ST","Brown_Address_2":"PROVIDENCE, RI 02912","Street_Name":"Charlesfield","NN_Recommended":null,"Brown_Entity_Abbr":"BR1GRDCTRE","Brown_Description":"BIKE RACK 1 GRADUATE CTR E","Brown_Site":"MAIN","LocationVerified":null,"AssetID":"200295"}},{"type":"Feature","id":165,"geometry":{"type":"Point","coordinates":[-71.400873192642,41.8233344136329]},"properties":{"OBJECTID":165,"GlobalID_text":"{BD4B5B28-E923-419F-965D-FC336BE4A209}","NN_ID":165,"Spaces_Total":6,"Spaces_Fully_Meet_City_Requirem":6,"Spaces_Usable_per_NN":0,"Spaces_Substandard":0,"Spaces_Useable_Total":6,"Evaluation":"Meets Standards","Rack_Type":"Wave","Rack_Type_Other":null,"Inside_or_Outside":"Outdoors - Uncovered","Location_Outdoors":"Other","Too_Close_to_Wall":"No","Parking_Type":"Short Term Parking","Notes":null,"Within_50ft_of_entrance":"Yes","Securely_anchored":"Yes","Accessible_without_stairs":"Yes","Close_to_Street":"Yes","NotBlocking_Ped_Vehicles":"Yes","size2x6x7_5aisle":"Yes","Surfaced":"Yes","Lockable":"Yes","Signed":null,"Operations_Issues":null,"Meets_City_Reqmts":"Yes","Found_Added":"Added","Brown_Address_1":"42 Charlesfield St","Brown_Address_2":"PROVIDENCE, RI 02912","Street_Name":"Charlesfield","NN_Recommended":null,"Brown_Entity_Abbr":"BR10GRDCTRE","Brown_Description":"BIKE RACK 10 GRADUATE CTR E","Brown_Site":"MAIN","LocationVerified":null,"AssetID":"200891"}},{"type":"Feature","id":166,"geometry":{"type":"Point","coordinates":[-71.4004124593091,41.8235327221701]},"properties":{"OBJECTID":166,"GlobalID_text":"{FA166855-49AF-4163-A708-C5A850CA7E57}","NN_ID":166,"Spaces_Total":6,"Spaces_Fully_Meet_City_Requirem":6,"Spaces_Usable_per_NN":0,"Spaces_Substandard":0,"Spaces_Useable_Total":6,"Evaluation":"Meets Standards","Rack_Type":"Wave","Rack_Type_Other":null,"Inside_or_Outside":"Outdoors - Uncovered","Location_Outdoors":"Other","Too_Close_to_Wall":"No","Parking_Type":"Short Term Parking","Notes":null,"Within_50ft_of_entrance":"Yes","Securely_anchored":"Yes","Accessible_without_stairs":"Yes","Close_to_Street":"Yes","NotBlocking_Ped_Vehicles":"Yes","size2x6x7_5aisle":"Yes","Surfaced":"Yes","Lockable":"Yes","Signed":null,"Operations_Issues":null,"Meets_City_Reqmts":"Yes","Found_Added":"Found","Brown_Address_1":"90 THAYER ST","Brown_Address_2":"PROVIDENCE, RI 02912","Street_Name":"Thayer","NN_Recommended":null,"Brown_Entity_Abbr":"BRGRDCTRD","Brown_Description":"BIKE RACK GRADUATE CTR D","Brown_Site":"MAIN","LocationVerified":null,"AssetID":"200294"}},{"type":"Feature","id":167,"geometry":{"type":"Point","coordinates":[-71.400362030584,41.8232745479461]},"properties":{"OBJECTID":167,"GlobalID_text":"{A28382A8-AE23-4C66-A269-18E657FF86F5}","NN_ID":167,"Spaces_Total":6,"Spaces_Fully_Meet_City_Requirem":6,"Spaces_Usable_per_NN":0,"Spaces_Substandard":0,"Spaces_Useable_Total":6,"Evaluation":"Meets Standards","Rack_Type":"Wave","Rack_Type_Other":null,"Inside_or_Outside":"Outdoors - Uncovered","Location_Outdoors":"Other","Too_Close_to_Wall":"No","Parking_Type":"Short Term Parking","Notes":null,"Within_50ft_of_entrance":"Yes","Securely_anchored":"Yes","Accessible_without_stairs":"Yes","Close_to_Street":"Yes","NotBlocking_Ped_Vehicles":"Yes","size2x6x7_5aisle":"Yes","Surfaced":"Yes","Lockable":"Yes","Signed":null,"Operations_Issues":null,"Meets_City_Reqmts":"Yes","Found_Added":"Found","Brown_Address_1":"82 THAYER ST","Brown_Address_2":"PROVIDENCE, RI 02912","Street_Name":"Thayer","NN_Recommended":null,"Brown_Entity_Abbr":"BRGRDCTRC","Brown_Description":"BIKE RACK GRADUATE CTR C","Brown_Site":"MAIN","LocationVerified":null,"AssetID":"200293"}},{"type":"Feature","id":168,"geometry":{"type":"Point","coordinates":[-71.3995019790394,41.8235413082339]},"properties":{"OBJECTID":168,"GlobalID_text":"{AFF3C685-2EE0-478A-B24D-5C0188AECFF2}","NN_ID":168,"Spaces_Total":6,"Spaces_Fully_Meet_City_Requirem":6,"Spaces_Usable_per_NN":0,"Spaces_Substandard":0,"Spaces_Useable_Total":6,"Evaluation":"Meets Standards","Rack_Type":"Wave","Rack_Type_Other":null,"Inside_or_Outside":"Outdoors - Uncovered","Location_Outdoors":"Other","Too_Close_to_Wall":"No","Parking_Type":"Short Term Parking","Notes":null,"Within_50ft_of_entrance":"Yes","Securely_anchored":"Yes","Accessible_without_stairs":"Yes","Close_to_Street":"Yes","NotBlocking_Ped_Vehicles":"Yes","size2x6x7_5aisle":"Mostly","Surfaced":"Mostly","Lockable":"Yes","Signed":null,"Operations_Issues":"Recommended to check width requirement","Meets_City_Reqmts":"Yes","Found_Added":"Added","Brown_Address_1":"56 Charlesfield St","Brown_Address_2":"PROVIDENCE, RI 02912","Street_Name":"Charlesfield","NN_Recommended":null,"Brown_Entity_Abbr":"BR6VGQUADA","Brown_Description":"BIKE RACK 6 VG QUAD A","Brown_Site":"MAIN","LocationVerified":null,"AssetID":"200888"}},{"type":"Feature","id":169,"geometry":{"type":"Point","coordinates":[-71.3995339680467,41.823287858875]},"properties":{"OBJECTID":169,"GlobalID_text":"{F1DBB304-FFFA-4153-84ED-824BFE57F1D1}","NN_ID":169,"Spaces_Total":6,"Spaces_Fully_Meet_City_Requirem":6,"Spaces_Usable_per_NN":0,"Spaces_Substandard":0,"Spaces_Useable_Total":6,"Evaluation":"Meets Standards","Rack_Type":"Wave","Rack_Type_Other":null,"Inside_or_Outside":"Outdoors - Uncovered","Location_Outdoors":"Other","Too_Close_to_Wall":"No","Parking_Type":"Short Term Parking","Notes":null,"Within_50ft_of_entrance":"Yes","Securely_anchored":"Yes","Accessible_without_stairs":"Yes","Close_to_Street":"Yes","NotBlocking_Ped_Vehicles":"Yes","size2x6x7_5aisle":"Yes","Surfaced":"Yes","Lockable":"Yes","Signed":null,"Operations_Issues":"Recommended to check if too close to wall","Meets_City_Reqmts":"Yes","Found_Added":"Found","Brown_Address_1":"103 THAYER ST","Brown_Address_2":"PROVIDENCE, RI 02912","Street_Name":"Thayer","NN_Recommended":null,"Brown_Entity_Abbr":"BR4VGQUADA","Brown_Description":"BIKE RACK 4 VG QUAD A","Brown_Site":"MAIN","LocationVerified":null,"AssetID":"200384"}},{"type":"Feature","id":170,"geometry":{"type":"Point","coordinates":[-71.3997897085267,41.8235869892067]},"properties":{"OBJECTID":170,"GlobalID_text":"{55922B48-E1EC-4B5C-9CA6-3B96DD90776A}","NN_ID":170,"Spaces_Total":6,"Spaces_Fully_Meet_City_Requirem":5,"Spaces_Usable_per_NN":0,"Spaces_Substandard":1,"Spaces_Useable_Total":5,"Evaluation":"Partially Meets Standards","Rack_Type":"Wave","Rack_Type_Other":null,"Inside_or_Outside":"Outdoors - Uncovered","Location_Outdoors":"Other","Too_Close_to_Wall":"No","Parking_Type":"Short Term Parking","Notes":null,"Within_50ft_of_entrance":"Yes","Securely_anchored":"Yes","Accessible_without_stairs":"Yes","Close_to_Street":"Yes","NotBlocking_Ped_Vehicles":"Yes","size2x6x7_5aisle":"Mostly","Surfaced":"Yes","Lockable":"Yes","Signed":null,"Operations_Issues":"Far left space too close to wall","Meets_City_Reqmts":"Mostly","Found_Added":"Found","Brown_Address_1":"101 THAYER ST","Brown_Address_2":"PROVIDENCE, RI 02912","Street_Name":"Thayer","NN_Recommended":null,"Brown_Entity_Abbr":"BR2VGQUADB","Brown_Description":"BIKE RACK 2 VG QUAD B","Brown_Site":"MAIN","LocationVerified":null,"AssetID":"200386"}},{"type":"Feature","id":171,"geometry":{"type":"Point","coordinates":[-71.4000880965247,41.8232687359615]},"properties":{"OBJECTID":171,"GlobalID_text":"{C5AC436D-61AD-46C6-A2D2-3224EC9DA49A}","NN_ID":171,"Spaces_Total":4,"Spaces_Fully_Meet_City_Requirem":0,"Spaces_Usable_per_NN":1,"Spaces_Substandard":3,"Spaces_Useable_Total":1,"Evaluation":"Partially Meets Standards","Rack_Type":"Inverted U","Rack_Type_Other":null,"Inside_or_Outside":"Outdoors - Uncovered","Location_Outdoors":"On sidewalk","Too_Close_to_Wall":"No","Parking_Type":"Short Term Parking","Notes":null,"Within_50ft_of_entrance":"No","Securely_anchored":"Yes","Accessible_without_stairs":"Yes","Close_to_Street":"Yes","NotBlocking_Ped_Vehicles":"Yes","size2x6x7_5aisle":"Mostly","Surfaced":"Yes","Lockable":"Yes","Signed":"No","Operations_Issues":"Not close enough to building entrance; need signage; one side is too close to street","Meets_City_Reqmts":"No","Found_Added":"Added","Brown_Address_1":"82 Thayer St","Brown_Address_2":"PROVIDENCE, RI 02912","Street_Name":"Thayer","NN_Recommended":"Some","Brown_Entity_Abbr":"BR3GRDCTRC","Brown_Description":"BIKE RACK 3 GRADUATE CTR C","Brown_Site":"MAIN","LocationVerified":null,"AssetID":"200919"}},{"type":"Feature","id":172,"geometry":{"type":"Point","coordinates":[-71.4000880138797,41.8232861665583]},"properties":{"OBJECTID":172,"GlobalID_text":"{B757B6CE-0E56-44AB-A60B-A0269C11F053}","NN_ID":172,"Spaces_Total":4,"Spaces_Fully_Meet_City_Requirem":0,"Spaces_Usable_per_NN":1,"Spaces_Substandard":3,"Spaces_Useable_Total":1,"Evaluation":"Partially Meets Standards","Rack_Type":"Inverted U","Rack_Type_Other":null,"Inside_or_Outside":"Outdoors - Uncovered","Location_Outdoors":"On sidewalk","Too_Close_to_Wall":"No","Parking_Type":"Short Term Parking","Notes":null,"Within_50ft_of_entrance":"No","Securely_anchored":"Yes","Accessible_without_stairs":"Yes","Close_to_Street":"Yes","NotBlocking_Ped_Vehicles":"Yes","size2x6x7_5aisle":"Mostly","Surfaced":"Yes","Lockable":"Yes","Signed":"No","Operations_Issues":"Not close enough to building entrance; need signage; one side too close to street","Meets_City_Reqmts":"No","Found_Added":"Added","Brown_Address_1":"82 Thayer St","Brown_Address_2":"PROVIDENCE, RI 02912","Street_Name":"Thayer","NN_Recommended":"Some","Brown_Entity_Abbr":"BR2GRDCTRC","Brown_Description":"BIKE RACK 2 GRADUATE CTR C","Brown_Site":"MAIN","LocationVerified":null,"AssetID":"200920"}},{"type":"Feature","id":173,"geometry":{"type":"Point","coordinates":[-71.4000872754645,41.8232542622297]},"properties":{"OBJECTID":173,"GlobalID_text":"{F0A539CD-C9E9-4302-837F-522D1AEB2AB4}","NN_ID":173,"Spaces_Total":4,"Spaces_Fully_Meet_City_Requirem":0,"Spaces_Usable_per_NN":1,"Spaces_Substandard":3,"Spaces_Useable_Total":1,"Evaluation":"Partially Meets Standards","Rack_Type":"Inverted U","Rack_Type_Other":null,"Inside_or_Outside":"Outdoors - Uncovered","Location_Outdoors":"On sidewalk","Too_Close_to_Wall":"No","Parking_Type":"Short Term Parking","Notes":null,"Within_50ft_of_entrance":"No","Securely_anchored":"Yes","Accessible_without_stairs":"Yes","Close_to_Street":"Yes","NotBlocking_Ped_Vehicles":"Yes","size2x6x7_5aisle":"Mostly","Surfaced":"Yes","Lockable":"Yes","Signed":"No","Operations_Issues":"Not close enough to building entrance; need signage; one space too close to road","Meets_City_Reqmts":"No","Found_Added":"Added","Brown_Address_1":"82 Thayer St","Brown_Address_2":"PROVIDENCE, RI 02912","Street_Name":"Thayer","NN_Recommended":"Some","Brown_Entity_Abbr":"BR4GRDCTRC","Brown_Description":"BIKE RACK 4 GRADUATE CTR C","Brown_Site":"MAIN","LocationVerified":null,"AssetID":"200921"}},{"type":"Feature","id":174,"geometry":{"type":"Point","coordinates":[-71.3995765401064,41.8242320775922]},"properties":{"OBJECTID":174,"GlobalID_text":"{C98B399E-5B87-4CE9-A0D3-1477D807D808}","NN_ID":174,"Spaces_Total":12,"Spaces_Fully_Meet_City_Requirem":0,"Spaces_Usable_per_NN":12,"Spaces_Substandard":0,"Spaces_Useable_Total":12,"Evaluation":"Meets Standards","Rack_Type":"Inverted U","Rack_Type_Other":null,"Inside_or_Outside":"Outdoors - Uncovered","Location_Outdoors":"Other","Too_Close_to_Wall":"No","Parking_Type":"Short Term Parking","Notes":null,"Within_50ft_of_entrance":"No","Securely_anchored":"Yes","Accessible_without_stairs":"Yes","Close_to_Street":"?","NotBlocking_Ped_Vehicles":"Yes","size2x6x7_5aisle":"Yes","Surfaced":"Yes","Lockable":"Yes","Signed":"No","Operations_Issues":"Need signage if not visible from street/entrance ","Meets_City_Reqmts":"No","Found_Added":"Added","Brown_Address_1":"59 Charlesfield St","Brown_Address_2":"PROVIDENCE, RI 02912","Street_Name":"Charlesfield","NN_Recommended":"Yes","Brown_Entity_Abbr":"BR3WATSONIN","Brown_Description":"BIKE RACK 3 WATSON INSTITUTE","Brown_Site":"MAIN","LocationVerified":null,"AssetID":"200874"}},{"type":"Feature","id":175,"geometry":{"type":"Point","coordinates":[-71.4001894085224,41.8252964553029]},"properties":{"OBJECTID":175,"GlobalID_text":"{C4C9D283-0D2F-46D9-83F9-629CC4A48B25}","NN_ID":175,"Spaces_Total":6,"Spaces_Fully_Meet_City_Requirem":6,"Spaces_Usable_per_NN":0,"Spaces_Substandard":0,"Spaces_Useable_Total":6,"Evaluation":"Meets Standards","Rack_Type":"Wave","Rack_Type_Other":null,"Inside_or_Outside":"Outdoors - Uncovered","Location_Outdoors":"Other","Too_Close_to_Wall":"No","Parking_Type":"Short Term Parking","Notes":null,"Within_50ft_of_entrance":"Yes","Securely_anchored":"Yes","Accessible_without_stairs":"Yes","Close_to_Street":"Yes","NotBlocking_Ped_Vehicles":"Yes","size2x6x7_5aisle":"Yes","Surfaced":"Yes","Lockable":"Yes","Signed":null,"Operations_Issues":null,"Meets_City_Reqmts":"Yes","Found_Added":"Found","Brown_Address_1":"151 THAYER ST","Brown_Address_2":"PROVIDENCE, RI 02912","Street_Name":"Thayer","NN_Recommended":null,"Brown_Entity_Abbr":"BRKASSAR","Brown_Description":"BIKE RACK KASSAR HOUSE","Brown_Site":"MAIN","LocationVerified":null,"AssetID":"200309"}},{"type":"Feature","id":176,"geometry":{"type":"Point","coordinates":[-71.3999790132014,41.8258016502207]},"properties":{"OBJECTID":176,"GlobalID_text":"{E0F2E954-BB5C-4221-86B5-56DEB30287C3}","NN_ID":176,"Spaces_Total":6,"Spaces_Fully_Meet_City_Requirem":6,"Spaces_Usable_per_NN":0,"Spaces_Substandard":0,"Spaces_Useable_Total":6,"Evaluation":"Meets Standards","Rack_Type":"Wave","Rack_Type_Other":null,"Inside_or_Outside":"Outdoors - Uncovered","Location_Outdoors":"Other","Too_Close_to_Wall":"No","Parking_Type":"Short Term Parking","Notes":null,"Within_50ft_of_entrance":"Yes","Securely_anchored":"Yes","Accessible_without_stairs":"Yes","Close_to_Street":"Yes","NotBlocking_Ped_Vehicles":"Yes","size2x6x7_5aisle":"Yes","Surfaced":"Yes","Lockable":"Yes","Signed":null,"Operations_Issues":null,"Meets_City_Reqmts":"Yes","Found_Added":"Found","Brown_Address_1":"156 GEORGE ST","Brown_Address_2":"PROVIDENCE, RI 02912","Street_Name":"George","NN_Recommended":null,"Brown_Entity_Abbr":"BR2GEOCHEM","Brown_Description":"BIKE RACK 2 GEO-CHEM","Brown_Site":"MAIN","LocationVerified":null,"AssetID":"200289"}},{"type":"Feature","id":177,"geometry":{"type":"Point","coordinates":[-71.3999207906929,41.825802739339]},"properties":{"OBJECTID":177,"GlobalID_text":"{3C7C663A-1365-4EEB-AFD7-1492EE5EFB72}","NN_ID":177,"Spaces_Total":6,"Spaces_Fully_Meet_City_Requirem":5,"Spaces_Usable_per_NN":0,"Spaces_Substandard":1,"Spaces_Useable_Total":5,"Evaluation":"Partially Meets Standards","Rack_Type":"Wave","Rack_Type_Other":null,"Inside_or_Outside":"Outdoors - Uncovered","Location_Outdoors":"Other","Too_Close_to_Wall":"No","Parking_Type":"Short Term Parking","Notes":null,"Within_50ft_of_entrance":"Yes","Securely_anchored":"Yes","Accessible_without_stairs":"Yes","Close_to_Street":"Yes","NotBlocking_Ped_Vehicles":"Yes","size2x6x7_5aisle":"Yes","Surfaced":"Yes","Lockable":"Yes","Signed":null,"Operations_Issues":"Far left space too close to wall","Meets_City_Reqmts":"Mostly","Found_Added":"Found","Brown_Address_1":"156 GEORGE ST","Brown_Address_2":"PROVIDENCE, RI 02912","Street_Name":"George","NN_Recommended":null,"Brown_Entity_Abbr":"BR1GEOCHEM","Brown_Description":"BIKE RACK 1 GEO-CHEM","Brown_Site":"MAIN","LocationVerified":null,"AssetID":"200288"}},{"type":"Feature","id":178,"geometry":{"type":"Point","coordinates":[-71.399904080232,41.8257002550315]},"properties":{"OBJECTID":178,"GlobalID_text":"{11E6DCBF-DD74-4023-9F07-C37D6484F389}","NN_ID":178,"Spaces_Total":6,"Spaces_Fully_Meet_City_Requirem":6,"Spaces_Usable_per_NN":0,"Spaces_Substandard":0,"Spaces_Useable_Total":6,"Evaluation":"Meets Standards","Rack_Type":"Wave","Rack_Type_Other":null,"Inside_or_Outside":"Outdoors - Uncovered","Location_Outdoors":"Other","Too_Close_to_Wall":"No","Parking_Type":"Short Term Parking","Notes":null,"Within_50ft_of_entrance":"Yes","Securely_anchored":"Yes","Accessible_without_stairs":"Yes","Close_to_Street":"Yes","NotBlocking_Ped_Vehicles":"Yes","size2x6x7_5aisle":"Yes","Surfaced":"Yes","Lockable":"Yes","Signed":null,"Operations_Issues":null,"Meets_City_Reqmts":"Yes","Found_Added":"Added","Brown_Address_1":"156 George St","Brown_Address_2":"PROVIDENCE, RI 02912","Street_Name":"George","NN_Recommended":null,"Brown_Entity_Abbr":"BR6GEOCHEM","Brown_Description":"BIKE RACK 6 GEO-CHEM","Brown_Site":"MAIN","LocationVerified":null,"AssetID":"200831"}},{"type":"Feature","id":179,"geometry":{"type":"Point","coordinates":[-71.3995098860106,41.8254275681098]},"properties":{"OBJECTID":179,"GlobalID_text":"{B8C0FC68-38CA-462B-9C6D-246D0C9ACD0C}","NN_ID":179,"Spaces_Total":6,"Spaces_Fully_Meet_City_Requirem":3,"Spaces_Usable_per_NN":0,"Spaces_Substandard":3,"Spaces_Useable_Total":3,"Evaluation":"Partially Meets Standards","Rack_Type":"Inverted U","Rack_Type_Other":null,"Inside_or_Outside":"Outdoors - Uncovered","Location_Outdoors":"Other","Too_Close_to_Wall":"Yes","Parking_Type":"Short Term Parking","Notes":null,"Within_50ft_of_entrance":"Yes","Securely_anchored":"Yes","Accessible_without_stairs":"Yes","Close_to_Street":"Yes","NotBlocking_Ped_Vehicles":"Yes","size2x6x7_5aisle":"?","Surfaced":"Yes","Lockable":"Yes","Signed":null,"Operations_Issues":"Spaces close to wall are too narrow","Meets_City_Reqmts":"Mostly","Found_Added":"Added","Brown_Address_1":"159 George St","Brown_Address_2":"PROVIDENCE, RI 02912","Street_Name":"George","NN_Recommended":null,"Brown_Entity_Abbr":"BRMKLJHNHS","Brown_Description":"BIKE RACK MEIKLEJOHN HOUSE","Brown_Site":"MAIN","LocationVerified":null,"AssetID":"200872"}},{"type":"Feature","id":180,"geometry":{"type":"Point","coordinates":[-71.3965403422439,41.8248676879608]},"properties":{"OBJECTID":180,"GlobalID_text":"{E435FBCB-789F-455C-A257-5048C66297DF}","NN_ID":180,"Spaces_Total":4,"Spaces_Fully_Meet_City_Requirem":4,"Spaces_Usable_per_NN":0,"Spaces_Substandard":0,"Spaces_Useable_Total":4,"Evaluation":"Meets Standards","Rack_Type":"Wave","Rack_Type_Other":null,"Inside_or_Outside":"Outdoors - Uncovered","Location_Outdoors":"Other","Too_Close_to_Wall":"No","Parking_Type":"Short Term Parking","Notes":null,"Within_50ft_of_entrance":"Yes","Securely_anchored":"Yes","Accessible_without_stairs":"Yes","Close_to_Street":"Yes","NotBlocking_Ped_Vehicles":"Yes","size2x6x7_5aisle":"Yes","Surfaced":"Yes","Lockable":"Yes","Signed":null,"Operations_Issues":null,"Meets_City_Reqmts":"Yes","Found_Added":"Found","Brown_Address_1":"105 BENEVOLENT ST","Brown_Address_2":"PROVIDENCE, RI 02912","Street_Name":"Benevolent","NN_Recommended":null,"Brown_Entity_Abbr":"BRGRANTFUL","Brown_Description":"BIKE RACK GRANT FULTON","Brown_Site":"MAIN","LocationVerified":null,"AssetID":"200297"}},{"type":"Feature","id":181,"geometry":{"type":"Point","coordinates":[-71.3963568577538,41.8246531268222]},"properties":{"OBJECTID":181,"GlobalID_text":"{DCB991C0-292F-4FEA-998A-7B77CB38A49B}","NN_ID":181,"Spaces_Total":2,"Spaces_Fully_Meet_City_Requirem":2,"Spaces_Usable_per_NN":0,"Spaces_Substandard":0,"Spaces_Useable_Total":2,"Evaluation":"Meets Standards","Rack_Type":"Inverted U","Rack_Type_Other":null,"Inside_or_Outside":"Outdoors - Uncovered","Location_Outdoors":"Other","Too_Close_to_Wall":"No","Parking_Type":"Short Term Parking","Notes":null,"Within_50ft_of_entrance":"Yes","Securely_anchored":"Yes","Accessible_without_stairs":"Yes","Close_to_Street":"Yes","NotBlocking_Ped_Vehicles":"Yes","size2x6x7_5aisle":"Yes","Surfaced":"Yes","Lockable":"Yes","Signed":null,"Operations_Issues":null,"Meets_City_Reqmts":"Yes","Found_Added":"Added","Brown_Address_1":"1 Young Orchard Ave","Brown_Address_2":"PROVIDENCE, RI 02912","Street_Name":"Young Orchard","NN_Recommended":null,"Brown_Entity_Abbr":"BR3ORWIG","Brown_Description":"BIKE RACK 3 ORWIG MUSIC BUILDING","Brown_Site":"MAIN","LocationVerified":null,"AssetID":"200877"}},{"type":"Feature","id":182,"geometry":{"type":"Point","coordinates":[-71.3963539885348,41.8245976992536]},"properties":{"OBJECTID":182,"GlobalID_text":"{7EDFFAA3-698C-4154-80A9-67E2A373FFE8}","NN_ID":182,"Spaces_Total":2,"Spaces_Fully_Meet_City_Requirem":2,"Spaces_Usable_per_NN":0,"Spaces_Substandard":0,"Spaces_Useable_Total":2,"Evaluation":"Meets Standards","Rack_Type":"Inverted U","Rack_Type_Other":null,"Inside_or_Outside":"Outdoors - Uncovered","Location_Outdoors":"Other","Too_Close_to_Wall":"No","Parking_Type":"Short Term Parking","Notes":null,"Within_50ft_of_entrance":"Yes","Securely_anchored":"Yes","Accessible_without_stairs":"Yes","Close_to_Street":"Yes","NotBlocking_Ped_Vehicles":"Yes","size2x6x7_5aisle":"Yes","Surfaced":"Yes","Lockable":"Yes","Signed":null,"Operations_Issues":null,"Meets_City_Reqmts":"Yes","Found_Added":"Added","Brown_Address_1":"1 Young Orchard Ave","Brown_Address_2":"PROVIDENCE, RI 02912","Street_Name":"Young Orchard","NN_Recommended":null,"Brown_Entity_Abbr":"BR4ORWIG","Brown_Description":"BIKE RACK 4 ORWIG MUSIC BUILDING","Brown_Site":"MAIN","LocationVerified":null,"AssetID":"200878"}},{"type":"Feature","id":183,"geometry":{"type":"Point","coordinates":[-71.3963425053705,41.8245663880114]},"properties":{"OBJECTID":183,"GlobalID_text":"{956FE78D-FA45-4265-916C-621BD4F28F5D}","NN_ID":183,"Spaces_Total":2,"Spaces_Fully_Meet_City_Requirem":2,"Spaces_Usable_per_NN":0,"Spaces_Substandard":0,"Spaces_Useable_Total":2,"Evaluation":"Meets Standards","Rack_Type":"Inverted U","Rack_Type_Other":null,"Inside_or_Outside":"Outdoors - Uncovered","Location_Outdoors":"Other","Too_Close_to_Wall":"No","Parking_Type":"Short Term Parking","Notes":null,"Within_50ft_of_entrance":"Yes","Securely_anchored":"Yes","Accessible_without_stairs":"Yes","Close_to_Street":"Yes","NotBlocking_Ped_Vehicles":"Yes","size2x6x7_5aisle":"?","Surfaced":"Yes","Lockable":"Yes","Signed":null,"Operations_Issues":"May need to check space requirement ","Meets_City_Reqmts":"Yes","Found_Added":"Added","Brown_Address_1":"1 Young Orchard Ave","Brown_Address_2":"PROVIDENCE, RI 02912","Street_Name":"Young Orchard","NN_Recommended":null,"Brown_Entity_Abbr":"BR5ORWIG","Brown_Description":"BIKE RACK 5 ORWIG MUSIC BUILDING","Brown_Site":"MAIN","LocationVerified":null,"AssetID":"200879"}},{"type":"Feature","id":184,"geometry":{"type":"Point","coordinates":[-71.3963442148645,41.824425657264]},"properties":{"OBJECTID":184,"GlobalID_text":"{3ECF7055-6D79-42BA-B38A-9A78A3A1FF69}","NN_ID":184,"Spaces_Total":4,"Spaces_Fully_Meet_City_Requirem":4,"Spaces_Usable_per_NN":0,"Spaces_Substandard":0,"Spaces_Useable_Total":4,"Evaluation":"Meets Standards","Rack_Type":"Wave","Rack_Type_Other":null,"Inside_or_Outside":"Outdoors - Uncovered","Location_Outdoors":"Other","Too_Close_to_Wall":"No","Parking_Type":"Short Term Parking","Notes":null,"Within_50ft_of_entrance":"Yes","Securely_anchored":"Yes","Accessible_without_stairs":"Yes","Close_to_Street":"Yes","NotBlocking_Ped_Vehicles":"Yes","size2x6x7_5aisle":"Yes","Surfaced":"Yes","Lockable":"Yes","Signed":null,"Operations_Issues":null,"Meets_City_Reqmts":"Yes","Found_Added":"Added","Brown_Address_1":"1 Young Orchard Ave","Brown_Address_2":"PROVIDENCE, RI 02912","Street_Name":"Young Orchard","NN_Recommended":null,"Brown_Entity_Abbr":"BR6ORWIG","Brown_Description":"BIKE RACK 6 ORWIG MUSIC BUILDING","Brown_Site":"MAIN","LocationVerified":null,"AssetID":"200880"}},{"type":"Feature","id":185,"geometry":{"type":"Point","coordinates":[-71.3962763175004,41.8239717526578]},"properties":{"OBJECTID":185,"GlobalID_text":"{1C9437AE-72A6-41DF-93B9-ABBD71FF9C98}","NN_ID":185,"Spaces_Total":6,"Spaces_Fully_Meet_City_Requirem":6,"Spaces_Usable_per_NN":0,"Spaces_Substandard":0,"Spaces_Useable_Total":6,"Evaluation":"Meets Standards","Rack_Type":"Wave","Rack_Type_Other":null,"Inside_or_Outside":"Outdoors - Uncovered","Location_Outdoors":"Other","Too_Close_to_Wall":"No","Parking_Type":"Short Term Parking","Notes":null,"Within_50ft_of_entrance":"Yes","Securely_anchored":"Yes","Accessible_without_stairs":"Yes","Close_to_Street":"Yes","NotBlocking_Ped_Vehicles":"Yes","size2x6x7_5aisle":"?","Surfaced":"Mostly","Lockable":"Yes","Signed":null,"Operations_Issues":"Need to cut back bushes","Meets_City_Reqmts":"Yes","Found_Added":"Found","Brown_Address_1":"4 YOUNG ORCHARD AVE","Brown_Address_2":"PROVIDENCE, RI 02912","Street_Name":"Young Orchard","NN_Recommended":null,"Brown_Entity_Abbr":"BR1YO004","Brown_Description":"BIKE RACK 1 YOUNG ORCHARD 004","Brown_Site":"MAIN","LocationVerified":null,"AssetID":"200399"}},{"type":"Feature","id":186,"geometry":{"type":"Point","coordinates":[-71.3962906887483,41.823971386484]},"properties":{"OBJECTID":186,"GlobalID_text":"{B45A5610-1C63-49CF-8AE0-52E9620A5084}","NN_ID":186,"Spaces_Total":5,"Spaces_Fully_Meet_City_Requirem":5,"Spaces_Usable_per_NN":0,"Spaces_Substandard":0,"Spaces_Useable_Total":5,"Evaluation":"Meets Standards","Rack_Type":"Wave","Rack_Type_Other":null,"Inside_or_Outside":"Outdoors - Uncovered","Location_Outdoors":"Other","Too_Close_to_Wall":"No","Parking_Type":"Short Term Parking","Notes":null,"Within_50ft_of_entrance":"Yes","Securely_anchored":"Yes","Accessible_without_stairs":"Yes","Close_to_Street":"Yes","NotBlocking_Ped_Vehicles":"Yes","size2x6x7_5aisle":"?","Surfaced":"Yes","Lockable":"Yes","Signed":null,"Operations_Issues":"Need to cut back branches","Meets_City_Reqmts":"Yes","Found_Added":"Added","Brown_Address_1":"4 YOUNG ORCHARD AVE","Brown_Address_2":"PROVIDENCE, RI 02912","Street_Name":"Young Orchard","NN_Recommended":null,"Brown_Entity_Abbr":"BR3YO004","Brown_Description":"BIKE RACK 3 YOUNG ORCHARD 004","Brown_Site":"MAIN","LocationVerified":null,"AssetID":"200883"}},{"type":"Feature","id":187,"geometry":{"type":"Point","coordinates":[-71.3968379891318,41.8239490043582]},"properties":{"OBJECTID":187,"GlobalID_text":"{0DD484E6-2EB5-4B38-8DB4-447AB3834553}","NN_ID":187,"Spaces_Total":6,"Spaces_Fully_Meet_City_Requirem":0,"Spaces_Usable_per_NN":5,"Spaces_Substandard":1,"Spaces_Useable_Total":5,"Evaluation":"Partially Meets Standards","Rack_Type":"Wave","Rack_Type_Other":null,"Inside_or_Outside":"Outdoors - Uncovered","Location_Outdoors":"Other","Too_Close_to_Wall":"No","Parking_Type":"Short Term Parking","Notes":null,"Within_50ft_of_entrance":"Yes","Securely_anchored":"Yes","Accessible_without_stairs":"Yes","Close_to_Street":"Yes","NotBlocking_Ped_Vehicles":"Yes","size2x6x7_5aisle":"?","Surfaced":"No","Lockable":"Yes","Signed":null,"Operations_Issues":"On grass; recommended surfacing; wood post in the way of far left space","Meets_City_Reqmts":"No","Found_Added":"Found","Brown_Address_1":"2 YOUNG ORCHARD AVE","Brown_Address_2":"PROVIDENCE, RI 02912","Street_Name":"Young Orchard","NN_Recommended":"Some","Brown_Entity_Abbr":"BR1YO002","Brown_Description":"BIKE RACK 1 YOUNG ORCHARD 002","Brown_Site":"MAIN","LocationVerified":null,"AssetID":"200397"}},{"type":"Feature","id":188,"geometry":{"type":"Point","coordinates":[-71.3964524744326,41.823642657974]},"properties":{"OBJECTID":188,"GlobalID_text":"{F231D011-CEF6-4651-849C-C1DE9202309C}","NN_ID":188,"Spaces_Total":6,"Spaces_Fully_Meet_City_Requirem":6,"Spaces_Usable_per_NN":0,"Spaces_Substandard":0,"Spaces_Useable_Total":6,"Evaluation":"Meets Standards","Rack_Type":"Wave","Rack_Type_Other":null,"Inside_or_Outside":"Outdoors - Uncovered","Location_Outdoors":"Other","Too_Close_to_Wall":"No","Parking_Type":"Short Term Parking","Notes":null,"Within_50ft_of_entrance":"Yes","Securely_anchored":"Yes","Accessible_without_stairs":"Yes","Close_to_Street":"Yes","NotBlocking_Ped_Vehicles":"Yes","size2x6x7_5aisle":"Yes","Surfaced":"Yes","Lockable":"Yes","Signed":null,"Operations_Issues":null,"Meets_City_Reqmts":"Yes","Found_Added":"Added","Brown_Address_1":"150 Power St","Brown_Address_2":"PROVIDENCE, RI 02912","Street_Name":"Power","NN_Recommended":null,"Brown_Entity_Abbr":"BR3PERKINS","Brown_Description":"BIKE RACK 3 PERKINS HALL","Brown_Site":"MAIN","LocationVerified":null,"AssetID":"200884"}},{"type":"Feature","id":189,"geometry":{"type":"Point","coordinates":[-71.3963170300474,41.8234379286292]},"properties":{"OBJECTID":189,"GlobalID_text":"{70DABF0C-7395-429D-89B1-951DAE6F794A}","NN_ID":189,"Spaces_Total":6,"Spaces_Fully_Meet_City_Requirem":0,"Spaces_Usable_per_NN":4,"Spaces_Substandard":2,"Spaces_Useable_Total":4,"Evaluation":"Partially Meets Standards","Rack_Type":"Wave","Rack_Type_Other":null,"Inside_or_Outside":"Outdoors - Covered","Location_Outdoors":"Other","Too_Close_to_Wall":"No","Parking_Type":"Long Term Parking","Notes":"Mostly covered","Within_50ft_of_entrance":"Yes","Securely_anchored":"Yes","Accessible_without_stairs":"Yes","Close_to_Street":"Yes","NotBlocking_Ped_Vehicles":"Yes","size2x6x7_5aisle":"?","Surfaced":"Mostly","Lockable":"Yes","Signed":null,"Operations_Issues":"Too close to unsurfaced area / end spaces are inaccessible","Meets_City_Reqmts":"No","Found_Added":"Found","Brown_Address_1":"154 POWER ST","Brown_Address_2":"PROVIDENCE, RI 02912","Street_Name":"Power","NN_Recommended":"Some","Brown_Entity_Abbr":"BR1PERKINS","Brown_Description":"BIKE RACK 1 PERKINS HALL","Brown_Site":"MAIN","LocationVerified":null,"AssetID":"200350"}},{"type":"Feature","id":190,"geometry":{"type":"Point","coordinates":[-71.3979409577056,41.8240491344372]},"properties":{"OBJECTID":190,"GlobalID_text":"{91DC0B82-7956-4474-824B-03DC24181412}","NN_ID":190,"Spaces_Total":8,"Spaces_Fully_Meet_City_Requirem":8,"Spaces_Usable_per_NN":0,"Spaces_Substandard":0,"Spaces_Useable_Total":8,"Evaluation":"Meets Standards","Rack_Type":"Inverted U","Rack_Type_Other":null,"Inside_or_Outside":"Outdoors - Uncovered","Location_Outdoors":"Other","Too_Close_to_Wall":"No","Parking_Type":"Short Term Parking","Notes":null,"Within_50ft_of_entrance":"Yes","Securely_anchored":"Yes","Accessible_without_stairs":"Yes","Close_to_Street":"Yes","NotBlocking_Ped_Vehicles":"Yes","size2x6x7_5aisle":"Yes","Surfaced":"Yes","Lockable":"Yes","Signed":null,"Operations_Issues":null,"Meets_City_Reqmts":"Yes","Found_Added":"Added","Brown_Address_1":"100 Charlesfield St","Brown_Address_2":"PROVIDENCE, RI 02912","Street_Name":"Charlesfield","NN_Recommended":null,"Brown_Entity_Abbr":"BR4BARBOUR","Brown_Description":"BIKE RACK 4 BARBOUR HALL","Brown_Site":"MAIN","LocationVerified":null,"AssetID":"200886"}},{"type":"Feature","id":191,"geometry":{"type":"Point","coordinates":[-71.3983494225636,41.8239636867926]},"properties":{"OBJECTID":191,"GlobalID_text":"{3E12140F-4F2C-4CD6-9A94-C51F99057952}","NN_ID":191,"Spaces_Total":7,"Spaces_Fully_Meet_City_Requirem":7,"Spaces_Usable_per_NN":0,"Spaces_Substandard":0,"Spaces_Useable_Total":7,"Evaluation":"Meets Standards","Rack_Type":"Wave","Rack_Type_Other":null,"Inside_or_Outside":"Outdoors - Uncovered","Location_Outdoors":"Other","Too_Close_to_Wall":"No","Parking_Type":"Short Term Parking","Notes":null,"Within_50ft_of_entrance":"Yes","Securely_anchored":"Yes","Accessible_without_stairs":"Yes","Close_to_Street":"Yes","NotBlocking_Ped_Vehicles":"Yes","size2x6x7_5aisle":"Yes","Surfaced":"Yes","Lockable":"Yes","Signed":null,"Operations_Issues":null,"Meets_City_Reqmts":"Yes","Found_Added":"Found","Brown_Address_1":"100 CHARLESFIELD ST","Brown_Address_2":"PROVIDENCE, RI 02912","Street_Name":"Charlesfield","NN_Recommended":null,"Brown_Entity_Abbr":"BR1BARBOUR","Brown_Description":"BIKE RACK 1 BARBOUR HALL","Brown_Site":"MAIN","LocationVerified":null,"AssetID":"200254"}},{"type":"Feature","id":192,"geometry":{"type":"Point","coordinates":[-71.3981428684388,41.8243031531355]},"properties":{"OBJECTID":192,"GlobalID_text":"{42596198-D061-4711-B6E7-9BBB8CD5015A}","NN_ID":192,"Spaces_Total":7,"Spaces_Fully_Meet_City_Requirem":0,"Spaces_Usable_per_NN":5,"Spaces_Substandard":2,"Spaces_Useable_Total":5,"Evaluation":"Partially Meets Standards","Rack_Type":"Schoolyard","Rack_Type_Other":null,"Inside_or_Outside":"Outdoors - Uncovered","Location_Outdoors":"Other","Too_Close_to_Wall":"No","Parking_Type":"Short Term Parking","Notes":null,"Within_50ft_of_entrance":"Yes","Securely_anchored":"Yes","Accessible_without_stairs":"No","Close_to_Street":"No","NotBlocking_Ped_Vehicles":"Yes","size2x6x7_5aisle":"Yes","Surfaced":"No","Lockable":"Yes","Signed":null,"Operations_Issues":"Not surfaced; schoolyard limited","Meets_City_Reqmts":"No","Found_Added":"Added","Brown_Address_1":"75 Charlesfield St","Brown_Address_2":"PROVIDENCE, RI 02912","Street_Name":"Charlesfield","NN_Recommended":"Some","Brown_Entity_Abbr":"BRPBLCSFTY","Brown_Description":"BIKE RACK PUBLIC SAFETY","Brown_Site":"MAIN","LocationVerified":null,"AssetID":"200876"}},{"type":"Feature","id":193,"geometry":{"type":"Point","coordinates":[-71.3989864242198,41.8242525183039]},"properties":{"OBJECTID":193,"GlobalID_text":"{F146F49A-33E1-4CE8-86F3-7940416BAFE2}","NN_ID":193,"Spaces_Total":4,"Spaces_Fully_Meet_City_Requirem":4,"Spaces_Usable_per_NN":0,"Spaces_Substandard":0,"Spaces_Useable_Total":4,"Evaluation":"Meets Standards","Rack_Type":"Inverted U","Rack_Type_Other":null,"Inside_or_Outside":"Outdoors - Uncovered","Location_Outdoors":"Other","Too_Close_to_Wall":"Other","Parking_Type":"Short Term Parking","Notes":null,"Within_50ft_of_entrance":"Yes","Securely_anchored":"Yes","Accessible_without_stairs":"Yes","Close_to_Street":"Yes","NotBlocking_Ped_Vehicles":"Yes","size2x6x7_5aisle":"Yes","Surfaced":"Yes","Lockable":"Yes","Signed":null,"Operations_Issues":null,"Meets_City_Reqmts":"Yes","Found_Added":"Added","Brown_Address_1":"276 Brook St","Brown_Address_2":"PROVIDENCE, RI 02912","Street_Name":"Brook","NN_Recommended":null,"Brown_Entity_Abbr":"BRSTPHNRBT","Brown_Description":"BIKE RACK STEPHEN ROBERT HALL","Brown_Site":"MAIN","LocationVerified":null,"AssetID":"200875"}},{"type":"Feature","id":194,"geometry":{"type":"Point","coordinates":[-71.4028055595479,41.8224581811914]},"properties":{"OBJECTID":194,"GlobalID_text":"{70737F28-5955-46F2-93AD-7928B8AEDF39}","NN_ID":194,"Spaces_Total":5,"Spaces_Fully_Meet_City_Requirem":0,"Spaces_Usable_per_NN":0,"Spaces_Substandard":5,"Spaces_Useable_Total":0,"Evaluation":"Does Not Meet Standards","Rack_Type":"Wave","Rack_Type_Other":null,"Inside_or_Outside":"Outdoors - Uncovered","Location_Outdoors":"Other","Too_Close_to_Wall":"No","Parking_Type":"Short Term Parking","Notes":null,"Within_50ft_of_entrance":"No","Securely_anchored":"Yes","Accessible_without_stairs":"Yes","Close_to_Street":"Unsure","NotBlocking_Ped_Vehicles":"Yes","size2x6x7_5aisle":"No","Surfaced":"Yes","Lockable":"Yes","Signed":"No","Operations_Issues":"Items in the way of bike space; need signage; Not enough aisle space","Meets_City_Reqmts":"No","Found_Added":"Added","Brown_Address_1":"50 Williams St","Brown_Address_2":"PROVIDENCE, RI 02912","Street_Name":"Williams","NN_Recommended":null,"Brown_Entity_Abbr":"BR2NIGHTBRW","Brown_Description":"BIKE RACK 2 NIGHTINGALE-BROWN","Brown_Site":"MAIN","LocationVerified":null,"AssetID":"200896"}},{"type":"Feature","id":195,"geometry":{"type":"Point","coordinates":[-71.402798108921,41.822434267532]},"properties":{"OBJECTID":195,"GlobalID_text":"{696E3074-B13E-4B2D-8D54-2DE313DF32A2}","NN_ID":195,"Spaces_Total":3,"Spaces_Fully_Meet_City_Requirem":0,"Spaces_Usable_per_NN":0,"Spaces_Substandard":3,"Spaces_Useable_Total":0,"Evaluation":"Does Not Meet Standards","Rack_Type":"Wave","Rack_Type_Other":null,"Inside_or_Outside":"Outdoors - Uncovered","Location_Outdoors":"Other","Too_Close_to_Wall":"No","Parking_Type":"Short Term Parking","Notes":null,"Within_50ft_of_entrance":"No","Securely_anchored":"Yes","Accessible_without_stairs":"Yes","Close_to_Street":"Yes","NotBlocking_Ped_Vehicles":"Yes","size2x6x7_5aisle":"Yes","Surfaced":"Yes","Lockable":"Yes","Signed":"No","Operations_Issues":"Photo shows items blocking the space; need signage since not close to building entrance; limited space","Meets_City_Reqmts":"No","Found_Added":"Found","Brown_Address_1":"357 BENEFIT ST","Brown_Address_2":"PROVIDENCE, RI 02912","Street_Name":"Benefit","NN_Recommended":null,"Brown_Entity_Abbr":"BRNIGHTBRW","Brown_Description":"BIKE RACK NIGHTINGALE-BROWN","Brown_Site":"MAIN","LocationVerified":null,"AssetID":"200346"}},{"type":"Feature","id":196,"geometry":{"type":"Point","coordinates":[-71.4053408011125,41.8178423755126]},"properties":{"OBJECTID":196,"GlobalID_text":"{5618D9C8-1DF0-4772-9546-00ABF8227862}","NN_ID":196,"Spaces_Total":8,"Spaces_Fully_Meet_City_Requirem":0,"Spaces_Usable_per_NN":8,"Spaces_Substandard":0,"Spaces_Useable_Total":8,"Evaluation":"Meets Standards","Rack_Type":"Inverted U","Rack_Type_Other":null,"Inside_or_Outside":"Outdoors - Uncovered","Location_Outdoors":"Other","Too_Close_to_Wall":"No","Parking_Type":"Short Term Parking","Notes":null,"Within_50ft_of_entrance":"No","Securely_anchored":"Yes","Accessible_without_stairs":"Yes","Close_to_Street":"No","NotBlocking_Ped_Vehicles":"Yes","size2x6x7_5aisle":"Yes","Surfaced":"Yes","Lockable":"Yes","Signed":"No","Operations_Issues":"Needs signage; not close enough to entrance ","Meets_City_Reqmts":"No","Found_Added":"Added","Brown_Address_1":"Davol_Square","Brown_Address_2":"PROVIDENCE, RI 02903","Street_Name":"Davol_Square","NN_Recommended":"Yes","Brown_Entity_Abbr":"BR3DAVOL1","Brown_Description":"BIKE RACK 3 DAVOL SQ 001","Brown_Site":"DOWNTOWN","LocationVerified":null,"AssetID":"200915"}},{"type":"Feature","id":197,"geometry":{"type":"Point","coordinates":[-71.4062462786643,41.8175405738626]},"properties":{"OBJECTID":197,"GlobalID_text":"{C97DBAB4-DEA7-4689-B694-14ABB4365F0C}","NN_ID":197,"Spaces_Total":8,"Spaces_Fully_Meet_City_Requirem":0,"Spaces_Usable_per_NN":2,"Spaces_Substandard":6,"Spaces_Useable_Total":2,"Evaluation":"Partially Meets Standards","Rack_Type":"Schoolyard","Rack_Type_Other":null,"Inside_or_Outside":"Outdoors - Uncovered","Location_Outdoors":"Other","Too_Close_to_Wall":"No","Parking_Type":"Short Term Parking","Notes":null,"Within_50ft_of_entrance":"Yes","Securely_anchored":"Yes","Accessible_without_stairs":"Yes","Close_to_Street":"?","NotBlocking_Ped_Vehicles":"Yes","size2x6x7_5aisle":"?","Surfaced":"Yes","Lockable":"Yes","Signed":"No","Operations_Issues":"May need signage; unsure if visible; type of rack cannot lock frame and wheel except for end spaces","Meets_City_Reqmts":"No","Found_Added":"Found","Brown_Address_1":"Davol_Square","Brown_Address_2":"PROVIDENCE, RI 02903","Street_Name":"Davol_Square","NN_Recommended":"Some","Brown_Entity_Abbr":"BR1DAVOL1","Brown_Description":"BIKE RACK 1 DAVOL SQ 001","Brown_Site":"DOWNTOWN","LocationVerified":null,"AssetID":"200274"}},{"type":"Feature","id":198,"geometry":{"type":"Point","coordinates":[-71.4060858817754,41.8175885621573]},"properties":{"OBJECTID":198,"GlobalID_text":"{8739C71B-3838-4D65-87E8-43C17DA140EA}","NN_ID":198,"Spaces_Total":6,"Spaces_Fully_Meet_City_Requirem":0,"Spaces_Usable_per_NN":2,"Spaces_Substandard":4,"Spaces_Useable_Total":2,"Evaluation":"Partially Meets Standards","Rack_Type":"Schoolyard","Rack_Type_Other":null,"Inside_or_Outside":"Outdoors - Uncovered","Location_Outdoors":"Other","Too_Close_to_Wall":"No","Parking_Type":"Short Term Parking","Notes":null,"Within_50ft_of_entrance":"Yes","Securely_anchored":"Yes","Accessible_without_stairs":"Yes","Close_to_Street":"?","NotBlocking_Ped_Vehicles":"Yes","size2x6x7_5aisle":"?","Surfaced":"Yes","Lockable":"Yes","Signed":"No","Operations_Issues":"May need signage; unsure if visible; type of rack cannot lock frame and wheel except for end spaces","Meets_City_Reqmts":"No","Found_Added":"Found","Brown_Address_1":"Davol_Square","Brown_Address_2":"PROVIDENCE, RI 02903","Street_Name":"Davol_Square","NN_Recommended":"Some","Brown_Entity_Abbr":"BR2DAVOL1","Brown_Description":"BIKE RACK 2 DAVOL SQ 001","Brown_Site":"DOWNTOWN","LocationVerified":null,"AssetID":"200275"}},{"type":"Feature","id":199,"geometry":{"type":"Point","coordinates":[-71.4066807228004,41.8164973051101]},"properties":{"OBJECTID":199,"GlobalID_text":"{5D88455D-A224-4AC5-89A2-48C85A87A5E8}","NN_ID":199,"Spaces_Total":2,"Spaces_Fully_Meet_City_Requirem":1,"Spaces_Usable_per_NN":0,"Spaces_Substandard":1,"Spaces_Useable_Total":1,"Evaluation":"Partially Meets Standards","Rack_Type":"Post & Ring","Rack_Type_Other":null,"Inside_or_Outside":"Outdoors - Uncovered","Location_Outdoors":"Other","Too_Close_to_Wall":"No","Parking_Type":"Short Term Parking","Notes":null,"Within_50ft_of_entrance":"Yes","Securely_anchored":"Yes","Accessible_without_stairs":"Yes","Close_to_Street":"Yes","NotBlocking_Ped_Vehicles":"Yes","size2x6x7_5aisle":"Mostly","Surfaced":"Yes","Lockable":"Yes","Signed":null,"Operations_Issues":"One side too narrow","Meets_City_Reqmts":"Mostly","Found_Added":"Added","Brown_Address_1":"Davol_Square","Brown_Address_2":"PROVIDENCE, RI 02903","Street_Name":"Davol_Square","NN_Recommended":null,"Brown_Entity_Abbr":"BR2DAVOL010","Brown_Description":"BIKE RACK 2 DAVOL SQ 010","Brown_Site":"DOWNTOWN","LocationVerified":null,"AssetID":"200917"}},{"type":"Feature","id":200,"geometry":{"type":"Point","coordinates":[-71.4067274729244,41.8164926065586]},"properties":{"OBJECTID":200,"GlobalID_text":"{D40B89D6-BF7B-488D-BB76-54FA061D5866}","NN_ID":200,"Spaces_Total":2,"Spaces_Fully_Meet_City_Requirem":1,"Spaces_Usable_per_NN":0,"Spaces_Substandard":1,"Spaces_Useable_Total":1,"Evaluation":"Partially Meets Standards","Rack_Type":"Post & Ring","Rack_Type_Other":null,"Inside_or_Outside":"Outdoors - Uncovered","Location_Outdoors":"Other","Too_Close_to_Wall":"No","Parking_Type":"Short Term Parking","Notes":null,"Within_50ft_of_entrance":"Yes","Securely_anchored":"Yes","Accessible_without_stairs":"Yes","Close_to_Street":"Yes","NotBlocking_Ped_Vehicles":"Yes","size2x6x7_5aisle":"Mostly","Surfaced":"Yes","Lockable":"Yes","Signed":null,"Operations_Issues":"One side too narrow","Meets_City_Reqmts":"Mostly","Found_Added":"Added","Brown_Address_1":"Davol_Square","Brown_Address_2":"PROVIDENCE, RI 02903","Street_Name":"Davol_Square","NN_Recommended":null,"Brown_Entity_Abbr":"BR3DAVOL010","Brown_Description":"BIKE RACK 3 DAVOL SQ 010","Brown_Site":"DOWNTOWN","LocationVerified":null,"AssetID":"200916"}},{"type":"Feature","id":201,"geometry":{"type":"Point","coordinates":[-71.4067599838528,41.8164761576084]},"properties":{"OBJECTID":201,"GlobalID_text":"{072A8E58-5E3A-4F61-8780-CBA527BB91AE}","NN_ID":201,"Spaces_Total":2,"Spaces_Fully_Meet_City_Requirem":1,"Spaces_Usable_per_NN":0,"Spaces_Substandard":1,"Spaces_Useable_Total":1,"Evaluation":"Partially Meets Standards","Rack_Type":"Post & Ring","Rack_Type_Other":null,"Inside_or_Outside":"Outdoors - Uncovered","Location_Outdoors":"Other","Too_Close_to_Wall":"No","Parking_Type":"Short Term Parking","Notes":null,"Within_50ft_of_entrance":"Yes","Securely_anchored":"Yes","Accessible_without_stairs":"Yes","Close_to_Street":"Yes","NotBlocking_Ped_Vehicles":"Yes","size2x6x7_5aisle":"Mostly","Surfaced":"Yes","Lockable":"Yes","Signed":null,"Operations_Issues":"One side too narrow","Meets_City_Reqmts":"Mostly","Found_Added":"Found","Brown_Address_1":"Davol_Square","Brown_Address_2":"PROVIDENCE, RI 02903","Street_Name":"Davol_Square","NN_Recommended":null,"Brown_Entity_Abbr":"BRDAVOL010","Brown_Description":"BIKE RACK DAVOL SQ 010","Brown_Site":"DOWNTOWN","LocationVerified":null,"AssetID":"200276"}},{"type":"Feature","id":202,"geometry":{"type":"Point","coordinates":[-71.4084060792373,41.8186057088518]},"properties":{"OBJECTID":202,"GlobalID_text":"{94095FD5-EF9D-4DF8-B4DF-ECA8E9EB022D}","NN_ID":202,"Spaces_Total":4,"Spaces_Fully_Meet_City_Requirem":0,"Spaces_Usable_per_NN":3,"Spaces_Substandard":1,"Spaces_Useable_Total":3,"Evaluation":"Partially Meets Standards","Rack_Type":"Wave","Rack_Type_Other":null,"Inside_or_Outside":"Outdoors - Uncovered","Location_Outdoors":"Other","Too_Close_to_Wall":"No","Parking_Type":"Short Term Parking","Notes":"Right outside of garage ","Within_50ft_of_entrance":"No","Securely_anchored":"Yes","Accessible_without_stairs":"Yes","Close_to_Street":"Yes","NotBlocking_Ped_Vehicles":"Yes","size2x6x7_5aisle":"Mostly","Surfaced":"Yes","Lockable":"Yes","Signed":"No","Operations_Issues":"Right space too narrow; not close to building entrance; need signage","Meets_City_Reqmts":"No","Found_Added":"Found","Brown_Address_1":"222 RICHMOND ST","Brown_Address_2":"PROVIDENCE, RI 02903","Street_Name":"Richmond","NN_Recommended":"Some","Brown_Entity_Abbr":"BR1RICH222","Brown_Description":"BIKE RACK 1 RICHMND 222","Brown_Site":"DOWNTOWN","LocationVerified":null,"AssetID":"200354"}},{"type":"Feature","id":203,"geometry":{"type":"Point","coordinates":[-71.4084004674617,41.8185979542875]},"properties":{"OBJECTID":203,"GlobalID_text":"{ACA861BD-065C-41DF-B414-159A6FFB5E92}","NN_ID":203,"Spaces_Total":4,"Spaces_Fully_Meet_City_Requirem":0,"Spaces_Usable_per_NN":3,"Spaces_Substandard":1,"Spaces_Useable_Total":3,"Evaluation":"Partially Meets Standards","Rack_Type":"Wave","Rack_Type_Other":null,"Inside_or_Outside":"Outdoors - Uncovered","Location_Outdoors":"Other","Too_Close_to_Wall":"No","Parking_Type":"Short Term Parking","Notes":"Right outside of garage ","Within_50ft_of_entrance":"No","Securely_anchored":"Yes","Accessible_without_stairs":"Yes","Close_to_Street":"Yes","NotBlocking_Ped_Vehicles":"Yes","size2x6x7_5aisle":"Mostly","Surfaced":"Yes","Lockable":"Yes","Signed":"No","Operations_Issues":"Left space too narrow; not close to building entrance; need signage","Meets_City_Reqmts":"No","Found_Added":"Added","Brown_Address_1":"222 RICHMOND ST","Brown_Address_2":"PROVIDENCE, RI 02903","Street_Name":"Richmond","NN_Recommended":"Some","Brown_Entity_Abbr":"BR12RICH222","Brown_Description":"BIKE RACK 12 RICHMND 222","Brown_Site":"DOWNTOWN","LocationVerified":null,"AssetID":"200912"}},{"type":"Feature","id":204,"geometry":{"type":"Point","coordinates":[-71.4083797334467,41.8186051806336]},"properties":{"OBJECTID":204,"GlobalID_text":"{AE0197AF-7FD6-4547-8072-7167F4A48736}","NN_ID":204,"Spaces_Total":4,"Spaces_Fully_Meet_City_Requirem":0,"Spaces_Usable_per_NN":3,"Spaces_Substandard":1,"Spaces_Useable_Total":3,"Evaluation":"Partially Meets Standards","Rack_Type":"Wave","Rack_Type_Other":null,"Inside_or_Outside":"Outdoors - Uncovered","Location_Outdoors":"Other","Too_Close_to_Wall":"No","Parking_Type":"Short Term Parking","Notes":"Right outside of garage ","Within_50ft_of_entrance":"No","Securely_anchored":"Yes","Accessible_without_stairs":"Yes","Close_to_Street":"Yes","NotBlocking_Ped_Vehicles":"Yes","size2x6x7_5aisle":"Mostly","Surfaced":"Yes","Lockable":"Yes","Signed":"No","Operations_Issues":"Left space too narrow; not close to building entrance; need signage","Meets_City_Reqmts":"No","Found_Added":"Added","Brown_Address_1":"222 RICHMOND ST","Brown_Address_2":"PROVIDENCE, RI 02903","Street_Name":"Richmond","NN_Recommended":"Some","Brown_Entity_Abbr":"BR11RICH222","Brown_Description":"BIKE RACK 11 RICHMND 222","Brown_Site":"DOWNTOWN","LocationVerified":null,"AssetID":"200913"}},{"type":"Feature","id":205,"geometry":{"type":"Point","coordinates":[-71.4083867142547,41.8186145633674]},"properties":{"OBJECTID":205,"GlobalID_text":"{F4C0268D-E7AA-428A-A36B-BF52D676DF6D}","NN_ID":205,"Spaces_Total":4,"Spaces_Fully_Meet_City_Requirem":0,"Spaces_Usable_per_NN":3,"Spaces_Substandard":1,"Spaces_Useable_Total":3,"Evaluation":"Partially Meets Standards","Rack_Type":"Wave","Rack_Type_Other":null,"Inside_or_Outside":"Outdoors - Uncovered","Location_Outdoors":"Other","Too_Close_to_Wall":"No","Parking_Type":"Short Term Parking","Notes":"Right outside of garage ","Within_50ft_of_entrance":"No","Securely_anchored":"Yes","Accessible_without_stairs":"Yes","Close_to_Street":"Yes","NotBlocking_Ped_Vehicles":"Yes","size2x6x7_5aisle":"Mostly","Surfaced":"Yes","Lockable":"Yes","Signed":"No","Operations_Issues":"Right space too narrow; not close to building entrance; need signage","Meets_City_Reqmts":"No","Found_Added":"Added","Brown_Address_1":"222 RICHMOND ST","Brown_Address_2":"PROVIDENCE, RI 02903","Street_Name":"Richmond","NN_Recommended":"Some","Brown_Entity_Abbr":"BR8RICH222","Brown_Description":"BIKE RACK 8 RICHMND 222","Brown_Site":"DOWNTOWN","LocationVerified":null,"AssetID":"200910"}},{"type":"Feature","id":206,"geometry":{"type":"Point","coordinates":[-71.4083649687367,41.8186123273111]},"properties":{"OBJECTID":206,"GlobalID_text":"{727CAEB2-59CB-466E-A5DA-DCE86F247B25}","NN_ID":206,"Spaces_Total":4,"Spaces_Fully_Meet_City_Requirem":0,"Spaces_Usable_per_NN":3,"Spaces_Substandard":1,"Spaces_Useable_Total":3,"Evaluation":"Partially Meets Standards","Rack_Type":"Wave","Rack_Type_Other":null,"Inside_or_Outside":"Outdoors - Uncovered","Location_Outdoors":"Other","Too_Close_to_Wall":"No","Parking_Type":"Short Term Parking","Notes":"Right outside of garage ","Within_50ft_of_entrance":"No","Securely_anchored":"Yes","Accessible_without_stairs":"Yes","Close_to_Street":"Yes","NotBlocking_Ped_Vehicles":"Yes","size2x6x7_5aisle":"Mostly","Surfaced":"Yes","Lockable":"Yes","Signed":"No","Operations_Issues":"Left space too narrow; not close to building entrance; need signage","Meets_City_Reqmts":"No","Found_Added":"Added","Brown_Address_1":"222 RICHMOND ST","Brown_Address_2":"PROVIDENCE, RI 02903","Street_Name":"Richmond","NN_Recommended":"Some","Brown_Entity_Abbr":"BR10RICH222","Brown_Description":"BIKE RACK 10 RICHMND 222","Brown_Site":"DOWNTOWN","LocationVerified":null,"AssetID":"200914"}},{"type":"Feature","id":207,"geometry":{"type":"Point","coordinates":[-71.4083705841055,41.818620085221]},"properties":{"OBJECTID":207,"GlobalID_text":"{9E922E2A-0036-4EFD-B33E-CD0244166D55}","NN_ID":207,"Spaces_Total":4,"Spaces_Fully_Meet_City_Requirem":0,"Spaces_Usable_per_NN":3,"Spaces_Substandard":1,"Spaces_Useable_Total":3,"Evaluation":"Partially Meets Standards","Rack_Type":"Wave","Rack_Type_Other":null,"Inside_or_Outside":"Outdoors - Uncovered","Location_Outdoors":"Other","Too_Close_to_Wall":"No","Parking_Type":"Short Term Parking","Notes":"Right outside of garage ","Within_50ft_of_entrance":"No","Securely_anchored":"Yes","Accessible_without_stairs":"Yes","Close_to_Street":"Yes","NotBlocking_Ped_Vehicles":"Yes","size2x6x7_5aisle":"Mostly","Surfaced":"Yes","Lockable":"Yes","Signed":"No","Operations_Issues":"Right space too narrow; not close to building entrance; need signage","Meets_City_Reqmts":"No","Found_Added":"Added","Brown_Address_1":"222 RICHMOND ST","Brown_Address_2":"PROVIDENCE, RI 02903","Street_Name":"Richmond","NN_Recommended":"Some","Brown_Entity_Abbr":"BR9RICH222","Brown_Description":"BIKE RACK 9 RICHMND 222","Brown_Site":"DOWNTOWN","LocationVerified":null,"AssetID":"200911"}},{"type":"Feature","id":208,"geometry":{"type":"Point","coordinates":[-71.4082921441132,41.8181646498612]},"properties":{"OBJECTID":208,"GlobalID_text":"{B971D373-C138-464B-A9E4-315343D34120}","NN_ID":208,"Spaces_Total":2,"Spaces_Fully_Meet_City_Requirem":1,"Spaces_Usable_per_NN":0,"Spaces_Substandard":1,"Spaces_Useable_Total":1,"Evaluation":"Partially Meets Standards","Rack_Type":"Inverted U","Rack_Type_Other":null,"Inside_or_Outside":"Outdoors - Uncovered","Location_Outdoors":"On sidewalk","Too_Close_to_Wall":"No","Parking_Type":"Short Term Parking","Notes":null,"Within_50ft_of_entrance":"Yes","Securely_anchored":"Yes","Accessible_without_stairs":"Yes","Close_to_Street":"Yes","NotBlocking_Ped_Vehicles":"Yes","size2x6x7_5aisle":"Mostly","Surfaced":"Yes","Lockable":"Yes","Signed":null,"Operations_Issues":"Too close to street for 2 bikes","Meets_City_Reqmts":"Mostly","Found_Added":"Added","Brown_Address_1":"280 Richmond St","Brown_Address_2":"PROVIDENCE, RI 02903","Street_Name":"Richmond","NN_Recommended":null,"Brown_Entity_Abbr":"BR4RICH280","Brown_Description":"BIKE RACK 4 RICHMND 280","Brown_Site":"DOWNTOWN","LocationVerified":null,"AssetID":"200909"}},{"type":"Feature","id":209,"geometry":{"type":"Point","coordinates":[-71.4083209935086,41.8182053249346]},"properties":{"OBJECTID":209,"GlobalID_text":"{6C32EBD0-1879-455A-B8FC-E3F4117BFCF5}","NN_ID":209,"Spaces_Total":2,"Spaces_Fully_Meet_City_Requirem":1,"Spaces_Usable_per_NN":0,"Spaces_Substandard":1,"Spaces_Useable_Total":1,"Evaluation":"Partially Meets Standards","Rack_Type":"Inverted U","Rack_Type_Other":null,"Inside_or_Outside":"Outdoors - Uncovered","Location_Outdoors":"On sidewalk","Too_Close_to_Wall":"No","Parking_Type":"Short Term Parking","Notes":null,"Within_50ft_of_entrance":"Yes","Securely_anchored":"Yes","Accessible_without_stairs":"Yes","Close_to_Street":"Yes","NotBlocking_Ped_Vehicles":"Yes","size2x6x7_5aisle":"Mostly","Surfaced":"Yes","Lockable":"Yes","Signed":null,"Operations_Issues":"Too close to street for 2 bikes","Meets_City_Reqmts":"Mostly","Found_Added":"Added","Brown_Address_1":"280 Richmond St","Brown_Address_2":"PROVIDENCE, RI 02903","Street_Name":"Richmond","NN_Recommended":null,"Brown_Entity_Abbr":"BR3RICH280","Brown_Description":"BIKE RACK 3 RICHMND 280","Brown_Site":"DOWNTOWN","LocationVerified":null,"AssetID":"200908"}},{"type":"Feature","id":210,"geometry":{"type":"Point","coordinates":[-71.4083628792553,41.8182714784451]},"properties":{"OBJECTID":210,"GlobalID_text":"{AF081A22-1048-4931-95D0-32941AF0EBF7}","NN_ID":210,"Spaces_Total":2,"Spaces_Fully_Meet_City_Requirem":1,"Spaces_Usable_per_NN":0,"Spaces_Substandard":1,"Spaces_Useable_Total":1,"Evaluation":"Partially Meets Standards","Rack_Type":"Inverted U","Rack_Type_Other":null,"Inside_or_Outside":"Outdoors - Uncovered","Location_Outdoors":"On sidewalk","Too_Close_to_Wall":"No","Parking_Type":"Short Term Parking","Notes":null,"Within_50ft_of_entrance":"Yes","Securely_anchored":"Yes","Accessible_without_stairs":"Yes","Close_to_Street":"Yes","NotBlocking_Ped_Vehicles":"Yes","size2x6x7_5aisle":"Mostly","Surfaced":"Yes","Lockable":"Yes","Signed":null,"Operations_Issues":"Too close to street for 2 bikes","Meets_City_Reqmts":"Mostly","Found_Added":"Added","Brown_Address_1":"280 Richmond St","Brown_Address_2":"PROVIDENCE, RI 02903","Street_Name":"Richmond","NN_Recommended":null,"Brown_Entity_Abbr":"BR2RICH280","Brown_Description":"BIKE RACK 2 RICHMND 280","Brown_Site":"DOWNTOWN","LocationVerified":null,"AssetID":"200907"}},{"type":"Feature","id":211,"geometry":{"type":"Point","coordinates":[-71.4085936753164,41.8186351364206]},"properties":{"OBJECTID":211,"GlobalID_text":"{81BFD23E-F039-4113-8CAF-97C2EAF140F1}","NN_ID":211,"Spaces_Total":2,"Spaces_Fully_Meet_City_Requirem":1,"Spaces_Usable_per_NN":0,"Spaces_Substandard":1,"Spaces_Useable_Total":1,"Evaluation":"Partially Meets Standards","Rack_Type":"Inverted U","Rack_Type_Other":null,"Inside_or_Outside":"Outdoors - Uncovered","Location_Outdoors":"On sidewalk","Too_Close_to_Wall":"No","Parking_Type":"Short Term Parking","Notes":null,"Within_50ft_of_entrance":"Yes","Securely_anchored":"Yes","Accessible_without_stairs":"Yes","Close_to_Street":"Yes","NotBlocking_Ped_Vehicles":"Yes","size2x6x7_5aisle":"Mostly","Surfaced":"Yes","Lockable":"Yes","Signed":null,"Operations_Issues":"Too close to street for 2 bikes","Meets_City_Reqmts":"Mostly","Found_Added":"Added","Brown_Address_1":"227 Richmond St","Brown_Address_2":"PROVIDENCE, RI 02903","Street_Name":"Richmond","NN_Recommended":null,"Brown_Entity_Abbr":"BR6RICH222","Brown_Description":"BIKE RACK 6 RICHMND 222","Brown_Site":"DOWNTOWN","LocationVerified":null,"AssetID":"200904"}},{"type":"Feature","id":212,"geometry":{"type":"Point","coordinates":[-71.4086429155704,41.8187052996543]},"properties":{"OBJECTID":212,"GlobalID_text":"{27CA3D12-985A-47D6-9209-4E9023EBCB32}","NN_ID":212,"Spaces_Total":2,"Spaces_Fully_Meet_City_Requirem":1,"Spaces_Usable_per_NN":0,"Spaces_Substandard":1,"Spaces_Useable_Total":1,"Evaluation":"Partially Meets Standards","Rack_Type":"Inverted U","Rack_Type_Other":null,"Inside_or_Outside":"Outdoors - Uncovered","Location_Outdoors":"On sidewalk","Too_Close_to_Wall":"No","Parking_Type":"Short Term Parking","Notes":null,"Within_50ft_of_entrance":"Yes","Securely_anchored":"Yes","Accessible_without_stairs":"Yes","Close_to_Street":"Yes","NotBlocking_Ped_Vehicles":"Yes","size2x6x7_5aisle":"Mostly","Surfaced":"Yes","Lockable":"Yes","Signed":null,"Operations_Issues":"Too close to street for 2 bikes","Meets_City_Reqmts":"Mostly","Found_Added":"Added","Brown_Address_1":"227 Richmond St","Brown_Address_2":"PROVIDENCE, RI 02903","Street_Name":"Richmond","NN_Recommended":null,"Brown_Entity_Abbr":"BR5RICH222","Brown_Description":"BIKE RACK 5 RICHMND 222","Brown_Site":"DOWNTOWN","LocationVerified":null,"AssetID":"200903"}},{"type":"Feature","id":213,"geometry":{"type":"Point","coordinates":[-71.4086924684381,41.818780488569]},"properties":{"OBJECTID":213,"GlobalID_text":"{128B2381-FD79-4352-954D-17CCE2AF1F12}","NN_ID":213,"Spaces_Total":2,"Spaces_Fully_Meet_City_Requirem":1,"Spaces_Usable_per_NN":0,"Spaces_Substandard":1,"Spaces_Useable_Total":1,"Evaluation":"Partially Meets Standards","Rack_Type":"Inverted U","Rack_Type_Other":null,"Inside_or_Outside":"Outdoors - Uncovered","Location_Outdoors":"On sidewalk","Too_Close_to_Wall":"No","Parking_Type":"Short Term Parking","Notes":null,"Within_50ft_of_entrance":"Yes","Securely_anchored":"Yes","Accessible_without_stairs":"Yes","Close_to_Street":"Yes","NotBlocking_Ped_Vehicles":"Yes","size2x6x7_5aisle":"Mostly","Surfaced":"Yes","Lockable":"Yes","Signed":null,"Operations_Issues":"Too close to street for 2 bikes","Meets_City_Reqmts":"Mostly","Found_Added":"Found","Brown_Address_1":"222 RICHMOND ST","Brown_Address_2":"PROVIDENCE, RI 02903","Street_Name":"Richmond","NN_Recommended":null,"Brown_Entity_Abbr":"BR2RICH222","Brown_Description":"BIKE RACK 2 RICHMND 222","Brown_Site":"DOWNTOWN","LocationVerified":null,"AssetID":"200355"}},{"type":"Feature","id":214,"geometry":{"type":"Point","coordinates":[-71.4087400477071,41.8188458729275]},"properties":{"OBJECTID":214,"GlobalID_text":"{482F79C9-1548-4A0D-8899-7A7ACF990C19}","NN_ID":214,"Spaces_Total":2,"Spaces_Fully_Meet_City_Requirem":1,"Spaces_Usable_per_NN":0,"Spaces_Substandard":1,"Spaces_Useable_Total":1,"Evaluation":"Partially Meets Standards","Rack_Type":"Inverted U","Rack_Type_Other":null,"Inside_or_Outside":"Outdoors - Uncovered","Location_Outdoors":"On sidewalk","Too_Close_to_Wall":"No","Parking_Type":"Short Term Parking","Notes":null,"Within_50ft_of_entrance":"Yes","Securely_anchored":"Yes","Accessible_without_stairs":"Yes","Close_to_Street":"Yes","NotBlocking_Ped_Vehicles":"Yes","size2x6x7_5aisle":"Mostly","Surfaced":"Yes","Lockable":"Yes","Signed":null,"Operations_Issues":"Too close to street for 2 bikes","Meets_City_Reqmts":"Mostly","Found_Added":"Found","Brown_Address_1":"222 RICHMOND ST","Brown_Address_2":"PROVIDENCE, RI 02903","Street_Name":"Richmond","NN_Recommended":null,"Brown_Entity_Abbr":"BR3RICH222","Brown_Description":"BIKE RACK 3 RICHMND 222","Brown_Site":"DOWNTOWN","LocationVerified":null,"AssetID":"200356"}},{"type":"Feature","id":215,"geometry":{"type":"Point","coordinates":[-71.4085712542653,41.8185486157413]},"properties":{"OBJECTID":215,"GlobalID_text":"{711AC767-51FE-4F27-B275-5647FCAE8DEB}","NN_ID":215,"Spaces_Total":2,"Spaces_Fully_Meet_City_Requirem":1,"Spaces_Usable_per_NN":0,"Spaces_Substandard":1,"Spaces_Useable_Total":1,"Evaluation":"Partially Meets Standards","Rack_Type":"Inverted U","Rack_Type_Other":null,"Inside_or_Outside":"Outdoors - Uncovered","Location_Outdoors":"On sidewalk","Too_Close_to_Wall":"No","Parking_Type":"Short Term Parking","Notes":null,"Within_50ft_of_entrance":"Yes","Securely_anchored":"Yes","Accessible_without_stairs":"Yes","Close_to_Street":"Yes","NotBlocking_Ped_Vehicles":"Yes","size2x6x7_5aisle":"Mostly","Surfaced":"Yes","Lockable":"Yes","Signed":null,"Operations_Issues":"Too close to street for 2 bikes","Meets_City_Reqmts":"Mostly","Found_Added":"Added","Brown_Address_1":"227 Richmond St","Brown_Address_2":"PROVIDENCE, RI 02903","Street_Name":"Richmond","NN_Recommended":null,"Brown_Entity_Abbr":"BR7RICH222","Brown_Description":"BIKE RACK 7 RICHMND 222","Brown_Site":"DOWNTOWN","LocationVerified":null,"AssetID":"200905"}},{"type":"Feature","id":216,"geometry":{"type":"Point","coordinates":[-71.4085055649601,41.8184463394121]},"properties":{"OBJECTID":216,"GlobalID_text":"{B516EB4B-AC06-4B93-AF4C-4E4A204EB998}","NN_ID":216,"Spaces_Total":2,"Spaces_Fully_Meet_City_Requirem":1,"Spaces_Usable_per_NN":0,"Spaces_Substandard":1,"Spaces_Useable_Total":1,"Evaluation":"Partially Meets Standards","Rack_Type":"Inverted U","Rack_Type_Other":null,"Inside_or_Outside":"Outdoors - Uncovered","Location_Outdoors":"On sidewalk","Too_Close_to_Wall":"No","Parking_Type":"Short Term Parking","Notes":null,"Within_50ft_of_entrance":"Yes","Securely_anchored":"Yes","Accessible_without_stairs":"Yes","Close_to_Street":"Yes","NotBlocking_Ped_Vehicles":"Yes","size2x6x7_5aisle":"Mostly","Surfaced":"Yes","Lockable":"Yes","Signed":null,"Operations_Issues":"Too close to street for 2 bikes","Meets_City_Reqmts":"Mostly","Found_Added":"Added","Brown_Address_1":"280 Richmond St","Brown_Address_2":"PROVIDENCE, RI 02903","Street_Name":"Richmond","NN_Recommended":null,"Brown_Entity_Abbr":"BR1RICH280","Brown_Description":"BIKE RACK 1 RICHMND 280","Brown_Site":"DOWNTOWN","LocationVerified":null,"AssetID":"200906"}},{"type":"Feature","id":217,"geometry":{"type":"Point","coordinates":[-71.4088261179894,41.8189619277399]},"properties":{"OBJECTID":217,"GlobalID_text":"{18A7238A-D470-4F67-A22D-144CF458F7A5}","NN_ID":217,"Spaces_Total":2,"Spaces_Fully_Meet_City_Requirem":1,"Spaces_Usable_per_NN":0,"Spaces_Substandard":1,"Spaces_Useable_Total":1,"Evaluation":"Partially Meets Standards","Rack_Type":"Inverted U","Rack_Type_Other":null,"Inside_or_Outside":"Outdoors - Uncovered","Location_Outdoors":"On sidewalk","Too_Close_to_Wall":"No","Parking_Type":"Short Term Parking","Notes":null,"Within_50ft_of_entrance":"Yes","Securely_anchored":"Yes","Accessible_without_stairs":"Yes","Close_to_Street":"Yes","NotBlocking_Ped_Vehicles":"Yes","size2x6x7_5aisle":"Mostly","Surfaced":"Yes","Lockable":"Yes","Signed":null,"Operations_Issues":"Too close to street for 2 bikes","Meets_City_Reqmts":"Mostly","Found_Added":"Found","Brown_Address_1":"222 RICHMOND ST","Brown_Address_2":"PROVIDENCE, RI 02903","Street_Name":"Richmond","NN_Recommended":null,"Brown_Entity_Abbr":"BR4RICH222","Brown_Description":"BIKE RACK 4 RICHMND 222","Brown_Site":"DOWNTOWN","LocationVerified":null,"AssetID":"200357"}},{"type":"Feature","id":218,"geometry":{"type":"Point","coordinates":[-71.4074098574687,41.8211717700159]},"properties":{"OBJECTID":218,"GlobalID_text":"{8014EA14-F8E2-44DD-BE4A-0BFB47E4BD3D}","NN_ID":218,"Spaces_Total":8,"Spaces_Fully_Meet_City_Requirem":0,"Spaces_Usable_per_NN":8,"Spaces_Substandard":0,"Spaces_Useable_Total":8,"Evaluation":"Meets Standards","Rack_Type":"Inverted U","Rack_Type_Other":null,"Inside_or_Outside":"Outdoors - Uncovered","Location_Outdoors":"Other","Too_Close_to_Wall":"No","Parking_Type":"Short Term Parking","Notes":null,"Within_50ft_of_entrance":"No","Securely_anchored":"Yes","Accessible_without_stairs":"Yes","Close_to_Street":"No","NotBlocking_Ped_Vehicles":"Yes","size2x6x7_5aisle":"Yes","Surfaced":"Yes","Lockable":"Yes","Signed":"No","Operations_Issues":"~100 ft from main entrance; unsure if there is signage","Meets_City_Reqmts":"No","Found_Added":"Added","Brown_Address_1":"200 Dyer St","Brown_Address_2":"PROVIDENCE, RI 02912","Street_Name":"Dyer","NN_Recommended":"Yes","Brown_Entity_Abbr":"BR2DYER200","Brown_Description":"BIKE RACK 2 DYER 200","Brown_Site":"MAIN","LocationVerified":null,"AssetID":"200899"}},{"type":"Feature","id":219,"geometry":{"type":"Point","coordinates":[-71.4077045551876,41.821598211011]},"properties":{"OBJECTID":219,"GlobalID_text":"{0CF3A865-A318-430D-AF5D-156CB7F24500}","NN_ID":219,"Spaces_Total":6,"Spaces_Fully_Meet_City_Requirem":6,"Spaces_Usable_per_NN":0,"Spaces_Substandard":0,"Spaces_Useable_Total":6,"Evaluation":"Meets Standards","Rack_Type":"Inverted U","Rack_Type_Other":null,"Inside_or_Outside":"Outdoors - Uncovered","Location_Outdoors":"Other","Too_Close_to_Wall":"No","Parking_Type":"Short Term Parking","Notes":null,"Within_50ft_of_entrance":"Yes","Securely_anchored":"Yes","Accessible_without_stairs":"Yes","Close_to_Street":"Yes","NotBlocking_Ped_Vehicles":"Yes","size2x6x7_5aisle":"Yes","Surfaced":"Yes","Lockable":"Yes","Signed":null,"Operations_Issues":null,"Meets_City_Reqmts":"Yes","Found_Added":"Added","Brown_Address_1":"200 Dyer St","Brown_Address_2":"PROVIDENCE, RI 02912","Street_Name":"Dyer","NN_Recommended":null,"Brown_Entity_Abbr":"BR1DYER200","Brown_Description":"BIKE RACK 1 DYER 200","Brown_Site":"MAIN","LocationVerified":null,"AssetID":"200900"}},{"type":"Feature","id":220,"geometry":{"type":"Point","coordinates":[-71.4101679045799,41.8186490200478]},"properties":{"OBJECTID":220,"GlobalID_text":"{C9A6C8E4-F4B3-4985-A7C7-81D66D925C86}","NN_ID":220,"Spaces_Total":10,"Spaces_Fully_Meet_City_Requirem":0,"Spaces_Usable_per_NN":0,"Spaces_Substandard":10,"Spaces_Useable_Total":0,"Evaluation":"Does Not Meet Standards","Rack_Type":"Schoolyard","Rack_Type_Other":null,"Inside_or_Outside":"Outdoors - Covered","Location_Outdoors":"Other","Too_Close_to_Wall":"No","Parking_Type":"Long Term Parking","Notes":"Above a set of stairs, covered by entrance overhang","Within_50ft_of_entrance":"Yes","Securely_anchored":"Yes","Accessible_without_stairs":"No","Close_to_Street":"Yes","NotBlocking_Ped_Vehicles":"No","size2x6x7_5aisle":"No","Surfaced":"Yes","Lockable":"No","Signed":null,"Operations_Issues":"Blocking peds; requires stairs","Meets_City_Reqmts":"No","Found_Added":"Found","Brown_Address_1":"70 SHIP ST","Brown_Address_2":"PROVIDENCE, RI 02903","Street_Name":"Ship","NN_Recommended":null,"Brown_Entity_Abbr":"BRSHIP070","Brown_Description":"BIKE RACK SHIP ST 070","Brown_Site":"DOWNTOWN","LocationVerified":null,"AssetID":"200373"}},{"type":"Feature","id":221,"geometry":{"type":"Point","coordinates":[-71.4038043145657,41.825280213453]},"properties":{"OBJECTID":221,"GlobalID_text":"{9DF71398-B98F-46FF-ACBC-548C63A2EFDE}","NN_ID":221,"Spaces_Total":2,"Spaces_Fully_Meet_City_Requirem":1,"Spaces_Usable_per_NN":0,"Spaces_Substandard":1,"Spaces_Useable_Total":1,"Evaluation":"Partially Meets Standards","Rack_Type":"Inverted U","Rack_Type_Other":null,"Inside_or_Outside":"Outdoors - Uncovered","Location_Outdoors":"On sidewalk","Too_Close_to_Wall":"No","Parking_Type":"Short Term Parking","Notes":null,"Within_50ft_of_entrance":"Yes","Securely_anchored":"Yes","Accessible_without_stairs":"Yes","Close_to_Street":"Yes","NotBlocking_Ped_Vehicles":"Yes","size2x6x7_5aisle":"Yes","Surfaced":"Yes","Lockable":"Yes","Signed":null,"Operations_Issues":"Too close to street for 2 bikes","Meets_City_Reqmts":"Mostly","Found_Added":"Added","Brown_Address_1":"65 George St","Brown_Address_2":"PROVIDENCE, RI 02912","Street_Name":"George","NN_Recommended":null,"Brown_Entity_Abbr":"BR3SMILLER","Brown_Description":"BIKE RACK 3 SHIRLEY MILLER HOUSE","Brown_Site":"MAIN","LocationVerified":"No","AssetID":"200844"}},{"type":"Feature","id":222,"geometry":{"type":"Point","coordinates":[-71.4035049177596,41.8252810769896]},"properties":{"OBJECTID":222,"GlobalID_text":"{F91512C7-DEF0-40F8-89B3-8D965847A116}","NN_ID":222,"Spaces_Total":2,"Spaces_Fully_Meet_City_Requirem":1,"Spaces_Usable_per_NN":0,"Spaces_Substandard":1,"Spaces_Useable_Total":1,"Evaluation":"Partially Meets Standards","Rack_Type":"Inverted U","Rack_Type_Other":null,"Inside_or_Outside":"Outdoors - Uncovered","Location_Outdoors":"On sidewalk","Too_Close_to_Wall":"No","Parking_Type":"Short Term Parking","Notes":null,"Within_50ft_of_entrance":"Yes","Securely_anchored":"Yes","Accessible_without_stairs":"Yes","Close_to_Street":"Yes","NotBlocking_Ped_Vehicles":"Yes","size2x6x7_5aisle":"Yes","Surfaced":"Yes","Lockable":"Yes","Signed":null,"Operations_Issues":"Too close to street for 2 bikes","Meets_City_Reqmts":"Mostly","Found_Added":"Added","Brown_Address_1":"67 George St","Brown_Address_2":"PROVIDENCE, RI 02912","Street_Name":"George","NN_Recommended":null,"Brown_Entity_Abbr":"BRGEORGE67","Brown_Description":"BIKE RACK GEORGE 67","Brown_Site":"MAIN","LocationVerified":null,"AssetID":"200845"}},{"type":"Feature","id":223,"geometry":{"type":"Point","coordinates":[-71.4034049343701,41.8251061048204]},"properties":{"OBJECTID":223,"GlobalID_text":"{67ACA92C-520C-42A4-BB8E-D975A536AF5E}","NN_ID":223,"Spaces_Total":2,"Spaces_Fully_Meet_City_Requirem":0,"Spaces_Usable_per_NN":2,"Spaces_Substandard":0,"Spaces_Useable_Total":2,"Evaluation":"Meets Standards","Rack_Type":"Inverted U","Rack_Type_Other":null,"Inside_or_Outside":"Outdoors - Uncovered","Location_Outdoors":"Other","Too_Close_to_Wall":"No","Parking_Type":"Short Term Parking","Notes":null,"Within_50ft_of_entrance":"No","Securely_anchored":"Yes","Accessible_without_stairs":"Yes","Close_to_Street":"?","NotBlocking_Ped_Vehicles":"Yes","size2x6x7_5aisle":"Yes","Surfaced":"Yes","Lockable":"Yes","Signed":"No","Operations_Issues":"Could use signage; not near front entrance ","Meets_City_Reqmts":"No","Found_Added":"Added","Brown_Address_1":"71 George St","Brown_Address_2":"PROVIDENCE, RI 02912","Street_Name":"George","NN_Recommended":"Yes","Brown_Entity_Abbr":"BRNICHLSN","Brown_Description":"BIKE RACK NICHOLSON HOUSE","Brown_Site":"MAIN","LocationVerified":null,"AssetID":"200846"}},{"type":"Feature","id":224,"geometry":{"type":"Point","coordinates":[-71.4008429409764,41.825427183201]},"properties":{"OBJECTID":224,"GlobalID_text":"{FC7F38FF-1B28-4041-823E-2C6F82C7EE2E}","NN_ID":224,"Spaces_Total":8,"Spaces_Fully_Meet_City_Requirem":0,"Spaces_Usable_per_NN":8,"Spaces_Substandard":0,"Spaces_Useable_Total":8,"Evaluation":"Meets Standards","Rack_Type":"Inverted U","Rack_Type_Other":null,"Inside_or_Outside":"Outdoors - Uncovered","Location_Outdoors":"Other","Too_Close_to_Wall":"No","Parking_Type":"Short Term Parking","Notes":null,"Within_50ft_of_entrance":"No","Securely_anchored":"Yes","Accessible_without_stairs":"Yes","Close_to_Street":"Yes","NotBlocking_Ped_Vehicles":"Yes","size2x6x7_5aisle":"Yes","Surfaced":"Yes","Lockable":"Yes","Signed":"No","Operations_Issues":"Not near building entrance; need signage","Meets_City_Reqmts":"No","Found_Added":"Added","Brown_Address_1":"144 Thayer St","Brown_Address_2":"PROVIDENCE, RI 02912","Street_Name":"Thayer","NN_Recommended":"Yes","Brown_Entity_Abbr":"BR3SHARPRF","Brown_Description":"BIKE RACK 3 SHARPE REF","Brown_Site":"MAIN","LocationVerified":null,"AssetID":"200867"}},{"type":"Feature","id":225,"geometry":{"type":"Point","coordinates":[-71.3957092946048,41.832800626785]},"properties":{"OBJECTID":225,"GlobalID_text":"{BCC75F1A-E853-44A1-A4CC-9EFE7F96E3A8}","NN_ID":225,"Spaces_Total":22,"Spaces_Fully_Meet_City_Requirem":22,"Spaces_Usable_per_NN":0,"Spaces_Substandard":0,"Spaces_Useable_Total":22,"Evaluation":"Meets Standards","Rack_Type":"Inverted U","Rack_Type_Other":null,"Inside_or_Outside":"Outdoors - Uncovered","Location_Outdoors":"Other","Too_Close_to_Wall":"No","Parking_Type":"Short Term Parking","Notes":"Unsure if most spaces are available or used to store facilities dept bikes","Within_50ft_of_entrance":"Yes","Securely_anchored":"Yes","Accessible_without_stairs":"Yes","Close_to_Street":"Yes","NotBlocking_Ped_Vehicles":"Yes","size2x6x7_5aisle":"Yes","Surfaced":"Yes","Lockable":"Yes","Signed":null,"Operations_Issues":null,"Meets_City_Reqmts":"Yes","Found_Added":"Found","Brown_Address_1":"295 LLOYD AVE","Brown_Address_2":"PROVIDENCE, RI 02912","Street_Name":"Lloyd","NN_Recommended":null,"Brown_Entity_Abbr":"BRLLOYD295","Brown_Description":"BIKE RACK LLOYD 295","Brown_Site":"MAIN","LocationVerified":null,"AssetID":"200324"}}]}