{"type":"FeatureCollection","features":[{"type":"Feature","id":1,"geometry":{"type":"Point","coordinates":[-71.401083780144,41.8281528569787]},"properties":{"OBJECTID":1,"ID_Extensi":"8637100","Building":"200428","Exterior_Telephone_Location":"Brown Office Building","Address":"164 Angell","BLUE_Strobe":"YES","Camera":"No","Wireless":"No","Type":"Coldblue IP","Configuration":"PLW6,WALL UNIT","Condition":"Good","Cabling":"6","comment":null,"Date_Inspected":1784556810954,"Insp_By":"Adam OConnor","Upgraded":null,"Priority":null,"DPS_Post":611,"ObjectID_1":13,"LocationVerified":"Yes","GlobalID":"e313352b-211a-47db-997b-208f1f8225ca","CreationDate":1746039435897,"Creator":"ZLowery_Paratum_Brown","EditDate":1784556833397,"Editor":"tfey_brownadmin"}},{"type":"Feature","id":2,"geometry":{"type":"Point","coordinates":[-71.3981690009103,41.8261688009177]},"properties":{"OBJECTID":2,"ID_Extensi":"8637987","Building":"200556","Exterior_Telephone_Location":"Engineering Research ","Address":"167 Thayer","BLUE_Strobe":"YES","Camera":"Yes on Stanchion","Wireless":"Yes","Type":"Coldblue IP","Configuration":"STANCHION","Condition":"Good","Cabling":"6","comment":null,"Date_Inspected":1768941756366,"Insp_By":"Tim Fey","Upgraded":null,"Priority":null,"DPS_Post":null,"ObjectID_1":130,"LocationVerified":"Yes","GlobalID":"c8d5a2e7-7e7d-4519-a069-cfaa72387a9a","CreationDate":1746039435897,"Creator":"ZLowery_Paratum_Brown","EditDate":1768941974434,"Editor":"aoconn13_brownadmin"}},{"type":"Feature","id":3,"geometry":{"type":"Point","coordinates":[-71.3973796316854,41.8261998732309]},"properties":{"OBJECTID":3,"ID_Extensi":"8637105","Building":"200556","Exterior_Telephone_Location":"170 Hope","Address":null,"BLUE_Strobe":"YES","Camera":"Yes on Stanchion","Wireless":"No","Type":"Coldblue IP","Configuration":"STANCHION","Condition":"Good","Cabling":"6","comment":null,"Date_Inspected":1775847042968,"Insp_By":"Carlos R","Upgraded":null,"Priority":null,"DPS_Post":null,"ObjectID_1":130,"LocationVerified":"Yes","GlobalID":"dcd25fba-b887-438b-98d2-6648057458ae","CreationDate":1746039435897,"Creator":"ZLowery_Paratum_Brown","EditDate":1775847056676,"Editor":"ndacosta_brownadmin"}},{"type":"Feature","id":4,"geometry":{"type":"Point","coordinates":[-71.4017102630725,41.8271015823764]},"properties":{"OBJECTID":4,"ID_Extensi":"8637202","Building":"100000","Exterior_Telephone_Location":"Hunter/Bert building","Address":"85 waterman","BLUE_Strobe":"YES","Camera":"Yes on Stanchion","Wireless":"No","Type":"Coldblue IP","Configuration":"STANCHION","Condition":"Good","Cabling":"6","comment":null,"Date_Inspected":1776083473871,"Insp_By":" Carlos R","Upgraded":null,"Priority":null,"DPS_Post":612,"ObjectID_1":42,"LocationVerified":"Yes","GlobalID":"f5bfb92f-22ca-4fdb-83c0-501dd50b227f","CreationDate":1746039435897,"Creator":"ZLowery_Paratum_Brown","EditDate":1776083492368,"Editor":"crivera1_brownadmin"}},{"type":"Feature","id":5,"geometry":{"type":"Point","coordinates":[-71.3985883111513,41.8302950463648]},"properties":{"OBJECTID":5,"ID_Extensi":"8637041","Building":"100000","Exterior_Telephone_Location":"Katherine Coleman Aquatics Ctr - Front","Address":"225 Hope","BLUE_Strobe":"YES","Camera":"Yes on Stanchion","Wireless":"Yes","Type":"Coldblue IP","Configuration":"COLUMN PLC 8","Condition":"Good","Cabling":"6","comment":null,"Date_Inspected":1787927807980,"Insp_By":"Carlos Rivera","Upgraded":null,"Priority":null,"DPS_Post":615,"ObjectID_1":92,"LocationVerified":"Yes","GlobalID":"c2045882-2109-47fd-8499-338c334989a7","CreationDate":1746039435897,"Creator":"ZLowery_Paratum_Brown","EditDate":1787927841942,"Editor":"tfey_brownadmin"}},{"type":"Feature","id":6,"geometry":{"type":"Point","coordinates":[-71.4055352414565,41.8299135095208]},"properties":{"OBJECTID":6,"ID_Extensi":"8637167","Building":"200508","Exterior_Telephone_Location":"84 Prospect Street/Rochambeau","Address":"84 Prospect","BLUE_Strobe":"YES","Camera":"Yes on Stanchion","Wireless":"Yes","Type":"Coldblue IP","Configuration":"STANCHION","Condition":"Good","Cabling":"6","comment":null,"Date_Inspected":1769192943840,"Insp_By":"Carlos Rivera","Upgraded":null,"Priority":null,"DPS_Post":null,"ObjectID_1":95,"LocationVerified":"Yes","GlobalID":"06936a70-5924-43ed-8ad4-08f127a2e18f","CreationDate":1746039435897,"Creator":"ZLowery_Paratum_Brown","EditDate":1769192952341,"Editor":"aoconn13_brownadmin"}},{"type":"Feature","id":8,"geometry":{"type":"Point","coordinates":[-71.4043813608799,41.8277299633236]},"properties":{"OBJECTID":8,"ID_Extensi":"8639741","Building":"200443","Exterior_Telephone_Location":"Corliss 45 Prospect","Address":"45 Prospect","BLUE_Strobe":"YES","Camera":"Yes on Stanchion","Wireless":"Yes","Type":"Coldblue IP","Configuration":"STANCHION","Condition":"Good","Cabling":"6","comment":"Entrance Walkway","Date_Inspected":1770319564525,"Insp_By":"Adam OConnor","Upgraded":null,"Priority":null,"DPS_Post":612,"ObjectID_1":32,"LocationVerified":"Yes","GlobalID":"752844b0-b94a-4139-97f4-7bc5ac6b5166","CreationDate":1746039435897,"Creator":"ZLowery_Paratum_Brown","EditDate":1770319605363,"Editor":"sjacks32_brownadmin"}},{"type":"Feature","id":10,"geometry":{"type":"Point","coordinates":[-71.4022315408307,41.8295732547734]},"properties":{"OBJECTID":10,"ID_Extensi":"8639895","Building":"200414","Exterior_Telephone_Location":"Alumnae Hall / Patio","Address":"194 Meeting","BLUE_Strobe":"NO LIGHT","Camera":"No","Wireless":"Yes","Type":"Coldblue IP","Configuration":"BOX BUILDING","Condition":"Good","Cabling":"6","comment":"This location is on the Alumnae hall Patio with ext 8639895. The wheelchair lift emergency phone has been removed.","Date_Inspected":1787920135315,"Insp_By":"Carlos Rivera ","Upgraded":null,"Priority":null,"DPS_Post":611,"ObjectID_1":8,"LocationVerified":"Yes","GlobalID":"291c9759-c3d2-45fa-aae2-1d79df6209c9","CreationDate":1746039435897,"Creator":"ZLowery_Paratum_Brown","EditDate":1787920143705,"Editor":"tfey_brownadmin"}},{"type":"Feature","id":11,"geometry":{"type":"Point","coordinates":[-71.401641590563,41.829913192706]},"properties":{"OBJECTID":11,"ID_Extensi":"8631002","Building":"200522","Exterior_Telephone_Location":"Verney Wooley Courtyard","Address":"204 Meeting/Thayer","BLUE_Strobe":"YES","Camera":"No","Wireless":"No","Type":"Coldblue IP","Configuration":"BOX BUILDING","Condition":"Good","Cabling":"6","comment":null,"Date_Inspected":1775846249359,"Insp_By":"Carlos Rivera","Upgraded":null,"Priority":null,"DPS_Post":611,"ObjectID_1":1,"LocationVerified":"Yes","GlobalID":"e949121b-8e35-4535-a21a-e6c36f59522e","CreationDate":1746039435897,"Creator":"ZLowery_Paratum_Brown","EditDate":1775846264917,"Editor":"ndacosta_brownadmin"}},{"type":"Feature","id":12,"geometry":{"type":"Point","coordinates":[-71.4023749152784,41.8287757582538]},"properties":{"OBJECTID":12,"ID_Extensi":"8636502","Building":"200545","Exterior_Telephone_Location":"Life Sciences/Sidney Frank / Garden Area","Address":"Olive/Meeting","BLUE_Strobe":"YES","Camera":"No","Wireless":"No","Type":"R734","Configuration":"BOX ON POST/STANCHION","Condition":"Good","Cabling":"5e","comment":null,"Date_Inspected":1770296791964,"Insp_By":"L. Escalante","Upgraded":null,"Priority":null,"DPS_Post":611,"ObjectID_1":18,"LocationVerified":"Yes","GlobalID":"dcc5a08f-e92a-41d4-9593-555e0a6bf039","CreationDate":1746039435897,"Creator":"ZLowery_Paratum_Brown","EditDate":1770296815163,"Editor":"lescalan_brownadmin"}},{"type":"Feature","id":13,"geometry":{"type":"Point","coordinates":[-71.4008421384405,41.8306986614716]},"properties":{"OBJECTID":13,"ID_Extensi":"8635407","Building":"200518","Exterior_Telephone_Location":"315 Thayer St. Front ","Address":"315 Thayer","BLUE_Strobe":"YES","Camera":"Yes on Bldg","Wireless":"No","Type":"Coldblue IP","Configuration":"PLW6,WALL UNIT","Condition":"Good","Cabling":"6","comment":null,"Date_Inspected":1787859033751,"Insp_By":"Carlos Rivera ","Upgraded":null,"Priority":null,"DPS_Post":null,"ObjectID_1":149,"LocationVerified":"Yes","GlobalID":"357b123e-64b1-4e89-95d0-475d6a93e772","CreationDate":1746039435897,"Creator":"ZLowery_Paratum_Brown","EditDate":1787859046411,"Editor":"tfey_brownadmin"}},{"type":"Feature","id":14,"geometry":{"type":"Point","coordinates":[-71.3967761384509,41.8305101716817]},"properties":{"OBJECTID":14,"ID_Extensi":"8635283","Building":"200540","Exterior_Telephone_Location":"Nelson rear","Address":"225 Hope","BLUE_Strobe":"YES","Camera":"Yes on Stanchion","Wireless":"Yes","Type":"Coldblue IP","Configuration":"STANCHION","Condition":"Good","Cabling":"6","comment":null,"Date_Inspected":1787927622147,"Insp_By":"Carlos Rivera","Upgraded":null,"Priority":null,"DPS_Post":615,"ObjectID_1":94,"LocationVerified":"Yes","GlobalID":"3638837b-e152-43c6-bcdd-21cfb12b3b5d","CreationDate":1746039435897,"Creator":"ZLowery_Paratum_Brown","EditDate":1787927793003,"Editor":"tfey_brownadmin"}},{"type":"Feature","id":15,"geometry":{"type":"Point","coordinates":[-71.3981669261809,41.8312783495087]},"properties":{"OBJECTID":15,"ID_Extensi":"8637101","Building":"200497","Exterior_Telephone_Location":"Pizzatola Sports Complex/Swim ctr","Address":"233 Hope","BLUE_Strobe":"YES","Camera":"Yes on Stanchion","Wireless":"Yes","Type":"Coldblue IP","Configuration":"STANCHION","Condition":"Good","Cabling":"6","comment":null,"Date_Inspected":1775845935953,"Insp_By":"Carlos Rivera","Upgraded":null,"Priority":null,"DPS_Post":615,"ObjectID_1":91,"LocationVerified":"Yes","GlobalID":"2164e011-1255-4a14-a98e-8afd6cfbdc7e","CreationDate":1746039435897,"Creator":"ZLowery_Paratum_Brown","EditDate":1775845972078,"Editor":"ndacosta_brownadmin"}},{"type":"Feature","id":16,"geometry":{"type":"Point","coordinates":[-71.3986730753847,41.8307731776687]},"properties":{"OBJECTID":16,"ID_Extensi":"8635284","Building":"200539","Exterior_Telephone_Location":"Meehan Parking - Front (lot?)","Address":"225 Hope","BLUE_Strobe":"YES","Camera":"Yes on Stanchion","Wireless":"Yes","Type":"Coldblue IP","Configuration":"STANCHION","Condition":"Good","Cabling":"6","comment":"Wireless on Meehan bldg","Date_Inspected":1787928112968,"Insp_By":"Carlos Rivera","Upgraded":null,"Priority":null,"DPS_Post":615,"ObjectID_1":92,"LocationVerified":"Yes","GlobalID":"fe486758-a560-4429-8fb9-3246d8d47ee6","CreationDate":1746039435897,"Creator":"ZLowery_Paratum_Brown","EditDate":1787928131810,"Editor":"tfey_brownadmin"}},{"type":"Feature","id":17,"geometry":{"type":"Point","coordinates":[-71.4036189617386,41.8269282277387]},"properties":{"OBJECTID":17,"ID_Extensi":"8631345","Building":"200463","Exterior_Telephone_Location":"Hope College Gate","Address":"69 Waterman","BLUE_Strobe":"YES","Camera":"Yes on Stanchion","Wireless":"No","Type":"Coldblue IP","Configuration":"STANCHION","Condition":"Good","Cabling":"6","comment":null,"Date_Inspected":1775847224082,"Insp_By":"Carlos R","Upgraded":null,"Priority":null,"DPS_Post":612,"ObjectID_1":26,"LocationVerified":"Yes","GlobalID":"8a0cff07-37ed-4ae7-860b-7b201fa263c3","CreationDate":1746039435897,"Creator":"ZLowery_Paratum_Brown","EditDate":1775847233785,"Editor":"ndacosta_brownadmin"}},{"type":"Feature","id":18,"geometry":{"type":"Point","coordinates":[-71.4102709762372,41.8189198120816]},"properties":{"OBJECTID":18,"ID_Extensi":"8637685","Building":"200512","Exterior_Telephone_Location":"70 Ship Street","Address":"70 Ship","BLUE_Strobe":"YES","Camera":"Yes on Bldg","Wireless":"No","Type":"R734","Configuration":"PLW6,WALL UNIT","Condition":"Good","Cabling":"6","comment":"Camera may be out of range, second photo showing camera ","Date_Inspected":1750864383444,"Insp_By":"Adam OConnor","Upgraded":null,"Priority":null,"DPS_Post":null,"ObjectID_1":136,"LocationVerified":"Yes","GlobalID":"7099a7ca-a608-4183-b231-3388f1aeeec0","CreationDate":1746039435897,"Creator":"ZLowery_Paratum_Brown","EditDate":1750864461314,"Editor":"aoconn13_brownadmin"}},{"type":"Feature","id":19,"geometry":{"type":"Point","coordinates":[-71.4029651975019,41.8269868035373]},"properties":{"OBJECTID":19,"ID_Extensi":"8636993","Building":"200447","Exterior_Telephone_Location":"Faunce Arch","Address":"75 Waterman","BLUE_Strobe":"YES","Camera":"Yes on Stanchion","Wireless":"Yes","Type":"Coldblue IP","Configuration":"STANCHION","Condition":"Good","Cabling":"6","comment":null,"Date_Inspected":1775847255190,"Insp_By":"Carlos R","Upgraded":null,"Priority":null,"DPS_Post":612,"ObjectID_1":35,"LocationVerified":"Yes","GlobalID":"0a36f921-7a10-4179-897c-30067942ed76","CreationDate":1746039435897,"Creator":"ZLowery_Paratum_Brown","EditDate":1775847263663,"Editor":"ndacosta_brownadmin"}},{"type":"Feature","id":20,"geometry":{"type":"Point","coordinates":[-71.4035576436649,41.8253998958613]},"properties":{"OBJECTID":20,"ID_Extensi":" 8636940","Building":"200503","Exterior_Telephone_Location":"Rhode Island Hall","Address":"56 George","BLUE_Strobe":"YES","Camera":"Yes on Stanchion","Wireless":"Yes","Type":"Coldblue IP","Configuration":"STANCHION","Condition":"Good","Cabling":"6","comment":null,"Date_Inspected":1775847278628,"Insp_By":"Carlos R","Upgraded":null,"Priority":null,"DPS_Post":612,"ObjectID_1":44,"LocationVerified":"Yes","GlobalID":"a56eaa7e-3db5-43ee-a014-634e2c4c060a","CreationDate":1746039435897,"Creator":"ZLowery_Paratum_Brown","EditDate":1775847288730,"Editor":"ndacosta_brownadmin"}},{"type":"Feature","id":21,"geometry":{"type":"Point","coordinates":[-71.4030887633235,41.8279815192571]},"properties":{"OBJECTID":21,"ID_Extensi":"8636190","Building":"200496","Exterior_Telephone_Location":"Peter Green / Brown & Angell Streets","Address":"142 Angell","BLUE_Strobe":"YES","Camera":"Yes on Stanchion","Wireless":"Yes","Type":"Coldblue IP","Configuration":"STANCHION","Condition":"Good","Cabling":"6","comment":null,"Date_Inspected":1769192428456,"Insp_By":"Adam OConnor","Upgraded":null,"Priority":null,"DPS_Post":611,"ObjectID_1":25,"LocationVerified":"Yes","GlobalID":"7e3da429-b75e-419d-bc4a-e0159c953165","CreationDate":1746039435897,"Creator":"ZLowery_Paratum_Brown","EditDate":1769192446921,"Editor":"sjacks32_brownadmin"}},{"type":"Feature","id":22,"geometry":{"type":"Point","coordinates":[-71.4005879140282,41.8234456571423]},"properties":{"OBJECTID":22,"ID_Extensi":"8637082","Building":"200458","Exterior_Telephone_Location":"Graduate Center Tower E / East","Address":"42 Charlesfiedl","BLUE_Strobe":"YES","Camera":"Yes on Bldg","Wireless":"No","Type":"Coldblue IP","Configuration":"BOX BUILDING","Condition":"Good","Cabling":"5","comment":null,"Date_Inspected":1768919248547,"Insp_By":"MR","Upgraded":null,"Priority":"1","DPS_Post":null,"ObjectID_1":108,"LocationVerified":"Yes","GlobalID":"b07a1a89-d4f7-4a5a-841d-96f5717ab163","CreationDate":1746039435897,"Creator":"ZLowery_Paratum_Brown","EditDate":1768919259032,"Editor":"mraposa_brownadmin"}},{"type":"Feature","id":23,"geometry":{"type":"Point","coordinates":[-71.4007952612691,41.8234396240495]},"properties":{"OBJECTID":23,"ID_Extensi":"8637083","Building":"200457","Exterior_Telephone_Location":"Graduate Center Tower E / West","Address":"42 Charlesfield","BLUE_Strobe":"YES","Camera":"No","Wireless":"No","Type":"Coldblue IP","Configuration":"BOX BUILDING","Condition":"Good","Cabling":"5","comment":null,"Date_Inspected":1768919282922,"Insp_By":"MR","Upgraded":null,"Priority":"1","DPS_Post":null,"ObjectID_1":109,"LocationVerified":"Yes","GlobalID":"af3db48f-c06f-4a8c-b860-0c54e3cee5c3","CreationDate":1746039435897,"Creator":"ZLowery_Paratum_Brown","EditDate":1768919286067,"Editor":"mraposa_brownadmin"}},{"type":"Feature","id":24,"geometry":{"type":"Point","coordinates":[-71.4031941942048,41.8251509784587]},"properties":{"OBJECTID":24,"ID_Extensi":"8637004","Building":"200559","Exterior_Telephone_Location":"Madock/Nicholson / Annex","Address":"71 Georg side doors ","BLUE_Strobe":"YES","Camera":"No","Wireless":"No","Type":"Coldblue IP","Configuration":"BOX BUILDING","Condition":"Good","Cabling":"6","comment":null,"Date_Inspected":1774878060630,"Insp_By":"Carlos R","Upgraded":null,"Priority":null,"DPS_Post":613,"ObjectID_1":61,"LocationVerified":"Yes","GlobalID":"17fb336c-fd5f-42e2-bcae-6611ab5a1c33","CreationDate":1746039435897,"Creator":"ZLowery_Paratum_Brown","EditDate":1774878135890,"Editor":"crivera1_brownadmin"}},{"type":"Feature","id":25,"geometry":{"type":"Point","coordinates":[-71.4026934423366,41.8289476889698]},"properties":{"OBJECTID":25,"ID_Extensi":"8636504","Building":"200543","Exterior_Telephone_Location":"Life Sciences / Meeting Street","Address":"Olive/Meeting","BLUE_Strobe":"YES","Camera":"Yes on Stanchion","Wireless":"Yes","Type":"Coldblue IP","Configuration":"STANCHION","Condition":"Good","Cabling":"6","comment":null,"Date_Inspected":1775847437613,"Insp_By":"Adam OConnor","Upgraded":null,"Priority":null,"DPS_Post":611,"ObjectID_1":20,"LocationVerified":"Yes","GlobalID":"a9d4bb2b-4f76-4bdb-aacc-ba9315183a4f","CreationDate":1746039435897,"Creator":"ZLowery_Paratum_Brown","EditDate":1775847448886,"Editor":"ndacosta_brownadmin"}},{"type":"Feature","id":26,"geometry":{"type":"Point","coordinates":[-71.4012302036194,41.8285702451574]},"properties":{"OBJECTID":26,"ID_Extensi":"8636503","Building":"200544","Exterior_Telephone_Location":"Life Sciences/Sidney Frank/ Olive Street Loading Dock","Address":"Olive/Meeting","BLUE_Strobe":"YES","Camera":"Yes on Bldg","Wireless":"No","Type":"Coldblue IP","Configuration":"BOX IN WALL","Condition":"Good","Cabling":"6","comment":null,"Date_Inspected":1784222108995,"Insp_By":"Adam OConnor","Upgraded":null,"Priority":null,"DPS_Post":611,"ObjectID_1":19,"LocationVerified":"Yes","GlobalID":"a3624512-f4b2-4b02-b1a8-6de8b330769a","CreationDate":1746039435897,"Creator":"ZLowery_Paratum_Brown","EditDate":1784222117182,"Editor":"tfey_brownadmin"}},{"type":"Feature","id":27,"geometry":{"type":"Point","coordinates":[-71.4019592626334,41.8285026591192]},"properties":{"OBJECTID":27,"ID_Extensi":"8636501","Building":"200426","Exterior_Telephone_Location":"Life Sciences/Sidney Frank / Olive Street Walkway","Address":"Olive/Meeting","BLUE_Strobe":"YES","Camera":"Yes on Stanchion","Wireless":"Yes","Type":"Codeblue IP","Configuration":"STANCHION","Condition":"Good","Cabling":"6","comment":null,"Date_Inspected":1750865679266,"Insp_By":"Adam OConnor","Upgraded":"2024","Priority":null,"DPS_Post":611,"ObjectID_1":17,"LocationVerified":"Yes","GlobalID":"c0778901-22a1-4468-8859-1a1299451052","CreationDate":1746039435897,"Creator":"ZLowery_Paratum_Brown","EditDate":1750865700624,"Editor":"aoconn13_brownadmin"}},{"type":"Feature","id":28,"geometry":{"type":"Point","coordinates":[-71.3953309034108,41.832412987408]},"properties":{"OBJECTID":28,"ID_Extensi":"8639426","Building":"200537","Exterior_Telephone_Location":"Athletics Berylson Field","Address":"235 Hope/Lloyd","BLUE_Strobe":"YES","Camera":"No","Wireless":"No","Type":"Coldblue IP","Configuration":"BOX BUILDING","Condition":"Good","Cabling":"5e","comment":null,"Date_Inspected":1787928846803,"Insp_By":"Carlos Rivera","Upgraded":null,"Priority":null,"DPS_Post":615,"ObjectID_1":89,"LocationVerified":"Yes","GlobalID":"1cfc8eb2-0d3d-4be3-a32b-625874cbd185","CreationDate":1746039435897,"Creator":"ZLowery_Paratum_Brown","EditDate":1787928864636,"Editor":"tfey_brownadmin"}},{"type":"Feature","id":29,"geometry":{"type":"Point","coordinates":[-71.3994868704078,41.8231782434045]},"properties":{"OBJECTID":29,"ID_Extensi":"8637099","Building":"200520","Exterior_Telephone_Location":"101B Thayer Street / South/ VGQ B","Address":"101 Thayer","BLUE_Strobe":"YES","Camera":"No","Wireless":"No","Type":"R734","Configuration":"BOX BUILDING","Condition":"Fair","Cabling":"5","comment":null,"Date_Inspected":1751983916364,"Insp_By":"GM","Upgraded":null,"Priority":null,"DPS_Post":614,"ObjectID_1":77,"LocationVerified":"Yes","GlobalID":"358f1b86-463b-4b27-8699-25edd565dec9","CreationDate":1746039435897,"Creator":"ZLowery_Paratum_Brown","EditDate":1751983922904,"Editor":"ndacosta_brownadmin"}},{"type":"Feature","id":30,"geometry":{"type":"Point","coordinates":[-71.3958980253537,41.8241214249996]},"properties":{"OBJECTID":30,"ID_Extensi":"8637074","Building":"200533","Exterior_Telephone_Location":"10 Young Orchard Avenue","Address":"10 Young Orchard","BLUE_Strobe":"YES","Camera":"No","Wireless":"No","Type":"Coldblue IP","Configuration":"BOX BUILDING","Condition":"Good","Cabling":"6","comment":null,"Date_Inspected":1780576907084,"Insp_By":"Carlos R","Upgraded":null,"Priority":null,"DPS_Post":614,"ObjectID_1":72,"LocationVerified":"Yes","GlobalID":"3391506c-39b1-4ffe-8fda-e0f3e755fa3e","CreationDate":1746039435897,"Creator":"ZLowery_Paratum_Brown","EditDate":1780576920090,"Editor":"crivera1_brownadmin"}},{"type":"Feature","id":31,"geometry":{"type":"Point","coordinates":[-71.4018250842137,41.8304331180143]},"properties":{"OBJECTID":31,"ID_Extensi":"8639228","Building":"200435","Exterior_Telephone_Location":"Champlin Hall / North","Address":"204 Meeting/Bowen and Thayer","BLUE_Strobe":"YES","Camera":"No","Wireless":"No","Type":"Coldblue IP","Configuration":"BOX BUILDING","Condition":"Good","Cabling":"6","comment":null,"Date_Inspected":1787919703344,"Insp_By":"Carlos Rivera ","Upgraded":null,"Priority":null,"DPS_Post":611,"ObjectID_1":15,"LocationVerified":"Yes","GlobalID":"01dab7cb-0f77-4ea4-ab75-f69139677abb","CreationDate":1746039435897,"Creator":"ZLowery_Paratum_Brown","EditDate":1787919713500,"Editor":"tfey_brownadmin"}},{"type":"Feature","id":32,"geometry":{"type":"Point","coordinates":[-71.4001422963781,41.825492249502]},"properties":{"OBJECTID":32,"ID_Extensi":"8637064","Building":"200451","Exterior_Telephone_Location":"Kassar","Address":"155 George","BLUE_Strobe":"YES","Camera":"Yes on Stanchion","Wireless":"Yes","Type":"Coldblue IP","Configuration":"STANCHION","Condition":"Good","Cabling":"6","comment":null,"Date_Inspected":1774361804046,"Insp_By":"Tim Fey","Upgraded":null,"Priority":null,"DPS_Post":null,"ObjectID_1":122,"LocationVerified":"Yes","GlobalID":"8b4853e6-30eb-4b0b-97e9-4997250654ea","CreationDate":1746039435897,"Creator":"ZLowery_Paratum_Brown","EditDate":1774361844143,"Editor":"tfey_brownadmin"}},{"type":"Feature","id":33,"geometry":{"type":"Point","coordinates":[-71.3987817516176,41.822583716774]},"properties":{"OBJECTID":33,"ID_Extensi":"8637162","Building":"200502","Exterior_Telephone_Location":"Lot #68 - Upper Level - East (Brook)","Address":"Power/Thayer","BLUE_Strobe":"YES","Camera":"Yes on Stanchion","Wireless":"Yes","Type":"Coldblue IP","Configuration":"STANCHION","Condition":"Good","Cabling":"6","comment":null,"Date_Inspected":1774879700586,"Insp_By":"GM","Upgraded":null,"Priority":null,"DPS_Post":null,"ObjectID_1":114,"LocationVerified":"Yes","GlobalID":"422ff88d-deb5-47e0-9a38-49e3f8233c98","CreationDate":1746039435897,"Creator":"ZLowery_Paratum_Brown","EditDate":1774879787932,"Editor":"crivera1_brownadmin"}},{"type":"Feature","id":34,"geometry":{"type":"Point","coordinates":[-71.3987425943743,41.8226080355632]},"properties":{"OBJECTID":34,"ID_Extensi":"8637187","Building":"200498","Exterior_Telephone_Location":"Lot #68 - Lower Level - East (Brook)","Address":"Power/Thayer","BLUE_Strobe":"YES","Camera":"Yes on Bldg","Wireless":"No","Type":"Coldblue IP","Configuration":"BOX BUILDING","Condition":"Good","Cabling":"6","comment":null,"Date_Inspected":1775847527128,"Insp_By":"Carlos R","Upgraded":null,"Priority":null,"DPS_Post":null,"ObjectID_1":111,"LocationVerified":"Yes","GlobalID":"d7e17208-e4b7-4b27-8166-472330b2a61f","CreationDate":1746039435897,"Creator":"ZLowery_Paratum_Brown","EditDate":1775847544294,"Editor":"ndacosta_brownadmin"}},{"type":"Feature","id":35,"geometry":{"type":"Point","coordinates":[-71.3994201586875,41.8225967787563]},"properties":{"OBJECTID":35,"ID_Extensi":"8637163","Building":"200501","Exterior_Telephone_Location":"Lot #68 - Lower Level - Middle","Address":"Power/Thayer","BLUE_Strobe":"YES","Camera":"No","Wireless":"No","Type":"Coldblue IP","Configuration":"BOX BUILDING","Condition":"Good","Cabling":"6","comment":"Carlos R","Date_Inspected":1775847570523,"Insp_By":"GM","Upgraded":null,"Priority":null,"DPS_Post":null,"ObjectID_1":112,"LocationVerified":"Yes","GlobalID":"1069aa0b-d0b5-40ae-a586-1069eb7d331c","CreationDate":1746039435897,"Creator":"ZLowery_Paratum_Brown","EditDate":1775847578325,"Editor":"ndacosta_brownadmin"}},{"type":"Feature","id":36,"geometry":{"type":"Point","coordinates":[-71.3998668765053,41.8229029306535]},"properties":{"OBJECTID":36,"ID_Extensi":"8637185","Building":"200500","Exterior_Telephone_Location":"Lot #68 - Upper Level - West (Thayer)","Address":"Power/Thayer","BLUE_Strobe":"YES","Camera":"Yes other","Wireless":"No","Type":"Coldblue IP","Configuration":"BOX BUILDING","Condition":"Fair","Cabling":"6","comment":null,"Date_Inspected":1775847616248,"Insp_By":"Carlos R","Upgraded":null,"Priority":null,"DPS_Post":null,"ObjectID_1":115,"LocationVerified":"Yes","GlobalID":"b6c09c20-1018-4665-9291-7e29fb3d88f2","CreationDate":1746039435897,"Creator":"ZLowery_Paratum_Brown","EditDate":1775847626001,"Editor":"ndacosta_brownadmin"}},{"type":"Feature","id":37,"geometry":{"type":"Point","coordinates":[-71.3998876931654,41.822857316136]},"properties":{"OBJECTID":37,"ID_Extensi":"8637186","Building":"200499","Exterior_Telephone_Location":"Lot #68 - Lower Level - West (Thayer)","Address":"Power/Thayer","BLUE_Strobe":"YES","Camera":"Yes on Bldg","Wireless":"No","Type":"Coldblue IP","Configuration":"BOX BUILDING","Condition":"Good","Cabling":"5","comment":null,"Date_Inspected":1775847594865,"Insp_By":"Carlos R","Upgraded":null,"Priority":null,"DPS_Post":null,"ObjectID_1":113,"LocationVerified":"Yes","GlobalID":"d62c2b0a-e6a6-4c7d-b7c5-897756a40f18","CreationDate":1746039435897,"Creator":"ZLowery_Paratum_Brown","EditDate":1775847602876,"Editor":"ndacosta_brownadmin"}},{"type":"Feature","id":38,"geometry":{"type":"Point","coordinates":[-71.3997918213408,41.8235358106377]},"properties":{"OBJECTID":38,"ID_Extensi":"8637201","Building":"200521","Exterior_Telephone_Location":"101B Thayer Street/ VGQ B","Address":"101 Thayer B","BLUE_Strobe":"YES","Camera":"No","Wireless":"No","Type":"R734","Configuration":"BOX BUILDING","Condition":"Fair","Cabling":"5","comment":null,"Date_Inspected":1751983888028,"Insp_By":"GM","Upgraded":null,"Priority":null,"DPS_Post":614,"ObjectID_1":76,"LocationVerified":"Yes","GlobalID":"912a275c-58e4-412c-877a-80258faeac41","CreationDate":1746039435897,"Creator":"ZLowery_Paratum_Brown","EditDate":1751983896039,"Editor":"ndacosta_brownadmin"}},{"type":"Feature","id":39,"geometry":{"type":"Point","coordinates":[-71.3998741346203,41.8237035932293]},"properties":{"OBJECTID":39,"ID_Extensi":"8637093","Building":"200519","Exterior_Telephone_Location":"101A Thayer Street/VGQ A","Address":"101 Thayer A","BLUE_Strobe":"YES","Camera":"No","Wireless":"No","Type":"R734","Configuration":"BOX BUILDING","Condition":"Fair","Cabling":"5","comment":null,"Date_Inspected":1751983871526,"Insp_By":"GM","Upgraded":null,"Priority":null,"DPS_Post":614,"ObjectID_1":75,"LocationVerified":"Yes","GlobalID":"16c848a2-18c8-42f6-a59a-f720786a6019","CreationDate":1746039435897,"Creator":"ZLowery_Paratum_Brown","EditDate":1751983877014,"Editor":"ndacosta_brownadmin"}},{"type":"Feature","id":40,"geometry":{"type":"Point","coordinates":[-71.399553187503,41.824328924405]},"properties":{"OBJECTID":40,"ID_Extensi":"8631826","Building":"200542","Exterior_Telephone_Location":"Watson Institute / Charlesfield Street","Address":"111 Thayer","BLUE_Strobe":"YES","Camera":"Yes on Stanchion","Wireless":"Yes","Type":"Coldblue IP","Configuration":"STANCHION","Condition":"Good","Cabling":"6","comment":null,"Date_Inspected":1769008546544,"Insp_By":"GM","Upgraded":null,"Priority":null,"DPS_Post":614,"ObjectID_1":86,"LocationVerified":"Yes","GlobalID":"3dd6164e-756b-455a-9713-c013c438b941","CreationDate":1746039435897,"Creator":"ZLowery_Paratum_Brown","EditDate":1769008589337,"Editor":"aoconn13_brownadmin"}},{"type":"Feature","id":41,"geometry":{"type":"Point","coordinates":[-71.4000973608439,41.8244291076562]},"properties":{"OBJECTID":41,"ID_Extensi":"8631809","Building":"200541","Exterior_Telephone_Location":"Watson Institute / Thayer Street","Address":"111 Thayer","BLUE_Strobe":"YES","Camera":"No","Wireless":"No","Type":"Coldblue IP","Configuration":"BOX BUILDING","Condition":"Good","Cabling":"6","comment":null,"Date_Inspected":1784558347579,"Insp_By":"GM","Upgraded":null,"Priority":null,"DPS_Post":614,"ObjectID_1":87,"LocationVerified":"Yes","GlobalID":"305c72d3-3e27-499b-929d-546f36b4edce","CreationDate":1746039435897,"Creator":"ZLowery_Paratum_Brown","EditDate":1784558367073,"Editor":"tfey_brownadmin"}},{"type":"Feature","id":42,"geometry":{"type":"Point","coordinates":[-71.3957956045526,41.8243732021938]},"properties":{"OBJECTID":42,"ID_Extensi":"8637179","Building":"200516","Exterior_Telephone_Location":"T.F.Green","Address":"7 Young Orchard","BLUE_Strobe":"YES","Camera":"No","Wireless":"No","Type":"R734","Configuration":"BOX BUILDING","Condition":"Fair","Cabling":"5","comment":null,"Date_Inspected":1751984310791,"Insp_By":"GM","Upgraded":null,"Priority":null,"DPS_Post":614,"ObjectID_1":85,"LocationVerified":"Yes","GlobalID":"130082a4-de8a-4787-80f2-4df80fbcc44e","CreationDate":1746039435897,"Creator":"ZLowery_Paratum_Brown","EditDate":1751984317067,"Editor":"ndacosta_brownadmin"}},{"type":"Feature","id":43,"geometry":{"type":"Point","coordinates":[-71.3968384715888,41.8233048890522]},"properties":{"OBJECTID":43,"ID_Extensi":"8637724","Building":"200514","Exterior_Telephone_Location":"Steinert Music Center","Address":"148 Power","BLUE_Strobe":"YES","Camera":"No","Wireless":"No","Type":"R734","Configuration":"BOX BUILDING","Condition":"Fair","Cabling":"5","comment":null,"Date_Inspected":1751984380057,"Insp_By":"GM","Upgraded":null,"Priority":null,"DPS_Post":614,"ObjectID_1":84,"LocationVerified":"Yes","GlobalID":"5d1c2820-8136-4dda-9be9-f067450ee918","CreationDate":1746039435897,"Creator":"ZLowery_Paratum_Brown","EditDate":1751984387806,"Editor":"ndacosta_brownadmin"}},{"type":"Feature","id":44,"geometry":{"type":"Point","coordinates":[-71.3968410177738,41.8241827794404]},"properties":{"OBJECTID":44,"ID_Extensi":"8637072","Building":"200530","Exterior_Telephone_Location":"2 Young Orchard Avenue","Address":"2 Young Orchard","BLUE_Strobe":"YES","Camera":"No","Wireless":"No","Type":"Coldblue IP","Configuration":"BOX BUILDING","Condition":"Good","Cabling":"6","comment":null,"Date_Inspected":1780577101975,"Insp_By":"Carlos R","Upgraded":null,"Priority":null,"DPS_Post":614,"ObjectID_1":69,"LocationVerified":"Yes","GlobalID":"eb9fdda8-e9fc-45a7-a48f-aeb6e0eabaa7","CreationDate":1746039435897,"Creator":"ZLowery_Paratum_Brown","EditDate":1780577129094,"Editor":"crivera1_brownadmin"}},{"type":"Feature","id":45,"geometry":{"type":"Point","coordinates":[-71.396219960096,41.8241229713717]},"properties":{"OBJECTID":45,"ID_Extensi":"8637173","Building":"200532","Exterior_Telephone_Location":"4 Young Orchard Avenue / East","Address":"4 Young Orchard","BLUE_Strobe":"YES","Camera":"No","Wireless":"No","Type":"Coldblue IP","Configuration":"BOX BUILDING","Condition":"Good","Cabling":"6a","comment":null,"Date_Inspected":1780576937128,"Insp_By":"Carlos R","Upgraded":null,"Priority":null,"DPS_Post":614,"ObjectID_1":70,"LocationVerified":"Yes","GlobalID":"634771a1-938c-4288-a02d-466263e4f4f8","CreationDate":1746039435897,"Creator":"ZLowery_Paratum_Brown","EditDate":1780576976564,"Editor":"crivera1_brownadmin"}},{"type":"Feature","id":46,"geometry":{"type":"Point","coordinates":[-71.3965208821638,41.8240975453421]},"properties":{"OBJECTID":46,"ID_Extensi":"8637073","Building":"200531","Exterior_Telephone_Location":"4 Young Orchard Avenue / West","Address":"4 Young Orchard","BLUE_Strobe":"YES","Camera":"No","Wireless":"No","Type":"Coldblue IP","Configuration":"BOX BUILDING","Condition":"Good","Cabling":"JK","comment":null,"Date_Inspected":1780577040766,"Insp_By":"Carlos R","Upgraded":null,"Priority":null,"DPS_Post":614,"ObjectID_1":71,"LocationVerified":"Yes","GlobalID":"63ca2c47-9243-44ce-a8f1-51a4f2897f0f","CreationDate":1746039435897,"Creator":"ZLowery_Paratum_Brown","EditDate":1780577063189,"Editor":"crivera1_brownadmin"}},{"type":"Feature","id":47,"geometry":{"type":"Point","coordinates":[-71.3962322378064,41.8238873338174]},"properties":{"OBJECTID":47,"ID_Extensi":"8637075","Building":"200493","Exterior_Telephone_Location":"Perkins Hall / North","Address":"154 power st","BLUE_Strobe":"YES","Camera":"No","Wireless":"No","Type":"Coldblue IP","Configuration":"BOX BUILDING","Condition":"Good","Cabling":"Other","comment":"Cat 6","Date_Inspected":1780576862301,"Insp_By":"Carlos R","Upgraded":null,"Priority":null,"DPS_Post":614,"ObjectID_1":82,"LocationVerified":"Yes","GlobalID":"909c674b-4df1-4ff2-846c-ea58441fafc4","CreationDate":1746039435897,"Creator":"ZLowery_Paratum_Brown","EditDate":1780576868679,"Editor":"crivera1_brownadmin"}},{"type":"Feature","id":48,"geometry":{"type":"Point","coordinates":[-71.3962481290715,41.8234331014881]},"properties":{"OBJECTID":48,"ID_Extensi":"8637176","Building":"200495","Exterior_Telephone_Location":"Perkins Hall / South","Address":"156 Power","BLUE_Strobe":"YES","Camera":"No","Wireless":"No","Type":"R734","Configuration":"BOX BUILDING","Condition":"Poor","Cabling":"5","comment":null,"Date_Inspected":1775847699245,"Insp_By":"MR","Upgraded":null,"Priority":"1","DPS_Post":614,"ObjectID_1":83,"LocationVerified":"Yes","GlobalID":"cff944b1-23e8-4793-8e27-ac85dc47ecc1","CreationDate":1746039435897,"Creator":"ZLowery_Paratum_Brown","EditDate":1775847709908,"Editor":"ndacosta_brownadmin"}},{"type":"Feature","id":49,"geometry":{"type":"Point","coordinates":[-71.3962982694516,41.8236717683502]},"properties":{"OBJECTID":49,"ID_Extensi":"8637040","Building":"200494","Exterior_Telephone_Location":"Perkins Hall / Middle","Address":"156 Power","BLUE_Strobe":"YES","Camera":"No","Wireless":"No","Type":"Codeblue Analog","Configuration":"BOX BUILDING","Condition":"Good","Cabling":"6","comment":null,"Date_Inspected":1751984351955,"Insp_By":"GM","Upgraded":null,"Priority":null,"DPS_Post":614,"ObjectID_1":81,"LocationVerified":"Yes","GlobalID":"d1c15a0b-434a-445b-94e2-8ac27b4dfd8f","CreationDate":1746039435897,"Creator":"ZLowery_Paratum_Brown","EditDate":1751984357913,"Editor":"ndacosta_brownadmin"}},{"type":"Feature","id":50,"geometry":{"type":"Point","coordinates":[-71.3972917005483,41.8235306187521]},"properties":{"OBJECTID":50,"ID_Extensi":"8637039","Building":"200557","Exterior_Telephone_Location":"Giddings House 128 Hope Street","Address":"128 Hope","BLUE_Strobe":"YES","Camera":"Yes on Stanchion","Wireless":"Yes","Type":"Coldblue IP","Configuration":"STANCHION","Condition":"Good","Cabling":"6","comment":null,"Date_Inspected":1768942177715,"Insp_By":"Carlos Rivera","Upgraded":null,"Priority":null,"DPS_Post":614,"ObjectID_1":78,"LocationVerified":"Yes","GlobalID":"bd3b7ac9-8dcd-4c53-829c-64679d9866c5","CreationDate":1746039435897,"Creator":"ZLowery_Paratum_Brown","EditDate":1768942191208,"Editor":"aoconn13_brownadmin"}},{"type":"Feature","id":51,"geometry":{"type":"Point","coordinates":[-71.3979991176888,41.8240127004248]},"properties":{"OBJECTID":51,"ID_Extensi":"8637071","Building":"200422","Exterior_Telephone_Location":"Barbour Hall","Address":"100 Charlesfield","BLUE_Strobe":"YES","Camera":"No","Wireless":"No","Type":"Coldblue IP","Configuration":"BOX BUILDING","Condition":"Good","Cabling":"6","comment":null,"Date_Inspected":1775847747527,"Insp_By":"Carlos Rivera","Upgraded":null,"Priority":null,"DPS_Post":614,"ObjectID_1":79,"LocationVerified":"Yes","GlobalID":"fb3a390a-6e88-4314-bbc2-2b671d9c6c40","CreationDate":1746039435897,"Creator":"ZLowery_Paratum_Brown","EditDate":1775847760072,"Editor":"ndacosta_brownadmin"}},{"type":"Feature","id":52,"geometry":{"type":"Point","coordinates":[-71.3981871598746,41.8241513442509]},"properties":{"OBJECTID":52,"ID_Extensi":"8637118","Building":"200440","Exterior_Telephone_Location":"75 Charlesfield Street / Front","Address":"75 Charlesfield","BLUE_Strobe":"YES","Camera":"Yes on Stanchion","Wireless":"Yes","Type":"Coldblue IP","Configuration":"STANCHION","Condition":"Good","Cabling":"6","comment":null,"Date_Inspected":1769182263526,"Insp_By":"Carlos Rivera","Upgraded":null,"Priority":null,"DPS_Post":614,"ObjectID_1":73,"LocationVerified":"Yes","GlobalID":"beac6f00-e671-40c7-81e9-89ea69dba4f6","CreationDate":1746039435897,"Creator":"ZLowery_Paratum_Brown","EditDate":1769182312865,"Editor":"aoconn13_brownadmin"}},{"type":"Feature","id":53,"geometry":{"type":"Point","coordinates":[-71.3982177716449,41.824318525524]},"properties":{"OBJECTID":53,"ID_Extensi":"8637119","Building":"200439","Exterior_Telephone_Location":"75 Charlesfield Street / Rear","Address":"75 Charlesfield","BLUE_Strobe":"YES","Camera":"Yes on Bldg","Wireless":"No","Type":"Coldblue IP","Configuration":"STANCHION","Condition":"Good","Cabling":"6","comment":null,"Date_Inspected":1776085320823,"Insp_By":"Carlos Rivera ","Upgraded":null,"Priority":null,"DPS_Post":614,"ObjectID_1":74,"LocationVerified":"Yes","GlobalID":"e54d7f27-8300-4c99-bf28-02eb2f52e2a6","CreationDate":1746039435897,"Creator":"ZLowery_Paratum_Brown","EditDate":1776085347542,"Editor":"crivera1_brownadmin"}},{"type":"Feature","id":54,"geometry":{"type":"Point","coordinates":[-71.3973918578634,41.8249235465393]},"properties":{"OBJECTID":54,"ID_Extensi":"8637080","Building":"200470","Exterior_Telephone_Location":"King House","Address":"154 Hope","BLUE_Strobe":"YES","Camera":"No","Wireless":"No","Type":"Coldblue IP","Configuration":"BOX BUILDING","Condition":"Good","Cabling":"6a","comment":null,"Date_Inspected":1780577153009,"Insp_By":"Carlos Rivera","Upgraded":null,"Priority":null,"DPS_Post":614,"ObjectID_1":80,"LocationVerified":"Yes","GlobalID":"17563911-268e-4e5b-a8b5-e15581f7abc6","CreationDate":1746039435897,"Creator":"ZLowery_Paratum_Brown","EditDate":1780577172988,"Editor":"crivera1_brownadmin"}},{"type":"Feature","id":55,"geometry":{"type":"Point","coordinates":[-71.3999994113176,41.824884062239]},"properties":{"OBJECTID":55,"ID_Extensi":"8633686","Building":"200517","Exterior_Telephone_Location":"135 Thayer Street","Address":"135 Thayer","BLUE_Strobe":"YES","Camera":"No","Wireless":"No","Type":"Coldblue IP","Configuration":"BOX BUILDING","Condition":"Good","Cabling":"6","comment":null,"Date_Inspected":1776085716832,"Insp_By":"Carlos R","Upgraded":null,"Priority":null,"DPS_Post":null,"ObjectID_1":118,"LocationVerified":"Yes","GlobalID":"2e8dfc6f-4058-4a8c-bbb7-b05a7f0527b1","CreationDate":1746039435897,"Creator":"ZLowery_Paratum_Brown","EditDate":1776086857561,"Editor":"crivera1_brownadmin"}},{"type":"Feature","id":56,"geometry":{"type":"Point","coordinates":[-71.3998824581827,41.8252033045504]},"properties":{"OBJECTID":56,"ID_Extensi":"8673972","Building":"200469","Exterior_Telephone_Location":"151 Thayer Street / Park/Kassar","Address":"151 Thayer","BLUE_Strobe":"YES","Camera":"No","Wireless":"No","Type":"R734","Configuration":"STANCHION","Condition":"Fair","Cabling":"5e","comment":null,"Date_Inspected":1769193664255,"Insp_By":"Tim Fey","Upgraded":null,"Priority":null,"DPS_Post":null,"ObjectID_1":120,"LocationVerified":"Yes","GlobalID":"0448c6d9-790e-4c6b-bf18-72d0f01fac06","CreationDate":1746039435897,"Creator":"ZLowery_Paratum_Brown","EditDate":1769193672644,"Editor":"sjacks32_brownadmin"}},{"type":"Feature","id":57,"geometry":{"type":"Point","coordinates":[-71.3995963273673,41.8253009514463]},"properties":{"OBJECTID":57,"ID_Extensi":"8637107","Building":"200450","Exterior_Telephone_Location":"155 George Street Lot 62","Address":"155 George","BLUE_Strobe":"YES","Camera":"Yes on Stanchion","Wireless":"Yes","Type":"Coldblue IP","Configuration":"STANCHION","Condition":"Good","Cabling":"6","comment":null,"Date_Inspected":1768942098851,"Insp_By":"Tim Fey","Upgraded":null,"Priority":null,"DPS_Post":null,"ObjectID_1":121,"LocationVerified":"Yes","GlobalID":"52a5788e-7466-4d8c-b6c8-dae0254bb165","CreationDate":1746039435897,"Creator":"ZLowery_Paratum_Brown","EditDate":1768942107108,"Editor":"aoconn13_brownadmin"}},{"type":"Feature","id":58,"geometry":{"type":"Point","coordinates":[-71.39912595296,41.8254032870134]},"properties":{"OBJECTID":58,"ID_Extensi":"8631776","Building":"200452","Exterior_Telephone_Location":"Hirchfield House","Address":"163 George","BLUE_Strobe":"YES","Camera":"Yes on Stanchion","Wireless":"Yes","Type":"R734","Configuration":"STANCHION","Condition":"Good","Cabling":"6","comment":null,"Date_Inspected":1768942111619,"Insp_By":"Tim Fey","Upgraded":null,"Priority":null,"DPS_Post":null,"ObjectID_1":123,"LocationVerified":"Yes","GlobalID":"f53d95b6-900f-4ceb-b3f0-c0ac32ce2482","CreationDate":1746039435897,"Creator":"ZLowery_Paratum_Brown","EditDate":1768942121765,"Editor":"aoconn13_brownadmin"}},{"type":"Feature","id":59,"geometry":{"type":"Point","coordinates":[-71.3992746824074,41.8259908296746]},"properties":{"OBJECTID":59,"ID_Extensi":"8637178","Building":"200449","Exterior_Telephone_Location":"Geo-Chem / Loading Dock","Address":"156 George","BLUE_Strobe":"YES","Camera":"Yes on Bldg","Wireless":"Yes","Type":"Codeblue IP","Configuration":"BOX BUILDING","Condition":"Good","Cabling":"6","comment":null,"Date_Inspected":1750785695503,"Insp_By":"Tim Fey","Upgraded":null,"Priority":null,"DPS_Post":null,"ObjectID_1":126,"LocationVerified":"Yes","GlobalID":"37317096-c1e7-4fc3-b83b-9e5818101c24","CreationDate":1746039435897,"Creator":"ZLowery_Paratum_Brown","EditDate":1750785727841,"Editor":"tfey_brownadmin"}},{"type":"Feature","id":60,"geometry":{"type":"Point","coordinates":[-71.4010897599202,41.8232736842502]},"properties":{"OBJECTID":60,"ID_Extensi":"8637091","Building":"200456","Exterior_Telephone_Location":"Graduate Center Bar/ Loading dock","Address":"42 Charlesfield","BLUE_Strobe":"YES","Camera":"Yes on Bldg","Wireless":"No","Type":"Coldblue IP","Configuration":"BOX BUILDING","Condition":"Good","Cabling":"6","comment":null,"Date_Inspected":1785846864551,"Insp_By":"GM","Upgraded":null,"Priority":null,"DPS_Post":null,"ObjectID_1":105,"LocationVerified":"Yes","GlobalID":"f292061a-a99b-4ec6-aa31-b440eae72a8a","CreationDate":1746039435897,"Creator":"ZLowery_Paratum_Brown","EditDate":1785846901377,"Editor":"tfey_brownadmin"}},{"type":"Feature","id":61,"geometry":{"type":"Point","coordinates":[-71.4003468101126,41.8232487860803]},"properties":{"OBJECTID":61,"ID_Extensi":"8637085","Building":"200454","Exterior_Telephone_Location":"Graduate Center Tower C / Lower Level","Address":"Thayer and Power","BLUE_Strobe":"YES","Camera":"Yes on Bldg","Wireless":"No","Type":"Coldblue IP","Configuration":"BOX BUILDING","Condition":"Fair","Cabling":"6","comment":null,"Date_Inspected":1775847978941,"Insp_By":"Carlos R","Upgraded":null,"Priority":null,"DPS_Post":null,"ObjectID_1":106,"LocationVerified":"Yes","GlobalID":"72691ab4-e678-4a53-b5cc-2c759adaa2a3","CreationDate":1746039435897,"Creator":"ZLowery_Paratum_Brown","EditDate":1775847986266,"Editor":"ndacosta_brownadmin"}},{"type":"Feature","id":62,"geometry":{"type":"Point","coordinates":[-71.4003904681616,41.8236031500273]},"properties":{"OBJECTID":62,"ID_Extensi":"8637084","Building":"200455","Exterior_Telephone_Location":"Graduate Center Tower D / Lower Level","Address":"Thayer and Charlesfield","BLUE_Strobe":"YES","Camera":"No","Wireless":"No","Type":"Coldblue IP","Configuration":"BOX BUILDING","Condition":"Poor","Cabling":"Other","comment":null,"Date_Inspected":1768919477477,"Insp_By":"MR","Upgraded":null,"Priority":null,"DPS_Post":null,"ObjectID_1":107,"LocationVerified":"Yes","GlobalID":"327502bb-27df-41bc-89a4-1b08bdbbdcb9","CreationDate":1746039435897,"Creator":"ZLowery_Paratum_Brown","EditDate":1768919495943,"Editor":"mraposa_brownadmin"}},{"type":"Feature","id":63,"geometry":{"type":"Point","coordinates":[-71.4007747840657,41.8255845767287]},"properties":{"OBJECTID":63,"ID_Extensi":"8637055","Building":"200461","Exterior_Telephone_Location":"Hegeman B / South","Address":"128 George","BLUE_Strobe":"YES","Camera":"No","Wireless":"No","Type":"Coldblue IP","Configuration":"BOX BUILDING","Condition":"Good","Cabling":"6","comment":null,"Date_Inspected":1784225951328,"Insp_By":"Michael Raposa","Upgraded":null,"Priority":null,"DPS_Post":612,"ObjectID_1":36,"LocationVerified":"Yes","GlobalID":"eabd3c0f-9255-443e-a1c4-cd97e73b5de4","CreationDate":1746039435897,"Creator":"ZLowery_Paratum_Brown","EditDate":1784225974067,"Editor":"tfey_brownadmin"}},{"type":"Feature","id":64,"geometry":{"type":"Point","coordinates":[-71.4002722181163,41.8258608734925]},"properties":{"OBJECTID":64,"ID_Extensi":"8639962","Building":"200476","Exterior_Telephone_Location":"MacMillian Hall / Front","Address":"167 Thayer","BLUE_Strobe":"YES","Camera":"Yes on Stanchion","Wireless":"Yes","Type":"Coldblue IP","Configuration":"STANCHION","Condition":"Good","Cabling":"6","comment":null,"Date_Inspected":1768942073156,"Insp_By":"Tim Fey","Upgraded":null,"Priority":null,"DPS_Post":null,"ObjectID_1":129,"LocationVerified":"Yes","GlobalID":"4057f74c-247d-4850-b1f4-5a34b756f155","CreationDate":1746039435897,"Creator":"ZLowery_Paratum_Brown","EditDate":1768942080182,"Editor":"aoconn13_brownadmin"}},{"type":"Feature","id":65,"geometry":{"type":"Point","coordinates":[-71.4007402671005,41.8260150460723]},"properties":{"OBJECTID":65,"ID_Extensi":"8637068","Building":"200434","Exterior_Telephone_Location":"Caswell Hall (South)","Address":"168 Thayer","BLUE_Strobe":"YES","Camera":"No","Wireless":"No","Type":"Coldblue IP","Configuration":"BOX BUILDING","Condition":"Good","Cabling":"6","comment":null,"Date_Inspected":1776087006732,"Insp_By":"Carlos R","Upgraded":null,"Priority":null,"DPS_Post":612,"ObjectID_1":33,"LocationVerified":"Yes","GlobalID":"9c8b58ef-60cd-4d6b-8c67-d5bb9178a624","CreationDate":1746039435897,"Creator":"ZLowery_Paratum_Brown","EditDate":1776087061440,"Editor":"crivera1_brownadmin"}},{"type":"Feature","id":66,"geometry":{"type":"Point","coordinates":[-71.4007856691376,41.8259129138634]},"properties":{"OBJECTID":66,"ID_Extensi":"8637067","Building":"200460","Exterior_Telephone_Location":"Hegeman D / Courtyard","Address":"185 Thayer","BLUE_Strobe":"YES","Camera":"No","Wireless":"No","Type":"Coldblue IP","Configuration":"BOX BUILDING","Condition":"Fair","Cabling":"6","comment":null,"Date_Inspected":1776086883965,"Insp_By":"Carlos R","Upgraded":null,"Priority":null,"DPS_Post":612,"ObjectID_1":37,"LocationVerified":"Yes","GlobalID":"cf5fe089-a956-4bfc-991a-33362f497fef","CreationDate":1746039435897,"Creator":"ZLowery_Paratum_Brown","EditDate":1776086960142,"Editor":"crivera1_brownadmin"}},{"type":"Feature","id":67,"geometry":{"type":"Point","coordinates":[-71.4005065441398,41.8244752612704]},"properties":{"OBJECTID":67,"ID_Extensi":"8637044","Building":"200437","Exterior_Telephone_Location":"Chapin House","Address":"116 Thayer","BLUE_Strobe":"YES","Camera":"No","Wireless":"No","Type":"Coldblue IP","Configuration":"BOX BUILDING","Condition":"Good","Cabling":"5","comment":"cat 5 spliced to silver satin. cable needs to be replaced.","Date_Inspected":1768920845613,"Insp_By":"MR","Upgraded":null,"Priority":null,"DPS_Post":613,"ObjectID_1":52,"LocationVerified":"Yes","GlobalID":"acca0a88-d43f-47e9-b1d5-423cba8693a1","CreationDate":1746039435897,"Creator":"ZLowery_Paratum_Brown","EditDate":1768920885904,"Editor":"mraposa_brownadmin"}},{"type":"Feature","id":68,"geometry":{"type":"Point","coordinates":[-71.4003063278507,41.8241266078369]},"properties":{"OBJECTID":68,"ID_Extensi":"8637181","Building":"200438","Exterior_Telephone_Location":"Harkness / Chapin","Address":"27 Brown/Charlesfield and Thayer","BLUE_Strobe":"YES","Camera":"No","Wireless":"No","Type":"Coldblue IP","Configuration":"BOX BUILDING","Condition":"Good","Cabling":"6","comment":null,"Date_Inspected":1769180520092,"Insp_By":"GM","Upgraded":null,"Priority":null,"DPS_Post":613,"ObjectID_1":50,"LocationVerified":"Yes","GlobalID":"a27d1ac9-fed6-49d6-92a5-e04fdec44c8f","CreationDate":1746039435897,"Creator":"ZLowery_Paratum_Brown","EditDate":1769180525420,"Editor":"aoconn13_brownadmin"}},{"type":"Feature","id":69,"geometry":{"type":"Point","coordinates":[-71.4007076376763,41.8240829375294]},"properties":{"OBJECTID":69,"ID_Extensi":"8637027","Building":"200459","Exterior_Telephone_Location":"Harkness House/Hall","Address":"27 Brown/Charlesfield and Thayer","BLUE_Strobe":"YES","Camera":"No","Wireless":"No","Type":"Coldblue IP","Configuration":"BOX BUILDING","Condition":"Good","Cabling":"6","comment":null,"Date_Inspected":1783949361435,"Insp_By":"GM","Upgraded":null,"Priority":null,"DPS_Post":613,"ObjectID_1":57,"LocationVerified":"Yes","GlobalID":"3a38032c-5cf2-4c30-b3d1-204ddb92a522","CreationDate":1746039435897,"Creator":"ZLowery_Paratum_Brown","EditDate":1783949400227,"Editor":"tfey_brownadmin"}},{"type":"Feature","id":70,"geometry":{"type":"Point","coordinates":[-71.4013601801037,41.8242378512712]},"properties":{"OBJECTID":70,"ID_Extensi":"8637025","Building":"200453","Exterior_Telephone_Location":"Goddard House","Address":"27 Brown/Charlesfield","BLUE_Strobe":"YES","Camera":"No","Wireless":"No","Type":"Coldblue IP","Configuration":"BOX BUILDING","Condition":"Good","Cabling":"5","comment":null,"Date_Inspected":1768921020720,"Insp_By":"MR","Upgraded":null,"Priority":null,"DPS_Post":613,"ObjectID_1":56,"LocationVerified":"Yes","GlobalID":"438ea843-e379-47e8-b36c-22f2418f7695","CreationDate":1746039435897,"Creator":"ZLowery_Paratum_Brown","EditDate":1768921041054,"Editor":"mraposa_brownadmin"}},{"type":"Feature","id":71,"geometry":{"type":"Point","coordinates":[-71.4016964901559,41.8244148096418]},"properties":{"OBJECTID":71,"ID_Extensi":"8637024","Building":"200444","Exterior_Telephone_Location":"Diman House","Address":"27 Brown/Charlesfield and George","BLUE_Strobe":"YES","Camera":"No","Wireless":"No","Type":"Coldblue IP","Configuration":"BOX BUILDING","Condition":"Good","Cabling":"5","comment":null,"Date_Inspected":1768921141758,"Insp_By":"MR","Upgraded":null,"Priority":null,"DPS_Post":613,"ObjectID_1":53,"LocationVerified":"Yes","GlobalID":"28ac9f1e-337d-4dd8-96cd-c5337de73c8e","CreationDate":1746039435897,"Creator":"ZLowery_Paratum_Brown","EditDate":1768921147476,"Editor":"mraposa_brownadmin"}},{"type":"Feature","id":72,"geometry":{"type":"Point","coordinates":[-71.4020566947306,41.8246175119058]},"properties":{"OBJECTID":72,"ID_Extensi":"8637026","Building":"200490","Exterior_Telephone_Location":"Olney House","Address":"27 Brown","BLUE_Strobe":"YES","Camera":"No","Wireless":"No","Type":"Coldblue IP","Configuration":"BOX BUILDING","Condition":"Good","Cabling":"5","comment":null,"Date_Inspected":1768921816925,"Insp_By":"MR","Upgraded":null,"Priority":null,"DPS_Post":613,"ObjectID_1":64,"LocationVerified":"Yes","GlobalID":"bd514f88-7e0e-4c12-8351-c4665705181e","CreationDate":1746039435897,"Creator":"ZLowery_Paratum_Brown","EditDate":1768921833644,"Editor":"mraposa_brownadmin"}},{"type":"Feature","id":73,"geometry":{"type":"Point","coordinates":[-71.4021611409079,41.8246008149773]},"properties":{"OBJECTID":73,"ID_Extensi":"8637021","Building":"200433","Exterior_Telephone_Location":"Buxton House ","Address":"27 Brown","BLUE_Strobe":"YES","Camera":"No","Wireless":"No","Type":"Coldblue IP","Configuration":"BOX BUILDING","Condition":"Good","Cabling":"6","comment":null,"Date_Inspected":1768922462790,"Insp_By":"MR","Upgraded":null,"Priority":null,"DPS_Post":613,"ObjectID_1":51,"LocationVerified":"Yes","GlobalID":"e52fad59-4eaf-424b-823b-af838a9ebf5d","CreationDate":1746039435897,"Creator":"ZLowery_Paratum_Brown","EditDate":1768922501608,"Editor":"mraposa_brownadmin"}},{"type":"Feature","id":74,"geometry":{"type":"Point","coordinates":[-71.4025153932387,41.8240147500472]},"properties":{"OBJECTID":74,"ID_Extensi":"8633975","Building":"200419","Exterior_Telephone_Location":"Health Services/Andrews","Address":"13 Brown","BLUE_Strobe":"YES","Camera":"Yes on Bldg","Wireless":"No","Type":"Codeblue IP","Configuration":"CODEBLUE CB2 WALL STANCHION","Condition":"Good","Cabling":"6a","comment":"13 Brown. No longer Health services","Date_Inspected":1752050361123,"Insp_By":"L. Escalante","Upgraded":"2024","Priority":null,"DPS_Post":613,"ObjectID_1":58,"LocationVerified":"Yes","GlobalID":"5008ab71-dd6b-4b3d-a5af-4d7c50f3b619","CreationDate":1746039435897,"Creator":"ZLowery_Paratum_Brown","EditDate":1752061279077,"Editor":"lescalan_brownadmin"}},{"type":"Feature","id":75,"geometry":{"type":"Point","coordinates":[-71.4037758978106,41.8241822757662]},"properties":{"OBJECTID":75,"ID_Extensi":"8637048","Building":"200467","Exterior_Telephone_Location":"Jameson-Mead / Lower Courtyard","Address":"11 Benevolent","BLUE_Strobe":"YES","Camera":"No","Wireless":"No","Type":"Coldblue IP","Configuration":"BOX BUILDING","Condition":"Good","Cabling":"6","comment":null,"Date_Inspected":1768925820076,"Insp_By":"MR","Upgraded":null,"Priority":"1","DPS_Post":613,"ObjectID_1":59,"LocationVerified":"Yes","GlobalID":"661cee9e-6be2-4748-8203-f62bd71ce0f8","CreationDate":1746039435897,"Creator":"ZLowery_Paratum_Brown","EditDate":1768925830167,"Editor":"mraposa_brownadmin"}},{"type":"Feature","id":76,"geometry":{"type":"Point","coordinates":[-71.403280051751,41.8241491292932]},"properties":{"OBJECTID":76,"ID_Extensi":"8637047","Building":"200446","Exterior_Telephone_Location":"Everett-Poland / Upper Courtyard","Address":"11 Benevolent","BLUE_Strobe":"YES","Camera":"No","Wireless":"No","Type":"Codeblue IP","Configuration":"BOX BUILDING","Condition":"Good","Cabling":"5","comment":null,"Date_Inspected":1752003009349,"Insp_By":"L. Escalante","Upgraded":null,"Priority":null,"DPS_Post":613,"ObjectID_1":54,"LocationVerified":"Yes","GlobalID":"4372690e-8e65-41c5-a2bc-5b5c2669dad1","CreationDate":1746039435897,"Creator":"ZLowery_Paratum_Brown","EditDate":1752003017005,"Editor":"lescalan_brownadmin"}},{"type":"Feature","id":77,"geometry":{"type":"Point","coordinates":[-71.4029610867959,41.8241527686655]},"properties":{"OBJECTID":77,"ID_Extensi":"8637046","Building":"200420","Exterior_Telephone_Location":"Archibald House / Upper Courtyard","Address":"11 Benevolent/ Brown","BLUE_Strobe":"YES","Camera":"No","Wireless":"No","Type":"Codeblue IP","Configuration":"BOX BUILDING","Condition":"Good","Cabling":"5","comment":null,"Date_Inspected":1752002915501,"Insp_By":"L. Escalante","Upgraded":"2024","Priority":null,"DPS_Post":613,"ObjectID_1":48,"LocationVerified":"Yes","GlobalID":"a366584f-47bc-47b3-88cc-0146755618ce","CreationDate":1746039435897,"Creator":"ZLowery_Paratum_Brown","EditDate":1752002928260,"Editor":"lescalan_brownadmin"}},{"type":"Feature","id":79,"geometry":{"type":"Point","coordinates":[-71.4013836336124,41.8246711266144]},"properties":{"OBJECTID":79,"ID_Extensi":"8637045","Building":"200479","Exterior_Telephone_Location":"Marcy House","Address":"27 Brown/Charlesfield and George","BLUE_Strobe":"YES","Camera":"No","Wireless":"No","Type":"Coldblue IP","Configuration":"BOX BUILDING","Condition":"Good","Cabling":"Other","comment":"silver satin","Date_Inspected":1768922909057,"Insp_By":"MR","Upgraded":null,"Priority":null,"DPS_Post":613,"ObjectID_1":62,"LocationVerified":"Yes","GlobalID":"d13664e3-cf6f-4f5b-a5e5-421d80855d13","CreationDate":1746039435897,"Creator":"ZLowery_Paratum_Brown","EditDate":1768922942268,"Editor":"mraposa_brownadmin"}},{"type":"Feature","id":80,"geometry":{"type":"Point","coordinates":[-71.4022460039246,41.8252062351319]},"properties":{"OBJECTID":80,"ID_Extensi":"8637009","Building":"200527","Exterior_Telephone_Location":"Wayland House / North","Address":"27 Brown","BLUE_Strobe":"YES","Camera":"No","Wireless":"No","Type":"Coldblue IP","Configuration":"BOX BUILDING","Condition":"Good","Cabling":"5","comment":null,"Date_Inspected":1768922649415,"Insp_By":"MR","Upgraded":null,"Priority":null,"DPS_Post":613,"ObjectID_1":67,"LocationVerified":"Yes","GlobalID":"174c908a-a4d9-4923-8f25-56c62bcf9f09","CreationDate":1746039435897,"Creator":"ZLowery_Paratum_Brown","EditDate":1768922679523,"Editor":"mraposa_brownadmin"}},{"type":"Feature","id":81,"geometry":{"type":"Point","coordinates":[-71.4012971691453,41.8253179806367]},"properties":{"OBJECTID":81,"ID_Extensi":"8637183","Building":"200504","Exterior_Telephone_Location":"George Street Gate/Sears","Address":"27 Brown/George","BLUE_Strobe":"YES","Camera":"No","Wireless":"No","Type":"Coldblue IP","Configuration":"BOX BUILDING","Condition":"Good","Cabling":"6","comment":"Blue light solid on, no flash no strobe","Date_Inspected":1768923250940,"Insp_By":"MR","Upgraded":null,"Priority":null,"DPS_Post":613,"ObjectID_1":55,"LocationVerified":"Yes","GlobalID":"9e2a94e1-eff9-4597-8dc8-6eae16854b88","CreationDate":1746039435897,"Creator":"ZLowery_Paratum_Brown","EditDate":1768923286982,"Editor":"mraposa_brownadmin"}},{"type":"Feature","id":82,"geometry":{"type":"Point","coordinates":[-71.4016904237586,41.825221229737]},"properties":{"OBJECTID":82,"ID_Extensi":"8637007","Building":"200511","Exterior_Telephone_Location":"Sears House","Address":"27 Brown/George","BLUE_Strobe":"YES","Camera":"No","Wireless":"No","Type":"Coldblue IP","Configuration":"BOX BUILDING","Condition":"Good","Cabling":"6","comment":null,"Date_Inspected":1768923386813,"Insp_By":"MR","Upgraded":null,"Priority":null,"DPS_Post":613,"ObjectID_1":65,"LocationVerified":"Yes","GlobalID":"d2abfb33-98c4-4776-8074-e995621bc1b2","CreationDate":1746039435897,"Creator":"ZLowery_Paratum_Brown","EditDate":1768923439709,"Editor":"mraposa_brownadmin"}},{"type":"Feature","id":83,"geometry":{"type":"Point","coordinates":[-71.4021920598081,41.8248336565595]},"properties":{"OBJECTID":83,"ID_Extensi":"8637020","Building":"200526","Exterior_Telephone_Location":"Wayland House / South","Address":"27 Brown","BLUE_Strobe":"YES","Camera":"No","Wireless":"No","Type":"Coldblue IP","Configuration":"BOX BUILDING","Condition":"Good","Cabling":"6","comment":null,"Date_Inspected":1768921567972,"Insp_By":"MR","Upgraded":null,"Priority":null,"DPS_Post":613,"ObjectID_1":68,"LocationVerified":"Yes","GlobalID":"546c1584-ab90-4d8c-95ac-6f4cdeed2601","CreationDate":1746039435897,"Creator":"ZLowery_Paratum_Brown","EditDate":1768921595631,"Editor":"mraposa_brownadmin"}},{"type":"Feature","id":84,"geometry":{"type":"Point","coordinates":[-71.4024985271036,41.8249875357539]},"properties":{"OBJECTID":84,"ID_Extensi":"8639171","Building":"200528","Exterior_Telephone_Location":"Wayland House / Archway","Address":"27 Brown","BLUE_Strobe":"YES","Camera":"No","Wireless":"No","Type":"Coldblue IP","Configuration":"BOX BUILDING","Condition":"Good","Cabling":"6","comment":null,"Date_Inspected":1775848590908,"Insp_By":"Carlos R","Upgraded":null,"Priority":null,"DPS_Post":613,"ObjectID_1":66,"LocationVerified":"Yes","GlobalID":"efbac4b0-6574-4a2c-99c1-cece4f01091d","CreationDate":1746039435897,"Creator":"ZLowery_Paratum_Brown","EditDate":1775848600318,"Editor":"ndacosta_brownadmin"}},{"type":"Feature","id":85,"geometry":{"type":"Point","coordinates":[-71.4027961505881,41.8247843715321]},"properties":{"OBJECTID":85,"ID_Extensi":"8637209","Building":"200423","Exterior_Telephone_Location":"26 Benevolent Street/Sarah Doyle","Address":"26 Benevolent","BLUE_Strobe":"YES","Camera":"No","Wireless":"No","Type":"Coldblue IP","Configuration":"BOX BUILDING","Condition":"Good","Cabling":"6","comment":null,"Date_Inspected":1775848615322,"Insp_By":"Carlos R","Upgraded":null,"Priority":"1","DPS_Post":613,"ObjectID_1":47,"LocationVerified":"Yes","GlobalID":"8477560e-530b-4b0b-a7ca-a02014395225","CreationDate":1746039435897,"Creator":"ZLowery_Paratum_Brown","EditDate":1775848623228,"Editor":"ndacosta_brownadmin"}},{"type":"Feature","id":86,"geometry":{"type":"Point","coordinates":[-71.4043896452752,41.8252053256997]},"properties":{"OBJECTID":86,"ID_Extensi":"8639287","Building":"200465","Exterior_Telephone_Location":"Horace Mann","Address":"47-49 George","BLUE_Strobe":"YES","Camera":"Yes on Stanchion","Wireless":"Yes","Type":"Coldblue IP","Configuration":"STANCHION","Condition":"Good","Cabling":"6","comment":null,"Date_Inspected":1769182847809,"Insp_By":"Michael Raposa","Upgraded":null,"Priority":null,"DPS_Post":null,"ObjectID_1":110,"LocationVerified":"Yes","GlobalID":"80c3cbc2-07d7-40b1-8b16-b878dd75a707","CreationDate":1746039435897,"Creator":"ZLowery_Paratum_Brown","EditDate":1769182853131,"Editor":"aoconn13_brownadmin"}},{"type":"Feature","id":87,"geometry":{"type":"Point","coordinates":[-71.4029047700469,41.8251429525536]},"properties":{"OBJECTID":87,"ID_Extensi":"8647102","Building":"200558","Exterior_Telephone_Location":"Maddock Alumnae / Front","Address":"38 Brown/George","BLUE_Strobe":"YES","Camera":"No","Wireless":"No","Type":"Coldblue IP","Configuration":"BOX BUILDING","Condition":"Good","Cabling":"6","comment":null,"Date_Inspected":1782997741960,"Insp_By":"Tim Fey","Upgraded":null,"Priority":null,"DPS_Post":613,"ObjectID_1":60,"LocationVerified":"Yes","GlobalID":"8e184fc8-2717-430c-bc05-56e8f528780b","CreationDate":1746039435897,"Creator":"ZLowery_Paratum_Brown","EditDate":1782997793001,"Editor":"tfey_brownadmin"}},{"type":"Feature","id":88,"geometry":{"type":"Point","coordinates":[-71.4033958950051,41.8251955899264]},"properties":{"OBJECTID":88,"ID_Extensi":"8637158","Building":"200487","Exterior_Telephone_Location":"Nicholson House / West","Address":"71 George","BLUE_Strobe":"YES","Camera":"No","Wireless":"No","Type":"Coldblue IP","Configuration":"BOX BUILDING","Condition":"Good","Cabling":"5","comment":null,"Date_Inspected":1775848660685,"Insp_By":"Carlos R","Upgraded":null,"Priority":null,"DPS_Post":613,"ObjectID_1":63,"LocationVerified":"Yes","GlobalID":"12dd305f-1497-42da-af79-158f73db99db","CreationDate":1746039435897,"Creator":"ZLowery_Paratum_Brown","EditDate":1775848667446,"Editor":"ndacosta_brownadmin"}},{"type":"Feature","id":89,"geometry":{"type":"Point","coordinates":[-71.4028830154601,41.8263250071084]},"properties":{"OBJECTID":89,"ID_Extensi":"8637116","Building":"200510","Exterior_Telephone_Location":"Sayles Hall","Address":"Main Green","BLUE_Strobe":"YES","Camera":"Yes on Stanchion","Wireless":"Yes","Type":"Codeblue IP","Configuration":"STANCHION","Condition":"Good","Cabling":"6","comment":null,"Date_Inspected":1775672878323,"Insp_By":"Michael Raposa","Upgraded":"45717","Priority":null,"DPS_Post":612,"ObjectID_1":45,"LocationVerified":"Yes","GlobalID":"9ba1d290-e8f9-4b01-9bde-b21a7e044f8f","CreationDate":1746039435897,"Creator":"ZLowery_Paratum_Brown","EditDate":1775672930958,"Editor":"sjacks32_brownadmin"}},{"type":"Feature","id":90,"geometry":{"type":"Point","coordinates":[-71.4020916289605,41.8255589827751]},"properties":{"OBJECTID":90,"ID_Extensi":"8637052","Building":"200473","Exterior_Telephone_Location":"Littlefield Hall","Address":"102 George","BLUE_Strobe":"YES","Camera":"No","Wireless":"No","Type":"R734","Configuration":"BOX BUILDING","Condition":"Fair","Cabling":"5","comment":null,"Date_Inspected":1769202601081,"Insp_By":"Michael Raposa","Upgraded":null,"Priority":null,"DPS_Post":612,"ObjectID_1":41,"LocationVerified":"Yes","GlobalID":"119766c7-9087-4591-a09e-693fab1fb130","CreationDate":1746039435897,"Creator":"ZLowery_Paratum_Brown","EditDate":1769202609695,"Editor":"sjacks32_brownadmin"}},{"type":"Feature","id":91,"geometry":{"type":"Point","coordinates":[-71.4037495086472,41.8258488472644]},"properties":{"OBJECTID":91,"ID_Extensi":"8637051","Building":"200513","Exterior_Telephone_Location":"Slater Hall","Address":"69 Waterman/Prospect and George","BLUE_Strobe":"YES","Camera":"No","Wireless":"No","Type":"Coldblue IP","Configuration":"BOX BUILDING","Condition":"Good","Cabling":"6","comment":null,"Date_Inspected":1775848697614,"Insp_By":"Carlos R","Upgraded":null,"Priority":null,"DPS_Post":612,"ObjectID_1":46,"LocationVerified":"Yes","GlobalID":"81ffccb4-216f-4c23-b87c-473dc8b46e87","CreationDate":1746039435897,"Creator":"ZLowery_Paratum_Brown","EditDate":1775848705494,"Editor":"ndacosta_brownadmin"}},{"type":"Feature","id":92,"geometry":{"type":"Point","coordinates":[-71.4052367604673,41.8263845739559]},"properties":{"OBJECTID":92,"ID_Extensi":"8637146","Building":"200472","Exterior_Telephone_Location":"List Art Center / Loading Dock","Address":"56-64 College ","BLUE_Strobe":"YES","Camera":"No","Wireless":"No","Type":"R734","Configuration":"BOX BUILDING","Condition":"Fair","Cabling":"5","comment":null,"Date_Inspected":1750860128203,"Insp_By":"Michael Raposa","Upgraded":null,"Priority":null,"DPS_Post":null,"ObjectID_1":101,"LocationVerified":"Yes","GlobalID":"0fe1ee8e-4f8a-4a7d-8872-bf6ceb1740a8","CreationDate":1746039435897,"Creator":"ZLowery_Paratum_Brown","EditDate":1750860193777,"Editor":"mraposa_brownadmin"}},{"type":"Feature","id":93,"geometry":{"type":"Point","coordinates":[-71.4051944026714,41.8262721020932]},"properties":{"OBJECTID":93,"ID_Extensi":"8637144","Building":"200468","Exterior_Telephone_Location":"John Hay Library / Rear","Address":"20 Prospect","BLUE_Strobe":"YES","Camera":"Yes on Bldg","Wireless":"No","Type":"Coldblue IP","Configuration":"BOX BUILDING","Condition":"Good","Cabling":"6","comment":null,"Date_Inspected":1782998340027,"Insp_By":"Tim Fey","Upgraded":null,"Priority":null,"DPS_Post":null,"ObjectID_1":99,"LocationVerified":"Yes","GlobalID":"08f21d4c-8828-4f1d-9c0e-f9a3dc485602","CreationDate":1746039435897,"Creator":"ZLowery_Paratum_Brown","EditDate":1782998360563,"Editor":"tfey_brownadmin"}},{"type":"Feature","id":94,"geometry":{"type":"Point","coordinates":[-71.4046850493072,41.8260572566235]},"properties":{"OBJECTID":94,"ID_Extensi":"8637106","Building":"200509","Exterior_Telephone_Location":"Rockefeller Library","Address":"10 Prospect","BLUE_Strobe":"YES","Camera":"Yes on Stanchion","Wireless":"Yes","Type":"Coldblue IP","Configuration":"STANCHION","Condition":"Good","Cabling":"6","comment":null,"Date_Inspected":1770296503858,"Insp_By":"L. Escalante","Upgraded":null,"Priority":null,"DPS_Post":null,"ObjectID_1":104,"LocationVerified":"Yes","GlobalID":"5f628947-5964-4f79-96a3-f0e73b3c6fc0","CreationDate":1746039435897,"Creator":"ZLowery_Paratum_Brown","EditDate":1770296519802,"Editor":"lescalan_brownadmin"}},{"type":"Feature","id":95,"geometry":{"type":"Point","coordinates":[-71.4037893075256,41.8266519015117]},"properties":{"OBJECTID":95,"ID_Extensi":"8637050","Building":"200462","Exterior_Telephone_Location":"Hope College","Address":"71 waterman ","BLUE_Strobe":"YES","Camera":"No","Wireless":"No","Type":"Coldblue IP","Configuration":"BOX BUILDING","Condition":"Good","Cabling":"6a","comment":null,"Date_Inspected":1780574942945,"Insp_By":"Carlos R","Upgraded":null,"Priority":null,"DPS_Post":612,"ObjectID_1":38,"LocationVerified":"Yes","GlobalID":"2734b444-801b-4136-85ab-4a6f4a2b5109","CreationDate":1746039435897,"Creator":"ZLowery_Paratum_Brown","EditDate":1780574983901,"Editor":"crivera1_brownadmin"}},{"type":"Feature","id":96,"geometry":{"type":"Point","coordinates":[-71.4013583765224,41.8265202656156]},"properties":{"OBJECTID":96,"ID_Extensi":"3-7113","Building":"200481","Exterior_Telephone_Location":"Lincoln Field, Simmons Quad","Address":"188 Thayer","BLUE_Strobe":"YES","Camera":"Yes on Stanchion","Wireless":"Yes","Type":"R734","Configuration":"COLUMN PLC 8","Condition":"Good","Cabling":"6","comment":"confirm ","Date_Inspected":1763573715734,"Insp_By":"G MacLeab","Upgraded":null,"Priority":null,"DPS_Post":612,"ObjectID_1":40,"LocationVerified":"Yes","GlobalID":"bd56979b-ada2-494e-9bca-02d2b54d6e1b","CreationDate":1746039435897,"Creator":"ZLowery_Paratum_Brown","EditDate":1763573744883,"Editor":"gmaclean_brownadmin"}},{"type":"Feature","id":97,"geometry":{"type":"Point","coordinates":[-71.4034854739508,41.8282523815101]},"properties":{"OBJECTID":97,"ID_Extensi":"8637207","Building":"200534","Exterior_Telephone_Location":"Hillel House / Olive Street Parking Lot","Address":"80 Brown","BLUE_Strobe":"YES","Camera":"Yes on Bldg","Wireless":"No","Type":"Coldblue IP","Configuration":"BOX BUILDING","Condition":"Good","Cabling":"5e","comment":null,"Date_Inspected":1780575301034,"Insp_By":"Carlos R","Upgraded":null,"Priority":null,"DPS_Post":null,"ObjectID_1":98,"LocationVerified":"Yes","GlobalID":"89456120-0b3a-4f60-905e-d548174d50ea","CreationDate":1746039435897,"Creator":"ZLowery_Paratum_Brown","EditDate":1780575313556,"Editor":"crivera1_brownadmin"}},{"type":"Feature","id":98,"geometry":{"type":"Point","coordinates":[-71.4026541501775,41.8284547740334]},"properties":{"OBJECTID":98,"ID_Extensi":"8637109","Building":"200425","Exterior_Telephone_Location":"Bio-Med / Loading Dock","Address":"34 Olive","BLUE_Strobe":"NO LIGHT","Camera":"Yes on Bldg","Wireless":"No","Type":"Coldblue IP","Configuration":"BOX BUILDING","Condition":"Good","Cabling":"6","comment":null,"Date_Inspected":1784912845133,"Insp_By":"Adam OConnor","Upgraded":null,"Priority":null,"DPS_Post":611,"ObjectID_1":12,"LocationVerified":"Yes","GlobalID":"390f7dab-76b6-450e-8cbb-207d4d52a586","CreationDate":1746039435897,"Creator":"ZLowery_Paratum_Brown","EditDate":1784912870893,"Editor":"tfey_brownadmin"}},{"type":"Feature","id":99,"geometry":{"type":"Point","coordinates":[-71.4006175215918,41.827000851261]},"properties":{"OBJECTID":99,"ID_Extensi":"8637049","Building":"200482","Exterior_Telephone_Location":"Metcalf Chemistry Lab.","Address":"190 Thayer","BLUE_Strobe":"YES","Camera":"Yes on Stanchion","Wireless":"Yes","Type":"Coldblue IP","Configuration":"STANCHION","Condition":"Good","Cabling":"6","comment":null,"Date_Inspected":1775848740547,"Insp_By":"Carlos R","Upgraded":null,"Priority":null,"DPS_Post":612,"ObjectID_1":42,"LocationVerified":"Yes","GlobalID":"2c541a17-805b-4d97-bee6-a44b6538377b","CreationDate":1746039435897,"Creator":"ZLowery_Paratum_Brown","EditDate":1775848749041,"Editor":"ndacosta_brownadmin"}},{"type":"Feature","id":102,"geometry":{"type":"Point","coordinates":[-71.4044842781511,41.8272982868184]},"properties":{"OBJECTID":102,"ID_Extensi":"8637220","Building":"200448","Exterior_Telephone_Location":"Robinson Hall","Address":"64 Waterman","BLUE_Strobe":"YES","Camera":"Yes on Stanchion","Wireless":"Yes","Type":"Coldblue IP","Configuration":"STANCHION","Condition":"Good","Cabling":"6","comment":null,"Date_Inspected":1769202237870,"Insp_By":"Adam OConnor","Upgraded":null,"Priority":null,"DPS_Post":612,"ObjectID_1":27,"LocationVerified":"Yes","GlobalID":"8b57dcd2-5f0d-4113-86d1-4f146bd89476","CreationDate":1746039435897,"Creator":"ZLowery_Paratum_Brown","EditDate":1769202267822,"Editor":"sjacks32_brownadmin"}},{"type":"Feature","id":103,"geometry":{"type":"Point","coordinates":[-71.4031932002418,41.8272196111909]},"properties":{"OBJECTID":103,"ID_Extensi":"8637197","Building":"200560","Exterior_Telephone_Location":"Partridge Hall","Address":"68 Brown","BLUE_Strobe":"YES","Camera":"No","Wireless":"No","Type":"Coldblue IP","Configuration":"BOX BUILDING","Condition":"Good","Cabling":"6","comment":null,"Date_Inspected":1783535412322,"Insp_By":"Adam OConnor ","Upgraded":null,"Priority":null,"DPS_Post":612,"ObjectID_1":43,"LocationVerified":"Yes","GlobalID":"f322e7f9-c2f9-4213-b2d9-825b34e9af87","CreationDate":1746039435897,"Creator":"ZLowery_Paratum_Brown","EditDate":1783535423446,"Editor":"tfey_brownadmin"}},{"type":"Feature","id":104,"geometry":{"type":"Point","coordinates":[-71.4029938652969,41.8275574924042]},"properties":{"OBJECTID":104,"ID_Extensi":"8639111","Building":"200429","Exterior_Telephone_Location":"Page Robinson","Address":"70 Brown","BLUE_Strobe":"YES","Camera":"Yes on Stanchion","Wireless":"Yes","Type":"Coldblue IP","Configuration":"STANCHION","Condition":"Good","Cabling":"6","comment":null,"Date_Inspected":1769199569168,"Insp_By":"Adam OConnor","Upgraded":null,"Priority":null,"DPS_Post":612,"ObjectID_1":28,"LocationVerified":"Yes","GlobalID":"1f7b7b03-b852-4d73-9566-f23b7cc5213b","CreationDate":1746039435897,"Creator":"ZLowery_Paratum_Brown","EditDate":1769199574854,"Editor":"sjacks32_brownadmin"}},{"type":"Feature","id":105,"geometry":{"type":"Point","coordinates":[-71.4019205914331,41.8276756567193]},"properties":{"OBJECTID":105,"ID_Extensi":"8637110","Building":"200564","Exterior_Telephone_Location":"UEL / Campus Walk","Address":"155 Angell","BLUE_Strobe":"YES","Camera":"Yes on Stanchion","Wireless":"Yes","Type":"Codeblue IP","Configuration":"COLUMN PLC 8","Condition":"Good","Cabling":"6a","comment":null,"Date_Inspected":1751043442458,"Insp_By":"Adam OConnor","Upgraded":null,"Priority":null,"DPS_Post":612,"ObjectID_1":34,"LocationVerified":"Yes","GlobalID":"17d006bf-2dbb-4609-af35-25a55cb5917f","CreationDate":1746039435897,"Creator":"ZLowery_Paratum_Brown","EditDate":1751043454110,"Editor":"aoconn13_brownadmin"}},{"type":"Feature","id":106,"geometry":{"type":"Point","coordinates":[-71.4013391084984,41.8274931918138]},"properties":{"OBJECTID":106,"ID_Extensi":"8632842","Building":"200552","Exterior_Telephone_Location":"96 Waterman Street","Address":"96 Waterman","BLUE_Strobe":"YES","Camera":"No","Wireless":"No","Type":"Coldblue IP","Configuration":"BOX BUILDING","Condition":"Good","Cabling":"6","comment":"On lower level of handicap lift ","Date_Inspected":1776089408053,"Insp_By":"Carlos R","Upgraded":null,"Priority":null,"DPS_Post":612,"ObjectID_1":29,"LocationVerified":"Yes","GlobalID":"316a855a-1e36-4cd9-bb4f-866340312092","CreationDate":1746039435897,"Creator":"ZLowery_Paratum_Brown","EditDate":1776089468208,"Editor":"crivera1_brownadmin"}},{"type":"Feature","id":107,"geometry":{"type":"Point","coordinates":[-71.4013052131241,41.8283140871232]},"properties":{"OBJECTID":107,"ID_Extensi":"8636278","Building":"200428","Exterior_Telephone_Location":"Granoff Center Loading Dock","Address":"164 Angell","BLUE_Strobe":"NO LIGHT","Camera":"Yes on Bldg","Wireless":"No","Type":"Wallphone","Configuration":"OTHER","Condition":"Good","Cabling":"5e","comment":"Red wall phone that you need to dial number, 2nd photo is of nearest camera","Date_Inspected":1750865484604,"Insp_By":"Adam OConnor","Upgraded":null,"Priority":null,"DPS_Post":611,"ObjectID_1":13,"LocationVerified":"Yes","GlobalID":"b5357852-c275-4e71-aa51-48dcef7675f5","CreationDate":1746039435897,"Creator":"ZLowery_Paratum_Brown","EditDate":1750865505905,"Editor":"aoconn13_brownadmin"}},{"type":"Feature","id":108,"geometry":{"type":"Point","coordinates":[-71.4050976150873,41.830201721671]},"properties":{"OBJECTID":108,"ID_Extensi":"8637154","Building":"200474","Exterior_Telephone_Location":"87 Prospect Street / Front/ Machado","Address":"87 Prospect","BLUE_Strobe":"YES","Camera":"No","Wireless":"No","Type":"Coldblue IP","Configuration":"BOX BUILDING","Condition":"Good","Cabling":"6","comment":null,"Date_Inspected":1776093271984,"Insp_By":"Carlos Rivera","Upgraded":null,"Priority":null,"DPS_Post":null,"ObjectID_1":96,"LocationVerified":"Yes","GlobalID":"ca2568ff-82c3-4058-8b92-fe8e07013618","CreationDate":1746039435897,"Creator":"ZLowery_Paratum_Brown","EditDate":1776093327806,"Editor":"crivera1_brownadmin"}},{"type":"Feature","id":109,"geometry":{"type":"Point","coordinates":[-71.4045095403034,41.8301113967008]},"properties":{"OBJECTID":109,"ID_Extensi":"8637151","Building":"200475","Exterior_Telephone_Location":"87 Prospect Street / Rear/ Machado","Address":"87 Prospect","BLUE_Strobe":"YES","Camera":"No","Wireless":"No","Type":"Coldblue IP","Configuration":"BOX BUILDING","Condition":"Good","Cabling":"6","comment":null,"Date_Inspected":1776092840746,"Insp_By":"Carlos Rivera","Upgraded":null,"Priority":null,"DPS_Post":null,"ObjectID_1":97,"LocationVerified":"Yes","GlobalID":"08334bba-c8b2-4a5e-9244-7dd8dfd1b05e","CreationDate":1746039435897,"Creator":"ZLowery_Paratum_Brown","EditDate":1776092911974,"Editor":"crivera1_brownadmin"}},{"type":"Feature","id":110,"geometry":{"type":"Point","coordinates":[-71.4013391385272,41.8303165120393]},"properties":{"OBJECTID":110,"ID_Extensi":"8637171","Building":"200486","Exterior_Telephone_Location":"New Pembroke Courtyard","Address":"302 Thayer","BLUE_Strobe":"YES","Camera":"No","Wireless":"No","Type":"Coldblue IP","Configuration":"BOX BUILDING","Condition":"Good","Cabling":"6a","comment":null,"Date_Inspected":1787919525121,"Insp_By":"Carlos Rivera","Upgraded":null,"Priority":null,"DPS_Post":611,"ObjectID_1":24,"LocationVerified":"Yes","GlobalID":"3026a6b0-48ef-44f3-8c1d-d1d50e47b4a4","CreationDate":1746039435897,"Creator":"ZLowery_Paratum_Brown","EditDate":1787919533898,"Editor":"tfey_brownadmin"}},{"type":"Feature","id":111,"geometry":{"type":"Point","coordinates":[-71.4017066321257,41.8302182462846]},"properties":{"OBJECTID":111,"ID_Extensi":"8637175","Building":"200436","Exterior_Telephone_Location":"Champlin Hall entrance","Address":"204 Meeting/Bowen and Thayer","BLUE_Strobe":"YES","Camera":"No","Wireless":"No","Type":"Coldblue IP","Configuration":"BOX BUILDING","Condition":"Good","Cabling":"6","comment":null,"Date_Inspected":1787919486987,"Insp_By":"Carlos Rivera","Upgraded":null,"Priority":null,"DPS_Post":611,"ObjectID_1":14,"LocationVerified":"Yes","GlobalID":"12b2a1be-bcd4-41a3-83a5-8f712b210491","CreationDate":1746039435897,"Creator":"ZLowery_Paratum_Brown","EditDate":1787919493521,"Editor":"tfey_brownadmin"}},{"type":"Feature","id":112,"geometry":{"type":"Point","coordinates":[-71.40154614308,41.8292962979162]},"properties":{"OBJECTID":112,"ID_Extensi":"8637142","Building":"200445","Exterior_Telephone_Location":"Emery Hall - Woolley","Address":"204 Meeting","BLUE_Strobe":"YES","Camera":"Yes on Bldg","Wireless":"No","Type":"Coldblue IP","Configuration":"STANCHION","Condition":"Good","Cabling":"6","comment":null,"Date_Inspected":1768942317063,"Insp_By":"Carlos Rivera ","Upgraded":null,"Priority":null,"DPS_Post":611,"ObjectID_1":16,"LocationVerified":"Yes","GlobalID":"3145bded-a488-442f-9a41-57500c60294d","CreationDate":1746039435897,"Creator":"ZLowery_Paratum_Brown","EditDate":1768942328018,"Editor":"aoconn13_brownadmin"}},{"type":"Feature","id":113,"geometry":{"type":"Point","coordinates":[-71.4032449974633,41.8290791929145]},"properties":{"OBJECTID":113,"ID_Extensi":"8637155","Building":"200529","Exterior_Telephone_Location":"91 Brown St. - West House","Address":"91 Brown","BLUE_Strobe":"YES","Camera":"No","Wireless":"No","Type":"Coldblue IP","Configuration":"BOX BUILDING","Condition":"Good","Cabling":"6a","comment":null,"Date_Inspected":1787920166163,"Insp_By":"Carlos Rivera ","Upgraded":null,"Priority":null,"DPS_Post":null,"ObjectID_1":135,"LocationVerified":"Yes","GlobalID":"1f4832d1-0706-4a36-95ee-cb89bbfff5ca","CreationDate":1746039435897,"Creator":"ZLowery_Paratum_Brown","EditDate":1787920174231,"Editor":"tfey_brownadmin"}},{"type":"Feature","id":114,"geometry":{"type":"Point","coordinates":[-71.4022088714324,41.8293230510771]},"properties":{"OBJECTID":114,"ID_Extensi":"8637112","Building":"200413","Exterior_Telephone_Location":"Alumnae Hall / Front","Address":"194 Meeting","BLUE_Strobe":"YES","Camera":"Yes on Stanchion","Wireless":"Yes","Type":"Coldblue IP","Configuration":"STANCHION","Condition":"Good","Cabling":"6","comment":null,"Date_Inspected":1768942297199,"Insp_By":"Carlos Rivera ","Upgraded":null,"Priority":null,"DPS_Post":611,"ObjectID_1":4,"LocationVerified":"Yes","GlobalID":"5dbef20e-7529-49de-9d77-bd1e2f4e4683","CreationDate":1746039435897,"Creator":"ZLowery_Paratum_Brown","EditDate":1768942312868,"Editor":"aoconn13_brownadmin"}},{"type":"Feature","id":115,"geometry":{"type":"Point","coordinates":[-71.4022641698607,41.8295683135692]},"properties":{"OBJECTID":115,"ID_Extensi":"8639894","Building":"200415","Exterior_Telephone_Location":"Alumnae Hall / Sidewalk","Address":"194 Meeting","BLUE_Strobe":"YES","Camera":"No","Wireless":"Yes","Type":"Coldblue IP","Configuration":"BOX ON POST/STANCHION","Condition":"Good","Cabling":"6","comment":null,"Date_Inspected":1787920063150,"Insp_By":"Carlos Rivera","Upgraded":null,"Priority":null,"DPS_Post":611,"ObjectID_1":5,"LocationVerified":"Yes","GlobalID":"aee1e6ed-951f-45b5-a601-119900c0be58","CreationDate":1746039435897,"Creator":"ZLowery_Paratum_Brown","EditDate":1787920073776,"Editor":"tfey_brownadmin"}},{"type":"Feature","id":116,"geometry":{"type":"Point","coordinates":[-71.4033932056403,41.8298751741098]},"properties":{"OBJECTID":116,"ID_Extensi":"8637145","Building":"200430","Exterior_Telephone_Location":"111 Brown Street","Address":"111 Brown","BLUE_Strobe":"YES","Camera":"No","Wireless":"No","Type":"Coldblue IP","Configuration":"BOX BUILDING","Condition":"Good","Cabling":"6a","comment":null,"Date_Inspected":1787919291594,"Insp_By":"Carlos Rivera ","Upgraded":null,"Priority":null,"DPS_Post":611,"ObjectID_1":2,"LocationVerified":"Yes","GlobalID":"ef7d0495-e71f-4831-b197-7cb61f5706eb","CreationDate":1746039435897,"Creator":"ZLowery_Paratum_Brown","EditDate":1787919305810,"Editor":"tfey_brownadmin"}},{"type":"Feature","id":117,"geometry":{"type":"Point","coordinates":[-71.4026425979697,41.8298596019381]},"properties":{"OBJECTID":117,"ID_Extensi":"8637180","Building":"200535","Exterior_Telephone_Location":"Smith-Buonanno / East","Address":"95 Cushing/Brown and Meeting","BLUE_Strobe":"YES","Camera":"Yes on Stanchion","Wireless":"Yes","Type":"Coldblue IP","Configuration":"BOX ON POST/STANCHION","Condition":"Good","Cabling":"6","comment":null,"Date_Inspected":1768942276161,"Insp_By":"Carlos Rivera","Upgraded":null,"Priority":null,"DPS_Post":611,"ObjectID_1":6,"LocationVerified":"Yes","GlobalID":"698fd506-e362-4539-afb4-5d6ce8a86201","CreationDate":1746039435897,"Creator":"ZLowery_Paratum_Brown","EditDate":1768942289385,"Editor":"aoconn13_brownadmin"}},{"type":"Feature","id":118,"geometry":{"type":"Point","coordinates":[-71.4017523935742,41.8300788264493]},"properties":{"OBJECTID":118,"ID_Extensi":"8637143","Building":"200485","Exterior_Telephone_Location":"Morriss-Champlin Archway","Address":"204 Meeting/Bowen and Thayer","BLUE_Strobe":"YES","Camera":"No","Wireless":"No","Type":"Coldblue IP","Configuration":"BOX BUILDING","Condition":"Good","Cabling":"5e","comment":null,"Date_Inspected":1787919945817,"Insp_By":"Carlos Rivera ","Upgraded":null,"Priority":null,"DPS_Post":611,"ObjectID_1":23,"LocationVerified":"Yes","GlobalID":"e2b6d38b-b5b9-4bd1-8ef3-a0ceec8258b8","CreationDate":1746039435897,"Creator":"ZLowery_Paratum_Brown","EditDate":1787919955126,"Editor":"tfey_brownadmin"}},{"type":"Feature","id":119,"geometry":{"type":"Point","coordinates":[-71.4023210438963,41.8301964410833]},"properties":{"OBJECTID":119,"ID_Extensi":"8637141","Building":"200565","Exterior_Telephone_Location":"Miller Hall","Address":"118 Cushing/Brown and Bowen","BLUE_Strobe":"YES","Camera":"Yes on Bldg","Wireless":"Yes","Type":"Coldblue IP","Configuration":"PLW6,WALL UNIT","Condition":"Good","Cabling":"6","comment":null,"Date_Inspected":1787919409871,"Insp_By":"Carlos Rivera ","Upgraded":null,"Priority":null,"DPS_Post":611,"ObjectID_1":22,"LocationVerified":"Yes","GlobalID":"35bc4955-eea5-4742-8bd9-a9385dd4d26e","CreationDate":1746039435897,"Creator":"ZLowery_Paratum_Brown","EditDate":1787919421138,"Editor":"tfey_brownadmin"}},{"type":"Feature","id":120,"geometry":{"type":"Point","coordinates":[-71.4026546809514,41.8302133157491]},"properties":{"OBJECTID":120,"ID_Extensi":"8637132","Building":"200561","Exterior_Telephone_Location":"Metcalf Hall","Address":"98 Cushing/Brown and Bowen","BLUE_Strobe":"YES","Camera":"Yes on Bldg","Wireless":"Yes","Type":"Coldblue IP","Configuration":"PLW6,WALL UNIT","Condition":"Good","Cabling":"6","comment":null,"Date_Inspected":1787919346983,"Insp_By":"Carlos Rivera ","Upgraded":null,"Priority":null,"DPS_Post":611,"ObjectID_1":21,"LocationVerified":"Yes","GlobalID":"474249de-5957-42f2-85f4-1d0ed0937caf","CreationDate":1746039435897,"Creator":"ZLowery_Paratum_Brown","EditDate":1787919361688,"Editor":"tfey_brownadmin"}},{"type":"Feature","id":121,"geometry":{"type":"Point","coordinates":[-71.4026819208229,41.8303055784536]},"properties":{"OBJECTID":121,"ID_Extensi":"8637086","Building":"200417","Exterior_Telephone_Location":"Andrews Hall / Terrace / West","Address":"211 Bowen","BLUE_Strobe":"YES","Camera":"No","Wireless":"Yes","Type":"Coldblue IP","Configuration":"BOX BUILDING","Condition":"Good","Cabling":"6","comment":null,"Date_Inspected":1779113869734,"Insp_By":"Carlos Rivera ","Upgraded":null,"Priority":null,"DPS_Post":611,"ObjectID_1":11,"LocationVerified":"Yes","GlobalID":"677a2021-5467-43cf-a0e6-1d3a061e4e72","CreationDate":1746039435897,"Creator":"ZLowery_Paratum_Brown","EditDate":1779113901720,"Editor":"mraposa_brownadmin"}},{"type":"Feature","id":122,"geometry":{"type":"Point","coordinates":[-71.402326337989,41.8303139233104]},"properties":{"OBJECTID":122,"ID_Extensi":"8637006","Building":"200418","Exterior_Telephone_Location":"Andrews Hall / Terrace / East","Address":"211 Bowen","BLUE_Strobe":"YES","Camera":"No","Wireless":"Yes","Type":"Coldblue IP","Configuration":"BOX BUILDING","Condition":"Good","Cabling":"6","comment":null,"Date_Inspected":1787919126809,"Insp_By":"Carlos Rivera ","Upgraded":null,"Priority":null,"DPS_Post":611,"ObjectID_1":10,"LocationVerified":"Yes","GlobalID":"66d0c4a2-7427-4cab-bad8-a212a8ec40da","CreationDate":1746039435897,"Creator":"ZLowery_Paratum_Brown","EditDate":1787919159188,"Editor":"tfey_brownadmin"}},{"type":"Feature","id":123,"geometry":{"type":"Point","coordinates":[-71.4025212325477,41.8306566851871]},"properties":{"OBJECTID":123,"ID_Extensi":"8637087","Building":"200416","Exterior_Telephone_Location":"Andrews Hall / Front Entrance","Address":"211 Bowen","BLUE_Strobe":"YES","Camera":"No","Wireless":"No","Type":"Coldblue IP","Configuration":"BOX BUILDING","Condition":"Good","Cabling":"5","comment":null,"Date_Inspected":1787918874208,"Insp_By":"Carlos Rivera ","Upgraded":null,"Priority":null,"DPS_Post":611,"ObjectID_1":9,"LocationVerified":"Yes","GlobalID":"8b17a427-d607-43b1-8037-0266f367a29d","CreationDate":1746039435897,"Creator":"ZLowery_Paratum_Brown","EditDate":1787918903760,"Editor":"tfey_brownadmin"}},{"type":"Feature","id":124,"geometry":{"type":"Point","coordinates":[-71.4017947689636,41.830692115078]},"properties":{"OBJECTID":124,"ID_Extensi":"8637169","Building":"200427","Exterior_Telephone_Location":"Plantations House","Address":"219 Bowen Street","BLUE_Strobe":"YES","Camera":"No","Wireless":"No","Type":"Coldblue IP","Configuration":"BOX BUILDING","Condition":"Good","Cabling":"6","comment":null,"Date_Inspected":1787918931397,"Insp_By":"Carlos Rivera ","Upgraded":null,"Priority":null,"DPS_Post":611,"ObjectID_1":3,"LocationVerified":"Yes","GlobalID":"c1e7108e-c469-4010-814d-b55f9ef92fc9","CreationDate":1746039435897,"Creator":"ZLowery_Paratum_Brown","EditDate":1787918962496,"Editor":"tfey_brownadmin"}},{"type":"Feature","id":125,"geometry":{"type":"Point","coordinates":[-71.3992819097672,41.8265736491696]},"properties":{"OBJECTID":125,"ID_Extensi":"8637114","Building":"200563","Exterior_Telephone_Location":"Manning Walkway & Brook Street (Marston?)","Address":"20 Manning","BLUE_Strobe":"YES","Camera":"Yes on Stanchion","Wireless":"Yes","Type":"Coldblue IP","Configuration":"STANCHION","Condition":"Good","Cabling":"6","comment":null,"Date_Inspected":1768941999697,"Insp_By":"Tim Fey","Upgraded":null,"Priority":null,"DPS_Post":null,"ObjectID_1":131,"LocationVerified":"Yes","GlobalID":"e92e034c-5017-4a1f-884a-dc4601e16ada","CreationDate":1746039435897,"Creator":"ZLowery_Paratum_Brown","EditDate":1768942010855,"Editor":"aoconn13_brownadmin"}},{"type":"Feature","id":126,"geometry":{"type":"Point","coordinates":[-71.3978182645788,41.8271971857705]},"properties":{"OBJECTID":126,"ID_Extensi":"8637172","Building":"200523","Exterior_Telephone_Location":"137 Waterman Street","Address":"137 Waterman","BLUE_Strobe":"YES","Camera":"No","Wireless":"No","Type":"Coldblue IP","Configuration":"BOX BUILDING","Condition":"Good","Cabling":"5","comment":null,"Date_Inspected":1787857031597,"Insp_By":"Carlos R","Upgraded":null,"Priority":null,"DPS_Post":null,"ObjectID_1":119,"LocationVerified":"Yes","GlobalID":"175ee746-6f96-4855-8463-79c81208bf0b","CreationDate":1746039435897,"Creator":"ZLowery_Paratum_Brown","EditDate":1787857070704,"Editor":"tfey_brownadmin"}},{"type":"Feature","id":127,"geometry":{"type":"Point","coordinates":[-71.3998288651588,41.8264236627017]},"properties":{"OBJECTID":127,"ID_Extensi":"8639961","Building":"200556","Exterior_Telephone_Location":"Manning Walkway    ","Address":"167 Thayer","BLUE_Strobe":"YES","Camera":"Yes on Stanchion","Wireless":"Yes","Type":"Coldblue IP","Configuration":"STANCHION","Condition":"Good","Cabling":"6","comment":null,"Date_Inspected":1768942033925,"Insp_By":"Tim Fey","Upgraded":null,"Priority":null,"DPS_Post":null,"ObjectID_1":130,"LocationVerified":"Yes","GlobalID":"070ce3c9-8e5e-4cd9-a951-36da4b4dd5cd","CreationDate":1746039435897,"Creator":"ZLowery_Paratum_Brown","EditDate":1768942051162,"Editor":"aoconn13_brownadmin"}},{"type":"Feature","id":128,"geometry":{"type":"Point","coordinates":[-71.3997606394834,41.8267381295676]},"properties":{"OBJECTID":128,"ID_Extensi":"8637161","Building":"200524","Exterior_Telephone_Location":"CIT / Front","Address":"115 Waterman","BLUE_Strobe":"YES","Camera":"Yes on Stanchion","Wireless":"Yes","Type":"Coldblue IP","Configuration":"STANCHION","Condition":"Good","Cabling":"6","comment":null,"Date_Inspected":1768942015415,"Insp_By":"Tim Fey","Upgraded":null,"Priority":null,"DPS_Post":null,"ObjectID_1":124,"LocationVerified":"Yes","GlobalID":"e9d70f87-f58d-462d-84c9-ab704eb380b3","CreationDate":1746039435897,"Creator":"ZLowery_Paratum_Brown","EditDate":1768942029340,"Editor":"aoconn13_brownadmin"}},{"type":"Feature","id":129,"geometry":{"type":"Point","coordinates":[-71.3988618418084,41.8271776626186]},"properties":{"OBJECTID":129,"ID_Extensi":"8639679","Building":"200483","Exterior_Telephone_Location":"Minden Hall / Parking Lot","Address":"121-123 Waterman","BLUE_Strobe":"YES","Camera":"No","Wireless":"No","Type":"Coldblue IP","Configuration":"BOX BUILDING","Condition":"Good","Cabling":"6","comment":null,"Date_Inspected":1780576157535,"Insp_By":"Carlos R","Upgraded":null,"Priority":null,"DPS_Post":null,"ObjectID_1":133,"LocationVerified":"Yes","GlobalID":"ee76e621-557a-450f-9578-a99eafe7f344","CreationDate":1746039435897,"Creator":"ZLowery_Paratum_Brown","EditDate":1780576201908,"Editor":"crivera1_brownadmin"}},{"type":"Feature","id":130,"geometry":{"type":"Point","coordinates":[-71.3997226699254,41.829494386748]},"properties":{"OBJECTID":130,"ID_Extensi":"8639981","Building":"200540","Exterior_Telephone_Location":"450 Brook Emergency/Wellness","Address":"450 Brook","BLUE_Strobe":"YES","Camera":"Yes on Bldg","Wireless":"No","Type":"R734","Configuration":"BOX IN WALL","Condition":"Good","Cabling":"6","comment":null,"Date_Inspected":1769203715341,"Insp_By":"Carlos Rivera","Upgraded":null,"Priority":null,"DPS_Post":null,"ObjectID_1":null,"LocationVerified":"Yes","GlobalID":"c0501046-e44c-4fc5-a998-3a0bb49c0d01","CreationDate":1746039435897,"Creator":"ZLowery_Paratum_Brown","EditDate":1769203723804,"Editor":"sjacks32_brownadmin"}},{"type":"Feature","id":131,"geometry":{"type":"Point","coordinates":[-71.3996981390488,41.8293116577377]},"properties":{"OBJECTID":131,"ID_Extensi":"8639980","Building":"200540","Exterior_Telephone_Location":"450 Brook Corner","Address":"450 Brook","BLUE_Strobe":"YES","Camera":"Yes on Bldg","Wireless":"No","Type":"Coldblue IP","Configuration":"STANCHION","Condition":"Good","Cabling":"6a","comment":null,"Date_Inspected":1769203735310,"Insp_By":"Carlos Rivera","Upgraded":null,"Priority":null,"DPS_Post":null,"ObjectID_1":null,"LocationVerified":"Yes","GlobalID":"1e2fd385-3373-4f1c-92e8-73d22a483352","CreationDate":1746039435897,"Creator":"ZLowery_Paratum_Brown","EditDate":1769203766505,"Editor":"sjacks32_brownadmin"}},{"type":"Feature","id":132,"geometry":{"type":"Point","coordinates":[-71.396323760341,41.8312661586701]},"properties":{"OBJECTID":132,"ID_Extensi":"8638194","Building":"200540","Exterior_Telephone_Location":"LAX Soccer","Address":"245 Lloyd","BLUE_Strobe":"YES","Camera":"Yes on Stanchion","Wireless":"Yes","Type":"Coldblue IP","Configuration":"STANCHION","Condition":"Good","Cabling":"6a","comment":null,"Date_Inspected":1769204444215,"Insp_By":"L. Escalante","Upgraded":null,"Priority":null,"DPS_Post":null,"ObjectID_1":null,"LocationVerified":"Yes","GlobalID":"44d1cf1b-15ad-4d5f-8c93-d41f1e2e5def","CreationDate":1746039435897,"Creator":"ZLowery_Paratum_Brown","EditDate":1769204450860,"Editor":"sjacks32_brownadmin"}},{"type":"Feature","id":133,"geometry":{"type":"Point","coordinates":[-71.4084679308581,41.8184955724744]},"properties":{"OBJECTID":133,"ID_Extensi":"8678154","Building":"200549","Exterior_Telephone_Location":"222 Richmond - Garage #3 North","Address":"222 Richmond","BLUE_Strobe":"YES","Camera":"Yes other","Wireless":"No","Type":"R734","Configuration":"BOX BUILDING","Condition":"Good","Cabling":"5e","comment":null,"Date_Inspected":1769203855502,"Insp_By":"Adam OConnor","Upgraded":null,"Priority":null,"DPS_Post":null,"ObjectID_1":null,"LocationVerified":"Yes","GlobalID":"1b331b3a-28ab-441b-95b6-760b3444d9e3","CreationDate":1746039435897,"Creator":"ZLowery_Paratum_Brown","EditDate":1769203859232,"Editor":"sjacks32_brownadmin"}},{"type":"Feature","id":134,"geometry":{"type":"Point","coordinates":[-71.4082043912872,41.8181088805984]},"properties":{"OBJECTID":134,"ID_Extensi":"8678153","Building":"200546","Exterior_Telephone_Location":"222 Richmond - Garage #2 South","Address":null,"BLUE_Strobe":"YES","Camera":"Yes other","Wireless":"No","Type":"R734","Configuration":"BOX BUILDING","Condition":"Good","Cabling":"5e","comment":null,"Date_Inspected":1750959549123,"Insp_By":"Adam OConnor","Upgraded":null,"Priority":null,"DPS_Post":null,"ObjectID_1":null,"LocationVerified":"Yes","GlobalID":"938f7a19-a65a-49ef-b061-413541a0eb05","CreationDate":1746039435897,"Creator":"ZLowery_Paratum_Brown","EditDate":1750959604950,"Editor":"aoconn13_brownadmin"}},{"type":"Feature","id":135,"geometry":{"type":"Point","coordinates":[-71.4084463889255,41.8184737454539]},"properties":{"OBJECTID":135,"ID_Extensi":"8678152","Building":"200547","Exterior_Telephone_Location":"222 Richmond - Garage #2 North ","Address":"222 Richmond","BLUE_Strobe":"YES","Camera":"Yes other","Wireless":"No","Type":"R734","Configuration":"BOX BUILDING","Condition":"Good","Cabling":"5e","comment":null,"Date_Inspected":1769203794790,"Insp_By":"Adam OConnor","Upgraded":null,"Priority":null,"DPS_Post":null,"ObjectID_1":null,"LocationVerified":"Yes","GlobalID":"710a4fe3-c84d-4efd-855a-892f98f1b50b","CreationDate":1746039435897,"Creator":"ZLowery_Paratum_Brown","EditDate":1769203808992,"Editor":"sjacks32_brownadmin"}},{"type":"Feature","id":136,"geometry":{"type":"Point","coordinates":[-71.408451606209,41.8184806795345]},"properties":{"OBJECTID":136,"ID_Extensi":"8678149","Building":"200548","Exterior_Telephone_Location":"222 Richmond - Garage #1 North","Address":"222 Richmond","BLUE_Strobe":"YES","Camera":"No","Wireless":"No","Type":"R734","Configuration":"BOX BUILDING","Condition":"Good","Cabling":"5e","comment":null,"Date_Inspected":1769203817095,"Insp_By":"Adam OConnor","Upgraded":null,"Priority":null,"DPS_Post":null,"ObjectID_1":null,"LocationVerified":"Yes","GlobalID":"075d29bf-68e4-4a00-9352-12416c4eb4cc","CreationDate":1746039435897,"Creator":"ZLowery_Paratum_Brown","EditDate":1769203821969,"Editor":"sjacks32_brownadmin"}},{"type":"Feature","id":137,"geometry":{"type":"Point","coordinates":[-71.4084578344269,41.8184859767007]},"properties":{"OBJECTID":137,"ID_Extensi":"8678155","Building":"200550","Exterior_Telephone_Location":"222 Richmond - Garage #4 North","Address":"222 Richmond","BLUE_Strobe":"YES","Camera":"Yes other","Wireless":"No","Type":"R734","Configuration":"BOX BUILDING","Condition":"Good","Cabling":"5e","comment":null,"Date_Inspected":1769203830886,"Insp_By":"Adam OConnor","Upgraded":null,"Priority":null,"DPS_Post":null,"ObjectID_1":null,"LocationVerified":"Yes","GlobalID":"3af9b03b-0a0a-413c-b77f-27de5207c67f","CreationDate":1746039435897,"Creator":"ZLowery_Paratum_Brown","EditDate":1769203835987,"Editor":"sjacks32_brownadmin"}},{"type":"Feature","id":138,"geometry":{"type":"Point","coordinates":[-71.4085180748996,41.8184642767819]},"properties":{"OBJECTID":138,"ID_Extensi":"8678150","Building":"200505","Exterior_Telephone_Location":"222 Richmond - Garage Richmond St","Address":"222 Richmond","BLUE_Strobe":"YES","Camera":"Yes on Bldg","Wireless":"No","Type":"R734","Configuration":"BOX BUILDING","Condition":"Good","Cabling":"5e","comment":null,"Date_Inspected":1769203869991,"Insp_By":"Adam OConnor","Upgraded":null,"Priority":null,"DPS_Post":null,"ObjectID_1":null,"LocationVerified":"Yes","GlobalID":"6a8594de-df3d-40fb-b53d-8a8dda7f2a3c","CreationDate":1746039435897,"Creator":"ZLowery_Paratum_Brown","EditDate":1769203874160,"Editor":"sjacks32_brownadmin"}},{"type":"Feature","id":140,"geometry":{"type":"Point","coordinates":[-71.407333840762,41.8213147935262]},"properties":{"OBJECTID":140,"ID_Extensi":"8678146","Building":"200555","Exterior_Telephone_Location":"200 Dyer St Rear","Address":null,"BLUE_Strobe":"YES","Camera":"Yes on Bldg","Wireless":"No","Type":"R734","Configuration":"PLW6,WALL UNIT","Condition":"Good","Cabling":"6","comment":null,"Date_Inspected":1750869960150,"Insp_By":"Adam OConnor","Upgraded":null,"Priority":null,"DPS_Post":null,"ObjectID_1":null,"LocationVerified":"Yes","GlobalID":"fe792b78-69ef-4e06-ad75-c1bb096ea010","CreationDate":1746039435897,"Creator":"ZLowery_Paratum_Brown","EditDate":1750869974621,"Editor":"aoconn13_brownadmin"}},{"type":"Feature","id":141,"geometry":{"type":"Point","coordinates":[-71.4080530971727,41.8215260961218]},"properties":{"OBJECTID":141,"ID_Extensi":"8638147","Building":"200554","Exterior_Telephone_Location":"200 Dyer St front","Address":null,"BLUE_Strobe":"YES","Camera":"Yes on Bldg","Wireless":"No","Type":"R734","Configuration":"COLUMN PLC 8","Condition":"Good","Cabling":"6","comment":null,"Date_Inspected":1750869780375,"Insp_By":"Adam OConnor","Upgraded":null,"Priority":null,"DPS_Post":null,"ObjectID_1":null,"LocationVerified":"Yes","GlobalID":"34a498a2-7e81-4623-8436-583c590d3ac5","CreationDate":1746039435897,"Creator":"ZLowery_Paratum_Brown","EditDate":1750869841114,"Editor":"aoconn13_brownadmin"}},{"type":"Feature","id":143,"geometry":{"type":"Point","coordinates":[-71.4077792347206,41.8181952225942]},"properties":{"OBJECTID":143,"ID_Extensi":"8637229","Building":"200553","Exterior_Telephone_Location":"43 Elm Station","Address":null,"BLUE_Strobe":"YES","Camera":"No","Wireless":"No","Type":"R734","Configuration":"PLW6,WALL UNIT","Condition":"Good","Cabling":"6","comment":null,"Date_Inspected":1750876090810,"Insp_By":"Adam OConnor","Upgraded":null,"Priority":null,"DPS_Post":null,"ObjectID_1":null,"LocationVerified":"Yes","GlobalID":"8fe31237-a2a3-4a06-8760-f2c6d10d1e57","CreationDate":1746039435897,"Creator":"ZLowery_Paratum_Brown","EditDate":1750876114459,"Editor":"aoconn13_brownadmin"}},{"type":"Feature","id":144,"geometry":{"type":"Point","coordinates":[-71.4084630517654,41.8184920284469]},"properties":{"OBJECTID":144,"ID_Extensi":"8678156","Building":"200551","Exterior_Telephone_Location":"222 Richmond - Garage #5 North","Address":"222 Richmond","BLUE_Strobe":"YES","Camera":"Yes other","Wireless":"No","Type":"R734","Configuration":"BOX BUILDING","Condition":"Good","Cabling":"5e","comment":null,"Date_Inspected":1769203843641,"Insp_By":"Adam OConnor","Upgraded":null,"Priority":null,"DPS_Post":null,"ObjectID_1":null,"LocationVerified":"Yes","GlobalID":"493c0eda-e727-42a5-ac23-1e0192dd3c91","CreationDate":1746039435897,"Creator":"ZLowery_Paratum_Brown","EditDate":1769203848644,"Editor":"sjacks32_brownadmin"}},{"type":"Feature","id":145,"geometry":{"type":"Point","coordinates":[-71.408147617372,41.8190753360848]},"properties":{"OBJECTID":145,"ID_Extensi":"8638148","Building":"200507","Exterior_Telephone_Location":"222 Richmond/Eddy","Address":null,"BLUE_Strobe":"YES","Camera":"Yes on Bldg","Wireless":"No","Type":"R734","Configuration":"PLW6,WALL UNIT","Condition":"Fair","Cabling":"6","comment":null,"Date_Inspected":1769194077087,"Insp_By":"Adam O","Upgraded":null,"Priority":null,"DPS_Post":null,"ObjectID_1":null,"LocationVerified":"Yes","GlobalID":"487c1eb7-3fee-4f38-a0f2-ff33620f08a6","CreationDate":1746039435897,"Creator":"ZLowery_Paratum_Brown","EditDate":1769194115556,"Editor":"sjacks32_brownadmin"}},{"type":"Feature","id":150,"geometry":{"type":"Point","coordinates":[-71.4005991461182,41.8303387462917]},"properties":{"OBJECTID":150,"ID_Extensi":"8633932","Building":"200488","Exterior_Telephone_Location":"Lot# 11 / Thayer St","Address":"307 Thayer","BLUE_Strobe":"YES","Camera":"Yes on Bldg","Wireless":"No","Type":"R734","Configuration":"BOX ON POST/STANCHION","Condition":"Good","Cabling":"5","comment":null,"Date_Inspected":1769203992349,"Insp_By":"Carlos Rivera","Upgraded":null,"Priority":null,"DPS_Post":null,"ObjectID_1":null,"LocationVerified":"Yes","GlobalID":"9c017b3c-595a-4f21-bbca-5fbc626ea75f","CreationDate":1746039435897,"Creator":"ZLowery_Paratum_Brown","EditDate":1769204005226,"Editor":"sjacks32_brownadmin"}},{"type":"Feature","id":151,"geometry":{"type":"Point","coordinates":[-71.3886067630151,41.8182510525642]},"properties":{"OBJECTID":151,"ID_Extensi":"8678145","Building":"200480","Exterior_Telephone_Location":"Marston Boat House","Address":"258 India","BLUE_Strobe":"NO LIGHT","Camera":"Yes on Bldg","Wireless":"Unsure","Type":"Coldblue IP","Configuration":"BOX BUILDING","Condition":"Good","Cabling":"6","comment":null,"Date_Inspected":1784567678186,"Insp_By":"GM","Upgraded":null,"Priority":null,"DPS_Post":null,"ObjectID_1":null,"LocationVerified":"Yes","GlobalID":"15828962-8049-4593-b200-29b5b6797551","CreationDate":1746039435897,"Creator":"ZLowery_Paratum_Brown","EditDate":1784567701970,"Editor":"tfey_brownadmin"}},{"type":"Feature","id":152,"geometry":{"type":"Point","coordinates":[-71.3990283815242,41.8273092235567]},"properties":{"OBJECTID":152,"ID_Extensi":"8639678","Building":"200484","Exterior_Telephone_Location":"Minden Hall / Front Entrance","Address":"121-123 Waterman","BLUE_Strobe":"YES","Camera":"No","Wireless":"No","Type":"Coldblue IP","Configuration":"STANCHION","Condition":"Good","Cabling":"6","comment":null,"Date_Inspected":1768941982320,"Insp_By":"Tim Fey","Upgraded":null,"Priority":null,"DPS_Post":null,"ObjectID_1":132,"LocationVerified":"Yes","GlobalID":"bbade9ca-0097-40fa-bb1c-c7ad1e823de8","CreationDate":1746039435897,"Creator":"ZLowery_Paratum_Brown","EditDate":1768941992393,"Editor":"aoconn13_brownadmin"}},{"type":"Feature","id":153,"geometry":{"type":"Point","coordinates":[-71.3995416135409,41.8272593967908]},"properties":{"OBJECTID":153,"ID_Extensi":"8637152","Building":"200525","Exterior_Telephone_Location":"CIT / Loading Dock","Address":"115 Waterman","BLUE_Strobe":"YES","Camera":"Yes on Stanchion","Wireless":"Yes","Type":"Coldblue IP","Configuration":"BOX BUILDING","Condition":"Good","Cabling":"6","comment":null,"Date_Inspected":1776101340077,"Insp_By":"Carlos R","Upgraded":null,"Priority":"1","DPS_Post":null,"ObjectID_1":125,"LocationVerified":"Yes","GlobalID":"9c3476b5-51d3-42d3-b8e4-a9e33db9ac2a","CreationDate":1746039435897,"Creator":"ZLowery_Paratum_Brown","EditDate":1776101380095,"Editor":"crivera1_brownadmin"}},{"type":"Feature","id":154,"geometry":{"type":"Point","coordinates":[-71.3979969993585,41.8296184556263]},"properties":{"OBJECTID":154,"ID_Extensi":"8637111","Building":"200515","Exterior_Telephone_Location":"2 Stimson Avenue","Address":"2 Stimson","BLUE_Strobe":"YES","Camera":"No","Wireless":"No","Type":"Coldblue IP","Configuration":"BOX BUILDING","Condition":"Good","Cabling":"6","comment":null,"Date_Inspected":1787858779678,"Insp_By":"Carlos Rivera","Upgraded":null,"Priority":null,"DPS_Post":615,"ObjectID_1":88,"LocationVerified":"Yes","GlobalID":"c920ded5-3e7a-417b-8d4d-5c2144d6e9e0","CreationDate":1746039435897,"Creator":"ZLowery_Paratum_Brown","EditDate":1787858806665,"Editor":"tfey_brownadmin"}},{"type":"Feature","id":155,"geometry":{"type":"Point","coordinates":[-71.3992981209803,41.8391428653463]},"properties":{"OBJECTID":155,"ID_Extensi":"8636921","Building":"200471","Exterior_Telephone_Location":"Ladd Observatory","Address":"210 Doyle","BLUE_Strobe":"YES","Camera":"Yes on Stanchion","Wireless":"Yes","Type":"Coldblue IP","Configuration":"STANCHION","Condition":"Fair","Cabling":"6","comment":null,"Date_Inspected":1769194567130,"Insp_By":"GM","Upgraded":null,"Priority":null,"DPS_Post":null,"ObjectID_1":173,"LocationVerified":"Yes","GlobalID":"52c2f392-2134-432c-9ef7-7a27d54a91ab","CreationDate":1746039435897,"Creator":"ZLowery_Paratum_Brown","EditDate":1769194579020,"Editor":"sjacks32_brownadmin"}},{"type":"Feature","id":156,"geometry":{"type":"Point","coordinates":[-71.3987896648903,41.8229816884471]},"properties":{"OBJECTID":156,"ID_Extensi":"8635067","Building":"200500","Exterior_Telephone_Location":"101 Power (corner Brook and Power)","Address":"Power/Thayer","BLUE_Strobe":"YES","Camera":"Yes on Stanchion","Wireless":"Yes","Type":"Coldblue IP","Configuration":"STANCHION","Condition":"Good","Cabling":"6a","comment":null,"Date_Inspected":1751568591752,"Insp_By":"GM","Upgraded":null,"Priority":null,"DPS_Post":null,"ObjectID_1":115,"LocationVerified":"Yes","GlobalID":"cff0a64d-74b4-4be2-a9aa-5a36af6c5836","CreationDate":1746039435897,"Creator":"ZLowery_Paratum_Brown","EditDate":1751568609194,"Editor":"lescalan_brownadmin"}},{"type":"Feature","id":157,"geometry":{"type":"Point","coordinates":[-71.4001225256955,41.8306310015087]},"properties":{"OBJECTID":157,"ID_Extensi":"8633931","Building":"200489","Exterior_Telephone_Location":"Lot#11 / Brook St","Address":null,"BLUE_Strobe":"YES","Camera":"No","Wireless":"No","Type":"R734","Configuration":"BOX ON POST/STANCHION","Condition":"Good","Cabling":"5","comment":null,"Date_Inspected":1750776602057,"Insp_By":"Carlos Rivera ","Upgraded":null,"Priority":null,"DPS_Post":null,"ObjectID_1":null,"LocationVerified":"Yes","GlobalID":"22298cc9-43e0-451b-af7e-2c95864d5a02","CreationDate":1746039435897,"Creator":"ZLowery_Paratum_Brown","EditDate":1750776627578,"Editor":"crivera1_brownadmin"}},{"type":"Feature","id":158,"geometry":{"type":"Point","coordinates":[-71.3994769587388,41.8300813946507]},"properties":{"OBJECTID":158,"ID_Extensi":"8637226","Building":"200492","Exterior_Telephone_Location":"Penbroke Fieldhouse ","Address":"171 Cushing","BLUE_Strobe":"YES","Camera":"Yes on Bldg","Wireless":"No","Type":"Coldblue IP","Configuration":"BOX IN WALL","Condition":"Good","Cabling":"6","comment":null,"Date_Inspected":1779111790691,"Insp_By":"Carlos Rivera","Upgraded":null,"Priority":null,"DPS_Post":null,"ObjectID_1":null,"LocationVerified":"Yes","GlobalID":"9116675a-3173-4516-8f0e-722401335c11","CreationDate":1746039435897,"Creator":"ZLowery_Paratum_Brown","EditDate":1779112419438,"Editor":"mraposa_brownadmin"}},{"type":"Feature","id":159,"geometry":{"type":"Point","coordinates":[-71.392270811396,41.8434642652537]},"properties":{"OBJECTID":159,"ID_Extensi":"8673742","Building":"200536","Exterior_Telephone_Location":"Marvel Field / 425 Elmgrove Ave","Address":"425 Elmgrove","BLUE_Strobe":"YES","Camera":"No","Wireless":"No","Type":"R734","Configuration":"BOX BUILDING","Condition":"Fair","Cabling":"Other","comment":"CAT-3","Date_Inspected":1769204139492,"Insp_By":"GM","Upgraded":null,"Priority":null,"DPS_Post":null,"ObjectID_1":null,"LocationVerified":"Yes","GlobalID":"2f0b108d-4486-4123-b916-f7c31ba140c9","CreationDate":1746039435897,"Creator":"ZLowery_Paratum_Brown","EditDate":1769204149171,"Editor":"sjacks32_brownadmin"}},{"type":"Feature","id":160,"geometry":{"type":"Point","coordinates":[-71.3928180642671,41.8427487608073]},"properties":{"OBJECTID":160,"ID_Extensi":"8673743","Building":"200432","Exterior_Telephone_Location":"Lot 88/Brown Stadium ","Address":"400 Elmgrove","BLUE_Strobe":"YES","Camera":"No","Wireless":"No","Type":"R734","Configuration":"BOX ON POST/STANCHION","Condition":"Fair","Cabling":"Other","comment":null,"Date_Inspected":1769204224910,"Insp_By":"GM","Upgraded":null,"Priority":null,"DPS_Post":null,"ObjectID_1":null,"LocationVerified":"Yes","GlobalID":"8c0e9411-afd7-4b0a-9a5f-f28adefdf38c","CreationDate":1746039435897,"Creator":"ZLowery_Paratum_Brown","EditDate":1769204243977,"Editor":"sjacks32_brownadmin"}},{"type":"Feature","id":161,"geometry":{"type":"Point","coordinates":[-71.402581830534,41.8253182652865]},"properties":{"OBJECTID":161,"ID_Extensi":"8636869","Building":null,"Exterior_Telephone_Location":"Corner of George St. and Brown St.","Address":"31 Brown","BLUE_Strobe":"YES","Camera":"Yes on Stanchion","Wireless":"Yes","Type":"Coldblue IP","Configuration":"STANCHION","Condition":"Good","Cabling":"6a","comment":"New","Date_Inspected":1769204301090,"Insp_By":"Michael Raposa","Upgraded":"3/2025","Priority":"N/A","DPS_Post":0,"ObjectID_1":null,"LocationVerified":"Yes","GlobalID":"2c31e39e-9ba3-4478-8a4b-e9c721c24141","CreationDate":1747423756434,"Creator":"ZLowery_Paratum_Brown","EditDate":1769204307790,"Editor":"sjacks32_brownadmin"}},{"type":"Feature","id":163,"geometry":{"type":"Point","coordinates":[-71.4017107997799,41.8281193792563]},"properties":{"OBJECTID":163,"ID_Extensi":"8639572","Building":null,"Exterior_Telephone_Location":"PAC Walkway Angell St","Address":null,"BLUE_Strobe":"YES","Camera":"Yes on Stanchion","Wireless":"Yes","Type":"Coldblue IP","Configuration":"STANCHION","Condition":"Good","Cabling":"6a","comment":null,"Date_Inspected":1751044382289,"Insp_By":"Adam OConnor","Upgraded":null,"Priority":null,"DPS_Post":null,"ObjectID_1":null,"LocationVerified":"Yes","GlobalID":"506ec7e8-903d-4fcf-aa3f-2584ac2f1d30","CreationDate":1750773842323,"Creator":"aoconn13_brownadmin","EditDate":1751044394081,"Editor":"aoconn13_brownadmin"}},{"type":"Feature","id":164,"geometry":{"type":"Point","coordinates":[-71.3990405054956,41.823940042137]},"properties":{"OBJECTID":164,"ID_Extensi":"8635834","Building":null,"Exterior_Telephone_Location":"250 Brook St (Chen Family Hall)","Address":null,"BLUE_Strobe":"YES","Camera":"Yes on Bldg","Wireless":"No","Type":"Coldblue IP","Configuration":"CODEBLUE CB2 WALL STANCHION","Condition":"Good","Cabling":"6a","comment":null,"Date_Inspected":1751983848660,"Insp_By":"GM","Upgraded":null,"Priority":null,"DPS_Post":null,"ObjectID_1":null,"LocationVerified":"Yes","GlobalID":"e8c32e20-01c8-4d55-97e8-2c648841d630","CreationDate":1750789179007,"Creator":"gmaclean_brownadmin","EditDate":1751983854802,"Editor":"ndacosta_brownadmin"}},{"type":"Feature","id":165,"geometry":{"type":"Point","coordinates":[-71.4089545079056,41.8190916054513]},"properties":{"OBJECTID":165,"ID_Extensi":"8678151","Building":null,"Exterior_Telephone_Location":"222 Richmond/Ship St","Address":null,"BLUE_Strobe":"YES","Camera":"Yes on Bldg","Wireless":"No","Type":"R734","Configuration":"PLW6,WALL UNIT","Condition":"Fair","Cabling":"6","comment":null,"Date_Inspected":1750864140837,"Insp_By":"Adam OConnor","Upgraded":null,"Priority":null,"DPS_Post":null,"ObjectID_1":null,"LocationVerified":"Yes","GlobalID":"606f1931-9fb6-46ed-bc2c-1f423cc9150d","CreationDate":1750864211911,"Creator":"aoconn13_brownadmin","EditDate":1750864211911,"Editor":"aoconn13_brownadmin"}},{"type":"Feature","id":166,"geometry":{"type":"Point","coordinates":[-71.3972439153516,41.8305563601036]},"properties":{"OBJECTID":166,"ID_Extensi":"8637174","Building":null,"Exterior_Telephone_Location":"OMAC Roof","Address":null,"BLUE_Strobe":"NO LIGHT","Camera":"No","Wireless":"No","Type":"Coldblue IP","Configuration":"BOX BUILDING","Condition":"Good","Cabling":"6a","comment":null,"Date_Inspected":1787927167820,"Insp_By":"Carlos Rivera","Upgraded":null,"Priority":null,"DPS_Post":null,"ObjectID_1":null,"LocationVerified":"Yes","GlobalID":"411e17f0-b5f8-49c6-bbb7-baf7af23aeda","CreationDate":1751044242009,"Creator":"crivera1_brownadmin","EditDate":1787927176306,"Editor":"tfey_brownadmin"}},{"type":"Feature","id":167,"geometry":{"type":"Point","coordinates":[-71.4017575903282,41.8301607484605]},"properties":{"OBJECTID":167,"ID_Extensi":"8639117","Building":null,"Exterior_Telephone_Location":"Champlain Emerg Basement","Address":"208 Meeting ","BLUE_Strobe":"YES","Camera":"No","Wireless":"Yes","Type":"Coldblue IP","Configuration":"BOX IN WALL","Condition":"Good","Cabling":"6","comment":null,"Date_Inspected":1787919904573,"Insp_By":"Carlos Rivera","Upgraded":null,"Priority":null,"DPS_Post":null,"ObjectID_1":null,"LocationVerified":"Yes","GlobalID":"9029cbbe-413c-4593-81ed-6e47a103bcfb","CreationDate":1751287597361,"Creator":"crivera1_brownadmin","EditDate":1787919914873,"Editor":"tfey_brownadmin"}},{"type":"Feature","id":170,"geometry":{"type":"Point","coordinates":[-71.4027589908844,41.8245205885843]},"properties":{"OBJECTID":170,"ID_Extensi":"8637182","Building":null,"Exterior_Telephone_Location":"Archibald","Address":null,"BLUE_Strobe":"YES","Camera":"Yes on Bldg","Wireless":"Yes","Type":"Coldblue IP","Configuration":"STANCHION","Condition":"Good","Cabling":"6","comment":null,"Date_Inspected":1769183166453,"Insp_By":"L. Escalante","Upgraded":null,"Priority":null,"DPS_Post":null,"ObjectID_1":null,"LocationVerified":"Yes","GlobalID":"732bf80d-4650-4736-b3e9-ba95cc9d75e0","CreationDate":1751295947185,"Creator":"lescalan_brownadmin","EditDate":1769183249542,"Editor":"aoconn13_brownadmin"}},{"type":"Feature","id":171,"geometry":{"type":"Point","coordinates":[-71.4023193859271,41.8297365138139]},"properties":{"OBJECTID":171,"ID_Extensi":"863-6660","Building":null,"Exterior_Telephone_Location":"Alumni North","Address":null,"BLUE_Strobe":"YES","Camera":"Yes on Stanchion","Wireless":"Yes","Type":"Coldblue IP","Configuration":"STANCHION","Condition":"Good","Cabling":"6","comment":null,"Date_Inspected":1768923300931,"Insp_By":null,"Upgraded":null,"Priority":null,"DPS_Post":null,"ObjectID_1":null,"LocationVerified":"Yes","GlobalID":"6988b312-16f8-4c94-b0a2-fdec090ebe7b","CreationDate":1768923346065,"Creator":"aoconn13_brownadmin","EditDate":1768923346065,"Editor":"aoconn13_brownadmin"}},{"type":"Feature","id":172,"geometry":{"type":"Point","coordinates":[-71.3999281999982,41.8250652165749]},"properties":{"OBJECTID":172,"ID_Extensi":"867-3972","Building":null,"Exterior_Telephone_Location":"Kassar Park / 151 Thayer Street","Address":null,"BLUE_Strobe":"YES","Camera":"Yes on Stanchion","Wireless":"Yes","Type":"Coldblue IP","Configuration":"STANCHION","Condition":"Good","Cabling":"6","comment":null,"Date_Inspected":1774362003139,"Insp_By":null,"Upgraded":null,"Priority":null,"DPS_Post":null,"ObjectID_1":null,"LocationVerified":"Yes","GlobalID":"05000ede-3eca-47e6-be8d-eec79072447b","CreationDate":1769180209938,"Creator":"aoconn13_brownadmin","EditDate":1774362015534,"Editor":"tfey_brownadmin"}}]}