{"type":"FeatureCollection","features":[{"type":"Feature","id":1,"geometry":{"type":"Polygon","coordinates":[[[-71.4028195081154,41.8264936157943],[-71.4028903758443,41.8264208769773],[-71.4028910377041,41.8264202076843],[-71.4028918378554,41.8264196294424],[-71.4028927534056,41.8264191566378],[-71.4028937602597,41.8264188027552],[-71.4028948307182,41.8264185767746],[-71.402895937086,41.8264184849749],[-71.4028970480605,41.826418530931],[-71.4028981335526,41.8264187119164],[-71.4028991646796,41.8264190234052],[-71.4029001149704,41.8264194581721],[-71.4029009555558,41.8264200026877],[-71.4029016659942,41.8264206425292],[-71.4029022270505,41.8264213614743],[-71.4029026219022,41.8264221397014],[-71.4029023464651,41.826425182616],[-71.4029020674535,41.8264282012184],[-71.4029017871347,41.8264312882455],[-71.4029013236421,41.8264345119694],[-71.4029010434267,41.8264375305708],[-71.4029006728281,41.8264406175216],[-71.4029003010257,41.8264437044713],[-71.4028999292232,41.8264467914211],[-71.4028995574208,41.8264498783709],[-71.402898908783,41.8264545433817],[-71.4028981673545,41.8264592767399],[-71.4028976100966,41.8264640102538],[-71.4028968686693,41.8264687427116],[-71.4028961284442,41.8264734760708],[-71.4028953871186,41.8264781410033],[-71.4028946469981,41.8264828050364],[-71.4028937227052,41.8264874698142],[-71.4028929812759,41.8264922031723],[-71.4028922398466,41.8264969365304],[-71.4028914996221,41.8265016689892],[-71.4028910360238,41.8265049620391],[-71.40289048115,41.8265081172598],[-71.4028899248643,41.8265114102313],[-71.4028894612672,41.8265147023808],[-71.4028888148048,41.8265179268502],[-71.4028884426912,41.826521219077],[-71.4028877963322,41.8265243751207],[-71.4028873327348,41.8265276672702],[-71.4028870543837,41.8265294515077],[-71.4028802998186,41.8265687564184],[-71.4028776356292,41.826571361549],[-71.4028746979633,41.8265725250048],[-71.4028674569882,41.8265688833116],[-71.4028571939801,41.8265624939273],[-71.402847021524,41.8265567222515],[-71.4028307139122,41.8265436049178],[-71.4028297066373,41.8265426434035],[-71.4028287907413,41.8265417512927],[-71.4028277832595,41.8265409266299],[-71.4028268675719,41.8265398967673],[-71.4028260434713,41.8265387985563],[-71.4028251276802,41.8265378371194],[-71.402824212096,41.8265367388311],[-71.4028234796875,41.8265355029458],[-71.4028226567907,41.8265344047358],[-71.4028219241739,41.8265333066023],[-71.402821284348,41.8265321401214],[-71.4028205519395,41.8265309042361],[-71.4028200034937,41.8265298062583],[-71.4028194552563,41.8265285705287],[-71.4028188142267,41.8265274040468],[-71.402818266508,41.8265258252884],[-71.402817627201,41.8265243157786],[-71.4028170781751,41.8265228054449],[-71.4028166219388,41.8265212276642],[-71.4028161658074,41.8265195805574],[-71.4028158021563,41.8265180703805],[-71.4028154375071,41.8265164242514],[-71.4028153485138,41.8265147774553],[-71.4028151667297,41.8265131990064],[-71.4028150777364,41.8265115522102],[-71.4028150800184,41.8265100432432],[-71.402815174511,41.826508053573],[-71.4028153614827,41.8265062017329],[-71.4028158231133,41.8265042123732],[-71.4028161920567,41.8265022229351],[-71.4028168376499,41.826500371483],[-71.4028175737312,41.8264983823556],[-71.4028183108078,41.8264965309809],[-71.4028191395764,41.8264945419318],[-71.4028195081154,41.8264936157943]]]},"properties":{"FID":1,"Layer":"C-GREENS-2","Shape_Leng":128.315446315,"Shape__Area":751.25495910644531,"Shape__Length":128.31068494565721,"GreenSpaceName":null}},{"type":"Feature","id":2,"geometry":{"type":"Polygon","coordinates":[[[-71.4028101322851,41.8264705051513],[-71.4028086287302,41.8264713628031],[-71.4028069533481,41.826472017733],[-71.4028051543154,41.8264724519751],[-71.4028032822077,41.8264726529675],[-71.4028013924063,41.8264726144545],[-71.4027995390777,41.8264723373824],[-71.4027977739687,41.8264718307984],[-71.4027961488194,41.8264711082513],[-71.4027947093401,41.8264701904876],[-71.4027934988244,41.8264691045543],[-71.4027925509303,41.8264678810911],[-71.4027918920869,41.8264665552339],[-71.402791542699,41.8264651657144],[-71.4027796083146,41.8263772311625],[-71.4028532846674,41.8263727035632],[-71.4028571280402,41.8263727950467],[-71.4028608948392,41.8263733753497],[-71.4028644731434,41.8263744272711],[-71.4028677594772,41.8263759210122],[-71.4028706576089,41.8263778123749],[-71.4028730809545,41.8263800454652],[-71.4028749597957,41.8263825553996],[-71.4028745520038,41.8263927288909],[-71.402871791231,41.8264026951153],[-71.402866760991,41.8264121516292],[-71.4028596133839,41.8264208131532],[-71.4028101322851,41.8264705051513]]]},"properties":{"FID":2,"Layer":"C-GREENS-2","Shape_Leng":103.841838447,"Shape__Area":631.71316528320313,"Shape__Length":103.80604854318705,"GreenSpaceName":null}},{"type":"Feature","id":3,"geometry":{"type":"Polygon","coordinates":[[[-71.4032760737751,41.8290619316755],[-71.403263042251,41.8290695249656],[-71.4032434339258,41.8290790772545],[-71.4032456804839,41.829096464694],[-71.4032640675233,41.8290953448522],[-71.4032640011522,41.8290930543337],[-71.4032643873765,41.8290907813028],[-71.4032652152864,41.8290885761693],[-71.4032664679596,41.8290864848363],[-71.4032681176374,41.8290845549982],[-71.4032701293492,41.8290828271409],[-71.4032786094173,41.8290808067179],[-71.4032842829534,41.8290799300629],[-71.4032853860627,41.8290796338798],[-71.4032865383209,41.8290794745896],[-71.4032877096296,41.8290794548679],[-71.4032888698915,41.8290795764902],[-71.403289989019,41.8290798349294],[-71.403291038128,41.8290802256594],[-71.4032919907532,41.8290807369537],[-71.4032928204316,41.8290813552848],[-71.4032935067206,41.8290820662301],[-71.4032940315949,41.8290828490666],[-71.4032943818397,41.8290836857764],[-71.4033009653137,41.8291092870576],[-71.4033180652445,41.8292139550611],[-71.4033188594925,41.8292189210994],[-71.4033122947508,41.8292192595035],[-71.4033095679687,41.8292194003622],[-71.4033095051911,41.8292187205534],[-71.403299508194,41.8292192370358],[-71.4032995697677,41.8292199168436],[-71.4032968441894,41.8292200577031],[-71.4032967814119,41.8292193778942],[-71.4032822397791,41.8292201282387],[-71.4032819255364,41.829220164888],[-71.4032816256781,41.8292202420647],[-71.4032813474309,41.8292203570738],[-71.4032811004306,41.8292205063221],[-71.4032808919052,41.8292206862143],[-71.4032807278846,41.8292208895529],[-71.4032806143957,41.8292211109407],[-71.4032805538556,41.8292213440776],[-71.4032805474789,41.8292215817617],[-71.4032811420841,41.8292280223875],[-71.4032845822623,41.829228179242],[-71.4032879472071,41.8292287339828],[-71.4032911562841,41.8292296739375],[-71.4032941300789,41.8292309756303],[-71.4032967976158,41.8292326074897],[-71.4032990927465,41.829234529845],[-71.4032986722501,41.8292299800778],[-71.4032977633226,41.8292300270306],[-71.4032975749901,41.8292279876042],[-71.4033003017726,41.8292278467457],[-71.4033003645501,41.8292285265546],[-71.4033103615473,41.8292280109724],[-71.4033102987697,41.8292273311636],[-71.4033130255521,41.8292271903048],[-71.4033188018564,41.8292268251273],[-71.4033249611449,41.8292607451821],[-71.403311458088,41.8292624822756],[-71.4033126548039,41.8292759802652],[-71.4033174648224,41.829288984309],[-71.4033179965596,41.8292900075416],[-71.4033167525053,41.8292903693312],[-71.4033177858263,41.8293020557011],[-71.4033213757817,41.8293018777544],[-71.4033325055447,41.8293093689383],[-71.403339114632,41.8293555798983],[-71.4033443859278,41.8293884476081],[-71.4033481404577,41.8294101102227],[-71.403334726114,41.829412871079],[-71.4033388453729,41.8294305436983],[-71.4033362375901,41.829434796506],[-71.4033331495176,41.8294398349054],[-71.4033292915408,41.8294461277294],[-71.4033254033926,41.8294524709468],[-71.4033216418499,41.8294586756184],[-71.4033175044649,41.8294650528387],[-71.4033133672863,41.8294712923071],[-71.4033094130825,41.8294775319294],[-71.4033054598745,41.8294839093042],[-71.4033007693971,41.8294914519972],[-71.4032959884286,41.8294991314655],[-71.4032914820254,41.8295067427388],[-71.4032867925411,41.829514423184],[-71.4032821945449,41.8295221028056],[-71.4032775965464,41.8295297833274],[-71.4032730902419,41.8295373261743],[-71.4032684922424,41.8295450057954],[-71.4032638027526,41.8295526862396],[-71.403259113469,41.8295602289318],[-71.4032544240814,41.8295678400495],[-71.4032515731248,41.8295720908497],[-71.403248907447,41.829576411132],[-71.403246148974,41.8295807997618],[-71.403243390708,41.8295850506399],[-71.40324053975,41.8295893014398],[-71.403237598403,41.8295936214896],[-71.4032348401359,41.8295978723674],[-71.4032319902761,41.8296021924941],[-71.4032292320069,41.8296064442722],[-71.4032264737388,41.8296106951498],[-71.4032236238778,41.8296150152763],[-71.4031692727971,41.8295853996406],[-71.4030660057457,41.829533449418],[-71.403062141793,41.8295317130048],[-71.403069359195,41.8295152996131],[-71.4030678458569,41.8295050416743],[-71.4030648338014,41.8295003699746],[-71.4030538034968,41.8295035523677],[-71.403049550512,41.8294955726752],[-71.4030435305684,41.8294882568416],[-71.4030359190921,41.8294818219964],[-71.4030269457169,41.8294764601055],[-71.403016875037,41.8294723298516],[-71.4030060042036,41.8294695530309],[-71.4029946593161,41.8294682136503],[-71.4029915039312,41.8294683829504],[-71.402986519468,41.8294688991368],[-71.4029827208005,41.8294454538021],[-71.4029698571549,41.8293704960172],[-71.4029687811324,41.8293512557639],[-71.4029681964396,41.8293414595816],[-71.4029696412539,41.8293317137318],[-71.4029730791087,41.8293222513716],[-71.4029784302108,41.8293132993187],[-71.4029855630237,41.8293050717427],[-71.4029801275472,41.8292383556315],[-71.4029720884319,41.8291404603796],[-71.4029735909024,41.8291403608107],[-71.402973529214,41.8291397593321],[-71.4029736616489,41.8291397468392],[-71.402975926288,41.8291395317703],[-71.4029756200675,41.8291358500253],[-71.4029727660067,41.8291014987795],[-71.4029714486363,41.8290738833676],[-71.4029837556628,41.829068587164],[-71.4030628989897,41.8290633005626],[-71.4031373669598,41.8290587194316],[-71.4032754338898,41.8290535849936],[-71.4032760737751,41.8290619316755]]]},"properties":{"FID":3,"Layer":"C-GREENS-2","Shape_Leng":596.468021016,"Shape__Area":16225.232139587402,"Shape__Length":596.40778924999472,"GreenSpaceName":"Pembroke Park"}},{"type":"Feature","id":4,"geometry":{"type":"Polygon","coordinates":[[[-71.4033544927974,41.8296334428529],[-71.4033534837113,41.8296336481815],[-71.4033522902395,41.8296339902065],[-71.4032733949053,41.8296396175435],[-71.403249322808,41.8296051575047],[-71.4033543124915,41.8294395799099],[-71.4033561041097,41.8294481301361],[-71.4033584263032,41.8294576774839],[-71.4033603379167,41.8294672839085],[-71.403362433813,41.8294768220624],[-71.4033642538369,41.8294864968357],[-71.403366165555,41.8294960348346],[-71.4033680772736,41.8295055728334],[-71.4033699899908,41.8295152476845],[-71.4033717175311,41.8295247855283],[-71.4033734462756,41.829534323373],[-71.4033751748149,41.8295439980691],[-71.4033763578657,41.8295505850439],[-71.4033773567371,41.8295571718638],[-71.4033784470953,41.8295637596609],[-71.4033794457613,41.8295704833321],[-71.4033804458371,41.8295770701529],[-71.4033814447079,41.8295836578731],[-71.4033824435804,41.8295902446928],[-71.403383350965,41.8295968314357],[-71.4033843497336,41.8296034875814],[-71.4033853486066,41.8296100744011],[-71.4033864401716,41.8296166612988],[-71.4033853373626,41.8296175526072],[-71.4033843272467,41.8296184430932],[-71.4033833170265,41.8296194029052],[-71.4033823069091,41.8296202942915],[-71.4033813882811,41.8296211848544],[-71.4033803780608,41.8296221446664],[-71.4033793667396,41.8296230360517],[-71.4033781736475,41.8296239263837],[-71.4033771637371,41.8296246800183],[-71.4033759696456,41.8296254343983],[-71.4033747755553,41.8296261878779],[-71.4033739502377,41.8296266670644],[-71.403373032124,41.8296272154989],[-71.4033721142174,41.8296276261816],[-71.4033712876959,41.8296281053671],[-71.4033703699951,41.8296283791985],[-71.4033693604962,41.8296288591303],[-71.4033684425896,41.829629269813],[-71.4033676162739,41.8296296121471],[-71.4033666068792,41.8296300227528],[-71.4033656890754,41.8296303650099],[-71.4033646785798,41.829630707189],[-71.403363669288,41.829631049369],[-71.4033624770201,41.8296313913952],[-71.4033614666274,41.8296316651485],[-71.4033602743595,41.8296320071746],[-71.4033590808877,41.8296323491997],[-71.403358071803,41.8296325536281],[-71.4033568783313,41.8296328956531],[-71.4033556862692,41.8296331008278],[-71.4033544927974,41.8296334428529]]]},"properties":{"FID":4,"Layer":"C-GREENS-2","Shape_Leng":179.206210051,"Shape__Area":1496.326416015625,"Shape__Length":179.20621004562622,"GreenSpaceName":null}},{"type":"Feature","id":6,"geometry":{"type":"Polygon","coordinates":[[[-71.4007519232353,41.8270895608556],[-71.4007533469276,41.82709445543],[-71.40075361606,41.8270994597487],[-71.4007527212347,41.8271044234469],[-71.4007603704867,41.827105553679],[-71.4007681582892,41.8271058269072],[-71.4007759149252,41.8271052357822],[-71.4007834694394,41.827103795462],[-71.400790656873,41.8271015355155],[-71.4007885575253,41.8270968690442],[-71.4007873877435,41.8270920242081],[-71.4007871738513,41.8270871036687],[-71.400788707131,41.8270865116694],[-71.4007894505948,41.827087582815],[-71.4007946544775,41.8270851798018],[-71.4007993764376,41.8270822721822],[-71.4008035261137,41.8270789120978],[-71.4008243829031,41.8270776606281],[-71.4008212606436,41.8270509790763],[-71.4008562004107,41.8270486899634],[-71.4008889239083,41.8270465150714],[-71.4009050243113,41.8271782188989],[-71.4008450554446,41.8271841174933],[-71.4007728107984,41.8271907761435],[-71.4007136118377,41.8271961981545],[-71.4006702925296,41.8272001618124],[-71.4006673104905,41.8272003951227],[-71.4006643157515,41.8272002781899],[-71.4006613829407,41.8271998137796],[-71.4006585818586,41.8271990127563],[-71.4006559822904,41.827197895888],[-71.4006387191541,41.8270633513501],[-71.4007100866452,41.8270587042843],[-71.4007135451272,41.8270851115262],[-71.4007343117398,41.8270837951705],[-71.400739129817,41.8270864625378],[-71.4007443735804,41.827088635086],[-71.4007499516011,41.8270902767225],[-71.4007505285737,41.8270892517345],[-71.4007519232353,41.8270895608556]]]},"properties":{"FID":6,"Layer":"C-GREENS-2","Shape_Leng":267.986856,"Shape__Area":2983.4257507324219,"Shape__Length":267.95396840301891,"GreenSpaceName":null}},{"type":"Feature","id":7,"geometry":{"type":"Polygon","coordinates":[[[-71.4010090487794,41.826486384252],[-71.4009815726781,41.8265057223712],[-71.4009503210734,41.826521531499],[-71.4009160962791,41.8265334062714],[-71.4008797726794,41.8265410426752],[-71.4008781864961,41.8265408238746],[-71.4008766740452,41.826540407513],[-71.4008752774374,41.8265398066818],[-71.4008740375744,41.8265390376223],[-71.4008729881261,41.8265381228722],[-71.4008721603477,41.8265370894685],[-71.4008715770659,41.8265359662419],[-71.4008627943401,41.8264674860462],[-71.4008643212225,41.8264585460927],[-71.4008672657931,41.8264498054373],[-71.4008715857237,41.8264413918916],[-71.4008719720686,41.8264406458436],[-71.400872517217,41.8264399575544],[-71.400873206695,41.8264393459185],[-71.4008740212178,41.8264388271255],[-71.4008749390947,41.8264384164624],[-71.4008759338284,41.8264381238101],[-71.4008769801267,41.8264379581502],[-71.4008780490931,41.8264379239593],[-71.4008791106343,41.8264380212117],[-71.4008801358637,41.8264382480815],[-71.4008810983076,41.826438599144],[-71.4008819690943,41.8264390626699],[-71.4008827265736,41.8264396278363],[-71.4009099151549,41.8264529673135],[-71.4009393304194,41.8264633339828],[-71.4009703936835,41.8264705238671],[-71.4010024960715,41.8264743959871],[-71.4010041340715,41.8264745774667],[-71.4010057067484,41.8264749677686],[-71.4010071671774,41.8264755533475],[-71.4010084708454,41.8264763179588],[-71.4010095792691,41.8264772381606],[-71.4010104599881,41.826478287815],[-71.4010110865701,41.8264794344871],[-71.4010114410105,41.8264806448488],[-71.4010115125312,41.8264818828771],[-71.4010112975792,41.8264831107549],[-71.4010108046333,41.8264842942765],[-71.4010100481965,41.8264853956402],[-71.4010090487794,41.826486384252]]]},"properties":{"FID":7,"Layer":"C-GREENS-2","Shape_Leng":124.332894676,"Shape__Area":877.95216369628906,"Shape__Length":124.23835603305156,"GreenSpaceName":null}},{"type":"Feature","id":8,"geometry":{"type":"Polygon","coordinates":[[[-71.4008995554861,41.8265718446002],[-71.4008977925921,41.8265574205418],[-71.4009367025523,41.8265477466437],[-71.4009732380592,41.8265338264853],[-71.4010065788807,41.8265159744808],[-71.4010247785972,41.8265062863047],[-71.4010445234242,41.8264984712625],[-71.4010654700901,41.826492665009],[-71.4010872549147,41.8264889680684],[-71.4010899156651,41.8265105406922],[-71.401086353533,41.8265107266963],[-71.4010833401666,41.826511001406],[-71.4010827802499,41.8265111188683],[-71.4010822563358,41.8265113074885],[-71.4010817852846,41.8265115618789],[-71.4010813791476,41.8265118730466],[-71.4010810511797,41.8265122319997],[-71.4010808122298,41.8265126288436],[-71.4010806683371,41.8265130500786],[-71.4010806243362,41.8265134831039],[-71.4010806826524,41.8265139162174],[-71.4010808287856,41.8265143854201],[-71.4010810748673,41.8265148294994],[-71.401081417303,41.826515237648],[-71.4010818440747,41.826515597251],[-71.4010823455651,41.8265159001969],[-71.4010829061409,41.8265161365685],[-71.4010835101619,41.8265163009504],[-71.4010841431915,41.8265163879281],[-71.4010847871768,41.8265163956854],[-71.4010849677615,41.8265163796348],[-71.4010851435672,41.8265163401712],[-71.4010853073676,41.8265162799895],[-71.4010854543462,41.8265161999859],[-71.4010855820927,41.8265161019589],[-71.4010856845831,41.8265159895047],[-71.4010857618118,41.8265158662247],[-71.401085808961,41.8265157339154],[-71.4010858260225,41.8265155979788],[-71.401085811787,41.8265154620153],[-71.4010855887688,41.8265148928087],[-71.4010857418367,41.826514766893],[-71.4010858636339,41.8265146238439],[-71.4010859529498,41.8265144681621],[-71.4010860037615,41.8265143025434],[-71.4010860184668,41.8265141332922],[-71.4010859946527,41.8265139640079],[-71.4010859323095,41.8265138009928],[-71.4010860538891,41.8265137992968],[-71.4010861742429,41.8265138120052],[-71.4010862897567,41.8265138409155],[-71.4010863968223,41.826513884224],[-71.4010864930349,41.8265139401279],[-71.4010870818766,41.8265145816766],[-71.4010875249699,41.8265152861236],[-71.4010878127152,41.8265160336531],[-71.4010888170072,41.8265243905684],[-71.401088825243,41.8265252963169],[-71.4010886348796,41.8265261910904],[-71.4010882495659,41.8265270505828],[-71.4010876801726,41.8265278504943],[-71.4010869435853,41.8265285692313],[-71.401086057889,41.8265291879022],[-71.4010850483886,41.8265296894223],[-71.4010839427919,41.8265300594102],[-71.4010827712061,41.8265302888882],[-71.4010861560686,41.8265584661253],[-71.4010437862711,41.826561313421],[-71.4010439596491,41.8265620689551],[-71.4009646661894,41.826567468382],[-71.4008995554861,41.8265718446002]]]},"properties":{"FID":8,"Layer":"C-GREENS-2","Shape_Leng":145.811607123,"Shape__Area":793.04505920410156,"Shape__Length":145.75318665716432,"GreenSpaceName":null}},{"type":"Feature","id":9,"geometry":{"type":"Polygon","coordinates":[[[-71.4013410748306,41.8264750726235],[-71.4013430560746,41.8264751373489],[-71.4013449935987,41.8264754532313],[-71.4013468308385,41.8264760130197],[-71.4013485124489,41.8264767995599],[-71.4013499903179,41.8264777885014],[-71.4013512199488,41.826478952796],[-71.4013520042422,41.8264800887976],[-71.4013525440594,41.8264813020184],[-71.4013528249999,41.8264825636352],[-71.4013528422971,41.8264838421321],[-71.4013525947942,41.8264851068965],[-71.4013520873518,41.8264863282214],[-71.4013513332578,41.8264874755066],[-71.4013444246519,41.8264963514223],[-71.4013357142894,41.8265042912376],[-71.4013254239677,41.8265110925664],[-71.4013138175723,41.8265165809689],[-71.4013011902335,41.8265206162456],[-71.4012878647096,41.8265230960347],[-71.4011280497789,41.8265341074941],[-71.4011272308896,41.8265272939207],[-71.401126023652,41.8265272244558],[-71.4011248467336,41.8265270082616],[-71.4011237350368,41.8265266489696],[-71.4011227162297,41.826526158308],[-71.4011218203847,41.8265255498078],[-71.4011210703505,41.826524837894],[-71.4011204865574,41.8265240441924],[-71.4011200858257,41.8265231894253],[-71.4011198777492,41.8265222970098],[-71.4011197672042,41.8265213857711],[-71.4011188734533,41.8265139400949],[-71.4011189733257,41.826513182095],[-71.401119236871,41.8265124467445],[-71.4011196556339,41.8265117529433],[-71.4011197038787,41.8265116908614],[-71.4011197641512,41.8265116350922],[-71.4011198352447,41.8265115874354],[-71.4011199159557,41.82651154789],[-71.4011200038724,41.8265115191548],[-71.4011200965888,41.8265115003275],[-71.4011201916947,41.8265114932066],[-71.4011201697671,41.8265116624516],[-71.4011201863603,41.8265118308293],[-71.4011202402747,41.8265119956379],[-71.4011203315186,41.8265121514751],[-71.4011204552855,41.8265122929349],[-71.4011206103756,41.8265124173153],[-71.4011207907774,41.8265125201093],[-71.4011207068112,41.8265131106597],[-71.4011207258617,41.8265132466273],[-71.4011207738087,41.8265133781182],[-71.4011208518628,41.8265135006315],[-71.4011209576194,41.8265136123646],[-71.4011210850654,41.826513709711],[-71.4011212342061,41.8265137890693],[-71.4011213978236,41.8265138477321],[-71.4011215735102,41.8265138856976],[-71.4011217552515,41.8265139002595],[-71.4011219370274,41.8265138923129],[-71.4011225679267,41.8265137992207],[-71.4011231700556,41.8265136286745],[-71.4011237265522,41.8265133869622],[-71.4011242217596,41.8265130794723],[-71.4011246424242,41.8265127142966],[-71.4011249776946,41.82651230313],[-71.4011252167205,41.8265118567674],[-71.4011253534666,41.8265113860076],[-71.4011253855034,41.8265109052539],[-71.4011253487889,41.826510514475],[-71.4011252302068,41.826510132629],[-71.4011250345583,41.8265097687234],[-71.4011247642354,41.8265094326641],[-71.4011244264482,41.8265091325603],[-71.4011240308154,41.826508875623],[-71.4011235869571,41.8265086681629],[-71.4011231032912,41.8265085155892],[-71.4011225954621,41.8265084206165],[-71.4011220730939,41.8265083868543],[-71.4011190418906,41.826508519296],[-71.4011154952382,41.8265088151557],[-71.4011133520931,41.8264880190707],[-71.4011734743248,41.8264844937621],[-71.4012278292197,41.826481130026],[-71.401266097814,41.8264790831406],[-71.4012677419164,41.8264925302232],[-71.4013109845351,41.8264895719527],[-71.4013094188856,41.8264767659798],[-71.4013410748306,41.8264750726235]]]},"properties":{"FID":9,"Layer":"C-GREENS-2","Shape_Leng":167.685685672,"Shape__Area":937.33467102050781,"Shape__Length":167.64571990693696,"GreenSpaceName":null}},{"type":"Feature","id":10,"geometry":{"type":"Polygon","coordinates":[[[-71.402229733039,41.8299180002215],[-71.4021904085394,41.8299117192925],[-71.4021843515244,41.829910606718],[-71.4021785228588,41.829908947832],[-71.4021784594818,41.8299070876778],[-71.4021791234485,41.8299034814855],[-71.4021792505939,41.8299029909091],[-71.4021794884515,41.829902524736],[-71.4021798285768,41.8299020946637],[-71.4021802625214,41.8299017150902],[-71.4021860593742,41.8298973848945],[-71.4021864745281,41.8298966964887],[-71.4021867236227,41.8298959656256],[-71.4021868018114,41.8298952130089],[-71.4021867054484,41.8298944611438],[-71.4021864369057,41.8298937334413],[-71.4021860045771,41.8298930515166],[-71.4021854228779,41.8298924351895],[-71.4021847062262,41.8298919024789],[-71.4021838786719,41.8298914705118],[-71.4021829642717,41.8298911519136],[-71.4021819894954,41.8298909557099],[-71.4021809844296,41.8298908873287],[-71.4021799791637,41.8298909503967],[-71.4021790025943,41.8298911413373],[-71.4021780848229,41.8298914556743],[-71.4021772763132,41.8298919564746],[-71.4021765808258,41.8298925456043],[-71.4021760176448,41.8298932077742],[-71.4021755988315,41.8298939276886],[-71.4021753340436,41.8298946873492],[-71.4021752317351,41.8298954687563],[-71.4021752919347,41.8298962530027],[-71.4021752483641,41.8298971974212],[-71.4021750206347,41.8298981272773],[-71.4021746172034,41.829899022771],[-71.402174042914,41.8298998649991],[-71.4021694424021,41.82990434747],[-71.4021631920179,41.8298997828304],[-71.4021579791355,41.8298945402185],[-71.4021539323622,41.8298887502932],[-71.4021511525985,41.8298825562946],[-71.4021497094297,41.8298761122399],[-71.4021486756102,41.8298672583266],[-71.402310241352,41.8298557193457],[-71.4023019904005,41.8297924698205],[-71.4022755473838,41.8297943605477],[-71.4022662456014,41.8297215881405],[-71.402279638052,41.8297206307696],[-71.4022796678004,41.8297208585806],[-71.402287581193,41.8297202926967],[-71.4022892847127,41.8297201924074],[-71.402290817279,41.8297201018765],[-71.4022939660499,41.8297203332409],[-71.4022970251721,41.8297209381696],[-71.4022999152174,41.8297219021897],[-71.402302561589,41.8297232000283],[-71.4023048957229,41.829724797414],[-71.4023068586934,41.8297266546821],[-71.4023083976091,41.8297287222687],[-71.4023094752317,41.8297309479228],[-71.4023100615554,41.8297332730966],[-71.402324550829,41.8298367406649],[-71.4023308876411,41.8298921565122],[-71.4023307846959,41.8298989017639],[-71.4023296754535,41.8299055966413],[-71.4023286225189,41.8299093015411],[-71.4023268006191,41.8299128347226],[-71.4023242532248,41.8299161079895],[-71.4023210466691,41.8299190394674],[-71.4023172617199,41.8299215544969],[-71.4023129911653,41.8299235901329],[-71.4023052065272,41.8299249655327],[-71.4022972342426,41.8299254530382],[-71.402289253694,41.829925041998],[-71.4022541627826,41.8299212370225],[-71.402229733039,41.8299180002215]]]},"properties":{"FID":10,"Layer":"C-GREENS-2","Shape_Leng":254.255255468,"Shape__Area":1372.3280563354492,"Shape__Length":254.20541907445548,"GreenSpaceName":null}},{"type":"Feature","id":11,"geometry":{"type":"Polygon","coordinates":[[[-71.4019616865474,41.8300730811271],[-71.4020160086502,41.8300331893432],[-71.4020726411589,41.8299914655127],[-71.4020741842647,41.8299899929734],[-71.4020760304074,41.8299887304713],[-71.402078130178,41.8299877130776],[-71.4020804245506,41.8299869668518],[-71.4020828520972,41.82998651425],[-71.4020853453875,41.829986366919],[-71.4020878382073,41.8299865284039],[-71.4020902607432,41.8299869941433],[-71.402092548008,41.8299877523775],[-71.4020946374374,41.8299887814451],[-71.4020964712901,41.8299900542866],[-71.4020980002656,41.8299915348466],[-71.402108327292,41.8300747376634],[-71.4021147580831,41.8301315725345],[-71.4020321648273,41.8301003071821],[-71.4019616865474,41.8300730811271]]]},"properties":{"FID":11,"Layer":"C-GREENS-2","Shape_Leng":148.687144707,"Shape__Area":1132.3973236083984,"Shape__Length":148.67775728459745,"GreenSpaceName":null}},{"type":"Feature","id":12,"geometry":{"type":"Polygon","coordinates":[[[-71.4026407192555,41.8303451981586],[-71.4026397117934,41.8303371725845],[-71.4026384045542,41.8303307556618],[-71.4026357631443,41.830324573497],[-71.4026318523374,41.8303187792026],[-71.4026267706274,41.8303135169161],[-71.4026206454168,41.8303089190952],[-71.4026136282115,41.8303051002112],[-71.4026058946233,41.8303021549484],[-71.4025976371498,41.8303001563973],[-71.402589062767,41.8302991560527],[-71.4025803845119,41.830299177504],[-71.4025531184503,41.8303014943575],[-71.4025467602759,41.8303012845867],[-71.4025405332892,41.8303002988346],[-71.4025346071872,41.8302985633553],[-71.4025291395956,41.8302961260004],[-71.4025242808903,41.8302930526223],[-71.4025201597551,41.8302894243609],[-71.4025168891959,41.8302853412497],[-71.4025145569247,41.8302809123042],[-71.4025132253576,41.8302762573226],[-71.4025080607944,41.8302280217861],[-71.4025078427552,41.8302257410427],[-71.4025081291018,41.8302234652291],[-71.4025089137222,41.830221255563],[-71.4025101748552,41.8302191732492],[-71.4025118775056,41.8302172740788],[-71.4025139746448,41.830215611132],[-71.4025164096257,41.8302142293776],[-71.4025191161819,41.8302131665736],[-71.4025220196328,41.8302124523678],[-71.4025250417041,41.8302121047004],[-71.4025280981118,41.8302121352044],[-71.4026197210492,41.8302063508071],[-71.4026214018215,41.8302196799483],[-71.4026331220907,41.8302188534685],[-71.4026473813512,41.8303323271586],[-71.4026489168345,41.830344622587],[-71.4026407192555,41.8303451981586]]]},"properties":{"FID":12,"Layer":"C-GREENS-2","Shape_Leng":157.952532686,"Shape__Area":1175.0428237915039,"Shape__Length":157.89979436720765,"GreenSpaceName":null}},{"type":"Feature","id":13,"geometry":{"type":"Polygon","coordinates":[[[-71.4023608934802,41.8303524235577],[-71.4023550489534,41.8303049293163],[-71.4023773902444,41.8303034159285],[-71.4023672376482,41.8302240010129],[-71.4024532853573,41.8302177204246],[-71.4024562478033,41.830217794067],[-71.4024591518983,41.8302182422008],[-71.4024619121943,41.8302190503479],[-71.4024644504771,41.8302201968339],[-71.4024666921631,41.8302216473825],[-71.4024685747175,41.8302233605251],[-71.4024700416367,41.8302252866951],[-71.4024710520736,41.8302273718375],[-71.402471577231,41.8302295538045],[-71.4024779915879,41.8302799890312],[-71.4024776678058,41.8302847209374],[-71.4024762812289,41.8302893448009],[-71.4024738741923,41.8302937274076],[-71.4024705142974,41.830297744568],[-71.4024662980245,41.8303012802202],[-71.4024613447003,41.8303042354282],[-71.4024557977101,41.8303065229807],[-71.4024498136452,41.8303080790867],[-71.4024435647166,41.8303088597756],[-71.4024222335455,41.8303102885022],[-71.4024134664254,41.8303109590097],[-71.4024049541424,41.8303126651227],[-71.4023969146501,41.8303153638103],[-71.4023895514962,41.8303189859193],[-71.4023830550208,41.8303234397771],[-71.40237759032,41.8303286102809],[-71.4023732972333,41.8303343670003],[-71.4023702843302,41.8303405605717],[-71.4023686300964,41.8303470344027],[-71.4023683757133,41.8303536228663],[-71.4023695286598,41.8303601576053],[-71.4023699438447,41.8303642031806],[-71.4023624373207,41.8303647289007],[-71.4023608934802,41.8303524235577]]]},"properties":{"FID":13,"Layer":"C-GREENS-2","Shape_Leng":157.749682221,"Shape__Area":1000.6071548461914,"Shape__Length":157.69402767625652,"GreenSpaceName":null}},{"type":"Feature","id":14,"geometry":{"type":"Polygon","coordinates":[[[-71.4023597341792,41.829990411613],[-71.4023605429612,41.829988939346],[-71.4023616489085,41.8299875807743],[-71.4023630278959,41.8299863682895],[-71.4023646425578,41.8299853333718],[-71.4023664543373,41.8299844993973],[-71.4023684198634,41.8299838888374],[-71.402370487351,41.8299835160536],[-71.4023726086333,41.8299833909087],[-71.4023746319155,41.8299835898025],[-71.4023765898413,41.8299840200278],[-71.4023784342724,41.8299846725403],[-71.402380121898,41.8299855301968],[-71.4023816118194,41.8299865731551],[-71.4023828667569,41.829987776174],[-71.4023838578634,41.8299891104182],[-71.4023845611121,41.829990543455],[-71.4023849584994,41.8299920401559],[-71.402393384148,41.8299910731489],[-71.4024019056505,41.8299911947325],[-71.4024102762332,41.8299924019959],[-71.4024182479691,41.829994658715],[-71.4024255886255,41.829997898968],[-71.4024320828666,41.8300020280365],[-71.4024375406758,41.8300069251137],[-71.4024418009615,41.8300124469092],[-71.4024447399786,41.8300184312569],[-71.4024462725236,41.8300247025186],[-71.4024659768588,41.8301813629127],[-71.4024663126064,41.8301838166213],[-71.4024660777404,41.8301862779483],[-71.4024652795983,41.8301886712717],[-71.4024639411589,41.8301909263845],[-71.402462104659,41.8301929748968],[-71.4024598231574,41.8301947565308],[-71.4024571653526,41.8301962173246],[-71.4024542095575,41.8301973141284],[-71.4024510473126,41.8301980128071],[-71.4024477701358,41.8301982945311],[-71.4023771094463,41.8302014090964],[-71.4023759585911,41.8302014225238],[-71.4023748187753,41.8302013009097],[-71.4023737176821,41.8302010469787],[-71.402372684192,41.830200667958],[-71.4023717423672,41.8302001728715],[-71.4023709150621,41.830199573443],[-71.402370223922,41.8301988849967],[-71.4023696857753,41.830198123753],[-71.4023693126314,41.8301973086292],[-71.4023691152929,41.8301964603422],[-71.4023494968321,41.8300333490767],[-71.402349175314,41.8300223277548],[-71.4023507978323,41.8300113711092],[-71.4023543388163,41.83000066999],[-71.4023597341792,41.829990411613]]]},"properties":{"FID":14,"Layer":"C-GREENS-2","Shape_Leng":197.443365012,"Shape__Area":1986.8436965942383,"Shape__Length":197.37889659868733,"GreenSpaceName":null}},{"type":"Feature","id":15,"geometry":{"type":"Polygon","coordinates":[[[-71.4025179872423,41.829986872637],[-71.4025254640789,41.8299852547704],[-71.4025331899309,41.8299845428555],[-71.4025409685498,41.8299847565333],[-71.4025486037266,41.8299858893349],[-71.4025559016941,41.8299879122852],[-71.4025616926831,41.8299906128122],[-71.4025668217793,41.829993978128],[-71.4025711554938,41.8299979207865],[-71.4025745784217,41.8300023353503],[-71.4025770004516,41.8300071074],[-71.4025783579758,41.8300121090337],[-71.4025997407858,41.830187791388],[-71.4025210005171,41.8301930753099],[-71.4025178061854,41.8301927070616],[-71.4025147400603,41.8301919409722],[-71.4025118899852,41.8301907996247],[-71.4025093377693,41.8301893155008],[-71.4025071567803,41.8301875309788],[-71.4025054095379,41.8301854974311],[-71.4025041441067,41.83018327252],[-71.4025033989112,41.8301809202023],[-71.402503194315,41.8301785071205],[-71.4024854423972,41.8300250553973],[-71.4024853986557,41.8300189762718],[-71.4024866789776,41.8300129729985],[-71.4024892518191,41.8300072067112],[-71.4024930459237,41.8300018304069],[-71.4024979599523,41.829996988954],[-71.4025038649032,41.8299928109914],[-71.4025106005005,41.8299894089252],[-71.4025179872423,41.829986872637]]]},"properties":{"FID":15,"Layer":"C-GREENS-2","Shape_Leng":189.425346649,"Shape__Area":1867.4426879882813,"Shape__Length":189.37235776649629,"GreenSpaceName":null}},{"type":"Feature","id":16,"geometry":{"type":"Polygon","coordinates":[[[-71.4018769053383,41.8283214396598],[-71.4018406750966,41.8283248993212],[-71.4018281273642,41.8282514020142],[-71.4018641516926,41.828247961088],[-71.4018769053383,41.8283214396598]]]},"properties":{"FID":16,"Layer":"C-GREENS-2","Shape_Leng":73.852841691,"Shape__Area":268.01187133789063,"Shape__Length":73.85284169665664,"GreenSpaceName":null}},{"type":"Feature","id":17,"geometry":{"type":"Polygon","coordinates":[[[-71.4018388559389,41.8283250733328],[-71.4018097397902,41.8283278539052],[-71.4017971908888,41.8282543565939],[-71.4018263070048,41.8282515760245],[-71.4018388559389,41.8283250733328]]]},"properties":{"FID":17,"Layer":"C-GREENS-2","Shape_Leng":69.9997418468,"Shape__Area":215.99813842773438,"Shape__Length":69.999741850165577,"GreenSpaceName":null}},{"type":"Feature","id":18,"geometry":{"type":"Polygon","coordinates":[[[-71.4018079158159,41.8283280288126],[-71.4017788068884,41.828330808483],[-71.4017662580218,41.8282573111684],[-71.4017953657141,41.8282545305997],[-71.4018079158159,41.8283280288126]]]},"properties":{"FID":18,"Layer":"C-GREENS-2","Shape_Leng":69.9958371419,"Shape__Area":215.94193267822266,"Shape__Length":69.995837129410177,"GreenSpaceName":null}},{"type":"Feature","id":19,"geometry":{"type":"Polygon","coordinates":[[[-71.4017769865266,41.8283309824926],[-71.4017478643523,41.8283337639446],[-71.4017353227417,41.8282602675331],[-71.4017644340508,41.8282574851747],[-71.4017769865266,41.8283309824926]]]},"properties":{"FID":19,"Layer":"C-GREENS-2","Shape_Leng":69.9997419537,"Shape__Area":216.00241851806641,"Shape__Length":69.999741961358154,"GreenSpaceName":null}},{"type":"Feature","id":20,"geometry":{"type":"Polygon","coordinates":[[[-71.4020432814087,41.8280451604188],[-71.4020870245364,41.8283013712242],[-71.4019205386184,41.8283172723393],[-71.4018761358797,41.8280614561567],[-71.4020432814087,41.8280451604188]]]},"properties":{"FID":20,"Layer":"C-GREENS-2","Shape_Leng":279.807433715,"Shape__Area":4311.9818420410156,"Shape__Length":279.80743371652892,"GreenSpaceName":null}},{"type":"Feature","id":21,"geometry":{"type":"Polygon","coordinates":[[[-71.3977729512177,41.8244636317428],[-71.3977396207667,41.8244349775744],[-71.3977235753773,41.824421455492],[-71.3976992656855,41.8244009700226],[-71.3976747384652,41.8243825488333],[-71.3976502112575,41.8243641285391],[-71.3976254646627,41.8243466705074],[-71.397599146336,41.8243305498744],[-71.397553552655,41.8243080412424],[-71.3975059147519,41.8242880391149],[-71.3974842173902,41.8242810106083],[-71.3974349809513,41.8242655816513],[-71.397407439469,41.8242571811961],[-71.3974032414948,41.8242553605612],[-71.3973995222017,41.8242530289605],[-71.3973963922199,41.824250254919],[-71.3973939428961,41.8242471222498],[-71.3973922463078,41.8242437210513],[-71.3973913540511,41.824240153108],[-71.3973896423493,41.8242130459489],[-71.3975724106434,41.824197929395],[-71.3976982813905,41.8241875192888],[-71.3978362351147,41.8241761096102],[-71.3978408647132,41.8242214125244],[-71.3978304768253,41.824222196485],[-71.3978326503373,41.8242383190024],[-71.3978303053785,41.8242384258578],[-71.3978310274657,41.8242438060304],[-71.3977796516049,41.8242475543566],[-71.3977944462975,41.8243610067333],[-71.397793713442,41.8243601282499],[-71.3977614228038,41.8243633929582],[-71.3977873922991,41.8244800577872],[-71.3977739677045,41.8244647877833],[-71.3977729512177,41.8244636317428]]]},"properties":{"FID":21,"Layer":"C-GREENS-2","Shape_Leng":410.131553812,"Shape__Area":5823.9575500488281,"Shape__Length":410.12176115261389,"GreenSpaceName":null}},{"type":"Feature","id":22,"geometry":{"type":"Polygon","coordinates":[[[-71.4008535602818,41.8304871871455],[-71.4008389541516,41.8304881838176],[-71.4008378069835,41.8304787841903],[-71.4008371009517,41.8304729331791],[-71.4008569201081,41.8304715835721],[-71.4008584433945,41.8304837619695],[-71.4008531773728,41.8304841301647],[-71.4008535602818,41.8304871871455]]]},"properties":{"FID":22,"Layer":"C-GREENS-2","Shape_Leng":22.0187998287,"Shape__Area":28.693382263183594,"Shape__Length":22.018799819031631,"GreenSpaceName":null}},{"type":"Feature","id":23,"geometry":{"type":"Polygon","coordinates":[[[-71.4008551328436,41.8304572882502],[-71.4008507637563,41.8304575941957],[-71.4008353738874,41.8304586343075],[-71.4008303971577,41.8304174197018],[-71.4007980029708,41.830419605664],[-71.4007973730109,41.830414386756],[-71.400779504279,41.8304155795778],[-71.4007801354218,41.8304208110916],[-71.4007541714307,41.8304225632299],[-71.4007528128707,41.8304113042193],[-71.4007670568064,41.8304101992046],[-71.4008486853478,41.8304057391871],[-71.4008551328436,41.8304572882502]]]},"properties":{"FID":23,"Layer":"C-GREENS-2","Shape_Leng":94.3644606939,"Shape__Area":176.82572174072266,"Shape__Length":94.364460703630613,"GreenSpaceName":null}},{"type":"Feature","id":24,"geometry":{"type":"Polygon","coordinates":[[[-71.4077983193315,41.8216275052127],[-71.4079406863109,41.8215029492779],[-71.407941524483,41.821503482951],[-71.4079432900355,41.8215019321793],[-71.4079528718938,41.8215080342607],[-71.4079567899322,41.8215045377775],[-71.4080223471359,41.8215458996985],[-71.4080246152374,41.8215472718324],[-71.4080265314875,41.8215489155872],[-71.4080280405883,41.8215507823005],[-71.4080290968814,41.8215528161145],[-71.4080296679562,41.8215549557802],[-71.4080297358506,41.8215571364586],[-71.4080293006563,41.8215592942258],[-71.4080283745047,41.8215613624661],[-71.4080245619412,41.8215685351255],[-71.4080220199805,41.821576015818],[-71.4080207897258,41.8215836794295],[-71.4080200272685,41.8215857478009],[-71.4080188593382,41.8215877087072],[-71.4080173148876,41.821589516254],[-71.4080154264704,41.821591131753],[-71.4080132374706,41.8215925183248],[-71.4080107948739,41.8215936453955],[-71.4080081564923,41.8215944869016],[-71.4078419093452,41.8216358053146],[-71.4078273163795,41.8216366543317],[-71.4078126828976,41.8216363796898],[-71.4077983914763,41.82162755659],[-71.4077983193315,41.8216275052127]]]},"properties":{"FID":24,"Layer":"C-GREENS-2","Shape_Leng":170.335259431,"Shape__Area":1529.8880996704102,"Shape__Length":170.30793113897312,"GreenSpaceName":null}},{"type":"Feature","id":25,"geometry":{"type":"Polygon","coordinates":[[[-71.4019663540217,41.8275960487903],[-71.4020215419782,41.8279192978633],[-71.4019754793816,41.8279229427535],[-71.4018540283046,41.8279340932903],[-71.4017981184056,41.8276119725462],[-71.4019663540217,41.8275960487903]]]},"properties":{"FID":25,"Layer":"C-GREENS-2","Shape_Leng":329.306762683,"Shape__Area":5461.2838897705078,"Shape__Length":329.30676269218776,"GreenSpaceName":null}},{"type":"Feature","id":26,"geometry":{"type":"Polygon","coordinates":[[[-71.4019199198886,41.8273298337404],[-71.4019640298744,41.8275824381785],[-71.4017957569715,41.8275983655005],[-71.4017347548906,41.8272469271051],[-71.4019026979413,41.8272312120697],[-71.4019199198886,41.8273298337404]]]},"properties":{"FID":26,"Layer":"C-GREENS-2","Shape_Leng":350.571323441,"Shape__Area":5961.9956741333008,"Shape__Length":350.57132343913077,"GreenSpaceName":null}},{"type":"Feature","id":27,"geometry":{"type":"Polygon","coordinates":[[[-71.4024441570523,41.8299607397454],[-71.4024319503312,41.8299585019394],[-71.4024204344984,41.829954739545],[-71.4024099440417,41.8299495635881],[-71.402396735848,41.8299409307206],[-71.4023852124776,41.8299310397092],[-71.4023755831115,41.8299200744012],[-71.4023674772502,41.8299046879225],[-71.4023615968535,41.8298887451247],[-71.402344178854,41.8297606066854],[-71.4023271833867,41.8296325127165],[-71.4023265709308,41.8296212453539],[-71.4023281854048,41.8296100330047],[-71.4023319903204,41.8295991214305],[-71.4023379034575,41.8295887482506],[-71.4023457944628,41.829579139339],[-71.4023577436753,41.8295701695157],[-71.4023713146695,41.8295626001964],[-71.4023862170851,41.8295565940949],[-71.4024021329285,41.8295522787888],[-71.4024187213851,41.8295497485237],[-71.4024356248517,41.8295490552154],[-71.4024648153513,41.8295483948464],[-71.402493893438,41.8295504173848],[-71.4025224209815,41.8295550927476],[-71.4025350007408,41.8295573722762],[-71.4025468678625,41.8295612357954],[-71.4025576710159,41.829566567764],[-71.4025670878249,41.8295732103497],[-71.4025748357009,41.829580964338],[-71.402580686272,41.8295895999494],[-71.402584464176,41.8295988586379],[-71.4025860566723,41.8296084657049],[-71.402590470457,41.8296405701335],[-71.4026079679081,41.8297769530094],[-71.4026188481247,41.8298609359461],[-71.4026208369691,41.8298957717454],[-71.402620309648,41.8299013705061],[-71.4026185077343,41.8299068187301],[-71.4026154856428,41.8299119553026],[-71.4026113314782,41.8299166299418],[-71.4026061682403,41.8299207022989],[-71.4026001489912,41.8299240536588],[-71.4025934508404,41.8299265842339],[-71.4025364815788,41.8299453484933],[-71.40247748861,41.8299602062365],[-71.4024692669684,41.8299615974826],[-71.4024608708391,41.8299621539657],[-71.4024524507106,41.8299618668103],[-71.4024441570523,41.8299607397454]]]},"properties":{"FID":27,"Layer":"C-GREENS-2","Shape_Leng":393.585106469,"Shape__Area":9886.4257888793945,"Shape__Length":393.41477419872439,"GreenSpaceName":"Pembroke Green"}},{"type":"Feature","id":28,"geometry":{"type":"Polygon","coordinates":[[[-71.4030082429665,41.8295542768201],[-71.403006787569,41.829546312093],[-71.4030129950822,41.8295434074386],[-71.4030184850204,41.8295397819069],[-71.4030231079643,41.8295355344092],[-71.4030267397526,41.8295307782833],[-71.4030292826856,41.8295256412951],[-71.4030306679358,41.8295202638393],[-71.4030308591751,41.8295147881391],[-71.4030298501593,41.8295093636452],[-71.4030276683571,41.8295041353355],[-71.4030243737461,41.8294992437135],[-71.4030200527981,41.8294948221022],[-71.4030148233078,41.829490987645],[-71.4030088271657,41.8294878440005],[-71.4030022231426,41.829485476835],[-71.4029951905074,41.8294839493235],[-71.4029932245574,41.8294768809025],[-71.4029961155799,41.8294763998619],[-71.4030045093837,41.8294773388007],[-71.4030125826433,41.8294792984527],[-71.4030201139435,41.8294822246106],[-71.4030268987591,41.8294860387724],[-71.4030327518659,41.8294906354423],[-71.4030375133477,41.8294958902386],[-71.4030410546165,41.8295016589986],[-71.4030432771979,41.8295077849804],[-71.4030441211534,41.8295141015708],[-71.4030438739625,41.8295207584686],[-71.4030422498024,41.8295273052632],[-71.4030392862267,41.8295335853272],[-71.4030350568984,41.8295394447647],[-71.4030296631473,41.8295447432081],[-71.4030232363819,41.8295493511196],[-71.4030159308544,41.8295531578875],[-71.4030082429665,41.8295542768201]]]},"properties":{"FID":28,"Layer":"C-GREENS-2","Shape_Leng":76.3185319787,"Shape__Area":122.05990600585938,"Shape__Length":76.243977401055986,"GreenSpaceName":null}},{"type":"Feature","id":29,"geometry":{"type":"Polygon","coordinates":[[[-71.4022769030068,41.8296367456625],[-71.4022689896245,41.8296373115457],[-71.402269018169,41.8296375393558],[-71.4022556257355,41.8296384967255],[-71.4022483535199,41.8295815954167],[-71.4022582096137,41.8295811608368],[-71.4023112528698,41.8295767834932],[-71.4023036962316,41.8295992459261],[-71.4023008819875,41.8296101862525],[-71.4022994190275,41.8296151692847],[-71.4022969668877,41.8296199308926],[-71.4022935823142,41.8296243603825],[-71.4022893425029,41.8296283569822],[-71.4022769030068,41.8296367456625]]]},"properties":{"FID":29,"Layer":"C-GREENS-2","Shape_Leng":68.4929003633,"Shape__Area":273.01555633544922,"Shape__Length":68.482782295232923,"GreenSpaceName":null}},{"type":"Feature","id":30,"geometry":{"type":"Polygon","coordinates":[[[-71.4029211653114,41.8294644394653],[-71.4029071803667,41.8294655908835],[-71.4028931559414,41.8294665802057],[-71.402885982051,41.8294661248718],[-71.4028790032823,41.8294648017756],[-71.4028724049641,41.8294626470875],[-71.4028663627638,41.8294597176774],[-71.4028610402782,41.8294560920131],[-71.4028565757971,41.8294518665481],[-71.4028530919351,41.8294471548289],[-71.4028506787882,41.8294420811785],[-71.402849402359,41.8294367816039],[-71.4028437615105,41.8293953144213],[-71.402843663718,41.8293899303114],[-71.4028447383238,41.829384605715],[-71.4028469562219,41.8293794828612],[-71.402850260627,41.8293746985534],[-71.4028545610619,41.8293703805631],[-71.402859742994,41.8293666431363],[-71.4028656702446,41.8293635860956],[-71.4028721837903,41.829361291237],[-71.40287910899,41.829359819636],[-71.4028949936315,41.8293585725905],[-71.4029002236372,41.829358071021],[-71.4029054899371,41.8293582465369],[-71.4029106384524,41.8293590954065],[-71.4029155175471,41.8293605904917],[-71.4029199804221,41.8293626902527],[-71.4029238971668,41.8293653297554],[-71.4029315003889,41.8293716340519],[-71.4029376734778,41.8293787591491],[-71.4029422614157,41.8293865257486],[-71.4029451477327,41.829394736578],[-71.4029530992833,41.8294493776674],[-71.4029546325897,41.8294615452437],[-71.4029211653114,41.8294644394653]]]},"properties":{"FID":30,"Layer":"C-GREENS-2","Shape_Leng":117.259741258,"Shape__Area":975.08384704589844,"Shape__Length":117.19665403845686,"GreenSpaceName":null}},{"type":"Feature","id":32,"geometry":{"type":"Polygon","coordinates":[[[-71.4036968593856,41.8254325698385],[-71.4036639054036,41.8254341340073],[-71.403668860264,41.8254925035793],[-71.4036688362585,41.8254932607448],[-71.4036686365326,41.8254940033574],[-71.4036682671385,41.825494708914],[-71.4036677401472,41.8254953549159],[-71.4036670712339,41.8254959233696],[-71.4036662796849,41.8254963962844],[-71.4036653907998,41.8254967592762],[-71.4036644322803,41.825497001564],[-71.4036634306201,41.8254971150671],[-71.4035951667484,41.8255003566424],[-71.4035899800335,41.8255002973687],[-71.4035848700629,41.8254996313302],[-71.4035799619971,41.8254983757386],[-71.4035753785718,41.8254965595077],[-71.4035712304583,41.8254942295481],[-71.4035676222946,41.825491442669],[-71.4035646418489,41.8254882673702],[-71.4035623636338,41.8254847820436],[-71.4035608428918,41.825481072268],[-71.4035601167985,41.8254772308095],[-71.4035533993604,41.8253958956902],[-71.4035606630972,41.825395537151],[-71.4035589608626,41.8253764098069],[-71.4035602296637,41.8253763505494],[-71.4035601248599,41.8253756022792],[-71.4035690165428,41.8253748903724],[-71.4035691440389,41.8253757575065],[-71.4035701203924,41.8253756619897],[-71.4035701418173,41.8253758231685],[-71.4036447567084,41.8253715335381],[-71.4037234208459,41.8253672634591],[-71.4037749065834,41.8253644597247],[-71.4037794380864,41.825404972502],[-71.4037812497686,41.8254258123804],[-71.4036966275623,41.825429830811],[-71.4036968593856,41.8254325698385]]]},"properties":{"FID":32,"Layer":"C-GREENS-2","Shape_Leng":210.46345958,"Shape__Area":2029.6635437011719,"Shape__Length":210.44561084719976,"GreenSpaceName":null}},{"type":"Feature","id":33,"geometry":{"type":"Polygon","coordinates":[[[-71.4022514666974,41.8261691358637],[-71.4022497890984,41.8261562136638],[-71.4022484437632,41.8261488081268],[-71.4022487367974,41.8261413382592],[-71.4022506594702,41.8261340039289],[-71.4022541609221,41.8261270040676],[-71.4022591457708,41.8261205276653],[-71.4022654801397,41.8261147474731],[-71.4022729928604,41.8261098209045],[-71.4022814827109,41.8261058792377],[-71.4022907196162,41.8261030303177],[-71.4023004554944,41.8261013495616],[-71.4023274324802,41.8260979854252],[-71.4023299118355,41.826099779209],[-71.4023319393483,41.8261018661192],[-71.4023334525183,41.8261041848797],[-71.4023344081206,41.8261066634265],[-71.4023347761731,41.8261092288067],[-71.4023417648175,41.8261568780146],[-71.4023308037854,41.826157604273],[-71.4023302642168,41.8261530489966],[-71.4023186916301,41.8261538161495],[-71.4023192311979,41.8261583714259],[-71.4023131397277,41.8261587759004],[-71.4023135996843,41.8261626477514],[-71.4023084219339,41.8261629917796],[-71.4023101487881,41.8261775697449],[-71.4023162402588,41.8261771661709],[-71.4023222456641,41.8262278432853],[-71.4022955115894,41.8262242047863],[-71.4022867761916,41.8262210029515],[-71.4022787861431,41.8262168509916],[-71.4022717266727,41.8262118445003],[-71.402265757702,41.826206097957],[-71.4022610174581,41.8261997438293],[-71.4022554572333,41.8261998813519],[-71.4022542936262,41.826190914781],[-71.4022658852718,41.8261902845024],[-71.4022633935292,41.8261681412331],[-71.4022514666974,41.8261691358637]]]},"properties":{"FID":33,"Layer":"C-GREENS-2","Shape_Leng":141.172887917,"Shape__Area":790.29808807373047,"Shape__Length":141.12367683632706,"GreenSpaceName":null}},{"type":"Feature","id":34,"geometry":{"type":"Polygon","coordinates":[[[-71.4022683805239,41.8263074784161],[-71.4022798408841,41.8263069137492],[-71.4022770499686,41.8262851906847],[-71.4022661007512,41.8262860483965],[-71.4022677096193,41.8262784734085],[-71.4022708395869,41.8262711698164],[-71.4022754181729,41.8262643068222],[-71.4022813367989,41.8262580436936],[-71.4022884604243,41.8262525270708],[-71.4022966227418,41.82624788376],[-71.4023237324439,41.8262403988836],[-71.4023297366763,41.8262910633914],[-71.4023236451949,41.8262914669661],[-71.4023253732584,41.8263060458322],[-71.4023305498151,41.8263057027026],[-71.4023310097738,41.8263095745535],[-71.4023371000532,41.8263091709774],[-71.4023376396222,41.8263137271539],[-71.4023492134412,41.8263129600003],[-71.4023486738714,41.8263084038238],[-71.4023916152144,41.8263055574326],[-71.4023921547887,41.8263101127086],[-71.4024037286064,41.8263093455494],[-71.4024031890313,41.8263047902735],[-71.402446130371,41.8263019429617],[-71.4024466699477,41.8263064991377],[-71.4024582437641,41.826305731973],[-71.4024577029829,41.826301175796],[-71.4025006455201,41.8262983293652],[-71.4025011851006,41.826302885541],[-71.4025127589157,41.8263021183708],[-71.4025127658826,41.8262975257449],[-71.4025551606631,41.8262947157427],[-71.4025557002488,41.826299271018],[-71.4025672740626,41.8262985038423],[-71.4025667332724,41.8262939485661],[-71.4026099803744,41.8262910816449],[-71.402610519964,41.8262956369198],[-71.4026220937765,41.8262948697387],[-71.4026215529824,41.8262903144627],[-71.4026648000809,41.8262874466205],[-71.402665339673,41.8262920027956],[-71.4026699082832,41.8262916996508],[-71.402672202155,41.8263110624948],[-71.4027270218737,41.8263074283411],[-71.4027273998321,41.8263106176637],[-71.4028577490843,41.8263019757682],[-71.4028496513871,41.8262336376537],[-71.4028548279353,41.8262332945005],[-71.4028546936318,41.8262321581585],[-71.4028862356773,41.8262300573265],[-71.4028903302181,41.8262431607277],[-71.4028948963601,41.8262779465033],[-71.4028809501084,41.8262786450811],[-71.4028818521831,41.8262910705288],[-71.4028960186542,41.8262904153534],[-71.4028993515342,41.8263176642444],[-71.402899341262,41.8263244626992],[-71.4028966310722,41.8263280428591],[-71.4028903567369,41.826332354683],[-71.4028791680856,41.8263347338245],[-71.4028629113867,41.8263357482665],[-71.4027924034964,41.8263417335019],[-71.4027569234882,41.8263441677015],[-71.402600653472,41.8263548907004],[-71.4024443846091,41.8263656125873],[-71.4024137360519,41.8263698271537],[-71.4023680433175,41.8263724245216],[-71.4023541457979,41.8263711378283],[-71.4023406683397,41.8263682939031],[-71.402327920201,41.8263639596343],[-71.4023161937378,41.826358234308],[-71.4023057595911,41.8263512487039],[-71.4022968570581,41.8263431641868],[-71.4022853068923,41.8263323295807],[-71.4022792206425,41.8263269151637],[-71.4022742993541,41.8263208733004],[-71.4022706583714,41.8263143445422],[-71.4022683805239,41.8263074784161]]]},"properties":{"FID":34,"Layer":"C-GREENS-2","Shape_Leng":503.209989058,"Shape__Area":3699.8107299804688,"Shape__Length":503.16182235732515,"GreenSpaceName":null}},{"type":"Feature","id":35,"geometry":{"type":"Polygon","coordinates":[[[-71.398372130933,41.8272740402977],[-71.3983544142592,41.8272755128831],[-71.3983533671282,41.8272685820448],[-71.3983525857977,41.8272686443771],[-71.398351899739,41.827264029531],[-71.3983343841201,41.8272654851848],[-71.3983301857072,41.8272341280521],[-71.3983287545134,41.8272234379568],[-71.3983111908791,41.8272248152351],[-71.3983126076636,41.8272354810087],[-71.3983133998261,41.8272354195865],[-71.3983154793771,41.8272494433121],[-71.3982709914695,41.8272531403309],[-71.3982725114229,41.8272503380202],[-71.3982694928748,41.8272310446765],[-71.3982691925659,41.8272268461282],[-71.3983682203117,41.8272190153007],[-71.3983538016859,41.82713844378],[-71.3983589098696,41.8271380044327],[-71.398360528141,41.8271483822756],[-71.3983603340777,41.827148546866],[-71.3983601772963,41.8271487330975],[-71.3983600626203,41.8271489355724],[-71.3983599924657,41.8271491488907],[-71.3983599680448,41.8271493676516],[-71.3983599953578,41.8271496035646],[-71.3983600756469,41.8271498323219],[-71.3983602077198,41.8271500467195],[-71.3983603867685,41.8271502422516],[-71.398360607991,41.8271504108108],[-71.3983608653741,41.8271505487904],[-71.398362397858,41.8271603692473],[-71.398362689201,41.8271603460962],[-71.3983625227839,41.8271605359206],[-71.3983623996731,41.82716074379],[-71.3983623246922,41.8271609643068],[-71.3983622990561,41.8271611902693],[-71.3983623263649,41.8271614288834],[-71.3983624090586,41.8271616594435],[-71.3983625435347,41.8271618765442],[-71.3983627273971,41.8271620729809],[-71.3983629522308,41.8271622415432],[-71.398363214429,41.8271623795272],[-71.3983635043717,41.8271624806217],[-71.3983638124318,41.8271625430177],[-71.398364131391,41.8271625640077],[-71.3983644504158,41.8271625435822],[-71.3983647586724,41.8271624817315],[-71.398365048934,41.8271623811503],[-71.398365311568,41.8271622436307],[-71.3983655369343,41.8271620754667],[-71.3983657214175,41.8271618793559],[-71.3983658565799,41.8271616624938],[-71.3983659400027,41.8271614320807],[-71.3983659680662,41.8271611935156],[-71.3983659491238,41.8271609927232],[-71.3983658904494,41.8271607972976],[-71.3983657944475,41.8271606090418],[-71.3983656635157,41.8271604342601],[-71.3983654988535,41.8271602756547],[-71.3983653052715,41.8271601359308],[-71.3983849011204,41.827158561467],[-71.3983969511173,41.8272366585566],[-71.3983990567945,41.827236453341],[-71.3984000313133,41.8272421092343],[-71.3984146419788,41.8273268936052],[-71.3984307556146,41.8274204044901],[-71.398428017874,41.8274206658688],[-71.3984281061317,41.8274211845423],[-71.3984168938986,41.8274222658388],[-71.398416837849,41.8274219326637],[-71.3984126156617,41.8274223349829],[-71.3983788236165,41.8274256165416],[-71.3983783857064,41.827423171733],[-71.3983804974013,41.8274229710248],[-71.3983799595039,41.827419813059],[-71.3983796488899,41.8274198424954],[-71.3983767683457,41.8273977492219],[-71.3983762651136,41.8273977901923],[-71.3983747357785,41.8273874961604],[-71.398375121029,41.827387464089],[-71.3983719730287,41.8273662754196],[-71.3983738138032,41.8273661221898],[-71.3983693556198,41.82733611984],[-71.3983912354184,41.8273343016031],[-71.3983846714289,41.8272901170467],[-71.3983746428945,41.8272909499923],[-71.398372130933,41.8272740402977]]]},"properties":{"FID":35,"Layer":"C-GREENS-2","Shape_Leng":316.445827095,"Shape__Area":1224.4412841796875,"Shape__Length":316.44193404169556,"GreenSpaceName":null}},{"type":"Feature","id":36,"geometry":{"type":"Polygon","coordinates":[[[-71.4012988738591,41.8267669660319],[-71.4013509860557,41.8267638416017],[-71.4013518344907,41.8267639719791],[-71.4013519044772,41.8267662138844],[-71.4013876136022,41.8267637010859],[-71.4013931431746,41.826763176433],[-71.4013980121759,41.8268048330148],[-71.4014042066939,41.8268581321222],[-71.4014137684058,41.8269190680965],[-71.4014208573078,41.8269770884489],[-71.4014280030923,41.8270160828775],[-71.4013813422177,41.8270193551766],[-71.4013808194097,41.8270148989482],[-71.4013639400116,41.8268709363936],[-71.401364907442,41.8268672602382],[-71.4013721904539,41.8268670080942],[-71.4013738622954,41.8268671076666],[-71.4013754929114,41.8268674016769],[-71.401377042591,41.826867881988],[-71.401378472831,41.8268685377626],[-71.4013797487481,41.8268693527648],[-71.4013808378716,41.8268703071593],[-71.4013817149604,41.8268713766152],[-71.4013823583872,41.826872535004],[-71.4013846732347,41.8268685763983],[-71.4013836294177,41.826867121454],[-71.4013822784195,41.8268658148021],[-71.4013806587032,41.8268646933893],[-71.4013788135591,41.8268637860638],[-71.4013767935027,41.826863119879],[-71.4013746538798,41.8268627119889],[-71.4013724536568,41.8268625732483],[-71.4013113302061,41.8268664687404],[-71.4013060588856,41.826821886607],[-71.4012990178283,41.8267680618687],[-71.4012988738591,41.8267669660319]]]},"properties":{"FID":36,"Layer":"C-GREENS-2","Shape_Leng":252.268155362,"Shape__Area":1595.2354202270508,"Shape__Length":252.25960734686848,"GreenSpaceName":null}},{"type":"Feature","id":37,"geometry":{"type":"Polygon","coordinates":[[[-71.4008650338422,41.8263828488662],[-71.400858085773,41.8263657715329],[-71.4008551314619,41.8263480575049],[-71.4008562567727,41.8263302263524],[-71.4008614295995,41.8263128002444],[-71.4008704986884,41.8262962877418],[-71.4008831972662,41.826281172996],[-71.4008991538987,41.8262678995528],[-71.4009179021477,41.8262568532541],[-71.4009388938156,41.8262483595489],[-71.4009615134171,41.8262426663988],[-71.4009850998508,41.8262399406963],[-71.4009848386197,41.8262376112929],[-71.4009851260082,41.8262339012415],[-71.4009862654933,41.8262302837592],[-71.4009882256088,41.8262268686604],[-71.40099094601,41.8262237585315],[-71.4009943434955,41.8262210469361],[-71.4009983168262,41.8262188157179],[-71.4010027467278,41.8262171331999],[-71.4010074995119,41.8262160478849],[-71.4011266643389,41.8262046882929],[-71.4012897082996,41.826188812374],[-71.4012929308555,41.8261894795937],[-71.4012959758996,41.8261905139993],[-71.4012987676361,41.8261918903161],[-71.4013012399125,41.8261935742745],[-71.4013033326035,41.8261955262079],[-71.4013049928212,41.8261976965522],[-71.40130618092,41.8262000348544],[-71.4013301590919,41.8263717772042],[-71.4013380535995,41.8264287241543],[-71.4013383676093,41.8264311832511],[-71.4013381218763,41.8264336472692],[-71.4013373249359,41.826436045089],[-71.4013359997654,41.8264383074043],[-71.4013341825732,41.8264403712222],[-71.4013319264162,41.8264421762656],[-71.4013292963759,41.8264436703707],[-71.4013263671485,41.8264448112857],[-71.40132322184,41.8264455675701],[-71.4013199519697,41.8264459158935],[-71.4010822495759,41.8264578291195],[-71.4010369146736,41.8264601408583],[-71.4010320316302,41.8264598179313],[-71.4010272867272,41.826458900899],[-71.401022806319,41.8264574141795],[-71.4010187119202,41.8264553983929],[-71.4010151153945,41.8264529076558],[-71.4010121129362,41.8264500095769],[-71.4010097862785,41.8264467825559],[-71.4010081990844,41.8264433139809],[-71.4010073933401,41.8264396975233],[-71.400984254863,41.826439141879],[-71.400961481439,41.8264360340824],[-71.4009395725159,41.8264304411896],[-71.4009190093964,41.8264224878629],[-71.4009002444179,41.8264123473586],[-71.4008893801478,41.8264064902807],[-71.4008797610498,41.8263995205562],[-71.4008715879217,41.8263915842138],[-71.4008650338422,41.8263828488662]]]},"properties":{"FID":37,"Layer":"C-GREENS-2","Shape_Leng":395.62756502,"Shape__Area":10333.817192077637,"Shape__Length":395.45393519793993,"GreenSpaceName":null}},{"type":"Feature","id":38,"geometry":{"type":"Polygon","coordinates":[[[-71.4022780044812,41.8270498992969],[-71.4022732354581,41.8270149350618],[-71.402324236731,41.8270110340528],[-71.4023752392029,41.8270071321219],[-71.4023777479201,41.8270276565898],[-71.4023800977897,41.827046566614],[-71.402319246636,41.8270525975783],[-71.402318916697,41.827051088329],[-71.4022856436859,41.8270544840211],[-71.4022780044812,41.8270498992969]]]},"properties":{"FID":38,"Layer":"C-GREENS-2","Shape_Leng":84.2939365653,"Shape__Area":405.96873474121094,"Shape__Length":84.293936567071654,"GreenSpaceName":null}},{"type":"Feature","id":39,"geometry":{"type":"Polygon","coordinates":[[[-71.4014805899352,41.8261703374128],[-71.4016195098932,41.8261567875184],[-71.4016201832101,41.8261620082636],[-71.4016555594468,41.8261597003737],[-71.4016549654517,41.8261545589265],[-71.4018195995722,41.8261408534349],[-71.4019398533141,41.8261303969703],[-71.4020148933112,41.8261242594648],[-71.4020958021882,41.8261176416295],[-71.4021469848495,41.826113525672],[-71.4021537074378,41.8261120881541],[-71.4021606598071,41.8261115268619],[-71.4021676385037,41.8261118578282],[-71.4021744401135,41.826113070976],[-71.4021808672768,41.8261151328247],[-71.4021867311037,41.8261179810901],[-71.402187075007,41.8261182190725],[-71.4021887529373,41.8261190515146],[-71.4021930613368,41.826122040709],[-71.4021966660274,41.8261255118859],[-71.4021994732583,41.8261293731312],[-71.4022014085519,41.8261335235433],[-71.4022024203151,41.8261378532371],[-71.4022135084718,41.8262418572919],[-71.4022194291201,41.8262856908586],[-71.4022197307904,41.8262954904104],[-71.4022180993839,41.8263052162896],[-71.4022145713349,41.8263146560469],[-71.4022092227898,41.8263236044697],[-71.4022043687918,41.8263310920623],[-71.4021978382842,41.8263415547496],[-71.4021933664619,41.8263526053103],[-71.4021910415376,41.8263640205358],[-71.4021909144256,41.826375566381],[-71.4021894543251,41.8263802955214],[-71.402186932926,41.8263847671614],[-71.4021834226532,41.8263888490126],[-71.4021790284146,41.8263924205187],[-71.4021738803748,41.8263953755506],[-71.402168130338,41.826397626004],[-71.402161950539,41.8263991054006],[-71.4021555228069,41.8263997706787],[-71.4020767294665,41.8264041980325],[-71.4020472605542,41.8264060231054],[-71.4019858151172,41.8264098277479],[-71.4019171266205,41.8264098213388],[-71.4016844347689,41.8264230671894],[-71.401377123025,41.8264428984355],[-71.401319950766,41.8264459158925],[-71.401082249576,41.8264578291194],[-71.4010369146737,41.8264601408583],[-71.4010097527352,41.8264615255858],[-71.4010073933401,41.8264396975232],[-71.400984254863,41.826439141879],[-71.400961481439,41.8264360340824],[-71.400939572516,41.8264304411895],[-71.4009190093964,41.8264224878629],[-71.400900244418,41.8264123473586],[-71.4008893801478,41.8264064902806],[-71.4008797610498,41.8263995205561],[-71.4008715879218,41.8263915842137],[-71.4008650338422,41.8263828488661],[-71.400858085773,41.8263657715329],[-71.4008551314619,41.8263480575049],[-71.4008562567727,41.8263302263524],[-71.4008614295995,41.8263128002444],[-71.4008704986884,41.8262962877417],[-71.4008831972662,41.8262811729959],[-71.4008991538988,41.8262678995527],[-71.4009179021477,41.8262568532541],[-71.4009388938156,41.8262483595488],[-71.4009615134171,41.8262426663988],[-71.4009850998508,41.8262399406963],[-71.4009848381058,41.826236382329],[-71.4009853683862,41.8262328417508],[-71.4009866760988,41.8262294152855],[-71.4009887273923,41.8262261983399],[-71.4009914619413,41.8262232808958],[-71.4009948061951,41.8262207430201],[-71.4009986673574,41.8262186557596],[-71.401002938209,41.8262170757431],[-71.4010074995119,41.8262160478849],[-71.401126664339,41.8262046882929],[-71.4012897082996,41.826188812374],[-71.4013477460671,41.8261832756249],[-71.4014805899352,41.8261703374128]]]},"properties":{"FID":39,"Layer":"C-GREENS-2","Shape_Leng":656.168349261,"Shape__Area":34383.007705688477,"Shape__Length":889.621805244319,"GreenSpaceName":"Simmons Quadrangle (Lower Green)"}},{"type":"Feature","id":40,"geometry":{"type":"Polygon","coordinates":[[[-71.4020312144853,41.8292890037343],[-71.4020062659967,41.8292914007645],[-71.4019756187889,41.829293007831],[-71.4019053406811,41.8292984822219],[-71.4018167703282,41.8292941830621],[-71.4018187310959,41.8292911613995],[-71.4018213318443,41.8292884229904],[-71.4018245026383,41.8292860434034],[-71.4018281542975,41.8292840882869],[-71.4018321880292,41.8292826115768],[-71.4018364930249,41.8292816527933],[-71.4018915697157,41.8292596280351],[-71.401937749753,41.8292396079136],[-71.4019909289962,41.8292169341441],[-71.4020124811161,41.8292077384609],[-71.4020187921509,41.8292072126442],[-71.4020219938294,41.8292256237069],[-71.4020251967134,41.8292440347706],[-71.4020289498094,41.8292726570482],[-71.4020299392649,41.8292797993812],[-71.4020309287207,41.8292869417142],[-71.4020312144853,41.8292890037343]]]},"properties":{"FID":40,"Layer":"C-GREENS-2","Shape_Leng":152.775642698,"Shape__Area":1001.1248779296875,"Shape__Length":152.76571411199771,"GreenSpaceName":null}},{"type":"Feature","id":41,"geometry":{"type":"Polygon","coordinates":[[[-71.3970529599874,41.8249123059969],[-71.3969695003288,41.8249136248971],[-71.3969331938822,41.8248785700137],[-71.3969306763186,41.8248571918897],[-71.3970529599874,41.8249123059969]]]},"properties":{"FID":41,"Layer":"C-GREENS-2","Shape_Leng":85.645077842,"Shape__Area":270.60107421875,"Shape__Length":85.645077844103739,"GreenSpaceName":null}},{"type":"Feature","id":42,"geometry":{"type":"Polygon","coordinates":[[[-71.4035542083306,41.8305425883604],[-71.4035497538633,41.8305091559399],[-71.4035312830183,41.8305105044427],[-71.4035300436463,41.8305013181451],[-71.4034893106323,41.8305043720918],[-71.403482326738,41.8304518818716],[-71.4034576844283,41.8304537401709],[-71.4034537949544,41.8304216758357],[-71.4034512119197,41.8304014250439],[-71.4034970633696,41.8303968232266],[-71.4035471983406,41.8303911616877],[-71.4035534679115,41.8304215371819],[-71.4035620174568,41.8304671798349],[-71.4035681185081,41.830496753885],[-71.403579050855,41.8305469137356],[-71.4035729062428,41.8305463602714],[-71.4035542083306,41.8305425883604]]]},"properties":{"FID":42,"Layer":"C-GREENS-2","Shape_Leng":167.749529868,"Shape__Area":1055.2995758056641,"Shape__Length":167.74952986363337,"GreenSpaceName":null}},{"type":"Feature","id":43,"geometry":{"type":"Polygon","coordinates":[[[-71.4034649889327,41.8299939405434],[-71.4034309740777,41.829997365653],[-71.403337658423,41.8300043143119],[-71.4032561477401,41.8300085033952],[-71.4031563311183,41.8300133342364],[-71.4031570321618,41.830073750269],[-71.4031348006217,41.8300743941736],[-71.4031352264031,41.8300826209292],[-71.4031240548598,41.8300828068818],[-71.4031229915468,41.8300622845605],[-71.4031105511075,41.8300625333656],[-71.4031108938421,41.8300691511457],[-71.403074023056,41.830070486755],[-71.4030747424459,41.8300843732888],[-71.4030741802476,41.8300843890206],[-71.403075657629,41.8301129076014],[-71.4030629112328,41.8301132767886],[-71.4030591516666,41.8300534974154],[-71.4030553909143,41.8299937108377],[-71.4031058334526,41.829990662534],[-71.4031007077239,41.8299363515674],[-71.4031094757548,41.8299358367668],[-71.4031111134807,41.829951431118],[-71.4031513804572,41.8299490665717],[-71.4031351468077,41.8297944412802],[-71.4031113498168,41.8297954926142],[-71.4031106299858,41.8297858871911],[-71.4030616443442,41.8297880417896],[-71.4030623625499,41.829797921815],[-71.4030486958363,41.8297987421942],[-71.4030567833527,41.8297880881064],[-71.4030669314025,41.8297784702462],[-71.4030789073168,41.8297701117009],[-71.4030924351391,41.8297632031089],[-71.4031072040498,41.8297579044679],[-71.4031228756022,41.8297543361374],[-71.4031390873297,41.8297525815429],[-71.4032181395817,41.8297483706636],[-71.4032198175358,41.8297524560148],[-71.4032206586389,41.8297566838148],[-71.4031886057677,41.8297587185818],[-71.4031905948413,41.8298015952991],[-71.4031919491741,41.8298159352385],[-71.4031953969114,41.8298414591517],[-71.4032002399542,41.8298589235059],[-71.4032229817085,41.8298583592482],[-71.4033622396768,41.8298500385105],[-71.4033505983927,41.8297415801894],[-71.4034220786686,41.8297382289247],[-71.403438157034,41.8298556511418],[-71.4034407528159,41.8298746117608],[-71.4032188315847,41.8298859583427],[-71.4032231738905,41.8299361712021],[-71.403226918067,41.8299599063901],[-71.4032277926293,41.8299627017789],[-71.4032292669004,41.8299653527183],[-71.4032313024688,41.8299677862485],[-71.4032338440562,41.8299699383989],[-71.4032368219319,41.8299717496883],[-71.4032401567185,41.8299731714315],[-71.4032437581882,41.8299741657382],[-71.4032475276716,41.8299747046149],[-71.4032513652741,41.8299747744722],[-71.4033110040841,41.8299730042017],[-71.4033153238631,41.8299750372017],[-71.4033200224513,41.8299765276158],[-71.4033249783221,41.8299774375277],[-71.403330066317,41.8299777425229],[-71.4033351528241,41.8299774361864],[-71.4033401090274,41.8299765247124],[-71.4033448072866,41.8299750332028],[-71.4033491247587,41.8299729984682],[-71.4033529530222,41.8299704735375],[-71.4034591238215,41.8299644324084],[-71.4034652056499,41.8299939182171],[-71.4034649889327,41.8299939405434]]]},"properties":{"FID":43,"Layer":"C-GREENS-2","Shape_Leng":765.340444092,"Shape__Area":5139.6445465087891,"Shape__Length":765.27822571483375,"GreenSpaceName":null}},{"type":"Feature","id":44,"geometry":{"type":"Polygon","coordinates":[[[-71.4034292006301,41.830182559372],[-71.4033829695547,41.8301843418821],[-71.4033842258929,41.8301950362637],[-71.4033736964006,41.8301957278706],[-71.4033734372297,41.8301935614373],[-71.4033597786201,41.8301945430209],[-71.4033600234709,41.8301966257107],[-71.4033342318699,41.8301983209557],[-71.4033339691931,41.8301960851932],[-71.4033086874902,41.8301973216887],[-71.403309000093,41.8301999779515],[-71.4032376159932,41.8302046680304],[-71.4032357380693,41.8301886755296],[-71.4031904152574,41.830191653477],[-71.4031908157903,41.8301950706006],[-71.4031761953722,41.830196030644],[-71.4031776406589,41.830208332292],[-71.4031666753416,41.8302090532238],[-71.4031759852646,41.8302883305073],[-71.4032178372353,41.8302855810286],[-71.4032191886222,41.8302970920992],[-71.4032228437378,41.8302968484858],[-71.4032239003715,41.8303058437613],[-71.4032576535602,41.8303036267477],[-71.4032593447959,41.8303164922137],[-71.4033201429575,41.8303124738685],[-71.4033347838754,41.8303115066214],[-71.4033367857428,41.8303251493401],[-71.4033426328978,41.8303649780487],[-71.4034297213004,41.8303591576779],[-71.4034293896191,41.8303563762524],[-71.4033458804926,41.8303619574435],[-71.4033380386122,41.830308538242],[-71.4032627019152,41.8303134870088],[-71.4032601834923,41.8302943400822],[-71.4032913193027,41.8302923234307],[-71.403292154864,41.8302994413129],[-71.4033060580137,41.8302983636069],[-71.4033052414666,41.8302914087021],[-71.4033352359979,41.8302894387959],[-71.4034050490661,41.8302848517746],[-71.4034045807558,41.8302808682817],[-71.4034087535507,41.8302805944862],[-71.4034203627267,41.8302775944146],[-71.4034312022495,41.8302732728977],[-71.4034410047137,41.8302677368512],[-71.403449529153,41.8302611229244],[-71.4034565646599,41.830253592101],[-71.4034619388097,41.8302453315067],[-71.4034650062569,41.8302404191346],[-71.4034690746292,41.8302359316632],[-71.4034740426368,41.83023198245],[-71.403479783729,41.8302286722264],[-71.4034861533254,41.8302260837019],[-71.4035125006965,41.8302230473848],[-71.4035271563187,41.8302940532149],[-71.4034528088134,41.8302992460287],[-71.4034504853726,41.8302969085968],[-71.4034476931915,41.8302948777865],[-71.4034445044198,41.8302932058779],[-71.4034410008511,41.8302919361561],[-71.4034372703169,41.8302910993064],[-71.4034334090861,41.8302907188185],[-71.4034295170622,41.8302908028795],[-71.4034256917556,41.8302913497705],[-71.4033543700154,41.8302961363105],[-71.4033611330605,41.8303537159696],[-71.4034359846158,41.8303487991427],[-71.4034398728844,41.8303488132153],[-71.4034437137016,41.8303483608724],[-71.4034474071343,41.8303474537343],[-71.4034508580465,41.83034611513],[-71.403453978508,41.8303443800987],[-71.4034566865923,41.8303422935886],[-71.4034589111954,41.8303399086599],[-71.4034605968475,41.8303372882898],[-71.4035350070008,41.830332091022],[-71.4035450088923,41.8303805538575],[-71.4034948430981,41.8303851025509],[-71.4034335938281,41.8303912733194],[-71.4033978284,41.8303947167547],[-71.403366235963,41.8303977585369],[-71.4033677374658,41.8304103285304],[-71.4033701833762,41.8304304891747],[-71.403359653768,41.8304312320996],[-71.4033724338339,41.8305365941991],[-71.4034068919208,41.8305340085958],[-71.4034083444767,41.8305447121449],[-71.4033737239826,41.8305472228839],[-71.4033795297482,41.8305905880852],[-71.4034143332456,41.830588076598],[-71.4034189588567,41.8306229326029],[-71.4035450107174,41.8306135021274],[-71.4035439755105,41.8306070404268],[-71.4035626351701,41.8306058325333],[-71.4035569307693,41.8305630229355],[-71.4035725207561,41.8305585712433],[-71.4035750921506,41.8305569275825],[-71.4035812389256,41.8305560405063],[-71.4035822408191,41.8305606375769],[-71.4035849742954,41.8305729204929],[-71.4035877992622,41.8305852034855],[-71.4035907168205,41.8305975549815],[-71.4035934505054,41.8306097010458],[-71.4035962754766,41.8306219831377],[-71.4035991918345,41.8306343346324],[-71.4036019253171,41.8306466175478],[-71.4035945859712,41.8306472290209],[-71.4035874304998,41.8306480459251],[-71.4035800911536,41.8306486573972],[-71.4035728430913,41.830649405797],[-71.4035655034353,41.8306502234456],[-71.4035581640886,41.8306508349163],[-71.4035510075152,41.8306515833915],[-71.4035436680655,41.830652263287],[-71.4035363286156,41.830652943182],[-71.4035290820657,41.8306534854027],[-71.403521742821,41.8306540284455],[-71.4035140364144,41.8306545711794],[-71.4035062387251,41.8306549760842],[-71.4034982568529,41.8306553808338],[-71.4034905507556,41.8306557173888],[-71.4034827531688,41.8306560538664],[-71.4034749555818,41.8306563903434],[-71.4034670665053,41.8306567267431],[-71.4034592690211,41.8306569947934],[-71.4034514714339,41.8306573312689],[-71.4034435821515,41.8306578045182],[-71.403435784667,41.8306580725669],[-71.403423767213,41.8306587485222],[-71.4034115657816,41.8306592874699],[-71.403399548327,41.8306599634226],[-71.4033874382831,41.8306605699701],[-71.4033754208281,41.8306612459202],[-71.4033632202895,41.8306619910412],[-71.4033512016302,41.8306626669878],[-71.4033391842787,41.8306632736081],[-71.4033271668226,41.8306639495533],[-71.4033149652865,41.8306645569164],[-71.4032626774856,41.8306655419816],[-71.4032213047926,41.8306672222778],[-71.4029236179918,41.8306815844884],[-71.402557771779,41.8306971909195],[-71.4025516795165,41.8306462409804],[-71.4027221019604,41.8306341795361],[-71.4027224445218,41.8306369114541],[-71.4028783135575,41.8306259718795],[-71.4028651995384,41.8305214638659],[-71.4031145285654,41.8305039638641],[-71.4031105353619,41.8304721452226],[-71.4031541996589,41.8304690812768],[-71.4031473671814,41.8304153522975],[-71.4031074596423,41.8304178548971],[-71.4031035133992,41.8303852358932],[-71.4028494136701,41.8304054400561],[-71.402847498619,41.830390177693],[-71.402866269037,41.8303889312916],[-71.4029214977758,41.8303845870269],[-71.4029099156176,41.8302788558478],[-71.4029072687952,41.8302698664281],[-71.4029004974148,41.8302595014054],[-71.4028880312729,41.8302528355622],[-71.4028875730395,41.8302525605714],[-71.4028545708922,41.8302389492538],[-71.4028518245005,41.8302353104624],[-71.4028158040658,41.8299736172014],[-71.4028177287201,41.8299260053062],[-71.4028196238775,41.8299201817167],[-71.4028227500581,41.8299146625828],[-71.4028270251845,41.8299095927895],[-71.402832337102,41.829905105492],[-71.4028385471971,41.829901317617],[-71.4028454940116,41.829898328065],[-71.4028529932453,41.82989621591],[-71.4028608498006,41.8298950359074],[-71.4028688589865,41.8298948184956],[-71.4029087956181,41.8299660654654],[-71.4029690801644,41.8299623700933],[-71.4029693772692,41.8299657133026],[-71.402969524855,41.8299700179477],[-71.4029686865983,41.8299742776434],[-71.4029668879661,41.8299783681644],[-71.4029641809039,41.8299821689092],[-71.4029606450319,41.8299855674027],[-71.4029563864353,41.8299884637967],[-71.4029515268251,41.8299907735622],[-71.4029462119629,41.8299924292968],[-71.4029405972148,41.8299933807126],[-71.4029348475419,41.829993600939],[-71.4029347550213,41.829995877818],[-71.4028599405228,41.8300028066075],[-71.4028635835925,41.8300415773813],[-71.4028651213414,41.830057971152],[-71.4028671938605,41.8300805489025],[-71.4028766720802,41.8301820251098],[-71.4029150182206,41.8301802730536],[-71.402929610937,41.8301841037232],[-71.4029501827705,41.8301936250827],[-71.4029530181578,41.8301949320692],[-71.402955513554,41.8301965826979],[-71.4029575943969,41.8301985282874],[-71.4029591981747,41.8302007120637],[-71.4029602804458,41.8302030682645],[-71.4029608064033,41.8302055284347],[-71.4029664365198,41.8302470244075],[-71.4030445699678,41.8302402334012],[-71.403039606314,41.8299963679204],[-71.403050591163,41.8299962421412],[-71.4030579633381,41.8301134589832],[-71.4030611475873,41.8301133284203],[-71.4030627091555,41.8301434919913],[-71.4030998468361,41.8301424159084],[-71.4031643192139,41.8301405480532],[-71.4031650631793,41.830154915388],[-71.4032346610217,41.8301524683943],[-71.403234221191,41.8301439697251],[-71.4032339392648,41.8301385314407],[-71.4032740227697,41.8301373695497],[-71.4032709766171,41.8300785505456],[-71.4032140476438,41.8300801997321],[-71.4032136288676,41.8300721107345],[-71.4031921148249,41.8300727336467],[-71.4031939637324,41.8300640298281],[-71.4031978031636,41.8300556977261],[-71.4031993066243,41.8300541558121],[-71.4032011023284,41.8300527996143],[-71.4032031480968,41.8300516597085],[-71.4032054005536,41.830050762168],[-71.4032078067017,41.8300501267555],[-71.4032103123473,41.8300497687312],[-71.4032413222426,41.8300473531368],[-71.4032762582429,41.8300445933092],[-71.4033057108839,41.8300418675699],[-71.403334757228,41.8300387498338],[-71.4033731217713,41.830034301125],[-71.4034027546856,41.8300309659831],[-71.4034351432351,41.8300275359134],[-71.4034713843165,41.8300238533758],[-71.4035017578806,41.8301709996735],[-71.4035101606732,41.8302117119534],[-71.4034792635428,41.8302159454992],[-71.4034704433738,41.8302190901741],[-71.4034624702631,41.8302233141661],[-71.4034555779332,41.8302284943255],[-71.4034499664464,41.8302344768626],[-71.4034458033925,41.8302410881532],[-71.4034426537686,41.8302462111349],[-71.4034384947839,41.8302509146106],[-71.4034334265189,41.8302550888227],[-71.4034275658897,41.8302586357326],[-71.4034210502543,41.8302614726245],[-71.403414031392,41.8302635330008],[-71.4034066755006,41.8302647683828],[-71.4034027206166,41.8302650279561],[-71.4034002970839,41.8302443928521],[-71.403406144532,41.8302440088229],[-71.4034025169651,41.8302131178466],[-71.403396668316,41.8302135018745],[-71.4033944206959,41.8301943659824],[-71.4033869672214,41.8301948558006],[-71.4033859604846,41.830186287329],[-71.4034293419969,41.8301846149645],[-71.4034786308306,41.8301819625768],[-71.4034784328782,41.8301799105381],[-71.4034292006301,41.830182559372]]]},"properties":{"FID":44,"Layer":"C-GREENS-2","Shape_Leng":2390.71561058,"Shape__Area":29197.701385498047,"Shape__Length":2390.5676117874168,"GreenSpaceName":null}},{"type":"Feature","id":45,"geometry":{"type":"Polygon","coordinates":[[[-71.403545308446,41.8302090683656],[-71.4035321931548,41.8302105825262],[-71.4035312717235,41.830206119673],[-71.4035257019682,41.8302067632393],[-71.4035222265951,41.8301899239833],[-71.4035277963476,41.8301892813175],[-71.4035257108816,41.8301791786641],[-71.4035388261666,41.8301776645042],[-71.403545308446,41.8302090683656]]]},"properties":{"FID":45,"Layer":"C-GREENS-2","Shape_Leng":33.4640577399,"Shape__Area":51.415512084960938,"Shape__Length":33.464057749545695,"GreenSpaceName":null}},{"type":"Feature","id":46,"geometry":{"type":"Polygon","coordinates":[[[-71.400574258023,41.8249023960545],[-71.4005336200209,41.8249061495033],[-71.4005312969826,41.8248920805842],[-71.4005136446182,41.824893677806],[-71.4005159724174,41.8249077791418],[-71.4004716072108,41.8249118768719],[-71.4004699355338,41.8249047096198],[-71.400466729879,41.8248978399513],[-71.4004620754266,41.824891450709],[-71.4004560970995,41.824885711265],[-71.4004489523458,41.8248807748132],[-71.4004408299469,41.8248767702655],[-71.4004319476051,41.8248738058513],[-71.4004225387181,41.8248719592019],[-71.4004128535797,41.8248712791525],[-71.4004120080597,41.8248281152332],[-71.4004116271184,41.8248253769699],[-71.4004703988903,41.8248208118651],[-71.4005291718575,41.8248162467313],[-71.4005275001285,41.8248005559637],[-71.4005498215203,41.8247990249055],[-71.4005446982711,41.8247572149955],[-71.4006420900684,41.8247499353962],[-71.4006378812979,41.8247223183362],[-71.4006419759913,41.8247225073479],[-71.40064403873,41.8247227675295],[-71.400646022865,41.8247232626318],[-71.4006478802666,41.8247239809087],[-71.4006495676281,41.8247249052163],[-71.4006510440586,41.8247260130108],[-71.4006522746898,41.8247272790524],[-71.4006532282757,41.824728670902],[-71.4006579302044,41.8247604182463],[-71.400658529988,41.8247640912507],[-71.4006583220524,41.8247677878658],[-71.4006573113651,41.8247714090585],[-71.4006555257587,41.8247748594168],[-71.4006530135243,41.8247780462474],[-71.4006498397926,41.8247808849748],[-71.4006460901457,41.8247832982436],[-71.4006418657918,41.8247852231175],[-71.4006372787571,41.8247866065734],[-71.4006324506696,41.8247874136032],[-71.4005814829001,41.8247917406529],[-71.400577437372,41.8247924475196],[-71.4005736125403,41.8247936614684],[-71.4005701216097,41.8247953456835],[-71.4005670681721,41.8247974525364],[-71.4005645401965,41.8247999181794],[-71.4005626124223,41.8248026715502],[-71.4005613427553,41.8248056298678],[-71.4005632049812,41.8248312380418],[-71.4005701891234,41.8248777475338],[-71.400574258023,41.8249023960545]]]},"properties":{"FID":46,"Layer":"C-GREENS-2","Shape_Leng":262.934992862,"Shape__Area":1673.828125,"Shape__Length":262.87971628123341,"GreenSpaceName":null}},{"type":"Feature","id":47,"geometry":{"type":"Polygon","coordinates":[[[-71.40233797505,41.8294616483573],[-71.4023536873133,41.8294605804076],[-71.4023568677861,41.8294605380941],[-71.4023600151697,41.829460881998],[-71.402363046414,41.8294616048457],[-71.4023658796914,41.8294626867603],[-71.4023684392087,41.8294640979663],[-71.4023706588122,41.8294658023938],[-71.4023724783825,41.8294677540745],[-71.4023738498474,41.8294699007479],[-71.4023747359755,41.829472185661],[-71.4023769845942,41.8294801474691],[-71.4023776391516,41.8294882708838],[-71.4023766818625,41.8294963767225],[-71.4023741370702,41.8295042885395],[-71.402371423256,41.8295156926276],[-71.4023664241151,41.8295266554079],[-71.4023592555946,41.8295369239833],[-71.4023500853856,41.8295462581055],[-71.4023454347298,41.8295504920475],[-71.4023398858384,41.8295540706793],[-71.4023336001816,41.8295568869976],[-71.4023267656739,41.8295588601315],[-71.4023195798271,41.8295599308267],[-71.4023074212011,41.8294643522045],[-71.4023380214832,41.8294619869243],[-71.40233797505,41.8294616483573]]]},"properties":{"FID":47,"Layer":"C-GREENS-2","Shape_Leng":94.3745475265,"Shape__Area":510.85982513427734,"Shape__Length":94.3263557794411,"GreenSpaceName":null}},{"type":"Feature","id":48,"geometry":{"type":"Polygon","coordinates":[[[-71.4022730876943,41.8251023229647],[-71.4022422405,41.8251045691749],[-71.4022428168647,41.8251086644102],[-71.4022408341212,41.8251088211827],[-71.4022388412813,41.8251013718769],[-71.402238389399,41.8250937825291],[-71.4022394890375,41.8250862305154],[-71.4022421158536,41.8250788922814],[-71.4022462069926,41.8250719397385],[-71.4022516671165,41.8250655339663],[-71.4022583684022,41.8250598261128],[-71.4022661553705,41.8250549483954],[-71.4022730876943,41.8251023229647]]]},"properties":{"FID":48,"Layer":"C-GREENS-2","Shape_Leng":50.0254205203,"Shape__Area":117.89216613769531,"Shape__Length":50.00377802788141,"GreenSpaceName":null}},{"type":"Feature","id":49,"geometry":{"type":"Polygon","coordinates":[[[-71.4035454940875,41.8242268726415],[-71.4034952741838,41.824277870727],[-71.4034948944767,41.824278233245],[-71.4034944390156,41.8242785434796],[-71.4034939186499,41.8242787906359],[-71.4034933502407,41.8242789684256],[-71.4034927506478,41.824279071461],[-71.4034921355232,41.824279097054],[-71.4034915241272,41.8242790443207],[-71.4034909321053,41.8242789150747],[-71.4034903799146,41.8242787129347],[-71.4034898795839,41.8242784433127],[-71.4034894491565,41.8242781143271],[-71.403489098247,41.8242777358895],[-71.4034888388774,41.8242773179139],[-71.4034886770458,41.8242768739104],[-71.4034886187546,41.8242764146882],[-71.4034886651843,41.8242759555539],[-71.4034918932329,41.8242568845669],[-71.4034908110684,41.8242376776087],[-71.4034854479716,41.8242188776088],[-71.4034759560209,41.8242010131936],[-71.4034723810548,41.8241954082752],[-71.4034699573195,41.8241894684974],[-71.4034687363758,41.8241833253531],[-71.4034672796071,41.824178719791],[-71.4034784259682,41.8241785878039],[-71.4035001224781,41.8241785808228],[-71.4035015083781,41.8241838903906],[-71.4035039923865,41.8241889712942],[-71.4035075133046,41.8241936974346],[-71.4035119822368,41.8241979507923],[-71.4035172898057,41.8242016259358],[-71.403523303742,41.8242046318195],[-71.4035298749006,41.8242068935897],[-71.4035368384597,41.824208355287],[-71.4035368104303,41.8242085848501],[-71.4035368341608,41.8242088135563],[-71.4035369084544,41.824209036903],[-71.403537030913,41.8242092485857],[-71.4035372003452,41.8242094405003],[-71.4035374083293,41.8242096099389],[-71.4035376524672,41.8242097505969],[-71.4035379243386,41.824209858866],[-71.4035382155231,41.8242099311377],[-71.4035385200035,41.8242099665066],[-71.4035388269481,41.8242099640634],[-71.4035391303397,41.8242099229025],[-71.4035394193439,41.8242098439152],[-71.4035396867329,41.824209730697],[-71.4035399264858,41.8242095850432],[-71.4035401289649,41.824209412348],[-71.4035402905524,41.82420921711],[-71.4035404064267,41.8242090038267],[-71.4035404729674,41.8242087787976],[-71.4035427577808,41.8242102428681],[-71.4035446919292,41.8242119677426],[-71.4035462225217,41.8242139056587],[-71.4035473087114,41.8242160043625],[-71.4035479204885,41.8242182089081],[-71.4035480410932,41.8242204580582],[-71.4035476682085,41.8242226914882],[-71.4035468115544,41.8242248488835],[-71.4035454940875,41.8242268726415]]]},"properties":{"FID":49,"Layer":"C-GREENS-2","Shape_Leng":96.0684573382,"Shape__Area":377.58497619628906,"Shape__Length":95.99930915205691,"GreenSpaceName":null}},{"type":"Feature","id":50,"geometry":{"type":"Polygon","coordinates":[[[-71.4026070156504,41.8249129581122],[-71.4025480998015,41.8249173252127],[-71.402532481829,41.824810127419],[-71.402509983583,41.8246180118401],[-71.4025046444918,41.824436764411],[-71.4025961844931,41.8244357940713],[-71.4025991797077,41.8245824484552],[-71.4026050460264,41.8248298001656],[-71.4026070156504,41.8249129581122]]]},"properties":{"FID":50,"Layer":"C-GREENS-2","Shape_Leng":390.625053422,"Shape__Area":3870.2272415161133,"Shape__Length":390.62505342495371,"GreenSpaceName":null}},{"type":"Feature","id":51,"geometry":{"type":"Polygon","coordinates":[[[-71.401694591702,41.8300947067852],[-71.4016957041172,41.8301032942693],[-71.4016798158032,41.8301044457097],[-71.4016850173123,41.8301493644674],[-71.4016741782884,41.8301501501893],[-71.4016683448785,41.8301012414885],[-71.4016729883722,41.8301009564546],[-71.4016724731319,41.8300962454404],[-71.401694591702,41.8300947067852]]]},"properties":{"FID":51,"Layer":"C-GREENS-2","Shape_Leng":53.8315243332,"Shape__Area":70.125839233398438,"Shape__Length":53.831524328526243,"GreenSpaceName":null}},{"type":"Feature","id":52,"geometry":{"type":"Polygon","coordinates":[[[-71.4017120264214,41.8300820611389],[-71.4017130011234,41.8300893898312],[-71.4016940801032,41.8300907619627],[-71.4016941419735,41.8300912373946],[-71.401667452087,41.8300930953583],[-71.4016673021224,41.8300919752083],[-71.4016673291259,41.8300908489075],[-71.4016675609693,41.8300895958342],[-71.4016679962064,41.8300883744469],[-71.4016686275896,41.8300872009455],[-71.4016690702517,41.8300866341109],[-71.4016696368057,41.8300861322068],[-71.4016703079689,41.830085709622],[-71.4016710668689,41.8300853789469],[-71.4016718894159,41.8300851491642],[-71.4016727515229,41.8300850274561],[-71.4016931378233,41.8300834873184],[-71.4017120264214,41.8300820611389]]]},"properties":{"FID":52,"Layer":"C-GREENS-2","Shape_Leng":29.7444490547,"Shape__Area":33.439682006835938,"Shape__Length":29.741352030313067,"GreenSpaceName":null}},{"type":"Feature","id":53,"geometry":{"type":"Polygon","coordinates":[[[-71.4016487123181,41.8300940210694],[-71.4015387014279,41.8301021478204],[-71.4014562522921,41.8301082012245],[-71.4014552682567,41.8301006978564],[-71.401475056144,41.8300992454772],[-71.4015683677737,41.8300920021167],[-71.4016420550998,41.8300870764575],[-71.4016426605456,41.8300871192918],[-71.4016432490252,41.8300872359394],[-71.4016438036937,41.8300874209838],[-71.4016443113149,41.8300876708124],[-71.4016447586566,41.8300879791113],[-71.4016451336932,41.8300883377673],[-71.4016454256057,41.8300887368673],[-71.4016456271878,41.8300891656013],[-71.401646045872,41.8300901077142],[-71.401646621123,41.8300910022433],[-71.4016473445363,41.8300918347758],[-71.4016479309495,41.8300925150338],[-71.4016483896788,41.8300932483024],[-71.4016487123181,41.8300940210694]]]},"properties":{"FID":53,"Layer":"C-GREENS-2","Shape_Leng":109.902663449,"Shape__Area":145.998046875,"Shape__Length":109.89985260387969,"GreenSpaceName":null}},{"type":"Feature","id":54,"geometry":{"type":"Polygon","coordinates":[[[-71.4016017514901,41.8301557197908],[-71.4015745086454,41.8301578284537],[-71.4015687452849,41.8301151060365],[-71.4014728751926,41.8301217943948],[-71.4014714706912,41.8301105857716],[-71.4015391595775,41.8301056154182],[-71.4016445329095,41.8300978322269],[-71.4016450481773,41.8301017374378],[-71.4016496857403,41.830101394778],[-71.4016506122976,41.8301047817459],[-71.4016536270717,41.8301335834671],[-71.4015997149077,41.8301382631763],[-71.4016017514901,41.8301557197908]]]},"properties":{"FID":54,"Layer":"C-GREENS-2","Shape_Leng":136.514900775,"Shape__Area":456.00962829589844,"Shape__Length":136.51490077684579,"GreenSpaceName":null}},{"type":"Feature","id":55,"geometry":{"type":"Polygon","coordinates":[[[-71.4017178607264,41.8303972072441],[-71.4016971869745,41.8303985139524],[-71.4016940436518,41.8303742435291],[-71.4016847708327,41.8303010137349],[-71.4016780807123,41.8302510446038],[-71.4016780219677,41.8302493132019],[-71.4016783050834,41.8302475946973],[-71.4016789263901,41.8302459269012],[-71.4016798701847,41.8302443449133],[-71.401681115946,41.8302428856299],[-71.4016826546537,41.8302419370894],[-71.4016843616207,41.8302411669599],[-71.4016861995058,41.8302405905154],[-71.401688130972,41.8302402203285],[-71.4016901138737,41.8302400644662],[-71.4016973538058,41.8302398932954],[-71.4017032586133,41.8302862198828],[-71.4017095467592,41.8303322064695],[-71.4017178607264,41.8303972072441]]]},"properties":{"FID":55,"Layer":"C-GREENS-2","Shape_Leng":125.092900918,"Shape__Area":321.53726959228516,"Shape__Length":125.08747514428927,"GreenSpaceName":null}},{"type":"Feature","id":56,"geometry":{"type":"Polygon","coordinates":[[[-71.4016962134197,41.8302141786413],[-71.4016862622527,41.8302153162563],[-71.4016847007909,41.8302154013524],[-71.40168313961,41.8302153027796],[-71.4016816196367,41.8302150223736],[-71.4016801769753,41.8302145664676],[-71.4016788477205,41.8302139476974],[-71.4016762080051,41.8302122284918],[-71.4016739708112,41.8302102143194],[-71.401672195045,41.8302079574505],[-71.4016710560765,41.8301954831808],[-71.4016932518094,41.8301938887709],[-71.4016962134197,41.8302141786413]]]},"properties":{"FID":56,"Layer":"C-GREENS-2","Shape_Leng":25.8160670049,"Shape__Area":43.876106262207031,"Shape__Length":25.810696824826611,"GreenSpaceName":null}},{"type":"Feature","id":57,"geometry":{"type":"Polygon","coordinates":[[[-71.4014766771897,41.8303892559211],[-71.4014753483145,41.8303781824142],[-71.4015443742476,41.8303736444672],[-71.4016010278397,41.8303696450877],[-71.4015955369091,41.8303274433026],[-71.4016595772311,41.830323293563],[-71.4016503953143,41.830251263995],[-71.401643052372,41.8301936873393],[-71.4016493068082,41.830193239824],[-71.4016519750198,41.8302140921561],[-71.4016613825162,41.8302865999975],[-71.4016727264694,41.8303759458314],[-71.4015678139431,41.8303828119977],[-71.4015678210722,41.8303828732269],[-71.4014766771897,41.8303892559211]]]},"properties":{"FID":57,"Layer":"C-GREENS-2","Shape_Leng":241.126705491,"Shape__Area":593.44068145751953,"Shape__Length":241.12670549641538,"GreenSpaceName":null}},{"type":"Feature","id":58,"geometry":{"type":"Polygon","coordinates":[[[-71.4017477878123,41.8306818857688],[-71.4017489482267,41.8306968828044],[-71.4017502339754,41.8306968316845],[-71.40175151346,41.8306969408195],[-71.4017527505718,41.8306972065772],[-71.4017539128174,41.8306976226275],[-71.4017549653044,41.830698177236],[-71.4017558803685,41.8306988550734],[-71.4017566327599,41.8306996363106],[-71.4017572020457,41.8307005002224],[-71.4017575702043,41.8307014233846],[-71.4017577300543,41.8307023787807],[-71.4017592012243,41.8307023053108],[-71.4017607987873,41.8307203458652],[-71.4017589676212,41.8307204559412],[-71.4017595659068,41.8307330593953],[-71.4015767696033,41.8307416055915],[-71.4015664642324,41.8307420874458],[-71.4015658542475,41.830728501711],[-71.4015850464754,41.8307278113896],[-71.4016131084032,41.8307019542892],[-71.4016436701634,41.8306999907128],[-71.4016395908405,41.8306643455077],[-71.401639323566,41.830664364186],[-71.4016347221094,41.8306269403643],[-71.4016674960617,41.8306244348711],[-71.401674301743,41.8306846535554],[-71.4016766695897,41.8306846861937],[-71.4016696128762,41.8306217374674],[-71.4016671872491,41.8306217047795],[-71.4016616824935,41.830578268623],[-71.4016290125193,41.8305804950986],[-71.4016273942825,41.8305673352609],[-71.4016251250514,41.8305492842252],[-71.4016064018326,41.8305503206852],[-71.401587016157,41.8305413754184],[-71.4015855419273,41.8305293015121],[-71.401624214207,41.8305269820525],[-71.4016515907519,41.830500542736],[-71.4016431021345,41.8304364277416],[-71.4016783301027,41.8304334282597],[-71.401713250081,41.8304625724007],[-71.4018054713073,41.8304838542509],[-71.4018057578527,41.8304861917754],[-71.401811701671,41.8304857854014],[-71.4018126071322,41.8304958969804],[-71.4017832568624,41.8304944763638],[-71.4017838715698,41.830508939032],[-71.4017873659459,41.8305083333906],[-71.4017882664743,41.8305082810406],[-71.4017892559631,41.8305224847316],[-71.4017636961472,41.8305236396187],[-71.4017628207189,41.8305127861858],[-71.4017417658982,41.8305137171348],[-71.4017426449041,41.8305245903784],[-71.4016688138578,41.8305279250799],[-71.4016717624671,41.8305645821981],[-71.4016941704317,41.8305636218084],[-71.4016989244591,41.8306256628225],[-71.4016835989509,41.830626320459],[-71.4016730160337,41.8306351194152],[-71.4016739130229,41.8306468209862],[-71.4016857706017,41.8306546586809],[-71.4017010961167,41.8306540010442],[-71.4017033798888,41.8306838096149],[-71.4017477878123,41.8306818857688]]]},"properties":{"FID":58,"Layer":"C-GREENS-2","Shape_Leng":488.187287275,"Shape__Area":2552.0547027587891,"Shape__Length":488.18317249410683,"GreenSpaceName":null}},{"type":"Feature","id":59,"geometry":{"type":"Polygon","coordinates":[[[-71.4015850854422,41.8305255296016],[-71.4015805086988,41.8304877168517],[-71.4015920887047,41.8304865509302],[-71.4015908364402,41.8304749597956],[-71.4015790655485,41.8304757879263],[-71.4015680445544,41.8303847227144],[-71.4016699347453,41.8303783707552],[-71.4016732090412,41.8304020065524],[-71.401676028625,41.8304018297984],[-71.4016778866764,41.8304163988713],[-71.4016855717546,41.8304290002891],[-71.4016794616407,41.8304295208573],[-71.4016375721458,41.830433087251],[-71.4016463535061,41.8304994155293],[-71.4016215798309,41.8305233406269],[-71.4015850854422,41.8305255296016]]]},"properties":{"FID":59,"Layer":"C-GREENS-2","Shape_Leng":163.938104157,"Shape__Area":1065.1372680664063,"Shape__Length":163.93448974264334,"GreenSpaceName":null}},{"type":"Feature","id":60,"geometry":{"type":"Polygon","coordinates":[[[-71.4025337782959,41.8306981942489],[-71.4021886242295,41.8307129995519],[-71.4021796819675,41.8306388994557],[-71.4021979998676,41.8306376338711],[-71.4022024777691,41.8306734045431],[-71.4023583457766,41.8306624656732],[-71.4023580032306,41.8306597337541],[-71.402523613454,41.8306481087794],[-71.4025283293626,41.8306874026663],[-71.4025274854401,41.830687436163],[-71.4025275349608,41.8306881213629],[-71.4024597538014,41.8306908746852],[-71.4024597042801,41.8306901903857],[-71.402454208543,41.8306904135046],[-71.4024545068673,41.8306945238046],[-71.4024600026048,41.8306943006856],[-71.4024599530849,41.8306936154857],[-71.4025277342471,41.8306908621633],[-71.4025277837691,41.8306915464628],[-71.4025332795061,41.8306913233403],[-71.4025337782959,41.8306981942489]]]},"properties":{"FID":60,"Layer":"C-GREENS-2","Shape_Leng":289.552738761,"Shape__Area":1554.0163192749023,"Shape__Length":289.55273875557674,"GreenSpaceName":null}},{"type":"Feature","id":61,"geometry":{"type":"Polygon","coordinates":[[[-71.3998248137093,41.8237075234295],[-71.3997725957745,41.8237112989234],[-71.399773174981,41.8237157786197],[-71.3996606340923,41.823724491999],[-71.3996575447723,41.8236963986959],[-71.3997471277637,41.8236900376815],[-71.3997467817542,41.8236873057482],[-71.3998213822788,41.8236818715542],[-71.3998248137093,41.8237075234295]]]},"properties":{"FID":61,"Layer":"C-GREENS-2","Shape_Leng":112.400992688,"Shape__Area":452.25988006591797,"Shape__Length":112.40099269318412,"GreenSpaceName":null}},{"type":"Feature","id":62,"geometry":{"type":"Polygon","coordinates":[[[-71.4028596927061,41.8245088519923],[-71.4028596725424,41.8245221923097],[-71.4028523337858,41.8245212794614],[-71.4028448937222,41.8245212929766],[-71.4028375617928,41.8245222339327],[-71.40283054026,41.8245240745904],[-71.4028240266072,41.8245267637973],[-71.4028182039086,41.8245302269803],[-71.4028132324025,41.8245343670383],[-71.4028092530954,41.8245390688472],[-71.4028063745202,41.8245442001491],[-71.4028046799472,41.8245496187607],[-71.4028030608962,41.8245655894183],[-71.4027837775768,41.8245664518321],[-71.4027826191901,41.8244983032342],[-71.402800252199,41.8244982524309],[-71.4028002479625,41.824509012388],[-71.4028207395569,41.8245090900479],[-71.4028288590388,41.8245087223751],[-71.4028288725969,41.8245093085078],[-71.4028596927061,41.8245088519923]]]},"properties":{"FID":62,"Layer":"C-GREENS-2","Shape_Leng":86.2451153301,"Shape__Area":235.82406616210938,"Shape__Length":86.221496582938826,"GreenSpaceName":null}},{"type":"Feature","id":63,"geometry":{"type":"Polygon","coordinates":[[[-71.4029603759793,41.8245071481143],[-71.4029606915419,41.8245165857424],[-71.4029519989581,41.8245162506753],[-71.4029433350024,41.8245168852977],[-71.4029348946932,41.8245184762692],[-71.4029268634535,41.824520987733],[-71.4029194207177,41.8245243640198],[-71.4029144038154,41.8245258903575],[-71.4029091625837,41.824526912315],[-71.4029037873257,41.8245274128623],[-71.4029034755348,41.8245083136912],[-71.4029417838378,41.8245078535791],[-71.4029417702379,41.8245072944566],[-71.4029603759793,41.8245071481143]]]},"properties":{"FID":63,"Layer":"C-GREENS-2","Shape_Leng":42.4245036007,"Shape__Area":72.61212158203125,"Shape__Length":42.41024983162319,"GreenSpaceName":null}},{"type":"Feature","id":64,"geometry":{"type":"Polygon","coordinates":[[[-71.4031021309565,41.8245219325097],[-71.4030569912053,41.8245410563558],[-71.4030532778796,41.824535419796],[-71.4030484552078,41.8245302756861],[-71.4030426349516,41.8245257447656],[-71.4030359553755,41.8245219333914],[-71.40302857523,41.8245189326315],[-71.4030206665358,41.8245168137579],[-71.4030124182004,41.8245156246479],[-71.4030040227699,41.8245153951754],[-71.4029933608906,41.8245158903625],[-71.4029927011901,41.8244832443854],[-71.4030468529617,41.8245024331269],[-71.4031021309565,41.8245219325097]]]},"properties":{"FID":64,"Layer":"C-GREENS-2","Shape_Leng":80.275216536,"Shape__Area":246.44894409179688,"Shape__Length":80.25717753717818,"GreenSpaceName":null}},{"type":"Feature","id":65,"geometry":{"type":"Polygon","coordinates":[[[-71.4032533991627,41.8244573201762],[-71.4031174156797,41.8245154152373],[-71.4030388476114,41.824487788646],[-71.4030236950441,41.8244809098639],[-71.4029921749741,41.8244618464658],[-71.403059933855,41.8244599157166],[-71.4031037368388,41.8244595583244],[-71.4031502233369,41.824458882657],[-71.4032533991627,41.8244573201762]]]},"properties":{"FID":65,"Layer":"C-GREENS-2","Shape_Leng":153.449058618,"Shape__Area":771.30543518066406,"Shape__Length":153.4489794288597,"GreenSpaceName":null}},{"type":"Feature","id":66,"geometry":{"type":"Polygon","coordinates":[[[-71.4032620525427,41.8244693019829],[-71.4032639384707,41.8245422481995],[-71.4032637761021,41.8245461600391],[-71.4032627808811,41.8245500018512],[-71.4032609806375,41.8245536773227],[-71.4032584212567,41.8245570901561],[-71.4032551666644,41.8245601539724],[-71.4032513000322,41.8245627914124],[-71.4032354250456,41.8245632147058],[-71.4032353284425,41.8245610204964],[-71.403061267493,41.8245652917091],[-71.4030612558755,41.8245602254874],[-71.4030583200541,41.8245602293122],[-71.4030580951714,41.8245561010646],[-71.4031778947457,41.8245046405434],[-71.4032620525427,41.8244693019829]]]},"properties":{"FID":66,"Layer":"C-GREENS-2","Shape_Leng":155.86251582,"Shape__Area":1028.5359191894531,"Shape__Length":155.85337985712835,"GreenSpaceName":null}},{"type":"Feature","id":67,"geometry":{"type":"Polygon","coordinates":[[[-71.4037402578625,41.8244514403067],[-71.4036572118985,41.8244928448389],[-71.4034952722584,41.8245517018705],[-71.4034943751989,41.824551905494],[-71.4034897686431,41.8245471028129],[-71.4034888603089,41.8245459973329],[-71.4034881723793,41.8245448065057],[-71.4034877180584,41.8245435546517],[-71.4034875057341,41.8245422669875],[-71.4034853872665,41.8244845318197],[-71.4034960089986,41.8244843138579],[-71.4034957459712,41.8244542665973],[-71.4035460888978,41.8244537245587],[-71.4035964318223,41.8244531833983],[-71.4036432162707,41.8244528787214],[-71.4037402578625,41.8244514403067]]]},"properties":{"FID":67,"Layer":"C-GREENS-2","Shape_Leng":182.124546039,"Shape__Area":1326.5132598876953,"Shape__Length":182.122941637637,"GreenSpaceName":null}},{"type":"Feature","id":68,"geometry":{"type":"Polygon","coordinates":[[[-71.4037577156885,41.8245522875877],[-71.4035322647821,41.8245553586102],[-71.4035320605094,41.8245551216493],[-71.4035319092317,41.8245548631248],[-71.4035318145506,41.824554589342],[-71.4035317812688,41.824554308408],[-71.4035318069681,41.8245540275236],[-71.4035318940476,41.8245537520927],[-71.4035320376779,41.8245534920152],[-71.4035322354447,41.8245532517905],[-71.4035324825224,41.8245530386175],[-71.4035327728858,41.8245528569927],[-71.4035330968959,41.8245527132104],[-71.4036005710083,41.8245280276162],[-71.4036646283945,41.8245045365688],[-71.4037548625923,41.8244600777992],[-71.4037577156885,41.8245522875877]]]},"properties":{"FID":68,"Layer":"C-GREENS-2","Shape_Leng":165.571638418,"Shape__Area":983.5894775390625,"Shape__Length":165.5704163274805,"GreenSpaceName":null}},{"type":"Feature","id":69,"geometry":{"type":"Polygon","coordinates":[[[-71.4039955447242,41.8244827786916],[-71.4039980121265,41.8244861174129],[-71.4040573564891,41.824528186751],[-71.4040582215207,41.8245470171795],[-71.4040492379601,41.8245472689739],[-71.4040367809487,41.8245464356576],[-71.4039134918747,41.8245491803721],[-71.4037902015868,41.8245519249532],[-71.4037890046353,41.824496763734],[-71.4038144736168,41.8244967679561],[-71.4038454921329,41.8244964382902],[-71.4038461648146,41.8244965612995],[-71.4038468024745,41.8244967608083],[-71.403847391879,41.8244970323039],[-71.4038479173894,41.8244973694709],[-71.4038483669822,41.8244977632957],[-71.4038487286354,41.8244982038645],[-71.4038489939365,41.824498682167],[-71.4038562533584,41.824498725157],[-71.4038790155768,41.8244984975127],[-71.4038856036487,41.8244983319606],[-71.4038858173273,41.8244979143817],[-71.4038861164223,41.8244975274859],[-71.4038864949005,41.8244971811717],[-71.4038869419152,41.8244968844336],[-71.403887446621,41.8244966453655],[-71.4038879957706,41.824496468458],[-71.4038885749102,41.8244963600015],[-71.4038891707965,41.8244963217854],[-71.4038897665765,41.8244963546961],[-71.4039391686887,41.824495514586],[-71.4039383161708,41.8244868580064],[-71.4039955447242,41.8244827786916]]]},"properties":{"FID":69,"Layer":"C-GREENS-2","Shape_Leng":184.209882762,"Shape__Area":1397.3921127319336,"Shape__Length":184.20691744353158,"GreenSpaceName":null}},{"type":"Feature","id":70,"geometry":{"type":"Polygon","coordinates":[[[-71.4039382059284,41.8244841091768],[-71.4039371076077,41.8244417967901],[-71.4039427396159,41.8244418483175],[-71.4039397363022,41.8243356102116],[-71.4039453864265,41.8243356149363],[-71.4039454098404,41.8243199490432],[-71.4039394937019,41.8243199440961],[-71.4039396921287,41.8241871873551],[-71.4039461740422,41.8241871567617],[-71.4039462042524,41.8241669432574],[-71.4039371862251,41.8241669357164],[-71.4039374198759,41.8240106153066],[-71.4039418578612,41.8240106190178],[-71.4039418874254,41.8239908385758],[-71.4039325889953,41.8239908100921],[-71.4039303859017,41.8238847500139],[-71.4039248982441,41.823884792242],[-71.4039241250272,41.8238400032876],[-71.4039202623354,41.8238400522767],[-71.4039200805742,41.8238320039864],[-71.4039770015061,41.8238320200691],[-71.4039791913665,41.8239260407917],[-71.4039827049375,41.8240791114083],[-71.4039840286444,41.8241381613032],[-71.4039874771751,41.8243098058699],[-71.4039907536841,41.8244531895221],[-71.4039740929923,41.8244534285916],[-71.4039748141923,41.8244814999882],[-71.4039382059284,41.8244841091768]]]},"properties":{"FID":70,"Layer":"C-GREENS-2","Shape_Leng":519.575587915,"Shape__Area":3007.2888259887695,"Shape__Length":519.57558792162092,"GreenSpaceName":null}},{"type":"Feature","id":71,"geometry":{"type":"Polygon","coordinates":[[[-71.4031213952865,41.8238325513487],[-71.403206902339,41.8238326621442],[-71.4032924093756,41.8238327836801],[-71.4032923748093,41.8238477563032],[-71.4032890537922,41.8238477931222],[-71.4032890788425,41.8238487439023],[-71.403280946576,41.8238488658041],[-71.403281800077,41.8238855994893],[-71.4031084613991,41.8238878519202],[-71.4030319742178,41.8238888452797],[-71.402979901833,41.8238895215838],[-71.4029491488932,41.8238895352211],[-71.4029469395651,41.8238532451559],[-71.4029381802145,41.8238533430948],[-71.4029381567062,41.8238521717327],[-71.4029329616299,41.8238521583396],[-71.4029337172973,41.8238331933186],[-71.4030275568948,41.8238328719223],[-71.4031213952865,41.8238325513487]]]},"properties":{"FID":71,"Layer":"C-GREENS-2","Shape_Leng":235.144947665,"Shape__Area":1866.7856292724609,"Shape__Length":235.14494768596953,"GreenSpaceName":null}},{"type":"Feature","id":72,"geometry":{"type":"Polygon","coordinates":[[[-71.4029292866117,41.8238522731787],[-71.4028916082657,41.823852706809],[-71.4028911486214,41.8238302933595],[-71.4029301561149,41.8238304613792],[-71.4029300497593,41.8238331379998],[-71.4029292866117,41.8238522731787]]]},"properties":{"FID":72,"Layer":"C-GREENS-2","Shape_Leng":37.0235345951,"Shape__Area":84.210014343261719,"Shape__Length":37.023534597856624,"GreenSpaceName":null}},{"type":"Feature","id":73,"geometry":{"type":"Polygon","coordinates":[[[-71.4027999232124,41.8244913393437],[-71.4027825041441,41.8244916010075],[-71.4027814568629,41.8244534500236],[-71.4027986963336,41.8244533448671],[-71.4027999232124,41.8244913393437]]]},"properties":{"FID":73,"Layer":"C-GREENS-2","Shape_Leng":37.2021250661,"Shape__Area":65.550743103027344,"Shape__Length":37.202125069752981,"GreenSpaceName":null}},{"type":"Feature","id":74,"geometry":{"type":"Polygon","coordinates":[[[-71.4036675189206,41.8243388062447],[-71.4035510860304,41.8243402337206],[-71.4035508662127,41.8243238869665],[-71.4036671629173,41.8243225521116],[-71.4036675189206,41.8243388062447]]]},"properties":{"FID":74,"Layer":"C-GREENS-2","Shape_Leng":75.3226287385,"Shape__Area":188.43392944335938,"Shape__Length":75.322628741794873,"GreenSpaceName":null}},{"type":"Feature","id":75,"geometry":{"type":"Polygon","coordinates":[[[-71.4037917741,41.8243015300698],[-71.4037826607817,41.8243016430825],[-71.4037827310864,41.824303727428],[-71.4037811651408,41.8243036892024],[-71.4037796259487,41.8243034691306],[-71.4037781520201,41.8243030726468],[-71.4037767770434,41.824302509683],[-71.4037755371092,41.8243017937746],[-71.4037744610805,41.8243009420521],[-71.4037735754074,41.8242999752456],[-71.4037729017212,41.8242989167819],[-71.4037641029078,41.8242682555414],[-71.4037610755189,41.8242369770005],[-71.4037638788232,41.8242056871381],[-71.4037724577404,41.8241749909361],[-71.4037785364834,41.8241749158978],[-71.4037792336383,41.824209340975],[-71.403779930794,41.8242437660521],[-71.4037904933739,41.8242436353464],[-71.4037907999823,41.8242575269462],[-71.4037803361054,41.824257655934],[-71.403781075704,41.8242878521502],[-71.4037914685682,41.8242877231029],[-71.4037917741,41.8243015300698]]]},"properties":{"FID":75,"Layer":"C-GREENS-2","Shape_Leng":108.825265727,"Shape__Area":209.88395690917969,"Shape__Length":108.78483129716689,"GreenSpaceName":null}},{"type":"Feature","id":76,"geometry":{"type":"Polygon","coordinates":[[[-71.403778144062,41.8241556329908],[-71.4037720845799,41.8241557080453],[-71.4037616410276,41.8241237867508],[-71.4037581741129,41.8240910258815],[-71.4037617764428,41.8240582736356],[-71.4037723516482,41.8240263762511],[-71.4037727271383,41.8240489264776],[-71.4037764742849,41.8240488800978],[-71.4037764323132,41.8240720899236],[-71.4037866939367,41.8240719634678],[-71.4037869712802,41.8240844973311],[-71.4037753867768,41.8240846406856],[-71.4037757771134,41.824101295499],[-71.4037873399534,41.8241011521263],[-71.4037876702906,41.8241160773365],[-71.4037778395879,41.8241161987513],[-71.403778144062,41.8241556329908]]]},"properties":{"FID":76,"Layer":"C-GREENS-2","Shape_Leng":109.536849691,"Shape__Area":192.722900390625,"Shape__Length":109.48502851899298,"GreenSpaceName":null}},{"type":"Feature","id":77,"geometry":{"type":"Polygon","coordinates":[[[-71.4037360584727,41.8241739907731],[-71.4037373307315,41.8241740179491],[-71.4037385798896,41.8241741990639],[-71.4037397734556,41.8241745286881],[-71.4037408801457,41.8241749986925],[-71.4037418710917,41.8241755955478],[-71.403742719834,41.8241763048265],[-71.4037434047345,41.8241771076032],[-71.4037448707628,41.8241795622577],[-71.4037458876296,41.8241821407827],[-71.4037464373482,41.8241847972458],[-71.4037397211493,41.8242207025723],[-71.403740579255,41.8242569509725],[-71.4037489925434,41.8242926555956],[-71.403749545701,41.8242938201984],[-71.4037498435982,41.8242950368071],[-71.4037498778589,41.824296272102],[-71.4037496485264,41.8242974972724],[-71.4037491616703,41.8242986781103],[-71.4037484281669,41.824299785814],[-71.4037474685207,41.8243007924902],[-71.4037452271437,41.8243024688455],[-71.4037426347556,41.8243038333891],[-71.4037397696557,41.8243048465715],[-71.4037367137408,41.8243054778499],[-71.4037335597206,41.8243057101955],[-71.4036183636715,41.8243067453276],[-71.4035101987768,41.8243083192515],[-71.4035083436942,41.8243084482426],[-71.4035064865624,41.8243083386418],[-71.4035046815449,41.8243079922954],[-71.4035029827914,41.824307420053],[-71.4035014408326,41.8243066381631],[-71.4035001001686,41.8243056709722],[-71.4034990004793,41.8243045464243],[-71.4034981742155,41.8243032969589],[-71.4034976465981,41.8243019604114],[-71.4034973188089,41.8242998119252],[-71.403497450847,41.824297652121],[-71.4034980402237,41.8242955350168],[-71.4034990700075,41.8242935137187],[-71.4035005148413,41.8242916413253],[-71.403549451338,41.8242416316335],[-71.4035959386519,41.8241945639763],[-71.4035999207619,41.8241903483257],[-71.4036047687151,41.8241866745057],[-71.4036103523659,41.8241836405442],[-71.403616522333,41.8241813291468],[-71.4036267223382,41.8241789599072],[-71.4036373008072,41.8241778586625],[-71.4037360584727,41.8241739907731]]]},"properties":{"FID":77,"Layer":"C-GREENS-2","Shape_Leng":206.159099053,"Shape__Area":2496.1931610107422,"Shape__Length":206.08027348357146,"GreenSpaceName":null}},{"type":"Feature","id":78,"geometry":{"type":"Polygon","coordinates":[[[-71.4037404032415,41.8240481827253],[-71.4037363535139,41.8240814820023],[-71.40373838105,41.8241148836086],[-71.4037464494686,41.8241477707803],[-71.4037465692881,41.8241489413225],[-71.4037464555909,41.8241501125694],[-71.4037461120272,41.8241512584141],[-71.4037455446532,41.8241523536523],[-71.4037447655434,41.8241533730844],[-71.4037437939893,41.8241542951187],[-71.4037419829783,41.8241555414722],[-71.4037399159499,41.8241565418183],[-71.4037376531344,41.824157265596],[-71.403735258357,41.8241576930513],[-71.403732802654,41.8241578116389],[-71.4036339254763,41.8241563079979],[-71.4036822687198,41.8241068532603],[-71.4037404032415,41.8240481827253]]]},"properties":{"FID":78,"Layer":"C-GREENS-2","Shape_Leng":118.401014168,"Shape__Area":575.51075744628906,"Shape__Length":118.36640360091822,"GreenSpaceName":null}},{"type":"Feature","id":79,"geometry":{"type":"Polygon","coordinates":[[[-71.4036182219976,41.824154002558],[-71.4036070790316,41.8241494662995],[-71.4035947625568,41.8241408604194],[-71.4035446097119,41.8240927095595],[-71.4034948593579,41.8240459059239],[-71.4034932094668,41.8240440606418],[-71.4034919883554,41.8240420374526],[-71.4034912272371,41.8240398913033],[-71.4034909488925,41.8240376816354],[-71.4034911592522,41.8240354669761],[-71.4034915970007,41.8240341258375],[-71.4034923355554,41.8240328614805],[-71.4034933531961,41.8240317099005],[-71.4034946197792,41.8240307052849],[-71.4034960967407,41.824029878213],[-71.4034977419153,41.8240292529586],[-71.4034995059249,41.8240288474868],[-71.4035013357882,41.8240286743581],[-71.4035031797404,41.8240287380306],[-71.4035995534116,41.8240275935844],[-71.4037312041792,41.8240260077489],[-71.4037335632391,41.8240325470936],[-71.4037338467795,41.8240337042679],[-71.4037338714994,41.8240348801325],[-71.4037336398532,41.8240360431774],[-71.4037331554991,41.824037161894],[-71.4037324317223,41.824038206582],[-71.4036831047299,41.8240879459242],[-71.4036182219976,41.824154002558]]]},"properties":{"FID":79,"Layer":"C-GREENS-2","Shape_Leng":179.874612902,"Shape__Area":1715.7037887573242,"Shape__Length":179.86207231625411,"GreenSpaceName":"Lower"}},{"type":"Feature","id":80,"geometry":{"type":"Polygon","coordinates":[[[-71.403468705008,41.8241593312702],[-71.4034683616386,41.8241555360493],[-71.403469651679,41.8241485324895],[-71.4034721716047,41.8241417181341],[-71.4034818795364,41.8241223599814],[-71.4034870810752,41.8241020535852],[-71.4034876248882,41.8240813822393],[-71.4034834956459,41.8240609383545],[-71.4034833830078,41.8240605997321],[-71.4034833438081,41.824060252168],[-71.4034833816456,41.8240599037682],[-71.4034834940968,41.8240595653349],[-71.4034836775397,41.8240592440677],[-71.4034839283484,41.8240589498673],[-71.4034842404937,41.8240586899314],[-71.4034846031316,41.8240584714535],[-71.4034850090332,41.8240582989293],[-71.4034854473559,41.824058178652],[-71.4034859060601,41.8240581124122],[-71.4034863719013,41.8240581028999],[-71.4034873443305,41.8240582027543],[-71.403488280472,41.8240584205227],[-71.4034891562588,41.8240587516832],[-71.4034899476336,41.8240591854116],[-71.4034906317411,41.8240597117848],[-71.4035430603114,41.8241073153721],[-71.4035445700253,41.8241095287748],[-71.4035455908142,41.8241118939243],[-71.4035460962875,41.8241143504758],[-71.4035460745015,41.8241168362958],[-71.4035455243484,41.8241192874593],[-71.4035444615694,41.8241216418559],[-71.4035429115308,41.8241238400846],[-71.4035409140382,41.8241258263577],[-71.4035385209258,41.8241275502996],[-71.403538447836,41.824127326954],[-71.4035383265799,41.8241271161726],[-71.4035381607616,41.8241269224603],[-71.4035379527779,41.8241267530218],[-71.403537711049,41.8241266114654],[-71.403537440383,41.824126502297],[-71.4035371492016,41.8241264282246],[-71.4035368459265,41.8241263919564],[-71.4035365389837,41.8241263934993],[-71.4035362355938,41.8241264337598],[-71.4035359465928,41.8241265109464],[-71.4035356780017,41.8241266232633],[-71.4035354394555,41.8241267671173],[-71.4035352345693,41.8241269398105],[-71.4035350717796,41.8241271341472],[-71.4035349547031,41.8241273465291],[-71.4035348869602,41.8241275706569],[-71.4035348697639,41.8241278002291],[-71.4035349043276,41.8241280289444],[-71.4035279518397,41.8241296221094],[-71.4035214338602,41.8241320322471],[-71.4035155214044,41.8241351982781],[-71.4035103686726,41.8241390347998],[-71.4035061106249,41.8241434437887],[-71.4035028581765,41.8241483082937],[-71.4035006981836,41.8241535014401],[-71.4034996862202,41.8241588873232],[-71.403468705008,41.8241593312702]]]},"properties":{"FID":80,"Layer":"C-GREENS-2","Shape_Leng":96.1278467191,"Shape__Area":384.48414611816406,"Shape__Length":96.0570254648979,"GreenSpaceName":null}},{"type":"Feature","id":81,"geometry":{"type":"Polygon","coordinates":[[[-71.4034694807598,41.8242430950378],[-71.4034701994934,41.8242638448732],[-71.4034670172596,41.8242844644825],[-71.4034599960556,41.8243045460636],[-71.4034595229811,41.8243053631746],[-71.4034588742719,41.8243061108118],[-71.4034580716269,41.8243067673853],[-71.4034571331259,41.8243073167041],[-71.4034560864794,41.8243077416852],[-71.4034549617946,41.8243080324501],[-71.4034537867711,41.8243081791182],[-71.4034525963202,41.8243081790181],[-71.4034514217377,41.8243080321758],[-71.4034413225754,41.8243081578378],[-71.4034402761484,41.8242611682234],[-71.4034508206778,41.8242610366334],[-71.4034486796466,41.8242455904047],[-71.403439932264,41.8242456991959],[-71.4034384471247,41.8241790610962],[-71.4034470849532,41.8241789585153],[-71.4034471740403,41.8241829551987],[-71.403447490155,41.8241880657933],[-71.4034486477519,41.8241931077689],[-71.403450627687,41.8241980045807],[-71.4034534011857,41.8242026805758],[-71.4034610685452,41.8242155978927],[-71.4034664587858,41.8242291435335],[-71.4034694807598,41.8242430950378]]]},"properties":{"FID":81,"Layer":"C-GREENS-2","Shape_Leng":107.450683316,"Shape__Area":273.75153350830078,"Shape__Length":107.41319947575326,"GreenSpaceName":null}},{"type":"Feature","id":82,"geometry":{"type":"Polygon","coordinates":[[[-71.4034484321462,41.8241595528226],[-71.40343801525,41.8241596674132],[-71.4034372677421,41.8241260309889],[-71.4034453494562,41.8241259306418],[-71.4034480191342,41.8241107756645],[-71.403436931756,41.8241109140006],[-71.4034351053372,41.8240286808258],[-71.4034402430946,41.824029200139],[-71.4034452114501,41.8240303090322],[-71.4034498888711,41.8240319812934],[-71.4034509400749,41.8240325259822],[-71.4034518743576,41.8240331795138],[-71.4034526712769,41.824033928366],[-71.4034533128017,41.8240347563175],[-71.4034624284987,41.8240570753004],[-71.4034662515262,41.8240802370547],[-71.403464664964,41.8241035446196],[-71.4034577180074,41.8241262966715],[-71.4034473478346,41.8241522006365],[-71.4034468776296,41.8241527107339],[-71.4034465325283,41.8241532740566],[-71.4034463221859,41.8241538735061],[-71.4034462538515,41.8241544910818],[-71.4034463287559,41.8241551087779],[-71.4034465457252,41.8241557067859],[-71.4034484321462,41.8241595528226]]]},"properties":{"FID":82,"Layer":"C-GREENS-2","Shape_Leng":108.2698972,"Shape__Area":274.92533111572266,"Shape__Length":108.21635152244932,"GreenSpaceName":null}},{"type":"Feature","id":83,"geometry":{"type":"Polygon","coordinates":[[[-71.4035417781164,41.8241917040484],[-71.4035417110423,41.8241914825085],[-71.4035415958031,41.8241912726325],[-71.4035414360018,41.8241910798257],[-71.403541236445,41.8241909094939],[-71.4035410019406,41.8241907661429],[-71.4035407397069,41.8241906524799],[-71.4035404545504,41.8241905739109],[-71.4035401573044,41.824190530445],[-71.4035398539831,41.8241905247882],[-71.4035395542175,41.8241905560484],[-71.4035392652297,41.8241906242316],[-71.4035389942445,41.8241907275431],[-71.4035387508981,41.8241908614894],[-71.4035385388045,41.8241910242728],[-71.4035383663973,41.8241912104984],[-71.4035382372946,41.8241914156674],[-71.4035381551155,41.824191634381],[-71.4035345573964,41.8241907598309],[-71.4035311998533,41.824189457821],[-71.4035281715091,41.8241877617385],[-71.4035255553466,41.8241857193714],[-71.4035234186913,41.8241833847964],[-71.4035218216344,41.8241808201876],[-71.4035208062006,41.8241780949065],[-71.4035203999654,41.8241752819036],[-71.4035200979711,41.824161563172],[-71.4035203008816,41.8241586975607],[-71.4035211488671,41.8241559000167],[-71.4035226201423,41.8241532497516],[-71.403524670053,41.8241508250574],[-71.4035272407182,41.8241486952116],[-71.4035302562124,41.8241469222738],[-71.4035336309979,41.8241455565914],[-71.4035372651068,41.8241446394958],[-71.4035373502389,41.8241448592502],[-71.4035374835387,41.82414506554],[-71.403537660201,41.8241452520587],[-71.4035378766228,41.8241454134013],[-71.4035381243824,41.8241455468596],[-71.4035383998767,41.8241456470286],[-71.4035386934791,41.8241457120997],[-71.4035389967677,41.8241457393645],[-71.4035393025218,41.8241457279169],[-71.4035396011092,41.8241456795493],[-71.4035398853064,41.824145595156],[-71.4035401466862,41.8241454756302],[-71.4035403768161,41.8241453254667],[-71.4035405720783,41.8241451491641],[-71.4035407240402,41.8241449512169],[-71.4035408314899,41.8241447370263],[-71.4035408884011,41.8241445119891],[-71.4035417781164,41.8241917040484]]]},"properties":{"FID":83,"Layer":"C-GREENS-2","Shape_Leng":41.6548841215,"Shape__Area":82.848075866699219,"Shape__Length":41.632422127979268,"GreenSpaceName":null}},{"type":"Feature","id":84,"geometry":{"type":"Polygon","coordinates":[[[-71.4037602985233,41.824004278116],[-71.4037577439145,41.824006144181],[-71.403754811861,41.8240076678005],[-71.4037515830716,41.8240088076265],[-71.403748145464,41.8240095313205],[-71.4037445965648,41.8240098200569],[-71.4036004975577,41.8240112397033],[-71.4034685686081,41.824012930495],[-71.4034671507149,41.8240128977916],[-71.4034657607755,41.824012685944],[-71.4034644385008,41.8240123021884],[-71.4034632211902,41.8240117564598],[-71.4034621449283,41.824011065895],[-71.4034612397804,41.8240102485261],[-71.4034593856773,41.8240081284682],[-71.403459302155,41.8240044334032],[-71.4035074324317,41.8240038400032],[-71.403598571204,41.82400271637],[-71.4035984007727,41.8239951659769],[-71.4036166068669,41.8239949354613],[-71.4036168066559,41.8240037796673],[-71.4036624200658,41.8240031579807],[-71.4036622202057,41.823994356991],[-71.4036766213778,41.8239941736938],[-71.4036767952499,41.8240018438348],[-71.403723488329,41.8240012455378],[-71.403723314442,41.8239935816991],[-71.4037401314554,41.8239933689069],[-71.4037403030949,41.8240009274038],[-71.403760221742,41.8240008927739],[-71.4037602985233,41.824004278116]]]},"properties":{"FID":84,"Layer":"C-GREENS-2","Shape_Leng":185.499114956,"Shape__Area":286.09360504150391,"Shape__Length":185.49080386098427,"GreenSpaceName":null}},{"type":"Feature","id":85,"geometry":{"type":"Polygon","coordinates":[[[-71.4034426996697,41.824558078015],[-71.4033104588321,41.8245615069187],[-71.403302906208,41.824556327209],[-71.4033010811992,41.8245548635209],[-71.4032995838881,41.8245532056354],[-71.4032984503259,41.8245513931975],[-71.4032977069261,41.8245494712466],[-71.4032973728787,41.8245474857162],[-71.4032960023906,41.8245031410279],[-71.4033746901436,41.8245016865693],[-71.4034533766881,41.824500232956],[-71.4034546100135,41.8245438095374],[-71.4034544776489,41.8245453841204],[-71.4034539962697,41.8245469205958],[-71.4034531767754,41.8245483748561],[-71.4034520457079,41.8245497064083],[-71.4034426996697,41.824558078015]]]},"properties":{"FID":85,"Layer":"C-GREENS-2","Shape_Leng":123.739075038,"Shape__Area":895.45914459228516,"Shape__Length":123.73263131244228,"GreenSpaceName":null}},{"type":"Feature","id":86,"geometry":{"type":"Polygon","coordinates":[[[-71.4032875428591,41.8243119404487],[-71.4032862577934,41.8243116233475],[-71.4032850511831,41.8243111631584],[-71.4032839543077,41.8243105707116],[-71.4032829900158,41.824309860432],[-71.4032821811531,41.8243090485448],[-71.4032815481538,41.8243081539744],[-71.4032811042273,41.8243071974397],[-71.4032808613768,41.8243062014594],[-71.4032713023629,41.8242713430573],[-71.4032691097776,41.824235795795],[-71.4032859052124,41.8242355677453],[-71.4032862899708,41.8242518462131],[-71.4032977493217,41.8242517028026],[-71.4032979997614,41.8242628546224],[-71.4032877007881,41.8242629837041],[-71.4032875748566,41.8243074747902],[-71.4032875428591,41.8243119404487]]]},"properties":{"FID":86,"Layer":"C-GREENS-2","Shape_Leng":67.2616082804,"Shape__Area":113.37213134765625,"Shape__Length":67.2323004100248,"GreenSpaceName":null}},{"type":"Feature","id":87,"geometry":{"type":"Polygon","coordinates":[[[-71.4032864907086,41.8241616440362],[-71.4032802109439,41.8241617233809],[-71.4032705179189,41.8241311450805],[-71.4032663376288,41.8240998763592],[-71.4032677414576,41.8240684682855],[-71.4032747068932,41.8240374772504],[-71.4032755033335,41.8240361436174],[-71.403276583666,41.8240349281679],[-71.4032779189533,41.8240338632899],[-71.4032794730389,41.8240329795643],[-71.4032812013513,41.8240323003626],[-71.4032812645127,41.8240351211805],[-71.403281741785,41.8240459121554],[-71.4032827656058,41.8240798495273],[-71.4032827297412,41.8240908840622],[-71.4032828529905,41.8241073666874],[-71.4032838520705,41.8241073540235],[-71.4032864907086,41.8241616440362]]]},"properties":{"FID":87,"Layer":"C-GREENS-2","Shape_Leng":97.6434349742,"Shape__Area":164.01238250732422,"Shape__Length":97.606510629781681,"GreenSpaceName":null}},{"type":"Feature","id":88,"geometry":{"type":"Polygon","coordinates":[[[-71.4032176259686,41.8240156940686],[-71.4031126421756,41.8240169479768],[-71.4030054020825,41.8240185915317],[-71.4030045862402,41.8240112431693],[-71.4030499395983,41.824010665623],[-71.4030641566309,41.8240104696424],[-71.4031099706667,41.8240101130444],[-71.403124357576,41.8240098127602],[-71.4031697121223,41.824009244171],[-71.4031696850434,41.8240080430948],[-71.4032173157949,41.8240074502956],[-71.4032176259686,41.8240156940686]]]},"properties":{"FID":88,"Layer":"C-GREENS-2","Shape_Leng":121.982980655,"Shape__Area":155.42700958251953,"Shape__Length":121.98298064657317,"GreenSpaceName":null}},{"type":"Feature","id":89,"geometry":{"type":"Polygon","coordinates":[[[-71.4029538978126,41.8240391433059],[-71.4029539015458,41.8240366709759],[-71.4029545277978,41.824036449121],[-71.4029551960552,41.8240363092325],[-71.4029558858483,41.8240362557949],[-71.4029565779155,41.8240362905924],[-71.402957251797,41.8240364118072],[-71.4029578894402,41.8240366176234],[-71.4029584703946,41.8240368999206],[-71.4029589802269,41.8240372514838],[-71.4029594033041,41.8240376623961],[-71.4029597264021,41.8240381218424],[-71.4029599423218,41.8240386145107],[-71.4029701493747,41.8240746313246],[-71.4029725818804,41.8241114041587],[-71.4029558543892,41.8241112972936],[-71.4029554216005,41.8240949971755],[-71.4029538978126,41.8240391433059]]]},"properties":{"FID":89,"Layer":"C-GREENS-2","Shape_Leng":60.7013792239,"Shape__Area":97.668998718261719,"Shape__Length":60.670483540366085,"GreenSpaceName":null}},{"type":"Feature","id":90,"geometry":{"type":"Polygon","coordinates":[[[-71.4031913364464,41.8243447983432],[-71.4031665339022,41.8243451051619],[-71.4031663625952,41.8243373701983],[-71.4031378429686,41.8243377323995],[-71.4031380142856,41.8243454583598],[-71.4031140964713,41.8243457542088],[-71.4031139386934,41.8243386305872],[-71.4030805954249,41.8243392885189],[-71.40308074755,41.8243461672433],[-71.4030574941862,41.8243464546378],[-71.4030573195339,41.824338552208],[-71.4030342382298,41.8243388865606],[-71.4030341958899,41.8243310481665],[-71.4031133139138,41.8243298895614],[-71.4032149029553,41.8243284014054],[-71.4032152081188,41.824336775723],[-71.4031911933504,41.8243383103739],[-71.4031913364464,41.8243447983432]]]},"properties":{"FID":90,"Layer":"C-GREENS-2","Shape_Leng":120.503036291,"Shape__Area":205.54600524902344,"Shape__Length":120.50303630593949,"GreenSpaceName":null}},{"type":"Feature","id":91,"geometry":{"type":"Polygon","coordinates":[[[-71.403236593744,41.8240316253553],[-71.4032369125524,41.8240341357714],[-71.4032369438373,41.8240349425022],[-71.4032368330915,41.8240357464124],[-71.4032365827466,41.8240365312979],[-71.4032361976352,41.8240372854583],[-71.4032344941616,41.8240406539954],[-71.4031893702248,41.8240870870167],[-71.4031455657647,41.8241325226555],[-71.4031139618494,41.824165174739],[-71.403001036471,41.8241668279],[-71.4029985053036,41.8241667015158],[-71.4029960396259,41.8241662501641],[-71.4029937152472,41.8241654892148],[-71.4029916019502,41.8241644394346],[-71.4029897598688,41.8241631341869],[-71.4029886925626,41.8241620942934],[-71.4029878336507,41.8241609510368],[-71.402987201153,41.8241597278411],[-71.402986807067,41.8241584508264],[-71.402986658578,41.8241571443079],[-71.4029935319871,41.8241202316776],[-71.4029929839864,41.8240829643482],[-71.4029850265751,41.8240461733433],[-71.4029849785454,41.8240445004714],[-71.4029853192789,41.8240428459345],[-71.4029860378649,41.8240412610429],[-71.4029871113627,41.8240397925948],[-71.4029885096121,41.8240384855819],[-71.4029901675599,41.8240373759627],[-71.4029920370436,41.8240364736002],[-71.4029940710869,41.824035800063],[-71.402996221518,41.8240353715165],[-71.4029984341534,41.8240351996193],[-71.4031161327099,41.8240330210868],[-71.4031763626264,41.8240323227862],[-71.403236593744,41.8240316253553]]]},"properties":{"FID":91,"Layer":"C-GREENS-2","Shape_Leng":207.865587544,"Shape__Area":2463.0963439941406,"Shape__Length":207.81253587472344,"GreenSpaceName":"Upper"}},{"type":"Feature","id":92,"geometry":{"type":"Polygon","coordinates":[[[-71.4032491897042,41.8240480284525],[-71.4032493341248,41.8240480429796],[-71.4032494737021,41.8240480764097],[-71.4032496036256,41.8240481260378],[-71.4032497202855,41.8240481909605],[-71.4032498212758,41.8240482702755],[-71.4032499029909,41.8240483603783],[-71.4032499642297,41.8240484594673],[-71.4032500013854,41.8240485648383],[-71.4032500156656,41.8240486737915],[-71.4032488101806,41.8240706572746],[-71.4032445320039,41.8240924256893],[-71.4032422271624,41.8241074702274],[-71.4032433322545,41.8241225905651],[-71.4032478154282,41.8241373581138],[-71.4032555509315,41.8241513523085],[-71.4032558629078,41.8241528048194],[-71.4032558667104,41.8241542768782],[-71.4032555599887,41.8241557306687],[-71.4032549512228,41.8241571301844],[-71.4032540549098,41.8241584403244],[-71.4032528939684,41.8241596286955],[-71.4032514985357,41.8241606656121],[-71.4032487736248,41.8241621047612],[-71.4032457603872,41.8241631727273],[-71.4032425455359,41.8241638380716],[-71.4032392265994,41.8241640810688],[-71.403136633769,41.8241648850422],[-71.4032115115825,41.8240866032848],[-71.4032484309745,41.8240482988158],[-71.4032485261904,41.8240482160647],[-71.4032486382388,41.8240481459326],[-71.4032487635047,41.8240480911173],[-71.4032489007832,41.8240480525184],[-71.4032490440542,41.8240480310308],[-71.4032491897042,41.8240480284525]]]},"properties":{"FID":92,"Layer":"C-GREENS-2","Shape_Leng":126.384334617,"Shape__Area":631.82833099365234,"Shape__Length":126.34161843952403,"GreenSpaceName":null}},{"type":"Feature","id":93,"geometry":{"type":"Polygon","coordinates":[[[-71.4032421249412,41.8241801653802],[-71.403244415391,41.8241802789515],[-71.4032466500496,41.8241806724816],[-71.4032487675453,41.8241813351145],[-71.4032507113319,41.8241822487959],[-71.4032524272813,41.8241833882706],[-71.4032535199142,41.8241843984718],[-71.4032543776478,41.8241855282203],[-71.4032549776581,41.8241867468854],[-71.4032553031407,41.8241880229411],[-71.4032553457215,41.8241893221673],[-71.4032551042509,41.8241906085496],[-71.4032491405513,41.824216608042],[-71.4032467826206,41.824242928391],[-71.4032489585555,41.8242727368736],[-71.4032566698455,41.8243020278209],[-71.4032565242103,41.824303619499],[-71.4032560223451,41.8243051694615],[-71.4032551787593,41.8243066345042],[-71.4032540163879,41.8243079714303],[-71.40325256899,41.824309143354],[-71.4032508787475,41.8243101151978],[-71.4032489926437,41.8243108608913],[-71.4032469660835,41.8243113570723],[-71.403244856863,41.8243115911848],[-71.4031776133362,41.8243127148727],[-71.403006604043,41.8243148394639],[-71.4030056363467,41.8243147918291],[-71.4030046929035,41.82431462537],[-71.4030037977805,41.8243143446085],[-71.4030029786503,41.824313957671],[-71.4030022547571,41.8243134744776],[-71.4030016465419,41.824312909451],[-71.4030011720381,41.8243122770118],[-71.4030003404748,41.8243105575609],[-71.4029998954157,41.8243087592065],[-71.4029998476192,41.8243069314763],[-71.4030001994207,41.8243051220904],[-71.4030489261708,41.8242547811099],[-71.4031198772053,41.8241816595482],[-71.4032421249412,41.8241801653802]]]},"properties":{"FID":93,"Layer":"C-GREENS-2","Shape_Leng":210.588088063,"Shape__Area":2551.8120498657227,"Shape__Length":210.54372555794492,"GreenSpaceName":null}},{"type":"Feature","id":94,"geometry":{"type":"Polygon","coordinates":[[[-71.4030978348858,41.8241818984535],[-71.4030498638956,41.8242316080547],[-71.4030051128269,41.8242780467187],[-71.4030043281869,41.8242787339158],[-71.4030034040778,41.8242793156554],[-71.4030023658002,41.824279776653],[-71.403001239853,41.8242801052267],[-71.4030000575485,41.8242802905986],[-71.4029994039097,41.8242803134555],[-71.4029987527924,41.824280260686],[-71.4029981198419,41.824280134104],[-71.4029975219084,41.8242799346239],[-71.4029969710181,41.8242796694588],[-71.402996482812,41.8242793431236],[-71.4029960681112,41.8242789637303],[-71.4029957365288,41.8242785420913],[-71.4029954952748,41.8242780863156],[-71.4029973312705,41.8242435508307],[-71.4029983030214,41.8242313412427],[-71.402997079221,41.8242191451064],[-71.4029936812068,41.8242071812224],[-71.4029881700416,41.8241956657236],[-71.4029875653738,41.8241943462151],[-71.4029872520815,41.8241929720319],[-71.4029872361313,41.8241915773921],[-71.402987519875,41.8241901992114],[-71.40298809363,41.8241888725951],[-71.4029889453064,41.8241876326461],[-71.4029900519879,41.8241865099565],[-71.402991696828,41.824185314794],[-71.4029935856824,41.824184341321],[-71.4029956643416,41.8241836183028],[-71.402997876201,41.8241831663993],[-71.4030001586527,41.8241829963617],[-71.4030978348858,41.8241818984535]]]},"properties":{"FID":94,"Layer":"C-GREENS-2","Shape_Leng":110.223796837,"Shape__Area":534.51691436767578,"Shape__Length":110.1836922626965,"GreenSpaceName":null}},{"type":"Feature","id":95,"geometry":{"type":"Polygon","coordinates":[[[-71.4034234268016,41.8238462927624],[-71.4033714894123,41.8238468730212],[-71.4033712375431,41.823834262649],[-71.4033349613881,41.8238347714321],[-71.4033363510379,41.8238327720462],[-71.4033380438135,41.8238309070661],[-71.4033384475559,41.823830568878],[-71.4033389150161,41.823830282063],[-71.4033394365581,41.8238300511145],[-71.4033399989318,41.8238298823238],[-71.40334058889,41.8238297801815],[-71.4033411931894,41.823829746477],[-71.4033617219864,41.8238297547456],[-71.4034233059714,41.8238297786267],[-71.4034234268016,41.8238462927624]]]},"properties":{"FID":95,"Layer":"C-GREENS-2","Shape_Leng":59.6772102788,"Shape__Area":103.06103515625,"Shape__Length":59.675299012813305,"GreenSpaceName":null}},{"type":"Feature","id":96,"geometry":{"type":"Polygon","coordinates":[[[-71.4037856398882,41.8238417528842],[-71.4037818434,41.8238418010237],[-71.4037819421856,41.8238465693064],[-71.4037725833888,41.8238466767106],[-71.4037734590317,41.8238792607444],[-71.4036069364731,41.823881763629],[-71.4035134448738,41.8238827520424],[-71.4034320769691,41.8238836110194],[-71.4034310715211,41.8238462073546],[-71.4034270980967,41.8238462517323],[-71.40342699475,41.8238325205619],[-71.4035104425372,41.8238324745417],[-71.4036897566345,41.8238322972959],[-71.4037856217393,41.8238321669502],[-71.4037856398882,41.8238417528842]]]},"properties":{"FID":96,"Layer":"C-GREENS-2","Shape_Leng":231.225437116,"Shape__Area":1692.9193267822266,"Shape__Length":231.22543712187786,"GreenSpaceName":null}},{"type":"Feature","id":97,"geometry":{"type":"Polygon","coordinates":[[[-71.4039165934403,41.8238400987267],[-71.4038642490945,41.8238407598984],[-71.4038640816498,41.823832801654],[-71.4039164105472,41.8238320027174],[-71.4039165934403,41.8238400987267]]]},"properties":{"FID":97,"Layer":"C-GREENS-2","Shape_Leng":34.3863612822,"Shape__Area":41.739608764648438,"Shape__Length":34.3863612847008,"GreenSpaceName":null}},{"type":"Feature","id":98,"geometry":{"type":"Polygon","coordinates":[[[-71.4044257146891,41.8267826398592],[-71.4044216224,41.8267815479439],[-71.404417808865,41.8267799916853],[-71.4044143691261,41.8267780071761],[-71.4044113849608,41.8267756458036],[-71.4044089321217,41.826772963452],[-71.4044051437593,41.8267447751737],[-71.4044051874455,41.8267421111057],[-71.4044057992375,41.826739486225],[-71.404406962181,41.8267369689434],[-71.4044086472939,41.8267346213602],[-71.4044108111493,41.8267325055625],[-71.4044133982963,41.8267306746242],[-71.4044163436635,41.8267291753089],[-71.4044195701531,41.8267280471673],[-71.4045266360508,41.8267218977508],[-71.4045774866674,41.8267203076876],[-71.4045804376959,41.8267206675737],[-71.40459550762,41.8268542229355],[-71.4044233393991,41.8268686437059],[-71.4044232380669,41.8268679809718],[-71.4044161183654,41.8268264252842],[-71.4044150158963,41.8268182276768],[-71.4044151291352,41.8268157410336],[-71.4044158020381,41.8268133043747],[-71.4044170140385,41.8268109870092],[-71.4044187325349,41.8268088564354],[-71.4044209068806,41.8268069729338],[-71.4044234743996,41.826805391373],[-71.4044263628008,41.8268041567099],[-71.4044294877703,41.8268033039874],[-71.4044541319863,41.82680163185],[-71.4044518048594,41.8267807843557],[-71.4044257146891,41.8267826398592]]]},"properties":{"FID":98,"Layer":"C-GREENS-2","Shape_Leng":211.322773966,"Shape__Area":2306.3888397216797,"Shape__Length":211.29966910709467,"GreenSpaceName":null}},{"type":"Feature","id":99,"geometry":{"type":"Polygon","coordinates":[[[-71.4044195701531,41.8267280471673],[-71.4045266360508,41.8267218977508],[-71.4045774866674,41.8267203076876],[-71.4045804376959,41.8267206675737],[-71.40459550762,41.8268542229355],[-71.4044233393991,41.8268686437059],[-71.4044232380669,41.8268679809718],[-71.4044161183654,41.8268264252842],[-71.4044150158963,41.8268182276768],[-71.4044151291352,41.8268157410336],[-71.4044158020381,41.8268133043747],[-71.4044170140385,41.8268109870092],[-71.4044187325349,41.8268088564354],[-71.4044209068806,41.8268069729338],[-71.4044234743996,41.826805391373],[-71.4044263628008,41.8268041567099],[-71.4044294877703,41.8268033039874],[-71.4044541319863,41.82680163185],[-71.4044518048594,41.8267807843557],[-71.4044257146891,41.8267826398592],[-71.4044216224,41.8267815479439],[-71.404417808865,41.8267799916853],[-71.4044143691261,41.8267780071761],[-71.4044113849608,41.8267756458036],[-71.4044089321217,41.826772963452],[-71.4044051437593,41.8267447751737],[-71.4044051874455,41.8267421111057],[-71.4044057992375,41.826739486225],[-71.404406962181,41.8267369689434],[-71.4044086472939,41.8267346213602],[-71.4044108111493,41.8267325055625],[-71.4044133982963,41.8267306746242],[-71.4044163436635,41.8267291753089],[-71.4044195701531,41.8267280471673]]]},"properties":{"FID":99,"Layer":"C-GREENS-2","Shape_Leng":211.322773966,"Shape__Area":2306.3888397216797,"Shape__Length":211.29966910709464,"GreenSpaceName":null}},{"type":"Feature","id":101,"geometry":{"type":"Polygon","coordinates":[[[-71.4028985265614,41.8264039799938],[-71.4028982512176,41.8264037744836],[-71.4028987227244,41.8264040098708],[-71.4028985265614,41.8264039799938]]]},"properties":{"FID":101,"Layer":"C-GREENS-2","Shape_Leng":0.315089946674,"Shape__Area":0.00159454345703125,"Shape__Length":0.31508994555510761,"GreenSpaceName":null}},{"type":"Feature","id":102,"geometry":{"type":"Polygon","coordinates":[[[-71.4029707786813,41.8264825263387],[-71.4029675552589,41.8263963116097],[-71.4029961266141,41.8264005637346],[-71.4029949698612,41.826398149848],[-71.4029943537473,41.8263956274768],[-71.4029942950226,41.8263930641607],[-71.4029947947888,41.8263905274261],[-71.402995839703,41.8263880847871],[-71.4029974031824,41.8263858028465],[-71.402999441803,41.8263837409899],[-71.4030019013129,41.8263819549925],[-71.4030047178423,41.8263804925184],[-71.4030078142942,41.8263793922171],[-71.4030111087701,41.8263786837305],[-71.4030145133695,41.8263783858917],[-71.4030179378004,41.8263785067273],[-71.4030212905849,41.8263790425589],[-71.4030280765486,41.8263802835534],[-71.4030181114349,41.8263783096996],[-71.4030148137176,41.8263779755905],[-71.4030114876976,41.8263780502115],[-71.4030082236601,41.8263785300375],[-71.4030051082897,41.8263794043377],[-71.4030022258855,41.8263806479737],[-71.4030020242857,41.8263275970999],[-71.403003297933,41.8263283274504],[-71.4030050395845,41.8263292211574],[-71.4030069643073,41.8263300456929],[-71.4030088890289,41.8263308711287],[-71.4030109067487,41.8263314904651],[-71.4030130146449,41.8263321783036],[-71.4030152154361,41.8263327284684],[-71.4030172320556,41.8263332793781],[-71.4030194330534,41.8263336926915],[-71.4030216338433,41.8263342437566],[-71.4030238346347,41.8263347939213],[-71.4030259427376,41.826335344908],[-71.4030307111451,41.8263366526249],[-71.4030357541074,41.8263378912473],[-71.4030407057931,41.8263389929408],[-71.4030457489609,41.8263400956116],[-71.4030508838201,41.8263410606077],[-71.4030558356095,41.8263420938748],[-71.4030609705735,41.8263429895443],[-71.4030659226728,41.8263438175338],[-71.4030710574294,41.8263448509547],[-71.4030761009105,41.8263457465464],[-71.403081235977,41.8263465746896],[-71.4030866463878,41.8263476083424],[-71.40309223987,41.8263485728232],[-71.4030976502812,41.8263496064754],[-71.4031032439688,41.8263504350045],[-71.403108654588,41.8263513309045],[-71.4031142481727,41.8263522278588],[-71.4031196587908,41.8263531246585],[-71.4031252523772,41.826354020712],[-71.4031308460655,41.8263548492398],[-71.4031362567886,41.8263556767127],[-71.4031418505817,41.8263564359139],[-71.4031488211296,41.8263574024534],[-71.4031558820606,41.8263583006428],[-71.4031629441968,41.8263591979325],[-71.4031700053357,41.8263599583693],[-71.4031771589544,41.8263608566356],[-71.4031842200936,41.8263616170716],[-71.4031912813361,41.8263623090813],[-71.4031984351628,41.8263630695945],[-71.4032054965087,41.8263636931777],[-71.4032126504388,41.8263643852643],[-71.4032197116819,41.8263650772723],[-71.4032269571987,41.8263657010094],[-71.4032339271648,41.8263662560881],[-71.4032411728893,41.8263667420725],[-71.4032483270261,41.8263672973054],[-71.4032553886833,41.826367714708],[-71.4032625430278,41.8263681321883],[-71.4032697887527,41.8263686181709],[-71.4032769418922,41.8263690365496],[-71.4032840046505,41.8263695223772],[-71.4032911575843,41.8263700776064],[-71.4032984034126,41.8263704951615],[-71.4033067500683,41.8263705021876],[-71.4033152806885,41.8263706462195],[-71.4033236272413,41.8263707216701],[-71.4033321578602,41.8263708666011],[-71.403340504413,41.8263709420504],[-71.4033490350334,41.8263710860799],[-71.4033573816892,41.8263710931023],[-71.4033659113117,41.826371100278],[-71.4033742591712,41.8263711073002],[-71.4033827887937,41.8263711144747],[-71.4033911368589,41.8263709846442],[-71.4034046202383,41.8263707213796],[-71.4034180124427,41.8263702527593],[-71.4034314974383,41.8263697148893],[-71.4034449813327,41.826369108591],[-71.4034583740518,41.8263682969372],[-71.4034718593549,41.8263675537853],[-71.403485343454,41.8263668106309],[-71.4034987362763,41.8263659296462],[-71.4035122215785,41.8263651864896],[-71.4035256141932,41.8263644432536],[-71.4035390982924,41.8263636991925],[-71.4035465301448,41.8263628825227],[-71.4035477226604,41.8263623343169],[-71.4035490991399,41.8263619240175],[-71.4035502013745,41.8263613766362],[-71.4035513938901,41.8263608284304],[-71.4035525876095,41.8263602802256],[-71.4035535973637,41.8263595950147],[-71.4035546070139,41.8263589791298],[-71.4035555252847,41.8263582938421],[-71.4035564434528,41.8263576769801],[-71.4035571789635,41.826356853787],[-71.4035580058536,41.8263560999967],[-71.4035587400565,41.8263553461286],[-71.4035594754632,41.8263545922616],[-71.4035601181827,41.8263538383166],[-71.4035608536934,41.8263530151235],[-71.4035614050322,41.8263521926761],[-71.4035619563724,41.8263513693283],[-71.4035626003983,41.8263505469587],[-71.403563335528,41.8263491754585],[-71.4035640715519,41.8263480101367],[-71.4035645323355,41.8263465690801],[-71.4035649014276,41.8263452665987],[-71.4035653622112,41.826343825542],[-71.4035656388229,41.826342385231],[-71.403566099605,41.8263409450746],[-71.4035662857318,41.8263396415393],[-71.4035665623434,41.8263382012284],[-71.4035668400562,41.8263368293441],[-71.4035671166678,41.8263353890331],[-71.4035675794061,41.8263326451868],[-71.4035680421444,41.8263299013405],[-71.403568321916,41.8263271573406],[-71.4035872489834,41.8264285037356],[-71.4035874280386,41.8264311112691],[-71.4035875140678,41.826434746912],[-71.4035927911211,41.8264637035574],[-71.4035984032994,41.8264786971188],[-71.4035921032339,41.8264897507012],[-71.4035838731338,41.8265131382144],[-71.403584394455,41.8265194869455],[-71.4035909127968,41.8265988375318],[-71.403589658763,41.8266010729225],[-71.4035987933676,41.826742660766],[-71.4034679101662,41.8267536394336],[-71.403458142733,41.8266881396348],[-71.4034526734733,41.8266885960119],[-71.4033934193447,41.8266935394773],[-71.403388436751,41.8266601290924],[-71.4032608138979,41.8266707762404],[-71.4032657964274,41.8267041857304],[-71.4032080736152,41.8267090016411],[-71.4032062932235,41.8266970571383],[-71.4031546307183,41.8267014117528],[-71.4031548797779,41.8267030847934],[-71.4031577600986,41.8267224022035],[-71.4030119041903,41.8267345696811],[-71.4030090239129,41.8267152522675],[-71.4030088201329,41.8267138880812],[-71.4030088097653,41.826713579256],[-71.4030087748529,41.8267135819276],[-71.4029947446785,41.8266278703709],[-71.4029942240041,41.8266275106958],[-71.402993315044,41.8266220214589],[-71.4029925900474,41.8266166701294],[-71.4029917725713,41.8266111809697],[-71.4029910465791,41.8266056918874],[-71.402990137413,41.8266003395019],[-71.4029897196759,41.826597177157],[-71.4029840255616,41.8265623913348],[-71.402984294032,41.8265623663521],[-71.4029838690848,41.8265599935987],[-71.4029826889893,41.8265523091051],[-71.4029814160002,41.8265447613847],[-71.4029801432179,41.8265370768128],[-71.4029787787458,41.826529529015],[-71.402977322895,41.8265219118139],[-71.4029760501137,41.826514227242],[-71.4029746856425,41.8265066794441],[-71.4029732297913,41.8264990631433],[-71.4029719570123,41.8264913776709],[-71.4029710431337,41.8264859595564],[-71.4029706840256,41.8264838299503],[-71.4029706850615,41.8264831438925],[-71.4029707786813,41.8264825263387]]]},"properties":{"FID":102,"Layer":"C-GREENS-2","Shape_Leng":400.178025776,"Shape__Area":20921.94270324707,"Shape__Length":711.41134194254164,"GreenSpaceName":"Brown Bear Garden Terrace"}},{"type":"Feature","id":103,"geometry":{"type":"Polygon","coordinates":[[[-71.403620971557,41.8262663475798],[-71.4037071660214,41.8262645480599],[-71.4037070111671,41.8262674767345],[-71.4037062261447,41.8262716212395],[-71.4037046907881,41.826277646825],[-71.4037007571181,41.826283996323],[-71.4036979181732,41.8262875781945],[-71.4036937710044,41.8262918099147],[-71.4036878781688,41.8262970179398],[-71.4036824201046,41.826302878175],[-71.4036773980344,41.8263085749137],[-71.4036736831927,41.8263150884559],[-71.4036701862264,41.8263216012803],[-71.4036688680072,41.8263281159318],[-71.4036686282335,41.8263354976142],[-71.4036692730666,41.8263413629664],[-71.4036707881616,41.8263488577625],[-71.4036720883296,41.8263535829341],[-71.4036751070349,41.8263601741498],[-71.4036759550765,41.8263629758171],[-71.4036762929639,41.8263648226967],[-71.4036760314159,41.8263682608738],[-71.4036756038276,41.8263700431875],[-71.4036739822361,41.8263717605758],[-71.4036725823534,41.8263725264912],[-71.4036496133886,41.8263729168824],[-71.4036397064947,41.826373045424],[-71.4036308121,41.8263714605678],[-71.4036259557952,41.8263677515967],[-71.4036221203254,41.8263567714397],[-71.403622125058,41.8263536157538],[-71.4036223147125,41.8263491565314],[-71.4036223212977,41.8263447655813],[-71.4036223280881,41.8263402377797],[-71.4036223347759,41.8263357784038],[-71.403622341361,41.8263313874536],[-71.4036221673465,41.8263254180568],[-71.4036220834051,41.8263195864875],[-71.403622029583,41.8263177506501],[-71.4036365573744,41.8263177628381],[-71.4036365779491,41.8263040416814],[-71.4036217167283,41.8263040292137],[-71.403621651432,41.8263018179251],[-71.4036216601776,41.8262959864336],[-71.4036214860607,41.8262900854624],[-71.4036214034256,41.8262841854683],[-71.4036212282062,41.8262782169708],[-71.4036211454686,41.8262723854025],[-71.403620971557,41.8262663475798]]]},"properties":{"FID":103,"Layer":"C-GREENS-2","Shape_Leng":124.643991937,"Shape__Area":611.008430480957,"Shape__Length":124.64399193920653,"GreenSpaceName":null}},{"type":"Feature","id":104,"geometry":{"type":"Polygon","coordinates":[[[-71.4027315808408,41.8259238029331],[-71.402736615769,41.8259303247543],[-71.4027370731411,41.825931148052],[-71.4027378043374,41.8259323839369],[-71.4027385368423,41.8259335504968],[-71.402739452208,41.8259347865378],[-71.4027401846081,41.8259360224237],[-71.4027411000787,41.8259371891385],[-71.4027418312752,41.8259384250235],[-71.402742655263,41.8259395916609],[-71.4027435706288,41.8259408277017],[-71.4027445768561,41.8259424743743],[-71.4027464991756,41.8259448772074],[-71.402747507228,41.8259461133267],[-71.4027477810537,41.8259465250137],[-71.4027492453784,41.8259485160038],[-71.4027513521795,41.8259507128152],[-71.402752359444,41.8259516743302],[-71.4027535502552,41.8259530474558],[-71.4027555645772,41.8259551073373],[-71.4027567555955,41.8259563436114],[-71.4027579455151,41.8259575105584],[-71.4027601439032,41.8259596390214],[-71.4027614266116,41.8259607385214],[-71.4027627092179,41.8259619055468],[-71.4027640834106,41.825963004224],[-71.4027653659121,41.8259642405754],[-71.4027677474733,41.8259662323417],[-71.402769213149,41.8259673310962],[-71.4027700379673,41.8259679494273],[-71.4027724193217,41.8259700780449],[-71.4027746188522,41.825971452024],[-71.4027762684904,41.8259726877857],[-71.4027778256478,41.8259737875179],[-71.4027794752862,41.8259750232796],[-71.4027821317122,41.8259767406746],[-71.4027836900749,41.8259778395074],[-71.4027860724666,41.8259792829672],[-71.4027876298341,41.8259802440471],[-71.4027894626441,41.8259813440123],[-71.4027910211106,41.8259823744193],[-71.4027932205383,41.8259838168238],[-71.4027951450397,41.8259847791146],[-71.4027973444676,41.825986221519],[-71.4027995432107,41.8259873208934],[-71.4028012847467,41.8259882830293],[-71.4028044925818,41.8259899324646],[-71.4028063257056,41.8259908253518],[-71.4028080673452,41.8259917190619],[-71.4028098089849,41.8259926127719],[-71.4028115508329,41.8259933687302],[-71.4028125589295,41.8259937810382],[-71.4028132914773,41.8259941246874],[-71.4028191103626,41.8260282956951],[-71.4027238883797,41.8260363784771],[-71.4027129518686,41.8259294818051],[-71.4027158053384,41.8259226920601],[-71.402722873755,41.825919404604],[-71.4027315808408,41.8259238029331]]]},"properties":{"FID":104,"Layer":"C-GREENS-2","Shape_Leng":119.999640787,"Shape__Area":698.29177856445313,"Shape__Length":119.99964080065909,"GreenSpaceName":null}},{"type":"Feature","id":105,"geometry":{"type":"Polygon","coordinates":[[[-71.4028174895496,41.8257660128062],[-71.4028174875781,41.8257673164962],[-71.4028180322814,41.8257708850028],[-71.4028186690909,41.8257740412317],[-71.4028189408008,41.8257766479447],[-71.4028193945404,41.8257798733449],[-71.4028199393488,41.8257833725254],[-71.4028205773622,41.8257865287553],[-71.402820938624,41.8257896163253],[-71.4028215765327,41.8257928418813],[-71.4028220306892,41.825795791778],[-71.4028225758082,41.8257990856813],[-71.4028231208239,41.8258024480103],[-71.4028237584224,41.8258058788435],[-71.4028242118521,41.8258093095208],[-71.4028247563492,41.8258130148788],[-71.4028253012616,41.8258164456335],[-71.4028259377615,41.8258198071396],[-71.4028264837729,41.8258233072213],[-71.4028271206868,41.8258263950245],[-71.4028276655994,41.8258298257792],[-71.4028282106169,41.8258331872078],[-71.402828664047,41.8258366178852],[-71.4028293013344,41.8258402548958],[-71.4028298458321,41.8258439602536],[-71.402830298952,41.8258475962081],[-71.4028307515519,41.8258515760918],[-71.4028312957394,41.8258554867269],[-71.4028317488581,41.8258591235817],[-71.4028322013548,41.8258631718911],[-71.402832561955,41.825867493826],[-71.402833197624,41.8258714054388],[-71.402833650536,41.825875179145],[-71.4028340112398,41.8258794326542],[-71.4028346480093,41.8258834126936],[-71.4028351005063,41.825887461003],[-71.4028358268294,41.8258919209992],[-71.4028361889859,41.8258952138473],[-71.4028366421051,41.825898850702],[-71.4028373703591,41.8259028299185],[-71.4028380064439,41.825906466928],[-71.4028383690144,41.8259094860732],[-71.4028388222387,41.8259130536019],[-71.4028395491844,41.8259171021434],[-71.4028401866814,41.8259206014021],[-71.4028407314907,41.8259241014827],[-71.4028412760946,41.8259277375145],[-71.4028419135918,41.8259312367732],[-71.4028424581945,41.8259348737052],[-71.4028430944882,41.8259383729629],[-71.4028484503076,41.8259754930902],[-71.4028480456468,41.8259764282007],[-71.4028474460743,41.8259773028236],[-71.4028466648678,41.8259780926611],[-71.4028457225191,41.8259787788231],[-71.4028446467424,41.8259793424262],[-71.4028434616352,41.8259797681848],[-71.4028422009169,41.8259800462238],[-71.4028408971,41.8259801684675],[-71.4028395838943,41.8259801313432],[-71.402838296205,41.8259799366811],[-71.4028370665257,41.8259795890102],[-71.4028359285457,41.825979098263],[-71.402834229005,41.8259782252967],[-71.4028323958811,41.82597733241],[-71.4028306542416,41.8259764387003],[-71.4028289124972,41.8259756143166],[-71.4028271720615,41.8259747206079],[-71.4028254302137,41.8259739646498],[-71.4028235970916,41.8259730708626],[-71.4028218554509,41.8259721780531],[-71.4028201138116,41.8259712843432],[-71.402818372171,41.8259703915337],[-71.402816631839,41.8259694293991],[-71.402814798717,41.8259685356117],[-71.402813240147,41.8259675736308],[-71.402811498715,41.8259665430694],[-71.4028096659036,41.8259654440048],[-71.4028081085375,41.8259644820248],[-71.4028063672091,41.8259633830376],[-71.4028047183602,41.8259624209802],[-71.4028029770319,41.8259613219929],[-71.4028013271865,41.825960223083],[-71.4027997700276,41.8259591242515],[-71.4027981203906,41.8259578875897],[-71.4027964717491,41.8259567886808],[-71.402794913595,41.8259555520964],[-71.4027932649535,41.8259544531874],[-71.4027917981775,41.8259532860065],[-71.4027905166711,41.8259521874081],[-71.402789049793,41.8259510877525],[-71.4027876756002,41.8259499890757],[-71.4027863943009,41.8259487536258],[-71.4027851115923,41.8259476541261],[-71.4027837375031,41.8259464870235],[-71.4027824547932,41.825945388424],[-71.4027810808089,41.8259441519953],[-71.4027799824755,41.8259429167002],[-71.4027787913534,41.8259417488521],[-71.4027776003335,41.8259405134785],[-71.4027764106222,41.8259392087799],[-71.4027752196038,41.825937972506],[-71.4027742125462,41.8259368741398],[-71.4027733885578,41.8259357075027],[-71.4027724729845,41.8259346083135],[-71.4027714661341,41.8259333730958],[-71.4027705505595,41.8259322748069],[-71.4027698180553,41.8259311073468],[-71.4027689941705,41.8259298722839],[-71.4027680788044,41.8259286362433],[-71.4027673475026,41.8259274696845],[-71.4027664321366,41.8259262336439],[-71.4027656996312,41.8259250670841],[-71.402764875748,41.8259238311209],[-71.4027641445512,41.8259225952361],[-71.4027634120459,41.8259214286763],[-71.4027626808492,41.8259201927915],[-71.402761948551,41.8259188893803],[-71.4027612161507,41.8259176534944],[-71.4027604848492,41.8259164869357],[-71.4027597525524,41.8259151826241],[-71.4027591128386,41.8259139468167],[-71.4027583805419,41.8259126425051],[-71.4027578323096,41.8259114076755],[-71.4027570998058,41.8259102402154],[-71.4027565517819,41.825908867634],[-71.4027558204806,41.8259077010752],[-71.4027551796668,41.825906396841],[-71.4027546314359,41.825905161111],[-71.4027538990345,41.8259039261255],[-71.4027532592174,41.8259027587438],[-71.4027527109852,41.8259015239141],[-71.4027521628579,41.8259002197584],[-71.4027515219407,41.82589898395],[-71.4027507906396,41.8258978173911],[-71.4027502412051,41.8258965816601],[-71.4027497843522,41.8258954153336],[-71.4027492363286,41.8258940427522],[-71.4027485965103,41.8258928762708],[-71.4027481398659,41.8258915721925],[-71.4027477746007,41.8258903366174],[-71.402747409127,41.825889238794],[-71.4027470434462,41.8258882778221],[-71.4027466791763,41.8258871799998],[-71.4027464051854,41.825886082254],[-71.4027461311945,41.8258849845081],[-71.4027458584086,41.8258838858628],[-71.4027455844177,41.8258827881169],[-71.4027452188406,41.8258817587193],[-71.4027449460534,41.8258806609744],[-71.4027448562316,41.8258795633845],[-71.4027444907581,41.8258784655611],[-71.4027444009376,41.8258773670708],[-71.4027442184295,41.8258762694024],[-71.4027441286077,41.8258751718124],[-71.4027439474068,41.8258740057192],[-71.4027437649001,41.8258729071505],[-71.4027436752854,41.8258716727091],[-71.4027436771548,41.8258704374448],[-71.4027434958504,41.8258693397773],[-71.4027434976149,41.8258681738391],[-71.4027434065908,41.8258670753478],[-71.4027434084588,41.8258658409838],[-71.4027434101197,41.8258647434713],[-71.4027434118856,41.8258635766327],[-71.4027435062329,41.8258624791987],[-71.4027435081023,41.8258612439344],[-71.4027436929357,41.8258600097253],[-71.4027436947015,41.8258588428868],[-71.4027437880522,41.8258576086003],[-71.4027439739871,41.8258564419176],[-71.4027442503031,41.825855207786],[-71.4027444363415,41.8258539726776],[-71.4027445295886,41.8258528068168],[-71.4027448983839,41.8258517096152],[-71.4027451747012,41.8258504745832],[-71.4027452679483,41.8258493087224],[-71.4027456369519,41.8258480737689],[-71.4027457303039,41.8258468385821],[-71.4027460077201,41.8258456728772],[-71.4027463770343,41.8258442326466],[-71.4027464704899,41.825842929034],[-71.4027467483215,41.8258414887259],[-71.4027471162249,41.8258401853457],[-71.4027473940565,41.8258387450376],[-71.402747671681,41.825837441581],[-71.4027479483088,41.8258360012719],[-71.4027482259333,41.8258346978152],[-71.4027485952474,41.8258332575846],[-71.4027488716682,41.8258319541269],[-71.4027493322578,41.8258306508251],[-71.4027496100893,41.825829210517],[-71.402750070679,41.8258279072153],[-71.4027504394739,41.8258268100136],[-71.4027508072737,41.825825575059],[-71.4027511760687,41.8258244778573],[-71.4027516363462,41.8258233807331],[-71.4027520966238,41.8258222836088],[-71.4027525569013,41.8258211864845],[-71.4027530173873,41.8258199516085],[-71.4027533861822,41.8258188544067],[-71.4027538464597,41.8258177572825],[-71.4027544897037,41.8258166594127],[-71.4027548584986,41.825815562211],[-71.4027555029449,41.8258144652426],[-71.4027559632223,41.8258133681183],[-71.4027566985715,41.8258118588714],[-71.40275743533,41.8258102136743],[-71.4027581706791,41.8258087044273],[-71.4027589988166,41.8258071277335],[-71.4027597353693,41.8258056184875],[-71.4027604708205,41.8258040417152],[-71.4027613903383,41.825802532624],[-71.4027622183721,41.8258010243558],[-71.4027631379934,41.825799446839],[-71.4027640575097,41.8257979386482],[-71.4027650686135,41.8257963612088],[-71.4027658966471,41.8257948529406],[-71.4027670002286,41.8257934133314],[-71.4027678265409,41.8257922471908],[-71.4027687456415,41.8257910136032],[-71.4027695732609,41.8257897790378],[-71.4027704921544,41.8257886823016],[-71.4027715038391,41.8257875163178],[-71.4027724229396,41.8257862827302],[-71.402773433317,41.8257851851711],[-71.4027744437964,41.8257840200866],[-71.4027754541723,41.8257829234278],[-71.4027763732741,41.8257816889398],[-71.4027773836499,41.825780592281],[-71.4027783954378,41.8257793578714],[-71.4027794972961,41.82577826129],[-71.4027803247068,41.8257771644764],[-71.4027812433929,41.8257762045915],[-71.4027820708035,41.8257751077778],[-71.4027829896966,41.8257740110416],[-71.4027839998652,41.8257730512342],[-71.4027849187583,41.8257719544979],[-71.4027857461687,41.8257708576841],[-71.4027866649582,41.8257698293736],[-71.4027876751267,41.8257688695661],[-71.4027886853986,41.8257678413329],[-71.4027897870496,41.8257668816029],[-71.4027907984217,41.8257659217964],[-71.4027919914502,41.8257650314698],[-71.4027927265486,41.8257644828847],[-71.4027934603384,41.8257640036247],[-71.4027941954367,41.8257634550396],[-71.4027949303267,41.8257630442063],[-71.4027956640129,41.8257626333719],[-71.4027963991113,41.8257620847868],[-71.402797132901,41.8257616055267],[-71.4027979592748,41.8257611938705],[-71.4027990942987,41.8257604529511],[-71.4028003458094,41.8257598930985],[-71.4028010809077,41.8257593445134],[-71.402801815901,41.8257588652543],[-71.4028040358173,41.8257586942674],[-71.4028062625473,41.8257587933882],[-71.4028084383141,41.8257591616673],[-71.4028105065592,41.8257597882528],[-71.4028124119364,41.8257606568919],[-71.4028141039233,41.8257617450333],[-71.4028155380262,41.8257630238284],[-71.4028166769814,41.8257644590329],[-71.4028174895496,41.8257660128062]]]},"properties":{"FID":105,"Layer":"C-GREENS-2","Shape_Leng":180.454304379,"Shape__Area":1445.6428985595703,"Shape__Length":180.4436035702748,"GreenSpaceName":null}},{"type":"Feature","id":106,"geometry":{"type":"Polygon","coordinates":[[[-71.4033183723232,41.8259614823258],[-71.4033220416771,41.8259612117108],[-71.4033257111352,41.8259608717697],[-71.4033293805932,41.8259605318284],[-71.4033330500513,41.825960191887],[-71.4033367195092,41.8259598519455],[-71.4033402057957,41.8259596487013],[-71.4033438752537,41.8259593087596],[-71.4033475446086,41.8259590372435],[-71.4033512139636,41.8259587657272],[-71.4033548833171,41.8259584951111],[-71.4033584612921,41.825958155092],[-71.403362130544,41.8259579520011],[-71.4033656157295,41.8259576803294],[-71.4033691936015,41.8259574087357],[-71.4033726799893,41.8259571379651],[-71.4033763492412,41.8259569348738],[-71.4033798355274,41.8259567316285],[-71.4033834122984,41.8259563916075],[-71.4033870815488,41.8259561894162],[-71.4033905678349,41.8259559861705],[-71.4033941454997,41.8259558523277],[-71.4033978147514,41.8259556492357],[-71.4034012998324,41.825955446889],[-71.4034044188807,41.8259553117598],[-71.4034074465476,41.8259551090283],[-71.4034172610009,41.8259547742512],[-71.4034271681405,41.8259544395512],[-71.4034367995251,41.8259541730444],[-71.40344624705,41.8259537002044],[-71.4034557870544,41.8259533651933],[-71.4034651431654,41.8259536476598],[-71.4034733970468,41.8259544784065],[-71.403481466348,41.8259555827007],[-71.4034893528573,41.8259573728995],[-71.4034968702036,41.8259597119948],[-71.4035042039671,41.8259624623906],[-71.4035111699785,41.8259656239321],[-71.4035172187549,41.8259687847029],[-71.4035229011884,41.8259722197691],[-71.4035280317004,41.8259760658268],[-71.403532794459,41.8259803239309],[-71.403537190876,41.8259848554305],[-71.4035402108221,41.8259897972291],[-71.403541581526,41.8259932295741],[-71.4035424007213,41.8259967974073],[-71.4035430381548,41.8260003650878],[-71.4035435812531,41.8260050311033],[-71.4035435802233,41.8260057171612],[-71.4035441275446,41.8260075696192],[-71.4035444922083,41.8260092166465],[-71.4035445810142,41.8260110002937],[-71.4035448540923,41.8260127156698],[-71.4035452185492,41.8260145004487],[-71.4035454905277,41.8260161464978],[-71.4035455793323,41.8260179310453],[-71.4035459438933,41.8260196464983],[-71.4035462168688,41.8260214303001],[-71.4035463058802,41.8260230770959],[-71.4035466704413,41.8260247925488],[-71.4035470321201,41.8260284284236],[-71.4035474850751,41.8260322021269],[-71.4035479383383,41.8260357705531],[-71.4035482073306,41.82603940635],[-71.4035486602858,41.8260431800533],[-71.4035489305832,41.8260467483258],[-71.4035491995756,41.8260503841227],[-71.4035496525309,41.826054157826],[-71.4035499228284,41.8260577260985],[-71.4035502843009,41.826061499725],[-71.4035505532934,41.8260651355219],[-71.4035510047045,41.826069938312],[-71.4035512731496,41.8260747409484],[-71.403551724354,41.8260796814903],[-71.4035519926966,41.8260845525525],[-71.4035524441078,41.8260893553425],[-71.4035527112467,41.8260942264037],[-71.4035531626581,41.8260990291937],[-71.4035534311035,41.8261038318301],[-71.4035536981386,41.8261087722173],[-71.4035541494474,41.8261136434331],[-71.403554417893,41.8261184460695],[-71.4035548677602,41.8261242779463],[-71.4035553176276,41.8261301098231],[-71.403555676012,41.8261359416231],[-71.4035561259822,41.8261417050741],[-71.4035565758498,41.8261475369509],[-71.4035570255121,41.8261535056791],[-71.4035574754825,41.8261592691301],[-71.4035578338672,41.8261651009301],[-71.4035584667014,41.8261709329604],[-71.4035589165694,41.8261767648371],[-71.4035592749543,41.826182596637],[-71.4035597253372,41.8261880854849],[-71.4035601759256,41.8261934374812],[-71.4035607177919,41.8261989264058],[-71.403561168175,41.8262044152536],[-71.403561618765,41.8262097663495],[-71.4035620691483,41.8262152551973],[-71.4035626111176,41.8262206756961],[-71.403563061501,41.8262261645439],[-71.4035635118846,41.8262316533916],[-71.4035640539568,41.8262370054647],[-71.4035645043405,41.8262424943124],[-71.4035649544162,41.8262481884373],[-71.4035654045934,41.8262538150368],[-71.4035659473562,41.8262595092395],[-71.4035663974309,41.8262652042646],[-71.4035669388862,41.8262709677923],[-71.4035673891677,41.8262765250658],[-71.4035678392426,41.8262822200909],[-71.4035682892162,41.8262879826414],[-71.403568555121,41.826293677512],[-71.4035686394696,41.8262992344781],[-71.4035686308219,41.826304997544],[-71.403568626704,41.8263077417753],[-71.4035686225862,41.8263104860066],[-71.4035686183657,41.8263132986637],[-71.4035686142478,41.826316042895],[-71.40356861013,41.8263187871263],[-71.4035686058054,41.8263216691094],[-71.4035685090005,41.8263244132629],[-71.403568321916,41.8263271573406],[-71.4035680421444,41.8263299013405],[-71.4035675794061,41.8263326451869],[-71.4035671166678,41.8263353890331],[-71.4035668400561,41.8263368293441],[-71.4035665623434,41.8263382012284],[-71.4035662857317,41.8263396415394],[-71.403566099605,41.8263409450747],[-71.4035656388229,41.8263423852311],[-71.4035653622111,41.826343825542],[-71.4035649014276,41.8263452665987],[-71.4035645323355,41.8263465690801],[-71.4035640715519,41.8263480101368],[-71.4035633355279,41.8263491754585],[-71.4035626003983,41.8263505469588],[-71.4035619563724,41.8263513693284],[-71.4035614050322,41.8263521926761],[-71.4035608536934,41.8263530151236],[-71.4035601181827,41.8263538383167],[-71.4035594754632,41.8263545922616],[-71.4035587400565,41.8263553461287],[-71.4035580058536,41.8263560999968],[-71.4035571789635,41.826356853787],[-71.4035564434527,41.8263576769801],[-71.4035555252846,41.8263582938422],[-71.4035546070138,41.8263589791299],[-71.4035535973637,41.8263595950147],[-71.4035525876095,41.8263602802256],[-71.4035513938901,41.8263608284304],[-71.4035502013745,41.8263613766363],[-71.4035490991398,41.8263619240175],[-71.4035477226604,41.8263623343169],[-71.4035465301447,41.8263628825227],[-71.4035390982924,41.8263636991925],[-71.4035256141932,41.8263644432536],[-71.4035122215784,41.8263651864896],[-71.4034987362763,41.8263659296462],[-71.403485343454,41.8263668106309],[-71.4034718593549,41.8263675537853],[-71.4034583740518,41.8263682969372],[-71.4034449813326,41.8263691085911],[-71.4034314974382,41.8263697148894],[-71.4034180124427,41.8263702527593],[-71.4034046202383,41.8263707213796],[-71.4033911368589,41.8263709846442],[-71.4033827887936,41.8263711144747],[-71.4033742591711,41.8263711073002],[-71.4033659113117,41.826371100278],[-71.4033573816891,41.8263710931023],[-71.4033490350334,41.8263710860799],[-71.403340504413,41.8263709420505],[-71.4033321578602,41.8263708666012],[-71.4033236272413,41.8263707216701],[-71.4033152806885,41.8263706462196],[-71.4033067500682,41.8263705021877],[-71.4032984034126,41.8263704951616],[-71.4032911575843,41.8263700776065],[-71.4032840046505,41.8263695223773],[-71.4032769418922,41.8263690365496],[-71.4032697887526,41.8263686181709],[-71.4032625430277,41.8263681321883],[-71.4032553886833,41.8263677147081],[-71.4032483270261,41.8263672973054],[-71.4032411728892,41.8263667420725],[-71.4032339271647,41.8263662560881],[-71.4032269571987,41.8263657010094],[-71.4032197116819,41.8263650772724],[-71.4032126504387,41.8263643852643],[-71.4032054965087,41.8263636931778],[-71.4031984351628,41.8263630695945],[-71.4031912813361,41.8263623090814],[-71.4031842200936,41.8263616170716],[-71.4031771589543,41.8263608566357],[-71.4031700053357,41.8263599583694],[-71.4031629441968,41.8263591979326],[-71.4031558820606,41.8263583006429],[-71.4031488211296,41.8263574024534],[-71.4031418505816,41.826356435914],[-71.4031362567886,41.8263556767127],[-71.4031308460655,41.8263548492398],[-71.4031252523772,41.826354020712],[-71.4031196587908,41.8263531246586],[-71.4031142481726,41.8263522278588],[-71.4031086545879,41.8263513309045],[-71.4031032439687,41.8263504350046],[-71.4030976502812,41.8263496064754],[-71.40309223987,41.8263485728232],[-71.4030866463877,41.8263476083424],[-71.4030812359769,41.8263465746897],[-71.4030761009105,41.8263457465464],[-71.4030710574294,41.8263448509547],[-71.4030659226728,41.8263438175339],[-71.4030609705735,41.8263429895444],[-71.4030558356095,41.8263420938748],[-71.4030508838201,41.8263410606077],[-71.4030457489609,41.8263400956116],[-71.4030407057931,41.8263389929408],[-71.4030357541074,41.8263378912473],[-71.4030307111451,41.826336652625],[-71.4030259427376,41.826335344908],[-71.4030238346346,41.8263347939213],[-71.4030216338433,41.8263342437566],[-71.4030194330533,41.8263336926915],[-71.4030172320555,41.8263332793782],[-71.4030152154361,41.8263327284685],[-71.4030130146449,41.8263321783036],[-71.4030109067486,41.8263314904652],[-71.4030088890288,41.8263308711287],[-71.4030069643073,41.8263300456929],[-71.4030050395844,41.8263292211575],[-71.4030032979329,41.8263283274504],[-71.4030014602251,41.8263272734018],[-71.4029996234779,41.8263263805147],[-71.4029881735059,41.8263216602693],[-71.4029820726617,41.826318698402],[-71.4029788513159,41.8263172137225],[-71.4029732358819,41.8263124542867],[-71.4029686578629,41.826307030376],[-71.4029655522245,41.8262990696518],[-71.4029636363487,41.8262915898136],[-71.4029641949072,41.8262867878746],[-71.40296612864,41.8262816440678],[-71.4029689805436,41.826275884304],[-71.4029744643627,41.8262689527205],[-71.4029791218511,41.8262631971826],[-71.4029811234833,41.8262609165125],[-71.4029826879015,41.8262588083383],[-71.4029857553974,41.8262553563263],[-71.4029873179334,41.8262536974199],[-71.4029891812038,41.8262521693167],[-71.4029905540642,41.8262509676225],[-71.4029931042184,41.8262489368094],[-71.4029943310974,41.8262479537744],[-71.4029954461427,41.8262468959168],[-71.4029964592122,41.8262456119878],[-71.4029970689967,41.8262443520274],[-71.4029977296611,41.8262428778292],[-71.4029986546618,41.8262409266743],[-71.4029992535379,41.8262397162234],[-71.402999843355,41.8262381276222],[-71.4030002682791,41.8262365271774],[-71.4030005235159,41.8262349013798],[-71.403000559541,41.8262341613311],[-71.4030004143919,41.8262330312825],[-71.4029999590854,41.8262308358703],[-71.4029992321261,41.82622678733],[-71.4029987796164,41.8262227390215],[-71.4029983272101,41.8262186222872],[-71.4029980577701,41.8262145057075],[-71.4029977895339,41.8262103891287],[-71.4029976115772,41.8262062726262],[-71.4029975263074,41.826202156202],[-71.4029973495544,41.8261980397005],[-71.4029971715977,41.826193923198],[-71.4029970863279,41.8261898067737],[-71.4029968168882,41.8261856901939],[-71.402992589603,41.8261456836391],[-71.4029911348535,41.8261421260695],[-71.4029896268942,41.8261387314164],[-71.4029876630723,41.8261359026918],[-71.4029853971172,41.8261330728117],[-71.4029823755632,41.8261300172085],[-71.4029789271857,41.826127428521],[-71.4029751702717,41.8261250934684],[-71.402971321773,41.8261228258639],[-71.4029675636572,41.8261204899098],[-71.40296298213,41.8261173987755],[-71.4029585848762,41.8261142393708],[-71.40295446228,41.8261109424461],[-71.4029510726473,41.8261077154666],[-71.4029478670814,41.8261045570683],[-71.4029449375833,41.8261011242996],[-71.4029426490488,41.8260981035276],[-71.4029404521009,41.8260950144071],[-71.4029383480465,41.8260917885135],[-71.4029373407129,41.8260900725155],[-71.4029369498069,41.8260882769082],[-71.4029366831802,41.8260846915309],[-71.4029368935971,41.8260824561656],[-71.4029383682521,41.8260784103855],[-71.4029401161534,41.8260743639358],[-71.4029429688405,41.8260688778764],[-71.4029461871489,41.8260635974031],[-71.4029498638672,41.8260584550691],[-71.4029518854511,41.8260557125421],[-71.4029539995134,41.8260531078452],[-71.4029564794053,41.8260505709827],[-71.4029582247778,41.8260489950624],[-71.4029601528062,41.8260476245736],[-71.4029621723174,41.8260462541622],[-71.4029647431335,41.8260448842164],[-71.4029674967087,41.8260436512765],[-71.4029701588009,41.8260424182593],[-71.4029824566405,41.8260380385908],[-71.4029868604154,41.82603687547],[-71.4029912656005,41.8260355754986],[-71.4029956696849,41.8260342071002],[-71.4030000748683,41.8260329080288],[-71.4030044800528,41.8260316080569],[-71.4030088840334,41.8260303080838],[-71.4030132891143,41.8260290765373],[-71.4030178772628,41.8260277776197],[-71.4030222812429,41.826026477646],[-71.4030266863233,41.826025246099],[-71.4030310915067,41.826023946126],[-71.4030347619005,41.8260229894624],[-71.4030382483338,41.826021893991],[-71.403041918832,41.8260208680011],[-71.4030454977425,41.8260199112599],[-71.4030491682404,41.8260188852697],[-71.4030528386349,41.8260179277051],[-71.4030563260636,41.826016969986],[-71.4030599965612,41.8260159439955],[-71.4030634829923,41.8260148494237],[-71.4030671533864,41.8260138918587],[-71.4030708238836,41.8260128658678],[-71.4030744027946,41.8260119082254],[-71.4030780731885,41.82601095066],[-71.4030817436853,41.8260099246688],[-71.4030854142853,41.8260088302518],[-71.4030889017129,41.8260078725317],[-71.4030925722095,41.8260068465401],[-71.403096242809,41.8260057521227],[-71.4030998217193,41.8260047944795],[-71.4031034921109,41.8260038378136],[-71.4031071627115,41.8260027424955],[-71.4031108332074,41.8260017165034],[-71.4031143194293,41.8260007596818],[-71.403117989925,41.8259997336894],[-71.4031216603174,41.8259987761227],[-71.4031253307098,41.8259978185558],[-71.4031285423808,41.8259969290277],[-71.4031317540504,41.8259960403999],[-71.4031350572042,41.8259951509488],[-71.4031383615602,41.825994262399],[-71.4031416645075,41.8259935097992],[-71.4031448761768,41.825992621171],[-71.4031480877442,41.8259918000681],[-71.4031512994133,41.8259909114398],[-71.4031546938431,41.8259901589167],[-71.403157905512,41.8259892702882],[-71.4031611169747,41.825988518511],[-71.4031645127111,41.8259876975629],[-71.4031677241735,41.8259869457856],[-71.4031706597775,41.8259863306272],[-71.4031737796538,41.8259856471983],[-71.4031767153608,41.825984963614],[-71.4031798351339,41.8259843486106],[-71.4031827718369,41.825983802779],[-71.4031857990265,41.8259831192717],[-71.4031887358338,41.8259825041138],[-71.4031918542999,41.8259819575348],[-71.4031948824855,41.82598141178],[-71.403197818192,41.8259807281952],[-71.4032009378617,41.8259801816169],[-71.4032038747718,41.825979498033],[-71.4032069932363,41.8259789523539],[-71.4032109389693,41.8259782002937],[-71.4032150676665,41.8259774492879],[-71.403219013604,41.8259765612763],[-71.403222958133,41.8259758092147],[-71.4032270868299,41.8259750582084],[-71.4032310325611,41.8259743070478],[-71.4032349771914,41.8259734874604],[-71.4032391058894,41.8259727355533],[-71.4032430516203,41.8259719843923],[-71.403246997248,41.8259713016569],[-71.4032511259444,41.8259705506498],[-71.4032550702652,41.8259699363388],[-71.4032591988584,41.8259692537571],[-71.4032628686262,41.8259687085408],[-71.4032665386014,41.8259680255726],[-71.4032703925399,41.8259674796108],[-71.4032740623089,41.8259669334938],[-71.4032777318706,41.8259665251285],[-71.4032814016382,41.8259659799116],[-71.4032851628899,41.8259654338712],[-71.4032888324514,41.8259650255055],[-71.4032925022201,41.8259644793879],[-71.4032963548501,41.8259640027503],[-71.4033000244115,41.8259635943843],[-71.4033038782464,41.8259631168471],[-71.4033075478077,41.8259627084808],[-71.4033112173689,41.8259623001143],[-71.4033148868271,41.8259619601735],[-71.4033183723232,41.8259614823258]]]},"properties":{"FID":106,"Layer":"C-GREENS-2","Shape_Leng":574.067822064,"Shape__Area":21868.315574645996,"Shape__Length":574.06782206537309,"GreenSpaceName":"College Green (Main Green)"}},{"type":"Feature","id":107,"geometry":{"type":"Polygon","coordinates":[[[-71.4026655253838,41.8255216607252],[-71.4026594389814,41.8254702830895],[-71.4026550513492,41.8254322022079],[-71.4027668249301,41.8254255569301],[-71.4027677179498,41.8254264418195],[-71.4027687536796,41.8254332474631],[-71.4027689851082,41.8254354255806],[-71.4027689565529,41.8254375917736],[-71.402769003973,41.8254396643955],[-71.402769000836,41.825441737875],[-71.4027689728842,41.825443505218],[-71.4027690680128,41.8254458686901],[-71.4027691632042,41.8254481907465],[-71.4027692587837,41.8254502562066],[-71.402769280599,41.8254525448884],[-71.4027695239886,41.825454773435],[-71.4027698203674,41.8254569849199],[-71.4027701112493,41.8254588515702],[-71.4027705461199,41.8254618158563],[-71.4027709825266,41.8254645604609],[-71.4027714190996,41.8254671952241],[-71.4027718555064,41.8254699398287],[-71.4027722920794,41.8254725745919],[-71.4027727274487,41.8254752093542],[-71.4027730178337,41.8254774046279],[-71.4027733073877,41.8254801491082],[-71.4027738899829,41.8254833332022],[-71.4027743251862,41.8254860778057],[-71.4027747617594,41.825488712569],[-71.4027751981665,41.8254914571735],[-71.4027756350721,41.8254938722541],[-71.4027760706484,41.8254971660651],[-71.4027766522063,41.8255002403168],[-71.4027770881151,41.8255033144452],[-71.4027775240252,41.8255063876732],[-71.4027781055833,41.8255094619249],[-71.4027785414921,41.8255125360533],[-71.4027789774011,41.8255156101817],[-71.4027795601643,41.825518683534],[-71.4027798496769,41.8255206600245],[-71.4027792111228,41.8255226384305],[-71.4027781357856,41.8255245075258],[-71.4027766526349,41.8255262142148],[-71.4027748050791,41.8255277090155],[-71.4027726473507,41.8255289487575],[-71.4027702408937,41.8255298974794],[-71.402767654359,41.8255305291291],[-71.4027425556947,41.8255329225928],[-71.4027312730959,41.8255338376885],[-71.4027316035869,41.8255365741004],[-71.4026981466314,41.8255379692027],[-71.4026976459042,41.8255339820748],[-71.4026908948157,41.8255344157218],[-71.4026891555578,41.8255200340241],[-71.4026655253838,41.8255216607252]]]},"properties":{"FID":107,"Layer":"C-GREENS-2","Shape_Leng":138.570758792,"Shape__Area":1147.0133209228516,"Shape__Length":138.56280461077367,"GreenSpaceName":null}},{"type":"Feature","id":108,"geometry":{"type":"Polygon","coordinates":[[[-71.4036958000285,41.8263202326326],[-71.4036994726927,41.8263161589744],[-71.4037026420741,41.8263121677253],[-71.4037053335105,41.8263082192918],[-71.4037086129309,41.8263038941089],[-71.4037129087064,41.8262984929717],[-71.4037161047093,41.8262936041061],[-71.4037189032505,41.8262880657625],[-71.4037198163605,41.8262827887377],[-71.4037209111345,41.8262751673811],[-71.4037218268798,41.8262681310951],[-71.4037219482674,41.8262642399295],[-71.4037410424029,41.8262638417751],[-71.4037618165823,41.8262636845155],[-71.4037631721351,41.826364058199],[-71.4037632396121,41.82636963946],[-71.4037017711495,41.8263720314682],[-71.4037002582361,41.8263711109533],[-71.4036989158904,41.8263696287695],[-71.4036982828429,41.8263671424015],[-71.403698004168,41.8263643385107],[-71.4036977951503,41.8263616409184],[-71.4036966868253,41.826357417397],[-71.4036945203826,41.8263532199987],[-71.4036927172758,41.8263483467501],[-71.4036916380161,41.8263432031061],[-71.4036905577419,41.8263387365165],[-71.4036897659214,41.8263345645798],[-71.4036899444005,41.8263311335356],[-71.4036907019968,41.8263276201458],[-71.4036924933849,41.8263242480756],[-71.4036958000285,41.8263202326326]]]},"properties":{"FID":108,"Layer":"C-GREENS-2","Shape_Leng":108.164648665,"Shape__Area":619.77545166015625,"Shape__Length":108.16464866230339,"GreenSpaceName":null}},{"type":"Feature","id":110,"geometry":{"type":"Polygon","coordinates":[[[-71.4026250269808,41.826623151301],[-71.4026229561107,41.8266051742685],[-71.4026138743152,41.8266057157766],[-71.4026126991505,41.8265948062676],[-71.4027643331742,41.8265855351776],[-71.402758511473,41.8265325281663],[-71.402779917046,41.8265312128818],[-71.4028009084694,41.82654028626],[-71.4028526566182,41.826590686921],[-71.4028546713368,41.8265932960079],[-71.402855402958,41.8265942572888],[-71.4028560440924,41.8265953553448],[-71.4028564084716,41.8265963847409],[-71.402856774158,41.8265973457124],[-71.4028571398458,41.8265983057834],[-71.4028573211528,41.8265994043509],[-71.4028575952521,41.8266004336707],[-71.4028577765605,41.8266015313378],[-71.4028577749015,41.8266026288502],[-71.4028577734493,41.8266035895111],[-71.4028575889263,41.8266046184431],[-71.4028574959904,41.8266055790267],[-71.4028571273996,41.8266065393772],[-71.4028567589136,41.8266074304016],[-71.4028562991507,41.8266081844973],[-71.4028558391796,41.8266090763447],[-71.4028551049655,41.8266098302082],[-71.4028545523069,41.8266107219772],[-71.4028536339216,41.826611475685],[-71.402852899604,41.8266122979742],[-71.4028519814255,41.8266129148306],[-71.4028511545238,41.8266136686157],[-71.4028502364488,41.8266142170463],[-71.4028494096505,41.8266149024058],[-71.4028484915754,41.8266154508364],[-71.4028475737085,41.8266158615152],[-71.402846747222,41.8266163406972],[-71.4028457379748,41.8266166828729],[-71.4028446371404,41.826617093397],[-71.4028436278931,41.8266174355727],[-71.4028426174422,41.8266177777474],[-71.4028414253309,41.8266180513427],[-71.4028404160836,41.8266183935184],[-71.4028394056327,41.8266187356931],[-71.4028383963854,41.8266190778687],[-71.4028365610652,41.8266196255234],[-71.4028348174371,41.8266200355037],[-71.4028328907379,41.8266205137549],[-71.4028311471083,41.8266209246354],[-71.4028292205126,41.8266213344609],[-71.402827385504,41.8266216759379],[-71.4028254590117,41.8266220173376],[-71.4028237154869,41.826622358892],[-71.4028217889945,41.8266227002916],[-71.4028198626056,41.8266229732654],[-71.4028179361132,41.8266233146649],[-71.4028149994814,41.8266237920614],[-71.40281197288,41.8266240641043],[-71.402809036455,41.8266244046492],[-71.4028059170626,41.8266247450392],[-71.4028029820497,41.8266249478332],[-71.4027998628642,41.8266251513717],[-71.4027969277463,41.8266254234916],[-71.4027939000459,41.8266256262069],[-71.4027907808603,41.8266258297451],[-71.4027878458459,41.8266260334391],[-71.4027848181454,41.8266262361542],[-71.4027771137315,41.8266265726631],[-71.4027696823565,41.8266270471545],[-71.4027620693226,41.8266274521655],[-71.4027543636011,41.8266278570976],[-71.4027467492597,41.8266283305323],[-71.4027393192966,41.826628667271],[-71.4027316135735,41.8266290731018],[-71.4027240008512,41.8266292719328],[-71.4027165696841,41.826629608669],[-71.4027088655802,41.8266297398962],[-71.4027012519648,41.8266297334476],[-71.4026983172621,41.8266297309618],[-71.4026952900805,41.8266295906457],[-71.4026923553779,41.8266295881597],[-71.4026894196788,41.8266294488212],[-71.4026864849761,41.8266294463352],[-71.4026833662059,41.8266293752673],[-71.4026804317119,41.8266292350293],[-71.4026781387029,41.8266291646608],[-71.4026511786293,41.8266244078317],[-71.4026323769777,41.8266231575312],[-71.4026250269808,41.826623151301]]]},"properties":{"FID":110,"Layer":"C-GREENS-2","Shape_Leng":181.463346269,"Shape__Area":1180.6881637573242,"Shape__Length":181.46334627288971,"GreenSpaceName":null}},{"type":"Feature","id":111,"geometry":{"type":"Polygon","coordinates":[[[-71.4026397824835,41.8266715399464],[-71.4026489238977,41.8266642279343],[-71.4026598440312,41.8266563853281],[-71.4026683815882,41.8266511786966],[-71.4026844378483,41.8266482427881],[-71.4026911350522,41.8266476992545],[-71.4027015017565,41.8266468157994],[-71.4027119587392,41.8266459333201],[-71.4027224168231,41.8266451183663],[-71.4027327834216,41.8266443042344],[-71.402743241193,41.8266436954561],[-71.4027535148965,41.8266430180953],[-71.4027636054237,41.8266424783304],[-71.4027738801234,41.8266419378202],[-71.4027841534108,41.8266415350598],[-71.402794426803,41.8266410629724],[-71.4028047012939,41.8266406602112],[-71.4028149745809,41.8266402574481],[-71.4028251564876,41.8266397861809],[-71.4028354309794,41.8266393825166],[-71.4028457043695,41.826638911325],[-71.4028507532285,41.8266394476956],[-71.4028556423659,41.8266405322377],[-71.4028602658886,41.8266421414528],[-71.4028645239398,41.8266442401433],[-71.4028683238988,41.8266467841144],[-71.4028695245404,41.8266552024031],[-71.4028987297007,41.8266527295523],[-71.4029047860896,41.8266524681712],[-71.4029108148428,41.8266529702542],[-71.4029166450507,41.8266542221518],[-71.40292211306,41.8266561877122],[-71.4029270624698,41.8266588109823],[-71.4029313525534,41.8266620189156],[-71.4029348618724,41.8266657195751],[-71.4029374918782,41.8266698084381],[-71.4029391681146,41.826674169298],[-71.4029398414159,41.8266786778664],[-71.4029394939164,41.8266832080808],[-71.4029381354414,41.8266876303006],[-71.4029358047007,41.8266918185109],[-71.4029325668726,41.8266956557227],[-71.4029285148105,41.8266990321728],[-71.402923761811,41.8267018516207],[-71.4029184440158,41.8267040349514],[-71.4029127119858,41.8267055201687],[-71.4029067282893,41.826706265094],[-71.4028775121435,41.8267088225693],[-71.4027494808851,41.8267187782435],[-71.4027367438501,41.826719768637],[-71.4027312404822,41.8266759507594],[-71.4026947790499,41.8266785119568],[-71.4026898795718,41.8266818714746],[-71.4026843706749,41.826684652458],[-71.4026783716233,41.8266867928845],[-71.4026720148987,41.8266882460486],[-71.4026654413874,41.8266889796575],[-71.4026654782935,41.8266932238889],[-71.4026645282269,41.8266974078615],[-71.4026626214719,41.8267014055536],[-71.4026598159929,41.826705094568],[-71.4026561962205,41.8267083633341],[-71.4026518730495,41.8267111120082],[-71.4026469766089,41.8267132578691],[-71.4026416574667,41.8267147344194],[-71.4026360757852,41.8267154985785],[-71.4026304013294,41.8267155252806],[-71.4026248074361,41.8267148155731],[-71.4026194625984,41.8267133894063],[-71.4026145304576,41.8267112910355],[-71.4026101601814,41.8267085836111],[-71.4026064852589,41.8267053500775],[-71.4026036162864,41.8267016877653],[-71.4026016421696,41.8266977092922],[-71.4026006205062,41.8266935344523],[-71.4025939791967,41.8266937295967],[-71.4025873715071,41.8266931864908],[-71.4025809454753,41.8266919196658],[-71.4025748394925,41.8266899544484],[-71.4025691895129,41.826687335971],[-71.4025601914251,41.8266810898868],[-71.4025002281385,41.826685303015],[-71.4025005984499,41.8266879728357],[-71.4024981906935,41.8266881598633],[-71.402497816797,41.8266854729331],[-71.4023451036078,41.8266973465352],[-71.4023498456449,41.8266914596455],[-71.4024064098762,41.8266870618396],[-71.4024065563208,41.8266881252649],[-71.4025234962659,41.8266798099835],[-71.4026397824835,41.8266715399464]]]},"properties":{"FID":111,"Layer":"C-GREENS-2","Shape_Leng":373.975178114,"Shape__Area":1970.4367980957031,"Shape__Length":373.87946015306358,"GreenSpaceName":null}},{"type":"Feature","id":112,"geometry":{"type":"Polygon","coordinates":[[[-71.4023201001381,41.8267595513355],[-71.4023085260522,41.8267604409321],[-71.4023189212601,41.8268342677004],[-71.4022984948566,41.8268359537711],[-71.402298203681,41.8268342851945],[-71.4022780680376,41.8268355375454],[-71.4022691130482,41.8267708792548],[-71.4022819007355,41.8267698376368],[-71.4022812291103,41.8267618816664],[-71.4023080760353,41.8267436933358],[-71.4023201001381,41.8267595513355]]]},"properties":{"FID":112,"Layer":"C-GREENS-2","Shape_Leng":88.5580631348,"Shape__Area":320.69240570068359,"Shape__Length":88.558063133039184,"GreenSpaceName":null}},{"type":"Feature","id":113,"geometry":{"type":"Polygon","coordinates":[[[-71.4027590940056,41.8267879360505],[-71.402752767429,41.8267424158361],[-71.402802071086,41.8267385816034],[-71.4028026402798,41.8267426759284],[-71.4028531548108,41.8267826919291],[-71.4028830389901,41.8267801845435],[-71.4028828375955,41.8267788365651],[-71.4028827929275,41.8267773293591],[-71.4028830648217,41.8267758359259],[-71.4028836447976,41.8267743922718],[-71.4028845207633,41.8267730344002],[-71.4028856685939,41.8267717956032],[-71.4028870629645,41.826770706471],[-71.4028886665184,41.8267697939821],[-71.4028904419073,41.8267690797132],[-71.4028923457667,41.8267685834349],[-71.4028943287285,41.8267683150094],[-71.4029052815793,41.8267674914538],[-71.4029074868621,41.8267674681083],[-71.4029096652357,41.8267677274465],[-71.4029117529142,41.8267682613116],[-71.4029136861214,41.8267690552442],[-71.4029154107273,41.8267700839891],[-71.4029168738109,41.8267713186906],[-71.4029180320923,41.8267727232987],[-71.4029188531357,41.8267742545696],[-71.4029193105257,41.8267758683644],[-71.4029195500625,41.8267774666693],[-71.4029559918277,41.826774409297],[-71.4029593141469,41.8267991192179],[-71.4029036679437,41.8268037575623],[-71.4029029742182,41.826799223767],[-71.4027677543662,41.8268105662099],[-71.4027672091793,41.8268065178224],[-71.402753265732,41.826807672859],[-71.4027503597806,41.8267886660345],[-71.4027590940056,41.8267879360505]]]},"properties":{"FID":113,"Layer":"C-GREENS-2","Shape_Leng":162.66154695,"Shape__Area":811.75049591064453,"Shape__Length":162.64922904673014,"GreenSpaceName":null}},{"type":"Feature","id":114,"geometry":{"type":"Polygon","coordinates":[[[-71.4017447239745,41.8269692403614],[-71.4017619206264,41.8270708187531],[-71.4021578282242,41.8270328787222],[-71.4021633467206,41.8270673133004],[-71.4019893921787,41.8270857156032],[-71.4017654839493,41.8271053083995],[-71.4016955036034,41.8271112628001],[-71.4016731177918,41.8269758037881],[-71.4017447239745,41.8269692403614]]]},"properties":{"FID":114,"Layer":"C-GREENS-2","Shape_Leng":356.658667142,"Shape__Area":2390.3606872558594,"Shape__Length":356.65866714178196,"GreenSpaceName":null}},{"type":"Feature","id":115,"geometry":{"type":"Polygon","coordinates":[[[-71.4026034806328,41.8264433163379],[-71.4026013997146,41.8264248288035],[-71.4026471001263,41.826421949543],[-71.4026610867729,41.826420829669],[-71.4026750722139,41.8264197106926],[-71.4026767458606,41.8264186118958],[-71.402677359788,41.8264162112105],[-71.402677095208,41.8264096934289],[-71.4026765499266,41.8264057134664],[-71.4026715544509,41.8263731214465],[-71.4027085943117,41.826370820044],[-71.4027104159919,41.8263872293736],[-71.4027621535883,41.826384014852],[-71.4027704215503,41.8264416048623],[-71.4027486812065,41.8264430279023],[-71.4025970462108,41.8264523664965],[-71.4025961419664,41.8264437899963],[-71.4026034806328,41.8264433163379]]]},"properties":{"FID":115,"Layer":"C-GREENS-2","Shape_Leng":148.160376826,"Shape__Area":786.81865692138672,"Shape__Length":148.16037681903066,"GreenSpaceName":null}},{"type":"Feature","id":116,"geometry":{"type":"Polygon","coordinates":[[[-71.4021250924679,41.8254726831284],[-71.4025919824486,41.8254364172551],[-71.4025956377841,41.8254366418381],[-71.4025996545034,41.8254374825599],[-71.4026011638064,41.8254391719764],[-71.402602050553,41.8254449889222],[-71.4026013453569,41.8254551954747],[-71.4026037350824,41.8254740236024],[-71.4025900161666,41.8254749447216],[-71.4025885654403,41.825463198561],[-71.4024438488051,41.8254728444355],[-71.4024450067606,41.8254831642113],[-71.402372355228,41.8254880417523],[-71.4023732248031,41.8254948481585],[-71.4023057099926,41.8254994013989],[-71.4023036807868,41.8254826047379],[-71.4021748150154,41.8254911671393],[-71.4021874953745,41.8255976484982],[-71.4021626165651,41.8255994991175],[-71.4021403262968,41.8256009863987],[-71.4021250924679,41.8254726831284]]]},"properties":{"FID":116,"Layer":"C-GREENS-2","Shape_Leng":376.056820189,"Shape__Area":1851.8679809570313,"Shape__Length":376.0568201875646,"GreenSpaceName":null}},{"type":"Feature","id":117,"geometry":{"type":"Polygon","coordinates":[[[-71.402636309681,41.8254718363812],[-71.402632751564,41.8254551122578],[-71.4026286112583,41.8254428866379],[-71.4026277241377,41.8254365204848],[-71.4026296425742,41.8254351175811],[-71.4026326797329,41.8254334023075],[-71.4026554375787,41.8254315146758],[-71.4026555051906,41.825432174682],[-71.4026550513492,41.8254322022079],[-71.4026594389814,41.8254702830895],[-71.402636309681,41.8254718363812]]]},"properties":{"FID":117,"Layer":"C-GREENS-2","Shape_Leng":41.73138199,"Shape__Area":97.698966979980469,"Shape__Length":41.731381991254786,"GreenSpaceName":null}},{"type":"Feature","id":118,"geometry":{"type":"Polygon","coordinates":[[[-71.4016292811141,41.8264748957312],[-71.4016289902265,41.8264714786938],[-71.4016294396209,41.8264680703935],[-71.4016306183243,41.826464761755],[-71.4016324937051,41.8264616382826],[-71.4016350186921,41.826458781867],[-71.4016381269659,41.8264562671794],[-71.4016417365708,41.8264541607748],[-71.4016457523293,41.826452516592],[-71.4017778439723,41.8264469214618],[-71.4017792799463,41.8264674495291],[-71.4017700332521,41.8264679908295],[-71.4017714753677,41.8264813494989],[-71.401738456181,41.8264834514622],[-71.4017331001982,41.8264830417278],[-71.4017277287215,41.8264833180386],[-71.4017224970458,41.8264842715239],[-71.4017175592885,41.826485876206],[-71.4017130563604,41.826488083587],[-71.401709119563,41.8264908316559],[-71.4017058633762,41.8264940385799],[-71.4017033830351,41.8264976126058],[-71.4017017485146,41.8265014502545],[-71.40170100934,41.8265054390262],[-71.4016550692145,41.8265083636222],[-71.4016584417117,41.8265377049709],[-71.401638226649,41.826538992255],[-71.4016365343765,41.8265302260013],[-71.4016323295647,41.8264965226948],[-71.4016292811141,41.8264748957312]]]},"properties":{"FID":118,"Layer":"C-GREENS-2","Shape_Leng":136.994966553,"Shape__Area":712.11209869384766,"Shape__Length":136.96623653788939,"GreenSpaceName":null}},{"type":"Feature","id":119,"geometry":{"type":"Polygon","coordinates":[[[-71.401821839414,41.8266886488947],[-71.401819808561,41.8266690494705],[-71.4019934046223,41.8266576796685],[-71.4019992896199,41.8267153451274],[-71.40183392583,41.8267258819569],[-71.4018246917674,41.826714191261],[-71.401821839414,41.8266886488947]]]},"properties":{"FID":119,"Layer":"C-GREENS-2","Shape_Leng":135.255168274,"Shape__Area":992.59056854248047,"Shape__Length":135.25516827420989,"GreenSpaceName":null}},{"type":"Feature","id":120,"geometry":{"type":"Polygon","coordinates":[[[-71.4020942304489,41.8267005299694],[-71.4020413638337,41.8266545387769],[-71.4021479989654,41.8266475547948],[-71.4021490660365,41.8266543010468],[-71.402152783007,41.8266544095527],[-71.402156422223,41.8266549879694],[-71.4021598765768,41.8266560199996],[-71.402163047409,41.8266574749478],[-71.4021658433003,41.8266593104201],[-71.402168181271,41.8266614750266],[-71.4021699952145,41.8266639038866],[-71.4021712322706,41.8266665285292],[-71.4021718552414,41.8266692714936],[-71.4021718485974,41.8266720544372],[-71.402171210056,41.826674795427],[-71.4021699589958,41.8266774161499],[-71.4021681328492,41.8266798401091],[-71.4021657834837,41.8266819971222],[-71.4021629784028,41.8266838251232],[-71.4021597995429,41.8266852701615],[-71.4021563396532,41.8266862918008],[-71.4021526974867,41.8266868595137],[-71.4021539574065,41.8266966040602],[-71.4020942304489,41.8267005299694]]]},"properties":{"FID":120,"Layer":"C-GREENS-2","Shape_Leng":91.9342497131,"Shape__Area":461.69235992431641,"Shape__Length":91.912210972066617,"GreenSpaceName":null}},{"type":"Feature","id":121,"geometry":{"type":"Polygon","coordinates":[[[-71.4025797263354,41.8268029241803],[-71.4025778455419,41.8267905852342],[-71.4027212853043,41.8267787169752],[-71.4027230146123,41.8267909513513],[-71.4025797263354,41.8268029241803]]]},"properties":{"FID":121,"Layer":"C-GREENS-2","Shape_Leng":87.6387597873,"Shape__Area":177.08330535888672,"Shape__Length":87.63875978438567,"GreenSpaceName":null}},{"type":"Feature","id":122,"geometry":{"type":"Polygon","coordinates":[[[-71.4007373224978,41.8261703205832],[-71.4007397988313,41.8261701471568],[-71.400737612182,41.8261526642754],[-71.4007481906718,41.8261517919836],[-71.4007478589374,41.8261491338947],[-71.4007737295519,41.8261474897162],[-71.4007842935132,41.8262324359694],[-71.4007454234485,41.8262350926049],[-71.4007373224978,41.8261703205832]]]},"properties":{"FID":122,"Layer":"C-GREENS-2","Shape_Leng":83.4590092169,"Shape__Area":323.36679840087891,"Shape__Length":83.459009218968177,"GreenSpaceName":null}},{"type":"Feature","id":123,"geometry":{"type":"Polygon","coordinates":[[[-71.4008974422791,41.8257963785599],[-71.4008712124955,41.8255783495017],[-71.4004874605827,41.8256087895093],[-71.4005010025687,41.8257043020605],[-71.4005709880911,41.8256987508421],[-71.4005730932945,41.8257135974633],[-71.4005799468289,41.8257193259534],[-71.4005979573424,41.8258404174044],[-71.4005957554009,41.8258406351818],[-71.4005960458816,41.8258427215199],[-71.4005895870819,41.8258432642374],[-71.4005911848132,41.8258546819257],[-71.4005547864874,41.8258556020802],[-71.4004753852391,41.8258596307601],[-71.4004498590124,41.8256638892241],[-71.4004455739438,41.825627262397],[-71.4004475225902,41.8256234871613],[-71.4004502435916,41.8256199898993],[-71.4004536706057,41.8256168596874],[-71.4004577168462,41.825614172979],[-71.4004622798902,41.8256119990116],[-71.4004672452997,41.8256103926065],[-71.4008758326749,41.8255765816202],[-71.4009183759918,41.8255708561498],[-71.4009583174329,41.8255678888617],[-71.4009869449642,41.8257892719314],[-71.4008974422791,41.8257963785599]]]},"properties":{"FID":123,"Layer":"C-GREENS-2","Shape_Leng":664.982547191,"Shape__Area":4275.7542724609375,"Shape__Length":664.97326060379282,"GreenSpaceName":null}},{"type":"Feature","id":124,"geometry":{"type":"Polygon","coordinates":[[[-71.4014438464164,41.8255665913069],[-71.4014383342747,41.8255259929657],[-71.4015375562096,41.8255175158266],[-71.4015470957745,41.8255166461719],[-71.4015543137166,41.8255949179796],[-71.4015532269978,41.8255963350832],[-71.401552413369,41.8255978523584],[-71.4015518885268,41.825599438307],[-71.4015516633502,41.825601063227],[-71.4015529706038,41.8256096950028],[-71.4015368256752,41.8256109299362],[-71.4015466939859,41.8256830564962],[-71.4014832879011,41.8256879422986],[-71.4014767561475,41.8256402961276],[-71.4014694174584,41.8256408390403],[-71.4014591137316,41.8255654186575],[-71.4014438464164,41.8255665913069]]]},"properties":{"FID":124,"Layer":"C-GREENS-2","Shape_Leng":178.337837887,"Shape__Area":1382.211311340332,"Shape__Length":178.33595877786462,"GreenSpaceName":null}},{"type":"Feature","id":125,"geometry":{"type":"Polygon","coordinates":[[[-71.4009849478359,41.8256565583554],[-71.4009725546102,41.82555953428],[-71.4014054568329,41.8255285991455],[-71.4014111352101,41.8255691039956],[-71.401387047231,41.8255709542253],[-71.4013874829052,41.8255741382002],[-71.4011370853547,41.8255933523011],[-71.4011344739576,41.8255741404079],[-71.4011208233579,41.8255752261725],[-71.4011202428705,41.8255707248752],[-71.4011105566064,41.825571485427],[-71.4011111357204,41.8255760965647],[-71.4010685709409,41.8255793524564],[-71.4010679914917,41.8255749610011],[-71.4010571302326,41.825575830378],[-71.4010577091751,41.8255805504569],[-71.4010449398591,41.8255815280305],[-71.4010468261126,41.8255955794548],[-71.4010613566329,41.8255944944568],[-71.4010657108136,41.8256263315141],[-71.401058665829,41.8256268746535],[-71.4010590623971,41.8256319934256],[-71.4010516129012,41.8256325767315],[-71.4010542080458,41.8256506028651],[-71.4009849478359,41.8256565583554]]]},"properties":{"FID":125,"Layer":"C-GREENS-2","Shape_Leng":335.737267514,"Shape__Area":2161.6884765625,"Shape__Length":335.73726750552993,"GreenSpaceName":null}},{"type":"Feature","id":126,"geometry":{"type":"Polygon","coordinates":[[[-71.4010010413957,41.8257840143934],[-71.4009862515688,41.825667426578],[-71.4010217719307,41.8256643834298],[-71.4010557718081,41.8256614614072],[-71.401059453135,41.8256870288202],[-71.4010750124946,41.8256853954995],[-71.4010796624009,41.825715147624],[-71.4010460103754,41.8257446461769],[-71.4010526987939,41.8257849376325],[-71.401088324658,41.8258080197079],[-71.4010423826371,41.8258124809374],[-71.4010010413957,41.8257840143934]]]},"properties":{"FID":126,"Layer":"C-GREENS-2","Shape_Leng":156.031220511,"Shape__Area":935.85317993164063,"Shape__Length":156.03122051871546,"GreenSpaceName":null}},{"type":"Feature","id":127,"geometry":{"type":"Polygon","coordinates":[[[-71.4016580255677,41.825603768919],[-71.4015830290468,41.8256094020391],[-71.4015813121251,41.8255986739221],[-71.4015808000005,41.8255974580249],[-71.4015800193221,41.8255963238285],[-71.4015789929082,41.8255953055653],[-71.4015777508062,41.8255944329723],[-71.4015763290915,41.8255937294893],[-71.4015689663147,41.8255149083517],[-71.4017127281418,41.8255040076893],[-71.4017193430593,41.8255485405448],[-71.4017251793795,41.8255897954974],[-71.4017261911343,41.8256004014631],[-71.4017249186816,41.8256004832057],[-71.4017248601201,41.8255986338581],[-71.4016580255677,41.825603768919]]]},"properties":{"FID":127,"Layer":"C-GREENS-2","Shape_Leng":149.637801185,"Shape__Area":1381.7352447509766,"Shape__Length":149.6349346191754,"GreenSpaceName":null}},{"type":"Feature","id":128,"geometry":{"type":"MultiPolygon","coordinates":[[[[-71.4010333629523,41.8259821576509],[-71.4010534118443,41.8260254432498],[-71.4010631143998,41.8260516757962],[-71.4010658523895,41.8260691915589],[-71.401071889321,41.8260885765663],[-71.4010732924385,41.826091981058],[-71.4010748026891,41.8260953847417],[-71.4010763696824,41.8260986795331],[-71.4010795165536,41.8261047190195],[-71.4010829669315,41.8261106498261],[-71.4010867172064,41.8261164710494],[-71.4010948781597,41.8261276197778],[-71.4010979540348,41.8261312994127],[-71.4011057488098,41.8261402636013],[-71.4011093594414,41.8261453122124],[-71.4011118958054,41.8261507146322],[-71.4011123037166,41.8261523779104],[-71.4011141363227,41.8261598532063],[-71.4011158045179,41.8261662218434],[-71.4011175587067,41.8261738114148],[-71.4011082924864,41.8261745498194],[-71.4010990262645,41.8261752891237],[-71.4010816840428,41.826176156524],[-71.4010705886606,41.8261757859329],[-71.4010566482042,41.8261742856651],[-71.4010491654325,41.8261729863322],[-71.4010416844207,41.8261713259641],[-71.4010343495828,41.8261693262935],[-71.4010284819057,41.8261674449306],[-71.4010227613774,41.8261653728223],[-71.4010171880881,41.8261630514464],[-71.4010122021821,41.826160753085],[-71.4010073621838,41.8261582882863],[-71.4010026705048,41.8261556543513],[-71.4009973924058,41.8261523725667],[-71.4009924070731,41.8261489217703],[-71.4009877166077,41.8261455009391],[-71.4009844921651,41.8261429366939],[-71.4009814138299,41.8261400763628],[-71.4009786307056,41.8261370227131],[-71.4009762869451,41.8261339667411],[-71.4009743836092,41.8261310011827],[-71.400972627723,41.8261276495057],[-71.4009717509375,41.8261256130822],[-71.4009710197513,41.8261236100967],[-71.4009702892963,41.826121132633],[-71.4009577783228,41.8260809414947],[-71.4010213788796,41.8260758967902],[-71.4010081158816,41.82598235539],[-71.4010333629523,41.8259821576509]]],[[[-71.4010507879056,41.8259815467362],[-71.4010511017329,41.8259820187146],[-71.4010333629523,41.8259821576509],[-71.401033174715,41.8259817512459],[-71.4010507879056,41.8259815467362]]],[[[-71.4011372564593,41.8259813438819],[-71.4011548072236,41.8261234649751],[-71.4012902803821,41.8261141594143],[-71.401295723808,41.8261579313962],[-71.401247995557,41.8261621741909],[-71.4012450239675,41.8261431069471],[-71.4011941765195,41.8261475775248],[-71.4011970831815,41.8261665870924],[-71.40113726624,41.8261721681514],[-71.401134409985,41.8261603091222],[-71.4011316115167,41.8261484456409],[-71.4011274696376,41.826140528992],[-71.4011219439281,41.8261331000361],[-71.4011138133998,41.8261248612331],[-71.4011053106397,41.8261144594936],[-71.4010954873904,41.8260985861536],[-71.4010931104157,41.8260936448444],[-71.4010917322579,41.8260904465521],[-71.4010883703069,41.8260810270062],[-71.4010859691816,41.8260714435255],[-71.4010794220612,41.8260433310884],[-71.401073933897,41.8260295061504],[-71.4010643935655,41.8260050177021],[-71.4010573702703,41.8259914462372],[-71.4010511017329,41.8259820187146],[-71.4011372564593,41.8259813438819]]]]},"properties":{"FID":128,"Layer":"C-GREENS-2","Shape_Leng":466.360183148,"Shape__Area":3015.7103576660156,"Shape__Length":466.36018314379527,"GreenSpaceName":null}},{"type":"Feature","id":129,"geometry":{"type":"Polygon","coordinates":[[[-71.4009024363622,41.8258316032517],[-71.4008974422791,41.8257963785599],[-71.4009869449642,41.8257892719314],[-71.4010375223307,41.8258240019971],[-71.4010655575482,41.8258212819111],[-71.4010687497589,41.8258447754199],[-71.40109192016,41.8258432206787],[-71.4010938187044,41.8258618116242],[-71.4011034171174,41.825861066304],[-71.4011030922,41.825858663018],[-71.4011780722593,41.8258529923832],[-71.4011748538209,41.8258457454822],[-71.4014368142405,41.8258256390817],[-71.401446426832,41.8258957045509],[-71.4011205894454,41.8259181464084],[-71.4011283970542,41.8259813461606],[-71.4010081170728,41.8259823634941],[-71.4009247502589,41.8259889766429],[-71.4009024363622,41.8258316032517]]]},"properties":{"FID":129,"Layer":"C-GREENS-2","Shape_Leng":435.489056441,"Shape__Area":5708.0048217773438,"Shape__Length":435.48905644595845,"GreenSpaceName":null}},{"type":"Feature","id":130,"geometry":{"type":"Polygon","coordinates":[[[-71.3997578627612,41.8250139507946],[-71.3997559529704,41.824996659905],[-71.3997562604935,41.8249793115278],[-71.3997584697464,41.8249659001949],[-71.399762864451,41.8249527923828],[-71.3997669438464,41.8249450467187],[-71.3997723922967,41.824937787532],[-71.3997791072792,41.8249311479833],[-71.3997818573206,41.8249291021098],[-71.3997849727901,41.8249273752752],[-71.3997883898355,41.8249260034375],[-71.3997920361897,41.8249250153444],[-71.399795834785,41.8249244307362],[-71.3997997061561,41.8249242630486],[-71.3998035708531,41.8249245158137],[-71.3998073446255,41.824925183556],[-71.3998109504588,41.8249262518028],[-71.399814312555,41.8249276979796],[-71.3998230879962,41.8249328186619],[-71.3998308522166,41.8249387829804],[-71.3998374621468,41.8249454809691],[-71.3998462223399,41.8249572992633],[-71.3998529772548,41.824969832479],[-71.3998592490078,41.8249865356466],[-71.3998633595335,41.8250036114711],[-71.3998652705571,41.82502090236],[-71.3998649630632,41.8250382507373],[-71.3998627526249,41.8250516629713],[-71.3998583579339,41.825064770787],[-71.3998542785419,41.8250725164543],[-71.399848831293,41.8250797756458],[-71.3998421163036,41.825086414298],[-71.3998393662574,41.8250884601729],[-71.3998362495778,41.8250901870079],[-71.3998328325247,41.8250915588469],[-71.3998291861616,41.8250925469413],[-71.3998253875567,41.8250931315506],[-71.3998215161755,41.825093299239],[-71.399817652672,41.8250930464756],[-71.3998138788882,41.825092379634],[-71.3998102730455,41.8250913113872],[-71.3998069109409,41.8250898652103],[-71.399798135481,41.8250847436266],[-71.3997903712461,41.825078779306],[-71.399783761307,41.8250720813148],[-71.3997750011098,41.825060263016],[-71.3997682462007,41.8250477297959],[-71.3997619732616,41.8250310266226],[-71.3997578627612,41.8250139507946]]]},"properties":{"FID":130,"Layer":"C-GREENS-2","Shape_Leng":147.607905143,"Shape__Area":1405.3702621459961,"Shape__Length":147.51711236061604,"GreenSpaceName":null}},{"type":"Feature","id":131,"geometry":{"type":"Polygon","coordinates":[[[-71.3998815350583,41.8255061122738],[-71.3998706808838,41.8254274914603],[-71.3999084018973,41.8254249997816],[-71.3999684030021,41.8254198165718],[-71.3998815350583,41.8255061122738]]]},"properties":{"FID":131,"Layer":"C-GREENS-2","Shape_Leng":94.9485720953,"Shape__Area":383.39205932617188,"Shape__Length":94.94857209312184,"GreenSpaceName":null}},{"type":"Feature","id":132,"geometry":{"type":"Polygon","coordinates":[[[-71.4000020644607,41.8254989560207],[-71.3999872395547,41.8255004799942],[-71.3999041907972,41.8255072502393],[-71.399990449516,41.8254179360514],[-71.3999996096457,41.8254729385706],[-71.4000020644607,41.8254989560207]]]},"properties":{"FID":132,"Layer":"C-GREENS-2","Shape_Leng":96.7002357569,"Shape__Area":405.00725555419922,"Shape__Length":96.700235757221421,"GreenSpaceName":null}},{"type":"Feature","id":133,"geometry":{"type":"Polygon","coordinates":[[[-71.4036149076865,41.8306150013399],[-71.4036134511847,41.8306069042711],[-71.4036118131135,41.8305986701984],[-71.4036102653283,41.8305904362015],[-71.4036086271553,41.8305822705544],[-71.4036069878816,41.8305740364806],[-71.4036054410948,41.8305659402363],[-71.4036038018219,41.8305577061624],[-71.4036030738495,41.8305542752606],[-71.4036144513875,41.8305532449165],[-71.4036284048015,41.8306230283807],[-71.4036352719969,41.8306474693373],[-71.4036206975912,41.8306473841824],[-71.4036180935452,41.8306314694093],[-71.403616454269,41.8306232353357],[-71.4036149076865,41.8306150013399]]]},"properties":{"FID":133,"Layer":"C-GREENS-2","Shape_Leng":76.1772355832,"Shape__Area":112.29698181152344,"Shape__Length":76.17723558746961,"GreenSpaceName":null}},{"type":"Feature","id":134,"geometry":{"type":"Polygon","coordinates":[[[-71.4036123126136,41.8305425497976],[-71.4036006140145,41.8305425417814],[-71.4035997035079,41.830538012313],[-71.4035982459483,41.8305314251112],[-71.4035969711623,41.8305249749143],[-71.4035955136032,41.8305183877125],[-71.4035940558391,41.830511937362],[-71.4035927812592,41.8305053503138],[-71.403591323701,41.8304987631119],[-71.4035898660405,41.8304922443356],[-71.4035884999721,41.8304856572105],[-71.4035865864734,41.8304764622446],[-71.4035847655655,41.8304673357821],[-71.4035828532716,41.8304581408171],[-71.4035809410809,41.8304488774264],[-71.4035790287867,41.8304396833617],[-71.4035771163918,41.8304305568222],[-71.4035752674181,41.8304192776257],[-71.4035686201778,41.8303870741277],[-71.4035817355042,41.830385559963],[-71.4036123126136,41.8305425497976]]]},"properties":{"FID":134,"Layer":"C-GREENS-2","Shape_Leng":121.938593106,"Shape__Area":198.27593994140625,"Shape__Length":121.93859309827779,"GreenSpaceName":null}},{"type":"Feature","id":135,"geometry":{"type":"Polygon","coordinates":[[[-71.4021356029006,41.8302731811886],[-71.4021372727608,41.8302706886725],[-71.4021376893672,41.8302753716899],[-71.4021392761002,41.8302752929115],[-71.4021411357329,41.8302960040903],[-71.4021332848042,41.8302966105326],[-71.4021366845552,41.8303272987781],[-71.4021354637688,41.8303273832702],[-71.402146737261,41.8304183775171],[-71.402173225249,41.8304163752161],[-71.4021744905462,41.8304265906378],[-71.4021497497148,41.8304283054187],[-71.4021484398847,41.8304283637253],[-71.4021471375366,41.8304282518742],[-71.4021458799815,41.8304279743989],[-71.4021447045265,41.8304275385339],[-71.4021436484703,41.8304269569157],[-71.4021427406754,41.8304262484761],[-71.4021420100017,41.8304254339473],[-71.4021414792843,41.830424537658],[-71.4021411617254,41.8304235857293],[-71.4021410693191,41.8304226069823],[-71.4021329214121,41.8303549944969],[-71.4021238379169,41.8302772722082],[-71.4021240349022,41.8302759794894],[-71.4021245050888,41.8302747275187],[-71.4021252375945,41.8302735477986],[-71.4021262107055,41.8302724700217],[-71.402127402711,41.8302715220802],[-71.4021287810712,41.8302707282554],[-71.4021303108431,41.8302701101257],[-71.4021319522805,41.8302696811622],[-71.4021336644336,41.8302694548351],[-71.4021354039601,41.830269434709],[-71.4021356029006,41.8302731811886]]]},"properties":{"FID":135,"Layer":"C-GREENS-2","Shape_Leng":138.354460481,"Shape__Area":146.14869689941406,"Shape__Length":138.34493119687139,"GreenSpaceName":null}},{"type":"Feature","id":136,"geometry":{"type":"Polygon","coordinates":[[[-71.4019986182229,41.8299071315617],[-71.4019987835168,41.8299060972133],[-71.4019991846996,41.8299050990797],[-71.4019998120928,41.8299041686645],[-71.4020006439856,41.8299033338597],[-71.4020016562664,41.8299026180535],[-71.4020028200083,41.8299020446301],[-71.4020040978677,41.829901630664],[-71.4020054525091,41.8299013878277],[-71.4020314642352,41.8299108023508],[-71.4020481860474,41.829919572407],[-71.4020609321098,41.8299296679713],[-71.4020645544799,41.829932732212],[-71.4020674298645,41.829936210872],[-71.4020694729449,41.8299400048414],[-71.4020706261077,41.8299440033293],[-71.4020708546197,41.8299480901624],[-71.4020701526427,41.8299521464911],[-71.4020627179289,41.8299648232269],[-71.4020527916596,41.8299765074649],[-71.4020406029739,41.8299869247966],[-71.4020164181255,41.8300030706551],[-71.4020048228953,41.8299590278887],[-71.4019986182229,41.8299071315617]]]},"properties":{"FID":136,"Layer":"C-GREENS-2","Shape_Leng":89.8232782858,"Shape__Area":448.42559051513672,"Shape__Length":89.79385400493274,"GreenSpaceName":null}},{"type":"Feature","id":137,"geometry":{"type":"Polygon","coordinates":[[[-71.4019956447115,41.8298780165656],[-71.4019896672182,41.8298263518183],[-71.4019586736355,41.8296942474468],[-71.4019588297818,41.8296913187774],[-71.4019596455136,41.8296884509938],[-71.4019610978295,41.8296857287079],[-71.40196314448,41.8296832284127],[-71.401965726368,41.8296810229851],[-71.4019687687625,41.8296791753849],[-71.4019872609194,41.8296779252882],[-71.4020045624675,41.8296767128874],[-71.4020218849306,41.8298125735055],[-71.4019980665747,41.8298141990069],[-71.4020059416403,41.8298774518343],[-71.4021200257632,41.8298693046974],[-71.4021204750788,41.829875430086],[-71.4021205688791,41.829881024872],[-71.4021201615682,41.8298852570183],[-71.4021188834447,41.8298897963384],[-71.4021169630999,41.8298931475642],[-71.4021141442717,41.8298960046386],[-71.4021101895546,41.829898536623],[-71.4021045642607,41.8299008763117],[-71.4020981646566,41.8299026022094],[-71.40209095565,41.8299038340311],[-71.4020838509706,41.8299045401433],[-71.4020770153398,41.8299048512357],[-71.4020691822458,41.829904844558],[-71.4020577643132,41.8299040038104],[-71.4020463454474,41.8299021960969],[-71.4020378497792,41.8299001396806],[-71.4020278957727,41.8298968593597],[-71.4020198860988,41.8298934474462],[-71.4020090741741,41.8298875455053],[-71.4020031395042,41.8298835690475],[-71.4019956447115,41.8298780165656]]]},"properties":{"FID":137,"Layer":"C-GREENS-2","Shape_Leng":240.661947205,"Shape__Area":933.65573120117188,"Shape__Length":240.65421209714967,"GreenSpaceName":null}},{"type":"Feature","id":138,"geometry":{"type":"Polygon","coordinates":[[[-71.4081722522072,41.8253604629124],[-71.40798736862,41.8252600855571],[-71.4080057011241,41.8252558758462],[-71.4080228823597,41.825249506196],[-71.4080384631028,41.8252411437106],[-71.4080520325727,41.825231008645],[-71.4080632340919,41.8252193663148],[-71.4080717747208,41.8252065235019],[-71.4080890088851,41.8252068974284],[-71.4081059524813,41.8252092869803],[-71.4081221854993,41.8252136342003],[-71.4081373072616,41.8252198298269],[-71.4081509436336,41.8252277214042],[-71.4082096178673,41.8253393591031],[-71.4082108112544,41.8253423734936],[-71.4082112930936,41.8253454962566],[-71.4082110478677,41.825348635545],[-71.4082100841401,41.8253516950294],[-71.4082084297246,41.8253545846981],[-71.4082061340955,41.8253572190582],[-71.4082032659799,41.8253595171341],[-71.4081999121413,41.8253614114696],[-71.4081961713651,41.8253628454222],[-71.4081921568618,41.825363775866],[-71.4081879878387,41.8253641749858],[-71.4081837882947,41.8253640311763],[-71.408179685818,41.8253633481407],[-71.4081758019539,41.8253621466841],[-71.4081722522072,41.8253604629124]]]},"properties":{"FID":138,"Layer":"C-GREENS-2","Shape_Leng":178.101294775,"Shape__Area":1685.6347427368164,"Shape__Length":178.02105120348551,"GreenSpaceName":null}},{"type":"Feature","id":139,"geometry":{"type":"Polygon","coordinates":[[[-71.4078348591507,41.8255148746612],[-71.4076921907659,41.8253116128701],[-71.4077169905122,41.8252958957587],[-71.4077451078673,41.8253085519095],[-71.4077756487633,41.8253175321117],[-71.4078077613277,41.8253225862855],[-71.4078405514002,41.8253235732592],[-71.407865500318,41.8255110845023],[-71.4078648546944,41.825513065632],[-71.4078637782963,41.8255149383754],[-71.4078623012903,41.8255166514374],[-71.4078604646695,41.8255181580331],[-71.407858319052,41.8255194149869],[-71.40785592347,41.8255203872328],[-71.4078533453677,41.8255210496154],[-71.4078506557924,41.8255213823842],[-71.4078479305912,41.8255213765967],[-71.4078452443942,41.8255210323127],[-71.4078426718188,41.8255203585955],[-71.4078402838557,41.8255193753096],[-71.4078381478754,41.8255181086187],[-71.4078363228082,41.8255165945839],[-71.4078348591507,41.8255148746612]]]},"properties":{"FID":139,"Layer":"C-GREENS-2","Shape_Leng":208.157290355,"Shape__Area":1786.7493286132813,"Shape__Length":208.1027035353996,"GreenSpaceName":null}},{"type":"Feature","id":140,"geometry":{"type":"Polygon","coordinates":[[[-71.4078193848364,41.825021817334],[-71.4078012338801,41.8247820504006],[-71.407803179801,41.8247781778005],[-71.4078059883335,41.8247746129085],[-71.407809576266,41.8247714645989],[-71.4078138363362,41.8247688255206],[-71.4078186396346,41.8247667747998],[-71.4078238440359,41.824765374446],[-71.4078292942035,41.8247646657502],[-71.4078348252,41.8247646701879],[-71.4078402733223,41.824765387628],[-71.4078454736951,41.8247667963301],[-71.4078502711005,41.8247688547539],[-71.4078545235914,41.8247715006623],[-71.4078581024855,41.8247746547222],[-71.4078609007865,41.8247782241128],[-71.4078628355954,41.8247820998266],[-71.4079229127155,41.8248700211562],[-71.4079403669919,41.8249175046574],[-71.4079171260383,41.824999732063],[-71.4078961081505,41.8249988923025],[-71.4078752115431,41.8250007770633],[-71.4078550622218,41.8250053292261],[-71.4078362658407,41.825012414226],[-71.4078193848364,41.825021817334]]]},"properties":{"FID":140,"Layer":"C-GREENS-2","Shape_Leng":223.42535226,"Shape__Area":2411.2152633666992,"Shape__Length":223.36102781069633,"GreenSpaceName":null}},{"type":"Feature","id":141,"geometry":{"type":"Polygon","coordinates":[[[-71.4075883269828,41.8251871735457],[-71.40743101738,41.8249753185017],[-71.4074795550738,41.824968959791],[-71.4076678619241,41.8250959043425],[-71.4076538072213,41.8251153286778],[-71.407643188595,41.8251359379199],[-71.4076361798681,41.8251573936819],[-71.4075883269828,41.8251871735457]]]},"properties":{"FID":141,"Layer":"C-GREENS-2","Shape_Leng":211.962118109,"Shape__Area":1998.0029220581055,"Shape__Length":211.94560654423745,"GreenSpaceName":null}},{"type":"Feature","id":142,"geometry":{"type":"Polygon","coordinates":[[[-71.4076804495018,41.8250729882093],[-71.4074096661313,41.8249034262737],[-71.4074058653132,41.8248997543258],[-71.4074028932271,41.8248956769924],[-71.4074008243519,41.8248912987733],[-71.4073997114908,41.8248867304528],[-71.4073995821625,41.8248820872965],[-71.4074004410105,41.8248774881532],[-71.4074022649969,41.8248730491479],[-71.407725189371,41.8247599184123],[-71.4077300012076,41.8247586293896],[-71.4077350288542,41.8247579365649],[-71.4077401386744,41.8247578578376],[-71.4077451994639,41.8247583940029],[-71.4077500788328,41.8247595332499],[-71.4077546504381,41.8247612439652],[-71.4077587927682,41.8247634828351],[-71.4077624011856,41.8247661912535],[-71.4077653794963,41.8247692980164],[-71.4077676507785,41.8247727229318],[-71.4077691561788,41.8247763768188],[-71.4077698561121,41.8247801642098],[-71.4077882491111,41.8250231365518],[-71.407771289021,41.825023056311],[-71.4077545294544,41.8250249983918],[-71.4077383965933,41.8250289127174],[-71.4077233046526,41.8250347005835],[-71.4077096378276,41.8250422128428],[-71.4076977454686,41.8250512571038],[-71.4076879324425,41.8250616040253],[-71.4076804495018,41.8250729882093]]]},"properties":{"FID":142,"Layer":"C-GREENS-2","Shape_Leng":347.744073691,"Shape__Area":7117.87801361084,"Shape__Length":347.67383490146074,"GreenSpaceName":null}},{"type":"Feature","id":143,"geometry":{"type":"Polygon","coordinates":[[[-71.407129761755,41.8242946003468],[-71.40711061426,41.8242657109671],[-71.4071566331462,41.8242486462149],[-71.4071757806569,41.8242775355871],[-71.4071949281847,41.8243064249559],[-71.4071489092672,41.8243234897232],[-71.407129761755,41.8242946003468]]]},"properties":{"FID":143,"Layer":"C-GREENS-2","Shape_Leng":74.9995912097,"Shape__Area":328.99653625488281,"Shape__Length":74.999591223253276,"GreenSpaceName":null}},{"type":"Feature","id":144,"geometry":{"type":"Polygon","coordinates":[[[-71.4070552274363,41.8243582292029],[-71.4070169324927,41.8243004504159],[-71.4070629514287,41.8242833857015],[-71.4070820989075,41.824312275089],[-71.4071012464035,41.8243411644733],[-71.4070552274363,41.8243582292029]]]},"properties":{"FID":144,"Layer":"C-GREENS-2","Shape_Leng":74.9995912163,"Shape__Area":328.99654388427734,"Shape__Length":74.999591208909024,"GreenSpaceName":null}},{"type":"Feature","id":145,"geometry":{"type":"Polygon","coordinates":[[[-71.407109005505,41.8244393654086],[-71.4070707092611,41.8243815866393],[-71.407116728241,41.8243645219035],[-71.4071358757681,41.8243934112818],[-71.4071550245161,41.8244223006577],[-71.407109005505,41.8244393654086]]]},"properties":{"FID":145,"Layer":"C-GREENS-2","Shape_Leng":74.9998832973,"Shape__Area":328.99685668945313,"Shape__Length":74.999883297302631,"GreenSpaceName":null}},{"type":"Feature","id":146,"geometry":{"type":"Polygon","coordinates":[[[-71.407183538661,41.8243757365176],[-71.4071643911177,41.8243468471472],[-71.4072104100479,41.8243297823737],[-71.4072295576068,41.8243586717366],[-71.4072487063866,41.8243875610971],[-71.4072026874239,41.824404626786],[-71.407183538661,41.8243757365176]]]},"properties":{"FID":146,"Layer":"C-GREENS-2","Shape_Leng":75.000323135,"Shape__Area":329.00150299072266,"Shape__Length":75.000323130185848,"GreenSpaceName":null}},{"type":"Feature","id":147,"geometry":{"type":"Polygon","coordinates":[[[-71.4074486984623,41.8245574823702],[-71.4073449588348,41.824499216084],[-71.4073768239254,41.8244894262771],[-71.4073296384613,41.8244180615019],[-71.4074951877758,41.8243558346985],[-71.4075579707406,41.824442334967],[-71.4076063548882,41.8244244364233],[-71.4077721025474,41.8246792802428],[-71.4077322879969,41.8246908851614],[-71.4075403373005,41.8246066886076],[-71.4075404445966,41.8245982056926],[-71.4075385860918,41.8245898364389],[-71.4075348167919,41.8245818347863],[-71.4075292506998,41.824574443018],[-71.4075220572171,41.8245678836538],[-71.4075134539266,41.8245623558439],[-71.4075036993828,41.824558026359],[-71.4074930907102,41.8245550259872],[-71.4074819467565,41.8245534459196],[-71.4074706056907,41.8245533341463],[-71.4074594105623,41.8245546927442],[-71.4074486984623,41.8245574823702]]]},"properties":{"FID":147,"Layer":"C-GREENS-2","Shape_Leng":387.552666072,"Shape__Area":6172.2364196777344,"Shape__Length":387.50578845350572,"GreenSpaceName":null}},{"type":"Feature","id":148,"geometry":{"type":"Polygon","coordinates":[[[-71.4073454025677,41.824864375342],[-71.4071300378557,41.8245266892642],[-71.407250032001,41.8244857397209],[-71.4074209789816,41.8245688727407],[-71.40753699166,41.8246271614418],[-71.4077414298367,41.8247254403412],[-71.4073454025677,41.824864375342]]]},"properties":{"FID":148,"Layer":"C-GREENS-2","Shape_Leng":451.418160954,"Shape__Area":10535.555595397949,"Shape__Length":451.4181609528448,"GreenSpaceName":null}},{"type":"Feature","id":149,"geometry":{"type":"Polygon","coordinates":[[[-71.4079723011398,41.8254185701812],[-71.4079580519257,41.8254183363809],[-71.4079440604675,41.8254163093089],[-71.407930725112,41.8254125469062],[-71.4079184284856,41.8254071575205],[-71.4079075230569,41.8254002944925],[-71.4078983191022,41.8253921543453],[-71.407891083511,41.8253829704814],[-71.4078860193329,41.8253730059631],[-71.4078832754207,41.8253625445169],[-71.4078829271748,41.8253518878175],[-71.407884986196,41.8253413392885],[-71.407889393068,41.8253312013963],[-71.4078960209847,41.8253217639483],[-71.4079046817784,41.8253132977956],[-71.4079285949126,41.8253047421297],[-71.4079507503478,41.8252938576723],[-71.4079650232086,41.8252926896636],[-71.4079793548385,41.8252933511903],[-71.4079933275774,41.8252958239112],[-71.408006535881,41.8253000345741],[-71.4080185959386,41.8253058631268],[-71.4080291577159,41.8253131382248],[-71.4080379145689,41.8253216489437],[-71.408044611664,41.8253311483866],[-71.4080490555973,41.8253413608953],[-71.4080511155888,41.8253519892532],[-71.4080507318923,41.8253627254965],[-71.4080479181956,41.8253732563179],[-71.4080427531743,41.8253832774653],[-71.4080353877099,41.825392496449],[-71.4080109365913,41.8253782812161],[-71.408008556388,41.8253760833816],[-71.4080057219195,41.8253742111062],[-71.4080025125572,41.8253727157728],[-71.4079990161115,41.8253716397677],[-71.407995328839,41.8253710110785],[-71.407991554233,41.8253708477948],[-71.4079877946012,41.8253711554006],[-71.407984155884,41.825371924077],[-71.4079807380178,41.8253731340967],[-71.4079776349421,41.8253747504216],[-71.4079749321835,41.8253767290036],[-71.4079727056545,41.825379014983],[-71.4079710168344,41.8253815453852],[-71.4079699115651,41.8253842500203],[-71.4079723011398,41.8254185701812]]]},"properties":{"FID":149,"Layer":"C-GREENS-2","Shape_Leng":159.175621592,"Shape__Area":1428.8903884887695,"Shape__Length":159.0163199412392,"GreenSpaceName":null}},{"type":"Feature","id":150,"geometry":{"type":"Polygon","coordinates":[[[-71.4081278108151,41.8254828114465],[-71.4079401201528,41.8255587137718],[-71.4079350668682,41.8255587754467],[-71.4079300710624,41.8255582060294],[-71.407925272343,41.8255570218379],[-71.4079208042772,41.8255552544912],[-71.4079167931816,41.8255529554099],[-71.4079133521149,41.8255501877084],[-71.407910574856,41.8255470288913],[-71.4079085419257,41.8255435681567],[-71.4079073097593,41.8255399027866],[-71.4079069119147,41.8255361345463],[-71.407907360278,41.8255323687851],[-71.4079086414547,41.8255287126326],[-71.4079239312317,41.8255016921917],[-71.4079434485991,41.8254762399269],[-71.407966910151,41.8254527256486],[-71.4079877416396,41.8254501835711],[-71.4080078301155,41.8254453423278],[-71.408026726439,41.8254383086997],[-71.4080440054692,41.8254292426076],[-71.4080592781179,41.8254183454169],[-71.4080722021766,41.825405864448],[-71.4081765260898,41.8254012490141],[-71.4081831118243,41.8254019340347],[-71.4081894556657,41.8254034246655],[-71.4081953819288,41.8254056811513],[-71.4082007269993,41.8254086403376],[-71.408205341734,41.8254122201744],[-71.408209101086,41.8254163233252],[-71.4082119004968,41.8254208344631],[-71.4082136619012,41.8254256301791],[-71.4082143373397,41.8254305780852],[-71.4082139089516,41.8254355413154],[-71.408212386562,41.8254403830259],[-71.4082098124922,41.8254449690999],[-71.4082062603482,41.8254491735486],[-71.4082018253905,41.8254528794039],[-71.4081278108151,41.8254828114465]]]},"properties":{"FID":150,"Layer":"C-GREENS-2","Shape_Leng":218.168022131,"Shape__Area":2338.7450180053711,"Shape__Length":218.06749039941064,"GreenSpaceName":null}},{"type":"Feature","id":151,"geometry":{"type":"Polygon","coordinates":[[[-71.3994833414015,41.8265390382903],[-71.3994804244991,41.8265384325105],[-71.3994776802811,41.826537474849],[-71.399475185744,41.8265361923833],[-71.3994730070396,41.8265346193844],[-71.3994712054893,41.8265328000224],[-71.3994698291662,41.8265307829579],[-71.3994689165025,41.8265286240456],[-71.399468491481,41.8265263818284],[-71.3994685672472,41.826524117541],[-71.3994691400911,41.8265218942039],[-71.3994701954735,41.8265197721271],[-71.3994717044147,41.8265178089069],[-71.3994736259034,41.8265160585279],[-71.3994759056968,41.8265145686605],[-71.3994784835438,41.8265133806676],[-71.3995393711549,41.8265069721965],[-71.3995420706952,41.8265080189511],[-71.3995445061273,41.8265093796932],[-71.3995466149134,41.8265110183544],[-71.3995483393434,41.8265128907678],[-71.3995496349552,41.826514948276],[-71.3995504657227,41.826517135927],[-71.3995508112739,41.8265193951809],[-71.3995506620718,41.8265216666068],[-71.3995500218218,41.8265238898854],[-71.3995489062652,41.8265260056079],[-71.3995473479914,41.8265279570815],[-71.3995453855972,41.8265296948213],[-71.3995430721229,41.8265311702551],[-71.3995135816456,41.8265366959546],[-71.3994833414015,41.8265390382903]]]},"properties":{"FID":151,"Layer":"C-GREENS-2","Shape_Leng":56.5216978776,"Shape__Area":196.65293121337891,"Shape__Length":56.481610586398091,"GreenSpaceName":null}},{"type":"Feature","id":152,"geometry":{"type":"Polygon","coordinates":[[[-71.3995104480097,41.8245215387044],[-71.3994899920359,41.824362453278],[-71.39970479706,41.8243470012223],[-71.3997252523585,41.8245060857101],[-71.3995104480097,41.8245215387044]]]},"properties":{"FID":152,"Layer":"C-GREENS-2","Shape_Leng":234.112344967,"Shape__Area":3425.4527359008789,"Shape__Length":234.11234496032586,"GreenSpaceName":"Starr Plaza"}},{"type":"Feature","id":153,"geometry":{"type":"Polygon","coordinates":[[[-71.4030101221317,41.8295670046983],[-71.4030191735076,41.8295653584177],[-71.4030277161804,41.8295625826819],[-71.4030355008447,41.8295587574106],[-71.4030422998144,41.8295539949543],[-71.4030479130499,41.8295484346968],[-71.4030521753853,41.8295422403606],[-71.4030563150547,41.8295439445947],[-71.4030591710724,41.8295411343459],[-71.4032141209693,41.8296215293254],[-71.4032067204168,41.8296380749213],[-71.4032038827867,41.8296382697045],[-71.4032039932825,41.8296392367616],[-71.4031494596027,41.8296421087943],[-71.4031493597925,41.8296412407834],[-71.4031432668151,41.8296416308949],[-71.4031433773182,41.8296425925501],[-71.4030888424305,41.8296454636526],[-71.4030887438168,41.8296446010447],[-71.4030876867858,41.8296446685787],[-71.4030808049841,41.8295934073752],[-71.403024661275,41.8295974709393],[-71.4030194017164,41.8295944107485],[-71.403014299502,41.8295947746795],[-71.4030101221317,41.8295670046983]]]},"properties":{"FID":153,"Layer":"C-GREENS-2","Shape_Leng":156.992331644,"Shape__Area":994.06413269042969,"Shape__Length":156.97371592942466,"GreenSpaceName":null}},{"type":"Feature","id":154,"geometry":{"type":"Polygon","coordinates":[[[-71.403249322808,41.8296051575047],[-71.4033543124915,41.8294395799099],[-71.4033561041097,41.8294481301361],[-71.4033584263032,41.8294576774839],[-71.4033603379167,41.8294672839085],[-71.403362433813,41.8294768220624],[-71.4033642538369,41.8294864968357],[-71.403366165555,41.8294960348346],[-71.4033680772736,41.8295055728334],[-71.4033699899908,41.8295152476845],[-71.4033717175311,41.8295247855283],[-71.4033734462756,41.829534323373],[-71.4033751748149,41.8295439980691],[-71.4033763578657,41.8295505850439],[-71.4033773567371,41.8295571718638],[-71.4033784470953,41.8295637596609],[-71.4033794457613,41.8295704833321],[-71.4033804458371,41.8295770701529],[-71.4033814447079,41.8295836578731],[-71.4033824435804,41.8295902446928],[-71.403383350965,41.8295968314357],[-71.4033843497336,41.8296034875814],[-71.4033853486066,41.8296100744011],[-71.4033858949917,41.8296133674003],[-71.4033853373626,41.8296175526072],[-71.4033843272467,41.8296184430932],[-71.4033833170265,41.8296194029052],[-71.4033823069091,41.8296202942915],[-71.4033813882811,41.8296211848544],[-71.4033803780608,41.8296221446664],[-71.4033793667396,41.8296230360517],[-71.4033781736475,41.8296239263837],[-71.4033771637371,41.8296246800183],[-71.4033759696456,41.8296254343983],[-71.4033747755553,41.8296261878779],[-71.4033739502377,41.8296266670644],[-71.403373032124,41.8296272154989],[-71.4033721142174,41.8296276261816],[-71.4033712876959,41.8296281053671],[-71.4033703699951,41.8296283791985],[-71.4033693604962,41.8296288591303],[-71.4033684425896,41.829629269813],[-71.4033676162739,41.8296296121471],[-71.4033666068792,41.8296300227528],[-71.4033656890754,41.8296303650099],[-71.4033646785798,41.829630707189],[-71.403363669288,41.829631049369],[-71.4033624770201,41.8296313913952],[-71.4033614666274,41.8296316651485],[-71.4033602743595,41.8296320071746],[-71.4033590808877,41.8296323491997],[-71.403358071803,41.8296325536281],[-71.4033568783313,41.8296328956531],[-71.4033556862692,41.8296331008278],[-71.4033544927974,41.8296334428529],[-71.4033534837113,41.8296336481815],[-71.4033522902395,41.8296339902065],[-71.4032733949053,41.8296396175435],[-71.403249322808,41.8296051575047]]]},"properties":{"FID":154,"Layer":"C-GREENS-2","Shape_Leng":179.086870676,"Shape__Area":1496.1221237182617,"Shape__Length":179.08687067080228,"GreenSpaceName":null}},{"type":"Feature","id":155,"geometry":{"type":"Polygon","coordinates":[[[-71.4028623228876,41.8249890017973],[-71.402858257276,41.8249488522119],[-71.4028645821735,41.824946837198],[-71.4028703929936,41.8249440888727],[-71.4028755367588,41.8249406782333],[-71.4028798809296,41.824936692501],[-71.4028833134014,41.8249322378211],[-71.4028857437251,41.8249274275599],[-71.402887109118,41.8249223877122],[-71.4028873744744,41.8249172496978],[-71.4030319371335,41.8249090589828],[-71.403087190617,41.8249059283121],[-71.4030887321738,41.824910974216],[-71.4030913261406,41.824915772514],[-71.4030949064961,41.8249202025048],[-71.4030993807278,41.824924149767],[-71.4031046370393,41.8249275160694],[-71.4031105419489,41.8249302157668],[-71.4031169438943,41.8249321794052],[-71.4031236828578,41.8249333573309],[-71.4031305855507,41.8249337196865],[-71.4031342089307,41.8249695031422],[-71.4031263564975,41.824969948491],[-71.4031225651279,41.8249673550163],[-71.4031182409376,41.8249652814884],[-71.4031135090234,41.8249637865349],[-71.4031085053371,41.8249629143871],[-71.4031033778959,41.8249626903793],[-71.4030982723381,41.8249631209366],[-71.4030933403492,41.8249641935824],[-71.4030887228097,41.8249658769235],[-71.4030845534037,41.8249681224545],[-71.4030809550067,41.8249708654547],[-71.4030780312607,41.8249740240806],[-71.4030758677629,41.8249775092708],[-71.403037601141,41.8249796774071],[-71.4029371109188,41.8249853709208],[-71.4029314535797,41.8249821357216],[-71.4029251836859,41.8249796112728],[-71.4029184564195,41.8249778607293],[-71.4029114450443,41.8249769301547],[-71.4029043240629,41.8249768422051],[-71.4028972752314,41.8249775988346],[-71.4028904755223,41.8249791812857],[-71.4028840959225,41.8249815491879],[-71.4028782990215,41.8249846432562],[-71.4028732305869,41.824988384384],[-71.4028623228876,41.8249890017973]]]},"properties":{"FID":155,"Layer":"C-GREENS-2","Shape_Leng":193.675779475,"Shape__Area":1657.0055923461914,"Shape__Length":193.6008101137329,"GreenSpaceName":null}},{"type":"Feature","id":156,"geometry":{"type":"Polygon","coordinates":[[[-71.4032042034951,41.8249676561244],[-71.4032001364783,41.824927499347],[-71.403205341278,41.8249251106299],[-71.4032100401149,41.8249221929868],[-71.4032141366046,41.8249188048587],[-71.403217547586,41.824915016402],[-71.4032202043342,41.8249109031875],[-71.4033165376742,41.8249054454178],[-71.4033215087908,41.8249103636558],[-71.4033275269867,41.8249145769085],[-71.4033344155031,41.8249179616803],[-71.4033419746717,41.8249204205665],[-71.4033459528179,41.8249597003333],[-71.4033395020178,41.8249630018531],[-71.4033338289305,41.8249670233985],[-71.4033290769483,41.8249716642521],[-71.4033253630052,41.8249768083686],[-71.4032277246312,41.8249823406748],[-71.4032242638349,41.8249784410891],[-71.4032200874145,41.8249749559569],[-71.4032152831333,41.824971956479],[-71.4032099508024,41.8249695066635],[-71.4032042034951,41.8249676561244]]]},"properties":{"FID":156,"Layer":"C-GREENS-2","Shape_Leng":116.443163572,"Shape__Area":924.99712371826172,"Shape__Length":116.40872657514144,"GreenSpaceName":null}},{"type":"Feature","id":157,"geometry":{"type":"Polygon","coordinates":[[[-71.40339868103,41.824950916856],[-71.4033961190569,41.824925618757],[-71.4034016456348,41.8249221651997],[-71.4034063029196,41.8249180563642],[-71.403409953508,41.8249134127806],[-71.403443253177,41.824911525753],[-71.4034467773872,41.8249148851817],[-71.4034509209347,41.8249178228715],[-71.4034555948417,41.8249202748235],[-71.4034606980769,41.8249221878325],[-71.4034631699355,41.8249465927174],[-71.4034592406027,41.8249484909326],[-71.4034557091027,41.8249507838309],[-71.4034526441127,41.8249534273533],[-71.4034501083079,41.8249563666318],[-71.4034481511266,41.8249595440863],[-71.4034156050155,41.8249613885325],[-71.4034107434863,41.8249572302775],[-71.4034050528511,41.8249537096659],[-71.40339868103,41.824950916856]]]},"properties":{"FID":157,"Layer":"C-GREENS-2","Shape_Leng":60.7126095434,"Shape__Area":266.44900512695313,"Shape__Length":60.687836305601593,"GreenSpaceName":null}},{"type":"Feature","id":158,"geometry":{"type":"Polygon","coordinates":[[[-71.400145952984,41.8232149578523],[-71.400122079919,41.8230325822375],[-71.4002533698352,41.8230218211072],[-71.4002542774168,41.8230280153341],[-71.4002398411971,41.8230291984496],[-71.4002401079954,41.8230310173681],[-71.4002429189178,41.8230307866211],[-71.4002462490899,41.8230535194966],[-71.4002235317766,41.8230553814777],[-71.4002237985746,41.8230572003962],[-71.4002266094983,41.8230569696496],[-71.400229939666,41.8230797025255],[-71.4002271287428,41.8230799323718],[-71.4002273955409,41.8230817512903],[-71.400240159664,41.8230807053766],[-71.4002415579519,41.8230902528959],[-71.4002515111529,41.8230894368276],[-71.4002548413311,41.8231121697026],[-71.4002321239973,41.8231140316853],[-71.4002323907958,41.8231158506038],[-71.4002352017219,41.823115619857],[-71.4002385318957,41.8231383527324],[-71.4002357209699,41.823138582579],[-71.4002359877686,41.8231404014974],[-71.4002487519031,41.8231393555829],[-71.4002501501936,41.8231489031019],[-71.4002601034035,41.8231480870329],[-71.4002634347914,41.8231708199085],[-71.4002257490945,41.8231739086611],[-71.4002243829539,41.8231645880554],[-71.4002219524338,41.8231647876204],[-71.4002222597166,41.8231668901812],[-71.4001918691909,41.8231693811308],[-71.4001915607054,41.823167278569],[-71.4001891301851,41.8231674781333],[-71.4001904951184,41.823176797838],[-71.40018213697,41.8231774829371],[-71.4001857339256,41.8232020347323],[-71.4001919649194,41.8232015242515],[-71.4001933632028,41.8232110717711],[-71.400145952984,41.8232149578523]]]},"properties":{"FID":158,"Layer":"C-GREENS-2","Shape_Leng":247.650268849,"Shape__Area":1797.4075469970703,"Shape__Length":247.65026887017586,"GreenSpaceName":null}},{"type":"Feature","id":159,"geometry":{"type":"Polygon","coordinates":[[[-71.4001627160124,41.8233439092078],[-71.4001496333036,41.8232400769352],[-71.4001579144158,41.8232393980739],[-71.4001594961175,41.8232501963255],[-71.4001619278447,41.8232499967628],[-71.4001616110223,41.8232478374722],[-71.4001920027899,41.8232453465317],[-71.4001944920766,41.82326233901],[-71.4001969238041,41.8232621394466],[-71.400196615318,41.8232600368847],[-71.4002270070901,41.823257545935],[-71.4002273143735,41.8232596484957],[-71.4002297461009,41.8232594489316],[-71.4002283478111,41.8232499014125],[-71.4002411119675,41.8232488554988],[-71.4002400209599,41.8232414105405],[-71.4002704127215,41.8232389195792],[-71.4002729020287,41.8232559120558],[-71.4002753325521,41.8232557124897],[-71.4002750252672,41.8232536099291],[-71.4003054158295,41.8232511189575],[-71.4003057243192,41.8232532215191],[-71.400308156046,41.8232530219533],[-71.400306756541,41.8232434744341],[-71.4003195218986,41.8232424285127],[-71.40033256762,41.823331479853],[-71.4001663624035,41.823343610763],[-71.4001627160124,41.8233439092078]]]},"properties":{"FID":159,"Layer":"C-GREENS-2","Shape_Leng":193.124155196,"Shape__Area":1503.3800811767578,"Shape__Length":193.12415516843339,"GreenSpaceName":null}},{"type":"Feature","id":160,"geometry":{"type":"Polygon","coordinates":[[[-71.4001816499318,41.8234941770919],[-71.4001644365084,41.8233575697605],[-71.4002847867032,41.8233477057292],[-71.4003343494536,41.823343643191],[-71.4003370365069,41.8233619800451],[-71.4002755264679,41.8233665643141],[-71.4002891617782,41.8234689186917],[-71.4003481126025,41.8234645257685],[-71.4003500187231,41.8234803761058],[-71.4001816499318,41.8234941770919]]]},"properties":{"FID":160,"Layer":"C-GREENS-2","Shape_Leng":225.75718964,"Shape__Area":1703.2479553222656,"Shape__Length":225.75718963058523,"GreenSpaceName":null}},{"type":"Feature","id":161,"geometry":{"type":"Polygon","coordinates":[[[-71.4001994472262,41.823635426177],[-71.4001833704358,41.8235078376439],[-71.4001870180411,41.8235075382991],[-71.4003516622176,41.823494042891],[-71.4003653675279,41.8236080189056],[-71.4003525783125,41.8236088793412],[-71.4003514279837,41.8235993131322],[-71.4003489926886,41.8235994766821],[-71.4003492458052,41.8236015836971],[-71.4003187955806,41.8236036325614],[-71.4003185412613,41.8236015255453],[-71.4003161059661,41.8236016890946],[-71.4003181534967,41.8236187153987],[-71.4002877020606,41.8236207633534],[-71.4002868048558,41.8236133041588],[-71.4002740156383,41.8236141645857],[-71.4002728653211,41.8236045983759],[-71.4002704300242,41.8236047628245],[-71.4002706831397,41.8236068689393],[-71.4002402329101,41.8236089177828],[-71.400239979797,41.8236068107676],[-71.4002375432963,41.8236069752145],[-71.4002395908076,41.8236240006196],[-71.4002091405689,41.8236260494548],[-71.4002088803229,41.823623885712],[-71.4002064438228,41.8236240492579],[-71.400207745053,41.8236348679723],[-71.4001994472262,41.823635426177]]]},"properties":{"FID":161,"Layer":"C-GREENS-2","Shape_Leng":210.503202005,"Shape__Area":1905.0944976806641,"Shape__Length":210.50320200308286,"GreenSpaceName":null}},{"type":"Feature","id":162,"geometry":{"type":"Polygon","coordinates":[[[-71.400224417744,41.8238430932569],[-71.4002024739151,41.8236605951074],[-71.400249976072,41.8236573987435],[-71.4002511263868,41.8236669649534],[-71.400244884655,41.8236673853941],[-71.4002478424343,41.8236919843483],[-71.4002562161081,41.8236914208039],[-71.4002573390933,41.8237007592041],[-71.4002597743938,41.8237005947557],[-71.4002595212784,41.8236984886409],[-71.4002899727535,41.8236964397934],[-71.4002902258685,41.8236985468085],[-71.4002926611689,41.8236983823594],[-71.4002915381786,41.8236890439596],[-71.4003292979522,41.823686503557],[-71.4003320359087,41.8237092809306],[-71.4003220635801,41.8237099511341],[-71.4003232139065,41.8237195173433],[-71.4003104246683,41.8237203777742],[-71.4003106433187,41.8237222002519],[-71.4003134602253,41.823722010924],[-71.4003161993827,41.8237447873986],[-71.4003133824751,41.8237449767265],[-71.4003136023294,41.8237467992052],[-71.4003363639083,41.8237452676697],[-71.4003391030748,41.8237680441436],[-71.4003291295321,41.823768715247],[-71.4003302798606,41.823778281456],[-71.4003174906108,41.8237791418877],[-71.4003177104653,41.8237809643664],[-71.4003205273744,41.8237807750384],[-71.4003232653331,41.8238035515114],[-71.4003204496266,41.8238037408406],[-71.4003206682776,41.8238055633183],[-71.4003434298772,41.8238040317814],[-71.4003461690486,41.8238268082549],[-71.4003433521375,41.8238269975835],[-71.4003435707892,41.8238288200611],[-71.4003580357499,41.8238278467369],[-71.40035878204,41.823834053427],[-71.400224417744,41.8238430932569]]]},"properties":{"FID":162,"Layer":"C-GREENS-2","Shape_Leng":248.41700149,"Shape__Area":1823.15087890625,"Shape__Length":248.41700147673251,"GreenSpaceName":null}},{"type":"Feature","id":163,"geometry":{"type":"Polygon","coordinates":[[[-71.4010305252134,41.8237455392017],[-71.4010200141029,41.8236724387519],[-71.4010279136292,41.8236718027155],[-71.4010318853594,41.8236994294659],[-71.4010568118509,41.8236974242733],[-71.4010615838937,41.8237306212144],[-71.4010640156308,41.823730425234],[-71.4010633463369,41.8237257644983],[-71.4010761129526,41.8237247374012],[-71.401081204182,41.823760151253],[-71.4003924296875,41.8238317894426],[-71.4003881634481,41.823796315053],[-71.4004009527004,41.8237954546135],[-71.4004015148069,41.8238001233631],[-71.4004039501094,41.8237999598121],[-71.4003999524567,41.8237667058938],[-71.4004249218225,41.8237650258983],[-71.400421593188,41.8237373519668],[-71.4004295106229,41.8237368195262],[-71.4004379967948,41.8238073847176],[-71.4006273907448,41.8237945703125],[-71.4006257471827,41.8237809044323],[-71.4004509603838,41.8237926645915],[-71.4004441272405,41.8237358364188],[-71.400452044675,41.8237353039767],[-71.400452940697,41.8237427631688],[-71.4004657299377,41.823741902722],[-71.4004668802861,41.8237514689297],[-71.4004693167917,41.823751304478],[-71.4004690636692,41.8237491983637],[-71.4004995139581,41.8237471494596],[-71.4004997670802,41.8237492564742],[-71.4005022035856,41.8237490920218],[-71.4005001560008,41.8237320666216],[-71.4005306062807,41.8237300177093],[-71.400531503514,41.8237374778022],[-71.4005442927526,41.8237366173467],[-71.4005454431126,41.8237461835537],[-71.4005478796178,41.8237460191002],[-71.4005476264941,41.8237439120857],[-71.4005780767767,41.8237418640612],[-71.4005783299027,41.8237439701753],[-71.4005807664063,41.8237438066215],[-71.4005787188009,41.8237267812227],[-71.4006079508243,41.8237248140668],[-71.4006082110842,41.8237269778087],[-71.4006118658386,41.8237267324771],[-71.4006105645399,41.823715912867],[-71.4006188623736,41.8237153546327],[-71.4006158355177,41.8236901866136],[-71.4005683333545,41.8236933831288],[-71.400567182992,41.823683816922],[-71.4005734247233,41.8236833964638],[-71.4005704668198,41.8236587975179],[-71.4005620931529,41.8236593610851],[-71.4005609701242,41.8236500226879],[-71.4005585336241,41.8236501862412],[-71.4005587867477,41.8236522932557],[-71.4005283365056,41.8236543421756],[-71.4005280833829,41.823652235161],[-71.4005256468826,41.8236523987137],[-71.4005267699049,41.8236617380116],[-71.4004890113586,41.8236642775799],[-71.4004862721433,41.8236415011091],[-71.4004962456647,41.823640829992],[-71.4004950953139,41.8236312637844],[-71.4005078845319,41.8236304033329],[-71.4005076646711,41.8236285817548],[-71.4005048477692,41.8236287710875],[-71.4005021097535,41.823605994618],[-71.4005049254521,41.823605804384],[-71.4005047067952,41.823603982807],[-71.4004819452703,41.8236055143759],[-71.4004792060614,41.8235827370044],[-71.4004891783686,41.8235820667872],[-71.4004880280199,41.8235725005795],[-71.4005008172263,41.8235716401287],[-71.400500598571,41.8235698176514],[-71.4004977816717,41.8235700069838],[-71.4004950424573,41.8235472305129],[-71.4004978593556,41.8235470411805],[-71.4004976407005,41.8235452187031],[-71.4004748791963,41.8235467502706],[-71.4004722493195,41.8235248841374],[-71.4004750662169,41.8235246948056],[-71.4004747370302,41.8235219619887],[-71.4005029072091,41.823520066867],[-71.4004960536816,41.8234686191085],[-71.4004956895836,41.8234658889625],[-71.400579655661,41.8234596304737],[-71.4005836262324,41.8234894297597],[-71.4005800522812,41.8234926949006],[-71.4005806579128,41.8234972457427],[-71.4005850231235,41.8234999190285],[-71.4005872957634,41.8235169752342],[-71.4006347549892,41.8235134383454],[-71.4006332390962,41.8235020603388],[-71.4007585803306,41.823492717824],[-71.4007600962456,41.823504095829],[-71.4008075566563,41.8235005588698],[-71.4008052934822,41.8234835711024],[-71.4008089505918,41.8234802303978],[-71.4008083437405,41.8234756795558],[-71.4008038775094,41.8234729440678],[-71.4007999163606,41.8234432132232],[-71.4007862265868,41.8234442340904],[-71.4007845952451,41.8234319925599],[-71.4010011131423,41.8234158543976],[-71.4010159412323,41.8235190074175],[-71.4009910148089,41.8235210126013],[-71.4009862428178,41.8234878156561],[-71.4009838110897,41.8234880116348],[-71.4009844815791,41.8234926723722],[-71.4009717138043,41.8234936994582],[-71.4009666226561,41.8234582856],[-71.4009330335297,41.8234609873686],[-71.4009339231251,41.8234671833748],[-71.4009194844449,41.8234683449653],[-71.4009198762482,41.8234710733333],[-71.4009225559634,41.8234708577623],[-71.4009258264226,41.8234926749192],[-71.4009031042115,41.8234945028173],[-71.4009033650121,41.823496321729],[-71.4009061771493,41.8234960954685],[-71.4009094461855,41.823518832772],[-71.4009066340473,41.8235190590325],[-71.4009068960519,41.8235208779452],[-71.400919662628,41.8235198517657],[-71.4009210357464,41.8235294010549],[-71.4009309913906,41.8235286002357],[-71.4009342592322,41.8235513384376],[-71.400911537002,41.8235531654371],[-71.4009117990067,41.8235549843497],[-71.4009146099428,41.823554758088],[-71.4009178789835,41.8235774962913],[-71.4009150668428,41.8235777225521],[-71.4009153288478,41.8235795414647],[-71.4009280954369,41.823578514384],[-71.4009294685578,41.823588063673],[-71.4009394242096,41.8235872637535],[-71.4009426932621,41.8236100010556],[-71.4009049990029,41.8236130324016],[-71.4009036592383,41.8236037100268],[-71.4009012275055,41.8236039060038],[-71.4009015299966,41.8236060094588],[-71.4008711309356,41.8236084537629],[-71.4008708284442,41.8236063512081],[-71.4008683967126,41.8236065462841],[-71.4008697376759,41.8236158686604],[-71.4008613770896,41.8236165412019],[-71.4008649081198,41.8236410974189],[-71.4008711391355,41.823640596805],[-71.4008725122493,41.8236501460946],[-71.4008250910252,41.8236539604191],[-71.4008287030156,41.8236790857217],[-71.4008369865653,41.8236784194184],[-71.4008385395007,41.8236892194357],[-71.4008421871035,41.8236889263725],[-71.4008418762759,41.8236867661888],[-71.4008710583047,41.8236844189793],[-71.4008735020424,41.8237014150037],[-71.4008759458157,41.8237012190377],[-71.4008756433251,41.8236991155827],[-71.4009060291883,41.823696671266],[-71.4009063316799,41.823698774721],[-71.4009087634163,41.8236985787439],[-71.4009073914998,41.8236890294558],[-71.4009201581108,41.823688002376],[-71.4009190874825,41.8236805556416],[-71.4009494865757,41.8236781113249],[-71.4009519291303,41.8236951073466],[-71.4009543608663,41.8236949113685],[-71.4009540595755,41.8236928088151],[-71.4009844574709,41.8236903635877],[-71.400984759965,41.8236924670425],[-71.4009871917009,41.8236922710637],[-71.4009858185693,41.8236827217756],[-71.4009985863814,41.8236816946881],[-71.4009975157441,41.8236742479544],[-71.4010054152695,41.8236736128199],[-71.401013962504,41.8237330714294],[-71.4008504233607,41.8237462248102],[-71.4008321853271,41.8237476919269],[-71.4008341455361,41.8237613346687],[-71.4010305252134,41.8237455392017]]]},"properties":{"FID":163,"Layer":"C-GREENS-2","Shape_Leng":1377.41375379,"Shape__Area":14370.190773010254,"Shape__Length":1377.4137537926956,"GreenSpaceName":null}},{"type":"Feature","id":164,"geometry":{"type":"Polygon","coordinates":[[[-71.4011281642315,41.8236985850239],[-71.4011267910788,41.8236890357374],[-71.4011168366158,41.8236898365745],[-71.401113567499,41.8236670983772],[-71.4011362897638,41.8236652713379],[-71.4011360289559,41.8236634524269],[-71.4011332168122,41.8236636786929],[-71.401129947691,41.823640940496],[-71.4011327598336,41.82364071423],[-71.4011324978223,41.8236388953179],[-71.4011197312244,41.8236399224213],[-71.4011183580742,41.8236303731346],[-71.4011084024179,41.8236311730697],[-71.4011051333056,41.8236084357722],[-71.4011428275528,41.8236054043605],[-71.4011441673522,41.8236147267326],[-71.4011466002883,41.8236145307515],[-71.4011462977892,41.8236124272972],[-71.401176695638,41.8236099829192],[-71.4011769981395,41.8236120854732],[-71.4011794298704,41.8236118903906],[-71.4011780900659,41.823602568019],[-71.4011864494434,41.8236018954533],[-71.4011829182925,41.823577339246],[-71.4011766872853,41.8235778398767],[-71.4011753141279,41.8235682905906],[-71.4012227352682,41.8235644761214],[-71.40121912313,41.8235393508306],[-71.4012108396023,41.8235400171614],[-71.4012092878115,41.8235292171498],[-71.4012068560839,41.823529412233],[-71.4012071657194,41.8235315724147],[-71.4011767679075,41.8235340177012],[-71.4011743240958,41.8235170216827],[-71.4011706765042,41.8235173147564],[-71.4011709790036,41.8235194182107],[-71.4011417970605,41.8235217654966],[-71.401141494562,41.8235196620422],[-71.4011390628332,41.8235198580242],[-71.4011404359841,41.8235294073109],[-71.4011276682045,41.8235304344142],[-71.4011287388545,41.8235378811469],[-71.401098341038,41.8235403255122],[-71.4010958972468,41.8235233294921],[-71.4010934655177,41.8235235254731],[-71.401093768016,41.8235256280273],[-71.401063368999,41.8235280732827],[-71.4010630677067,41.8235259698292],[-71.4010606347736,41.8235261658085],[-71.4010620079131,41.8235357150961],[-71.4010492413347,41.8235367421917],[-71.401033497354,41.8234272292864],[-71.4012287016677,41.8234126794376],[-71.401274683543,41.8237408181366],[-71.4011147946623,41.8237574494425],[-71.4011139038419,41.8237512534369],[-71.4011283425821,41.823750091822],[-71.4011280817741,41.823748272911],[-71.4011252696267,41.8237484991768],[-71.4011220005026,41.8237257618804],[-71.4011447227893,41.823723933939],[-71.4011444619809,41.823722115028],[-71.4011416498347,41.8237223412943],[-71.4011383807061,41.8236996039982],[-71.4011411928513,41.823699377732],[-71.4011409320431,41.8236975588209],[-71.4011281642315,41.8236985850239]]]},"properties":{"FID":164,"Layer":"C-GREENS-2","Shape_Leng":487.875057989,"Shape__Area":4529.8133010864258,"Shape__Length":487.87505794916558,"GreenSpaceName":null}},{"type":"Feature","id":165,"geometry":{"type":"Polygon","coordinates":[[[-71.4004377931839,41.8232503901486],[-71.4004344617302,41.8232276572783],[-71.4004571790984,41.8232257952556],[-71.4004569134954,41.8232239772391],[-71.4004541025667,41.823224207091],[-71.4004507711072,41.8232014751214],[-71.40045358324,41.8232012443703],[-71.4004533164349,41.8231994254523],[-71.4004405522903,41.8232004722899],[-71.4004391527668,41.8231909247722],[-71.4004291995539,41.8231917399564],[-71.4004258693085,41.823169007987],[-71.4004635549945,41.8231659182684],[-71.4004649199661,41.8231752388702],[-71.4004673516895,41.8231750393011],[-71.400467043195,41.82317293674],[-71.4004974349155,41.8231704457186],[-71.400497743411,41.8231725482796],[-71.4005001739292,41.8231723496091],[-71.4004988089525,41.8231630290076],[-71.400507165892,41.8231623438845],[-71.4005035688144,41.8231377929994],[-71.4004973390329,41.8231383034982],[-71.4004959407059,41.8231287559821],[-71.4005433508402,41.8231248697563],[-71.4005396703746,41.823099749785],[-71.4005313892843,41.8231004286738],[-71.4005298075238,41.823089630427],[-71.4005261599438,41.8230899297827],[-71.4005264612861,41.8230919882209],[-71.4004973009541,41.823094481217],[-71.4004948115952,41.8230774878443],[-71.4004923798755,41.8230776874141],[-71.4004926883704,41.8230797899752],[-71.4004622966912,41.8230822818958],[-71.4004619881986,41.8230801784342],[-71.4004595576825,41.8230803780043],[-71.400460956003,41.8230899255209],[-71.4004481918803,41.8230909723595],[-71.4004492829094,41.823098417316],[-71.4004188912211,41.8231009083248],[-71.4004164018812,41.8230839158508],[-71.4004139701625,41.8230841145185],[-71.4004142786535,41.8230862179802],[-71.4003838869696,41.8230887089797],[-71.4003835796833,41.823086605519],[-71.4003811479629,41.8230868050864],[-71.400382546272,41.8230963526039],[-71.4003697821467,41.8230973994337],[-71.4003708731669,41.823104844391],[-71.4003629712784,41.8231054920846],[-71.4003543197731,41.823039974942],[-71.4003397401905,41.8230412389763],[-71.4003483833615,41.8231066876869],[-71.4003404814725,41.823107335379],[-71.4003364354385,41.8230797148398],[-71.4003115139205,41.823081757695],[-71.4003066520251,41.8230485687441],[-71.4003042203074,41.8230487674095],[-71.4003049039833,41.8230534281627],[-71.4002921386631,41.8230544740825],[-71.4002869516178,41.8230190682113],[-71.4009782385495,41.8229626953719],[-71.4009832345633,41.8229981172537],[-71.4009704645099,41.8229991245302],[-71.4009698060647,41.8229944629024],[-71.4009673743621,41.8229946543791],[-71.4009720572249,41.8230278584538],[-71.4009471262342,41.8230298258101],[-71.400951023255,41.8230574579039],[-71.4009431178045,41.8230580813253],[-71.4009344621363,41.8229925426139],[-71.4009198837795,41.8229938067229],[-71.4009285239573,41.8230592337798],[-71.4009206185064,41.8230598571995],[-71.4009195683535,41.8230524086813],[-71.400906798287,41.823053416851],[-71.4009054504619,41.8230438648816],[-71.4009030187559,41.8230440572574],[-71.4009033152261,41.8230461607074],[-71.4008729104812,41.8230485599903],[-71.400872614012,41.8230464565402],[-71.4008701823071,41.8230466480149],[-71.4008725790708,41.8230636485023],[-71.4008421755201,41.8230660477782],[-71.4008411241726,41.8230585992582],[-71.400828354105,41.8230596065189],[-71.4008270074937,41.82305005545],[-71.4008245745849,41.8230502469226],[-71.4008248722562,41.8230523503739],[-71.4007944675055,41.8230547496361],[-71.4007941710388,41.8230526461858],[-71.4007917381285,41.8230528385581],[-71.4007941360766,41.8230698381478],[-71.4007649471702,41.8230721412155],[-71.4007646423664,41.8230699810365],[-71.4007609948066,41.8230702686953],[-71.4007625176189,41.8230810713897],[-71.4007542329614,41.823081725082],[-71.4007577774787,41.8231068557331],[-71.4008052078225,41.8231031125707],[-71.4008065556339,41.8231126645412],[-71.4008003222755,41.8231131561461],[-71.4008037870436,41.8231377186123],[-71.4008121475487,41.8231370586796],[-71.4008134632143,41.8231463828361],[-71.4008158949231,41.8231461913626],[-71.4008155984567,41.8231440870121],[-71.4008460032489,41.8231416877444],[-71.4008462997163,41.8231437920949],[-71.4008487326299,41.8231435997214],[-71.4008474169592,41.8231342755653],[-71.4008851180762,41.8231313000648],[-71.4008883256912,41.8231540427193],[-71.4008783689244,41.8231548282282],[-71.4008797155441,41.8231643801966],[-71.4008669454547,41.8231653883619],[-71.400867202642,41.8231672072706],[-71.4008700147579,41.8231669855127],[-71.4008732223694,41.8231897281675],[-71.4008704102525,41.8231899499255],[-71.4008706662349,41.8231917697335],[-71.4008933943054,41.8231899760596],[-71.4008966019262,41.8232127187137],[-71.4008866439468,41.8232135042222],[-71.4008879917726,41.8232230561915],[-71.4008752216731,41.8232240634573],[-71.4008754776557,41.8232258832653],[-71.4008782909779,41.8232256615082],[-71.4008814985966,41.8232484032622],[-71.4008786852734,41.8232486250194],[-71.40087894246,41.8232504448284],[-71.4009016693474,41.8232486511519],[-71.4009047495833,41.8232704843522],[-71.4009019362593,41.8232707061099],[-71.4009023220409,41.8232734353732],[-71.4009167642553,41.823272295396],[-71.400917638196,41.8232784931897],[-71.400951234372,41.8232758418507],[-71.4009462395582,41.8232404199702],[-71.4009590084562,41.8232394126955],[-71.4009596669032,41.8232440743232],[-71.4009620986152,41.8232438828466],[-71.400957415742,41.8232106787728],[-71.4009823480062,41.8232087114154],[-71.4009977295704,41.8233127355471],[-71.4008211569036,41.823325896561],[-71.4008193994444,41.8233126987609],[-71.4007828914513,41.8233154195736],[-71.40077911358,41.8232870538012],[-71.4007827706798,41.8232837130973],[-71.4007821638321,41.823279162255],[-71.4007776976157,41.8232764267659],[-71.400775434456,41.8232594398977],[-71.4007279754254,41.823262976845],[-71.4007294913297,41.8232743548508],[-71.4006041493133,41.8232836973336],[-71.400602633431,41.8232723193262],[-71.4005551743802,41.8232758571024],[-71.4005574470058,41.8232929124089],[-71.4005538730641,41.8232961775491],[-71.4005544786907,41.8233007292919],[-71.4005588438869,41.8233034025787],[-71.4005628132355,41.8233332018652],[-71.4004788473217,41.823339460342],[-71.4004743416296,41.8233085891834],[-71.400449463365,41.8233106285044],[-71.4004490631569,41.8233079001275],[-71.400446387051,41.8233081201923],[-71.4004430541661,41.8232863074687],[-71.4004657727584,41.8232844454454],[-71.4004655059526,41.8232826265275],[-71.40046269502,41.8232828572799],[-71.4004593647596,41.8232601244115],[-71.4004621756898,41.8232598945595],[-71.4004619088843,41.8232580756416],[-71.4004491447282,41.8232591224802],[-71.4004477452035,41.8232495740623],[-71.4004377931839,41.8232503901486]]]},"properties":{"FID":165,"Layer":"C-GREENS-2","Shape_Leng":1158.84623635,"Shape__Area":14541.168327331543,"Shape__Length":1158.8462363676276,"GreenSpaceName":null}},{"type":"Feature","id":166,"geometry":{"type":"Polygon","coordinates":[[[-71.4010216574577,41.8232697019097],[-71.4010099047283,41.8231861285288],[-71.4010226748196,41.8231851203476],[-71.401024022665,41.8231946723155],[-71.4010264543764,41.8231944799372],[-71.4010261579015,41.8231923764876],[-71.4010565627089,41.8231899771642],[-71.4010568591847,41.8231920806137],[-71.4010592920982,41.8231918891361],[-71.4010568940754,41.8231748895522],[-71.4010872988733,41.8231724902207],[-71.401088349049,41.8231799378369],[-71.4011011191364,41.8231789305474],[-71.4011024657897,41.8231884825133],[-71.4011048987043,41.8231882901344],[-71.4011046022269,41.8231861866849],[-71.4011350058247,41.8231837873397],[-71.4011353023031,41.8231858907891],[-71.4011377352175,41.8231856984095],[-71.4011353371742,41.8231686988272],[-71.4011645441691,41.8231663938803],[-71.4011648309291,41.8231685558434],[-71.4011684784927,41.8231682681718],[-71.4011669556101,41.8231574654828],[-71.4011752402733,41.8231568117608],[-71.40117169559,41.8231316811226],[-71.4011242652461,41.8231354244363],[-71.401122917387,41.8231258724696],[-71.4011291507443,41.8231253808471],[-71.4011256870561,41.8231008183916],[-71.4011173253552,41.8231014783461],[-71.4011160096464,41.8230921541929],[-71.4011135779406,41.8230923456728],[-71.4011138744165,41.8230944500226],[-71.4010834696564,41.8230968493612],[-71.4010831731815,41.8230947450114],[-71.4010807414741,41.8230949373908],[-71.4010820559742,41.8231042615434],[-71.4010443548821,41.8231072371085],[-71.4010411472142,41.8230844944581],[-71.4010511039681,41.8230837089352],[-71.4010497573245,41.8230741569685],[-71.401062527393,41.8230731487829],[-71.4010622702006,41.8230713298745],[-71.4010594580895,41.8230715516372],[-71.4010562504179,41.823048808987],[-71.401059062528,41.8230485872245],[-71.4010588065395,41.8230467683172],[-71.4010360785255,41.8230485611236],[-71.4010328708634,41.8230258184727],[-71.401042828812,41.8230250329515],[-71.4010414809673,41.8230154809836],[-71.4010542510228,41.8230144736992],[-71.4010539950359,41.8230126538916],[-71.4010511817223,41.8230128765533],[-71.4010479740565,41.8229901339027],[-71.4010507873678,41.8229899121414],[-71.4010505301774,41.8229880923327],[-71.4010278033863,41.8229898860389],[-71.4010245957299,41.8229671433875],[-71.4010274078366,41.8229669216257],[-71.401027150647,41.822965101817],[-71.4010127085036,41.8229662418082],[-71.4010118345579,41.8229600440148],[-71.4011330197051,41.8229506488905],[-71.401164342836,41.8229482206176],[-71.4012126267568,41.8232966703171],[-71.4011145775695,41.8233039786474],[-71.4011105151485,41.8232734851375],[-71.4011089694341,41.8232618802254],[-71.4010216574577,41.8232697019097]]]},"properties":{"FID":166,"Layer":"C-GREENS-2","Shape_Leng":496.359153842,"Shape__Area":4189.3222045898438,"Shape__Length":496.35915383847413,"GreenSpaceName":null}},{"type":"Feature","id":167,"geometry":{"type":"Polygon","coordinates":[[[-71.4000872678205,41.8272667611815],[-71.4000590090495,41.8271016422736],[-71.4003044287229,41.8270781450954],[-71.4003327895139,41.8272438564556],[-71.400102048253,41.8272654559395],[-71.4000872678205,41.8272667611815]]]},"properties":{"FID":167,"Layer":"C-GREENS-2","Shape_Leng":256.409778749,"Shape__Area":4098.89616394043,"Shape__Length":256.40977874057143,"GreenSpaceName":null}},{"type":"Feature","id":168,"geometry":{"type":"Polygon","coordinates":[[[-71.4017703207366,41.8299157085655],[-71.4017409607248,41.8296917520543],[-71.4017927578933,41.8296867760593],[-71.4018430623437,41.8296762886911],[-71.4018947431634,41.8296639288709],[-71.4019015032204,41.8296642164502],[-71.4019081188183,41.8296652953038],[-71.4019144250793,41.8296671382806],[-71.4019202655794,41.8296697002301],[-71.4019254959629,41.8296729162049],[-71.4019299851362,41.8296767077637],[-71.4019336212925,41.8296809793749],[-71.4019363155117,41.8296856256233],[-71.4019379993551,41.8296905303068],[-71.401952729344,41.8297510258507],[-71.4019692195367,41.8298129499314],[-71.4019702345136,41.8298215130209],[-71.4019713951511,41.8298300753343],[-71.4019725569914,41.8298386385491],[-71.4019725567826,41.8298387754004],[-71.4019735526878,41.8298472151271],[-71.4019747313612,41.8298557918613],[-71.4019757283663,41.8298643000146],[-71.4019769068315,41.8298730136001],[-71.401977902529,41.829881590178],[-71.4019790825118,41.8298900984875],[-71.4019800782098,41.8298986750654],[-71.4019810739082,41.8299072516433],[-71.4019819808391,41.829914044574],[-71.4019827045845,41.8299209741999],[-71.4019834285388,41.8299277669745],[-71.4019848555822,41.8299384588165],[-71.4019290658891,41.829942214231],[-71.4019242419891,41.8299069096241],[-71.4019130070759,41.829907619402],[-71.4019127202928,41.8299054367355],[-71.4017703207366,41.8299157085655]]]},"properties":{"FID":168,"Layer":"C-GREENS-2","Shape_Leng":304.315643521,"Shape__Area":4948.3668594360352,"Shape__Length":304.27372694128758,"GreenSpaceName":null}},{"type":"Feature","id":169,"geometry":{"type":"Polygon","coordinates":[[[-71.4054200224423,41.8254325285703],[-71.4054675090136,41.8254291859828],[-71.4055052541296,41.8254265286242],[-71.4055080049763,41.8254483857314],[-71.4055006988852,41.8254489001176],[-71.4055011569578,41.8254525432686],[-71.4055035923221,41.8254523715064],[-71.4055092082352,41.8254969969582],[-71.4055067728692,41.8254971687204],[-71.4055072309438,41.825500810971],[-71.4055145370407,41.8255002965844],[-71.4055163705408,41.8255148682887],[-71.4055090644423,41.8255153826754],[-71.4055095237195,41.8255190258273],[-71.4055119578825,41.825518854064],[-71.4055175738072,41.8255634795149],[-71.4055151384387,41.8255636512773],[-71.4055155977179,41.8255672935288],[-71.4055229026186,41.8255667791407],[-71.4055247361225,41.8255813508446],[-71.4055174312202,41.8255818652329],[-71.4055178892946,41.8255855083837],[-71.4055203246639,41.8255853366212],[-71.4055281750732,41.8256477213069],[-71.4055257397016,41.8256478930695],[-71.4055261977783,41.82565153532],[-71.4055335038922,41.8256510209322],[-71.4055353374009,41.8256655926357],[-71.4055280312853,41.8256661070237],[-71.4055284905647,41.8256697501754],[-71.4055309247334,41.8256695784117],[-71.4055387751632,41.8257319630957],[-71.4055363409934,41.8257321339592],[-71.40553679907,41.8257357771099],[-71.4055441039897,41.8257352627205],[-71.4055459387068,41.8257498344247],[-71.4055386325818,41.8257503488132],[-71.4055390906586,41.8257539919639],[-71.4055415260342,41.8257538202009],[-71.4055471419996,41.8257984456486],[-71.4055447066237,41.8257986165113],[-71.4055451647012,41.8258022596619],[-71.405552470832,41.8258017452729],[-71.4055543043492,41.8258163169758],[-71.4055469982167,41.8258168313649],[-71.4055474574982,41.8258204745165],[-71.4055498916726,41.8258203027524],[-71.4055555076495,41.8258649281991],[-71.4055530722697,41.8258650999623],[-71.4055535315532,41.8258687422135],[-71.4055608364879,41.825868227823],[-71.4055635873722,41.8258900849272],[-71.4055258419863,41.8258927423045],[-71.4054783550741,41.8258960858158],[-71.4054698318438,41.8258966856311],[-71.4054669096646,41.8258734625686],[-71.405463872067,41.8258493282673],[-71.4054174589718,41.8254804866516],[-71.4054144214111,41.8254563523474],[-71.4054114992717,41.8254331292817],[-71.4054200224423,41.8254325285703]]]},"properties":{"FID":169,"Layer":"C-GREENS-2","Shape_Leng":422.666861633,"Shape__Area":4174.7737350463867,"Shape__Length":422.6668616447904,"GreenSpaceName":null}},{"type":"Feature","id":170,"geometry":{"type":"Polygon","coordinates":[[[-71.4057217527933,41.8265267746918],[-71.4055272686668,41.8265377944244],[-71.4054829618234,41.826150549871],[-71.405673362667,41.8261405433428],[-71.4057217527933,41.8265267746918]]]},"properties":{"FID":170,"Layer":"C-GREENS-2","Shape_Leng":388.169325289,"Shape__Area":7440.2136306762695,"Shape__Length":388.16932528586165,"GreenSpaceName":null}},{"type":"Feature","id":171,"geometry":{"type":"Polygon","coordinates":[[[-71.4052948491646,41.830050126927],[-71.4051633815512,41.830062831186],[-71.4051585733509,41.8300018148495],[-71.4051169325167,41.8300036108507],[-71.4051169568422,41.8299871373696],[-71.4049428812015,41.8300004382122],[-71.4049444847314,41.8300166654471],[-71.4049061609426,41.8300196858766],[-71.4049173336338,41.8301016916906],[-71.4047373786946,41.8301147127514],[-71.4047094791789,41.8299013840158],[-71.4052355160714,41.8298682626514],[-71.4052948491646,41.830050126927]]]},"properties":{"FID":171,"Layer":"C-GREENS-2","Shape_Leng":509.401928,"Shape__Area":8870.8313522338867,"Shape__Length":509.40192800710281,"GreenSpaceName":null}},{"type":"Feature","id":172,"geometry":{"type":"Polygon","coordinates":[[[-71.4055349416792,41.8298252452904],[-71.4054005301017,41.8298354885748],[-71.405338430635,41.8296666697797],[-71.4053412200643,41.8296542474005],[-71.4053509284756,41.8296470076716],[-71.4053634015889,41.8296449471686],[-71.4057389164978,41.8296183357888],[-71.4057690529881,41.8298533931001],[-71.4060572743025,41.8298318859876],[-71.4060930708575,41.8299872228229],[-71.4058339579757,41.8300004707721],[-71.4058312293222,41.8299714776219],[-71.4057508610985,41.8299765886582],[-71.4057289331929,41.8298129799801],[-71.4055349416792,41.8298252452904]]]},"properties":{"FID":172,"Layer":"C-GREENS-2","Shape_Leng":653.99905112,"Shape__Area":12340.298278808594,"Shape__Length":653.9990511217236,"GreenSpaceName":null}},{"type":"Feature","id":173,"geometry":{"type":"Polygon","coordinates":[[[-71.3994774037232,41.8253998884011],[-71.3993253576559,41.8254139563045],[-71.3993053324668,41.8252750505601],[-71.3991037752926,41.82529241592],[-71.3990898075494,41.8251903879659],[-71.3994974119087,41.8251504488028],[-71.3995089799557,41.8252179240748],[-71.399519249778,41.8252811954239],[-71.3995309467326,41.8253594091557],[-71.3994717584872,41.825364379468],[-71.3994774037232,41.8253998884011]]]},"properties":{"FID":173,"Layer":"C-GREENS-2","Shape_Leng":403.345242679,"Shape__Area":7020.9142379760742,"Shape__Length":403.34524267639995,"GreenSpaceName":null}},{"type":"Feature","id":174,"geometry":{"type":"Polygon","coordinates":[[[-71.3961538444184,41.8251402433027],[-71.3961644241869,41.825140749854],[-71.3961798715859,41.8254490896245],[-71.3961768755512,41.8254528107213],[-71.3961559454191,41.8254542809642],[-71.3961300367347,41.825453512959],[-71.3959866580245,41.82537816345],[-71.3956767291615,41.8253823507859],[-71.3956617984171,41.8253719112925],[-71.3956348918913,41.8253718868502],[-71.3955678002339,41.8253195296487],[-71.3955682577832,41.8252912954139],[-71.3957904874787,41.8252878715632],[-71.3957876592951,41.8251880717506],[-71.3959192051517,41.8251859572713],[-71.3959481411108,41.8251636415569],[-71.3959471757934,41.8251442770776],[-71.3961538444184,41.8251402433027]]]},"properties":{"FID":174,"Layer":"C-GREENS-2","Shape_Leng":519.137004654,"Shape__Area":10938.829795837402,"Shape__Length":519.13700465399984,"GreenSpaceName":null}},{"type":"Feature","id":175,"geometry":{"type":"Polygon","coordinates":[[[-71.402222339077,41.8271983106866],[-71.4022570528323,41.8274055740351],[-71.4021154629385,41.8274174513922],[-71.4020778300955,41.8272112758241],[-71.402222339077,41.8271983106866]]]},"properties":{"FID":175,"Layer":"C-GREENS-2","Shape_Leng":230.445342067,"Shape__Area":2981.5623550415039,"Shape__Length":230.44534207030682,"GreenSpaceName":null}},{"type":"Feature","id":176,"geometry":{"type":"Polygon","coordinates":[[[-71.4061690923727,41.8263150407882],[-71.4060400169335,41.8263279019725],[-71.406041381761,41.8263354497345],[-71.4059787260955,41.8263414352451],[-71.4059679063371,41.8263410464455],[-71.4059573268973,41.8263393046314],[-71.405947288639,41.8263362577671],[-71.4059380779222,41.8263319934202],[-71.4059299557797,41.8263266324502],[-71.4059231531045,41.8263203272037],[-71.4059178622308,41.8263132570061],[-71.4059539122765,41.8263119144086],[-71.4059531197873,41.82630069643],[-71.4059614880643,41.8262966157395],[-71.4059687841119,41.8262915113851],[-71.4059747850138,41.8262855380428],[-71.4059793111501,41.8262788765341],[-71.4059822225924,41.826271729321],[-71.4059834323581,41.8262643115135],[-71.4059829040038,41.8262568499676],[-71.4059806528481,41.8262495706809],[-71.4059767483876,41.8262426924926],[-71.405971307076,41.8262364261774],[-71.4059644959561,41.8262309600428],[-71.4059565194178,41.8262264608187],[-71.4059476216184,41.826223064656],[-71.4059467234564,41.8262100288051],[-71.405922506696,41.826210969637],[-71.4059196287594,41.8261713820523],[-71.4059176704027,41.8261236201375],[-71.4061634493386,41.8261179806693],[-71.4061656333735,41.8261712402375],[-71.4061723346684,41.8262931579839],[-71.4061870111143,41.8262927585155],[-71.4061882048422,41.8263144522704],[-71.4061690923727,41.8263150407882]]]},"properties":{"FID":176,"Layer":"C-GREENS-2","Shape_Leng":316.80252476,"Shape__Area":4674.2669982910156,"Shape__Length":316.73309305116322,"GreenSpaceName":"Manelli Park"}},{"type":"Feature","id":177,"geometry":{"type":"Polygon","coordinates":[[[-71.4062993587089,41.8263662584927],[-71.4062988845251,41.8263133631604],[-71.4063418140684,41.8263118883006],[-71.4063422160991,41.8262879459],[-71.406359001674,41.8262874103773],[-71.4064080294899,41.8262874503331],[-71.4064102715168,41.8263539314279],[-71.4064039338186,41.8263597577631],[-71.4063011831888,41.8263731205678],[-71.4062993587089,41.8263662584927]]]},"properties":{"FID":177,"Layer":"C-GREENS-2","Shape_Leng":115.601222993,"Shape__Area":751.61601257324219,"Shape__Length":115.60122298428476,"GreenSpaceName":null}},{"type":"Feature","id":178,"geometry":{"type":"Polygon","coordinates":[[[-71.4024119577996,41.8227235711278],[-71.4023244576503,41.8227235300734],[-71.4023086824665,41.8227235229612],[-71.4021967001851,41.8227272046006],[-71.4021737180701,41.8223361421232],[-71.4024634765695,41.8223264415582],[-71.4024672946073,41.8225572316786],[-71.4024450073513,41.8225574342372],[-71.4024437022841,41.8226242446649],[-71.4024102993042,41.8226235878552],[-71.4024119577996,41.8227235711278]]]},"properties":{"FID":178,"Layer":"C-GREENS-2","Shape_Leng":440.47685662599997,"Shape__Area":10270.802276611328,"Shape__Length":440.47685662529705,"GreenSpaceName":null}},{"type":"Feature","id":179,"geometry":{"type":"Polygon","coordinates":[[[-71.4026327904085,41.8225207345335],[-71.4025019006556,41.8225209620443],[-71.4025011870907,41.8223946653312],[-71.4026325276218,41.8223954537869],[-71.4026327904085,41.8225207345335]]]},"properties":{"FID":179,"Layer":"C-GREENS-2","Shape_Leng":163.153139883,"Shape__Area":1638.1380996704102,"Shape__Length":163.1531398691277,"GreenSpaceName":null}},{"type":"Feature","id":180,"geometry":{"type":"Polygon","coordinates":[[[-71.4037087051443,41.8227829552451],[-71.4031114831518,41.8227824530786],[-71.4031117864395,41.8225812624435],[-71.4033728551723,41.82242285142],[-71.4037087051443,41.8227829552451]]]},"properties":{"FID":180,"Layer":"C-GREENS-2","Shape_Leng":487.726267164,"Shape__Area":13278.241554260254,"Shape__Length":487.72626716266518,"GreenSpaceName":null}},{"type":"Feature","id":181,"geometry":{"type":"Polygon","coordinates":[[[-71.3970284959583,41.8237921416359],[-71.3970511098411,41.8239181914783],[-71.3968452094713,41.8239215189918],[-71.3965939623866,41.8239250250079],[-71.3965862525797,41.8239251540187],[-71.3965786079979,41.8239243944524],[-71.3965712103687,41.8239227644792],[-71.3965642365714,41.8239203029732],[-71.396557851418,41.8239170677045],[-71.3965522076502,41.8239131371405],[-71.396547438729,41.823908603236],[-71.3965436600325,41.8239035750362],[-71.396539607416,41.8238967288034],[-71.3965342335073,41.8238904116805],[-71.396527659651,41.8238847651301],[-71.3965200336973,41.8238799153326],[-71.3965115251897,41.8238759713818],[-71.3965023241676,41.823873021682],[-71.3964956295553,41.8238691135772],[-71.3964898834824,41.8238644356357],[-71.3964852434254,41.8238591158481],[-71.3964818355402,41.8238532974819],[-71.3964797522546,41.8238471390806],[-71.3966153881779,41.8238336066776],[-71.3970284959583,41.8237921416359]]]},"properties":{"FID":181,"Layer":"C-GREENS-2","Shape_Leng":366.683250135,"Shape__Area":5415.92440032959,"Shape__Length":366.638051404536,"GreenSpaceName":"Community Garden"}},{"type":"Feature","id":182,"geometry":{"type":"Polygon","coordinates":[[[-71.3971075215176,41.8232401366165],[-71.3973672951185,41.8232185375602],[-71.3973942554223,41.823399945931],[-71.3971190452706,41.8234259924078],[-71.3970911589457,41.8232648560985],[-71.3970914339898,41.8232607183826],[-71.3970917078316,41.8232565797651],[-71.3970931981875,41.823251938047],[-71.3970946873396,41.8232472963279],[-71.3970974573347,41.8232448246751],[-71.3971002285333,41.8232423530233],[-71.3971075215176,41.8232401366165]]]},"properties":{"FID":182,"Layer":"C-GREENS-2","Shape_Leng":283.569239614,"Shape__Area":5101.591796875,"Shape__Length":283.56923961534733,"GreenSpaceName":null}},{"type":"Feature","id":183,"geometry":{"type":"Polygon","coordinates":[[[-71.3998672039777,41.8253985091981],[-71.3998488337865,41.8252056242262],[-71.3998893778427,41.8252028270987],[-71.399903572201,41.8253224702982],[-71.3999242661821,41.8253210612902],[-71.3999267295073,41.8253415902796],[-71.3998709558352,41.8253452735855],[-71.3998771849681,41.8253978588494],[-71.3998672039777,41.8253985091981]]]},"properties":{"FID":183,"Layer":"C-GREENS-2","Shape_Leng":175.735410071,"Shape__Area":683.34523010253906,"Shape__Length":175.73541006071696,"GreenSpaceName":null}},{"type":"Feature","id":184,"geometry":{"type":"Polygon","coordinates":[[[-71.3998456395472,41.8251559325957],[-71.3998386468347,41.8251160117403],[-71.3998386313268,41.8251159216928],[-71.399868599335,41.8251132684082],[-71.3998704313132,41.8251171720772],[-71.3998751008708,41.8251524694624],[-71.3998456395472,41.8251559325957]]]},"properties":{"FID":184,"Layer":"C-GREENS-2","Shape_Leng":45.4910183267,"Shape__Area":121.24720764160156,"Shape__Length":45.4910183171082,"GreenSpaceName":null}},{"type":"Feature","id":185,"geometry":{"type":"Polygon","coordinates":[[[-71.3996375853158,41.8252041046518],[-71.3996280641111,41.825145447307],[-71.399626942004,41.8251386721709],[-71.399809293827,41.8251194956666],[-71.3998205430019,41.8251183809533],[-71.3998317873626,41.8251952662611],[-71.399802204449,41.8251979531845],[-71.3997933614995,41.8251434677186],[-71.3996913809953,41.82515272874],[-71.3996988170144,41.825198544515],[-71.3996796669107,41.8252002834548],[-71.3996375853158,41.8252041046518]]]},"properties":{"FID":185,"Layer":"C-GREENS-2","Shape_Leng":195.239718396,"Shape__Area":857.52522277832031,"Shape__Length":195.23957435711935,"GreenSpaceName":null}},{"type":"Feature","id":186,"geometry":{"type":"Polygon","coordinates":[[[-71.399707718421,41.8251623028116],[-71.3997368546827,41.8251596569383],[-71.3997421613872,41.825192347501],[-71.399727592045,41.8251936708883],[-71.399729361347,41.825204567443],[-71.3997147932054,41.8252058908297],[-71.399707718421,41.8251623028116]]]},"properties":{"FID":186,"Layer":"C-GREENS-2","Shape_Leng":47.9996894733,"Shape__Area":111.99680328369141,"Shape__Length":47.999689465665895,"GreenSpaceName":null}},{"type":"Feature","id":187,"geometry":{"type":"Polygon","coordinates":[[[-71.3997673417599,41.8252564061329],[-71.399762036241,41.8252237155728],[-71.3997766043842,41.8252223930803],[-71.3997748362789,41.8252114956272],[-71.399789404419,41.8252101731331],[-71.3997964792655,41.8252537602456],[-71.3997673417599,41.8252564061329]]]},"properties":{"FID":187,"Layer":"C-GREENS-2","Shape_Leng":47.9995297829,"Shape__Area":111.99781036376953,"Shape__Length":47.999529792551179,"GreenSpaceName":null}},{"type":"Feature","id":188,"geometry":{"type":"Polygon","coordinates":[[[-71.3997712988648,41.82518970162],[-71.3997567295238,41.8251910250111],[-71.399751424017,41.8251583335497],[-71.3997805614787,41.8251556876664],[-71.3997876363118,41.8251992756802],[-71.399773066969,41.8252005990733],[-71.3997712988648,41.82518970162]]]},"properties":{"FID":188,"Layer":"C-GREENS-2","Shape_Leng":48.0009122022,"Shape__Area":112.00325012207031,"Shape__Length":48.000912197525267,"GreenSpaceName":null}},{"type":"Feature","id":189,"geometry":{"type":"Polygon","coordinates":[[[-71.3997165613019,41.8252167873835],[-71.3997311306482,41.8252154648979],[-71.3997328987476,41.8252263614513],[-71.3997474668921,41.8252250389626],[-71.3997527736074,41.8252577295245],[-71.3997236360982,41.8252603754007],[-71.3997165613019,41.8252167873835]]]},"properties":{"FID":189,"Layer":"C-GREENS-2","Shape_Leng":47.9998953493,"Shape__Area":111.999755859375,"Shape__Length":47.999895354303888,"GreenSpaceName":null}},{"type":"Feature","id":190,"geometry":{"type":"Polygon","coordinates":[[[-71.3997708791763,41.8252782001399],[-71.3997691110689,41.8252673035872],[-71.3998128167325,41.8252633343021],[-71.3998039737637,41.825208849738],[-71.399832974004,41.8252062163264],[-71.3998567068496,41.8254252599417],[-71.3998618129852,41.82547239177],[-71.3998023242643,41.8254777932532],[-71.3997942908079,41.8254283035804],[-71.3998319795719,41.8254248809475],[-71.3998076288262,41.8252748631282],[-71.3997708791763,41.8252782001399]]]},"properties":{"FID":190,"Layer":"C-GREENS-2","Shape_Leng":251.279807552,"Shape__Area":961.12443542480469,"Shape__Length":251.27980755379653,"GreenSpaceName":null}},{"type":"Feature","id":191,"geometry":{"type":"Polygon","coordinates":[[[-71.3997545429154,41.8252686260786],[-71.3997563110188,41.825279523532],[-71.3997308164424,41.8252818385629],[-71.3997374787346,41.8253228863606],[-71.3997544474407,41.8253213453831],[-71.3997562155456,41.8253322428363],[-71.3997519670476,41.8253326289758],[-71.3997528517032,41.8253380768026],[-71.3997027714317,41.8253426248196],[-71.3996926015721,41.8252799676065],[-71.3996828430479,41.8252198497089],[-71.3997019931573,41.8252181107686],[-71.3997108360409,41.8252725953404],[-71.3997545429154,41.8252686260786]]]},"properties":{"FID":191,"Layer":"C-GREENS-2","Shape_Leng":133.968935884,"Shape__Area":415.91397094726563,"Shape__Length":133.9689358931391,"GreenSpaceName":null}},{"type":"Feature","id":192,"geometry":{"type":"Polygon","coordinates":[[[-71.399656478496,41.8237201802427],[-71.3996045565311,41.8237232590556],[-71.3996030828736,41.8237088442264],[-71.3996547884553,41.8237048081638],[-71.399656478496,41.8237201802427]]]},"properties":{"FID":192,"Layer":"C-GREENS-2","Shape_Leng":39.2549632871,"Shape__Area":77.205322265625,"Shape__Length":39.254963300961592,"GreenSpaceName":null}},{"type":"Feature","id":193,"geometry":{"type":"Polygon","coordinates":[[[-71.3995498934984,41.8237326792431],[-71.3994878319727,41.8237363595667],[-71.3994854854582,41.823717463881],[-71.3995472683534,41.8237126029693],[-71.3995498934984,41.8237326792431]]]},"properties":{"FID":193,"Layer":"C-GREENS-2","Shape_Leng":48.1677905212,"Shape__Area":120.89939880371094,"Shape__Length":48.1677905211331,"GreenSpaceName":null}},{"type":"Feature","id":194,"geometry":{"type":"Polygon","coordinates":[[[-71.3995389644823,41.8236469429224],[-71.3994773356696,41.8236518363767],[-71.3994749594256,41.8236327128785],[-71.3994775175217,41.823632535049],[-71.3994721433982,41.8235892465052],[-71.3995307017924,41.8235849797057],[-71.3995389644823,41.8236469429224]]]},"properties":{"FID":194,"Layer":"C-GREENS-2","Shape_Leng":79.1615418431,"Shape__Area":371.67888641357422,"Shape__Length":79.161541833390331,"GreenSpaceName":null}},{"type":"Feature","id":195,"geometry":{"type":"Polygon","coordinates":[[[-71.3994806557574,41.8233822550011],[-71.3994467694977,41.8233848309278],[-71.399442269121,41.8233485693985],[-71.3994558481069,41.8233475810068],[-71.399476341783,41.8233460881718],[-71.3994806557574,41.8233822550011]]]},"properties":{"FID":195,"Layer":"C-GREENS-2","Shape_Leng":45.1169752541,"Shape__Area":123.32788848876953,"Shape__Length":45.116975266901889,"GreenSpaceName":null}},{"type":"Feature","id":196,"geometry":{"type":"Polygon","coordinates":[[[-71.3994906120847,41.8232786453887],[-71.3994803089238,41.8231991993783],[-71.3994931607402,41.8231982877751],[-71.3994994279727,41.8232477327266],[-71.3995031027297,41.8232777883891],[-71.3994906120847,41.8232786453887]]]},"properties":{"FID":196,"Layer":"C-GREENS-2","Shape_Leng":65.1200660179,"Shape__Area":101.24198913574219,"Shape__Length":65.120066022725211,"GreenSpaceName":null}},{"type":"Feature","id":197,"geometry":{"type":"Polygon","coordinates":[[[-71.3994256188805,41.8232030778914],[-71.3994367422405,41.8232021575785],[-71.3994470439105,41.8232817530479],[-71.3994558481069,41.8233475810068],[-71.399442269121,41.8233485693985],[-71.3994303691495,41.8232527051879],[-71.3994329272292,41.8232525282598],[-71.3994256188805,41.8232030778914]]]},"properties":{"FID":197,"Layer":"C-GREENS-2","Shape_Leng":113.929486102,"Shape__Area":179.38008880615234,"Shape__Length":113.92948609428463,"GreenSpaceName":null}},{"type":"Feature","id":198,"geometry":{"type":"Polygon","coordinates":[[[-71.3994217765179,41.8231770826126],[-71.3994150387111,41.8231314870979],[-71.3994123000085,41.8231317133862],[-71.3994120010569,41.8231296882598],[-71.3993874963304,41.8231314944899],[-71.3993860712705,41.8231206756569],[-71.3993647390218,41.8231227358557],[-71.3993661010408,41.8231330711512],[-71.3992542479443,41.8231413156588],[-71.3992507200459,41.8231113321437],[-71.3992499073857,41.8231053063558],[-71.3992504069712,41.8231052662786],[-71.3992502831602,41.8231043919399],[-71.3992514352153,41.8231043002153],[-71.3992513649639,41.8231038121694],[-71.3994148279901,41.8230907744396],[-71.3994149018087,41.8230912912995],[-71.3994163584307,41.8230911746303],[-71.3994165167896,41.8230922794862],[-71.3994224504137,41.823091806601],[-71.3994250134497,41.8231076881414],[-71.3994335090089,41.8231761124143],[-71.3994217765179,41.8231770826126]]]},"properties":{"FID":198,"Layer":"C-GREENS-2","Shape_Leng":164.807938495,"Shape__Area":692.70066070556641,"Shape__Length":164.80793848506596,"GreenSpaceName":null}},{"type":"Feature","id":199,"geometry":{"type":"Polygon","coordinates":[[[-71.399484066093,41.8231265254224],[-71.3994897269169,41.8231711890392],[-71.3994769762253,41.8231720935278],[-71.399468224081,41.8231045396622],[-71.3994664929615,41.8230885355043],[-71.3994724265849,41.8230880626165],[-71.3994722694288,41.8230869577619],[-71.3994737260505,41.823086841092],[-71.3994736177039,41.8230860820106],[-71.3996067397544,41.8230753637381],[-71.3997747737488,41.8230618234996],[-71.3999268319155,41.8230494890596],[-71.3999271112806,41.8230501888671],[-71.3999285691043,41.8230500721926],[-71.3999287262683,41.8230511770467],[-71.3999293630878,41.8230511262821],[-71.3999458328667,41.8231787116016],[-71.3999620282963,41.8233039620956],[-71.3999783428402,41.8234292847154],[-71.3999944400038,41.8235551095307],[-71.400000814075,41.8236057835089],[-71.3999997992478,41.8236058645563],[-71.3999999564143,41.8236069694102],[-71.3999984997817,41.8236070860867],[-71.399998567646,41.8236075651266],[-71.3999821931767,41.8236088716695],[-71.3999821241102,41.8236083917282],[-71.3999806674775,41.8236085084044],[-71.3999805103114,41.8236074035505],[-71.3999745766437,41.8236078764645],[-71.3999747338097,41.8236089813184],[-71.399973277177,41.8236090979945],[-71.399973437912,41.8236102298617],[-71.3999327015849,41.82361347072],[-71.3999346401011,41.8236293246934],[-71.3998866701232,41.8236330337129],[-71.3997628996475,41.82364214706],[-71.3997605627314,41.8236278521248],[-71.3997547278317,41.8235819774158],[-71.3998016815855,41.8235784539352],[-71.399805645929,41.8236089329986],[-71.3999680982153,41.8235971972935],[-71.3999195760074,41.8232173547294],[-71.3999210952095,41.8232172462115],[-71.3999053571461,41.823095943199],[-71.3996883194606,41.8231116988996],[-71.3996865496783,41.8230980662068],[-71.3996666622631,41.8230990905316],[-71.3996648662143,41.8230830106914],[-71.3996009358542,41.8230875708773],[-71.3996030720004,41.8231039868425],[-71.3994826376886,41.8231124473568],[-71.399484066093,41.8231265254224]]]},"properties":{"FID":199,"Layer":"C-GREENS-2","Shape_Leng":867.051358807,"Shape__Area":3941.3969421386719,"Shape__Length":867.05135881098192,"GreenSpaceName":null}},{"type":"Feature","id":200,"geometry":{"type":"Polygon","coordinates":[[[-71.3997409183767,41.8236419424072],[-71.399649704563,41.8236490123603],[-71.3996460850286,41.8236205350486],[-71.3997138877519,41.8236154587227],[-71.3997139055936,41.82361559559],[-71.3997374773594,41.8236139721454],[-71.3997409183767,41.8236419424072]]]},"properties":{"FID":200,"Layer":"C-GREENS-2","Shape_Leng":70.7296954813,"Shape__Area":259.11818695068359,"Shape__Length":70.729695477931187,"GreenSpaceName":null}},{"type":"Feature","id":201,"geometry":{"type":"Polygon","coordinates":[[[-71.3998954899763,41.8237069034838],[-71.3998924147519,41.8236766502838],[-71.3999405192151,41.823673171866],[-71.3999424385094,41.8236897776061],[-71.3999845341386,41.8236863443549],[-71.3999849496829,41.823689261818],[-71.3999864075211,41.8236891451427],[-71.3999865646861,41.823690250897],[-71.3999924983628,41.8236897770821],[-71.3999923411962,41.8236886722282],[-71.3999937978307,41.8236885555518],[-71.399993689477,41.8236877964709],[-71.4000083534831,41.8236865244512],[-71.4000084437804,41.8236872844167],[-71.4000099004134,41.8236871686404],[-71.4000100575803,41.8236882734943],[-71.4000110712232,41.8236881807412],[-71.4000339383401,41.8238617825711],[-71.4000335314579,41.8238618065262],[-71.4000336251861,41.8238626826385],[-71.4000324695425,41.8238627518593],[-71.4000324908992,41.823862950853],[-71.3998735297349,41.8238770710904],[-71.3997057578886,41.823890964633],[-71.3996220834785,41.8238981086717],[-71.3994659788691,41.823911210756],[-71.3994659586994,41.8239110234677],[-71.3994648030543,41.8239110926827],[-71.3994647105374,41.8239102165711],[-71.399460007303,41.8239104978625],[-71.3994600998198,41.8239113739742],[-71.3994589453797,41.82391144229],[-71.3994557912078,41.8238963858468],[-71.3994542878454,41.8238763564707],[-71.3994585327548,41.8238758956107],[-71.3994573833121,41.8238658450111],[-71.3994713836956,41.8238648569865],[-71.3994708009373,41.8238603520762],[-71.3996204609581,41.8238495267154],[-71.399621013985,41.8238538074144],[-71.3996736894982,41.8238499972759],[-71.3996731352753,41.8238457093734],[-71.3997882937862,41.8238373800098],[-71.399788836123,41.8238415760667],[-71.3998415116163,41.8238377658513],[-71.3998409692761,41.8238335697946],[-71.399998750131,41.8238221558966],[-71.3999835178105,41.8237005382288],[-71.3998954899763,41.8237069034838]]]},"properties":{"FID":201,"Layer":"C-GREENS-2","Shape_Leng":516.826126285,"Shape__Area":3233.1501541137695,"Shape__Length":516.82612629506332,"GreenSpaceName":null}},{"type":"Feature","id":202,"geometry":{"type":"Polygon","coordinates":[[[-71.3996477240934,41.8236508212138],[-71.3995951827779,41.8236543577545],[-71.3995938390889,41.8236430456099],[-71.3995765039033,41.8235096459989],[-71.3995595158773,41.823379052145],[-71.3995544787288,41.8233403970471],[-71.3995512712321,41.8233163344579],[-71.3996665416359,41.8233082096903],[-71.3996695680372,41.8233311061779],[-71.3996902423313,41.8233295639439],[-71.3997098117868,41.823480667076],[-71.3996965033645,41.8234818087917],[-71.3997136748506,41.8236138199182],[-71.399643685994,41.8236190590963],[-71.3996477240934,41.8236508212138]]]},"properties":{"FID":202,"Layer":"C-GREENS-2","Shape_Leng":321.841513986,"Shape__Area":4114.1514434814453,"Shape__Length":321.84151399270007,"GreenSpaceName":null}},{"type":"Feature","id":203,"geometry":{"type":"Polygon","coordinates":[[[-71.3997933853945,41.8235146603164],[-71.3997467347308,41.8235183650264],[-71.39973839667,41.8234505873623],[-71.3997379612266,41.8234473169476],[-71.3997556453664,41.8234459413559],[-71.399749100676,41.8233913489344],[-71.3997306716882,41.8233925888239],[-71.3997248467337,41.8233488533279],[-71.399721508553,41.8233236471977],[-71.3997471577149,41.8233212755813],[-71.3997399728151,41.8232666033695],[-71.3996667539403,41.8232724483726],[-71.3996690919846,41.8232890832951],[-71.3995530100865,41.8232973703172],[-71.3995498494403,41.8232718285102],[-71.3995064199308,41.8232747859563],[-71.3995030815073,41.8232474829275],[-71.3997562828608,41.8232293759412],[-71.3997933853945,41.8235146603164]]]},"properties":{"FID":203,"Layer":"C-GREENS-2","Shape_Leng":383.910975259,"Shape__Area":1996.6697769165039,"Shape__Length":383.91097524141946,"GreenSpaceName":null}},{"type":"Feature","id":204,"geometry":{"type":"Polygon","coordinates":[[[-71.3994385165653,41.8238775203099],[-71.3994419163,41.8238987208878],[-71.3994438053484,41.8239130388455],[-71.3994426509082,41.8239131071611],[-71.399442557188,41.8239122310484],[-71.3994378539533,41.8239125123389],[-71.3994379476735,41.8239133884516],[-71.399436793232,41.8239134576675],[-71.3994368217048,41.8239137232927],[-71.3993658142017,41.8239197185952],[-71.3992855302149,41.8239262738355],[-71.3992855147914,41.8239261306679],[-71.3992843603508,41.8239261989819],[-71.3992842666327,41.8239253228691],[-71.3992795633964,41.8239256041531],[-71.3992796571145,41.823926480266],[-71.3992785026726,41.8239265494803],[-71.3992776195091,41.8239247957442],[-71.3992708705689,41.8239039838726],[-71.3992612729543,41.8238874983365],[-71.3992594100231,41.823874974776],[-71.3992609196393,41.8238748491519],[-71.3992536009682,41.8238274164306],[-71.3992695393491,41.8238225415624],[-71.3992644317782,41.8237613256763],[-71.3992469340898,41.8237604117915],[-71.3992371267529,41.8237395171046],[-71.3992509542042,41.8237390277435],[-71.3992469927884,41.8236922552132],[-71.3992375162001,41.823676141621],[-71.3991912365356,41.8236795817308],[-71.3990716568066,41.8236950048914],[-71.3989741209569,41.8237044726608],[-71.3988951737245,41.8237076876429],[-71.3988937452582,41.8236883668922],[-71.3990028591899,41.8236789642919],[-71.399185279725,41.8236633388732],[-71.3992234641756,41.823660190577],[-71.3992231109383,41.8236574766427],[-71.3991849252856,41.8236606249376],[-71.3990025059619,41.8236762503569],[-71.398895218264,41.8236854961044],[-71.3988934695042,41.8236784908212],[-71.3988929978077,41.8236753374157],[-71.3988931448303,41.823672166548],[-71.398893908058,41.8236690457414],[-71.3988953054328,41.8236660470387],[-71.3988973055399,41.823663246041],[-71.3988998589251,41.8236607084294],[-71.3989018593078,41.8236592624434],[-71.398904154168,41.8236580859181],[-71.3989066796569,41.8236572130103],[-71.398909364721,41.8236566670662],[-71.398911365521,41.823656486058],[-71.3989133816814,41.8236564878322],[-71.3989153819064,41.8236566723613],[-71.3989395681783,41.8236600294013],[-71.3989969435023,41.8236572645005],[-71.3989968252866,41.8236558949796],[-71.399014777921,41.8236545188377],[-71.3990169414142,41.8236703000967],[-71.3992411528923,41.823651333244],[-71.3992241254793,41.8235186343146],[-71.3992608933251,41.8235153515129],[-71.3992602033529,41.8235124491122],[-71.3992530310124,41.8235129812254],[-71.3992426497924,41.8234427978257],[-71.3992252816745,41.8233293649675],[-71.3992206180504,41.8232990383269],[-71.3992696802802,41.8232956303562],[-71.3992701723829,41.8232995976855],[-71.3992562576139,41.8233005641526],[-71.3992589016926,41.8233223150834],[-71.3992568386433,41.8233222853636],[-71.3992590253691,41.8233401698334],[-71.3992750696778,41.8233390548764],[-71.3993130025501,41.8236446562988],[-71.3993153838306,41.8236443990881],[-71.3993283678153,41.8237482052518],[-71.3993258843479,41.8237483795419],[-71.3993438618638,41.8238694694009],[-71.3994181254038,41.8238641621216],[-71.3994187081585,41.8238686670322],[-71.3994330071296,41.823867632456],[-71.3994345425842,41.8238779174822],[-71.3994385165653,41.8238775203099]]]},"properties":{"FID":204,"Layer":"C-GREENS-2","Shape_Leng":960.89906494,"Shape__Area":5533.3976211547852,"Shape__Length":960.88794204453416,"GreenSpaceName":null}},{"type":"Feature","id":205,"geometry":{"type":"Polygon","coordinates":[[[-71.3992463931243,41.8239311940857],[-71.3991852180023,41.8239367297233],[-71.3991478000442,41.8239399345005],[-71.3991421097139,41.823900375774],[-71.3991398092955,41.8238866831863],[-71.3991530130644,41.8238924623558],[-71.3991712440354,41.8238909441802],[-71.3991818974785,41.823883502318],[-71.3992354443214,41.8238790440002],[-71.3992351393888,41.8238769963598],[-71.3992368055049,41.8238768573683],[-71.3992386708151,41.8238893962371],[-71.3992430520612,41.8239079272737],[-71.3992463931243,41.8239311940857]]]},"properties":{"FID":205,"Layer":"C-GREENS-2","Shape_Leng":95.6062475785,"Shape__Area":500.91345977783203,"Shape__Length":95.6062475807104,"GreenSpaceName":null}},{"type":"Feature","id":206,"geometry":{"type":"Polygon","coordinates":[[[-71.3990701157483,41.8239466305249],[-71.3990207095905,41.8239510401858],[-71.3989672970105,41.8239550348465],[-71.3989647102257,41.8239374660405],[-71.3989617098977,41.8239157364002],[-71.3989653936536,41.8239154299233],[-71.3989630487687,41.8239017165852],[-71.3989762982335,41.8239075156227],[-71.3989945292115,41.8239059983755],[-71.3990051826775,41.8238985565297],[-71.3990587295465,41.8238940973939],[-71.3990584246194,41.8238920497532],[-71.3990600907363,41.8238919107642],[-71.3990619560124,41.8239044496358],[-71.3990627071838,41.8239044034781],[-71.3990667271738,41.8239260646856],[-71.3990701157483,41.8239466305249]]]},"properties":{"FID":206,"Layer":"C-GREENS-2","Shape_Leng":98.01506745,"Shape__Area":518.74113464355469,"Shape__Length":98.015067460001362,"GreenSpaceName":null}},{"type":"Feature","id":207,"geometry":{"type":"Polygon","coordinates":[[[-71.3989496637151,41.8239568920432],[-71.3989312512812,41.8239582083478],[-71.3989218564565,41.8238908969764],[-71.3989083505947,41.823794811625],[-71.3989065255872,41.8237949549736],[-71.3989030849471,41.8237531968831],[-71.3989353195412,41.8237478331119],[-71.3989373300329,41.8237476142974],[-71.3989393630391,41.823747621488],[-71.3989413704156,41.8237478528407],[-71.3989433112414,41.8237483056184],[-71.3989451397952,41.8237489680765],[-71.3989491448673,41.8237509946634],[-71.3989527364562,41.8237534161357],[-71.3989544158811,41.8237647159782],[-71.3989425339909,41.8237657040028],[-71.3989488611081,41.8238082146145],[-71.3989412215397,41.8238088507365],[-71.3989486146911,41.8238585262899],[-71.398938249622,41.8238593887005],[-71.3989411225549,41.8238786909133],[-71.3989338176456,41.8238792994187],[-71.398937688478,41.8239039307208],[-71.3989397181131,41.8239175672532],[-71.3989438641442,41.8239172224691],[-71.3989496637151,41.8239568920432]]]},"properties":{"FID":207,"Layer":"C-GREENS-2","Shape_Leng":180.00210088,"Shape__Area":567.37370300292969,"Shape__Length":179.99743205388629,"GreenSpaceName":null}},{"type":"Feature","id":208,"geometry":{"type":"Polygon","coordinates":[[[-71.4019397246982,41.8305840487995],[-71.4019330378667,41.8305846220089],[-71.4019309799343,41.8305692550697],[-71.4019289010366,41.8305526393426],[-71.4019358501629,41.8305521527899],[-71.4019397246982,41.8305840487995]]]},"properties":{"FID":208,"Layer":"C-GREENS-2","Shape_Leng":27.1162606248,"Shape__Area":21.948944091796875,"Shape__Length":27.116260624672741,"GreenSpaceName":null}},{"type":"Feature","id":209,"geometry":{"type":"Polygon","coordinates":[[[-71.4019105325216,41.8305697246944],[-71.4018960487933,41.8305686076099],[-71.4018788278963,41.830556262761],[-71.4018724770269,41.8305567723298],[-71.4018692452637,41.8305304571669],[-71.4018612546035,41.8304656835663],[-71.401846380023,41.8304666945426],[-71.4018424837143,41.8304254457907],[-71.4019077334887,41.8304208053612],[-71.4019253644507,41.8304673274184],[-71.401929346344,41.8304990731639],[-71.4018890758864,41.8305018856473],[-71.4018957084825,41.8305549635847],[-71.4019085725529,41.8305540634277],[-71.4019105325216,41.8305697246944]]]},"properties":{"FID":209,"Layer":"C-GREENS-2","Shape_Leng":151.487369832,"Shape__Area":687.81076049804688,"Shape__Length":151.48736982426811,"GreenSpaceName":null}},{"type":"Feature","id":210,"geometry":{"type":"Polygon","coordinates":[[[-71.4018232767246,41.8305209481241],[-71.4018049787828,41.8305217743007],[-71.4018038162204,41.8305073885934],[-71.4018063430139,41.8305073880524],[-71.4018088404785,41.830507673794],[-71.4018112520436,41.8305082403678],[-71.4018135199486,41.8305090733191],[-71.4018155912521,41.8305101554961],[-71.4018174202522,41.8305114589494],[-71.4018189636545,41.8305129557314],[-71.4018208666442,41.8305154702035],[-71.4018223119345,41.8305181499468],[-71.4018232767246,41.8305209481241]]]},"properties":{"FID":210,"Layer":"C-GREENS-2","Shape_Leng":18.2341294575,"Shape__Area":20.140090942382813,"Shape__Length":18.227172567255913,"GreenSpaceName":null}},{"type":"Feature","id":211,"geometry":{"type":"Polygon","coordinates":[[[-71.4017384081568,41.8304328467289],[-71.4017249846215,41.8304304133339],[-71.4017120419961,41.8304268072074],[-71.4017091317718,41.8304256414794],[-71.4017064904767,41.8304241617633],[-71.4017041758426,41.8304224014209],[-71.4017022431838,41.8304204001145],[-71.4017007345631,41.8304182037974],[-71.4016996860177,41.8304158629195],[-71.4016991203385,41.8304134306202],[-71.40169744159,41.830400474208],[-71.4017181117297,41.8303991683969],[-71.4017196605745,41.8304112702762],[-71.4017355170301,41.8304105338592],[-71.4017384081568,41.8304328467289]]]},"properties":{"FID":211,"Layer":"C-GREENS-2","Shape_Leng":41.1621745273,"Shape__Area":85.328529357910156,"Shape__Length":41.1517040806294,"GreenSpaceName":null}},{"type":"Feature","id":212,"geometry":{"type":"Polygon","coordinates":[[[-71.4014108670927,41.8303385526961],[-71.4013495967225,41.8303426839681],[-71.4013473965895,41.8303243754887],[-71.4014088993384,41.830320203902],[-71.4014108670927,41.8303385526961]]]},"properties":{"FID":212,"Layer":"C-GREENS-2","Shape_Leng":47.0032385259,"Shape__Area":112.59963989257813,"Shape__Length":47.00323852645937,"GreenSpaceName":null}},{"type":"Feature","id":213,"geometry":{"type":"Polygon","coordinates":[[[-71.4013883840655,41.8302810098474],[-71.4013653100305,41.8303097180493],[-71.4013457539275,41.8303107006317],[-71.4013441968369,41.8302977443185],[-71.401341608373,41.8302979302662],[-71.4013401749536,41.8302875355233],[-71.4013252945121,41.8302876812015],[-71.401320858288,41.8302525425667],[-71.4013255858846,41.8302523719621],[-71.4013251226423,41.8302451724546],[-71.4013515592143,41.830221743134],[-71.4013601807894,41.8302209969541],[-71.4013596372534,41.830217480664],[-71.4013687752656,41.8302049665975],[-71.4013926514318,41.830203427709],[-71.4014348235876,41.8302007088659],[-71.4014531308291,41.8302102456567],[-71.4013772968713,41.830215234176],[-71.4013853513663,41.8302812170229],[-71.4013883840655,41.8302810098474]]]},"properties":{"FID":213,"Layer":"C-GREENS-2","Shape_Leng":137.530795596,"Shape__Area":514.10122680664063,"Shape__Length":137.53079559507231,"GreenSpaceName":null}},{"type":"Feature","id":214,"geometry":{"type":"Polygon","coordinates":[[[-71.4014202807871,41.8304288251466],[-71.4014118684916,41.8304233960865],[-71.4014024156811,41.8304190303332],[-71.4013921581354,41.8304158361294],[-71.4013813557527,41.8304138938284],[-71.4013702781087,41.8304132531799],[-71.401340818088,41.830414348803],[-71.4013378779857,41.8303895266369],[-71.4013550762505,41.8303882881355],[-71.4013498665454,41.8303449251432],[-71.4014673868973,41.830337001289],[-71.4014736817995,41.8303894658319],[-71.4014555734138,41.8303907341818],[-71.401460357722,41.8304289468659],[-71.4014243529806,41.8304313639954],[-71.4014202807871,41.8304288251466]]]},"properties":{"FID":214,"Layer":"C-GREENS-2","Shape_Leng":134.445357401,"Shape__Area":942.52272033691406,"Shape__Length":134.42700933172634,"GreenSpaceName":null}},{"type":"Feature","id":215,"geometry":{"type":"Polygon","coordinates":[[[-71.4012821438997,41.8301867773622],[-71.4013357836575,41.830183149164],[-71.4013356369338,41.8301791380283],[-71.4013463685435,41.8301848103769],[-71.4013117249346,41.8302157693826],[-71.401286064285,41.8302175957296],[-71.4012821438997,41.8301867773622]]]},"properties":{"FID":215,"Layer":"C-GREENS-2","Shape_Leng":52.7395013242,"Shape__Area":143.40316009521484,"Shape__Length":52.739501325969755,"GreenSpaceName":null}},{"type":"Feature","id":216,"geometry":{"type":"Polygon","coordinates":[[[-71.4014750630747,41.8301622430954],[-71.401472419246,41.8301624262976],[-71.4014697710783,41.830162298879],[-71.4014671811667,41.8301618626941],[-71.4014647144996,41.8301611286028],[-71.4014624312382,41.8301601155636],[-71.4014605370512,41.8301589416975],[-71.4014588971672,41.8301575717756],[-71.4014575464519,41.8301560346388],[-71.4014565137427,41.8301543654249],[-71.4014558242643,41.8301526001692],[-71.4014510748037,41.8301356355108],[-71.4014493739707,41.8301119992554],[-71.4014560385532,41.8301117753866],[-71.4014567080283,41.8301116697209],[-71.4014684066753,41.8301108100288],[-71.4014750630747,41.8301622430954]]]},"properties":{"FID":216,"Layer":"C-GREENS-2","Shape_Leng":45.9550161963,"Shape__Area":94.157432556152344,"Shape__Length":45.948243525961793,"GreenSpaceName":null}},{"type":"Feature","id":217,"geometry":{"type":"Polygon","coordinates":[[[-71.4019077334887,41.8304208053612],[-71.4018633455061,41.8300787530205],[-71.4017965139438,41.8300836153569],[-71.4017955851019,41.8300762047737],[-71.401857544337,41.8300716975104],[-71.4018810487285,41.8300699880385],[-71.4018937075945,41.8300693902216],[-71.4019063352999,41.8300702788362],[-71.4019186237089,41.8300726302103],[-71.4019302707556,41.830076387365],[-71.4020238014578,41.8301117334526],[-71.4021168347797,41.8301472852177],[-71.4021191859494,41.8301653651256],[-71.4021203380325,41.8301653354958],[-71.4021214814764,41.8301654454111],[-71.4021225849865,41.8301656921439],[-71.4021236208835,41.8301660702685],[-71.402124561498,41.830166568057],[-71.4021253827718,41.8301671737845],[-71.4021260606548,41.8301678703241],[-71.4021265795239,41.8301686405559],[-71.4021269249662,41.8301694628597],[-71.4021345282483,41.8302318556192],[-71.4021346129201,41.8302323796886],[-71.4021345772076,41.8302329063564],[-71.4021344211329,41.8302334212172],[-71.402134151942,41.8302339089716],[-71.4021337756759,41.8302343552191],[-71.4021333031893,41.8302347464639],[-71.402132748943,41.8302350728147],[-71.4021321286014,41.8302353243811],[-71.402131460234,41.8302354930754],[-71.4021132939373,41.8302605889478],[-71.4021100667772,41.8302643847274],[-71.4021077082403,41.830268523376],[-71.4021062822972,41.8302728942063],[-71.4021058276477,41.8302773802074],[-71.4021151496037,41.8303542275714],[-71.4021247461992,41.8304333476228],[-71.4021247703871,41.8304348548106],[-71.402125130475,41.8304363370752],[-71.402125818098,41.830437753894],[-71.4021268104442,41.8304390656329],[-71.4021280834964,41.8304402335567],[-71.4021295987794,41.8304412270212],[-71.4021313142041,41.8304420171795],[-71.4021331828549,41.8304425823837],[-71.4021351505867,41.8304429054811],[-71.4021761744443,41.8304401817863],[-71.4021775094959,41.830450441384],[-71.4019253644507,41.8304673274184],[-71.4019167448289,41.8304431180505],[-71.4019077334887,41.8304208053612]]]},"properties":{"FID":217,"Layer":"C-GREENS-2","Shape_Leng":455.109547346,"Shape__Area":8294.7987289428711,"Shape__Length":455.07699175793681,"GreenSpaceName":null}},{"type":"Feature","id":218,"geometry":{"type":"Polygon","coordinates":[[[-71.4027971615244,41.829997043552],[-71.402640478961,41.8300080282458],[-71.402638554253,41.829996001688],[-71.4027955464628,41.8299848191842],[-71.4027971615244,41.829997043552]]]},"properties":{"FID":218,"Layer":"C-GREENS-2","Shape_Leng":94.7598340935,"Shape__Area":190.81565093994141,"Shape__Length":94.759834094525317,"GreenSpaceName":null}},{"type":"Feature","id":219,"geometry":{"type":"Polygon","coordinates":[[[-71.402646495401,41.8300955228775],[-71.4026203005741,41.8300972014144],[-71.4026077553903,41.8299981760077],[-71.4026348739341,41.8299962047462],[-71.4026368178202,41.8300082853407],[-71.4026356247155,41.8300083779646],[-71.402646495401,41.8300955228775]]]},"properties":{"FID":219,"Layer":"C-GREENS-2","Shape_Leng":87.4918582179,"Shape__Area":262.13694000244141,"Shape__Length":87.491858233660878,"GreenSpaceName":null}},{"type":"Feature","id":220,"geometry":{"type":"Polygon","coordinates":[[[-71.4027951834563,41.829982074644],[-71.4026038143968,41.8299956337106],[-71.402602144555,41.8299790705604],[-71.4026027498426,41.8299736582361],[-71.4026045394418,41.8299683945715],[-71.4026074673896,41.8299634235818],[-71.402611451619,41.8299588829493],[-71.4026163836012,41.8299548959281],[-71.4026670724942,41.8299378162439],[-71.4026983673176,41.8299276743288],[-71.4027174037053,41.8299224108647],[-71.402737174031,41.8299189856105],[-71.4027573652292,41.829917451421],[-71.4027634203896,41.8299182056288],[-71.4027692083396,41.8299197339016],[-71.402774553395,41.8299219901734],[-71.4027792943508,41.8299249058821],[-71.402783286885,41.8299283926724],[-71.4027864107775,41.829932345103],[-71.4027885699071,41.8299366424472],[-71.4027896994647,41.8299411550015],[-71.4027951834563,41.829982074644]]]},"properties":{"FID":220,"Layer":"C-GREENS-2","Shape_Leng":137.787393411,"Shape__Area":1046.0707092285156,"Shape__Length":137.74808118589493,"GreenSpaceName":null}},{"type":"Feature","id":221,"geometry":{"type":"Polygon","coordinates":[[[-71.4022166886849,41.8249223024669],[-71.4022183178092,41.8249338318033],[-71.402264846833,41.8249299612249],[-71.4022620921718,41.8249303478279],[-71.4022594453809,41.8249310388375],[-71.402256965469,41.824932016297],[-71.4022547090403,41.8249332604472],[-71.4022527254917,41.8249347416188],[-71.4022510606117,41.8249364283391],[-71.4022497505705,41.8249382819241],[-71.4022557964441,41.8249788617777],[-71.4022455738163,41.824974620582],[-71.4022364448053,41.8249691594554],[-71.4022286691808,41.8249626298765],[-71.4022224657318,41.8249552193023],[-71.4022180098821,41.824947135861],[-71.4022154276718,41.8249386083463],[-71.4022147921604,41.8249298772112],[-71.402214573529,41.8249224663289],[-71.4022166886849,41.8249223024669]]]},"properties":{"FID":221,"Layer":"C-GREENS-2","Shape_Leng":62.8273964263,"Shape__Area":123.69232940673828,"Shape__Length":62.796017575371295,"GreenSpaceName":null}},{"type":"Feature","id":222,"geometry":{"type":"Polygon","coordinates":[[[-71.4014212449669,41.825161988992],[-71.4014045804464,41.8251622438915],[-71.4013880548389,41.8251606126963],[-71.4013720484601,41.8251571326468],[-71.4013569283173,41.8251518850891],[-71.4013430421001,41.8251449891668],[-71.4013307073456,41.8251366027126],[-71.4013202078312,41.8251269195438],[-71.4013121120991,41.8251164677484],[-71.4013063805383,41.8251051743653],[-71.4013031643582,41.825093336637],[-71.4013025473397,41.8250812652528],[-71.4013045482513,41.8250692789491],[-71.4013091112386,41.8250576918963],[-71.4013161190737,41.8250468083083],[-71.40132604074,41.8250361442046],[-71.4013380729179,41.8250267748006],[-71.4013519191424,41.8250189303279],[-71.4013672372623,41.8250128058658],[-71.4013836490834,41.8250085523462],[-71.4014007487987,41.8250062738596],[-71.401400390675,41.8250035419216],[-71.4014937364185,41.8249967055965],[-71.4016070711049,41.8249881360582],[-71.4017238339186,41.8249787743411],[-71.4018920096598,41.8249660279329],[-71.4020272495904,41.8249548611994],[-71.4020445055547,41.8249558698905],[-71.402061335948,41.8249588940767],[-71.4020773207935,41.8249638586721],[-71.4020920642596,41.8249706417937],[-71.402105199477,41.8249790729652],[-71.4021163993569,41.8249889430296],[-71.4021256563137,41.825000490571],[-71.4021321925861,41.8250130351709],[-71.4021358257487,41.8250262228406],[-71.4021364516479,41.8250396789505],[-71.4021340516025,41.825053022641],[-71.4021286947963,41.8250658767286],[-71.4021205334497,41.8250778767048],[-71.4021097967811,41.8250886842369],[-71.4020986993994,41.8250968570666],[-71.4020861486778,41.8251037537754],[-71.4020724048336,41.8251092323311],[-71.4020577509124,41.8251131786314],[-71.4020424927812,41.8251155110059],[-71.4018823702515,41.8251277513193],[-71.4017417661631,41.8251389502075],[-71.4015413173564,41.8251548271296],[-71.4014215970753,41.8251647200244],[-71.4014212449669,41.825161988992]]]},"properties":{"FID":222,"Layer":"C-GREENS-2","Shape_Leng":523.946768715,"Shape__Area":12577.915328979492,"Shape__Length":523.75884881909076,"GreenSpaceName":null}},{"type":"Feature","id":223,"geometry":{"type":"Polygon","coordinates":[[[-71.4026071154172,41.8250560239757],[-71.4025839256742,41.8250578446066],[-71.4025801559153,41.825034653161],[-71.4026018493278,41.8250337036913],[-71.4026071154172,41.8250560239757]]]},"properties":{"FID":223,"Layer":"C-GREENS-2","Shape_Leng":29.0506208118,"Shape__Area":51.342643737792969,"Shape__Length":29.050620811442755,"GreenSpaceName":null}},{"type":"Feature","id":224,"geometry":{"type":"Polygon","coordinates":[[[-71.4025924525685,41.8249237327342],[-71.4025945730611,41.8249319600359],[-71.4025946826623,41.8249327119125],[-71.4025946261457,41.8249334681499],[-71.4025944071567,41.8249342062428],[-71.4025940281299,41.8249349081863],[-71.4025935023361,41.8249355541844],[-71.4025928430406,41.8249361280421],[-71.4025920671196,41.8249366135676],[-71.4025856967784,41.8249400159514],[-71.4025831034011,41.8249412058019],[-71.4025803010408,41.8249420911603],[-71.4025773535238,41.8249426522732],[-71.4025743258678,41.8249428774913],[-71.4025520858993,41.824944689918],[-71.4025484964975,41.8249200535786],[-71.4025572556271,41.824919403761],[-71.4025634737757,41.8249258752753],[-71.4025924525685,41.8249237327342]]]},"properties":{"FID":224,"Layer":"C-GREENS-2","Shape_Leng":38.8072227456,"Shape__Area":80.272872924804688,"Shape__Length":38.801923349143919,"GreenSpaceName":null}},{"type":"Feature","id":225,"geometry":{"type":"Polygon","coordinates":[[[-71.4022675825709,41.825284752307],[-71.4022096224038,41.8252897133705],[-71.4022112062705,41.8253009302498],[-71.4021699056567,41.8253041651175],[-71.4021568164152,41.825212513798],[-71.4021345300799,41.825213877735],[-71.4021322315855,41.8251961012711],[-71.4021412702059,41.8251945369784],[-71.4021498674507,41.8251919288152],[-71.4021578101618,41.8251883432254],[-71.4021649020006,41.8251838682751],[-71.4021709646471,41.8251786163551],[-71.4021758486457,41.8251727160868],[-71.4021794321962,41.8251663159227],[-71.4021816271885,41.8251595733474],[-71.4021823779962,41.8251526566771],[-71.4021771834524,41.8251126843748],[-71.402177119027,41.8251107251808],[-71.4021774999437,41.8251087852731],[-71.4021783164838,41.8251069231657],[-71.4021795456973,41.8251051910585],[-71.4021811489862,41.8251036411385],[-71.40218308295,41.8251023174854],[-71.4021852885468,41.8251012596637],[-71.4021877031387,41.8251004973313],[-71.40219006067,41.8251000545709],[-71.4021924839528,41.8250999089785],[-71.4021949067753,41.8251000658998],[-71.4021972605344,41.8251005198743],[-71.4021994814517,41.8251012591434],[-71.4022015081697,41.825102262947],[-71.4022032853592,41.8251035042277],[-71.4022047637216,41.8251049478305],[-71.4022059023912,41.8251065541055],[-71.4022066701375,41.82510827981],[-71.4022070453677,41.8251100763071],[-71.4021860150193,41.8251119131014],[-71.4021946196905,41.8251740195562],[-71.402205023661,41.825256865065],[-71.4022064791085,41.8252702057363],[-71.4022253749776,41.8252686012099],[-71.4022235761859,41.8252554466168],[-71.4022630371674,41.8252524289471],[-71.4022675825709,41.825284752307]]]},"properties":{"FID":225,"Layer":"C-GREENS-2","Shape_Leng":224.334560056,"Shape__Area":817.962760925293,"Shape__Length":224.29575284018821,"GreenSpaceName":null}},{"type":"Feature","id":226,"geometry":{"type":"Polygon","coordinates":[[[-71.4018043341513,41.8252213496754],[-71.4017411883812,41.8252263411829],[-71.401740182228,41.8252191592132],[-71.401732432986,41.8252197927259],[-71.4017298655903,41.8252016117714],[-71.4017279644638,41.8251924734982],[-71.401727378367,41.8251892533821],[-71.4017274302802,41.8251860041007],[-71.4017281164848,41.8251827958771],[-71.4017308664075,41.8251760708917],[-71.4017347545457,41.8251696674007],[-71.4017369057791,41.8251671698979],[-71.4017395681388,41.8251649663431],[-71.4017426717229,41.8251631133978],[-71.4017461358076,41.8251616605115],[-71.4017498688519,41.8251606463206],[-71.4017537721121,41.8251600968505],[-71.4018906838135,41.8251493305586],[-71.4020064736399,41.8251403908831],[-71.4020082190723,41.8251403536574],[-71.4020099533775,41.825140509095],[-71.4020116380411,41.8251408544618],[-71.4020132357607,41.825141381623],[-71.4020147116452,41.8251420797449],[-71.4020155798628,41.8251426431977],[-71.4020163227523,41.825143300179],[-71.4020169222827,41.8251440344672],[-71.4020173640357,41.8251448289436],[-71.4020176372082,41.8251456637915],[-71.4020177370127,41.825146521],[-71.4020187820197,41.8251495551357],[-71.4019227997306,41.8251573502987],[-71.401929956566,41.825211257944],[-71.4018755882829,41.8252154458127],[-71.4018771002972,41.8252287460214],[-71.4018060053334,41.8252344582487],[-71.4018043341513,41.8252213496754]]]},"properties":{"FID":226,"Layer":"C-GREENS-2","Shape_Leng":212.042040801,"Shape__Area":1439.8950653076172,"Shape__Length":212.02400479039076,"GreenSpaceName":null}},{"type":"Feature","id":227,"geometry":{"type":"Polygon","coordinates":[[[-71.401325200814,41.8252625428966],[-71.4013275344275,41.825280821796],[-71.4013158944789,41.8252816536146],[-71.4013124584907,41.825260879827],[-71.4013120171188,41.8252535713909],[-71.4013132464186,41.8252463130084],[-71.4013161099507,41.8252393180286],[-71.4013205255513,41.8252327889573],[-71.4013263617204,41.825226918354],[-71.4013334496758,41.8252218771381],[-71.4013415821548,41.8252178118867],[-71.4013505206411,41.8252148412396],[-71.4013600049988,41.8252130532065],[-71.4013697582957,41.8252124997692],[-71.4013761215221,41.8252585026853],[-71.401325200814,41.8252625428966]]]},"properties":{"FID":227,"Layer":"C-GREENS-2","Shape_Leng":75.0077602161,"Shape__Area":263.18513488769531,"Shape__Length":74.975270718992149,"GreenSpaceName":null}},{"type":"Feature","id":228,"geometry":{"type":"Polygon","coordinates":[[[-71.4013999391174,41.8251927326116],[-71.4014007998795,41.8251981524948],[-71.4013681332664,41.8252007498417],[-71.4013693785275,41.8252097534072],[-71.4013590485269,41.8252103900808],[-71.4013490114358,41.8252123288962],[-71.4013395598444,41.8252155115827],[-71.401330967132,41.8252198483412],[-71.4013234826619,41.8252252115379],[-71.4013173221356,41.8252314464999],[-71.4013126639798,41.8252383724125],[-71.4013096445206,41.8252457895176],[-71.4013083507575,41.8252534818084],[-71.4013088191437,41.8252612269325],[-71.4013122408189,41.8252819142753],[-71.4013050201743,41.8252824302687],[-71.4012867584198,41.825284173841],[-71.4012844449918,41.825266083129],[-71.4012844174362,41.8252534603434],[-71.401287246009,41.8252410155784],[-71.4012928495071,41.8252291088999],[-71.4013010649031,41.8252180822964],[-71.4013116557788,41.8252082551848],[-71.4013243183654,41.8251999100103],[-71.4013340789684,41.8251953806824],[-71.4013446970926,41.8251921053629],[-71.4013558885312,41.8251901702402],[-71.4013673522752,41.8251896290759],[-71.4013915907801,41.825188429925],[-71.4013929593835,41.8251884383026],[-71.4013943072586,41.8251886195275],[-71.4013955934864,41.825188969063],[-71.4013967831759,41.8251894760751],[-71.4013978402381,41.8251901261274],[-71.4013987346079,41.8251909011872],[-71.4013994410419,41.8251917787244],[-71.4013999391174,41.8251927326116]]]},"properties":{"FID":228,"Layer":"C-GREENS-2","Shape_Leng":113.519121846,"Shape__Area":311.79602813720703,"Shape__Length":113.43392855868271,"GreenSpaceName":null}},{"type":"Feature","id":229,"geometry":{"type":"Polygon","coordinates":[[[-71.4015205846162,41.8252326473227],[-71.4015182821286,41.8252144449826],[-71.4015292854269,41.8252135306669],[-71.4015298872212,41.8252135698973],[-71.401530472049,41.8252136838415],[-71.4015310218576,41.8252138706831],[-71.401531521007,41.8252141250067],[-71.4015319562689,41.825214438698],[-71.4015323144163,41.8252148027423],[-71.4015325846324,41.825215206326],[-71.4015327597101,41.8252156395395],[-71.4015328336544,41.8252160870717],[-71.4015328052766,41.8252165390179],[-71.401532675804,41.8252169800733],[-71.4015324476619,41.8252173985357],[-71.401524983606,41.8252322315356],[-71.4015205846162,41.8252326473227]]]},"properties":{"FID":229,"Layer":"C-GREENS-2","Shape_Leng":18.6420695746,"Shape__Area":18.345832824707031,"Shape__Length":18.639758106080652,"GreenSpaceName":null}},{"type":"Feature","id":230,"geometry":{"type":"Polygon","coordinates":[[[-71.4015169505068,41.8252036568715],[-71.4015148356824,41.8251894585026],[-71.4014231865783,41.8251964979766],[-71.4014223367209,41.8251910303848],[-71.4014220053016,41.8251905061027],[-71.4014217931018,41.8251899477101],[-71.4014217085238,41.8251893705197],[-71.4014217515429,41.8251887907379],[-71.4014219221342,41.8251882245707],[-71.4014222154594,41.8251876873196],[-71.4014226242727,41.8251871942843],[-71.4014231365178,41.8251867580591],[-71.4014237365271,41.8251863912355],[-71.4014244110447,41.8251861037056],[-71.4014251395966,41.8251859026547],[-71.4014259017085,41.8251857952679],[-71.4014798390713,41.8251816054418],[-71.4015417802701,41.825176376256],[-71.401543153524,41.8251764917762],[-71.4015444807652,41.8251767846238],[-71.401545718677,41.8251772439577],[-71.4015468323713,41.8251778571432],[-71.4015477869708,41.8251786043429],[-71.401548554822,41.8251794648254],[-71.4015491106885,41.8251804115588],[-71.4015494401699,41.8251814157199],[-71.4015495312747,41.8251824475872],[-71.4015493828474,41.8251834756479],[-71.4015489985461,41.8251844692935],[-71.401543142674,41.8251961452814],[-71.4015427739559,41.8251971812564],[-71.4015421934708,41.8251981612287],[-71.4015414169015,41.8251990627034],[-71.4015404623395,41.8251998622872],[-71.4015393538864,41.825200541994],[-71.4015381180514,41.8252010838395],[-71.4015367837414,41.8252014761442],[-71.4015353846767,41.825201708133],[-71.4015169505068,41.8252036568715]]]},"properties":{"FID":230,"Layer":"C-GREENS-2","Shape_Leng":83.5312426034,"Shape__Area":172.04717254638672,"Shape__Length":83.51989884946218,"GreenSpaceName":null}},{"type":"Feature","id":231,"geometry":{"type":"Polygon","coordinates":[[[-71.4012257083758,41.8251919409873],[-71.4012238893564,41.8251920816769],[-71.4012076408928,41.8250720200135],[-71.4011987686848,41.8250068322912],[-71.4012034011119,41.8250064608338],[-71.4012101097007,41.8250078045081],[-71.4012117374489,41.8250083668196],[-71.4012132156363,41.8250091252765],[-71.4012145021651,41.8250100591348],[-71.4012155609656,41.8250111413533],[-71.4012163607886,41.8250123412936],[-71.4012380154059,41.8250530939818],[-71.4012403135899,41.8250693416868],[-71.4012105056879,41.8250736025733],[-71.4012182526336,41.8251253580591],[-71.4012477399962,41.8251244758698],[-71.4012501101598,41.8251408847972],[-71.4012409269595,41.82518012631],[-71.4012399928556,41.8251824934002],[-71.4012385654492,41.825184718713],[-71.4012366845497,41.8251867455612],[-71.4012343947717,41.825188523564],[-71.401231756374,41.8251900050553],[-71.4012288356156,41.8251911540784],[-71.4012257083758,41.8251919409873]]]},"properties":{"FID":231,"Layer":"C-GREENS-2","Shape_Leng":158.020606569,"Shape__Area":353.48802947998047,"Shape__Length":158.00866707318107,"GreenSpaceName":null}},{"type":"Feature","id":232,"geometry":{"type":"Polygon","coordinates":[[[-71.4012327807202,41.824929191935],[-71.4012310485311,41.824929230961],[-71.4012293298969,41.8249290656214],[-71.4012276669387,41.8249287013546],[-71.4012261017751,41.8249281453996],[-71.4012246716974,41.8249274130941],[-71.4012234139926,41.824926522477],[-71.4012223587214,41.8249254942819],[-71.4012215311201,41.8249243555409],[-71.4012209540174,41.8249231332837],[-71.401220639402,41.8249218590325],[-71.4012176487725,41.8249003419431],[-71.4012138866732,41.8248732771972],[-71.4012443199804,41.8248708607431],[-71.4012447584404,41.8248737908254],[-71.4012701491541,41.8248715591006],[-71.4012776256832,41.8249222753597],[-71.4013358889488,41.8249180821158],[-71.401343083552,41.8249705726976],[-71.4014391687301,41.8249630518104],[-71.4014377145572,41.8249686101603],[-71.4014351148237,41.8249739298376],[-71.4014338954307,41.824975525994],[-71.4014323284425,41.8249769426844],[-71.4014304584621,41.824978136731],[-71.4014283433199,41.8249790739703],[-71.4014260444503,41.8249797247439],[-71.4014236304919,41.8249800711039],[-71.4013553964124,41.8249853614475],[-71.4013103832637,41.8249889025351],[-71.4013056638967,41.8249894530898],[-71.401300887688,41.8249893940654],[-71.4012961942673,41.824988725582],[-71.4012917232309,41.8249874693677],[-71.4012877957161,41.8249857895602],[-71.4012842431933,41.8249836932176],[-71.4012811450351,41.8249812272258],[-71.4012785709746,41.8249784447647],[-71.4012765750844,41.8249754071039],[-71.4012676414398,41.8249587917598],[-71.4012541651068,41.8249335040394],[-71.4012533700919,41.8249323086051],[-71.401252326943,41.8249312245998],[-71.4012510632994,41.8249302817582],[-71.4012496116253,41.8249295035171],[-71.4012480116095,41.8249289115188],[-71.4012463041557,41.8249285202038],[-71.4012445361918,41.8249283404167],[-71.4012427510426,41.8249283775966],[-71.4012327807202,41.824929191935]]]},"properties":{"FID":232,"Layer":"C-GREENS-2","Shape_Leng":192.670876972,"Shape__Area":942.62401580810547,"Shape__Length":192.64047168984678,"GreenSpaceName":null}},{"type":"Feature","id":233,"geometry":{"type":"Polygon","coordinates":[[[-71.401483202787,41.8249189756388],[-71.4015325581652,41.8249150879734],[-71.4015778625886,41.8249115191378],[-71.4015790735454,41.8249114985671],[-71.4015802722348,41.8249116283427],[-71.4015814261653,41.8249119030346],[-71.4015825040517,41.8249123154134],[-71.4015834770203,41.8249128555505],[-71.4015843174094,41.8249135081164],[-71.4015850023777,41.8249142541845],[-71.4015855151009,41.8249150757336],[-71.4015858387643,41.8249159484401],[-71.4015859673853,41.82491684889],[-71.4015853003867,41.8249255915174],[-71.4015827859936,41.8249341443911],[-71.401578488334,41.824942290584],[-71.4015725172612,41.8249498231119],[-71.4015650235286,41.824956552132],[-71.4015561963821,41.8249623049411],[-71.4015462611347,41.8249669376774],[-71.4015354683376,41.8249703326111],[-71.4015240925693,41.8249724026444],[-71.4014939395146,41.8249749319554],[-71.4014800256747,41.8249758626788],[-71.401474985729,41.8249758862667],[-71.401470009331,41.8249752868738],[-71.4014652336782,41.824974080824],[-71.401460789923,41.8249723015423],[-71.4014584316048,41.8249709021921],[-71.4014564095339,41.8249692330283],[-71.4014547778051,41.8249673409151],[-71.4014535808807,41.8249652745091],[-71.4014528499715,41.8249630896579],[-71.4014526054506,41.8249608449013],[-71.4014887785025,41.8249581334932],[-71.401483202787,41.8249189756388]]]},"properties":{"FID":233,"Layer":"C-GREENS-2","Shape_Leng":104.765718683,"Shape__Area":540.14699554443359,"Shape__Length":104.71968368883276,"GreenSpaceName":null}},{"type":"Feature","id":234,"geometry":{"type":"Polygon","coordinates":[[[-71.4010241291758,41.8245441279149],[-71.4010245101498,41.8245468607744],[-71.4010091322901,41.8245480584806],[-71.4010115193899,41.8245651408833],[-71.4009876810253,41.824566936324],[-71.4009959000511,41.8246262001693],[-71.400990628428,41.8246266097821],[-71.4009823022005,41.824567396263],[-71.4009808164552,41.8245559264545],[-71.4009929520432,41.8245466012916],[-71.4010131120233,41.8245447288522],[-71.4010135469897,41.824545229816],[-71.4010241291758,41.8245441279149]]]},"properties":{"FID":234,"Layer":"C-GREENS-2","Shape_Leng":80.4652017169,"Shape__Area":88.247055053710938,"Shape__Length":80.46520172858024,"GreenSpaceName":null}},{"type":"Feature","id":235,"geometry":{"type":"Polygon","coordinates":[[[-71.4009091944837,41.8246501509747],[-71.4009171105811,41.8247145780119],[-71.4010005002502,41.8247084645751],[-71.4010090884853,41.8247570191951],[-71.401089027646,41.8247513934057],[-71.4011589388879,41.8247464729021],[-71.4012027823822,41.8247433873399],[-71.4012343973667,41.8247411627767],[-71.401237162124,41.8247592700854],[-71.401254694147,41.8247584019241],[-71.4012602289866,41.8247958608145],[-71.4012678384748,41.8248524753147],[-71.4012419598907,41.8248541700171],[-71.4012423056462,41.8248571126246],[-71.4012119734757,41.8248595165604],[-71.4012078090625,41.8248420319831],[-71.4011998903711,41.8248252887576],[-71.4011884285671,41.8248097345336],[-71.4011737287496,41.8247957873302],[-71.4011561863663,41.8247838184264],[-71.4011362691614,41.8247741496447],[-71.401114512385,41.8247670380415],[-71.401091495924,41.8247626749872],[-71.4010678358909,41.8247611771553],[-71.4009620471847,41.8247676278662],[-71.4009566345103,41.8247681715064],[-71.400951173282,41.8247681974091],[-71.4009525238911,41.8247611309068],[-71.4009461202362,41.8247603303852],[-71.4009399995098,41.824758710798],[-71.4009343458002,41.8247563227232],[-71.4009293323306,41.8247532374369],[-71.4009229477203,41.8247478920154],[-71.4009175606727,41.8247419640339],[-71.4009132637142,41.824735556211],[-71.4009093947773,41.8247286895838],[-71.4009000853754,41.8246592077373],[-71.4009000032629,41.8246578157412],[-71.4009002413185,41.8246564339251],[-71.4009007922561,41.8246551036982],[-71.4009016403692,41.8246538628614],[-71.4009027603206,41.8246527501073],[-71.4009041183582,41.8246517969187],[-71.4009056747155,41.8246510320721],[-71.4009073836174,41.8246504780367],[-71.4009091944837,41.8246501509747]]]},"properties":{"FID":235,"Layer":"C-GREENS-2","Shape_Leng":328.797894086,"Shape__Area":1614.1409301757813,"Shape__Length":328.71040106239104,"GreenSpaceName":null}},{"type":"Feature","id":236,"geometry":{"type":"Polygon","coordinates":[[[-71.4011592872742,41.8249355409413],[-71.4011457034045,41.8248377712669],[-71.4010158421566,41.8248478647913],[-71.4010150352431,41.8248426754382],[-71.4010093418248,41.8248011981835],[-71.4010092358314,41.8247988977242],[-71.4010096461972,41.8247966157166],[-71.4010105607841,41.8247944178751],[-71.4010119530161,41.8247923653999],[-71.4010137842877,41.8247905149792],[-71.4010160039601,41.8247889205895],[-71.4010185481708,41.8247876253923],[-71.4010213458447,41.82478666624],[-71.4010243186983,41.8247860709759],[-71.4010588810858,41.8247833808238],[-71.4010765936595,41.8247833033436],[-71.4010941104919,41.8247852721642],[-71.401111010362,41.8247892401056],[-71.4011268889736,41.8247951122843],[-71.4011413649728,41.8248027470193],[-71.4011540919757,41.824811961244],[-71.4011647645808,41.8248225350134],[-71.4011731279936,41.824834214213],[-71.4011811302211,41.8248545552697],[-71.4011846981509,41.8248755902747],[-71.4011875994874,41.8248964590436],[-71.4011926044864,41.824932471535],[-71.4011668799398,41.8249349505489],[-71.4011592872742,41.8249355409413]]]},"properties":{"FID":236,"Layer":"C-GREENS-2","Shape_Leng":189.652991294,"Shape__Area":1097.8012008666992,"Shape__Length":189.58885611469302,"GreenSpaceName":null}},{"type":"Feature","id":237,"geometry":{"type":"Polygon","coordinates":[[[-71.4009171039075,41.8248555378947],[-71.4006697477757,41.8248751335466],[-71.4006688867651,41.8248699171341],[-71.4006623626344,41.8248208978987],[-71.4007488595162,41.8248138122637],[-71.4007511316564,41.8248273526352],[-71.4007433984143,41.8248277826182],[-71.4007442201904,41.8248334662726],[-71.4007519534345,41.8248330353892],[-71.4007533101061,41.8248353090188],[-71.4007538929291,41.8248351591656],[-71.4007545021167,41.8248350849637],[-71.4007551184041,41.8248350899978],[-71.4007557249424,41.8248351724528],[-71.400756303676,41.8248353323129],[-71.4007568377643,41.8248355623609],[-71.4007573115674,41.8248358571813],[-71.4007577106536,41.8248362086586],[-71.4007580254112,41.82483660508],[-71.4007582450238,41.8248370356321],[-71.4007583622871,41.8248374886043],[-71.4007583760196,41.8248379495901],[-71.4007582850373,41.8248384059838],[-71.4007580905659,41.8248388433809],[-71.4007577998457,41.8248392500833],[-71.4007656579466,41.8248413708695],[-71.4007654108686,41.8248454753048],[-71.4007758058048,41.8248471850259],[-71.4007864350224,41.8248476209677],[-71.4007970180768,41.8248467711836],[-71.4008072792865,41.8248446570436],[-71.4008169525458,41.8248413350394],[-71.4008147898881,41.824837179905],[-71.4008209282269,41.8248344094576],[-71.4008207318747,41.8248337259302],[-71.4008206823975,41.8248330272239],[-71.4008207821735,41.8248323322478],[-71.400821028769,41.8248316581062],[-71.4008214161404,41.8248310210001],[-71.4008219322229,41.8248304389259],[-71.4008225673674,41.82482992448],[-71.4008233022913,41.8248294929514],[-71.4008241201273,41.8248291542294],[-71.4008249991964,41.8248289163983],[-71.4008259178208,41.8248287866421],[-71.4008257249207,41.8248274260623],[-71.4008334581636,41.8248269951734],[-71.4008326363797,41.8248213115196],[-71.4008249031376,41.8248217424085],[-71.4008238052438,41.8248085586864],[-71.4008990953729,41.8248024239249],[-71.4009003524126,41.8248021801169],[-71.4009016465158,41.8248020993024],[-71.4009029391598,41.8248021841491],[-71.4009041954429,41.8248024310256],[-71.4009053768552,41.8248028344966],[-71.4009064497123,41.8248033819283],[-71.4009073815382,41.8248040579869],[-71.4009081482907,41.8248048419439],[-71.4009087247254,41.8248057121693],[-71.4009090964382,41.8248066425409],[-71.400909888248,41.8248091308626],[-71.4009141882252,41.8248370054881],[-71.4009162428784,41.8248503205837],[-71.4009171039075,41.8248555378947]]]},"properties":{"FID":237,"Layer":"C-GREENS-2","Shape_Leng":204.540056164,"Shape__Area":1097.9092483520508,"Shape__Length":204.5138530636078,"GreenSpaceName":null}},{"type":"Feature","id":238,"geometry":{"type":"Polygon","coordinates":[[[-71.4015700021402,41.8251741928089],[-71.4016087963991,41.8251710766556],[-71.4016809593898,41.8251658957645],[-71.4016919525493,41.825168454935],[-71.4017023010728,41.825172228111],[-71.4017049651741,41.8251736088107],[-71.401707314666,41.8251752782501],[-71.4017092978513,41.8251771958699],[-71.4017108642417,41.8251793175101],[-71.4017119802091,41.8251815936232],[-71.4017126181509,41.8251839701655],[-71.401713826211,41.8251921435822],[-71.4016892433801,41.8251941753207],[-71.401693591175,41.8252193561399],[-71.4017170727747,41.825217224421],[-71.4017175617127,41.8252210080666],[-71.4017098895185,41.8252216344409],[-71.4017108837539,41.8252287362705],[-71.401669095554,41.8252320398671],[-71.4016475935065,41.8252337393074],[-71.4016480132708,41.8252465397957],[-71.4016207172631,41.8252493533923],[-71.4016068414583,41.8252505623685],[-71.4015794053344,41.8252521189611],[-71.401577468249,41.8252389642394],[-71.4015523432794,41.8252412880944],[-71.4015220718459,41.8252432212863],[-71.4015217701133,41.8252406046406],[-71.4015323103881,41.8252402148257],[-71.4015471674427,41.8252113563682],[-71.4015630279192,41.8251804387914],[-71.4015642284645,41.8251785743164],[-71.4015658211546,41.8251768821423],[-71.4015677625858,41.8251754081491],[-71.4015700021402,41.8251741928089]]]},"properties":{"FID":238,"Layer":"C-GREENS-2","Shape_Leng":164.53098015,"Shape__Area":1086.9695892333984,"Shape__Length":164.5163537071748,"GreenSpaceName":null}},{"type":"Feature","id":239,"geometry":{"type":"Polygon","coordinates":[[[-71.4007245826355,41.8247394169218],[-71.4007219561948,41.8247354999748],[-71.400720081225,41.8247313486885],[-71.4007189937145,41.824727042324],[-71.4007187139953,41.8247226655308],[-71.4007341772088,41.8246888378245],[-71.4007534640324,41.82465612804],[-71.4007852184883,41.8246079845929],[-71.4008163106251,41.8245646753892],[-71.4008183931814,41.8245622309642],[-71.4008209411658,41.8245600471392],[-71.4008238943214,41.8245581706798],[-71.4008271887857,41.8245566447471],[-71.4008307510806,41.8245555034907],[-71.400833620352,41.8245549441556],[-71.4008365685616,41.8245547126124],[-71.4008395307042,41.8245548124061],[-71.4008424393746,41.8245552425783],[-71.4008452295883,41.8245559931691],[-71.4008478387799,41.8245570470181],[-71.4008570012715,41.8245562959399],[-71.4008779731675,41.8247147945419],[-71.4008781132063,41.8247231138019],[-71.4008763467457,41.824731328778],[-71.4008727271242,41.8247391955242],[-71.4008673582146,41.8247464836429],[-71.4008604016481,41.8247529753912],[-71.40085517928,41.8247565614388],[-71.4008493691486,41.824759598672],[-71.4008430724467,41.8247620340579],[-71.4008344287736,41.8247643107583],[-71.4008254494732,41.8247656742239],[-71.4008163031037,41.8247660984901],[-71.4008071666219,41.8247655756068],[-71.4007748437231,41.8247600763267],[-71.4007529148359,41.8247537613071],[-71.4007322807588,41.8247453514112],[-71.400729307788,41.8247436841139],[-71.4007267205057,41.8247416903265],[-71.4007245826355,41.8247394169218]]]},"properties":{"FID":239,"Layer":"C-GREENS-2","Shape_Leng":196.503317205,"Shape__Area":2207.6898956298828,"Shape__Length":196.42765094596643,"GreenSpaceName":null}},{"type":"Feature","id":240,"geometry":{"type":"Polygon","coordinates":[[[-71.4006589428346,41.8244744207978],[-71.400661616215,41.8244744375151],[-71.4006642445215,41.8244748017246],[-71.4006667483301,41.8244755007527],[-71.4007225759637,41.8244924709007],[-71.40078773021,41.8245131125596],[-71.4008024547155,41.8245211067878],[-71.4007995085832,41.8245394891817],[-71.4007931543347,41.824557383349],[-71.4007835164927,41.8245744364636],[-71.4007506219278,41.8246235035744],[-71.4007194080469,41.8246660968845],[-71.4007178508259,41.8246689775261],[-71.4007156512089,41.8246716127201],[-71.4007128767239,41.8246739241952],[-71.4007096081271,41.8246758417947],[-71.4007059466181,41.8246773079843],[-71.4007020005979,41.824678278741],[-71.4006978892798,41.8246787235562],[-71.4006937378664,41.8246786308338],[-71.4006896703359,41.8246780024816],[-71.4006858094364,41.8246768575128],[-71.4006822706698,41.8246752302404],[-71.4006791610888,41.8246731702756],[-71.4006765756908,41.8246707389235],[-71.4006745913996,41.8246680091784],[-71.4006732670671,41.8246650648226],[-71.4006726434837,41.8246619932246],[-71.4006582503622,41.824565756067],[-71.4006463072335,41.8244809193265],[-71.4006476640538,41.8244791963493],[-71.4006493997243,41.8244776762763],[-71.4006514612129,41.8244764040784],[-71.4006537870699,41.8244754193175],[-71.4006563074353,41.8244747516444],[-71.4006589428346,41.8244744207978]]]},"properties":{"FID":240,"Layer":"C-GREENS-2","Shape_Leng":189.704038422,"Shape__Area":1973.4138031005859,"Shape__Length":189.65567983202527,"GreenSpaceName":null}},{"type":"Feature","id":241,"geometry":{"type":"Polygon","coordinates":[[[-71.4008744292632,41.8244667604857],[-71.4008724906519,41.8244383152785],[-71.4008722716977,41.8244351170827],[-71.4008727376223,41.8244319338833],[-71.40087387506,41.8244288466994],[-71.4008756562036,41.8244259347368],[-71.4008780351974,41.8244232726842],[-71.4008809505489,41.8244209280139],[-71.40088432874,41.8244189609854],[-71.4008880830269,41.8244174219425],[-71.4008921170548,41.824416349517],[-71.4008963284653,41.8244157724312],[-71.4009787911416,41.8244095051522],[-71.4010332906412,41.8244064666539],[-71.4010437666315,41.8244063073153],[-71.401054128638,41.8244074731777],[-71.4010640794007,41.8244099306726],[-71.4010733325509,41.8244136084266],[-71.4010816222324,41.8244184026719],[-71.4010887115315,41.8244241745523],[-71.401094397279,41.8244307582307],[-71.4010985148584,41.8244379653945],[-71.4011009265815,41.8244460993398],[-71.4011014855324,41.8244544198609],[-71.4011001776262,41.8244626928574],[-71.4010970381255,41.8244706869723],[-71.4010921576556,41.8244781753978],[-71.4010856701505,41.8244849475696],[-71.4010777612709,41.8244908136755],[-71.4010686527515,41.8244956082437],[-71.4010586011858,41.8244991973443],[-71.4010478883979,41.8245014776808],[-71.4009135775792,41.8245124639957],[-71.4009088918821,41.8245130568791],[-71.4009041408924,41.8245130590831],[-71.4008994546105,41.8245124698195],[-71.400894964213,41.8245113063079],[-71.4008907948354,41.8245096001683],[-71.4008870631612,41.8245074001196],[-71.400883872615,41.8245047665739],[-71.4008813121578,41.8245017725356],[-71.4008794514744,41.8244985017963],[-71.400878344591,41.8244950453372],[-71.4008744292632,41.8244667604857]]]},"properties":{"FID":241,"Layer":"C-GREENS-2","Shape_Leng":172.974099115,"Shape__Area":2027.472412109375,"Shape__Length":172.88346271288634,"GreenSpaceName":null}},{"type":"Feature","id":242,"geometry":{"type":"Polygon","coordinates":[[[-71.4007856907373,41.8244946664376],[-71.4007227543307,41.8244751854316],[-71.4006515763502,41.8244533140641],[-71.4006489370668,41.8244522646863],[-71.4006465425786,41.8244509274115],[-71.4006444457992,41.8244493337972],[-71.4006426972268,41.8244475208012],[-71.4006413365177,41.8244455307737],[-71.400640396102,41.8244434087598],[-71.400639896366,41.8244412042957],[-71.4006342736358,41.8244055693856],[-71.4006281659654,41.824362057883],[-71.4006278187475,41.8243593025429],[-71.4006280866254,41.8243565414325],[-71.4006289658669,41.8243538528781],[-71.4006304286743,41.8243513097833],[-71.4006324352144,41.8243489841406],[-71.4006349312208,41.8243469407277],[-71.4006378455895,41.824345235304],[-71.400641098803,41.8243439155188],[-71.400644599324,41.8243430182066],[-71.4006482508195,41.8243425675936],[-71.4006519509537,41.8243425779964],[-71.4006555986208,41.8243430466267],[-71.4006590903202,41.8243439625909],[-71.4006757440467,41.8243513354689],[-71.4006905627625,41.8243606460899],[-71.4007632055063,41.824419183236],[-71.4007760797227,41.8244311967868],[-71.4007864988628,41.8244444749938],[-71.4007942454867,41.8244587394648],[-71.4007991551469,41.8244736920461],[-71.4008011260142,41.824489017531],[-71.4007999248647,41.8244904876489],[-71.400798421841,41.8244917936443],[-71.4007966579215,41.8244929013396],[-71.4007946776873,41.8244937819625],[-71.4007925329348,41.8244944112484],[-71.4007902802626,41.8244947730401],[-71.4007879798679,41.8244948592867],[-71.4007856907373,41.8244946664376]]]},"properties":{"FID":242,"Layer":"C-GREENS-2","Shape_Leng":160.163835224,"Shape__Area":1422.6801376342773,"Shape__Length":160.10102825735387,"GreenSpaceName":null}},{"type":"Feature","id":243,"geometry":{"type":"Polygon","coordinates":[[[-71.4006099701894,41.8242364555429],[-71.4006099065108,41.8242363798592],[-71.4006166072435,41.8242357383123],[-71.4006087426264,41.824209862044],[-71.4006076117521,41.8242040295646],[-71.4006077291985,41.8241981360418],[-71.4006090935305,41.8241923309307],[-71.4006116708177,41.8241867609575],[-71.4006153934359,41.8241815665165],[-71.4006201684977,41.8241768789768],[-71.4006258766571,41.8241728152793],[-71.4006323733099,41.8241694797382],[-71.4006464901544,41.8241640430921],[-71.4006612217287,41.8241596135558],[-71.4007457089218,41.8241532050405],[-71.4007590661747,41.8241571555676],[-71.4007713629151,41.8241627068816],[-71.4007822599387,41.8241697065325],[-71.4008098739167,41.8241906695831],[-71.4008259908925,41.8243173126915],[-71.4008367605663,41.8243873666241],[-71.400836326485,41.8243901942166],[-71.4008353039303,41.8243929357689],[-71.4008337206914,41.8243955237794],[-71.4008316141813,41.8243978943562],[-71.4008290362503,41.8243999881217],[-71.400826051977,41.8244017538127],[-71.4008227348533,41.8244031482762],[-71.4008139133034,41.824404501073],[-71.4008049152631,41.8244047805118],[-71.4007959742602,41.8244039795913],[-71.4007873189662,41.8244021183166],[-71.4007791743966,41.8243992455006],[-71.4007717486779,41.8243954342504],[-71.400739858328,41.8243757549822],[-71.4007121956532,41.8243527733116],[-71.4006099701894,41.8242364555429]]]},"properties":{"FID":243,"Layer":"C-GREENS-2","Shape_Leng":250.38082473,"Shape__Area":3766.6066741943359,"Shape__Length":250.29800773965269,"GreenSpaceName":null}},{"type":"Feature","id":244,"geometry":{"type":"Polygon","coordinates":[[[-71.4004679642846,41.8249122131435],[-71.4004690289056,41.8249196319648],[-71.4004401484764,41.8249219496217],[-71.4004386876123,41.824917009092],[-71.4003722798672,41.8249220861537],[-71.400370051722,41.824922144544],[-71.4003678420707,41.8249219202436],[-71.4003657146996,41.8249214196103],[-71.4003637309738,41.824920658003],[-71.4003619486388,41.8249196561796],[-71.4003604170005,41.8249184438942],[-71.4003591829501,41.8249170554003],[-71.4003582789262,41.824915530341],[-71.4003542468922,41.8248842373377],[-71.4003452063731,41.8248062942888],[-71.4003975785795,41.8248029436296],[-71.4003980319034,41.8248063545096],[-71.4004052200675,41.8248057962289],[-71.4004083413347,41.8248282768165],[-71.4004092393425,41.8248740760756],[-71.4004187722948,41.8248743148269],[-71.4004281119896,41.8248757598652],[-71.400436990069,41.8248783677415],[-71.4004451490572,41.8248820635046],[-71.4004523507864,41.8248867407082],[-71.4004583884293,41.8248922641223],[-71.4004630864949,41.8248984724342],[-71.4004663104447,41.8249051872602],[-71.4004679642846,41.8249122131435]]]},"properties":{"FID":244,"Layer":"C-GREENS-2","Shape_Leng":141.405504715,"Shape__Area":868.08592224121094,"Shape__Length":141.37135165817645,"GreenSpaceName":null}},{"type":"Feature","id":245,"geometry":{"type":"Polygon","coordinates":[[[-71.4006366538401,41.8247119930787],[-71.4006254368393,41.8246401983876],[-71.4005312018949,41.8246470953611],[-71.4005284548411,41.824624680825],[-71.4005260786641,41.8246052890505],[-71.4005096873127,41.8246064579016],[-71.4005060919358,41.8245861989439],[-71.400501964651,41.8245549751876],[-71.4005191850257,41.8245540069309],[-71.4005153581652,41.824518437495],[-71.4005140042205,41.8245058585759],[-71.4005222552826,41.8245052552911],[-71.4005214870558,41.8244992079439],[-71.4005736215714,41.8244952753789],[-71.4005900999283,41.8244938680039],[-71.4005944288407,41.824493593545],[-71.4005987605509,41.8244938448868],[-71.4006029819216,41.824494615629],[-71.40060698104,41.8244958858674],[-71.4006106532349,41.8244976230991],[-71.4006139022847,41.8244997795229],[-71.4006166440144,41.8245023010456],[-71.4006188063069,41.8245051200795],[-71.4006203302936,41.824508163646],[-71.4006211787856,41.8245113506825],[-71.4006336734199,41.8245936966621],[-71.4006497593549,41.8247028839725],[-71.4006493066599,41.8247045086942],[-71.4006485170421,41.824706060197],[-71.4006474122282,41.824707499785],[-71.4006460175528,41.8247087905663],[-71.4006443691741,41.8247099019605],[-71.4006425080624,41.8247108051922],[-71.4006404799916,41.8247114786928],[-71.4006366538401,41.8247119930787]]]},"properties":{"FID":245,"Layer":"C-GREENS-2","Shape_Leng":223.780179507,"Shape__Area":1760.7923126220703,"Shape__Length":223.76270325549734,"GreenSpaceName":null}},{"type":"Feature","id":246,"geometry":{"type":"Polygon","coordinates":[[[-71.4004713831966,41.8249360525995],[-71.4004850077044,41.8250310268322],[-71.4004773439637,41.8250316423275],[-71.4004757791789,41.8250207396588],[-71.4004653826574,41.825021594977],[-71.4004669438614,41.8250324769349],[-71.4004593980986,41.8250330826275],[-71.4004657716823,41.8250774064707],[-71.4003755349611,41.8250826411517],[-71.4003593639443,41.8249571440828],[-71.4003605655872,41.8249553678546],[-71.400362112451,41.8249537476845],[-71.4003639695685,41.8249523222569],[-71.4003660923551,41.8249511221446],[-71.4003684350255,41.8249501761187],[-71.4003709409708,41.8249495066388],[-71.4003735535947,41.824949128061],[-71.4004430599699,41.8249431002243],[-71.4004423667237,41.8249383818435],[-71.4004713831966,41.8249360525995]]]},"properties":{"FID":246,"Layer":"C-GREENS-2","Shape_Leng":170.506104447,"Shape__Area":1423.6327285766602,"Shape__Length":170.50122635790555,"GreenSpaceName":null}},{"type":"Feature","id":247,"geometry":{"type":"Polygon","coordinates":[[[-71.4005295766745,41.8253417330363],[-71.4005044611928,41.8253440980859],[-71.4005049192035,41.8253468202094],[-71.400410149838,41.8253545764439],[-71.4004013775238,41.8252906717341],[-71.4003926840033,41.8252233151889],[-71.4004054869993,41.8252223134078],[-71.4004142225634,41.8252874038335],[-71.4004950292565,41.8252809040801],[-71.4004949792375,41.825280557406],[-71.4005205082742,41.8252785132375],[-71.4005213656848,41.8252844958367],[-71.4005098772532,41.8252854177387],[-71.4005111062184,41.8252939855348],[-71.4005225946515,41.8252930636327],[-71.4005229435795,41.8252954921508],[-71.400511455146,41.825296414053],[-71.4005126841116,41.8253049818491],[-71.4005241725467,41.8253040599468],[-71.4005247632133,41.8253081777115],[-71.4005132747775,41.8253090996139],[-71.4005145037436,41.8253176674099],[-71.4005259921809,41.8253167455074],[-71.4005295766745,41.8253417330363]]]},"properties":{"FID":247,"Layer":"C-GREENS-2","Shape_Leng":180.640426744,"Shape__Area":842.26492309570313,"Shape__Length":180.64042672072898,"GreenSpaceName":null}},{"type":"Feature","id":248,"geometry":{"type":"Polygon","coordinates":[[[-71.4005323752031,41.8253612404175],[-71.400537907945,41.825399815758],[-71.4006990467739,41.8253863843477],[-71.4007017156779,41.8254056827337],[-71.401031385939,41.8253799186092],[-71.4010288537731,41.8253608715432],[-71.4011736377591,41.825349670822],[-71.4011813963421,41.8254063853884],[-71.4011151440455,41.8254118438565],[-71.4010371809484,41.825417999865],[-71.4009370418738,41.8254256951866],[-71.4007829971985,41.8254378788851],[-71.400609682003,41.8254517608523],[-71.4004629135604,41.8254632256434],[-71.4004421965359,41.8254515149795],[-71.4004195501575,41.8254420120729],[-71.4004118481105,41.8253678876371],[-71.4005068606337,41.8253601388144],[-71.4005071777925,41.8253628725203],[-71.4005323752031,41.8253612404175]]]},"properties":{"FID":248,"Layer":"C-GREENS-2","Shape_Leng":495.289885189,"Shape__Area":4162.1377944946289,"Shape__Length":495.27897344778404,"GreenSpaceName":null}},{"type":"Feature","id":249,"geometry":{"type":"Polygon","coordinates":[[[-71.4013430798481,41.8253736682683],[-71.401589291445,41.8253542790669],[-71.4015875130691,41.8253412388247],[-71.4016664632349,41.825334970745],[-71.4016682416266,41.825348010986],[-71.4018169060278,41.825336159129],[-71.4018151276076,41.8253231179899],[-71.4018933769478,41.8253169950103],[-71.4018951553851,41.8253300352479],[-71.4021427645802,41.8253103678485],[-71.40214259564,41.8253090631124],[-71.4022152410009,41.8253033736049],[-71.402213653562,41.8252921306127],[-71.4022679672188,41.8252874815637],[-71.4022683756656,41.825290391809],[-71.4022910804931,41.825288514108],[-71.4022936313997,41.8253057712871],[-71.4023942939512,41.8252979365751],[-71.4023919816642,41.8252812666224],[-71.4024170701296,41.8252791919468],[-71.402402921935,41.8251783887028],[-71.4024385209087,41.8251756720063],[-71.4024401648276,41.8251885869744],[-71.4025007450478,41.8251838305946],[-71.4025021710528,41.8251944017927],[-71.4025273879864,41.8251925189744],[-71.4025259488827,41.8251818514292],[-71.4025859536503,41.8251771395332],[-71.4025701973558,41.8250689962755],[-71.4025784690421,41.8250683217338],[-71.4026117650923,41.8250665087721],[-71.4026134992811,41.8251398204009],[-71.4026152275777,41.8252122568936],[-71.4025329315685,41.8252191710312],[-71.4024597001361,41.8252248530394],[-71.4024703297976,41.8253027765582],[-71.402365946489,41.8253106702979],[-71.4021753652092,41.8253258301382],[-71.401974838085,41.8253414448504],[-71.4017556893762,41.825358681906],[-71.401577967717,41.8253726281909],[-71.4014792442807,41.8253803639127],[-71.4013465050011,41.8253913169664],[-71.4013430798481,41.8253736682683]]]},"properties":{"FID":249,"Layer":"C-GREENS-2","Shape_Leng":920.84341366,"Shape__Area":3714.4143829345703,"Shape__Length":920.84341368388868,"GreenSpaceName":null}},{"type":"Feature","id":250,"geometry":{"type":"Polygon","coordinates":[[[-71.4024494902133,41.8248133225042],[-71.4024334465675,41.8248145873611],[-71.4023840106546,41.8248184870496],[-71.402385292192,41.8248314332232],[-71.4023588315895,41.8248327756499],[-71.4023550448038,41.8248073846515],[-71.4023492311737,41.824768404903],[-71.4023465620715,41.8247505128835],[-71.4023440073753,41.8247333781469],[-71.4023200080548,41.8247349333365],[-71.4023176417206,41.824717418816],[-71.402209908941,41.8247272281907],[-71.4022116200805,41.8247433925463],[-71.4021872811052,41.8247458729683],[-71.4021935052704,41.8247863206284],[-71.4021407056069,41.8247906261024],[-71.4021609500751,41.8249356970787],[-71.4021826407509,41.8249341552623],[-71.4021826616772,41.8249362233604],[-71.402182202369,41.824938263139],[-71.4021812785674,41.8249402133885],[-71.4021799168457,41.8249420138087],[-71.4021781582119,41.8249436104141],[-71.4021760569067,41.8249449546325],[-71.4021736767866,41.8249460069034],[-71.4021710877156,41.824946734874],[-71.4021683691724,41.8249471161035],[-71.4021656042289,41.8249471398586],[-71.4021628747396,41.8249468044082],[-71.4021602649473,41.8249461206282],[-71.4021578530625,41.8249451083928],[-71.4021557112594,41.8249437992753],[-71.4021539056813,41.8249422329469],[-71.4021524904235,41.8249404562715],[-71.4021515075346,41.8249385224049],[-71.4021362473469,41.8248434254285],[-71.4021226256649,41.8247386962094],[-71.402119544519,41.8247179335504],[-71.4021200239127,41.8247137707879],[-71.4021214347874,41.824709727664],[-71.4021237360403,41.8247059202873],[-71.4021268613019,41.8247024575424],[-71.4021303176649,41.8246997297568],[-71.4021342717345,41.8246974120497],[-71.4021386379743,41.8246955529665],[-71.402143321229,41.8246941938418],[-71.4021482215481,41.8246933634012],[-71.4022193016287,41.8246914818944],[-71.4022545374346,41.8246899461912],[-71.4023134964274,41.8246990420579],[-71.4023710855366,41.824712159448],[-71.4023884387718,41.8247180345064],[-71.4024042481267,41.8247259826332],[-71.4024180745887,41.8247357819726],[-71.4024295345871,41.824747162998],[-71.4024383108273,41.8247598076206],[-71.4024441606901,41.8247733672034],[-71.4024469198397,41.8247874643651],[-71.4024484671888,41.8248061054125],[-71.4024494902133,41.8248133225042]]]},"properties":{"FID":250,"Layer":"C-GREENS-2","Shape_Leng":424.226791151,"Shape__Area":2207.0039520263672,"Shape__Length":424.1434417471811,"GreenSpaceName":null}},{"type":"Feature","id":251,"geometry":{"type":"Polygon","coordinates":[[[-71.4009904319145,41.8243814732031],[-71.4009905051841,41.8243823555992],[-71.4009903858671,41.8243832351283],[-71.4009900776109,41.8243840883848],[-71.4009895876721,41.8243848928662],[-71.4009889293233,41.8243856278764],[-71.4009881194495,41.8243862718217],[-71.4009871809443,41.8243868094159],[-71.4009861391075,41.8243872262756],[-71.400985019236,41.8243875098177],[-71.4009268250074,41.8243917236515],[-71.4009112163829,41.8243888173968],[-71.4008964278874,41.8243840823572],[-71.4008828421071,41.8243776413091],[-71.4008708066568,41.824369658415],[-71.4008606317709,41.8243603401206],[-71.4008572493323,41.8243354112942],[-71.4008523333047,41.8242964952655],[-71.4008531093371,41.8242951607313],[-71.4008541752768,41.8242939443919],[-71.4008554997778,41.8242928786324],[-71.400857046678,41.8242919967342],[-71.4008587702012,41.8242913220665],[-71.4008606209654,41.8242908743942],[-71.4008625459876,41.8242906671767],[-71.4008663733847,41.8243182010702],[-71.4009286949275,41.8243132597508],[-71.4009392196321,41.8243861306258],[-71.4009904319145,41.8243814732031]]]},"properties":{"FID":251,"Layer":"C-GREENS-2","Shape_Leng":135.813475776,"Shape__Area":548.4498291015625,"Shape__Length":135.78229186622147,"GreenSpaceName":null}},{"type":"Feature","id":252,"geometry":{"type":"Polygon","coordinates":[[[-71.4009995102854,41.8243688942771],[-71.4010921080493,41.8243610204414],[-71.4010900491173,41.8243449971219],[-71.4011132410217,41.8243431966017],[-71.4011068837712,41.824292708176],[-71.4011005253283,41.8242422188482],[-71.4011875736675,41.824235269308],[-71.4012546250361,41.8242299168234],[-71.4012563827681,41.8242422277803],[-71.401320801264,41.8242379218898],[-71.4013227393059,41.8242519679553],[-71.4013254780822,41.8242736720987],[-71.4013245293859,41.8242761463179],[-71.4013230633242,41.8242784760383],[-71.4013211209152,41.8242806009724],[-71.4013187479832,41.8242824662387],[-71.4013160083971,41.8242840241741],[-71.4013129720319,41.8242852352237],[-71.4013097147669,41.824286068841],[-71.4013063221001,41.8242865016907],[-71.4013028807111,41.8242865248438],[-71.4012633895573,41.8242915184042],[-71.4012256024575,41.8243014499795],[-71.4011906164085,41.8243160324061],[-71.4011594431568,41.824334842497],[-71.4011329887147,41.8243573354292],[-71.4011239019001,41.8243644673027],[-71.4011134482374,41.8243704599694],[-71.4011018807224,41.8243751704926],[-71.4010894775855,41.8243784838681],[-71.4010765374649,41.8243803211229],[-71.4010087716323,41.8243859997111],[-71.4010071942098,41.8243855977005],[-71.4010057157604,41.824385020209],[-71.4010043735779,41.8243842807737],[-71.4010031977281,41.824383396527],[-71.4010022170663,41.824382389102],[-71.4010014520207,41.8243812810247],[-71.4010009218086,41.824380099322],[-71.4010006396305,41.824378870115],[-71.4009995102854,41.8243688942771]]]},"properties":{"FID":252,"Layer":"C-GREENS-2","Shape_Leng":258.993644985,"Shape__Area":1874.576416015625,"Shape__Length":258.89678564425282,"GreenSpaceName":null}},{"type":"Feature","id":253,"geometry":{"type":"Polygon","coordinates":[[[-71.401349309305,41.8242497903457],[-71.4013474272199,41.8242361422789],[-71.4014161035939,41.8242315509824],[-71.4014094253251,41.8241877374164],[-71.4014013877849,41.8241300070305],[-71.4014002373101,41.8241204282279],[-71.4015071230964,41.8241121287551],[-71.4015018152017,41.8240686909099],[-71.4015397503547,41.8240657135951],[-71.4015411994239,41.8240658246786],[-71.4015426036795,41.824066116692],[-71.4015439210049,41.8240665814961],[-71.4015451153103,41.8240672055548],[-71.40154615292,41.8240679708327],[-71.4015470025713,41.8240688556946],[-71.4015476402278,41.8240698358109],[-71.4015587912661,41.8241452254197],[-71.4015714173258,41.8242352378089],[-71.4015707457027,41.8242407158012],[-71.4015688754467,41.824246035207],[-71.4015658573342,41.8242510511149],[-71.4015617734271,41.8242556258433],[-71.4015567370636,41.8242596343419],[-71.4015508856338,41.8242629659866],[-71.4015443793679,41.8242655299801],[-71.4015373977233,41.8242672562499],[-71.4015301297525,41.8242680972397],[-71.4014509498313,41.8242743290164],[-71.4013732257456,41.8242801775433],[-71.4013697089763,41.8242799062226],[-71.4013662915301,41.8242792307345],[-71.4013630540278,41.8242781682547],[-71.4013600758744,41.8242767440608],[-71.4013574268313,41.8242749924259],[-71.4013551730366,41.8242729557225],[-71.4013533661729,41.8242706835139],[-71.4013520518988,41.8242682289593],[-71.4013512602153,41.8242656515069],[-71.401349309305,41.8242497903457]]]},"properties":{"FID":253,"Layer":"C-GREENS-2","Shape_Leng":259.03990945,"Shape__Area":2874.7163848876953,"Shape__Length":259.00706398093109,"GreenSpaceName":null}},{"type":"Feature","id":254,"geometry":{"type":"Polygon","coordinates":[[[-71.4014992717442,41.8240522413207],[-71.4014944852119,41.8240165549475],[-71.4015024677736,41.8240159558637],[-71.4014995311566,41.8240000020245],[-71.4015222488922,41.8239972727646],[-71.4015111465332,41.8239160823023],[-71.4014891232867,41.8239172833785],[-71.4014871369908,41.8239025043969],[-71.4014815439999,41.8239029443682],[-71.4014767310246,41.8238633207844],[-71.4014873431757,41.823862223368],[-71.4015233411794,41.8238586573757],[-71.4015235353903,41.8238615269253],[-71.4015239964281,41.8238615093138],[-71.4015309174275,41.8239016938137],[-71.40154892515,41.8239005108961],[-71.4015552049986,41.8239459393245],[-71.4015615711174,41.8239908456291],[-71.4015487918937,41.8240087172275],[-71.401545784932,41.8240127463722],[-71.401543567165,41.8240170516972],[-71.4015421844626,41.82402154861],[-71.4015416622401,41.8240261470984],[-71.4015420126781,41.8240307535374],[-71.4015442555722,41.824043832896],[-71.4015444097428,41.8240445542004],[-71.4015444001984,41.8240452843678],[-71.4015442281731,41.8240460035919],[-71.401543897311,41.8240466902676],[-71.4015434184728,41.8240473263975],[-71.401542803723,41.824047893985],[-71.401542069938,41.8240483768386],[-71.4015412400099,41.8240487605724],[-71.4015403356188,41.8240490362015],[-71.4015393820573,41.824049193844],[-71.4015149927908,41.8240516569744],[-71.4014992717442,41.8240522413207]]]},"properties":{"FID":254,"Layer":"C-GREENS-2","Shape_Leng":185.64588246899999,"Shape__Area":857.41339111328125,"Shape__Length":185.6357740714196,"GreenSpaceName":null}},{"type":"Feature","id":255,"geometry":{"type":"Polygon","coordinates":[[[-71.4014773083428,41.8239005188213],[-71.40122946751,41.8239200180301],[-71.4012308556707,41.82392999679],[-71.4010839423712,41.8239432791398],[-71.4010832995884,41.8239378144236],[-71.4008276129193,41.8239572835005],[-71.4008288721085,41.82397045746],[-71.4007578643584,41.8239758765049],[-71.4007560588128,41.8239626363478],[-71.4006001138498,41.8239745165493],[-71.4006019169632,41.823987752205],[-71.4005306649806,41.8239930718607],[-71.4005288363242,41.8239800171501],[-71.4002722353712,41.8240004880777],[-71.4002743458464,41.8240134088864],[-71.4002616451565,41.8240145692018],[-71.4002622527516,41.8240193946506],[-71.4002530820673,41.8240200403346],[-71.4002639301956,41.8241003807751],[-71.4002861755741,41.8240988136883],[-71.4002890897075,41.8241166546509],[-71.4003118853949,41.8241149466834],[-71.4003172626422,41.8241581658607],[-71.4002666458621,41.8241615639252],[-71.400266561321,41.8241609705278],[-71.400265310458,41.8241611188982],[-71.4002423839911,41.8239896112622],[-71.4005239337095,41.8239613551619],[-71.4006554803489,41.8239476658912],[-71.4008063486142,41.8239323293278],[-71.4009744096424,41.8239150338434],[-71.4010965619633,41.8239025019089],[-71.4012367904041,41.8238881126801],[-71.4013595157955,41.8238754378045],[-71.4014730495777,41.8238637011717],[-71.4014773083428,41.8239005188213]]]},"properties":{"FID":255,"Layer":"C-GREENS-2","Shape_Leng":861.180937585,"Shape__Area":3907.1456298828125,"Shape__Length":861.18093759985709,"GreenSpaceName":null}},{"type":"Feature","id":256,"geometry":{"type":"Polygon","coordinates":[[[-71.4005683509513,41.8242538564067],[-71.4005642750125,41.8242260053682],[-71.4004770907638,41.8242320728856],[-71.400472801386,41.8241912837757],[-71.4004479458781,41.8241916214735],[-71.4004469879826,41.8241751471257],[-71.4004807229781,41.8241717784742],[-71.4004947701127,41.8241709479249],[-71.4005088121803,41.8241718352179],[-71.4005224736649,41.8241744184198],[-71.4005353923662,41.8241786269907],[-71.400547225404,41.8241843507924],[-71.4005576576482,41.8241914373951],[-71.4005664113407,41.8241996965871],[-71.4005732533017,41.8242089111849],[-71.400578003359,41.8242188343399],[-71.4005806095226,41.8242373962004],[-71.4005815493202,41.8242453614197],[-71.4005814126059,41.8242465902652],[-71.4005810123353,41.8242477855701],[-71.4005803569815,41.82424891673],[-71.4005794646486,41.8242499522488],[-71.4005783582456,41.8242508669369],[-71.4005770691103,41.8242516338109],[-71.40057562977,41.8242522348925],[-71.4005740799732,41.8242526531095],[-71.4005724594595,41.8242528767918],[-71.4005683509513,41.8242538564067]]]},"properties":{"FID":256,"Layer":"C-GREENS-2","Shape_Leng":120.589559147,"Shape__Area":570.71963500976563,"Shape__Length":120.54663196764761,"GreenSpaceName":null}},{"type":"Feature","id":257,"geometry":{"type":"Polygon","coordinates":[[[-71.4003229841725,41.824202147924],[-71.4003153495433,41.8242026824033],[-71.4003404275474,41.8243941992357],[-71.40035787187,41.8243931654727],[-71.4003647461889,41.8244467218449],[-71.4003472886084,41.8244477573982],[-71.4003625140525,41.824564273671],[-71.4003799716644,41.8245632381155],[-71.400387106004,41.8246168037137],[-71.4003692645801,41.8246177218932],[-71.4003935596802,41.8248004471042],[-71.4003485139271,41.8248033287381],[-71.4003371079882,41.8247138511837],[-71.4003257276559,41.8246257340625],[-71.400314284408,41.8245362933846],[-71.4003027735165,41.8244478016037],[-71.4002914722049,41.8243592415764],[-71.4002798988443,41.8242707110216],[-71.400268606679,41.8241848295082],[-71.4002698575425,41.8241846811377],[-71.4002697968167,41.8241842543239],[-71.4003201811785,41.8241801600938],[-71.4003229841725,41.824202147924]]]},"properties":{"FID":257,"Layer":"C-GREENS-2","Shape_Leng":501.31673316,"Shape__Area":2949.38582611084,"Shape__Length":501.3167331535696,"GreenSpaceName":null}},{"type":"Feature","id":258,"geometry":{"type":"Polygon","coordinates":[[[-71.402170349913,41.8245702922991],[-71.4021493160095,41.8245706264168],[-71.4021494446937,41.8245699089556],[-71.4021204472381,41.8245709646592],[-71.4021152991975,41.8245708531321],[-71.4021102351155,41.8245701483525],[-71.4021053777446,41.824568866631],[-71.4021030729077,41.8245679175094],[-71.4021010224825,41.8245666849975],[-71.4020992878013,41.8245652060615],[-71.4020979193506,41.8245635257616],[-71.4020969603881,41.8245616936532],[-71.4020964373099,41.82455976558],[-71.402096368085,41.8245577982786],[-71.4020944791308,41.824544598588],[-71.4020934868048,41.8245354322834],[-71.4020934738437,41.8245336685068],[-71.4020938147413,41.8245319230385],[-71.4020945022151,41.8245302354874],[-71.402095520558,41.8245286445546],[-71.4020968456426,41.8245271853328],[-71.4020989040924,41.8245255196579],[-71.4021012691097,41.824524100037],[-71.4021038876868,41.8245229561361],[-71.4021067032115,41.8245221131164],[-71.4021096542653,41.8245215907332],[-71.4021126758325,41.8245213997349],[-71.4021610236464,41.8245149611784],[-71.4021621198439,41.8245175757984],[-71.4021683453177,41.82451681131],[-71.4021693470138,41.8245435513539],[-71.402170349913,41.8245702922991]]]},"properties":{"FID":258,"Layer":"C-GREENS-2","Shape_Leng":75.1209455922,"Shape__Area":372.25016021728516,"Shape__Length":75.102864822292815,"GreenSpaceName":null}},{"type":"Feature","id":259,"geometry":{"type":"Polygon","coordinates":[[[-71.4022585871139,41.8245115788256],[-71.4022588614824,41.824522708159],[-71.4021810239224,41.8245238771696],[-71.4021781540094,41.824512213525],[-71.4022585871139,41.8245115788256]]]},"properties":{"FID":259,"Layer":"C-GREENS-2","Shape_Leng":51.522136725,"Shape__Area":89.715904235839844,"Shape__Length":51.52213672144147,"GreenSpaceName":null}},{"type":"Feature","id":260,"geometry":{"type":"Polygon","coordinates":[[[-71.4021584283868,41.8245039523143],[-71.4021158275289,41.8245092685415],[-71.4021110243116,41.8245095786671],[-71.4021062171503,41.8245093170734],[-71.4021015239948,41.8245084919639],[-71.4020970651872,41.8245071214481],[-71.4020929514111,41.8245052425342],[-71.4020882482882,41.8245022692051],[-71.4020841850706,41.824498808437],[-71.4020808507163,41.8244949359344],[-71.4020779615163,41.8244754033012],[-71.4021638047824,41.8244687067904],[-71.4021711798179,41.8244995479082],[-71.4021578138071,41.8245012462698],[-71.4021584283868,41.8245039523143]]]},"properties":{"FID":260,"Layer":"C-GREENS-2","Shape_Leng":70.1863261928,"Shape__Area":294.04856109619141,"Shape__Length":70.1748642369296,"GreenSpaceName":null}},{"type":"Feature","id":261,"geometry":{"type":"Polygon","coordinates":[[[-71.401931868642,41.8249245301977],[-71.4020282891166,41.8249172711026],[-71.4020210619537,41.824864456413],[-71.4020790799414,41.8248600149895],[-71.4020766072022,41.8248428551076],[-71.4020651854919,41.8247637235154],[-71.4020567880954,41.8247055273986],[-71.4020544832246,41.8246895912206],[-71.402049862929,41.8246575378871],[-71.4020642534997,41.8246565129654],[-71.4020617490504,41.8246388425629],[-71.402057236758,41.824607005403],[-71.4020681447773,41.824606140473],[-71.4020678108303,41.8246033239255],[-71.4020734950489,41.8246030874803],[-71.402082546244,41.8246690603886],[-71.4020932945631,41.824741427154],[-71.4021133835144,41.8248881555327],[-71.4021097832104,41.8248881749732],[-71.4021062387905,41.8248886473321],[-71.4021028525898,41.8248895591915],[-71.4020997185353,41.824890885422],[-71.4020969293697,41.8248925882883],[-71.4020945634101,41.8248946174382],[-71.4020926881518,41.8248969153076],[-71.4020913566549,41.8248994180174],[-71.4020906087541,41.824902051774],[-71.4020876105389,41.8249066553564],[-71.4020836933086,41.8249108557036],[-71.4020789523118,41.8249145502579],[-71.4020735020359,41.824917649983],[-71.4020674750035,41.8249200793635],[-71.4020470609368,41.8249298612554],[-71.4020380004748,41.8249323528722],[-71.4019451084206,41.8249393583904],[-71.4019432775487,41.8249393838378],[-71.4019414662822,41.8249391824163],[-71.4019397251683,41.824938759571],[-71.4019381011337,41.8249381270465],[-71.4019366398929,41.8249373019882],[-71.4019353811323,41.824936307839],[-71.4019343585144,41.8249351716376],[-71.4019336020835,41.8249339249217],[-71.401933132252,41.8249326010212],[-71.401931868642,41.8249245301977]]]},"properties":{"FID":261,"Layer":"C-GREENS-2","Shape_Leng":328.293140551,"Shape__Area":1321.2140808105469,"Shape__Length":328.26765243505128,"GreenSpaceName":null}},{"type":"Feature","id":262,"geometry":{"type":"Polygon","coordinates":[[[-71.4025284158684,41.8248068593372],[-71.4024746474397,41.824811027291],[-71.4024736637151,41.8248040866372],[-71.4024717992039,41.8247858288655],[-71.4024678459088,41.8247678115117],[-71.4024598108949,41.8247505703862],[-71.4024479329207,41.8247346197847],[-71.4024325663604,41.8247204335859],[-71.4024141667752,41.8247084344347],[-71.4023932837117,41.8246989802315],[-71.4023328646886,41.8246803350615],[-71.4022696714278,41.8246678566274],[-71.402220690548,41.8246694274538],[-71.4021467009987,41.8246714100222],[-71.4021415958676,41.8246715713359],[-71.4021365144747,41.8246711627544],[-71.4021315711588,41.8246701924784],[-71.4021268766272,41.8246686822103],[-71.4021225355497,41.8246666662522],[-71.4021186935434,41.8246641645358],[-71.4021154034489,41.8246612572362],[-71.4021127410005,41.8246580092427],[-71.40211076747,41.8246544971363],[-71.4021095284744,41.8246508019865],[-71.4021043586526,41.8246120406554],[-71.4021429485282,41.8246077329976],[-71.4021422297275,41.8245904683704],[-71.4021495800141,41.8245901316023],[-71.4021499638091,41.8245894620765],[-71.4021712830015,41.8245891236999],[-71.4021725647756,41.8246390495313],[-71.4023314582504,41.824636320757],[-71.4023305671996,41.8246238547955],[-71.4024185971317,41.8246223261033],[-71.4025066270598,41.8246207973436],[-71.4025284158684,41.8248068593372]]]},"properties":{"FID":262,"Layer":"C-GREENS-2","Shape_Leng":368.370165306,"Shape__Area":3035.2626571655273,"Shape__Length":368.2809101774555,"GreenSpaceName":null}},{"type":"Feature","id":263,"geometry":{"type":"Polygon","coordinates":[[[-71.402050373694,41.8245846171048],[-71.402044084602,41.8245402447991],[-71.4020264460979,41.8245415235451],[-71.4020181769386,41.8244829457885],[-71.4020358154281,41.8244816661435],[-71.4020353390643,41.8244783110713],[-71.4020634578418,41.8244764263275],[-71.4020674160515,41.8245037712204],[-71.4020595153487,41.8245043289975],[-71.4020711899104,41.8245857467721],[-71.4020655471503,41.824586424419],[-71.4020651544708,41.82458344486],[-71.402050373694,41.8245846171048]]]},"properties":{"FID":263,"Layer":"C-GREENS-2","Shape_Leng":105.033377778,"Shape__Area":343.69561767578125,"Shape__Length":105.0333777765542,"GreenSpaceName":null}},{"type":"Feature","id":264,"geometry":{"type":"Polygon","coordinates":[[[-71.4020349520237,41.8244755818113],[-71.4020303694778,41.8244432593064],[-71.4020583132474,41.8244408846298],[-71.4020630623742,41.8244736970604],[-71.4020349520237,41.8244755818113]]]},"properties":{"FID":264,"Layer":"C-GREENS-2","Shape_Leng":39.2290999147,"Shape__Area":91.6452865600586,"Shape__Length":39.229099907456877,"GreenSpaceName":null}},{"type":"Feature","id":265,"geometry":{"type":"Polygon","coordinates":[[[-71.4016900191415,41.8243927484802],[-71.4016829714359,41.8243416571685],[-71.401612300624,41.8243469176694],[-71.401611201137,41.824338605691],[-71.4015789390946,41.8243194008163],[-71.4015765408415,41.8243212984784],[-71.4016076926909,41.8243399712025],[-71.4016086530204,41.8243471891489],[-71.4015220073405,41.824354446369],[-71.4015238287552,41.8243676523138],[-71.4014583386004,41.8243729099583],[-71.4014564148136,41.824358965646],[-71.4014236065027,41.82436162231],[-71.4014153612298,41.8243019704234],[-71.4014153812526,41.8243014725527],[-71.4014155047803,41.8243009828739],[-71.4014157269788,41.8243005139875],[-71.4014160442218,41.8243000757943],[-71.4014164480656,41.8242996799914],[-71.4014169288669,41.8242993355738],[-71.4014174757799,41.8242990506355],[-71.4015783870167,41.8242853305847],[-71.4016055008602,41.8242840888349],[-71.4016325753627,41.8242857434382],[-71.4016590592872,41.8242902615104],[-71.4016818543934,41.824296031493],[-71.4017031131289,41.8243044660626],[-71.4017222845401,41.8243153459661],[-71.401738870734,41.8243283871716],[-71.401752441304,41.8243432525849],[-71.4017626417507,41.8243595556583],[-71.4017692091119,41.8243768721076],[-71.4017694961301,41.8243788819115],[-71.4017693413797,41.824380900341],[-71.4017687473521,41.8243828724775],[-71.4017677321838,41.8243847452165],[-71.4017663224302,41.8243864699623],[-71.4017645554788,41.8243879990289],[-71.4017624771318,41.8243892919402],[-71.4017601464237,41.8243903136333],[-71.4017576235789,41.82439103805],[-71.4017549760361,41.8243914445399],[-71.4016986751109,41.824396545418],[-71.4016979584359,41.8243921358407],[-71.4016900191415,41.8243927484802]]]},"properties":{"FID":265,"Layer":"C-GREENS-2","Shape_Leng":289.577834286,"Shape__Area":2263.9649429321289,"Shape__Length":289.49973144966964,"GreenSpaceName":null}},{"type":"Feature","id":266,"geometry":{"type":"Polygon","coordinates":[[[-71.4009883448926,41.824364947468],[-71.4009887044819,41.8243674957396],[-71.4009885239102,41.8243675072884],[-71.4009885048523,41.8243673767227],[-71.4009560262892,41.8243700596471],[-71.400944908958,41.824291196501],[-71.4009490718294,41.8242908678652],[-71.4009572987958,41.8243504009246],[-71.4009808257716,41.8243483153122],[-71.4009837763242,41.8243653072675],[-71.4009883448926,41.824364947468]]]},"properties":{"FID":266,"Layer":"C-GREENS-2","Shape_Leng":75.738181593,"Shape__Area":79.775161743164063,"Shape__Length":75.73818158859126,"GreenSpaceName":null}},{"type":"Feature","id":267,"geometry":{"type":"Polygon","coordinates":[[[-71.4005105291086,41.8244833371682],[-71.4005037467437,41.8244356141861],[-71.4004865607973,41.8244369119947],[-71.4004798549711,41.8243848611437],[-71.4004969753886,41.8243838964051],[-71.4004919123002,41.8243421450638],[-71.4005804058816,41.82433557898],[-71.4005699605581,41.8242637948504],[-71.400576186754,41.8242648941523],[-71.400577890671,41.8242652233507],[-71.4005795064221,41.8242657442452],[-71.400580996711,41.8242664450991],[-71.4005823254549,41.8242673078742],[-71.4005834601833,41.8242683136355],[-71.4005843756565,41.8242694380519],[-71.4005850502497,41.8242706540944],[-71.4005854659524,41.8242719329367],[-71.4006017150632,41.8243813562902],[-71.4006127265715,41.8244536640028],[-71.4006137727861,41.8244574238265],[-71.4006139823131,41.8244612612559],[-71.4006133504977,41.8244650727479],[-71.4006118943502,41.8244687556784],[-71.400609651338,41.8244722110425],[-71.400606684198,41.824475345259],[-71.4006030712996,41.8244780746641],[-71.4005989102576,41.824480324614],[-71.4005943131073,41.8244820357832],[-71.4005894039017,41.8244831614613],[-71.4005630817765,41.8244853166011],[-71.4005609439132,41.8244690447104],[-71.4005274024757,41.82447169058],[-71.4005281729641,41.82448794238],[-71.4005201527444,41.8244887196308],[-71.4005193868878,41.8244826965948],[-71.4005105291086,41.8244833371682]]]},"properties":{"FID":267,"Layer":"C-GREENS-2","Shape_Leng":233.121855245,"Shape__Area":1652.7945251464844,"Shape__Length":233.10228039464934,"GreenSpaceName":null}},{"type":"Feature","id":268,"geometry":{"type":"Polygon","coordinates":[[[-71.4007008372588,41.8240935745684],[-71.4007103426588,41.8240928742172],[-71.400709684302,41.8240881603691],[-71.4007760844663,41.8240835197697],[-71.4007741832795,41.8240690721748],[-71.4008381879319,41.8240637488132],[-71.4008405716415,41.8240767463761],[-71.4008983040747,41.8240728590107],[-71.4009031940896,41.8241052331474],[-71.4009949685479,41.8240978907801],[-71.4009959252081,41.8241035367354],[-71.4009955403236,41.8241049076212],[-71.4009948510118,41.8241062098189],[-71.4009938753849,41.82410740643],[-71.4009926423882,41.8241084605656],[-71.4009911881767,41.8241093434459],[-71.4009895537174,41.8241100280961],[-71.4009877883905,41.8241104956516],[-71.4009859427716,41.8241107326508],[-71.4009324990029,41.8241146507691],[-71.4008510839454,41.8241208946103],[-71.4008144618907,41.824123911546],[-71.4007388148568,41.8241293940986],[-71.400733466015,41.8241291679929],[-71.4007282337034,41.8241283099492],[-71.4007232490892,41.8241268425892],[-71.4007186385027,41.8241248029361],[-71.4007145198274,41.8241222415109],[-71.400710995275,41.8241192241268],[-71.4007081550054,41.8241158264904],[-71.4007060711059,41.8241121350965],[-71.4007047963941,41.8241082436262],[-71.4007008372588,41.8240935745684]]]},"properties":{"FID":268,"Layer":"C-GREENS-2","Shape_Leng":195.432445728,"Shape__Area":1034.7035064697266,"Shape__Length":195.4135800636497,"GreenSpaceName":null}},{"type":"Feature","id":269,"geometry":{"type":"Polygon","coordinates":[[[-71.4015723106756,41.8247208179257],[-71.4015958876954,41.824719141885],[-71.4015977403731,41.824734744559],[-71.4016502414607,41.8247312574877],[-71.4017122641799,41.8247251648536],[-71.4017114874923,41.8247096207238],[-71.4017340750655,41.824708730705],[-71.4017220166065,41.8246165039908],[-71.4017141720935,41.8245582705064],[-71.4017078885529,41.824511208872],[-71.4016898080521,41.8245126456478],[-71.4016830349806,41.8244645680095],[-71.4017003209163,41.824463205283],[-71.4016932589007,41.8244120158232],[-71.4017004217237,41.8244114628419],[-71.4016998579352,41.8244070416911],[-71.4017572325324,41.8244019615382],[-71.4017621151887,41.8244032252892],[-71.4017666840583,41.824405029876],[-71.4017708320746,41.8244073346916],[-71.401774461821,41.8244100856324],[-71.4017774891397,41.8244132169017],[-71.4017798431214,41.8244166573121],[-71.4017952871458,41.8245296766635],[-71.4018041385287,41.8245978183422],[-71.4018048780814,41.8246250758601],[-71.4018000484828,41.8246520981303],[-71.4017897638392,41.8246782532109],[-71.4017742646174,41.824702928175],[-71.4017539128054,41.8247255453117],[-71.4017291870779,41.8247455756284],[-71.4017136465961,41.8247547016814],[-71.4016963036894,41.8247617815184],[-71.4016776341216,41.8247666183713],[-71.4016581532771,41.8247690821315],[-71.401638395709,41.8247691021293],[-71.4016233393476,41.8247678413652],[-71.4016086838825,41.8247649666334],[-71.4015947361642,41.8247605394199],[-71.401581790959,41.8247546518123],[-71.4015798900088,41.8247532807669],[-71.4015783131804,41.8247516966186],[-71.4015771013346,41.8247499417185],[-71.4015762881034,41.824748062913],[-71.4015758938736,41.8247461097384],[-71.4015723106756,41.8247208179257]]]},"properties":{"FID":269,"Layer":"C-GREENS-2","Shape_Leng":383.96418595,"Shape__Area":3096.2179565429688,"Shape__Length":383.848256395935,"GreenSpaceName":null}},{"type":"Feature","id":270,"geometry":{"type":"Polygon","coordinates":[[[-71.4025952720483,41.8242285350751],[-71.4024693940072,41.8242307358407],[-71.4023722705567,41.8242315878916],[-71.4023725059207,41.8242414648193],[-71.4023369505916,41.8242419387866],[-71.4023371638652,41.8242520911997],[-71.4023296683686,41.8242521667578],[-71.4023288386615,41.8242215166843],[-71.4023677898597,41.8242208646375],[-71.402367598702,41.8242119979285],[-71.4024048187509,41.8242115019573],[-71.4024052349078,41.8242204318812],[-71.4024960309085,41.8242193385429],[-71.4025869939718,41.8242160259368],[-71.4025869925375,41.8242169721928],[-71.4025946239224,41.824216978664],[-71.4025952720483,41.8242285350751]]]},"properties":{"FID":270,"Layer":"C-GREENS-2","Shape_Leng":174.467053603,"Shape__Area":379.20950317382813,"Shape__Length":174.46705359287191,"GreenSpaceName":null}},{"type":"Feature","id":271,"geometry":{"type":"Polygon","coordinates":[[[-71.4023250968549,41.8242188340915],[-71.4023259994352,41.8242522221603],[-71.4022798142021,41.8242527654005],[-71.4022793450104,41.824230436574],[-71.4022802715959,41.8242274383303],[-71.4022817396536,41.8242245638937],[-71.4022837190106,41.8242218663587],[-71.402286173478,41.8242193970138],[-71.4022877099096,41.8242182611915],[-71.4022894771387,41.8242173299426],[-71.4022914245679,41.8242166311347],[-71.4022935004111,41.8242161827305],[-71.4022956468737,41.8242159963851],[-71.4022978049639,41.8242160792513],[-71.4023250968549,41.8242188340915]]]},"properties":{"FID":271,"Layer":"C-GREENS-2","Shape_Leng":48.4294032564,"Shape__Area":156.65513610839844,"Shape__Length":48.421815217435181,"GreenSpaceName":null}},{"type":"Feature","id":272,"geometry":{"type":"Polygon","coordinates":[[[-71.4025997973851,41.8244330114835],[-71.4025045643964,41.8244340201074],[-71.4025044945632,41.8244316521545],[-71.402500564525,41.8244316371145],[-71.4024988413701,41.8243511488758],[-71.4024991218356,41.8243511455125],[-71.4024991746788,41.8243409095942],[-71.4025506118384,41.8243410576805],[-71.4025978592835,41.8243401884087],[-71.4025997973851,41.8244330114835]]]},"properties":{"FID":272,"Layer":"C-GREENS-2","Shape_Leng":121.764788979,"Shape__Area":912.49398040771484,"Shape__Length":121.76478898327049,"GreenSpaceName":null}},{"type":"Feature","id":273,"geometry":{"type":"Polygon","coordinates":[[[-71.4025024184442,41.8240839526614],[-71.4025023210916,41.8240862367409],[-71.4025017062208,41.8240884762646],[-71.4025005931921,41.8240906046236],[-71.4024990133939,41.8240925606216],[-71.4024970114487,41.8240942875749],[-71.4024946476159,41.8240957360159],[-71.4024919893676,41.8240968627857],[-71.40244195693,41.824097624309],[-71.4024137420166,41.8240979352699],[-71.402410456934,41.8240980792346],[-71.4024103577544,41.8240841247831],[-71.4024137329445,41.8240840916369],[-71.4024137472418,41.8240849811847],[-71.4024251439593,41.8240848468115],[-71.4024253371219,41.8240939836243],[-71.4024496594192,41.8240935991285],[-71.402449468513,41.8240845595544],[-71.4024641369117,41.8240843865399],[-71.402464323284,41.8240932424408],[-71.4024888197192,41.8240931191831],[-71.4024886287815,41.8240840967155],[-71.4025024184442,41.8240839526614]]]},"properties":{"FID":273,"Layer":"C-GREENS-2","Shape_Leng":71.706645962,"Shape__Area":70.997970581054688,"Shape__Length":71.699579721322038,"GreenSpaceName":null}},{"type":"Feature","id":274,"geometry":{"type":"Polygon","coordinates":[[[-71.4025877540823,41.8241624338533],[-71.4025529661915,41.8241624835778],[-71.402551034788,41.8241129236336],[-71.4025524959716,41.824083612509],[-71.4025835538084,41.8240834200688],[-71.4025835528354,41.8240840620103],[-71.4025855352502,41.8240841006054],[-71.4025869181918,41.8241238706891],[-71.4025849357758,41.8241238320941],[-71.4025849271237,41.8241295402413],[-71.4025869083922,41.8241295419214],[-71.4025877540823,41.8241624338533]]]},"properties":{"FID":274,"Layer":"C-GREENS-2","Shape_Leng":77.1234183363,"Shape__Area":271.76975250244141,"Shape__Length":77.12341834294493,"GreenSpaceName":null}},{"type":"Feature","id":275,"geometry":{"type":"Polygon","coordinates":[[[-71.4024941283925,41.8242166170014],[-71.4024087755815,41.8242176447362],[-71.4024084515187,41.8242106884354],[-71.4024136002017,41.8242063945871],[-71.4024932424005,41.8242023863785],[-71.4024941283925,41.8242166170014]]]},"properties":{"FID":275,"Layer":"C-GREENS-2","Shape_Leng":54.8534115748,"Shape__Area":105.74822998046875,"Shape__Length":54.853411568133026,"GreenSpaceName":null}},{"type":"Feature","id":276,"geometry":{"type":"Polygon","coordinates":[[[-71.4025854572273,41.8239735730185],[-71.402526063949,41.8239742528121],[-71.4025005476824,41.8239746102009],[-71.4024996194901,41.8239374181741],[-71.4024974179043,41.8239374487177],[-71.4024962620836,41.8239051057279],[-71.4025813652272,41.8239057244379],[-71.4025813628431,41.8239072973296],[-71.4025839315019,41.823907299508],[-71.4025854572273,41.8239735730185]]]},"properties":{"FID":276,"Layer":"C-GREENS-2","Shape_Leng":97.7160920191,"Shape__Area":586.68827056884766,"Shape__Length":97.71609202444904,"GreenSpaceName":null}},{"type":"Feature","id":277,"geometry":{"type":"Polygon","coordinates":[[[-71.4025864354966,41.8240643209024],[-71.4025361691299,41.8240645789785],[-71.4025363270318,41.8240811030496],[-71.4025002788303,41.8240812147126],[-71.4025001958281,41.82404864935],[-71.4025023974176,41.8240486188064],[-71.4025014600896,41.8240110999489],[-71.4025269823877,41.8240107434655],[-71.4025866666516,41.8240102881028],[-71.4025864354966,41.8240643209024]]]},"properties":{"FID":277,"Layer":"C-GREENS-2","Shape_Leng":98.6056299986,"Shape__Area":514.72539520263672,"Shape__Length":98.605630001476939,"GreenSpaceName":null}},{"type":"Feature","id":278,"geometry":{"type":"Polygon","coordinates":[[[-71.4025870155893,41.8240739064123],[-71.4025870088438,41.8240783567865],[-71.4025835614875,41.824078353863],[-71.402583557968,41.8240806758365],[-71.4025524567998,41.8240808682399],[-71.4025526233236,41.8240742436807],[-71.4025870155893,41.8240739064123]]]},"properties":{"FID":278,"Layer":"C-GREENS-2","Shape_Leng":23.6742274617,"Shape__Area":22.098648071289063,"Shape__Length":23.6742274684591,"GreenSpaceName":null}},{"type":"Feature","id":279,"geometry":{"type":"Polygon","coordinates":[[[-71.4023032855581,41.8239047589991],[-71.4023017580548,41.8239047775074],[-71.4023015214861,41.8238941172822],[-71.4022781992799,41.8238946628579],[-71.4022784302137,41.8239050682823],[-71.4022477778172,41.823905449156],[-71.4022475209249,41.8238939119823],[-71.4021998535066,41.8238941289065],[-71.4022001182448,41.8239060415287],[-71.4021802931905,41.823906288448],[-71.4021803022279,41.8239066774026],[-71.4020977902755,41.8239070743865],[-71.4020978336022,41.8239054979284],[-71.4020958559942,41.8239054683323],[-71.4020944111841,41.8238812290513],[-71.4020907457799,41.8238813519749],[-71.4020900955637,41.8238704393014],[-71.4020937609673,41.8238703163779],[-71.4020922997337,41.823845797077],[-71.4020943159002,41.8238457987953],[-71.4020943184568,41.823844120564],[-71.4023797260998,41.8238378107873],[-71.4025799527929,41.8238322122899],[-71.4025799510842,41.8238341336138],[-71.40258295547,41.8238341379623],[-71.4025838414506,41.8239015921772],[-71.402581371494,41.8239015900825],[-71.4025813693869,41.8239029802055],[-71.4024961639352,41.8239023605083],[-71.4024730479494,41.8239026479011],[-71.402472623395,41.8239000401564],[-71.4024716052832,41.8238975255431],[-71.4024700272035,41.8238951788179],[-71.4024679323836,41.8238930693437],[-71.4024653857266,41.8238912601994],[-71.4024624617801,41.8238898045681],[-71.4024592459387,41.8238887466392],[-71.4024558368578,41.8238881171079],[-71.4024523320082,41.8238879340637],[-71.4024488385081,41.8238882039001],[-71.4024454586827,41.8238889186007],[-71.4024422924717,41.8238900557421],[-71.4024394350152,41.8238915829927],[-71.4024369694369,41.823893454506],[-71.4024349704499,41.8238956145243],[-71.4024334971317,41.8238979991736],[-71.4024325917178,41.8239005382633],[-71.4024322832128,41.8239031552893],[-71.4023975658999,41.8239035867708],[-71.402397171559,41.8238858416372],[-71.402364932674,41.8238862509055],[-71.4023608570195,41.8238830692416],[-71.4023561220991,41.823880447929],[-71.4023508614065,41.8238784627095],[-71.4023452289255,41.8238771713357],[-71.4023393858945,41.8238766099583],[-71.4023335008027,41.8238767958269],[-71.4023277409715,41.8238777227814],[-71.4023222737535,41.823879363954],[-71.4023172556983,41.8238816726601],[-71.402312831349,41.8238845823976],[-71.4023091284231,41.8238880095435],[-71.4023062529939,41.8238918560511],[-71.4023042882866,41.8238960094487],[-71.4023032886451,41.8239003527384],[-71.4023032855581,41.8239047589991]]]},"properties":{"FID":279,"Layer":"C-GREENS-2","Shape_Leng":353.7614246,"Shape__Area":2883.6266555786133,"Shape__Length":353.71116715243261,"GreenSpaceName":null}},{"type":"Feature","id":280,"geometry":{"type":"Polygon","coordinates":[[[-71.4025020600265,41.8241162988666],[-71.4024605763938,41.8241169109944],[-71.4024190939641,41.8241175231082],[-71.4023648915235,41.8241185547589],[-71.4023647684651,41.8240925933551],[-71.4023647168442,41.8240845793863],[-71.4023919807813,41.824084306344],[-71.4023918646603,41.8241100415593],[-71.4024291446525,41.8241096653763],[-71.402441570514,41.8241095399786],[-71.4024668255689,41.8241092255975],[-71.4024920806235,41.8241089112109],[-71.4024939230249,41.8241092044848],[-71.4024956772239,41.8241097173668],[-71.4024972974995,41.8241104372133],[-71.4024987393469,41.8241113432787],[-71.4024999666895,41.8241124130238],[-71.4025009446655,41.8241136167079],[-71.4025016492477,41.824114923699],[-71.4025020600265,41.8241162988666]]]},"properties":{"FID":280,"Layer":"C-GREENS-2","Shape_Leng":98.0177976713,"Shape__Area":173.11711120605469,"Shape__Length":98.013283049597845,"GreenSpaceName":null}},{"type":"Feature","id":281,"geometry":{"type":"Polygon","coordinates":[[[-71.4012202392763,41.8251923657465],[-71.4011952388794,41.8251943087869],[-71.4011698948613,41.8250118907713],[-71.401195500724,41.8250099005391],[-71.4012202392763,41.8251923657465]]]},"properties":{"FID":281,"Layer":"C-GREENS-2","Shape_Leng":147.529895141,"Shape__Area":463.39201354980469,"Shape__Length":147.52989513683258,"GreenSpaceName":null}},{"type":"Feature","id":282,"geometry":{"type":"Polygon","coordinates":[[[-71.4035799762922,41.8303770367791],[-71.4035668609675,41.8303785509436],[-71.4035634536926,41.8303620439716],[-71.4035578612221,41.8303625740777],[-71.4035542101475,41.8303448856561],[-71.4035597679656,41.830344182656],[-71.4035572355172,41.8303319143132],[-71.4035592822297,41.8303317512696],[-71.4035613369999,41.8303318340252],[-71.4035633480656,41.8303321616362],[-71.4035652624731,41.8303327250548],[-71.4035670320905,41.8303335107356],[-71.4035686124095,41.830334497033],[-71.4035699601297,41.8303356596015],[-71.4035710439969,41.8303369687037],[-71.4035718327635,41.8303383901006],[-71.4035723084264,41.8303398877634],[-71.4035799762922,41.8303770367791]]]},"properties":{"FID":282,"Layer":"C-GREENS-2","Shape_Leng":43.1335198004,"Shape__Area":69.594245910644531,"Shape__Length":43.127543421656817,"GreenSpaceName":null}},{"type":"Feature","id":283,"geometry":{"type":"Polygon","coordinates":[[[-71.4035488243107,41.830291163316],[-71.4035343825911,41.8302211930579],[-71.4035474978845,41.8302196788971],[-71.4035599820273,41.8302801615397],[-71.4035601326061,41.8302816967439],[-71.4035599521422,41.8302832298695],[-71.4035594467124,41.830284722207],[-71.4035586296168,41.8302861350531],[-71.4035575213752,41.8302874315109],[-71.4035561509278,41.8302885791927],[-71.4035545520255,41.8302895484156],[-71.4035527668378,41.8302903149058],[-71.4035508411417,41.8302908570936],[-71.4035488243107,41.830291163316]]]},"properties":{"FID":283,"Layer":"C-GREENS-2","Shape_Leng":57.3317200744,"Shape__Area":90.647590637207031,"Shape__Length":57.325614729656635,"GreenSpaceName":null}},{"type":"Feature","id":284,"geometry":{"type":"Polygon","coordinates":[[[-71.4035366367296,41.8301670548728],[-71.4035235214467,41.8301685690325],[-71.4035135494801,41.8301202520733],[-71.4035079797335,41.8301208947385],[-71.4035037705698,41.8301005039287],[-71.4035093403147,41.8300998612637],[-71.4034972375005,41.8300412201271],[-71.4035103527579,41.8300397059704],[-71.4035366367296,41.8301670548728]]]},"properties":{"FID":284,"Layer":"C-GREENS-2","Shape_Leng":104.216571088,"Shape__Area":181.37535858154297,"Shape__Length":104.21657109918127,"GreenSpaceName":null}},{"type":"Feature","id":285,"geometry":{"type":"Polygon","coordinates":[[[-71.403087351615,41.8299371361997],[-71.4030905857172,41.8299813680775],[-71.4030559175266,41.8299829720395],[-71.4030513717445,41.8299392495459],[-71.4030532618735,41.8299391385987],[-71.403087351615,41.8299371361997]]]},"properties":{"FID":285,"Layer":"C-GREENS-2","Shape_Leng":51.4254644373,"Shape__Area":154.99700927734375,"Shape__Length":51.425464437804173,"GreenSpaceName":null}},{"type":"Feature","id":286,"geometry":{"type":"Polygon","coordinates":[[[-71.4025960063665,41.8242586709718],[-71.4025494091824,41.8242594030424],[-71.4024995946557,41.8242592599342],[-71.4024996409289,41.8242501809468],[-71.4024805247779,41.8242504051108],[-71.402480326012,41.8242409891882],[-71.4025270023225,41.8242404579885],[-71.4025954061213,41.82423934827],[-71.4025960063665,41.8242586709718]]]},"properties":{"FID":286,"Layer":"C-GREENS-2","Shape_Leng":76.6480646874,"Shape__Area":200.10679626464844,"Shape__Length":76.648064694225269,"GreenSpaceName":null}},{"type":"Feature","id":287,"geometry":{"type":"Polygon","coordinates":[[[-71.3971151188197,41.8244741933503],[-71.3971367728593,41.8249136631621],[-71.3971349395444,41.8249137101387],[-71.3971350071643,41.8249150814166],[-71.3971075062476,41.8249157788595],[-71.3970966837688,41.8249157691651],[-71.3970064521842,41.8248749569318],[-71.3969080270441,41.8248304386789],[-71.3966830555395,41.8248339954767],[-71.3966081954388,41.8248351777941],[-71.3965709066252,41.824828786027],[-71.3965479579473,41.8248086643778],[-71.3965528040408,41.824808668742],[-71.3965634636286,41.8248081624462],[-71.3965739467176,41.824806631404],[-71.3965840775237,41.8248041024672],[-71.3966061437407,41.8247921496131],[-71.3966260356269,41.8247782248548],[-71.3966340370746,41.8247719575876],[-71.3966431913298,41.8247666475178],[-71.3966532971884,41.8247624106081],[-71.3966641318129,41.8247593420936],[-71.3966754543571,41.8247575083827],[-71.3967229632238,41.8247537462702],[-71.3967353334791,41.8247523537615],[-71.3967472594603,41.8247495302123],[-71.3967584473516,41.8247453455852],[-71.3967686225442,41.8247399022724],[-71.3967775332466,41.8247333359991],[-71.3968154369268,41.8247031096343],[-71.396846225072,41.8246686560748],[-71.3968690704656,41.8246309010331],[-71.3968924333338,41.8246127081327],[-71.3968919039571,41.8245930451379],[-71.3968744800213,41.8245933077021],[-71.3968740188369,41.8245761594173],[-71.3968955691384,41.8245758357324],[-71.3968954646339,41.8245719488719],[-71.3970048965402,41.824570300382],[-71.3970023531629,41.8244756435824],[-71.3970261917113,41.8244752841105],[-71.3971151188197,41.8244741933503]]]},"properties":{"FID":287,"Layer":"C-GREENS-2","Shape_Leng":579.489214365,"Shape__Area":11441.816513061523,"Shape__Length":579.39016039889339,"GreenSpaceName":null}},{"type":"Feature","id":288,"geometry":{"type":"Polygon","coordinates":[[[-71.401834044179,41.8306781492807],[-71.4018371360079,41.8307148947492],[-71.4018378251552,41.830729495232],[-71.4017870919726,41.8307316811056],[-71.4017857007202,41.8307188482876],[-71.4017840092086,41.8307189503803],[-71.4017824376536,41.830701216864],[-71.4017840630171,41.8307010741995],[-71.4017860620342,41.8306966849564],[-71.4017917288065,41.8306948270004],[-71.4017905981692,41.8306800316665],[-71.401834044179,41.8306781492807]]]},"properties":{"FID":288,"Layer":"C-GREENS-2","Shape_Leng":65.3029936881,"Shape__Area":253.13875579833984,"Shape__Length":65.3029936839635,"GreenSpaceName":null}},{"type":"Feature","id":289,"geometry":{"type":"MultiPolygon","coordinates":[[[[-71.4012419541056,41.8306212954489],[-71.4012511115432,41.83069171473],[-71.4012947256855,41.8306885416068],[-71.4012975573495,41.8307102890226],[-71.4014065999444,41.830702357046],[-71.4014037718553,41.8306806096359],[-71.4015408891834,41.8306706353482],[-71.401556502069,41.8306812034013],[-71.4015713624915,41.8306690381531],[-71.4016359380934,41.8306645971758],[-71.4016397014113,41.8306974915754],[-71.4016137169935,41.8306991610592],[-71.4016132799278,41.8306992147052],[-71.4016128596355,41.8306993205852],[-71.4016124681602,41.8306994751082],[-71.4016121151365,41.8306996755814],[-71.401611809002,41.8306999148093],[-71.4015836844338,41.8307257997662],[-71.4015684565774,41.8307263476296],[-71.4015680133856,41.8307201844307],[-71.4015185326513,41.8307220534393],[-71.4015190249599,41.8307283697381],[-71.4013764768648,41.8307345813229],[-71.4013757952499,41.83072847464],[-71.4013265042467,41.8307306426413],[-71.4013270134107,41.8307369454502],[-71.401311448242,41.8307376496487],[-71.4012360277827,41.8307410583349],[-71.4012277488569,41.8306840921829],[-71.401153203608,41.830688295666],[-71.4011578884031,41.8307441423106],[-71.4010721852243,41.8307481632745],[-71.4010572827285,41.8306343521169],[-71.4011932482514,41.8306257574714],[-71.4011958242699,41.8306454167843],[-71.4011995576341,41.830645190409],[-71.4012205911958,41.8306432430586],[-71.4012242427617,41.8306429769973],[-71.4012216741014,41.8306232240561],[-71.4012419541056,41.8306212954489]]]]},"properties":{"FID":289,"Layer":"C-GREENS-2","Shape_Leng":478.093561537,"Shape__Area":3293.5129470825195,"Shape__Length":478.09296012035,"GreenSpaceName":null}},{"type":"Feature","id":290,"geometry":{"type":"Polygon","coordinates":[[[-71.4013880539148,41.8292167774168],[-71.4013873528547,41.8292100161691],[-71.401399064826,41.829208996235],[-71.4014434535946,41.8292055599199],[-71.4015043636254,41.8292009835203],[-71.4015677178347,41.8291960760573],[-71.4016208844448,41.8291919368275],[-71.4016216625476,41.829193209673],[-71.4016300698242,41.8291923876606],[-71.4016290880277,41.8291857765306],[-71.4016211890124,41.8291864261131],[-71.4016209790917,41.8291875144432],[-71.4016021651409,41.8291891027329],[-71.401527845207,41.8291943186348],[-71.4014702213344,41.8291990113083],[-71.401436862713,41.8292017449304],[-71.4013771309637,41.8292064627588],[-71.4013790705671,41.8291960655082],[-71.401438012398,41.829191495557],[-71.4014671733503,41.8291903789442],[-71.4016004702488,41.8291788608249],[-71.4016322382282,41.8291771917946],[-71.4016361252313,41.8291771996248],[-71.401639956112,41.8291776962909],[-71.4016436201434,41.829178668193],[-71.4016470126378,41.8291800882314],[-71.4016500373575,41.8291819140077],[-71.4016526089113,41.8291840950298],[-71.4016546515559,41.8291865691096],[-71.4016561088239,41.8291892641717],[-71.4016569399023,41.8291921045525],[-71.401657118432,41.829195009199],[-71.4016637040342,41.8292384660989],[-71.4016680335988,41.8292725836509],[-71.4016691652861,41.8292835120343],[-71.4016232392,41.8292869759309],[-71.4016221594342,41.8292775214465],[-71.4015722343614,41.8292802094069],[-71.401574245324,41.8292978658778],[-71.4015336806577,41.82930069059],[-71.4014902770629,41.8293037757522],[-71.401482716261,41.829235353406],[-71.4014167885247,41.8292393402676],[-71.4014116191539,41.8292395501118],[-71.4014064748603,41.8292391072314],[-71.4014015036871,41.8292380261591],[-71.4013968452277,41.8292363367258],[-71.4013926318263,41.8292340858628],[-71.4013889825581,41.8292313384967],[-71.4013860008281,41.829228173046],[-71.4013837719694,41.8292246778171],[-71.4013823584265,41.829220951901],[-71.4013818009636,41.8292171024731],[-71.4013880539148,41.8292167774168]]]},"properties":{"FID":290,"Layer":"C-GREENS-2","Shape_Leng":375.305001213,"Shape__Area":2256.2813415527344,"Shape__Length":375.27568455967389,"GreenSpaceName":null}},{"type":"Feature","id":291,"geometry":{"type":"Polygon","coordinates":[[[-71.4024041983137,41.8293535523182],[-71.4023888564156,41.829380260444],[-71.4023805363833,41.8293973364061],[-71.4023748577564,41.8294150070354],[-71.402373309573,41.8294182505414],[-71.4023711140824,41.8294212765156],[-71.4023683219501,41.8294240147744],[-71.4023649994855,41.8294263987492],[-71.4023612262234,41.8294283726865],[-71.4023570925202,41.829429888945],[-71.4023526971398,41.8294309124956],[-71.4023481424439,41.8294314173152],[-71.4023340255377,41.8294330592363],[-71.402333998138,41.8294328701418],[-71.402303710891,41.829435211378],[-71.4022918531441,41.8293420828304],[-71.4023800074141,41.8293358644103],[-71.4024016845131,41.8293339326957],[-71.4024041983137,41.8293535523182]]]},"properties":{"FID":291,"Layer":"C-GREENS-2","Shape_Leng":117.509070795,"Shape__Area":837.651481628418,"Shape__Length":117.49203418305541,"GreenSpaceName":null}},{"type":"Feature","id":292,"geometry":{"type":"Polygon","coordinates":[[[-71.401751917926,41.8295624493419],[-71.4017573938693,41.8295640881406],[-71.4017631670695,41.8295649916162],[-71.4017690630169,41.8295651335098],[-71.4017749011526,41.8295645073644],[-71.4017805068969,41.8295631328385],[-71.4017857080418,41.8295610530008],[-71.4017897688523,41.8295576234802],[-71.4017944645169,41.8295546824859],[-71.4017996914107,41.8295522947537],[-71.4018053338903,41.8295505124044],[-71.4018112667,41.8295493758459],[-71.4018173597935,41.8295489092764],[-71.4018317451697,41.8295488522449],[-71.40184594889,41.8295471429344],[-71.401859632624,41.8295438233718],[-71.4018664192936,41.8295542649989],[-71.401870819083,41.8295700715073],[-71.4018716465453,41.8295760774751],[-71.4018735200228,41.8295915946171],[-71.401875348753,41.8295914818362],[-71.4018733367637,41.8296036040821],[-71.4018690356802,41.8296153876457],[-71.4018625325398,41.8296265931109],[-71.4018553383859,41.8296378213941],[-71.4018458693696,41.8296480609615],[-71.4018343606186,41.8296570572176],[-71.4018211001839,41.8296645844229],[-71.4018064205982,41.8296704555906],[-71.4017906868379,41.8296745224761],[-71.4017742926963,41.8296766854783],[-71.40177421203,41.8296766935123],[-71.4017668422438,41.8296775920509],[-71.401751917926,41.8295624493419]]]},"properties":{"FID":292,"Layer":"C-GREENS-2","Shape_Leng":139.317286737,"Shape__Area":1189.7315063476563,"Shape__Length":139.23964351353675,"GreenSpaceName":null}},{"type":"Feature","id":293,"geometry":{"type":"Polygon","coordinates":[[[-71.406189058999,41.817635928082],[-71.4062785240693,41.8176563326044],[-71.4062521175047,41.8177184363774],[-71.4061646568332,41.8176984890445],[-71.406189058999,41.817635928082]]]},"properties":{"FID":293,"Layer":"C-GREENS-2","Shape_Leng":97.9159576628,"Shape__Area":598.64297485351563,"Shape__Length":97.91595766292879,"GreenSpaceName":null}},{"type":"Feature","id":294,"geometry":{"type":"Polygon","coordinates":[[[-71.4017319110001,41.8249125000426],[-71.4017031871443,41.8248998364983],[-71.4016154423997,41.8248610638801],[-71.4016130697812,41.8248595708854],[-71.4016109984462,41.8248578440604],[-71.4016092716757,41.8248559176551],[-71.4016079231153,41.8248538295126],[-71.4016069779806,41.8248516201697],[-71.4016064721925,41.8248494139041],[-71.4016064198132,41.8248490327155],[-71.401605391091,41.8248440262456],[-71.4016051289433,41.8248367809873],[-71.4016062979191,41.8248295864736],[-71.4016088700928,41.8248225993395],[-71.4016124424389,41.8248164656837],[-71.4016170974715,41.8248107525133],[-71.401622747158,41.824805565993],[-71.4016292890361,41.8248010023712],[-71.4016367410457,41.8247971372917],[-71.401644843006,41.8247940893762],[-71.4016534347328,41.8247919188104],[-71.4016623476439,41.8247906677658],[-71.4016714805779,41.8247903694683],[-71.401680575887,41.8247910606112],[-71.4016894422084,41.8247927248246],[-71.4016978954261,41.8247953295389],[-71.4017071647666,41.8247994997413],[-71.4017153683473,41.8248047746483],[-71.4017222728805,41.8248110037037],[-71.4017276824329,41.8248180102737],[-71.4017314432334,41.8248255961521],[-71.4017334508874,41.824833546969],[-71.4017334556485,41.8248335820863],[-71.4017427264499,41.824901361288],[-71.4017429648293,41.8249044802686],[-71.4017429076659,41.8249080149534],[-71.4017427401387,41.8249089412597],[-71.4017423656285,41.8249098322757],[-71.4017417950072,41.8249106628011],[-71.401741042755,41.8249114094396],[-71.4017401329803,41.8249120497033],[-71.4017390909898,41.8249125647066],[-71.4017379481003,41.8249129409714],[-71.4017367356274,41.8249131659195],[-71.4017354896904,41.8249132341798],[-71.4017342464031,41.8249131439827],[-71.4017330418751,41.8249128962592],[-71.4017319110001,41.8249125000426]]]},"properties":{"FID":294,"Layer":"C-GREENS-2","Shape_Leng":130.526084668,"Shape__Area":1109.6695785522461,"Shape__Length":130.464486221981,"GreenSpaceName":null}},{"type":"Feature","id":295,"geometry":{"type":"Polygon","coordinates":[[[-71.4016108397226,41.8248813238839],[-71.4016109735728,41.8248803813429],[-71.4016113240423,41.8248794695989],[-71.40161187905,41.8248786174526],[-71.4016126241128,41.8248778501009],[-71.4016135339186,41.8248771900308],[-71.4016145819543,41.8248766579273],[-71.4016157381038,41.8248762690704],[-71.401616967442,41.8248760351347],[-71.4016182314381,41.82487596419],[-71.4016194927759,41.8248760571049],[-71.4016207129398,41.8248763120457],[-71.4016218570349,41.8248767208794],[-71.401732360657,41.8249254410099],[-71.4017332939806,41.8249259315931],[-71.4017341176159,41.8249265211199],[-71.4017348123189,41.8249271996699],[-71.4017353564477,41.8249279510187],[-71.4017357379942,41.8249287562488],[-71.4017359449488,41.8249295973431],[-71.4017359749401,41.8249304508908],[-71.4017358243842,41.824931298882],[-71.4017355005394,41.8249321179141],[-71.4017350082494,41.8249328890842],[-71.4017293184839,41.8249390947601],[-71.4017224140962,41.8249445683208],[-71.4017144638042,41.8249491793611],[-71.4017056567599,41.8249528164005],[-71.4016962037451,41.8249553922863],[-71.4016863323535,41.82495684599],[-71.4016762797716,41.8249571408005],[-71.4016662867484,41.8249562715219],[-71.4016565627344,41.8249542347321],[-71.4016473953555,41.8249510693922],[-71.4016390143966,41.8249468558291],[-71.401631635158,41.8249417004675],[-71.4016254440138,41.8249357340165],[-71.4016205972135,41.8249291078672],[-71.4016172172768,41.8249219904881],[-71.4016153917977,41.8249145620224],[-71.4016108397226,41.8248813238839]]]},"properties":{"FID":295,"Layer":"C-GREENS-2","Shape_Leng":98.404877886,"Shape__Area":581.45613861083984,"Shape__Length":98.3512522895522,"GreenSpaceName":null}},{"type":"Feature","id":296,"geometry":{"type":"Polygon","coordinates":[[[-71.4014249794196,41.8245926704821],[-71.4014595218597,41.8245628736631],[-71.4014898775488,41.8245379611877],[-71.4014921769094,41.8245361939919],[-71.4014948164739,41.8245347151965],[-71.4014977311847,41.8245335625599],[-71.4015008511849,41.8245327639329],[-71.4015040982039,41.8245323390557],[-71.4015073951917,41.8245322968656],[-71.4015457681988,41.8245296881636],[-71.4015495449532,41.8245291917119],[-71.4015497380222,41.8245304514527],[-71.4015533483303,41.8245301745411],[-71.4015583659484,41.8245667083265],[-71.4014957792069,41.8245717722061],[-71.4014904885082,41.8245948406762],[-71.4014896582046,41.8246182379937],[-71.4014933070919,41.8246414842938],[-71.4014785960176,41.8246427141466],[-71.4014749916772,41.8246430198718],[-71.4014713711931,41.8246428637087],[-71.4014678380736,41.8246422520485],[-71.4014644934044,41.8246412011841],[-71.4014614358418,41.8246397418116],[-71.4014587531907,41.8246379163224],[-71.4014565224077,41.8246357770022],[-71.401441444249,41.8246197110086],[-71.401424311675,41.8246058112682],[-71.4014236082767,41.8246053127767],[-71.401422426759,41.8246041935408],[-71.4014215102561,41.8246029430827],[-71.4014208827878,41.8246015965364],[-71.4014205623532,41.824600190831],[-71.4014205585222,41.8245987646896],[-71.4014208700305,41.8245973577258],[-71.4014214883913,41.8245960095475],[-71.4014223979015,41.8245947561547],[-71.4014235720257,41.8245936326379],[-71.4014249794196,41.8245926704821]]]},"properties":{"FID":296,"Layer":"C-GREENS-2","Shape_Leng":131.683376321,"Shape__Area":690.8919677734375,"Shape__Length":131.63082031003665,"GreenSpaceName":null}},{"type":"Feature","id":297,"geometry":{"type":"Polygon","coordinates":[[[-71.4013886309447,41.8247914288979],[-71.4013817025987,41.8247426929626],[-71.4013993436457,41.8247413702012],[-71.4013924923707,41.824690256535],[-71.4013996407788,41.824689706261],[-71.4013992251252,41.824686814013],[-71.4014463121036,41.8246832251509],[-71.4014496919444,41.8246833198852],[-71.4014530134141,41.8246838017155],[-71.4014561958843,41.8246846579676],[-71.4014591659601,41.8246858687714],[-71.4014618526673,41.824687405255],[-71.4014641934678,41.8246892322517],[-71.4014661318552,41.8246913055961],[-71.4014676233674,41.8246935766319],[-71.4014811760865,41.8247138143883],[-71.401499100109,41.8247320499345],[-71.4015208834616,41.8247477606324],[-71.4015309152013,41.8247547630711],[-71.4015400612302,41.8247624138948],[-71.4015532824491,41.8247767046143],[-71.4015634261595,41.8247923396035],[-71.4015702533862,41.8248089513195],[-71.4015736022272,41.8248261479767],[-71.4015831066155,41.8248945576292],[-71.4015831244118,41.8248955129049],[-71.4015829219502,41.8248964553871],[-71.401582502883,41.8248973580688],[-71.4015818829011,41.8248981930529],[-71.4015810788949,41.8248989351443],[-71.401580114973,41.8248995618552],[-71.4015790212567,41.8249000543043],[-71.4015778302681,41.824900398114],[-71.4015765769311,41.8249005825101],[-71.4014870900808,41.8249076319912],[-71.401539251071,41.8249015246906],[-71.4015376612355,41.8248840729436],[-71.4015599530492,41.8248814234418],[-71.4015474145032,41.8247978584692],[-71.4015262783838,41.8247988631383],[-71.4015231553431,41.8247804278059],[-71.4013886309447,41.8247914288979]]]},"properties":{"FID":297,"Layer":"C-GREENS-2","Shape_Leng":282.037418159,"Shape__Area":1483.5664138793945,"Shape__Length":281.96899797877785,"GreenSpaceName":null}},{"type":"Feature","id":298,"geometry":{"type":"Polygon","coordinates":[[[-71.401553387174,41.8247405560638],[-71.4015295020522,41.8247241278003],[-71.4015088150401,41.824705428916],[-71.401500406921,41.8246946167293],[-71.4014956750022,41.8246868796537],[-71.401491786017,41.8246812744049],[-71.4014848068707,41.8246719174912],[-71.4014838445933,41.8246706877022],[-71.401482991615,41.8246696128654],[-71.4014793236252,41.8246651107218],[-71.4014789128345,41.8246645404545],[-71.4014786284956,41.8246639288799],[-71.4014784753996,41.824663291308],[-71.4014784583378,41.8246626430488],[-71.4014785772829,41.824662002109],[-71.4014788298064,41.8246613819914],[-71.4014792086602,41.8246607997965],[-71.4014797065999,41.8246602699235],[-71.4014803091632,41.8246598040643],[-71.401481001885,41.8246594157116],[-71.4014987117137,41.8246579651458],[-71.4015110217101,41.8246816762442],[-71.401551461269,41.8246784696859],[-71.4015555753667,41.8247084248139],[-71.4015596894683,41.8247383799416],[-71.4015597008116,41.8247388328222],[-71.4015596134572,41.8247392820169],[-71.401559427427,41.8247397131202],[-71.4015591499587,41.8247401162346],[-71.4015587858846,41.8247404796599],[-71.4015583484623,41.8247407926032],[-71.4015578473321,41.8247410478703],[-71.4015572969497,41.8247412382706],[-71.4015567117689,41.8247413575143],[-71.4015561098481,41.8247414038162],[-71.4015555044306,41.8247413753868],[-71.401554913572,41.8247412722417],[-71.4015543541185,41.8247410979967],[-71.4015538405076,41.8247408571658],[-71.401553387174,41.8247405560638]]]},"properties":{"FID":298,"Layer":"C-GREENS-2","Shape_Leng":86.4706486082,"Shape__Area":278.50316619873047,"Shape__Length":86.442328867205532,"GreenSpaceName":null}},{"type":"Feature","id":299,"geometry":{"type":"Polygon","coordinates":[[[-71.4012251805407,41.824549344671],[-71.401202583611,41.8245383437944],[-71.4011825122202,41.8245248790553],[-71.4011654413365,41.8245092704842],[-71.401151774834,41.8244918866691],[-71.401140833159,41.824477074767],[-71.4011333707531,41.824461099018],[-71.401129602377,41.8244444133789],[-71.4011296332257,41.8244274906189],[-71.4011334625553,41.8244108124192],[-71.401140981302,41.8243948522642],[-71.4011573671432,41.8243745267885],[-71.4011774104439,41.8243561257819],[-71.4012007134216,41.8243400153389],[-71.4012268121643,41.824326514679],[-71.4012551886729,41.8243158925569],[-71.4012580843116,41.8243153980584],[-71.4012610503925,41.8243152781617],[-71.4012640014482,41.8243155363947],[-71.4012668496203,41.8243161654793],[-71.4012695142881,41.8243171482396],[-71.4012719172585,41.8243184539969],[-71.4012739887731,41.8243200466777],[-71.4012756699228,41.8243218794137],[-71.401276909032,41.8243238981401],[-71.4012775044384,41.8243312247167],[-71.40124569991,41.8243339488177],[-71.4012517254845,41.8243755397924],[-71.4011935702396,41.8243794692874],[-71.4011963581594,41.8243981519353],[-71.4011751402007,41.824400013593],[-71.4011863226465,41.8244829120943],[-71.4012080045195,41.8244830973059],[-71.4012111627884,41.8245020386691],[-71.4014733989549,41.8244806413291],[-71.4014718444112,41.8244676679002],[-71.4015430109774,41.824461825391],[-71.4015442212927,41.8244700753414],[-71.4015483926853,41.8244995488381],[-71.4015024681007,41.8245034745656],[-71.4015047673703,41.8245221864978],[-71.401499145248,41.8245227497915],[-71.4014936907236,41.8245239128549],[-71.4014885181826,41.8245256532777],[-71.4014837348116,41.8245279333375],[-71.4014794417939,41.8245307054032],[-71.401450569069,41.8245540408524],[-71.4014110157663,41.8245868936233],[-71.4014093228879,41.8245879914852],[-71.4014074052707,41.8245888595676],[-71.4014053207278,41.8245894745112],[-71.4014031282681,41.8245898183598],[-71.4014008880929,41.8245898803611],[-71.4013986676106,41.8245896596727],[-71.4013965269975,41.824589161748],[-71.4013945300263,41.8245884019478],[-71.401366131456,41.8245772574709],[-71.4013356665663,41.8245697611896],[-71.4013039679958,41.8245661181948],[-71.4012635977349,41.8245602970188],[-71.4012251805407,41.824549344671]]]},"properties":{"FID":299,"Layer":"C-GREENS-2","Shape_Leng":433.954319985,"Shape__Area":3383.1611557006836,"Shape__Length":433.76575132860887,"GreenSpaceName":null}},{"type":"Feature","id":300,"geometry":{"type":"Polygon","coordinates":[[[-71.4012990405028,41.8243220768634],[-71.4012988765595,41.8243198825945],[-71.4012992217606,41.8243176995671],[-71.4013000663728,41.8243155952983],[-71.4013013862283,41.8243136309905],[-71.4013031391039,41.8243118678306],[-71.401305273162,41.8243103570933],[-71.4013077257389,41.8243091455424],[-71.4013104197417,41.8243082700256],[-71.4013132768919,41.8243077556851],[-71.4013549555948,41.8243040469703],[-71.40139677153,41.8243003275541],[-71.4013974010571,41.8243003298951],[-71.4013980208318,41.8243004123581],[-71.4013986115977,41.8243005731256],[-71.4013991577152,41.8243008067824],[-71.401399643546,41.8243011070126],[-71.4014000522522,41.8243014647983],[-71.4014003730172,41.8243018693262],[-71.4014005974318,41.824302309785],[-71.4014007170922,41.824302771762],[-71.4014038228264,41.8243246040665],[-71.4014069273605,41.8243464354695],[-71.4014032785315,41.8243467204465],[-71.4014036667482,41.8243494497097],[-71.40139636909,41.8243500196632],[-71.4013924238144,41.8243222822095],[-71.401300548993,41.8243297427522],[-71.4012990405028,41.8243220768634]]]},"properties":{"FID":300,"Layer":"C-GREENS-2","Shape_Leng":89.8586147045,"Shape__Area":242.29713439941406,"Shape__Length":89.847680418504183,"GreenSpaceName":null}},{"type":"Feature","id":301,"geometry":{"type":"Polygon","coordinates":[[[-71.401591323991,41.8241644656458],[-71.4015783742043,41.8240783316444],[-71.4015707791406,41.8240278980025],[-71.4015742357683,41.8240194872884],[-71.4015818388469,41.8240096656928],[-71.4015856404433,41.8240047170806],[-71.4015883376537,41.823999377675],[-71.4015898628613,41.8239937851701],[-71.4015901761255,41.8239880826859],[-71.4015840183111,41.82394311984],[-71.4015781314454,41.823898084298],[-71.4015961724291,41.8238964026133],[-71.4015902811083,41.8238574182521],[-71.4015904291708,41.8238574120765],[-71.4015902278809,41.8238544470849],[-71.4016237635427,41.8238537627403],[-71.4016349551686,41.823932552963],[-71.4016525898544,41.8240548018019],[-71.4016675287899,41.824129555402],[-71.4017714188385,41.8241242350444],[-71.4018482537753,41.8241203572323],[-71.4018528203245,41.8241291871654],[-71.4018533301121,41.8241492696809],[-71.4018577320978,41.8241492068167],[-71.401857207549,41.8241285426691],[-71.401852834813,41.8241173351042],[-71.4018527616629,41.8240958736411],[-71.4019229720835,41.8240971112518],[-71.4019689789864,41.8240966175215],[-71.4019681281421,41.8241667433646],[-71.402004731641,41.824186139105],[-71.4020893343517,41.8242263060796],[-71.4021488836087,41.8242553630682],[-71.4021486186909,41.8242846842091],[-71.4020931602522,41.8242859802619],[-71.4020937765402,41.8243254885982],[-71.4021066093092,41.8243253518791],[-71.4021068043172,41.8243356186201],[-71.4021377845415,41.8243343044109],[-71.4021384861849,41.8243501861024],[-71.4021513216143,41.8243498864191],[-71.402151778852,41.8243610636268],[-71.4022570981707,41.824359600203],[-71.4022570993168,41.8243596380182],[-71.4023171684901,41.8243587842727],[-71.4023772424752,41.8243579314001],[-71.4023773426208,41.8243625286202],[-71.4023773774352,41.824364174471],[-71.4024119651816,41.8243636222401],[-71.4024118313276,41.8243574412936],[-71.4024952826194,41.8243563282111],[-71.4024968944844,41.824431622295],[-71.4024849900205,41.8244315761764],[-71.4024851285967,41.8244116436715],[-71.4024619172758,41.824411970596],[-71.4024618230455,41.8244082305045],[-71.4023980064814,41.8244092477046],[-71.4023981098139,41.824413332634],[-71.4023746890442,41.8244136629643],[-71.4023755105608,41.8244291179949],[-71.4023557332486,41.8244295261459],[-71.4023553184099,41.8244268625882],[-71.402355197272,41.8244257838781],[-71.4023547505806,41.8244242790307],[-71.4023537087141,41.8244207596172],[-71.4023530728092,41.8244186162679],[-71.4023514720345,41.8244153565775],[-71.4023513820366,41.8244151728317],[-71.4023496900605,41.8244117293943],[-71.4023451186501,41.8244052484638],[-71.4023434133282,41.8244034589392],[-71.4023406276084,41.8244005358687],[-71.4023394354464,41.8243992842832],[-71.4023384532204,41.8243985001525],[-71.4023327317837,41.8243939332664],[-71.4023259300028,41.8243897823188],[-71.4023251326941,41.8243892954574],[-71.4023240188515,41.8243887840177],[-71.4023185458654,41.8243862719175],[-71.4023167788727,41.8243854610095],[-71.4023143378086,41.8243846522292],[-71.4023107489989,41.8243834634298],[-71.4023078146691,41.8243824912684],[-71.4023033335972,41.8243815168912],[-71.4023031037674,41.824381467177],[-71.4022983928672,41.8243804421851],[-71.4022887096106,41.8243793517404],[-71.4022788996879,41.8243792362552],[-71.402275705859,41.8243795198463],[-71.4022718354638,41.8243798631844],[-71.4022691737404,41.8243800986096],[-71.4022671641892,41.8243804849463],[-71.4022609404799,41.8243816816047],[-71.4022596810475,41.8243819245252],[-71.4022587308953,41.8243822127259],[-71.402250591377,41.8243846826347],[-71.4022421154816,41.824388302891],[-71.4022343749259,41.824391999401],[-71.4022104804805,41.824402237534],[-71.4021972535117,41.8244067081648],[-71.4021866429897,41.8244098476188],[-71.4021851991559,41.8244102452399],[-71.4021540706883,41.8244171945623],[-71.402142797782,41.8244189820379],[-71.4021399974016,41.8244193685991],[-71.4021061496266,41.8244224675397],[-71.4020894126407,41.8244238001836],[-71.4020888503315,41.8244199705592],[-71.4021133286807,41.8244041436396],[-71.4021100628952,41.8243805438511],[-71.4021094157583,41.8243755067988],[-71.4021077365006,41.8243637226209],[-71.4020751170536,41.8243467216128],[-71.4020732978172,41.824332012111],[-71.4020553808999,41.8243335652277],[-71.4020471716024,41.8242917842617],[-71.4020370267748,41.8242713288936],[-71.4020224138625,41.8242524471091],[-71.4020037509269,41.8242356803673],[-71.4019856331096,41.824223756115],[-71.4019654334062,41.824213877456],[-71.401943564376,41.8242062446166],[-71.401917545804,41.8242004701329],[-71.4018906353151,41.8241978415692],[-71.4018635068703,41.8241984252254],[-71.4018368429775,41.8242022081796],[-71.4018113118296,41.8242090928662],[-71.4018063908948,41.8242108326182],[-71.4018049697365,41.8242113590025],[-71.4018029812805,41.8242121207909],[-71.401802647647,41.824212259158],[-71.4018003905663,41.8242131530666],[-71.4017972385067,41.8242144639678],[-71.4017956353381,41.824215155859],[-71.4017944428818,41.8242156815383],[-71.4017864217035,41.8242194813175],[-71.4017712143638,41.8242280917693],[-71.401748378035,41.8242414233786],[-71.4017230519511,41.8242519419924],[-71.4016958491831,41.8242593924372],[-71.4016674308366,41.8242635943093],[-71.4016597760198,41.8242639514937],[-71.4016497153467,41.8242633117424],[-71.4016399358327,41.8242614288616],[-71.4016307130445,41.8242583544068],[-71.4016223032374,41.8242541741298],[-71.4016152907858,41.824249292784],[-71.4016093965356,41.8242436435054],[-71.4016047695252,41.8242373695757],[-71.4016015262735,41.8242306268538],[-71.4015997471654,41.8242235864731],[-71.401591323991,41.8241644656458]]]},"properties":{"FID":301,"Layer":"C-GREENS-2","Shape_Leng":996.215379808,"Shape__Area":8911.1605529785156,"Shape__Length":996.03460269464529,"GreenSpaceName":null}},{"type":"Feature","id":302,"geometry":{"type":"Polygon","coordinates":[[[-71.4018817921172,41.8245003968065],[-71.4018388556303,41.8245039911947],[-71.4018352269322,41.8245037008854],[-71.4018317144749,41.8245029614059],[-71.4018284169312,41.8245017926478],[-71.4018254269347,41.8245002280029],[-71.4018228286766,41.82449831166],[-71.401820694296,41.824496097701],[-71.4018190850862,41.8244936483018],[-71.4018029135834,41.824376961247],[-71.4017949539443,41.8243578051155],[-71.4017836670417,41.8243396086018],[-71.4017692521992,41.8243226932968],[-71.4017519653489,41.8243073574307],[-71.4017496900461,41.8243052081742],[-71.4017478327516,41.8243028449943],[-71.4017469708118,41.8243013334869],[-71.4017463545267,41.8242997555645],[-71.4017459934899,41.824298134644],[-71.4017457404583,41.8242927909108],[-71.4017471995608,41.8242808311445],[-71.4017511642555,41.8242691931418],[-71.4017572048234,41.8242586643322],[-71.4017653060811,41.8242489403877],[-71.4017752799112,41.8242402444312],[-71.4017916330648,41.8242301250885],[-71.401809725176,41.8242218232154],[-71.4018291972907,41.8242155059674],[-71.4018511558475,41.824211012228],[-71.4018737462947,41.8242089121274],[-71.401896507555,41.8242092493882],[-71.4019189702035,41.8242120164066],[-71.4019406733151,41.8242171569684],[-71.4019643520143,41.8242260275193],[-71.4019856526219,41.8242377969311],[-71.4020039485457,41.8242521180398],[-71.4020186999718,41.8242685690274],[-71.4020277165789,41.8242829407391],[-71.402034124831,41.8242980755145],[-71.4020378119804,41.8243137103586],[-71.4020408853481,41.8243348079411],[-71.4020235021061,41.8243360715985],[-71.4020147417895,41.8242909679063],[-71.4019916542792,41.8242930117894],[-71.4019888430713,41.8242752438858],[-71.4018758964722,41.8242843435334],[-71.4018779851022,41.8243007522097],[-71.4018539546308,41.8243023108769],[-71.4018817921172,41.8245003968065]]]},"properties":{"FID":302,"Layer":"C-GREENS-2","Shape_Leng":370.582341919,"Shape__Area":3209.3500518798828,"Shape__Length":370.43787579002708,"GreenSpaceName":null}},{"type":"Feature","id":303,"geometry":{"type":"Polygon","coordinates":[[[-71.4020776382765,41.8244726695941],[-71.4020727407109,41.8244401046308],[-71.4020915339567,41.8244385450557],[-71.4020909800745,41.8244347145381],[-71.4021076941903,41.8244333836751],[-71.4021244071017,41.8244320528087],[-71.4021339936253,41.8244310624995],[-71.4021435801485,41.8244300721896],[-71.4021530555081,41.8244285694908],[-71.4021625308686,41.8244270658908],[-71.4021718336631,41.8244250588533],[-71.4021811352532,41.8244230518139],[-71.4021902161102,41.8244205539006],[-71.4021992969651,41.824418056887],[-71.4022059255052,41.8244158161824],[-71.4022125540435,41.8244135763778],[-71.402216957009,41.8244120900635],[-71.4022241968703,41.8244091593177],[-71.4022317330213,41.8244061090784],[-71.4022358981698,41.8244042840331],[-71.4022431159371,41.8244008418743],[-71.4022503337037,41.824397399715],[-71.4022581217112,41.8243941606169],[-71.4022665210115,41.8243918331822],[-71.402275279925,41.8243904883236],[-71.4022841636954,41.8243901501504],[-71.4022931241343,41.8243908456318],[-71.4023017881511,41.8243925393372],[-71.4023100053367,41.8243951969259],[-71.4023175843947,41.8243987588129],[-71.4023243509118,41.8244031447197],[-71.4023301461731,41.8244082410687],[-71.4023348463529,41.8244139460165],[-71.4023383240759,41.8244201172011],[-71.4023405109392,41.8244266177129],[-71.4023413482202,41.8244332773377],[-71.4023414058859,41.8244357272113],[-71.4023413589391,41.8244357289721],[-71.4022983084015,41.82443758758],[-71.4022998570876,41.8244402710094],[-71.4023008494475,41.8244430989203],[-71.4023012615071,41.8244460055676],[-71.4023010837367,41.8244489252183],[-71.4023003222547,41.8244517921529],[-71.4022989928089,41.8244545406599],[-71.4022971255859,41.8244571086415],[-71.4022958851573,41.8244583104404],[-71.4022944174646,41.8244593580879],[-71.4022927538396,41.8244602282018],[-71.4022909340356,41.8244609001081],[-71.4022889990015,41.8244613585358],[-71.4022869944926,41.8244615936201],[-71.4022849650552,41.8244615990965],[-71.402258005681,41.8244625395243],[-71.4022583229777,41.8245008447501],[-71.4021754423016,41.8245017897828],[-71.4021668161691,41.8244657130244],[-71.4020776382765,41.8244726695941]]]},"properties":{"FID":303,"Layer":"C-GREENS-2","Shape_Leng":204.460588486,"Shape__Area":1553.4248657226563,"Shape__Length":204.44976374207647,"GreenSpaceName":null}},{"type":"Feature","id":304,"geometry":{"type":"Polygon","coordinates":[[[-71.4017281164848,41.8251827958771],[-71.4017308664075,41.8251760708917],[-71.4017347545457,41.8251696674007],[-71.4017369057791,41.8251671698979],[-71.4017395681388,41.8251649663431],[-71.4017426717229,41.8251631133978],[-71.4017461358076,41.8251616605115],[-71.4017498688519,41.8251606463206],[-71.4017537721121,41.8251600968505],[-71.4018906838135,41.8251493305586],[-71.4020064736399,41.8251403908831],[-71.4020081889631,41.8251403644358],[-71.4020098883348,41.82514053695],[-71.4020115320395,41.82514090389],[-71.4020130803673,41.825141457119],[-71.4020144948202,41.825142183099],[-71.4020156070717,41.8251429556388],[-71.4020165662891,41.8251438351885],[-71.4020173544418,41.8251448055266],[-71.4020176348186,41.8251456520851],[-71.4020177370127,41.825146521],[-71.4020187820197,41.8251495551357],[-71.4019227997306,41.8251573502987],[-71.4019299324891,41.8252112597242],[-71.4018755882829,41.8252154458127],[-71.4018771002972,41.8252287460214],[-71.4018060053334,41.8252344582487],[-71.4018043341513,41.8252213496754],[-71.4017411883812,41.8252263411829],[-71.401740182228,41.8252191592132],[-71.401732432986,41.8252197927259],[-71.4017298655903,41.8252016117714],[-71.4017279644638,41.8251924734982],[-71.401727378367,41.8251892533821],[-71.4017274302802,41.8251860041007],[-71.4017281164848,41.8251827958771]]]},"properties":{"FID":304,"Layer":"C-GREENS-2","Shape_Leng":211.989216513,"Shape__Area":1439.7040710449219,"Shape__Length":211.97126766614892,"GreenSpaceName":null}},{"type":"Feature","id":305,"geometry":{"type":"Polygon","coordinates":[[[-71.4020744899704,41.8251848617408],[-71.4020690786998,41.8251457607779],[-71.4020324264722,41.8251484845647],[-71.4020321134907,41.8251461272086],[-71.4020321878129,41.8251447497522],[-71.4020325678338,41.8251434004672],[-71.4020332438648,41.8251421180597],[-71.4020341953893,41.8251409376255],[-71.402035398281,41.825139893357],[-71.4020368163862,41.8251390131338],[-71.4020384123517,41.8251383221336],[-71.4020401392026,41.8251378401239],[-71.4020419487702,41.8251375805685],[-71.4020463320348,41.8251372088646],[-71.4020678691231,41.8251338140399],[-71.4020877100692,41.8251281255007],[-71.4021078566928,41.8251193157408],[-71.4021257091371,41.8251080749063],[-71.4021286273052,41.8251062425004],[-71.4021319240261,41.825104813769],[-71.4021355017351,41.8251038309451],[-71.4021392508472,41.8251033254472],[-71.4021430618048,41.8251033106869],[-71.4021468190509,41.8251037874662],[-71.4021504094592,41.8251047412833],[-71.4021537259412,41.8251061450368],[-71.4021566698602,41.8251079545261],[-71.4021591510179,41.8251101174547],[-71.4021610972935,41.825112567136],[-71.4021624498136,41.825115232393],[-71.4021631677768,41.8251180312602],[-71.4021676141701,41.8251505166016],[-71.4021674515653,41.8251561201772],[-71.4021660204063,41.8251616227348],[-71.4021633630679,41.8251668631494],[-71.4021595556122,41.8251716911292],[-71.4021547089939,41.8251759663155],[-71.4021489630333,41.8251795636802],[-71.402142483997,41.8251823816262],[-71.4021354609958,41.8251843356827],[-71.4021280963364,41.8251853711012],[-71.4020714625885,41.825189638163],[-71.4020708411009,41.8251851440379],[-71.4020744899704,41.8251848617408]]]},"properties":{"FID":305,"Layer":"C-GREENS-2","Shape_Leng":117.47881294,"Shape__Area":678.57610321044922,"Shape__Length":117.40643399356722,"GreenSpaceName":null}},{"type":"Feature","id":306,"geometry":{"type":"Polygon","coordinates":[[[-71.4014259017085,41.8251857952679],[-71.4014798390713,41.8251816054418],[-71.4015417802701,41.825176376256],[-71.401543153524,41.8251764917762],[-71.4015444807652,41.8251767846238],[-71.401545718677,41.8251772439577],[-71.4015468323713,41.8251778571432],[-71.4015477869708,41.8251786043429],[-71.401548554822,41.8251794648254],[-71.4015491106885,41.8251804115588],[-71.4015494401699,41.8251814157199],[-71.4015495312747,41.8251824475872],[-71.4015493828474,41.8251834756479],[-71.4015489985461,41.8251844692935],[-71.401545953768,41.8251903612078],[-71.401543142674,41.8251961452814],[-71.4015427739559,41.8251971812564],[-71.4015421934708,41.8251981612287],[-71.4015414169015,41.8251990627034],[-71.4015404623395,41.8251998622872],[-71.4015393538864,41.825200541994],[-71.4015381180514,41.8252010838395],[-71.4015367837414,41.8252014761442],[-71.4015353846767,41.825201708133],[-71.4015169505068,41.8252036568715],[-71.4015132354009,41.8252039580012],[-71.4015115798555,41.8251924673473],[-71.4014199596398,41.8251995041425],[-71.4014186926106,41.8251913468782],[-71.4014223367209,41.8251910303848],[-71.4014220053016,41.8251905061027],[-71.4014217931018,41.8251899477101],[-71.4014217085238,41.8251893705197],[-71.4014217515429,41.8251887907379],[-71.4014219221342,41.8251882245707],[-71.4014222154594,41.8251876873196],[-71.4014226242727,41.8251871942843],[-71.4014231365178,41.8251867580591],[-71.4014237365271,41.8251863912355],[-71.4014244110447,41.8251861037056],[-71.4014251395966,41.8251859026547],[-71.4014259017085,41.8251857952679]]]},"properties":{"FID":306,"Layer":"C-GREENS-2","Shape_Leng":85.5342071598,"Shape__Area":204.35689544677734,"Shape__Length":85.522863399452064,"GreenSpaceName":null}},{"type":"Feature","id":307,"geometry":{"type":"Polygon","coordinates":[[[-71.4013124584907,41.825260879827],[-71.4013120171188,41.8252535713909],[-71.4013132464186,41.8252463130084],[-71.4013161099507,41.8252393180286],[-71.4013205255513,41.8252327889573],[-71.4013263617204,41.825226918354],[-71.4013334496758,41.8252218771381],[-71.4013415821548,41.8252178118867],[-71.4013505206411,41.8252148412396],[-71.4013600049988,41.8252130532065],[-71.4013697582957,41.8252124997692],[-71.4013761215221,41.8252585026853],[-71.401325200814,41.8252625428966],[-71.4013275344275,41.825280821796],[-71.4013158944789,41.8252816536146],[-71.4013124584907,41.825260879827]]]},"properties":{"FID":307,"Layer":"C-GREENS-2","Shape_Leng":75.0077602161,"Shape__Area":263.18513488769531,"Shape__Length":74.975270718992149,"GreenSpaceName":null}},{"type":"Feature","id":308,"geometry":{"type":"Polygon","coordinates":[[[-71.4013138250125,41.8253445522653],[-71.4013153659103,41.8253554305923],[-71.4013009894402,41.8253565697752],[-71.4012996471803,41.825345676313],[-71.4013138250125,41.8253445522653]]]},"properties":{"FID":308,"Layer":"C-GREENS-2","Shape_Leng":15.7989801793,"Shape__Area":15.598419189453125,"Shape__Length":15.798980174277816,"GreenSpaceName":null}},{"type":"Feature","id":309,"geometry":{"type":"Polygon","coordinates":[[[-71.4013095571572,41.8253144376398],[-71.4013111135388,41.8253254222202],[-71.4012965276022,41.8253265792294],[-71.4012948953812,41.8253155999857],[-71.4013095571572,41.8253144376398]]]},"properties":{"FID":309,"Layer":"C-GREENS-2","Shape_Leng":16.0671247631,"Shape__Area":16.134346008300781,"Shape__Length":16.067124770309622,"GreenSpaceName":null}},{"type":"Feature","id":310,"geometry":{"type":"Polygon","coordinates":[[[-71.4013054393445,41.8252853837429],[-71.4013070076303,41.825296453866],[-71.401292626357,41.8252975939441],[-71.401291401172,41.8252864971055],[-71.4013054393445,41.8252853837429]]]},"properties":{"FID":310,"Layer":"C-GREENS-2","Shape_Leng":15.9033998611,"Shape__Area":15.798675537109375,"Shape__Length":15.90339986830814,"GreenSpaceName":null}},{"type":"Feature","id":311,"geometry":{"type":"Polygon","coordinates":[[[-71.400878344591,41.8244950453372],[-71.4008744292632,41.8244667604857],[-71.4008724906519,41.8244383152785],[-71.4008722716977,41.8244351170827],[-71.4008727376223,41.8244319338833],[-71.40087387506,41.8244288466994],[-71.4008756562036,41.8244259347368],[-71.4008780351974,41.8244232726842],[-71.4008809505489,41.8244209280139],[-71.40088432874,41.8244189609854],[-71.4008880830269,41.8244174219425],[-71.4008921170548,41.824416349517],[-71.4008963284653,41.8244157724312],[-71.4009787911416,41.8244095051522],[-71.4010332906412,41.8244064666539],[-71.4010437666315,41.8244063073153],[-71.401054128638,41.8244074731777],[-71.4010640794007,41.8244099306726],[-71.4010733325509,41.8244136084266],[-71.4010816222324,41.8244184026719],[-71.4010887115315,41.8244241745523],[-71.401094397279,41.8244307582307],[-71.4010985148584,41.8244379653945],[-71.4011009265815,41.8244460993398],[-71.4011014855324,41.8244544198609],[-71.4011001776262,41.8244626928574],[-71.4010970381255,41.8244706869723],[-71.4010921576556,41.8244781753978],[-71.4010856701505,41.8244849475696],[-71.4010777612709,41.8244908136755],[-71.4010686527515,41.8244956082437],[-71.4010586011858,41.8244991973443],[-71.4010478883979,41.8245014776808],[-71.4009135775792,41.8245124639957],[-71.4009088918821,41.8245130568791],[-71.4009041408924,41.8245130590831],[-71.4008994546105,41.8245124698195],[-71.400894964213,41.8245113063079],[-71.4008907948354,41.8245096001683],[-71.4008870631612,41.8245074001196],[-71.400883872615,41.8245047665739],[-71.4008813121578,41.8245017725356],[-71.4008794514744,41.8244985017963],[-71.400878344591,41.8244950453372]]]},"properties":{"FID":311,"Layer":"C-GREENS-2","Shape_Leng":172.974099115,"Shape__Area":2027.472412109375,"Shape__Length":172.88346271288634,"GreenSpaceName":null}},{"type":"Feature","id":312,"geometry":{"type":"Polygon","coordinates":[[[-71.4007121956532,41.8243527733116],[-71.4006099701894,41.8242364555429],[-71.4006099065108,41.8242363798592],[-71.4006166072435,41.8242357383123],[-71.4006087426264,41.824209862044],[-71.4006076117521,41.8242040295646],[-71.4006077304022,41.8241981360428],[-71.4006090947342,41.8241923309318],[-71.4006116708177,41.8241867609575],[-71.400612022,41.8241861733394],[-71.40061211371,41.8241860248627],[-71.4006158371768,41.8241810600091],[-71.4006205312713,41.8241765794775],[-71.4006260874987,41.8241726885138],[-71.4006323733099,41.8241694797382],[-71.4006464901544,41.8241640430921],[-71.4006612217287,41.8241596135558],[-71.4007457089218,41.8241532050405],[-71.4007590661747,41.8241571555676],[-71.4007713629151,41.8241627068816],[-71.4007822599387,41.8241697065325],[-71.4008098739167,41.8241906695831],[-71.4008259908925,41.8243173126915],[-71.4008367605663,41.8243873666241],[-71.400836326485,41.8243901942166],[-71.4008353039303,41.8243929357689],[-71.4008337206914,41.8243955237794],[-71.4008316141813,41.8243978943562],[-71.4008290362503,41.8243999881217],[-71.400826051977,41.8244017538127],[-71.4008227348533,41.8244031482762],[-71.4008139133034,41.824404501073],[-71.4008049152631,41.8244047805118],[-71.4007959742602,41.8244039795913],[-71.4007873189662,41.8244021183166],[-71.4007791743966,41.8243992455006],[-71.4007717486779,41.8243954342504],[-71.400739858328,41.8243757549822],[-71.4007121956532,41.8243527733116]]]},"properties":{"FID":312,"Layer":"C-GREENS-2","Shape_Leng":250.380796173,"Shape__Area":3766.629280090332,"Shape__Length":250.29878688911793,"GreenSpaceName":null}},{"type":"Feature","id":313,"geometry":{"type":"Polygon","coordinates":[[[-71.400639896366,41.8244412042957],[-71.4006342736358,41.8244055693856],[-71.4006281659654,41.824362057883],[-71.4006278187475,41.8243593025429],[-71.4006280866254,41.8243565414325],[-71.4006289658669,41.8243538528781],[-71.4006304286743,41.8243513097833],[-71.4006324352144,41.8243489841406],[-71.4006349312208,41.8243469407277],[-71.4006378455895,41.824345235304],[-71.400641098803,41.8243439155188],[-71.400644599324,41.8243430182066],[-71.4006482508195,41.8243425675936],[-71.4006519509537,41.8243425779964],[-71.4006555986208,41.8243430466267],[-71.4006590903202,41.8243439625909],[-71.4006757440467,41.8243513354689],[-71.4006905627625,41.8243606460899],[-71.4007632055063,41.824419183236],[-71.4007760797227,41.8244311967868],[-71.4007864988628,41.8244444749938],[-71.4007942454867,41.8244587394648],[-71.4007991551469,41.8244736920461],[-71.4008011260142,41.824489017531],[-71.4007999248647,41.8244904876489],[-71.400798421841,41.8244917936443],[-71.4007966579215,41.8244929013396],[-71.4007946776873,41.8244937819625],[-71.4007925329348,41.8244944112484],[-71.4007902802626,41.8244947730401],[-71.4007879798679,41.8244948592867],[-71.4007856907373,41.8244946664376],[-71.4007227543307,41.8244751854316],[-71.4006515763502,41.8244533140641],[-71.4006489370668,41.8244522646863],[-71.4006465425786,41.8244509274115],[-71.4006444457992,41.8244493337972],[-71.4006426972268,41.8244475208012],[-71.4006413365177,41.8244455307737],[-71.400640396102,41.8244434087598],[-71.400639896366,41.8244412042957]]]},"properties":{"FID":313,"Layer":"C-GREENS-2","Shape_Leng":160.163835224,"Shape__Area":1422.6801376342773,"Shape__Length":160.10102825735385,"GreenSpaceName":null}},{"type":"Feature","id":314,"geometry":{"type":"Polygon","coordinates":[[[-71.400658918783,41.8244744063716],[-71.4006615921634,41.8244744230889],[-71.4006642204699,41.8244747872983],[-71.4006667242785,41.8244754863264],[-71.4007225519106,41.8244924573748],[-71.400787706157,41.8245130990337],[-71.4008024306625,41.8245210932619],[-71.4007994845301,41.8245394756558],[-71.4007931302816,41.8245573698231],[-71.4007834924396,41.8245744229377],[-71.4007505978747,41.8246234900485],[-71.4007193839938,41.8246660833586],[-71.4007178267728,41.8246689640002],[-71.4007156271558,41.8246715991942],[-71.4007128514671,41.8246739106683],[-71.4007095840741,41.8246758282688],[-71.4007059213614,41.8246772944574],[-71.4007019765462,41.8246782643147],[-71.4006978652266,41.8246787100303],[-71.4006937138133,41.8246786173079],[-71.4006896450792,41.8246779889546],[-71.400685784181,41.8246768430856],[-71.4006822466181,41.8246752158142],[-71.4006791370371,41.8246731558493],[-71.4006765516391,41.8246707244973],[-71.4006745661429,41.8246679956515],[-71.4006732430154,41.8246650503964],[-71.4006726194321,41.8246619787984],[-71.4006582263091,41.8245657425411],[-71.4006462831819,41.8244809049003],[-71.4006476400022,41.8244791819231],[-71.4006493756727,41.82447766185],[-71.4006514371613,41.8244763896522],[-71.4006537630183,41.8244754048913],[-71.4006562833837,41.8244747372182],[-71.400658918783,41.8244744063716]]]},"properties":{"FID":314,"Layer":"C-GREENS-2","Shape_Leng":189.704215326,"Shape__Area":1973.4155654907227,"Shape__Length":189.65592367519002,"GreenSpaceName":null}},{"type":"Feature","id":315,"geometry":{"type":"Polygon","coordinates":[[[-71.4007187139953,41.8247226655308],[-71.4007341772088,41.8246888378245],[-71.4007534640324,41.82465612804],[-71.4007852184883,41.8246079845929],[-71.4008163106251,41.8245646753892],[-71.4008183931814,41.8245622309642],[-71.4008209411658,41.8245600471392],[-71.4008238943214,41.8245581706798],[-71.4008271887857,41.8245566447471],[-71.4008307510806,41.8245555034907],[-71.400833620352,41.8245549441556],[-71.4008365685616,41.8245547126124],[-71.4008395307042,41.8245548124061],[-71.4008424393746,41.8245552425783],[-71.4008452295883,41.8245559931691],[-71.4008478387799,41.8245570470181],[-71.4008570012715,41.8245562959399],[-71.4008779731675,41.8247147945419],[-71.4008781132063,41.8247231138019],[-71.4008763467457,41.824731328778],[-71.4008727271242,41.8247391955242],[-71.4008673582146,41.8247464836429],[-71.4008604016481,41.8247529753912],[-71.40085517928,41.8247565614388],[-71.4008493691486,41.824759598672],[-71.4008430724467,41.8247620340579],[-71.400795303135,41.824774814552],[-71.4007836605915,41.8247766024753],[-71.4007717937495,41.8247770964154],[-71.4007599590143,41.8247762857898],[-71.4007484091384,41.8247741870229],[-71.4007373956245,41.8247708462496],[-71.4007271542869,41.8247663357008],[-71.4007124662081,41.8247573277122],[-71.4006999148544,41.8247466622427],[-71.4006898332146,41.8247346213871],[-71.4006887504979,41.8247326667139],[-71.4006881301712,41.8247306025989],[-71.4006879901965,41.8247284893805],[-71.4006883340888,41.8247263891852],[-71.4006891521227,41.824724364128],[-71.4006904213359,41.8247224736116],[-71.4006921019229,41.8247207716216],[-71.4006941468588,41.8247193103374],[-71.400696494691,41.8247181311213],[-71.4006990779582,41.8247172690283],[-71.4007018195848,41.8247167492012],[-71.4007046401032,41.8247165868771],[-71.4007074552462,41.8247167873852],[-71.4007101843759,41.8247173443534],[-71.4007127456658,41.8247182415049],[-71.4007150657309,41.8247194526665],[-71.4007170748122,41.8247209417642],[-71.4007187139953,41.8247226655308]]]},"properties":{"FID":315,"Layer":"C-GREENS-2","Shape_Leng":217.943243738,"Shape__Area":2468.53231048584,"Shape__Length":217.84067153598295,"GreenSpaceName":null}},{"type":"Feature","id":316,"geometry":{"type":"Polygon","coordinates":[[[-71.4023200080548,41.8247349333365],[-71.4023176417206,41.824717418816],[-71.402209908941,41.8247272281907],[-71.4022116200805,41.8247433925463],[-71.4021872811052,41.8247458729683],[-71.4021935052704,41.8247863206284],[-71.4021407056069,41.8247906261024],[-71.4021609500751,41.8249356970787],[-71.4021826407509,41.8249341552623],[-71.4021826702374,41.8249361351344],[-71.4021822604084,41.8249380912236],[-71.4021814221806,41.8249399686184],[-71.402180179705,41.8249417169205],[-71.4021785667603,41.8249432866397],[-71.4021766279494,41.8249446345979],[-71.4021744174965,41.8249457230269],[-71.4021719956318,41.8249465222667],[-71.4021694297956,41.8249470107667],[-71.4021667922335,41.8249471732826],[-71.4021641190743,41.8249469981407],[-71.4021615222554,41.8249464899381],[-71.4021590763846,41.8249456631437],[-71.4021568500358,41.8249445421251],[-71.4021549069587,41.8249431575483],[-71.4021533000545,41.8249415499736],[-71.4021520774055,41.8249397626581],[-71.4021515075346,41.8249385224049],[-71.4021362473469,41.8248434254285],[-71.4021226256649,41.8247386962094],[-71.4021204548034,41.8247240674404],[-71.4021195538074,41.8247173672446],[-71.4021201256596,41.824713353117],[-71.4021215627852,41.8247094612725],[-71.4021238277092,41.8247057970189],[-71.4021268613019,41.8247024575424],[-71.4021297549404,41.8247001218255],[-71.4021330152704,41.824698072729],[-71.4021365916845,41.8246963444226],[-71.4021406442883,41.8246949280392],[-71.4021449165242,41.8246939350026],[-71.4021493289223,41.8246933823512],[-71.4022193016287,41.8246914818944],[-71.4022545374346,41.8246899461912],[-71.4023134964274,41.8246990420579],[-71.4023710855366,41.824712159448],[-71.4023884387718,41.8247180345064],[-71.4024042481267,41.8247259826332],[-71.4024180745887,41.8247357819726],[-71.4024295345871,41.824747162998],[-71.4024383108273,41.8247598076206],[-71.4024441606901,41.8247733672034],[-71.4024469198397,41.8247874643651],[-71.4024484671888,41.8248061054125],[-71.4024494902133,41.8248133225042],[-71.4023840106546,41.8248184870496],[-71.402385292192,41.8248314332232],[-71.4023588315949,41.8248327720485],[-71.4023440073753,41.8247333781469],[-71.4023200080548,41.8247349333365]]]},"properties":{"FID":316,"Layer":"C-GREENS-2","Shape_Leng":424.211761926,"Shape__Area":2206.7713470458984,"Shape__Length":424.13162057572515,"GreenSpaceName":null}},{"type":"Feature","id":317,"geometry":{"type":"Polygon","coordinates":[[[-71.4017340750655,41.824708730705],[-71.4017204544382,41.8246053330393],[-71.4017078885529,41.824511208872],[-71.4016898080521,41.8245126456478],[-71.4016830349806,41.8244645680095],[-71.4017003209163,41.824463205283],[-71.4016932589007,41.8244120158232],[-71.4017004217237,41.8244114628419],[-71.4016998579352,41.8244070416911],[-71.4017572325324,41.8244019615382],[-71.4017621151887,41.8244032252892],[-71.4017666840583,41.824405029876],[-71.4017708320746,41.8244073346916],[-71.401774461821,41.8244100856324],[-71.4017774891397,41.8244132169017],[-71.4017798431214,41.8244166573121],[-71.4017952871458,41.8245296766635],[-71.4018041385287,41.8245978183422],[-71.4018048780814,41.8246250758601],[-71.4018000484828,41.8246520981303],[-71.4017897638392,41.8246782532109],[-71.4017742646174,41.824702928175],[-71.4017539128054,41.8247255453117],[-71.4017291870779,41.8247455756284],[-71.4017129359486,41.8247550053882],[-71.4016947731095,41.8247622240761],[-71.4016752297168,41.8247670205659],[-71.4016548801515,41.8247692548956],[-71.401638395709,41.8247691021293],[-71.4016365926647,41.8247690375617],[-71.4016173842452,41.8247665280715],[-71.4015989882802,41.8247616891949],[-71.4015819089215,41.8247546519133],[-71.4015802099431,41.8247534440025],[-71.4015787302709,41.8247520841221],[-71.4015774951494,41.8247505939019],[-71.4015767053192,41.8247491544823],[-71.4015761683623,41.8247476522555],[-71.4015758938736,41.8247461097384],[-71.4015723106756,41.8247208179257],[-71.4015736782281,41.8247207200601],[-71.4015958876954,41.824719141885],[-71.4015977403731,41.824734744559],[-71.4016502414607,41.8247312574877],[-71.4017122641799,41.8247251648536],[-71.4017114874923,41.8247096207238],[-71.4017340750655,41.824708730705]]]},"properties":{"FID":317,"Layer":"C-GREENS-2","Shape_Leng":383.895051819,"Shape__Area":3094.6371917724609,"Shape__Length":383.77692185190449,"GreenSpaceName":null}},{"type":"Feature","id":318,"geometry":{"type":"Polygon","coordinates":[[[-71.4017313096036,41.8242879356389],[-71.40173128967,41.8242883767884],[-71.4017311698425,41.8242888097493],[-71.4017309537543,41.8242892201194],[-71.4017306486426,41.8242895980011],[-71.4017302617474,41.8242899316962],[-71.4017298051209,41.8242902113113],[-71.4017292908122,41.8242904287535],[-71.4017287356812,41.8242905786354],[-71.4017281541807,41.8242906555672],[-71.4017275643685,41.8242906577636],[-71.4017269818928,41.8242905852381],[-71.4017264236024,41.8242904398058],[-71.4017259075458,41.8242902259838],[-71.4017254469538,41.8242899500857],[-71.401709979068,41.8242823748977],[-71.4016933424489,41.8242763427903],[-71.4016927950882,41.8242761343434],[-71.4016923019928,41.8242758611184],[-71.4016918775958,41.8242755303305],[-71.4016915327181,41.8242751500919],[-71.4016912757662,41.8242747330147],[-71.4016911163531,41.8242742899111],[-71.4016910580719,41.8242738324886],[-71.4016911033081,41.8242733751547],[-71.4016912484339,41.8242729287104],[-71.4016914922237,41.8242725075599],[-71.4016918250314,41.8242721224993],[-71.4016922396184,41.8242717843264],[-71.401692723934,41.8242715020342],[-71.4016932647238,41.8242712846147],[-71.4016938463317,41.8242711374567],[-71.4017138020218,41.8242666132187],[-71.4017330221783,41.8242605640728],[-71.4017336014075,41.8242603980054],[-71.4017342106132,41.8242603075922],[-71.4017348305325,41.8242602955177],[-71.4017354455186,41.8242603608683],[-71.4017360351088,41.8242605036263],[-71.4017365860709,41.8242607183785],[-71.401737079154,41.8242609997063],[-71.401737502335,41.8242613385961],[-71.4017378435895,41.8242617269344],[-71.4017380921034,41.8242621521074],[-71.4017382418763,41.8242626024054],[-71.401738286909,41.8242630652186],[-71.4017382284257,41.8242635270429],[-71.4017380652421,41.8242639752725],[-71.4017335478027,41.8242757757635],[-71.4017313096036,41.8242879356389]]]},"properties":{"FID":318,"Layer":"C-GREENS-2","Shape_Leng":37.5493796751,"Shape__Area":74.599525451660156,"Shape__Length":37.521297700176632,"GreenSpaceName":null}},{"type":"Feature","id":319,"geometry":{"type":"Polygon","coordinates":[[[-71.4011568797106,41.8246507605142],[-71.401142477299,41.8245491375764],[-71.401118492614,41.8245513767859],[-71.4011163897145,41.8245349752869],[-71.4010422479995,41.8245404881455],[-71.4010406800561,41.8245292370494],[-71.401040657295,41.824528384408],[-71.4010408078549,41.8245275391187],[-71.4010411280954,41.8245267200854],[-71.4010416119662,41.8245259480107],[-71.4010422474041,41.8245252399907],[-71.401043027155,41.8245246167269],[-71.4010439271241,41.8245240917038],[-71.4010449244219,41.8245236775063],[-71.4010459949607,41.824523383117],[-71.4010471146527,41.8245232175187],[-71.4010646581636,41.8245218839206],[-71.4010860538168,41.8245219086482],[-71.4011072875941,41.8245238752654],[-71.4011191040046,41.8245256158905],[-71.4011304526234,41.8245286318931],[-71.4011410892009,41.8245328582389],[-71.4011507839733,41.8245382028955],[-71.4011760157293,41.824553154039],[-71.4012034755973,41.8245657184917],[-71.4012327606171,41.8245757140371],[-71.4012640465782,41.8245831066121],[-71.4012963108438,41.8245875649114],[-71.4013014608022,41.8245879951971],[-71.4013279712877,41.8245909593818],[-71.4013431533165,41.8245942271499],[-71.4013578751746,41.8245985137055],[-71.4013786393327,41.8246068929893],[-71.4013976007124,41.8246173946234],[-71.4014143756643,41.8246298039986],[-71.4014286227225,41.8246438705282],[-71.4014400546423,41.8246593076589],[-71.4014406220717,41.824660559618],[-71.401440911367,41.8246618635582],[-71.4014409117474,41.8246631852573],[-71.4014406256743,41.8246644896041],[-71.4014400592185,41.824665742391],[-71.401439228082,41.8246669085182],[-71.401438155179,41.8246679591945],[-71.4014368682403,41.8246688647324],[-71.4014354010053,41.8246696017521],[-71.4014337932262,41.8246701504801],[-71.4014320870547,41.8246704965472],[-71.4014303294487,41.8246706309904],[-71.4014302728736,41.8246706318422],[-71.4013972647683,41.8246731712828],[-71.4013968430951,41.82467027993],[-71.4013894551245,41.8246708489052],[-71.4013828666573,41.8246194833683],[-71.4012190609082,41.824632384047],[-71.4012208376389,41.8246456502803],[-71.4011568797106,41.8246507605142]]]},"properties":{"FID":319,"Layer":"C-GREENS-2","Shape_Leng":304.76785425,"Shape__Area":1642.2102966308594,"Shape__Length":304.67349480643287,"GreenSpaceName":null}},{"type":"Feature","id":320,"geometry":{"type":"Polygon","coordinates":[[[-71.4011009446709,41.824038546134],[-71.4011233396014,41.8240359778359],[-71.4011112448804,41.8239507583608],[-71.4010814817116,41.8239536588398],[-71.4010806202989,41.823946343737],[-71.4012274288704,41.8239330712052],[-71.4012423856479,41.824038173533],[-71.4012316512634,41.8240388962803],[-71.4012344786798,41.8240600729038],[-71.4012353882049,41.8240705563425],[-71.4012346839946,41.8240745073286],[-71.4012331506496,41.8240783243515],[-71.4012308244295,41.8240819102057],[-71.4012277668607,41.8240851749099],[-71.4012240551091,41.8240880338987],[-71.4012197831715,41.8240904161258],[-71.4012150594738,41.8240922604615],[-71.4012100032543,41.8240935192901],[-71.4012047445583,41.8240941621119],[-71.4011618900047,41.8240970720595],[-71.4011181990197,41.8241006763336],[-71.4011154470619,41.8241008891459],[-71.401114354833,41.824096509853],[-71.4011123282487,41.8240923215282],[-71.4011094188974,41.8240884349576],[-71.4011057060659,41.8240849519479],[-71.4011012859051,41.8240819662169],[-71.4010962774579,41.8240795570971],[-71.401090813034,41.8240777868258],[-71.4010850357971,41.8240767041445],[-71.401079100981,41.824076336197],[-71.4010765574918,41.8240763997315],[-71.4010707971292,41.8240768665488],[-71.4010617333676,41.8240776456397],[-71.4010484539834,41.8240692439347],[-71.4010459360047,41.8240691562334],[-71.4010420740988,41.8240694662249],[-71.4010409881391,41.8240618006963],[-71.4010448320932,41.8240614231639],[-71.4010522415065,41.8240609559676],[-71.4011036012092,41.8240565363108],[-71.4011009446709,41.824038546134]]]},"properties":{"FID":320,"Layer":"C-GREENS-2","Shape_Leng":231.602900821,"Shape__Area":2039.4721145629883,"Shape__Length":231.57284008842677,"GreenSpaceName":null}},{"type":"Feature","id":321,"geometry":{"type":"Polygon","coordinates":[[[-71.401017688251,41.8241017359032],[-71.4010174443014,41.8240960059303],[-71.4010494027783,41.8240932919287],[-71.4010489002012,41.8240897981772],[-71.4010626035901,41.8240886206315],[-71.4010771135506,41.8240873771536],[-71.4010805633756,41.8240873405094],[-71.4010839764526,41.8240877179898],[-71.4010872649292,41.8240884987151],[-71.4010903433728,41.8240896637045],[-71.401093132386,41.8240911831786],[-71.4010955598099,41.8240930165598],[-71.4010975631236,41.8240951178771],[-71.401097940945,41.824095988831],[-71.4010981189004,41.8240968947261],[-71.4010980946213,41.8240978103508],[-71.4010978669428,41.8240987104946],[-71.4010974431258,41.8240995699543],[-71.4010968340408,41.8241003644299],[-71.4010960565728,41.824101072328],[-71.4010951336222,41.8241016738607],[-71.4010940904914,41.8241021528437],[-71.4010929548874,41.8241024948954],[-71.4010917593221,41.8241026919408],[-71.4010286773326,41.8241075894774],[-71.4010266469702,41.8241074211653],[-71.4010246832002,41.8241069999149],[-71.4010228437829,41.8241063365803],[-71.4010211792441,41.824105450112],[-71.4010197388959,41.8241043657621],[-71.4010185648177,41.8241031159791],[-71.401017688251,41.8241017359032]]]},"properties":{"FID":321,"Layer":"C-GREENS-2","Shape_Leng":51.3300813264,"Shape__Area":109.80438232421875,"Shape__Length":51.31420518673837,"GreenSpaceName":null}},{"type":"Feature","id":322,"geometry":{"type":"Polygon","coordinates":[[[-71.4009368807186,41.8241363275282],[-71.4011073974245,41.8241231674278],[-71.4011091611981,41.8241229267548],[-71.4011108494636,41.8241224753373],[-71.4011124164642,41.8241218239398],[-71.401113821247,41.8241209905341],[-71.4011150264643,41.8241199966961],[-71.40111599837,41.8241188703072],[-71.4011167128461,41.8241176401577],[-71.4011171493786,41.8241163395424],[-71.4011172982855,41.824115002666],[-71.4011172394268,41.8241141409901],[-71.4012060951886,41.8241074135748],[-71.4012517312737,41.8241038478534],[-71.4012537056713,41.8241177219868],[-71.4012428049462,41.8241185868458],[-71.4012439435943,41.8241264468911],[-71.4012450464987,41.8241340683156],[-71.4011189243098,41.8241440526299],[-71.4010250576526,41.8241514833275],[-71.4009233023087,41.8241594923656],[-71.4009290037589,41.8242027144947],[-71.4009368093706,41.8242021387064],[-71.4009372093565,41.8242050282418],[-71.4008558053806,41.8242110371071],[-71.4008646411086,41.8242800701846],[-71.400860775628,41.8242803477547],[-71.4008586562015,41.8242801703593],[-71.4008566069946,41.8242797301252],[-71.4008546857648,41.8242790397071],[-71.4008529454455,41.8242781180577],[-71.4008514341426,41.8242769922289],[-71.4008501975476,41.8242756937719],[-71.4008427495369,41.8242200229339],[-71.4008346778352,41.8241636970095],[-71.4008351117658,41.8241601860588],[-71.4008362918323,41.8241567729889],[-71.400838185402,41.8241535442042],[-71.4008407441978,41.8241505833946],[-71.4008439031026,41.8241479670328],[-71.4008475813666,41.8241457616742],[-71.4008516826059,41.8241440248572],[-71.4008561032354,41.8241428006091],[-71.4009368807186,41.8241363275282]]]},"properties":{"FID":322,"Layer":"C-GREENS-2","Shape_Leng":334.822679834,"Shape__Area":1497.8837127685547,"Shape__Length":334.80273536626544,"GreenSpaceName":null}},{"type":"Feature","id":323,"geometry":{"type":"Polygon","coordinates":[[[-71.4007103426588,41.8240928742172],[-71.400709684302,41.8240881603691],[-71.4007760844663,41.8240835197697],[-71.4007741832795,41.8240690721748],[-71.4008381879319,41.8240637488132],[-71.4008405716415,41.8240767463761],[-71.4008983040747,41.8240728590107],[-71.4009031940896,41.8241052331474],[-71.4009949685479,41.8240978907801],[-71.4009959252081,41.8241035367354],[-71.4009955403236,41.8241049076212],[-71.4009948510118,41.8241062098189],[-71.4009938753849,41.82410740643],[-71.4009926423882,41.8241084605656],[-71.4009911881767,41.8241093434459],[-71.4009895537174,41.8241100280961],[-71.4009877883905,41.8241104956516],[-71.4009859427716,41.8241107326508],[-71.4009324990029,41.8241146507691],[-71.4008510839454,41.8241208946103],[-71.4008144618907,41.824123911546],[-71.4007388148568,41.8241293940986],[-71.400733466015,41.8241291679929],[-71.4007282337034,41.8241283099492],[-71.4007232490892,41.8241268425892],[-71.4007186385027,41.8241248029361],[-71.4007145198274,41.8241222415109],[-71.400710995275,41.8241192241268],[-71.4007081550054,41.8241158264904],[-71.4007060711059,41.8241121350965],[-71.4007047963941,41.8241082436262],[-71.4007008372588,41.8240935745684],[-71.4007103426588,41.8240928742172]]]},"properties":{"FID":323,"Layer":"C-GREENS-2","Shape_Leng":195.432445728,"Shape__Area":1034.7035064697266,"Shape__Length":195.41358006364968,"GreenSpaceName":null}},{"type":"Feature","id":324,"geometry":{"type":"Polygon","coordinates":[[[-71.4005806537033,41.8241356929523],[-71.400578083236,41.8241298511234],[-71.4005744277308,41.8241243423815],[-71.4005697592335,41.8241192802316],[-71.4005641750869,41.8241147655958],[-71.4005577882913,41.8241108931075],[-71.4005491623529,41.8241072041504],[-71.4005398135933,41.8241046868092],[-71.4005300235563,41.8241034178565],[-71.4005200870886,41.8241034335611],[-71.4004996280404,41.824104966227],[-71.4004985783123,41.824104261252],[-71.4004987793433,41.8241042515224],[-71.4005482418454,41.8241000006348],[-71.400546565602,41.8240864580724],[-71.400611278068,41.8240819070414],[-71.4006131585888,41.8240949059743],[-71.4006798248109,41.8240902467535],[-71.4006804986381,41.8240950740579],[-71.4006802870807,41.8241042321318],[-71.4006798317929,41.824107537786],[-71.4006786315846,41.8241107383567],[-71.4006767215087,41.8241137393386],[-71.4006741582733,41.8241164534475],[-71.4006683868735,41.8241209420532],[-71.4006618821523,41.8241248294977],[-71.4006547537509,41.82412804745],[-71.4006211158773,41.8241386864808],[-71.4005937325097,41.8241406678444],[-71.4005919147376,41.8241407986213],[-71.4005905123866,41.8241408334213],[-71.4005891150592,41.8241407331747],[-71.4005872895926,41.8241403912665],[-71.4005855679939,41.8241398225624],[-71.4005840007945,41.8241390424122],[-71.4005826349006,41.8241380751654],[-71.400581507586,41.8241369469643],[-71.4005806537033,41.8241356929523]]]},"properties":{"FID":324,"Layer":"C-GREENS-2","Shape_Leng":125.929275224,"Shape__Area":540.01832580566406,"Shape__Length":125.8915960900439,"GreenSpaceName":null}},{"type":"Feature","id":325,"geometry":{"type":"Polygon","coordinates":[[[-71.4004955682071,41.8241367086927],[-71.4004925890311,41.8241165258952],[-71.4005214195014,41.8241143657409],[-71.4005253064126,41.8241142349562],[-71.4005323906019,41.8241146993636],[-71.4005392736305,41.8241160351253],[-71.4005457653721,41.8241182060631],[-71.4005510262805,41.8241208062975],[-71.4005557181966,41.8241239570471],[-71.4005597401168,41.8241275897986],[-71.4005630030892,41.8241316261456],[-71.400563701597,41.8241329439474],[-71.4005640894449,41.8241343317068],[-71.4005641534565,41.8241357479968],[-71.4005638936945,41.824137152302],[-71.400563315039,41.8241385023108],[-71.4005624380139,41.8241397584261],[-71.4005612855452,41.8241408846539],[-71.4005598925938,41.8241418459114],[-71.4005583013309,41.8241426152248],[-71.4005570018798,41.824143048964],[-71.4005556376287,41.8241433538985],[-71.4005542326599,41.8241435246472],[-71.4004456150672,41.8241530705037],[-71.4004129465291,41.8241548977873],[-71.4004111446275,41.8241548845207],[-71.4004093707595,41.8241546461935],[-71.4004076754688,41.8241541900521],[-71.4004061056824,41.8241535269414],[-71.400405664338,41.8241532627591],[-71.4004052832505,41.8241529518115],[-71.400404970836,41.8241526004081],[-71.4004047330989,41.8241522175576],[-71.4004045760451,41.8241518113681],[-71.4004045056764,41.8241513926491],[-71.400404520775,41.8241509704028],[-71.4004046225279,41.8241505554344],[-71.4004041246612,41.8241432676522],[-71.4004542201453,41.8241399194944],[-71.4004955682071,41.8241367086927]]]},"properties":{"FID":325,"Layer":"C-GREENS-2","Shape_Leng":104.514580177,"Shape__Area":302.17530822753906,"Shape__Length":104.49224495484168,"GreenSpaceName":null}},{"type":"Feature","id":326,"geometry":{"type":"Polygon","coordinates":[[[-71.4004770907638,41.8242320728856],[-71.400472801386,41.8241912837757],[-71.4004479458781,41.8241916214735],[-71.4004469879826,41.8241751471257],[-71.4004807229781,41.8241717784742],[-71.4004947701127,41.8241709479249],[-71.4005088121803,41.8241718352179],[-71.4005224736649,41.8241744184198],[-71.4005353923662,41.8241786269907],[-71.400547225404,41.8241843507924],[-71.4005576576482,41.8241914373951],[-71.4005664113407,41.8241996965871],[-71.4005732533017,41.8242089111849],[-71.400578003359,41.8242188343399],[-71.4005806095226,41.8242373962004],[-71.4005815493202,41.8242453614197],[-71.4005814126059,41.8242465902652],[-71.4005810123353,41.8242477855701],[-71.4005803569815,41.82424891673],[-71.4005794646486,41.8242499522488],[-71.4005783582456,41.8242508669369],[-71.4005770691103,41.8242516338109],[-71.40057562977,41.8242522348925],[-71.4005740799732,41.8242526531095],[-71.4005724594595,41.8242528767918],[-71.4005683509513,41.8242538564067],[-71.4005642750125,41.8242260053682],[-71.4004770907638,41.8242320728856]]]},"properties":{"FID":326,"Layer":"C-GREENS-2","Shape_Leng":120.589559147,"Shape__Area":570.71963500976563,"Shape__Length":120.54663196764761,"GreenSpaceName":null}},{"type":"Feature","id":327,"geometry":{"type":"Polygon","coordinates":[[[-71.4004865607973,41.8244369119947],[-71.4004798549711,41.8243848611437],[-71.4004969753886,41.8243838964051],[-71.4004919123002,41.8243421450638],[-71.4005804058816,41.82433557898],[-71.4005699605581,41.8242637948504],[-71.400576186754,41.8242648941523],[-71.400577890671,41.8242652233507],[-71.4005795064221,41.8242657442452],[-71.400580996711,41.8242664450991],[-71.4005823254549,41.8242673078742],[-71.4005834601833,41.8242683136355],[-71.4005843756565,41.8242694380519],[-71.4005850502497,41.8242706540944],[-71.4005854659524,41.8242719329367],[-71.4006017150632,41.8243813562902],[-71.4006127265715,41.8244536640028],[-71.4006137727861,41.8244574238265],[-71.4006139823131,41.8244612612559],[-71.4006133504977,41.8244650727479],[-71.4006118943502,41.8244687556784],[-71.400609651338,41.8244722110425],[-71.400606684198,41.824475345259],[-71.4006030712996,41.8244780746641],[-71.4005989102576,41.824480324614],[-71.4005943131073,41.8244820357832],[-71.4005894039017,41.8244831614613],[-71.4005630817765,41.8244853166011],[-71.4005609439132,41.8244690447104],[-71.4005274024757,41.82447169058],[-71.4005281729641,41.82448794238],[-71.4005201527444,41.8244887196308],[-71.4005193868878,41.8244826965948],[-71.4005105291086,41.8244833371682],[-71.4005037467437,41.8244356141861],[-71.4004865607973,41.8244369119947]]]},"properties":{"FID":327,"Layer":"C-GREENS-2","Shape_Leng":233.121855245,"Shape__Area":1652.7945251464844,"Shape__Length":233.10228039464937,"GreenSpaceName":null}},{"type":"Feature","id":328,"geometry":{"type":"Polygon","coordinates":[[[-71.4005096873127,41.8246064579016],[-71.400501964651,41.8245549751876],[-71.4005191850257,41.8245540069309],[-71.4005140042205,41.8245058585759],[-71.4005222552826,41.8245052552911],[-71.4005214870558,41.8244992079439],[-71.4005736215714,41.8244952753789],[-71.4005900999283,41.8244938680039],[-71.4005944288407,41.824493593545],[-71.4005987605509,41.8244938448868],[-71.4006029819216,41.824494615629],[-71.40060698104,41.8244958858674],[-71.4006106532349,41.8244976230991],[-71.4006139022847,41.8244997795229],[-71.4006166440144,41.8245023010456],[-71.4006188063069,41.8245051200795],[-71.4006203302936,41.824508163646],[-71.4006211787856,41.8245113506825],[-71.4006336734199,41.8245936966621],[-71.4006497593549,41.8247028839725],[-71.4006493066599,41.8247045086942],[-71.4006485170421,41.824706060197],[-71.4006474122282,41.824707499785],[-71.4006460175528,41.8247087905663],[-71.4006443691741,41.8247099019605],[-71.4006425080624,41.8247108051922],[-71.4006404799916,41.8247114786928],[-71.4006366538401,41.8247119930787],[-71.4006254368393,41.8246401983876],[-71.4005312018949,41.8246470953611],[-71.4005260786641,41.8246052890505],[-71.4005096873127,41.8246064579016]]]},"properties":{"FID":328,"Layer":"C-GREENS-2","Shape_Leng":223.777660787,"Shape__Area":1759.3702774047852,"Shape__Length":223.76018453511765,"GreenSpaceName":null}},{"type":"Feature","id":329,"geometry":{"type":"Polygon","coordinates":[[[-71.4014161035939,41.8242315509824],[-71.4014094253251,41.8241877374164],[-71.4014013877849,41.8241300070305],[-71.4014002373101,41.8241204282279],[-71.4015071230964,41.8241121287551],[-71.4015018461015,41.8240689493339],[-71.4015397654592,41.824066068342],[-71.4015410353654,41.824066057726],[-71.4015422893727,41.8240662109583],[-71.4015434889714,41.8240665226037],[-71.4015446004707,41.8240669845303],[-71.4015455877836,41.8240675814015],[-71.4015464244536,41.8240682969884],[-71.4015470840344,41.8240691087599],[-71.4015475473027,41.8240699932907],[-71.4015478010579,41.8240709244596],[-71.4015587912661,41.8241452254197],[-71.4015714173258,41.8242352378089],[-71.4015707457027,41.8242407158012],[-71.4015688754467,41.824246035207],[-71.4015658573342,41.8242510511149],[-71.4015617734271,41.8242556258433],[-71.4015567370636,41.8242596343419],[-71.4015508856338,41.8242629659866],[-71.4015443793679,41.8242655299801],[-71.4015373977233,41.8242672562499],[-71.4015301297525,41.8242680972397],[-71.4014509498313,41.8242743290164],[-71.4013754805201,41.8242800075143],[-71.4013721305953,41.8242800415521],[-71.4013688113348,41.8242797028755],[-71.4013655973563,41.8242789987511],[-71.4013625584504,41.8242779445449],[-71.4013597619864,41.8242765646237],[-71.4013572092247,41.8242748220748],[-71.4013550372422,41.8242728106512],[-71.401353296522,41.824270577214],[-71.4013520279121,41.8242681722173],[-71.4013512602153,41.8242656515069],[-71.401349309305,41.8242497903457],[-71.4013474272199,41.8242361422789],[-71.4014161035939,41.8242315509824]]]},"properties":{"FID":329,"Layer":"C-GREENS-2","Shape_Leng":258.86149784,"Shape__Area":2873.3517761230469,"Shape__Length":258.82808476066822,"GreenSpaceName":null}},{"type":"Feature","id":330,"geometry":{"type":"Polygon","coordinates":[[[-71.4011132410217,41.8243431966017],[-71.4011005253283,41.8242422188482],[-71.4012546250361,41.8242299168234],[-71.4012563827681,41.8242422277803],[-71.401320801264,41.8242379218898],[-71.4013227393059,41.8242519679553],[-71.4013252152573,41.8242715938887],[-71.4013248672021,41.8242740686238],[-71.4013239872308,41.8242764681739],[-71.4013225995126,41.8242787304361],[-71.401320740252,41.8242807942184],[-71.4013184588848,41.8242826046427],[-71.4013158156658,41.8242841158432],[-71.401312894957,41.824285260367],[-71.4013097749693,41.8242860571883],[-71.4013065291568,41.8242864874631],[-71.401305152028,41.8242865565065],[-71.4013028807111,41.8242865248438],[-71.4012698828794,41.8242903373374],[-71.4012379389808,41.8242976062318],[-71.401207693213,41.8243081835258],[-71.4011797393405,41.8243218428459],[-71.4011546675471,41.8243383389089],[-71.4011329887147,41.8243573354292],[-71.4011256057311,41.8243632911248],[-71.4011172657674,41.8243684924118],[-71.4011081049722,41.8243728538748],[-71.4011077869982,41.8243729832499],[-71.4010978199381,41.8243764256715],[-71.4010873464309,41.8243788853853],[-71.4010765374649,41.8243803211229],[-71.4010491751949,41.8243826141307],[-71.4010087716323,41.8243859997111],[-71.4010071942098,41.8243855977005],[-71.4010057157604,41.824385020209],[-71.4010043735779,41.8243842807737],[-71.4010031977281,41.824383396527],[-71.4010022170663,41.824382389102],[-71.4010014520207,41.8243812810247],[-71.4010009218086,41.824380099322],[-71.4010006396305,41.824378870115],[-71.4009995102854,41.8243688942771],[-71.4010921080493,41.8243610204414],[-71.4010900491173,41.8243449971219],[-71.4011132410217,41.8243431966017]]]},"properties":{"FID":330,"Layer":"C-GREENS-2","Shape_Leng":258.922927507,"Shape__Area":1871.8045196533203,"Shape__Length":258.852036898264,"GreenSpaceName":null}},{"type":"Feature","id":331,"geometry":{"type":"Polygon","coordinates":[[[-71.4008606317709,41.8243603401206],[-71.4008572493323,41.8243354112942],[-71.4008523333047,41.8242964952655],[-71.4008531093371,41.8242951607313],[-71.4008541752768,41.8242939443919],[-71.4008554997778,41.8242928786324],[-71.400857046678,41.8242919967342],[-71.4008587702012,41.8242913220665],[-71.4008606209654,41.8242908743942],[-71.4008625459876,41.8242906671767],[-71.4008663733847,41.8243182010702],[-71.4009286949275,41.8243132597508],[-71.4009392196321,41.8243861306258],[-71.4009904319145,41.8243814732031],[-71.4009905051841,41.8243823555992],[-71.4009903858671,41.8243832351283],[-71.4009900776109,41.8243840883848],[-71.4009895876721,41.8243848928662],[-71.4009889293233,41.8243856278764],[-71.4009881194495,41.8243862718217],[-71.4009871809443,41.8243868094159],[-71.4009861391075,41.8243872262756],[-71.400985019236,41.8243875098177],[-71.4009268250074,41.8243917236515],[-71.4009112163829,41.8243888173968],[-71.4008964278874,41.8243840823572],[-71.4008828421071,41.8243776413091],[-71.4008708066568,41.824369658415],[-71.4008606317709,41.8243603401206]]]},"properties":{"FID":331,"Layer":"C-GREENS-2","Shape_Leng":135.813475776,"Shape__Area":548.4498291015625,"Shape__Length":135.78229186622144,"GreenSpaceName":null}},{"type":"Feature","id":332,"geometry":{"type":"Polygon","coordinates":[[[-71.4015222488922,41.8239972727646],[-71.4015111465332,41.8239160823023],[-71.4014905442031,41.8239153416636],[-71.4014871376463,41.823902076736],[-71.4014815439999,41.8239029443682],[-71.4014767310246,41.8238633207844],[-71.4014873431757,41.823862223368],[-71.4015233411794,41.8238586573757],[-71.4015235353903,41.8238615269253],[-71.4015239964281,41.8238615093138],[-71.4015309174275,41.8239016938137],[-71.40154892515,41.8239005108961],[-71.4015552049986,41.8239459393245],[-71.4015615711174,41.8239908456291],[-71.4015487918937,41.8240087172275],[-71.401545784932,41.8240127463722],[-71.401543567165,41.8240170516972],[-71.4015421844626,41.82402154861],[-71.4015416622401,41.8240261470984],[-71.4015420126781,41.8240307535374],[-71.4015442018877,41.8240435186314],[-71.4015442596255,41.8240443298871],[-71.4015441572774,41.8240451383046],[-71.4015438960732,41.8240459267784],[-71.4015434820589,41.824046677307],[-71.4015428706346,41.8240474312677],[-71.4015421052655,41.8240481022652],[-71.4015413835326,41.8240485752254],[-71.4015405848782,41.8240489733914],[-71.4015399912545,41.8240491079336],[-71.4015393820573,41.824049193844],[-71.4015252606259,41.824050619582],[-71.4015184890986,41.8240511341734],[-71.4015083769513,41.824051902497],[-71.4014992717442,41.8240522413207],[-71.4014944852119,41.8240165549475],[-71.4015024677736,41.8240159558637],[-71.4014995311566,41.8240000020245],[-71.4015222488922,41.8239972727646]]]},"properties":{"FID":332,"Layer":"C-GREENS-2","Shape_Leng":184.688993284,"Shape__Area":853.57420349121094,"Shape__Length":184.67969993591183,"GreenSpaceName":null}},{"type":"Feature","id":333,"geometry":{"type":"Polygon","coordinates":[[[-71.4021225355497,41.8246666662522],[-71.4021186935434,41.8246641645358],[-71.4021154034489,41.8246612572362],[-71.4021127410005,41.8246580092427],[-71.40211076747,41.8246544971363],[-71.4021095284744,41.8246508019865],[-71.4021043586526,41.8246120406554],[-71.4021386036457,41.8246082181808],[-71.4021386587758,41.8246091662855],[-71.4021404908926,41.8246091075235],[-71.4021404275574,41.8246080144571],[-71.4021429485282,41.8246077329976],[-71.4021422297275,41.8245904683704],[-71.4021495800141,41.8245901316023],[-71.4021499638091,41.8245894620765],[-71.4021712830015,41.8245891236999],[-71.4021725647756,41.8246390495313],[-71.4023314582504,41.824636320757],[-71.4023305671996,41.8246238547955],[-71.4025066270598,41.8246207973436],[-71.4025284158684,41.8248068593372],[-71.4024746474397,41.824811027291],[-71.4024736637151,41.8248040866372],[-71.4024717992039,41.8247858288655],[-71.4024678459088,41.8247678115117],[-71.4024598108949,41.8247505703862],[-71.4024479329207,41.8247346197847],[-71.4024325663604,41.8247204335859],[-71.4024141667752,41.8247084344347],[-71.4023932837117,41.8246989802315],[-71.4023328646886,41.8246803350615],[-71.4022696714278,41.8246678566274],[-71.402220690548,41.8246694274538],[-71.4021467009987,41.8246714100222],[-71.4021415958676,41.8246715713359],[-71.4021365144747,41.8246711627544],[-71.4021315711588,41.8246701924784],[-71.4021268766272,41.8246686822103],[-71.4021225355497,41.8246666662522]]]},"properties":{"FID":333,"Layer":"C-GREENS-2","Shape_Leng":369.111850958,"Shape__Area":3035.0762634277344,"Shape__Length":369.0225958300669,"GreenSpaceName":null}},{"type":"Feature","id":334,"geometry":{"type":"Polygon","coordinates":[[[-71.4017914707712,41.8247223073935],[-71.401812202272,41.8246930352633],[-71.4018261831009,41.8246616037473],[-71.4018330279672,41.8246288768449],[-71.401832548936,41.824595752936],[-71.4018244774771,41.8245315779227],[-71.4018290817862,41.8245235850398],[-71.4018298528282,41.8245223540339],[-71.4018308716716,41.8245212276792],[-71.4018321141985,41.824520234766],[-71.4018335490758,41.8245193995765],[-71.4018351401623,41.8245187418875],[-71.4018368489138,41.8245182787724],[-71.4018386343868,41.8245180219006],[-71.4019004978298,41.8245128257669],[-71.4019082542346,41.8245121742421],[-71.4019130476494,41.8245458915578],[-71.4018893801081,41.8245477746645],[-71.4018987281577,41.8246210162842],[-71.4019075447401,41.8246694521882],[-71.4019228589992,41.8246681345622],[-71.4019348841263,41.8247500577382],[-71.4019279862323,41.8247505119229],[-71.4018007953056,41.824759676763],[-71.4018044664532,41.8247794621658],[-71.4017811772028,41.824780284073],[-71.4017813661147,41.8247842673374],[-71.4017927971306,41.8248641723573],[-71.4018142090841,41.8248630571332],[-71.4018161274325,41.8248798339025],[-71.4018744378225,41.8248770512579],[-71.4018812082614,41.8249285519709],[-71.4019178425287,41.8249256877638],[-71.4019189971058,41.8249334271694],[-71.4019190223478,41.8249342392974],[-71.4019188798067,41.8249353582979],[-71.4019184626087,41.8249366166167],[-71.4019177855085,41.8249378107893],[-71.401917233133,41.8249385179847],[-71.4019165941542,41.8249391836905],[-71.4019153082748,41.8249401846706],[-71.4019138144256,41.8249410081062],[-71.4019121559757,41.8249416306255],[-71.4019103798955,41.8249420351622],[-71.4019085391686,41.8249422082563],[-71.4018911398587,41.8249436375423],[-71.4018876944401,41.8249439119042],[-71.4018852060842,41.824944108754],[-71.401880694066,41.8249444605343],[-71.4018619081107,41.8249458751264],[-71.4018577467627,41.8249459697082],[-71.4018530934141,41.824945858592],[-71.4018361836506,41.8249435824898],[-71.4018377854298,41.8249406595552],[-71.4018202320589,41.8249318365306],[-71.4018085580465,41.8249266468981],[-71.4017982150536,41.824920063776],[-71.4017894989048,41.8249122746884],[-71.4017826548181,41.8249035004284],[-71.4017778786136,41.8248939914582],[-71.4017714328924,41.8248954967167],[-71.401757362743,41.8247923885837],[-71.4017575641207,41.8247795544131],[-71.401760358008,41.8247668908231],[-71.4017606808696,41.8247659268354],[-71.4017608598001,41.8247654146951],[-71.4017611269584,41.8247646685419],[-71.4017614013251,41.8247639313983],[-71.4017620345308,41.8247623176307],[-71.4017694185098,41.8247486144721],[-71.4017914707712,41.8247223073935]]]},"properties":{"FID":334,"Layer":"C-GREENS-2","Shape_Leng":453.502152286,"Shape__Area":3197.7257614135742,"Shape__Length":453.39482037908755,"GreenSpaceName":null}},{"type":"Feature","id":335,"geometry":{"type":"Polygon","coordinates":[[[-71.4010150352431,41.8248426754382],[-71.4010093418248,41.8248011981835],[-71.4010092164169,41.8247997800404],[-71.4010093978608,41.8247976400892],[-71.4010100233975,41.8247955473384],[-71.4010110773,41.8247935530938],[-71.4010125342156,41.8247917059518],[-71.4010143567603,41.8247900508971],[-71.4010165027422,41.8247886284089],[-71.4010189179408,41.8247874735534],[-71.4010215445355,41.8247866141915],[-71.4010243186983,41.8247860709759],[-71.4010588810858,41.8247833808238],[-71.4010765936595,41.8247833033436],[-71.4010941104919,41.8247852721642],[-71.401111010362,41.8247892401056],[-71.4011268889736,41.8247951122843],[-71.4011413649728,41.8248027470193],[-71.4011540919757,41.824811961244],[-71.4011647645808,41.8248225350134],[-71.4011731279936,41.824834214213],[-71.4011811302211,41.8248545552697],[-71.4011846981509,41.8248755902747],[-71.4011875994874,41.8248964590436],[-71.4011926044864,41.824932471535],[-71.4011668799398,41.8249349505489],[-71.4011592872742,41.8249355409413],[-71.4011457034045,41.8248377712669],[-71.4010158421566,41.8248478647913],[-71.4010150352431,41.8248426754382]]]},"properties":{"FID":335,"Layer":"C-GREENS-2","Shape_Leng":189.65279658,"Shape__Area":1097.8151245117188,"Shape__Length":189.59017338562421,"GreenSpaceName":null}},{"type":"Feature","id":336,"geometry":{"type":"Polygon","coordinates":[[[-71.4008891343066,41.8245826000843],[-71.4008946120645,41.8245687224716],[-71.4009001023029,41.8245592394277],[-71.4009076796547,41.824550598201],[-71.400917121043,41.8245430533947],[-71.4009281480701,41.8245368280526],[-71.4009404366593,41.8245321055641],[-71.4010144097062,41.8245259083676],[-71.4010156868493,41.8245258941624],[-71.4010169480879,41.8245260465063],[-71.401018154912,41.824526359964],[-71.4010192712261,41.8245268246009],[-71.4010202621439,41.8245274268817],[-71.401021098803,41.8245281496751],[-71.4010217547582,41.8245289695494],[-71.4010222107893,41.8245298612788],[-71.4010224536944,41.8245307996421],[-71.4010228489518,41.8245336369533],[-71.4010075890101,41.8245348653725],[-71.4010071959929,41.8245321370043],[-71.4009604627195,41.824535899757],[-71.4009649025617,41.8245683104142],[-71.4009703645167,41.8246068604687],[-71.4009044963518,41.8246119626128],[-71.4009078216751,41.8246396059118],[-71.4009052310415,41.8246390040507],[-71.400902814233,41.8246380827189],[-71.4009006422289,41.8246368671872],[-71.4008987763609,41.8246353944224],[-71.4008972731386,41.8246337058888],[-71.4008961746166,41.8246318502412],[-71.4008891343066,41.8245826000843]]]},"properties":{"FID":336,"Layer":"C-GREENS-2","Shape_Leng":143.237004228,"Shape__Area":565.39106750488281,"Shape__Length":143.20438152571214,"GreenSpaceName":null}},{"type":"Feature","id":339,"geometry":{"type":"Polygon","coordinates":[[[-71.4036595262141,41.8265671599319],[-71.4036585077169,41.8265511933582],[-71.4036403603845,41.8265518912057],[-71.4036388955116,41.826535788306],[-71.4036349568623,41.8264924624677],[-71.4036343417855,41.8264844147176],[-71.4036713948729,41.8264837489326],[-71.4036934803468,41.8264833523942],[-71.4036946803139,41.8265348627213],[-71.4038983929802,41.8265324187418],[-71.4038985367681,41.8265835716483],[-71.40385844209,41.8265840359859],[-71.4038573115502,41.8265656861216],[-71.4038736287179,41.8265653162326],[-71.4038730210755,41.8265522779085],[-71.4038482255642,41.8265529486171],[-71.4038483573234,41.8265638428349],[-71.4038416102979,41.8265639074136],[-71.4038379436157,41.8265639799727],[-71.4038390243145,41.8265842610236],[-71.4037955880113,41.8265847639575],[-71.4037961180735,41.8266142352127],[-71.4037884285072,41.826614307102],[-71.4037886106906,41.8266252832928],[-71.4037963159067,41.8266252114165],[-71.4037964737158,41.8266339763532],[-71.4037745569764,41.8266341974864],[-71.4036803138036,41.8266304019013],[-71.403672481284,41.8266286720837],[-71.4036651401015,41.8266259973214],[-71.4036584899669,41.8266224507091],[-71.4036527161068,41.8266181314399],[-71.4036479760335,41.8266131575904],[-71.4036444019536,41.8266076652229],[-71.4036414461728,41.8265679334645],[-71.4036595262141,41.8265671599319]]]},"properties":{"FID":339,"Layer":"C-GREENS-2","Shape_Leng":290.757019513,"Shape__Area":2168.2052001953125,"Shape__Length":290.74166936303692,"GreenSpaceName":null}},{"type":"Feature","id":340,"geometry":{"type":"Polygon","coordinates":[[[-71.4036624668751,41.8268418163441],[-71.4036551915148,41.8267518645338],[-71.4036481610547,41.8266623675985],[-71.4036479756267,41.8266599941482],[-71.4036483017737,41.8266576292301],[-71.4036491321813,41.826655334061],[-71.4036504438881,41.8266531689445],[-71.403652204311,41.826651188774],[-71.4036543652222,41.8266494457286],[-71.4036568735899,41.8266479847808],[-71.4036596619469,41.8266468445886],[-71.4036626604351,41.8266460530039],[-71.4036657883703,41.8266456324676],[-71.4037748458859,41.8266502669868],[-71.4037967626308,41.8266500458535],[-71.4037969238261,41.8266589611497],[-71.4037892667567,41.8266590321659],[-71.4037894489403,41.8266700083566],[-71.4037971204559,41.8266699373525],[-71.4037976772445,41.8267008545747],[-71.4037904787998,41.8267009214734],[-71.4037906621875,41.826711897665],[-71.4037978750796,41.826711829878],[-71.4037979028412,41.8267133874885],[-71.4037957238513,41.8267135387213],[-71.4037958506694,41.8267220992548],[-71.4037883187822,41.8267221694755],[-71.4037885021696,41.8267331456671],[-71.4037960123908,41.8267330754283],[-71.4037961435643,41.8267419429811],[-71.4037783256244,41.8267420901185],[-71.4037789388916,41.8267577916515],[-71.4037963752461,41.8267576477958],[-71.4037964987281,41.8267660246572],[-71.4037885611713,41.8267660981395],[-71.4037887445588,41.826777074331],[-71.4037966616534,41.8267770008315],[-71.4037967829262,41.8267852453412],[-71.40379924099,41.8267852248913],[-71.4037992811316,41.8267873578289],[-71.4037916914575,41.8267874280015],[-71.4037918748456,41.8267984041929],[-71.4037994885971,41.8267983331402],[-71.4038000842675,41.8268298140067],[-71.4037920118829,41.8268298882767],[-71.4037921952711,41.8268408644681],[-71.4038002917332,41.8268407893179],[-71.4038004512687,41.8268492058243],[-71.403785163537,41.8268493676864],[-71.4036778212682,41.8268493803667],[-71.4036624668751,41.8268418163441]]]},"properties":{"FID":340,"Layer":"C-GREENS-2","Shape_Leng":256.850076554,"Shape__Area":2764.9531326293945,"Shape__Length":256.84070672209413,"GreenSpaceName":null}},{"type":"Feature","id":341,"geometry":{"type":"Polygon","coordinates":[[[-71.4036142370542,41.8268889032518],[-71.4036226078824,41.826888087365],[-71.4036227642246,41.826888986035],[-71.4036239308201,41.8268888717703],[-71.4036247784599,41.8268951550498],[-71.4036235781556,41.8268952719872],[-71.4036236995853,41.8268961733288],[-71.4036224980772,41.8268962902652],[-71.4036230757138,41.8268996066999],[-71.4036242772219,41.8268994897635],[-71.4036253668499,41.8269057489368],[-71.403616994817,41.8269065639224],[-71.4036159051885,41.8269003056493],[-71.4036171054929,41.826900188712],[-71.4036165278581,41.826896871377],[-71.4036153275537,41.8268969883143],[-71.4036152061241,41.8268960869727],[-71.4036140046159,41.826896203909],[-71.4036131569758,41.8268899215298],[-71.4036143933976,41.8268898010214],[-71.4036142370542,41.8268889032518]]]},"properties":{"FID":341,"Layer":"C-GREENS-2","Shape_Leng":20.202992068,"Shape__Area":15.622200012207031,"Shape__Length":20.202992060161591,"GreenSpaceName":null}},{"type":"Feature","id":342,"geometry":{"type":"Polygon","coordinates":[[[-71.4034741231971,41.8266907694506],[-71.4034695605053,41.8266911230513],[-71.4034722946487,41.8267108526861],[-71.4034768561383,41.8267104990843],[-71.4034770430746,41.826711864156],[-71.4034772300109,41.8267132292276],[-71.4034726673175,41.8267135828284],[-71.4034754014628,41.8267333124631],[-71.403479962954,41.8267329588612],[-71.4034801522979,41.8267343239349],[-71.4034684205132,41.8267352333233],[-71.4034682311696,41.8267338682497],[-71.4034735763846,41.8267334540835],[-71.4034708434435,41.8267137244498],[-71.4034655030464,41.8267141377195],[-71.4034653137015,41.8267127735461],[-71.4034651243579,41.8267114084724],[-71.4034704695711,41.8267109943065],[-71.4034677366319,41.8266912646726],[-71.4034623962367,41.8266916779421],[-71.4034622068919,41.8266903137688],[-71.4034739338535,41.8266894043769],[-71.4034741231971,41.8266907694506]]]},"properties":{"FID":342,"Layer":"C-GREENS-2","Shape_Leng":50.1976752836,"Shape__Area":13.655464172363281,"Shape__Length":50.197675282539556,"GreenSpaceName":null}},{"type":"Feature","id":343,"geometry":{"type":"MultiPolygon","coordinates":[[[[-71.4035967166683,41.8267468410998],[-71.4036338039744,41.8269249422477],[-71.4036332574143,41.8269273916126],[-71.4036321873748,41.8269297424015],[-71.4036306240423,41.8269319325161],[-71.403628606023,41.826933904367],[-71.4036261887672,41.8269356057812],[-71.4036234349354,41.8269369926944],[-71.4036204180112,41.8269380282545],[-71.4035923039391,41.826940100653],[-71.4035824530763,41.826877954561],[-71.4036152939285,41.8268752657973],[-71.4035967166683,41.8267468410998]]],[[[-71.4035744046889,41.8266406147319],[-71.4035778971384,41.826641141661],[-71.4035812361086,41.8266420718133],[-71.4035843373706,41.8266433835099],[-71.4035871251378,41.826645044275],[-71.4035895284547,41.8266470108327],[-71.4035914896125,41.8266492363171],[-71.4035929581391,41.8266516639644],[-71.4035938992156,41.8266542343229],[-71.4035942876593,41.8266568834476],[-71.4035967166683,41.8267468410998],[-71.4034652423601,41.8267578615843],[-71.4034650669331,41.8267564474539],[-71.4034553858286,41.8266883714061],[-71.4034520534701,41.8266886486109],[-71.403451308635,41.826683656503],[-71.4034472695938,41.8266839934365],[-71.4034429699429,41.8266695096633],[-71.403442080434,41.8266670716967],[-71.4034417327205,41.8266645576567],[-71.4034419351259,41.8266620359761],[-71.4034426827376,41.8266595714751],[-71.4034439549933,41.8266572298613],[-71.4034457180926,41.8266550750303],[-71.4034479262107,41.8266531618643],[-71.4034505202865,41.8266515425333],[-71.4034534316419,41.8266502601959],[-71.4034565819845,41.8266493480988],[-71.4035744046889,41.8266406147319]]]]},"properties":{"FID":343,"Layer":"C-GREENS-2","Shape_Leng":312.412828877,"Shape__Area":1814.0047454833984,"Shape__Length":312.38652362265088,"GreenSpaceName":null}},{"type":"Feature","id":344,"geometry":{"type":"Polygon","coordinates":[[[-71.4034871348891,41.8269316869018],[-71.4034837771837,41.8269063539321],[-71.4034798348739,41.8268863576829],[-71.4034969818521,41.8268849531543],[-71.4034996782518,41.8269033754633],[-71.4035595149971,41.8268985512773],[-71.4035591432272,41.8268968232139],[-71.4035709967231,41.8268958436919],[-71.4035769431816,41.8269415841243],[-71.4035069921872,41.8269474613239],[-71.4035016626395,41.8269454463891],[-71.4034968781736,41.8269427719631],[-71.4034927843187,41.8269395200993],[-71.4034895037119,41.826935787237],[-71.4034871348891,41.8269316869018]]]},"properties":{"FID":344,"Layer":"C-GREENS-2","Shape_Leng":92.4686260052,"Shape__Area":410.16419982910156,"Shape__Length":92.458360882946991,"GreenSpaceName":null}},{"type":"Feature","id":345,"geometry":{"type":"Polygon","coordinates":[[[-71.4032868971813,41.8269494370463],[-71.4032840213287,41.8269239190066],[-71.4034353970054,41.8269115919624],[-71.4034399646082,41.8269376219129],[-71.4034397906573,41.8269404326263],[-71.403439026958,41.8269431870228],[-71.4034376928714,41.8269458175934],[-71.4034358222022,41.8269482577414],[-71.4034334607819,41.8269504480827],[-71.4034306676775,41.826952332846],[-71.4034275139814,41.8269538643731],[-71.4034240755846,41.8269550058137],[-71.4033072708,41.826964438546],[-71.403304100378,41.8269642837199],[-71.4033010015361,41.8269637571138],[-71.4032980524986,41.8269628713983],[-71.4032953278635,41.8269616491448],[-71.4032928937905,41.8269601210204],[-71.4032908128172,41.826958324892],[-71.4032891366365,41.8269563058203],[-71.4032879073023,41.8269541151599],[-71.4032871536241,41.8269518060551],[-71.4032868971813,41.8269494370463]]]},"properties":{"FID":345,"Layer":"C-GREENS-2","Shape_Leng":109.300048727,"Shape__Area":628.589469909668,"Shape__Length":109.28245740867497,"GreenSpaceName":null}},{"type":"Feature","id":346,"geometry":{"type":"Polygon","coordinates":[[[-71.4031552279843,41.8269760445873],[-71.4031487576652,41.826935448231],[-71.4031906440555,41.8269315742652],[-71.4031950421689,41.8269581802998],[-71.4032220726357,41.8269554804495],[-71.4032237801746,41.8269550596289],[-71.4032255572036,41.8269548558485],[-71.403227354364,41.8269548726683],[-71.4032291235036,41.8269551118483],[-71.4032308164862,41.8269555643446],[-71.403232386381,41.8269562202138],[-71.4032337898832,41.826957059612],[-71.4032349897093,41.8269580608998],[-71.4032359533991,41.8269591970396],[-71.4032366533154,41.8269604355958],[-71.4032370702484,41.8269617432398],[-71.4032371946211,41.8269630848503],[-71.4032370216755,41.8269644226089],[-71.4032365562794,41.8269657214066],[-71.4032358105244,41.82696694524],[-71.4032348061279,41.8269680608148],[-71.4032335696197,41.8269690366414],[-71.4032321359461,41.8269698475398],[-71.4032317290319,41.8269698805096],[-71.4031552279843,41.8269760445873]]]},"properties":{"FID":346,"Layer":"C-GREENS-2","Shape_Leng":73.5155195427,"Shape__Area":231.11664581298828,"Shape__Length":73.505454251056548,"GreenSpaceName":null}},{"type":"Feature","id":347,"geometry":{"type":"Polygon","coordinates":[[[-71.403050726165,41.8269849463262],[-71.403043391043,41.8269383529739],[-71.4031336536387,41.8269311138664],[-71.4031408244951,41.8269773208289],[-71.403050726165,41.8269849463262]]]},"properties":{"FID":347,"Layer":"C-GREENS-2","Shape_Leng":83.5024540274,"Shape__Area":420.94034576416016,"Shape__Length":83.502454014951837,"GreenSpaceName":null}},{"type":"Feature","id":348,"geometry":{"type":"Polygon","coordinates":[[[-71.4028764882715,41.8269761000619],[-71.4028707537407,41.8269362164806],[-71.4029191403772,41.8269323238007],[-71.4029181987102,41.8269261754875],[-71.4029752592298,41.8269216589762],[-71.4029832891578,41.8269895828603],[-71.4029227168963,41.8269951390007],[-71.4029050471006,41.8269967761895],[-71.4028741797407,41.8269791232503],[-71.402873724144,41.8269763228096],[-71.4028764882715,41.8269761000619]]]},"properties":{"FID":348,"Layer":"C-GREENS-2","Shape_Leng":104.485212059,"Shape__Area":666.38590240478516,"Shape__Length":104.48521205526731,"GreenSpaceName":null}},{"type":"Feature","id":349,"geometry":{"type":"Polygon","coordinates":[[[-71.4026700191925,41.826999741085],[-71.4026663157757,41.8269894781296],[-71.4027911024434,41.826979824568],[-71.4027859790773,41.8269465634959],[-71.4027854835967,41.8269430760621],[-71.4028254237686,41.8269398632322],[-71.4028311821082,41.8269799043952],[-71.4028342869368,41.8269796540262],[-71.4028347308048,41.8269822491797],[-71.4028082181209,41.8270063054272],[-71.4027310332286,41.8270132879525],[-71.4026913135036,41.8270171554831],[-71.4026868904553,41.8270158948624],[-71.4026827823348,41.8270141384214],[-71.4026790865824,41.8270119276582],[-71.4026758921946,41.8270093157683],[-71.4026732773204,41.8270063649413],[-71.4026713032401,41.8270031481568],[-71.4026700191925,41.826999741085]]]},"properties":{"FID":349,"Layer":"C-GREENS-2","Shape_Leng":131.480167085,"Shape__Area":573.78623962402344,"Shape__Length":131.47113819738783,"GreenSpaceName":null}},{"type":"Feature","id":350,"geometry":{"type":"Polygon","coordinates":[[[-71.4025814323097,41.8270234889717],[-71.4025782298474,41.8269984145051],[-71.402595441664,41.8269971506191],[-71.4025951674075,41.826995432539],[-71.4026449533234,41.8269912296437],[-71.4026429616658,41.8270059728138],[-71.4026420281993,41.8270095247619],[-71.4026403522606,41.8270129203219],[-71.4026379773138,41.8270160739985],[-71.4026349636674,41.8270189057126],[-71.4026313860623,41.8270213435002],[-71.4026273372794,41.827023326217],[-71.4025821589091,41.8270269693996],[-71.4025814323097,41.8270234889717]]]},"properties":{"FID":350,"Layer":"C-GREENS-2","Shape_Leng":55.1689835425,"Shape__Area":181.90425872802734,"Shape__Length":55.160590447099537,"GreenSpaceName":null}},{"type":"Feature","id":351,"geometry":{"type":"Polygon","coordinates":[[[-71.4024138711244,41.8270416008276],[-71.4024091509666,41.8270103445372],[-71.4025411603697,41.8269993662314],[-71.4025414163161,41.8270012508588],[-71.4025579239568,41.8269999791783],[-71.4025613732082,41.8270250340474],[-71.4025620722583,41.8270284235178],[-71.4024141907741,41.8270438099318],[-71.4024138711244,41.8270416008276]]]},"properties":{"FID":351,"Layer":"C-GREENS-2","Shape_Leng":104.81333692,"Shape__Area":473.16634368896484,"Shape__Length":104.8133369278342,"GreenSpaceName":null}},{"type":"Feature","id":352,"geometry":{"type":"MultiPolygon","coordinates":[[[[-71.4045847274052,41.8266779743398],[-71.4045857441089,41.8266847655444],[-71.4045771230253,41.8266855254725],[-71.4045760136349,41.8266787341908],[-71.4045803705201,41.8266783542654],[-71.4045847274052,41.8266779743398]]],[[[-71.404577874291,41.8266222025225],[-71.4045788918921,41.8266291990053],[-71.4045746722867,41.8266295448318],[-71.404570453885,41.8266298906591],[-71.4045693448011,41.8266228941003],[-71.4045736101479,41.8266225483119],[-71.404577874291,41.8266222025225]]],[[[-71.4045709300111,41.8265662244507],[-71.4045718537377,41.8265723979454],[-71.4045674523215,41.8265727778335],[-71.4045630497003,41.8265731586208],[-71.4045621247722,41.8265669842247],[-71.4045665273917,41.8265666043378],[-71.4045709300111,41.8265662244507]]],[[[-71.4045635265092,41.8265106583519],[-71.4045644507436,41.8265164888178],[-71.4045600939202,41.8265168345298],[-71.404555738299,41.8265171811429],[-71.4045549055503,41.8265113498526],[-71.4045592166316,41.8265110041028],[-71.4045635265092,41.8265106583519]]],[[[-71.4045561239372,41.8264544746199],[-71.4045570485583,41.8264608542934],[-71.4045530131346,41.8264612002721],[-71.4045489777122,41.8264615453504],[-71.4045480518882,41.8264551656759],[-71.4045520873102,41.8264548205977],[-71.4045561239372,41.8264544746199]]],[[[-71.4045489033445,41.8263981541866],[-71.4045499203464,41.8264047392143],[-71.4045452877734,41.8264051540227],[-71.404540656404,41.826405568832],[-71.4045396394045,41.8263989829039],[-71.4045442719771,41.8263985680957],[-71.4045489033445,41.8263981541866]]],[[[-71.4045427841599,41.8263426557771],[-71.4045437087781,41.8263490354508],[-71.4045387560681,41.82634941578],[-71.4045338033581,41.8263497961091],[-71.404532971428,41.8263434165124],[-71.4045378771921,41.8263430361444],[-71.4045427841599,41.8263426557771]]],[[[-71.4045344642807,41.8262865415064],[-71.4045353888972,41.8262929211802],[-71.404531123572,41.8262932669671],[-71.4045268594505,41.8262936127549],[-71.4045260263181,41.8262872331571],[-71.4045344642807,41.8262865415064]]]]},"properties":{"FID":352,"Layer":"C-GREENS-2","Shape_Leng":330.160125184,"Shape__Area":45.512351989746094,"Shape__Length":76.336708268976508,"GreenSpaceName":null}},{"type":"Feature","id":353,"geometry":{"type":"Polygon","coordinates":[[[-71.4037422460586,41.8262654976078],[-71.4037422481138,41.8262641254921],[-71.4037520320056,41.8262641336902],[-71.4037520299506,41.8262655058058],[-71.4037422460586,41.8262654976078]]]},"properties":{"FID":353,"Layer":"C-GREENS-2","Shape_Leng":6.33332065493,"Shape__Area":1.3333282470703125,"Shape__Length":6.3333206539973617,"GreenSpaceName":null}},{"type":"Feature","id":354,"geometry":{"type":"Polygon","coordinates":[[[-71.4039402347959,41.8263624723473],[-71.4039388912281,41.8262877178363],[-71.403948917218,41.8262876289834],[-71.4039488573634,41.8262680780611],[-71.4039385366909,41.8262680145102],[-71.4039384800125,41.8262648623742],[-71.4039609625008,41.8262645588514],[-71.4039609185753,41.826261732649],[-71.4040681732992,41.8262600368963],[-71.40406944863,41.8262604530178],[-71.4040706153996,41.8262610203058],[-71.4040716411316,41.8262617225268],[-71.4040725005747,41.8262625416531],[-71.4040731684854,41.8262634542548],[-71.4040736268428,41.826264436908],[-71.404074424543,41.8263525862128],[-71.4040742368098,41.826354972856],[-71.4040735002664,41.8263572987182],[-71.4040722354796,41.8263594944903],[-71.4040704810694,41.8263614926793],[-71.4040682900901,41.8263632330065],[-71.4040657300268,41.826364664209],[-71.4040628767819,41.8263657413331],[-71.4040598170722,41.8263664320391],[-71.4040566436143,41.8263667165969],[-71.4039613921186,41.8263677354156],[-71.403940974125,41.8263679497306],[-71.4038501115248,41.826368902801],[-71.4037632396121,41.82636963946],[-71.4037017711495,41.8263720314682],[-71.4037002582361,41.8263711109533],[-71.4036989158904,41.8263696287695],[-71.4036982828429,41.8263671424015],[-71.403698004168,41.8263643385107],[-71.4036977951503,41.8263616409184],[-71.4036966868253,41.826357417397],[-71.4036945203826,41.8263532199987],[-71.4036927172758,41.8263483467501],[-71.4036916380161,41.8263432031061],[-71.4036905577419,41.8263387365165],[-71.4036897659214,41.8263345645798],[-71.4036899444005,41.8263311335356],[-71.4036907019968,41.8263276201458],[-71.4036924933849,41.8263242480756],[-71.4036958000285,41.8263202326326],[-71.4036994726927,41.8263161589744],[-71.4037026420741,41.8263121677253],[-71.4037053335105,41.8263082192918],[-71.4037086129309,41.8263038941089],[-71.4037129087064,41.8262984929717],[-71.4037161047093,41.8262936041061],[-71.4037189032505,41.8262880657625],[-71.4037198163605,41.8262827887377],[-71.4037209111345,41.8262751673811],[-71.4037218268798,41.8262681310951],[-71.4037219482674,41.8262642399295],[-71.4037410424029,41.8262638417751],[-71.4037618153786,41.8262636845145],[-71.4037631721351,41.826364058199],[-71.4039402347959,41.8263624723473]]]},"properties":{"FID":354,"Layer":"C-GREENS-2","Shape_Leng":354.079655731,"Shape__Area":2106.7849273681641,"Shape__Length":354.06728689083764,"GreenSpaceName":null}},{"type":"Feature","id":355,"geometry":{"type":"Polygon","coordinates":[[[-71.4039377309975,41.8262231859324],[-71.4039373487809,41.8262018682742],[-71.4039744117719,41.8262017137925],[-71.4039742399181,41.8261902487255],[-71.4039843128395,41.8261901590084],[-71.4039842541765,41.8261706089871],[-71.4039739431507,41.8261705445471],[-71.4039730025676,41.8261080259851],[-71.4039361017848,41.8261084137899],[-71.4039353907939,41.8260646548935],[-71.403976384829,41.8260638563544],[-71.4039762827959,41.8260612497861],[-71.4040680979753,41.8260597139913],[-71.404068797294,41.8260597442865],[-71.4040694808393,41.8260598583002],[-71.4040701317645,41.8260600524168],[-71.4040707332255,41.8260603212202],[-71.4040712683797,41.8260606583941],[-71.4040717252017,41.8260610558253],[-71.4040720916707,41.8260615026998],[-71.4040723581741,41.826061987305],[-71.4040725175087,41.8260624970302],[-71.4040725660805,41.826063020168],[-71.404073113028,41.8261554521817],[-71.4040734658681,41.8262424459811],[-71.4040733469608,41.8262430770198],[-71.4040730920647,41.8262436863368],[-71.404072708429,41.8262442559314],[-71.4040722069087,41.8262447714071],[-71.4040715995626,41.8262452183687],[-71.4040709044614,41.8262455869274],[-71.404070137271,41.8262458653919],[-71.4040693196678,41.8262460474781],[-71.4040684745309,41.8262461278029],[-71.4040676223261,41.8262461045827],[-71.4039607088797,41.8262482048726],[-71.4039606682868,41.8262455650432],[-71.403938135546,41.8262456695489],[-71.4039380855342,41.8262428892587],[-71.4039481115185,41.8262427995055],[-71.4039480516628,41.8262232494834],[-71.4039377309975,41.8262231859324]]]},"properties":{"FID":355,"Layer":"C-GREENS-2","Shape_Leng":240.233508944,"Shape__Area":2124.6682891845703,"Shape__Length":240.22884706251963,"GreenSpaceName":null}},{"type":"Feature","id":356,"geometry":{"type":"Polygon","coordinates":[[[-71.403933498222,41.8259481061576],[-71.4037568006121,41.825949434808],[-71.4037581110336,41.826047784496],[-71.403729624579,41.8260479974153],[-71.4037022900303,41.8260482491074],[-71.4036584464245,41.826048486048],[-71.4036578036365,41.8260484855089],[-71.4036553275787,41.8260484834322],[-71.4036526671448,41.8260486189528],[-71.4036500993989,41.8260487536507],[-71.4036474391715,41.8260487514194],[-71.4036447789441,41.8260487491881],[-71.4036423028863,41.8260487471111],[-71.4036396426589,41.8260487448796],[-71.4036369828432,41.8260484680448],[-71.4036345070932,41.8260482606905],[-71.4036330388606,41.8260480532811],[-71.4036315717277,41.8260479151987],[-71.4036301046988,41.8260477077902],[-71.403628453499,41.8260475011275],[-71.4036269864701,41.826047293719],[-71.4036255194413,41.8260470863105],[-71.4036240526176,41.8260467420505],[-71.4036225855874,41.8260465355422],[-71.4036211175601,41.8260461912812],[-71.4036198349061,41.8260458471756],[-71.4036183669814,41.8260454344888],[-71.4036174501565,41.8260451591161],[-71.4036166247119,41.8260449522457],[-71.4036158921593,41.8260446086017],[-71.4036149752304,41.8260444025549],[-71.4036141499911,41.8260440588331],[-71.4036132330637,41.826043851886],[-71.4036124993073,41.826043508241],[-71.4036115824824,41.8260432328681],[-71.4036108499298,41.826042889224],[-71.4036101161735,41.826042545579],[-71.4036093837235,41.8260421335092],[-71.403608832933,41.8260417900177],[-71.4036083748292,41.8260414466039],[-71.4036078253451,41.8260410346877],[-71.4036071842754,41.8260406911204],[-71.4036068178612,41.8260402100316],[-71.4036061768941,41.8260397980385],[-71.403605718893,41.826039386199],[-71.4036053524774,41.8260389060106],[-71.4036048944776,41.8260384932708],[-71.4036046195449,41.8260380131591],[-71.4036041615438,41.8260376013196],[-71.4036037037493,41.8260370517283],[-71.4036034303296,41.8260363654401],[-71.4036031556036,41.8260357475767],[-71.4036027894973,41.8260350612107],[-71.4036025159736,41.8260344442486],[-71.4036024243161,41.8260337581129],[-71.4036022423794,41.8260330719015],[-71.40360196786,41.8260323162863],[-71.4036017858193,41.8260316994009],[-71.4036016953655,41.8260310132663],[-71.4036013292592,41.8260303269004],[-71.4036001004596,41.8259932786977],[-71.4035962862514,41.8259512917634],[-71.4035963906185,41.8259483198301],[-71.4035971750029,41.8259454051889],[-71.4035986152003,41.825942634252],[-71.4036006701598,41.8259400898163],[-71.4036032783797,41.8259378465582],[-71.4036063627218,41.8259359710381],[-71.4036098316197,41.8259345190002],[-71.4036135814885,41.8259335335739],[-71.4039335376115,41.8259322242008],[-71.4039591384348,41.8259321834842],[-71.4040682781309,41.8259325762943],[-71.4040690145271,41.8259327650802],[-71.4040696978251,41.8259330438558],[-71.4040703111878,41.8259334027031],[-71.4040708353689,41.8259338326028],[-71.4040712559401,41.8259343227388],[-71.4040715632943,41.8259348577971],[-71.4040717466195,41.8259354233635],[-71.4040722222964,41.8259917336972],[-71.404072441819,41.8260430460317],[-71.4040721194547,41.8260436958076],[-71.4040716587362,41.8260442959493],[-71.4040710717222,41.8260448320615],[-71.4040703740854,41.8260452879511],[-71.404069585104,41.8260456510293],[-71.4040687276637,41.8260459114118],[-71.4040678234407,41.826046062814],[-71.4040668989238,41.8260461007565],[-71.4039757588345,41.8260477829697],[-71.4039756475632,41.8260449143949],[-71.403935081065,41.8260455773401],[-71.4039350436632,41.8260432193195],[-71.4039458108942,41.8260432742407],[-71.4039454726471,41.8260223356616],[-71.4039346997065,41.8260220763585],[-71.4039343084138,41.8259979739417],[-71.4039450768409,41.825998028864],[-71.4039447693971,41.8259790314425],[-71.4039339964651,41.825978771239],[-71.403933498222,41.8259481061576]]]},"properties":{"FID":356,"Layer":"C-GREENS-2","Shape_Leng":418.226829763,"Shape__Area":3588.16251373291,"Shape__Length":418.21201890598445,"GreenSpaceName":null}},{"type":"Feature","id":359,"geometry":{"type":"Polygon","coordinates":[[[-71.4041791620791,41.8253476263681],[-71.4041704054409,41.8253481916794],[-71.4041698683638,41.8253418825515],[-71.4041786262048,41.8253413172412],[-71.4041791620791,41.8253476263681]]]},"properties":{"FID":359,"Layer":"C-GREENS-2","Shape_Leng":9.398871986,"Shape__Area":5.51763916015625,"Shape__Length":9.3988719827130272,"GreenSpaceName":null}},{"type":"Feature","id":360,"geometry":{"type":"MultiPolygon","coordinates":[[[[-71.4044878553726,41.8259613109293],[-71.4044889646398,41.8259681706383],[-71.4044805268203,41.82596879386],[-71.4044795101401,41.8259620017533],[-71.4044836827557,41.8259616567916],[-71.4044878553726,41.8259613109293]]],[[[-71.40448118669,41.8259054699264],[-71.4044821103985,41.8259116434225],[-71.404477846353,41.8259119549956],[-71.4044735811036,41.8259122665676],[-71.4044727487769,41.8259061615733],[-71.4044769671316,41.8259058157494],[-71.40448118669,41.8259054699264]]],[[[-71.4044749756369,41.8258494915512],[-71.4044759932134,41.8258564889361],[-71.4044719120872,41.8258568339737],[-71.404467829756,41.8258571799106],[-71.4044668133842,41.8258501825265],[-71.4044749756369,41.8258494915512]]]]},"properties":{"FID":360,"Layer":"C-GREENS-2","Shape_Leng":100.531083933,"Shape__Area":16.731101989746094,"Shape__Length":28.364893630582088,"GreenSpaceName":null}},{"type":"Feature","id":361,"geometry":{"type":"Polygon","coordinates":[[[-71.4037687017933,41.8258947869648],[-71.4038627618895,41.8258939158645],[-71.4038628909605,41.8258977568211],[-71.4038763754223,41.8258975070071],[-71.4038764712617,41.8258937895852],[-71.4039062577605,41.8258935137929],[-71.4039063868247,41.8258973610518],[-71.4039206284476,41.8258970974605],[-71.4039207254895,41.8258933791393],[-71.4039325570301,41.8258932701898],[-71.403931759197,41.8258496309642],[-71.4039463859281,41.8258494154098],[-71.4039463674242,41.8258481044999],[-71.4039683972799,41.8258477258689],[-71.4039684028846,41.8258471973742],[-71.4039690082584,41.8258472627048],[-71.4039696209729,41.8258472488116],[-71.4039702193612,41.8258471556765],[-71.4039707877695,41.8258469868878],[-71.4039713093404,41.8258467460328],[-71.4039717660046,41.8258464420998],[-71.4039721457142,41.8258460822814],[-71.4039724364119,41.8258456800726],[-71.4039726296567,41.8258452453702],[-71.4039725523621,41.8258413891512],[-71.4040636356951,41.8258404388691],[-71.4040648526119,41.8258404686963],[-71.4040660464349,41.8258406479605],[-71.4040671834668,41.825840972132],[-71.4040682348331,41.8258414312829],[-71.4040691692531,41.8258420145829],[-71.4040699638832,41.8258427040063],[-71.4040705958782,41.8258434824274],[-71.4040710472146,41.8258443282232],[-71.4040712827557,41.8259066814364],[-71.4040708456838,41.8259075688062],[-71.4040702329589,41.8259083957066],[-71.4040694578513,41.8259091423411],[-71.4040685384411,41.8259097925188],[-71.4040674976245,41.8259103291523],[-71.4040663594933,41.8259107405574],[-71.4039507504846,41.825910715077],[-71.4038616039541,41.8259107836574],[-71.4037613080095,41.8259120186718],[-71.4037082251773,41.8259119561804],[-71.4037054301021,41.8259111750437],[-71.4037028461798,41.8259100591576],[-71.4037005455893,41.8259086382939],[-71.4036985908646,41.8259069521199],[-71.4036970361029,41.8259050474986],[-71.4036959233561,41.8259029766851],[-71.4036952850384,41.8259007973282],[-71.403695137914,41.8258985679641],[-71.4037152992145,41.8258623011805],[-71.4037183381176,41.8258586123355],[-71.4037220890434,41.8258553103327],[-71.4037264664146,41.8258524707291],[-71.4037313678139,41.8258501609642],[-71.4037366800136,41.8258484331626],[-71.4037422813787,41.8258473268374],[-71.4037480418688,41.8258468679894],[-71.4037614211214,41.8258453279141],[-71.4037615096296,41.825855352369],[-71.4037679845416,41.8258552866666],[-71.4037687017933,41.8258947869648]]]},"properties":{"FID":361,"Layer":"C-GREENS-2","Shape_Leng":284.815250738,"Shape__Area":1581.9779205322266,"Shape__Length":284.79002857063017,"GreenSpaceName":null}},{"type":"Feature","id":362,"geometry":{"type":"Polygon","coordinates":[[[-71.403945895168,41.8258129350407],[-71.4039449380015,41.8257518687084],[-71.4039415303103,41.8257518442507],[-71.4039413481404,41.825744064264],[-71.4039447486951,41.825744031094],[-71.403944730237,41.8257426895726],[-71.4039799297006,41.8257424723077],[-71.4039799049579,41.8257421139519],[-71.403980498373,41.8257421261523],[-71.4039810858797,41.82574206452],[-71.4039816518258,41.8257419317427],[-71.4039821817613,41.82574173141],[-71.4039826600284,41.8257414698109],[-71.4039830745833,41.8257411514372],[-71.4039834145749,41.8257407879842],[-71.4039836691592,41.8257403866455],[-71.4039838322986,41.8257399600209],[-71.4039838296594,41.8257360867578],[-71.4040632668971,41.8257359226412],[-71.4040645318343,41.8257360371404],[-71.4040657556247,41.8257362992609],[-71.4040669093885,41.8257367026763],[-71.4040679642513,41.8257372374586],[-71.4040688913427,41.825737890979],[-71.4040696690227,41.8257386452127],[-71.4040702780587,41.8257394821368],[-71.4040707028346,41.8257403801301],[-71.4040710816311,41.8258220781601],[-71.404070868438,41.8258229747203],[-71.4040704627078,41.8258238324051],[-71.4040698777122,41.8258246305178],[-71.404069125522,41.8258253465599],[-71.4040682290347,41.8258259625438],[-71.4040672111465,41.8258264613822],[-71.4040660983594,41.8258268295921],[-71.4040649207798,41.8258270581953],[-71.4040637085102,41.8258271409144],[-71.4039722789986,41.8258277739877],[-71.40397221068,41.8258243553412],[-71.4039721691404,41.8258239600574],[-71.4039720348971,41.8258235764005],[-71.403971815156,41.8258232151807],[-71.4039715147134,41.8258228890066],[-71.4039711419831,41.8258226059884],[-71.4039707101911,41.8258223760408],[-71.4039702313641,41.8258222063767],[-71.4039697211448,41.8258221006105],[-71.4039691927688,41.8258220623545],[-71.403968664288,41.8258220943249],[-71.4039681513545,41.8258221938338],[-71.4039681481739,41.8258219057225],[-71.4039459897309,41.8258221491949],[-71.4039459701283,41.8258207680577],[-71.4039426105417,41.8258207706504],[-71.4039426017124,41.8258129872074],[-71.403945895168,41.8258129350407]]]},"properties":{"FID":362,"Layer":"C-GREENS-2","Shape_Leng":136.275728034,"Shape__Area":1104.0444717407227,"Shape__Length":136.26583502317632,"GreenSpaceName":null}},{"type":"Feature","id":363,"geometry":{"type":"Polygon","coordinates":[[[-71.4037589226894,41.8257188047014],[-71.4037516269062,41.8257188364029],[-71.4037516592603,41.8257229527826],[-71.4037463087395,41.8257229482995],[-71.4037408053467,41.8257229436879],[-71.4037290793671,41.8257225143031],[-71.4037211192684,41.8257208474055],[-71.4037150179112,41.8257150296992],[-71.4037095368345,41.8257033449994],[-71.4036850029111,41.8256549851986],[-71.4036553351277,41.825608263306],[-71.4036478792784,41.8255978473259],[-71.4036469537132,41.825596180021],[-71.4036464074558,41.8255944211995],[-71.4036462560815,41.825592619493],[-71.4036465031299,41.8255908226224],[-71.4036471413016,41.8255890819009],[-71.4036481548796,41.8255874432326],[-71.4036495137048,41.8255859507089],[-71.4036511828062,41.8255846466164],[-71.4036531163897,41.82558356603],[-71.403655261449,41.825582737716],[-71.4036575589682,41.8255821841334],[-71.4036599475337,41.8255819214368],[-71.4038549259934,41.8255726627401],[-71.4038566517674,41.8255930145606],[-71.4038772079168,41.8255920125791],[-71.40387765211,41.8255992408771],[-71.403896537212,41.8255984337677],[-71.4038961979175,41.8255910867127],[-71.4039726117477,41.8255873619871],[-71.4039730547479,41.8255945902838],[-71.4039919398473,41.8255937831587],[-71.403991600542,41.8255864361039],[-71.4040115246903,41.8255854650819],[-71.404010502341,41.8255744467718],[-71.4040121739485,41.8255738773533],[-71.4040136893811,41.8255731016265],[-71.4040150028654,41.8255721411614],[-71.4040160746331,41.8255710265361],[-71.404016874543,41.8255697901379],[-71.404017377262,41.8255684688594],[-71.4040175682862,41.8255671023035],[-71.4040174403318,41.8255657318797],[-71.4040169993552,41.8255643990086],[-71.404016257336,41.8255631424148],[-71.4040152370881,41.8255619999317],[-71.4040139698557,41.8255610066985],[-71.4040124905035,41.8255601915554],[-71.4040108471424,41.8255595797519],[-71.4040090866916,41.8255591884338],[-71.4040079245669,41.8255466556356],[-71.4040095961738,41.8255460862171],[-71.4040111116058,41.8255453104904],[-71.4040124250895,41.8255443500252],[-71.4040134968569,41.8255432354],[-71.4040142967664,41.8255419990018],[-71.4040147994852,41.8255406777233],[-71.4040149905095,41.8255393111674],[-71.4040148625551,41.8255379407435],[-71.4040144215788,41.8255366078724],[-71.4040136795599,41.8255353512786],[-71.4040126593126,41.8255342087955],[-71.4040113920808,41.8255332155623],[-71.4040099127293,41.8255324004191],[-71.4040082693689,41.8255317886156],[-71.4040065089189,41.8255313972975],[-71.4040059521276,41.825525402371],[-71.4040174881633,41.825524840295],[-71.4040181424402,41.8255260103828],[-71.4040190436235,41.8255270834403],[-71.4040201700894,41.8255280306384],[-71.4040214893753,41.8255288267406],[-71.4040229654035,41.8255294492082],[-71.4040245584756,41.8255298818019],[-71.4040262252754,41.8255301127811],[-71.4040279200725,41.8255301349049],[-71.4040295971259,41.825529948135],[-71.4040312094826,41.8255295578343],[-71.4040327137941,41.8255289738703],[-71.4040340691087,41.8255282133152],[-71.4040352392854,41.8255272959464],[-71.4040361917863,41.8255262469461],[-71.4040369000867,41.8255250951031],[-71.4040373448801,41.8255238719131],[-71.4040484499538,41.8255233310821],[-71.4040462818992,41.825498449286],[-71.4040617375979,41.8254976356835],[-71.4040625652542,41.8255068396463],[-71.4040631380024,41.82550698688],[-71.4040636697181,41.8255072052063],[-71.4040641423552,41.8255074883076],[-71.4040645438885,41.825507828071],[-71.4040648622971,41.8255082136823],[-71.4040650867638,41.8255086343284],[-71.4040652112873,41.8255090782998],[-71.404070020238,41.8256299628125],[-71.4040707260695,41.8257159440327],[-71.4040706727803,41.8257169685747],[-71.4040704076639,41.8257179749329],[-71.4040699367777,41.8257189370027],[-71.4040692709862,41.8257198340853],[-71.4040684271776,41.8257206418856],[-71.4040674258421,41.8257213424139],[-71.4040662910809,41.8257219176835],[-71.4040650505995,41.8257223542126],[-71.4039838182375,41.8257227842309],[-71.4039838150373,41.8257192864089],[-71.4039836267574,41.8257188153739],[-71.4039833421383,41.825718372169],[-71.4039829683864,41.8257179676041],[-71.4039825139129,41.8257176115901],[-71.4039819907401,41.8257173140407],[-71.4039814120981,41.8257170821698],[-71.4039807912211,41.82571692049],[-71.4039801437507,41.8257168335162],[-71.403979486535,41.8257168239634],[-71.4039794796879,41.8257165727629],[-71.4039443957913,41.8257167928254],[-71.4039443785517,41.8257154414013],[-71.4039296931463,41.8257154714364],[-71.4039290025527,41.8256717620727],[-71.4037646737096,41.8256732163226],[-71.4037654021386,41.8257132883471],[-71.4037588646463,41.8257133548972],[-71.4037589226894,41.8257188047014]]]},"properties":{"FID":363,"Layer":"C-GREENS-2","Shape_Leng":436.481080588,"Shape__Area":4864.2067489624023,"Shape__Length":436.42836342669585,"GreenSpaceName":null}},{"type":"Feature","id":364,"geometry":{"type":"Polygon","coordinates":[[[-71.4008166439856,41.8262876241056],[-71.4008153005533,41.8262806507166],[-71.4008155401307,41.826273608468],[-71.4008173563928,41.8262666954289],[-71.4008206972759,41.8262601078283],[-71.4008254685986,41.8262540337558],[-71.4008315340756,41.826248644158],[-71.4008387225413,41.8262440919447],[-71.4008468303675,41.8262405056885],[-71.4008646936433,41.826235853746],[-71.4008831527592,41.8262327644039],[-71.400884435806,41.8262344077303],[-71.4008860260473,41.8262358928619],[-71.4008878886239,41.8262371882568],[-71.4008594243548,41.8262619734493],[-71.4008341133939,41.8262886034514],[-71.4008335881012,41.8262896861063],[-71.4008328209886,41.8262906848209],[-71.4008318349726,41.8262915699038],[-71.4008306601867,41.826292315271],[-71.400829332779,41.8262928975451],[-71.4008278900898,41.826293300552],[-71.4008263766753,41.8262935126258],[-71.4008248358822,41.8262935257011],[-71.4008233158581,41.8262933407195],[-71.4008218611326,41.8262929631216],[-71.4008205150232,41.8262924037489],[-71.4008193184318,41.8262916788428],[-71.4008183050264,41.8262908118412],[-71.4008175072717,41.826289826181],[-71.4008169479898,41.8262887533938],[-71.4008166439856,41.8262876241056]]]},"properties":{"FID":364,"Layer":"C-GREENS-2","Shape_Leng":63.5055258272,"Shape__Area":192.69488525390625,"Shape__Length":63.457053358392635,"GreenSpaceName":null}},{"type":"Feature","id":365,"geometry":{"type":"Polygon","coordinates":[[[-71.4008168315814,41.8261824529098],[-71.400815078144,41.8261697196949],[-71.4008019643794,41.8261707374592],[-71.4007979196642,41.8261388916589],[-71.4007982234918,41.8261377953077],[-71.4007987727958,41.8261367531889],[-71.4007995506767,41.8261357958995],[-71.400800533017,41.826134951329],[-71.400801694501,41.8261342437648],[-71.4008029989849,41.8261336938835],[-71.4008044091284,41.826133317859],[-71.400805883988,41.8261331264599],[-71.4008183337306,41.8261310421197],[-71.4008344753907,41.8261312388244],[-71.4008503333994,41.8261334988602],[-71.400865442021,41.8261377542997],[-71.400879353663,41.8261438805102],[-71.4009706134384,41.8261794983217],[-71.4009718079925,41.8261799828338],[-71.4009728747269,41.8261806130907],[-71.4009737787601,41.8261813719559],[-71.4009744948499,41.8261822359988],[-71.400975001368,41.8261831799912],[-71.4009752827118,41.8261841742086],[-71.4009753304997,41.8261851898327],[-71.4009751447773,41.8261861971525],[-71.4009747292044,41.8261871646592],[-71.400974097065,41.8261880644538],[-71.4009732664566,41.8261888695416],[-71.4009722638985,41.8261895556364],[-71.4009711171084,41.8261901020542],[-71.4009698622231,41.8261904926201],[-71.400968536576,41.8261907156618],[-71.4009431438735,41.8262001401299],[-71.4009115886755,41.8262115202162],[-71.4008785437779,41.8262202177975],[-71.4008428582993,41.826227091703],[-71.4008151322947,41.8262297849912],[-71.4008141764945,41.8262298111762],[-71.4008132293052,41.8262297176233],[-71.4008123160008,41.8262295070557],[-71.4008114618514,41.8262291848969],[-71.4008106921198,41.8262287610727],[-71.4008100272528,41.8262282464048],[-71.4008094876886,41.8262276571168],[-71.4008090866461,41.8262270076257],[-71.4008088361318,41.8262263177494],[-71.4008087445442,41.8262256055017],[-71.4008088118497,41.826224892491],[-71.4008035164196,41.8261837117915],[-71.4008168315814,41.8261824529098]]]},"properties":{"FID":365,"Layer":"C-GREENS-2","Shape_Leng":144.001635949,"Shape__Area":1082.6149139404297,"Shape__Length":143.95598108518726,"GreenSpaceName":null}},{"type":"Feature","id":366,"geometry":{"type":"Polygon","coordinates":[[[-71.4009394574088,41.8261451190043],[-71.4008950669601,41.8261275817166],[-71.4008854299684,41.8261010214892],[-71.4008857731602,41.8261009371534],[-71.4008860947474,41.8261008122837],[-71.400886383891,41.826100650472],[-71.4008866357678,41.8261004571163],[-71.4008868419476,41.8261002349104],[-71.4008869988079,41.8260999910537],[-71.4008871015243,41.8260997318446],[-71.4008871464759,41.8260994635822],[-71.4008871336515,41.8260991934693],[-71.4008870630414,41.8260989278082],[-71.4008869358369,41.826098674703],[-71.4009107231707,41.826096776601],[-71.4009345117082,41.8260948775949],[-71.4009345185169,41.8260951459019],[-71.4009345831114,41.8260954097572],[-71.40093470189,41.826095662855],[-71.4009348724565,41.8260958979907],[-71.4009350912066,41.8260961106594],[-71.4009353521315,41.8260962945537],[-71.4009356480158,41.8260964451656],[-71.4009359728463,41.8260965588885],[-71.4009363182011,41.8260966330142],[-71.400936673251,41.8260966648322],[-71.4009370319773,41.8260966543375],[-71.4009494457853,41.826137401804],[-71.4009493500603,41.8261385919703],[-71.4009490052032,41.8261397567123],[-71.4009484208895,41.8261408663271],[-71.4009476104033,41.8261418929156],[-71.4009465954477,41.8261428130877],[-71.400945400136,41.8261436016547],[-71.4009440533853,41.8261442406348],[-71.40094259013,41.8261447129516],[-71.4009410452935,41.8261450087315],[-71.4009394574088,41.8261451190043]]]},"properties":{"FID":366,"Layer":"C-GREENS-2","Shape_Leng":58.4924676112,"Shape__Area":212.082763671875,"Shape__Length":58.485716721555747,"GreenSpaceName":null}},{"type":"Feature","id":367,"geometry":{"type":"Polygon","coordinates":[[[-71.4022604919766,41.8262484544504],[-71.4022589046045,41.8262276498552],[-71.4022587763961,41.8262272616998],[-71.4022587372797,41.8262268628161],[-71.4022587896452,41.8262264649106],[-71.4022589310672,41.8262260796856],[-71.4022591567145,41.8262257179412],[-71.4022594605546,41.8262253886754],[-71.4022598353475,41.8262251035867],[-71.4022602690449,41.8262248698674],[-71.4022607483963,41.8262246938088],[-71.4022612613561,41.8262245808024],[-71.4022617922705,41.8262245344365],[-71.4022623254896,41.826224555598],[-71.4022628465688,41.8262246442746],[-71.4022633410688,41.8262247968527],[-71.4022637921416,41.826225010617],[-71.4022641901696,41.8262252774561],[-71.4022836308087,41.8262344891624],[-71.4022841034254,41.8262347839754],[-71.4022845037364,41.8262351327473],[-71.4022848221243,41.8262355273669],[-71.4022850477746,41.8262359552201],[-71.4022851770939,41.8262364045995],[-71.40228520408,41.826236864696],[-71.4022851287549,41.826237321104],[-71.4022849547476,41.8262377621223],[-71.4022846844831,41.8262381760486],[-71.4022843264069,41.8262385502852],[-71.4022838913675,41.8262388749377],[-71.4022833902121,41.8262391410119],[-71.4022828361914,41.8262393422167],[-71.4022684247742,41.8262498864372],[-71.4022679980005,41.8262503164364],[-71.4022674810364,41.8262506878368],[-71.4022668883428,41.8262509898466],[-71.4022662379896,41.8262512134778],[-71.4022655456332,41.8262513533417],[-71.4022648329463,41.8262514058554],[-71.4022641179888,41.8262513683331],[-71.4022634212215,41.8262512425931],[-71.4022627618984,41.826251032253],[-71.4022621592709,41.8262507427313],[-71.4022616289753,41.8262503821443],[-71.4022611866447,41.8262499604091],[-71.4022608430937,41.8262494901395],[-71.4022606103417,41.8262489830504],[-71.4022604919766,41.8262484544504]]]},"properties":{"FID":367,"Layer":"C-GREENS-2","Shape_Leng":26.8089795641,"Shape__Area":42.738815307617188,"Shape__Length":26.800547373254904,"GreenSpaceName":null}},{"type":"Feature","id":368,"geometry":{"type":"Polygon","coordinates":[[[-71.4022463815285,41.8260777524772],[-71.4022396523374,41.8260772038459],[-71.4022331519664,41.8260757901826],[-71.4022270777593,41.8260735557721],[-71.4022216137858,41.8260705664958],[-71.4022169260201,41.8260669143297],[-71.4022131551307,41.8260627092352],[-71.4022104176855,41.8260580782593],[-71.4022087941186,41.826053162824],[-71.4022083347601,41.8260481115282],[-71.4022061978798,41.8260308862137],[-71.4022061945008,41.826029942655],[-71.4022064077698,41.8260290136862],[-71.4022068328323,41.8260281254129],[-71.4022074552026,41.8260273048331],[-71.40220825799,41.8260265771419],[-71.4022092158837,41.8260259639258],[-71.4022103011704,41.826025483168],[-71.402211481328,41.8260251492464],[-71.4022127190257,41.8260249720328],[-71.40221398055,41.8260249578009],[-71.4022152261793,41.8260251056166],[-71.4022164186037,41.8260254118467],[-71.402217522929,41.8260258674582],[-71.4022185066752,41.8260264589184],[-71.4022193385743,41.8260271672933],[-71.4022721356411,41.8260663949992],[-71.4022729977563,41.8260670232693],[-71.4022737104619,41.826067748649],[-71.4022742521198,41.8260685522126],[-71.4022746095218,41.8260694123409],[-71.4022747718713,41.8260703047155],[-71.4022747343919,41.8260712041228],[-71.4022744983228,41.8260720871551],[-71.4022740721284,41.82607292861],[-71.4022734642689,41.8260737059862],[-71.4022726940369,41.826074397692],[-71.4022717807206,41.8260749848367],[-71.402270750828,41.8260754503364],[-71.4022696320625,41.8260757825102],[-71.4022684557346,41.8260759723814],[-71.4022672531507,41.8260760136742],[-71.4022463815285,41.8260777524772]]]},"properties":{"FID":368,"Layer":"C-GREENS-2","Shape_Leng":59.0265118621,"Shape__Area":196.14220428466797,"Shape__Length":58.993288619260618,"GreenSpaceName":null}},{"type":"Feature","id":369,"geometry":{"type":"Polygon","coordinates":[[[-71.4023078828445,41.8260670601451],[-71.402268776411,41.8260368682074],[-71.4022318362089,41.8260093836202],[-71.4022290011496,41.8260079919834],[-71.4022265265239,41.8260062585242],[-71.4022244856833,41.8260042328238],[-71.402222938721,41.8260019761565],[-71.402221930073,41.8259995551853],[-71.4022214909294,41.8259970401632],[-71.4022216344159,41.8259945067298],[-71.4022223556066,41.8259920278086],[-71.4022236339231,41.8259896790105],[-71.4022254307436,41.825987527828],[-71.4022276930056,41.8259856390405],[-71.4022303544194,41.8259840684126],[-71.4022333366748,41.8259828608944],[-71.4022365506403,41.8259820533242],[-71.4022399023899,41.8259816690307],[-71.4022921683158,41.8259775323221],[-71.4022950893588,41.8260023346593],[-71.4023120491021,41.8260012245591],[-71.4023129415533,41.826008819682],[-71.4023327508036,41.8260075175287],[-71.4023318583419,41.8259999278079],[-71.4024162585763,41.8259944021259],[-71.4024224953042,41.8260505327899],[-71.4024226294774,41.8260525424617],[-71.4024223255118,41.8260545409572],[-71.4024215895054,41.826056476062],[-71.4024204419993,41.8260582964741],[-71.4024189143655,41.8260599527015],[-71.4024170463952,41.826061399761],[-71.4024148887008,41.8260626007817],[-71.4024124979065,41.8260635233993],[-71.4023774190775,41.8260666186719],[-71.4023231371322,41.8260713587332],[-71.4023207077506,41.826071533134],[-71.4023182715668,41.8260714311247],[-71.4023158851544,41.8260710536538],[-71.4023136014636,41.8260704097697],[-71.4023114746374,41.8260695157246],[-71.4023095539995,41.8260683904675],[-71.4023078828445,41.8260670601451]]]},"properties":{"FID":369,"Layer":"C-GREENS-2","Shape_Leng":161.082876268,"Shape__Area":1184.4858245849609,"Shape__Length":161.05468771804036,"GreenSpaceName":null}},{"type":"Feature","id":370,"geometry":{"type":"Polygon","coordinates":[[[-71.4024379329183,41.8260498391357],[-71.4024306962642,41.8259934573289],[-71.4025055668625,41.825988555525],[-71.4025126096995,41.8260434047848],[-71.4025122961266,41.8260461838669],[-71.4025113856178,41.8260488895148],[-71.4025099023581,41.8260514488216],[-71.4025078861715,41.8260537951959],[-71.4025053889121,41.8260558665584],[-71.4024489439347,41.8260605787335],[-71.4024467048121,41.8260599141821],[-71.4024446285694,41.8260590012752],[-71.4024427633254,41.8260578598613],[-71.4024411547779,41.82605651879],[-71.4024398401958,41.8260550087045],[-71.4024388508212,41.8260533656449],[-71.4024382094647,41.8260516292455],[-71.4024379329183,41.8260498391357]]]},"properties":{"FID":370,"Layer":"C-GREENS-2","Shape_Leng":87.0293047028,"Shape__Area":497.84579467773438,"Shape__Length":87.018554545007675,"GreenSpaceName":null}},{"type":"Feature","id":371,"geometry":{"type":"Polygon","coordinates":[[[-71.4025285873126,41.8260461958907],[-71.4025235110124,41.82600585097],[-71.4025240133072,41.826005625411],[-71.4026862641182,41.8259946842982],[-71.402677728697,41.8259222330461],[-71.4026757483778,41.8259223628179],[-71.4026746241074,41.8259128209671],[-71.4026784284878,41.8259124118348],[-71.4026790535198,41.8259177774877],[-71.4026965248577,41.8259166398537],[-71.4027061841501,41.8260378733528],[-71.4026762966572,41.8260404077003],[-71.402652568274,41.8260431696434],[-71.4025364841829,41.8260530496733],[-71.4025349065829,41.8260527314152],[-71.4025334243734,41.8260522178644],[-71.4025320796627,41.826051523462],[-71.402530912141,41.8260506698498],[-71.4025299542746,41.8260496795639],[-71.4025292349079,41.82604858234],[-71.40252877566,41.8260474097082],[-71.4025285873126,41.8260461958907]]]},"properties":{"FID":371,"Layer":"C-GREENS-2","Shape_Leng":192.064801044,"Shape__Area":963.96893310546875,"Shape__Length":192.05953870732534,"GreenSpaceName":null}},{"type":"Feature","id":372,"geometry":{"type":"Polygon","coordinates":[[[-71.4036144639452,41.8262015095722],[-71.4036137406516,41.8261949914075],[-71.4036130162569,41.8261884048162],[-71.4036122916572,41.8261819550763],[-71.4036117514328,41.8261753686394],[-71.4036110307123,41.8261671353301],[-71.4036103089947,41.826158764268],[-71.4036096797576,41.8261505310355],[-71.4036091409026,41.8261422294529],[-71.4036085116657,41.8261339962203],[-71.4036079741173,41.8261256262131],[-71.4036074363639,41.8261173930572],[-71.4036069901975,41.826109090652],[-71.4036063597575,41.8261008574184],[-71.4036058222097,41.8260924874111],[-71.4036052844568,41.8260842542552],[-71.4036056832088,41.8260808314989],[-71.4036068582098,41.8260775111323],[-71.4036087768145,41.8260743894645],[-71.4036113811038,41.8260715600819],[-71.4036145951187,41.8260691057521],[-71.4036183224521,41.8260670993217],[-71.4036224546798,41.8260656001221],[-71.4036268689573,41.8260646512663],[-71.4037298757723,41.8260643252833],[-71.4037582862149,41.8260642356467],[-71.4037588817168,41.8261102795092],[-71.4037226465477,41.826110696614],[-71.4037231779112,41.8261489164721],[-71.4036962818868,41.8261488939268],[-71.4036962578979,41.8261649019433],[-71.4037234006926,41.8261649246955],[-71.4037239265913,41.8262027754094],[-71.4037609908112,41.8262026047915],[-71.4037615932721,41.8262472189196],[-71.4037373815168,41.8262471986327],[-71.4037373786927,41.8262490839412],[-71.4037209757839,41.8262496914287],[-71.4037137289385,41.8262499599582],[-71.4037065735763,41.8262502285638],[-71.40369923535,41.8262504285899],[-71.4036919898121,41.826250627793],[-71.4036848346548,41.8262507595458],[-71.4036818998668,41.8262508255109],[-71.4036787808061,41.8262509597472],[-71.4036758448144,41.8262510257111],[-71.4036729099224,41.826251161002],[-71.4036698823449,41.8262512953148],[-71.4036669476595,41.8262512928537],[-71.4036640128714,41.8262513588184],[-71.4036610769823,41.8262513563562],[-71.4036579581266,41.8262513537404],[-71.4036550235438,41.8262512828534],[-71.4036520890635,41.8262511435405],[-71.4036501621037,41.8262510041724],[-71.4036484206191,41.8262507974343],[-71.4036464935554,41.8262507273921],[-71.4036446594878,41.8262504512501],[-71.4036428253177,41.8262502435338],[-71.4036409911462,41.8262500367179],[-71.4036390654928,41.8262498289248],[-71.4036373230111,41.8262494844338],[-71.4036353973577,41.8262492766406],[-71.4036336546695,41.8262490699013],[-71.4036317291188,41.8262487936824],[-71.4036307204985,41.8262487244104],[-71.4036295278121,41.8262485856579],[-71.4036285193971,41.8262483795345],[-71.4036273279144,41.826248240783],[-71.4036263180904,41.82624817151],[-71.403625126709,41.826247965233],[-71.4036241181928,41.8262478266349],[-71.403622925505,41.8262476887827],[-71.4036219168848,41.8262476195106],[-71.403620724301,41.8262474123323],[-71.4036197157834,41.8262472746345],[-71.4036189913889,41.8262406871429],[-71.4036182679918,41.8262342374041],[-71.4036175435963,41.8262276508128],[-71.4036166361319,41.8262211324937],[-71.4036159117367,41.8262145459024],[-71.4036151883401,41.8262080961635],[-71.4036144639452,41.8262015095722]]]},"properties":{"FID":372,"Layer":"C-GREENS-2","Shape_Leng":246.191083589,"Shape__Area":2350.299934387207,"Shape__Length":246.1787103025508,"GreenSpaceName":null}},{"type":"Feature","id":373,"geometry":{"type":"Polygon","coordinates":[[[-71.4036223147125,41.8263491565314],[-71.4036223212977,41.8263447655813],[-71.4036223280881,41.8263402377797],[-71.4036223347759,41.8263357784038],[-71.403622341361,41.8263313874536],[-71.4036221673465,41.8263254180568],[-71.4036220834051,41.8263195864875],[-71.403622029583,41.8263177506501],[-71.4036365573744,41.8263177628381],[-71.4036365779491,41.8263040416814],[-71.4036217167283,41.8263040292137],[-71.403621651432,41.8263018179251],[-71.4036216601776,41.8262959864336],[-71.4036214860607,41.8262900854624],[-71.4036214034256,41.8262841854683],[-71.4036212282062,41.8262782169708],[-71.4036211454686,41.8262723854025],[-71.403620971557,41.8262663475798],[-71.4037071660214,41.8262645480599],[-71.4037070111671,41.8262674767345],[-71.4037062261447,41.8262716212395],[-71.4037046907881,41.826277646825],[-71.4037007571181,41.826283996323],[-71.4036979181732,41.8262875781945],[-71.4036937710044,41.8262918099147],[-71.4036878781688,41.8262970179398],[-71.4036824201046,41.826302878175],[-71.4036773980344,41.8263085749137],[-71.4036736831927,41.8263150884559],[-71.4036701862264,41.8263216012803],[-71.4036688680072,41.8263281159318],[-71.4036686282335,41.8263354976142],[-71.4036692730666,41.8263413629664],[-71.4036707881616,41.8263488577625],[-71.4036720883296,41.8263535829341],[-71.4036751070349,41.8263601741498],[-71.4036759550765,41.8263629758171],[-71.4036762929639,41.8263648226967],[-71.4036760314159,41.8263682608738],[-71.4036756038276,41.8263700431875],[-71.4036739822361,41.8263717605758],[-71.4036725823534,41.8263725264912],[-71.4036496133886,41.8263729168824],[-71.4036397064947,41.826373045424],[-71.4036308121,41.8263714605678],[-71.4036259557952,41.8263677515967],[-71.4036221203254,41.8263567714397],[-71.403622125058,41.8263536157538],[-71.4036223147125,41.8263491565314]]]},"properties":{"FID":373,"Layer":"C-GREENS-2","Shape_Leng":124.643991937,"Shape__Area":611.008430480957,"Shape__Length":124.64399193920657,"GreenSpaceName":null}},{"type":"Feature","id":374,"geometry":{"type":"Polygon","coordinates":[[[-71.4038138558466,41.8264150949773],[-71.4038135033312,41.8264013041823],[-71.4038122767228,41.8264013085573],[-71.4038008650405,41.8264015177836],[-71.4037996167003,41.8264015653566],[-71.4038000379776,41.8264152544708],[-71.4036919241903,41.8264165053854],[-71.4036930460574,41.8264647059997],[-71.4036707207979,41.8264652688997],[-71.4036329019053,41.8264660961032],[-71.403631701485,41.8264510441212],[-71.403630351548,41.8264337537698],[-71.4036291823144,41.8264179734392],[-71.4036298399199,41.8264080954661],[-71.4036334254593,41.8264019239459],[-71.403640404044,41.8263975388444],[-71.4036480212637,41.8263943202178],[-71.4036604992125,41.8263918610522],[-71.4037674694591,41.8263913844014],[-71.4039310215856,41.826389755733],[-71.4040230880846,41.8263887090689],[-71.4040273988516,41.8263893762207],[-71.4040315090359,41.8263905545976],[-71.4040353127579,41.826392211699],[-71.4040387089663,41.8263943060247],[-71.4040416110758,41.8263967816816],[-71.4040439421432,41.8263995746812],[-71.4040456408873,41.826402612045],[-71.4040466640932,41.8264058136065],[-71.4040469841975,41.826409097412],[-71.4040465941067,41.8264123770229],[-71.403986080255,41.8264131025519],[-71.4038138558466,41.8264150949773]]]},"properties":{"FID":374,"Layer":"C-GREENS-2","Shape_Leng":283.53236776,"Shape__Area":1257.5118789672852,"Shape__Length":283.51936172404788,"GreenSpaceName":null}},{"type":"Feature","id":375,"geometry":{"type":"Polygon","coordinates":[[[-71.4039638093308,41.8267559007862],[-71.4039635582587,41.8267394504746],[-71.4039486919148,41.8267395766972],[-71.4039485702419,41.8267315869834],[-71.4039556061828,41.8267315217395],[-71.4039554239706,41.8267205455492],[-71.4039484036795,41.8267206108061],[-71.403948276545,41.8267122483471],[-71.403946015797,41.8267123355904],[-71.4039459700504,41.8267099226424],[-71.403952877188,41.8267098581914],[-71.4039526949763,41.826698882001],[-71.4039457637652,41.8266989464319],[-71.4039451851521,41.8266680868139],[-71.4039530721397,41.8266680132784],[-71.4039528887244,41.826657037087],[-71.4039449788658,41.8266571115036],[-71.4039448070908,41.8266480125296],[-71.4039629031315,41.8266478223826],[-71.4039626087842,41.8266321382234],[-71.403944512748,41.8266323283703],[-71.4039443477487,41.8266235283146],[-71.4039515365533,41.8266234622985],[-71.4039513531384,41.826612486107],[-71.4039441414627,41.8266125530043],[-71.4039435873051,41.8265830502178],[-71.4038985367681,41.8265835716483],[-71.4038983929802,41.8265324187418],[-71.4039905428303,41.8265313127511],[-71.4039907273832,41.8265399201506],[-71.4039070796443,41.8265409234125],[-71.4039075283004,41.8265685191922],[-71.4039864007767,41.8265675731618],[-71.4039862598906,41.8265539094925],[-71.4039290176938,41.8265546080147],[-71.40392895636,41.8265521545384],[-71.404009315471,41.8265511791241],[-71.4040088844436,41.8265310930909],[-71.404014285692,41.8265310282781],[-71.4040491368047,41.8265306099253],[-71.4040894781741,41.8265261392165],[-71.4040917164551,41.8265015798247],[-71.4040929162379,41.8264961607829],[-71.404095400478,41.8264914981981],[-71.4040980660119,41.8264895700957],[-71.4041011342434,41.8264880123689],[-71.4041045148213,41.8264868726603],[-71.4041081077851,41.8264861850993],[-71.4041118047695,41.8264859694029],[-71.4041154962256,41.826486231782],[-71.4041338307486,41.8264931769974],[-71.4041858973061,41.8265139633586],[-71.4042335889775,41.8265399671175],[-71.4042759796471,41.8265706824173],[-71.4043173880228,41.8266168169968],[-71.4043515524157,41.8266661597414],[-71.4043780331901,41.8267180764525],[-71.4043821384605,41.8267330930297],[-71.4043825018235,41.826735631389],[-71.4043831395351,41.8267382393028],[-71.4043835943821,41.8267407777383],[-71.4043841419154,41.8267433171512],[-71.4043845967625,41.8267458555867],[-71.4043851431953,41.8267483256725],[-71.404394786357,41.826828009686],[-71.4043991570199,41.8268495282844],[-71.4044073491536,41.8268692966516],[-71.4044085725603,41.8268771153168],[-71.4043982998139,41.8268779449837],[-71.4043772789912,41.826879504882],[-71.4043546788454,41.826878648751],[-71.4042990231876,41.8268831905268],[-71.404290121442,41.8268840582402],[-71.4042202854585,41.8268895812364],[-71.4042117341009,41.82689038081],[-71.4041418572963,41.8268958235943],[-71.4041332916358,41.8268965268139],[-71.4040664522778,41.8269024924833],[-71.4040578866156,41.8269031956973],[-71.4040207972014,41.826906263682],[-71.4040122038495,41.8269069686701],[-71.4039491150356,41.8269123224734],[-71.4039483088115,41.8268638124125],[-71.4039596749869,41.8268635004947],[-71.4039591067188,41.826847460473],[-71.4039480381575,41.8268475799669],[-71.403947899077,41.8268391562751],[-71.4039556380233,41.8268390844164],[-71.4039554546071,41.8268281082252],[-71.4039477168659,41.826828180085],[-71.4039471955032,41.8267968676448],[-71.4039550030574,41.8267967958435],[-71.4039548208451,41.8267858196533],[-71.4039470132923,41.8267858914546],[-71.4039469801664,41.8267838935737],[-71.4039493648009,41.8267838739595],[-71.4039492387636,41.8267755826284],[-71.4039563926769,41.8267755165828],[-71.4039562104645,41.8267645403925],[-71.403949072201,41.8267646064512],[-71.4039489417795,41.8267560270078],[-71.4039638093308,41.8267559007862]]]},"properties":{"FID":375,"Layer":"C-GREENS-2","Shape_Leng":678.041233131,"Shape__Area":14851.629081726074,"Shape__Length":677.961917567928,"GreenSpaceName":null}},{"type":"Feature","id":376,"geometry":{"type":"Polygon","coordinates":[[[-71.4018093686709,41.8264657195905],[-71.4018073450993,41.8264453008627],[-71.4018722182788,41.8264418431734],[-71.4018946761788,41.8264395574866],[-71.4019111144541,41.8264386927931],[-71.4019275528952,41.8264377191562],[-71.4019884525918,41.8264365970908],[-71.401988632526,41.8264377964965],[-71.4021522590761,41.826427714436],[-71.4021578590366,41.8264758099383],[-71.4021361006338,41.8264772184415],[-71.4021353651522,41.8264708956312],[-71.4021124798694,41.8264724274168],[-71.4021132732101,41.8264786962562],[-71.4020889698633,41.826480270045],[-71.4020882343864,41.8264739472344],[-71.4020653491014,41.8264754790106],[-71.4020661424375,41.8264817478503],[-71.4020427853156,41.8264832603126],[-71.4020420498431,41.8264769375017],[-71.402019164556,41.8264784692687],[-71.4020199578877,41.8264847381087],[-71.4018390503005,41.8264964519357],[-71.4018368576367,41.8264771872992],[-71.4018251995595,41.8264779291198],[-71.4018240455607,41.8264650730866],[-71.4018093686709,41.8264657195905]]]},"properties":{"FID":376,"Layer":"C-GREENS-2","Shape_Leng":239.763716836,"Shape__Area":1623.0937423706055,"Shape__Length":239.76371683773843,"GreenSpaceName":null}},{"type":"Feature","id":377,"geometry":{"type":"Polygon","coordinates":[[[-71.4022894643829,41.8263688733951],[-71.4022901203991,41.8263696761556],[-71.4022905825041,41.8263705516786],[-71.4022908374965,41.8263714738431],[-71.4022908757905,41.8263724138301],[-71.4022906974255,41.8263733455298],[-71.4022903084627,41.8263742410367],[-71.4022897185745,41.8263750724486],[-71.402288948261,41.8263758154738],[-71.4022880168135,41.8263764494208],[-71.4022869543566,41.8263769536075],[-71.4022857922092,41.8263773136551],[-71.4022845640922,41.8263775187882],[-71.4022833073294,41.8263775636364],[-71.4022820592391,41.8263774464309],[-71.4022421616125,41.8263869290726],[-71.4022369376456,41.8263883642697],[-71.4022350747124,41.8263888650736],[-71.4022331266664,41.8263891344178],[-71.4022311464827,41.8263891651447],[-71.4022291859257,41.8263889545973],[-71.4022272967435,41.8263885109227],[-71.4022255294777,41.8263878440675],[-71.4022239286389,41.8263869720767],[-71.4022225363234,41.8263859174944],[-71.4022213922103,41.8263847091653],[-71.4022205227352,41.8263833777234],[-71.4022199543252,41.8263819592049],[-71.4022196989615,41.8263804905339],[-71.4022196627445,41.8263694838529],[-71.4022216630828,41.8263585797434],[-71.4022256611382,41.8263479870511],[-71.4022315795604,41.8263379100869],[-71.4022365716392,41.8263314408947],[-71.4022371470049,41.82633066079],[-71.4022378907652,41.8263299645603],[-71.4022387812215,41.8263293728947],[-71.402239793072,41.8263289010776],[-71.4022408962005,41.8263285643891],[-71.4022420592962,41.8263283718059],[-71.4022432486466,41.8263283287015],[-71.4022444317482,41.8263284368487],[-71.4022455724934,41.8263286935158],[-71.4022466395989,41.826329089673],[-71.4022476017829,41.8263296153897],[-71.4022484313843,41.8263302544363],[-71.4022491055582,41.8263309896871],[-71.4022496026704,41.8263317995153],[-71.4022554817524,41.8263380870869],[-71.4022699343261,41.8263527353023],[-71.4022862833427,41.8263662227908],[-71.4022894643829,41.8263688733951]]]},"properties":{"FID":377,"Layer":"C-GREENS-2","Shape_Leng":64.9234817839,"Shape__Area":261.13870239257813,"Shape__Length":64.878207892040038,"GreenSpaceName":null}},{"type":"Feature","id":378,"geometry":{"type":"Polygon","coordinates":[[[-71.4014729571688,41.8261710808492],[-71.4014694330687,41.8261425487683],[-71.4013333847639,41.826154815263],[-71.4013286402489,41.8261183780489],[-71.4013277467348,41.8261115500069],[-71.4013277419711,41.8261115166902],[-71.4014644346673,41.8261020715186],[-71.4014401073346,41.8259050968731],[-71.4013838598859,41.825908983083],[-71.401382699898,41.8259000939351],[-71.4014464268321,41.8258957045508],[-71.4014368142405,41.8258256390816],[-71.4014973191292,41.8258209948092],[-71.4014918038845,41.8257808142273],[-71.4015691544024,41.8257748428557],[-71.4015697360994,41.825778576162],[-71.4015841197989,41.8257774909721],[-71.4015828746415,41.8257691788707],[-71.4017476957183,41.8257569510985],[-71.4017449813427,41.8257364741544],[-71.4017463272524,41.8257363744676],[-71.4017491070806,41.8257565561562],[-71.401755081724,41.8257561723195],[-71.4017551329402,41.8257565279974],[-71.4017596206335,41.8257563778774],[-71.4017667484177,41.8258079824338],[-71.4018398107739,41.8258023511427],[-71.4018395537055,41.8258004295984],[-71.4019147268785,41.8258045849537],[-71.4019565514733,41.8258021204156],[-71.4019564943831,41.8258040362895],[-71.4020247971114,41.82580004934],[-71.4020254648053,41.8258058192854],[-71.4019221476573,41.8258125728001],[-71.4019290106994,41.8258713159123],[-71.4019328747331,41.8259043877826],[-71.4019376655654,41.8259453951363],[-71.4019483404233,41.8260367499972],[-71.4019490854262,41.8260431286384],[-71.4019526203541,41.8260733785621],[-71.4020021393593,41.8260708953653],[-71.4020025263349,41.8260744619403],[-71.4020045745207,41.8260764039193],[-71.402006168557,41.8260785723963],[-71.4020072627941,41.8260809070098],[-71.4020078284403,41.8260833438111],[-71.4020078487422,41.8260858179615],[-71.4020073262128,41.8260882601368],[-71.4020062717845,41.8260906055222],[-71.4020047168542,41.8260927884194],[-71.402002701234,41.8260947503404],[-71.4020002827851,41.8260964373141],[-71.4019975253747,41.8260978034777],[-71.4019945048938,41.8260988119821],[-71.4019913044434,41.8260994340871],[-71.4019880095124,41.8260996536597],[-71.4019560055624,41.8261023525767],[-71.4019590984774,41.8261288224973],[-71.4014729571688,41.8261710808492]]]},"properties":{"FID":378,"Layer":"C-GREENS-2","Shape_Leng":683.582360276,"Shape__Area":18552.543434143066,"Shape__Length":755.20418436171735,"GreenSpaceName":null}},{"type":"Feature","id":380,"geometry":{"type":"Polygon","coordinates":[[[-71.4021747681446,41.825910228359],[-71.4021565574434,41.8257463033303],[-71.4021425134368,41.8256207570185],[-71.4021951485925,41.8256166359741],[-71.4022040942704,41.8256912151174],[-71.4022022668404,41.8256913378085],[-71.4022053213916,41.8257169685753],[-71.4022071500097,41.8257168566893],[-71.4022076676196,41.8257215956171],[-71.4022140418813,41.8257212183991],[-71.4022143009425,41.8257226285514],[-71.4022340199127,41.8257212705171],[-71.4022338522664,41.8257199045593],[-71.4022564651234,41.825718448146],[-71.4022583964313,41.8257347108225],[-71.4022787362128,41.8257335567854],[-71.402276989323,41.825717126803],[-71.4022997454353,41.8257156605993],[-71.4022998518549,41.8257169202649],[-71.4023196574138,41.8257156118082],[-71.4023195883638,41.8257143161608],[-71.4023259097961,41.8257138497581],[-71.402325878791,41.8257136579594],[-71.4023426181611,41.8257125584713],[-71.4023411481882,41.8257000379997],[-71.4023999568681,41.8256961778062],[-71.4024006009374,41.8257016731258],[-71.4024749415301,41.8256967924995],[-71.4024757947642,41.8257040643664],[-71.4024835799831,41.8257035532803],[-71.402483740411,41.825704920132],[-71.4025038782087,41.8257035984205],[-71.4025037177804,41.8257022315688],[-71.4025832252359,41.8256970122282],[-71.4025834193836,41.8256983701049],[-71.4026035030442,41.8256970258215],[-71.4026033413405,41.8256957048862],[-71.4026111157608,41.8256951694732],[-71.4026103081585,41.8256879597694],[-71.4026845984049,41.8256829196046],[-71.4026780019975,41.8256273027404],[-71.4027017790632,41.8256256761612],[-71.4027000825605,41.8256140585427],[-71.402707634381,41.8256134581102],[-71.4027075154421,41.8256125117525],[-71.4027403890478,41.8256092524506],[-71.4027407219184,41.8256120077716],[-71.4027518817778,41.8256110754647],[-71.4027788349234,41.8256097918866],[-71.4027819010987,41.8256103824033],[-71.402784796992,41.8256113419152],[-71.4027874419937,41.8256126442439],[-71.4027897651394,41.8256142533161],[-71.4027917039012,41.8256161258625],[-71.4027932053933,41.8256182105189],[-71.4027942287723,41.8256204523301],[-71.4027949565209,41.8256239660711],[-71.4027956844777,41.8256281379605],[-71.4027962645438,41.8256321998832],[-71.402796992667,41.8256362619313],[-71.4027975737708,41.8256404336964],[-71.4027983006905,41.8256444957434],[-71.4027990288139,41.8256485577914],[-71.402799609918,41.8256527295565],[-71.4028003368379,41.8256567916035],[-71.4028010649616,41.8256608536515],[-71.4028017918816,41.8256649156985],[-71.4028019372411,41.825665903494],[-71.4028024103421,41.8256690604849],[-71.4028031370758,41.8256732458783],[-71.4028034995399,41.8256763334494],[-71.4028041366595,41.825679283501],[-71.402804590813,41.8256822342981],[-71.4028051375493,41.8256852535994],[-71.4028055917043,41.8256882034961],[-71.4028061371334,41.8256912912221],[-71.4028065923247,41.8256935559613],[-71.4028070457527,41.8256969866388],[-71.4028075913889,41.8256999375132],[-71.4028078646543,41.8257015151394],[-71.402808300444,41.825716608801],[-71.402806827863,41.8257192833643],[-71.4028053562786,41.82572209478],[-71.40280360925,41.8257247691111],[-71.4028011290542,41.8257275112475],[-71.4027982821399,41.8257299784701],[-71.4027953424343,41.8257325149402],[-71.4027935984771,41.8257339540077],[-71.4027916693544,41.825735256067],[-71.4027915776649,41.825735392841],[-71.4027835904419,41.8257405315224],[-71.4027718366189,41.8257489604574],[-71.4027699999745,41.8257503994462],[-71.4027688057409,41.8257512906719],[-71.4027659584088,41.8257540324968],[-71.4027649482416,41.8257549914038],[-71.4027639379695,41.8257560196367],[-71.4027629278008,41.825756979444],[-71.4027609975353,41.8257590359863],[-71.4027607223602,41.8257595165347],[-71.4027598034669,41.8257606132708],[-71.4027587932982,41.825761573078],[-71.4027573220642,41.8257633554053],[-71.4027564031708,41.8257644521414],[-71.4027555771707,41.8257654121045],[-71.4027548415543,41.8257663028179],[-71.4027541059365,41.8257671944317],[-71.4027530954569,41.825768359516],[-71.4027514426683,41.8257700048379],[-71.4027505235663,41.8257712393257],[-71.4027501556027,41.825771787321],[-71.4027490523318,41.8257730216529],[-71.4027474910256,41.8257746670521],[-71.4027462956494,41.8257763127612],[-71.40274556134,41.8257771350498],[-71.402744091309,41.825778917378],[-71.4027428961397,41.8257804262355],[-71.4027420685213,41.8257816599004],[-71.4027411494189,41.8257828943881],[-71.4027394954878,41.8257852941934],[-71.4027383912831,41.825787145257],[-71.4027372887998,41.825788654193],[-71.4027358173144,41.8257913971821],[-71.4027349891765,41.8257929738758],[-71.4027340696582,41.8257944829667],[-71.4027332415202,41.8257960596604],[-71.402732504967,41.8257975689062],[-71.4027317696188,41.8257990772527],[-71.4027308499968,41.8258006547693],[-71.4027296534777,41.8258030549617],[-71.4027289179209,41.82580470106],[-71.402728089367,41.8258065523568],[-71.4027277211945,41.8258072381038],[-71.4027271694341,41.8258083351506],[-71.4027267091562,41.8258094322747],[-71.4027261573944,41.8258105302218],[-71.4027252367349,41.8258127928958],[-71.402724776457,41.82581389002],[-71.4027244074531,41.8258151249734],[-71.4027234872079,41.8258171139446],[-71.4027230269299,41.8258182110687],[-71.4027225666519,41.8258193081929],[-71.4027221978564,41.8258204053945],[-71.4027218289561,41.8258215719222],[-71.4027217367471,41.8258220517251],[-71.4027208153596,41.8258247951799],[-71.4027205375274,41.8258262354879],[-71.4027200771444,41.8258274019381],[-71.4027196149964,41.8258297343265],[-71.4027194306819,41.8258306255066],[-71.4027174102373,41.825832613546],[-71.4027074727617,41.8258370942228],[-71.4027015072106,41.8258394219499],[-71.402687469313,41.8258418796902],[-71.4026771704684,41.8258425507215],[-71.4026735793729,41.8258420182793],[-71.4026699288085,41.8258418072078],[-71.4026662705295,41.8258419211523],[-71.4026656026235,41.8258362529488],[-71.40266758294,41.8258361231772],[-71.4026591533154,41.825764580454],[-71.4025244003544,41.8257734623805],[-71.4025231655835,41.8257629840811],[-71.4025266634423,41.8257622883857],[-71.4025204558509,41.8257448381385],[-71.4025014867402,41.8257486133699],[-71.4025076943268,41.8257660636181],[-71.4025122409435,41.8257651581338],[-71.4025133763932,41.8257649322118],[-71.4025144590479,41.8257741174946],[-71.4024969166975,41.8257752739478],[-71.4025076409646,41.825866303779],[-71.4022808251778,41.8258812538668],[-71.4022890155146,41.8259507796521],[-71.4022214886227,41.8259558343213],[-71.4022152921377,41.825956442178],[-71.4022090475138,41.8259562522925],[-71.4022029377074,41.825955271123],[-71.4021971408296,41.8259535249309],[-71.4021918253206,41.8259510669799],[-71.4021871463537,41.8259479676285],[-71.4021832410133,41.8259443188282],[-71.4021802234939,41.8259402251158],[-71.4021781814834,41.8259358072114],[-71.4021771749715,41.8259311939148],[-71.4021747681446,41.825910228359]]]},"properties":{"FID":380,"Layer":"C-GREENS-2","Shape_Leng":740.931382885,"Shape__Area":10436.893699645996,"Shape__Length":740.90023785654148,"GreenSpaceName":null}},{"type":"Feature","id":381,"geometry":{"type":"Polygon","coordinates":[[[-71.4027238883797,41.8260363784771],[-71.4027129518686,41.8259294818051],[-71.4027158053384,41.8259226920601],[-71.402722873755,41.825919404604],[-71.4027315808408,41.8259238029331],[-71.402736615769,41.8259303247543],[-71.4027370731411,41.825931148052],[-71.4027378043374,41.8259323839369],[-71.4027385368423,41.8259335504968],[-71.402739452208,41.8259347865378],[-71.4027401846081,41.8259360224237],[-71.4027411000787,41.8259371891385],[-71.4027418312752,41.8259384250235],[-71.402742655263,41.8259395916609],[-71.4027435706288,41.8259408277017],[-71.4027445768561,41.8259424743743],[-71.4027464991756,41.8259448772074],[-71.402747507228,41.8259461133267],[-71.4027477810537,41.8259465250137],[-71.4027492453784,41.8259485160038],[-71.4027513521795,41.8259507128152],[-71.402752359444,41.8259516743302],[-71.4027535502552,41.8259530474558],[-71.4027555645772,41.8259551073373],[-71.4027567555955,41.8259563436114],[-71.4027579455151,41.8259575105584],[-71.4027601439032,41.8259596390214],[-71.4027614266116,41.8259607385214],[-71.4027627092179,41.8259619055468],[-71.4027640834106,41.825963004224],[-71.4027653659121,41.8259642405754],[-71.4027677474733,41.8259662323417],[-71.402769213149,41.8259673310962],[-71.4027700379673,41.8259679494273],[-71.4027724193217,41.8259700780449],[-71.4027746188522,41.825971452024],[-71.4027762684904,41.8259726877857],[-71.4027778256478,41.8259737875179],[-71.4027794752862,41.8259750232796],[-71.4027821317122,41.8259767406746],[-71.4027836900749,41.8259778395074],[-71.4027860724666,41.8259792829672],[-71.4027876298341,41.8259802440471],[-71.4027894626441,41.8259813440123],[-71.4027910211106,41.8259823744193],[-71.4027932205383,41.8259838168238],[-71.4027951450397,41.8259847791146],[-71.4027973444676,41.825986221519],[-71.4027995432107,41.8259873208934],[-71.4028012847467,41.8259882830293],[-71.4028044925818,41.8259899324646],[-71.4028063257056,41.8259908253518],[-71.4028080673452,41.8259917190619],[-71.4028098089849,41.8259926127719],[-71.4028115508329,41.8259933687302],[-71.4028125589295,41.8259937810382],[-71.4028132914773,41.8259941246874],[-71.4028191103626,41.8260282956951],[-71.4027238883797,41.8260363784771]]]},"properties":{"FID":381,"Layer":"C-GREENS-2","Shape_Leng":119.999640787,"Shape__Area":698.29177856445313,"Shape__Length":119.99964080065914,"GreenSpaceName":null}},{"type":"Feature","id":382,"geometry":{"type":"Polygon","coordinates":[[[-71.4027565517819,41.825908867634],[-71.4027558204806,41.8259077010752],[-71.4027551796668,41.825906396841],[-71.4027546314359,41.825905161111],[-71.4027538990345,41.8259039261255],[-71.4027532592174,41.8259027587438],[-71.4027527109852,41.8259015239141],[-71.4027521628579,41.8259002197584],[-71.4027515219407,41.82589898395],[-71.4027507906396,41.8258978173911],[-71.4027502412051,41.8258965816601],[-71.4027497843522,41.8258954153336],[-71.4027492363286,41.8258940427522],[-71.4027485965103,41.8258928762708],[-71.4027481398659,41.8258915721925],[-71.4027477746007,41.8258903366174],[-71.402747409127,41.825889238794],[-71.4027470434462,41.8258882778221],[-71.4027466791763,41.8258871799998],[-71.4027464051854,41.825886082254],[-71.4027461311945,41.8258849845081],[-71.4027458584086,41.8258838858628],[-71.4027455844177,41.8258827881169],[-71.4027452188406,41.8258817587193],[-71.4027449460534,41.8258806609744],[-71.4027448562316,41.8258795633845],[-71.4027444907581,41.8258784655611],[-71.4027444009376,41.8258773670708],[-71.4027442184295,41.8258762694024],[-71.4027441286077,41.8258751718124],[-71.4027439474068,41.8258740057192],[-71.4027437649001,41.8258729071505],[-71.4027436752854,41.8258716727091],[-71.4027436771548,41.8258704374448],[-71.4027434958504,41.8258693397773],[-71.4027434976149,41.8258681738391],[-71.4027434065908,41.8258670753478],[-71.4027434084588,41.8258658409838],[-71.4027434101197,41.8258647434713],[-71.4027434118856,41.8258635766327],[-71.4027435062329,41.8258624791987],[-71.4027435081023,41.8258612439344],[-71.4027436929357,41.8258600097253],[-71.4027436947015,41.8258588428868],[-71.4027437880522,41.8258576086003],[-71.4027439739871,41.8258564419176],[-71.4027442503031,41.825855207786],[-71.4027444363415,41.8258539726776],[-71.4027445295886,41.8258528068168],[-71.4027448983839,41.8258517096152],[-71.4027451747012,41.8258504745832],[-71.4027452679483,41.8258493087224],[-71.4027456369519,41.8258480737689],[-71.4027457303039,41.8258468385821],[-71.4027460077201,41.8258456728772],[-71.4027463770343,41.8258442326466],[-71.4027464704899,41.825842929034],[-71.4027467483215,41.8258414887259],[-71.4027471162249,41.8258401853457],[-71.4027473940565,41.8258387450376],[-71.402747671681,41.825837441581],[-71.4027479483088,41.8258360012719],[-71.4027482259333,41.8258346978152],[-71.4027485952474,41.8258332575846],[-71.4027488716682,41.8258319541269],[-71.4027493322578,41.8258306508251],[-71.4027496100893,41.825829210517],[-71.402750070679,41.8258279072153],[-71.4027504394739,41.8258268100136],[-71.4027508072737,41.825825575059],[-71.4027511760687,41.8258244778573],[-71.4027516363462,41.8258233807331],[-71.4027520966238,41.8258222836088],[-71.4027525569013,41.8258211864845],[-71.4027530173873,41.8258199516085],[-71.4027533861822,41.8258188544067],[-71.4027538464597,41.8258177572825],[-71.4027544897037,41.8258166594127],[-71.4027548584986,41.825815562211],[-71.4027555029449,41.8258144652426],[-71.4027559632223,41.8258133681183],[-71.4027566985715,41.8258118588714],[-71.40275743533,41.8258102136743],[-71.4027581706791,41.8258087044273],[-71.4027589988166,41.8258071277335],[-71.4027597353693,41.8258056184875],[-71.4027604708205,41.8258040417152],[-71.4027613903383,41.825802532624],[-71.4027622183721,41.8258010243558],[-71.4027631379934,41.825799446839],[-71.4027640575097,41.8257979386482],[-71.4027650686135,41.8257963612088],[-71.4027658966471,41.8257948529406],[-71.4027670002286,41.8257934133314],[-71.4027678265409,41.8257922471908],[-71.4027687456415,41.8257910136032],[-71.4027695732609,41.8257897790378],[-71.4027704921544,41.8257886823016],[-71.4027715038391,41.8257875163178],[-71.4027724229396,41.8257862827302],[-71.402773433317,41.8257851851711],[-71.4027744437964,41.8257840200866],[-71.4027754541723,41.8257829234278],[-71.4027763732741,41.8257816889398],[-71.4027773836499,41.825780592281],[-71.4027783954378,41.8257793578714],[-71.4027794972961,41.82577826129],[-71.4027803247068,41.8257771644764],[-71.4027812433929,41.8257762045915],[-71.4027820708035,41.8257751077778],[-71.4027829896966,41.8257740110416],[-71.4027839998652,41.8257730512342],[-71.4027849187583,41.8257719544979],[-71.4027857461687,41.8257708576841],[-71.4027866649582,41.8257698293736],[-71.4027876751267,41.8257688695661],[-71.4027886853986,41.8257678413329],[-71.4027897870496,41.8257668816029],[-71.4027907984217,41.8257659217964],[-71.4027919914502,41.8257650314698],[-71.4027927265486,41.8257644828847],[-71.4027934603384,41.8257640036247],[-71.4027941954367,41.8257634550396],[-71.4027949303267,41.8257630442063],[-71.4027956640129,41.8257626333719],[-71.4027963991113,41.8257620847868],[-71.402797132901,41.8257616055267],[-71.4027979592748,41.8257611938705],[-71.4027986942683,41.8257607146114],[-71.4027994279544,41.8257603037771],[-71.4028003458094,41.8257598930985],[-71.4028010809077,41.8257593445134],[-71.402801815901,41.8257588652543],[-71.4028040358173,41.8257586942674],[-71.4028062625473,41.8257587933882],[-71.4028084383141,41.8257591616673],[-71.4028105065592,41.8257597882528],[-71.4028124119364,41.8257606568919],[-71.4028141039233,41.8257617450333],[-71.4028155380262,41.8257630238284],[-71.4028166769814,41.8257644590329],[-71.4028174895496,41.8257660128062],[-71.4028174875781,41.8257673164962],[-71.4028180322814,41.8257708850028],[-71.4028186690909,41.8257740412317],[-71.4028189408008,41.8257766479447],[-71.4028193945404,41.8257798733449],[-71.4028199393488,41.8257833725254],[-71.4028205773622,41.8257865287553],[-71.402820938624,41.8257896163253],[-71.4028215765327,41.8257928418813],[-71.4028220306892,41.825795791778],[-71.4028225758082,41.8257990856813],[-71.4028231208239,41.8258024480103],[-71.4028237584224,41.8258058788435],[-71.4028242118521,41.8258093095208],[-71.4028247563492,41.8258130148788],[-71.4028253012616,41.8258164456335],[-71.4028259377615,41.8258198071396],[-71.4028264837729,41.8258233072213],[-71.4028271206868,41.8258263950245],[-71.4028276655994,41.8258298257792],[-71.4028282106169,41.8258331872078],[-71.402828664047,41.8258366178852],[-71.4028293013344,41.8258402548958],[-71.4028298458321,41.8258439602536],[-71.402830298952,41.8258475962081],[-71.4028307515519,41.8258515760918],[-71.4028312957394,41.8258554867269],[-71.4028317488581,41.8258591235817],[-71.4028322013548,41.8258631718911],[-71.402832561955,41.825867493826],[-71.402833197624,41.8258714054388],[-71.402833650536,41.825875179145],[-71.4028340112398,41.8258794326542],[-71.4028346480093,41.8258834126936],[-71.4028351005063,41.825887461003],[-71.4028358268294,41.8258919209992],[-71.4028361889859,41.8258952138473],[-71.4028366421051,41.825898850702],[-71.4028373703591,41.8259028299185],[-71.4028380064439,41.825906466928],[-71.4028383690144,41.8259094860732],[-71.4028388222387,41.8259130536019],[-71.4028395491844,41.8259171021434],[-71.4028401866814,41.8259206014021],[-71.4028407314907,41.8259241014827],[-71.4028412760946,41.8259277375145],[-71.4028419135918,41.8259312367732],[-71.4028424581945,41.8259348737052],[-71.4028430944882,41.8259383729629],[-71.4028484503076,41.8259754930902],[-71.4028480480583,41.8259764255017],[-71.4028474496936,41.8259772974247],[-71.402846672101,41.8259780854645],[-71.4028457357722,41.8259787707313],[-71.4028446648104,41.8259793343384],[-71.4028434857206,41.8259797610025],[-71.4028422298144,41.8259800408462],[-71.4028409308069,41.8259801666954],[-71.4028396224093,41.8259801340768],[-71.4028383371193,41.8259799448187],[-71.4028371086342,41.8259796034513],[-71.4028359706446,41.8259791190064],[-71.402834229005,41.8259782252967],[-71.4028323958811,41.82597733241],[-71.4028306542416,41.8259764387003],[-71.4028289124972,41.8259756143166],[-71.4028271720615,41.8259747206079],[-71.4028254302137,41.8259739646498],[-71.4028235970916,41.8259730708626],[-71.4028218554509,41.8259721780531],[-71.4028201138116,41.8259712843432],[-71.402818372171,41.8259703915337],[-71.402816631839,41.8259694293991],[-71.402814798717,41.8259685356117],[-71.402813240147,41.8259675736308],[-71.402811498715,41.8259665430694],[-71.4028096659036,41.8259654440048],[-71.4028081085375,41.8259644820248],[-71.4028063672091,41.8259633830376],[-71.4028047183602,41.8259624209802],[-71.4028029770319,41.8259613219929],[-71.4028013271865,41.825960223083],[-71.4027997700276,41.8259591242515],[-71.4027981203906,41.8259578875897],[-71.4027964717491,41.8259567886808],[-71.402794913595,41.8259555520964],[-71.4027932649535,41.8259544531874],[-71.4027917981775,41.8259532860065],[-71.4027905166711,41.8259521874081],[-71.402789049793,41.8259510877525],[-71.4027876756002,41.8259499890757],[-71.4027863943009,41.8259487536258],[-71.4027851115923,41.8259476541261],[-71.4027837375031,41.8259464870235],[-71.4027824547932,41.825945388424],[-71.4027810808089,41.8259441519953],[-71.4027799824755,41.8259429167002],[-71.4027787913534,41.8259417488521],[-71.4027776003335,41.8259405134785],[-71.4027764106222,41.8259392087799],[-71.4027752196038,41.825937972506],[-71.4027742125462,41.8259368741398],[-71.4027733885578,41.8259357075027],[-71.4027724729845,41.8259346083135],[-71.4027714661341,41.8259333730958],[-71.4027705505595,41.8259322748069],[-71.4027698180553,41.8259311073468],[-71.4027689941705,41.8259298722839],[-71.4027680788044,41.8259286362433],[-71.4027673475026,41.8259274696845],[-71.4027664321366,41.8259262336439],[-71.4027656996312,41.8259250670841],[-71.402764875748,41.8259238311209],[-71.4027641445512,41.8259225952361],[-71.4027634120459,41.8259214286763],[-71.4027626808492,41.8259201927915],[-71.402761948551,41.8259188893803],[-71.4027612161507,41.8259176534944],[-71.4027604848492,41.8259164869357],[-71.4027597525524,41.8259151826241],[-71.4027591128386,41.8259139468167],[-71.4027583805419,41.8259126425051],[-71.4027578323096,41.8259114076755],[-71.4027570998058,41.8259102402154],[-71.4027565517819,41.825908867634]]]},"properties":{"FID":382,"Layer":"C-GREENS-2","Shape_Leng":180.453085623,"Shape__Area":1445.6411056518555,"Shape__Length":180.4424184582148,"GreenSpaceName":null}},{"type":"Feature","id":383,"geometry":{"type":"Polygon","coordinates":[[[-71.4022494964093,41.8264277738127],[-71.4022484788293,41.826424097761],[-71.402248301569,41.8264203458956],[-71.4022489680768,41.8264166253597],[-71.4022504601375,41.8264130405773],[-71.4022527342593,41.8264096950502],[-71.402255728911,41.8264066814612],[-71.4022593560872,41.8264040870681],[-71.4022635145639,41.8264019847123],[-71.4022680850801,41.826400434615],[-71.402272939975,41.8263994798839],[-71.4022779383698,41.8263991483095],[-71.4022829418222,41.8263994487776],[-71.4024160716092,41.8263910195278],[-71.4024209168993,41.8263892535763],[-71.402650912986,41.8263754367352],[-71.4026547349456,41.8263960217346],[-71.4026568656279,41.8264055059156],[-71.4026551474316,41.8264074068769],[-71.4026455608039,41.8264082765835],[-71.4026452531803,41.8264055419918],[-71.4025995527802,41.8264084212516],[-71.4025983222935,41.8263974828843],[-71.402534933788,41.826401477045],[-71.4025364694859,41.8264159368996],[-71.4022503038611,41.8264350618474],[-71.4022494964093,41.8264277738127]]]},"properties":{"FID":383,"Layer":"C-GREENS-2","Shape_Leng":252.849215731,"Shape__Area":1231.3463363647461,"Shape__Length":252.82963806080394,"GreenSpaceName":null}},{"type":"Feature","id":384,"geometry":{"type":"Polygon","coordinates":[[[-71.4005757692506,41.8263515398543],[-71.4005676256535,41.8263517749968],[-71.4005667372248,41.8263487121733],[-71.400565210596,41.8263457937519],[-71.400563082967,41.8263430944931],[-71.40056041081,41.8263406810708],[-71.4005572590303,41.8263386156647],[-71.4005537093991,41.8263369514654],[-71.4005498509297,41.8263357290654],[-71.4005457822788,41.8263349800618],[-71.4005416069363,41.8263347243517],[-71.400539609795,41.8263200461886],[-71.4005628111462,41.8263180567171],[-71.40056224239,41.8263137742102],[-71.400539566391,41.8263154247084],[-71.4005391546051,41.8263139405924],[-71.4005354947783,41.826314257044],[-71.4005147376439,41.8261478743368],[-71.4004939806161,41.825981491621],[-71.4005620260368,41.8259767202225],[-71.4005787697428,41.8261106007976],[-71.4005763102648,41.8261107733348],[-71.4005850899798,41.8261809714017],[-71.4005875494591,41.8261807997647],[-71.4006046951621,41.8263178930904],[-71.4006305528618,41.8263160841709],[-71.4006307811626,41.8263179048549],[-71.4007302644962,41.8263109448124],[-71.400730036194,41.8263091232283],[-71.4007544685176,41.8263074138872],[-71.4007536552055,41.8263009136338],[-71.4007647197195,41.826300239835],[-71.4007629520037,41.8262858445805],[-71.4007518740176,41.8262866696245],[-71.400750926352,41.8262790897479],[-71.4007621100869,41.8262783800388],[-71.400760355306,41.8262641837704],[-71.4007599435841,41.8262642140262],[-71.4007596081708,41.8262615991506],[-71.400787667753,41.8262596021263],[-71.4007932598979,41.8263011729292],[-71.4007946753878,41.8263082526207],[-71.4007945283171,41.8263154101926],[-71.400792822594,41.8263224529756],[-71.4007896030436,41.8263291946382],[-71.4007849566161,41.8263354524862],[-71.4007790075523,41.8263410600642],[-71.4007719149777,41.8263458662522],[-71.4007638692802,41.8263497424661],[-71.4007550872897,41.8263525862543],[-71.400745801447,41.8263543194879],[-71.4007362621976,41.8263548973661],[-71.4006474684018,41.8263615461387],[-71.400577802874,41.8263667627536],[-71.4005757692506,41.8263515398543]]]},"properties":{"FID":384,"Layer":"C-GREENS-2","Shape_Leng":468.962072523,"Shape__Area":3458.8078842163086,"Shape__Length":468.91914048616178,"GreenSpaceName":null}},{"type":"Feature","id":385,"geometry":{"type":"Polygon","coordinates":[[[-71.4005616836015,41.8259739819935],[-71.4004946904133,41.8259786399602],[-71.4004820999999,41.8258826879712],[-71.4004800469566,41.8258808071839],[-71.4005566674883,41.8258729838634],[-71.40059336195,41.8258697221813],[-71.4005945240458,41.8258779558919],[-71.4006024476216,41.8258782922726],[-71.400615066735,41.8259573584054],[-71.4006003889314,41.8259586629022],[-71.4006011073952,41.8259681044843],[-71.4005871559425,41.8259690800838],[-71.4005873830357,41.8259709016672],[-71.4005615254723,41.8259727114776],[-71.4005616836015,41.8259739819935]]]},"properties":{"FID":385,"Layer":"C-GREENS-2","Shape_Leng":139.205229156,"Shape__Area":1177.2705841064453,"Shape__Length":139.20522912780288,"GreenSpaceName":null}},{"type":"Feature","id":386,"geometry":{"type":"Polygon","coordinates":[[[-71.4006311892754,41.8259659994066],[-71.4006182987096,41.825877976463],[-71.4006284255869,41.8258772163339],[-71.4006281359677,41.8258753505798],[-71.4006304835603,41.8258751329277],[-71.4006304842396,41.8258746935626],[-71.4006441248988,41.8258800839901],[-71.400648671379,41.825881624802],[-71.4006565925963,41.8258842660462],[-71.4006646606667,41.8258869083172],[-71.4006739020277,41.8258897694843],[-71.4006831433881,41.825892631551],[-71.4006922380653,41.8258953836487],[-71.4007039726863,41.8258987970763],[-71.4007160022214,41.8259022098572],[-71.4007280308921,41.8259054038536],[-71.4007322857204,41.825906395203],[-71.4007361003253,41.8259071673894],[-71.400749304168,41.8259101427162],[-71.4007474730334,41.825964098483],[-71.4007459447562,41.8259645860469],[-71.4007445473968,41.8259652600941],[-71.4007433243211,41.8259660999545],[-71.4007423068591,41.8259670840468],[-71.4007415275601,41.8259681808873],[-71.4007410069318,41.8259693616829],[-71.400742316509,41.8259764232771],[-71.4007383473475,41.8259767385676],[-71.4007421363191,41.8260034621184],[-71.4007167069519,41.8260054794118],[-71.4007112980301,41.8259622323291],[-71.4006868658366,41.8259639416613],[-71.4006866375369,41.8259621200771],[-71.4006311892754,41.8259659994066]]]},"properties":{"FID":386,"Layer":"C-GREENS-2","Shape_Leng":152.653108634,"Shape__Area":978.07747650146484,"Shape__Length":152.64982255474081,"GreenSpaceName":null}},{"type":"Feature","id":387,"geometry":{"type":"Polygon","coordinates":[[[-71.4007695466949,41.8259689091601],[-71.4007636851306,41.8259630861024],[-71.4007633159052,41.8259098730154],[-71.4007726310007,41.8259070828069],[-71.4007885100335,41.8259058234421],[-71.4008016845882,41.8259987381561],[-71.4007785269285,41.8260005755564],[-71.4007778647996,41.8260006281045],[-71.4007740758146,41.8259739036545],[-71.4007701066534,41.8259742189461],[-71.4007695466949,41.8259689091601]]]},"properties":{"FID":387,"Layer":"C-GREENS-2","Shape_Leng":82.5328030182,"Shape__Area":255.17405700683594,"Shape__Length":82.532803021160362,"GreenSpaceName":null}},{"type":"Feature","id":388,"geometry":{"type":"Polygon","coordinates":[[[-71.4006287416986,41.8258627274429],[-71.4006275811422,41.8258542740512],[-71.4006315470095,41.8258521922954],[-71.4006360994287,41.8258498904637],[-71.4006437366068,41.8258462750036],[-71.4006516673217,41.8258427696382],[-71.4006595966636,41.8258393732122],[-71.4006681147915,41.8258358683536],[-71.4006766315463,41.8258324724344],[-71.4006851495026,41.8258290774158],[-71.4006949874138,41.8258252432717],[-71.4007048265262,41.8258214100281],[-71.4007148111176,41.8258176867509],[-71.4007209787517,41.8258154961533],[-71.4007271462143,41.8258134162969],[-71.400733753373,41.8258111171374],[-71.4007465712697,41.8258925081052],[-71.4007402261026,41.8258966324801],[-71.4007364114969,41.8258958611942],[-71.4007327439148,41.8258949801938],[-71.4007210075801,41.825891896292],[-71.400709271586,41.8258885927064],[-71.4006976838189,41.8258851803067],[-71.4006885891429,41.8258824282094],[-71.4006794944677,41.8258796761113],[-71.4006705456132,41.8258768142973],[-71.4006624787462,41.8258741729281],[-71.4006545575298,41.8258715316842],[-71.4006464906642,41.8258688903139],[-71.4006395957136,41.8258665785806],[-71.4006327021358,41.825864157907],[-71.4006287416986,41.8258627274429]]]},"properties":{"FID":388,"Layer":"C-GREENS-2","Shape_Leng":101.053047231,"Shape__Area":563.82636260986328,"Shape__Length":101.053047230868,"GreenSpaceName":null}},{"type":"Feature","id":389,"geometry":{"type":"Polygon","coordinates":[[[-71.4007599256892,41.8258837170233],[-71.4007485067562,41.8258099540421],[-71.4007580014171,41.8258039002589],[-71.4007738804247,41.8258026408961],[-71.4007851425809,41.8258820695763],[-71.4007692623502,41.8258833289396],[-71.4007599256892,41.8258837170233]]]},"properties":{"FID":389,"Layer":"C-GREENS-2","Shape_Leng":70.8188685613,"Shape__Area":201.93803405761719,"Shape__Length":70.81886856448557,"GreenSpaceName":null}},{"type":"Feature","id":390,"geometry":{"type":"Polygon","coordinates":[[[-71.4006124879256,41.8258393324632],[-71.4005944775549,41.8257181311733],[-71.4005969117776,41.8257117084565],[-71.4005948077725,41.8256968618368],[-71.4007570574981,41.8256839922189],[-71.4007705117804,41.8257788861281],[-71.4007546327787,41.8257801454905],[-71.4007295489026,41.825782984195],[-71.4007310011437,41.8257927550346],[-71.4007209974046,41.8258034217155],[-71.4007148299414,41.8258055024718],[-71.4007083696362,41.8258078017572],[-71.4006980899652,41.8258116346203],[-71.4006881050343,41.8258155775786],[-71.4006782659205,41.8258194117211],[-71.4006696023152,41.8258228066132],[-71.4006610855612,41.825826202532],[-71.4006524204108,41.8258298171042],[-71.4006443440476,41.8258333223437],[-71.4006361194549,41.8258369381962],[-71.4006280427503,41.825840663117],[-71.4006256924279,41.8258418684392],[-71.4006255477809,41.8258404412758],[-71.4006231989858,41.8258406589268],[-71.4006229086727,41.8258384636478],[-71.4006124879256,41.8258393324632]]]},"properties":{"FID":390,"Layer":"C-GREENS-2","Shape_Leng":185.514774492,"Shape__Area":1998.2289581298828,"Shape__Length":185.51477448917373,"GreenSpaceName":null}},{"type":"Feature","id":391,"geometry":{"type":"Polygon","coordinates":[[[-71.4023635219543,41.8261554361587],[-71.4023568101118,41.8261101892932],[-71.402356344137,41.8261063156365],[-71.4023567833667,41.8261024400482],[-71.4023581143805,41.8260986804614],[-71.402360297283,41.8260951502849],[-71.4024811312207,41.8260853726026],[-71.4026564772178,41.8260706855314],[-71.402710298247,41.8260650607888],[-71.4027280855681,41.826063547976],[-71.4027310249177,41.8260827312983],[-71.4028185073412,41.8260752307851],[-71.4028155834645,41.8260561465155],[-71.4028255817324,41.8260552627373],[-71.4028396177004,41.8260541086703],[-71.4028426647246,41.8260538456473],[-71.4028457292547,41.8260539463762],[-71.4028487342579,41.8260544071905],[-71.4028516039148,41.8260552181223],[-71.4028542660332,41.8260563584029],[-71.4028566544535,41.8260577982649],[-71.4028587090439,41.8260595016441],[-71.4028603769031,41.8260614270801],[-71.4028616171781,41.82606352592],[-71.4028696405345,41.8261061808876],[-71.4028558036647,41.8261078042035],[-71.4028587468726,41.8261220725722],[-71.4028723518738,41.8261209496486],[-71.4028765333703,41.8261641226634],[-71.4028468657485,41.8261660981302],[-71.4028467302498,41.8261649563851],[-71.4028415525033,41.8261652995369],[-71.4028334548403,41.8260969614198],[-71.4027031060009,41.8261056032884],[-71.402703483957,41.8261087926112],[-71.4026486644064,41.826112426754],[-71.4026509582668,41.8261317886987],[-71.4026463908717,41.8261320918437],[-71.4026469304612,41.8261366480189],[-71.4026036834647,41.8261395149543],[-71.4026031438782,41.8261349587788],[-71.402591571298,41.8261357259592],[-71.4025921108836,41.8261402821347],[-71.4025488638823,41.8261431490494],[-71.4025483242997,41.8261385928737],[-71.4025367517182,41.8261393600485],[-71.4025372913,41.8261439162242],[-71.4024943488676,41.826146762669],[-71.4024938092875,41.8261422073934],[-71.4024822367046,41.8261429745627],[-71.4024827762839,41.8261475298384],[-71.4024398338454,41.8261503771631],[-71.4024392942705,41.8261458209869],[-71.4024277216864,41.8261465881507],[-71.4024282612604,41.826151144327],[-71.4023853188184,41.826153990731],[-71.4023847792474,41.8261494345545],[-71.402373206662,41.8261502017129],[-71.4023737462322,41.8261547578894],[-71.4023635219543,41.8261554361587]]]},"properties":{"FID":391,"Layer":"C-GREENS-2","Shape_Leng":410.614060092,"Shape__Area":2713.7686614990234,"Shape__Length":410.59903828829232,"GreenSpaceName":null}},{"type":"Feature","id":392,"geometry":{"type":"Polygon","coordinates":[[[-71.3974076190028,41.8271424776726],[-71.3975710554081,41.8271266409984],[-71.3975927053792,41.8272463514129],[-71.3975559538119,41.8272501117728],[-71.3975526041204,41.8272506561918],[-71.3975494066959,41.8272515824903],[-71.3975464422236,41.8272528691322],[-71.3975437793674,41.827254484667],[-71.3975414843962,41.8272563895387],[-71.3975363846993,41.8272605562621],[-71.3975304074046,41.8272640091336],[-71.3975237296222,41.8272666483735],[-71.3975165464868,41.8272683940256],[-71.3975076811815,41.8272704749032],[-71.3974993379468,41.8272735331142],[-71.3974917082914,41.8272774977027],[-71.3974849656981,41.8272822787897],[-71.3974792656252,41.8272877666729],[-71.3974747382785,41.8272938354209],[-71.3974714886069,41.8273003455751],[-71.3974695902775,41.827307147745],[-71.397469085669,41.82731408711],[-71.3974699882787,41.827321003422],[-71.3974163730079,41.8273264881395],[-71.3974141617711,41.8273143928071],[-71.3974135954232,41.8273124979874],[-71.3974126136276,41.8273107000333],[-71.3974112439872,41.8273090511892],[-71.3974095237463,41.8273075965052],[-71.3974075033975,41.8273063765417],[-71.3974052394594,41.8273054273628],[-71.3974011482256,41.8273037283698],[-71.3973974706186,41.827301565171],[-71.3973942980356,41.8272989927688],[-71.3973917134329,41.8272960751614],[-71.3973902606932,41.8272944523526],[-71.397388463353,41.8272930354137],[-71.3973863743139,41.8272918640068],[-71.3973840500959,41.8272909732957],[-71.3973815592751,41.8272903867504],[-71.3973789728451,41.8272901215407],[-71.3973763630178,41.8272901858343],[-71.3973738044281,41.8272905778971],[-71.3973713705247,41.82729128519],[-71.3973691311536,41.8272922897686],[-71.3973671489598,41.8272935601771],[-71.3973654805727,41.8272950631535],[-71.3973641742139,41.8272967537238],[-71.3973632660707,41.8272985851029],[-71.3973627827102,41.8273005041945],[-71.3973627374601,41.82730245699],[-71.397363132817,41.8273043876708],[-71.3973639556274,41.8273062413043],[-71.3973655496312,41.8273098584912],[-71.3973662839159,41.8273136279677],[-71.3973661357942,41.8273174344699],[-71.3973651102606,41.8273211654601],[-71.39736323759,41.8273247075225],[-71.397362623651,41.8273269857327],[-71.3973624742891,41.8273293075744],[-71.3973627944056,41.8273316190314],[-71.3973635744525,41.827333868776],[-71.3973647988633,41.8273360054748],[-71.3973664376232,41.8273379795824],[-71.3973684558942,41.8273397469511],[-71.3973707482011,41.8273417765632],[-71.3973725742585,41.8273440560531],[-71.3973738860112,41.8273465259555],[-71.3973746498593,41.8273491205154],[-71.3973829846635,41.8273946963846],[-71.3973584006794,41.8273972138276],[-71.3973583290787,41.8273968230164],[-71.3973447642154,41.8273982109225],[-71.3973450959621,41.827400023602],[-71.397327559279,41.827401817611],[-71.3973313503487,41.8271498781462],[-71.3974076190028,41.8271424776726]]]},"properties":{"FID":392,"Layer":"C-GREENS-2","Shape_Leng":341.129677274,"Shape__Area":4215.98233795166,"Shape__Length":341.0463992241551,"GreenSpaceName":null}},{"type":"Feature","id":393,"geometry":{"type":"Polygon","coordinates":[[[-71.397559655208,41.8275076868439],[-71.3975629400607,41.827507803216],[-71.3975955230071,41.8275041534811],[-71.3975961363183,41.8275075528086],[-71.3975411905391,41.82751317415],[-71.3975199745645,41.8275153448497],[-71.3974905657205,41.8275183536532],[-71.3974760244321,41.8275198415414],[-71.3974616709597,41.827521309788],[-71.397432512532,41.8275242926902],[-71.3974191643544,41.8275256582901],[-71.397399444879,41.8275276763459],[-71.3973463712066,41.8275331056932],[-71.3973413507205,41.8275328779225],[-71.3973364431382,41.8275320524271],[-71.3973308358744,41.8275291555258],[-71.3973275484454,41.827524623881],[-71.3973258013442,41.8275196362404],[-71.3973265361423,41.8274703460221],[-71.3973272721443,41.8274210549042],[-71.3973485446791,41.8274188788885],[-71.3973488752222,41.8274206915669],[-71.3973624400902,41.8274193036603],[-71.3973623780345,41.8274189659776],[-71.397386962625,41.8274164507852],[-71.3973912836774,41.8274400777476],[-71.3973938318506,41.8274484747874],[-71.3973982911101,41.8274564125603],[-71.3974045246114,41.8274636514537],[-71.3974123449237,41.8274699698165],[-71.3974215128041,41.827475177463],[-71.3974317516446,41.827479114786],[-71.3974427474558,41.8274816626601],[-71.3974541681258,41.8274827433594],[-71.3974656670257,41.827482324162],[-71.397496748138,41.827479143992],[-71.3975036400857,41.8274788476277],[-71.3975105090749,41.8274793606475],[-71.3975171866012,41.8274806702964],[-71.3975235078026,41.8274827440151],[-71.39752931868,41.8274855312472],[-71.397534474891,41.8274889643387],[-71.3975548964493,41.8275048726411],[-71.3975571486399,41.8275064007247],[-71.397559655208,41.8275076868439]]]},"properties":{"FID":393,"Layer":"C-GREENS-2","Shape_Leng":207.762111778,"Shape__Area":1386.2676696777344,"Shape__Length":207.71348819686784,"GreenSpaceName":null}},{"type":"Feature","id":394,"geometry":{"type":"Polygon","coordinates":[[[-71.4020682268784,41.8260531078968],[-71.4021586007529,41.8260471436293],[-71.4021490655348,41.8259913540711],[-71.4021453210091,41.8259516585123],[-71.4021301312203,41.8257991190471],[-71.4021050855548,41.8258006147779],[-71.4021043465673,41.8257942298403],[-71.4021061162097,41.8257941152046],[-71.4021047784372,41.8257825510034],[-71.4021121712264,41.8257820594156],[-71.4021102114531,41.8257679125105],[-71.4021031388956,41.8257683773609],[-71.4021024367411,41.8257623093741],[-71.4021173981055,41.8257612948362],[-71.4021168242223,41.8257555717888],[-71.4021393733522,41.8257540793307],[-71.4021567491917,41.8259113096262],[-71.4021755621783,41.8260757780678],[-71.4021754962704,41.8260771645346],[-71.4021751162331,41.8260785228233],[-71.4021744341642,41.8260798133293],[-71.4021734693819,41.8260809973545],[-71.4021722484175,41.8260820425092],[-71.4021708086345,41.8260829173134],[-71.4021691909978,41.8260835965925],[-71.4021674424828,41.8260840605789],[-71.4021656148702,41.8260842958116],[-71.4020915096537,41.8260908105542],[-71.4020882519115,41.826091113893],[-71.4020849743506,41.8260909940551],[-71.4020817720598,41.8260904547232],[-71.4020787401088,41.8260895121842],[-71.4020759711416,41.8260881944277],[-71.4020735457488,41.8260865402371],[-71.4020715360784,41.8260845991926],[-71.40207000223,41.8260824280667],[-71.4020689910488,41.8260800926242],[-71.4020685301147,41.8260776622149],[-71.4020686337638,41.8260752079777],[-71.4020705592076,41.8260708069589],[-71.4020682268784,41.8260531078968]]]},"properties":{"FID":394,"Layer":"C-GREENS-2","Shape_Leng":313.632344836,"Shape__Area":919.42562866210938,"Shape__Length":313.61447184066981,"GreenSpaceName":null}},{"type":"Feature","id":395,"geometry":{"type":"Polygon","coordinates":[[[-71.4021378849373,41.8257402569498],[-71.4021154416598,41.8257418017176],[-71.4021148369562,41.8257357662261],[-71.4020994701194,41.825736666075],[-71.4020962586424,41.8257050317074],[-71.4021033590513,41.8257044534383],[-71.4021017959883,41.8256914385979],[-71.4020942782411,41.8256917869245],[-71.4020900772266,41.8256554690469],[-71.4020979089322,41.8256552569394],[-71.4020931917044,41.825616450083],[-71.4020856445404,41.8256171504168],[-71.4020821516182,41.825586957252],[-71.4020958893285,41.8255855716342],[-71.4020954442764,41.8255798288889],[-71.4021198808536,41.8255782822221],[-71.4021378849373,41.8257402569498]]]},"properties":{"FID":395,"Layer":"C-GREENS-2","Shape_Leng":147.393052438,"Shape__Area":559.47478485107422,"Shape__Length":147.39305244055885,"GreenSpaceName":null}},{"type":"Feature","id":396,"geometry":{"type":"Polygon","coordinates":[[[-71.4021174032809,41.8255642708267],[-71.4020943794395,41.8255661005034],[-71.4020939154986,41.8255601146503],[-71.4020792289655,41.8255616975337],[-71.4020785743413,41.8255560383412],[-71.4020860000102,41.8255544906848],[-71.402084438431,41.8255412966774],[-71.4020769538277,41.8255420240742],[-71.4020758002047,41.8255320590323],[-71.4020740317732,41.8255321736685],[-71.402071581982,41.8255109973931],[-71.4019426731248,41.8255193398145],[-71.401939067273,41.8254929945999],[-71.4019416759677,41.825492832965],[-71.4019408827529,41.8254857115018],[-71.4020825184872,41.8254749463135],[-71.402083427789,41.8254809397491],[-71.4020855261335,41.8254807614698],[-71.4020857638376,41.8254827559247],[-71.4020864265371,41.8254846949208],[-71.4020874962491,41.8254865307247],[-71.4020889453637,41.8254882137942],[-71.4020907354267,41.8254897017807],[-71.4020928219595,41.8254909559315],[-71.4020951496409,41.8254919437873],[-71.4020976595287,41.8254926391879],[-71.4021002854434,41.8254930258709],[-71.4021029611985,41.8254930920754],[-71.4021056157764,41.8254928368405],[-71.4021057644439,41.8254940164121],[-71.4021097730104,41.8254938856775],[-71.4021174032809,41.8255642708267]]]},"properties":{"FID":396,"Layer":"C-GREENS-2","Shape_Leng":160.571020781,"Shape__Area":736.27777862548828,"Shape__Length":160.56246647892755,"GreenSpaceName":null}},{"type":"Feature","id":397,"geometry":{"type":"Polygon","coordinates":[[[-71.4030445261774,41.8281079802176],[-71.4030732894608,41.828105206237],[-71.4030717596291,41.8280963276015],[-71.40307873404,41.8280956555308],[-71.4030792280734,41.8280985226278],[-71.4031024038797,41.8280962850292],[-71.4031019086388,41.8280934197321],[-71.4031110597694,41.8280925370156],[-71.4031299484771,41.8281968338339],[-71.4031473809376,41.8282738104275],[-71.4028654206688,41.8283007220771],[-71.4028381550356,41.8281409122204],[-71.402870626475,41.8281377803909],[-71.4028753972991,41.8281654509482],[-71.4029250537789,41.8281606617023],[-71.402925698158,41.8281644040566],[-71.4029937014625,41.8281578449113],[-71.4029973124388,41.8281787871494],[-71.4030300632033,41.8281756285006],[-71.4030264522165,41.8281546862635],[-71.4030521514972,41.8281522077139],[-71.4030445261774,41.8281079802176]]]},"properties":{"FID":397,"Layer":"C-GREENS-2","Shape_Leng":327.553057277,"Shape__Area":4004.3862838745117,"Shape__Length":327.55305730909305,"GreenSpaceName":null}},{"type":"Feature","id":398,"geometry":{"type":"Polygon","coordinates":[[[-71.4030686951738,41.8280785559209],[-71.4030671701081,41.8280697106019],[-71.403038406839,41.8280724854814],[-71.4030310357149,41.8280297320535],[-71.4030231511337,41.8280304924864],[-71.4030175974353,41.8279982853647],[-71.402963355294,41.8280035173454],[-71.40295566561,41.8279589188479],[-71.403067513959,41.8279470972943],[-71.4030700928032,41.827946838372],[-71.403072694034,41.8279469008896],[-71.40307524543,41.8279472820853],[-71.4030776783919,41.8279479719973],[-71.4030799267415,41.8279489516627],[-71.4030819291281,41.8279501940196],[-71.4030836314312,41.8279516666102],[-71.4030849867668,41.8279533279792],[-71.403085957885,41.8279551339787],[-71.4030865183789,41.8279570341674],[-71.4031078233121,41.8280746679543],[-71.4030988130458,41.828075536384],[-71.4030983142142,41.8280726575788],[-71.4030751457502,41.8280748213548],[-71.4030756696139,41.8280778631427],[-71.4030686951738,41.8280785559209]]]},"properties":{"FID":398,"Layer":"C-GREENS-2","Shape_Leng":166.232117642,"Shape__Area":1149.4544372558594,"Shape__Length":166.22397830277509,"GreenSpaceName":null}},{"type":"Feature","id":399,"geometry":{"type":"Polygon","coordinates":[[[-71.4029234508239,41.8280073658922],[-71.4028694626987,41.8280125728337],[-71.4028666477101,41.8279962428015],[-71.4027824034593,41.8280043682233],[-71.402785140869,41.8280202444209],[-71.4027778630696,41.8280209468284],[-71.4027705021086,41.8280280811886],[-71.4027578860589,41.82802929317],[-71.4027488196021,41.8279774106495],[-71.4029157456611,41.8279626728434],[-71.4029234508239,41.8280073658922]]]},"properties":{"FID":399,"Layer":"C-GREENS-2","Shape_Leng":139.869873855,"Shape__Area":633.79690551757813,"Shape__Length":139.86987385080732,"GreenSpaceName":null}},{"type":"Feature","id":400,"geometry":{"type":"Polygon","coordinates":[[[-71.40092342622,41.8271780556044],[-71.4009071973968,41.8270453000724],[-71.400948751251,41.8270425376561],[-71.4009488685327,41.8270437631191],[-71.4009662740594,41.8270425878775],[-71.400967499264,41.8270520947169],[-71.4009674229183,41.8270571122424],[-71.4009727235587,41.8270606551457],[-71.401002732345,41.8270594385431],[-71.4010581789712,41.827054092381],[-71.4010987273121,41.8270554922136],[-71.401101569955,41.8270754353774],[-71.4011033926123,41.8270800052685],[-71.4011061473806,41.8270843067606],[-71.4011097670153,41.8270882326553],[-71.4011141625864,41.8270916874401],[-71.4011192258873,41.8270945863897],[-71.4011248330435,41.8270968573704],[-71.4011233707485,41.8270982570397],[-71.4011150968321,41.8270955074839],[-71.4010743231657,41.8271333352489],[-71.4010347668445,41.8271685539642],[-71.4009447452001,41.827176073436],[-71.40092342622,41.8271780556044]]]},"properties":{"FID":400,"Layer":"C-GREENS-2","Shape_Leng":192.769140935,"Shape__Area":2015.2587814331055,"Shape__Length":192.7583607787009,"GreenSpaceName":null}},{"type":"Feature","id":401,"geometry":{"type":"Polygon","coordinates":[[[-71.4012384564876,41.8270688906367],[-71.4012280661773,41.8270560977844],[-71.4012235533867,41.8270451061623],[-71.4012303466431,41.8270447581701],[-71.4012323705705,41.8270476076837],[-71.401240740731,41.8270503924272],[-71.401290384543,41.8270478826349],[-71.4013013902233,41.8270581640635],[-71.4013303000066,41.8270577171215],[-71.4013459330005,41.8270498885926],[-71.4013551193188,41.8270307066483],[-71.4013669985618,41.8270310283662],[-71.401375178043,41.8270388395308],[-71.4013942114885,41.8270444199681],[-71.401424175485,41.8270606211824],[-71.4014305217349,41.8271084175421],[-71.4014307019602,41.8271117759626],[-71.4014301611767,41.8271151121562],[-71.4014289127568,41.8271183406022],[-71.4014269893298,41.8271213775971],[-71.4014244403679,41.8271241457539],[-71.4014213321888,41.8271265722023],[-71.4014177443334,41.8271285957871],[-71.4014137695728,41.8271301625678],[-71.4014095102846,41.8271312339174],[-71.401385359481,41.8271344210962],[-71.4013236813528,41.8271379865942],[-71.4012389596352,41.8270877000589],[-71.4012384564876,41.8270688906367]]]},"properties":{"FID":401,"Layer":"C-GREENS-2","Shape_Leng":164.8871599,"Shape__Area":1436.3451385498047,"Shape__Length":164.875234797436,"GreenSpaceName":null}},{"type":"Feature","id":402,"geometry":{"type":"Polygon","coordinates":[[[-71.4000266369211,41.8266628156942],[-71.4000276868609,41.826663408131],[-71.4000285933685,41.8266641210884],[-71.4000293336055,41.8266649338388],[-71.4000298883441,41.8266658256576],[-71.4000302419723,41.8266667731224],[-71.4000303861045,41.8266677501162],[-71.4000303147598,41.8266687323244],[-71.4000300327939,41.8266696936415],[-71.4000295450636,41.8266706070616],[-71.4000288660502,41.8266714491883],[-71.4000280138434,41.8266721984294],[-71.4000270101424,41.8266728340959],[-71.4000258814561,41.8266733391043],[-71.4000246591012,41.8266737008773],[-71.3998991159652,41.8266857371246],[-71.3998955719458,41.8266851055993],[-71.3998922127555,41.8266840519758],[-71.3998891250172,41.8266826060407],[-71.3998863905273,41.8266808047794],[-71.3998840838429,41.8266786959748],[-71.3998822638602,41.8266763354993],[-71.3998809786302,41.8266737864186],[-71.3998802629588,41.8266711144878],[-71.3998801359949,41.8266683908503],[-71.3998806000323,41.8266656884358],[-71.3999347835081,41.8266032547925],[-71.3999375095173,41.8266019975922],[-71.3999404637225,41.8266010701149],[-71.3999435726598,41.8266004957053],[-71.399946764084,41.8266002878056],[-71.3999499597442,41.8266004517498],[-71.3999530826072,41.8266009838693],[-71.4000266369211,41.8266628156942]]]},"properties":{"FID":402,"Layer":"C-GREENS-2","Shape_Leng":111.987148086,"Shape__Area":741.49774169921875,"Shape__Length":111.96537232507762,"GreenSpaceName":null}},{"type":"Feature","id":403,"geometry":{"type":"Polygon","coordinates":[[[-71.4003577528769,41.8264348736413],[-71.4003827073477,41.8266298403836],[-71.4003819189336,41.8266321490706],[-71.4003806407938,41.8266343321856],[-71.4003789055198,41.826636331235],[-71.4003767601396,41.8266380931393],[-71.4003742613012,41.8266395711302],[-71.4003714740676,41.826640725649],[-71.4003684743189,41.8266415279507],[-71.4003653391303,41.8266419546934],[-71.4003621539822,41.8266419960473],[-71.4003590007316,41.8266416502829],[-71.4003559660345,41.8266409255783],[-71.4003531268967,41.8266398436085],[-71.4003505615203,41.8266384305512],[-71.4002624702324,41.8265628930499],[-71.4002598460313,41.8265606057099],[-71.400257756736,41.8265580298253],[-71.400256255206,41.8265552329676],[-71.4002553834544,41.8265522908016],[-71.4002551654342,41.8265492816779],[-71.4002556046307,41.8265462866299],[-71.400256691291,41.8265433848791],[-71.4002583952016,41.8265406538284],[-71.4003381312255,41.8264323023563],[-71.4003392318994,41.8264312274056],[-71.4003405562296,41.8264303057066],[-71.4003420680652,41.8264295624375],[-71.4003437252435,41.8264290182694],[-71.4003454795916,41.8264286884665],[-71.4003472841502,41.8264285819912],[-71.400349085948,41.8264287032995],[-71.4003508356392,41.8264290478466],[-71.4003524850886,41.8264296065876],[-71.4003539849698,41.8264303623732],[-71.4003552955905,41.8264312953614],[-71.4003563796754,41.8264323794102],[-71.4003572071802,41.8264335829815],[-71.4003577528769,41.8264348736413]]]},"properties":{"FID":403,"Layer":"C-GREENS-2","Shape_Leng":179.975028891,"Shape__Area":1518.741943359375,"Shape__Length":179.94459046744868,"GreenSpaceName":null}},{"type":"Feature","id":404,"geometry":{"type":"Polygon","coordinates":[[[-71.4001066809039,41.8265549400326],[-71.4000911464604,41.8264660657197],[-71.4000910039724,41.8264648051205],[-71.4000911455647,41.8264635447685],[-71.4000915663679,41.8264623197724],[-71.4000922542915,41.8264611643349],[-71.4000928161229,41.826460590407],[-71.4000934933976,41.8264600904073],[-71.4000942668392,41.8264596751231],[-71.4000951171683,41.8264593571425],[-71.4000960251141,41.8264591436513],[-71.4000969665936,41.8264590400308],[-71.4000979175294,41.8264590480605],[-71.4000988550492,41.826459168621],[-71.4001004672431,41.8264596877182],[-71.4001019515575,41.8264603894732],[-71.4001032707048,41.8264612558466],[-71.4001044078495,41.8264622760197],[-71.4002019649612,41.8265455728899],[-71.4002042932192,41.8265469704388],[-71.4002062828134,41.8265486350942],[-71.4002078796457,41.8265505217922],[-71.4002090416665,41.8265525782767],[-71.400209736459,41.826554750499],[-71.4002099448584,41.8265569772195],[-71.4002096621393,41.8265592008123],[-71.4002088944182,41.826561358259],[-71.4001334391537,41.8266638674565],[-71.4001328236943,41.8266640929067],[-71.4001321674284,41.8266642408922],[-71.4001314872136,41.8266643078262],[-71.400130802314,41.8266642910247],[-71.4001301295791,41.8266641923028],[-71.4001294882658,41.826664013478],[-71.4001288928119,41.8266637590646],[-71.40012836006,41.8266634353796],[-71.4001279056431,41.8266630523402],[-71.4001275391772,41.8266626189584],[-71.400127270274,41.8266621469467],[-71.4001271085436,41.8266616489184],[-71.4001066809039,41.8265549400326]]]},"properties":{"FID":404,"Layer":"C-GREENS-2","Shape_Leng":169.553209812,"Shape__Area":1164.7857894897461,"Shape__Length":169.53762720303931,"GreenSpaceName":null}},{"type":"Feature","id":405,"geometry":{"type":"Polygon","coordinates":[[[-71.4001956920362,41.8266596827628],[-71.4001932448629,41.8266596689321],[-71.4001908379008,41.8266593409179],[-71.400188542155,41.8266587086856],[-71.4001864262103,41.8266577903015],[-71.4001845514124,41.8266566146298],[-71.4001829754888,41.8266552150333],[-71.4001817441171,41.8266536329673],[-71.4001808945375,41.8266519170824],[-71.4001804519515,41.8266501169193],[-71.4001804295148,41.8266482874101],[-71.4002295079533,41.8265802292725],[-71.4002301524504,41.8265791323184],[-71.4002310098768,41.8265781201813],[-71.4002317947298,41.8265773330659],[-71.4002327106596,41.826576629796],[-71.4002337444042,41.826576023865],[-71.4002339275491,41.826575909681],[-71.4002341323248,41.8265758189245],[-71.4002343551145,41.8265757551939],[-71.4002345886932,41.8265757202835],[-71.4002348258383,41.8265757141871],[-71.4002350629372,41.8265757378018],[-71.4002352903616,41.8265757902191],[-71.4002355032993,41.8265758696339],[-71.400237598179,41.8265771742444],[-71.4002393712833,41.8265787225674],[-71.4003039071376,41.8266330042393],[-71.4003059247226,41.8266360275294],[-71.400306966564,41.8266402897402],[-71.4003070096037,41.8266404797491],[-71.4003070141212,41.8266406715253],[-71.4003069801205,41.8266408623678],[-71.4003069088139,41.8266410468755],[-71.4003068002069,41.8266412214471],[-71.4003066579177,41.826641381584],[-71.4003064843594,41.826641523687],[-71.4003006611753,41.8266458645716],[-71.4002983326369,41.8266469717687],[-71.400295783103,41.8266477618546],[-71.4002930896504,41.8266482105868],[-71.4001956920362,41.8266596827628]]]},"properties":{"FID":405,"Layer":"C-GREENS-2","Shape_Leng":99.9582378978,"Shape__Area":576.38762664794922,"Shape__Length":99.93942316866611,"GreenSpaceName":null}},{"type":"Feature","id":406,"geometry":{"type":"Polygon","coordinates":[[[-71.3998630805596,41.8264797080532],[-71.3998683742248,41.8264776148768],[-71.3998740556385,41.8264761999937],[-71.3998799694605,41.8264755010828],[-71.3999997285239,41.8264640666496],[-71.4000010852164,41.8264640111092],[-71.4000024344259,41.8264641230255],[-71.4000037412471,41.8264644005673],[-71.4000049683769,41.8264648355991],[-71.4000060833342,41.826465415488],[-71.4000070560497,41.8264661249019],[-71.4000078576645,41.8264669440082],[-71.4000084689513,41.8264678520825],[-71.4000088706922,41.8264688220978],[-71.4000090532968,41.8264698288363],[-71.4000090119949,41.8264708434829],[-71.4000087480309,41.8264718399289],[-71.4000082674668,41.826472790269],[-71.3999524168668,41.8265384033958],[-71.399950825,41.8265402909215],[-71.399948849479,41.8265419620316],[-71.3999465397228,41.8265433744531],[-71.3999439571805,41.8265444904252],[-71.3999411681009,41.8265452820952],[-71.3999382447415,41.8265457279179],[-71.3999352641581,41.8265458171561],[-71.3999323033938,41.8265455471762],[-71.3999294382725,41.8265449252467],[-71.3999267446056,41.8265439667396],[-71.3999242921703,41.8265426969251],[-71.3999221435088,41.8265411491704],[-71.3998619752262,41.8264907200419],[-71.399860906605,41.8264897593485],[-71.399860071697,41.8264886773129],[-71.3998594945291,41.8264875045678],[-71.3998591931039,41.8264862753417],[-71.3998591757916,41.8264850256555],[-71.3998594425344,41.8264837924229],[-71.3998599860554,41.826482610751],[-71.3998607906526,41.826481514839],[-71.3998618321996,41.8264805379783],[-71.3998630805596,41.8264797080532]]]},"properties":{"FID":406,"Layer":"C-GREENS-2","Shape_Leng":109.92496288,"Shape__Area":690.54442596435547,"Shape__Length":109.89765474306442,"GreenSpaceName":null}},{"type":"Feature","id":407,"geometry":{"type":"MultiPolygon","coordinates":[[[[-71.3998107409124,41.8264859873001],[-71.3998121334339,41.8264861136618],[-71.3998134811577,41.8264864065472],[-71.3998155768989,41.8264871511551],[-71.3998174832755,41.8264881386893],[-71.3998191533811,41.8264893438997],[-71.3999061585019,41.826563192659],[-71.3999110909035,41.8265673781331],[-71.3999133416991,41.8265705898043],[-71.3999148867557,41.8265740268458],[-71.3999153840912,41.8265762214064],[-71.3999154083094,41.8265784479669],[-71.3999149607037,41.8265806489068],[-71.3999145713575,41.8265817685899],[-71.399913970237,41.8265828349684],[-71.3999131682123,41.826583824643],[-71.3999121845754,41.8265847169227],[-71.3999110374103,41.8265854938164],[-71.3998539193587,41.8266532449961],[-71.3998521392898,41.8266546254652],[-71.3998500719101,41.8266557607915],[-71.3998477774595,41.8266566168146],[-71.3998453209777,41.8266571692819],[-71.3998427759163,41.8266574029518],[-71.3998402145119,41.8266573097842],[-71.3998377113919,41.8266568925452],[-71.3998353387609,41.8266561639024],[-71.3998331664015,41.8266551455249],[-71.399831255661,41.8266538653768],[-71.399829664258,41.8266523622229],[-71.3998284354612,41.8266506784169],[-71.3998142652634,41.8265779079498],[-71.3997996567849,41.826494581276],[-71.3997998684521,41.8264931589242],[-71.3998003749688,41.8264917782453],[-71.3998011618369,41.8264904734395],[-71.3998022121536,41.8264892769042],[-71.3998034981895,41.8264882165257],[-71.3998049898079,41.8264873201883],[-71.3998066508645,41.8264866085683],[-71.3998079635109,41.826486237873],[-71.3998093385,41.8264860283928],[-71.3998107409124,41.8264859873001]]]]},"properties":{"FID":407,"Layer":"C-GREENS-2","Shape_Leng":147.582050774,"Shape__Area":1055.6575393676758,"Shape__Length":147.55673740506688,"GreenSpaceName":null}},{"type":"Feature","id":408,"geometry":{"type":"Polygon","coordinates":[[[-71.4000766506499,41.8265579753683],[-71.4000948841029,41.8266565078694],[-71.4000953112395,41.8266581783705],[-71.4000953519314,41.8266598782467],[-71.4000950050488,41.8266615597791],[-71.4000942790991,41.8266631707553],[-71.4000931970218,41.8266646670787],[-71.4000917901854,41.8266660028591],[-71.4000900983733,41.8266671394167],[-71.4000881733963,41.8266680443843],[-71.4000860694661,41.8266686898984],[-71.400083850407,41.8266690589081],[-71.400081578833,41.8266691388631],[-71.4000793221574,41.8266689271211],[-71.4000771477767,41.8266684318437],[-71.4000751170604,41.8266676665894],[-71.4000518240273,41.8266480216263],[-71.3999675979098,41.826580447163],[-71.3999658318704,41.8265790041817],[-71.3999643333105,41.8265774002724],[-71.3999631286675,41.8265756642693],[-71.3999629451537,41.8265752418503],[-71.3999628591675,41.8265748033101],[-71.3999628730996,41.8265743594548],[-71.399962985725,41.8265739237887],[-71.3999631946183,41.8265735080137],[-71.3999660216331,41.8265692257602],[-71.3999933928446,41.826532416706],[-71.4000159485621,41.8265044600929],[-71.4000513025853,41.826465511563],[-71.4000532361247,41.8264637413773],[-71.4000536146421,41.8264633905743],[-71.4000540604957,41.8264630866474],[-71.4000545616382,41.8264628358888],[-71.4000551072249,41.8264626454915],[-71.4000556864167,41.8264625190476],[-71.4000562835622,41.826462458344],[-71.4000568866186,41.8264624669718],[-71.4000577659182,41.8264628710889],[-71.4000585463538,41.8264633768583],[-71.4000592074828,41.8264639707572],[-71.400059731276,41.8264646356634],[-71.400060104516,41.8264653562597],[-71.4000603164016,41.8264661118289],[-71.4000603621471,41.8264668834596],[-71.4000766506499,41.8265579753683]]]},"properties":{"FID":408,"Layer":"C-GREENS-2","Shape_Leng":174.705322671,"Shape__Area":1356.2429809570313,"Shape__Length":174.68884459742065,"GreenSpaceName":null}},{"type":"Feature","id":409,"geometry":{"type":"Polygon","coordinates":[[[-71.4002291180258,41.8264452671495],[-71.4002665829854,41.8264413805056],[-71.4002656286303,41.8264365952731],[-71.4002815170486,41.8264348083878],[-71.4002833442421,41.8264348540905],[-71.4002851385969,41.8264351176469],[-71.4002868531772,41.8264355927138],[-71.4002884434647,41.8264362666478],[-71.4002898709678,41.8264371214088],[-71.4002910959957,41.8264381362543],[-71.4002920884956,41.8264392850486],[-71.4002928232366,41.8264405371582],[-71.4002932810081,41.8264418610545],[-71.4002934498257,41.8264432225143],[-71.4002933249289,41.8264445864202],[-71.4002929111858,41.8264459185635],[-71.4002418001628,41.8265106491108],[-71.4002396349157,41.8265135778353],[-71.400235442838,41.8265171170304],[-71.4002306880704,41.826520232577],[-71.4002292990427,41.8265209561439],[-71.4002277910776,41.8265215301511],[-71.4002261918777,41.8265219438186],[-71.4002245315489,41.8265221890694],[-71.4002210584044,41.8265216548524],[-71.4002177218436,41.8265207588174],[-71.4002145868387,41.8265195199281],[-71.4002117183535,41.8265179625501],[-71.4002091717121,41.826516117343],[-71.4001365524524,41.8264552128955],[-71.4001350320687,41.8264537089072],[-71.4001338537977,41.8264520422548],[-71.4001337842122,41.8264518936383],[-71.4001337423209,41.8264517396439],[-71.400133728121,41.8264515820721],[-71.4001337428092,41.8264514254258],[-71.4002282329613,41.8264408223052],[-71.4002291180258,41.8264452671495]]]},"properties":{"FID":409,"Layer":"C-GREENS-2","Shape_Leng":120.204134848,"Shape__Area":724.30019378662109,"Shape__Length":120.18744601980156,"GreenSpaceName":null}},{"type":"Feature","id":410,"geometry":{"type":"Polygon","coordinates":[[[-71.3996218964733,41.8261441237971],[-71.3997363575002,41.8261356903412],[-71.3998379691223,41.8261270015761],[-71.3998425971946,41.8261271640712],[-71.3998471256734,41.8261278963941],[-71.3998514306075,41.8261291777292],[-71.3998553940852,41.8261309737605],[-71.3998589054427,41.8261332339728],[-71.3998618708848,41.8261358970612],[-71.3998642074696,41.8261388891256],[-71.3998658515258,41.8261421290799],[-71.3998698582657,41.8261910984369],[-71.3998791692025,41.82628142681],[-71.3998869217017,41.8263552929161],[-71.3998880704756,41.8263627532298],[-71.3998938316257,41.8264206464772],[-71.3998937990048,41.8264214963692],[-71.3998935822371,41.826422330795],[-71.3998931849688,41.8264231272492],[-71.3998926192696,41.8264238650346],[-71.3998918996163,41.8264245234559],[-71.3998910452967,41.8264250845232],[-71.399890080408,41.8264255338521],[-71.399890254075,41.8264260949149],[-71.3998202636331,41.8264327117153],[-71.3998179481095,41.8264208369194],[-71.3997881880132,41.8264240836951],[-71.3997904211381,41.8264355325592],[-71.3997504441332,41.8264393115158],[-71.3996788649475,41.8264465642839],[-71.3996765936391,41.826434912808],[-71.3996468335292,41.826438159547],[-71.3996490606486,41.8264495840994],[-71.3996247907779,41.8264520433301],[-71.3994445400313,41.8264691767045],[-71.3994407277744,41.8264299680855],[-71.3994347776826,41.8263953835387],[-71.3994994338969,41.8263906233081],[-71.3994936821988,41.8263469266019],[-71.3994985506433,41.8263465680246],[-71.3994886675196,41.8262714647622],[-71.3994837990808,41.8262718233391],[-71.3994706790955,41.8261721397741],[-71.3994091519483,41.8261766677403],[-71.3994069850817,41.8261613888821],[-71.3996218964733,41.8261441237971]]]},"properties":{"FID":410,"Layer":"C-GREENS-2","Shape_Leng":521.84676881,"Shape__Area":12322.475303649902,"Shape__Length":521.8327911182,"GreenSpaceName":null}},{"type":"Feature","id":411,"geometry":{"type":"Polygon","coordinates":[[[-71.3992343302435,41.8261772194855],[-71.3992379280854,41.8261757460847],[-71.399241800856,41.8261747347991],[-71.3992458425823,41.8261742143466],[-71.3993850949971,41.826163130775],[-71.3993872488192,41.8261782808737],[-71.3993243227623,41.8261829156099],[-71.3993317111623,41.8262390591529],[-71.3993259215742,41.8262396086882],[-71.3993203426963,41.8262408894835],[-71.3993151370924,41.8262428629668],[-71.399310458931,41.8262454707512],[-71.3993064431463,41.8262486382268],[-71.3993032078517,41.8262522709616],[-71.3993008495106,41.8262562637006],[-71.3992994357164,41.8262604985585],[-71.3992990087931,41.826264852226],[-71.3992995797762,41.8262691959643],[-71.3993011332163,41.8262734028118],[-71.3993036247676,41.8262773502836],[-71.3993069787774,41.8262809221694],[-71.3993110979076,41.8262840139444],[-71.3993158619279,41.826286534569],[-71.3993211313202,41.8262884109932],[-71.399326750891,41.82628958726],[-71.3993325569868,41.826290029013],[-71.3993383786965,41.8262897243979],[-71.399353075867,41.8264013991785],[-71.3994165137785,41.826396727961],[-71.3994224674252,41.826431342223],[-71.3994263152236,41.8264709083084],[-71.399412010348,41.8264722688009],[-71.3993994662824,41.8264684061637],[-71.3993879802961,41.8264630075725],[-71.3993778855776,41.8264562299784],[-71.3992755301263,41.8263731055669],[-71.3992514981535,41.8263535885412],[-71.3992301436827,41.8261825926405],[-71.3992303367452,41.8261815277082],[-71.399230751238,41.8261804980834],[-71.3992313750815,41.8261795307657],[-71.3992321937972,41.8261786473505],[-71.3992331868864,41.8261778703283],[-71.3992343302435,41.8261772194855]]]},"properties":{"FID":411,"Layer":"C-GREENS-2","Shape_Leng":331.384220616,"Shape__Area":2473.101806640625,"Shape__Length":331.32739546475528,"GreenSpaceName":null}},{"type":"Feature","id":412,"geometry":{"type":"Polygon","coordinates":[[[-71.3993426123656,41.8264786796513],[-71.3993428377187,41.8264800537667],[-71.3992661749273,41.8264874035613],[-71.3992574464361,41.8264069226655],[-71.399259271064,41.82640706832],[-71.3992595399234,41.8264060277633],[-71.3992600422273,41.8264050378304],[-71.3992607634886,41.8264041255187],[-71.3992616819949,41.8264033196201],[-71.3992627712289,41.8264026426197],[-71.3992639998626,41.8264021142975],[-71.3992653305536,41.8264017517273],[-71.3992667247685,41.8264015638786],[-71.3992681403682,41.8264015561166],[-71.3992695376269,41.826401730207],[-71.3992708744225,41.826402080711],[-71.3992721122542,41.8264025958902],[-71.3992732138273,41.826403262207],[-71.3992741466738,41.8264040589251],[-71.3993473460414,41.8264636940475],[-71.3993486757273,41.8264647423074],[-71.3993497560055,41.8264659407054],[-71.3993505580401,41.8264672550034],[-71.3993510614227,41.8264686500702],[-71.3993512505639,41.8264700880781],[-71.3993511219132,41.8264715303092],[-71.3993506779415,41.8264729362504],[-71.3993499307439,41.8264742689984],[-71.3993489008416,41.8264754916574],[-71.3993476159725,41.8264765709389],[-71.3993461110915,41.8264774771625],[-71.3993444283657,41.8264781869561],[-71.3993426123656,41.8264786796513]]]},"properties":{"FID":412,"Layer":"C-GREENS-2","Shape_Leng":93.2588360616,"Shape__Area":465.29311370849609,"Shape__Length":93.244463700124214,"GreenSpaceName":null}},{"type":"Feature","id":413,"geometry":{"type":"Polygon","coordinates":[[[-71.3997650544204,41.8267206173168],[-71.3997531644828,41.8267217917879],[-71.3997278523006,41.8265783015078],[-71.3995817204741,41.8265927431484],[-71.3995769061576,41.8265653848269],[-71.399576495133,41.826562656439],[-71.399575681358,41.8265572969072],[-71.3995733381554,41.8265523763043],[-71.3995751608493,41.8265522221391],[-71.3995743898269,41.8265449242138],[-71.399575290777,41.826537634953],[-71.3995778368861,41.8265305659128],[-71.399581953199,41.8265239241058],[-71.3995881076492,41.826517142727],[-71.3995954394735,41.8265110520369],[-71.3996038124729,41.8265057653591],[-71.3996130712117,41.8265013815949],[-71.3996227155507,41.8264990491401],[-71.3996327395763,41.8264979306739],[-71.3996326631787,41.8264967493618],[-71.3996565585749,41.8264943735339],[-71.3996588968494,41.8265063077751],[-71.3996881044074,41.8265031055675],[-71.3996858342849,41.8264914630963],[-71.3997260764952,41.8264874611095],[-71.3997405455945,41.8265822128576],[-71.3997650544204,41.8267206173168]]]},"properties":{"FID":413,"Layer":"C-GREENS-2","Shape_Leng":260.201492097,"Shape__Area":1496.3528747558594,"Shape__Length":260.17286754089326,"GreenSpaceName":null}},{"type":"Feature","id":414,"geometry":{"type":"Polygon","coordinates":[[[-71.3993134709573,41.8265280107208],[-71.3993136356024,41.8265289490189],[-71.3993155505432,41.8265398321998],[-71.3993462420555,41.826536809647],[-71.3993439122853,41.8265248619018],[-71.399396706941,41.8265194025751],[-71.3994004834316,41.8265206978696],[-71.3994003836572,41.8265213802395],[-71.3994105722103,41.8265228189008],[-71.3994203376286,41.8265254258313],[-71.3994294404661,41.8265291395983],[-71.3994376581763,41.8265338681728],[-71.3994443175247,41.8265390644593],[-71.3994499033066,41.8265449260569],[-71.3994542965439,41.8265513304154],[-71.3994574047604,41.8265581424032],[-71.3994591631766,41.8265652197099],[-71.3994600745217,41.8265651439787],[-71.3994605737914,41.8265676311532],[-71.3994618091173,41.8265759063539],[-71.3994667641809,41.8266040607034],[-71.3993225861508,41.826618341663],[-71.3993473891701,41.8267589468976],[-71.3993138719164,41.8267622649862],[-71.3992888292879,41.8266340374009],[-71.3992801540076,41.8265810178088],[-71.3992893038471,41.826580086777],[-71.3992835400947,41.8265311050587],[-71.3993134709573,41.8265280107208]]]},"properties":{"FID":414,"Layer":"C-GREENS-2","Shape_Leng":267.972998382,"Shape__Area":1956.8771743774414,"Shape__Length":267.94995862181759,"GreenSpaceName":null}},{"type":"Feature","id":415,"geometry":{"type":"Polygon","coordinates":[[[-71.4362752230335,41.7958145264047],[-71.4362516676636,41.7958096010578],[-71.4362733897225,41.7957522746772],[-71.4362698579839,41.7957515362365],[-71.436268968901,41.7957539144531],[-71.4361481067445,41.7957286413027],[-71.4361544076508,41.795711694921],[-71.4362597147817,41.7957339117701],[-71.4363024071016,41.7957429271876],[-71.4362752230335,41.7958145264047]]]},"properties":{"FID":415,"Layer":"C-GREENS-2","Shape_Leng":139.966438156,"Shape__Area":404.63381958007813,"Shape__Length":139.96643815961207,"GreenSpaceName":null}},{"type":"Feature","id":416,"geometry":{"type":"Polygon","coordinates":[[[-71.4363104321216,41.7957806416607],[-71.4363317574312,41.795783744363],[-71.4363436904198,41.7957848917117],[-71.4363557144819,41.7957851936863],[-71.4363583517974,41.7957852005493],[-71.4363609593413,41.795784896777],[-71.4363634697286,41.7957842904351],[-71.4363658215832,41.7957833967955],[-71.4363679559281,41.7957822383341],[-71.4363698222039,41.7957808420332],[-71.4363713710447,41.7957792447798],[-71.4363754621915,41.7957739638248],[-71.4363803374132,41.7957690704518],[-71.4363861912298,41.7957661772854],[-71.4363925941488,41.7957640326089],[-71.4363993776716,41.7957626939509],[-71.4364574683993,41.7957530762037],[-71.4364724306928,41.7958092983797],[-71.4364982965805,41.7959088583538],[-71.4365278454154,41.7960206254231],[-71.4365509704795,41.7961142740073],[-71.4365819008378,41.7962295981817],[-71.4366347575723,41.7964307111409],[-71.4366359022481,41.7964375723956],[-71.4366354875693,41.7964444805085],[-71.4366335257621,41.7964512374106],[-71.4366300723609,41.7964576513591],[-71.4366252274083,41.7964635396391],[-71.4366191270291,41.7964687330609],[-71.4366119458274,41.7964730849645],[-71.4366038896679,41.7964764712158],[-71.4365951860459,41.796478794703],[-71.4365206418248,41.796490337368],[-71.4364722757355,41.7964974566662],[-71.4364250996451,41.7965081545705],[-71.4363795877035,41.7965223224035],[-71.4363653913422,41.7965005667256],[-71.4363593061952,41.79649398634],[-71.4363518991674,41.7964882146314],[-71.4363028946703,41.7964535197161],[-71.4363017934564,41.7964526205619],[-71.4363009053258,41.7964515981788],[-71.4363002519077,41.7964504804892],[-71.4362998524236,41.7964492972154],[-71.4362997176689,41.7964480816759],[-71.4362998512211,41.7964468662852],[-71.4363002482353,41.7964456834529],[-71.4363009002574,41.7964445655868],[-71.436301788007,41.7964435423876],[-71.4363073207909,41.7964417141548],[-71.4363131549408,41.7964405217319],[-71.4363191616937,41.7964399893567],[-71.4363252062813,41.7964401304597],[-71.436388195604,41.7964562004851],[-71.4364321906274,41.7963369823395],[-71.4364777552395,41.7962181485891],[-71.43647518458,41.7962176357721],[-71.4364813600429,41.7962070619417],[-71.4364853679612,41.7961959187953],[-71.4364871178543,41.7961844538778],[-71.4364865733767,41.7961729219669],[-71.4364846074544,41.7961655596649],[-71.4364788380329,41.7961572778091],[-71.4364750568516,41.7961483776155],[-71.4364733755428,41.7961391238473],[-71.4364747684536,41.7961248604624],[-71.4364784952679,41.7961108342581],[-71.4364788355953,41.7961061301472],[-71.4364781291476,41.7961014488664],[-71.4364763950484,41.7960969191757],[-71.4364736812991,41.7960926680499],[-71.4364700647868,41.7960888125764],[-71.4364656428635,41.7960854581492],[-71.4364605393619,41.7960826993727],[-71.4364548961812,41.7960806110541],[-71.4364488684716,41.7960792518014],[-71.4364426222319,41.7960786595209],[-71.4363959282478,41.7960766430182],[-71.4363790729571,41.7960731691605],[-71.4364030903495,41.7960136877044],[-71.4364037640063,41.7960113687903],[-71.4364039396032,41.7960090000815],[-71.4364036134738,41.7960066391981],[-71.4364027927765,41.7960043473675],[-71.4364014991122,41.7960021813232],[-71.4363997649129,41.7960001951039],[-71.4363976322404,41.7959984382518],[-71.4363951551915,41.7959969567144],[-71.436392397499,41.7959957856403],[-71.4363773979266,41.7959894524157],[-71.4363753297147,41.7959882123966],[-71.4363735685493,41.7959867294544],[-71.4363721661237,41.7959850468345],[-71.4363711632998,41.795983210477],[-71.4363705864939,41.7959812744172],[-71.436370453699,41.7959792935861],[-71.436370767266,41.7959773238063],[-71.4363715199191,41.7959754226959],[-71.4363726899496,41.7959736424628],[-71.4363790120805,41.7959643976268],[-71.4363835901787,41.7959545936113],[-71.4363863386391,41.7959444140392],[-71.4363872043355,41.7959340488541],[-71.4363869967457,41.7959322687583],[-71.436386407707,41.7959305361697],[-71.4363854540173,41.7959288979152],[-71.4363841584949,41.7959273963238],[-71.4363825559923,41.7959260710299],[-71.4363806885853,41.7959249571702],[-71.436378605576,41.7959240826827],[-71.4363515889397,41.7959140153737],[-71.4363499594395,41.7959132248689],[-71.4363485214252,41.7959122489993],[-71.4363473121698,41.7959111129951],[-71.436346362928,41.7959098447843],[-71.4363456989312,41.7959084794944],[-71.4363453381921,41.7959070522487],[-71.4363452878931,41.7959055999654],[-71.4363455516064,41.7959041604609],[-71.4363461220754,41.7959027715456],[-71.4363546219586,41.7958837609818],[-71.4363602384484,41.7958641590946],[-71.4363603807445,41.7958626159832],[-71.4363601681043,41.7958610771769],[-71.4363596040919,41.7958595885952],[-71.4363587079134,41.7958581952661],[-71.4363575047958,41.7958569368185],[-71.4363560307956,41.7958558519874],[-71.4363543291946,41.795854973209],[-71.4363524517035,41.7958543257216],[-71.436350453648,41.7958539293635],[-71.4363483939715,41.7958537958718],[-71.4363439678012,41.7958535404226],[-71.4363396468048,41.7958527808388],[-71.4363355320297,41.7958515351831],[-71.4363317196993,41.7958498332203],[-71.4363287930203,41.7958480038993],[-71.4363262973983,41.795845845291],[-71.4363243001541,41.7958434141547],[-71.4363228517578,41.7958407735422],[-71.4363219918443,41.7958379937025],[-71.4363217407966,41.7958351457741],[-71.4363221260396,41.7958312646031],[-71.4363231164104,41.7958274449909],[-71.4363247010298,41.795823738251],[-71.4363257515816,41.7958211107281],[-71.4363262451594,41.7958183937623],[-71.4363261696676,41.7958156521719],[-71.4363255286496,41.7958129525842],[-71.4363243352763,41.7958103598313],[-71.4363226207682,41.7958079360543],[-71.4363204247708,41.7958057406979],[-71.4363178013736,41.7958038269123],[-71.4363148130963,41.7958022397495],[-71.4363090540738,41.7957993077367],[-71.4363037876176,41.7957958970135],[-71.4363104321216,41.7957806416607]]]},"properties":{"FID":416,"Layer":"C-GREENS-2","Shape_Leng":735.581561399,"Shape__Area":10864.975372314453,"Shape__Length":735.36348732334011,"GreenSpaceName":null}},{"type":"Feature","id":417,"geometry":{"type":"Polygon","coordinates":[[[-71.3983538082543,41.8274280460329],[-71.3982884369805,41.8274343949837],[-71.3982842147915,41.8274347972982],[-71.3982800066801,41.8274027315889],[-71.3982799227489,41.8274017618492],[-71.3982800518782,41.8274007940988],[-71.3982803880066,41.8273998553425],[-71.3982809226706,41.8273989689818],[-71.3982816425893,41.8273981602142],[-71.398282529675,41.8273974488313],[-71.398283557414,41.8273968546171],[-71.3982847017055,41.8273963937563],[-71.3982859300314,41.8273960770241],[-71.3982872110799,41.8273959133963],[-71.3982885111389,41.8273959073448],[-71.3983067155249,41.8273943343633],[-71.3983075349781,41.8273998487667],[-71.3983309148694,41.8273979058219],[-71.3983300847001,41.8273923157807],[-71.3983479423577,41.827390772197],[-71.3983494722636,41.827399941706],[-71.3983524543823,41.8274224996451],[-71.398350739984,41.8274226628902],[-71.3983512766763,41.827425820855],[-71.3983533883714,41.8274256201473],[-71.3983538082543,41.8274280460329]]]},"properties":{"FID":417,"Layer":"C-GREENS-2","Shape_Leng":69.8753992864,"Shape__Area":247.220947265625,"Shape__Length":69.871041268024456,"GreenSpaceName":null}},{"type":"Feature","id":418,"geometry":{"type":"Polygon","coordinates":[[[-71.4046588908732,41.8272864366605],[-71.4046619342049,41.8273114155001],[-71.4046601572907,41.8273115382722],[-71.4046578675565,41.8273116768247],[-71.4046570044342,41.8273117004175],[-71.4046561474816,41.827311622277],[-71.4046553171596,41.827311444221],[-71.4046545339241,41.8273111716684],[-71.4046538170255,41.8273108109376],[-71.4046531857105,41.827310371048],[-71.4046526532056,41.8273098619143],[-71.4046522339356,41.8273092970535],[-71.4046519387144,41.8273086899797],[-71.4046517735378,41.8273080560037],[-71.4046485988221,41.8272872546294],[-71.404645041436,41.8272639391898],[-71.4046421236793,41.8272354617351],[-71.4046392071289,41.8272069842812],[-71.4045998058284,41.8272096093672],[-71.4045750940815,41.827210449566],[-71.4045675193868,41.827160681517],[-71.4045253208553,41.8271347824028],[-71.4044607608084,41.8271409968888],[-71.4044550692971,41.827090938688],[-71.4044367313095,41.8270926610889],[-71.4044353718481,41.8270808114917],[-71.4044398755253,41.8270796844121],[-71.4044440862551,41.8270780420945],[-71.4044478992529,41.8270759240667],[-71.4044512193441,41.8270733833696],[-71.4044539621716,41.8270704838572],[-71.4044560614226,41.8270672975015],[-71.4044574640148,41.8270639034883],[-71.4044581361163,41.8270603873217],[-71.4044580583387,41.8270568354182],[-71.404455404859,41.8270360740861],[-71.4044619215407,41.8270355212957],[-71.4044591979887,41.8270108830439],[-71.4044605366958,41.82701078512],[-71.4044603223274,41.8270092345573],[-71.4045361788778,41.8270033463794],[-71.4045364396936,41.8270052337075],[-71.4045435485638,41.8270047138169],[-71.4045432817758,41.8270027949719],[-71.4046218313928,41.8269966973955],[-71.4046220373188,41.826998261456],[-71.4046237600507,41.8269981422409],[-71.4046299632098,41.8270490561814],[-71.4046282320504,41.8270491753895],[-71.4046289986002,41.8270550111255],[-71.4046306755874,41.8270548945733],[-71.4046379562363,41.827114645338],[-71.404636213035,41.827114766337],[-71.4046369795876,41.8271206011725],[-71.4046386674102,41.8271204846292],[-71.4046459492775,41.8271802353936],[-71.4046441952408,41.8271803563838],[-71.4046449605898,41.8271861921185],[-71.4046466604529,41.8271860746847],[-71.404653942335,41.827245825448],[-71.4046521762577,41.8272459473286],[-71.4046529416082,41.8272517830632],[-71.4046546535118,41.827251664739],[-71.4046588908732,41.8272864366605]]]},"properties":{"FID":418,"Layer":"C-GREENS-2","Shape_Leng":332.625839553,"Shape__Area":3044.8942337036133,"Shape__Length":332.611237638702,"GreenSpaceName":null}},{"type":"Feature","id":419,"geometry":{"type":"Polygon","coordinates":[[[-71.4044020998712,41.8270673930596],[-71.4043999707025,41.8270518487289],[-71.4044037195477,41.827051587149],[-71.4044064212917,41.8270512211586],[-71.4044090007602,41.827050514738],[-71.4044113796779,41.8270494894304],[-71.4044134893887,41.8270481739894],[-71.4044152672376,41.8270466088782],[-71.4044166613969,41.8270448390707],[-71.404417629658,41.8270429167515],[-71.4044181442491,41.8270408995191],[-71.4044181906384,41.8270388458836],[-71.4044340578095,41.8270376085138],[-71.4044373707495,41.8270593031466],[-71.4044374008807,41.8270600873672],[-71.4044372528701,41.8270608633367],[-71.4044369315635,41.827061610351],[-71.4044364454219,41.8270623050086],[-71.4044358089184,41.8270629284143],[-71.4044350413396,41.8270634625773],[-71.4044341631731,41.8270638913086],[-71.4044332009201,41.8270642020255],[-71.4044321822773,41.8270643875483],[-71.4044081261501,41.8270671648867],[-71.4044080892078,41.8270669136612],[-71.4044020998712,41.8270673930596]]]},"properties":{"FID":419,"Layer":"C-GREENS-2","Shape_Leng":36.7128588181,"Shape__Area":77.00732421875,"Shape__Length":36.701463276222526,"GreenSpaceName":null}},{"type":"Feature","id":420,"geometry":{"type":"Polygon","coordinates":[[[-71.4042331267556,41.8271368881618],[-71.4042550972843,41.8271184531205],[-71.4042932799669,41.8270853740585],[-71.4043354645326,41.8270534552525],[-71.4043373866253,41.8270544553295],[-71.4043394884175,41.8270552259697],[-71.4043417217847,41.8270557500263],[-71.4043440361873,41.827056015753],[-71.4043463762625,41.8270560168013],[-71.4043486902494,41.827055753128],[-71.4043509251739,41.8270552309915],[-71.4043532244743,41.8270713048642],[-71.4043517388784,41.8270714233724],[-71.4043447491108,41.8270719829652],[-71.4043458828297,41.8270802094098],[-71.4043530375309,41.8270796364491],[-71.4043560629658,41.8270987603758],[-71.4043075389197,41.8271027498827],[-71.4043145675664,41.8271512660228],[-71.4042511923484,41.8271564171768],[-71.4042162306227,41.827188824556],[-71.40421037893,41.8271849779285],[-71.4042225886671,41.8271525740916],[-71.4042331267556,41.8271368881618]]]},"properties":{"FID":420,"Layer":"C-GREENS-2","Shape_Leng":150.380358519,"Shape__Area":629.83358764648438,"Shape__Length":150.37606031834062,"GreenSpaceName":null}},{"type":"Feature","id":421,"geometry":{"type":"Polygon","coordinates":[[[-71.4040837856918,41.8271358677235],[-71.4040817634041,41.827118123047],[-71.4040853027481,41.8271178982164],[-71.4040816602784,41.8270872116092],[-71.4040630318984,41.8270883160751],[-71.4040614642064,41.8270724696932],[-71.4040587555114,41.8270726520004],[-71.4040555015743,41.8270429668941],[-71.4040555425082,41.8270429624266],[-71.4040555043125,41.8270427454129],[-71.4041910032576,41.8270316960984],[-71.4041910414458,41.827031918514],[-71.4041946808818,41.8270315686164],[-71.4041946510419,41.8270313984274],[-71.4042780359768,41.8270246163592],[-71.4042780967144,41.827025054875],[-71.4042811485348,41.8270248314329],[-71.4042844615753,41.8270488480455],[-71.4043298570259,41.8270456860556],[-71.4043303368163,41.827047641092],[-71.4042863057325,41.8270803524569],[-71.4042458262168,41.8271134908252],[-71.4042200144878,41.8271319595759],[-71.4042088442343,41.8271485849317],[-71.4041962526006,41.8271819995297],[-71.4041973682618,41.8272192835129],[-71.404197246908,41.8272183254506],[-71.4041880841018,41.8271399369648],[-71.4041882007706,41.827137578173],[-71.4041907344183,41.8271264322842],[-71.4041904886963,41.827123308802],[-71.4041869377544,41.8271192020934],[-71.4041850901786,41.8271182795052],[-71.4041832975558,41.827118445473],[-71.404180468011,41.8271189455022],[-71.404164769613,41.8271216136171],[-71.4041615080812,41.8271220079456],[-71.4041125434356,41.8271219634822],[-71.4041110515023,41.827122294462],[-71.4041108630051,41.8271227723849],[-71.4041113137087,41.8271232418379],[-71.404124799632,41.8271342867534],[-71.4041347741421,41.8272091411893],[-71.4041819656261,41.8272060302756],[-71.4041843896274,41.8272207924608],[-71.4041152422703,41.827225201347],[-71.4041049061991,41.8271345204424],[-71.4040837856918,41.8271358677235]]]},"properties":{"FID":421,"Layer":"C-GREENS-2","Shape_Leng":368.698306868,"Shape__Area":2299.6661605834961,"Shape__Length":368.69771835791192,"GreenSpaceName":null}},{"type":"Feature","id":422,"geometry":{"type":"Polygon","coordinates":[[[-71.4040214520215,41.827045706093],[-71.4040244803952,41.8270748850211],[-71.404024498341,41.827074958864],[-71.4040221760859,41.8270751153834],[-71.4040243406967,41.8270910477969],[-71.4039716543482,41.8270940586167],[-71.4039682393379,41.8270682745438],[-71.4039089146123,41.827071921727],[-71.403855184298,41.827075958007],[-71.4038000153056,41.8270801263072],[-71.4037982394028,41.8270626906483],[-71.4038240147043,41.8270605811282],[-71.4038933688976,41.8270554009993],[-71.4038933973713,41.827055679228],[-71.4038970558668,41.827055465307],[-71.4038970392527,41.8270553059331],[-71.4040207490983,41.8270456640901],[-71.4040207681982,41.8270457712464],[-71.4040214520215,41.827045706093]]]},"properties":{"FID":422,"Layer":"C-GREENS-2","Shape_Leng":154.784435182,"Shape__Area":539.83522033691406,"Shape__Length":154.78443518437732,"GreenSpaceName":null}},{"type":"Feature","id":423,"geometry":{"type":"Polygon","coordinates":[[[-71.4039034260818,41.8271995519451],[-71.4039020881672,41.8271886522179],[-71.4039065390193,41.8271882480876],[-71.4039049766259,41.8271745175057],[-71.4039004029727,41.8271749350384],[-71.4038990365179,41.8271638020994],[-71.4039098075329,41.8271630620275],[-71.4039083094497,41.8271312787948],[-71.403915657395,41.8271310859662],[-71.4039177415464,41.8271484840667],[-71.4039206548673,41.8271732701451],[-71.4039243807702,41.8271980217896],[-71.4039090626027,41.8271991623116],[-71.4039034260818,41.8271995519451]]]},"properties":{"FID":423,"Layer":"C-GREENS-2","Shape_Leng":62.349792506,"Shape__Area":93.869758605957031,"Shape__Length":62.349792493827252,"GreenSpaceName":null}},{"type":"Feature","id":424,"geometry":{"type":"Polygon","coordinates":[[[-71.4038999241006,41.8271232722648],[-71.4038989357034,41.8271169150419],[-71.4038933256774,41.8271173010958],[-71.4038907854205,41.8270966127731],[-71.4038374588972,41.8271002757417],[-71.4038358167899,41.8270891479731],[-71.4039094761203,41.8270836203062],[-71.4039128838582,41.8271037871573],[-71.4039147371715,41.8271234116041],[-71.4039079477852,41.8271235904944],[-71.4039079010963,41.8271226135871],[-71.4038999241006,41.8271232722648]]]},"properties":{"FID":424,"Layer":"C-GREENS-2","Shape_Leng":69.2614859696,"Shape__Area":137.52606201171875,"Shape__Length":69.261485972443069,"GreenSpaceName":null}},{"type":"Feature","id":425,"geometry":{"type":"Polygon","coordinates":[[[-71.4035151509839,41.8253977821943],[-71.4035221159809,41.8254689319816],[-71.4035290809933,41.8255400817676],[-71.4035290284991,41.8255461842254],[-71.4035276857482,41.8255522027684],[-71.4035250854679,41.825557986167],[-71.4035212940795,41.8255633895221],[-71.4035164056793,41.8255682751608],[-71.4035105456374,41.825572520742],[-71.4034850959686,41.8255882273948],[-71.4034699747749,41.8255987234529],[-71.4034022977815,41.8256398814083],[-71.4033223902471,41.8256886963228],[-71.4032158545803,41.8257530655243],[-71.4032120306696,41.8257544623305],[-71.4032079439106,41.8257553502232],[-71.4032037147134,41.8257557040944],[-71.4031994670785,41.8257555123441],[-71.4031953249793,41.8257547813792],[-71.4031914111641,41.8257535320109],[-71.4031878399303,41.8257518012495],[-71.4030411370061,41.8256829888096],[-71.4029075163227,41.825620590455],[-71.4028311962456,41.825584533046],[-71.4028291516769,41.8255833770811],[-71.4028273963631,41.8255819809702],[-71.4028259771892,41.8255803843679],[-71.4028249362156,41.8255786332271],[-71.4028243010544,41.8255767761896],[-71.4028159605386,41.8255170577102],[-71.402805078202,41.8254403566737],[-71.4028036629057,41.8254282396057],[-71.4028035648564,41.8254278064594],[-71.4028034656033,41.8254273733121],[-71.402802303984,41.8254273975387],[-71.4028016965268,41.8254207543189],[-71.4028029665331,41.8254206950707],[-71.4028028617395,41.8254199458995],[-71.4028117534368,41.8254192340514],[-71.4028275754262,41.8254181787334],[-71.403418843864,41.825383710885],[-71.4034276606273,41.8253831933995],[-71.4034972619596,41.8253805850857],[-71.4034985006653,41.8253805276043],[-71.4034984271628,41.8253797766592],[-71.4035073188456,41.8253790656576],[-71.4035074451371,41.8253799327907],[-71.4035084214908,41.8253798372745],[-71.4035093238486,41.8253865347587],[-71.4035081837578,41.8253866517456],[-71.4035081872384,41.8253875403837],[-71.4035073626224,41.8253875892097],[-71.4035081918083,41.8253981256807],[-71.4035151509839,41.8253977821943]]]},"properties":{"FID":425,"Layer":"C-GREENS-2","Shape_Leng":556.166860108,"Shape__Area":18807.181373596191,"Shape__Length":556.13865613492248,"GreenSpaceName":null}},{"type":"Feature","id":426,"geometry":{"type":"Polygon","coordinates":[[[-71.4031688847671,41.8257814955787],[-71.403053304,41.8258530705239],[-71.4029025812124,41.8259447634515],[-71.4029001712706,41.825945619438],[-71.4028976017196,41.8259461538683],[-71.4028949472117,41.8259463524002],[-71.4028922872036,41.8259462078979],[-71.4028896987251,41.8259457258287],[-71.4028872587956,41.8259449188624],[-71.4028850396,41.8259438122697],[-71.4028831060919,41.8259424376172],[-71.402881515987,41.8259408363695],[-71.4028803149576,41.8259390544825],[-71.4028795390335,41.825937146007],[-71.4028792110023,41.825935165883],[-71.4028697897911,41.8258712383104],[-71.4028525499498,41.8257590603287],[-71.402838745749,41.8256682647122],[-71.4028306352334,41.8256156348031],[-71.4028306601789,41.8256150586068],[-71.4028308102945,41.8256144933205],[-71.4028310831494,41.8256139542479],[-71.4028314714983,41.8256134566886],[-71.402831963285,41.8256130132372],[-71.4028325464532,41.8256126364882],[-71.4028332041361,41.8256123363311],[-71.4028339194679,41.825612121755],[-71.4028346719787,41.8256119972443],[-71.4028354411986,41.8256119672834],[-71.4028362066631,41.8256120327553],[-71.402836946708,41.825612191841],[-71.4028376432858,41.8256124391233],[-71.4028382747378,41.8256127691817],[-71.402908455959,41.8256463949821],[-71.4030301754761,41.8257032498025],[-71.4031666236758,41.8257674519766],[-71.40316819101,41.8257681897756],[-71.4031695787218,41.8257691056903],[-71.4031707507335,41.825770177182],[-71.4031716769942,41.8257713763148],[-71.4031723334784,41.8257726706561],[-71.4031727033829,41.8257740277797],[-71.4031727747247,41.8257754116617],[-71.4031725487618,41.8257767862898],[-71.4031720291609,41.8257781147531],[-71.4031712304155,41.8257793646514],[-71.4031701730418,41.825780500889],[-71.4031688847671,41.8257814955787]]]},"properties":{"FID":426,"Layer":"C-GREENS-2","Shape_Leng":334.54613872,"Shape__Area":5621.5285339355469,"Shape__Length":334.52533478338955,"GreenSpaceName":null}},{"type":"Feature","id":427,"geometry":{"type":"Polygon","coordinates":[[[-71.4032414807375,41.8257721283942],[-71.4032424412296,41.8257689807157],[-71.4032440839882,41.8257659938723],[-71.4032463643481,41.8257632524584],[-71.403249219605,41.8257608302487],[-71.4032525702131,41.8257587938016],[-71.4033300537187,41.825711500271],[-71.403404975839,41.8256656495789],[-71.4035035444704,41.8256056275511],[-71.4035078116114,41.8256040456375],[-71.4035123764205,41.8256030320881],[-71.4035171064471,41.825602614702],[-71.4035218620391,41.8256028077675],[-71.4035251553494,41.8256044491515],[-71.4035280580982,41.8256064620477],[-71.4035304945284,41.8256087950731],[-71.4035324033414,41.8256113878534],[-71.4035337364855,41.8256141755241],[-71.4035344579576,41.8256170860275],[-71.403538338058,41.8256640528],[-71.4035415846038,41.8257112891419],[-71.4035456856613,41.8257658324565],[-71.4035487519655,41.8258072506516],[-71.4035542583152,41.8258710605394],[-71.4035542114812,41.8258757989872],[-71.403553258326,41.825880483554],[-71.4035514182535,41.8258850179197],[-71.4035487299231,41.8258893084816],[-71.4035452476346,41.8258932670517],[-71.4035407769013,41.8258965495371],[-71.4035356293935,41.8258992183227],[-71.4035299508763,41.8259011970021],[-71.4035239075497,41.8259024280929],[-71.4035176715971,41.8259028775269],[-71.4035114248037,41.825902530151],[-71.4035053465061,41.8259013978201],[-71.4034228725714,41.8258619818714],[-71.4033355285607,41.8258209159445],[-71.4032506982428,41.8257813061164],[-71.4032481074503,41.8257799651294],[-71.4032458372873,41.825778331802],[-71.4032439454687,41.8257764484988],[-71.4032424812749,41.8257743629794],[-71.4032414807375,41.8257721283942]]]},"properties":{"FID":427,"Layer":"C-GREENS-2","Shape_Leng":305.516187857,"Shape__Area":5175.7021408081055,"Shape__Length":305.46982405100465,"GreenSpaceName":null}},{"type":"Feature","id":429,"geometry":{"type":"Polygon","coordinates":[[[-71.4035664027553,41.8255533291899],[-71.4035655468141,41.8255429673631],[-71.4035656928959,41.8255386683641],[-71.4035668343242,41.8255344530319],[-71.4035689359978,41.8255304500856],[-71.403571933939,41.8255267801169],[-71.4035757377001,41.8255235555923],[-71.4035802315803,41.825520872751],[-71.4035852794356,41.8255188143098],[-71.4035907283029,41.8255174413634],[-71.4035964132101,41.8255167960892],[-71.4036648251667,41.8255135474347],[-71.4036658374635,41.8255135653901],[-71.4036668303039,41.8255137147788],[-71.4036677736017,41.8255139910737],[-71.4036686372778,41.8255143852464],[-71.4036693972752,41.8255148855723],[-71.4036700295415,41.8255154776256],[-71.4036705148456,41.8255161424832],[-71.4036708387738,41.8255168594252],[-71.4036709905225,41.825517608635],[-71.4036747554546,41.8255619697243],[-71.4036747294438,41.8255632616898],[-71.4036744338295,41.8255645345221],[-71.4036738746775,41.8255657567145],[-71.4036730676804,41.8255668985687],[-71.4036720321397,41.8255679321906],[-71.4036707921687,41.8255688314904],[-71.4036693790949,41.8255695757866],[-71.403667829061,41.8255701444017],[-71.403666178197,41.8255705247613],[-71.4036644686467,41.8255707078972],[-71.4035975577699,41.8255738848837],[-71.4035929476185,41.8255738323964],[-71.4035884056842,41.8255732406627],[-71.4035840426872,41.825572124181],[-71.4035799681249,41.8255705100535],[-71.4035762818448,41.8255684388792],[-71.40357307405,41.8255659611529],[-71.4035704252961,41.8255631390658],[-71.403568399277,41.8255600410971],[-71.4035670476377,41.8255567438191],[-71.4035664027553,41.8255533291899]]]},"properties":{"FID":429,"Layer":"C-GREENS-2","Shape_Leng":90.8398261098,"Shape__Area":574.11923217773438,"Shape__Length":90.800988813827487,"GreenSpaceName":null}},{"type":"Feature","id":430,"geometry":{"type":"Polygon","coordinates":[[[-71.4035701108933,41.8256170430345],[-71.4035700045124,41.8256157410541],[-71.4035709549159,41.8256112824699],[-71.4035728728396,41.8256070020647],[-71.4035757087555,41.8256030168411],[-71.4035793818524,41.825599434772],[-71.4035837944821,41.8255963539122],[-71.4035888249426,41.8255938587916],[-71.4035943371117,41.8255920177216],[-71.403600178042,41.8255908809928],[-71.4036048855401,41.8255910371006],[-71.4036095007187,41.8255917513412],[-71.4036139032308,41.8255930074078],[-71.4036179823834,41.825594772795],[-71.4036216335223,41.8255970014979],[-71.4036247616391,41.8255996367154],[-71.403627289796,41.8256026117578],[-71.4036291506997,41.8256058500398],[-71.4036604098866,41.8256533016487],[-71.4036867181619,41.8257024039218],[-71.4037004949694,41.8257359711284],[-71.4037108172909,41.8257702259981],[-71.4037123139048,41.8257924602381],[-71.4037098684065,41.8258146479574],[-71.4037035235064,41.8258363993444],[-71.4036933905163,41.8258573318475],[-71.4036872714346,41.8258697595063],[-71.403678552459,41.8258812864458],[-71.4036674591389,41.8258916094402],[-71.4036542843841,41.8259004577323],[-71.4036393728069,41.8259075993228],[-71.4036319070101,41.8259102175497],[-71.4036239695683,41.8259118900239],[-71.4036157736092,41.8259125710067],[-71.4036075394411,41.8259122426762],[-71.4036043599982,41.8259117160106],[-71.4036013400217,41.8259108059341],[-71.4035985625333,41.8259095359251],[-71.4035961009073,41.8259079411586],[-71.4035940236895,41.8259060658087],[-71.4035923873791,41.8259039603419],[-71.4035893268483,41.8258610791017],[-71.4035847292007,41.8258045384196],[-71.4035813718918,41.8257588964881],[-71.4035997961773,41.8257579846014],[-71.403598499827,41.8257418989468],[-71.4035801494416,41.8257424984776],[-71.403577696978,41.8257131399465],[-71.4035738385517,41.8256629382737],[-71.403571445226,41.825633479854],[-71.4035891506079,41.8256327339283],[-71.403588106212,41.8256163999911],[-71.4035701108933,41.8256170430345]]]},"properties":{"FID":430,"Layer":"C-GREENS-2","Shape_Leng":283.416424294,"Shape__Area":3113.8239822387695,"Shape__Length":283.30849000789095,"GreenSpaceName":null}},{"type":"Feature","id":431,"geometry":{"type":"Polygon","coordinates":[[[-71.4040597912872,41.8254758017224],[-71.4040443718851,41.8254764947095],[-71.404042209707,41.8254517101547],[-71.404040737452,41.8254517863541],[-71.4040393667155,41.8254354674535],[-71.4040207993313,41.8254363495801],[-71.4040165978185,41.825385140153],[-71.4040532149225,41.8253834015757],[-71.4040564543033,41.8253832728318],[-71.4040627865369,41.8254634317568],[-71.4040625761704,41.8254640483137],[-71.4040622382574,41.8254646332523],[-71.4040617800445,41.8254651703723],[-71.4040612147926,41.8254656461799],[-71.4040605557601,41.8254660489817],[-71.404059821016,41.8254663697893],[-71.4040590262234,41.8254665987121],[-71.4040597912872,41.8254758017224]]]},"properties":{"FID":431,"Layer":"C-GREENS-2","Shape_Leng":88.5196487908,"Shape__Area":281.56947326660156,"Shape__Length":88.517950247992871,"GreenSpaceName":null}},{"type":"Feature","id":432,"geometry":{"type":"Polygon","coordinates":[[[-71.3998185273813,41.823707978021],[-71.3997725957745,41.8237112989234],[-71.399773174981,41.8237157786197],[-71.3996569660335,41.8237247760033],[-71.399656478496,41.8237201802427],[-71.3996045360672,41.8237232599381],[-71.3996051836843,41.8237294008221],[-71.3994878319727,41.8237363595667],[-71.3994749594256,41.8236327128785],[-71.3994775175217,41.823632535049],[-71.3994303691495,41.8232527051879],[-71.3994329272292,41.8232525282598],[-71.3994994279727,41.8232477327266],[-71.3997562828608,41.8232293759412],[-71.3998185273813,41.823707978021]]]},"properties":{"FID":432,"Layer":"C-GREENS","Shape_Leng":538.377558697,"Shape__Area":15851.501556396484,"Shape__Length":538.37755870102342,"GreenSpaceName":null}},{"type":"Feature","id":433,"geometry":{"type":"Polygon","coordinates":[[[-71.3943155617085,41.8430427749697],[-71.3942526232212,41.8431595132386],[-71.3942270446626,41.843296124801],[-71.3941158647715,41.8436440979629],[-71.3932979764735,41.8434185225156],[-71.3932202905714,41.8422876686424],[-71.3932215713448,41.842286408461],[-71.3932231082914,41.8422853195817],[-71.393224860425,41.8422844316775],[-71.3932267819566,41.842283766314],[-71.3932288222842,41.8422833432516],[-71.3932309260061,41.8422831723424],[-71.3932330401377,41.8422832580388],[-71.3932351080927,41.8422835984876],[-71.3932370745009,41.842284184634],[-71.3932388876162,41.8422850002238],[-71.3932405017184,41.8422860254072],[-71.393241872305,41.8422872322322],[-71.393242963309,41.8422885882533],[-71.393358803123,41.8425748922597],[-71.393407979886,41.8425637665249],[-71.3932800121392,41.8422474853854],[-71.3936930050154,41.842535979772],[-71.393735593894,41.842501888308],[-71.3941463487076,41.8427888150969],[-71.3942776245265,41.8428805155645],[-71.3942176602664,41.8430125127628],[-71.3943155617085,41.8430427749697]]]},"properties":{"FID":433,"Layer":"C-GREENS","Shape_Leng":1580.36822341,"Shape__Area":94123.381652832031,"Shape__Length":1580.3599394070652,"GreenSpaceName":null}},{"type":"Feature","id":434,"geometry":{"type":"Polygon","coordinates":[[[-71.4003918999066,41.826698418206],[-71.4002294787797,41.8267114447159],[-71.4002235084478,41.8266764262304],[-71.4000031871139,41.8266975177737],[-71.4000090549242,41.8267318177103],[-71.3997926480526,41.826751257433],[-71.3997624179543,41.8265803439338],[-71.3997479019128,41.8264855696389],[-71.3998056760839,41.8264864528597],[-71.3998693422836,41.8264751316841],[-71.3998846079826,41.8264736081103],[-71.3999220242399,41.8264701005793],[-71.4000030611455,41.8264620752988],[-71.4001524863639,41.8264466186009],[-71.4002832683495,41.8264333396537],[-71.4003377217698,41.8264300943687],[-71.400339761318,41.826429042741],[-71.4003419966775,41.8264282469796],[-71.4003443736513,41.8264277259445],[-71.4003468308282,41.8264274930876],[-71.4003493056045,41.8264275546568],[-71.4003517365928,41.8264279087984],[-71.4003540624155,41.826428547356],[-71.4003562217089,41.8264294531699],[-71.4003581627476,41.8264306036867],[-71.4003598362232,41.826431970053],[-71.4003611976523,41.8264335171167],[-71.4003846643722,41.826632330619],[-71.4003882451628,41.8266729201253],[-71.4003918999066,41.826698418206]]]},"properties":{"FID":434,"Layer":"C-GREENS","Shape_Leng":554.164863433,"Shape__Area":15535.828605651855,"Shape__Length":554.15701607714016,"GreenSpaceName":"Sciences Park"}},{"type":"Feature","id":437,"geometry":{"type":"Polygon","coordinates":[[[-71.4039548055801,41.8267855630437],[-71.4039539130231,41.826707831493],[-71.4039468494029,41.8267078940126],[-71.4039452970264,41.8265803542304],[-71.4039446805474,41.8265385887682],[-71.4040444243393,41.826537764588],[-71.4040424220647,41.8264042551767],[-71.4039419261383,41.826405085929],[-71.4039424112349,41.8263632142463],[-71.4039402649734,41.8262037722299],[-71.4039778722849,41.8262034606428],[-71.4039772130228,41.8261540638645],[-71.4039765525579,41.8261046670848],[-71.4039386696514,41.826104978441],[-71.4039365258681,41.8259438896984],[-71.4039348608225,41.8258917469411],[-71.4039342842581,41.8258482510546],[-71.4039468500873,41.8258481238105],[-71.4039455748152,41.8257196235786],[-71.4039314489944,41.8257197495179],[-71.4039290070109,41.8256720006664],[-71.4039323841789,41.8255917859332],[-71.404018232491,41.8255882221247],[-71.4040139170736,41.8255302600565],[-71.4040541307722,41.8255286469305],[-71.4040477982281,41.8254446678646],[-71.4040065576519,41.8254463899718],[-71.404001949805,41.8253867809362],[-71.4039984721325,41.8253546485094],[-71.4043972574139,41.8253324410881],[-71.404427119552,41.8255433767987],[-71.4044992318656,41.8260730192126],[-71.4044726715283,41.8260755495907],[-71.4044793703882,41.8261305307933],[-71.4044860692596,41.826185511995],[-71.4045197832064,41.8261831055045],[-71.40459550762,41.8268542229355],[-71.4039528397718,41.8269080525769],[-71.4039496855238,41.8269083524536],[-71.4039482006773,41.8267855575211],[-71.4039548055801,41.8267855630437]]]},"properties":{"FID":437,"Layer":"C-GREENS","Shape_Leng":898.464636953,"Shape__Area":81786.382843017578,"Shape__Length":1556.57160530876,"GreenSpaceName":"Front Green"}},{"type":"Feature","id":438,"geometry":{"type":"Polygon","coordinates":[[[-71.4020892443798,41.8293512621354],[-71.4020556875409,41.8291451981443],[-71.4026348541762,41.8291011876509],[-71.4026411293941,41.8291401812518],[-71.4026641935054,41.8293104810186],[-71.4020892443798,41.8293512621354]]]},"properties":{"FID":438,"Layer":"C-GREENS","Shape_Leng":468.393761324,"Shape__Area":12042.975746154785,"Shape__Length":468.39376132450383,"GreenSpaceName":"Howard Terrace"}},{"type":"Feature","id":439,"geometry":{"type":"Polygon","coordinates":[[[-71.3943582704413,41.8334172897639],[-71.3943182304546,41.8333818714367],[-71.3936455312791,41.8321960477406],[-71.3927384342895,41.8306076308391],[-71.3926087051334,41.830381830705],[-71.3925678705088,41.830310754888],[-71.3925177910596,41.8302020830596],[-71.3924763572378,41.8300913926377],[-71.3922697086897,41.8294692548016],[-71.3922687983934,41.8294622132972],[-71.3922694626799,41.8294551552628],[-71.3922716831596,41.8294482787555],[-71.3922753981237,41.8294417718884],[-71.3922805037413,41.8294358164324],[-71.3922868600967,41.829430577018],[-71.3922942899905,41.8294261984336],[-71.3923025873716,41.8294228020316],[-71.3923115233626,41.8294204821326],[-71.3943895802771,41.8290222927129],[-71.3947600806038,41.830369718962],[-71.3964987507373,41.8300970708045],[-71.3965250771821,41.8300929979804],[-71.3968445926119,41.8300462507518],[-71.3972508752728,41.829981234973],[-71.3975612932366,41.8299325310791],[-71.3978244841586,41.8298916776189],[-71.398080737146,41.8298516628181],[-71.3982328460126,41.8298283087347],[-71.3983383006108,41.8298124949237],[-71.3985671374857,41.8301554688438],[-71.3986315055437,41.830236605681],[-71.3986394195441,41.8302471619349],[-71.3992284844636,41.8310694959604],[-71.3995479923104,41.8314775959292],[-71.3995524995327,41.8314852338422],[-71.3995552857897,41.8314933186189],[-71.3995562767815,41.831501634113],[-71.3995554475719,41.8315099597199],[-71.3995528189714,41.8315180739744],[-71.3995484611406,41.8315257599561],[-71.3995424899642,41.8315328142897],[-71.3995350646426,41.831539048043],[-71.3995263828605,41.8315442966267],[-71.3995166759737,41.8315484188897],[-71.3989037819157,41.8317612955897],[-71.3980145146584,41.8320620554108],[-71.3972415013226,41.8323206973129],[-71.3972092274019,41.8323290532898],[-71.3971314338031,41.8323554500011],[-71.3969307209781,41.8324536239615],[-71.3965974975025,41.8326252819342],[-71.3961225390262,41.8328782635681],[-71.3956909233547,41.8331227978035],[-71.3956379442266,41.833153800553],[-71.3956062445948,41.8331698905067],[-71.3955718755556,41.8331825468353],[-71.3955354948138,41.8331915270431],[-71.394634296421,41.8333632069664],[-71.3943582704413,41.8334172897639]]]},"properties":{"FID":439,"Layer":"C-GREENS","Shape_Leng":5953.85742299,"Shape__Area":1687000.7530670166,"Shape__Length":5953.759573622734,"GreenSpaceName":null}},{"type":"Feature","id":440,"geometry":{"type":"Polygon","coordinates":[[[-71.4020628670302,41.8251461147177],[-71.4012561575285,41.8252051625434],[-71.4012247483035,41.8249778168774],[-71.402155555854,41.8249098860471],[-71.4021854034759,41.8251396331389],[-71.4020628670302,41.8251461147177]]]},"properties":{"FID":440,"Layer":"C-GREENS","Shape_Leng":676.716984272,"Shape__Area":21214.472602844238,"Shape__Length":676.716984268238,"GreenSpaceName":"Hughes Court"}},{"type":"Feature","id":441,"geometry":{"type":"Polygon","coordinates":[[[-71.4008358174273,41.824117865294],[-71.4008729299804,41.8243930645801],[-71.4011213109952,41.8243742184535],[-71.4011361826575,41.8245166073851],[-71.4008882151192,41.8245323630336],[-71.4009147738789,41.8247194711435],[-71.4010014175947,41.8247130715038],[-71.4010124946336,41.8247892704987],[-71.4006460965011,41.8248188967814],[-71.4005518975921,41.8241380224497],[-71.4008358174273,41.824117865294]]]},"properties":{"FID":441,"Layer":"C-GREENS","Shape_Leng":836.558105981,"Shape__Area":23342.268447875977,"Shape__Length":836.55810597318691,"GreenSpaceName":"Patriot's Court"}},{"type":"Feature","id":442,"geometry":{"type":"Polygon","coordinates":[[[-71.3997862607982,41.8253503658782],[-71.3997838095146,41.8253352659443],[-71.3997027714317,41.8253426248196],[-71.3996926015721,41.8252799676065],[-71.3996889902606,41.8252577197614],[-71.3996796669107,41.8252002834548],[-71.3996375853158,41.8252041046518],[-71.3996280641111,41.825145447307],[-71.399626942004,41.8251386721709],[-71.3997732874636,41.825123277195],[-71.3998205430019,41.8251183809533],[-71.3998687564985,41.8251136034716],[-71.3998704313132,41.8251171720772],[-71.3998751008708,41.8251524694624],[-71.399889376667,41.8252028090909],[-71.399903572201,41.8253224702982],[-71.3999242661821,41.8253210612902],[-71.3999267295073,41.8253415902796],[-71.3998709558352,41.8253452735855],[-71.3998771849681,41.8253978588494],[-71.3998672039777,41.8253985091981],[-71.3998766941941,41.8254710398267],[-71.3998023242643,41.8254777932532],[-71.3997942908079,41.8254283035804],[-71.3997979337584,41.8254279727321],[-71.3997974914294,41.8254252479186],[-71.3998087985455,41.8254171142093],[-71.3997988479449,41.8253558095078],[-71.3997862607982,41.8253503658782]]]},"properties":{"FID":442,"Layer":"C-GREENS","Shape_Leng":407.274635086,"Shape__Area":5725.5188827514648,"Shape__Length":407.27463508381015,"GreenSpaceName":null}},{"type":"Feature","id":443,"geometry":{"type":"Polygon","coordinates":[[[-71.4054200224423,41.8254325285703],[-71.4054675090136,41.8254291859828],[-71.4055052541296,41.8254265286242],[-71.4055080049763,41.8254483857314],[-71.4055006988852,41.8254489001176],[-71.4055011569578,41.8254525432686],[-71.4055035923221,41.8254523715064],[-71.4055092082352,41.8254969969582],[-71.4055067728692,41.8254971687204],[-71.4055072309438,41.825500810971],[-71.4055145370407,41.8255002965844],[-71.4055163705408,41.8255148682887],[-71.4055090644423,41.8255153826754],[-71.4055095237195,41.8255190258273],[-71.4055119578825,41.825518854064],[-71.4055175738072,41.8255634795149],[-71.4055151384387,41.8255636512773],[-71.4055155977179,41.8255672935288],[-71.4055229026186,41.8255667791407],[-71.4055247361225,41.8255813508446],[-71.4055174312202,41.8255818652329],[-71.4055178892946,41.8255855083837],[-71.4055203246639,41.8255853366212],[-71.4055281750732,41.8256477213069],[-71.4055257397016,41.8256478930695],[-71.4055261977783,41.82565153532],[-71.4055335038922,41.8256510209322],[-71.4055353374009,41.8256655926357],[-71.4055280312853,41.8256661070237],[-71.4055284905647,41.8256697501754],[-71.4055309247334,41.8256695784117],[-71.4055387751632,41.8257319630957],[-71.4055363409934,41.8257321339592],[-71.40553679907,41.8257357771099],[-71.4055441039897,41.8257352627205],[-71.4055459387068,41.8257498344247],[-71.4055386325818,41.8257503488132],[-71.4055390906586,41.8257539919639],[-71.4055415260342,41.8257538202009],[-71.4055471419996,41.8257984456486],[-71.4055447066237,41.8257986165113],[-71.4055451647012,41.8258022596619],[-71.405552470832,41.8258017452729],[-71.4055543043492,41.8258163169758],[-71.4055469982167,41.8258168313649],[-71.4055474574982,41.8258204745165],[-71.4055498916726,41.8258203027524],[-71.4055555076495,41.8258649281991],[-71.4055530722697,41.8258650999623],[-71.4055535315532,41.8258687422135],[-71.4055608364879,41.825868227823],[-71.4055635873722,41.8258900849272],[-71.4055258419863,41.8258927423045],[-71.4054783550741,41.8258960858158],[-71.4054698318438,41.8258966856311],[-71.4054669096646,41.8258734625686],[-71.405463872067,41.8258493282673],[-71.4054174589718,41.8254804866516],[-71.4054144214111,41.8254563523474],[-71.4054114992717,41.8254331292817],[-71.4054200224423,41.8254325285703]]]},"properties":{"FID":443,"Layer":"C-GREENS","Shape_Leng":422.666861633,"Shape__Area":4174.7737350463867,"Shape__Length":422.6668616447904,"GreenSpaceName":"Chafee Garden"}},{"type":"Feature","id":444,"geometry":{"type":"Polygon","coordinates":[[[-71.4057217527933,41.8265267746918],[-71.4055272686668,41.8265377944244],[-71.4054829618234,41.826150549871],[-71.405673362667,41.8261405433428],[-71.4057217527933,41.8265267746918]]]},"properties":{"FID":444,"Layer":"C-GREENS","Shape_Leng":388.169325289,"Shape__Area":7440.2136306762695,"Shape__Length":388.16932528586165,"GreenSpaceName":null}},{"type":"Feature","id":445,"geometry":{"type":"Polygon","coordinates":[[[-71.4052948491646,41.830050126927],[-71.4051633815512,41.830062831186],[-71.4051585733509,41.8300018148495],[-71.4051169325167,41.8300036108507],[-71.4051169568422,41.8299871373696],[-71.4049428812015,41.8300004382122],[-71.4049444847314,41.8300166654471],[-71.4049061609426,41.8300196858766],[-71.4049173336338,41.8301016916906],[-71.4047373786946,41.8301147127514],[-71.4047094791789,41.8299013840158],[-71.4052355160714,41.8298682626514],[-71.4052948491646,41.830050126927]]]},"properties":{"FID":445,"Layer":"C-GREENS","Shape_Leng":509.401928,"Shape__Area":8870.8313522338867,"Shape__Length":509.40192800710281,"GreenSpaceName":null}},{"type":"Feature","id":446,"geometry":{"type":"Polygon","coordinates":[[[-71.3994774037232,41.8253998884011],[-71.3993253576559,41.8254139563045],[-71.3993053324668,41.8252750505601],[-71.3991037752926,41.82529241592],[-71.3990898075494,41.8251903879659],[-71.3994974119087,41.8251504488028],[-71.3995089799557,41.8252179240748],[-71.399519249778,41.8252811954239],[-71.3995309467326,41.8253594091557],[-71.3994717584872,41.825364379468],[-71.3994774037232,41.8253998884011]]]},"properties":{"FID":446,"Layer":"C-GREENS","Shape_Leng":403.345242679,"Shape__Area":7020.9142379760742,"Shape__Length":403.34524267639995,"GreenSpaceName":null}},{"type":"Feature","id":447,"geometry":{"type":"Polygon","coordinates":[[[-71.3961538444184,41.8251402433027],[-71.3961644241869,41.825140749854],[-71.3961798715859,41.8254490896245],[-71.3961768755512,41.8254528107213],[-71.3961559454191,41.8254542809642],[-71.3961300367347,41.825453512959],[-71.3959866580245,41.82537816345],[-71.3956767291615,41.8253823507859],[-71.3956617984171,41.8253719112925],[-71.3956348918913,41.8253718868502],[-71.3955678002339,41.8253195296487],[-71.3955682577832,41.8252912954139],[-71.3957904874787,41.8252878715632],[-71.3957876592951,41.8251880717506],[-71.3959192051517,41.8251859572713],[-71.3959481411108,41.8251636415569],[-71.3959471757934,41.8251442770776],[-71.3961538444184,41.8251402433027]]]},"properties":{"FID":447,"Layer":"C-GREENS","Shape_Leng":519.137004654,"Shape__Area":10938.829795837402,"Shape__Length":519.13700465399984,"GreenSpaceName":null}},{"type":"Feature","id":448,"geometry":{"type":"Polygon","coordinates":[[[-71.402222339077,41.8271983106866],[-71.4022570528323,41.8274055740351],[-71.4021154629385,41.8274174513922],[-71.4020778300955,41.8272112758241],[-71.402222339077,41.8271983106866]]]},"properties":{"FID":448,"Layer":"C-GREENS","Shape_Leng":230.445342067,"Shape__Area":2981.5623550415039,"Shape__Length":230.44534207030682,"GreenSpaceName":null}},{"type":"Feature","id":449,"geometry":{"type":"Polygon","coordinates":[[[-71.3923225135406,41.8437342750648],[-71.3910205447635,41.8434166643439],[-71.3909941933819,41.842545938894],[-71.3925550952841,41.8425263813066],[-71.3925921259837,41.8430717283715],[-71.3923225135406,41.8437342750648]]]},"properties":{"FID":449,"Layer":"C-GREENS","Shape_Leng":1567.26912737,"Shape__Area":157763.36528015137,"Shape__Length":1567.2691273759781,"GreenSpaceName":null}},{"type":"Feature","id":450,"geometry":{"type":"Polygon","coordinates":[[[-71.3933754131599,41.8315906959708],[-71.3933604382111,41.8315794107303],[-71.3933458032277,41.8315678358945],[-71.3933365708555,41.8315592651016],[-71.3933274879026,41.831549158469],[-71.3933126944348,41.8315308129352],[-71.3932774317004,41.8314773216714],[-71.3932086190804,41.8313633180606],[-71.3931449451417,41.8312598558503],[-71.3930942368768,41.8311742845963],[-71.3930078403096,41.8310164360044],[-71.3929455479213,41.8309020709618],[-71.392911255039,41.8308391107207],[-71.3929757006616,41.8306544284714],[-71.3937579800754,41.8302096003876],[-71.3938428844323,41.830278708763],[-71.3938801221864,41.8303090197647],[-71.3938896571876,41.8303172387628],[-71.3939131514783,41.8303342246474],[-71.3940352187184,41.8304326156014],[-71.39406862071,41.8304552665215],[-71.3941067604223,41.8304847877831],[-71.3944379502274,41.83074886667],[-71.3944291367781,41.8307534692051],[-71.3945234884365,41.830855860473],[-71.3945324487567,41.8308512589659],[-71.3946354349195,41.8309688062668],[-71.3946017541269,41.8311011575726],[-71.3944504529741,41.8311790645078],[-71.3944442984973,41.8311728023989],[-71.3943104718748,41.831245456423],[-71.3943154532224,41.8312506199468],[-71.3942549543364,41.8312686763828],[-71.3933754131599,41.8315906959708]]]},"properties":{"FID":450,"Layer":"C-GREENS","Shape_Leng":1446.67900028,"Shape__Area":138968.46505737305,"Shape__Length":1446.6790002772605,"GreenSpaceName":null}},{"type":"Feature","id":451,"geometry":{"type":"Polygon","coordinates":[[[-71.3947586934486,41.8303648009408],[-71.3943552112249,41.8304273084333],[-71.3943526978543,41.8304235400044],[-71.3939852456769,41.8291006990263],[-71.3939849473692,41.8290998299238],[-71.3943895802771,41.8290222927129],[-71.3947595640653,41.8303646387771],[-71.3947586934486,41.8303648009408]]]},"properties":{"FID":451,"Layer":"C-GREENS","Shape_Leng":1220.01980124,"Shape__Area":56296.004379272461,"Shape__Length":1220.0198012321055,"GreenSpaceName":null}},{"type":"Feature","id":452,"geometry":{"type":"Polygon","coordinates":[[[-71.4025601914251,41.8266810898868],[-71.4025691895129,41.826687335971],[-71.4025748394925,41.8266899544484],[-71.4025809454753,41.8266919196658],[-71.4025873715071,41.8266931864908],[-71.4025939791967,41.8266937295967],[-71.4026006205062,41.8266935344523],[-71.4026016421696,41.8266977092922],[-71.4026036162864,41.8267016877653],[-71.4026064852589,41.8267053500775],[-71.4026101601814,41.8267085836111],[-71.4026145304576,41.8267112910355],[-71.4026194625984,41.8267133894063],[-71.4026248074361,41.8267148155731],[-71.402630401328,41.8267155261809],[-71.4026360757852,41.8267154985785],[-71.4026416574667,41.8267147344194],[-71.4026469766089,41.8267132578691],[-71.4026518730495,41.8267111120082],[-71.4026561962205,41.8267083633341],[-71.4026598159929,41.826705094568],[-71.4026626214719,41.8267014055536],[-71.4026645282269,41.8266974078615],[-71.4026654782935,41.8266932238889],[-71.4026654413874,41.8266889796575],[-71.4026720148987,41.8266882460486],[-71.4026783716233,41.8266867928845],[-71.4026843706749,41.826684652458],[-71.4026898795718,41.8266818714746],[-71.4026947790499,41.8266785119568],[-71.4027312404822,41.8266759507594],[-71.4027367438501,41.826719768637],[-71.4027056898016,41.8267221831592],[-71.4027089751257,41.826745820752],[-71.402752767429,41.8267424158361],[-71.4027590940056,41.8267879360505],[-71.4027503597806,41.8267886660345],[-71.4027230146123,41.8267909513513],[-71.4027212853043,41.8267787169752],[-71.4025778455419,41.8267905852342],[-71.4025796890155,41.8268029268496],[-71.4025235864891,41.8268076150419],[-71.4025173475785,41.8267663075772],[-71.4025415731053,41.8267645193511],[-71.4025325067843,41.8266992865691],[-71.4025343318636,41.8266991449637],[-71.4025322444825,41.8266841327336],[-71.4025321112865,41.8266830630173],[-71.4025601914251,41.8266810898868]]]},"properties":{"FID":452,"Layer":"C-GREENS","Shape_Leng":254.600804911,"Shape__Area":2002.7800674438477,"Shape__Length":254.54872230546738,"GreenSpaceName":null}},{"type":"Feature","id":453,"geometry":{"type":"Polygon","coordinates":[[[-71.3989813170239,41.8390883886564],[-71.3989733027514,41.8388759937954],[-71.3992419390332,41.8388703244371],[-71.3992713057098,41.8388690609099],[-71.3998171322561,41.8388561952575],[-71.3998391417644,41.8388555274939],[-71.399922625486,41.8388549889303],[-71.3999382664942,41.8388702488718],[-71.3999107699466,41.8389292330359],[-71.3999020283957,41.8389444006071],[-71.3997338607145,41.8392915753223],[-71.3995612395505,41.8392902981903],[-71.3995622895298,41.839210914555],[-71.3994705761682,41.8392083971118],[-71.3994695003228,41.8392896192127],[-71.3989776646397,41.8392840773916],[-71.3989807608381,41.8391304645385],[-71.3990721928236,41.8391311418358],[-71.3990720590248,41.8391412038897],[-71.3990199217274,41.8391408177396],[-71.3990192182376,41.8391938983167],[-71.3990925704973,41.8391944417579],[-71.3990932739279,41.83914136028],[-71.3990914390991,41.8391413469637],[-71.3990916603655,41.8391246540012],[-71.3991080582366,41.8391247755455],[-71.3991074653161,41.8391695956242],[-71.3992068482864,41.839170331117],[-71.3992072348133,41.839141140715],[-71.3992402557037,41.8391413857664],[-71.3992638360738,41.8391240974607],[-71.3992641625473,41.8390994041913],[-71.3992410451103,41.8390817706134],[-71.3992080230465,41.8390815255612],[-71.3992084135431,41.8390521064766],[-71.3991090307557,41.8390513709853],[-71.399108578727,41.8390854429596],[-71.3990740240262,41.8390851875194],[-71.3990739733712,41.8390890751321],[-71.3989813170239,41.8390883886564]]]},"properties":{"FID":453,"Layer":"C-GREENS","Shape_Leng":1125.05938924,"Shape__Area":33001.297004699707,"Shape__Length":1125.0593892232635,"GreenSpaceName":null}},{"type":"Feature","id":454,"geometry":{"type":"Polygon","coordinates":[[[-71.4061690923727,41.8263150407882],[-71.4060400169335,41.8263279019725],[-71.406041381761,41.8263354497345],[-71.4059787260955,41.8263414352451],[-71.4059679063371,41.8263410464455],[-71.4059573268973,41.8263393046314],[-71.405947288639,41.8263362577671],[-71.4059380779222,41.8263319934202],[-71.4059299557797,41.8263266324502],[-71.4059231531045,41.8263203272037],[-71.4059178622308,41.8263132570061],[-71.4059539122765,41.8263119144086],[-71.4059531197873,41.82630069643],[-71.4059614880643,41.8262966157395],[-71.4059687841119,41.8262915113851],[-71.4059747850138,41.8262855380428],[-71.4059793111501,41.8262788765341],[-71.4059822225924,41.826271729321],[-71.4059834323581,41.8262643115135],[-71.4059829040038,41.8262568499676],[-71.4059806528481,41.8262495706809],[-71.4059767483876,41.8262426924926],[-71.405971307076,41.8262364261774],[-71.4059644959561,41.8262309600428],[-71.4059565194178,41.8262264608187],[-71.4059476216184,41.826223064656],[-71.4059467234564,41.8262100288051],[-71.405922506696,41.826210969637],[-71.4059196287594,41.8261713820523],[-71.4059176704027,41.8261236201375],[-71.4061634493386,41.8261179806693],[-71.4061656333735,41.8261712402375],[-71.4061723346684,41.8262931579839],[-71.4061870111143,41.8262927585155],[-71.4061882048422,41.8263144522704],[-71.4061690923727,41.8263150407882]]]},"properties":{"FID":454,"Layer":"C-GREENS","Shape_Leng":316.80252476,"Shape__Area":4674.2669982910156,"Shape__Length":316.73309305116322,"GreenSpaceName":null}},{"type":"Feature","id":455,"geometry":{"type":"Polygon","coordinates":[[[-71.4062993587089,41.8263662584927],[-71.4062988845251,41.8263133631604],[-71.4063418140684,41.8263118883006],[-71.4063422160991,41.8262879459],[-71.406359001674,41.8262874103773],[-71.4064080294899,41.8262874503331],[-71.4064102715168,41.8263539314279],[-71.4064039338186,41.8263597577631],[-71.4063011831888,41.8263731205678],[-71.4062993587089,41.8263662584927]]]},"properties":{"FID":455,"Layer":"C-GREENS","Shape_Leng":115.601222993,"Shape__Area":751.61601257324219,"Shape__Length":115.60122298428476,"GreenSpaceName":null}},{"type":"Feature","id":456,"geometry":{"type":"Polygon","coordinates":[[[-71.4003056472984,41.8272392879897],[-71.4001105751331,41.8272564617619],[-71.4000835293554,41.8270992939111],[-71.4002807933175,41.8270804078407],[-71.4003056472984,41.8272392879897]]]},"properties":{"FID":456,"Layer":"C-GREENS","Shape_Leng":223.77306549,"Shape__Area":3125.2539443969727,"Shape__Length":223.77306549525704,"GreenSpaceName":"Costa Memorial Garden"}},{"type":"Feature","id":457,"geometry":{"type":"Polygon","coordinates":[[[-71.4024119577996,41.8227235711278],[-71.4023244576503,41.8227235300734],[-71.4023086824665,41.8227235229612],[-71.4021967001851,41.8227272046006],[-71.4021737180701,41.8223361421232],[-71.4024634765695,41.8223264415582],[-71.4024672946073,41.8225572316786],[-71.4024450073513,41.8225574342372],[-71.4024437022841,41.8226242446649],[-71.4024102993042,41.8226235878552],[-71.4024119577996,41.8227235711278]]]},"properties":{"FID":457,"Layer":"C-GREENS","Shape_Leng":440.47685662599997,"Shape__Area":10270.802276611328,"Shape__Length":440.47685662529705,"GreenSpaceName":null}},{"type":"Feature","id":458,"geometry":{"type":"Polygon","coordinates":[[[-71.4026327904085,41.8225207345335],[-71.4025019006556,41.8225209620443],[-71.4025011870907,41.8223946653312],[-71.4026325276218,41.8223954537869],[-71.4026327904085,41.8225207345335]]]},"properties":{"FID":458,"Layer":"C-GREENS","Shape_Leng":163.153139883,"Shape__Area":1638.1380996704102,"Shape__Length":163.1531398691277,"GreenSpaceName":null}},{"type":"Feature","id":459,"geometry":{"type":"Polygon","coordinates":[[[-71.4037087051443,41.8227829552451],[-71.4031114831518,41.8227824530786],[-71.4031117864395,41.8225812624435],[-71.4033728551723,41.82242285142],[-71.4037087051443,41.8227829552451]]]},"properties":{"FID":459,"Layer":"C-GREENS","Shape_Leng":487.726267164,"Shape__Area":13278.241554260254,"Shape__Length":487.72626716266518,"GreenSpaceName":null}},{"type":"Feature","id":460,"geometry":{"type":"Polygon","coordinates":[[[-71.3970284959583,41.8237921416359],[-71.3970511098411,41.8239181914783],[-71.3968452094713,41.8239215189918],[-71.3965939623866,41.8239250250079],[-71.3965862525797,41.8239251540187],[-71.3965786079979,41.8239243944524],[-71.3965712103687,41.8239227644792],[-71.3965642365714,41.8239203029732],[-71.396557851418,41.8239170677045],[-71.3965522076502,41.8239131371405],[-71.396547438729,41.823908603236],[-71.3965436600325,41.8239035750362],[-71.396539607416,41.8238967288034],[-71.3965342335073,41.8238904116805],[-71.396527659651,41.8238847651301],[-71.3965200336973,41.8238799153326],[-71.3965115251897,41.8238759713818],[-71.3965023241676,41.823873021682],[-71.3964956295553,41.8238691135772],[-71.3964898834824,41.8238644356357],[-71.3964852434254,41.8238591158481],[-71.3964818355402,41.8238532974819],[-71.3964797522546,41.8238471390806],[-71.3966153881779,41.8238336066776],[-71.3970284959583,41.8237921416359]]]},"properties":{"FID":460,"Layer":"C-GREENS","Shape_Leng":366.683250135,"Shape__Area":5415.92440032959,"Shape__Length":366.638051404536,"GreenSpaceName":null}},{"type":"Feature","id":461,"geometry":{"type":"Polygon","coordinates":[[[-71.3978408647132,41.8242214125244],[-71.3978304744437,41.8242221802768],[-71.3978326503373,41.8242383190024],[-71.3978303017675,41.8242384258546],[-71.3978310274657,41.8242438060304],[-71.3977796575475,41.8242476020799],[-71.3977943261923,41.8243600837781],[-71.3977614228038,41.8243633929582],[-71.3977886179257,41.8244851890137],[-71.3977561490647,41.8244491177174],[-71.3977353383347,41.8244317559477],[-71.3977143797367,41.824414284201],[-71.3976989918943,41.8244013173099],[-71.3976834556543,41.8243885699674],[-71.3976674797234,41.824376041914],[-71.397652528623,41.8243647230274],[-71.3976371368035,41.8243535126873],[-71.3976211577436,41.8243429599701],[-71.3976047370868,41.8243330668061],[-71.3975875814868,41.8243236105496],[-71.3975699856682,41.8243147040056],[-71.3975522407514,41.8243064554744],[-71.3975340556183,41.8242987548546],[-71.3975155762624,41.8242913843942],[-71.3974943096927,41.824283681019],[-71.3974727485504,41.8242765274845],[-71.3974510405642,41.8242693729145],[-71.397403954734,41.8242549506432],[-71.3973979433912,41.8242489886261],[-71.3973930800605,41.8242424667223],[-71.3973894572286,41.8242355083613],[-71.397386263988,41.8242135516231],[-71.3978362351147,41.8241761096102],[-71.3978408647132,41.8242214125244]]]},"properties":{"FID":461,"Layer":"C-GREENS","Shape_Leng":413.76658786,"Shape__Area":5806.2490692138672,"Shape__Length":413.76015048658047,"GreenSpaceName":null}},{"type":"Feature","id":462,"geometry":{"type":"Polygon","coordinates":[[[-71.3975725645819,41.8273065850637],[-71.3975704316376,41.8273012378472],[-71.397567094378,41.8272962469915],[-71.397562654882,41.8272917629442],[-71.3975572441427,41.8272879208728],[-71.3975510268896,41.8272848361676],[-71.3975441895539,41.8272826026299],[-71.3975369402785,41.8272812861703],[-71.3975294944677,41.8272809283962],[-71.3975220784109,41.8272815385129],[-71.3975149160347,41.8272830978131],[-71.3975082216772,41.8272855614712],[-71.397502196486,41.8272888531377],[-71.3974970247918,41.8272928739401],[-71.3974928596616,41.8272975042699],[-71.3974898289178,41.8273026028879],[-71.3974880218822,41.8273080168163],[-71.3974874941873,41.8273135831434],[-71.3974882605469,41.8273191335188],[-71.3974064693577,41.8273275011799],[-71.3973286191478,41.8273313931172],[-71.3973313503487,41.8271498781462],[-71.3975710554081,41.8271266409984],[-71.3976035793865,41.8273034120082],[-71.3975725645819,41.8273065850637]]]},"properties":{"FID":462,"Layer":"C-GREENS","Shape_Leng":285.993878765,"Shape__Area":4468.6404724121094,"Shape__Length":285.94766838249865,"GreenSpaceName":null}},{"type":"Feature","id":463,"geometry":{"type":"Polygon","coordinates":[[[-71.4017703207366,41.8299157085655],[-71.4017394340545,41.8296801147676],[-71.4017655665003,41.8296781986887],[-71.401755525602,41.829599508579],[-71.4019322432022,41.8295869521988],[-71.401990127671,41.8295828762484],[-71.40200219505,41.8296748444651],[-71.4020195697137,41.82980725683],[-71.4019947999429,41.8298091570229],[-71.4020038661249,41.8298791427009],[-71.4020038360458,41.8298988654998],[-71.4019127202928,41.8299054367355],[-71.4017703207366,41.8299157085655]]]},"properties":{"FID":463,"Layer":"C-GREENS","Shape_Leng":372.139103445,"Shape__Area":7787.5672302246094,"Shape__Length":372.13910345028904,"GreenSpaceName":null}},{"type":"Feature","id":464,"geometry":{"type":"Polygon","coordinates":[[[-71.4078405514002,41.8253235732592],[-71.407865500318,41.8255110845023],[-71.4078648546944,41.825513065632],[-71.4078637782963,41.8255149383754],[-71.4078623012903,41.8255166514374],[-71.4078604646695,41.8255181580331],[-71.407858319052,41.8255194149869],[-71.40785592347,41.8255203872328],[-71.4078533453677,41.8255210496154],[-71.4078506557924,41.8255213823842],[-71.4078479305912,41.8255213765967],[-71.4078452443942,41.8255210323127],[-71.4078426718188,41.8255203585955],[-71.4078402838557,41.8255193753096],[-71.4078381478754,41.8255181086187],[-71.4078363228082,41.8255165945839],[-71.4078348591507,41.8255148746612],[-71.4076921907659,41.8253116128701],[-71.4077169905122,41.8252958957587],[-71.4077451078673,41.8253085519095],[-71.4077756487633,41.8253175321117],[-71.4078077613277,41.8253225862855],[-71.4078405514002,41.8253235732592]]]},"properties":{"FID":464,"Layer":"C-GREENS","Shape_Leng":208.157290355,"Shape__Area":1786.7493286132813,"Shape__Length":208.10270353539963,"GreenSpaceName":null}},{"type":"Feature","id":465,"geometry":{"type":"Polygon","coordinates":[[[-71.4075883269828,41.8251871735457],[-71.40743101738,41.8249753185017],[-71.4074795550738,41.824968959791],[-71.4076678619241,41.8250959043425],[-71.4076538072213,41.8251153286778],[-71.407643188595,41.8251359379199],[-71.4076361798681,41.8251573936819],[-71.4075883269828,41.8251871735457]]]},"properties":{"FID":465,"Layer":"C-GREENS","Shape_Leng":211.962118109,"Shape__Area":1998.0029220581055,"Shape__Length":211.94560654423745,"GreenSpaceName":null}},{"type":"Feature","id":466,"geometry":{"type":"Polygon","coordinates":[[[-71.4079723011398,41.8254185701812],[-71.4079580519257,41.8254183363809],[-71.4079440604675,41.8254163093089],[-71.407930725112,41.8254125469062],[-71.4079184284856,41.8254071575205],[-71.4079075230569,41.8254002944925],[-71.4078983191022,41.8253921543453],[-71.407891083511,41.8253829704814],[-71.4078860193329,41.8253730059631],[-71.4078832754207,41.8253625445169],[-71.4078829271748,41.8253518878175],[-71.407884986196,41.8253413392885],[-71.407889393068,41.8253312013963],[-71.4078960209847,41.8253217639483],[-71.4079046817784,41.8253132977956],[-71.4079285949126,41.8253047421297],[-71.4079507503478,41.8252938576723],[-71.4079650232086,41.8252926896636],[-71.4079793548385,41.8252933511903],[-71.4079933275774,41.8252958239112],[-71.408006535881,41.8253000345741],[-71.4080185959386,41.8253058631268],[-71.4080291577159,41.8253131382248],[-71.4080379145689,41.8253216489437],[-71.408044611664,41.8253311483866],[-71.4080490555973,41.8253413608953],[-71.4080511155888,41.8253519892532],[-71.4080507318923,41.8253627254965],[-71.4080479181956,41.8253732563179],[-71.4080427531743,41.8253832774653],[-71.4080353877099,41.825392496449],[-71.4080109365913,41.8253782812161],[-71.408008556388,41.8253760833816],[-71.4080057219195,41.8253742111062],[-71.4080025125572,41.8253727157728],[-71.4079990161115,41.8253716397677],[-71.407995328839,41.8253710110785],[-71.407991554233,41.8253708477948],[-71.4079877946012,41.8253711554006],[-71.407984155884,41.825371924077],[-71.4079807380178,41.8253731340967],[-71.4079776349421,41.8253747504216],[-71.4079749321835,41.8253767290036],[-71.4079727056545,41.825379014983],[-71.4079710168344,41.8253815453852],[-71.4079699115651,41.8253842500203],[-71.4079723011398,41.8254185701812]]]},"properties":{"FID":466,"Layer":"C-GREENS","Shape_Leng":159.175621592,"Shape__Area":1428.8903884887695,"Shape__Length":159.0163199412392,"GreenSpaceName":null}},{"type":"Feature","id":467,"geometry":{"type":"Polygon","coordinates":[[[-71.40798736862,41.8252600855571],[-71.4080057011241,41.8252558758462],[-71.4080228823597,41.825249506196],[-71.4080384631028,41.8252411437106],[-71.4080520325727,41.825231008645],[-71.4080632340919,41.8252193663148],[-71.4080717747208,41.8252065235019],[-71.4080890088851,41.8252068974284],[-71.4081059524813,41.8252092869803],[-71.4081221854993,41.8252136342003],[-71.4081373072616,41.8252198298269],[-71.4081509436336,41.8252277214042],[-71.4082096178673,41.8253393591031],[-71.4082108112544,41.8253423734936],[-71.4082112930936,41.8253454962566],[-71.4082110478677,41.825348635545],[-71.4082100841401,41.8253516950294],[-71.4082084297246,41.8253545846981],[-71.4082061340955,41.8253572190582],[-71.4082032659799,41.8253595171341],[-71.4081999121413,41.8253614114696],[-71.4081961713651,41.8253628454222],[-71.4081921568618,41.825363775866],[-71.4081879878387,41.8253641749858],[-71.4081837882947,41.8253640311763],[-71.408179685818,41.8253633481407],[-71.4081758019539,41.8253621466841],[-71.4081722522072,41.8253604629124],[-71.40798736862,41.8252600855571]]]},"properties":{"FID":467,"Layer":"C-GREENS","Shape_Leng":178.101294775,"Shape__Area":1685.6347427368164,"Shape__Length":178.02105120348548,"GreenSpaceName":null}},{"type":"Feature","id":468,"geometry":{"type":"Polygon","coordinates":[[[-71.4079171260383,41.824999732063],[-71.4078961081505,41.8249988923025],[-71.4078752115431,41.8250007770633],[-71.4078550622218,41.8250053292261],[-71.4078362658407,41.825012414226],[-71.4078193848364,41.825021817334],[-71.4078012338801,41.8247820504006],[-71.407803179801,41.8247781778005],[-71.4078059883335,41.8247746129085],[-71.407809576266,41.8247714645989],[-71.4078138363362,41.8247688255206],[-71.4078186396346,41.8247667747998],[-71.4078238440359,41.824765374446],[-71.4078292942035,41.8247646657502],[-71.4078348252,41.8247646701879],[-71.4078402733223,41.824765387628],[-71.4078454736951,41.8247667963301],[-71.4078502711005,41.8247688547539],[-71.4078545235914,41.8247715006623],[-71.4078581024855,41.8247746547222],[-71.4078609007865,41.8247782241128],[-71.4078628355954,41.8247820998266],[-71.4079229127155,41.8248700211562],[-71.4079403669919,41.8249175046574],[-71.4079171260383,41.824999732063]]]},"properties":{"FID":468,"Layer":"C-GREENS","Shape_Leng":223.42535226,"Shape__Area":2411.2152633666992,"Shape__Length":223.36102781069641,"GreenSpaceName":null}},{"type":"Feature","id":469,"geometry":{"type":"Polygon","coordinates":[[[-71.4077322879969,41.8246908851614],[-71.4075403373005,41.8246066886076],[-71.4075404445966,41.8245982056926],[-71.4075385860918,41.8245898364389],[-71.4075348167919,41.8245818347863],[-71.4075292506998,41.824574443018],[-71.4075220572171,41.8245678836538],[-71.4075134539266,41.8245623558439],[-71.4075036993828,41.824558026359],[-71.4074930907102,41.8245550259872],[-71.4074819467565,41.8245534459196],[-71.4074706056907,41.8245533341463],[-71.4074594105623,41.8245546927442],[-71.4074486984623,41.8245574823702],[-71.4073449588348,41.824499216084],[-71.4073768239254,41.8244894262771],[-71.4073296384613,41.8244180615019],[-71.4074951877758,41.8243558346985],[-71.4075579707406,41.824442334967],[-71.4076063548882,41.8244244364233],[-71.4077721025474,41.8246792802428],[-71.4077322879969,41.8246908851614]]]},"properties":{"FID":469,"Layer":"C-GREENS","Shape_Leng":387.552666072,"Shape__Area":6172.2364196777344,"Shape__Length":387.50578845350583,"GreenSpaceName":null}},{"type":"Feature","id":470,"geometry":{"type":"Polygon","coordinates":[[[-71.4074764281684,41.8245958375746],[-71.4077414298367,41.8247254403412],[-71.4073454025677,41.824864375342],[-71.4071300378557,41.8245266892642],[-71.407250032001,41.8244857397209],[-71.4074764281684,41.8245958375746]]]},"properties":{"FID":470,"Layer":"C-GREENS","Shape_Leng":451.413245428,"Shape__Area":10563.144233703613,"Shape__Length":451.41324542747685,"GreenSpaceName":null}},{"type":"Feature","id":471,"geometry":{"type":"Polygon","coordinates":[[[-71.4077882491111,41.8250231365518],[-71.407771289021,41.825023056311],[-71.4077545294544,41.8250249983918],[-71.4077383965933,41.8250289127174],[-71.4077233046526,41.8250347005835],[-71.4077096378276,41.8250422128428],[-71.4076977454686,41.8250512571038],[-71.4076879324425,41.8250616040253],[-71.4076804495018,41.8250729882093],[-71.4074096661313,41.8249034262737],[-71.4074058653132,41.8248997543258],[-71.4074028932271,41.8248956769924],[-71.4074008243519,41.8248912987733],[-71.4073997114908,41.8248867304528],[-71.4073995821625,41.8248820872965],[-71.4074004410105,41.8248774881532],[-71.4074022649969,41.8248730491479],[-71.4077244210233,41.824760187897],[-71.4077292534819,41.8247587881491],[-71.4077343258075,41.824757996323],[-71.407739503155,41.8247578339184],[-71.4077446470928,41.824758305326],[-71.40774961801,41.8247593978288],[-71.4077542859499,41.8247610816114],[-71.4077585233839,41.8247633124546],[-71.4077622172497,41.8247660308454],[-71.4077652701535,41.8247691628776],[-71.4077675979565,41.8247726247523],[-71.4077691406044,41.8247763254869],[-71.4077698561121,41.8247801642098],[-71.4077882491111,41.8250231365518]]]},"properties":{"FID":471,"Layer":"C-GREENS","Shape_Leng":347.743919223,"Shape__Area":7117.858757019043,"Shape__Length":347.67292553667357,"GreenSpaceName":null}},{"type":"Feature","id":472,"geometry":{"type":"Polygon","coordinates":[[[-71.4081765260898,41.8254012490141],[-71.4081831118243,41.8254019340347],[-71.4081894556657,41.8254034246655],[-71.4081953819288,41.8254056811513],[-71.4082007269993,41.8254086403376],[-71.408205341734,41.8254122201744],[-71.408209101086,41.8254163233252],[-71.4082119004968,41.8254208344631],[-71.4082136619012,41.8254256301791],[-71.4082143373397,41.8254305780852],[-71.4082139089516,41.8254355413154],[-71.408212386562,41.8254403830259],[-71.4082098124922,41.8254449690999],[-71.4082062603482,41.8254491735486],[-71.4082018253905,41.8254528794039],[-71.4079401201528,41.8255587137718],[-71.4079350668682,41.8255587754467],[-71.4079300710624,41.8255582060294],[-71.407925272343,41.8255570218379],[-71.4079208042772,41.8255552544912],[-71.4079167931816,41.8255529554099],[-71.4079133521149,41.8255501877084],[-71.407910574856,41.8255470288913],[-71.4079085419257,41.8255435681567],[-71.4079073097593,41.8255399027866],[-71.4079069119147,41.8255361345463],[-71.407907360278,41.8255323687851],[-71.4079086414547,41.8255287126326],[-71.4079239312317,41.8255016921917],[-71.4079434485991,41.8254762399269],[-71.407966910151,41.8254527256486],[-71.4079877416396,41.8254501835711],[-71.4080078301155,41.8254453423278],[-71.408026726439,41.8254383086997],[-71.4080440054692,41.8254292426076],[-71.4080592781179,41.8254183454169],[-71.4080722021766,41.825405864448],[-71.4081765260898,41.8254012490141]]]},"properties":{"FID":472,"Layer":"C-GREENS","Shape_Leng":218.168022131,"Shape__Area":2338.7419738769531,"Shape__Length":218.06749039923881,"GreenSpaceName":null}},{"type":"Feature","id":473,"geometry":{"type":"Polygon","coordinates":[[[-71.4037925655841,41.8243372742231],[-71.4034420668144,41.8243415691733],[-71.4034344062845,41.8239972448721],[-71.4037849419184,41.8239928005191],[-71.4037925655841,41.8243372742231]]]},"properties":{"FID":473,"Layer":"C-GREENS","Shape_Leng":442.136338912,"Shape__Area":11993.320533752441,"Shape__Length":442.13633890799662,"GreenSpaceName":null}},{"type":"Feature","id":474,"geometry":{"type":"Polygon","coordinates":[[[-71.4032998055967,41.8243434554626],[-71.4029493608627,41.8243477930716],[-71.4029415911694,41.8240033759112],[-71.4032920882227,41.8239990176616],[-71.4032998055967,41.8243434554626]]]},"properties":{"FID":474,"Layer":"C-GREENS","Shape_Leng":442.132488983,"Shape__Area":11992.754165649414,"Shape__Length":442.132488978459,"GreenSpaceName":null}},{"type":"Feature","id":475,"geometry":{"type":"Polygon","coordinates":[[[-71.3948984808833,41.8426918444209],[-71.3948463081042,41.8427040313488],[-71.3947922514079,41.8427100816318],[-71.3947375921385,41.8427098523878],[-71.3946836294592,41.8427033484083],[-71.3946316430232,41.8426907239255],[-71.3936031794387,41.8419718895208],[-71.3935662081589,41.8419395313701],[-71.3935368326525,41.841903077412],[-71.3935158483368,41.841863515159],[-71.3935038229247,41.8418219156427],[-71.3935010820265,41.841779404589],[-71.3935076995694,41.841737132698],[-71.3935234978499,41.8416962450319],[-71.39354804639,41.8416578468019],[-71.393580683651,41.8416229790796],[-71.3936205231123,41.8415925845904],[-71.3936664894286,41.8415674861396],[-71.3937173365284,41.841548363222],[-71.3937716885799,41.8415357340533],[-71.3938280749327,41.8415299393971],[-71.3938849674492,41.8415311371986],[-71.3939408286756,41.8415392945256],[-71.393994144344,41.8415541902998],[-71.3940434727222,41.8415754225448],[-71.39408747711,41.8416024147179],[-71.3950087252013,41.8422496916406],[-71.3950474292544,41.842280285348],[-71.3950789780118,41.8423151716154],[-71.3951025337708,41.8423534250377],[-71.3951174708787,41.8423940303688],[-71.3951233937478,41.842435911348],[-71.3951201464501,41.8424779550179],[-71.3951078126619,41.8425190468371],[-71.3949572294519,41.842411335172],[-71.3947426360003,41.8425767800136],[-71.3948984808833,41.8426918444209]]]},"properties":{"FID":475,"Layer":"C-GREENS","Shape_Leng":1405.59888601,"Shape__Area":88163.489051818848,"Shape__Length":1405.0726953078165,"GreenSpaceName":null}},{"type":"Feature","id":476,"geometry":{"type":"Polygon","coordinates":[[[-71.3971151188197,41.8244741933503],[-71.3971367728593,41.8249136631621],[-71.3971349395444,41.8249137101387],[-71.3971350071643,41.8249150814166],[-71.3971075062476,41.8249157788595],[-71.3970966837688,41.8249157691651],[-71.3970064521842,41.8248749569318],[-71.3969080270441,41.8248304386789],[-71.3966830555395,41.8248339954767],[-71.3966081954388,41.8248351777941],[-71.3965709066252,41.824828786027],[-71.3965479579473,41.8248086643778],[-71.3965528040408,41.824808668742],[-71.3965634636286,41.8248081624462],[-71.3965739467176,41.824806631404],[-71.3965840775237,41.8248041024672],[-71.3966061437407,41.8247921496131],[-71.3966260356269,41.8247782248548],[-71.3966340370746,41.8247719575876],[-71.3966431913298,41.8247666475178],[-71.3966532971884,41.8247624106081],[-71.3966641318129,41.8247593420936],[-71.3966754543571,41.8247575083827],[-71.3967229632238,41.8247537462702],[-71.3967353334791,41.8247523537615],[-71.3967472594603,41.8247495302123],[-71.3967584473516,41.8247453455852],[-71.3967686225442,41.8247399022724],[-71.3967775332466,41.8247333359991],[-71.3968154369268,41.8247031096343],[-71.396846225072,41.8246686560748],[-71.3968690704656,41.8246309010331],[-71.3968924333338,41.8246127081327],[-71.3968919039571,41.8245930451379],[-71.3968744800213,41.8245933077021],[-71.3968740188369,41.8245761594173],[-71.3968955691384,41.8245758357324],[-71.3968954646339,41.8245719488719],[-71.3970048965402,41.824570300382],[-71.3970023531629,41.8244756435824],[-71.3970261917113,41.8244752841105],[-71.3971151188197,41.8244741933503]]]},"properties":{"FID":476,"Layer":"C-GREENS","Shape_Leng":579.489214365,"Shape__Area":11441.816513061523,"Shape__Length":579.39016039889339,"GreenSpaceName":null}},{"type":"Feature","id":478,"geometry":{"type":"Polygon","coordinates":[[[-71.3996218964733,41.8261441237971],[-71.3997363575002,41.8261356903412],[-71.3998379691223,41.8261270015761],[-71.3998425971946,41.8261271640712],[-71.3998471256734,41.8261278963941],[-71.3998514306075,41.8261291777292],[-71.3998553940852,41.8261309737605],[-71.3998589054427,41.8261332339728],[-71.3998618708848,41.8261358970612],[-71.3998642074696,41.8261388891256],[-71.3998658515258,41.8261421290799],[-71.3998698582657,41.8261910984369],[-71.3998791692025,41.82628142681],[-71.3998869217017,41.8263552929161],[-71.3998880704756,41.8263627532298],[-71.3998938316257,41.8264206464772],[-71.3998937990048,41.8264214963692],[-71.3998935822371,41.826422330795],[-71.3998931849688,41.8264231272492],[-71.3998926192696,41.8264238650346],[-71.3998918996163,41.8264245234559],[-71.3998910452967,41.8264250845232],[-71.399890080408,41.8264255338521],[-71.399890254075,41.8264260949149],[-71.3998202636331,41.8264327117153],[-71.3998179481095,41.8264208369194],[-71.3997881880132,41.8264240836951],[-71.3997904211381,41.8264355325592],[-71.3997504441332,41.8264393115158],[-71.3996788649475,41.8264465642839],[-71.3996765936391,41.826434912808],[-71.3996468335292,41.826438159547],[-71.3996490606486,41.8264495840994],[-71.3996247907779,41.8264520433301],[-71.3994445400313,41.8264691767045],[-71.3994407277744,41.8264299680855],[-71.3994347776826,41.8263953835387],[-71.3994994338969,41.8263906233081],[-71.3994936821988,41.8263469266019],[-71.3994985506433,41.8263465680246],[-71.3994886675196,41.8262714647622],[-71.3994837990808,41.8262718233391],[-71.3994706790955,41.8261721397741],[-71.3994091519483,41.8261766677403],[-71.3994069850817,41.8261613888821],[-71.3996218964733,41.8261441237971]]]},"properties":{"FID":478,"Layer":"C-GREENS","Shape_Leng":521.84676881,"Shape__Area":12322.475303649902,"Shape__Length":521.8327911182,"GreenSpaceName":"RI Granite"}},{"type":"Feature","id":479,"geometry":{"type":"Polygon","coordinates":[[[-71.4364954757404,41.7964153310846],[-71.4365012214762,41.7964159419929],[-71.436506747522,41.7964172360225],[-71.4365114014299,41.7964172279085],[-71.4365160727724,41.7964178013082],[-71.4365205546605,41.7964189391188],[-71.4365247280106,41.796420610663],[-71.4365284785661,41.7964227708603],[-71.4365317065219,41.7964253611334],[-71.4365343241149,41.7964283121073],[-71.4365362592331,41.7964315445119],[-71.4365374626334,41.7964349700863],[-71.4365378995145,41.7964384969761],[-71.4365375591419,41.796442029739],[-71.4365390617553,41.7964494962237],[-71.4365356506396,41.7964557238215],[-71.4365310043259,41.7964614861591],[-71.4365252336389,41.796466648246],[-71.4365184746568,41.7964710886108],[-71.4365108863029,41.7964747011005],[-71.4365026479332,41.7964774011817],[-71.4364939545238,41.7964791259379],[-71.4364935380242,41.7964793309862],[-71.4364869253464,41.7964806004174],[-71.4364801186109,41.7964810027095],[-71.4364733211661,41.79648052537],[-71.4364667339275,41.7964791829155],[-71.4364605505658,41.7964770159686],[-71.4364549563071,41.7964740876559],[-71.4364501159005,41.7964704845018],[-71.4364461724164,41.7964663146268],[-71.4364432424424,41.7964616996419],[-71.4364426898585,41.7964608142978],[-71.4364416019999,41.7964573554736],[-71.4364410075927,41.7964525256981],[-71.4364414226565,41.7964476847766],[-71.4364428362451,41.7964429515484],[-71.4364452133545,41.7964384394376],[-71.4364484973277,41.7964342573544],[-71.4364526086542,41.796430507894],[-71.4364574485851,41.7964272810361],[-71.4364628979301,41.7964246541443],[-71.4364688254789,41.7964226928711],[-71.4364688822341,41.7964224840226],[-71.4364734340798,41.7964197900085],[-71.4364785063203,41.7964176806054],[-71.4364839677554,41.7964162115621],[-71.4364896739664,41.7964154215133],[-71.4364954757404,41.7964153310846]]]},"properties":{"FID":479,"Layer":"C-GREENS-2","Shape_Leng":79.826856783,"Shape__Area":491.88552856445313,"Shape__Length":79.74503413606331,"GreenSpaceName":null}},{"type":"Feature","id":480,"geometry":{"type":"Polygon","coordinates":[[[-71.4017396025089,41.8255888723828],[-71.4017374381649,41.8255731686088],[-71.4017361236832,41.8255629504305],[-71.4017367955288,41.8255628375624],[-71.4017374313897,41.8255626418323],[-71.4017380132033,41.8255623677264],[-71.4017385253088,41.8255620233344],[-71.4017389520415,41.8255616194469],[-71.401739280144,41.8255611668568],[-71.4017395011684,41.8255606799621],[-71.4017396078729,41.8255601713615],[-71.4017395990306,41.8255596563597],[-71.4017394722093,41.8255591511607],[-71.4017392334081,41.8255586683744],[-71.4017388874187,41.8255582233106],[-71.4017384462588,41.8255578285845],[-71.401737921949,41.8255574950104],[-71.4017373289174,41.8255572334046],[-71.4017366864125,41.8255570509864],[-71.4017360112792,41.8255569522719],[-71.4017353227716,41.8255569408788],[-71.4017351240174,41.8255554587498],[-71.4017351173417,41.8255551013093],[-71.4017351937153,41.8255547484415],[-71.4017353507143,41.8255544109484],[-71.4017355835087,41.8255540987297],[-71.4017358860661,41.8255538207836],[-71.4017362463344,41.8255535870035],[-71.4017366570829,41.8255534027852],[-71.4017371026537,41.8255532744178],[-71.4017375722066,41.8255532063937],[-71.4017427536225,41.8255527966696],[-71.4017428714659,41.8255536628971],[-71.4017488353906,41.8255531917185],[-71.4017554814126,41.825600232044],[-71.4017413144587,41.8256012949323],[-71.4017396025089,41.8255888723828]]]},"properties":{"FID":480,"Layer":"C-GREENS-2","Shape_Leng":43.6306462911,"Shape__Area":65.083381652832031,"Shape__Length":43.625093114405558,"GreenSpaceName":null}},{"type":"Feature","id":481,"geometry":{"type":"Polygon","coordinates":[[[-71.4017469737452,41.8255394788543],[-71.4017410086415,41.825539934726],[-71.4017411324374,41.8255408441749],[-71.4017364410135,41.8255412020984],[-71.4017358933089,41.8255412115336],[-71.4017353517205,41.8255411570499],[-71.4017348270805,41.825541039557],[-71.4017343338293,41.8255408617681],[-71.401733882792,41.8255406290947],[-71.4017334872026,41.8255403460496],[-71.4017331554748,41.8255400207433],[-71.4017328960234,41.8255396603855],[-71.4017327160583,41.8255392730855],[-71.4017326179692,41.8255388705498],[-71.4017299173995,41.8255188203774],[-71.4017280894302,41.825502767559],[-71.4017281295078,41.8255025353056],[-71.4017417455308,41.8255012162512],[-71.4017469737452,41.8255394788543]]]},"properties":{"FID":481,"Layer":"C-GREENS-2","Shape_Leng":35.8034915821,"Shape__Area":54.183792114257813,"Shape__Length":35.80191804595232,"GreenSpaceName":null}},{"type":"Feature","id":482,"geometry":{"type":"Polygon","coordinates":[[[-71.3986553425336,41.82487041281],[-71.3986540634525,41.8248632548812],[-71.3986041660206,41.8248680663805],[-71.3986029516405,41.8248603385932],[-71.3985999527484,41.8248606366596],[-71.3985977944151,41.8248484909724],[-71.398606288979,41.8248477025702],[-71.3986036015193,41.8248306603687],[-71.3986020726288,41.824830780565],[-71.3985996990843,41.8248169501522],[-71.3985960490084,41.8248172377399],[-71.39858268266,41.8248182856398],[-71.3985781162432,41.8248187785957],[-71.398576866104,41.8248100676055],[-71.3985882834512,41.824809151236],[-71.3985864429933,41.8247961829186],[-71.3985750063863,41.8247971010716],[-71.3985744694204,41.8247933605863],[-71.3985718233501,41.8247935734311],[-71.3985718424033,41.8247937039972],[-71.3985701257635,41.8247938069209],[-71.3985590304458,41.8247874551305],[-71.3985586913991,41.8247864410485],[-71.3985575453725,41.8247865066616],[-71.3985563517637,41.8247778254323],[-71.3985602763036,41.8247775236829],[-71.3985592885712,41.8247703399003],[-71.3985559393997,41.8247706421579],[-71.3985546038514,41.8247672376943],[-71.3985811016255,41.8247644934475],[-71.3985858578776,41.8247932058789],[-71.398642540753,41.8247874793273],[-71.3986571062105,41.8248702523048],[-71.3986553425336,41.82487041281]]]},"properties":{"FID":482,"Layer":"C-GREENS-2","Shape_Leng":139.232211914,"Shape__Area":476.79830932617188,"Shape__Length":139.2322118947184,"GreenSpaceName":null}},{"type":"Feature","id":483,"geometry":{"type":"Polygon","coordinates":[[[-71.4016734774194,41.8274488117771],[-71.4016807834191,41.8274902246353],[-71.4016072669341,41.8274971573249],[-71.4016042536335,41.827479278507],[-71.4015891378771,41.8273921937434],[-71.4015953260319,41.8273916174255],[-71.4015929201969,41.8273771676194],[-71.4015822866371,41.8273454926751],[-71.4015699586696,41.8272789389327],[-71.4015654124348,41.8272787306601],[-71.4015627604985,41.8272709251465],[-71.4016364755845,41.8272638377968],[-71.4016407843381,41.8272634831512],[-71.4016693220052,41.8274252553438],[-71.4016572827743,41.8274263857674],[-71.4016546999014,41.8274269273611],[-71.4016522754397,41.8274277851094],[-71.4016500780385,41.8274289356624],[-71.4016481703425,41.8274303466615],[-71.4016466077874,41.8274319767384],[-71.4016454325747,41.8274337800122],[-71.4016446796903,41.8274357060937],[-71.4016443696849,41.8274376982792],[-71.4016445122724,41.8274397016562],[-71.4016451027261,41.8274416585991],[-71.4016461242777,41.8274435141727],[-71.4016475481199,41.8274452143321],[-71.4016493333983,41.8274467113242],[-71.4016514308238,41.8274479627909],[-71.4016537778568,41.8274489326651],[-71.4016563107398,41.827449593882],[-71.401658956073,41.8274499274715],[-71.4016616380354,41.8274499234651],[-71.4016734774194,41.8274488117771]]]},"properties":{"FID":483,"Layer":"C-GREENS-2","Shape_Leng":222.182922908,"Shape__Area":1594.7452011108398,"Shape__Length":222.1673145350849,"GreenSpaceName":null}},{"type":"Feature","id":484,"geometry":{"type":"Polygon","coordinates":[[[-71.4024636703744,41.8293589679514],[-71.4024748812809,41.8293581455567],[-71.4024989825639,41.8293563761422],[-71.4025390345846,41.8293534363112],[-71.4025864013813,41.8293509114236],[-71.4026305410019,41.8293474744385],[-71.4026867605164,41.8293433048909],[-71.4026975674842,41.8293429214978],[-71.4027150003409,41.8293439626497],[-71.4027320003793,41.8293470300955],[-71.4027481499994,41.8293520496541],[-71.4027630509377,41.8293588967421],[-71.4027763362954,41.8293674026858],[-71.4027876789594,41.8293773583305],[-71.4027967988179,41.8293885185473],[-71.4028034735855,41.8294006085454],[-71.4028075363854,41.8294133301719],[-71.4028088889784,41.8294263709261],[-71.4028073829907,41.8294399332589],[-71.4028029463282,41.829453132076],[-71.4027956974941,41.8294656145444],[-71.4027858295958,41.829477048602],[-71.4027736043171,41.8294871283543],[-71.402759350695,41.8294955875787],[-71.4027434458615,41.8295021979078],[-71.4027263138149,41.829506785034],[-71.4027084133865,41.8295092259991],[-71.4026386936217,41.8295147274212],[-71.402546846756,41.8295211787958],[-71.4024812068177,41.8295257481312],[-71.4024717725228,41.8295258778735],[-71.4024624277937,41.829524894872],[-71.402453407331,41.8295228245357],[-71.4024449349646,41.8295197165733],[-71.4024372224411,41.8295156503946],[-71.4024304622151,41.8295107261009],[-71.4024248226281,41.829505068082],[-71.402420445515,41.8294988160113],[-71.40241743898,41.8294921257393],[-71.4024158774017,41.8294851656926],[-71.4024094195019,41.8294642768434],[-71.4024066711653,41.8294429346736],[-71.4024076787767,41.8294215074614],[-71.4024124273277,41.8294003634328],[-71.4024164790264,41.8293910150536],[-71.4024226267143,41.8293823293035],[-71.402430685815,41.8293745671238],[-71.4024404140148,41.8293679605956],[-71.4024515196958,41.8293627084459],[-71.4024636703744,41.8293589679514]]]},"properties":{"FID":484,"Layer":"C-GREENS-2","Shape_Leng":297.165980789,"Shape__Area":6075.7685165405273,"Shape__Length":296.98993576787467,"GreenSpaceName":null}},{"type":"Feature","id":485,"geometry":{"type":"Polygon","coordinates":[[[-71.4007377762875,41.8304236699855],[-71.4007349470475,41.8304238611135],[-71.4007336122721,41.830412792995],[-71.4007364379433,41.8304125739534],[-71.4007377762875,41.8304236699855]]]},"properties":{"FID":485,"Layer":"C-GREENS-2","Shape_Leng":9.65785480633,"Shape__Area":3.1391143798828125,"Shape__Length":9.6578548016440191,"GreenSpaceName":null}},{"type":"Feature","id":486,"geometry":{"type":"Polygon","coordinates":[[[-71.3978566709972,41.8309012894916],[-71.3978115172306,41.8307407333347],[-71.3978042967056,41.8306976285939],[-71.3978066602052,41.8306542226625],[-71.3978185444331,41.8306116994292],[-71.3978396249053,41.8305712191391],[-71.3978693256347,41.8305338859909],[-71.3979068384415,41.8305007184432],[-71.3979511374438,41.8304726213179],[-71.3980010164167,41.8304503606248],[-71.3980551141031,41.8304345437777],[-71.3981119551702,41.8304256016248],[-71.3981699887454,41.8304237785796],[-71.3982276317635,41.8304291245572],[-71.3982833123023,41.830441494112],[-71.3983355105059,41.830460549175],[-71.3983828043091,41.8304857698977],[-71.3984239019177,41.8305164681853],[-71.3984576839093,41.8305518075403],[-71.3984832272784,41.8305908228907],[-71.3984998366874,41.8306324512276],[-71.3985468296502,41.8307995316961],[-71.3985525264591,41.8308381864701],[-71.3985505402042,41.8308770469383],[-71.3985409143458,41.8309152641193],[-71.3985238596552,41.8309520017826],[-71.3984997493684,41.8309864571526],[-71.3984691095311,41.8310178771064],[-71.3984326093434,41.8310455743716],[-71.398391049095,41.831068944623],[-71.3983453348699,41.8310874763643],[-71.3983368043571,41.8310572030281],[-71.3981898908775,41.8310804493061],[-71.3981983973833,41.8311106370995],[-71.3981455633441,41.831107360749],[-71.3980939870333,41.8310981810686],[-71.3980448430584,41.8310833079812],[-71.397999245632,41.8310630783054],[-71.3979582329244,41.831037953041],[-71.3979227357875,41.8310085029343],[-71.3978935609206,41.8309753958585],[-71.3978713704239,41.83093938509],[-71.3978566709972,41.8309012894916]]]},"properties":{"FID":486,"Layer":"C-GREENS-2","Shape_Leng":744.381074972,"Shape__Area":39725.752906799316,"Shape__Length":743.79827604176876,"GreenSpaceName":"Ittleson Quadrangle"}},{"type":"Feature","id":487,"geometry":{"type":"Polygon","coordinates":[[[-71.4018580099429,41.8282125833148],[-71.4017292833927,41.8282248826381],[-71.4017048289169,41.8280816492603],[-71.4017075305541,41.8280813913741],[-71.4017075520277,41.8280815183403],[-71.4018331673124,41.8280695206968],[-71.4018580099429,41.8282125833148]]]},"properties":{"FID":487,"Layer":"C-GREENS-2","Shape_Leng":175.860384964,"Shape__Area":1856.4527435302734,"Shape__Length":175.86038496015431,"GreenSpaceName":null}},{"type":"Feature","id":488,"geometry":{"type":"Polygon","coordinates":[[[-71.4097586948108,41.8193498186405],[-71.4097618932935,41.8193511626605],[-71.4097615423931,41.819351627861],[-71.4097596890927,41.8193540276135],[-71.4097577792571,41.8193564030125],[-71.4097558140913,41.8193587531583],[-71.4097537960037,41.8193610771527],[-71.4097517225884,41.8193633740934],[-71.4097495962525,41.8193656439822],[-71.4097474169974,41.8193678859189],[-71.4095975924251,41.8192861126191],[-71.4095915820378,41.819284986965],[-71.4095853984975,41.8192837441299],[-71.4095792439565,41.819282421187],[-71.4095731220256,41.8192810181392],[-71.4095670327047,41.8192795349864],[-71.4095609796035,41.8192779726318],[-71.4095549639243,41.8192763319767],[-71.4095489880755,41.8192746121227],[-71.4095430520534,41.8192728157708],[-71.4095371594714,41.8192709411231],[-71.4095313115305,41.8192689899814],[-71.4095255106365,41.8192669632478],[-71.4095197567897,41.8192648609223],[-71.4095140536008,41.8192626830079],[-71.4095084010659,41.8192604322055],[-71.4095028027971,41.8192581076176],[-71.4094972599969,41.8192557101455],[-71.4094917726651,41.8192532397893],[-71.4094863444089,41.8192506992528],[-71.4094809764317,41.819248088537],[-71.4094756711421,41.8192454067435],[-71.4094704273315,41.8192426574725],[-71.4094652498154,41.8192398398277],[-71.4094601385926,41.8192369547094],[-71.4094550948655,41.8192340030188],[-71.4094501210387,41.8192309865586],[-71.4094452183158,41.8192279053297],[-71.4094403891027,41.8192247602343],[-71.4094356333969,41.8192215530732],[-71.4094309524008,41.8192182847477],[-71.4094263497251,41.8192149552605],[-71.4094218253685,41.8192115655121],[-71.4094173793273,41.8192081182034],[-71.4094130152122,41.8192046133374],[-71.4094087342256,41.8192010518153],[-71.4094045363661,41.8191974345375],[-71.4094004240385,41.8191937633066],[-71.4093963972414,41.8191900390228],[-71.4093924583808,41.8191862625885],[-71.4093886074541,41.8191824358044],[-71.4093848468685,41.8191785586723],[-71.4093811778251,41.8191746329939],[-71.4093776003213,41.8191706605699],[-71.4093741167643,41.8191666414022],[-71.4095743558197,41.819133780105],[-71.4095822384295,41.8191310231642],[-71.4095923738697,41.8191276224516],[-71.4096025873564,41.8191243541497],[-71.4096128752774,41.8191212191558],[-71.4096232352231,41.8191182192687],[-71.409633662378,41.819115355385],[-71.4096441555372,41.8191126284041],[-71.40965471109,41.819110038323],[-71.4096653242208,41.8191075860384],[-71.4096762035446,41.819122979614],[-71.4096776101904,41.8191223765914],[-71.4096813061891,41.8191208345129],[-71.4096850394319,41.8191193401815],[-71.409688805102,41.8191178953943],[-71.4096926044029,41.8191165001521],[-71.4096964361299,41.8191151553543],[-71.4097002990818,41.8191138591994],[-71.4097041908464,41.8191126152867],[-71.4097081114276,41.8191114209153],[-71.409712059618,41.8191102787852],[-71.4097160330115,41.8191091879942],[-71.4097200316071,41.8191081494426],[-71.409724054201,41.8191071631295],[-71.4097280983849,41.8191062299533],[-71.40973216416,41.8191053490137],[-71.4097362503203,41.8191045221104],[-71.4097403544597,41.8191037483412],[-71.4097412197105,41.8191064149297],[-71.4097442450931,41.8191058807037],[-71.4097483165889,41.8191052113481],[-71.409752403658,41.8191045942243],[-71.4097565038907,41.8191040311312],[-71.4097606160834,41.8191035220677],[-71.4097647402374,41.8191030661336],[-71.4097688739442,41.8191026642273],[-71.409773017204,41.8191023163488],[-71.4097771676082,41.8191020233965],[-71.4097813239557,41.8191017835688],[-71.4097827824873,41.8191045163478],[-71.4097844640874,41.8191078192176],[-71.4097860674251,41.8191111427337],[-71.409787593704,41.8191144868971],[-71.4097890417216,41.8191178508066],[-71.409790410277,41.8191212326604],[-71.4097917005737,41.8191246324596],[-71.4097929114106,41.8191280484024],[-71.4097940415866,41.8191314786874],[-71.4097950923042,41.8191349242158],[-71.4097986965935,41.8191344066491],[-71.4097990750807,41.8191357241446],[-71.4098000365772,41.8191392803448],[-71.4098009150095,41.8191428481841],[-71.4098017103787,41.8191464267624],[-71.4098024226849,41.8191500160794],[-71.4098030507282,41.8191536134334],[-71.4097983342868,41.8191541517351],[-71.4097923900823,41.8191547583988],[-71.4097929134252,41.8191557734937],[-71.4097945505183,41.8191590592219],[-71.4097961105524,41.8191623655973],[-71.4097975935276,41.8191656926201],[-71.4097989982441,41.8191690375882],[-71.4098003259054,41.8191724005027],[-71.4098015741056,41.8191757804611],[-71.409802742846,41.8191791765633],[-71.4098038321291,41.8191825870086],[-71.4098048419561,41.8191860108966],[-71.409805772327,41.8191894482272],[-71.409806622042,41.8191928962986],[-71.4098073910998,41.8191963560112],[-71.4098080795043,41.8191998246638],[-71.409808686053,41.8192033013551],[-71.4098092119495,41.8192067860863],[-71.409809655994,41.8192102761552],[-71.4098100193889,41.8192137724632],[-71.4098103009331,41.8192172732086],[-71.409810500629,41.8192207765907],[-71.4098106184779,41.8192242817093],[-71.4098106544799,41.8192277885643],[-71.4098106086386,41.8192312944547],[-71.4098104821564,41.8192348002818],[-71.40981027263,41.8192383033427],[-71.409809981264,41.8192418027379],[-71.4098096092622,41.8192452984685],[-71.4098091542198,41.8192487887319],[-71.4098086197489,41.8192522726304],[-71.4098080022412,41.8192557483608],[-71.4098073053075,41.8192592159256],[-71.409806526543,41.8192626735225],[-71.4098056671514,41.8192661211524],[-71.4098047283401,41.8192695561151],[-71.409815490902,41.8192712761124],[-71.4098149889944,41.8192729971696],[-71.4098138887311,41.8192765535516],[-71.4098127042374,41.8192800945617],[-71.4098114379205,41.8192836202017],[-71.4098100897828,41.819287128671],[-71.409808659827,41.8192906181689],[-71.4098071480518,41.8192940895957],[-71.4098106264291,41.8192949620557],[-71.4098095132985,41.8192973948024],[-71.4098078438393,41.8193008751089],[-71.4098060937693,41.8193043337438],[-71.409804263091,41.8193077689066],[-71.4098023518056,41.8193111796968],[-71.4098003623216,41.8193145652161],[-71.4097982934366,41.8193179245631],[-71.4097950387753,41.8193180183438],[-71.4097904625808,41.8193180993824],[-71.4097858840626,41.8193181209964],[-71.4097813068326,41.8193180822884],[-71.4097767320933,41.8193179841597],[-71.4097759675853,41.8193198580684],[-71.4097748518208,41.8193224510734],[-71.4097736771003,41.8193250296266],[-71.4097724422225,41.8193275919264],[-71.4097711471875,41.8193301379728],[-71.4097697932014,41.8193326659661],[-71.409768380263,41.8193351768065],[-71.4097669095783,41.8193376686945],[-71.4097653811486,41.8193401407296],[-71.4097637937703,41.8193425929108],[-71.4097621510568,41.8193450234404],[-71.4097604506008,41.8193474323165],[-71.4097586948108,41.8193498186405]]]},"properties":{"FID":488,"Layer":"C-GREENS-2","Shape_Leng":361.773730851,"Shape__Area":6555.8691635131836,"Shape__Length":361.77373086675033,"GreenSpaceName":null}},{"type":"Feature","id":489,"geometry":{"type":"Polygon","coordinates":[[[-71.4030104839673,41.8295984430403],[-71.4030042363566,41.8295633119401],[-71.4030093893778,41.8295627823901],[-71.4030094227931,41.8295629750909],[-71.4030182905689,41.8295609442106],[-71.4030265749443,41.8295578252276],[-71.4030340386368,41.8295537079756],[-71.4030404696027,41.82954870932],[-71.4030456822442,41.8295429713577],[-71.4030495282453,41.8295366596261],[-71.4030591710724,41.8295411343459],[-71.4032141209693,41.8296215293254],[-71.4032067204168,41.8296380749213],[-71.4032099757621,41.8296378804901],[-71.4032104973623,41.8296424375451],[-71.4032044043865,41.8296428267595],[-71.4032043033962,41.8296419425416],[-71.4031497685117,41.829644813673],[-71.4031498813885,41.8296457978387],[-71.4031437884107,41.8296461879502],[-71.4031436862269,41.8296452974288],[-71.4030891525407,41.8296481685325],[-71.4030892654084,41.8296491581002],[-71.4030831724299,41.8296495482085],[-71.4030830512389,41.829648490208],[-71.4030329430377,41.8296511282296],[-71.4030330692183,41.8296520700907],[-71.4030269845652,41.8296525268281],[-71.4030263738879,41.8296479759994],[-71.4030277391422,41.829647873613],[-71.4030216325024,41.8296022797938],[-71.4030204153382,41.8296023669995],[-71.4030198347607,41.8295978134951],[-71.4030104839673,41.8295984430403]]]},"properties":{"FID":489,"Layer":"C-GREENS-2","Shape_Leng":168.547698189,"Shape__Area":1403.5058212280273,"Shape__Length":168.52954779392519,"GreenSpaceName":null}},{"type":"Feature","id":490,"geometry":{"type":"Polygon","coordinates":[[[-71.3999872496131,41.8251018609287],[-71.399809293827,41.8251194956666],[-71.3996293594878,41.8251383906762],[-71.3996200545377,41.8250861736487],[-71.3996183619088,41.8250801479969],[-71.3996154868403,41.8250743788088],[-71.3996114929277,41.8250689948886],[-71.3996346267766,41.8250552336038],[-71.3996321880927,41.8250390325615],[-71.3996309975361,41.8250306133453],[-71.399629748212,41.8250228279168],[-71.3996749247797,41.8250187726362],[-71.3996582157594,41.8249141736828],[-71.3996594762061,41.8248932490884],[-71.3998160866528,41.8248783825193],[-71.3998320630229,41.8248763040622],[-71.3999151166012,41.8248682382836],[-71.3999149797726,41.824870304444],[-71.3999370464202,41.8249983960899],[-71.3999663544237,41.8249951722898],[-71.399986691333,41.8250986129175],[-71.3999872496131,41.8251018609287]]]},"properties":{"FID":490,"Layer":"C-GREENS","Shape_Leng":368.204670261,"Shape__Area":7243.6304779052734,"Shape__Length":368.19839078476997,"GreenSpaceName":"Benev Street Park"}},{"type":"Feature","id":491,"geometry":{"type":"Polygon","coordinates":[[[-71.3930983927769,41.8419604124182],[-71.3927376238846,41.8419779693913],[-71.3926939267632,41.8414451037167],[-71.3927630115476,41.84138180161],[-71.3930993897733,41.8413613884969],[-71.3930983927769,41.8419604124182]]]},"properties":{"FID":491,"Layer":"C-GREENS","Shape_Leng":633.075792693,"Shape__Area":22624.093803405762,"Shape__Length":633.07579269789562,"GreenSpaceName":null}},{"type":"Feature","id":492,"geometry":{"type":"Polygon","coordinates":[[[-71.4034173443094,41.8252441650814],[-71.4034004719487,41.8250591554],[-71.4032090620633,41.8250688809087],[-71.4032058060904,41.8250320830827],[-71.403160055756,41.825034416018],[-71.4031521784134,41.8248349202072],[-71.4032280333953,41.8248332446783],[-71.4032279731411,41.8248732602265],[-71.4034177520006,41.8248711609927],[-71.4034866624119,41.8248657763567],[-71.4034916600917,41.824915535129],[-71.4035000904814,41.8250111618894],[-71.4034603277394,41.8250140707896],[-71.4034827293075,41.8252404827274],[-71.4034173443094,41.8252441650814]]]},"properties":{"FID":492,"Layer":"C-GREENS","Shape_Leng":489.009606533,"Shape__Area":7570.8865661621094,"Shape__Length":489.0096065442055,"GreenSpaceName":null}},{"type":"Feature","id":493,"geometry":{"type":"Polygon","coordinates":[[[-71.4031521784134,41.8248349202072],[-71.403160055756,41.825034416018],[-71.4031143054184,41.8250367489352],[-71.4031114134851,41.8250084254106],[-71.4028066577782,41.8250254796935],[-71.402800950117,41.8248414274209],[-71.4029514111444,41.8248393551045],[-71.4031521784134,41.8248349202072]]]},"properties":{"FID":493,"Layer":"C-GREENS","Shape_Leng":341.723572177,"Shape__Area":6327.4482650756836,"Shape__Length":341.72357217639546,"GreenSpaceName":"Alumni Walk"}},{"type":"Feature","id":494,"geometry":{"type":"Polygon","coordinates":[[[-71.4023186910678,41.8295593772628],[-71.402631241912,41.8295339613492],[-71.4026363314538,41.8295689708428],[-71.4026647866764,41.8298121278926],[-71.4026862278825,41.8299827485811],[-71.4026262000689,41.8299870013322],[-71.4026026933866,41.8299886668379],[-71.402319388851,41.8300078546911],[-71.4022933682651,41.830009754785],[-71.4022818306303,41.8299213812078],[-71.4022800915856,41.8299210907197],[-71.4022766978222,41.8299204702],[-71.4022733053667,41.8299197812557],[-71.4022699130154,41.8299190238856],[-71.4022665193562,41.82991833494],[-71.4022632184935,41.8299175776475],[-71.4022598259342,41.8299169571284],[-71.4022564324848,41.8299161304308],[-71.4022530399243,41.8299155108119],[-71.4022496462656,41.8299148218658],[-71.402246345195,41.8299142014241],[-71.4022295636507,41.8299114429089],[-71.4021823281327,41.8299081092555],[-71.4021696792595,41.829901375653],[-71.4021569512295,41.8298865452336],[-71.4021502821011,41.8298684274346],[-71.4023103686742,41.8298566954214],[-71.4023013918769,41.8297878757821],[-71.4022720354629,41.8297899089852],[-71.402260874986,41.8297187475033],[-71.4022872812326,41.829717268203],[-71.4022764003259,41.8296340397163],[-71.4022647054012,41.829564452471],[-71.4023186910678,41.8295593772628]]]},"properties":{"FID":494,"Layer":"C-GREENS","Shape_Leng":616.182883843,"Shape__Area":17425.321327209473,"Shape__Length":616.18288383593415,"GreenSpaceName":null}},{"type":"Feature","id":495,"geometry":{"type":"Polygon","coordinates":[[[-71.4028797418516,41.8295137538311],[-71.4023186910678,41.8295593772628],[-71.402290951145,41.8293415301554],[-71.4026445901535,41.8293166434326],[-71.4026457323576,41.829324713239],[-71.4027343139501,41.8293184705999],[-71.4028501046151,41.8293098875174],[-71.4028797418516,41.8295137538311]]]},"properties":{"FID":495,"Layer":"C-GREENS","Shape_Leng":464.007063008,"Shape__Area":11889.999961853027,"Shape__Length":464.00706301710824,"GreenSpaceName":null}},{"type":"Feature","id":496,"geometry":{"type":"Polygon","coordinates":[[[-71.4029978773557,41.829443285981],[-71.4033481404577,41.8294101102227],[-71.4033892860172,41.8296286156922],[-71.4030324585406,41.829647519262],[-71.4029978773557,41.829443285981]]]},"properties":{"FID":496,"Layer":"C-GREENS","Shape_Leng":349.14436896,"Shape__Area":7519.5502014160156,"Shape__Length":349.1443689615121,"GreenSpaceName":null}},{"type":"Feature","id":497,"geometry":{"type":"Polygon","coordinates":[[[-71.4024856055645,41.8280010627038],[-71.4026871510149,41.8279829351249],[-71.4026930528482,41.8280196379513],[-71.4027251419573,41.8280169578093],[-71.4027330993463,41.8280675068902],[-71.4027222127677,41.8280800673073],[-71.4027162306325,41.8281003684918],[-71.4027260391848,41.8281248264098],[-71.402741802127,41.8281385699298],[-71.4028111578028,41.828132440599],[-71.4028225167706,41.8281951552328],[-71.4029973124388,41.8281787871494],[-71.4031244592618,41.8281665237873],[-71.4031428372709,41.8282742441613],[-71.4028654206688,41.8283007220771],[-71.4028472219087,41.8283024587468],[-71.4027632064132,41.8283126776361],[-71.4025400092116,41.8283322500304],[-71.4025232011547,41.8282250251797],[-71.4025128056348,41.8281637986946],[-71.4025145645817,41.8281636354253],[-71.4025288658076,41.8281498075469],[-71.4025260283403,41.8281324781113],[-71.4025073701999,41.8281220372497],[-71.4025056232878,41.8281222032302],[-71.4024952159711,41.8280608398808],[-71.4024856055645,41.8280010627038]]]},"properties":{"FID":497,"Layer":"C-GREENS","Shape_Leng":581.725442071,"Shape__Area":11954.636360168457,"Shape__Length":581.7254420786611,"GreenSpaceName":null}},{"type":"Feature","id":498,"geometry":{"type":"Polygon","coordinates":[[[-71.401877294864,41.8300702612361],[-71.4018810487285,41.8300699880385],[-71.4019063352999,41.8300702788362],[-71.4019302707556,41.830076387365],[-71.4021168347797,41.8301472852177],[-71.4021304752883,41.8302324860047],[-71.4021004931447,41.8302737247871],[-71.4021070932718,41.8303308308029],[-71.4021223045134,41.8304541352665],[-71.4019253644507,41.8304673274184],[-71.401877294864,41.8300702612361]]]},"properties":{"FID":498,"Layer":"C-GREENS","Shape_Leng":385.401958504,"Shape__Area":7551.1883773803711,"Shape__Length":385.40195849995905,"GreenSpaceName":"John R. Workman Garden"}},{"type":"Feature","id":499,"geometry":{"type":"Polygon","coordinates":[[[-71.4055318339098,41.8298224967008],[-71.4053810124876,41.8298399030677],[-71.405338430635,41.8296666697797],[-71.4053412200643,41.8296542474005],[-71.4053509284756,41.8296470076716],[-71.4053634015889,41.8296449471686],[-71.4057590662327,41.8296162320233],[-71.4057823955546,41.8298059831922],[-71.4057282277537,41.8298097084698],[-71.4055318339098,41.8298224967008]]]},"properties":{"FID":499,"Layer":"C-GREENS","Shape_Leng":363.915363069,"Shape__Area":7862.4912261962891,"Shape__Length":363.91536307556038,"GreenSpaceName":null}},{"type":"Feature","id":500,"geometry":{"type":"Polygon","coordinates":[[[-71.4060419855533,41.8298199133806],[-71.4065087652447,41.8297878091034],[-71.4065262499145,41.8299271372792],[-71.4062201652101,41.8299486237832],[-71.4060578649251,41.8299589900194],[-71.4060419855533,41.8298199133806]]]},"properties":{"FID":500,"Layer":"C-GREENS","Shape_Leng":357.793256944,"Shape__Area":6532.7835388183594,"Shape__Length":357.79325693826831,"GreenSpaceName":null}},{"type":"Feature","id":501,"geometry":{"type":"MultiPolygon","coordinates":[[[[-71.4029381577194,41.8261109235881],[-71.4029382823941,41.8261113474338],[-71.4029386881337,41.8261120887561],[-71.4029392564712,41.826112767192],[-71.4029399705844,41.8261133629198],[-71.4029408100359,41.8261138588158],[-71.4029417507715,41.8261142413546],[-71.4029427639209,41.8261144979071],[-71.4029438218094,41.826114621247],[-71.4029448919418,41.8261146077458],[-71.4029491004274,41.8261144348349],[-71.4029533022718,41.8261146742737],[-71.4029574276629,41.8261153233023],[-71.4029614031928,41.8261163692539],[-71.4029681003415,41.826119012906],[-71.4029742017745,41.8261223691234],[-71.4029795715838,41.8261263630632],[-71.4029840919363,41.8261309072932],[-71.4029876630723,41.8261359026918],[-71.4029896268942,41.8261387314164],[-71.4029911348535,41.8261421260695],[-71.402992589603,41.8261456836391],[-71.4029968168882,41.8261856901939],[-71.4029970863279,41.8261898067737],[-71.4029971715977,41.826193923198],[-71.4029973495544,41.8261980397005],[-71.4029975263074,41.826202156202],[-71.4029976115772,41.8262062726262],[-71.4029977895339,41.8262103891287],[-71.4029980577701,41.8262145057075],[-71.4029983272101,41.8262186222872],[-71.4029987796164,41.8262227390215],[-71.4029992321261,41.82622678733],[-71.4029999590854,41.8262308358703],[-71.4030004143919,41.8262330312825],[-71.403000559541,41.8262341613311],[-71.4030005235159,41.8262349013798],[-71.4030002682791,41.8262365271774],[-71.402999843355,41.8262381276222],[-71.4029992535379,41.8262397162234],[-71.4029986546618,41.8262409266743],[-71.4029977296611,41.8262428778292],[-71.4029970689967,41.8262443520274],[-71.4029964592122,41.8262456119878],[-71.4029954461427,41.8262468959168],[-71.4029943310974,41.8262479537744],[-71.4029931042184,41.8262489368094],[-71.4029905540642,41.8262509676225],[-71.4029891812038,41.8262521693167],[-71.4029873179334,41.8262536974199],[-71.4029857553974,41.8262553563263],[-71.4029826879015,41.8262588083383],[-71.4029811234833,41.8262609165125],[-71.4029791218511,41.8262631971826],[-71.4029744643627,41.8262689527205],[-71.4029689805436,41.826275884304],[-71.40296612864,41.8262816440678],[-71.4029641949072,41.8262867878746],[-71.4029638509875,41.826289747],[-71.4029381577194,41.8261109235881]]],[[[-71.4029381042413,41.8261105513832],[-71.4029381577194,41.8261109235881],[-71.4029380524594,41.8261105657448],[-71.4029381042413,41.8261105513832]]]]},"properties":{"FID":501,"Layer":"C-GREENS","Shape_Leng":142.384139205,"Shape__Area":654.89715576171875,"Shape__Length":142.36817278228304,"GreenSpaceName":null}},{"type":"Feature","id":502,"geometry":{"type":"Polygon","coordinates":[[[-71.4035151509839,41.8253977821943],[-71.4035221159809,41.8254689319816],[-71.4035290809933,41.8255400817676],[-71.4035290284991,41.8255461842254],[-71.4035276857482,41.8255522027684],[-71.4035250854679,41.825557986167],[-71.4035212940795,41.8255633895221],[-71.4035164056793,41.8255682751608],[-71.4035105456374,41.825572520742],[-71.4034850959686,41.8255882273948],[-71.4034699747749,41.8255987234529],[-71.4034022977815,41.8256398814083],[-71.4033223902471,41.8256886963228],[-71.4032215413078,41.8257496292175],[-71.4032182914972,41.8257510751259],[-71.403214785875,41.8257521354734],[-71.403211105127,41.8257527860187],[-71.4032073359452,41.8257530106287],[-71.4032035638018,41.8257528039734],[-71.4031998777625,41.8257521724303],[-71.4031963632709,41.8257511295765],[-71.4028716397175,41.8255997775867],[-71.4028462907256,41.8255877933382],[-71.4028443111054,41.8255866716414],[-71.4028426135095,41.8255853151945],[-71.4028412448204,41.8255837654528],[-71.4028402459015,41.8255820638664],[-71.4028396443608,41.825580261778],[-71.4028036629057,41.8254282396057],[-71.4028035648564,41.8254278064594],[-71.4028034656033,41.8254273733121],[-71.402802303984,41.8254273975387],[-71.4028016965268,41.8254207543189],[-71.4028029665331,41.8254206950707],[-71.4028028617395,41.8254199458995],[-71.4028117534368,41.8254192340514],[-71.4028275754262,41.8254181787334],[-71.403418843864,41.825383710885],[-71.4034276606273,41.8253831933995],[-71.4034972619596,41.8253805850857],[-71.4034985006653,41.8253805276043],[-71.4034984271628,41.8253797766592],[-71.4035073188456,41.8253790656576],[-71.4035074451371,41.8253799327907],[-71.4035084214908,41.8253798372745],[-71.4035093238486,41.8253865347587],[-71.4035081837578,41.8253866517456],[-71.4035081872384,41.8253875403837],[-71.4035073626224,41.8253875892097],[-71.4035081918083,41.8253981256807],[-71.4035151509839,41.8253977821943]]]},"properties":{"FID":502,"Layer":"C-GREENS","Shape_Leng":552.720342021,"Shape__Area":18531.3438873291,"Shape__Length":552.695167510686,"GreenSpaceName":null}},{"type":"Feature","id":503,"geometry":{"type":"Polygon","coordinates":[[[-71.4035536759347,41.8258789344202],[-71.403552892245,41.8258813853868],[-71.4035514182535,41.8258850179197],[-71.4035487299232,41.8258893084815],[-71.4035452476346,41.8258932670517],[-71.4035407769013,41.8258965495371],[-71.4035356293935,41.8258992183227],[-71.4035299508763,41.825901197002],[-71.4035239075497,41.8259024280929],[-71.4035176715972,41.8259028775269],[-71.4035114248037,41.8259025301509],[-71.4035053465062,41.8259013978201],[-71.4034426131147,41.8259111705114],[-71.4034206577132,41.8259140529484],[-71.4033274833774,41.8259206208804],[-71.4032461859217,41.8259321362031],[-71.4031486392574,41.8259541222234],[-71.4030529844007,41.825980348556],[-71.4029595500843,41.8260107272499],[-71.4029550078011,41.826011944273],[-71.4029502557596,41.8260125695957],[-71.4029454300064,41.8260125862264],[-71.4029406039905,41.8260119798216],[-71.4029396593623,41.8260117845502],[-71.4029387244007,41.8260115649777],[-71.4029378003093,41.8260113211052],[-71.4029368882945,41.826011051133],[-71.4029367757962,41.8260110181756],[-71.4029359883429,41.8260107640646],[-71.4029351016729,41.8260104499972],[-71.4029342318878,41.826010114336],[-71.4029333765813,41.8260097561784],[-71.4029328172299,41.8260095045111],[-71.4029327739285,41.8260094828663],[-71.4029325381609,41.8260093755267],[-71.4029317190313,41.8260089741834],[-71.4029309179889,41.8260085521476],[-71.4029301362373,41.8260081094203],[-71.4029293761826,41.8260076469039],[-71.4029292114332,41.8260075405246],[-71.4029291825738,41.8260075206927],[-71.4029286378235,41.8260071654986],[-71.4029279223651,41.8260066643052],[-71.4029272298032,41.8260061460248],[-71.4029265625467,41.8260056097589],[-71.402926061242,41.8260051807736],[-71.4029260372029,41.8260051573445],[-71.4029234424064,41.8260024811432],[-71.4029234075692,41.8260024342961],[-71.4029231059981,41.8260020613007],[-71.402922728791,41.8260015567918],[-71.4029226278824,41.8260014216556],[-71.4029221798788,41.8260007694312],[-71.4029217619845,41.8260001064281],[-71.4029214174181,41.8259995092118],[-71.4029213790146,41.8259994326505],[-71.4029200403356,41.8259963370522],[-71.4029200295687,41.8259962929264],[-71.4029199169534,41.8259959389978],[-71.4029197230344,41.8259952212633],[-71.4029196118431,41.8259947214809],[-71.4029195628278,41.8259944981552],[-71.4029194351272,41.8259937714733],[-71.4029193411348,41.8259930421189],[-71.402918477231,41.8259880165938],[-71.4029087607887,41.8259314400479],[-71.4028600339945,41.8256766891869],[-71.4028491944761,41.8256249609124],[-71.4028396443608,41.825580261778],[-71.4028402459015,41.8255820638663],[-71.4028412448204,41.8255837654527],[-71.4028426135095,41.8255853151945],[-71.4028443111054,41.8255866716414],[-71.4028462907256,41.8255877933381],[-71.4028716397175,41.8255997775867],[-71.4031963632709,41.8257511295764],[-71.4031998777625,41.8257521724303],[-71.4032035638019,41.8257528039734],[-71.4032073359452,41.8257530106286],[-71.403211105127,41.8257527860186],[-71.403214785875,41.8257521354733],[-71.4032182914972,41.8257510751259],[-71.4032215413078,41.8257496292175],[-71.4033223902471,41.8256886963228],[-71.4034022977815,41.8256398814083],[-71.4034699747749,41.8255987234529],[-71.4034850959687,41.8255882273947],[-71.4035105456374,41.8255725207419],[-71.4035160416752,41.8255685962763],[-71.4035207007751,41.8255641065944],[-71.4035244228775,41.8255591524506],[-71.4035271259691,41.8255538409164],[-71.4035287496889,41.8255482889853],[-71.4035292589468,41.8255426181737],[-71.4035344579576,41.8256170860275],[-71.4035383380581,41.8256640528],[-71.4035415846038,41.8257112891418],[-71.4035456856614,41.8257658324564],[-71.4035487519656,41.8258072506516],[-71.4035542583152,41.8258710605393],[-71.4035542824806,41.8258750103493],[-71.4035536759347,41.8258789344202]]]},"properties":{"FID":503,"Layer":"C-GREENS","Shape_Leng":1131.06317905,"Shape__Area":18381.69157409668,"Shape__Length":699.57307319714948,"GreenSpaceName":null}},{"type":"Feature","id":504,"geometry":{"type":"Polygon","coordinates":[[[-71.4028698818749,41.8266577074495],[-71.4028991754338,41.8266556839428],[-71.4029046288337,41.8266553680316],[-71.4029100751608,41.8266557498772],[-71.4029153543348,41.8266568185402],[-71.402920314733,41.8266585423808],[-71.4029248107785,41.8266608717571],[-71.4029287137751,41.8266637381348],[-71.4029319070844,41.8266670594844],[-71.4029342993694,41.8266707384921],[-71.402935822179,41.8266746679598],[-71.40293642874,41.8266787335049],[-71.4029361035806,41.8266828180702],[-71.4029348541051,41.8266868010164],[-71.4029327190071,41.8266905671328],[-71.4029297586377,41.8266940075292],[-71.4029260610217,41.826697021442],[-71.4029217310159,41.8266995216267],[-71.4029168963281,41.8267014343634],[-71.4029116966728,41.8267027057498],[-71.4029062849833,41.8267032972005],[-71.4028770474003,41.8267057034006],[-71.4028011753838,41.8267116030749],[-71.4028001551592,41.826703284876],[-71.4027963717273,41.8267033428976],[-71.4027926311644,41.8267029129714],[-71.4027890453987,41.8267020077969],[-71.4027857215218,41.8267006544749],[-71.4027827593826,41.8266988936051],[-71.4027802455723,41.8266967765803],[-71.4027782582356,41.826694368291],[-71.4027768538404,41.8266917399119],[-71.4027760756027,41.8266889698092],[-71.4027759474716,41.8266861408342],[-71.4027764717267,41.8266833376209],[-71.4027776337962,41.8266806438885],[-71.4027793986506,41.8266781397376],[-71.4027817132111,41.8266759007516],[-71.4027845087653,41.8266739925972],[-71.4027877021671,41.8266724737261],[-71.4027911970511,41.8266713881733],[-71.4027948898457,41.8266707691637],[-71.4027945066756,41.8266630637345],[-71.4028698818749,41.8266577074495]]]},"properties":{"FID":504,"Layer":"C-GREENS","Shape_Leng":110.26449795,"Shape__Area":689.99887847900391,"Shape__Length":110.20676309604198,"GreenSpaceName":null}},{"type":"Feature","id":507,"geometry":{"type":"Polygon","coordinates":[[[-71.39970479706,41.8243470012223],[-71.3997252523585,41.8245060857101],[-71.3995104480097,41.8245215387044],[-71.3994899920359,41.824362453278],[-71.39970479706,41.8243470012223]]]},"properties":{"FID":507,"Layer":"C-GREENS","Shape_Leng":234.112344967,"Shape__Area":3425.4527359008789,"Shape__Length":234.11234496032583,"GreenSpaceName":null}},{"type":"Feature","id":508,"geometry":{"type":"Polygon","coordinates":[[[-71.3971075215176,41.8232401366165],[-71.3973672951185,41.8232185375602],[-71.3973942554223,41.823399945931],[-71.3971190452706,41.8234259924078],[-71.3970911589457,41.8232648560985],[-71.3970914339898,41.8232607183826],[-71.3970917078316,41.8232565797651],[-71.3970931981875,41.823251938047],[-71.3970946873396,41.8232472963279],[-71.3970974573347,41.8232448246751],[-71.3971002285333,41.8232423530233],[-71.3971075215176,41.8232401366165]]]},"properties":{"FID":508,"Layer":"C-GREENS","Shape_Leng":283.569239614,"Shape__Area":5101.591796875,"Shape__Length":283.56923961534733,"GreenSpaceName":null}},{"type":"Feature","id":509,"geometry":{"type":"Polygon","coordinates":[[[-71.3959221731974,41.823918102429],[-71.3959181176227,41.8239525160456],[-71.3959199140387,41.8240294967292],[-71.3957866451107,41.8240312116968],[-71.3956968291474,41.8240329956842],[-71.395489601453,41.8240351041036],[-71.395488084974,41.8239802270112],[-71.3954859202459,41.8239701727475],[-71.3959221731974,41.823918102429]]]},"properties":{"FID":509,"Layer":"C-GREENS","Shape_Leng":302.077151348,"Shape__Area":3780.8856430053711,"Shape__Length":302.077151342932,"GreenSpaceName":null}},{"type":"Feature","id":510,"geometry":{"type":"Polygon","coordinates":[[[-71.3995562207682,41.8297585745404],[-71.3994736090593,41.8297686770045],[-71.3993965003758,41.8297861435994],[-71.3993210879539,41.829807351637],[-71.3992476957449,41.8298322104707],[-71.3991621888385,41.8298591420075],[-71.3990745912353,41.8298820066134],[-71.3989852473766,41.8299007145526],[-71.3988945089039,41.8299151914026],[-71.3988809645364,41.8299177724566],[-71.3988681771879,41.8299219900912],[-71.3988564949358,41.8299277293698],[-71.398846240646,41.8299348321175],[-71.3988376951104,41.8299431032083],[-71.3988310922214,41.8299523168636],[-71.39881326015,41.829996794105],[-71.3987979070696,41.8300417858202],[-71.3987941951937,41.8300482577872],[-71.3987892465689,41.8300542487838],[-71.3987831673376,41.8300596265536],[-71.398776093712,41.8300642750726],[-71.3987681799426,41.8300680900373],[-71.3987595995057,41.8300709896695],[-71.3987330127517,41.8300753409809],[-71.3986302406355,41.8299258589005],[-71.3984130842789,41.829609749833],[-71.3984092765968,41.829604477682],[-71.3984056152565,41.8295995351843],[-71.3984021006069,41.8295947017573],[-71.3983984390941,41.8295898691006],[-71.3983947775832,41.8295850355434],[-71.3983912629337,41.8295802030164],[-71.3983876015977,41.8295752596178],[-71.3983840869493,41.8295704270906],[-71.3983805724765,41.8295654838216],[-71.3983770578292,41.8295606512941],[-71.3983736902197,41.8295557081549],[-71.3983712004952,41.8295520838886],[-71.3983687107709,41.8295484596222],[-71.3983662222522,41.8295448344564],[-71.3983637325286,41.8295412101899],[-71.3983612428052,41.8295375859233],[-71.3983589013232,41.8295338510461],[-71.3983564116004,41.8295302267794],[-71.3983540687414,41.8295266017423],[-71.3983517260549,41.8295228677642],[-71.3983493843988,41.8295192436284],[-71.3983470417129,41.8295155096502],[-71.3983454316029,41.8295128729332],[-71.3983438213177,41.8295103469577],[-71.3983422112065,41.8295077111409],[-71.3983407467537,41.8295050754531],[-71.3983391364689,41.8295025494775],[-71.3983376732201,41.8294999137906],[-71.3983157809564,41.8294604568652],[-71.3983383128357,41.8294220494401],[-71.3988127483844,41.8293830460982],[-71.3995129547716,41.8293254790557],[-71.3995756581994,41.8297456257539],[-71.3995741793414,41.8297483200759],[-71.3995721747329,41.8297508176642],[-71.3995696902094,41.829753060037],[-71.3995667824266,41.8297549977252],[-71.3995635176648,41.8297565848692],[-71.3995599694102,41.8297577864203],[-71.3995562207682,41.8297585745404]]]},"properties":{"FID":510,"Layer":"C-GREENS","Shape_Leng":1019.59448045,"Shape__Area":56516.344078063965,"Shape__Length":1019.5147850256133,"GreenSpaceName":"Pembroke Field"}},{"type":"Feature","id":511,"geometry":{"type":"Polygon","coordinates":[[[-71.3953293568544,41.8322996919014],[-71.3947904416831,41.8324738805456],[-71.3942664101138,41.8315670204461],[-71.3948053190892,41.8313928342258],[-71.3953293568544,41.8322996919014]]]},"properties":{"FID":511,"Layer":"C-GREENS","Shape_Leng":1039.99999094,"Shape__Area":57599.991737365723,"Shape__Length":1039.9999909371277,"GreenSpaceName":null}},{"type":"Feature","id":512,"geometry":{"type":"Polygon","coordinates":[[[-71.3941639487974,41.832676371869],[-71.3936399244311,41.8317695089518],[-71.3941788367984,41.8315953256808],[-71.3947028673608,41.8325021861742],[-71.3941639487974,41.832676371869]]]},"properties":{"FID":512,"Layer":"C-GREENS","Shape_Leng":1039.99999094,"Shape__Area":57599.991737365723,"Shape__Length":1039.9999909316464,"GreenSpaceName":null}},{"type":"Feature","id":513,"geometry":{"type":"Polygon","coordinates":[[[-71.3966121061646,41.8310602004767],[-71.3959659093937,41.8311623177898],[-71.3957155973622,41.8302762817072],[-71.3963617856143,41.8301741657768],[-71.3966121061646,41.8310602004767]]]},"properties":{"FID":513,"Layer":"C-GREENS","Shape_Leng":1020.00002029,"Shape__Area":59400.004173278809,"Shape__Length":1020.0000202995823,"GreenSpaceName":null}},{"type":"Feature","id":514,"geometry":{"type":"Polygon","coordinates":[[[-71.3964302885382,41.8321484191565],[-71.3956717513219,41.832392176443],[-71.3951720058331,41.8315223131202],[-71.3959305346638,41.831278558187],[-71.3964302885382,41.8321484191565]]]},"properties":{"FID":514,"Layer":"C-GREENS","Shape_Leng":1139.99995214,"Shape__Area":77625.004348754883,"Shape__Length":1139.999952148496,"GreenSpaceName":null}},{"type":"Feature","id":515,"geometry":{"type":"Polygon","coordinates":[[[-71.4020432814087,41.8280451604188],[-71.4020870245364,41.8283013712242],[-71.4019205386184,41.8283172723393],[-71.4018761358797,41.8280614561567],[-71.4020432814087,41.8280451604188]]]},"properties":{"FID":515,"Layer":"C-GREENS","Shape_Leng":279.807433715,"Shape__Area":4311.9818420410156,"Shape__Length":279.80743371652892,"GreenSpaceName":null}},{"type":"Feature","id":516,"geometry":{"type":"Polygon","coordinates":[[[-71.4019640298744,41.8275824381785],[-71.4019663540217,41.8275960487903],[-71.4020215419782,41.8279192978633],[-71.4019754793816,41.8279229427535],[-71.4018590294169,41.8279336383901],[-71.4018540319173,41.827934092393],[-71.4017981184056,41.8276119725462],[-71.4017957569715,41.8275983655005],[-71.4017347548906,41.8272469271051],[-71.4019026979413,41.8272312120697],[-71.4019180189311,41.8273189488155],[-71.4019640298744,41.8275824381785]]]},"properties":{"FID":516,"Layer":"C-GREENS","Shape_Leng":597.429828186,"Shape__Area":11654.357971191406,"Shape__Length":597.42982818104508,"GreenSpaceName":null}},{"type":"Feature","id":517,"geometry":{"type":"Polygon","coordinates":[[[-71.3947595640653,41.8303646387771],[-71.3943537964482,41.8304274935022],[-71.3939859265813,41.8291031521782],[-71.3941297005885,41.8290751671896],[-71.394389418783,41.8290268014624],[-71.3944392555793,41.8292164064497],[-71.3945082495307,41.8294581982454],[-71.3945645723803,41.8296650785217],[-71.3945806919534,41.8297240259015],[-71.3946510823616,41.8299767201751],[-71.3947128635194,41.8302023576236],[-71.3947595640653,41.8303646387771]]]},"properties":{"FID":517,"Layer":"C-GREENS","Shape_Leng":1217.10895203,"Shape__Area":55882.739288330078,"Shape__Length":1217.1089520285204,"GreenSpaceName":null}},{"type":"Feature","id":518,"geometry":{"type":"Polygon","coordinates":[[[-71.3978566709972,41.8309012894916],[-71.3978115172306,41.8307407333347],[-71.3978042967056,41.8306976285939],[-71.3978066602052,41.8306542226625],[-71.3978185444331,41.8306116994292],[-71.3978396249053,41.8305712191391],[-71.3978693256347,41.8305338859909],[-71.3979068384415,41.8305007184432],[-71.3979511374438,41.8304726213179],[-71.3980010164167,41.8304503606248],[-71.3980551141031,41.8304345437777],[-71.3981119551702,41.8304256016248],[-71.3981699887454,41.8304237785796],[-71.3982276317635,41.8304291245572],[-71.3982833123023,41.830441494112],[-71.3983355105059,41.830460549175],[-71.3983828043091,41.8304857698977],[-71.3984239019177,41.8305164681853],[-71.3984576839093,41.8305518075403],[-71.3984832272784,41.8305908228907],[-71.3984998366874,41.8306324512276],[-71.3985468296502,41.8307995316961],[-71.3985525264591,41.8308381864701],[-71.3985505402042,41.8308770469383],[-71.3985409143458,41.8309152641193],[-71.3985238596552,41.8309520017826],[-71.3984997493684,41.8309864571526],[-71.3984691095311,41.8310178771064],[-71.3984326093434,41.8310455743716],[-71.398391049095,41.831068944623],[-71.3983453348699,41.8310874763643],[-71.3983368043571,41.8310572030281],[-71.3981898908775,41.8310804493061],[-71.3981983973833,41.8311106370995],[-71.3981455633441,41.831107360749],[-71.3980939870333,41.8310981810686],[-71.3980448430584,41.8310833079812],[-71.397999245632,41.8310630783054],[-71.3979582329244,41.831037953041],[-71.3979227357875,41.8310085029343],[-71.3978935609206,41.8309753958585],[-71.3978713704239,41.83093938509],[-71.3978566709972,41.8309012894916]]]},"properties":{"FID":518,"Layer":"C-GREENS","Shape_Leng":744.381074972,"Shape__Area":39725.752906799316,"Shape__Length":743.79827604176876,"GreenSpaceName":null}},{"type":"Feature","id":519,"geometry":{"type":"Polygon","coordinates":[[[-71.4017877820007,41.8267280978647],[-71.401791924617,41.8267513634761],[-71.4017870800407,41.8267518455175],[-71.4017410794292,41.8267564276209],[-71.4017373664904,41.8267355725839],[-71.4016767671426,41.826741609726],[-71.4016804800621,41.826762464765],[-71.4016176678775,41.8267687214654],[-71.4015229710202,41.8267781533091],[-71.4014944922499,41.82678099017],[-71.4014597145573,41.8267844545592],[-71.4014215339942,41.8267305688985],[-71.4013969286704,41.8264981773738],[-71.4013968914986,41.8264941609276],[-71.401397728161,41.8264901938498],[-71.4013994156262,41.8264863805599],[-71.4014019104023,41.8264828236594],[-71.4014051449352,41.8264796176258],[-71.4014102353589,41.8264757991535],[-71.4014160963346,41.8264726583975],[-71.4014225688375,41.8264702816539],[-71.4014410346801,41.8264691117518],[-71.4014923017972,41.826465864086],[-71.401601041857,41.8264589751514],[-71.4016037421462,41.8264768492028],[-71.4016072254387,41.826502209347],[-71.4016145316841,41.8265583031515],[-71.4016604718472,41.8265553785717],[-71.4016683845887,41.8266242153956],[-71.4014890261072,41.8266356977094],[-71.4014521386116,41.8266688165677],[-71.4014576422931,41.8267165707907],[-71.401505146985,41.8267461399647],[-71.4017877820007,41.8267280978647]]]},"properties":{"FID":519,"Layer":"C-GREENS-2","Shape_Leng":534.969105931,"Shape__Area":5233.3673095703125,"Shape__Length":534.95419078519183,"GreenSpaceName":null}},{"type":"Feature","id":520,"geometry":{"type":"Polygon","coordinates":[[[-71.4016676746498,41.8270779552357],[-71.4015854645134,41.8269619301244],[-71.4016369685415,41.8268906628567],[-71.4016676746498,41.8270779552357]]]},"properties":{"FID":520,"Layer":"C-GREENS-2","Shape_Leng":146.131356059,"Shape__Area":587.6988525390625,"Shape__Length":146.13135606104663,"GreenSpaceName":null}},{"type":"Feature","id":521,"geometry":{"type":"Polygon","coordinates":[[[-71.4014688756435,41.8267973840887],[-71.4016193038942,41.8267827852679],[-71.401632613148,41.8268640964139],[-71.4016338832674,41.8268718467227],[-71.4015772054403,41.826950273557],[-71.4014992993161,41.8268403230578],[-71.4014688756435,41.8267973840887]]]},"properties":{"FID":521,"Layer":"C-GREENS-2","Shape_Leng":169.579484687,"Shape__Area":1528.0945587158203,"Shape__Length":169.57948468042136,"GreenSpaceName":null}},{"type":"Feature","id":522,"geometry":{"type":"Polygon","coordinates":[[[-71.4014709781413,41.8271203448326],[-71.4015686909384,41.8269851400071],[-71.4016586172594,41.8271120559385],[-71.4016549754226,41.8271123895476],[-71.4016551876027,41.8271137528431],[-71.401467280617,41.8271318741079],[-71.4014671370597,41.8271305072696],[-71.4014634785506,41.8271307220136],[-71.4014699069427,41.8271218276731],[-71.4014709781413,41.8271203448326]]]},"properties":{"FID":522,"Layer":"C-GREENS-2","Shape_Leng":167.284142475,"Shape__Area":1340.1597061157227,"Shape__Length":167.28414246947781,"GreenSpaceName":null}},{"type":"Feature","id":523,"geometry":{"type":"Polygon","coordinates":[[[-71.4014666778957,41.8268411666093],[-71.4015604318653,41.8269734834385],[-71.4014688651824,41.8271001853222],[-71.4014374235192,41.8268002922129],[-71.401428895455,41.8268008016901],[-71.4014272997738,41.8267855809834],[-71.4014666778957,41.8268411666093]]]},"properties":{"FID":523,"Layer":"C-GREENS-2","Shape_Leng":247.487247529,"Shape__Area":1570.7117004394531,"Shape__Length":247.48724753100061,"GreenSpaceName":null}},{"type":"Feature","id":524,"geometry":{"type":"Polygon","coordinates":[[[-71.4016483333275,41.8268246768091],[-71.4016410473079,41.826780234319],[-71.4017943462159,41.826764964273],[-71.4017961209395,41.8267749334479],[-71.4017355916852,41.8267807690049],[-71.4017416635021,41.8268160900122],[-71.4016483333275,41.8268246768091]]]},"properties":{"FID":524,"Layer":"C-GREENS-2","Shape_Leng":117.373473585,"Shape__Area":481.01663208007813,"Shape__Length":117.37347358133228,"GreenSpaceName":null}},{"type":"Feature","id":525,"geometry":{"type":"Polygon","coordinates":[[[-71.3990916648894,41.8265702724976],[-71.3988169217492,41.826597328214],[-71.3987982336332,41.826524034925],[-71.3987843879125,41.8264501426713],[-71.3987754204004,41.826375830654],[-71.3990458802803,41.8263491971319],[-71.3990625245556,41.8264195120648],[-71.3990747708422,41.8264903300216],[-71.3990802305975,41.8264898027177],[-71.3990916648894,41.8265702724976]]]},"properties":{"FID":525,"Layer":"C-GREENS","Shape_Leng":314.492562046,"Shape__Area":6214.4629592895508,"Shape__Length":314.47962658163237,"GreenSpaceName":"Giancarlo Plaza"}},{"type":"Feature","id":526,"geometry":{"type":"Polygon","coordinates":[[[-71.3950192830012,41.8312647704224],[-71.3947954857006,41.830458694065],[-71.3954421475975,41.8303582655789],[-71.39566595387,41.8311643407004],[-71.3950192830012,41.8312647704224]]]},"properties":{"FID":526,"Layer":"C-GREENS","Shape_Leng":960.000027269,"Shape__Area":53999.998146057129,"Shape__Length":960.00002725879335,"GreenSpaceName":null}},{"type":"Feature","id":527,"geometry":{"type":"Polygon","coordinates":[[[-71.3981553050095,41.8260722741813],[-71.3978793295255,41.8260684368169],[-71.397851564949,41.8258696864888],[-71.3978539967681,41.8258694959786],[-71.3978517092467,41.8258531194691],[-71.3981193078317,41.8258322054386],[-71.398121341913,41.8258467621318],[-71.3980940923211,41.8258488924738],[-71.398094347033,41.8258507113857],[-71.3981240284418,41.825848391428],[-71.3981553050095,41.8260722741813]]]},"properties":{"FID":527,"Layer":"C-GREENS","Shape_Leng":331.678910829,"Shape__Area":6215.9225997924805,"Shape__Length":331.67891083638705,"GreenSpaceName":"Barus & Holley Gardens"}},{"type":"Feature","id":528,"geometry":{"type":"Polygon","coordinates":[[[-71.4025889824605,41.8242112657257],[-71.4025870011894,41.8242112640456],[-71.4025869981313,41.8242132817045],[-71.4024959640529,41.8242165951507],[-71.402494987562,41.8242009239072],[-71.4024556311247,41.8242029045546],[-71.4024127319557,41.8242050631472],[-71.402408359431,41.8242087103106],[-71.4023638725615,41.8242093027454],[-71.4023640624958,41.8242181820582],[-71.402325096855,41.8242188340914],[-71.4022978049639,41.8242160792512],[-71.4022894771388,41.8242173299426],[-71.4022827564699,41.8242231791357],[-71.4022793450104,41.8242304365739],[-71.4022798142022,41.8242527654005],[-71.4021598799271,41.8242541758829],[-71.4021244563561,41.8242368906938],[-71.4020738170467,41.824212437523],[-71.4020223784777,41.8241880160604],[-71.4019755002238,41.8241639234889],[-71.4019757328291,41.8241447905657],[-71.4019763193614,41.824096429312],[-71.4020458014277,41.8240945906653],[-71.402045887233,41.8240959448496],[-71.4020535106029,41.8240956722446],[-71.4020531449462,41.8240899700806],[-71.4020512731087,41.8240900378107],[-71.4020486476415,41.8240625427946],[-71.4020451205477,41.8240256150493],[-71.4020441077748,41.8239998635656],[-71.4020426280197,41.8239622353005],[-71.4020415005357,41.8239335630161],[-71.4020408075656,41.8239159580798],[-71.4020405456806,41.823864286451],[-71.4020405209672,41.8238457529336],[-71.4020426791681,41.823845754774],[-71.4020426879506,41.8238399926063],[-71.4020405309535,41.8238399907669],[-71.4020405654813,41.8238276039203],[-71.4020405888091,41.8238194063455],[-71.4020404912336,41.8238115598003],[-71.4020397481929,41.8238094325638],[-71.4020380238094,41.8238083191735],[-71.4020364919822,41.8238080171537],[-71.4020696245057,41.8238072513045],[-71.4020918992917,41.8238068282249],[-71.4020869996947,41.8238095988964],[-71.4020861613179,41.8238139522254],[-71.402086611135,41.8238457922283],[-71.4020886273015,41.8238457939468],[-71.4020921800271,41.8239054129796],[-71.4020902036242,41.8239053824842],[-71.402090049284,41.823911089607],[-71.4020914918594,41.8239225728709],[-71.402091338723,41.8239282799948],[-71.4020989675014,41.8239283945375],[-71.402099015961,41.8239266092048],[-71.4021552204038,41.8239276654722],[-71.4021583583188,41.8240447438381],[-71.4021443790952,41.8240531807197],[-71.4021011827847,41.8240537066268],[-71.4021010358834,41.8240482090265],[-71.4020973681665,41.8240482635224],[-71.4020984214,41.824087767731],[-71.4020964027047,41.8240878407387],[-71.4020967671629,41.8240935420012],[-71.4021063768405,41.8241302642487],[-71.4021088594957,41.8241353694905],[-71.4021133138293,41.8241396607045],[-71.4021161531386,41.8241413674673],[-71.4021262753535,41.8241442679836],[-71.4021465705338,41.8241459896169],[-71.4021604077851,41.8241462219865],[-71.4021741485692,41.824144985818],[-71.4021912552711,41.8241411109167],[-71.4022002439752,41.8241382374823],[-71.4022120723774,41.8241328608189],[-71.4022040533497,41.8240878081896],[-71.4022712361867,41.8240868731909],[-71.4022711744806,41.8240854992198],[-71.4022742753098,41.8240854136245],[-71.4022742176087,41.8240901133494],[-71.4022933430232,41.8240900990068],[-71.4022930853394,41.8240854107181],[-71.4023202771956,41.8240850457968],[-71.4023202059858,41.8240930920735],[-71.4023207893388,41.8241084262573],[-71.4023220344471,41.82411760448],[-71.4023255502285,41.8241201468274],[-71.4023303663642,41.8241207807606],[-71.4025271609184,41.8241168396642],[-71.4025492605725,41.8241144977232],[-71.4025511850556,41.8241638577861],[-71.4025877893169,41.8241638060011],[-71.4025889824605,41.8242112657257]]]},"properties":{"FID":528,"Layer":null,"Shape_Leng":null,"Shape__Area":8524.2492670547217,"Shape__Length":728.37630050622238,"GreenSpaceName":null}},{"type":"Feature","id":530,"geometry":{"type":"Polygon","coordinates":[[[-71.4012511369245,41.8261624308522],[-71.4009978510357,41.8261878689208],[-71.4009875231763,41.8261841810313],[-71.4009865880289,41.8261786989604],[-71.4009976940307,41.8261762919194],[-71.4012483683365,41.8261421581018],[-71.4012511369245,41.8261624308522]]]},"properties":{"FID":530,"Layer":null,"Shape_Leng":null,"Shape__Area":411.91628265380859,"Shape__Length":154.810676734066,"GreenSpaceName":null}},{"type":"Feature","id":531,"geometry":{"type":"Polygon","coordinates":[[[-71.4036818102706,41.8269323124519],[-71.403675156951,41.8269312112802],[-71.403669289692,41.8269267233897],[-71.4036637438242,41.8268749677712],[-71.4036677996631,41.8268673568395],[-71.4036777345769,41.8268640068428],[-71.4037975949906,41.8268642836837],[-71.4037983932993,41.8269252213227],[-71.4036818102706,41.8269323124519]]]},"properties":{"FID":531,"Layer":null,"Shape_Leng":null,"Shape__Area":844.14337921142578,"Shape__Length":115.77587719563512,"GreenSpaceName":null}},{"type":"Feature","id":532,"geometry":{"type":"Polygon","coordinates":[[[-71.4026900457831,41.8260338652556],[-71.4026823240088,41.8259975263596],[-71.4026699213407,41.8258901015179],[-71.4027477436265,41.8258872559839],[-71.4027494321922,41.825894915609],[-71.4027512529475,41.825909078386],[-71.4027631377359,41.8259344552206],[-71.4027922527265,41.8259674748947],[-71.4028160870798,41.8259899880672],[-71.4028324864705,41.8260007498506],[-71.4028424228766,41.8260077769669],[-71.4028724558914,41.8260210184544],[-71.4028838210064,41.8260250151011],[-71.4028890881641,41.82602857287],[-71.4028873123574,41.8260375725011],[-71.4028807441419,41.8260412321166],[-71.4027674247895,41.8260490156422],[-71.4027636780559,41.8260280843978],[-71.4026900457831,41.8260338652556]]]},"properties":{"FID":532,"Layer":null,"Shape_Leng":null,"Shape__Area":1824.3972244262695,"Shape__Length":205.5961157213838,"GreenSpaceName":null}},{"type":"Feature","id":533,"geometry":{"type":"Polygon","coordinates":[[[-71.4026691552737,41.8258649799294],[-71.4026580806382,41.8257642349471],[-71.4026667987089,41.8257595039656],[-71.4027117439333,41.8257564266],[-71.4027517871117,41.8257530872481],[-71.4027719799663,41.8257472748349],[-71.4027492254464,41.8257883683238],[-71.4027444042287,41.8258297987669],[-71.4027426374311,41.8258434309062],[-71.4027433899986,41.8258616037721],[-71.4026849387891,41.8258663883149],[-71.4026850529607,41.825863626515],[-71.4026691552737,41.8258649799294]]]},"properties":{"FID":533,"Layer":null,"Shape_Leng":null,"Shape__Area":923.0189208984375,"Shape__Length":133.3242281567486,"GreenSpaceName":null}},{"type":"Feature","id":534,"geometry":{"type":"Polygon","coordinates":[[[-71.4027468651736,41.8258042282789],[-71.4027422876728,41.8257864158933],[-71.402756971547,41.8257756205701],[-71.4027468651736,41.8258042282789]]]},"properties":{"FID":534,"Layer":null,"Shape_Leng":null,"Shape__Area":15.442817687988281,"Shape__Length":23.003906199210228,"GreenSpaceName":null}},{"type":"Feature","id":535,"geometry":{"type":"Polygon","coordinates":[[[-71.4027719376742,41.8257870966188],[-71.4027747771622,41.8257717706735],[-71.4027795381258,41.8257608969622],[-71.4028075508346,41.8257187287584],[-71.402819961641,41.8257071341336],[-71.4028316828185,41.8257097941043],[-71.4028379174558,41.8257190524145],[-71.4028826854174,41.8259942815443],[-71.4028798324661,41.8260026587415],[-71.4028674036819,41.8260049883828],[-71.4028636929322,41.8260025870395],[-71.4028528070325,41.8259991244034],[-71.4028416748156,41.8259919204085],[-71.402829816982,41.8259804410444],[-71.4028200037767,41.8259752846035],[-71.402765211197,41.8258940077393],[-71.4027612001724,41.8258600701125],[-71.4027625524872,41.8258176634563],[-71.4027719376742,41.8257870966188]]]},"properties":{"FID":535,"Layer":null,"Shape_Leng":null,"Shape__Area":2168.9981536865234,"Shape__Length":236.76882705705975,"GreenSpaceName":null}},{"type":"Feature","id":536,"geometry":{"type":"Polygon","coordinates":[[[-71.4029735047968,41.8261247100007],[-71.4029618323412,41.8261189041936],[-71.4029459419909,41.826116314429],[-71.4029343534643,41.8261159592813],[-71.402929582768,41.8260832918162],[-71.4029268856571,41.8260665064638],[-71.4029370346402,41.8260525640335],[-71.4029606917498,41.8260448660075],[-71.402977100663,41.8260415456591],[-71.4029812268417,41.8260719472716],[-71.4029735047968,41.8261247100007]]]},"properties":{"FID":536,"Layer":null,"Shape_Leng":null,"Shape__Area":335.03538513183594,"Shape__Length":77.476402636225231,"GreenSpaceName":null}},{"type":"Feature","id":537,"geometry":{"type":"Polygon","coordinates":[[[-71.4037625141495,41.8258293547768],[-71.4037545899668,41.8258294225634],[-71.403741169309,41.8258288559381],[-71.4037337812038,41.8258241491675],[-71.4037306249675,41.8258171347685],[-71.4037314102247,41.8257889624486],[-71.4037317258812,41.8257698798333],[-71.4037259145393,41.8257488053297],[-71.4037267238931,41.8257419841482],[-71.4037342908293,41.8257385122882],[-71.4037498169355,41.8257372437566],[-71.4037531694759,41.8257372150776],[-71.4037529696525,41.8257440310454],[-71.4037578425819,41.8257437622265],[-71.4037624177227,41.8257439502227],[-71.4037618641518,41.8257475892361],[-71.4037667370808,41.8257473204021],[-71.4037688704989,41.8257473021519],[-71.4037705926718,41.8258195185779],[-71.4037635933014,41.8258202598692],[-71.4037625141495,41.8258293547768]]]},"properties":{"FID":537,"Layer":null,"Shape_Leng":null,"Shape__Area":335.24466705322266,"Shape__Length":86.201752270701022,"GreenSpaceName":null}},{"type":"Feature","id":538,"geometry":{"type":"Polygon","coordinates":[[[-71.4020069461016,41.829149089951],[-71.4020191783772,41.8291912314984],[-71.4018635239577,41.8292575220579],[-71.4018113543235,41.8292743216505],[-71.4017200543493,41.8292837335532],[-71.4017094136013,41.8291866130468],[-71.4017134425636,41.8291711337491],[-71.4020069461016,41.829149089951]]]},"properties":{"FID":538,"Layer":null,"Shape_Leng":null,"Shape__Area":2679.5539932250977,"Shape__Length":226.78174860138557,"GreenSpaceName":null}},{"type":"Feature","id":539,"geometry":{"type":"Polygon","coordinates":[[[-71.4028050197988,41.8256923783239],[-71.4027949597414,41.8256887470094],[-71.4027687322938,41.8256580919205],[-71.4027418871395,41.8256108566734],[-71.4027245148521,41.8256131326528],[-71.4027205414106,41.825590420971],[-71.4027418762718,41.8255885981552],[-71.4027427971909,41.825601998437],[-71.4028034502539,41.8255990293343],[-71.4028098514138,41.8255999361221],[-71.4028122916837,41.8256037966268],[-71.4028257404319,41.825681016334],[-71.4028242192164,41.8256866949289],[-71.4028150773057,41.8256907857028],[-71.4028050197988,41.8256923783239]]]},"properties":{"FID":539,"Layer":null,"Shape_Leng":null,"Shape__Area":542.57662963867188,"Shape__Length":114.99724751250166,"GreenSpaceName":null}},{"type":"Feature","id":540,"geometry":{"type":"Polygon","coordinates":[[[-71.4026576959947,41.8254730128657],[-71.402636645202,41.8254323626343],[-71.4027710563261,41.8254239224488],[-71.4027912194679,41.8255193107828],[-71.4027921363044,41.825524307357],[-71.4027909188762,41.8255279417307],[-71.4027854333329,41.8255295331162],[-71.4027351439133,41.825533635056],[-71.4027381986332,41.825547489025],[-71.4026973572403,41.8255502256316],[-71.4026961326244,41.825539096701],[-71.402689427324,41.8255395527734],[-71.4026888117447,41.8255272880321],[-71.4026647336026,41.8255288844584],[-71.4026576959947,41.8254730128657]]]},"properties":{"FID":540,"Layer":null,"Shape_Leng":null,"Shape__Area":1379.1617813110352,"Shape__Length":160.14307406159918,"GreenSpaceName":null}}]}