{"type":"FeatureCollection","schema_version":1,"attribution":"Building footprints, names and attributes © Brown University Facilities Management, via the public ArcGIS Active_Buildings_2_view feature service.","features":[{"type":"Feature","id":"100002","geometry":{"type":"Polygon","coordinates":[[[-71.402152,41.828494],[-71.402151,41.828488],[-71.402195,41.828484],[-71.402196,41.828488],[-71.402329,41.828475],[-71.402328,41.828469],[-71.402356,41.828466],[-71.402358,41.828473],[-71.402368,41.828471],[-71.402368,41.828468],[-71.402386,41.828466],[-71.402387,41.82847],[-71.402398,41.828469],[-71.402397,41.828462],[-71.402425,41.82846],[-71.402426,41.828466],[-71.40256,41.828453],[-71.402559,41.82845],[-71.402597,41.828446],[-71.402632,41.82865],[-71.402604,41.828652],[-71.402604,41.828649],[-71.402189,41.828688],[-71.402156,41.828493],[-71.402152,41.828494]]]},"properties":{"propertyCode":"100002","label":"173 Meeting","rank":1,"sortKey":1.6447,"labelMinZoom":16,"heightM":25.7,"floors":7,"year":1969,"kind":"academic","placeId":"grimshaw-gudewicz-biomedical-building","placeIds":["grimshaw-gudewicz-biomedical-building"],"address":"173 Meeting St","currentUse":"Medical Research","buildingType":"BUILDING","complex":null,"aliases":["BioMed Center","Animal Care Facility","Bio Medical Complex","Warren","171 Meeting St","173 Meeting St","BIOMEDACF"],"meetings":0}},{"type":"Feature","id":"100004","geometry":{"type":"Polygon","coordinates":[[[-71.400605,41.826318],[-71.400588,41.826181],[-71.400585,41.826181],[-71.400576,41.826111],[-71.400579,41.826111],[-71.400562,41.825973],[-71.400587,41.825971],[-71.400587,41.825969],[-71.400687,41.825962],[-71.400687,41.825964],[-71.400711,41.825962],[-71.400729,41.8261],[-71.400731,41.8261],[-71.40074,41.82617],[-71.400737,41.82617],[-71.400754,41.826307],[-71.40073,41.826309],[-71.40073,41.826311],[-71.400631,41.826318],[-71.400631,41.826316],[-71.400605,41.826318]]]},"properties":{"propertyCode":"100004","label":"Caswell Hall","rank":1,"sortKey":1.7859,"labelMinZoom":16,"heightM":18.7,"floors":5,"year":1903,"kind":"residence","placeId":"caswell-hall","placeIds":["caswell-hall"],"address":"168 Thayer St","currentUse":"Dormitory","buildingType":"BUILDING","complex":null,"aliases":["President Alexis Caswell","168 Thayer St","CASWELL"],"meetings":0}},{"type":"Feature","id":"100005","geometry":{"type":"Polygon","coordinates":[[[-71.403135,41.829794],[-71.40315,41.829934],[-71.403151,41.829949],[-71.403111,41.829951],[-71.403109,41.829936],[-71.403053,41.829939],[-71.403039,41.829799],[-71.403062,41.829798],[-71.403062,41.829788],[-71.403111,41.829786],[-71.403111,41.829795],[-71.403135,41.829794]]]},"properties":{"propertyCode":"100005","label":"84-86 Cushing","rank":2,"sortKey":2.8775,"labelMinZoom":17,"heightM":15.2,"floors":4,"year":1895,"kind":"other","placeId":null,"placeIds":[],"address":"84-86 Cushing St","currentUse":"Rooming House (02)","buildingType":"HOUSE","complex":null,"aliases":["Cushing St 084-086","84-86 Cushing St","CUSH084-86"],"meetings":0}},{"type":"Feature","id":"100006","geometry":{"type":"Polygon","coordinates":[[[-71.405354,41.825061],[-71.405357,41.825087],[-71.405359,41.825087],[-71.405366,41.825158],[-71.405207,41.825166],[-71.405195,41.82503],[-71.405257,41.825027],[-71.405263,41.82509],[-71.405281,41.825089],[-71.40528,41.825078],[-71.405296,41.825078],[-71.405295,41.825064],[-71.405354,41.825061]]]},"properties":{"propertyCode":"100006","label":"25 George","rank":2,"sortKey":2.8756,"labelMinZoom":17,"heightM":11.7,"floors":3,"year":1913,"kind":"admin","placeId":"swearer-center-for-public-service","placeIds":["swearer-center-for-public-service"],"address":"25 George St","currentUse":"Office","buildingType":"HOUSE","complex":null,"aliases":["George St 025","25 George St","GEORGE025"],"meetings":0}},{"type":"Feature","id":"100008","geometry":{"type":"Polygon","coordinates":[[[-71.402678,41.825627],[-71.402685,41.825683],[-71.40261,41.825688],[-71.402611,41.825695],[-71.402603,41.825696],[-71.402604,41.825697],[-71.402583,41.825698],[-71.402583,41.825697],[-71.402504,41.825702],[-71.402504,41.825704],[-71.402484,41.825705],[-71.402484,41.825704],[-71.402476,41.825704],[-71.402475,41.825697],[-71.402401,41.825702],[-71.4024,41.825696],[-71.402326,41.825701],[-71.402327,41.825709],[-71.402325,41.825709],[-71.402326,41.825714],[-71.40232,41.825714],[-71.40232,41.825716],[-71.4023,41.825717],[-71.4023,41.825716],[-71.402234,41.82572],[-71.402234,41.825721],[-71.402214,41.825723],[-71.402214,41.825721],[-71.402208,41.825722],[-71.402207,41.825717],[-71.402205,41.825717],[-71.402202,41.825691],[-71.402204,41.825691],[-71.402184,41.825525],[-71.402182,41.825525],[-71.402179,41.8255],[-71.402181,41.825499],[-71.402181,41.825495],[-71.402187,41.825494],[-71.402187,41.825493],[-71.402207,41.825492],[-71.402207,41.825493],[-71.402222,41.825492],[-71.402273,41.825489],[-71.402273,41.825487],[-71.402293,41.825486],[-71.402293,41.825487],[-71.402299,41.825487],[-71.4023,41.825492],[-71.402302,41.825492],[-71.402302,41.8255],[-71.402376,41.825495],[-71.402376,41.825489],[-71.40245,41.825484],[-71.402449,41.825477],[-71.402457,41.825477],[-71.402457,41.825475],[-71.402477,41.825474],[-71.402477,41.825475],[-71.402557,41.82547],[-71.402557,41.825469],[-71.402577,41.825467],[-71.402577,41.825469],[-71.402585,41.825468],[-71.402585,41.825475],[-71.40266,41.825471],[-71.402666,41.825526],[-71.40269,41.825525],[-71.402691,41.825537],[-71.402698,41.825537],[-71.402708,41.825613],[-71.4027,41.825614],[-71.402702,41.825626],[-71.402678,41.825627]]]},"properties":{"propertyCode":"100008","label":"John Carter Brown Library","rank":0,"sortKey":0.7633,"labelMinZoom":0,"heightM":11.7,"floors":3,"year":1904,"kind":"library","placeId":"john-carter-brown-library","placeIds":["john-carter-brown-library"],"address":"94 George St","currentUse":"Library","buildingType":"BUILDING","complex":null,"aliases":["Casperson","John Carter Brown","94 George St","JCBLIBRARY"],"meetings":0}},{"type":"Feature","id":"100009","geometry":{"type":"Polygon","coordinates":[[[-71.396968,41.824942],[-71.396979,41.824937],[-71.397017,41.824936],[-71.397028,41.824941],[-71.39706,41.824941],[-71.39706,41.824936],[-71.397142,41.824935],[-71.397144,41.82501],[-71.396887,41.825014],[-71.396885,41.824944],[-71.396968,41.824942]]]},"properties":{"propertyCode":"100009","label":"Morrison-Gerard Studio","rank":1,"sortKey":1.885,"labelMinZoom":16,"heightM":8.2,"floors":2,"year":1845,"kind":"academic","placeId":"morrison-gerard-chamber-music-studios","placeIds":["morrison-gerard-chamber-music-studios"],"address":"151 Hope St","currentUse":"School","buildingType":"BUILDING","complex":null,"aliases":["151 Hope St","MOR-GERARD"],"meetings":0}},{"type":"Feature","id":"100010","geometry":{"type":"Polygon","coordinates":[[[-71.396553,41.824474],[-71.396636,41.824473],[-71.396637,41.824496],[-71.396697,41.824495],[-71.396697,41.824489],[-71.39675,41.824488],[-71.396751,41.824494],[-71.39681,41.824493],[-71.39681,41.824471],[-71.396893,41.824469],[-71.396893,41.824473],[-71.397002,41.824472],[-71.397005,41.82457],[-71.396895,41.824572],[-71.396896,41.824576],[-71.396874,41.824576],[-71.396874,41.824593],[-71.396892,41.824593],[-71.396892,41.824613],[-71.396869,41.824631],[-71.396843,41.824631],[-71.396843,41.824619],[-71.396819,41.824619],[-71.39682,41.824632],[-71.396726,41.824633],[-71.396729,41.824726],[-71.396571,41.824729],[-71.396569,41.824632],[-71.396632,41.824631],[-71.396631,41.82459],[-71.396557,41.824591],[-71.396553,41.824474]]]},"properties":{"propertyCode":"100010","label":"Orwig Music Hall","rank":0,"sortKey":0.7791,"labelMinZoom":0,"heightM":15.2,"floors":4,"year":1905,"kind":"academic","placeId":"orwig-music-hall","placeIds":["orwig-music-hall"],"address":"1 Young Orchard Ave","currentUse":"School","buildingType":"HOUSE","complex":null,"aliases":["Benton B. Orwig","1 Young Orchard Ave","ORWIG"],"meetings":47}},{"type":"Feature","id":"100012","geometry":{"type":"Polygon","coordinates":[[[-71.401307,41.829711],[-71.401474,41.829699],[-71.401505,41.829935],[-71.401455,41.829938],[-71.401456,41.829946],[-71.401339,41.829954],[-71.401307,41.829711]]]},"properties":{"propertyCode":"100012","label":"Verney-Woolley Hall","rank":1,"sortKey":1.8746,"labelMinZoom":16,"heightM":4.7,"floors":1,"year":1960,"kind":"other","placeId":"verney-woolley-dining-hall","placeIds":["verney-woolley-dining-hall"],"address":"204 Meeting St","currentUse":"Dining Room","buildingType":"BUILDING","complex":"Pembroke Quad","aliases":["Verney-Woolley Hall: Pembroke Quad","Vdub","Virginia Piggott Verney '28 & Mary Emma Woolley '94","204 Meeting St","VERN-WOOL"],"meetings":0}},{"type":"Feature","id":"100013","geometry":{"type":"Polygon","coordinates":[[[-71.402398,41.825996],[-71.402295,41.826002],[-71.402281,41.825881],[-71.402508,41.825866],[-71.402497,41.825775],[-71.402659,41.825765],[-71.402668,41.825836],[-71.402666,41.825836],[-71.402676,41.825922],[-71.402678,41.825922],[-71.402686,41.825995],[-71.402524,41.826006],[-71.402524,41.826007],[-71.4024,41.826015],[-71.402398,41.825996]]]},"properties":{"propertyCode":"100013","label":"Friedman Hall","rank":0,"sortKey":0.7976,"labelMinZoom":0,"heightM":15.2,"floors":4,"year":1891,"kind":"academic","placeId":"friedman-hall","placeIds":["friedman-hall"],"address":"90 George St","currentUse":"Classroom","buildingType":"BUILDING","complex":null,"aliases":["75-91 Waterman St","Wilson Hall","Wilsonhall","George Francis Wilson","90 George St","FRIEDMAN"],"meetings":84}},{"type":"Feature","id":"100015","geometry":{"type":"Polygon","coordinates":[[[-71.409046,41.819704],[-71.40898,41.81955],[-71.409234,41.819302],[-71.409378,41.819381],[-71.409048,41.819705],[-71.409046,41.819704]]]},"properties":{"propertyCode":"100015","label":"196 Richmond","rank":1,"sortKey":1.819,"labelMinZoom":16,"heightM":11.7,"floors":3,"year":1920,"kind":"other","placeId":null,"placeIds":[],"address":"196 Richmond St","currentUse":null,"buildingType":"BUILDING","complex":null,"aliases":["Richmond St 196","196 Richmond St","RICHMND196"],"meetings":0}},{"type":"Feature","id":"100018","geometry":{"type":"Polygon","coordinates":[[[-71.398641,41.824311],[-71.398643,41.824328],[-71.398578,41.824333],[-71.398576,41.824316],[-71.398515,41.824321],[-71.398509,41.824275],[-71.398496,41.824267],[-71.398494,41.824252],[-71.398505,41.824242],[-71.398497,41.824186],[-71.398553,41.824182],[-71.398551,41.824165],[-71.398626,41.82416],[-71.398628,41.824176],[-71.398684,41.824172],[-71.398691,41.824228],[-71.398704,41.824236],[-71.398706,41.824251],[-71.398696,41.824261],[-71.398702,41.824307],[-71.398641,41.824311]]]},"properties":{"propertyCode":"100018","label":"71-73 Charlesfield","rank":2,"sortKey":2.8547,"labelMinZoom":17,"heightM":15.2,"floors":4,"year":1870,"kind":"other","placeId":null,"placeIds":[],"address":"71-73 Charlesfield St","currentUse":"Vacant","buildingType":"HOUSE","complex":null,"aliases":["Charlesfield St 071-073","Bach","Millhouse","71-73 Charlesfield St","CHAR071-73"],"meetings":0}},{"type":"Feature","id":"100019","geometry":{"type":"Polygon","coordinates":[[[-71.405953,41.826301],[-71.405954,41.826312],[-71.405918,41.826313],[-71.405919,41.826315],[-71.40592,41.826316],[-71.405921,41.826318],[-71.405922,41.826319],[-71.405923,41.826321],[-71.405925,41.826322],[-71.405926,41.826323],[-71.405927,41.826325],[-71.405929,41.826326],[-71.40593,41.826327],[-71.405932,41.826328],[-71.405934,41.826329],[-71.405935,41.82633],[-71.405937,41.826331],[-71.405939,41.826332],[-71.405941,41.826333],[-71.405943,41.826334],[-71.405944,41.826335],[-71.405946,41.826336],[-71.405948,41.826337],[-71.40595,41.826337],[-71.405953,41.826338],[-71.405955,41.826339],[-71.405957,41.826339],[-71.405959,41.82634],[-71.405961,41.82634],[-71.405963,41.82634],[-71.405965,41.826341],[-71.405968,41.826341],[-71.40597,41.826341],[-71.405972,41.826341],[-71.405974,41.826341],[-71.405976,41.826341],[-71.405979,41.826341],[-71.406041,41.826335],[-71.40604,41.826328],[-71.406169,41.826315],[-71.406191,41.826438],[-71.406062,41.826451],[-71.406047,41.826364],[-71.405976,41.826366],[-71.405973,41.826366],[-71.40597,41.826366],[-71.405968,41.826366],[-71.405965,41.826366],[-71.405962,41.826366],[-71.405959,41.826366],[-71.405956,41.826366],[-71.405953,41.826366],[-71.40595,41.826365],[-71.405947,41.826365],[-71.405944,41.826364],[-71.405942,41.826364],[-71.405939,41.826363],[-71.405936,41.826362],[-71.405933,41.826361],[-71.405931,41.82636],[-71.405928,41.82636],[-71.405926,41.826358],[-71.405923,41.826357],[-71.405921,41.826356],[-71.405918,41.826355],[-71.405916,41.826354],[-71.405913,41.826352],[-71.405911,41.826351],[-71.405909,41.82635],[-71.405907,41.826348],[-71.405905,41.826346],[-71.405903,41.826345],[-71.405901,41.826343],[-71.405899,41.826341],[-71.405897,41.82634],[-71.405896,41.826338],[-71.405894,41.826336],[-71.405893,41.826334],[-71.405891,41.826332],[-71.40589,41.82633],[-71.405889,41.826328],[-71.405888,41.826326],[-71.405887,41.826324],[-71.405886,41.826322],[-71.405885,41.82632],[-71.405852,41.826321],[-71.405857,41.826377],[-71.405846,41.826377],[-71.405847,41.826396],[-71.405771,41.826399],[-71.405768,41.826364],[-71.405762,41.826364],[-71.405757,41.826299],[-71.40575,41.826299],[-71.405741,41.826178],[-71.40592,41.826171],[-71.405923,41.826211],[-71.405947,41.82621],[-71.405948,41.826223],[-71.405949,41.826224],[-71.405951,41.826224],[-71.405953,41.826225],[-71.405955,41.826226],[-71.405957,41.826226],[-71.405958,41.826227],[-71.40596,41.826228],[-71.405961,41.826229],[-71.405963,41.82623],[-71.405964,41.826231],[-71.405966,41.826232],[-71.405967,41.826233],[-71.405969,41.826234],[-71.40597,41.826235],[-71.405971,41.826236],[-71.405973,41.826238],[-71.405974,41.826239],[-71.405975,41.82624],[-71.405976,41.826241],[-71.405977,41.826243],[-71.405978,41.826244],[-71.405979,41.826245],[-71.405979,41.826247],[-71.40598,41.826248],[-71.405981,41.82625],[-71.405981,41.826251],[-71.405982,41.826252],[-71.405982,41.826254],[-71.405983,41.826255],[-71.405983,41.826257],[-71.405983,41.826258],[-71.405983,41.82626],[-71.405983,41.826261],[-71.405983,41.826263],[-71.405983,41.826264],[-71.405983,41.826266],[-71.405983,41.826267],[-71.405983,41.826269],[-71.405983,41.82627],[-71.405982,41.826272],[-71.405982,41.826273],[-71.405981,41.826275],[-71.405981,41.826276],[-71.40598,41.826277],[-71.405979,41.826279],[-71.405979,41.82628],[-71.405978,41.826282],[-71.405977,41.826283],[-71.405976,41.826284],[-71.405975,41.826286],[-71.405974,41.826287],[-71.405973,41.826288],[-71.405971,41.826289],[-71.40597,41.82629],[-71.405969,41.826292],[-71.405967,41.826293],[-71.405966,41.826294],[-71.405965,41.826295],[-71.405963,41.826296],[-71.405961,41.826297],[-71.40596,41.826298],[-71.405958,41.826298],[-71.405957,41.826299],[-71.405955,41.8263],[-71.405953,41.826301]]]},"properties":{"propertyCode":"100019","label":"Gerard House","rank":2,"sortKey":2.8405,"labelMinZoom":17,"heightM":8.2,"floors":2,"year":1838,"kind":"admin","placeId":"gerard-house","placeIds":["gerard-house"],"address":"54 College St","currentUse":"Office","buildingType":"HOUSE","complex":null,"aliases":["Gerard House, Samuel N.","Whipple Slater House","Samuel N. Gerard","54 College St","GERARDHSE"],"meetings":17}},{"type":"Feature","id":"100020","geometry":{"type":"Polygon","coordinates":[[[-71.405535,41.826658],[-71.405542,41.826712],[-71.405329,41.826726],[-71.405312,41.826582],[-71.405239,41.826586],[-71.405216,41.826389],[-71.405289,41.826384],[-71.405271,41.826229],[-71.405483,41.826215],[-71.405522,41.826544],[-71.405683,41.826533],[-71.405696,41.826647],[-71.405535,41.826658]]]},"properties":{"propertyCode":"100020","label":"List Art","rank":0,"sortKey":0.6211,"labelMinZoom":0,"heightM":18.7,"floors":5,"year":1971,"kind":"academic","placeId":"list-art-building","placeIds":["list-art-building"],"address":"64 College St","currentUse":"School","buildingType":"BUILDING","complex":null,"aliases":["List (Albert & Vera) Art Building","62-64 College St","Albert & Vera List","64 College St","LISTART"],"meetings":63}},{"type":"Feature","id":"100021","geometry":{"type":"Polygon","coordinates":[[[-71.398714,41.831654],[-71.398658,41.831713],[-71.39862,41.831692],[-71.398571,41.831661],[-71.398592,41.831645],[-71.398544,41.831606],[-71.398573,41.83159],[-71.398543,41.831542],[-71.398546,41.831541],[-71.398517,41.831487],[-71.398466,41.831491],[-71.398418,41.83141],[-71.398483,41.831405],[-71.398482,41.831404],[-71.398517,41.831401],[-71.398517,41.83139],[-71.398516,41.831379],[-71.398517,41.831367],[-71.398518,41.831356],[-71.398519,41.831345],[-71.398521,41.831333],[-71.398523,41.831322],[-71.398526,41.831311],[-71.39853,41.8313],[-71.398533,41.831289],[-71.398538,41.831278],[-71.398543,41.831268],[-71.398548,41.831257],[-71.398554,41.831247],[-71.398561,41.831236],[-71.398567,41.831226],[-71.398575,41.831216],[-71.398583,41.831207],[-71.398591,41.831197],[-71.3986,41.831188],[-71.398609,41.831179],[-71.398618,41.83117],[-71.398628,41.831161],[-71.398632,41.831158],[-71.398607,41.831142],[-71.398606,41.831142],[-71.398606,41.831141],[-71.398606,41.831141],[-71.398606,41.831141],[-71.398605,41.83114],[-71.398605,41.83114],[-71.398605,41.83114],[-71.398605,41.831139],[-71.398604,41.831139],[-71.398604,41.831139],[-71.398604,41.831138],[-71.398604,41.831138],[-71.398604,41.831138],[-71.398604,41.831137],[-71.398604,41.831137],[-71.398603,41.831136],[-71.398603,41.831136],[-71.398603,41.831136],[-71.398603,41.831135],[-71.398603,41.831135],[-71.398603,41.831134],[-71.398603,41.831134],[-71.398603,41.831134],[-71.398603,41.831133],[-71.398603,41.831133],[-71.398604,41.831133],[-71.398604,41.831132],[-71.398604,41.831132],[-71.398604,41.831131],[-71.398604,41.831131],[-71.398604,41.831131],[-71.398605,41.83113],[-71.398605,41.83113],[-71.398605,41.83113],[-71.398605,41.831129],[-71.398605,41.831129],[-71.398606,41.831129],[-71.398606,41.831128],[-71.398606,41.831128],[-71.398607,41.831128],[-71.398607,41.831127],[-71.398607,41.831127],[-71.398608,41.831127],[-71.398608,41.831126],[-71.398609,41.831126],[-71.398609,41.831126],[-71.398609,41.831126],[-71.398657,41.831093],[-71.398657,41.831093],[-71.398656,41.831092],[-71.398656,41.831092],[-71.398656,41.831091],[-71.398655,41.831091],[-71.398655,41.83109],[-71.398655,41.83109],[-71.398654,41.831089],[-71.398654,41.831089],[-71.398654,41.831088],[-71.398654,41.831087],[-71.398654,41.831087],[-71.398653,41.831086],[-71.398653,41.831086],[-71.398653,41.831085],[-71.398653,41.831085],[-71.398653,41.831084],[-71.398653,41.831084],[-71.398653,41.831083],[-71.398653,41.831082],[-71.398653,41.831082],[-71.398653,41.831081],[-71.398653,41.831081],[-71.398654,41.83108],[-71.398654,41.83108],[-71.398654,41.831079],[-71.398654,41.831078],[-71.398654,41.831078],[-71.398655,41.831077],[-71.398655,41.831077],[-71.398655,41.831076],[-71.398656,41.831076],[-71.398656,41.831075],[-71.398656,41.831075],[-71.398657,41.831074],[-71.398657,41.831074],[-71.398658,41.831073],[-71.398658,41.831073],[-71.398659,41.831073],[-71.398659,41.831072],[-71.39866,41.831072],[-71.39866,41.831071],[-71.398661,41.831071],[-71.398662,41.831071],[-71.398662,41.83107],[-71.398663,41.83107],[-71.398663,41.83107],[-71.398664,41.831069],[-71.398665,41.831069],[-71.398665,41.831069],[-71.398666,41.831069],[-71.398667,41.831068],[-71.398667,41.831068],[-71.398668,41.831068],[-71.398669,41.831068],[-71.39867,41.831068],[-71.39867,41.831068],[-71.398671,41.831067],[-71.398672,41.831067],[-71.398673,41.831067],[-71.398673,41.831067],[-71.398674,41.831067],[-71.398675,41.831067],[-71.398676,41.831067],[-71.398676,41.831067],[-71.398677,41.831067],[-71.398678,41.831067],[-71.398679,41.831067],[-71.39868,41.831067],[-71.39868,41.831068],[-71.398681,41.831068],[-71.398682,41.831068],[-71.398682,41.831068],[-71.398683,41.831068],[-71.398684,41.831069],[-71.398685,41.831069],[-71.398685,41.831069],[-71.398686,41.831069],[-71.398687,41.83107],[-71.398687,41.83107],[-71.398688,41.83107],[-71.398688,41.831071],[-71.398689,41.831071],[-71.39869,41.831071],[-71.398703,41.831065],[-71.398717,41.831059],[-71.398731,41.831053],[-71.398745,41.831048],[-71.39876,41.831043],[-71.398775,41.831038],[-71.39879,41.831034],[-71.398805,41.83103],[-71.39882,41.831027],[-71.39882,41.831026],[-71.39882,41.831026],[-71.39882,41.831025],[-71.39882,41.831025],[-71.39882,41.831024],[-71.39882,41.831024],[-71.398821,41.831023],[-71.398821,41.831022],[-71.398821,41.831022],[-71.398821,41.831021],[-71.398821,41.831021],[-71.398822,41.83102],[-71.398822,41.83102],[-71.398822,41.831019],[-71.398823,41.831019],[-71.398823,41.831018],[-71.398823,41.831018],[-71.398824,41.831017],[-71.398824,41.831017],[-71.398825,41.831016],[-71.398825,41.831016],[-71.398826,41.831016],[-71.398826,41.831015],[-71.398827,41.831015],[-71.398827,41.831014],[-71.398828,41.831014],[-71.398829,41.831014],[-71.398829,41.831013],[-71.39883,41.831013],[-71.39883,41.831013],[-71.398831,41.831012],[-71.398832,41.831012],[-71.398832,41.831012],[-71.398833,41.831012],[-71.398834,41.831011],[-71.398835,41.831011],[-71.398835,41.831011],[-71.398836,41.831011],[-71.398837,41.831011],[-71.398837,41.831011],[-71.398838,41.831011],[-71.398839,41.83101],[-71.39884,41.83101],[-71.398841,41.83101],[-71.398841,41.83101],[-71.398842,41.83101],[-71.398843,41.83101],[-71.398844,41.83101],[-71.398844,41.83101],[-71.398845,41.83101],[-71.398846,41.831011],[-71.398847,41.831011],[-71.398847,41.831011],[-71.398848,41.831011],[-71.398849,41.831011],[-71.398849,41.831011],[-71.39885,41.831011],[-71.398851,41.831012],[-71.398852,41.831012],[-71.398852,41.831012],[-71.398853,41.831012],[-71.398854,41.831013],[-71.398854,41.831013],[-71.398855,41.831013],[-71.398855,41.831014],[-71.398856,41.831014],[-71.398857,41.831014],[-71.398857,41.831015],[-71.398858,41.831015],[-71.398858,41.831016],[-71.398859,41.831016],[-71.398859,41.831017],[-71.39886,41.831017],[-71.39886,41.831017],[-71.39886,41.831018],[-71.398861,41.831018],[-71.398861,41.831019],[-71.398862,41.831019],[-71.398862,41.83102],[-71.398862,41.83102],[-71.398863,41.831021],[-71.398863,41.831022],[-71.398863,41.831022],[-71.398863,41.831023],[-71.398863,41.831023],[-71.398929,41.831018],[-71.39893,41.831018],[-71.39893,41.831018],[-71.398931,41.831018],[-71.398931,41.831018],[-71.398932,41.831018],[-71.398932,41.831018],[-71.398933,41.831018],[-71.398933,41.831018],[-71.398934,41.831018],[-71.398934,41.831018],[-71.398935,41.831018],[-71.398935,41.831018],[-71.398935,41.831019],[-71.398936,41.831019],[-71.398936,41.831019],[-71.398937,41.831019],[-71.398937,41.831019],[-71.398938,41.831019],[-71.398938,41.83102],[-71.398939,41.83102],[-71.398939,41.83102],[-71.398939,41.83102],[-71.39894,41.83102],[-71.39894,41.831021],[-71.39894,41.831021],[-71.398941,41.831021],[-71.398941,41.831022],[-71.398942,41.831022],[-71.398942,41.831022],[-71.398942,41.831022],[-71.398942,41.831023],[-71.398943,41.831023],[-71.398943,41.831023],[-71.398943,41.831024],[-71.398943,41.831024],[-71.398944,41.831024],[-71.398944,41.831025],[-71.398944,41.831025],[-71.398944,41.831025],[-71.398944,41.831026],[-71.398944,41.831026],[-71.398944,41.831027],[-71.398945,41.831027],[-71.398945,41.831027],[-71.398945,41.831028],[-71.398945,41.831028],[-71.398945,41.831028],[-71.398945,41.831029],[-71.398945,41.831029],[-71.398945,41.831052],[-71.39896,41.831052],[-71.398975,41.831052],[-71.39899,41.831053],[-71.399005,41.831054],[-71.39902,41.831056],[-71.399034,41.831058],[-71.399049,41.83106],[-71.399064,41.831062],[-71.399078,41.831065],[-71.399093,41.831069],[-71.399107,41.831072],[-71.399121,41.831077],[-71.399134,41.831081],[-71.399148,41.831086],[-71.399161,41.831091],[-71.399175,41.831096],[-71.399187,41.831102],[-71.3992,41.831108],[-71.399212,41.831115],[-71.399224,41.831122],[-71.399236,41.831129],[-71.399247,41.831136],[-71.399258,41.831144],[-71.399269,41.831152],[-71.399279,41.83116],[-71.399289,41.831168],[-71.399299,41.831177],[-71.399308,41.831186],[-71.399316,41.831195],[-71.399325,41.831204],[-71.399333,41.831214],[-71.39934,41.831224],[-71.399347,41.831234],[-71.399353,41.831244],[-71.399359,41.831254],[-71.399365,41.831265],[-71.39937,41.831275],[-71.399374,41.831286],[-71.399378,41.831297],[-71.399382,41.831308],[-71.399385,41.831319],[-71.399388,41.83133],[-71.39939,41.831341],[-71.399391,41.831353],[-71.399392,41.831364],[-71.399393,41.831375],[-71.399393,41.831387],[-71.399392,41.831398],[-71.399391,41.83141],[-71.399389,41.831421],[-71.399387,41.831432],[-71.399384,41.831444],[-71.399381,41.831455],[-71.399377,41.831466],[-71.399373,41.831477],[-71.399368,41.831488],[-71.399363,41.831499],[-71.399357,41.831509],[-71.399351,41.83152],[-71.399344,41.83153],[-71.399337,41.83154],[-71.399329,41.83155],[-71.399321,41.831559],[-71.399312,41.831569],[-71.399303,41.831578],[-71.399294,41.831587],[-71.399284,41.831596],[-71.399274,41.831604],[-71.399263,41.831613],[-71.399252,41.83162],[-71.399241,41.831628],[-71.399229,41.831635],[-71.399217,41.831642],[-71.399204,41.831649],[-71.399192,41.831655],[-71.399178,41.831662],[-71.399165,41.831667],[-71.399152,41.831673],[-71.399138,41.831677],[-71.399124,41.831682],[-71.39911,41.831686],[-71.399095,41.83169],[-71.399081,41.831694],[-71.399066,41.831697],[-71.399051,41.831699],[-71.399036,41.831702],[-71.399021,41.831704],[-71.399006,41.831705],[-71.398991,41.831706],[-71.398975,41.831707],[-71.39896,41.831708],[-71.398945,41.831707],[-71.398929,41.831707],[-71.398914,41.831706],[-71.398899,41.831705],[-71.398884,41.831703],[-71.398869,41.831701],[-71.398854,41.831699],[-71.398839,41.831696],[-71.398824,41.831693],[-71.39881,41.831689],[-71.398795,41.831685],[-71.398781,41.831681],[-71.398767,41.831676],[-71.398754,41.831671],[-71.39874,41.831666],[-71.398727,41.83166],[-71.398714,41.831654]]]},"properties":{"propertyCode":"100021","label":"Meehan Auditorium","rank":0,"sortKey":0.5424,"labelMinZoom":0,"heightM":8.2,"floors":2,"year":1961,"kind":"other","placeId":"meehan-auditorium","placeIds":["meehan-auditorium"],"address":"235 Hope St","currentUse":"Ice Rink","buildingType":"BUILDING","complex":null,"aliases":["George V. Meehan Auditorium","235 Hope St","MEEHAN"],"meetings":0}},{"type":"Feature","id":"100024","geometry":{"type":"Polygon","coordinates":[[[-71.40083,41.830417],[-71.400838,41.830479],[-71.400715,41.830487],[-71.400708,41.830426],[-71.40083,41.830417]]]},"properties":{"propertyCode":"100024","label":"307 Thayer","rank":2,"sortKey":2.8903,"labelMinZoom":17,"heightM":11.7,"floors":3,"year":1865,"kind":"other","placeId":null,"placeIds":[],"address":"307 Thayer St","currentUse":"Apartments (02)","buildingType":"HOUSE","complex":null,"aliases":["Thayer St 307","307 Thayer St","THAYER307"],"meetings":0}},{"type":"Feature","id":"100025","geometry":{"type":"Polygon","coordinates":[[[-71.397907,41.827094],[-71.397918,41.827155],[-71.397834,41.827164],[-71.397839,41.827191],[-71.397805,41.827194],[-71.397729,41.827202],[-71.397713,41.827114],[-71.397907,41.827094]]]},"properties":{"propertyCode":"100025","label":"137 Waterman","rank":2,"sortKey":2.8884,"labelMinZoom":17,"heightM":8.2,"floors":2,"year":1910,"kind":"other","placeId":null,"placeIds":[],"address":"137 Waterman St","currentUse":"Lab/Off","buildingType":"HOUSE","complex":null,"aliases":["Waterman St 137","137 Waterman St","WATER137"],"meetings":0}},{"type":"Feature","id":"100026","geometry":{"type":"Polygon","coordinates":[[[-71.403298,41.827982],[-71.4033,41.827982],[-71.403304,41.827979],[-71.403305,41.827978],[-71.403306,41.827978],[-71.403313,41.827983],[-71.403317,41.827979],[-71.403331,41.827966],[-71.403335,41.827962],[-71.403327,41.827958],[-71.403327,41.827957],[-71.403327,41.827956],[-71.403331,41.827953],[-71.403331,41.827951],[-71.403338,41.827951],[-71.403338,41.827951],[-71.403339,41.827951],[-71.403339,41.827951],[-71.403447,41.827941],[-71.403447,41.827942],[-71.403448,41.827942],[-71.403448,41.827941],[-71.403452,41.82794],[-71.403455,41.82794],[-71.403455,41.827941],[-71.403456,41.827941],[-71.403456,41.827942],[-71.403481,41.827939],[-71.403481,41.827939],[-71.403481,41.827939],[-71.403481,41.827939],[-71.403485,41.827938],[-71.403483,41.827929],[-71.403481,41.827917],[-71.40363,41.827904],[-71.403638,41.827956],[-71.403706,41.82795],[-71.403698,41.827898],[-71.403849,41.827884],[-71.403855,41.827923],[-71.403858,41.827923],[-71.403862,41.827916],[-71.403876,41.827915],[-71.403882,41.82792],[-71.403888,41.82792],[-71.403897,41.827976],[-71.403862,41.827979],[-71.403887,41.828139],[-71.403665,41.828158],[-71.403647,41.828047],[-71.403504,41.828059],[-71.40348,41.828083],[-71.403443,41.828086],[-71.403453,41.828146],[-71.403472,41.828144],[-71.403474,41.828155],[-71.403484,41.828154],[-71.403487,41.828175],[-71.403478,41.828176],[-71.40349,41.828246],[-71.403322,41.828262],[-71.403322,41.82826],[-71.403321,41.82826],[-71.403305,41.828164],[-71.403305,41.828164],[-71.403305,41.828162],[-71.403301,41.828163],[-71.40329,41.828099],[-71.403341,41.828094],[-71.403338,41.828072],[-71.40332,41.828074],[-71.40332,41.828075],[-71.403313,41.828075],[-71.403298,41.827982]]]},"properties":{"propertyCode":"100026","label":"Brown Hillel House","rank":1,"sortKey":1.7808,"labelMinZoom":16,"heightM":8.2,"floors":2,"year":1950,"kind":"other","placeId":"brown-risd-hillel","placeIds":["brown-risd-hillel"],"address":"80 Brown St","currentUse":null,"buildingType":"BUILDING","complex":null,"aliases":["Hillel House","80 Brown St","HILLELHSE"],"meetings":4}},{"type":"Feature","id":"100030","geometry":{"type":"Polygon","coordinates":[[[-71.396376,41.825022],[-71.396372,41.824867],[-71.396404,41.824867],[-71.396419,41.824867],[-71.396419,41.824864],[-71.39643,41.824864],[-71.39643,41.824867],[-71.396464,41.824867],[-71.396464,41.824863],[-71.396475,41.824863],[-71.396475,41.824866],[-71.396883,41.824859],[-71.396885,41.824944],[-71.396887,41.825014],[-71.396376,41.825022]]]},"properties":{"propertyCode":"100030","label":"Grant Fulton Halls","rank":1,"sortKey":1.8572,"labelMinZoom":16,"heightM":4.7,"floors":1,"year":1845,"kind":"other","placeId":"grant-fulton","placeIds":["grant-fulton"],"address":"105 Benevolent St","currentUse":"Assembly","buildingType":"BUILDING","complex":null,"aliases":["Grant Fulton","Max L. Grant & Marshall N. Fulton","105 Benevolent St","GRANTFULT"],"meetings":0}},{"type":"Feature","id":"100031","geometry":{"type":"Polygon","coordinates":[[[-71.402744,41.827537],[-71.402705,41.827307],[-71.402708,41.827307],[-71.402707,41.8273],[-71.402703,41.8273],[-71.402702,41.827295],[-71.402703,41.827295],[-71.402695,41.827246],[-71.402693,41.827246],[-71.402692,41.827241],[-71.402697,41.827241],[-71.402692,41.827216],[-71.402688,41.827217],[-71.402687,41.827211],[-71.402689,41.827211],[-71.40268,41.827163],[-71.402679,41.827163],[-71.402678,41.827157],[-71.402797,41.827146],[-71.402807,41.827205],[-71.402872,41.827199],[-71.402877,41.827229],[-71.402917,41.827225],[-71.402944,41.827381],[-71.402937,41.827382],[-71.402938,41.827382],[-71.402913,41.827384],[-71.402951,41.827607],[-71.402974,41.827732],[-71.402781,41.82775],[-71.402751,41.827574],[-71.402738,41.827576],[-71.402739,41.827576],[-71.402693,41.827581],[-71.402686,41.827543],[-71.402732,41.827538],[-71.402732,41.827539],[-71.402745,41.827538],[-71.402744,41.827537]]]},"properties":{"propertyCode":"100031","label":"Page-Robinson Hall","rank":0,"sortKey":0.6089,"labelMinZoom":0,"heightM":22.2,"floors":6,"year":1962,"kind":"academic","placeId":"page-robinson-hall","placeIds":["page-robinson-hall"],"address":"69 Brown St","currentUse":"School/Lab","buildingType":"BUILDING","complex":null,"aliases":["J. Walter Wilson Building","James Walter Wilson","69 Brown St","PAGEROBHLL"],"meetings":110}},{"type":"Feature","id":"100032","geometry":{"type":"Polygon","coordinates":[[[-71.400044,41.825883],[-71.400078,41.825881],[-71.400053,41.825673],[-71.4001,41.82567],[-71.400101,41.825671],[-71.400121,41.82567],[-71.400127,41.825669],[-71.400127,41.825669],[-71.400135,41.825668],[-71.400135,41.825665],[-71.400159,41.825663],[-71.40016,41.825667],[-71.400168,41.825666],[-71.400168,41.825667],[-71.400174,41.825666],[-71.400174,41.825665],[-71.400198,41.825663],[-71.40023,41.825661],[-71.400242,41.82566],[-71.400257,41.825786],[-71.400256,41.825786],[-71.400256,41.82579],[-71.400257,41.825789],[-71.400266,41.825864],[-71.400267,41.825868],[-71.400278,41.825961],[-71.400277,41.825961],[-71.400278,41.825964],[-71.400279,41.825964],[-71.4003,41.826136],[-71.400298,41.826136],[-71.400299,41.826139],[-71.4003,41.826139],[-71.400321,41.826311],[-71.40032,41.826311],[-71.40032,41.826314],[-71.400321,41.826314],[-71.400322,41.826317],[-71.400096,41.826332],[-71.400098,41.826343],[-71.400074,41.826345],[-71.400074,41.826352],[-71.40004,41.826354],[-71.400039,41.826347],[-71.400015,41.826349],[-71.400014,41.826338],[-71.400011,41.826338],[-71.400011,41.826338],[-71.399984,41.82634],[-71.399984,41.826335],[-71.399987,41.826335],[-71.399984,41.826304],[-71.39998,41.826304],[-71.39998,41.826304],[-71.399975,41.826304],[-71.399975,41.826305],[-71.399974,41.826306],[-71.399973,41.826307],[-71.399972,41.826298],[-71.399971,41.826291],[-71.39997,41.826288],[-71.399969,41.826285],[-71.399968,41.826282],[-71.399966,41.826279],[-71.399963,41.826273],[-71.39996,41.826269],[-71.399956,41.826263],[-71.399945,41.826247],[-71.399931,41.826227],[-71.399927,41.826221],[-71.399925,41.826218],[-71.399923,41.826215],[-71.399921,41.826211],[-71.39992,41.826208],[-71.399918,41.826205],[-71.399917,41.826202],[-71.399916,41.826198],[-71.399915,41.826195],[-71.399915,41.826192],[-71.399914,41.826188],[-71.399903,41.826097],[-71.399907,41.826096],[-71.399906,41.826089],[-71.399884,41.826091],[-71.399881,41.826065],[-71.399903,41.826063],[-71.399902,41.826056],[-71.399898,41.826056],[-71.399892,41.826012],[-71.399961,41.826007],[-71.399944,41.82589],[-71.400044,41.825883]]]},"properties":{"propertyCode":"100032","label":"Macmillan Hall","rank":0,"sortKey":0.5669,"labelMinZoom":0,"heightM":15.2,"floors":4,"year":1998,"kind":"academic","placeId":"macmillan-hall","placeIds":["macmillan-hall"],"address":"167 Thayer St","currentUse":"School","buildingType":"BUILDING","complex":null,"aliases":["W. Duncan Macmillan Hall","167 Thayer St","MACMILLAN"],"meetings":28}},{"type":"Feature","id":"100033","geometry":{"type":"Polygon","coordinates":[[[-71.402042,41.824653],[-71.402071,41.824856],[-71.401823,41.824875],[-71.40182,41.824857],[-71.401798,41.824859],[-71.401787,41.824784],[-71.401809,41.824782],[-71.401807,41.824764],[-71.401942,41.824753],[-71.401929,41.824662],[-71.401912,41.824663],[-71.401896,41.824552],[-71.401914,41.82455],[-71.401905,41.824492],[-71.401888,41.824493],[-71.401861,41.824307],[-71.401885,41.824305],[-71.401883,41.824289],[-71.401983,41.82428],[-71.401986,41.824297],[-71.402009,41.824296],[-71.402036,41.824482],[-71.402018,41.824483],[-71.402026,41.824542],[-71.402044,41.82454],[-71.40205,41.824585],[-71.402054,41.824607],[-71.40206,41.824651],[-71.402042,41.824653]]]},"properties":{"propertyCode":"100033","label":"Olney House","rank":1,"sortKey":1.7155,"labelMinZoom":16,"heightM":18.7,"floors":5,"year":1951,"kind":"residence","placeId":"olney-house","placeIds":["olney-house"],"address":"29 Brown St","currentUse":"Dormitory","buildingType":"BUILDING","complex":"Wriston Quad","aliases":["Olney House: Wriston Quad","113 George St","Richard Olney 1856","Delta Tau","Greek","Sigma Chi","29 Brown St","OLNEY"],"meetings":0}},{"type":"Feature","id":"100034","geometry":{"type":"Polygon","coordinates":[[[-71.405028,41.826725],[-71.40504,41.826801],[-71.404948,41.826808],[-71.404952,41.826836],[-71.4048,41.826848],[-71.404783,41.826733],[-71.404875,41.826725],[-71.404875,41.826723],[-71.404891,41.826709],[-71.404915,41.826707],[-71.404935,41.826719],[-71.405022,41.826712],[-71.405024,41.826726],[-71.405028,41.826725]]]},"properties":{"propertyCode":"100034","label":"Prospect House","rank":2,"sortKey":2.8546,"labelMinZoom":17,"heightM":15.2,"floors":4,"year":1875,"kind":"admin","placeId":"prospect-house","placeIds":["prospect-house"],"address":"36 Prospect St","currentUse":"Office","buildingType":"HOUSE","complex":null,"aliases":["36 Prospect St","PROSPECHSE"],"meetings":3}},{"type":"Feature","id":"100035","geometry":{"type":"Polygon","coordinates":[[[-71.410187,41.818758],[-71.410251,41.818754],[-71.410251,41.818753],[-71.41026,41.818752],[-71.41026,41.818753],[-71.410295,41.818751],[-71.41028,41.818627],[-71.410281,41.818627],[-71.410277,41.818593],[-71.410276,41.818593],[-71.410275,41.818584],[-71.410299,41.818548],[-71.410372,41.818543],[-71.410371,41.818531],[-71.41037,41.818525],[-71.410472,41.818518],[-71.410477,41.818557],[-71.410519,41.818555],[-71.410518,41.818554],[-71.410528,41.818553],[-71.410542,41.818899],[-71.409925,41.81894],[-71.409898,41.818829],[-71.40986,41.818672],[-71.409821,41.818511],[-71.410032,41.818497],[-71.41003,41.818486],[-71.410076,41.818483],[-71.410077,41.818494],[-71.410099,41.818492],[-71.410119,41.818657],[-71.4101,41.818658],[-71.410112,41.818763],[-71.410178,41.818758],[-71.410178,41.818758],[-71.410187,41.818757],[-71.410187,41.818758]]]},"properties":{"propertyCode":"100035","label":"70 Ship","rank":0,"sortKey":0.4398,"labelMinZoom":0,"heightM":18.7,"floors":5,"year":1902,"kind":"other","placeId":"70-ship-street","placeIds":["70-ship-street"],"address":"70 Ship St","currentUse":null,"buildingType":"BUILDING","complex":null,"aliases":["Ship St 070","70 Ship St","SHIPST070"],"meetings":0}},{"type":"Feature","id":"100036","geometry":{"type":"Polygon","coordinates":[[[-71.399999,41.823822],[-71.399841,41.823834],[-71.399842,41.823838],[-71.399789,41.823842],[-71.399788,41.823837],[-71.399673,41.823846],[-71.399674,41.82385],[-71.399621,41.823854],[-71.39962,41.82385],[-71.399471,41.82386],[-71.399471,41.823865],[-71.399419,41.823869],[-71.399418,41.823864],[-71.399344,41.82387],[-71.399326,41.823748],[-71.399328,41.823748],[-71.399315,41.823644],[-71.399313,41.823645],[-71.399275,41.823339],[-71.399266,41.823265],[-71.399263,41.823265],[-71.399248,41.823144],[-71.39925,41.823144],[-71.39925,41.823142],[-71.399366,41.823133],[-71.399412,41.82313],[-71.399412,41.823132],[-71.399415,41.823131],[-71.399433,41.823253],[-71.39943,41.823253],[-71.399478,41.823633],[-71.399475,41.823633],[-71.399488,41.823736],[-71.399605,41.823729],[-71.399605,41.823723],[-71.399656,41.82372],[-71.399657,41.823725],[-71.399773,41.823716],[-71.399773,41.823711],[-71.399825,41.823708],[-71.399825,41.823712],[-71.399984,41.823701],[-71.39999,41.823754],[-71.399999,41.823822]]]},"properties":{"propertyCode":"100036","label":"Gregorian Quad A","rank":0,"sortKey":0.4853,"labelMinZoom":0,"heightM":18.7,"floors":5,"year":1991,"kind":"residence","placeId":"vartan-gregorian-quad-a","placeIds":["vartan-gregorian-quad-a"],"address":"103 Thayer St","currentUse":"Dormitory","buildingType":"BUILDING","complex":null,"aliases":["Vartan Gregorian Quad A","101 Thayer St","President Vartan Gregorian","103 Thayer St","VGQUADA"],"meetings":0}},{"type":"Feature","id":"100038","geometry":{"type":"Polygon","coordinates":[[[-71.400517,41.830541],[-71.400519,41.830575],[-71.400561,41.830573],[-71.400568,41.830653],[-71.400594,41.830652],[-71.40061,41.830663],[-71.400612,41.830685],[-71.400597,41.830698],[-71.400571,41.830699],[-71.400574,41.830734],[-71.400411,41.830741],[-71.400411,41.830733],[-71.400398,41.830733],[-71.400382,41.830723],[-71.40038,41.830701],[-71.400394,41.830689],[-71.400408,41.830688],[-71.400401,41.830615],[-71.400412,41.830614],[-71.400409,41.83058],[-71.400482,41.830577],[-71.400479,41.830542],[-71.400517,41.830541]]]},"properties":{"propertyCode":"100038","label":"247 Bowen","rank":2,"sortKey":2.854,"labelMinZoom":17,"heightM":15.2,"floors":4,"year":1895,"kind":"other","placeId":null,"placeIds":[],"address":"247 Bowen St","currentUse":"Apartments (09)","buildingType":"HOUSE","complex":null,"aliases":["Bowen St 247","247 Bowen St","BOWEN247"],"meetings":0}},{"type":"Feature","id":"100043","geometry":{"type":"Polygon","coordinates":[[[-71.398396,41.824272],[-71.398229,41.824284],[-71.398232,41.824311],[-71.398162,41.824316],[-71.398159,41.82429],[-71.39802,41.8243],[-71.398014,41.824251],[-71.398045,41.824248],[-71.398041,41.824215],[-71.39816,41.824206],[-71.398156,41.824178],[-71.3982,41.824174],[-71.398203,41.824203],[-71.398322,41.824194],[-71.398323,41.824205],[-71.398361,41.824202],[-71.398367,41.824243],[-71.398392,41.824241],[-71.398396,41.824272]]]},"properties":{"propertyCode":"100043","label":"75 Charlesfield","rank":1,"sortKey":1.8621,"labelMinZoom":16,"heightM":11.7,"floors":3,"year":1967,"kind":"admin","placeId":"department-of-public-safety","placeIds":["department-of-public-safety"],"address":"75 Charlesfield St","currentUse":"Office","buildingType":"BUILDING","complex":null,"aliases":["Charlesfield St 075","75-77 Charlesfield St","Char075-77","Memorial Hall","75 Charlesfield St","CHAR075"],"meetings":0}},{"type":"Feature","id":"100044","geometry":{"type":"Polygon","coordinates":[[[-71.4029,41.826804],[-71.403078,41.826789],[-71.403078,41.826786],[-71.403223,41.826774],[-71.403223,41.826777],[-71.403262,41.826774],[-71.403258,41.826748],[-71.403414,41.826735],[-71.403418,41.82676],[-71.403465,41.826756],[-71.403465,41.826758],[-71.403597,41.826747],[-71.403615,41.826875],[-71.403474,41.826887],[-71.403474,41.826885],[-71.403432,41.826888],[-71.403436,41.826912],[-71.403284,41.826924],[-71.403281,41.826901],[-71.403239,41.826904],[-71.40324,41.826906],[-71.403099,41.826917],[-71.403098,41.826911],[-71.40306,41.826914],[-71.40306,41.826915],[-71.402918,41.826926],[-71.402919,41.826932],[-71.402785,41.826943],[-71.402786,41.826947],[-71.40259,41.826962],[-71.40259,41.826961],[-71.402537,41.826966],[-71.402536,41.826962],[-71.40234,41.826977],[-71.402328,41.826898],[-71.402307,41.8269],[-71.402298,41.826836],[-71.402319,41.826834],[-71.402309,41.82676],[-71.40236,41.826757],[-71.402357,41.826738],[-71.402457,41.82673],[-71.402459,41.826745],[-71.402509,41.826741],[-71.40252,41.82681],[-71.402746,41.826791],[-71.402749,41.82681],[-71.402763,41.826808],[-71.402764,41.826813],[-71.402899,41.826801],[-71.4029,41.826804]]]},"properties":{"propertyCode":"100044","label":"Faunce House","rank":0,"sortKey":0.5801,"labelMinZoom":0,"heightM":15.2,"floors":4,"year":1903,"kind":"other","placeId":"stephen-robert-62-campus-center","placeIds":["blue-room","stephen-robert-62-campus-center"],"address":"75 Waterman St","currentUse":"Bar/Office","buildingType":"BUILDING","complex":null,"aliases":["Admission Welcome Center","Office Of College Admission","Stephen Robert '62 Campus Center","Stephen Robert Campus Center","President William Herbert Perry Faunce","Admissions","75 Waterman St","FAUNCEHSE"],"meetings":0}},{"type":"Feature","id":"100045","geometry":{"type":"Polygon","coordinates":[[[-71.403944,41.826583],[-71.403946,41.826712],[-71.403948,41.826712],[-71.403949,41.826784],[-71.403947,41.826784],[-71.403949,41.826913],[-71.403802,41.826923],[-71.403799,41.826785],[-71.403797,41.826785],[-71.403796,41.826714],[-71.403798,41.826713],[-71.403796,41.826585],[-71.403944,41.826583]]]},"properties":{"propertyCode":"100045","label":"Hope College","rank":1,"sortKey":1.7709,"labelMinZoom":16,"heightM":22.2,"floors":6,"year":1822,"kind":"residence","placeId":"hope-college","placeIds":["hope-college"],"address":"71 Waterman St","currentUse":"Dormitory","buildingType":"BUILDING","complex":null,"aliases":["21 Prospect St","Hope Brown Ives","71 Waterman St","HOPECOLL"],"meetings":0}},{"type":"Feature","id":"100046","geometry":{"type":"Polygon","coordinates":[[[-71.402072,41.825511],[-71.402074,41.825532],[-71.402076,41.825532],[-71.402106,41.825794],[-71.402104,41.825794],[-71.402105,41.825801],[-71.402025,41.825806],[-71.402023,41.825786],[-71.401972,41.825789],[-71.401971,41.825779],[-71.401969,41.825779],[-71.40194,41.82553],[-71.401942,41.82553],[-71.401941,41.825519],[-71.402072,41.825511]]]},"properties":{"propertyCode":"100046","label":"Littlefield Hall","rank":1,"sortKey":1.8187,"labelMinZoom":16,"heightM":18.7,"floors":5,"year":1926,"kind":"residence","placeId":"littlefield-hall","placeIds":["littlefield-hall"],"address":"102 George St","currentUse":"Dormitory","buildingType":"BUILDING","complex":null,"aliases":["100-102 George St","George L. Littlefield","102 George St","LITTLEFLD"],"meetings":0}},{"type":"Feature","id":"100048","geometry":{"type":"Polygon","coordinates":[[[-71.402255,41.827246],[-71.40228,41.827243],[-71.402279,41.827241],[-71.402368,41.827233],[-71.402373,41.827257],[-71.402378,41.827257],[-71.40238,41.827267],[-71.402375,41.827268],[-71.402378,41.827295],[-71.402387,41.827298],[-71.402389,41.827315],[-71.402382,41.827318],[-71.402384,41.827323],[-71.402381,41.827323],[-71.402385,41.827348],[-71.402353,41.827351],[-71.402361,41.827393],[-71.40229,41.827399],[-71.402281,41.827349],[-71.402268,41.82735],[-71.402259,41.827291],[-71.402263,41.82729],[-71.402255,41.827246]]]},"properties":{"propertyCode":"100048","label":"Norwood House","rank":2,"sortKey":2.8751,"labelMinZoom":17,"heightM":11.7,"floors":3,"year":1865,"kind":"admin","placeId":"norwood-house","placeIds":["norwood-house"],"address":"82 Waterman St","currentUse":"Office","buildingType":"HOUSE","complex":null,"aliases":["V. Lee Norwood '53","82 Waterman St","NORWOOD"],"meetings":0}},{"type":"Feature","id":"100050","geometry":{"type":"Polygon","coordinates":[[[-71.402749,41.826443],[-71.402764,41.826586],[-71.402613,41.826595],[-71.402614,41.826606],[-71.402623,41.826605],[-71.402629,41.826655],[-71.402564,41.82666],[-71.402559,41.826618],[-71.402427,41.826626],[-71.402433,41.826678],[-71.402273,41.826689],[-71.402247,41.826466],[-71.402254,41.826465],[-71.402251,41.826435],[-71.402536,41.826416],[-71.402535,41.826401],[-71.402598,41.826397],[-71.402603,41.826443],[-71.402596,41.826444],[-71.402597,41.826452],[-71.402749,41.826443]]]},"properties":{"propertyCode":"100050","label":"Salomon Ctr","rank":0,"sortKey":0.7894,"labelMinZoom":0,"heightM":8.2,"floors":2,"year":1862,"kind":"academic","placeId":"salomon-center-for-teaching","placeIds":["salomon-center-for-teaching"],"address":"79 Waterman St","currentUse":"School","buildingType":"BUILDING","complex":null,"aliases":["Salomon Center For Teaching","The Richard And Edna Salomon Center For Teaching","69-91 Waterman St","Rogers Hall","79 Waterman St","SALOMON"],"meetings":66}},{"type":"Feature","id":"100051","geometry":{"type":"Polygon","coordinates":[[[-71.400858,41.830511],[-71.400867,41.830582],[-71.400821,41.830585],[-71.400824,41.830603],[-71.400786,41.830605],[-71.400784,41.830588],[-71.40075,41.83059],[-71.400756,41.830639],[-71.400736,41.83064],[-71.400741,41.830678],[-71.400761,41.830678],[-71.400776,41.830665],[-71.400797,41.830664],[-71.400814,41.830675],[-71.400817,41.8307],[-71.400849,41.830698],[-71.400854,41.830742],[-71.400823,41.830744],[-71.400825,41.830763],[-71.400752,41.830766],[-71.400752,41.830767],[-71.400647,41.830772],[-71.400615,41.830503],[-71.40069,41.830498],[-71.400692,41.830512],[-71.400745,41.830509],[-71.400743,41.830495],[-71.400854,41.830487],[-71.400857,41.830511],[-71.400858,41.830511]]]},"properties":{"propertyCode":"100051","label":"315 Thayer","rank":1,"sortKey":1.793,"labelMinZoom":16,"heightM":18.7,"floors":5,"year":1910,"kind":"other","placeId":null,"placeIds":[],"address":"315 Thayer St","currentUse":"Apartments (10)","buildingType":"BUILDING","complex":null,"aliases":["Thayer St 315","315 Thayer St","THAYER315"],"meetings":0}},{"type":"Feature","id":"100052","geometry":{"type":"Polygon","coordinates":[[[-71.401725,41.825599],[-71.401725,41.8256],[-71.401727,41.8256],[-71.401748,41.825757],[-71.401583,41.825769],[-71.401584,41.825777],[-71.40157,41.825779],[-71.401569,41.825775],[-71.401492,41.825781],[-71.401497,41.825821],[-71.401175,41.825846],[-71.401178,41.825853],[-71.401103,41.825859],[-71.401103,41.825861],[-71.401094,41.825862],[-71.401088,41.825808],[-71.401053,41.825785],[-71.401046,41.825745],[-71.40108,41.825715],[-71.401075,41.825685],[-71.401059,41.825687],[-71.401052,41.825633],[-71.401059,41.825632],[-71.401059,41.825627],[-71.401066,41.825626],[-71.401061,41.825594],[-71.401047,41.825596],[-71.401045,41.825582],[-71.401058,41.825581],[-71.401057,41.825576],[-71.401068,41.825575],[-71.401069,41.825579],[-71.401111,41.825576],[-71.401111,41.825571],[-71.40112,41.825571],[-71.401121,41.825575],[-71.401134,41.825574],[-71.401137,41.825593],[-71.401387,41.825574],[-71.401387,41.825571],[-71.401459,41.825565],[-71.401469,41.825641],[-71.401477,41.82564],[-71.401483,41.825688],[-71.401547,41.825683],[-71.401537,41.825613],[-71.401725,41.825599]]]},"properties":{"propertyCode":"100052","label":"Saint Stephen'S Church","rank":1,"sortKey":1.9,"labelMinZoom":16,"heightM":11.7,"floors":3,"year":null,"kind":"other","placeId":null,"placeIds":[],"address":"114 George St","currentUse":null,"buildingType":"BUILDING","complex":null,"aliases":["Saint Stephen's Church","114 George St","STSTEPHENS"],"meetings":0}},{"type":"Feature","id":"100053","geometry":{"type":"Polygon","coordinates":[[[-71.408493,41.82746],[-71.408498,41.827478],[-71.408434,41.827486],[-71.40845,41.827556],[-71.408141,41.827594],[-71.40813,41.827544],[-71.4081,41.827548],[-71.408071,41.827416],[-71.408101,41.827413],[-71.408089,41.827363],[-71.408398,41.827324],[-71.408414,41.827393],[-71.408477,41.827385],[-71.408481,41.827404],[-71.408515,41.8274],[-71.408528,41.827455],[-71.408493,41.82746]]]},"properties":{"propertyCode":"100053","label":"First Baptist Church","rank":1,"sortKey":1.9,"labelMinZoom":16,"heightM":11.7,"floors":3,"year":null,"kind":"other","placeId":null,"placeIds":[],"address":"75 N Main St","currentUse":null,"buildingType":"BUILDING","complex":null,"aliases":["75 N Main St","FRSTBAPCHR"],"meetings":0}},{"type":"Feature","id":"100056","geometry":{"type":"Polygon","coordinates":[[[-71.399828,41.826057],[-71.399309,41.826099],[-71.399293,41.82598],[-71.399256,41.825983],[-71.399221,41.825739],[-71.399528,41.825715],[-71.399529,41.825724],[-71.399584,41.825719],[-71.399583,41.82571],[-71.399816,41.825692],[-71.399837,41.825836],[-71.399866,41.825834],[-71.399862,41.825807],[-71.399932,41.825801],[-71.399961,41.826007],[-71.399892,41.826012],[-71.399823,41.826018],[-71.399828,41.826057]]]},"properties":{"propertyCode":"100056","label":"Geo-Chem","rank":0,"sortKey":0.3406,"labelMinZoom":0,"heightM":22.2,"floors":6,"year":1982,"kind":"other","placeId":"geochem-building","placeIds":["geochem-building"],"address":"156 George St","currentUse":"School/Office","buildingType":"BUILDING","complex":null,"aliases":["Geo-Chem Bldg","156 George St","GEO-CHEM"],"meetings":18}},{"type":"Feature","id":"100057","geometry":{"type":"Polygon","coordinates":[[[-71.403782,41.824035],[-71.403786,41.824035],[-71.403786,41.824031],[-71.403785,41.823993],[-71.40361,41.823995],[-71.403434,41.823997],[-71.403432,41.823891],[-71.403608,41.823889],[-71.403783,41.823886],[-71.403782,41.823842],[-71.403924,41.82384],[-71.403925,41.823885],[-71.40393,41.823885],[-71.403933,41.823991],[-71.403927,41.823991],[-71.403931,41.824163],[-71.403934,41.824336],[-71.40394,41.824336],[-71.403943,41.824442],[-71.403937,41.824442],[-71.403938,41.824487],[-71.403796,41.824488],[-71.403795,41.824444],[-71.403793,41.824337],[-71.403789,41.824165],[-71.403786,41.824044],[-71.403782,41.824044],[-71.403782,41.824035]]]},"properties":{"propertyCode":"100057","label":"Jameson-Mead House","rank":0,"sortKey":0.6239,"labelMinZoom":0,"heightM":18.7,"floors":5,"year":1957,"kind":"residence","placeId":"jameson-mead-building","placeIds":["jameson-mead-building"],"address":"11 Benevolent St","currentUse":"Dormitory","buildingType":"BUILDING","complex":"Keeney Quad","aliases":["Jameson-Mead","Jameson-Mead: Keeney Quad","11-17 Benevolent St","Jameson Hall: Keeney Quad","John Franklin Jameson & Albert Davis Mead, Barnaby Conrad Keeney","11 Benevolent St","KQJMSNMEAD"],"meetings":0}},{"type":"Feature","id":"100058","geometry":{"type":"Polygon","coordinates":[[[-71.403214,41.825124],[-71.403185,41.825125],[-71.403187,41.825137],[-71.403164,41.825138],[-71.403165,41.825152],[-71.40309,41.825156],[-71.403092,41.82517],[-71.403096,41.82517],[-71.403101,41.825218],[-71.403097,41.825218],[-71.403103,41.825268],[-71.402918,41.825278],[-71.402905,41.825148],[-71.402914,41.825147],[-71.402909,41.825096],[-71.402934,41.825095],[-71.402926,41.825019],[-71.403111,41.825008],[-71.403114,41.825037],[-71.403156,41.825034],[-71.403157,41.825037],[-71.403206,41.825035],[-71.403214,41.825124]]]},"properties":{"propertyCode":"100058","label":"Maddock Alumni Ctr","rank":2,"sortKey":2.8,"labelMinZoom":17,"heightM":15.2,"floors":4,"year":1830,"kind":"admin","placeId":"maddock-alumni-center","placeIds":["maddock-alumni-center"],"address":"38 Brown St","currentUse":"Office","buildingType":"HOUSE","complex":null,"aliases":["Maddock Alumni Center","Paul L. Maddock","38 Brown St","MADDOCK"],"meetings":1}},{"type":"Feature","id":"100059","geometry":{"type":"Polygon","coordinates":[[[-71.396834,41.830599],[-71.39716,41.830548],[-71.397153,41.830524],[-71.397303,41.8305],[-71.39731,41.830525],[-71.39749,41.830497],[-71.397788,41.831564],[-71.397676,41.831582],[-71.397683,41.831606],[-71.397611,41.831618],[-71.397603,41.831593],[-71.397133,41.831667],[-71.397111,41.831587],[-71.39705,41.831597],[-71.397048,41.831587],[-71.397108,41.831578],[-71.397066,41.831426],[-71.397005,41.831435],[-71.397003,41.831426],[-71.397028,41.831422],[-71.396986,41.83127],[-71.39696,41.831274],[-71.396957,41.831265],[-71.396983,41.83126],[-71.396941,41.83111],[-71.396915,41.831114],[-71.396912,41.831103],[-71.396973,41.831094],[-71.396931,41.830943],[-71.396869,41.830952],[-71.396867,41.830943],[-71.396928,41.830933],[-71.396834,41.830599]]]},"properties":{"propertyCode":"100059","label":"Olney-Margolies Athletic Ctr","rank":0,"sortKey":0.4916,"labelMinZoom":0,"heightM":4.7,"floors":1,"year":1981,"kind":"other","placeId":"olney-margolies-athletic-center","placeIds":["olney-margolies-athletic-center"],"address":"229 Hope St","currentUse":"Health Facility","buildingType":"BUILDING","complex":null,"aliases":["Olney-Margolies Athletic Center","235 Hope St","Joseph Olney & Moe Price Margolies","229 Hope St","OMAC"],"meetings":0}},{"type":"Feature","id":"100060","geometry":{"type":"Polygon","coordinates":[[[-71.403765,41.825673],[-71.403929,41.825672],[-71.40393,41.825715],[-71.403944,41.825715],[-71.403945,41.825744],[-71.403941,41.825744],[-71.403942,41.825752],[-71.403945,41.825752],[-71.403946,41.825813],[-71.403943,41.825813],[-71.403943,41.825821],[-71.403946,41.825821],[-71.403946,41.825849],[-71.403932,41.82585],[-71.403933,41.825893],[-71.403769,41.825895],[-71.403768,41.825855],[-71.403762,41.825855],[-71.403761,41.825818],[-71.403767,41.825818],[-71.403766,41.82575],[-71.403759,41.82575],[-71.403759,41.825713],[-71.403765,41.825713],[-71.403765,41.825673]]]},"properties":{"propertyCode":"100060","label":"Slater Hall","rank":1,"sortKey":1.818,"labelMinZoom":16,"heightM":18.7,"floors":5,"year":1879,"kind":"residence","placeId":"slater-hall","placeIds":["slater-hall"],"address":"70 George St","currentUse":"Dormitory","buildingType":"BUILDING","complex":null,"aliases":["1-21 Prospect St","Horatio Nelson Slater","70 George St","SLATER"],"meetings":0}},{"type":"Feature","id":"100061","geometry":{"type":"Polygon","coordinates":[[[-71.399968,41.823597],[-71.399806,41.823609],[-71.399756,41.823229],[-71.399499,41.823248],[-71.399484,41.823127],[-71.399905,41.823096],[-71.399921,41.823217],[-71.39992,41.823217],[-71.399968,41.823597]]]},"properties":{"propertyCode":"100061","label":"Gregorian Quad B","rank":1,"sortKey":1.6599,"labelMinZoom":16,"heightM":18.7,"floors":5,"year":1991,"kind":"residence","placeId":"vartan-gregorian-quad-b","placeIds":["josiahs","vartan-gregorian-quad-b"],"address":"101 Thayer St","currentUse":"Dormitory","buildingType":"BUILDING","complex":null,"aliases":["Vartan Gregorian Quad B","President Vartan Gregorian","101 Thayer St","VGQUADB"],"meetings":0}},{"type":"Feature","id":"100062","geometry":{"type":"Polygon","coordinates":[[[-71.404698,41.825313],[-71.404775,41.825309],[-71.404779,41.825358],[-71.404778,41.825358],[-71.404787,41.825458],[-71.40469,41.825463],[-71.404689,41.825458],[-71.404628,41.825461],[-71.404622,41.825396],[-71.404619,41.825365],[-71.404615,41.825316],[-71.404698,41.825312],[-71.404698,41.825313]]]},"properties":{"propertyCode":"100062","label":"Wilbour Hall","rank":2,"sortKey":2.8594,"labelMinZoom":17,"heightM":15.2,"floors":4,"year":1888,"kind":"admin","placeId":"wilbour-hall","placeIds":["wilbour-hall"],"address":"2 Prospect St","currentUse":"Office","buildingType":"HOUSE","complex":null,"aliases":["Charles Edwin Wilbour","2 Prospect St","WILBOUR"],"meetings":5}},{"type":"Feature","id":"100063","geometry":{"type":"Polygon","coordinates":[[[-71.410962,41.816182],[-71.411302,41.816658],[-71.411095,41.816741],[-71.411092,41.816737],[-71.410893,41.816817],[-71.410818,41.816711],[-71.410946,41.81666],[-71.410911,41.816612],[-71.410982,41.816583],[-71.410755,41.816265],[-71.410962,41.816182]]]},"properties":{"propertyCode":"100063","label":"110 Elm","rank":1,"sortKey":1.7264,"labelMinZoom":16,"heightM":11.7,"floors":3,"year":1848,"kind":"other","placeId":null,"placeIds":[],"address":"110 Elm St","currentUse":null,"buildingType":"BUILDING","complex":null,"aliases":["Elm St 110","110 Elm St","ELM110"],"meetings":0}},{"type":"Feature","id":"100064","geometry":{"type":"Polygon","coordinates":[[[-71.408041,41.818362],[-71.407904,41.818416],[-71.407913,41.818429],[-71.407752,41.818493],[-71.407667,41.818373],[-71.407965,41.818255],[-71.408041,41.818362]]]},"properties":{"propertyCode":"100064","label":"349 Eddy","rank":1,"sortKey":1.8812,"labelMinZoom":16,"heightM":4.7,"floors":1,"year":1968,"kind":"other","placeId":null,"placeIds":[],"address":"349 Eddy St","currentUse":null,"buildingType":"BUILDING","complex":null,"aliases":["Eddy St 349","349 Eddy St","EDDYST349"],"meetings":0}},{"type":"Feature","id":"100067","geometry":{"type":"Polygon","coordinates":[[[-71.395323,41.842229],[-71.395249,41.842296],[-71.394027,41.841431],[-71.394099,41.841374],[-71.394117,41.841386],[-71.394773,41.84139],[-71.394795,41.841372],[-71.39528,41.84171],[-71.395263,41.841724],[-71.395309,41.842219],[-71.395323,41.842229]]]},"properties":{"propertyCode":"100067","label":"Brown Stadium","rank":1,"sortKey":1.6957,"labelMinZoom":16,"heightM":4.7,"floors":1,"year":1925,"kind":"other","placeId":null,"placeIds":[],"address":"112 Sessions St","currentUse":"Stadium","buildingType":"BUILDING","complex":null,"aliases":["Football Stadium","112 Sessions St","BROWNSTAD"],"meetings":0}},{"type":"Feature","id":"100068","geometry":{"type":"Polygon","coordinates":[[[-71.39794,41.824235],[-71.397955,41.82435],[-71.397935,41.824352],[-71.397942,41.824399],[-71.397927,41.8244],[-71.397928,41.824408],[-71.397867,41.824412],[-71.397869,41.824427],[-71.397835,41.824429],[-71.397833,41.824417],[-71.39783,41.824417],[-71.397822,41.824359],[-71.397794,41.824361],[-71.39778,41.824248],[-71.397831,41.824244],[-71.39783,41.824238],[-71.397833,41.824238],[-71.39783,41.824222],[-71.397879,41.824219],[-71.397881,41.824234],[-71.397883,41.824239],[-71.39794,41.824235]]]},"properties":{"propertyCode":"100068","label":"Fiering House","rank":2,"sortKey":2.8599,"labelMinZoom":17,"heightM":15.2,"floors":4,"year":1865,"kind":"other","placeId":null,"placeIds":[],"address":"79 Charlesfield St","currentUse":"Vacant","buildingType":"HOUSE","complex":null,"aliases":["Jcb Library Scholar House","Carberry Hall","Char079","79 Charlesfield St","FIERINGHSE"],"meetings":0}},{"type":"Feature","id":"100069","geometry":{"type":"Polygon","coordinates":[[[-71.39742,41.823779],[-71.397264,41.823791],[-71.397252,41.823697],[-71.397408,41.823686],[-71.397408,41.823689],[-71.397447,41.823686],[-71.397451,41.823718],[-71.39746,41.823718],[-71.397465,41.823754],[-71.397417,41.823757],[-71.39742,41.823779]]]},"properties":{"propertyCode":"100069","label":"Feinstein House","rank":2,"sortKey":2.8794,"labelMinZoom":17,"heightM":11.7,"floors":3,"year":1917,"kind":"other","placeId":"feinstein-building","placeIds":["feinstein-building"],"address":"130 Hope St","currentUse":"Academic","buildingType":"HOUSE","complex":null,"aliases":["Feinstein","Louis & Lillian Feinstein House","130 Hope St","FEINSTEIN"],"meetings":5}},{"type":"Feature","id":"100070","geometry":{"type":"Polygon","coordinates":[[[-71.397502,41.823416],[-71.397536,41.823618],[-71.39742,41.823629],[-71.397422,41.823642],[-71.397241,41.82366],[-71.397225,41.823564],[-71.397242,41.823562],[-71.397245,41.823557],[-71.397274,41.82355],[-71.397287,41.823557],[-71.3973,41.823556],[-71.397299,41.823545],[-71.397325,41.823542],[-71.397326,41.823553],[-71.397338,41.823552],[-71.397351,41.823542],[-71.397368,41.82354],[-71.39738,41.823544],[-71.397384,41.823548],[-71.397389,41.823548],[-71.397368,41.823428],[-71.397502,41.823416]]]},"properties":{"propertyCode":"100070","label":"Giddings House","rank":2,"sortKey":2.84,"labelMinZoom":17,"heightM":11.7,"floors":3,"year":1908,"kind":"admin","placeId":"giddings-house","placeIds":["giddings-house"],"address":"128 Hope St","currentUse":"Office","buildingType":"HOUSE","complex":null,"aliases":["Anthropology","Professor James Louis Giddings","128 Hope St","GIDDINGS"],"meetings":17}},{"type":"Feature","id":"100071","geometry":{"type":"Polygon","coordinates":[[[-71.399483,41.825412],[-71.399497,41.825507],[-71.399473,41.825509],[-71.399448,41.825511],[-71.399427,41.825513],[-71.399427,41.825511],[-71.399413,41.825512],[-71.399413,41.825514],[-71.399351,41.825519],[-71.39935,41.825514],[-71.399335,41.825515],[-71.399332,41.825496],[-71.399347,41.825495],[-71.399337,41.825423],[-71.399483,41.825412]]]},"properties":{"propertyCode":"100071","label":"Meiklejohn House","rank":2,"sortKey":2.8767,"labelMinZoom":17,"heightM":15.2,"floors":4,"year":1900,"kind":"admin","placeId":"meiklejohn-house","placeIds":["meiklejohn-house"],"address":"159 George St","currentUse":"Office","buildingType":"HOUSE","complex":null,"aliases":["159 George St","MEIKLEJOHN"],"meetings":2}},{"type":"Feature","id":"100073","geometry":{"type":"Polygon","coordinates":[[[-71.399789,41.826803],[-71.39986,41.827219],[-71.399407,41.827262],[-71.399336,41.826846],[-71.399789,41.826803]]]},"properties":{"propertyCode":"100073","label":"Watson Ctr For Info Tech","rank":0,"sortKey":0.4198,"labelMinZoom":0,"heightM":22.2,"floors":6,"year":1988,"kind":"academic","placeId":"watson-center-for-information-technology","placeIds":["watson-center-for-information-technology"],"address":"115 Waterman St","currentUse":"Classroom/Office","buildingType":"BUILDING","complex":null,"aliases":["Watson Center For Information Tech","Thomas J. Watson, Sr. Center For Information Technology","366 Brook St","115 Waterman St","WATSONCIT"],"meetings":78}},{"type":"Feature","id":"100076","geometry":{"type":"Polygon","coordinates":[[[-71.401994,41.829594],[-71.401957,41.829597],[-71.401956,41.829586],[-71.401933,41.829587],[-71.401927,41.829536],[-71.402143,41.82952],[-71.402133,41.82944],[-71.402102,41.829443],[-71.40209,41.829352],[-71.402291,41.829337],[-71.40232,41.82956],[-71.402203,41.829568],[-71.402232,41.829797],[-71.402302,41.829792],[-71.40231,41.829856],[-71.402006,41.829877],[-71.401998,41.829814],[-71.402022,41.829813],[-71.401994,41.829594]]]},"properties":{"propertyCode":"100076","label":"Alumnae Hall","rank":0,"sortKey":0.742,"labelMinZoom":0,"heightM":11.7,"floors":3,"year":1926,"kind":"other","placeId":"alumnae-hall","placeIds":["alumnae-hall"],"address":"194 Meeting St","currentUse":"Office/School/Assembly","buildingType":"BUILDING","complex":null,"aliases":["Gate","194-200 Meeting St","194 Meeting St","ALUMNAE"],"meetings":41}},{"type":"Feature","id":"100077","geometry":{"type":"Polygon","coordinates":[[[-71.398309,41.826549],[-71.398327,41.826618],[-71.398321,41.826622],[-71.398313,41.826617],[-71.398287,41.826619],[-71.398301,41.826701],[-71.398299,41.826701],[-71.398301,41.826713],[-71.398039,41.826739],[-71.398056,41.826838],[-71.398002,41.826843],[-71.398006,41.82687],[-71.398007,41.826877],[-71.397618,41.826915],[-71.397617,41.826908],[-71.397558,41.826575],[-71.39751,41.82658],[-71.397498,41.826513],[-71.397458,41.826517],[-71.39745,41.826467],[-71.397473,41.826465],[-71.397471,41.826455],[-71.397448,41.826457],[-71.397436,41.826392],[-71.397459,41.826389],[-71.397458,41.826379],[-71.397435,41.826382],[-71.397429,41.826348],[-71.397469,41.826344],[-71.397459,41.82628],[-71.397506,41.826275],[-71.397495,41.826211],[-71.397884,41.826173],[-71.397896,41.826237],[-71.398073,41.826219],[-71.398085,41.826284],[-71.398125,41.82628],[-71.398134,41.826329],[-71.39811,41.826332],[-71.398112,41.826341],[-71.398136,41.826339],[-71.398147,41.826402],[-71.398123,41.826404],[-71.398125,41.826414],[-71.398149,41.826412],[-71.398155,41.826451],[-71.398153,41.826451],[-71.39816,41.826489],[-71.398265,41.826479],[-71.398264,41.826474],[-71.39827,41.826474],[-71.39828,41.826536],[-71.398284,41.826557],[-71.398302,41.826556],[-71.398301,41.82655],[-71.398309,41.826549]]]},"properties":{"propertyCode":"100077","label":"Barus & Holley","rank":0,"sortKey":0.0014,"labelMinZoom":0,"heightM":18.7,"floors":5,"year":1965,"kind":"academic","placeId":"barus-holley","placeIds":["barus-holley"],"address":"184 Hope St","currentUse":"School/Lab","buildingType":"BUILDING","complex":null,"aliases":["170-180 Hope St","182 Hope St","B&H","Professor Carl Barus & Alexander Lyman Holley","184 Hope St","BH"],"meetings":48}},{"type":"Feature","id":"100081","geometry":{"type":"Polygon","coordinates":[[[-71.401404,41.827694],[-71.401399,41.827661],[-71.401672,41.827634],[-71.401716,41.827889],[-71.401709,41.827889],[-71.40171,41.827895],[-71.401623,41.827904],[-71.401622,41.827898],[-71.401609,41.827899],[-71.401611,41.827907],[-71.401552,41.827913],[-71.40155,41.827905],[-71.401539,41.827906],[-71.401539,41.827912],[-71.401452,41.82792],[-71.401451,41.827915],[-71.401446,41.827915],[-71.401449,41.827929],[-71.40139,41.827934],[-71.401349,41.8277],[-71.401404,41.827694]]]},"properties":{"propertyCode":"100081","label":"Churchill House","rank":1,"sortKey":1.8045,"labelMinZoom":16,"heightM":11.7,"floors":3,"year":1907,"kind":"other","placeId":"churchill-house","placeIds":["churchill-house"],"address":"155 Angell St","currentUse":"School/Office/Classroom","buildingType":"BUILDING","complex":null,"aliases":["Rites And Reason Theatre","Elizabeth Kittredge Churchill","155 Angell St","CHURCHILL"],"meetings":9}},{"type":"Feature","id":"100082","geometry":{"type":"Polygon","coordinates":[[[-71.400804,41.823138],[-71.4008,41.823113],[-71.400807,41.823113],[-71.400805,41.823103],[-71.400758,41.823107],[-71.400754,41.823082],[-71.400763,41.823081],[-71.400761,41.82307],[-71.400765,41.82307],[-71.400765,41.823072],[-71.400794,41.82307],[-71.400792,41.823053],[-71.400794,41.823053],[-71.400794,41.823055],[-71.400825,41.823052],[-71.400825,41.82305],[-71.400827,41.82305],[-71.400828,41.82306],[-71.400841,41.823059],[-71.400842,41.823066],[-71.400873,41.823064],[-71.40087,41.823047],[-71.400873,41.823046],[-71.400873,41.823049],[-71.400903,41.823046],[-71.400903,41.823044],[-71.400905,41.823044],[-71.400907,41.823053],[-71.40092,41.823052],[-71.400921,41.82306],[-71.400951,41.823057],[-71.400947,41.82303],[-71.400972,41.823028],[-71.400967,41.822995],[-71.40097,41.822994],[-71.40097,41.822999],[-71.400983,41.822998],[-71.400978,41.822963],[-71.401012,41.82296],[-71.401013,41.822966],[-71.401027,41.822965],[-71.401027,41.822967],[-71.401025,41.822967],[-71.401028,41.82299],[-71.401051,41.822988],[-71.401051,41.82299],[-71.401048,41.82299],[-71.401051,41.823013],[-71.401054,41.823013],[-71.401054,41.823014],[-71.401041,41.823015],[-71.401043,41.823025],[-71.401033,41.823026],[-71.401036,41.823049],[-71.401059,41.823047],[-71.401059,41.823049],[-71.401056,41.823049],[-71.401059,41.823072],[-71.401062,41.823071],[-71.401063,41.823073],[-71.40105,41.823074],[-71.401051,41.823084],[-71.401041,41.823084],[-71.401044,41.823107],[-71.401082,41.823104],[-71.401081,41.823095],[-71.401083,41.823095],[-71.401083,41.823097],[-71.401114,41.823094],[-71.401114,41.823092],[-71.401116,41.823092],[-71.401117,41.823101],[-71.401126,41.823101],[-71.401129,41.823125],[-71.401123,41.823126],[-71.401124,41.823135],[-71.401172,41.823132],[-71.401175,41.823157],[-71.401167,41.823157],[-71.401168,41.823168],[-71.401165,41.823169],[-71.401165,41.823166],[-71.401135,41.823169],[-71.401138,41.823186],[-71.401135,41.823186],[-71.401135,41.823184],[-71.401105,41.823186],[-71.401105,41.823188],[-71.401102,41.823188],[-71.401101,41.823179],[-71.401088,41.82318],[-71.401087,41.823172],[-71.401057,41.823175],[-71.401059,41.823192],[-71.401057,41.823192],[-71.401057,41.82319],[-71.401026,41.823192],[-71.401026,41.823194],[-71.401024,41.823195],[-71.401023,41.823185],[-71.40101,41.823186],[-71.401009,41.823179],[-71.400978,41.823181],[-71.400982,41.823209],[-71.400957,41.823211],[-71.400962,41.823244],[-71.40096,41.823244],[-71.400959,41.823239],[-71.400946,41.82324],[-71.400951,41.823276],[-71.400918,41.823278],[-71.400917,41.823272],[-71.400902,41.823273],[-71.400902,41.823271],[-71.400905,41.82327],[-71.400902,41.823249],[-71.400879,41.82325],[-71.400879,41.823249],[-71.400881,41.823248],[-71.400878,41.823226],[-71.400875,41.823226],[-71.400875,41.823224],[-71.400888,41.823223],[-71.400887,41.823214],[-71.400897,41.823213],[-71.400893,41.82319],[-71.400871,41.823192],[-71.40087,41.82319],[-71.400873,41.82319],[-71.40087,41.823167],[-71.400867,41.823167],[-71.400867,41.823165],[-71.40088,41.823164],[-71.400878,41.823155],[-71.400888,41.823154],[-71.400885,41.823131],[-71.400847,41.823134],[-71.400849,41.823144],[-71.400846,41.823144],[-71.400846,41.823142],[-71.400816,41.823144],[-71.400816,41.823146],[-71.400813,41.823146],[-71.400812,41.823137],[-71.400804,41.823138]]]},"properties":{"propertyCode":"100082","label":"Grad Ctr A","rank":1,"sortKey":1.7652,"labelMinZoom":16,"heightM":22.2,"floors":6,"year":1968,"kind":"residence","placeId":"graduate-center-a","placeIds":["graduate-center-a"],"address":"40 Charlesfield St","currentUse":"Dormitory","buildingType":"BUILDING","complex":null,"aliases":["Graduate Center A","42 Charlesfield St","40 Charlesfield St","GRADCTRA"],"meetings":0}},{"type":"Feature","id":"100084","geometry":{"type":"Polygon","coordinates":[[[-71.402904,41.830364],[-71.402683,41.83038],[-71.402671,41.830291],[-71.402683,41.83029],[-71.402673,41.830215],[-71.402665,41.830215],[-71.402665,41.830211],[-71.402663,41.830211],[-71.402663,41.830206],[-71.402666,41.830206],[-71.402663,41.830182],[-71.40266,41.830182],[-71.402659,41.830177],[-71.40266,41.830177],[-71.40266,41.830173],[-71.402668,41.830172],[-71.402659,41.830099],[-71.402647,41.8301],[-71.402636,41.830008],[-71.4028,41.829997],[-71.402835,41.83028],[-71.402893,41.830276],[-71.402904,41.830364]]]},"properties":{"propertyCode":"100084","label":"Metcalf Hall","rank":1,"sortKey":1.7692,"labelMinZoom":16,"heightM":18.7,"floors":5,"year":1919,"kind":"residence","placeId":"metcalf-hall","placeIds":["metcalf-hall"],"address":"98 Cushing St","currentUse":"Dormitory","buildingType":"BUILDING","complex":null,"aliases":["98 Cushing St","METCALFHAL"],"meetings":0}},{"type":"Feature","id":"100085","geometry":{"type":"Polygon","coordinates":[[[-71.40242,41.822624],[-71.402494,41.822624],[-71.402494,41.822575],[-71.402641,41.822575],[-71.40264,41.822624],[-71.402714,41.822624],[-71.402714,41.822662],[-71.402791,41.822662],[-71.402791,41.822676],[-71.402817,41.822676],[-71.402817,41.822773],[-71.402751,41.822773],[-71.402751,41.822734],[-71.402714,41.822734],[-71.402714,41.822736],[-71.40264,41.822735],[-71.40264,41.822738],[-71.402495,41.822738],[-71.402495,41.822735],[-71.40242,41.822735],[-71.40242,41.822624]]]},"properties":{"propertyCode":"100085","label":"President'S House","rank":2,"sortKey":2.838,"labelMinZoom":17,"heightM":11.7,"floors":3,"year":1922,"kind":"other","placeId":null,"placeIds":[],"address":"55 Power St","currentUse":"1 Family","buildingType":"HOUSE","complex":null,"aliases":["President's House","55 Power St","PRESHSE"],"meetings":0}},{"type":"Feature","id":"100086","geometry":{"type":"Polygon","coordinates":[[[-71.400263,41.826845],[-71.400267,41.826869],[-71.400295,41.826867],[-71.400307,41.82694],[-71.400267,41.826944],[-71.400273,41.826979],[-71.40031,41.826975],[-71.400323,41.827051],[-71.4003,41.827053],[-71.400304,41.827078],[-71.400059,41.827102],[-71.400055,41.827076],[-71.400031,41.827079],[-71.400018,41.827006],[-71.40005,41.827003],[-71.400043,41.826965],[-71.400013,41.826968],[-71.4,41.826895],[-71.400026,41.826893],[-71.400022,41.826868],[-71.400263,41.826845]]]},"properties":{"propertyCode":"100086","label":"Sciences Library","rank":0,"sortKey":0.3647,"labelMinZoom":0,"heightM":50.2,"floors":14,"year":1971,"kind":"library","placeId":"sciences-library","placeIds":["sciences-library"],"address":"201 Thayer St","currentUse":"Library","buildingType":"BUILDING","complex":null,"aliases":["101-109 Waterman St","201 Thayer St","SCILIB"],"meetings":25}},{"type":"Feature","id":"100088","geometry":{"type":"Polygon","coordinates":[[[-71.402532,41.82481],[-71.402586,41.825177],[-71.40244,41.825189],[-71.402439,41.825176],[-71.402403,41.825178],[-71.402417,41.825279],[-71.402392,41.825281],[-71.402394,41.825298],[-71.402294,41.825306],[-71.402291,41.825289],[-71.402268,41.82529],[-71.402242,41.825105],[-71.402427,41.825091],[-71.402403,41.824918],[-71.402218,41.824934],[-71.402192,41.824748],[-71.402216,41.824746],[-71.402213,41.824729],[-71.402314,41.824721],[-71.402317,41.824738],[-71.402341,41.824736],[-71.402355,41.824837],[-71.40239,41.824834],[-71.402388,41.824822],[-71.402532,41.82481]]]},"properties":{"propertyCode":"100088","label":"Wayland House","rank":1,"sortKey":1.6627,"labelMinZoom":16,"heightM":18.7,"floors":5,"year":1951,"kind":"residence","placeId":"wayland-house","placeIds":["wayland-house"],"address":"31 Brown St","currentUse":"Dormitory","buildingType":"BUILDING","complex":"Wriston Quad","aliases":["Wayland House: Wriston Quad","27 Brown St","Prv Shown As 107-135 George St","Francis Wayland","31 Brown St","WAYLAND"],"meetings":0}},{"type":"Feature","id":"100090","geometry":{"type":"Polygon","coordinates":[[[-71.403373,41.824664],[-71.403376,41.824765],[-71.403355,41.824765],[-71.403357,41.824841],[-71.403296,41.824842],[-71.403296,41.824868],[-71.403238,41.824869],[-71.403235,41.824766],[-71.403231,41.824766],[-71.403228,41.824666],[-71.403373,41.824664]]]},"properties":{"propertyCode":"100090","label":"20 Benevolent","rank":2,"sortKey":2.8574,"labelMinZoom":17,"heightM":15.2,"floors":4,"year":1820,"kind":"admin","placeId":null,"placeIds":[],"address":"20 Benevolent St","currentUse":"Office","buildingType":"HOUSE","complex":null,"aliases":["Benevolent St 020","20 Benevolent St","BENE020"],"meetings":0}},{"type":"Feature","id":"100091","geometry":{"type":"Polygon","coordinates":[[[-71.402724,41.82878],[-71.402709,41.828695],[-71.402673,41.828698],[-71.402675,41.82871],[-71.402677,41.82871],[-71.402686,41.828763],[-71.402687,41.828771],[-71.402688,41.828775],[-71.402586,41.828785],[-71.402575,41.828719],[-71.402611,41.828716],[-71.402601,41.828655],[-71.402605,41.828655],[-71.402604,41.828652],[-71.402632,41.82865],[-71.402597,41.828446],[-71.402603,41.828446],[-71.402607,41.828468],[-71.40261,41.828468],[-71.40261,41.82847],[-71.402668,41.828464],[-71.402664,41.828439],[-71.402663,41.828434],[-71.40267,41.828433],[-71.402753,41.828425],[-71.40276,41.828424],[-71.40276,41.828425],[-71.402796,41.828421],[-71.402796,41.828421],[-71.402803,41.82842],[-71.402804,41.828426],[-71.402812,41.828475],[-71.402848,41.828471],[-71.402846,41.828461],[-71.402853,41.82846],[-71.402854,41.828466],[-71.402981,41.828454],[-71.40298,41.828448],[-71.402987,41.828447],[-71.402989,41.828458],[-71.403024,41.828454],[-71.403016,41.828406],[-71.403015,41.8284],[-71.403022,41.8284],[-71.403022,41.8284],[-71.403058,41.828396],[-71.403058,41.828396],[-71.403065,41.828395],[-71.403148,41.828388],[-71.403155,41.828387],[-71.403156,41.828392],[-71.403169,41.828469],[-71.40317,41.828474],[-71.403168,41.828474],[-71.403185,41.828575],[-71.403212,41.828734],[-71.403236,41.828877],[-71.403158,41.828885],[-71.403158,41.828886],[-71.403145,41.828887],[-71.403147,41.828896],[-71.403103,41.8289],[-71.403102,41.828891],[-71.403089,41.828893],[-71.403089,41.828891],[-71.402896,41.82891],[-71.402896,41.828911],[-71.402883,41.828912],[-71.402885,41.828921],[-71.402841,41.828925],[-71.40284,41.828916],[-71.402827,41.828918],[-71.402827,41.828916],[-71.402748,41.828924],[-71.402724,41.82878]]]},"properties":{"propertyCode":"100091","label":"BioMedical Ctr","rank":0,"sortKey":0.3662,"labelMinZoom":0,"heightM":18.7,"floors":5,"year":1969,"kind":"academic","placeId":"biomedical-center","placeIds":["biomedical-center"],"address":"171 Meeting St","currentUse":"Medical Research","buildingType":"BUILDING","complex":null,"aliases":["BioMed Center","171 Meeting St","BIOMEDCTR"],"meetings":56}},{"type":"Feature","id":"100093","geometry":{"type":"Polygon","coordinates":[[[-71.397648,41.83211],[-71.397644,41.832119],[-71.397345,41.832219],[-71.397335,41.832216],[-71.397105,41.831841],[-71.397111,41.831829],[-71.397409,41.831729],[-71.397425,41.831733],[-71.397648,41.83211]]]},"properties":{"propertyCode":"100093","label":"Central Heat Plant","rank":1,"sortKey":1.7936,"labelMinZoom":16,"heightM":8.2,"floors":2,"year":1969,"kind":"other","placeId":null,"placeIds":[],"address":"235 Lloyd Ave","currentUse":"Boiler","buildingType":"BUILDING","complex":null,"aliases":["Cental Heat Plant","Chp","Physical Plant","235 Lloyd Ave","CNTRLHEAT"],"meetings":0}},{"type":"Feature","id":"100094","geometry":{"type":"Polygon","coordinates":[[[-71.400585,41.830177],[-71.400599,41.830291],[-71.400525,41.830296],[-71.400523,41.830283],[-71.400477,41.830286],[-71.400474,41.830266],[-71.400442,41.830268],[-71.400437,41.830224],[-71.400466,41.830222],[-71.400461,41.830185],[-71.400505,41.830182],[-71.400503,41.83017],[-71.400549,41.830166],[-71.400551,41.83018],[-71.400585,41.830177]]]},"properties":{"propertyCode":"100094","label":"154 Cushing","rank":2,"sortKey":2.8766,"labelMinZoom":17,"heightM":15.2,"floors":4,"year":1895,"kind":"other","placeId":null,"placeIds":[],"address":"154 Cushing St","currentUse":"2 Family","buildingType":"HOUSE","complex":null,"aliases":["Cushing St 154","154 Cushing St","CUSH154"],"meetings":0}},{"type":"Feature","id":"100095","geometry":{"type":"Polygon","coordinates":[[[-71.403523,41.825214],[-71.403516,41.825214],[-71.403516,41.82521],[-71.403487,41.825212],[-71.403482,41.82516],[-71.403511,41.825158],[-71.403507,41.82512],[-71.403494,41.825115],[-71.403489,41.825105],[-71.403488,41.825095],[-71.403491,41.825084],[-71.403503,41.825078],[-71.403497,41.825021],[-71.403589,41.825016],[-71.403594,41.825071],[-71.403616,41.82507],[-71.403629,41.825208],[-71.403556,41.825212],[-71.403545,41.825218],[-71.403535,41.825219],[-71.403523,41.825214]]]},"properties":{"propertyCode":"100095","label":"67 George","rank":2,"sortKey":2.8697,"labelMinZoom":17,"heightM":11.7,"floors":3,"year":1821,"kind":"admin","placeId":"67-george-street","placeIds":["67-george-street"],"address":"67 George St","currentUse":"Office","buildingType":"HOUSE","complex":null,"aliases":["George St 067","67 George St","GEORGE067"],"meetings":18}},{"type":"Feature","id":"100096","geometry":{"type":"Polygon","coordinates":[[[-71.404049,41.826531],[-71.403695,41.826535],[-71.403692,41.826417],[-71.404047,41.826412],[-71.404049,41.826531]]]},"properties":{"propertyCode":"100096","label":"Manning Hall","rank":1,"sortKey":1.8585,"labelMinZoom":16,"heightM":8.2,"floors":2,"year":1834,"kind":"other","placeId":"manning-hall","placeIds":["manning-hall"],"address":"21 Prospect St","currentUse":"Assembly","buildingType":"BUILDING","complex":null,"aliases":["1-21 Prospect St","President James Manning","21 Prospect St","MANNING"],"meetings":0}},{"type":"Feature","id":"100097","geometry":{"type":"Polygon","coordinates":[[[-71.401658,41.829924],[-71.401627,41.829688],[-71.401739,41.82968],[-71.40177,41.829916],[-71.401913,41.829905],[-71.401929,41.830032],[-71.401473,41.830065],[-71.401472,41.830061],[-71.401425,41.830064],[-71.40141,41.829949],[-71.401456,41.829946],[-71.401455,41.829938],[-71.401658,41.829924],[-71.401658,41.829924]]]},"properties":{"propertyCode":"100097","label":"Morriss Hall","rank":1,"sortKey":1.7504,"labelMinZoom":16,"heightM":15.2,"floors":4,"year":1960,"kind":"residence","placeId":"morriss-hall","placeIds":["morriss-hall"],"address":"206 Meeting St","currentUse":"Dormitory","buildingType":"BUILDING","complex":"Pembroke Quad","aliases":["Morriss Hall: Pembroke Quad","200 Meeting St","Dean Margaret Shove Morriss","206 Meeting St","MORRISHALL"],"meetings":0}},{"type":"Feature","id":"100098","geometry":{"type":"Polygon","coordinates":[[[-71.434906,41.795686],[-71.434901,41.795685],[-71.434991,41.795444],[-71.43557,41.795565],[-71.435569,41.795568],[-71.435592,41.795573],[-71.435604,41.795544],[-71.435911,41.795608],[-71.435923,41.795577],[-71.435987,41.79559],[-71.435975,41.795622],[-71.43616,41.795661],[-71.436172,41.795663],[-71.436148,41.795729],[-71.436269,41.795754],[-71.43627,41.795752],[-71.436273,41.795752],[-71.436252,41.79581],[-71.436296,41.795819],[-71.436297,41.795817],[-71.436301,41.795817],[-71.436283,41.795866],[-71.436325,41.795875],[-71.436326,41.795872],[-71.436329,41.795873],[-71.436306,41.795936],[-71.436348,41.795945],[-71.436349,41.795943],[-71.436353,41.795943],[-71.436329,41.796007],[-71.436372,41.796016],[-71.436372,41.796013],[-71.436376,41.796014],[-71.43636,41.796058],[-71.436332,41.796052],[-71.436329,41.79606],[-71.436328,41.796064],[-71.436274,41.796052],[-71.436261,41.796087],[-71.436255,41.796086],[-71.436255,41.796086],[-71.436251,41.796097],[-71.436109,41.796474],[-71.435754,41.796399],[-71.435779,41.796333],[-71.43556,41.796287],[-71.435551,41.796313],[-71.43553,41.796321],[-71.435418,41.796297],[-71.435433,41.79626],[-71.435278,41.796227],[-71.435371,41.79598],[-71.435366,41.795979],[-71.435365,41.795983],[-71.434743,41.795853],[-71.434812,41.79567],[-71.434904,41.795689],[-71.434906,41.795686]]]},"properties":{"propertyCode":"100098","label":"10 Park Lane","rank":0,"sortKey":0.4972,"labelMinZoom":0,"heightM":4.7,"floors":1,"year":1969,"kind":"other","placeId":null,"placeIds":[],"address":"10 Park Ln","currentUse":"Warehouse/Business","buildingType":"BUILDING","complex":null,"aliases":["Park Lane 010","10 Park Ln","PARKLN010"],"meetings":0}},{"type":"Feature","id":"100099","geometry":{"type":"Polygon","coordinates":[[[-71.403779,41.825405],[-71.403863,41.825401],[-71.403863,41.8254],[-71.403995,41.825393],[-71.404,41.825454],[-71.404042,41.825452],[-71.404048,41.825523],[-71.404006,41.825525],[-71.404012,41.825585],[-71.403857,41.825593],[-71.403853,41.825553],[-71.403707,41.82556],[-71.403706,41.825546],[-71.403703,41.825512],[-71.403704,41.825512],[-71.403703,41.825495],[-71.403702,41.825495],[-71.403698,41.825447],[-71.403783,41.825443],[-71.403779,41.825405]]]},"properties":{"propertyCode":"100099","label":"Rhode Island Hall","rank":1,"sortKey":1.8134,"labelMinZoom":16,"heightM":15.2,"floors":4,"year":1840,"kind":"admin","placeId":"rhode-island-hall","placeIds":["rhode-island-hall"],"address":"60 George St","currentUse":"Office","buildingType":"BUILDING","complex":null,"aliases":["60 George St","RIHALL"],"meetings":11}},{"type":"Feature","id":"100100","geometry":{"type":"Polygon","coordinates":[[[-71.402519,41.827394],[-71.402504,41.827396],[-71.402497,41.827355],[-71.402471,41.827357],[-71.402468,41.827336],[-71.402459,41.827337],[-71.40244,41.827234],[-71.402527,41.827226],[-71.402613,41.827218],[-71.402623,41.827271],[-71.402643,41.827269],[-71.402652,41.827319],[-71.402599,41.827324],[-71.402609,41.827386],[-71.402537,41.827393],[-71.40254,41.82741],[-71.402522,41.827412],[-71.402519,41.827394]]]},"properties":{"propertyCode":"100100","label":"Walter Hall","rank":2,"sortKey":2.8557,"labelMinZoom":17,"heightM":15.2,"floors":4,"year":1884,"kind":"academic","placeId":"walter-hall","placeIds":["walter-hall"],"address":"80 Waterman St","currentUse":"School","buildingType":"HOUSE","complex":null,"aliases":["Professor Herbert Eugene Walter","80 Waterman St","WALTERHALL"],"meetings":1}},{"type":"Feature","id":"100101","geometry":{"type":"Polygon","coordinates":[[[-71.401311,41.826874],[-71.401089,41.826889],[-71.401089,41.826888],[-71.40109,41.826888],[-71.40109,41.826886],[-71.40109,41.826886],[-71.40109,41.826885],[-71.40109,41.826885],[-71.40109,41.826885],[-71.401091,41.826884],[-71.40109,41.826884],[-71.401091,41.826884],[-71.401091,41.826883],[-71.401091,41.826883],[-71.401088,41.826858],[-71.401087,41.826858],[-71.401083,41.826824],[-71.401085,41.826824],[-71.401071,41.826702],[-71.401071,41.826702],[-71.401071,41.826701],[-71.40107,41.826701],[-71.40107,41.8267],[-71.40107,41.8267],[-71.40107,41.826699],[-71.40107,41.826699],[-71.401069,41.826698],[-71.401069,41.826698],[-71.401069,41.826695],[-71.401067,41.826696],[-71.401067,41.826695],[-71.401061,41.826695],[-71.401061,41.826694],[-71.401289,41.826679],[-71.401289,41.826681],[-71.401288,41.826681],[-71.401288,41.826684],[-71.401288,41.826684],[-71.401288,41.826685],[-71.401287,41.826685],[-71.401288,41.826686],[-71.401287,41.826686],[-71.401287,41.826687],[-71.401287,41.826687],[-71.401287,41.826688],[-71.401287,41.826688],[-71.40129,41.826711],[-71.401291,41.826711],[-71.401291,41.826713],[-71.40129,41.826713],[-71.401293,41.826743],[-71.401295,41.826743],[-71.401295,41.826745],[-71.401293,41.826745],[-71.401294,41.826754],[-71.401307,41.826867],[-71.401307,41.826867],[-71.401307,41.826868],[-71.401307,41.826868],[-71.401308,41.826869],[-71.401308,41.826869],[-71.401308,41.82687],[-71.401308,41.82687],[-71.401309,41.826871],[-71.401309,41.826871],[-71.401309,41.826873],[-71.401311,41.826873],[-71.401311,41.826874]]]},"properties":{"propertyCode":"100101","label":"Medical Research Lab","rank":1,"sortKey":1.7971,"labelMinZoom":16,"heightM":22.2,"floors":6,"year":1965,"kind":"other","placeId":"medical-research-lab","placeIds":["medical-research-lab"],"address":"89 Waterman St","currentUse":"School/Labs","buildingType":"BUILDING","complex":null,"aliases":["The Link","97 Waterman St","89 Waterman St","MRL"],"meetings":0}},{"type":"Feature","id":"100103","geometry":{"type":"Polygon","coordinates":[[[-71.402683,41.83038],[-71.402845,41.830369],[-71.402849,41.830405],[-71.403104,41.830385],[-71.403107,41.830418],[-71.403147,41.830415],[-71.403154,41.830469],[-71.403111,41.830472],[-71.403115,41.830504],[-71.402865,41.830521],[-71.402878,41.830626],[-71.402722,41.830637],[-71.402722,41.830634],[-71.402358,41.83066],[-71.402358,41.830662],[-71.402202,41.830673],[-71.402189,41.830567],[-71.40194,41.830584],[-71.401936,41.830552],[-71.401896,41.830555],[-71.401889,41.830502],[-71.401929,41.830499],[-71.401925,41.830467],[-71.402177,41.83045],[-71.402173,41.830416],[-71.402335,41.830404],[-71.402683,41.83038]]]},"properties":{"propertyCode":"100103","label":"Andrews Hall","rank":0,"sortKey":0.3188,"labelMinZoom":0,"heightM":22.2,"floors":6,"year":1947,"kind":"residence","placeId":"andrews-hall","placeIds":["andrews-commons","andrews-hall"],"address":"211 Bowen St","currentUse":"Dormitory","buildingType":"BUILDING","complex":null,"aliases":["Elisha Benjamin Andrews","211 Bowen St","ANDREWHALL"],"meetings":0}},{"type":"Feature","id":"100105","geometry":{"type":"Polygon","coordinates":[[[-71.398808,41.824522],[-71.398825,41.824529],[-71.398827,41.824548],[-71.398813,41.824557],[-71.398819,41.824609],[-71.398796,41.824611],[-71.398795,41.824609],[-71.398623,41.824622],[-71.398611,41.82453],[-71.398695,41.824524],[-71.398712,41.824516],[-71.398733,41.824514],[-71.398751,41.82452],[-71.398807,41.824516],[-71.398808,41.824522]]]},"properties":{"propertyCode":"100105","label":"281-283 Brook","rank":2,"sortKey":2.8686,"labelMinZoom":17,"heightM":15.2,"floors":4,"year":1980,"kind":"other","placeId":null,"placeIds":[],"address":"281-283 Brook St","currentUse":"Vacant","buildingType":"HOUSE","complex":null,"aliases":["Brook St 281-283","281-283 Brook St","BROOK281-3"],"meetings":0}},{"type":"Feature","id":"100107","geometry":{"type":"Polygon","coordinates":[[[-71.397701,41.824555],[-71.397722,41.824716],[-71.397404,41.82474],[-71.397383,41.824578],[-71.397701,41.824555]]]},"properties":{"propertyCode":"100107","label":"Fox Point Ctr","rank":1,"sortKey":1.8635,"labelMinZoom":16,"heightM":8.2,"floors":2,"year":1960,"kind":"other","placeId":null,"placeIds":[],"address":"150 Hope St","currentUse":"Day Care","buildingType":"BUILDING","complex":null,"aliases":["Fox Point Day Care Center","Kilcup Hall","150 Hope St","FOXPOINT"],"meetings":0}},{"type":"Feature","id":"100108","geometry":{"type":"Polygon","coordinates":[[[-71.401186,41.823602],[-71.401178,41.823603],[-71.401179,41.823612],[-71.401177,41.823612],[-71.401177,41.82361],[-71.401146,41.823612],[-71.401147,41.823615],[-71.401144,41.823615],[-71.401143,41.823605],[-71.401105,41.823608],[-71.401108,41.823631],[-71.401118,41.82363],[-71.40112,41.82364],[-71.401132,41.823639],[-71.401133,41.823641],[-71.40113,41.823641],[-71.401133,41.823664],[-71.401136,41.823663],[-71.401136,41.823665],[-71.401114,41.823667],[-71.401117,41.82369],[-71.401127,41.823689],[-71.401128,41.823699],[-71.401141,41.823698],[-71.401141,41.823699],[-71.401138,41.8237],[-71.401142,41.823722],[-71.401144,41.823722],[-71.401145,41.823724],[-71.401122,41.823726],[-71.401125,41.823748],[-71.401128,41.823748],[-71.401128,41.82375],[-71.401114,41.823751],[-71.401115,41.823757],[-71.401081,41.82376],[-71.401076,41.823725],[-71.401063,41.823726],[-71.401064,41.82373],[-71.401062,41.823731],[-71.401057,41.823697],[-71.401032,41.823699],[-71.401028,41.823672],[-71.400998,41.823674],[-71.400999,41.823682],[-71.400986,41.823683],[-71.400987,41.823692],[-71.400985,41.823692],[-71.400984,41.82369],[-71.400954,41.823693],[-71.400954,41.823695],[-71.400952,41.823695],[-71.400949,41.823678],[-71.400919,41.823681],[-71.40092,41.823688],[-71.400907,41.823689],[-71.400909,41.823699],[-71.400906,41.823699],[-71.400906,41.823697],[-71.400876,41.823699],[-71.400876,41.823701],[-71.400874,41.823701],[-71.400871,41.823684],[-71.400842,41.823687],[-71.400842,41.823689],[-71.400839,41.823689],[-71.400837,41.823678],[-71.400829,41.823679],[-71.400825,41.823654],[-71.400873,41.82365],[-71.400871,41.823641],[-71.400865,41.823641],[-71.400861,41.823617],[-71.40087,41.823616],[-71.400868,41.823607],[-71.400871,41.823606],[-71.400871,41.823608],[-71.400902,41.823606],[-71.400901,41.823604],[-71.400904,41.823604],[-71.400905,41.823613],[-71.400943,41.82361],[-71.400939,41.823587],[-71.400929,41.823588],[-71.400928,41.823579],[-71.400915,41.82358],[-71.400915,41.823578],[-71.400918,41.823577],[-71.400915,41.823555],[-71.400912,41.823555],[-71.400912,41.823553],[-71.400934,41.823551],[-71.400931,41.823529],[-71.400921,41.823529],[-71.40092,41.82352],[-71.400907,41.823521],[-71.400907,41.823519],[-71.400909,41.823519],[-71.400906,41.823496],[-71.400903,41.823496],[-71.400903,41.823495],[-71.400926,41.823493],[-71.400923,41.823471],[-71.40092,41.823471],[-71.400919,41.823468],[-71.400934,41.823467],[-71.400933,41.823461],[-71.400967,41.823458],[-71.400972,41.823494],[-71.400984,41.823493],[-71.400984,41.823488],[-71.400986,41.823488],[-71.400991,41.823521],[-71.401016,41.823519],[-71.40102,41.823547],[-71.40105,41.823544],[-71.401049,41.823537],[-71.401062,41.823536],[-71.401061,41.823526],[-71.401063,41.823526],[-71.401063,41.823528],[-71.401094,41.823526],[-71.401093,41.823524],[-71.401096,41.823523],[-71.401098,41.82354],[-71.401129,41.823538],[-71.401128,41.82353],[-71.40114,41.823529],[-71.401139,41.82352],[-71.401141,41.82352],[-71.401142,41.823522],[-71.401171,41.823519],[-71.401171,41.823517],[-71.401174,41.823517],[-71.401177,41.823534],[-71.401207,41.823532],[-71.401207,41.823529],[-71.401209,41.823529],[-71.401211,41.82354],[-71.401219,41.823539],[-71.401223,41.823564],[-71.401175,41.823568],[-71.401177,41.823578],[-71.401183,41.823577],[-71.401186,41.823602]]]},"properties":{"propertyCode":"100108","label":"Grad Ctr B","rank":1,"sortKey":1.7651,"labelMinZoom":16,"heightM":22.2,"floors":6,"year":1968,"kind":"residence","placeId":"graduate-center-b","placeIds":["graduate-center-b"],"address":"44 Charlesfield St","currentUse":"Dormitory","buildingType":"BUILDING","complex":null,"aliases":["Graduate Center B","42 Charlesfield St","44 Charlesfield St","GRADCTRB"],"meetings":0}},{"type":"Feature","id":"100109","geometry":{"type":"Polygon","coordinates":[[[-71.397417,41.827388],[-71.397408,41.827336],[-71.397501,41.827326],[-71.397498,41.827314],[-71.397498,41.827313],[-71.397498,41.827312],[-71.397498,41.827311],[-71.397499,41.82731],[-71.397499,41.82731],[-71.397499,41.827309],[-71.397499,41.827308],[-71.397499,41.827307],[-71.3975,41.827306],[-71.3975,41.827306],[-71.3975,41.827305],[-71.397501,41.827304],[-71.397501,41.827303],[-71.397502,41.827303],[-71.397502,41.827302],[-71.397503,41.827301],[-71.397503,41.8273],[-71.397504,41.8273],[-71.397504,41.827299],[-71.397505,41.827298],[-71.397506,41.827298],[-71.397507,41.827297],[-71.397507,41.827297],[-71.397508,41.827296],[-71.397509,41.827295],[-71.39751,41.827295],[-71.397511,41.827294],[-71.397511,41.827294],[-71.397512,41.827293],[-71.397513,41.827293],[-71.397514,41.827292],[-71.397515,41.827292],[-71.397516,41.827292],[-71.397517,41.827291],[-71.397518,41.827291],[-71.397519,41.827291],[-71.39752,41.82729],[-71.397521,41.82729],[-71.397522,41.82729],[-71.397523,41.82729],[-71.397524,41.82729],[-71.397526,41.82729],[-71.397527,41.827289],[-71.397528,41.827289],[-71.397529,41.827289],[-71.39753,41.827289],[-71.397531,41.827289],[-71.397532,41.827289],[-71.397533,41.827289],[-71.397534,41.827289],[-71.397535,41.82729],[-71.397537,41.82729],[-71.397538,41.82729],[-71.397539,41.82729],[-71.39754,41.82729],[-71.397541,41.827291],[-71.397542,41.827291],[-71.397543,41.827291],[-71.397544,41.827292],[-71.397545,41.827292],[-71.397546,41.827292],[-71.397547,41.827293],[-71.397548,41.827293],[-71.397549,41.827294],[-71.397549,41.827294],[-71.39755,41.827295],[-71.397551,41.827295],[-71.397552,41.827296],[-71.397553,41.827296],[-71.397554,41.827297],[-71.397554,41.827298],[-71.397555,41.827298],[-71.397556,41.827299],[-71.397556,41.8273],[-71.397557,41.8273],[-71.397557,41.827301],[-71.397558,41.827302],[-71.397559,41.827302],[-71.397559,41.827303],[-71.397559,41.827304],[-71.39756,41.827305],[-71.39756,41.827305],[-71.397561,41.827306],[-71.397561,41.827307],[-71.397561,41.827308],[-71.397648,41.827299],[-71.397665,41.827393],[-71.397662,41.827393],[-71.397662,41.827395],[-71.397661,41.827395],[-71.397664,41.827412],[-71.397665,41.827412],[-71.397666,41.827416],[-71.397609,41.827422],[-71.397613,41.827447],[-71.39758,41.827451],[-71.39758,41.827449],[-71.397488,41.827458],[-71.397489,41.827461],[-71.397481,41.827471],[-71.397462,41.827473],[-71.397451,41.827464],[-71.39745,41.827462],[-71.397431,41.827464],[-71.397423,41.827416],[-71.397401,41.827419],[-71.397396,41.82739],[-71.397417,41.827388]]]},"properties":{"propertyCode":"100109","label":"190 Hope","rank":2,"sortKey":2.8479,"labelMinZoom":17,"heightM":15.2,"floors":4,"year":1865,"kind":"academic","placeId":"german-department","placeIds":["german-department"],"address":"190 Hope St","currentUse":"School","buildingType":"HOUSE","complex":null,"aliases":["Hope St 190","Slavic House","190 Hope St","HOPE190"],"meetings":19}},{"type":"Feature","id":"100110","geometry":{"type":"Polygon","coordinates":[[[-71.402249,41.826481],[-71.402268,41.82664],[-71.401788,41.826671],[-71.401795,41.826728],[-71.401505,41.826746],[-71.401458,41.826717],[-71.401452,41.826669],[-71.401489,41.826636],[-71.401668,41.826624],[-71.401655,41.826508],[-71.401701,41.826505],[-71.401763,41.826501],[-71.402159,41.826476],[-71.402161,41.826487],[-71.402249,41.826481]]]},"properties":{"propertyCode":"100110","label":"Lyman Hall","rank":1,"sortKey":1.7533,"labelMinZoom":16,"heightM":11.7,"floors":3,"year":1891,"kind":"other","placeId":"lyman-hall","placeIds":["lyman-hall"],"address":"83 Waterman St","currentUse":"Theatre/Office","buildingType":"BUILDING","complex":null,"aliases":["77 Waterman St","Daniel W. Lyman","83 Waterman St","LYMANHALL"],"meetings":19}},{"type":"Feature","id":"100114","geometry":{"type":"Polygon","coordinates":[[[-71.401223,41.828575],[-71.40124,41.828573],[-71.40124,41.828573],[-71.401256,41.828571],[-71.401256,41.828572],[-71.401278,41.828569],[-71.401278,41.828569],[-71.401294,41.828567],[-71.401294,41.828568],[-71.401316,41.828566],[-71.401315,41.828565],[-71.401331,41.828564],[-71.401331,41.828564],[-71.401353,41.828562],[-71.401353,41.828562],[-71.401369,41.82856],[-71.401369,41.828561],[-71.401391,41.828559],[-71.401391,41.828558],[-71.401407,41.828557],[-71.401407,41.828557],[-71.401428,41.828555],[-71.401428,41.828555],[-71.401444,41.828553],[-71.401444,41.828554],[-71.401466,41.828552],[-71.401466,41.828551],[-71.401482,41.82855],[-71.401482,41.82855],[-71.401504,41.828548],[-71.401504,41.828548],[-71.401519,41.828546],[-71.40152,41.828546],[-71.401541,41.828544],[-71.401541,41.828544],[-71.401557,41.828542],[-71.401557,41.828543],[-71.401579,41.828541],[-71.401579,41.82854],[-71.401595,41.828539],[-71.401595,41.828539],[-71.401616,41.828537],[-71.401616,41.828537],[-71.401632,41.828535],[-71.401632,41.828536],[-71.401654,41.828534],[-71.401654,41.828533],[-71.40167,41.828532],[-71.40167,41.828532],[-71.401687,41.828531],[-71.401693,41.828564],[-71.401718,41.828562],[-71.401711,41.828523],[-71.401799,41.828514],[-71.401805,41.828553],[-71.401843,41.82855],[-71.40185,41.828591],[-71.401851,41.828591],[-71.401857,41.828631],[-71.401857,41.828631],[-71.40186,41.828647],[-71.40186,41.828647],[-71.401867,41.828687],[-71.401866,41.828687],[-71.401869,41.828703],[-71.40187,41.828703],[-71.401877,41.828743],[-71.401876,41.828743],[-71.401879,41.828759],[-71.401879,41.828759],[-71.401886,41.828799],[-71.401885,41.828799],[-71.401888,41.828816],[-71.401889,41.828816],[-71.401896,41.828856],[-71.401895,41.828856],[-71.401898,41.82887],[-71.401908,41.828869],[-71.401908,41.828867],[-71.402361,41.828824],[-71.402361,41.828825],[-71.40238,41.828823],[-71.40238,41.828822],[-71.402381,41.828822],[-71.402381,41.828822],[-71.402397,41.828821],[-71.402397,41.828822],[-71.402419,41.82882],[-71.402419,41.828819],[-71.402435,41.828817],[-71.402435,41.828817],[-71.402436,41.828817],[-71.402437,41.828822],[-71.402444,41.828821],[-71.40244,41.828798],[-71.402688,41.828775],[-71.402693,41.828806],[-71.402692,41.828806],[-71.402693,41.828814],[-71.402695,41.828814],[-71.402695,41.828815],[-71.402707,41.828813],[-71.402718,41.828879],[-71.402698,41.828881],[-71.402707,41.828935],[-71.402467,41.828958],[-71.402466,41.828951],[-71.402459,41.828952],[-71.40246,41.828959],[-71.402459,41.828959],[-71.402459,41.828958],[-71.402445,41.828959],[-71.402445,41.828958],[-71.402419,41.828961],[-71.402419,41.828962],[-71.402405,41.828963],[-71.402405,41.828964],[-71.402088,41.828994],[-71.402079,41.82894],[-71.402042,41.828943],[-71.40204,41.828931],[-71.402037,41.828932],[-71.40203,41.82889],[-71.402033,41.828889],[-71.402031,41.828881],[-71.401902,41.828894],[-71.401913,41.828959],[-71.401913,41.828959],[-71.401915,41.828971],[-71.401915,41.828971],[-71.401917,41.828984],[-71.401905,41.828986],[-71.401904,41.82898],[-71.401878,41.828982],[-71.401883,41.829013],[-71.401867,41.829014],[-71.401867,41.829015],[-71.401813,41.82902],[-71.401813,41.829019],[-71.401796,41.829021],[-71.401792,41.828996],[-71.40179,41.828997],[-71.40179,41.828997],[-71.401774,41.828999],[-71.401774,41.828998],[-71.401708,41.829004],[-71.401707,41.829001],[-71.401703,41.829001],[-71.401703,41.829001],[-71.401692,41.829002],[-71.401692,41.829002],[-71.401691,41.829002],[-71.401692,41.829006],[-71.401679,41.829007],[-71.401672,41.828963],[-71.401671,41.828963],[-71.401669,41.828951],[-71.40167,41.828951],[-71.401667,41.828935],[-71.401666,41.828935],[-71.401664,41.828923],[-71.401665,41.828923],[-71.401662,41.828906],[-71.401661,41.828906],[-71.401659,41.828895],[-71.40166,41.828895],[-71.401657,41.828878],[-71.401657,41.828878],[-71.401655,41.828866],[-71.401655,41.828866],[-71.401652,41.82885],[-71.401652,41.82885],[-71.40165,41.828838],[-71.40165,41.828838],[-71.401648,41.828822],[-71.401647,41.828822],[-71.401645,41.82881],[-71.401646,41.82881],[-71.401643,41.828794],[-71.401642,41.828794],[-71.40164,41.828782],[-71.401641,41.828782],[-71.401638,41.828766],[-71.401638,41.828766],[-71.401635,41.828754],[-71.401636,41.828754],[-71.401635,41.82875],[-71.401631,41.828751],[-71.401631,41.828751],[-71.401615,41.828753],[-71.401615,41.828752],[-71.401593,41.828754],[-71.401593,41.828755],[-71.401577,41.828756],[-71.401577,41.828756],[-71.401555,41.828758],[-71.401556,41.828758],[-71.40154,41.82876],[-71.40154,41.828759],[-71.401518,41.828761],[-71.401518,41.828762],[-71.401502,41.828763],[-71.401502,41.828763],[-71.40148,41.828765],[-71.40148,41.828766],[-71.401464,41.828767],[-71.401464,41.828767],[-71.401443,41.828769],[-71.401443,41.828769],[-71.401427,41.828771],[-71.401427,41.82877],[-71.401405,41.828772],[-71.401405,41.828773],[-71.401389,41.828774],[-71.401389,41.828774],[-71.401367,41.828776],[-71.401367,41.828776],[-71.401352,41.828778],[-71.401352,41.828777],[-71.40133,41.828779],[-71.40133,41.82878],[-71.401314,41.828781],[-71.401314,41.828781],[-71.401292,41.828783],[-71.401292,41.828783],[-71.401276,41.828785],[-71.401276,41.828784],[-71.401255,41.828787],[-71.401255,41.828787],[-71.401239,41.828788],[-71.401239,41.828788],[-71.401217,41.82879],[-71.401216,41.828786],[-71.401215,41.828786],[-71.401215,41.828784],[-71.401204,41.828785],[-71.401204,41.828787],[-71.4012,41.828787],[-71.401201,41.828792],[-71.401141,41.828797],[-71.40114,41.828793],[-71.401136,41.828793],[-71.401136,41.828792],[-71.401125,41.828793],[-71.401125,41.828794],[-71.401124,41.828794],[-71.401125,41.828799],[-71.401056,41.828805],[-71.401054,41.828798],[-71.40106,41.828798],[-71.40106,41.828796],[-71.401061,41.828796],[-71.401059,41.828786],[-71.401058,41.828786],[-71.401058,41.828785],[-71.401052,41.828785],[-71.401039,41.828708],[-71.401038,41.828708],[-71.401032,41.828668],[-71.401032,41.828668],[-71.40103,41.828656],[-71.401081,41.828651],[-71.401081,41.82865],[-71.401082,41.82865],[-71.401079,41.828633],[-71.401078,41.828633],[-71.401078,41.828632],[-71.401075,41.828632],[-71.401074,41.828623],[-71.401229,41.828608],[-71.401228,41.828603],[-71.401235,41.828602],[-71.401235,41.828601],[-71.401237,41.828601],[-71.401235,41.828593],[-71.401234,41.828593],[-71.401233,41.82859],[-71.401226,41.828591],[-71.401223,41.828575]]]},"properties":{"propertyCode":"100114","label":"Sidney E. Frank Hall For Life Sciences","rank":0,"sortKey":0.1545,"labelMinZoom":0,"heightM":18.7,"floors":5,"year":2006,"kind":"other","placeId":"sidney-frank-hall","placeIds":["sidney-frank-hall"],"address":"185 Meeting St","currentUse":null,"buildingType":"BUILDING","complex":null,"aliases":["Sidney E. Frank Hall Life Sciences","Life Sciences Building","Sfhlsb","Lsb","185 Meeting St","SFRANKHLSB"],"meetings":18}},{"type":"Feature","id":"100115","geometry":{"type":"Polygon","coordinates":[[[-71.402473,41.827705],[-71.402495,41.827703],[-71.402493,41.827691],[-71.402514,41.827689],[-71.402516,41.827701],[-71.402537,41.827699],[-71.402543,41.827735],[-71.402555,41.827733],[-71.402556,41.827744],[-71.402591,41.827741],[-71.402592,41.827749],[-71.402608,41.827748],[-71.402624,41.827834],[-71.402556,41.827841],[-71.402558,41.827857],[-71.402525,41.82786],[-71.402522,41.827844],[-71.402512,41.827845],[-71.402503,41.827796],[-71.402489,41.827797],[-71.402473,41.827705]]]},"properties":{"propertyCode":"100115","label":"127 Angell","rank":2,"sortKey":2.8767,"labelMinZoom":17,"heightM":15.2,"floors":4,"year":1853,"kind":"other","placeId":null,"placeIds":[],"address":"127 Angell St","currentUse":"Apartments (03)","buildingType":"HOUSE","complex":null,"aliases":["Angell St 127","127 Angell St","ANGELL127"],"meetings":0}},{"type":"Feature","id":"100116","geometry":{"type":"Polygon","coordinates":[[[-71.403163,41.824802],[-71.403163,41.824813],[-71.403132,41.824814],[-71.403132,41.824827],[-71.403094,41.824827],[-71.403094,41.824814],[-71.403083,41.824815],[-71.403082,41.824769],[-71.403059,41.824769],[-71.403056,41.824677],[-71.40319,41.824675],[-71.403191,41.824715],[-71.403201,41.824723],[-71.403201,41.824732],[-71.403191,41.824739],[-71.403192,41.824762],[-71.40323,41.824752],[-71.403231,41.824766],[-71.403235,41.824766],[-71.403236,41.824801],[-71.403163,41.824802]]]},"properties":{"propertyCode":"100116","label":"Stonewall House","rank":2,"sortKey":2.8695,"labelMinZoom":17,"heightM":15.2,"floors":4,"year":1816,"kind":"other","placeId":"stonewall-house","placeIds":["stonewall-house"],"address":"22 Benevolent St","currentUse":"1 Family","buildingType":"HOUSE","complex":null,"aliases":["22 Benevolent","22 Benevolent St","STONEWALL"],"meetings":0}},{"type":"Feature","id":"100117","geometry":{"type":"Polygon","coordinates":[[[-71.402576,41.828724],[-71.402511,41.82873],[-71.402514,41.828748],[-71.40249,41.828772],[-71.402432,41.828778],[-71.4024,41.828759],[-71.402397,41.828741],[-71.402205,41.828759],[-71.402209,41.828784],[-71.402191,41.828786],[-71.402152,41.828824],[-71.402088,41.82883],[-71.402037,41.8288],[-71.402019,41.828802],[-71.401975,41.828544],[-71.401962,41.828537],[-71.401958,41.828514],[-71.401975,41.828498],[-71.402006,41.828495],[-71.402018,41.828502],[-71.402149,41.82849],[-71.402149,41.828491],[-71.402152,41.828491],[-71.402152,41.828494],[-71.402156,41.828493],[-71.402189,41.828688],[-71.402604,41.828649],[-71.402605,41.828655],[-71.402601,41.828655],[-71.402611,41.828716],[-71.402575,41.828719],[-71.402576,41.828724]]]},"properties":{"propertyCode":"100117","label":"BioMed Grimshaw-Gudewicz","rank":1,"sortKey":1.6572,"labelMinZoom":16,"heightM":22.2,"floors":6,"year":1989,"kind":"academic","placeId":null,"placeIds":[],"address":"175 Meeting St","currentUse":"Medical Research","buildingType":"BUILDING","complex":null,"aliases":["Grimshaw-Gudewicz Medical Building","Medical Building","81-89 Brown St","George Grimshaw & Irene Gudewicz","175 Meeting St","BIOMEDGG"],"meetings":0}},{"type":"Feature","id":"100118","geometry":{"type":"Polygon","coordinates":[[[-71.400014,41.830253],[-71.400021,41.830318],[-71.399894,41.830326],[-71.39989,41.830287],[-71.399886,41.830287],[-71.399873,41.830278],[-71.399865,41.830212],[-71.399969,41.830205],[-71.399975,41.830256],[-71.400014,41.830253]]]},"properties":{"propertyCode":"100118","label":"456 Brook","rank":2,"sortKey":2.8793,"labelMinZoom":17,"heightM":11.7,"floors":3,"year":1885,"kind":"other","placeId":null,"placeIds":[],"address":"456 Brook St","currentUse":"3 Family","buildingType":"HOUSE","complex":null,"aliases":["Brook St 456","456 Brook St","BROOK456"],"meetings":0}},{"type":"Feature","id":"100119","geometry":{"type":"Polygon","coordinates":[[[-71.401791,41.830042],[-71.401797,41.830084],[-71.401863,41.830079],[-71.401908,41.830421],[-71.401738,41.830433],[-71.401694,41.830091],[-71.401713,41.830089],[-71.401707,41.830048],[-71.401791,41.830042]]]},"properties":{"propertyCode":"100119","label":"Champlin Hall","rank":1,"sortKey":1.7687,"labelMinZoom":16,"heightM":18.7,"floors":5,"year":1960,"kind":"residence","placeId":"champlin-hall","placeIds":["champlin-hall"],"address":"208 Meeting St","currentUse":"Dormitory","buildingType":"BUILDING","complex":"Pembroke Quad","aliases":["Champlin","Champlin: Pembroke Quad","200 Meeting St","George B. Champlin","208 Meeting St","CHAMPLIN"],"meetings":0}},{"type":"Feature","id":"100120","geometry":{"type":"Polygon","coordinates":[[[-71.400284,41.830198],[-71.400286,41.830213],[-71.4003,41.830212],[-71.400303,41.830237],[-71.40029,41.830237],[-71.400291,41.830249],[-71.400269,41.83025],[-71.400275,41.8303],[-71.400241,41.830302],[-71.400243,41.830321],[-71.400168,41.830326],[-71.400152,41.830192],[-71.40023,41.830187],[-71.400231,41.830201],[-71.400284,41.830198]]]},"properties":{"propertyCode":"100120","label":"166 Cushing","rank":2,"sortKey":2.8758,"labelMinZoom":17,"heightM":15.2,"floors":4,"year":1885,"kind":"other","placeId":null,"placeIds":[],"address":"166 Cushing St","currentUse":"1 Family","buildingType":"HOUSE","complex":null,"aliases":["Cushing St 166","166 Cushing St","CUSH166"],"meetings":0}},{"type":"Feature","id":"100122","geometry":{"type":"Polygon","coordinates":[[[-71.405135,41.826207],[-71.40517,41.826205],[-71.405187,41.826351],[-71.405184,41.826351],[-71.405202,41.826508],[-71.405198,41.826508],[-71.405216,41.826666],[-71.405212,41.826666],[-71.405212,41.826665],[-71.405091,41.826673],[-71.405091,41.826674],[-71.404974,41.826681],[-71.404959,41.826556],[-71.404826,41.826564],[-71.404826,41.826563],[-71.404825,41.826559],[-71.404812,41.826445],[-71.404809,41.826445],[-71.404805,41.826409],[-71.404807,41.826409],[-71.404804,41.826385],[-71.404802,41.826385],[-71.404798,41.826349],[-71.404801,41.826349],[-71.404788,41.826235],[-71.404787,41.826229],[-71.404954,41.826219],[-71.405004,41.826215],[-71.405135,41.826207]]]},"properties":{"propertyCode":"100122","label":"John Hay Library","rank":0,"sortKey":0.5558,"labelMinZoom":0,"heightM":18.7,"floors":5,"year":1910,"kind":"library","placeId":"john-hay-library","placeIds":["john-hay-library"],"address":"20 Prospect St","currentUse":"Library","buildingType":"BUILDING","complex":null,"aliases":["20-34 Prospect St","John Milton Hay","20 Prospect St","JHAYLIB"],"meetings":2}},{"type":"Feature","id":"100125","geometry":{"type":"Polygon","coordinates":[[[-71.403804,41.827103],[-71.403837,41.8271],[-71.403891,41.827097],[-71.403903,41.8272],[-71.403892,41.8272],[-71.403898,41.827245],[-71.403867,41.827247],[-71.403869,41.827263],[-71.403794,41.827268],[-71.403774,41.827105],[-71.403804,41.827103]]]},"properties":{"propertyCode":"100125","label":"70 Waterman","rank":2,"sortKey":2.8648,"labelMinZoom":17,"heightM":15.2,"floors":4,"year":1859,"kind":"academic","placeId":null,"placeIds":[],"address":"70 Waterman St","currentUse":"Classroom/Office","buildingType":"HOUSE","complex":null,"aliases":["Waterman St 070","70 Waterman St","WATER070"],"meetings":0}},{"type":"Feature","id":"100126","geometry":{"type":"Polygon","coordinates":[[[-71.401739,41.829459],[-71.401767,41.829678],[-71.401474,41.829699],[-71.401307,41.829711],[-71.401307,41.829708],[-71.401253,41.829712],[-71.401249,41.829681],[-71.401303,41.829677],[-71.401291,41.829585],[-71.401611,41.829562],[-71.401599,41.82947],[-71.401739,41.829459]]]},"properties":{"propertyCode":"100126","label":"Woolley Hall","rank":1,"sortKey":1.6904,"labelMinZoom":16,"heightM":25.7,"floors":7,"year":1963,"kind":"residence","placeId":"woolley-hall","placeIds":["woolley-hall"],"address":"202 Meeting St","currentUse":"Dormitory","buildingType":"BUILDING","complex":"Pembroke Quad","aliases":["Woolley Hall: Pembroke Quad","200 Meeting St","Mary Emma Woolley","202 Meeting St","WOOLLEYHAL"],"meetings":0}},{"type":"Feature","id":"100128","geometry":{"type":"Polygon","coordinates":[[[-71.408552,41.818524],[-71.407935,41.818769],[-71.40783,41.818621],[-71.40814,41.818498],[-71.407897,41.818156],[-71.408153,41.818055],[-71.408182,41.818096],[-71.408234,41.818075],[-71.408552,41.818524]]]},"properties":{"propertyCode":"100128","label":"222 Richmond","rank":0,"sortKey":0.3931,"labelMinZoom":0,"heightM":18.7,"floors":5,"year":1989,"kind":"other","placeId":null,"placeIds":[],"address":"222 Richmond St","currentUse":null,"buildingType":"BUILDING","complex":null,"aliases":["Richmond St 222 Parking Garage","222 Richmond St","RICHMNDPKG"],"meetings":0}},{"type":"Feature","id":"100129","geometry":{"type":"Polygon","coordinates":[[[-71.397785,41.823878],[-71.397773,41.82379],[-71.397778,41.823789],[-71.397777,41.823782],[-71.397788,41.823781],[-71.397789,41.823789],[-71.397808,41.823787],[-71.397798,41.823711],[-71.398293,41.823674],[-71.398334,41.823991],[-71.398005,41.824015],[-71.398004,41.824007],[-71.397962,41.82401],[-71.397964,41.824025],[-71.397794,41.824038],[-71.397792,41.824023],[-71.397801,41.824022],[-71.397796,41.823985],[-71.397798,41.823985],[-71.397785,41.823878],[-71.397927,41.823867],[-71.397937,41.823944],[-71.397966,41.823942],[-71.397964,41.823929],[-71.398144,41.823915],[-71.398125,41.823775],[-71.397917,41.823791],[-71.397927,41.823867],[-71.397785,41.823878]]]},"properties":{"propertyCode":"100129","label":"Barbour Hall","rank":1,"sortKey":1.6627,"labelMinZoom":16,"heightM":15.2,"floors":4,"year":1904,"kind":"residence","placeId":"barbour-hall","placeIds":["barbour-hall"],"address":"100 Charlesfield St","currentUse":"Dormitory","buildingType":"BUILDING","complex":null,"aliases":["Appleby","Clarence Augustus Barbour","100 Charlesfield St","BARBOUR"],"meetings":0}},{"type":"Feature","id":"100132","geometry":{"type":"Polygon","coordinates":[[[-71.404314,41.827534],[-71.4042,41.827543],[-71.404192,41.827479],[-71.404092,41.827487],[-71.404081,41.827411],[-71.404298,41.827394],[-71.404314,41.827534]]]},"properties":{"propertyCode":"100132","label":"8 Fones Alley","rank":1,"sortKey":1.8834,"labelMinZoom":16,"heightM":8.2,"floors":2,"year":1900,"kind":"admin","placeId":"8-fones-alley","placeIds":["8-fones-alley"],"address":"8 Fones Alley","currentUse":"Office","buildingType":"BUILDING","complex":null,"aliases":["Fones Alley 008","The Political Theory Project","FONES008"],"meetings":4}},{"type":"Feature","id":"100133","geometry":{"type":"Polygon","coordinates":[[[-71.397593,41.823282],[-71.397606,41.82337],[-71.397532,41.823376],[-71.397519,41.823288],[-71.397593,41.823282]]]},"properties":{"propertyCode":"100133","label":"Giddings Garage","rank":2,"sortKey":2.8973,"labelMinZoom":17,"heightM":4.7,"floors":1,"year":2008,"kind":"other","placeId":null,"placeIds":[],"address":"128 Hope St","currentUse":"Garage","buildingType":"GARAGE","complex":null,"aliases":["Giddings House - Garage","128 Hope St","GDINGSGAR"],"meetings":0}},{"type":"Feature","id":"100135","geometry":{"type":"Polygon","coordinates":[[[-71.395274,41.833165],[-71.395269,41.833157],[-71.395269,41.833157],[-71.395255,41.833133],[-71.395255,41.833133],[-71.39525,41.833125],[-71.395251,41.833124],[-71.395245,41.833114],[-71.395244,41.833114],[-71.395239,41.833106],[-71.39524,41.833106],[-71.395226,41.833082],[-71.395226,41.833082],[-71.39522,41.833072],[-71.395232,41.833068],[-71.395218,41.833045],[-71.395218,41.833045],[-71.395214,41.833038],[-71.395215,41.833038],[-71.395209,41.833027],[-71.395208,41.833028],[-71.3952,41.833014],[-71.3952,41.833014],[-71.395195,41.833006],[-71.395195,41.833006],[-71.395182,41.832982],[-71.395181,41.832982],[-71.395177,41.832974],[-71.395177,41.832973],[-71.395163,41.83295],[-71.395163,41.83295],[-71.395158,41.832941],[-71.395158,41.832941],[-71.395145,41.832918],[-71.395144,41.832918],[-71.395139,41.832909],[-71.39514,41.832909],[-71.395126,41.832885],[-71.395126,41.832885],[-71.395114,41.832865],[-71.395125,41.832861],[-71.395126,41.832863],[-71.395167,41.83285],[-71.395166,41.832848],[-71.395175,41.832845],[-71.395176,41.832847],[-71.395217,41.832834],[-71.395216,41.832832],[-71.395227,41.832828],[-71.395228,41.83283],[-71.395255,41.832821],[-71.395254,41.83282],[-71.395257,41.832819],[-71.395257,41.83282],[-71.395268,41.832816],[-71.395268,41.832815],[-71.395277,41.832813],[-71.395277,41.832813],[-71.395318,41.8328],[-71.395318,41.832799],[-71.395329,41.832796],[-71.395329,41.832796],[-71.39537,41.832783],[-71.39537,41.832783],[-71.395383,41.832778],[-71.395384,41.83278],[-71.395416,41.83277],[-71.395415,41.832768],[-71.395431,41.832763],[-71.395431,41.832763],[-71.395445,41.832759],[-71.395445,41.832758],[-71.395454,41.832755],[-71.395454,41.832756],[-71.395499,41.832741],[-71.395499,41.832741],[-71.395503,41.832739],[-71.395504,41.83274],[-71.395522,41.832734],[-71.395522,41.832734],[-71.395533,41.83273],[-71.395533,41.83273],[-71.395556,41.832723],[-71.395556,41.832723],[-71.395587,41.832712],[-71.395588,41.832714],[-71.39562,41.832704],[-71.395619,41.832702],[-71.395635,41.832697],[-71.395647,41.832717],[-71.395646,41.832717],[-71.39566,41.832741],[-71.39566,41.832741],[-71.395665,41.83275],[-71.395665,41.83275],[-71.395678,41.832773],[-71.395679,41.832773],[-71.395684,41.832782],[-71.395683,41.832782],[-71.395697,41.832805],[-71.395697,41.832805],[-71.395702,41.832814],[-71.395701,41.832814],[-71.395715,41.832838],[-71.395716,41.832838],[-71.395721,41.832846],[-71.395721,41.832846],[-71.395734,41.83287],[-71.395734,41.83287],[-71.395738,41.832877],[-71.395738,41.832877],[-71.395752,41.8329],[-71.395763,41.832897],[-71.395769,41.832907],[-71.395769,41.832907],[-71.395783,41.832931],[-71.395783,41.83293],[-71.395788,41.832939],[-71.395788,41.832939],[-71.395793,41.832949],[-71.395794,41.832949],[-71.395799,41.832958],[-71.395798,41.832958],[-71.395812,41.832981],[-71.395812,41.832981],[-71.395817,41.83299],[-71.395806,41.832993],[-71.395806,41.832993],[-71.395774,41.833003],[-71.395774,41.833004],[-71.395763,41.833007],[-71.395763,41.833007],[-71.395749,41.833011],[-71.395749,41.833012],[-71.395738,41.833015],[-71.395738,41.833015],[-71.395706,41.833025],[-71.395706,41.833026],[-71.395693,41.83303],[-71.395688,41.833021],[-71.395647,41.833034],[-71.395647,41.833035],[-71.395638,41.833038],[-71.395637,41.833037],[-71.395626,41.83304],[-71.395626,41.833041],[-71.395597,41.833051],[-71.395597,41.833051],[-71.395586,41.833054],[-71.395586,41.833054],[-71.395545,41.833067],[-71.395545,41.833068],[-71.395536,41.83307],[-71.395536,41.83307],[-71.395518,41.833076],[-71.395513,41.833078],[-71.395513,41.833077],[-71.395495,41.833083],[-71.395495,41.833084],[-71.395484,41.833087],[-71.395484,41.833087],[-71.395443,41.8331],[-71.395443,41.8331],[-71.395434,41.833103],[-71.395434,41.833103],[-71.395393,41.833116],[-71.395398,41.833125],[-71.395385,41.833129],[-71.395385,41.833129],[-71.395353,41.833139],[-71.395353,41.83314],[-71.395342,41.833143],[-71.395341,41.833143],[-71.395328,41.833147],[-71.395328,41.833148],[-71.395317,41.833151],[-71.395317,41.833151],[-71.395285,41.833161],[-71.395285,41.833162],[-71.395274,41.833165]]]},"properties":{"propertyCode":"100135","label":"Andrews Memorial Building","rank":1,"sortKey":1.6676,"labelMinZoom":16,"heightM":11.7,"floors":3,"year":2003,"kind":"admin","placeId":null,"placeIds":[],"address":"295 Lloyd Ave","currentUse":"Office","buildingType":"BUILDING","complex":null,"aliases":["Philip D. Andrews Memorial Building","295 Lloyd Ave","ANDREWSMEM"],"meetings":0}},{"type":"Feature","id":"100136","geometry":{"type":"Polygon","coordinates":[[[-71.400813,41.826707],[-71.400813,41.826707],[-71.400816,41.826727],[-71.400827,41.82683],[-71.400825,41.826831],[-71.400838,41.826915],[-71.40084,41.826915],[-71.400844,41.82695],[-71.40085,41.827002],[-71.400852,41.827016],[-71.400856,41.827049],[-71.400821,41.827051],[-71.400824,41.827078],[-71.400804,41.827079],[-71.400803,41.82708],[-71.400802,41.827081],[-71.4008,41.827081],[-71.400799,41.827082],[-71.400798,41.827083],[-71.400797,41.827084],[-71.400796,41.827084],[-71.400795,41.827085],[-71.400793,41.827086],[-71.400792,41.827086],[-71.400791,41.827087],[-71.400789,41.827088],[-71.400789,41.827087],[-71.400787,41.827087],[-71.400786,41.827088],[-71.400784,41.827088],[-71.400782,41.827089],[-71.400781,41.827089],[-71.400779,41.827089],[-71.400778,41.82709],[-71.400776,41.82709],[-71.400774,41.82709],[-71.400773,41.827091],[-71.400771,41.827091],[-71.400769,41.827091],[-71.400767,41.827091],[-71.400766,41.827091],[-71.400764,41.827091],[-71.400762,41.827091],[-71.400761,41.827091],[-71.400759,41.827091],[-71.400757,41.82709],[-71.400756,41.82709],[-71.400754,41.82709],[-71.400752,41.82709],[-71.400751,41.827089],[-71.40075,41.82709],[-71.400749,41.82709],[-71.400747,41.82709],[-71.400746,41.827089],[-71.400744,41.827089],[-71.400743,41.827088],[-71.400742,41.827088],[-71.40074,41.827087],[-71.400739,41.827086],[-71.400738,41.827086],[-71.400737,41.827085],[-71.400735,41.827085],[-71.400734,41.827084],[-71.400714,41.827085],[-71.40071,41.827059],[-71.400675,41.827061],[-71.400659,41.826928],[-71.400661,41.826927],[-71.400651,41.826844],[-71.40065,41.826844],[-71.400633,41.826708],[-71.400632,41.826708],[-71.40062,41.826607],[-71.400621,41.826607],[-71.400604,41.826471],[-71.400606,41.826471],[-71.400603,41.826446],[-71.400779,41.826434],[-71.400782,41.826459],[-71.400783,41.826459],[-71.400799,41.826592],[-71.400871,41.826587],[-71.40087,41.826574],[-71.400965,41.826567],[-71.401044,41.826562],[-71.401044,41.826561],[-71.401174,41.826553],[-71.401174,41.826553],[-71.401348,41.826542],[-71.401362,41.826674],[-71.401289,41.826679],[-71.401061,41.826694],[-71.40103,41.826697],[-71.400943,41.826703],[-71.400886,41.826707],[-71.400885,41.826702],[-71.400813,41.826707]]]},"properties":{"propertyCode":"100136","label":"Metcalf Research","rank":0,"sortKey":0.5447,"labelMinZoom":0,"heightM":15.2,"floors":4,"year":1923,"kind":"academic","placeId":"metcalf-research-building","placeIds":["metcalf-research-building"],"address":"190 Thayer St","currentUse":"School","buildingType":"BUILDING","complex":null,"aliases":["Metcalf Research Building","TEST","Metcalf","Metchem","Metcalf Chemistry","The Jesse Metcalf Chemical Laboratory","190 Thayer St","METRSCHBLD"],"meetings":52}},{"type":"Feature","id":"100138","geometry":{"type":"Polygon","coordinates":[[[-71.399725,41.822877],[-71.399731,41.822922],[-71.398819,41.822989],[-71.398812,41.822942],[-71.398757,41.822946],[-71.398711,41.822597],[-71.398709,41.822583],[-71.398705,41.822556],[-71.398742,41.822553],[-71.398738,41.822523],[-71.399814,41.822445],[-71.399819,41.822485],[-71.399866,41.822481],[-71.399916,41.822861],[-71.399881,41.822864],[-71.399887,41.822911],[-71.399819,41.822916],[-71.399813,41.822871],[-71.399725,41.822877]]]},"properties":{"propertyCode":"100138","label":"Power Street Parking","rank":0,"sortKey":0.4314,"labelMinZoom":0,"heightM":8.2,"floors":2,"year":1988,"kind":"other","placeId":null,"placeIds":[],"address":"101 Power St","currentUse":"Garage","buildingType":"BUILDING","complex":null,"aliases":["Power St Parking Garage","101 Power St","POWERPARK"],"meetings":0}},{"type":"Feature","id":"100140","geometry":{"type":"Polygon","coordinates":[[[-71.4034,41.82741],[-71.403399,41.82741],[-71.403399,41.827406],[-71.403398,41.827406],[-71.403375,41.827408],[-71.403375,41.827412],[-71.403374,41.827412],[-71.403375,41.827416],[-71.40329,41.827422],[-71.40329,41.827421],[-71.403271,41.827422],[-71.403271,41.827423],[-71.403262,41.827424],[-71.403262,41.827423],[-71.403243,41.827424],[-71.403243,41.827425],[-71.403208,41.827428],[-71.403203,41.82739],[-71.403197,41.827391],[-71.403195,41.82737],[-71.403201,41.82737],[-71.403201,41.827369],[-71.4032,41.827369],[-71.403198,41.827355],[-71.403215,41.827354],[-71.403215,41.827354],[-71.403217,41.827354],[-71.403216,41.827349],[-71.403243,41.827347],[-71.403244,41.827352],[-71.403245,41.827352],[-71.403245,41.827351],[-71.403361,41.827343],[-71.403362,41.827347],[-71.403369,41.827346],[-71.403369,41.827346],[-71.40337,41.827345],[-71.40337,41.827346],[-71.403388,41.827345],[-71.403388,41.827344],[-71.403389,41.827344],[-71.403389,41.827345],[-71.403396,41.827344],[-71.403393,41.827324],[-71.403439,41.82732],[-71.403438,41.827317],[-71.403437,41.827306],[-71.40348,41.827302],[-71.403482,41.827317],[-71.403484,41.827317],[-71.403495,41.827407],[-71.403401,41.827414],[-71.4034,41.82741]]]},"properties":{"propertyCode":"100140","label":"68 1/2 Brown","rank":1,"sortKey":1.8673,"labelMinZoom":16,"heightM":11.7,"floors":3,"year":2001,"kind":"academic","placeId":null,"placeIds":[],"address":"68.5 Brown St","currentUse":"School","buildingType":"BUILDING","complex":null,"aliases":["Brown St 068.5","Angell 107 Annex","Literary Arts Program","68.5 Brown St","BROWN068H"],"meetings":0}},{"type":"Feature","id":"100141","geometry":{"type":"Polygon","coordinates":[[[-71.40244,41.827673],[-71.402449,41.827723],[-71.402433,41.827724],[-71.40244,41.827767],[-71.402457,41.827765],[-71.402472,41.827849],[-71.402386,41.827857],[-71.402371,41.827774],[-71.402373,41.827773],[-71.402372,41.827766],[-71.402364,41.827767],[-71.402361,41.82775],[-71.402369,41.827749],[-71.402362,41.82771],[-71.402399,41.827707],[-71.402394,41.827678],[-71.40244,41.827673]]]},"properties":{"propertyCode":"100141","label":"129 Angell","rank":2,"sortKey":2.8815,"labelMinZoom":17,"heightM":11.7,"floors":3,"year":1849,"kind":"other","placeId":null,"placeIds":[],"address":"129 Angell St","currentUse":"Rooming  House (05)","buildingType":"HOUSE","complex":null,"aliases":["Angell St 129","129 Angell St","ANGELL129"],"meetings":0}},{"type":"Feature","id":"100142","geometry":{"type":"Polygon","coordinates":[[[-71.402987,41.824701],[-71.402989,41.824754],[-71.402949,41.824755],[-71.402951,41.824839],[-71.402892,41.824841],[-71.40289,41.824778],[-71.402878,41.824779],[-71.402878,41.824788],[-71.40284,41.824789],[-71.40284,41.824781],[-71.402787,41.824781],[-71.402784,41.824681],[-71.40293,41.824678],[-71.402931,41.824702],[-71.402987,41.824701]]]},"properties":{"propertyCode":"100142","label":"26 Benevolent","rank":2,"sortKey":2.875,"labelMinZoom":17,"heightM":11.7,"floors":3,"year":1823,"kind":"admin","placeId":"sarah-doyle-center-for-women-and-gender","placeIds":["sarah-doyle-center-for-women-and-gender"],"address":"26 Benevolent St","currentUse":"Office","buildingType":"HOUSE","complex":null,"aliases":["Benevolent St 026","26 Benevolent St","BENE026"],"meetings":0}},{"type":"Feature","id":"100143","geometry":{"type":"Polygon","coordinates":[[[-71.405212,41.826665],[-71.405216,41.826706],[-71.405198,41.826707],[-71.405207,41.826787],[-71.405202,41.826787],[-71.405203,41.826797],[-71.405167,41.826799],[-71.405165,41.82679],[-71.405105,41.826794],[-71.405091,41.826673],[-71.405212,41.826665]]]},"properties":{"propertyCode":"100143","label":"Blistein House","rank":2,"sortKey":2.8737,"labelMinZoom":17,"heightM":15.2,"floors":4,"year":1867,"kind":"admin","placeId":"blistein-house","placeIds":["blistein-house"],"address":"57 Waterman St","currentUse":"Office","buildingType":"HOUSE","complex":null,"aliases":["Elmer M. Blistein '42","57 Waterman St","BLISTEIN"],"meetings":2}},{"type":"Feature","id":"100144","geometry":{"type":"Polygon","coordinates":[[[-71.401224,41.828329],[-71.401232,41.828371],[-71.401245,41.828446],[-71.400839,41.828485],[-71.400787,41.828181],[-71.401192,41.828142],[-71.401224,41.828329]]]},"properties":{"propertyCode":"100144","label":"164 Angell","rank":0,"sortKey":0.5528,"labelMinZoom":0,"heightM":22.2,"floors":6,"year":1969,"kind":"other","placeId":null,"placeIds":[],"address":"164 Angell St","currentUse":"Bank/Book/Offices","buildingType":"BUILDING","complex":null,"aliases":["Angell St 164","Bob","Bookstore","164-176 Angell St","Brown Office Building","164 Angell St","ANGELL164"],"meetings":0}},{"type":"Feature","id":"100146","geometry":{"type":"Polygon","coordinates":[[[-71.39961,41.82533],[-71.399602,41.825279],[-71.399661,41.825274],[-71.399662,41.825283],[-71.399693,41.82528],[-71.399703,41.825343],[-71.399743,41.825339],[-71.399745,41.82535],[-71.399747,41.82535],[-71.399748,41.82535],[-71.399748,41.82535],[-71.399749,41.825351],[-71.39975,41.825351],[-71.39975,41.825351],[-71.399751,41.825352],[-71.399751,41.825352],[-71.399752,41.825352],[-71.399752,41.825353],[-71.399753,41.825353],[-71.399753,41.825353],[-71.399754,41.825354],[-71.399754,41.825354],[-71.399755,41.825355],[-71.399755,41.825355],[-71.399755,41.825356],[-71.399756,41.825356],[-71.399756,41.825357],[-71.399756,41.825357],[-71.399757,41.825357],[-71.399757,41.825358],[-71.399757,41.825358],[-71.399757,41.825359],[-71.399758,41.825359],[-71.399758,41.82536],[-71.399758,41.825361],[-71.399758,41.825361],[-71.399758,41.825362],[-71.399758,41.825362],[-71.399758,41.825363],[-71.399758,41.825363],[-71.399758,41.825364],[-71.399758,41.825364],[-71.399758,41.825365],[-71.399758,41.825365],[-71.399758,41.825366],[-71.399758,41.825366],[-71.399758,41.825367],[-71.399758,41.825367],[-71.399757,41.825368],[-71.399757,41.825368],[-71.399757,41.825369],[-71.399757,41.825369],[-71.399756,41.82537],[-71.399756,41.82537],[-71.399756,41.825371],[-71.399755,41.825371],[-71.399755,41.825372],[-71.399755,41.825372],[-71.399754,41.825373],[-71.399754,41.825373],[-71.399753,41.825373],[-71.399753,41.825374],[-71.399752,41.825374],[-71.399752,41.825374],[-71.399751,41.825375],[-71.399749,41.825375],[-71.399758,41.825429],[-71.399794,41.825426],[-71.399803,41.825481],[-71.399767,41.825484],[-71.399768,41.825486],[-71.39965,41.825497],[-71.399627,41.825353],[-71.399594,41.825356],[-71.39959,41.825332],[-71.39961,41.82533]]]},"properties":{"propertyCode":"100146","label":"155 George","rank":2,"sortKey":2.8567,"labelMinZoom":17,"heightM":15.2,"floors":4,"year":1930,"kind":"admin","placeId":"modern-culture-and-media","placeIds":["modern-culture-and-media"],"address":"155 George St","currentUse":"Office","buildingType":"HOUSE","complex":null,"aliases":["George St 155","155 George St","GEORGE155"],"meetings":10}},{"type":"Feature","id":"100148","geometry":{"type":"Polygon","coordinates":[[[-71.399017,41.822166],[-71.398634,41.82219],[-71.398598,41.821865],[-71.398839,41.821851],[-71.398859,41.822033],[-71.39894,41.822028],[-71.398939,41.822021],[-71.399001,41.822017],[-71.399017,41.822166]]]},"properties":{"propertyCode":"100148","label":"50 John","rank":1,"sortKey":1.8418,"labelMinZoom":16,"heightM":4.7,"floors":1,"year":1910,"kind":"other","placeId":"theatre-arts-building","placeIds":["theatre-arts-building"],"address":"50 John St","currentUse":"Maintenance Shop","buildingType":"BUILDING","complex":null,"aliases":["John St 050","50 John St","JOHN050"],"meetings":2}},{"type":"Feature","id":"100150","geometry":{"type":"Polygon","coordinates":[[[-71.401282,41.830187],[-71.401237,41.83019],[-71.401235,41.830174],[-71.401191,41.830177],[-71.401198,41.830229],[-71.40112,41.830235],[-71.401121,41.83024],[-71.401042,41.830246],[-71.401012,41.830248],[-71.401002,41.830167],[-71.400992,41.830095],[-71.401029,41.830092],[-71.401033,41.830129],[-71.401133,41.830122],[-71.401138,41.830121],[-71.401141,41.830138],[-71.40116,41.830136],[-71.40118,41.830135],[-71.401172,41.830066],[-71.401328,41.830055],[-71.401331,41.830079],[-71.401368,41.830077],[-71.401378,41.830159],[-71.401333,41.830162],[-71.401336,41.830183],[-71.401282,41.830187]]]},"properties":{"propertyCode":"100150","label":"1 New Pembroke","rank":1,"sortKey":1.8578,"labelMinZoom":16,"heightM":8.2,"floors":2,"year":1974,"kind":"residence","placeId":"new-pembroke-1","placeIds":["new-pembroke-1"],"address":"302 Thayer St","currentUse":"Dormitory","buildingType":"BUILDING","complex":null,"aliases":["New Pembroke No. 1","302 Thayer St","NEWPEM1"],"meetings":0}},{"type":"Feature","id":"100151","geometry":{"type":"Polygon","coordinates":[[[-71.403267,41.827314],[-71.403263,41.827314],[-71.403263,41.827313],[-71.403241,41.827314],[-71.403236,41.827281],[-71.403207,41.827284],[-71.4032,41.827237],[-71.403206,41.827236],[-71.403203,41.827218],[-71.403192,41.827219],[-71.403188,41.827188],[-71.403199,41.827187],[-71.403195,41.827157],[-71.403223,41.827155],[-71.403223,41.827154],[-71.403293,41.827149],[-71.403292,41.827144],[-71.403296,41.827144],[-71.403295,41.827142],[-71.403296,41.827142],[-71.4033,41.827135],[-71.403329,41.827133],[-71.403334,41.827139],[-71.403335,41.827139],[-71.403335,41.827141],[-71.403339,41.82714],[-71.403339,41.827145],[-71.40342,41.827138],[-71.403433,41.827228],[-71.403374,41.827233],[-71.403373,41.827226],[-71.403358,41.827227],[-71.403366,41.827284],[-71.403369,41.827304],[-71.403347,41.827306],[-71.403347,41.827308],[-71.403344,41.827308],[-71.403347,41.827327],[-71.40327,41.827333],[-71.403267,41.827314]]]},"properties":{"propertyCode":"100151","label":"Partridge Hall","rank":2,"sortKey":2.8562,"labelMinZoom":17,"heightM":11.7,"floors":3,"year":1894,"kind":"other","placeId":"brown-center-for-students-of-color","placeIds":["brown-center-for-students-of-color"],"address":"68 Brown St","currentUse":"Office/Classroom","buildingType":"HOUSE","complex":null,"aliases":["Partridge Hall & Annex","Dr. Herbert Partridge","Partridge","Third World Center","68 Brown St","PARTRIDGE"],"meetings":0}},{"type":"Feature","id":"100152","geometry":{"type":"Polygon","coordinates":[[[-71.408224,41.818955],[-71.408102,41.819003],[-71.407967,41.818814],[-71.408583,41.818568],[-71.408955,41.819092],[-71.408955,41.819092],[-71.408955,41.819093],[-71.408956,41.819093],[-71.408956,41.819094],[-71.408956,41.819095],[-71.408957,41.819095],[-71.408957,41.819096],[-71.408957,41.819097],[-71.408957,41.819097],[-71.408958,41.819098],[-71.408958,41.819099],[-71.408958,41.819099],[-71.408958,41.8191],[-71.408958,41.819101],[-71.408958,41.819101],[-71.408958,41.819102],[-71.408958,41.819103],[-71.408958,41.819103],[-71.408958,41.819104],[-71.408958,41.819105],[-71.408958,41.819105],[-71.408957,41.819106],[-71.408957,41.819107],[-71.408957,41.819107],[-71.408957,41.819108],[-71.408956,41.819109],[-71.408956,41.819109],[-71.408956,41.81911],[-71.408955,41.81911],[-71.408955,41.819111],[-71.408954,41.819112],[-71.408954,41.819112],[-71.408953,41.819113],[-71.408953,41.819113],[-71.408952,41.819114],[-71.408952,41.819114],[-71.408951,41.819115],[-71.40895,41.819115],[-71.40895,41.819116],[-71.408949,41.819116],[-71.408948,41.819117],[-71.408948,41.819117],[-71.408947,41.819117],[-71.408946,41.819118],[-71.408945,41.819118],[-71.408945,41.819118],[-71.408944,41.819119],[-71.408943,41.819119],[-71.408942,41.819119],[-71.408941,41.81912],[-71.40894,41.81912],[-71.40894,41.81912],[-71.408939,41.81912],[-71.408621,41.819191],[-71.408529,41.819046],[-71.408217,41.819167],[-71.408148,41.819069],[-71.408271,41.819021],[-71.408224,41.818955]]]},"properties":{"propertyCode":"100152","label":"Warren Alpert Medical School","rank":0,"sortKey":0.2819,"labelMinZoom":0,"heightM":15.2,"floors":4,"year":1928,"kind":"other","placeId":"warren-alpert-medical-school","placeIds":["warren-alpert-medical-school"],"address":"222 Richmond St","currentUse":null,"buildingType":"BUILDING","complex":null,"aliases":["222 Richmond","Richmond St 222","Meded","Medical Education Building","222 Richmond St","RICHMND222"],"meetings":2}},{"type":"Feature","id":"100153","geometry":{"type":"Polygon","coordinates":[[[-71.396923,41.823325],[-71.396949,41.823475],[-71.396726,41.823502],[-71.396694,41.823351],[-71.396818,41.823339],[-71.396813,41.82331],[-71.396869,41.823304],[-71.396874,41.82333],[-71.396923,41.823325]]]},"properties":{"propertyCode":"100153","label":"Steinert Ctr","rank":1,"sortKey":1.856,"labelMinZoom":16,"heightM":11.7,"floors":3,"year":1966,"kind":"academic","placeId":"steinert-hall","placeIds":["steinert-hall"],"address":"148 Power St","currentUse":"Classroom","buildingType":"BUILDING","complex":null,"aliases":["Steinert Center","148 Power St","STEINERT"],"meetings":14}},{"type":"Feature","id":"100154","geometry":{"type":"Polygon","coordinates":[[[-71.402074,41.827438],[-71.402035,41.827442],[-71.402027,41.827395],[-71.401987,41.827399],[-71.401978,41.827346],[-71.401966,41.827338],[-71.401964,41.827327],[-71.401974,41.827318],[-71.401965,41.827265],[-71.401979,41.827264],[-71.402067,41.827255],[-71.402073,41.827291],[-71.402088,41.82729],[-71.402105,41.827389],[-71.402104,41.827389],[-71.402112,41.827435],[-71.402091,41.827437],[-71.402092,41.827447],[-71.402076,41.827448],[-71.402074,41.827438]]]},"properties":{"propertyCode":"100154","label":"86 Waterman","rank":2,"sortKey":2.8683,"labelMinZoom":17,"heightM":15.2,"floors":4,"year":1880,"kind":"other","placeId":null,"placeIds":[],"address":"86 Waterman St","currentUse":"Apartments (16)","buildingType":"HOUSE","complex":null,"aliases":["Waterman St 086","86 Waterman St","WATER086"],"meetings":0}},{"type":"Feature","id":"100155","geometry":{"type":"Polygon","coordinates":[[[-71.399915,41.824094],[-71.399929,41.824093],[-71.399927,41.824072],[-71.400029,41.824064],[-71.400063,41.824062],[-71.400045,41.824189],[-71.400008,41.824192],[-71.400012,41.824222],[-71.400008,41.824222],[-71.400011,41.824252],[-71.399958,41.824256],[-71.399962,41.824283],[-71.399973,41.82437],[-71.400031,41.824366],[-71.400038,41.824426],[-71.400093,41.824422],[-71.400117,41.824606],[-71.400062,41.82461],[-71.400074,41.8247],[-71.400008,41.824705],[-71.400004,41.824672],[-71.399989,41.824673],[-71.399995,41.824718],[-71.399997,41.824734],[-71.399957,41.824737],[-71.399951,41.824691],[-71.399937,41.824692],[-71.399939,41.824709],[-71.399873,41.824714],[-71.399864,41.824638],[-71.399787,41.824644],[-71.399791,41.824676],[-71.399623,41.824688],[-71.399604,41.824544],[-71.399612,41.824544],[-71.399624,41.824639],[-71.399639,41.824638],[-71.399631,41.824575],[-71.399853,41.824559],[-71.399846,41.824505],[-71.399795,41.824509],[-71.399779,41.824384],[-71.39983,41.82438],[-71.399827,41.82435],[-71.399874,41.824347],[-71.399867,41.824293],[-71.39982,41.824296],[-71.399814,41.824251],[-71.399777,41.824253],[-71.399778,41.824255],[-71.399679,41.824262],[-71.39968,41.824273],[-71.399739,41.824269],[-71.39974,41.824274],[-71.399613,41.824283],[-71.399596,41.824156],[-71.399763,41.824144],[-71.399763,41.824145],[-71.3998,41.824143],[-71.399792,41.824081],[-71.399858,41.824077],[-71.39986,41.824096],[-71.399875,41.824095],[-71.399865,41.824017],[-71.399905,41.824015],[-71.399915,41.824094]]]},"properties":{"propertyCode":"100155","label":"Watson Institute","rank":0,"sortKey":0.6683,"labelMinZoom":0,"heightM":11.7,"floors":3,"year":2002,"kind":"academic","placeId":"watson-institute-for-international-studies","placeIds":["watson-institute-for-international-studies"],"address":"111 Thayer St","currentUse":"Classroom/Office","buildingType":"BUILDING","complex":null,"aliases":["111 Thayer St","WATSONINS"],"meetings":36}},{"type":"Feature","id":"100157","geometry":{"type":"Polygon","coordinates":[[[-71.401408,41.824226],[-71.40126,41.824237],[-71.401258,41.824224],[-71.401092,41.824237],[-71.401106,41.824338],[-71.401083,41.82434],[-71.401085,41.824357],[-71.400984,41.824365],[-71.400981,41.824348],[-71.400957,41.82435],[-71.400932,41.824164],[-71.401246,41.82414],[-71.401244,41.824126],[-71.401262,41.824125],[-71.401233,41.823922],[-71.401482,41.823903],[-71.401484,41.823921],[-71.401507,41.823919],[-71.401517,41.823994],[-71.401495,41.823996],[-71.401497,41.824014],[-71.401362,41.824025],[-71.401375,41.824116],[-71.401393,41.824115],[-71.401408,41.824226]]]},"properties":{"propertyCode":"100157","label":"Goddard House","rank":1,"sortKey":1.6969,"labelMinZoom":16,"heightM":18.7,"floors":5,"year":1951,"kind":"residence","placeId":"goddard-house","placeIds":["goddard-house"],"address":"39 Charlesfield St","currentUse":"Dormitory","buildingType":"BUILDING","complex":"Wriston Quad","aliases":["Goddard House: Wriston Quad","113 George St","William Giles Goddard 1812","Alpha Delta Phi","Delta Phi","Greek","39 Charlesfield St","GODDARD"],"meetings":0}},{"type":"Feature","id":"100158","geometry":{"type":"Polygon","coordinates":[[[-71.402833,41.826097],[-71.402842,41.826165],[-71.402847,41.826165],[-71.402848,41.826176],[-71.402856,41.826175],[-71.402862,41.826222],[-71.402854,41.826222],[-71.402855,41.826233],[-71.40285,41.826234],[-71.402858,41.826302],[-71.402727,41.826311],[-71.402727,41.826307],[-71.402672,41.826311],[-71.40267,41.826292],[-71.402665,41.826292],[-71.402665,41.826287],[-71.402622,41.82629],[-71.402622,41.826295],[-71.402611,41.826296],[-71.40261,41.826291],[-71.402567,41.826294],[-71.402567,41.826299],[-71.402556,41.826299],[-71.402555,41.826295],[-71.402512,41.826298],[-71.402513,41.826302],[-71.402501,41.826303],[-71.402501,41.826298],[-71.402458,41.826301],[-71.402458,41.826306],[-71.402447,41.826306],[-71.402446,41.826302],[-71.402403,41.826305],[-71.402404,41.826309],[-71.402392,41.82631],[-71.402392,41.826306],[-71.402349,41.826308],[-71.402349,41.826313],[-71.402338,41.826314],[-71.402337,41.826309],[-71.402331,41.82631],[-71.402331,41.826306],[-71.402325,41.826306],[-71.402324,41.826291],[-71.40233,41.826291],[-71.402316,41.826177],[-71.40231,41.826178],[-71.402308,41.826163],[-71.402314,41.826163],[-71.402313,41.826159],[-71.402319,41.826158],[-71.402319,41.826154],[-71.40233,41.826153],[-71.402331,41.826158],[-71.402374,41.826155],[-71.402373,41.82615],[-71.402385,41.826149],[-71.402385,41.826154],[-71.402428,41.826151],[-71.402428,41.826147],[-71.402439,41.826146],[-71.40244,41.82615],[-71.402483,41.826148],[-71.402482,41.826143],[-71.402494,41.826142],[-71.402494,41.826147],[-71.402537,41.826144],[-71.402537,41.826139],[-71.402548,41.826139],[-71.402549,41.826143],[-71.402592,41.82614],[-71.402592,41.826136],[-71.402603,41.826135],[-71.402604,41.82614],[-71.402647,41.826137],[-71.402646,41.826132],[-71.402651,41.826132],[-71.402649,41.826112],[-71.402703,41.826109],[-71.402703,41.826106],[-71.402833,41.826097]]]},"properties":{"propertyCode":"100158","label":"Sayles Hall","rank":0,"sortKey":0.7928,"labelMinZoom":0,"heightM":11.7,"floors":3,"year":1881,"kind":"academic","placeId":"sayles-hall","placeIds":["sayles-hall","wilson-hall"],"address":"81 Waterman St","currentUse":"Classroom/Office","buildingType":"BUILDING","complex":null,"aliases":["79-81 Waterman St","William Clark Sayles","81 Waterman St","SAYLESHALL"],"meetings":137}},{"type":"Feature","id":"100159","geometry":{"type":"Polygon","coordinates":[[[-71.397711,41.823976],[-71.397718,41.824024],[-71.397699,41.824025],[-71.397699,41.824026],[-71.397686,41.824027],[-71.397657,41.824029],[-71.397635,41.824031],[-71.397605,41.824033],[-71.397594,41.824034],[-71.397594,41.824033],[-71.397563,41.824035],[-71.397556,41.823983],[-71.397575,41.823981],[-71.397576,41.823981],[-71.397572,41.823953],[-71.39758,41.823952],[-71.397579,41.823945],[-71.397576,41.823921],[-71.397575,41.823916],[-71.397574,41.823909],[-71.397572,41.823895],[-71.397612,41.823892],[-71.397621,41.823892],[-71.397643,41.82389],[-71.397657,41.823889],[-71.397677,41.823887],[-71.397679,41.823899],[-71.39768,41.82391],[-71.397681,41.82392],[-71.397688,41.82392],[-71.397691,41.823941],[-71.397692,41.823952],[-71.397696,41.823978],[-71.397711,41.823976]]]},"properties":{"propertyCode":"100159","label":"108-110 Charlesfield","rank":2,"sortKey":2.8728,"labelMinZoom":17,"heightM":15.2,"floors":4,"year":1910,"kind":"other","placeId":null,"placeIds":[],"address":"108-110 Charlesfield St","currentUse":"2 Family","buildingType":"HOUSE","complex":null,"aliases":["Charlesfield St 108-110","108-110 Charlesfield St","CHAR108-10"],"meetings":0}},{"type":"Feature","id":"100162","geometry":{"type":"Polygon","coordinates":[[[-71.403513,41.827644],[-71.403525,41.827652],[-71.403528,41.827669],[-71.403518,41.827678],[-71.403512,41.827678],[-71.403514,41.827688],[-71.403506,41.827689],[-71.403513,41.827735],[-71.403469,41.827738],[-71.40347,41.827747],[-71.403439,41.827749],[-71.403438,41.827741],[-71.403431,41.827741],[-71.403432,41.827747],[-71.403401,41.827749],[-71.403401,41.827752],[-71.403377,41.827754],[-71.403377,41.827751],[-71.403348,41.827754],[-71.403344,41.827733],[-71.403341,41.827734],[-71.403338,41.827716],[-71.403342,41.827716],[-71.403339,41.827695],[-71.403349,41.827694],[-71.403348,41.827686],[-71.403337,41.827687],[-71.403334,41.827666],[-71.403345,41.827665],[-71.403343,41.827653],[-71.403318,41.827655],[-71.403308,41.827587],[-71.403222,41.827594],[-71.403207,41.827485],[-71.403297,41.827478],[-71.403297,41.82748],[-71.403299,41.82748],[-71.403299,41.827479],[-71.4033,41.827479],[-71.4033,41.82748],[-71.403323,41.827478],[-71.403323,41.827477],[-71.403324,41.827477],[-71.403324,41.827478],[-71.403326,41.827478],[-71.403326,41.827475],[-71.403486,41.827463],[-71.403487,41.827465],[-71.403488,41.827465],[-71.403488,41.827464],[-71.403489,41.827464],[-71.40349,41.82747],[-71.403514,41.827469],[-71.403513,41.827462],[-71.403514,41.827462],[-71.403514,41.827463],[-71.403516,41.827462],[-71.403516,41.82746],[-71.403643,41.82745],[-71.403667,41.827614],[-71.403485,41.827628],[-71.403486,41.827638],[-71.403506,41.827636],[-71.403507,41.827645],[-71.403513,41.827644]]]},"properties":{"propertyCode":"100162","label":"70 Brown","rank":1,"sortKey":1.7542,"labelMinZoom":16,"heightM":15.2,"floors":4,"year":2001,"kind":"other","placeId":"70-brown-street","placeIds":["70-brown-street"],"address":"70 Brown St","currentUse":"Office/Classroom","buildingType":"BUILDING","complex":null,"aliases":["Brown St 070","Angell 107","Carr House","English Department","70 Brown St","BROWN070"],"meetings":26}},{"type":"Feature","id":"100163","geometry":{"type":"Polygon","coordinates":[[[-71.400319,41.824205],[-71.400343,41.824204],[-71.400341,41.824186],[-71.400442,41.824179],[-71.400444,41.824196],[-71.400468,41.824194],[-71.400492,41.82438],[-71.400474,41.824382],[-71.400482,41.824441],[-71.4005,41.824439],[-71.400514,41.82455],[-71.400497,41.824552],[-71.400504,41.824611],[-71.400522,41.824609],[-71.400546,41.824796],[-71.400523,41.824797],[-71.400525,41.824814],[-71.400424,41.824821],[-71.400422,41.824805],[-71.400398,41.824806],[-71.400373,41.82462],[-71.400391,41.824619],[-71.400383,41.82456],[-71.400366,41.824561],[-71.400351,41.82445],[-71.400369,41.824449],[-71.400361,41.82439],[-71.400344,41.824391],[-71.400319,41.824205]]]},"properties":{"propertyCode":"100163","label":"Chapin House","rank":1,"sortKey":1.7155,"labelMinZoom":16,"heightM":18.7,"floors":5,"year":1951,"kind":"residence","placeId":"chapin-house","placeIds":["chapin-house"],"address":"116 Thayer St","currentUse":"Dormitory","buildingType":"BUILDING","complex":"Wriston Quad","aliases":["Chapin House: Wriston Quad","113 George St","Charles Value Chapin 1876","Greek","Harambee","Theta Delta Chi","116 Thayer St","CHAPIN"],"meetings":0}},{"type":"Feature","id":"100164","geometry":{"type":"Polygon","coordinates":[[[-71.401701,41.824518],[-71.401727,41.824703],[-71.401704,41.824705],[-71.401706,41.824722],[-71.401604,41.82473],[-71.401602,41.824713],[-71.401579,41.824715],[-71.401553,41.824529],[-71.401571,41.824528],[-71.401562,41.824469],[-71.401544,41.82447],[-71.401542,41.824457],[-71.401464,41.824463],[-71.401466,41.824476],[-71.401218,41.824496],[-71.401215,41.824478],[-71.401192,41.82448],[-71.401181,41.824404],[-71.401205,41.824402],[-71.401202,41.824385],[-71.401281,41.824378],[-71.401311,41.824376],[-71.40145,41.824365],[-71.401452,41.824378],[-71.401531,41.824372],[-71.401529,41.824359],[-71.401678,41.824347],[-71.401693,41.824459],[-71.401675,41.82446],[-71.401684,41.824519],[-71.401701,41.824518]]]},"properties":{"propertyCode":"100164","label":"Diman House","rank":1,"sortKey":1.7149,"labelMinZoom":16,"heightM":18.7,"floors":5,"year":1951,"kind":"residence","placeId":"diman-house","placeIds":["diman-house"],"address":"41 Charlesfield St","currentUse":"Dormitory","buildingType":"BUILDING","complex":"Wriston Quad","aliases":["Diman House: Wriston Quad","113 George St","Jeremiah Lewis Diman 1851","Greek","Kappa Alpha Theta","Social Action House","41 Charlesfield St","DIMAN"],"meetings":0}},{"type":"Feature","id":"100166","geometry":{"type":"Polygon","coordinates":[[[-71.401568,41.830383],[-71.401586,41.83053],[-71.401474,41.830538],[-71.401453,41.830521],[-71.40145,41.8305],[-71.401433,41.830501],[-71.401424,41.830431],[-71.40146,41.830429],[-71.401456,41.830391],[-71.401568,41.830383]]]},"properties":{"propertyCode":"100166","label":"2 New Pembroke","rank":1,"sortKey":1.8669,"labelMinZoom":16,"heightM":15.2,"floors":4,"year":1974,"kind":"residence","placeId":"new-pembroke-2","placeIds":["new-pembroke-2"],"address":"306 Thayer St","currentUse":"Dormitory","buildingType":"BUILDING","complex":null,"aliases":["New Pembroke No. 2","302 Thayer St","306 Thayer St","NEWPEM2"],"meetings":0}},{"type":"Feature","id":"100167","geometry":{"type":"Polygon","coordinates":[[[-71.39955,41.829939],[-71.399553,41.829964],[-71.39958,41.829962],[-71.399584,41.829991],[-71.399557,41.829993],[-71.399567,41.83007],[-71.399464,41.830078],[-71.399446,41.829947],[-71.39955,41.829939]]]},"properties":{"propertyCode":"100167","label":"Pembroke Field House","rank":1,"sortKey":1.8816,"labelMinZoom":16,"heightM":11.7,"floors":3,"year":1873,"kind":"other","placeId":"pembroke-field-house","placeIds":["pembroke-field-house"],"address":"171 Cushing St","currentUse":"Alumni Center","buildingType":"BUILDING","complex":null,"aliases":["449-451 Brook St","171 Cushing St","PEMFLDHSE"],"meetings":0}},{"type":"Feature","id":"100169","geometry":{"type":"Polygon","coordinates":[[[-71.401341,41.827318],[-71.401355,41.827398],[-71.40137,41.827396],[-71.401379,41.827449],[-71.401329,41.827454],[-71.401337,41.827498],[-71.401251,41.827507],[-71.401243,41.827462],[-71.401218,41.82733],[-71.401341,41.827318]]]},"properties":{"propertyCode":"100169","label":"Lippitt House","rank":2,"sortKey":2.8697,"labelMinZoom":17,"heightM":11.7,"floors":3,"year":1900,"kind":"other","placeId":null,"placeIds":[],"address":"96 Waterman St","currentUse":null,"buildingType":"HOUSE","complex":null,"aliases":["Sheridan","Fredrick & Mary Lippitt House","Water096","96 Waterman St","LIPPITTHSE"],"meetings":0}},{"type":"Feature","id":"100170","geometry":{"type":"Polygon","coordinates":[[[-71.402836,41.829703],[-71.402825,41.829696],[-71.402819,41.829697],[-71.40282,41.8297],[-71.402816,41.8297],[-71.402819,41.829724],[-71.402823,41.829724],[-71.402824,41.829733],[-71.40282,41.829733],[-71.402824,41.829757],[-71.402827,41.829757],[-71.402828,41.829766],[-71.402824,41.829766],[-71.402829,41.829802],[-71.402665,41.829814],[-71.402661,41.829778],[-71.402657,41.829778],[-71.402656,41.829769],[-71.402659,41.829769],[-71.402656,41.829745],[-71.402653,41.829745],[-71.402652,41.829736],[-71.402655,41.829736],[-71.402652,41.829712],[-71.402648,41.829712],[-71.402647,41.829703],[-71.402651,41.829703],[-71.402648,41.829678],[-71.402644,41.829679],[-71.402643,41.82967],[-71.402647,41.829669],[-71.402643,41.829645],[-71.40264,41.829646],[-71.402639,41.829637],[-71.402642,41.829636],[-71.402639,41.829612],[-71.402636,41.829612],[-71.402634,41.829603],[-71.402638,41.829603],[-71.402633,41.829568],[-71.402786,41.829557],[-71.402786,41.829556],[-71.402884,41.829549],[-71.402885,41.829553],[-71.402965,41.829548],[-71.402969,41.829577],[-71.402972,41.829577],[-71.402977,41.829613],[-71.402974,41.829613],[-71.402979,41.829654],[-71.402853,41.829663],[-71.402854,41.829671],[-71.402865,41.829678],[-71.402868,41.829675],[-71.402874,41.829679],[-71.402839,41.82971],[-71.402833,41.829706],[-71.402836,41.829703]]]},"properties":{"propertyCode":"100170","label":"Smith-Buonanno Hall","rank":0,"sortKey":0.8253,"labelMinZoom":0,"heightM":11.7,"floors":3,"year":1907,"kind":"academic","placeId":"smith-buonanno-hall","placeIds":["smith-buonanno-hall"],"address":"95 Cushing St","currentUse":"Classroom","buildingType":"BUILDING","complex":null,"aliases":["Smithy B","Smitty B","Sayles Gym","Vincent Buonanno And Linda Smith Buonanno","95 Cushing St","SMITH-BUON"],"meetings":119}},{"type":"Feature","id":"100171","geometry":{"type":"Polygon","coordinates":[[[-71.399471,41.826172],[-71.399484,41.826272],[-71.399489,41.826271],[-71.399499,41.826347],[-71.399494,41.826347],[-71.399499,41.826391],[-71.399353,41.826401],[-71.399338,41.82629],[-71.399337,41.82629],[-71.399336,41.82629],[-71.399335,41.82629],[-71.399334,41.82629],[-71.399332,41.82629],[-71.399331,41.82629],[-71.39933,41.82629],[-71.399329,41.82629],[-71.399328,41.82629],[-71.399327,41.82629],[-71.399325,41.826289],[-71.399324,41.826289],[-71.399323,41.826289],[-71.399322,41.826289],[-71.399321,41.826288],[-71.39932,41.826288],[-71.399319,41.826288],[-71.399318,41.826287],[-71.399317,41.826287],[-71.399316,41.826286],[-71.399315,41.826286],[-71.399314,41.826285],[-71.399313,41.826285],[-71.399312,41.826284],[-71.399311,41.826284],[-71.39931,41.826283],[-71.399309,41.826283],[-71.399308,41.826282],[-71.399308,41.826281],[-71.399307,41.826281],[-71.399306,41.82628],[-71.399305,41.826279],[-71.399305,41.826279],[-71.399304,41.826278],[-71.399303,41.826277],[-71.399303,41.826276],[-71.399302,41.826276],[-71.399302,41.826275],[-71.399301,41.826274],[-71.399301,41.826273],[-71.399301,41.826272],[-71.3993,41.826271],[-71.3993,41.826271],[-71.3993,41.82627],[-71.399299,41.826269],[-71.399299,41.826268],[-71.399299,41.826267],[-71.399299,41.826266],[-71.399299,41.826265],[-71.399299,41.826264],[-71.399299,41.826264],[-71.399299,41.826263],[-71.399299,41.826262],[-71.399299,41.826261],[-71.3993,41.82626],[-71.3993,41.826259],[-71.3993,41.826258],[-71.3993,41.826257],[-71.399301,41.826257],[-71.399301,41.826256],[-71.399302,41.826255],[-71.399302,41.826254],[-71.399302,41.826253],[-71.399303,41.826253],[-71.399304,41.826252],[-71.399304,41.826251],[-71.399305,41.82625],[-71.399306,41.82625],[-71.399306,41.826249],[-71.399307,41.826248],[-71.399308,41.826247],[-71.399309,41.826247],[-71.399309,41.826246],[-71.39931,41.826246],[-71.399311,41.826245],[-71.399312,41.826244],[-71.399313,41.826244],[-71.399314,41.826243],[-71.399315,41.826243],[-71.399316,41.826242],[-71.399317,41.826242],[-71.399318,41.826242],[-71.399319,41.826241],[-71.39932,41.826241],[-71.399321,41.826241],[-71.399322,41.82624],[-71.399324,41.82624],[-71.399325,41.82624],[-71.399326,41.82624],[-71.399327,41.826239],[-71.399328,41.826239],[-71.399329,41.826239],[-71.399331,41.826239],[-71.399332,41.826239],[-71.399324,41.826183],[-71.399471,41.826172]]]},"properties":{"propertyCode":"100171","label":"Barus","rank":1,"sortKey":1.8636,"labelMinZoom":16,"heightM":8.2,"floors":2,"year":1885,"kind":"academic","placeId":"barus-building","placeIds":["barus-building"],"address":"340 Brook St","currentUse":"School","buildingType":"BUILDING","complex":null,"aliases":["Barus Building","Barus Lab","Professor Carl Barus","340 Brook St","BARUSBUILD"],"meetings":0}},{"type":"Feature","id":"100173","geometry":{"type":"Polygon","coordinates":[[[-71.398829,41.824669],[-71.398831,41.824678],[-71.398841,41.824677],[-71.398845,41.824699],[-71.398835,41.8247],[-71.398841,41.824738],[-71.398707,41.82475],[-71.398696,41.824681],[-71.398829,41.824669]]]},"properties":{"propertyCode":"100173","label":"287 Brook","rank":2,"sortKey":2.8856,"labelMinZoom":17,"heightM":15.2,"floors":4,"year":1970,"kind":"other","placeId":null,"placeIds":[],"address":"287 Brook St","currentUse":"Vacant","buildingType":"HOUSE","complex":null,"aliases":["Brook St 287","287 Brook St","BROOK287"],"meetings":0}},{"type":"Feature","id":"100174","geometry":{"type":"Polygon","coordinates":[[[-71.402481,41.824432],[-71.402504,41.824432],[-71.40251,41.824618],[-71.402326,41.824621],[-71.402326,41.824634],[-71.402177,41.824636],[-71.402173,41.824524],[-71.402323,41.824522],[-71.402323,41.824535],[-71.402358,41.824535],[-71.402356,41.824433],[-71.402379,41.824433],[-71.402379,41.824416],[-71.402481,41.824414],[-71.402481,41.824432]]]},"properties":{"propertyCode":"100174","label":"Buxton House","rank":1,"sortKey":1.798,"labelMinZoom":16,"heightM":18.7,"floors":5,"year":1951,"kind":"residence","placeId":"buxton-house","placeIds":["buxton-house"],"address":"27 Brown St","currentUse":"Dormitory","buildingType":"BUILDING","complex":"Wriston Quad","aliases":["Buxton House: Wriston Quad","113 George St","G. Edward Buxton '02","International House","27 Brown St","BUXTON"],"meetings":0}},{"type":"Feature","id":"100175","geometry":{"type":"Polygon","coordinates":[[[-71.401833,41.825494],[-71.401889,41.82549],[-71.401903,41.825589],[-71.401824,41.825596],[-71.401827,41.825618],[-71.401799,41.82562],[-71.401806,41.825677],[-71.401768,41.82568],[-71.401749,41.825681],[-71.401748,41.825671],[-71.401739,41.825602],[-71.401755,41.8256],[-71.401748,41.825551],[-71.401747,41.825542],[-71.401742,41.825501],[-71.401797,41.825497],[-71.401795,41.825484],[-71.401832,41.825481],[-71.401833,41.825494]]]},"properties":{"propertyCode":"100175","label":"Gardner House","rank":2,"sortKey":2.8652,"labelMinZoom":17,"heightM":15.2,"floors":4,"year":1806,"kind":"other","placeId":null,"placeIds":[],"address":"106 George St","currentUse":"Rooming House","buildingType":"HOUSE","complex":null,"aliases":["George W. & Jessie Barker Gardner","106 George St","GARDNER"],"meetings":0}},{"type":"Feature","id":"100176","geometry":{"type":"Polygon","coordinates":[[[-71.400507,41.823162],[-71.400499,41.823163],[-71.4005,41.823172],[-71.400498,41.823173],[-71.400497,41.82317],[-71.400467,41.823173],[-71.400467,41.823175],[-71.400465,41.823175],[-71.400464,41.823166],[-71.400426,41.823169],[-71.400429,41.823192],[-71.400439,41.823191],[-71.400441,41.8232],[-71.400453,41.823199],[-71.400454,41.823201],[-71.400451,41.823201],[-71.400454,41.823224],[-71.400457,41.823224],[-71.400457,41.823226],[-71.400434,41.823228],[-71.400438,41.82325],[-71.400448,41.82325],[-71.400449,41.823259],[-71.400462,41.823258],[-71.400462,41.82326],[-71.400459,41.82326],[-71.400463,41.823283],[-71.400466,41.823283],[-71.400466,41.823284],[-71.400443,41.823286],[-71.400446,41.823308],[-71.400449,41.823308],[-71.400449,41.823311],[-71.400435,41.823312],[-71.400436,41.823318],[-71.400402,41.823321],[-71.400397,41.823285],[-71.400384,41.823286],[-71.400385,41.823291],[-71.400383,41.823291],[-71.400378,41.823258],[-71.400353,41.82326],[-71.400349,41.823232],[-71.400318,41.823235],[-71.40032,41.823242],[-71.400307,41.823243],[-71.400308,41.823253],[-71.400306,41.823253],[-71.400305,41.823251],[-71.400275,41.823254],[-71.400275,41.823256],[-71.400273,41.823256],[-71.40027,41.823239],[-71.40024,41.823241],[-71.400241,41.823249],[-71.400228,41.82325],[-71.40023,41.823259],[-71.400227,41.82326],[-71.400227,41.823258],[-71.400197,41.82326],[-71.400197,41.823262],[-71.400194,41.823262],[-71.400192,41.823245],[-71.400162,41.823248],[-71.400162,41.82325],[-71.400159,41.82325],[-71.400158,41.823239],[-71.40015,41.82324],[-71.400146,41.823215],[-71.400193,41.823211],[-71.400192,41.823202],[-71.400186,41.823202],[-71.400182,41.823177],[-71.40019,41.823177],[-71.400189,41.823167],[-71.400192,41.823167],[-71.400192,41.823169],[-71.400222,41.823167],[-71.400222,41.823165],[-71.400224,41.823165],[-71.400226,41.823174],[-71.400263,41.823171],[-71.40026,41.823148],[-71.40025,41.823149],[-71.400249,41.823139],[-71.400236,41.82314],[-71.400236,41.823139],[-71.400239,41.823138],[-71.400235,41.823116],[-71.400232,41.823116],[-71.400232,41.823114],[-71.400255,41.823112],[-71.400252,41.823089],[-71.400242,41.82309],[-71.40024,41.823081],[-71.400227,41.823082],[-71.400227,41.82308],[-71.40023,41.82308],[-71.400227,41.823057],[-71.400224,41.823057],[-71.400224,41.823055],[-71.400246,41.823054],[-71.400243,41.823031],[-71.40024,41.823031],[-71.40024,41.823029],[-71.400254,41.823028],[-71.400253,41.823022],[-71.400287,41.823019],[-71.400292,41.823054],[-71.400305,41.823053],[-71.400304,41.823049],[-71.400307,41.823049],[-71.400312,41.823082],[-71.400336,41.82308],[-71.40034,41.823107],[-71.400371,41.823105],[-71.40037,41.823097],[-71.400383,41.823096],[-71.400381,41.823087],[-71.400384,41.823087],[-71.400384,41.823089],[-71.400414,41.823086],[-71.400414,41.823084],[-71.400416,41.823084],[-71.400419,41.823101],[-71.400449,41.823098],[-71.400448,41.823091],[-71.400461,41.82309],[-71.40046,41.82308],[-71.400462,41.82308],[-71.400462,41.823082],[-71.400493,41.82308],[-71.400492,41.823078],[-71.400495,41.823077],[-71.400497,41.823094],[-71.400526,41.823092],[-71.400526,41.82309],[-71.40053,41.82309],[-71.400531,41.8231],[-71.40054,41.8231],[-71.400543,41.823125],[-71.400496,41.823129],[-71.400497,41.823138],[-71.400504,41.823138],[-71.400507,41.823162]]]},"properties":{"propertyCode":"100176","label":"Grad Ctr C","rank":1,"sortKey":1.7667,"labelMinZoom":16,"heightM":22.2,"floors":6,"year":1968,"kind":"residence","placeId":"graduate-center-c","placeIds":["graduate-center-c"],"address":"82 Thayer St","currentUse":"Dormitory","buildingType":"BUILDING","complex":null,"aliases":["Graduate Center C","42 Charlesfield St","82 Thayer St","GRADCTRC"],"meetings":0}},{"type":"Feature","id":"100178","geometry":{"type":"Polygon","coordinates":[[[-71.406351,41.826166],[-71.406354,41.826231],[-71.406365,41.826231],[-71.406366,41.826243],[-71.406357,41.826243],[-71.406359,41.826287],[-71.406342,41.826288],[-71.406342,41.826312],[-71.406299,41.826313],[-71.406299,41.826366],[-71.406255,41.826367],[-71.40625,41.826369],[-71.406191,41.826371],[-71.406187,41.826293],[-71.406172,41.826293],[-71.406166,41.826171],[-71.406351,41.826166]]]},"properties":{"propertyCode":"100178","label":"Macfarlane House","rank":2,"sortKey":2.8565,"labelMinZoom":17,"heightM":11.7,"floors":3,"year":1845,"kind":"admin","placeId":null,"placeIds":[],"address":"48 College St","currentUse":"Office","buildingType":"HOUSE","complex":null,"aliases":["MacFarlane House","Kilgore & Elizabeth Macfarlane","48 College St","MACFARLANE"],"meetings":0}},{"type":"Feature","id":"100179","geometry":{"type":"Polygon","coordinates":[[[-71.402147,41.830418],[-71.402135,41.830327],[-71.402161,41.830326],[-71.402126,41.830039],[-71.402292,41.830028],[-71.402303,41.830119],[-71.402292,41.83012],[-71.402301,41.830198],[-71.402307,41.830198],[-71.402312,41.830236],[-71.402306,41.830237],[-71.402315,41.830315],[-71.402326,41.830314],[-71.402335,41.830404],[-71.402147,41.830418]]]},"properties":{"propertyCode":"100179","label":"Miller Hall","rank":1,"sortKey":1.7714,"labelMinZoom":16,"heightM":18.7,"floors":5,"year":1910,"kind":"residence","placeId":"miller-hall","placeIds":["miller-hall"],"address":"118 Cushing St","currentUse":"Dormitory","buildingType":"BUILDING","complex":null,"aliases":["Mr. & Mrs. Horace G. Miller","118 Cushing St","MILLER"],"meetings":0}},{"type":"Feature","id":"100181","geometry":{"type":"Polygon","coordinates":[[[-71.402128,41.825199],[-71.402131,41.825217],[-71.402154,41.825215],[-71.402164,41.825291],[-71.40214,41.825292],[-71.402143,41.82531],[-71.401895,41.82533],[-71.401893,41.825317],[-71.401815,41.825323],[-71.401817,41.825336],[-71.401668,41.825348],[-71.401666,41.825335],[-71.401588,41.825341],[-71.401589,41.825354],[-71.401339,41.825374],[-71.401337,41.825356],[-71.401316,41.825358],[-71.401305,41.825282],[-71.401328,41.825281],[-71.401325,41.825263],[-71.401574,41.825243],[-71.401575,41.825256],[-71.401654,41.82525],[-71.401653,41.825237],[-71.401801,41.825225],[-71.401803,41.825238],[-71.401881,41.825232],[-71.401879,41.825219],[-71.402128,41.825199]]]},"properties":{"propertyCode":"100181","label":"Sears House","rank":1,"sortKey":1.7207,"labelMinZoom":16,"heightM":18.7,"floors":5,"year":1951,"kind":"residence","placeId":"sears-house","placeIds":["sears-house"],"address":"113 George St","currentUse":"Dormitory","buildingType":"BUILDING","complex":"Wriston Quad","aliases":["Sears House: Wriston Quad","27 Brown St","President Barnas Sears 1826","Alpha Chi Omega","Greek","113 George St","SEARS"],"meetings":0}},{"type":"Feature","id":"100182","geometry":{"type":"Polygon","coordinates":[[[-71.40394,41.826362],[-71.403763,41.826364],[-71.403761,41.826203],[-71.403724,41.826203],[-71.403723,41.826111],[-71.403759,41.82611],[-71.403757,41.825949],[-71.403933,41.825948],[-71.403936,41.826108],[-71.403973,41.826108],[-71.403974,41.826202],[-71.403937,41.826202],[-71.40394,41.826362]]]},"properties":{"propertyCode":"100182","label":"University Hall","rank":1,"sortKey":1.7387,"labelMinZoom":16,"heightM":18.7,"floors":5,"year":1770,"kind":"admin","placeId":"university-hall","placeIds":["university-hall"],"address":"1 Prospect St","currentUse":"Office","buildingType":"BUILDING","complex":null,"aliases":["Uh","1-21 Prospect St","1 Prospect St","UHALL"],"meetings":0}},{"type":"Feature","id":"100183","geometry":{"type":"Polygon","coordinates":[[[-71.403119,41.829096],[-71.403117,41.829077],[-71.403132,41.829076],[-71.403149,41.829069],[-71.403167,41.829074],[-71.403242,41.829069],[-71.403246,41.829096],[-71.403272,41.829095],[-71.403275,41.829129],[-71.403249,41.829131],[-71.403251,41.829153],[-71.403241,41.829162],[-71.403207,41.829164],[-71.4032,41.82916],[-71.403126,41.829165],[-71.403125,41.82915],[-71.4031,41.829152],[-71.403094,41.829098],[-71.403119,41.829096]]]},"properties":{"propertyCode":"100183","label":"West House","rank":2,"sortKey":2.8799,"labelMinZoom":17,"heightM":11.7,"floors":3,"year":1885,"kind":"residence","placeId":"west-house","placeIds":["west-house"],"address":"91 Brown St","currentUse":"Dormitory","buildingType":"HOUSE","complex":null,"aliases":["Environmental House","91 Brown St","WESTHSE"],"meetings":0}},{"type":"Feature","id":"100184","geometry":{"type":"Polygon","coordinates":[[[-71.408067,41.8184],[-71.408115,41.818467],[-71.407808,41.81859],[-71.40776,41.818522],[-71.408067,41.8184]]]},"properties":{"propertyCode":"100184","label":"339 Eddy","rank":1,"sortKey":1.8717,"labelMinZoom":16,"heightM":8.2,"floors":2,"year":1900,"kind":"other","placeId":null,"placeIds":[],"address":"339 Eddy St","currentUse":null,"buildingType":"BUILDING","complex":null,"aliases":["Eddy St 339","339 Eddy St","EDDYST339"],"meetings":0}},{"type":"Feature","id":"100185","geometry":{"type":"Polygon","coordinates":[[[-71.404105,41.827135],[-71.404115,41.827225],[-71.404196,41.82722],[-71.404211,41.827349],[-71.403938,41.827366],[-71.403924,41.827237],[-71.404003,41.827232],[-71.403993,41.827142],[-71.404105,41.827135]]]},"properties":{"propertyCode":"100185","label":"Mencoff Hall","rank":1,"sortKey":1.8293,"labelMinZoom":16,"heightM":15.2,"floors":4,"year":1844,"kind":"other","placeId":"mencoff-hall","placeIds":["mencoff-hall"],"address":"68 Waterman St","currentUse":null,"buildingType":"BUILDING","complex":null,"aliases":["Cabinet","68 Waterman St","MENCOFF"],"meetings":6}},{"type":"Feature","id":"100186","geometry":{"type":"Polygon","coordinates":[[[-71.399938,41.827824],[-71.399981,41.828071],[-71.399986,41.828071],[-71.399989,41.828086],[-71.399865,41.828098],[-71.399862,41.828082],[-71.399868,41.828081],[-71.399824,41.82783],[-71.399842,41.827828],[-71.399843,41.827834],[-71.399938,41.827824]]]},"properties":{"propertyCode":"100186","label":"195 Angell","rank":1,"sortKey":1.8628,"labelMinZoom":16,"heightM":11.7,"floors":3,"year":1902,"kind":"admin","placeId":null,"placeIds":[],"address":"195 Angell St","currentUse":"Office","buildingType":"BUILDING","complex":null,"aliases":["Angell St 195","Brown Daily Herald","195 Angell St","ANGELL195"],"meetings":0}},{"type":"Feature","id":"100188","geometry":{"type":"Polygon","coordinates":[[[-71.401748,41.830682],[-71.401703,41.830684],[-71.401701,41.830654],[-71.401686,41.830655],[-71.401674,41.830647],[-71.401673,41.830635],[-71.401684,41.830626],[-71.401699,41.830626],[-71.401694,41.830564],[-71.401672,41.830565],[-71.401669,41.830528],[-71.401743,41.830525],[-71.401742,41.830514],[-71.401763,41.830513],[-71.401764,41.830524],[-71.401765,41.830524],[-71.401823,41.830521],[-71.401835,41.830678],[-71.401791,41.83068],[-71.401792,41.830695],[-71.401791,41.830695],[-71.401791,41.830695],[-71.401791,41.830695],[-71.401791,41.830695],[-71.40179,41.830695],[-71.40179,41.830695],[-71.40179,41.830695],[-71.40179,41.830695],[-71.401789,41.830695],[-71.401789,41.830695],[-71.401789,41.830695],[-71.401789,41.830695],[-71.401788,41.830695],[-71.401788,41.830695],[-71.401788,41.830696],[-71.401788,41.830696],[-71.401787,41.830696],[-71.401787,41.830696],[-71.401787,41.830696],[-71.401787,41.830696],[-71.401787,41.830696],[-71.401786,41.830696],[-71.401786,41.830697],[-71.401786,41.830697],[-71.401786,41.830697],[-71.401786,41.830697],[-71.401786,41.830697],[-71.401785,41.830697],[-71.401785,41.830697],[-71.401785,41.830698],[-71.401785,41.830698],[-71.401785,41.830698],[-71.401785,41.830698],[-71.401785,41.830698],[-71.401785,41.830699],[-71.401784,41.830699],[-71.401784,41.830699],[-71.401784,41.830699],[-71.401784,41.830699],[-71.401784,41.830699],[-71.401784,41.8307],[-71.401784,41.8307],[-71.401784,41.8307],[-71.401784,41.8307],[-71.401784,41.8307],[-71.401784,41.830701],[-71.401784,41.830701],[-71.401784,41.830701],[-71.401758,41.830702],[-71.401758,41.830702],[-71.401758,41.830702],[-71.401758,41.830702],[-71.401758,41.830702],[-71.401758,41.830701],[-71.401757,41.830701],[-71.401757,41.830701],[-71.401757,41.830701],[-71.401757,41.830701],[-71.401757,41.8307],[-71.401757,41.8307],[-71.401757,41.8307],[-71.401757,41.8307],[-71.401757,41.8307],[-71.401757,41.8307],[-71.401756,41.830699],[-71.401756,41.830699],[-71.401756,41.830699],[-71.401756,41.830699],[-71.401756,41.830699],[-71.401756,41.830699],[-71.401755,41.830698],[-71.401755,41.830698],[-71.401755,41.830698],[-71.401755,41.830698],[-71.401755,41.830698],[-71.401754,41.830698],[-71.401754,41.830698],[-71.401754,41.830698],[-71.401754,41.830698],[-71.401753,41.830697],[-71.401753,41.830697],[-71.401753,41.830697],[-71.401753,41.830697],[-71.401752,41.830697],[-71.401752,41.830697],[-71.401752,41.830697],[-71.401752,41.830697],[-71.401751,41.830697],[-71.401751,41.830697],[-71.401751,41.830697],[-71.401751,41.830697],[-71.40175,41.830697],[-71.40175,41.830697],[-71.40175,41.830697],[-71.401749,41.830697],[-71.401749,41.830697],[-71.401749,41.830697],[-71.401748,41.830682]]]},"properties":{"propertyCode":"100188","label":"219 Bowen","rank":2,"sortKey":2.8644,"labelMinZoom":17,"heightM":15.2,"floors":4,"year":1896,"kind":"residence","placeId":null,"placeIds":[],"address":"219 Bowen St","currentUse":"Dormitory","buildingType":"HOUSE","complex":null,"aliases":["Bowen St 219","Plantations House","219 Bowen St","BOWEN219"],"meetings":0}},{"type":"Feature","id":"100190","geometry":{"type":"Polygon","coordinates":[[[-71.396545,41.82336],[-71.396559,41.823358],[-71.396559,41.823359],[-71.396564,41.82338],[-71.396596,41.823376],[-71.396609,41.823436],[-71.396577,41.823439],[-71.396583,41.823466],[-71.396578,41.823466],[-71.396592,41.823532],[-71.396529,41.823539],[-71.396526,41.823527],[-71.396465,41.823534],[-71.396455,41.823481],[-71.396421,41.823485],[-71.396398,41.823378],[-71.396413,41.823376],[-71.396409,41.823361],[-71.396542,41.823346],[-71.396545,41.82336]]]},"properties":{"propertyCode":"100190","label":"Dyer House","rank":2,"sortKey":2.8653,"labelMinZoom":17,"heightM":11.7,"floors":3,"year":1822,"kind":"admin","placeId":null,"placeIds":[],"address":"150 Power St","currentUse":"Office","buildingType":"HOUSE","complex":null,"aliases":["Governor Elisha Dyer","150 Power St","DYERHSE"],"meetings":0}},{"type":"Feature","id":"100192","geometry":{"type":"Polygon","coordinates":[[[-71.400168,41.82511],[-71.40018,41.825211],[-71.400121,41.825215],[-71.400129,41.825281],[-71.400144,41.825288],[-71.400146,41.825302],[-71.400202,41.825299],[-71.40022,41.825445],[-71.40008,41.825454],[-71.40008,41.825452],[-71.400057,41.825453],[-71.400055,41.825453],[-71.400054,41.825452],[-71.400053,41.825451],[-71.400051,41.825451],[-71.40005,41.82545],[-71.400049,41.825449],[-71.400048,41.825448],[-71.400047,41.825447],[-71.400046,41.825446],[-71.400045,41.825445],[-71.400044,41.825444],[-71.400043,41.825444],[-71.400042,41.825443],[-71.400041,41.825441],[-71.40004,41.82544],[-71.40004,41.825439],[-71.400039,41.825438],[-71.400038,41.825437],[-71.400038,41.825436],[-71.400037,41.825435],[-71.400037,41.825434],[-71.400036,41.825433],[-71.400036,41.825432],[-71.400036,41.82543],[-71.400036,41.825429],[-71.400035,41.825428],[-71.400035,41.825427],[-71.400035,41.825426],[-71.400035,41.825424],[-71.400035,41.825423],[-71.400035,41.825422],[-71.400035,41.825421],[-71.400036,41.82542],[-71.400036,41.825419],[-71.400036,41.825417],[-71.400036,41.825416],[-71.400037,41.825415],[-71.400037,41.825414],[-71.400038,41.825413],[-71.400038,41.825412],[-71.400039,41.825411],[-71.40004,41.825409],[-71.40004,41.825408],[-71.399908,41.825417],[-71.399908,41.825425],[-71.399871,41.825427],[-71.399867,41.825399],[-71.399877,41.825398],[-71.399871,41.825345],[-71.399927,41.825342],[-71.399924,41.825321],[-71.399904,41.825322],[-71.399889,41.825203],[-71.39991,41.825201],[-71.399901,41.825128],[-71.400168,41.82511]]]},"properties":{"propertyCode":"100192","label":"Kassar House","rank":1,"sortKey":1.799,"labelMinZoom":16,"heightM":11.7,"floors":3,"year":1894,"kind":"other","placeId":"kassar-house","placeIds":["kassar-house"],"address":"151 Thayer St","currentUse":"Office/School","buildingType":"BUILDING","complex":null,"aliases":["Kassar (Edward W.) House","Edward W. Kassar House","141-151 Thayer St","151 Thayer St","KASSAR"],"meetings":21}},{"type":"Feature","id":"100193","geometry":{"type":"Polygon","coordinates":[[[-71.40153,41.82488],[-71.401532,41.824898],[-71.401284,41.824917],[-71.40126,41.824747],[-71.401243,41.824748],[-71.401241,41.824735],[-71.401013,41.824753],[-71.400988,41.824567],[-71.401012,41.824565],[-71.401009,41.824548],[-71.40111,41.82454],[-71.401112,41.824557],[-71.401136,41.824556],[-71.401151,41.824656],[-71.401229,41.82465],[-71.401228,41.824637],[-71.401376,41.824626],[-71.401391,41.824737],[-71.401374,41.824738],[-71.401382,41.824797],[-71.401517,41.824787],[-71.40152,41.824804],[-71.401542,41.824802],[-71.401553,41.824878],[-71.40153,41.82488]]]},"properties":{"propertyCode":"100193","label":"Marcy House","rank":1,"sortKey":1.7111,"labelMinZoom":16,"heightM":18.7,"floors":5,"year":1951,"kind":"residence","placeId":"marcy-house","placeIds":["marcy-house"],"address":"115 George St","currentUse":"Dormitory","buildingType":"BUILDING","complex":"Wriston Quad","aliases":["Marcy House: Wriston Quad","113 George St","William Learned Marcy 1808","Alpha Epsilon Pi","Greek","Zeta Delta Xi","115 George St","MARCYHSE"],"meetings":0}},{"type":"Feature","id":"100194","geometry":{"type":"Polygon","coordinates":[[[-71.401246,41.830607],[-71.401264,41.830592],[-71.401293,41.83059],[-71.401288,41.830553],[-71.401379,41.830547],[-71.401384,41.830584],[-71.401627,41.830567],[-71.401639,41.830664],[-71.401571,41.830669],[-71.401557,41.830681],[-71.401541,41.830671],[-71.401404,41.830681],[-71.401407,41.830702],[-71.401298,41.83071],[-71.401295,41.830689],[-71.401251,41.830692],[-71.40124,41.830607],[-71.401246,41.830607]]]},"properties":{"propertyCode":"100194","label":"3 New Pembroke","rank":1,"sortKey":1.8142,"labelMinZoom":16,"heightM":18.7,"floors":5,"year":1974,"kind":"residence","placeId":"new-pembroke-3","placeIds":["new-pembroke-3"],"address":"308 Thayer St","currentUse":"Dormitory","buildingType":"BUILDING","complex":null,"aliases":["New Pembroke No. 3","302 Thayer St","308 Thayer St","NEWPEM3"],"meetings":0}},{"type":"Feature","id":"100195","geometry":{"type":"Polygon","coordinates":[[[-71.402652,41.829219],[-71.402644,41.82922],[-71.402642,41.829202],[-71.402649,41.829201],[-71.402641,41.829143],[-71.402938,41.82912],[-71.402946,41.829179],[-71.402954,41.829178],[-71.402956,41.829196],[-71.402949,41.829197],[-71.402956,41.829255],[-71.402845,41.829264],[-71.402851,41.82931],[-71.402735,41.829319],[-71.402729,41.829272],[-71.402659,41.829278],[-71.402652,41.829219]]]},"properties":{"propertyCode":"100195","label":"Pembroke Hall","rank":1,"sortKey":1.8217,"labelMinZoom":16,"heightM":15.2,"floors":4,"year":1897,"kind":"other","placeId":"pembroke-hall","placeIds":["pembroke-hall"],"address":"172 Meeting St","currentUse":"School/Classroom","buildingType":"BUILDING","complex":null,"aliases":["172 Meeting St","PEMBROKE"],"meetings":5}},{"type":"Feature","id":"100196","geometry":{"type":"Polygon","coordinates":[[[-71.397999,41.829622],[-71.398003,41.829637],[-71.398017,41.829635],[-71.39802,41.829647],[-71.398048,41.829642],[-71.398056,41.829671],[-71.398082,41.829667],[-71.398087,41.829686],[-71.398093,41.829685],[-71.398098,41.829704],[-71.398091,41.829705],[-71.398096,41.829722],[-71.398089,41.829723],[-71.398094,41.829739],[-71.3981,41.829738],[-71.398105,41.829757],[-71.3981,41.829758],[-71.398104,41.829772],[-71.398111,41.829771],[-71.398117,41.829791],[-71.398122,41.829791],[-71.398127,41.829809],[-71.398121,41.829809],[-71.398127,41.829829],[-71.398085,41.829836],[-71.398086,41.82984],[-71.398048,41.829846],[-71.398046,41.829841],[-71.397915,41.829861],[-71.3979,41.829807],[-71.397919,41.829804],[-71.397919,41.829806],[-71.397964,41.829799],[-71.39796,41.829786],[-71.397844,41.829804],[-71.397842,41.829798],[-71.397822,41.829801],[-71.397803,41.829733],[-71.397881,41.829721],[-71.397867,41.829672],[-71.397953,41.829659],[-71.397949,41.829645],[-71.397962,41.829643],[-71.397957,41.829628],[-71.397999,41.829622]]]},"properties":{"propertyCode":"100196","label":"2 Stimson Ave","rank":2,"sortKey":2.8316,"labelMinZoom":17,"heightM":11.7,"floors":3,"year":1861,"kind":"admin","placeId":"2-stimson-avenue","placeIds":["2-stimson-avenue"],"address":"2 Stimson Ave","currentUse":"Office","buildingType":"HOUSE","complex":null,"aliases":["Stimson Ave 002","STIMSON002"],"meetings":18}},{"type":"Feature","id":"100197","geometry":{"type":"Polygon","coordinates":[[[-71.398653,41.827176],[-71.39866,41.82721],[-71.398642,41.827212],[-71.398651,41.82726],[-71.398653,41.82726],[-71.398665,41.827267],[-71.398668,41.827284],[-71.398659,41.827293],[-71.398657,41.827293],[-71.398658,41.827298],[-71.398654,41.827299],[-71.398665,41.827357],[-71.398637,41.82736],[-71.398638,41.827362],[-71.398621,41.827364],[-71.398621,41.827367],[-71.398581,41.827371],[-71.39858,41.827368],[-71.398548,41.827371],[-71.398549,41.827374],[-71.398508,41.827378],[-71.398508,41.827375],[-71.398491,41.827377],[-71.39849,41.827375],[-71.398463,41.827378],[-71.398452,41.827319],[-71.398449,41.82732],[-71.398448,41.827315],[-71.398446,41.827315],[-71.398434,41.827308],[-71.398431,41.827291],[-71.39844,41.827282],[-71.398442,41.827282],[-71.398433,41.827231],[-71.398459,41.827228],[-71.398456,41.827211],[-71.398506,41.827206],[-71.398503,41.827192],[-71.39856,41.827186],[-71.398563,41.8272],[-71.398611,41.827195],[-71.398608,41.827181],[-71.398653,41.827176]]]},"properties":{"propertyCode":"100197","label":"125-127 Waterman","rank":2,"sortKey":2.8437,"labelMinZoom":17,"heightM":15.2,"floors":4,"year":1863,"kind":"other","placeId":null,"placeIds":[],"address":"125 Waterman St","currentUse":"Vacant","buildingType":"HOUSE","complex":null,"aliases":["Waterman St 125-127","125 Waterman St","WATER125-7"],"meetings":0}},{"type":"Feature","id":"100198","geometry":{"type":"Polygon","coordinates":[[[-71.396959,41.824099],[-71.39696,41.824157],[-71.396916,41.824158],[-71.396916,41.824167],[-71.396846,41.824168],[-71.396845,41.824176],[-71.396809,41.824176],[-71.396809,41.824168],[-71.396739,41.824169],[-71.396739,41.82416],[-71.396694,41.824161],[-71.396693,41.824102],[-71.396738,41.824101],[-71.396736,41.824033],[-71.396693,41.824034],[-71.396691,41.823975],[-71.396735,41.823975],[-71.396735,41.823966],[-71.396806,41.823965],[-71.396805,41.823952],[-71.396841,41.823952],[-71.396841,41.823965],[-71.396845,41.823964],[-71.396912,41.823963],[-71.396912,41.823973],[-71.396956,41.823972],[-71.396957,41.824031],[-71.396913,41.824031],[-71.396915,41.8241],[-71.396959,41.824099]]]},"properties":{"propertyCode":"100198","label":"2 Young Orchard Ave","rank":1,"sortKey":1.8175,"labelMinZoom":16,"heightM":15.2,"floors":4,"year":1973,"kind":"residence","placeId":"young-orchard-2","placeIds":["young-orchard-2"],"address":"2 Young Orchard Ave","currentUse":"Dormitory","buildingType":"BUILDING","complex":null,"aliases":["Young Orchard Ave 002","YO002"],"meetings":0}},{"type":"Feature","id":"100200","geometry":{"type":"Polygon","coordinates":[[[-71.402501,41.823975],[-71.402522,41.823974],[-71.402523,41.824011],[-71.402501,41.824011],[-71.402502,41.824049],[-71.4025,41.824049],[-71.4025,41.824084],[-71.402414,41.824085],[-71.402413,41.824057],[-71.40227,41.824059],[-71.402271,41.824087],[-71.402184,41.824088],[-71.402184,41.824085],[-71.402102,41.824086],[-71.402101,41.824054],[-71.402183,41.824053],[-71.40218,41.823906],[-71.402278,41.823905],[-71.402303,41.823905],[-71.402303,41.823904],[-71.402303,41.823903],[-71.402303,41.823902],[-71.402303,41.823901],[-71.402303,41.8239],[-71.402303,41.823899],[-71.402304,41.823898],[-71.402304,41.823898],[-71.402304,41.823897],[-71.402304,41.823896],[-71.402305,41.823895],[-71.402305,41.823894],[-71.402305,41.823893],[-71.402306,41.823892],[-71.402306,41.823892],[-71.402307,41.823891],[-71.402308,41.82389],[-71.402308,41.823889],[-71.402309,41.823888],[-71.402309,41.823888],[-71.40231,41.823887],[-71.402311,41.823886],[-71.402312,41.823885],[-71.402313,41.823885],[-71.402313,41.823884],[-71.402314,41.823884],[-71.402315,41.823883],[-71.402316,41.823882],[-71.402317,41.823882],[-71.402318,41.823881],[-71.402319,41.823881],[-71.40232,41.82388],[-71.402321,41.82388],[-71.402322,41.823879],[-71.402323,41.823879],[-71.402324,41.823879],[-71.402325,41.823878],[-71.402327,41.823878],[-71.402328,41.823878],[-71.402329,41.823877],[-71.40233,41.823877],[-71.402331,41.823877],[-71.402333,41.823877],[-71.402334,41.823877],[-71.402335,41.823877],[-71.402336,41.823877],[-71.402337,41.823877],[-71.402339,41.823877],[-71.40234,41.823877],[-71.402341,41.823877],[-71.402342,41.823877],[-71.402343,41.823877],[-71.402345,41.823877],[-71.402346,41.823877],[-71.402347,41.823877],[-71.402348,41.823878],[-71.402349,41.823878],[-71.40235,41.823878],[-71.402351,41.823879],[-71.402353,41.823879],[-71.402354,41.823879],[-71.402355,41.82388],[-71.402356,41.82388],[-71.402357,41.823881],[-71.402358,41.823881],[-71.402359,41.823882],[-71.40236,41.823882],[-71.402361,41.823883],[-71.402362,41.823884],[-71.402362,41.823884],[-71.402363,41.823885],[-71.402364,41.823886],[-71.402365,41.823886],[-71.402366,41.823887],[-71.402366,41.823888],[-71.402367,41.823888],[-71.402368,41.823889],[-71.402368,41.82389],[-71.402369,41.823891],[-71.402369,41.823892],[-71.40237,41.823892],[-71.40237,41.823893],[-71.402371,41.823894],[-71.402371,41.823895],[-71.402371,41.823896],[-71.402372,41.823897],[-71.402372,41.823898],[-71.402372,41.823898],[-71.402372,41.823899],[-71.402373,41.8239],[-71.402373,41.823901],[-71.402373,41.823902],[-71.402373,41.823903],[-71.402373,41.823904],[-71.402432,41.823903],[-71.402432,41.823903],[-71.402432,41.823902],[-71.402432,41.823902],[-71.402432,41.823901],[-71.402433,41.823901],[-71.402433,41.8239],[-71.402433,41.823899],[-71.402433,41.823899],[-71.402433,41.823898],[-71.402434,41.823898],[-71.402434,41.823897],[-71.402434,41.823897],[-71.402434,41.823896],[-71.402435,41.823896],[-71.402435,41.823896],[-71.402435,41.823895],[-71.402436,41.823895],[-71.402436,41.823894],[-71.402437,41.823894],[-71.402437,41.823893],[-71.402438,41.823893],[-71.402438,41.823893],[-71.402439,41.823892],[-71.402439,41.823892],[-71.40244,41.823891],[-71.40244,41.823891],[-71.402441,41.823891],[-71.402441,41.823891],[-71.402442,41.82389],[-71.402442,41.82389],[-71.402443,41.82389],[-71.402444,41.823889],[-71.402444,41.823889],[-71.402445,41.823889],[-71.402446,41.823889],[-71.402446,41.823889],[-71.402447,41.823889],[-71.402448,41.823888],[-71.402448,41.823888],[-71.402449,41.823888],[-71.40245,41.823888],[-71.402451,41.823888],[-71.402451,41.823888],[-71.402452,41.823888],[-71.402453,41.823888],[-71.402453,41.823888],[-71.402454,41.823888],[-71.402455,41.823888],[-71.402456,41.823888],[-71.402456,41.823888],[-71.402457,41.823888],[-71.402458,41.823888],[-71.402458,41.823889],[-71.402459,41.823889],[-71.40246,41.823889],[-71.40246,41.823889],[-71.402461,41.823889],[-71.402462,41.823889],[-71.402462,41.82389],[-71.402463,41.82389],[-71.402463,41.82389],[-71.402464,41.823891],[-71.402465,41.823891],[-71.402465,41.823891],[-71.402466,41.823892],[-71.402466,41.823892],[-71.402467,41.823892],[-71.402467,41.823893],[-71.402468,41.823893],[-71.402468,41.823893],[-71.402469,41.823894],[-71.402469,41.823894],[-71.40247,41.823895],[-71.40247,41.823895],[-71.40247,41.823896],[-71.402471,41.823896],[-71.402471,41.823896],[-71.402471,41.823897],[-71.402472,41.823897],[-71.402472,41.823898],[-71.402472,41.823898],[-71.402472,41.823899],[-71.402472,41.823899],[-71.402473,41.8239],[-71.402473,41.823901],[-71.402473,41.823901],[-71.402473,41.823902],[-71.402473,41.823902],[-71.402473,41.823903],[-71.402496,41.823902],[-71.402497,41.823937],[-71.4025,41.823937],[-71.402501,41.823975]]]},"properties":{"propertyCode":"100200","label":"Andrews House","rank":2,"sortKey":2.7987,"labelMinZoom":17,"heightM":15.2,"floors":4,"year":1900,"kind":"other","placeId":"andrews-house","placeIds":["andrews-house"],"address":"13 Brown St","currentUse":null,"buildingType":"HOUSE","complex":null,"aliases":["President Elisha Benjamin Andrews","13 Brown St","ANDREWSHSE"],"meetings":16}},{"type":"Feature","id":"100202","geometry":{"type":"Polygon","coordinates":[[[-71.39886,41.824854],[-71.398727,41.824866],[-71.398715,41.824798],[-71.398849,41.824786],[-71.39885,41.824794],[-71.398857,41.824794],[-71.398861,41.824816],[-71.398854,41.824816],[-71.39886,41.824854]]]},"properties":{"propertyCode":"100202","label":"291 Brook","rank":2,"sortKey":2.8838,"labelMinZoom":17,"heightM":15.2,"floors":4,"year":1970,"kind":"other","placeId":null,"placeIds":[],"address":"291 Brook St","currentUse":"Vacant","buildingType":"HOUSE","complex":null,"aliases":["Brook St 291","291 Brook St","BROOK291"],"meetings":0}},{"type":"Feature","id":"100205","geometry":{"type":"Polygon","coordinates":[[[-71.40184,41.825802],[-71.401767,41.825808],[-71.401757,41.82574],[-71.401831,41.825734],[-71.40184,41.825802]]]},"properties":{"propertyCode":"100205","label":"Gardner Garage","rank":2,"sortKey":2.8979,"labelMinZoom":17,"heightM":4.7,"floors":1,"year":1806,"kind":"other","placeId":null,"placeIds":[],"address":"106 George St","currentUse":"Garage","buildingType":"GARAGE","complex":null,"aliases":["Gardner House - Garage","106 George St","GARDNERGAR"],"meetings":0}},{"type":"Feature","id":"100206","geometry":{"type":"Polygon","coordinates":[[[-71.400248,41.823692],[-71.400245,41.823667],[-71.400251,41.823667],[-71.40025,41.823657],[-71.400202,41.823661],[-71.400199,41.823635],[-71.400208,41.823635],[-71.400206,41.823624],[-71.400209,41.823624],[-71.400209,41.823626],[-71.40024,41.823624],[-71.400238,41.823607],[-71.40024,41.823607],[-71.40024,41.823609],[-71.400271,41.823607],[-71.40027,41.823605],[-71.400273,41.823605],[-71.400274,41.823614],[-71.400287,41.823613],[-71.400288,41.823621],[-71.400318,41.823619],[-71.400316,41.823602],[-71.400319,41.823602],[-71.400319,41.823604],[-71.400349,41.823602],[-71.400349,41.823599],[-71.400351,41.823599],[-71.400353,41.823609],[-71.400365,41.823608],[-71.400366,41.823615],[-71.400397,41.823613],[-71.400393,41.823586],[-71.400418,41.823584],[-71.400414,41.823551],[-71.400417,41.823551],[-71.400417,41.823555],[-71.40043,41.823554],[-71.400426,41.823519],[-71.40046,41.823517],[-71.40046,41.823523],[-71.400475,41.823522],[-71.400475,41.823525],[-71.400472,41.823525],[-71.400475,41.823547],[-71.400498,41.823545],[-71.400498,41.823547],[-71.400495,41.823547],[-71.400498,41.82357],[-71.400501,41.82357],[-71.400501,41.823572],[-71.400488,41.823573],[-71.400489,41.823582],[-71.400479,41.823583],[-71.400482,41.823606],[-71.400505,41.823604],[-71.400505,41.823606],[-71.400502,41.823606],[-71.400505,41.823629],[-71.400508,41.823629],[-71.400508,41.82363],[-71.400495,41.823631],[-71.400496,41.823641],[-71.400486,41.823642],[-71.400489,41.823664],[-71.400527,41.823662],[-71.400526,41.823652],[-71.400528,41.823652],[-71.400528,41.823654],[-71.400559,41.823652],[-71.400559,41.82365],[-71.400561,41.82365],[-71.400562,41.823659],[-71.40057,41.823659],[-71.400573,41.823683],[-71.400567,41.823684],[-71.400568,41.823693],[-71.400616,41.82369],[-71.400619,41.823715],[-71.400611,41.823716],[-71.400612,41.823727],[-71.400608,41.823727],[-71.400608,41.823725],[-71.400579,41.823727],[-71.400581,41.823744],[-71.400578,41.823744],[-71.400578,41.823742],[-71.400548,41.823744],[-71.400548,41.823746],[-71.400545,41.823746],[-71.400544,41.823737],[-71.400532,41.823737],[-71.400531,41.82373],[-71.4005,41.823732],[-71.400502,41.823749],[-71.4005,41.823749],[-71.4005,41.823747],[-71.400469,41.823749],[-71.400469,41.823751],[-71.400467,41.823751],[-71.400466,41.823742],[-71.400453,41.823743],[-71.400452,41.823735],[-71.400422,41.823737],[-71.400425,41.823765],[-71.4004,41.823767],[-71.400404,41.8238],[-71.400402,41.8238],[-71.400401,41.823795],[-71.400388,41.823796],[-71.400392,41.823832],[-71.400359,41.823834],[-71.400358,41.823828],[-71.400344,41.823829],[-71.400343,41.823827],[-71.400346,41.823827],[-71.400343,41.823804],[-71.400321,41.823806],[-71.40032,41.823804],[-71.400323,41.823804],[-71.400321,41.823781],[-71.400318,41.823781],[-71.400317,41.823779],[-71.40033,41.823778],[-71.400329,41.823769],[-71.400339,41.823768],[-71.400336,41.823745],[-71.400314,41.823747],[-71.400313,41.823745],[-71.400316,41.823745],[-71.400313,41.823722],[-71.400311,41.823722],[-71.40031,41.82372],[-71.400323,41.82372],[-71.400322,41.82371],[-71.400332,41.823709],[-71.400329,41.823687],[-71.400292,41.823689],[-71.400293,41.823698],[-71.40029,41.823699],[-71.40029,41.823696],[-71.40026,41.823698],[-71.40026,41.823701],[-71.400257,41.823701],[-71.400256,41.823691],[-71.400248,41.823692]]]},"properties":{"propertyCode":"100206","label":"Grad Ctr D","rank":1,"sortKey":1.7664,"labelMinZoom":16,"heightM":22.2,"floors":6,"year":1968,"kind":"residence","placeId":"graduate-center-d","placeIds":["graduate-center-d"],"address":"90 Thayer St","currentUse":"Dormitory","buildingType":"BUILDING","complex":null,"aliases":["Graduate Center D","42 Charlesfield St","90 Thayer St","GRADCTRD"],"meetings":0}},{"type":"Feature","id":"100207","geometry":{"type":"Polygon","coordinates":[[[-71.404176,41.825032],[-71.404208,41.825031],[-71.404206,41.825003],[-71.404337,41.824997],[-71.404339,41.825024],[-71.404371,41.825023],[-71.404386,41.825192],[-71.404314,41.825195],[-71.404314,41.825193],[-71.404265,41.825195],[-71.404265,41.825198],[-71.404191,41.825201],[-71.404176,41.825032]]]},"properties":{"propertyCode":"100207","label":"Horace Mann House","rank":2,"sortKey":2.8303,"labelMinZoom":17,"heightM":15.2,"floors":4,"year":1854,"kind":"admin","placeId":"horace-mann-house","placeIds":["horace-mann-house"],"address":"47 George St","currentUse":"Office","buildingType":"HOUSE","complex":null,"aliases":["47-49 George St","Horace Mann 1819","47 George St","HORACEMANN"],"meetings":7}},{"type":"Feature","id":"100208","geometry":{"type":"Polygon","coordinates":[[[-71.405214,41.830063],[-71.405224,41.830138],[-71.405203,41.83014],[-71.405209,41.830191],[-71.405059,41.830202],[-71.405058,41.8302],[-71.404957,41.830207],[-71.404957,41.830205],[-71.40493,41.830207],[-71.404927,41.830192],[-71.404742,41.830205],[-71.40474,41.830186],[-71.404691,41.83019],[-71.40469,41.830184],[-71.404633,41.830188],[-71.404634,41.830193],[-71.404586,41.830197],[-71.404589,41.830216],[-71.404477,41.830225],[-71.404475,41.830215],[-71.404403,41.83022],[-71.404399,41.830189],[-71.404367,41.830192],[-71.404358,41.830123],[-71.404393,41.83012],[-71.404388,41.830088],[-71.404499,41.83008],[-71.404504,41.830117],[-71.404556,41.830113],[-71.404557,41.830121],[-71.404574,41.830119],[-71.404563,41.830042],[-71.404598,41.830039],[-71.404596,41.830019],[-71.404691,41.830012],[-71.404694,41.830035],[-71.404727,41.830032],[-71.404738,41.830123],[-71.404777,41.83012],[-71.404776,41.830112],[-71.404917,41.830102],[-71.404914,41.830079],[-71.405004,41.830072],[-71.405005,41.830078],[-71.405214,41.830063]]]},"properties":{"propertyCode":"100208","label":"Machado House","rank":1,"sortKey":1.716,"labelMinZoom":16,"heightM":15.2,"floors":4,"year":1912,"kind":"residence","placeId":"machado-house","placeIds":["machado-house"],"address":"87 Prospect St","currentUse":"Dormitory","buildingType":"BUILDING","complex":null,"aliases":["Machado (Antonio) House","Antonio Machado","French House","Hispanic House","87 Prospect St","MACHADO"],"meetings":0}},{"type":"Feature","id":"100209","geometry":{"type":"Polygon","coordinates":[[[-71.399223,41.827346],[-71.39912,41.827356],[-71.399109,41.827292],[-71.398859,41.827316],[-71.39887,41.82738],[-71.398765,41.82739],[-71.398736,41.827218],[-71.398832,41.827209],[-71.398825,41.827171],[-71.39884,41.82717],[-71.398897,41.827164],[-71.399021,41.827153],[-71.399087,41.827147],[-71.399153,41.82714],[-71.399159,41.827178],[-71.399194,41.827175],[-71.399223,41.827346]]]},"properties":{"propertyCode":"100209","label":"Minden Hall","rank":0,"sortKey":0.637,"labelMinZoom":0,"heightM":29.2,"floors":8,"year":1912,"kind":"residence","placeId":"minden-hall","placeIds":["minden-hall"],"address":"121 Waterman St","currentUse":"Dormitory","buildingType":"BUILDING","complex":null,"aliases":["121-123 Waterman St","121 Waterman St","MINDEN"],"meetings":0}},{"type":"Feature","id":"100210","geometry":{"type":"Polygon","coordinates":[[[-71.402925,41.828161],[-71.402926,41.828164],[-71.402929,41.828164],[-71.40293,41.828164],[-71.402931,41.828169],[-71.402931,41.828169],[-71.402931,41.828169],[-71.402931,41.828169],[-71.402931,41.82817],[-71.402931,41.82817],[-71.402931,41.82817],[-71.402931,41.82817],[-71.402931,41.82817],[-71.402931,41.82817],[-71.402931,41.82817],[-71.402931,41.82817],[-71.402931,41.82817],[-71.402931,41.82817],[-71.402931,41.82817],[-71.402931,41.82817],[-71.402931,41.82817],[-71.402931,41.82817],[-71.402931,41.82817],[-71.402931,41.82817],[-71.402931,41.82817],[-71.402932,41.82817],[-71.402937,41.828202],[-71.402965,41.828199],[-71.402965,41.828197],[-71.402987,41.828195],[-71.402987,41.828196],[-71.402986,41.82819],[-71.403083,41.828181],[-71.403087,41.8282],[-71.40309,41.8282],[-71.403097,41.828244],[-71.403099,41.828244],[-71.4031,41.828247],[-71.403087,41.828249],[-71.403094,41.828291],[-71.403107,41.82829],[-71.403108,41.828293],[-71.403106,41.828294],[-71.403113,41.828338],[-71.403031,41.828345],[-71.403031,41.828347],[-71.403017,41.828361],[-71.402994,41.828363],[-71.402976,41.828352],[-71.402975,41.828351],[-71.402894,41.828358],[-71.40287,41.828221],[-71.40291,41.828217],[-71.402902,41.828168],[-71.402903,41.828168],[-71.402903,41.828168],[-71.402903,41.828168],[-71.402903,41.828168],[-71.402903,41.828168],[-71.402903,41.828168],[-71.402902,41.828168],[-71.402902,41.828168],[-71.402902,41.828168],[-71.402902,41.828168],[-71.402902,41.828168],[-71.402902,41.828168],[-71.402902,41.828168],[-71.402902,41.828168],[-71.402902,41.828168],[-71.402903,41.828167],[-71.402903,41.828167],[-71.402903,41.828167],[-71.402903,41.828167],[-71.402903,41.828167],[-71.402902,41.828167],[-71.402901,41.828163],[-71.402925,41.828161]]]},"properties":{"propertyCode":"100210","label":"Sharpe House","rank":2,"sortKey":2.8318,"labelMinZoom":17,"heightM":18.7,"floors":5,"year":1873,"kind":"admin","placeId":"sharpe-house","placeIds":["sharpe-house"],"address":"79 Brown St","currentUse":"Office","buildingType":"HOUSE","complex":null,"aliases":["130-132 Angell St","Lucien Sharpe","79 Brown St","SHARPEHSE"],"meetings":17}},{"type":"Feature","id":"100211","geometry":{"type":"Polygon","coordinates":[[[-71.402264,41.827573],[-71.402269,41.827604],[-71.402273,41.827604],[-71.402286,41.827686],[-71.402282,41.827686],[-71.402292,41.827744],[-71.402288,41.827744],[-71.402291,41.82776],[-71.402233,41.827766],[-71.40223,41.827749],[-71.402226,41.82775],[-71.402217,41.827692],[-71.402091,41.827704],[-71.402072,41.827591],[-71.402264,41.827573]]]},"properties":{"propertyCode":"100211","label":"Urban Environmental Lab","rank":2,"sortKey":2.8662,"labelMinZoom":17,"heightM":11.7,"floors":3,"year":1984,"kind":"academic","placeId":"urban-environmental-lab","placeIds":["urban-environmental-lab"],"address":"135 Angell St","currentUse":"School","buildingType":"HOUSE","complex":null,"aliases":["135 Angell St","UEL"],"meetings":14}},{"type":"Feature","id":"100214","geometry":{"type":"Polygon","coordinates":[[[-71.39932,41.824954],[-71.399328,41.825007],[-71.399318,41.825008],[-71.399329,41.825076],[-71.399258,41.825083],[-71.399259,41.825087],[-71.399197,41.825093],[-71.399196,41.82509],[-71.399124,41.825097],[-71.399113,41.825026],[-71.399099,41.825027],[-71.39909,41.824974],[-71.399121,41.824972],[-71.39912,41.824964],[-71.399181,41.824959],[-71.399182,41.824962],[-71.399232,41.824958],[-71.399231,41.824954],[-71.399291,41.824948],[-71.399292,41.824957],[-71.39932,41.824954]]]},"properties":{"propertyCode":"100214","label":"74-80 Benevolent","rank":2,"sortKey":2.8621,"labelMinZoom":17,"heightM":11.7,"floors":3,"year":1883,"kind":"other","placeId":null,"placeIds":[],"address":"74-80 Benevolent St","currentUse":"Apartments (04)","buildingType":"HOUSE","complex":null,"aliases":["Benevolent St 074-080","74-80 Benevolent St","BENE074-80"],"meetings":0}},{"type":"Feature","id":"100217","geometry":{"type":"Polygon","coordinates":[[[-71.401477,41.823669],[-71.401369,41.823678],[-71.401346,41.823532],[-71.401381,41.823529],[-71.401381,41.823532],[-71.401455,41.823525],[-71.401477,41.823669]]]},"properties":{"propertyCode":"100217","label":"38 Charlesfield","rank":2,"sortKey":2.8806,"labelMinZoom":17,"heightM":11.7,"floors":3,"year":1845,"kind":"other","placeId":null,"placeIds":[],"address":"38 Charlesfield St","currentUse":"1 Family","buildingType":"HOUSE","complex":null,"aliases":["Charlesfield St 038","38 Charlesfield St","CHAR038"],"meetings":0}},{"type":"Feature","id":"100218","geometry":{"type":"Polygon","coordinates":[[[-71.399142,41.825398],[-71.399215,41.825393],[-71.399224,41.825457],[-71.399296,41.825451],[-71.399306,41.825523],[-71.399161,41.825535],[-71.39916,41.825526],[-71.399151,41.82552],[-71.39915,41.825512],[-71.399157,41.825505],[-71.399142,41.825398]]]},"properties":{"propertyCode":"100218","label":"Hirschfeld House","rank":2,"sortKey":2.8746,"labelMinZoom":17,"heightM":15.2,"floors":4,"year":1900,"kind":"admin","placeId":"hirschfeld-house","placeIds":["hirschfeld-house"],"address":"163 George St","currentUse":"Office","buildingType":"HOUSE","complex":null,"aliases":["Elie Hirschfeld '71 House","George163","163 George St","HIRSCHFELD"],"meetings":6}},{"type":"Feature","id":"100219","geometry":{"type":"Polygon","coordinates":[[[-71.401105,41.823957],[-71.401115,41.824032],[-71.401093,41.824034],[-71.401095,41.824052],[-71.400847,41.824071],[-71.400845,41.824058],[-71.400766,41.824064],[-71.400768,41.824077],[-71.40062,41.824089],[-71.400618,41.824076],[-71.400539,41.824082],[-71.400541,41.824095],[-71.400292,41.824114],[-71.400289,41.824096],[-71.400267,41.824097],[-71.400257,41.824023],[-71.400279,41.824021],[-71.400276,41.824003],[-71.400526,41.823983],[-71.400527,41.823996],[-71.400606,41.82399],[-71.400604,41.823977],[-71.400753,41.823966],[-71.400755,41.823979],[-71.400833,41.823973],[-71.400832,41.82396],[-71.40108,41.823941],[-71.401082,41.823958],[-71.401105,41.823957]]]},"properties":{"propertyCode":"100219","label":"Harkness House","rank":1,"sortKey":1.715,"labelMinZoom":16,"heightM":18.7,"floors":5,"year":1951,"kind":"residence","placeId":"harkness-house","placeIds":["harkness-house"],"address":"47 Charlesfield St","currentUse":"Dormitory","buildingType":"BUILDING","complex":"Wriston Quad","aliases":["Harkness House: Wriston Quad","113 George St","Albert Harkness 1842","Art House","Kappa Delta","Technology House","47 Charlesfield St","HARKNESS"],"meetings":0}},{"type":"Feature","id":"100220","geometry":{"type":"Polygon","coordinates":[[[-71.388795,41.818573],[-71.388504,41.818534],[-71.388527,41.81844],[-71.388538,41.818442],[-71.388562,41.81834],[-71.388591,41.818344],[-71.388616,41.818238],[-71.388583,41.818233],[-71.388583,41.818234],[-71.388527,41.81824],[-71.388519,41.818199],[-71.388575,41.818193],[-71.388582,41.818229],[-71.388591,41.818231],[-71.388612,41.818141],[-71.388817,41.818169],[-71.388795,41.818258],[-71.388876,41.818269],[-71.388848,41.818383],[-71.38884,41.818382],[-71.388797,41.818562],[-71.388804,41.818563],[-71.388803,41.81857],[-71.388796,41.818569],[-71.388795,41.818573]]]},"properties":{"propertyCode":"100220","label":"Marston Boathouse","rank":1,"sortKey":1.8146,"labelMinZoom":16,"heightM":8.2,"floors":2,"year":1967,"kind":"other","placeId":null,"placeIds":[],"address":"258 India St","currentUse":"Boat House","buildingType":"BUILDING","complex":null,"aliases":["Hunter S. Marston Boathouse","254-260 India St","258 India St","MRSTNBOAT"],"meetings":0}},{"type":"Feature","id":"100221","geometry":{"type":"Polygon","coordinates":[[[-71.401198,41.830229],[-71.4012,41.830245],[-71.401206,41.830245],[-71.401211,41.830288],[-71.401239,41.830305],[-71.401271,41.830303],[-71.401277,41.830347],[-71.40125,41.830348],[-71.401259,41.83042],[-71.401254,41.830416],[-71.401239,41.83043],[-71.401243,41.830468],[-71.40125,41.830521],[-71.401227,41.830522],[-71.401211,41.830523],[-71.401214,41.830545],[-71.401193,41.830561],[-71.401198,41.830602],[-71.401088,41.830609],[-71.401078,41.830533],[-71.401048,41.830535],[-71.401038,41.830452],[-71.401068,41.83045],[-71.401067,41.830441],[-71.40106,41.830389],[-71.40103,41.830391],[-71.40102,41.830309],[-71.40105,41.830307],[-71.401042,41.830246],[-71.401121,41.83024],[-71.40112,41.830235],[-71.401198,41.830229]]]},"properties":{"propertyCode":"100221","label":"4 New Pembroke","rank":1,"sortKey":1.7557,"labelMinZoom":16,"heightM":18.7,"floors":5,"year":1974,"kind":"residence","placeId":"new-pembroke-4","placeIds":["new-pembroke-4"],"address":"300 Thayer St","currentUse":"Dormitory","buildingType":"BUILDING","complex":null,"aliases":["New Pembroke No. 4","302 Thayer St","300 Thayer St","NEWPEM4"],"meetings":0}},{"type":"Feature","id":"100222","geometry":{"type":"Polygon","coordinates":[[[-71.396233,41.823396],[-71.396274,41.823392],[-71.396288,41.823461],[-71.39631,41.823562],[-71.396267,41.823567],[-71.396295,41.823698],[-71.396335,41.823693],[-71.396372,41.823865],[-71.396141,41.823892],[-71.396104,41.82372],[-71.396146,41.823716],[-71.396118,41.823584],[-71.396077,41.823589],[-71.396041,41.823419],[-71.396233,41.823396]]]},"properties":{"propertyCode":"100222","label":"Perkins Hall","rank":1,"sortKey":1.7245,"labelMinZoom":16,"heightM":15.2,"floors":4,"year":1960,"kind":"residence","placeId":"perkins-hall","placeIds":["perkins-hall"],"address":"154 Power St","currentUse":"Dormitory","buildingType":"BUILDING","complex":null,"aliases":["Judge Fred B. Perkins","154 Power St","PERKINS"],"meetings":0}},{"type":"Feature","id":"100223","geometry":{"type":"Polygon","coordinates":[[[-71.404311,41.827262],[-71.404314,41.827279],[-71.404274,41.827282],[-71.404271,41.827265],[-71.404267,41.827265],[-71.404224,41.827241],[-71.404216,41.827189],[-71.404251,41.827156],[-71.404315,41.827151],[-71.404308,41.827103],[-71.404356,41.827099],[-71.404352,41.827071],[-71.404401,41.827067],[-71.404405,41.827096],[-71.404455,41.827091],[-71.404461,41.827141],[-71.404525,41.827135],[-71.404568,41.827161],[-71.404576,41.827213],[-71.404541,41.827245],[-71.404478,41.827251],[-71.404484,41.827298],[-71.404449,41.82733],[-71.40438,41.827335],[-71.404339,41.827309],[-71.404332,41.82726],[-71.404311,41.827262]]]},"properties":{"propertyCode":"100223","label":"Robinson Hall","rank":1,"sortKey":1.8141,"labelMinZoom":16,"heightM":15.2,"floors":4,"year":1878,"kind":"academic","placeId":"robinson-hall","placeIds":["robinson-hall"],"address":"64 Waterman St","currentUse":"Classroom/Office","buildingType":"BUILDING","complex":null,"aliases":["President Ezekiel Gilman Robinson","64 Waterman St","ROBINSON"],"meetings":10}},{"type":"Feature","id":"100225","geometry":{"type":"Polygon","coordinates":[[[-71.398307,41.827394],[-71.398289,41.827396],[-71.398286,41.827379],[-71.398278,41.82738],[-71.398276,41.827367],[-71.398284,41.827366],[-71.398282,41.827355],[-71.398274,41.827355],[-71.398269,41.827319],[-71.398277,41.827319],[-71.398274,41.8273],[-71.398278,41.8273],[-71.398271,41.827253],[-71.398315,41.827249],[-71.398319,41.827271],[-71.398353,41.827269],[-71.398354,41.827276],[-71.398372,41.827274],[-71.398375,41.827291],[-71.398385,41.82729],[-71.398391,41.827334],[-71.398369,41.827336],[-71.398374,41.827366],[-71.398345,41.827369],[-71.398348,41.827391],[-71.39833,41.827392],[-71.398331,41.827398],[-71.398308,41.8274],[-71.398307,41.827394]]]},"properties":{"propertyCode":"100225","label":"129 Waterman","rank":2,"sortKey":2.8799,"labelMinZoom":17,"heightM":15.2,"floors":4,"year":1871,"kind":"other","placeId":null,"placeIds":[],"address":"129 Waterman St","currentUse":"Vacant","buildingType":"HOUSE","complex":null,"aliases":["Waterman St 129","129 Waterman St","WATER129"],"meetings":0}},{"type":"Feature","id":"100226","geometry":{"type":"Polygon","coordinates":[[[-71.396493,41.824007],[-71.396494,41.824041],[-71.396506,41.824041],[-71.396507,41.824093],[-71.396517,41.824093],[-71.396518,41.824121],[-71.396506,41.824121],[-71.396508,41.824173],[-71.396496,41.824173],[-71.396497,41.824207],[-71.396418,41.824208],[-71.396417,41.824174],[-71.396326,41.824175],[-71.396327,41.824209],[-71.396249,41.82421],[-71.396248,41.824176],[-71.396235,41.824176],[-71.396234,41.824123],[-71.396225,41.824124],[-71.396224,41.824097],[-71.396234,41.824097],[-71.396233,41.824044],[-71.396245,41.824044],[-71.396245,41.824011],[-71.396324,41.82401],[-71.396324,41.824042],[-71.396414,41.824041],[-71.396414,41.824009],[-71.396493,41.824007]]]},"properties":{"propertyCode":"100226","label":"4 Young Orchard Ave","rank":1,"sortKey":1.8173,"labelMinZoom":16,"heightM":15.2,"floors":4,"year":1973,"kind":"residence","placeId":"young-orchard-4","placeIds":["young-orchard-4"],"address":"4 Young Orchard Ave","currentUse":"Dormitory","buildingType":"BUILDING","complex":null,"aliases":["Young Orchard Ave 004","YO004"],"meetings":0}},{"type":"Feature","id":"100227","geometry":{"type":"Polygon","coordinates":[[[-71.398155,41.830033],[-71.398155,41.830035],[-71.398153,41.830035],[-71.398156,41.830047],[-71.398157,41.830047],[-71.398159,41.830056],[-71.39815,41.830057],[-71.39815,41.830057],[-71.398149,41.830057],[-71.398189,41.830199],[-71.39819,41.830199],[-71.39819,41.830198],[-71.398199,41.830197],[-71.398201,41.830206],[-71.398201,41.830206],[-71.398204,41.830217],[-71.398206,41.830217],[-71.398207,41.830218],[-71.398206,41.830219],[-71.398207,41.830221],[-71.398206,41.830221],[-71.398206,41.830222],[-71.398206,41.830222],[-71.398206,41.830222],[-71.398206,41.830223],[-71.398218,41.830263],[-71.398218,41.830265],[-71.398218,41.830265],[-71.398218,41.830265],[-71.398219,41.830265],[-71.39822,41.830268],[-71.398221,41.830268],[-71.398221,41.830269],[-71.398219,41.83027],[-71.398222,41.830281],[-71.398223,41.830281],[-71.398225,41.83029],[-71.398216,41.830291],[-71.398216,41.830291],[-71.398215,41.830291],[-71.398221,41.830313],[-71.398222,41.830313],[-71.398224,41.830322],[-71.398212,41.830323],[-71.398212,41.830323],[-71.39816,41.830331],[-71.39816,41.830332],[-71.398161,41.830332],[-71.398162,41.830338],[-71.39815,41.830339],[-71.39815,41.830339],[-71.398097,41.830347],[-71.398097,41.830349],[-71.398095,41.83035],[-71.398095,41.830349],[-71.398091,41.830349],[-71.398091,41.830349],[-71.398091,41.830349],[-71.398091,41.830349],[-71.398033,41.830358],[-71.398033,41.830358],[-71.398033,41.830358],[-71.398033,41.830358],[-71.398029,41.830359],[-71.39803,41.83036],[-71.398027,41.83036],[-71.398027,41.830358],[-71.397973,41.830367],[-71.397974,41.830367],[-71.397962,41.830369],[-71.39796,41.830363],[-71.397961,41.830363],[-71.39796,41.830363],[-71.397908,41.830371],[-71.397908,41.830371],[-71.397896,41.830373],[-71.397894,41.830366],[-71.397893,41.830366],[-71.397893,41.830366],[-71.397886,41.830368],[-71.397886,41.830367],[-71.397884,41.830368],[-71.397884,41.830368],[-71.397877,41.830369],[-71.397877,41.830369],[-71.397853,41.830372],[-71.397852,41.830372],[-71.397823,41.830376],[-71.397824,41.830377],[-71.397797,41.830381],[-71.397797,41.830381],[-71.397768,41.830385],[-71.397768,41.830386],[-71.397742,41.83039],[-71.397742,41.830389],[-71.397713,41.830394],[-71.397713,41.830394],[-71.397689,41.830398],[-71.397689,41.830399],[-71.397682,41.8304],[-71.397682,41.830399],[-71.397679,41.8304],[-71.39768,41.8304],[-71.397672,41.830401],[-71.397669,41.830389],[-71.397669,41.830389],[-71.397668,41.830384],[-71.397664,41.830385],[-71.397665,41.830385],[-71.397659,41.830386],[-71.397659,41.830385],[-71.397565,41.8304],[-71.397566,41.830401],[-71.39756,41.830402],[-71.39756,41.830401],[-71.397554,41.830402],[-71.397554,41.830403],[-71.397548,41.830403],[-71.397548,41.830403],[-71.397455,41.830417],[-71.397455,41.830418],[-71.397449,41.830419],[-71.397449,41.830419],[-71.397443,41.83042],[-71.397443,41.83042],[-71.397437,41.830421],[-71.397437,41.83042],[-71.397344,41.830435],[-71.397344,41.830436],[-71.397338,41.830436],[-71.397338,41.830436],[-71.397332,41.830437],[-71.397332,41.830437],[-71.397327,41.830438],[-71.397326,41.830437],[-71.397233,41.830452],[-71.397233,41.830453],[-71.397228,41.830454],[-71.397228,41.830453],[-71.397222,41.830454],[-71.397222,41.830455],[-71.397216,41.830456],[-71.397216,41.830455],[-71.397125,41.830469],[-71.397126,41.83047],[-71.39712,41.830471],[-71.39712,41.83047],[-71.397114,41.830471],[-71.397114,41.830472],[-71.397108,41.830473],[-71.397107,41.830468],[-71.397107,41.830468],[-71.397107,41.830467],[-71.397065,41.830474],[-71.397068,41.830483],[-71.397068,41.830483],[-71.39707,41.830491],[-71.39706,41.830492],[-71.39706,41.830492],[-71.397012,41.830499],[-71.397012,41.8305],[-71.397005,41.830501],[-71.397005,41.8305],[-71.397003,41.830501],[-71.397004,41.830501],[-71.396997,41.830502],[-71.396996,41.830502],[-71.396985,41.830504],[-71.396897,41.830517],[-71.396885,41.830519],[-71.396885,41.83052],[-71.396878,41.830521],[-71.396878,41.83052],[-71.396877,41.830521],[-71.396877,41.830521],[-71.39687,41.830522],[-71.39687,41.830522],[-71.396822,41.830529],[-71.396822,41.83053],[-71.396812,41.830531],[-71.39681,41.830524],[-71.39681,41.830524],[-71.396783,41.830428],[-71.396776,41.830429],[-71.396776,41.83043],[-71.396769,41.830431],[-71.396767,41.830425],[-71.396768,41.830425],[-71.396767,41.830424],[-71.396767,41.830424],[-71.396765,41.830419],[-71.396766,41.830419],[-71.396751,41.830366],[-71.39675,41.830367],[-71.396749,41.830365],[-71.396751,41.830365],[-71.396739,41.830323],[-71.396738,41.830324],[-71.396737,41.830322],[-71.396738,41.830322],[-71.396724,41.830269],[-71.396723,41.830269],[-71.396722,41.830264],[-71.396722,41.830264],[-71.396722,41.830263],[-71.396721,41.830263],[-71.39672,41.830257],[-71.396727,41.830256],[-71.396727,41.830257],[-71.396735,41.830256],[-71.39671,41.830169],[-71.396708,41.83016],[-71.396707,41.83016],[-71.396705,41.830152],[-71.396715,41.830151],[-71.396715,41.830151],[-71.396763,41.830144],[-71.396763,41.830143],[-71.39677,41.830142],[-71.39677,41.830143],[-71.396772,41.830142],[-71.396772,41.830142],[-71.396779,41.830141],[-71.396779,41.830141],[-71.39689,41.830124],[-71.39689,41.830123],[-71.396897,41.830122],[-71.396897,41.830123],[-71.396899,41.830122],[-71.396899,41.830122],[-71.396906,41.830121],[-71.396906,41.830121],[-71.396954,41.830114],[-71.396954,41.830113],[-71.396964,41.830112],[-71.396966,41.830119],[-71.396965,41.830119],[-71.396968,41.830129],[-71.39701,41.830122],[-71.39701,41.830121],[-71.397009,41.830121],[-71.397008,41.830117],[-71.397014,41.830116],[-71.397014,41.830116],[-71.39702,41.830115],[-71.39702,41.830115],[-71.397026,41.830114],[-71.397026,41.830115],[-71.397116,41.830101],[-71.397116,41.8301],[-71.397122,41.830099],[-71.397122,41.830099],[-71.397128,41.830098],[-71.397128,41.830098],[-71.397133,41.830097],[-71.397134,41.830098],[-71.397227,41.830083],[-71.397227,41.830082],[-71.397232,41.830081],[-71.397232,41.830082],[-71.397238,41.830081],[-71.397238,41.830081],[-71.397244,41.83008],[-71.397244,41.83008],[-71.397337,41.830066],[-71.397337,41.830065],[-71.397343,41.830064],[-71.397343,41.830064],[-71.397349,41.830064],[-71.397349,41.830063],[-71.397355,41.830062],[-71.397355,41.830063],[-71.397448,41.830048],[-71.397448,41.830048],[-71.397454,41.830047],[-71.397454,41.830047],[-71.39746,41.830046],[-71.39746,41.830046],[-71.397466,41.830045],[-71.397466,41.830046],[-71.397559,41.830031],[-71.397559,41.83003],[-71.397565,41.830029],[-71.397565,41.83003],[-71.39757,41.830029],[-71.39757,41.830028],[-71.397576,41.830027],[-71.397576,41.830028],[-71.39767,41.830014],[-71.397669,41.830013],[-71.397675,41.830012],[-71.397675,41.830012],[-71.397681,41.830011],[-71.397681,41.830011],[-71.397687,41.83001],[-71.397687,41.830011],[-71.397782,41.829996],[-71.397781,41.829995],[-71.397787,41.829994],[-71.397787,41.829995],[-71.39779,41.829995],[-71.39779,41.829992],[-71.397789,41.829992],[-71.397787,41.829985],[-71.397799,41.829984],[-71.397799,41.829984],[-71.397854,41.829975],[-71.397853,41.829975],[-71.397865,41.829973],[-71.397865,41.829974],[-71.398037,41.829946],[-71.398037,41.829946],[-71.398049,41.829944],[-71.398049,41.829945],[-71.398104,41.829936],[-71.398103,41.829936],[-71.398115,41.829934],[-71.398118,41.829943],[-71.398117,41.829943],[-71.398123,41.829965],[-71.398124,41.829964],[-71.398124,41.829964],[-71.398133,41.829963],[-71.398136,41.829971],[-71.398135,41.829972],[-71.398138,41.829983],[-71.398141,41.829983],[-71.398141,41.829984],[-71.39814,41.829984],[-71.398141,41.829987],[-71.39814,41.829987],[-71.39814,41.829987],[-71.39814,41.829987],[-71.398141,41.829989],[-71.398152,41.830029],[-71.398152,41.830031],[-71.398152,41.830031],[-71.398152,41.830031],[-71.398153,41.830031],[-71.398154,41.830034],[-71.398155,41.830033]]]},"properties":{"propertyCode":"100227","label":"Nelson Fitness Ctr","rank":0,"sortKey":0.4917,"labelMinZoom":0,"heightM":8.2,"floors":2,"year":2012,"kind":"other","placeId":"nelson-fitness-center","placeIds":["coleman-aquatics-center","nelson-fitness-center"],"address":"225 Hope St","currentUse":"Pool & Fitness","buildingType":"BUILDING","complex":null,"aliases":["Nelson Fitness Center","The Jonathan M. Nelson Fitness Center & The Katherine Moran Coleman Aquatics Center & The David J. Z","235 Hope St","225 Hope St","NELSONFIT"],"meetings":0}},{"type":"Feature","id":"100228","geometry":{"type":"Polygon","coordinates":[[[-71.407349,41.824131],[-71.406967,41.824273],[-71.406776,41.823985],[-71.40661,41.823815],[-71.406994,41.823624],[-71.407157,41.823846],[-71.407349,41.824131]]]},"properties":{"propertyCode":"100228","label":"121 South Main","rank":0,"sortKey":0.0,"labelMinZoom":0,"heightM":32.7,"floors":9,"year":1983,"kind":"admin","placeId":"121-south-main-street","placeIds":["121-south-main-street"],"address":"121 South Main St","currentUse":"Office","buildingType":"BUILDING","complex":null,"aliases":["South Main St 121","Icerm-Institute For Computational And Experimental Research In Mathematics","121 South Main St","SMAIN121"],"meetings":68}},{"type":"Feature","id":"100230","geometry":{"type":"Polygon","coordinates":[[[-71.4025,41.82425],[-71.402499,41.824351],[-71.402152,41.824355],[-71.40215,41.824325],[-71.402094,41.824325],[-71.402093,41.824286],[-71.402149,41.824285],[-71.402149,41.824254],[-71.4025,41.82425]]]},"properties":{"propertyCode":"100230","label":"Annmary Brown Library","rank":0,"sortKey":0.8533,"labelMinZoom":0,"heightM":11.7,"floors":3,"year":1905,"kind":"library","placeId":"annmary-brown-memorial","placeIds":["annmary-brown-memorial"],"address":"21 Brown St","currentUse":"Library","buildingType":"BUILDING","complex":null,"aliases":["Annmary Brown Memorial Library","Annmary Brown Hawkins","21 Brown St","ANNMARY"],"meetings":0}},{"type":"Feature","id":"100231","geometry":{"type":"Polygon","coordinates":[[[-71.399164,41.82469],[-71.39917,41.824734],[-71.399165,41.824734],[-71.399179,41.824825],[-71.399046,41.824836],[-71.39903,41.824713],[-71.399042,41.824712],[-71.399043,41.824719],[-71.399101,41.824714],[-71.3991,41.824704],[-71.399119,41.824702],[-71.399117,41.82469],[-71.399163,41.824686],[-71.399164,41.82469]]]},"properties":{"propertyCode":"100231","label":"83-85 Benevolent","rank":1,"sortKey":1.8784,"labelMinZoom":16,"heightM":11.7,"floors":3,"year":1857,"kind":"other","placeId":null,"placeIds":[],"address":"83 Benevolent St","currentUse":"Restaurant","buildingType":"BUILDING","complex":null,"aliases":["Benevolent St 083-085","83 Benevolent St","BENE083-85"],"meetings":0}},{"type":"Feature","id":"100235","geometry":{"type":"Polygon","coordinates":[[[-71.40158,41.829471],[-71.401563,41.829344],[-71.402023,41.829311],[-71.40204,41.829437],[-71.401739,41.829459],[-71.40158,41.829471]]]},"properties":{"propertyCode":"100235","label":"Emery Hall","rank":1,"sortKey":1.7498,"labelMinZoom":16,"heightM":22.2,"floors":6,"year":1963,"kind":"residence","placeId":"emery-hall","placeIds":["emery-hall"],"address":"200 Meeting St","currentUse":"Dormitory","buildingType":"BUILDING","complex":"Pembroke Quad","aliases":["Emery","Emery: Pembroke Quad","Anne Crosby Emery Allison","200 Meeting St","EMERY"],"meetings":0}},{"type":"Feature","id":"100236","geometry":{"type":"Polygon","coordinates":[[[-71.398934,41.825828],[-71.398955,41.825984],[-71.398677,41.826005],[-71.398656,41.825848],[-71.398934,41.825828]]]},"properties":{"propertyCode":"100236","label":"180 George","rank":1,"sortKey":1.8595,"labelMinZoom":16,"heightM":8.2,"floors":2,"year":1960,"kind":"academic","placeId":"180-george-street","placeIds":["180-george-street"],"address":"180 George St","currentUse":"School","buildingType":"BUILDING","complex":null,"aliases":["George St 180","Ccv","Center For Computation And Visualization","180 George St","GEORGE180"],"meetings":0}},{"type":"Feature","id":"100237","geometry":{"type":"Polygon","coordinates":[[[-71.395249,41.832581],[-71.395275,41.832573],[-71.395297,41.832611],[-71.395271,41.83262],[-71.395249,41.832581]]]},"properties":{"propertyCode":"100237","label":"Main Accumulation Area Shed","rank":2,"sortKey":2.8955,"labelMinZoom":17,"heightM":8.2,"floors":2,"year":1989,"kind":"other","placeId":null,"placeIds":[],"address":"295 Lloyd Ave","currentUse":"Haz Waste","buildingType":"SHED","complex":null,"aliases":["295 Lloyd Ave","MAA295"],"meetings":0}},{"type":"Feature","id":"100238","geometry":{"type":"Polygon","coordinates":[[[-71.39752,41.824817],[-71.397626,41.824814],[-71.397629,41.824867],[-71.397644,41.824874],[-71.397646,41.824911],[-71.397631,41.824918],[-71.397632,41.824919],[-71.397632,41.82492],[-71.397633,41.824921],[-71.397634,41.824922],[-71.397634,41.824923],[-71.397635,41.824924],[-71.397636,41.824924],[-71.397636,41.824925],[-71.397637,41.824926],[-71.397637,41.824927],[-71.397638,41.824928],[-71.397638,41.824929],[-71.397638,41.82493],[-71.397639,41.824931],[-71.397639,41.824932],[-71.397639,41.824933],[-71.397639,41.824934],[-71.397639,41.824935],[-71.39764,41.824938],[-71.39764,41.824939],[-71.397639,41.82494],[-71.397639,41.824941],[-71.397639,41.824942],[-71.397639,41.824943],[-71.397639,41.824944],[-71.397638,41.824945],[-71.397638,41.824945],[-71.397638,41.824946],[-71.397637,41.824947],[-71.397637,41.824948],[-71.397636,41.824949],[-71.397636,41.82495],[-71.397635,41.824951],[-71.397635,41.824951],[-71.397634,41.824952],[-71.397633,41.824953],[-71.397633,41.824957],[-71.397603,41.824958],[-71.397523,41.824961],[-71.397433,41.824963],[-71.397429,41.824891],[-71.397425,41.824819],[-71.39746,41.824818],[-71.39746,41.824817],[-71.39746,41.824817],[-71.39746,41.824816],[-71.39746,41.824815],[-71.39746,41.824814],[-71.397461,41.824814],[-71.397461,41.824813],[-71.397461,41.824812],[-71.397461,41.824811],[-71.397461,41.824811],[-71.397462,41.82481],[-71.397462,41.824809],[-71.397462,41.824808],[-71.397463,41.824808],[-71.397463,41.824807],[-71.397464,41.824806],[-71.397464,41.824806],[-71.397465,41.824805],[-71.397465,41.824804],[-71.397466,41.824804],[-71.397466,41.824803],[-71.397467,41.824802],[-71.397468,41.824802],[-71.397468,41.824801],[-71.397469,41.824801],[-71.39747,41.8248],[-71.39747,41.8248],[-71.397471,41.824799],[-71.397472,41.824799],[-71.397473,41.824798],[-71.397474,41.824798],[-71.397475,41.824797],[-71.397475,41.824797],[-71.397476,41.824797],[-71.397477,41.824796],[-71.397478,41.824796],[-71.397479,41.824796],[-71.39748,41.824795],[-71.397481,41.824795],[-71.397482,41.824795],[-71.397483,41.824795],[-71.397484,41.824795],[-71.397485,41.824794],[-71.397486,41.824794],[-71.397487,41.824794],[-71.397488,41.824794],[-71.397489,41.824794],[-71.39749,41.824794],[-71.397491,41.824794],[-71.397492,41.824794],[-71.397493,41.824794],[-71.397494,41.824794],[-71.397495,41.824794],[-71.397496,41.824795],[-71.397497,41.824795],[-71.397498,41.824795],[-71.397499,41.824795],[-71.3975,41.824795],[-71.397501,41.824796],[-71.397502,41.824796],[-71.397503,41.824796],[-71.397504,41.824797],[-71.397505,41.824797],[-71.397506,41.824797],[-71.397507,41.824798],[-71.397508,41.824798],[-71.397508,41.824799],[-71.397509,41.824799],[-71.39751,41.8248],[-71.397511,41.8248],[-71.397512,41.824801],[-71.397512,41.824801],[-71.397513,41.824802],[-71.397514,41.824803],[-71.397514,41.824803],[-71.397515,41.824804],[-71.397515,41.824804],[-71.397516,41.824805],[-71.397516,41.824806],[-71.397517,41.824806],[-71.397517,41.824807],[-71.397518,41.824808],[-71.397518,41.824809],[-71.397518,41.824809],[-71.397519,41.82481],[-71.397519,41.824811],[-71.397519,41.824811],[-71.39752,41.824812],[-71.39752,41.824813],[-71.39752,41.824814],[-71.39752,41.824815],[-71.39752,41.824815],[-71.39752,41.824816],[-71.39752,41.824817]]]},"properties":{"propertyCode":"100238","label":"King House","rank":2,"sortKey":2.8571,"labelMinZoom":17,"heightM":11.7,"floors":3,"year":1895,"kind":"residence","placeId":"king-house","placeIds":["king-house"],"address":"154 Hope St","currentUse":"Dormitory","buildingType":"HOUSE","complex":null,"aliases":["Dean Lida Shaw King","St. Anthony Hall","154 Hope St","KINGHSE"],"meetings":0}},{"type":"Feature","id":"100239","geometry":{"type":"Polygon","coordinates":[[[-71.399728,41.826578],[-71.399753,41.826722],[-71.399348,41.826762],[-71.399323,41.826618],[-71.399728,41.826578]]]},"properties":{"propertyCode":"100239","label":"Marston Hall","rank":1,"sortKey":1.8264,"labelMinZoom":16,"heightM":11.7,"floors":3,"year":1926,"kind":"academic","placeId":"marston-hall","placeIds":["marston-hall"],"address":"346 Brook St","currentUse":"School","buildingType":"BUILDING","complex":null,"aliases":["Edgar L. Marston","346 Brook St","MARSTONHAL"],"meetings":1}},{"type":"Feature","id":"100240","geometry":{"type":"Polygon","coordinates":[[[-71.403408,41.825142],[-71.403412,41.825189],[-71.403391,41.82519],[-71.403396,41.82524],[-71.403372,41.825241],[-71.403373,41.825254],[-71.403296,41.825258],[-71.403295,41.825243],[-71.403216,41.825247],[-71.403208,41.825159],[-71.403199,41.82516],[-71.403195,41.825125],[-71.403214,41.825124],[-71.403209,41.825069],[-71.403315,41.825063],[-71.403316,41.825069],[-71.403369,41.825066],[-71.403371,41.825089],[-71.403381,41.825088],[-71.403386,41.825143],[-71.403408,41.825142]]]},"properties":{"propertyCode":"100240","label":"Nicholson House","rank":2,"sortKey":2.8482,"labelMinZoom":17,"heightM":15.2,"floors":4,"year":1872,"kind":"admin","placeId":"nicholson-house","placeIds":["nicholson-house"],"address":"71 George St","currentUse":"Office","buildingType":"HOUSE","complex":null,"aliases":["Mr. & Mrs. Samuel C. Nicholson","71 George St","NICHOLSON"],"meetings":2}},{"type":"Feature","id":"100241","geometry":{"type":"Polygon","coordinates":[[[-71.395827,41.824546],[-71.395828,41.824554],[-71.395814,41.824554],[-71.395814,41.824546],[-71.395619,41.824548],[-71.395616,41.824384],[-71.396151,41.824377],[-71.396155,41.824542],[-71.396112,41.824542],[-71.396113,41.824567],[-71.39603,41.824568],[-71.396029,41.824543],[-71.395943,41.824544],[-71.395943,41.824569],[-71.395909,41.824569],[-71.395909,41.824545],[-71.395827,41.824546]]]},"properties":{"propertyCode":"100241","label":"T.F. Green Hall","rank":1,"sortKey":1.8313,"labelMinZoom":16,"heightM":8.2,"floors":2,"year":1959,"kind":"other","placeId":"t-f-green-hall","placeIds":["t-f-green-hall"],"address":"7 Young Orchard St","currentUse":"Teaching/Theatre","buildingType":"BUILDING","complex":null,"aliases":["17-23 Cooke St","Theodore Francis Green","7 Young Orchard St","TFGREEN"],"meetings":0}},{"type":"Feature","id":"100242","geometry":{"type":"Polygon","coordinates":[[[-71.395866,41.82403],[-71.395867,41.824064],[-71.395879,41.824064],[-71.39588,41.824116],[-71.39589,41.824116],[-71.395891,41.824143],[-71.395879,41.824143],[-71.395881,41.824196],[-71.395869,41.824196],[-71.39587,41.82423],[-71.395791,41.82423],[-71.39579,41.824197],[-71.395699,41.824198],[-71.3957,41.824231],[-71.395622,41.824232],[-71.395621,41.824199],[-71.395609,41.824199],[-71.395607,41.824146],[-71.395598,41.824146],[-71.395597,41.82412],[-71.395607,41.82412],[-71.395606,41.824067],[-71.395618,41.824067],[-71.395618,41.824034],[-71.395697,41.824033],[-71.395698,41.824065],[-71.395787,41.824064],[-71.395787,41.824031],[-71.395866,41.82403]]]},"properties":{"propertyCode":"100242","label":"10 Young Orchard Ave","rank":1,"sortKey":1.8175,"labelMinZoom":16,"heightM":15.2,"floors":4,"year":1973,"kind":"residence","placeId":"young-orchard-10","placeIds":["young-orchard-10"],"address":"10 Young Orchard Ave","currentUse":"Dormitory","buildingType":"BUILDING","complex":null,"aliases":["Young Orchard Ave 010","YO010"],"meetings":0}},{"type":"Feature","id":"100243","geometry":{"type":"Polygon","coordinates":[[[-71.404261,41.830139],[-71.404263,41.830185],[-71.404276,41.830184],[-71.40428,41.830254],[-71.404267,41.830254],[-71.404271,41.830328],[-71.40417,41.830331],[-71.404161,41.830142],[-71.404261,41.830139]]]},"properties":{"propertyCode":"100243","label":"Machado Garage","rank":2,"sortKey":2.8927,"labelMinZoom":17,"heightM":4.7,"floors":1,"year":null,"kind":"other","placeId":null,"placeIds":[],"address":"116 Brown St","currentUse":null,"buildingType":"GARAGE","complex":null,"aliases":["Machado House Garage","116 Brown St","MACHADOGAR"],"meetings":0}},{"type":"Feature","id":"100245","geometry":{"type":"Polygon","coordinates":[[[-71.398624,41.824999],[-71.398755,41.824986],[-71.398778,41.825124],[-71.398717,41.82513],[-71.398713,41.825106],[-71.398644,41.825113],[-71.398624,41.824999]]]},"properties":{"propertyCode":"100245","label":"84 Benevolent","rank":2,"sortKey":2.8802,"labelMinZoom":17,"heightM":11.7,"floors":3,"year":1865,"kind":"other","placeId":null,"placeIds":[],"address":"84 Benevolent St","currentUse":"Apartments (04)","buildingType":"HOUSE","complex":null,"aliases":["Benevolent St 084","84 Benevolent St","BENE084"],"meetings":0}},{"type":"Feature","id":"100246","geometry":{"type":"Polygon","coordinates":[[[-71.400316,41.830608],[-71.400319,41.830689],[-71.40033,41.830689],[-71.40033,41.83069],[-71.400343,41.83069],[-71.400356,41.8307],[-71.400358,41.830733],[-71.40032,41.830734],[-71.400321,41.830747],[-71.400207,41.83075],[-71.400203,41.830681],[-71.400196,41.830676],[-71.400195,41.830663],[-71.400203,41.830657],[-71.400201,41.830611],[-71.400316,41.830608]]]},"properties":{"propertyCode":"100246","label":"251 Bowen","rank":2,"sortKey":2.8719,"labelMinZoom":17,"heightM":15.2,"floors":4,"year":1900,"kind":"other","placeId":null,"placeIds":[],"address":"251 Bowen St","currentUse":"Rooming House","buildingType":"HOUSE","complex":null,"aliases":["Bowen St 251","251 Bowen St","BOWEN251"],"meetings":0}},{"type":"Feature","id":"100248","geometry":{"type":"Polygon","coordinates":[[[-71.399418,41.82411],[-71.399417,41.824105],[-71.399425,41.824105],[-71.399425,41.824103],[-71.399434,41.824095],[-71.399458,41.824093],[-71.399469,41.8241],[-71.39947,41.824101],[-71.399478,41.8241],[-71.399494,41.824204],[-71.399477,41.824206],[-71.399485,41.824263],[-71.399484,41.824263],[-71.399486,41.824276],[-71.399458,41.824278],[-71.399457,41.824266],[-71.399399,41.82427],[-71.399391,41.824213],[-71.399349,41.824217],[-71.399336,41.824133],[-71.399346,41.824132],[-71.399344,41.824116],[-71.399418,41.82411]]]},"properties":{"propertyCode":"100248","label":"59 Charlesfield","rank":2,"sortKey":2.8659,"labelMinZoom":17,"heightM":15.2,"floors":4,"year":1877,"kind":"other","placeId":"59-charlesfield-street","placeIds":["59-charlesfield-street"],"address":"59 Charlesfield St","currentUse":"2 Family","buildingType":"HOUSE","complex":null,"aliases":["Charlesfield St 059","59 Charlesfield St","CHAR059"],"meetings":5}},{"type":"Feature","id":"100249","geometry":{"type":"Polygon","coordinates":[[[-71.3985,41.826013],[-71.398481,41.826002],[-71.398407,41.826009],[-71.398405,41.825994],[-71.398334,41.826],[-71.398342,41.826049],[-71.398351,41.826048],[-71.398358,41.82609],[-71.39832,41.826093],[-71.39832,41.826097],[-71.398301,41.826099],[-71.398264,41.826102],[-71.398263,41.826099],[-71.398225,41.826102],[-71.398218,41.826059],[-71.39823,41.826058],[-71.398227,41.826037],[-71.39824,41.826036],[-71.39823,41.825976],[-71.398225,41.825976],[-71.398222,41.825954],[-71.39822,41.825954],[-71.39822,41.825954],[-71.39822,41.825954],[-71.398219,41.825954],[-71.398219,41.825954],[-71.398219,41.825954],[-71.398219,41.825954],[-71.398219,41.825954],[-71.398218,41.825954],[-71.398218,41.825954],[-71.398218,41.825954],[-71.398218,41.825954],[-71.398218,41.825954],[-71.398217,41.825954],[-71.398217,41.825954],[-71.398217,41.825954],[-71.398217,41.825954],[-71.398217,41.825953],[-71.398217,41.825953],[-71.398216,41.825953],[-71.398216,41.825953],[-71.398216,41.825953],[-71.398216,41.825953],[-71.398216,41.825953],[-71.398216,41.825953],[-71.398216,41.825953],[-71.398215,41.825953],[-71.398215,41.825953],[-71.398215,41.825952],[-71.398215,41.825952],[-71.398215,41.825952],[-71.398215,41.825952],[-71.398215,41.825952],[-71.398215,41.825952],[-71.398214,41.825952],[-71.398214,41.825952],[-71.398214,41.825952],[-71.398214,41.825951],[-71.398214,41.825951],[-71.398214,41.825951],[-71.398214,41.825951],[-71.398214,41.825951],[-71.398214,41.825951],[-71.398214,41.825951],[-71.398214,41.82595],[-71.398214,41.82595],[-71.398207,41.825909],[-71.398207,41.825909],[-71.398207,41.825909],[-71.398207,41.825909],[-71.398207,41.825909],[-71.398207,41.825909],[-71.398207,41.825909],[-71.398207,41.825908],[-71.398207,41.825908],[-71.398207,41.825908],[-71.398207,41.825908],[-71.398207,41.825908],[-71.398207,41.825908],[-71.398207,41.825908],[-71.398208,41.825907],[-71.398208,41.825907],[-71.398208,41.825907],[-71.398208,41.825907],[-71.398208,41.825907],[-71.398208,41.825907],[-71.398208,41.825907],[-71.398208,41.825907],[-71.398208,41.825906],[-71.398208,41.825906],[-71.398209,41.825906],[-71.398209,41.825906],[-71.398209,41.825906],[-71.398209,41.825906],[-71.398209,41.825906],[-71.398209,41.825906],[-71.398209,41.825906],[-71.39821,41.825906],[-71.39821,41.825905],[-71.39821,41.825905],[-71.39821,41.825905],[-71.39821,41.825905],[-71.39821,41.825905],[-71.398211,41.825905],[-71.398211,41.825905],[-71.398211,41.825905],[-71.398211,41.825905],[-71.398211,41.825905],[-71.398211,41.825905],[-71.398212,41.825905],[-71.398212,41.825905],[-71.398212,41.825905],[-71.398214,41.825905],[-71.39821,41.825882],[-71.398283,41.825876],[-71.398283,41.825875],[-71.398283,41.825874],[-71.398283,41.825873],[-71.398283,41.825872],[-71.398283,41.825871],[-71.398283,41.82587],[-71.398283,41.825869],[-71.398283,41.825869],[-71.398283,41.825868],[-71.398284,41.825867],[-71.398284,41.825866],[-71.398284,41.825865],[-71.398285,41.825864],[-71.398285,41.825863],[-71.398286,41.825863],[-71.398286,41.825862],[-71.398287,41.825861],[-71.398287,41.82586],[-71.398288,41.825859],[-71.398288,41.825859],[-71.398289,41.825858],[-71.39829,41.825857],[-71.39829,41.825857],[-71.398291,41.825856],[-71.398292,41.825855],[-71.398293,41.825855],[-71.398294,41.825854],[-71.398294,41.825853],[-71.398295,41.825853],[-71.398296,41.825852],[-71.398297,41.825852],[-71.398298,41.825851],[-71.398299,41.825851],[-71.3983,41.82585],[-71.398301,41.82585],[-71.398302,41.82585],[-71.398303,41.825849],[-71.398305,41.825849],[-71.398306,41.825849],[-71.398307,41.825848],[-71.398308,41.825848],[-71.398309,41.825848],[-71.39831,41.825848],[-71.398311,41.825848],[-71.398313,41.825847],[-71.398314,41.825847],[-71.398315,41.825847],[-71.398316,41.825847],[-71.398317,41.825847],[-71.398318,41.825847],[-71.39832,41.825847],[-71.398321,41.825847],[-71.398322,41.825847],[-71.398323,41.825848],[-71.398322,41.825838],[-71.39839,41.825832],[-71.398391,41.825843],[-71.398408,41.825842],[-71.398421,41.825834],[-71.398443,41.825832],[-71.398459,41.825837],[-71.39848,41.825835],[-71.39848,41.825839],[-71.398512,41.825836],[-71.398525,41.825844],[-71.39853,41.825873],[-71.398559,41.82587],[-71.398571,41.825941],[-71.398529,41.825945],[-71.398533,41.825973],[-71.398539,41.825976],[-71.3985,41.826013]]]},"properties":{"propertyCode":"100249","label":"182 George","rank":2,"sortKey":2.7845,"labelMinZoom":17,"heightM":15.2,"floors":4,"year":1885,"kind":"academic","placeId":"182-george-street","placeIds":["182-george-street"],"address":"182 George St","currentUse":"School","buildingType":"HOUSE","complex":null,"aliases":["George St 182","182 George St","GEORGE182"],"meetings":0}},{"type":"Feature","id":"100250","geometry":{"type":"Polygon","coordinates":[[[-71.399093,41.839194],[-71.399019,41.839194],[-71.39902,41.839141],[-71.399072,41.839141],[-71.399072,41.839131],[-71.398981,41.83913],[-71.398981,41.839088],[-71.399074,41.839089],[-71.399074,41.839085],[-71.399109,41.839085],[-71.399109,41.839051],[-71.399208,41.839052],[-71.399208,41.839082],[-71.399241,41.839082],[-71.399264,41.839099],[-71.399264,41.839124],[-71.39924,41.839141],[-71.399207,41.839141],[-71.399207,41.83917],[-71.399107,41.83917],[-71.399108,41.839125],[-71.399092,41.839125],[-71.399091,41.839141],[-71.399093,41.839141],[-71.399093,41.839194]]]},"properties":{"propertyCode":"100250","label":"Ladd Observatory","rank":1,"sortKey":1.869,"labelMinZoom":16,"heightM":11.7,"floors":3,"year":1891,"kind":"other","placeId":null,"placeIds":[],"address":"210 Doyle Ave","currentUse":"Observatory","buildingType":"BUILDING","complex":null,"aliases":["Governor Herbert W. Ladd","210 Doyle Ave","LADDOBSERV"],"meetings":0}},{"type":"Feature","id":"100252","geometry":{"type":"Polygon","coordinates":[[[-71.402801,41.828077],[-71.402799,41.828068],[-71.402793,41.828068],[-71.402791,41.828053],[-71.402784,41.828054],[-71.402773,41.828048],[-71.40277,41.828029],[-71.402778,41.828021],[-71.402785,41.82802],[-71.402782,41.828004],[-71.402867,41.827996],[-71.402869,41.828013],[-71.403018,41.827998],[-71.403023,41.82803],[-71.403031,41.82803],[-71.403038,41.828072],[-71.403074,41.828069],[-71.40308,41.828105],[-71.403045,41.828108],[-71.403052,41.828152],[-71.403026,41.828155],[-71.403029,41.828167],[-71.402996,41.82817],[-71.402994,41.828158],[-71.402926,41.828164],[-71.402925,41.828161],[-71.402875,41.828165],[-71.402871,41.828138],[-71.402868,41.828124],[-71.402836,41.828127],[-71.402814,41.828129],[-71.402809,41.828099],[-71.402827,41.828097],[-71.402823,41.828075],[-71.402801,41.828077]]]},"properties":{"propertyCode":"100252","label":"Peter Green House","rank":2,"sortKey":2.8525,"labelMinZoom":17,"heightM":11.7,"floors":3,"year":1890,"kind":"other","placeId":"peter-green-house","placeIds":["peter-green-house"],"address":"79 Brown St","currentUse":"Office/Classroom","buildingType":"HOUSE","complex":null,"aliases":["Lippett Gould House","Peter B. Green, Am '80","79 Brown St","PGREENHSE"],"meetings":5}},{"type":"Feature","id":"100253","geometry":{"type":"Polygon","coordinates":[[[-71.405558,41.82995],[-71.405556,41.829933],[-71.405548,41.829933],[-71.405548,41.829928],[-71.405556,41.829928],[-71.405555,41.829921],[-71.405556,41.829921],[-71.405553,41.829893],[-71.405547,41.829893],[-71.405547,41.829894],[-71.405541,41.829895],[-71.40554,41.82989],[-71.405541,41.82989],[-71.405534,41.829827],[-71.405532,41.829827],[-71.405532,41.829822],[-71.405538,41.829822],[-71.405538,41.829823],[-71.405615,41.829818],[-71.405615,41.829818],[-71.405615,41.829818],[-71.405615,41.829818],[-71.405615,41.829818],[-71.405615,41.829817],[-71.405615,41.829817],[-71.405615,41.829817],[-71.405615,41.829817],[-71.405615,41.829817],[-71.405615,41.829817],[-71.405615,41.829817],[-71.405615,41.829817],[-71.405615,41.829817],[-71.405615,41.829817],[-71.405615,41.829816],[-71.405615,41.829816],[-71.405615,41.829816],[-71.405615,41.829816],[-71.405616,41.829816],[-71.405616,41.829816],[-71.405616,41.829816],[-71.405616,41.829816],[-71.405616,41.829815],[-71.405616,41.829815],[-71.405617,41.829815],[-71.405617,41.829815],[-71.405617,41.829815],[-71.405617,41.829814],[-71.405618,41.829814],[-71.405618,41.829814],[-71.405618,41.829814],[-71.405618,41.829814],[-71.405619,41.829814],[-71.405619,41.829814],[-71.40562,41.829813],[-71.40562,41.829813],[-71.405621,41.829813],[-71.405621,41.829813],[-71.405622,41.829813],[-71.405622,41.829813],[-71.405623,41.829812],[-71.405624,41.829812],[-71.405624,41.829812],[-71.405625,41.829812],[-71.405626,41.829812],[-71.405626,41.829812],[-71.405627,41.829812],[-71.405628,41.829812],[-71.405629,41.829812],[-71.405629,41.829812],[-71.40563,41.829812],[-71.405631,41.829812],[-71.405632,41.829812],[-71.405632,41.829812],[-71.405633,41.829812],[-71.405634,41.829812],[-71.405634,41.829812],[-71.405635,41.829812],[-71.405635,41.829812],[-71.405636,41.829812],[-71.405636,41.829813],[-71.405637,41.829813],[-71.405637,41.829813],[-71.405637,41.829813],[-71.405637,41.829813],[-71.405638,41.829813],[-71.405638,41.829813],[-71.405638,41.829813],[-71.405638,41.829814],[-71.405639,41.829814],[-71.405639,41.829814],[-71.405639,41.829814],[-71.405639,41.829814],[-71.40564,41.829814],[-71.40564,41.829815],[-71.40564,41.829815],[-71.40564,41.829815],[-71.40564,41.829815],[-71.40564,41.829815],[-71.40564,41.829815],[-71.40564,41.829815],[-71.40564,41.829815],[-71.40564,41.829815],[-71.40564,41.829815],[-71.40564,41.829815],[-71.405641,41.829816],[-71.405641,41.829816],[-71.405641,41.829816],[-71.405641,41.829816],[-71.405641,41.829816],[-71.405641,41.829816],[-71.405641,41.829816],[-71.405641,41.829816],[-71.405641,41.829816],[-71.405723,41.829811],[-71.405723,41.82981],[-71.405728,41.82981],[-71.405729,41.829814],[-71.405728,41.829814],[-71.405731,41.829836],[-71.405735,41.829836],[-71.405737,41.829856],[-71.405732,41.829856],[-71.405741,41.829938],[-71.405746,41.82998],[-71.40582,41.829975],[-71.40582,41.829975],[-71.405826,41.829974],[-71.405827,41.829979],[-71.405825,41.829979],[-71.405829,41.830012],[-71.405832,41.830042],[-71.405834,41.830042],[-71.405834,41.830047],[-71.405828,41.830047],[-71.405828,41.830046],[-71.405631,41.830058],[-71.405631,41.83006],[-71.405629,41.83006],[-71.405628,41.830061],[-71.405626,41.830062],[-71.405624,41.830062],[-71.405623,41.830063],[-71.405621,41.830064],[-71.405619,41.830064],[-71.405618,41.830065],[-71.405616,41.830065],[-71.405614,41.830066],[-71.405612,41.830066],[-71.405611,41.830066],[-71.405609,41.830066],[-71.405607,41.830067],[-71.405605,41.830067],[-71.405603,41.830067],[-71.405601,41.830067],[-71.4056,41.830067],[-71.405598,41.830067],[-71.405596,41.830067],[-71.405594,41.830067],[-71.405592,41.830067],[-71.40559,41.830066],[-71.405588,41.830066],[-71.405587,41.830066],[-71.405585,41.830066],[-71.405583,41.830065],[-71.405581,41.830065],[-71.405579,41.830064],[-71.405578,41.830064],[-71.405576,41.830063],[-71.405576,41.830062],[-71.405566,41.830063],[-71.405566,41.830064],[-71.40556,41.830064],[-71.405559,41.830059],[-71.40556,41.830059],[-71.405553,41.829996],[-71.405551,41.829996],[-71.405551,41.829992],[-71.405557,41.829991],[-71.405557,41.829992],[-71.405564,41.829991],[-71.405561,41.829962],[-71.405559,41.829962],[-71.405559,41.829955],[-71.405551,41.829956],[-71.40555,41.829951],[-71.405558,41.82995]]]},"properties":{"propertyCode":"100253","label":"Rochambeau House","rank":2,"sortKey":2.8153,"labelMinZoom":17,"heightM":15.2,"floors":4,"year":1929,"kind":"admin","placeId":"rochambeau-house","placeIds":["rochambeau-house"],"address":"84 Prospect St","currentUse":"Office","buildingType":"HOUSE","complex":null,"aliases":["General Rochambeau","84 Prospect St","ROCHAMBEAU"],"meetings":6}},{"type":"Feature","id":"100255","geometry":{"type":"Polygon","coordinates":[[[-71.398208,41.827255],[-71.398214,41.827289],[-71.39819,41.827291],[-71.398193,41.827309],[-71.398217,41.827307],[-71.398233,41.827401],[-71.398135,41.827411],[-71.398109,41.827262],[-71.398146,41.827258],[-71.398144,41.827244],[-71.398162,41.827243],[-71.398164,41.827256],[-71.398167,41.827256],[-71.398167,41.827258],[-71.398208,41.827255]]]},"properties":{"propertyCode":"100255","label":"131 Waterman","rank":2,"sortKey":2.8758,"labelMinZoom":17,"heightM":15.2,"floors":4,"year":1852,"kind":"admin","placeId":null,"placeIds":[],"address":"131 Waterman St","currentUse":"Office","buildingType":"HOUSE","complex":null,"aliases":["Waterman St 131","131 Waterman St","WATER131"],"meetings":0}},{"type":"Feature","id":"100256","geometry":{"type":"Polygon","coordinates":[[[-71.399139,41.830504],[-71.399137,41.830491],[-71.399123,41.830492],[-71.399075,41.830496],[-71.399074,41.830486],[-71.399063,41.830392],[-71.399095,41.83039],[-71.399094,41.830379],[-71.399091,41.830357],[-71.39912,41.830355],[-71.399118,41.830345],[-71.399124,41.830345],[-71.399148,41.830343],[-71.39915,41.830343],[-71.399157,41.830343],[-71.399158,41.830353],[-71.399186,41.830351],[-71.399188,41.830371],[-71.399218,41.830369],[-71.399219,41.830375],[-71.399286,41.83037],[-71.399298,41.830472],[-71.399233,41.830476],[-71.399236,41.830497],[-71.399236,41.830498],[-71.399139,41.830504]]]},"properties":{"propertyCode":"100256","label":"172 Cushing St","rank":2,"sortKey":2.8631,"labelMinZoom":17,"heightM":11.7,"floors":3,"year":1890,"kind":"other","placeId":null,"placeIds":[],"address":"172 Cushing St","currentUse":null,"buildingType":"BUILDING","complex":null,"aliases":["Cushing St 172","CUSH172"],"meetings":0}},{"type":"Feature","id":"100258","geometry":{"type":"Polygon","coordinates":[[[-71.402945,41.824176],[-71.402949,41.824348],[-71.402951,41.824454],[-71.402952,41.824499],[-71.402811,41.824501],[-71.40281,41.824456],[-71.402804,41.824456],[-71.402801,41.82435],[-71.402807,41.82435],[-71.402803,41.824177],[-71.402799,41.824005],[-71.402794,41.824005],[-71.402792,41.823899],[-71.402797,41.823899],[-71.402796,41.823854],[-71.402938,41.823852],[-71.402939,41.823897],[-71.403115,41.823895],[-71.40329,41.823893],[-71.403292,41.823999],[-71.403117,41.824001],[-71.402942,41.824003],[-71.402945,41.824176]]]},"properties":{"propertyCode":"100258","label":"Archibald-Bronson House","rank":0,"sortKey":0.6298,"labelMinZoom":0,"heightM":18.7,"floors":5,"year":1957,"kind":"residence","placeId":"archibald-bronson-house","placeIds":["archibald-bronson-house"],"address":"17 Benevolent St","currentUse":"Dormitory","buildingType":"BUILDING","complex":"Keeney Quad","aliases":["Archibald-Bronson","Archibald-Bronson: Keeney Quad","Arnold Lounge","Keeney Quad","11-17 Benevolent St","Archibald Hall: Keeney Quad","Raymond Clare Archibald & Walter Cochrane Bronson, Barnaby Conrad Keeney","17 Benevolent St","KQARCHBRON"],"meetings":0}},{"type":"Feature","id":"100259","geometry":{"type":"Polygon","coordinates":[[[-71.398548,41.825007],[-71.398557,41.825061],[-71.398565,41.825063],[-71.398568,41.825081],[-71.398561,41.825087],[-71.398566,41.825118],[-71.398542,41.82512],[-71.398553,41.825181],[-71.398482,41.825188],[-71.398472,41.825127],[-71.398459,41.825129],[-71.39844,41.825017],[-71.398548,41.825007]]]},"properties":{"propertyCode":"100259","label":"86 Benevolent","rank":2,"sortKey":2.8764,"labelMinZoom":17,"heightM":11.7,"floors":3,"year":1865,"kind":"other","placeId":null,"placeIds":[],"address":"86 Benevolent St","currentUse":"2 Family","buildingType":"HOUSE","complex":null,"aliases":["Benevolent St 086","86 Benevolent St","BENE086"],"meetings":0}},{"type":"Feature","id":"100261","geometry":{"type":"Polygon","coordinates":[[[-71.403399,41.829957],[-71.40326,41.829965],[-71.403258,41.829943],[-71.403234,41.829944],[-71.403231,41.82991],[-71.403254,41.829909],[-71.403252,41.829879],[-71.4033,41.829876],[-71.403298,41.829865],[-71.403367,41.829862],[-71.403369,41.829886],[-71.403392,41.829885],[-71.403393,41.829899],[-71.403401,41.829907],[-71.403404,41.829934],[-71.403397,41.829942],[-71.403399,41.829957]]]},"properties":{"propertyCode":"100261","label":"111 Brown","rank":2,"sortKey":2.8798,"labelMinZoom":17,"heightM":11.7,"floors":3,"year":1900,"kind":"residence","placeId":"north-house","placeIds":["north-house"],"address":"111 Brown St","currentUse":"Dormitory","buildingType":"HOUSE","complex":null,"aliases":["Brown St 111","Hebrew House","111 Brown St","BROWN111"],"meetings":0}},{"type":"Feature","id":"100263","geometry":{"type":"Polygon","coordinates":[[[-71.403444,41.824449],[-71.403445,41.824493],[-71.403303,41.824495],[-71.403302,41.82445],[-71.403262,41.82445],[-71.40315,41.824452],[-71.40315,41.824459],[-71.403104,41.82446],[-71.403103,41.824452],[-71.402992,41.824454],[-71.402951,41.824454],[-71.402949,41.824348],[-71.40299,41.824347],[-71.403125,41.824346],[-71.403259,41.824344],[-71.4033,41.824343],[-71.403296,41.824171],[-71.403292,41.823999],[-71.40329,41.823893],[-71.403289,41.823848],[-71.403431,41.823846],[-71.403432,41.823891],[-71.403434,41.823997],[-71.403438,41.824169],[-71.403442,41.824342],[-71.403793,41.824337],[-71.403795,41.824444],[-71.403643,41.824446],[-71.403643,41.824453],[-71.403596,41.824453],[-71.403596,41.824447],[-71.403485,41.824448],[-71.403444,41.824449]]]},"properties":{"propertyCode":"100263","label":"Everett-Poland House","rank":0,"sortKey":0.6299,"labelMinZoom":0,"heightM":15.2,"floors":4,"year":1957,"kind":"residence","placeId":"everett-poland-building","placeIds":["everett-poland-building"],"address":"13 Benevolent St","currentUse":"Dormitory","buildingType":"BUILDING","complex":"Keeney Quad","aliases":["Everett-Poland","Everett-Poland: Keeney Quad","11-17 Benevolent St","Everett Hall: Keeney Quad","Walter Goodnow Everett & William Carey Poland, Barnaby Conrad Keeney","13 Benevolent St","KQEVRTPLND"],"meetings":0}},{"type":"Feature","id":"100264","geometry":{"type":"Polygon","coordinates":[[[-71.400885,41.825674],[-71.40088,41.825674],[-71.400925,41.825989],[-71.401008,41.825982],[-71.401021,41.826076],[-71.400792,41.826094],[-71.400779,41.826001],[-71.400802,41.825999],[-71.400757,41.825684],[-71.400501,41.825704],[-71.400487,41.825609],[-71.400871,41.825578],[-71.400885,41.825674]]]},"properties":{"propertyCode":"100264","label":"Hegeman Hall","rank":1,"sortKey":1.7328,"labelMinZoom":16,"heightM":15.2,"floors":4,"year":1926,"kind":"residence","placeId":"hegeman-hall","placeIds":["hegeman-hall"],"address":"128 George St","currentUse":"Dormitory","buildingType":"BUILDING","complex":null,"aliases":["John R Hegeman Foundation","128 George St","HEGEMAN"],"meetings":0}},{"type":"Feature","id":"100265","geometry":{"type":"Polygon","coordinates":[[[-71.401937,41.82594],[-71.401935,41.825921],[-71.401934,41.825915],[-71.401922,41.825813],[-71.402025,41.825806],[-71.402106,41.825801],[-71.402133,41.826031],[-71.401949,41.826043],[-71.401937,41.82594]]]},"properties":{"propertyCode":"100265","label":"Maxcy Hall","rank":1,"sortKey":1.8054,"labelMinZoom":16,"heightM":18.7,"floors":5,"year":1895,"kind":"admin","placeId":"maxcy-hall","placeIds":["maxcy-hall"],"address":"108 George St","currentUse":"Office","buildingType":"BUILDING","complex":null,"aliases":["Lower Green","President Jonathan Maxcy","108 George St","MAXCY"],"meetings":10}},{"type":"Feature","id":"100266","geometry":{"type":"Polygon","coordinates":[[[-71.402995,41.822334],[-71.402997,41.822336],[-71.403,41.822334],[-71.403037,41.822315],[-71.403036,41.822313],[-71.403078,41.822291],[-71.4031,41.822315],[-71.40311,41.82231],[-71.403151,41.822353],[-71.403154,41.822351],[-71.403188,41.822387],[-71.403184,41.822389],[-71.403224,41.822432],[-71.403061,41.822517],[-71.40308,41.822538],[-71.402973,41.822594],[-71.402928,41.822547],[-71.402909,41.822557],[-71.402918,41.822567],[-71.402923,41.822564],[-71.402957,41.822602],[-71.402983,41.82263],[-71.402914,41.822667],[-71.402886,41.822637],[-71.402865,41.822648],[-71.402746,41.822495],[-71.402752,41.822492],[-71.402689,41.822417],[-71.402749,41.822385],[-71.40277,41.822407],[-71.402773,41.822406],[-71.402836,41.822473],[-71.402834,41.822475],[-71.402893,41.82254],[-71.403007,41.82248],[-71.402968,41.822439],[-71.402957,41.822445],[-71.402888,41.822371],[-71.402943,41.822342],[-71.402955,41.822355],[-71.402995,41.822334]]]},"properties":{"propertyCode":"100266","label":"Nightingale-Brown House","rank":2,"sortKey":2.7998,"labelMinZoom":17,"heightM":11.7,"floors":3,"year":1792,"kind":"other","placeId":"nightingale-brown-house","placeIds":["nightingale-brown-house"],"address":"357 Benefit St","currentUse":"Museum/Office/Apartments (2)","buildingType":"HOUSE","complex":null,"aliases":["47 Power St","50 Williams St","Col. Joseph Nightingale & John Nicholson Brown","357 Benefit St","NIGHT-BROW"],"meetings":0}},{"type":"Feature","id":"100267","geometry":{"type":"Polygon","coordinates":[[[-71.398636,41.831791],[-71.397865,41.832052],[-71.39765,41.831702],[-71.397716,41.831679],[-71.397693,41.83164],[-71.397746,41.831621],[-71.397777,41.831599],[-71.397778,41.831597],[-71.397779,41.831595],[-71.39778,41.831594],[-71.397781,41.831592],[-71.397781,41.831591],[-71.397783,41.83159],[-71.397784,41.831588],[-71.397785,41.831587],[-71.397786,41.831585],[-71.397787,41.831584],[-71.397789,41.831583],[-71.39779,41.831581],[-71.397791,41.83158],[-71.397793,41.831579],[-71.397794,41.831578],[-71.397796,41.831577],[-71.397798,41.831576],[-71.397799,41.831575],[-71.397801,41.831574],[-71.397803,41.831573],[-71.397805,41.831572],[-71.397807,41.831571],[-71.397809,41.83157],[-71.397811,41.831569],[-71.397813,41.831569],[-71.397862,41.831552],[-71.397894,41.831542],[-71.39796,41.831519],[-71.397964,41.831518],[-71.397967,41.831517],[-71.397971,41.831515],[-71.397974,41.831513],[-71.397978,41.831512],[-71.397981,41.83151],[-71.397984,41.831508],[-71.397987,41.831506],[-71.39799,41.831504],[-71.397993,41.831502],[-71.397996,41.8315],[-71.397999,41.831498],[-71.398002,41.831495],[-71.398004,41.831493],[-71.398006,41.831491],[-71.398009,41.831488],[-71.398011,41.831486],[-71.398013,41.831483],[-71.398015,41.83148],[-71.398017,41.831478],[-71.398019,41.831475],[-71.398019,41.831475],[-71.398021,41.83147],[-71.398024,41.831464],[-71.398027,41.831459],[-71.39803,41.831454],[-71.398033,41.831449],[-71.398036,41.831445],[-71.39804,41.83144],[-71.398044,41.831435],[-71.398048,41.831431],[-71.398053,41.831426],[-71.398057,41.831422],[-71.398062,41.831418],[-71.398067,41.831414],[-71.398072,41.83141],[-71.398078,41.831406],[-71.398083,41.831402],[-71.398089,41.831399],[-71.398095,41.831396],[-71.398101,41.831392],[-71.398107,41.831389],[-71.398113,41.831386],[-71.39812,41.831384],[-71.398126,41.831381],[-71.398133,41.831379],[-71.398348,41.831306],[-71.398636,41.831791]]]},"properties":{"propertyCode":"100267","label":"Pizzitola Sports Ctr","rank":0,"sortKey":0.438,"labelMinZoom":0,"heightM":11.7,"floors":3,"year":1989,"kind":"other","placeId":"pizzitola-sports-center","placeIds":["pizzitola-sports-center"],"address":"233 Hope St","currentUse":"Gymnasium","buildingType":"BUILDING","complex":null,"aliases":["Pizzitola","Pitz","235 Hope St","Paul Bailey Pizzitola Memorial Sports Center","233 Hope St","PIZZITOLA"],"meetings":0}},{"type":"Feature","id":"100268","geometry":{"type":"Polygon","coordinates":[[[-71.403723,41.825189],[-71.403722,41.825189],[-71.403721,41.825188],[-71.40372,41.825188],[-71.403719,41.825187],[-71.403718,41.825187],[-71.403717,41.825186],[-71.403716,41.825186],[-71.403716,41.825185],[-71.403715,41.825184],[-71.403714,41.825184],[-71.403714,41.825183],[-71.403713,41.825182],[-71.403712,41.825182],[-71.403712,41.825181],[-71.403711,41.82518],[-71.403711,41.825179],[-71.40371,41.825179],[-71.40371,41.825178],[-71.403709,41.825177],[-71.403709,41.825176],[-71.403709,41.825175],[-71.403708,41.825175],[-71.403708,41.825174],[-71.403708,41.825173],[-71.403708,41.825172],[-71.403707,41.825171],[-71.403707,41.82517],[-71.403707,41.825169],[-71.403707,41.825169],[-71.403707,41.825168],[-71.403707,41.825167],[-71.403707,41.825166],[-71.403708,41.825165],[-71.403708,41.825164],[-71.403708,41.825164],[-71.403708,41.825163],[-71.403708,41.825162],[-71.403709,41.825161],[-71.403709,41.82516],[-71.40371,41.825159],[-71.40371,41.825159],[-71.40371,41.825158],[-71.403711,41.825157],[-71.403711,41.825156],[-71.403712,41.825156],[-71.403713,41.825155],[-71.403713,41.825154],[-71.403714,41.825153],[-71.403715,41.825153],[-71.403715,41.825152],[-71.403716,41.825152],[-71.403717,41.825151],[-71.403718,41.82515],[-71.403719,41.82515],[-71.40372,41.82515],[-71.403711,41.825063],[-71.403764,41.82506],[-71.403763,41.825049],[-71.403785,41.825048],[-71.403788,41.825076],[-71.403896,41.82507],[-71.403907,41.825185],[-71.403724,41.825195],[-71.403724,41.825189],[-71.403723,41.825189]]]},"properties":{"propertyCode":"100268","label":"Shirley Miller House","rank":2,"sortKey":2.8654,"labelMinZoom":17,"heightM":11.7,"floors":3,"year":1915,"kind":"admin","placeId":"shirley-miller-house","placeIds":["shirley-miller-house"],"address":"59 George St","currentUse":"Office","buildingType":"HOUSE","complex":null,"aliases":["Shirley Miller","Steiger","59 George St","SMILLERHSE"],"meetings":4}},{"type":"Feature","id":"100271","geometry":{"type":"Polygon","coordinates":[[[-71.404529,41.826812],[-71.404456,41.826816],[-71.40445,41.826762],[-71.404523,41.826757],[-71.404529,41.826812]]]},"properties":{"propertyCode":"100271","label":"Carrie Tower","rank":1,"sortKey":1.8924,"labelMinZoom":16,"heightM":15.2,"floors":4,"year":1904,"kind":"other","placeId":"carrie-tower","placeIds":["carrie-tower"],"address":"69 Waterman St","currentUse":"Clock Tower","buildingType":"BUILDING","complex":null,"aliases":["Clock Tower","1-21 Prospect St","Caroline Mathilde Brown Bajnotti","69 Waterman St","CARRIE"],"meetings":0}},{"type":"Feature","id":"100272","geometry":{"type":"Polygon","coordinates":[[[-71.4046,41.827607],[-71.404598,41.827607],[-71.404607,41.827666],[-71.404513,41.827674],[-71.404512,41.827665],[-71.404448,41.827671],[-71.404445,41.827648],[-71.404415,41.827651],[-71.404407,41.827592],[-71.404363,41.827595],[-71.404367,41.827622],[-71.40428,41.827629],[-71.404267,41.827538],[-71.40442,41.827525],[-71.404419,41.827517],[-71.40442,41.827517],[-71.404439,41.827501],[-71.404438,41.8275],[-71.404473,41.827497],[-71.404473,41.827498],[-71.404496,41.827511],[-71.404497,41.827511],[-71.404498,41.827516],[-71.404584,41.827509],[-71.404593,41.827569],[-71.404594,41.827569],[-71.404595,41.827572],[-71.404593,41.827572],[-71.404594,41.827577],[-71.404595,41.827577],[-71.404594,41.827579],[-71.404597,41.827596],[-71.404597,41.827598],[-71.404597,41.827598],[-71.404597,41.827603],[-71.404599,41.827603],[-71.4046,41.827607]]]},"properties":{"propertyCode":"100272","label":"Corliss-Brackett House","rank":2,"sortKey":2.83,"labelMinZoom":17,"heightM":15.2,"floors":4,"year":1877,"kind":"admin","placeId":"corliss-brackett-house","placeIds":["corliss-brackett-house"],"address":"45 Prospect St","currentUse":"Office","buildingType":"HOUSE","complex":null,"aliases":["Corliss-Brackett","George H. Corliss & Charles Brackett","45 Prospect St","CORLISS-B"],"meetings":2}},{"type":"Feature","id":"100273","geometry":{"type":"Polygon","coordinates":[[[-71.400771,41.82333],[-71.401054,41.823309],[-71.40105,41.823278],[-71.401111,41.823273],[-71.401115,41.823304],[-71.40125,41.823294],[-71.401263,41.823396],[-71.400785,41.823432],[-71.400786,41.823444],[-71.4008,41.823443],[-71.400804,41.823473],[-71.400808,41.823476],[-71.400809,41.82348],[-71.400805,41.823484],[-71.400808,41.823501],[-71.40076,41.823504],[-71.400759,41.823493],[-71.400633,41.823502],[-71.400635,41.823513],[-71.400587,41.823517],[-71.400585,41.8235],[-71.400581,41.823497],[-71.40058,41.823493],[-71.400584,41.823489],[-71.40058,41.82346],[-71.400595,41.823458],[-71.400593,41.823446],[-71.400477,41.823455],[-71.40047,41.823463],[-71.40047,41.823463],[-71.400471,41.823464],[-71.400472,41.823464],[-71.400472,41.823465],[-71.400473,41.823465],[-71.400473,41.823466],[-71.400474,41.823467],[-71.400474,41.823467],[-71.400475,41.823468],[-71.400475,41.823469],[-71.400476,41.823469],[-71.400476,41.82347],[-71.400476,41.82347],[-71.400477,41.823471],[-71.400477,41.823472],[-71.400477,41.823473],[-71.400477,41.823473],[-71.400478,41.823474],[-71.400478,41.823475],[-71.400478,41.823475],[-71.400478,41.823476],[-71.400478,41.823477],[-71.400478,41.823478],[-71.400478,41.823478],[-71.400478,41.823479],[-71.400478,41.82348],[-71.400478,41.82348],[-71.400477,41.823481],[-71.400477,41.823482],[-71.400477,41.823482],[-71.400477,41.823483],[-71.400477,41.823484],[-71.400476,41.823485],[-71.400476,41.823485],[-71.400475,41.823486],[-71.400475,41.823486],[-71.400475,41.823487],[-71.400474,41.823488],[-71.400474,41.823488],[-71.400473,41.823489],[-71.400473,41.82349],[-71.400472,41.82349],[-71.400471,41.823491],[-71.400471,41.823491],[-71.40047,41.823492],[-71.400469,41.823492],[-71.400469,41.823493],[-71.400468,41.823493],[-71.400467,41.823494],[-71.400467,41.823494],[-71.400466,41.823494],[-71.400465,41.823495],[-71.400464,41.823495],[-71.400463,41.823496],[-71.400462,41.823496],[-71.400462,41.823496],[-71.400461,41.823496],[-71.40046,41.823497],[-71.400459,41.823497],[-71.400458,41.823497],[-71.400457,41.823497],[-71.400456,41.823498],[-71.400455,41.823498],[-71.400454,41.823498],[-71.400453,41.823498],[-71.400452,41.823498],[-71.400451,41.823498],[-71.40045,41.823498],[-71.400449,41.823498],[-71.400448,41.823498],[-71.400448,41.823498],[-71.400447,41.823498],[-71.400446,41.823498],[-71.400445,41.823498],[-71.400444,41.823497],[-71.400443,41.823497],[-71.400442,41.823497],[-71.400441,41.823497],[-71.40044,41.823496],[-71.400439,41.823496],[-71.400438,41.823496],[-71.400438,41.823496],[-71.400437,41.823495],[-71.400436,41.823495],[-71.400435,41.823494],[-71.400434,41.823494],[-71.400433,41.823494],[-71.400433,41.823493],[-71.400432,41.823493],[-71.400431,41.823492],[-71.400431,41.823492],[-71.40043,41.823491],[-71.400429,41.823491],[-71.400429,41.82349],[-71.400428,41.82349],[-71.400428,41.823489],[-71.400427,41.823488],[-71.400427,41.823488],[-71.400426,41.823487],[-71.400426,41.823486],[-71.400425,41.823486],[-71.400425,41.823485],[-71.400425,41.823485],[-71.400424,41.823484],[-71.400424,41.823483],[-71.400424,41.823482],[-71.400424,41.823482],[-71.400423,41.823481],[-71.400423,41.82348],[-71.400423,41.82348],[-71.400423,41.823479],[-71.400423,41.823478],[-71.400423,41.823478],[-71.400423,41.823477],[-71.400423,41.823476],[-71.400423,41.823475],[-71.400423,41.823475],[-71.400423,41.823474],[-71.400423,41.823473],[-71.400424,41.823473],[-71.400424,41.823472],[-71.400424,41.823471],[-71.400424,41.82347],[-71.400425,41.82347],[-71.400425,41.823469],[-71.400426,41.823469],[-71.400426,41.823468],[-71.400426,41.823467],[-71.400427,41.823467],[-71.400427,41.823466],[-71.400428,41.823465],[-71.400429,41.823465],[-71.400429,41.823464],[-71.40043,41.823464],[-71.40043,41.823463],[-71.400431,41.823463],[-71.400425,41.823459],[-71.400289,41.823469],[-71.400276,41.823367],[-71.40058,41.823344],[-71.400578,41.823332],[-71.400563,41.823333],[-71.400559,41.823303],[-71.400554,41.823301],[-71.400554,41.823296],[-71.400557,41.823293],[-71.400555,41.823276],[-71.400603,41.823272],[-71.400604,41.823284],[-71.400729,41.823274],[-71.400728,41.823263],[-71.400775,41.823259],[-71.400778,41.823276],[-71.400782,41.823279],[-71.400783,41.823284],[-71.400779,41.823287],[-71.400783,41.823317],[-71.400769,41.823318],[-71.400771,41.82333]]]},"properties":{"propertyCode":"100273","label":"Grad Ctr E","rank":1,"sortKey":1.6937,"labelMinZoom":16,"heightM":15.2,"floors":4,"year":1968,"kind":"residence","placeId":null,"placeIds":[],"address":"42 Charlesfield St","currentUse":"Dormitory","buildingType":"BUILDING","complex":null,"aliases":["Graduate Center E","42 Charlesfield St","GRADCTRE"],"meetings":0}},{"type":"Feature","id":"100274","geometry":{"type":"Polygon","coordinates":[[[-71.402089,41.826747],[-71.40212,41.826927],[-71.402142,41.826924],[-71.402161,41.827033],[-71.401762,41.827071],[-71.401744,41.826963],[-71.401766,41.826961],[-71.401736,41.826781],[-71.401827,41.826772],[-71.401824,41.826761],[-71.401996,41.826745],[-71.401998,41.826756],[-71.402089,41.826747]]]},"properties":{"propertyCode":"100274","label":"85 Waterman","rank":1,"sortKey":1.6778,"labelMinZoom":16,"heightM":18.7,"floors":5,"year":1958,"kind":"academic","placeId":"85-waterman-street","placeIds":["85-waterman-street"],"address":"85 Waterman St","currentUse":"School","buildingType":"BUILDING","complex":null,"aliases":["Waterman St 085","89 Waterman St","Bert","Building For Environmental Research And Teaching","Hunter Laboratory For Psychology","Hunterlab","85 Waterman St","WATER085"],"meetings":22}},{"type":"Feature","id":"100275","geometry":{"type":"Polygon","coordinates":[[[-71.399025,41.826642],[-71.399068,41.82689],[-71.398083,41.826987],[-71.398039,41.826739],[-71.399025,41.826642]]]},"properties":{"propertyCode":"100275","label":"Prince Engineering Lab","rank":1,"sortKey":1.6511,"labelMinZoom":16,"heightM":8.2,"floors":2,"year":1962,"kind":"other","placeId":"prince-engineering-lab","placeIds":["prince-engineering-lab"],"address":"355 Brook St","currentUse":"Office/Lab","buildingType":"BUILDING","complex":null,"aliases":["Lassonde Innovation and Design Hub","355-359 Brook St","Frank John Prince Engineering Laboratory","355 Brook St","LASSONDE"],"meetings":0}},{"type":"Feature","id":"100276","geometry":{"type":"Polygon","coordinates":[[[-71.400916,41.82485],[-71.401015,41.824843],[-71.401016,41.824848],[-71.401146,41.824838],[-71.401159,41.824936],[-71.401167,41.824935],[-71.401177,41.825009],[-71.40117,41.825009],[-71.401195,41.825194],[-71.401204,41.825194],[-71.401214,41.825268],[-71.401181,41.82527],[-71.401192,41.825348],[-71.401029,41.825361],[-71.401031,41.82538],[-71.400702,41.825406],[-71.400699,41.825386],[-71.400538,41.8254],[-71.400521,41.825279],[-71.400495,41.825281],[-71.400459,41.825033],[-71.400485,41.825031],[-71.400468,41.824912],[-71.400574,41.824902],[-71.40057,41.824878],[-71.400669,41.82487],[-71.40067,41.824875],[-71.400917,41.824856],[-71.400916,41.82485]]]},"properties":{"propertyCode":"100276","label":"Sharpe Refectory","rank":0,"sortKey":0.4649,"labelMinZoom":0,"heightM":11.7,"floors":3,"year":1951,"kind":"other","placeId":"sharpe-refectory","placeIds":["ivy-room","sharpe-refectory"],"address":"144 Thayer St","currentUse":"Dining Hall","buildingType":"BUILDING","complex":null,"aliases":["Ratty","Chancellor Henry D. Sharpe 1894","144 Thayer St","SHARPEREF"],"meetings":0}},{"type":"Feature","id":"100277","geometry":{"type":"Polygon","coordinates":[[[-71.406179,41.817092],[-71.40645,41.817471],[-71.406317,41.817524],[-71.406315,41.817521],[-71.406298,41.817528],[-71.4063,41.81753],[-71.406271,41.817541],[-71.406257,41.817522],[-71.406104,41.817584],[-71.406029,41.81748],[-71.406034,41.817478],[-71.405852,41.817223],[-71.406179,41.817092]]]},"properties":{"propertyCode":"100277","label":"1 Davol Square","rank":1,"sortKey":1.6961,"labelMinZoom":16,"heightM":11.7,"floors":3,"year":1900,"kind":"other","placeId":null,"placeIds":[],"address":"1 Davol Sq","currentUse":null,"buildingType":"BUILDING","complex":null,"aliases":["Davol Sq 001","1 Davol Sq","DAVOL001"],"meetings":0}},{"type":"Feature","id":"100278","geometry":{"type":"Polygon","coordinates":[[[-71.401381,41.827015],[-71.401308,41.82702],[-71.401238,41.827024],[-71.401184,41.827028],[-71.401184,41.827028],[-71.40118,41.827028],[-71.40118,41.827028],[-71.40115,41.82703],[-71.40115,41.82703],[-71.401146,41.827031],[-71.401146,41.82703],[-71.401144,41.827031],[-71.401144,41.827031],[-71.401036,41.827038],[-71.400949,41.827044],[-71.400949,41.827043],[-71.40094,41.826964],[-71.400933,41.8269],[-71.401364,41.826871],[-71.401381,41.827015]]]},"properties":{"propertyCode":"100278","label":"Arnold Lab","rank":1,"sortKey":1.7742,"labelMinZoom":16,"heightM":18.7,"floors":5,"year":1915,"kind":"other","placeId":"arnold-lab","placeIds":["arnold-lab"],"address":"91 Waterman St","currentUse":"Office/Lab","buildingType":"BUILDING","complex":null,"aliases":["97 Waterman St","Oliver H. Arnold","91 Waterman St","ARNOLDLAB"],"meetings":3}},{"type":"Feature","id":"100279","geometry":{"type":"Polygon","coordinates":[[[-71.398433,41.825029],[-71.398458,41.825179],[-71.398289,41.825195],[-71.398263,41.825045],[-71.398433,41.825029]]]},"properties":{"propertyCode":"100279","label":"88 Benevolent","rank":1,"sortKey":1.8697,"labelMinZoom":16,"heightM":11.7,"floors":3,"year":1867,"kind":"other","placeId":null,"placeIds":[],"address":"88 Benevolent St","currentUse":"Radio Station","buildingType":"BUILDING","complex":null,"aliases":["Benevolent St 088","Wbru","88 Benevolent St","BENE088"],"meetings":0}},{"type":"Feature","id":"100282","geometry":{"type":"Polygon","coordinates":[[[-71.403565,41.82488],[-71.403564,41.824876],[-71.403545,41.824877],[-71.403537,41.824795],[-71.403557,41.824794],[-71.403556,41.82479],[-71.403732,41.824781],[-71.403725,41.824706],[-71.403743,41.824705],[-71.403743,41.824704],[-71.403755,41.824694],[-71.403775,41.824693],[-71.403789,41.824702],[-71.403789,41.824702],[-71.403898,41.824697],[-71.403902,41.824744],[-71.403905,41.824744],[-71.403905,41.824749],[-71.403939,41.824747],[-71.403942,41.824777],[-71.403908,41.824779],[-71.403908,41.824783],[-71.403906,41.824783],[-71.40391,41.824831],[-71.403837,41.824835],[-71.403839,41.824861],[-71.403859,41.82486],[-71.403867,41.824952],[-71.403811,41.824955],[-71.403812,41.824966],[-71.403642,41.824975],[-71.403642,41.824968],[-71.403573,41.824972],[-71.403565,41.82488]]]},"properties":{"propertyCode":"100282","label":"Faculty Club","rank":2,"sortKey":2.8196,"labelMinZoom":17,"heightM":11.7,"floors":3,"year":1865,"kind":"other","placeId":"faculty-club","placeIds":["faculty-club"],"address":"1 Bannister St","currentUse":"Faculty Club","buildingType":"HOUSE","complex":null,"aliases":["1 Maggee St","1 Bannister St","FACULTCLUB"],"meetings":0}},{"type":"Feature","id":"100283","geometry":{"type":"Polygon","coordinates":[[[-71.401116,41.827723],[-71.401121,41.827748],[-71.401159,41.827963],[-71.40113,41.827966],[-71.401132,41.827977],[-71.401066,41.827983],[-71.401064,41.827972],[-71.401035,41.827975],[-71.400993,41.827736],[-71.401116,41.827723]]]},"properties":{"propertyCode":"100283","label":"Hemisphere","rank":1,"sortKey":1.8476,"labelMinZoom":16,"heightM":15.2,"floors":4,"year":1989,"kind":"admin","placeId":"hemisphere-building","placeIds":["hemisphere-building"],"address":"167 Angell St","currentUse":"Office","buildingType":"BUILDING","complex":null,"aliases":["Hemisphere Bldg","167 Angell St","HEMISPHERE"],"meetings":3}},{"type":"Feature","id":"100284","geometry":{"type":"Polygon","coordinates":[[[-71.401256,41.825918],[-71.401255,41.825916],[-71.401316,41.825912],[-71.401316,41.825914],[-71.40144,41.825905],[-71.401464,41.826102],[-71.401155,41.826123],[-71.40113,41.825926],[-71.401256,41.825918]]]},"properties":{"propertyCode":"100284","label":"Lincoln Field","rank":1,"sortKey":1.8177,"labelMinZoom":16,"heightM":11.7,"floors":3,"year":1903,"kind":"academic","placeId":"lincoln-field-building","placeIds":["lincoln-field-building"],"address":"180 Thayer St","currentUse":"School","buildingType":"BUILDING","complex":null,"aliases":["Lincoln Field Building","Lower Green","180 Thayer St","LINCOLNFLD"],"meetings":14}},{"type":"Feature","id":"100288","geometry":{"type":"Polygon","coordinates":[[[-71.404963,41.825999],[-71.404958,41.826],[-71.404952,41.825957],[-71.404928,41.825959],[-71.404926,41.825941],[-71.404869,41.825945],[-71.404809,41.825469],[-71.404866,41.825465],[-71.404864,41.825447],[-71.404888,41.825446],[-71.404883,41.825403],[-71.404888,41.825403],[-71.404954,41.825398],[-71.40525,41.825377],[-71.405317,41.825373],[-71.405322,41.825372],[-71.405327,41.825415],[-71.405352,41.825413],[-71.405354,41.825431],[-71.405411,41.825427],[-71.405411,41.825431],[-71.405414,41.825456],[-71.405417,41.82548],[-71.405464,41.825849],[-71.405467,41.825873],[-71.40547,41.825899],[-71.405471,41.825903],[-71.405414,41.825907],[-71.405416,41.825925],[-71.405392,41.825927],[-71.405397,41.825969],[-71.405392,41.825969],[-71.405325,41.825974],[-71.40503,41.825995],[-71.404963,41.825999]]]},"properties":{"propertyCode":"100288","label":"Rockefeller Library","rank":0,"sortKey":0.0215,"labelMinZoom":0,"heightM":22.2,"floors":6,"year":1964,"kind":"library","placeId":"john-d-rockefeller-jr-library","placeIds":["john-d-rockefeller-jr-library"],"address":"10 Prospect St","currentUse":"Library","buildingType":"BUILDING","complex":null,"aliases":["Rockefeller (John D., Jr.) Library","The Rock","University Library","John D. Rockefeller, Jr. 1897","10 Prospect St","ROCKLIB"],"meetings":50}},{"type":"Feature","id":"100289","geometry":{"type":"Polygon","coordinates":[[[-71.400193,41.825076],[-71.399987,41.825099],[-71.399966,41.824995],[-71.4,41.824991],[-71.399989,41.824933],[-71.399999,41.824932],[-71.399992,41.824894],[-71.399989,41.824894],[-71.399988,41.824891],[-71.400053,41.824884],[-71.400051,41.824875],[-71.40016,41.824863],[-71.400193,41.825076]]]},"properties":{"propertyCode":"100289","label":"135 Thayer","rank":1,"sortKey":1.8545,"labelMinZoom":16,"heightM":11.7,"floors":3,"year":1928,"kind":"other","placeId":"135-thayer-street","placeIds":["135-thayer-street"],"address":"135 Thayer St","currentUse":"Vacant","buildingType":"BUILDING","complex":null,"aliases":["Thayer St 135","Hill House","135 Thayer St","THAYER135"],"meetings":10}},{"type":"Feature","id":"100290","geometry":{"type":"Polygon","coordinates":[[[-71.397978,41.827379],[-71.397969,41.827373],[-71.397966,41.827361],[-71.397974,41.827354],[-71.397969,41.827322],[-71.398012,41.827318],[-71.398005,41.827277],[-71.398071,41.827271],[-71.398077,41.827311],[-71.398085,41.82731],[-71.398102,41.827412],[-71.398088,41.827413],[-71.398081,41.82742],[-71.398066,41.827422],[-71.398057,41.827416],[-71.398012,41.827421],[-71.39801,41.827414],[-71.39799,41.827416],[-71.397985,41.827384],[-71.397979,41.827384],[-71.397978,41.827379]]]},"properties":{"propertyCode":"100290","label":"133 Waterman","rank":2,"sortKey":2.8772,"labelMinZoom":17,"heightM":15.2,"floors":4,"year":1885,"kind":"admin","placeId":null,"placeIds":[],"address":"133 Waterman St","currentUse":"Office","buildingType":"HOUSE","complex":null,"aliases":["Waterman St 133","133 Waterman St","WATER133"],"meetings":0}},{"type":"Feature","id":"100292","geometry":{"type":"Polygon","coordinates":[[[-71.379646,41.842702],[-71.379647,41.842926],[-71.37971,41.842926],[-71.379711,41.843008],[-71.379522,41.843008],[-71.379522,41.843023],[-71.37943,41.843021],[-71.37943,41.843008],[-71.379421,41.843008],[-71.379421,41.842897],[-71.379546,41.842897],[-71.379547,41.842702],[-71.379646,41.842702]]]},"properties":{"propertyCode":"100292","label":"Duncan","rank":1,"sortKey":1.8527,"labelMinZoom":16,"heightM":8.2,"floors":2,"year":null,"kind":"other","placeId":null,"placeIds":[],"address":"345 Blackstone Blvd","currentUse":null,"buildingType":"BUILDING","complex":null,"aliases":["Butler Hospital Duncan Building","345 Blackstone Blvd","BUTLERDUNC"],"meetings":0}},{"type":"Feature","id":"100293","geometry":{"type":"Polygon","coordinates":[[[-71.401559,41.827304],[-71.401575,41.827394],[-71.401589,41.827392],[-71.401604,41.827479],[-71.401542,41.827485],[-71.401527,41.827399],[-71.401453,41.827406],[-71.401438,41.827315],[-71.401559,41.827304]]]},"properties":{"propertyCode":"100293","label":"94 Waterman","rank":2,"sortKey":2.8711,"labelMinZoom":17,"heightM":15.2,"floors":4,"year":1860,"kind":"other","placeId":"center-for-the-study-of-slavery-and-justice","placeIds":["center-for-the-study-of-slavery-and-justice"],"address":"94 Waterman St","currentUse":null,"buildingType":"HOUSE","complex":null,"aliases":["Waterman St 094","94 Waterman St","WATER094"],"meetings":3}},{"type":"Feature","id":"100305","geometry":{"type":"Polygon","coordinates":[[[-71.401641,41.828383],[-71.401366,41.828409],[-71.401353,41.828331],[-71.401351,41.828331],[-71.401346,41.828306],[-71.401248,41.828315],[-71.401233,41.828227],[-71.401323,41.828219],[-71.401324,41.828224],[-71.401332,41.828223],[-71.401316,41.828128],[-71.401593,41.828102],[-71.401641,41.828383]]]},"properties":{"propertyCode":"100305","label":"Granoff Ctr","rank":1,"sortKey":1.7172,"labelMinZoom":16,"heightM":18.7,"floors":5,"year":2011,"kind":"other","placeId":"perry-and-marty-granoff-center-for-the-creative-arts","placeIds":["perry-and-marty-granoff-center-for-the-creative-arts"],"address":"154 Angell St","currentUse":null,"buildingType":"BUILDING","complex":null,"aliases":["Granoff Center For The Creative Arts","Perry And Marty Granoff Center For The Creative Arts","Cac","154 Angell St","GRNFCAC"],"meetings":11}},{"type":"Feature","id":"100307","geometry":{"type":"Polygon","coordinates":[[[-71.392185,41.843562],[-71.392179,41.843545],[-71.392246,41.843531],[-71.392252,41.843547],[-71.392281,41.843541],[-71.392294,41.843575],[-71.39217,41.843602],[-71.392157,41.843568],[-71.392185,41.843562]]]},"properties":{"propertyCode":"100307","label":"Marvel Shed","rank":2,"sortKey":2.8987,"labelMinZoom":17,"heightM":4.7,"floors":1,"year":null,"kind":"other","placeId":null,"placeIds":[],"address":"425 Elmgrove Ave","currentUse":null,"buildingType":"SHED","complex":null,"aliases":["425 Elmgrove Ave","MRVLSHED"],"meetings":0}},{"type":"Feature","id":"100311","geometry":{"type":"Polygon","coordinates":[[[-71.407895,41.818155],[-71.407964,41.818251],[-71.407829,41.818305],[-71.40776,41.818209],[-71.407895,41.818155]]]},"properties":{"propertyCode":"100311","label":"43 Elm","rank":1,"sortKey":1.8927,"labelMinZoom":16,"heightM":4.7,"floors":1,"year":1945,"kind":"other","placeId":null,"placeIds":[],"address":"43 Elm St","currentUse":null,"buildingType":"BUILDING","complex":null,"aliases":["Elm St 043","43 Elm St","ELM043"],"meetings":0}},{"type":"Feature","id":"100313","geometry":{"type":"Polygon","coordinates":[[[-71.407797,41.821629],[-71.40756,41.821488],[-71.407311,41.821338],[-71.407337,41.821316],[-71.407363,41.821294],[-71.407409,41.821253],[-71.407421,41.821243],[-71.407433,41.821232],[-71.407503,41.821171],[-71.407517,41.821159],[-71.407383,41.821074],[-71.407476,41.820993],[-71.407545,41.820932],[-71.40772,41.821043],[-71.407787,41.821086],[-71.407854,41.821128],[-71.408016,41.821231],[-71.408032,41.821383],[-71.408039,41.821462],[-71.408039,41.821463],[-71.408039,41.821464],[-71.408039,41.821465],[-71.408039,41.821466],[-71.408039,41.821467],[-71.408038,41.821468],[-71.408038,41.821469],[-71.408038,41.82147],[-71.408038,41.82147],[-71.408037,41.821471],[-71.408037,41.821472],[-71.408037,41.821473],[-71.408036,41.821474],[-71.408036,41.821475],[-71.408035,41.821476],[-71.408035,41.821477],[-71.408034,41.821478],[-71.408033,41.821478],[-71.408033,41.821479],[-71.408032,41.82148],[-71.408031,41.821481],[-71.40803,41.821481],[-71.408029,41.821482],[-71.408029,41.821483],[-71.408028,41.821484],[-71.408027,41.821484],[-71.408026,41.821485],[-71.408025,41.821485],[-71.408024,41.821486],[-71.408023,41.821487],[-71.408022,41.821487],[-71.40802,41.821488],[-71.408019,41.821488],[-71.408018,41.821488],[-71.408017,41.821489],[-71.408016,41.821489],[-71.408015,41.82149],[-71.408013,41.82149],[-71.408012,41.82149],[-71.408011,41.82149],[-71.40801,41.821491],[-71.408009,41.821491],[-71.408007,41.821491],[-71.408006,41.821491],[-71.408005,41.821491],[-71.408003,41.821491],[-71.408002,41.821491],[-71.408001,41.821491],[-71.408,41.821491],[-71.407998,41.821491],[-71.407997,41.821491],[-71.407996,41.821491],[-71.407995,41.821491],[-71.407993,41.82149],[-71.407992,41.82149],[-71.407991,41.82149],[-71.40799,41.82149],[-71.407988,41.821489],[-71.407987,41.821489],[-71.407986,41.821489],[-71.407985,41.821488],[-71.407984,41.821488],[-71.407983,41.821487],[-71.407982,41.821487],[-71.407981,41.821486],[-71.40798,41.821485],[-71.407979,41.821485],[-71.407969,41.821479],[-71.407797,41.821629]]]},"properties":{"propertyCode":"100313","label":"200 Dyer","rank":1,"sortKey":1.7212,"labelMinZoom":16,"heightM":4.7,"floors":1,"year":1948,"kind":"other","placeId":null,"placeIds":[],"address":"200 Dyer St","currentUse":null,"buildingType":"BUILDING","complex":null,"aliases":["Dyer St 200","Office Of College Admission","198 Dyer","Dyer198","Admissions","200 Dyer St","DYER200"],"meetings":0}},{"type":"Feature","id":"100315","geometry":{"type":"Polygon","coordinates":[[[-71.395657,41.825485],[-71.395656,41.825452],[-71.395651,41.825452],[-71.395649,41.825399],[-71.395649,41.825366],[-71.395625,41.825366],[-71.395625,41.825341],[-71.395598,41.825341],[-71.395597,41.825236],[-71.395618,41.825235],[-71.395618,41.82523],[-71.395618,41.825227],[-71.395692,41.825227],[-71.395703,41.825227],[-71.39572,41.825226],[-71.395795,41.825226],[-71.395795,41.82523],[-71.395817,41.825229],[-71.39582,41.825329],[-71.395821,41.825334],[-71.395821,41.825359],[-71.395822,41.82537],[-71.395823,41.825399],[-71.395823,41.825408],[-71.395824,41.825436],[-71.395824,41.825447],[-71.395825,41.825468],[-71.395798,41.825469],[-71.395764,41.825469],[-71.395749,41.825469],[-71.39575,41.825482],[-71.395713,41.825482],[-71.39571,41.825483],[-71.39571,41.825486],[-71.395657,41.825487],[-71.395657,41.825485]]]},"properties":{"propertyCode":"100315","label":"Aldrich House","rank":2,"sortKey":2.9,"labelMinZoom":17,"heightM":11.7,"floors":3,"year":null,"kind":"other","placeId":null,"placeIds":[],"address":"110 Benevolent St","currentUse":null,"buildingType":"HOUSE","complex":null,"aliases":["110 Benevolent St","ALDRICH"],"meetings":0}},{"type":"Feature","id":"100322","geometry":{"type":"Polygon","coordinates":[[[-71.405649,41.818825],[-71.405622,41.818789],[-71.405571,41.818809],[-71.405493,41.818841],[-71.405485,41.818844],[-71.405465,41.818816],[-71.405465,41.818816],[-71.405452,41.818821],[-71.40534,41.818664],[-71.405375,41.818651],[-71.40528,41.818519],[-71.405244,41.818468],[-71.405712,41.81828],[-71.406361,41.81802],[-71.406356,41.818013],[-71.40654,41.817939],[-71.406694,41.817877],[-71.4067,41.817887],[-71.406704,41.817892],[-71.406778,41.817995],[-71.40678,41.817998],[-71.40678,41.817998],[-71.406791,41.818013],[-71.406801,41.818027],[-71.406803,41.81803],[-71.406889,41.81815],[-71.406571,41.818277],[-71.40657,41.818277],[-71.406621,41.818349],[-71.406623,41.818351],[-71.406408,41.818437],[-71.406367,41.818453],[-71.406246,41.818502],[-71.406216,41.818514],[-71.406258,41.818572],[-71.406289,41.818559],[-71.406294,41.818557],[-71.40634,41.818622],[-71.406338,41.818623],[-71.405628,41.818905],[-71.405588,41.81885],[-71.405649,41.818825]]]},"properties":{"propertyCode":"100322","label":"South Street Landing","rank":0,"sortKey":0.3923,"labelMinZoom":0,"heightM":8.2,"floors":2,"year":2017,"kind":"other","placeId":"south-street-landing","placeIds":["south-street-landing"],"address":"350 Eddy St","currentUse":null,"buildingType":"BUILDING","complex":null,"aliases":["Ssl","Dynamo House","South Street Power Station","350 Eddy St","SOUTHSTLD"],"meetings":0}},{"type":"Feature","id":"100324","geometry":{"type":"Polygon","coordinates":[[[-71.401321,41.829395],[-71.401332,41.829488],[-71.400975,41.829512],[-71.400917,41.829477],[-71.400891,41.829266],[-71.400939,41.829224],[-71.401093,41.829213],[-71.401118,41.829409],[-71.401321,41.829395]]]},"properties":{"propertyCode":"100324","label":"272 Thayer","rank":1,"sortKey":1.8407,"labelMinZoom":16,"heightM":8.2,"floors":2,"year":1976,"kind":"other","placeId":null,"placeIds":[],"address":"272 Thayer St","currentUse":"Commercial","buildingType":"BUILDING","complex":null,"aliases":["Thayer St 272","272 Thayer St","THAYER272"],"meetings":0}},{"type":"Feature","id":"100326","geometry":{"type":"Polygon","coordinates":[[[-71.397487,41.826116],[-71.397487,41.826097],[-71.397502,41.826096],[-71.397498,41.826069],[-71.397487,41.82607],[-71.39749,41.825919],[-71.397629,41.825908],[-71.39763,41.825909],[-71.397677,41.825906],[-71.397676,41.825921],[-71.397671,41.825922],[-71.397672,41.825932],[-71.397676,41.825932],[-71.397676,41.825946],[-71.397674,41.825946],[-71.397673,41.825986],[-71.397675,41.825986],[-71.397674,41.826051],[-71.397672,41.826051],[-71.397671,41.826101],[-71.397673,41.826101],[-71.397672,41.82614],[-71.397548,41.82615],[-71.397548,41.826151],[-71.397485,41.826156],[-71.397486,41.826116],[-71.397487,41.826116]]]},"properties":{"propertyCode":"100326","label":"170 Hope","rank":1,"sortKey":1.8387,"labelMinZoom":16,"heightM":11.7,"floors":3,"year":2015,"kind":"academic","placeId":"applied-math-building","placeIds":["applied-math-building"],"address":"170 Hope St","currentUse":"School","buildingType":"BUILDING","complex":null,"aliases":["Hope St 170","Applied Math Building","170 Hope St","HOPE170"],"meetings":0}},{"type":"Feature","id":"100327","geometry":{"type":"Polygon","coordinates":[[[-71.400636,41.828785],[-71.400645,41.828856],[-71.400472,41.828872],[-71.400481,41.828928],[-71.40049,41.828984],[-71.400361,41.828996],[-71.400383,41.829122],[-71.400291,41.829128],[-71.400293,41.829142],[-71.399688,41.829181],[-71.399635,41.828804],[-71.400271,41.828745],[-71.400355,41.828737],[-71.400463,41.828727],[-71.400465,41.82874],[-71.400519,41.828735],[-71.400518,41.828722],[-71.400627,41.828712],[-71.400647,41.828723],[-71.400653,41.82877],[-71.400636,41.828785]],[[-71.400352,41.82894],[-71.400347,41.828909],[-71.399932,41.828947],[-71.39993,41.828934],[-71.399875,41.828939],[-71.399877,41.828953],[-71.399861,41.828968],[-71.399843,41.828969],[-71.399849,41.82901],[-71.399867,41.829009],[-71.399887,41.829021],[-71.399889,41.829034],[-71.399944,41.829029],[-71.399942,41.829016],[-71.400358,41.828977],[-71.400352,41.82894]]]},"properties":{"propertyCode":"100327","label":"257 Thayer","rank":1,"sortKey":1.9,"labelMinZoom":16,"heightM":11.7,"floors":3,"year":null,"kind":"other","placeId":null,"placeIds":[],"address":"257 Thayer St","currentUse":null,"buildingType":"BUILDING","complex":null,"aliases":["Thayer St 257","257 Thayer St","THAY257"],"meetings":0}},{"type":"Feature","id":"100329","geometry":{"type":"Polygon","coordinates":[[[-71.40862,41.819191],[-71.408458,41.819227],[-71.408379,41.819106],[-71.408527,41.819048],[-71.40862,41.819191]]]},"properties":{"propertyCode":"100329","label":"26 Ship","rank":1,"sortKey":1.8751,"labelMinZoom":16,"heightM":8.2,"floors":2,"year":1900,"kind":"other","placeId":null,"placeIds":[],"address":"26 Ship St","currentUse":null,"buildingType":"BUILDING","complex":null,"aliases":["Ship St 026","26 Ship St","SHIPST026"],"meetings":0}},{"type":"Feature","id":"100331","geometry":{"type":"Polygon","coordinates":[[[-71.398327,41.826618],[-71.398325,41.826616],[-71.398323,41.826613],[-71.398321,41.82661],[-71.398319,41.826608],[-71.398317,41.826605],[-71.398315,41.826602],[-71.398314,41.826599],[-71.398313,41.826597],[-71.398311,41.826594],[-71.39831,41.826591],[-71.398309,41.826588],[-71.398308,41.826585],[-71.398308,41.826582],[-71.398307,41.826579],[-71.398307,41.826576],[-71.398306,41.826573],[-71.398306,41.82657],[-71.398306,41.826567],[-71.398306,41.826564],[-71.398306,41.826561],[-71.398307,41.826558],[-71.398307,41.826555],[-71.398308,41.826552],[-71.398309,41.826549],[-71.398301,41.82655],[-71.398302,41.826556],[-71.398284,41.826557],[-71.39828,41.826536],[-71.39827,41.826474],[-71.398264,41.826474],[-71.398265,41.826479],[-71.39816,41.826489],[-71.398149,41.826412],[-71.398125,41.826414],[-71.398123,41.826404],[-71.398147,41.826402],[-71.398136,41.826339],[-71.398112,41.826341],[-71.39811,41.826332],[-71.398134,41.826329],[-71.398125,41.82628],[-71.398255,41.826265],[-71.398247,41.826222],[-71.398327,41.826214],[-71.398325,41.826203],[-71.398324,41.826203],[-71.398324,41.826199],[-71.398324,41.826199],[-71.398324,41.826195],[-71.398811,41.826147],[-71.398836,41.826284],[-71.398833,41.826284],[-71.398839,41.826321],[-71.398754,41.82633],[-71.398519,41.826353],[-71.398572,41.826652],[-71.398539,41.826655],[-71.39854,41.826658],[-71.398539,41.826658],[-71.39854,41.82666],[-71.398471,41.826667],[-71.398476,41.826696],[-71.398301,41.826713],[-71.398299,41.826705],[-71.398287,41.826619],[-71.398313,41.826617],[-71.398321,41.826622],[-71.398327,41.826618]]]},"properties":{"propertyCode":"100331","label":"Engineering Research Ctr","rank":0,"sortKey":0.5386,"labelMinZoom":0,"heightM":15.2,"floors":4,"year":2017,"kind":"academic","placeId":"engineering-research-center","placeIds":["engineering-research-center"],"address":"345 Brook St","currentUse":"School/Lab","buildingType":"BUILDING","complex":null,"aliases":["Engineering Research Center","Erc","School Of Engineering","Soe","Brook St 345 School Of Engineering","Brook345","345 Brook St","ENGRESCTR"],"meetings":14}},{"type":"Feature","id":"100332","geometry":{"type":"Polygon","coordinates":[[[-71.399266,41.827667],[-71.399012,41.827692],[-71.398983,41.827529],[-71.399238,41.827504],[-71.399266,41.827667]]]},"properties":{"propertyCode":"100332","label":"118-120 Waterman","rank":1,"sortKey":1.8592,"labelMinZoom":16,"heightM":8.2,"floors":2,"year":1970,"kind":"other","placeId":null,"placeIds":[],"address":"118-120 Waterman St","currentUse":"Bank","buildingType":"BUILDING","complex":null,"aliases":["Waterman St 118-120","118-120 Waterman St","WATER118"],"meetings":0}},{"type":"Feature","id":"100333","geometry":{"type":"Polygon","coordinates":[[[-71.398945,41.824114],[-71.39913,41.824099],[-71.399129,41.824097],[-71.399157,41.824095],[-71.399158,41.824098],[-71.399163,41.824098],[-71.399165,41.824113],[-71.399214,41.824191],[-71.399342,41.824269],[-71.39938,41.824387],[-71.39938,41.82439],[-71.399385,41.82439],[-71.399378,41.824442],[-71.399373,41.824442],[-71.399373,41.824442],[-71.399373,41.824444],[-71.399005,41.824476],[-71.399004,41.824474],[-71.399,41.824474],[-71.398976,41.824321],[-71.398981,41.82432],[-71.398981,41.824318],[-71.398973,41.824269],[-71.399007,41.824267],[-71.399006,41.824265],[-71.39916,41.824251],[-71.39916,41.824251],[-71.39916,41.824251],[-71.399145,41.824224],[-71.398964,41.824239],[-71.398945,41.824114]]]},"properties":{"propertyCode":"100333","label":"Robert Hall","rank":1,"sortKey":1.7611,"labelMinZoom":16,"heightM":11.7,"floors":3,"year":2018,"kind":"other","placeId":"stephen-robert-hall","placeIds":["stephen-robert-hall"],"address":"280 Brook St","currentUse":null,"buildingType":"BUILDING","complex":null,"aliases":["Stephen Robert Hall","Stephen Robert '62 P'91 Hall","Watsonins2","Watsonexp","280 Brook St","ROBERTHALL"],"meetings":14}},{"type":"Feature","id":"100336","geometry":{"type":"Polygon","coordinates":[[[-71.402765,41.828324],[-71.40219,41.828378],[-71.402184,41.82834],[-71.401925,41.828365],[-71.401879,41.828097],[-71.402712,41.828017],[-71.402765,41.828324]]]},"properties":{"propertyCode":"100336","label":"The Lindemann Performing Arts Center","rank":0,"sortKey":0.401,"labelMinZoom":0,"heightM":18.7,"floors":5,"year":2023,"kind":"other","placeId":"lindemann-performing-arts-center","placeIds":["lindemann-performing-arts-center"],"address":"144 Angell St","currentUse":null,"buildingType":"BUILDING","complex":null,"aliases":["144 Angell St","LINDEMANN"],"meetings":11}},{"type":"Feature","id":"100338","geometry":{"type":"Polygon","coordinates":[[[-71.39971,41.829311],[-71.40006,41.829284],[-71.400063,41.829307],[-71.400168,41.829299],[-71.400209,41.829603],[-71.400104,41.829611],[-71.400116,41.829705],[-71.400221,41.829697],[-71.400233,41.829787],[-71.39999,41.829805],[-71.400011,41.829905],[-71.400246,41.829887],[-71.400264,41.830016],[-71.400073,41.83003],[-71.400071,41.830014],[-71.399924,41.830025],[-71.399927,41.830041],[-71.399823,41.830049],[-71.399809,41.829943],[-71.399831,41.829941],[-71.399826,41.829902],[-71.39994,41.829893],[-71.399923,41.82981],[-71.399793,41.82982],[-71.399775,41.829685],[-71.399919,41.829674],[-71.399875,41.829576],[-71.399733,41.829568],[-71.399727,41.829525],[-71.399741,41.829524],[-71.399737,41.829499],[-71.399735,41.829499],[-71.39971,41.829311]]]},"properties":{"propertyCode":"100338","label":"Sternlicht Commons","rank":0,"sortKey":0.4808,"labelMinZoom":0,"heightM":15.2,"floors":4,"year":2021,"kind":"other","placeId":"sternlicht-commons","placeIds":["sternlicht-commons"],"address":"450 Brook St","currentUse":null,"buildingType":"BUILDING","complex":null,"aliases":["Sternlicht Commons and Brown University Health & Wellness Center","450 Brook St","STERNLICHT"],"meetings":0}},{"type":"Feature","id":"100339","geometry":{"type":"Polygon","coordinates":[[[-71.409663,41.818604],[-71.409692,41.818696],[-71.409692,41.818696],[-71.409705,41.818739],[-71.409591,41.818776],[-71.409591,41.818776],[-71.409592,41.818778],[-71.409587,41.81878],[-71.409582,41.818779],[-71.409553,41.818789],[-71.409554,41.818791],[-71.409549,41.818792],[-71.409543,41.818792],[-71.409516,41.818801],[-71.409517,41.818803],[-71.409512,41.818804],[-71.409506,41.818804],[-71.40948,41.818812],[-71.409481,41.818814],[-71.409476,41.818816],[-71.409471,41.818815],[-71.409445,41.818824],[-71.409446,41.818826],[-71.409441,41.818827],[-71.409436,41.818827],[-71.40941,41.818835],[-71.409411,41.818837],[-71.409406,41.818839],[-71.4094,41.818838],[-71.409374,41.818847],[-71.409375,41.818849],[-71.40937,41.81885],[-71.409365,41.81885],[-71.409339,41.818858],[-71.40934,41.81886],[-71.409335,41.818862],[-71.40933,41.818861],[-71.409304,41.81887],[-71.409305,41.818871],[-71.4093,41.818873],[-71.409294,41.818873],[-71.409268,41.818881],[-71.409269,41.818883],[-71.409264,41.818885],[-71.409259,41.818884],[-71.409255,41.818878],[-71.409212,41.818886],[-71.409201,41.818888],[-71.409084,41.818908],[-71.408966,41.818741],[-71.408914,41.818762],[-71.408842,41.818661],[-71.408837,41.818663],[-71.408835,41.81866],[-71.408835,41.818656],[-71.408822,41.818637],[-71.408819,41.818638],[-71.408817,41.818634],[-71.408817,41.81863],[-71.408804,41.818612],[-71.408801,41.818612],[-71.408799,41.818609],[-71.408799,41.818605],[-71.408785,41.818586],[-71.408783,41.818587],[-71.40878,41.818583],[-71.408781,41.818579],[-71.408767,41.818561],[-71.408765,41.818562],[-71.408762,41.818558],[-71.408763,41.818554],[-71.408749,41.818535],[-71.408747,41.818536],[-71.408744,41.818532],[-71.408745,41.818528],[-71.408731,41.81851],[-71.408729,41.818511],[-71.408726,41.818507],[-71.408727,41.818503],[-71.408713,41.818484],[-71.408711,41.818485],[-71.408708,41.818482],[-71.408709,41.818478],[-71.408695,41.818459],[-71.408693,41.81846],[-71.40869,41.818456],[-71.408691,41.818452],[-71.408677,41.818433],[-71.408675,41.818434],[-71.408672,41.818431],[-71.408673,41.818427],[-71.408659,41.818408],[-71.408657,41.818409],[-71.408654,41.818405],[-71.408655,41.818401],[-71.408641,41.818382],[-71.408639,41.818383],[-71.408636,41.81838],[-71.408636,41.818376],[-71.408623,41.818357],[-71.408621,41.818358],[-71.408618,41.818354],[-71.408618,41.81835],[-71.408605,41.818331],[-71.408603,41.818332],[-71.4086,41.818329],[-71.4086,41.818325],[-71.408603,41.818324],[-71.408598,41.818316],[-71.408607,41.818313],[-71.408627,41.818305],[-71.40863,41.818304],[-71.408612,41.818279],[-71.408761,41.81822],[-71.408761,41.81822],[-71.408761,41.81822],[-71.408911,41.81816],[-71.408912,41.818162],[-71.408912,41.818163],[-71.409223,41.818602],[-71.409327,41.818561],[-71.409462,41.818537],[-71.409462,41.818537],[-71.40948,41.818534],[-71.409479,41.818532],[-71.409485,41.818531],[-71.40949,41.818532],[-71.409517,41.818527],[-71.409517,41.818525],[-71.409522,41.818524],[-71.409527,41.818525],[-71.409555,41.818521],[-71.409554,41.818519],[-71.40956,41.818518],[-71.409565,41.818519],[-71.409565,41.818519],[-71.409595,41.818514],[-71.409595,41.818514],[-71.409633,41.818507],[-71.409633,41.818507],[-71.409635,41.818516],[-71.409635,41.818516],[-71.409663,41.818604]]]},"properties":{"propertyCode":"100339","label":"Danoff Laboratories","rank":1,"sortKey":1.9,"labelMinZoom":16,"heightM":11.7,"floors":3,"year":null,"kind":"other","placeId":null,"placeIds":[],"address":"Tbd","currentUse":null,"buildingType":"BUILDING","complex":null,"aliases":["William A. and Ami Kuan Danoff Life Sciences Laboratories","Tbd","DANOFFILSB"],"meetings":0}},{"type":"Feature","id":"100345","geometry":{"type":"Polygon","coordinates":[[[-71.400638,41.828597],[-71.400546,41.828604],[-71.400545,41.828598],[-71.400522,41.828601],[-71.400523,41.828609],[-71.400483,41.828613],[-71.400472,41.828549],[-71.400473,41.828549],[-71.400451,41.828407],[-71.400451,41.828408],[-71.400449,41.828398],[-71.40045,41.828398],[-71.400449,41.828393],[-71.40049,41.828389],[-71.400501,41.828388],[-71.400609,41.828378],[-71.400609,41.828381],[-71.400609,41.828381],[-71.400638,41.828597]]]},"properties":{"propertyCode":"100345","label":"1 Euclid Ave","rank":1,"sortKey":1.8597,"labelMinZoom":16,"heightM":11.7,"floors":3,"year":null,"kind":"other","placeId":"nelson-center-for-entrepreneurship","placeIds":["nelson-center-for-entrepreneurship"],"address":"1 Euclid Ave","currentUse":null,"buildingType":"BUILDING","complex":null,"aliases":["Euclid Ave 001","Thayer249","Jonathan M. Nelson Center For Entrepreneurship","EUCLID001"],"meetings":6}},{"type":"Feature","id":"100347","geometry":{"type":"Polygon","coordinates":[[[-71.408496,41.820469],[-71.408248,41.820482],[-71.408221,41.820204],[-71.40832,41.820199],[-71.408321,41.820204],[-71.408348,41.820202],[-71.408347,41.820197],[-71.408425,41.820193],[-71.40842,41.82014],[-71.408485,41.820115],[-71.408472,41.820097],[-71.408834,41.81996],[-71.408837,41.819964],[-71.408916,41.819934],[-71.408914,41.81993],[-71.408933,41.819923],[-71.408935,41.819926],[-71.40901,41.819898],[-71.409008,41.819895],[-71.40903,41.819887],[-71.409119,41.820019],[-71.409097,41.820027],[-71.409121,41.820063],[-71.409143,41.820054],[-71.409158,41.820076],[-71.409126,41.820089],[-71.409189,41.820183],[-71.409221,41.820171],[-71.409228,41.820182],[-71.409209,41.82019],[-71.409206,41.820186],[-71.40913,41.820215],[-71.409132,41.820219],[-71.409113,41.820226],[-71.409111,41.820222],[-71.409031,41.820252],[-71.409034,41.820257],[-71.408634,41.820408],[-71.408625,41.820395],[-71.408579,41.820397],[-71.40858,41.820409],[-71.408549,41.82041],[-71.408548,41.820399],[-71.40849,41.820402],[-71.408496,41.820469]]]},"properties":{"propertyCode":"100347","label":"Providence Innovation Ctr","rank":0,"sortKey":0.5782,"labelMinZoom":0,"heightM":8.2,"floors":2,"year":null,"kind":"other","placeId":"wexford-innovation-complex","placeIds":["wexford-innovation-complex"],"address":"225 Dyer St","currentUse":null,"buildingType":"BUILDING","complex":null,"aliases":["Dyer St 225","225 Dyer St","DYERST225"],"meetings":0}},{"type":"Feature","id":"100351","geometry":{"type":"Polygon","coordinates":[[[-71.411946,41.818217],[-71.411839,41.818159],[-71.411771,41.818123],[-71.411768,41.818127],[-71.411766,41.818128],[-71.411643,41.818064],[-71.411638,41.818061],[-71.411632,41.818058],[-71.411632,41.818058],[-71.411631,41.818059],[-71.411626,41.818065],[-71.411571,41.818123],[-71.411318,41.81799],[-71.411368,41.817935],[-71.411404,41.817898],[-71.411497,41.817946],[-71.411556,41.817883],[-71.411604,41.817908],[-71.411665,41.81794],[-71.411745,41.817856],[-71.411686,41.817825],[-71.411727,41.817782],[-71.411783,41.817812],[-71.411859,41.817733],[-71.411865,41.817726],[-71.411998,41.817794],[-71.412233,41.817916],[-71.412226,41.817924],[-71.412066,41.818091],[-71.411946,41.818217]]]},"properties":{"propertyCode":"100351","label":"55 Claverick St., 3rd Flr","rank":2,"sortKey":2.8509,"labelMinZoom":17,"heightM":4.7,"floors":1,"year":null,"kind":"other","placeId":null,"placeIds":[],"address":"55 Claverick St., 3rd Flr","currentUse":null,"buildingType":"BUILDING","complex":null,"aliases":["Claverick St 055","CLAVST055"],"meetings":0}},{"type":"Feature","id":"100352","geometry":{"type":"Polygon","coordinates":[[[-71.401352,41.829024],[-71.401333,41.828896],[-71.401325,41.828897],[-71.401311,41.828802],[-71.401385,41.828795],[-71.401551,41.828781],[-71.401566,41.82878],[-71.401569,41.8288],[-71.401574,41.8288],[-71.401586,41.828877],[-71.401469,41.828887],[-71.401487,41.829003],[-71.401426,41.829009],[-71.401394,41.829011],[-71.401395,41.829021],[-71.401352,41.829024]]]},"properties":{"propertyCode":"100352","label":"205 Meeting St","rank":2,"sortKey":2.8793,"labelMinZoom":17,"heightM":4.7,"floors":1,"year":1983,"kind":"other","placeId":null,"placeIds":[],"address":"205 Meeting St","currentUse":null,"buildingType":"BUILDING","complex":null,"aliases":["Meeting St 205","MEETING205"],"meetings":0}},{"type":"Feature","id":"100354","geometry":{"type":"Polygon","coordinates":[[[-71.407669,41.817853],[-71.407713,41.817914],[-71.407416,41.818034],[-71.407371,41.817972],[-71.407669,41.817853]]]},"properties":{"propertyCode":"100354","label":"Eddy St 365 - Unit 1","rank":1,"sortKey":1.8884,"labelMinZoom":16,"heightM":4.7,"floors":1,"year":null,"kind":"other","placeId":null,"placeIds":[],"address":"365 Eddy St - Unit 1","currentUse":null,"buildingType":"BUILDING","complex":null,"aliases":["365 Eddy St - Unit 1","EDDY365U1"],"meetings":0}},{"type":"Feature","id":"100355","geometry":{"type":"Polygon","coordinates":[[[-71.407371,41.817972],[-71.407327,41.817911],[-71.407535,41.817827],[-71.407519,41.817805],[-71.407567,41.817786],[-71.407582,41.817808],[-71.407624,41.817791],[-71.407642,41.817816],[-71.407669,41.817853],[-71.407371,41.817972]]]},"properties":{"propertyCode":"100355","label":"Eddy St 365 - Unit 2","rank":1,"sortKey":1.8942,"labelMinZoom":16,"heightM":4.7,"floors":1,"year":null,"kind":"other","placeId":null,"placeIds":[],"address":"365 Eddy St - Unit 2","currentUse":null,"buildingType":"BUILDING","complex":null,"aliases":["365 Eddy St - Unit 2","EDDY365U2"],"meetings":0}},{"type":"Feature","id":"100357","geometry":{"type":"Polygon","coordinates":[[[-71.396614,41.831785],[-71.396632,41.831779],[-71.396644,41.8318],[-71.396626,41.831806],[-71.396644,41.831837],[-71.396521,41.831877],[-71.396504,41.831849],[-71.396483,41.831856],[-71.396237,41.831433],[-71.396259,41.831426],[-71.396242,41.831397],[-71.396365,41.831357],[-71.396614,41.831785]]]},"properties":{"propertyCode":"100357","label":"Lacrosse Soccer","rank":1,"sortKey":1.7646,"labelMinZoom":16,"heightM":15.2,"floors":4,"year":2020,"kind":"other","placeId":null,"placeIds":[],"address":"245 Lloyd Ave","currentUse":null,"buildingType":"BUILDING","complex":null,"aliases":["Center For Lacrosse And Soccer","245 Lloyd Ave","LACRSSOCCR"],"meetings":0}},{"type":"Feature","id":"100358","geometry":{"type":"Polygon","coordinates":[[[-71.404852,41.81767],[-71.405514,41.817405],[-71.40561,41.817535],[-71.405115,41.817735],[-71.405143,41.817792],[-71.405133,41.817797],[-71.40545,41.818122],[-71.405288,41.818209],[-71.40497,41.817882],[-71.404975,41.81788],[-71.404903,41.817806],[-71.404937,41.817788],[-71.404852,41.81767]]]},"properties":{"propertyCode":"100358","label":"River House Apartments","rank":0,"sortKey":0.2276,"labelMinZoom":0,"heightM":25.7,"floors":7,"year":2018,"kind":"other","placeId":null,"placeIds":[],"address":"1 Point St","currentUse":null,"buildingType":"BUILDING","complex":null,"aliases":["1 Point St","RIVERHSAPT"],"meetings":0}},{"type":"Feature","id":"100359","geometry":{"type":"Polygon","coordinates":[[[-71.398916,41.823516],[-71.398923,41.823515],[-71.398908,41.8234],[-71.398901,41.82334],[-71.39909,41.823326],[-71.399092,41.823345],[-71.399167,41.82334],[-71.399181,41.823449],[-71.399106,41.823455],[-71.39912,41.82356],[-71.399112,41.82356],[-71.399126,41.823665],[-71.399099,41.823667],[-71.399115,41.823792],[-71.399219,41.823784],[-71.399232,41.82389],[-71.399188,41.823893],[-71.399194,41.823939],[-71.399046,41.823949],[-71.399042,41.823916],[-71.398941,41.823924],[-71.39891,41.82368],[-71.398936,41.823678],[-71.398916,41.823516]]]},"properties":{"propertyCode":"100359","label":"Chen Family Hall","rank":0,"sortKey":0.6193,"labelMinZoom":0,"heightM":18.7,"floors":5,"year":2023,"kind":"other","placeId":"chen-family-hall","placeIds":["chen-family-hall"],"address":"250 Brook Street","currentUse":null,"buildingType":"BUILDING","complex":null,"aliases":["250 Brook Street","CHENHALL"],"meetings":0}},{"type":"Feature","id":"100362","geometry":{"type":"Polygon","coordinates":[[[-71.40659,41.823802],[-71.406522,41.823731],[-71.406512,41.823736],[-71.40651,41.823738],[-71.406367,41.82359],[-71.406355,41.823578],[-71.406356,41.823577],[-71.406368,41.823571],[-71.406329,41.823531],[-71.406299,41.823499],[-71.406298,41.823498],[-71.406374,41.823457],[-71.406381,41.823453],[-71.406393,41.823447],[-71.406406,41.82344],[-71.406421,41.823432],[-71.406474,41.823403],[-71.406563,41.823355],[-71.406653,41.823306],[-71.406677,41.823293],[-71.406678,41.823294],[-71.406688,41.823304],[-71.406739,41.823356],[-71.406798,41.823418],[-71.406824,41.823404],[-71.406875,41.823457],[-71.406851,41.82347],[-71.406972,41.823595],[-71.40691,41.823629],[-71.406819,41.823678],[-71.406728,41.823727],[-71.406635,41.823777],[-71.40659,41.823802]]]},"properties":{"propertyCode":"100362","label":"155 South Main Street","rank":0,"sortKey":0.5281,"labelMinZoom":0,"heightM":18.7,"floors":5,"year":1970,"kind":"other","placeId":"packet-building","placeIds":["packet-building"],"address":"155 South Main Street","currentUse":"Offices","buildingType":"BUILDING","complex":null,"aliases":["South Main St 155","SMAIN155"],"meetings":3}},{"type":"Feature","id":"100379","geometry":{"type":"Polygon","coordinates":[[[-71.404455,41.82807],[-71.404455,41.828069],[-71.404444,41.828003],[-71.404439,41.828003],[-71.404433,41.827969],[-71.404461,41.827967],[-71.404457,41.827941],[-71.404453,41.827919],[-71.404451,41.827905],[-71.404501,41.8279],[-71.404511,41.8279],[-71.404536,41.827897],[-71.404536,41.827892],[-71.404563,41.82789],[-71.404624,41.827885],[-71.404625,41.827891],[-71.404629,41.827913],[-71.40463,41.827922],[-71.404638,41.827968],[-71.404639,41.827976],[-71.404642,41.827996],[-71.404643,41.827998],[-71.404593,41.828003],[-71.404577,41.828004],[-71.404586,41.828059],[-71.404575,41.82806],[-71.404465,41.82807],[-71.404455,41.82807]]]},"properties":{"propertyCode":"100379","label":"51 Prospect St","rank":2,"sortKey":2.8703,"labelMinZoom":17,"heightM":8.2,"floors":2,"year":null,"kind":"other","placeId":"51-prospect-street","placeIds":["51-prospect-street"],"address":"51 Prospect St","currentUse":null,"buildingType":"BUILDING","complex":null,"aliases":["Prospect St 51","PROSPECT51"],"meetings":0}},{"type":"Feature","id":"100381","geometry":{"type":"Polygon","coordinates":[[[-71.398421,41.823819],[-71.398498,41.823813],[-71.398467,41.823578],[-71.398475,41.823577],[-71.398459,41.82345],[-71.398436,41.823452],[-71.398426,41.823368],[-71.398484,41.823364],[-71.398482,41.823352],[-71.398636,41.823341],[-71.398647,41.823428],[-71.398674,41.823642],[-71.398667,41.823643],[-71.398687,41.8238],[-71.39868,41.8238],[-71.3987,41.823964],[-71.398522,41.823977],[-71.39852,41.823965],[-71.39844,41.82397],[-71.398421,41.823819]]]},"properties":{"propertyCode":"100381","label":"William and Ami Danoff Hall","rank":0,"sortKey":0.6347,"labelMinZoom":0,"heightM":18.7,"floors":5,"year":2023,"kind":"other","placeId":"william-and-ami-danoff-hall","placeIds":["william-and-ami-danoff-hall"],"address":"259 Brook Street","currentUse":null,"buildingType":"BUILDING","complex":null,"aliases":["259 Brook Street","DANOFFHALL"],"meetings":0}},{"type":"Feature","id":"100382","geometry":{"type":"Polygon","coordinates":[[[-71.401197,41.827721],[-71.401242,41.827717],[-71.401269,41.827714],[-71.40127,41.827716],[-71.40127,41.827717],[-71.401276,41.827717],[-71.401286,41.827775],[-71.401276,41.827776],[-71.401277,41.827782],[-71.401286,41.82783],[-71.401291,41.827859],[-71.401305,41.827869],[-71.401308,41.827888],[-71.401307,41.827889],[-71.401296,41.827898],[-71.401296,41.827898],[-71.401304,41.827946],[-71.401305,41.827948],[-71.401307,41.827963],[-71.401307,41.827963],[-71.401305,41.827963],[-71.401262,41.827967],[-71.401259,41.827967],[-71.401242,41.827969],[-71.401237,41.82797],[-71.401232,41.82797],[-71.401182,41.827975],[-71.401179,41.827975],[-71.401177,41.827964],[-71.401174,41.827946],[-71.401158,41.827855],[-71.401152,41.827823],[-71.401207,41.827818],[-71.401214,41.827817],[-71.401214,41.827814],[-71.401208,41.827782],[-71.401197,41.827721]]]},"properties":{"propertyCode":"100382","label":"165 Angell St","rank":2,"sortKey":2.8715,"labelMinZoom":17,"heightM":8.2,"floors":2,"year":1910,"kind":"other","placeId":null,"placeIds":[],"address":"165 Angell St","currentUse":null,"buildingType":"BUILDING","complex":null,"aliases":["Angell St 165","ANGELL165"],"meetings":0}},{"type":"Feature","id":"100384","geometry":{"type":"Polygon","coordinates":[[[-71.408731,41.81742],[-71.408884,41.817635],[-71.408607,41.817745],[-71.40847,41.817552],[-71.408576,41.81751],[-71.408559,41.817488],[-71.408731,41.81742]]]},"properties":{"propertyCode":"100384","label":"70 Elm St","rank":2,"sortKey":2.8017,"labelMinZoom":17,"heightM":11.7,"floors":3,"year":1900,"kind":"other","placeId":null,"placeIds":[],"address":"70 Elm St","currentUse":null,"buildingType":"BUILDING","complex":null,"aliases":["Elm St 070","ELM070"],"meetings":0}},{"type":"Feature","id":"100385","geometry":{"type":"Polygon","coordinates":[[[-71.409329,41.818232],[-71.409224,41.818185],[-71.409245,41.818158],[-71.409027,41.818062],[-71.409026,41.818061],[-71.408933,41.818021],[-71.408916,41.818042],[-71.408879,41.818025],[-71.408831,41.818004],[-71.408832,41.818003],[-71.408836,41.817997],[-71.408848,41.817982],[-71.408846,41.817981],[-71.408837,41.817977],[-71.408766,41.817946],[-71.408761,41.817944],[-71.408756,41.817942],[-71.408739,41.817918],[-71.408684,41.817841],[-71.408825,41.817784],[-71.408904,41.817752],[-71.409298,41.817926],[-71.409509,41.818018],[-71.409506,41.818023],[-71.409399,41.818158],[-71.409359,41.818209],[-71.40935,41.818205],[-71.409329,41.818232]]]},"properties":{"propertyCode":"100385","label":"200 Chestnut St","rank":2,"sortKey":2.8021,"labelMinZoom":17,"heightM":4.7,"floors":1,"year":1900,"kind":"other","placeId":null,"placeIds":[],"address":"200 Chestnut St","currentUse":null,"buildingType":"BUILDING","complex":null,"aliases":["Chestnut St 200","CHESTNT200"],"meetings":0}},{"type":"Feature","id":"100387","geometry":{"type":"Polygon","coordinates":[[[-71.407713,41.817914],[-71.407642,41.817816],[-71.407666,41.817807],[-71.407629,41.817756],[-71.407619,41.817761],[-71.407484,41.817573],[-71.407488,41.817571],[-71.407598,41.817527],[-71.407731,41.817473],[-71.407743,41.817468],[-71.407813,41.817485],[-71.407816,41.817485],[-71.407879,41.817574],[-71.407878,41.817574],[-71.407816,41.817599],[-71.407972,41.817815],[-71.40803,41.817792],[-71.408031,41.817791],[-71.408064,41.817837],[-71.408136,41.817936],[-71.408106,41.817948],[-71.408047,41.817972],[-71.407924,41.818022],[-71.407879,41.81804],[-71.407683,41.818118],[-71.407569,41.818164],[-71.407567,41.818164],[-71.407557,41.818162],[-71.407497,41.81815],[-71.407494,41.818149],[-71.407495,41.818147],[-71.407496,41.818146],[-71.40746,41.818096],[-71.407416,41.818034],[-71.407713,41.817914]]]},"properties":{"propertyCode":"100387","label":"300 Richmond St","rank":2,"sortKey":2.7188,"labelMinZoom":17,"heightM":8.2,"floors":2,"year":1990,"kind":"other","placeId":null,"placeIds":[],"address":"300 Richmond St","currentUse":null,"buildingType":"BUILDING","complex":null,"aliases":["Richmond St 300","RICHMND300"],"meetings":0}},{"type":"Feature","id":"100391","geometry":{"type":"Polygon","coordinates":[[[-71.4035,41.798184],[-71.403511,41.798177],[-71.403547,41.79815],[-71.403567,41.798166],[-71.403605,41.798139],[-71.403635,41.798163],[-71.403656,41.798179],[-71.403724,41.798232],[-71.40373,41.798236],[-71.403546,41.798369],[-71.403476,41.79842],[-71.403462,41.79843],[-71.4035,41.798459],[-71.403477,41.798476],[-71.403458,41.798489],[-71.403328,41.798383],[-71.403321,41.798377],[-71.403321,41.79835],[-71.403331,41.798343],[-71.403367,41.798316],[-71.403423,41.798275],[-71.403522,41.798202],[-71.4035,41.798184],[-71.4035,41.798184]]]},"properties":{"propertyCode":"100391","label":"Pavillion 66","rank":1,"sortKey":1.8756,"labelMinZoom":16,"heightM":4.7,"floors":1,"year":null,"kind":"other","placeId":null,"placeIds":[],"address":"66 Pavillion Ave","currentUse":null,"buildingType":"BUILDING","complex":null,"aliases":["66 Pavillion Ave","PAVILLION66"],"meetings":0}},{"type":"Feature","id":"100392","geometry":{"type":"Polygon","coordinates":[[[-71.406958,41.817291],[-71.406983,41.817281],[-71.40699,41.81729],[-71.407024,41.817276],[-71.407007,41.817251],[-71.407036,41.81724],[-71.407034,41.817236],[-71.407065,41.817224],[-71.40711,41.817206],[-71.407087,41.817174],[-71.407175,41.817139],[-71.407211,41.817191],[-71.407236,41.817225],[-71.407254,41.81725],[-71.407258,41.817256],[-71.407164,41.817293],[-71.40702,41.817351],[-71.40701,41.817355],[-71.40695,41.817379],[-71.40691,41.817322],[-71.406912,41.817321],[-71.406917,41.817319],[-71.406964,41.8173],[-71.406958,41.817291]]]},"properties":{"propertyCode":"100392","label":"391-393 Eddy St","rank":2,"sortKey":2.8774,"labelMinZoom":17,"heightM":8.2,"floors":2,"year":1900,"kind":"other","placeId":null,"placeIds":[],"address":"391-393 Eddy St","currentUse":null,"buildingType":"BUILDING","complex":null,"aliases":["Eddy St 391","EDDY391"],"meetings":0}},{"type":"Feature","id":"100393","geometry":{"type":"Polygon","coordinates":[[[-71.410479,41.815875],[-71.410494,41.81587],[-71.41051,41.815863],[-71.410535,41.815853],[-71.410656,41.815805],[-71.410913,41.815702],[-71.410949,41.815752],[-71.410953,41.81575],[-71.410968,41.815744],[-71.411017,41.815725],[-71.411135,41.815677],[-71.411248,41.815633],[-71.411358,41.815588],[-71.411359,41.815588],[-71.411428,41.815684],[-71.411438,41.815679],[-71.411454,41.815673],[-71.411503,41.815654],[-71.411512,41.815666],[-71.411541,41.815706],[-71.411547,41.815715],[-71.411516,41.815728],[-71.411506,41.815731],[-71.411507,41.815733],[-71.411535,41.815772],[-71.411547,41.81579],[-71.411513,41.815803],[-71.411529,41.815827],[-71.411519,41.815831],[-71.411365,41.815891],[-71.41134,41.815901],[-71.411343,41.815906],[-71.411354,41.81592],[-71.411288,41.815947],[-71.411154,41.815999],[-71.411123,41.816012],[-71.41112,41.816005],[-71.411076,41.816022],[-71.411081,41.816028],[-71.411027,41.81605],[-71.410701,41.816182],[-71.410479,41.815875]]]},"properties":{"propertyCode":"100393","label":"Coro Center West","rank":1,"sortKey":1.89,"labelMinZoom":16,"heightM":4.7,"floors":1,"year":null,"kind":"other","placeId":null,"placeIds":[],"address":"1 Hoppin St","currentUse":null,"buildingType":"BUILDING","complex":null,"aliases":["1 Hoppin St","COROCTR"],"meetings":0}},{"type":"Feature","id":"100394","geometry":{"type":"Polygon","coordinates":[[[-71.396419,41.83124],[-71.396381,41.831251],[-71.396373,41.831236],[-71.39641,41.831225],[-71.396419,41.83124]]]},"properties":{"propertyCode":"100394","label":"CLS Ticket Booth","rank":1,"sortKey":1.8998,"labelMinZoom":16,"heightM":4.7,"floors":1,"year":null,"kind":"other","placeId":null,"placeIds":[],"address":"245 Lloyd Ave","currentUse":null,"buildingType":"BUILDING","complex":null,"aliases":["245 Lloyd Ave","CLSTICKET"],"meetings":0}},{"type":"Feature","id":"100395","geometry":{"type":"Polygon","coordinates":[[[-71.396817,41.823775],[-71.396813,41.823752],[-71.396786,41.823755],[-71.396784,41.823744],[-71.396718,41.82375],[-71.396687,41.823752],[-71.396674,41.823754],[-71.396668,41.823721],[-71.396665,41.823701],[-71.396664,41.823694],[-71.396728,41.823688],[-71.396725,41.823667],[-71.396764,41.823663],[-71.39676,41.823642],[-71.3969,41.823629],[-71.396909,41.823683],[-71.396911,41.823696],[-71.396919,41.823746],[-71.396879,41.823749],[-71.396883,41.823769],[-71.396866,41.823783],[-71.396865,41.823784],[-71.396854,41.823785],[-71.396838,41.823786],[-71.396817,41.823775]]]},"properties":{"propertyCode":"100395","label":"125 Hope St","rank":2,"sortKey":2.8674,"labelMinZoom":17,"heightM":11.7,"floors":3,"year":1819,"kind":"other","placeId":null,"placeIds":[],"address":"125 Hope St","currentUse":null,"buildingType":"HOUSE","complex":null,"aliases":["Hope St 125","HOPE125"],"meetings":0}},{"type":"Feature","id":"100401","geometry":{"type":"Polygon","coordinates":[[[-71.395616,41.830373],[-71.395736,41.830363],[-71.395734,41.830355],[-71.395849,41.830345],[-71.395847,41.830337],[-71.395962,41.830327],[-71.39596,41.830319],[-71.396188,41.830292],[-71.396186,41.830284],[-71.396301,41.830274],[-71.396299,41.830266],[-71.396428,41.830255],[-71.39649,41.830475],[-71.396567,41.830463],[-71.396703,41.830948],[-71.396628,41.830971],[-71.396646,41.831034],[-71.39665,41.831034],[-71.396651,41.831039],[-71.396648,41.831039],[-71.396525,41.831041],[-71.396529,41.831052],[-71.396532,41.831052],[-71.396534,41.831057],[-71.39653,41.831057],[-71.396412,41.831058],[-71.396415,41.831069],[-71.396419,41.831069],[-71.39642,41.831074],[-71.396417,41.831074],[-71.396186,41.831093],[-71.396189,41.831105],[-71.396193,41.831105],[-71.396194,41.83111],[-71.396191,41.83111],[-71.396073,41.831112],[-71.396076,41.831123],[-71.39608,41.831123],[-71.396081,41.831127],[-71.396078,41.831128],[-71.39596,41.831129],[-71.395963,41.831141],[-71.395967,41.83114],[-71.395968,41.831145],[-71.395964,41.831146],[-71.395833,41.831147],[-71.39573,41.830788],[-71.395694,41.830794],[-71.395674,41.830722],[-71.39571,41.830716],[-71.395616,41.830373]]]},"properties":{"propertyCode":"100401","label":"Penner Field House","rank":0,"sortKey":0.5696,"labelMinZoom":0,"heightM":4.7,"floors":1,"year":2026,"kind":"other","placeId":"penner-field-house","placeIds":["penner-field-house"],"address":"237 Lloyd Ave","currentUse":null,"buildingType":"BUILDING","complex":null,"aliases":["Indoor Turf Facility","237 Lloyd Ave","PENNERFLDHS"],"meetings":0}},{"type":"Feature","id":"100403","geometry":{"type":"Polygon","coordinates":[[[-71.409645,41.818836],[-71.409732,41.81882],[-71.409748,41.818818],[-71.409778,41.81894],[-71.409786,41.818971],[-71.409787,41.818975],[-71.40969,41.818992],[-71.40969,41.818991],[-71.409664,41.818904],[-71.409646,41.818841],[-71.409645,41.818836]]]},"properties":{"propertyCode":"100403","label":"60 Ship St","rank":2,"sortKey":2.8796,"labelMinZoom":17,"heightM":11.7,"floors":3,"year":1929,"kind":"other","placeId":null,"placeIds":[],"address":"60 Ship St","currentUse":null,"buildingType":"BUILDING","complex":null,"aliases":["Ship St 60","SHIPST60"],"meetings":0}},{"type":"Feature","id":"100405","geometry":{"type":"Polygon","coordinates":[[[-71.400117,41.830254],[-71.400126,41.830312],[-71.400047,41.830319],[-71.400039,41.830261],[-71.400117,41.830254]]]},"properties":{"propertyCode":"100405","label":"Brook St 456 Garage","rank":2,"sortKey":2.9,"labelMinZoom":17,"heightM":11.7,"floors":3,"year":null,"kind":"other","placeId":null,"placeIds":[],"address":"456 Brook St","currentUse":null,"buildingType":"GARAGE","complex":null,"aliases":["456 Brook St","BRKST456GAR"],"meetings":0}},{"type":"Feature","id":"100406","geometry":{"type":"Polygon","coordinates":[[[-71.396541,41.823752],[-71.396537,41.823734],[-71.396603,41.823727],[-71.396611,41.823756],[-71.396622,41.823806],[-71.396626,41.823824],[-71.396629,41.823834],[-71.39659,41.823839],[-71.396569,41.823842],[-71.39654,41.823845],[-71.396522,41.823754],[-71.396541,41.823752]]]},"properties":{"propertyCode":"100406","label":"Hope St 125 Garage","rank":2,"sortKey":2.9,"labelMinZoom":17,"heightM":11.7,"floors":3,"year":null,"kind":"other","placeId":null,"placeIds":[],"address":"125 Hope St","currentUse":null,"buildingType":"GARAGE","complex":null,"aliases":["125 Hope St","HOPE125GAR"],"meetings":0}},{"type":"Feature","id":"100408","geometry":{"type":"Polygon","coordinates":[[[-71.395446,41.832414],[-71.395366,41.832439],[-71.395345,41.832404],[-71.395426,41.832378],[-71.395446,41.832414]]]},"properties":{"propertyCode":"100408","label":"Berylson Field Shed","rank":2,"sortKey":2.9,"labelMinZoom":17,"heightM":11.7,"floors":3,"year":null,"kind":"other","placeId":null,"placeIds":[],"address":"Behind 295 Lloyd Ave","currentUse":null,"buildingType":"SHED","complex":null,"aliases":["Behind 295 Lloyd Ave","BERYLSHD"],"meetings":0}},{"type":"Feature","id":"100409","geometry":{"type":"Polygon","coordinates":[[[-71.396871,41.830901],[-71.396915,41.830894],[-71.396925,41.830931],[-71.396881,41.830938],[-71.396871,41.830901]]]},"properties":{"propertyCode":"100409","label":"OMAC Shed","rank":2,"sortKey":2.9,"labelMinZoom":17,"heightM":8.2,"floors":2,"year":null,"kind":"other","placeId":null,"placeIds":[],"address":"East Of Omac","currentUse":null,"buildingType":"SHED","complex":null,"aliases":["East Of Omac","OMACSHED"],"meetings":0}},{"type":"Feature","id":"100410","geometry":{"type":"Polygon","coordinates":[[[-71.395226,41.832639],[-71.395023,41.832705],[-71.394991,41.83265],[-71.395193,41.832583],[-71.395226,41.832639]]]},"properties":{"propertyCode":"100410","label":"Grounds Storage Shed","rank":2,"sortKey":2.9,"labelMinZoom":17,"heightM":11.7,"floors":3,"year":null,"kind":"other","placeId":null,"placeIds":[],"address":"Behind 295 Lloyd Ave","currentUse":null,"buildingType":"SHED","complex":null,"aliases":["Behind 295 Lloyd Ave","GRNDSSHED"],"meetings":0}},{"type":"Feature","id":"100411","geometry":{"type":"Polygon","coordinates":[[[-71.394015,41.841385],[-71.39399,41.841377],[-71.394008,41.841346],[-71.394033,41.841355],[-71.394015,41.841385]]]},"properties":{"propertyCode":"100411","label":"Brown Stadium Ticket Booth","rank":1,"sortKey":1.9,"labelMinZoom":16,"heightM":4.7,"floors":1,"year":null,"kind":"other","placeId":null,"placeIds":[],"address":"346 Elmgrove Ave","currentUse":null,"buildingType":"BUILDING","complex":null,"aliases":["346 Elmgrove Ave","BRSTATICKET"],"meetings":0}},{"type":"Feature","id":"100412","geometry":{"type":"Polygon","coordinates":[[[-71.394376,41.842621],[-71.394253,41.842717],[-71.39352,41.842207],[-71.393643,41.842108],[-71.394376,41.842621]]]},"properties":{"propertyCode":"100412","label":"Brown Stadium Visitor Section","rank":1,"sortKey":1.9,"labelMinZoom":16,"heightM":11.7,"floors":3,"year":null,"kind":"other","placeId":null,"placeIds":[],"address":"346 Elmgrove Ave","currentUse":null,"buildingType":"BUILDING","complex":null,"aliases":["346 Elmgrove Ave","BRSTAVIS"],"meetings":0}},{"type":"Feature","id":"100413","geometry":{"type":"Polygon","coordinates":[[[-71.394644,41.831004],[-71.39468,41.831009],[-71.394664,41.831073],[-71.394628,41.831068],[-71.394644,41.831004]]]},"properties":{"propertyCode":"100413","label":"Murray Stadium Pressbox","rank":1,"sortKey":1.9,"labelMinZoom":16,"heightM":11.7,"floors":3,"year":null,"kind":"other","placeId":null,"placeIds":[],"address":"235 Hope St","currentUse":null,"buildingType":"BUILDING","complex":null,"aliases":["235 Hope St","MURSTAPRBX"],"meetings":0}},{"type":"Feature","id":"100414","geometry":{"type":"Polygon","coordinates":[[[-71.394422,41.830728],[-71.394536,41.830853],[-71.394492,41.830876],[-71.39449,41.830873],[-71.394502,41.830867],[-71.39449,41.830853],[-71.394391,41.830745],[-71.394378,41.830751],[-71.394354,41.830723],[-71.394398,41.830701],[-71.394422,41.830728]]]},"properties":{"propertyCode":"100414","label":"Murray Stadium Dugout 1","rank":1,"sortKey":1.9,"labelMinZoom":16,"heightM":11.7,"floors":3,"year":null,"kind":"other","placeId":null,"placeIds":[],"address":"235 Hope","currentUse":null,"buildingType":"BUILDING","complex":null,"aliases":["235 Hope","MURSTADO1"],"meetings":0}},{"type":"Feature","id":"100415","geometry":{"type":"Polygon","coordinates":[[[-71.394287,41.831264],[-71.394251,41.831282],[-71.394221,41.831249],[-71.394257,41.831231],[-71.394265,41.83124],[-71.394411,41.831166],[-71.394429,41.831156],[-71.394421,41.831147],[-71.394424,41.831146],[-71.394454,41.831179],[-71.394287,41.831264]]]},"properties":{"propertyCode":"100415","label":"Murray Stadium Dugout 2","rank":1,"sortKey":1.9,"labelMinZoom":16,"heightM":11.7,"floors":3,"year":null,"kind":"other","placeId":null,"placeIds":[],"address":"235 Hope","currentUse":null,"buildingType":"BUILDING","complex":null,"aliases":["235 Hope","MURSTADO2"],"meetings":0}},{"type":"Feature","id":"100416","geometry":{"type":"Polygon","coordinates":[[[-71.393952,41.82926],[-71.393878,41.829224],[-71.393894,41.829206],[-71.393968,41.829242],[-71.393952,41.82926]]]},"properties":{"propertyCode":"100416","label":"Brown Softball Field Pressbox","rank":1,"sortKey":1.9,"labelMinZoom":16,"heightM":8.2,"floors":2,"year":null,"kind":"other","placeId":null,"placeIds":[],"address":"235 Hope St","currentUse":null,"buildingType":"BUILDING","complex":null,"aliases":["235 Hope St","BRSFTBLPRBX"],"meetings":0}},{"type":"Feature","id":"100417","geometry":{"type":"Polygon","coordinates":[[[-71.393545,41.829321],[-71.393548,41.829332],[-71.393505,41.829339],[-71.393494,41.8293],[-71.393537,41.829293],[-71.393663,41.829273],[-71.393674,41.829312],[-71.39367,41.829312],[-71.393667,41.829302],[-71.393646,41.829305],[-71.393545,41.829321]]]},"properties":{"propertyCode":"100417","label":"Brown Softball Dugout 1","rank":1,"sortKey":1.9,"labelMinZoom":16,"heightM":11.7,"floors":3,"year":null,"kind":"other","placeId":null,"placeIds":[],"address":"235 Hope","currentUse":null,"buildingType":"BUILDING","complex":null,"aliases":["235 Hope","BRSFTBLDO1"],"meetings":0}},{"type":"Feature","id":"100418","geometry":{"type":"Polygon","coordinates":[[[-71.393989,41.829536],[-71.393968,41.829461],[-71.393963,41.829445],[-71.393949,41.829447],[-71.393948,41.829444],[-71.394,41.829436],[-71.394027,41.82953],[-71.394036,41.829562],[-71.393984,41.829571],[-71.393975,41.829538],[-71.393989,41.829536]]]},"properties":{"propertyCode":"100418","label":"Brown Softball Dugout 2","rank":1,"sortKey":1.9,"labelMinZoom":16,"heightM":11.7,"floors":3,"year":null,"kind":"other","placeId":null,"placeIds":[],"address":"235 Hope","currentUse":null,"buildingType":null,"complex":null,"aliases":["235 Hope","BRSFTBLDO2"],"meetings":0}},{"type":"Feature","id":"100419","geometry":{"type":"Polygon","coordinates":[[[-71.399512,41.825152],[-71.399627,41.825142],[-71.399637,41.825202],[-71.399596,41.825205],[-71.399597,41.82521],[-71.399523,41.825217],[-71.399512,41.825152]]]},"properties":{"propertyCode":"100419","label":"George St 155 Garage/Annex","rank":1,"sortKey":1.9,"labelMinZoom":16,"heightM":11.7,"floors":3,"year":null,"kind":"other","placeId":null,"placeIds":[],"address":"155 George St","currentUse":null,"buildingType":"BUILDING","complex":null,"aliases":["155 George St","Geo155ANX"],"meetings":0}},{"type":"Feature","id":"100421","geometry":{"type":"Polygon","coordinates":[[[-71.398128,41.824713],[-71.398139,41.824776],[-71.398076,41.824781],[-71.398066,41.824719],[-71.398128,41.824713]]]},"properties":{"propertyCode":"100421","label":"Benevolent St 97/Garage","rank":2,"sortKey":2.9,"labelMinZoom":17,"heightM":11.7,"floors":3,"year":null,"kind":"other","placeId":null,"placeIds":[],"address":"97 Benevolent St","currentUse":null,"buildingType":"GARAGE","complex":null,"aliases":["97 Benevolent St","BENE97GAR"],"meetings":0}},{"type":"Feature","id":"100422","geometry":{"type":"Polygon","coordinates":[[[-71.396445,41.831844],[-71.3964,41.831858],[-71.396363,41.831794],[-71.396408,41.83178],[-71.396445,41.831844]]]},"properties":{"propertyCode":"100422","label":"Lacrosse/Soccer Equipment Space","rank":1,"sortKey":1.9,"labelMinZoom":16,"heightM":11.7,"floors":3,"year":null,"kind":"other","placeId":null,"placeIds":[],"address":"245 Lloyd Ave","currentUse":null,"buildingType":"BUILDING","complex":null,"aliases":["245 Lloyd Ave","LAXSOCEQUIP"],"meetings":0}},{"type":"Feature","id":"100423","geometry":{"type":"Polygon","coordinates":[[[-71.396232,41.831476],[-71.396188,41.83149],[-71.396163,41.831446],[-71.396173,41.831443],[-71.396139,41.831384],[-71.396173,41.831374],[-71.396232,41.831476]]]},"properties":{"propertyCode":"100423","label":"Lacrosse/Soccer Public Restroom","rank":1,"sortKey":1.9,"labelMinZoom":16,"heightM":11.7,"floors":3,"year":null,"kind":"other","placeId":null,"placeIds":[],"address":"245 Lloyd Ave","currentUse":null,"buildingType":"BUILDING","complex":null,"aliases":["245 Lloyd Ave","LAXSOCRESTRM"],"meetings":0}},{"type":"Feature","id":"100424","geometry":{"type":"Polygon","coordinates":[[[-71.394912,41.830359],[-71.394917,41.830381],[-71.394874,41.830387],[-71.394868,41.830366],[-71.394912,41.830359]]]},"properties":{"propertyCode":"100424","label":"Goldberger Field Shed","rank":2,"sortKey":2.9,"labelMinZoom":17,"heightM":8.2,"floors":2,"year":null,"kind":"other","placeId":null,"placeIds":[],"address":"235 Hope","currentUse":null,"buildingType":"SHED","complex":null,"aliases":["235 Hope","GOLDBSHD"],"meetings":0}},{"type":"Feature","id":"100425","geometry":{"type":"Polygon","coordinates":[[[-71.410131,41.819461],[-71.41011,41.819484],[-71.410085,41.819471],[-71.410106,41.819448],[-71.410131,41.819461]]]},"properties":{"propertyCode":"100425","label":"Ship St 70 Water Pump Shed","rank":2,"sortKey":2.9,"labelMinZoom":17,"heightM":4.7,"floors":1,"year":null,"kind":"other","placeId":null,"placeIds":[],"address":"70 Ship St","currentUse":null,"buildingType":"SHED","complex":null,"aliases":["70 Ship St","SHIP70SHD"],"meetings":0}},{"type":"Feature","id":"200751","geometry":{"type":"Polygon","coordinates":[[[-71.407757,41.818968],[-71.407421,41.819101],[-71.406993,41.818493],[-71.407369,41.818345],[-71.407766,41.818908],[-71.407726,41.818924],[-71.407757,41.818968]]]},"properties":{"propertyCode":"200751","label":"South Street Landing Parking","rank":1,"sortKey":1.9,"labelMinZoom":16,"heightM":11.7,"floors":3,"year":null,"kind":"other","placeId":null,"placeIds":[],"address":"330 Eddy St","currentUse":null,"buildingType":null,"complex":null,"aliases":["330 Eddy St","LOT00330"],"meetings":0}}]}
