event_id,title,start_date_iso,end_date_iso,display_date,display_time,timezone,all_day,repeats,repeats_until,series_start,series_end,canceled,online,online_type,online_url,location,latitude,longitude,cost,organizer,event_types,audiences,campus_categories,tags,contact,contact_emails,registration_available,registration_limit,wait_list_available,thumbnail_url,thumbnail_alt,source_url,api_source_url
334851,2026 Computational Modeling Workshop + Challenge,2026-07-29T00:00:00-04:00,,July 29,,America/New_York,true,every weekday (Monday to Friday),July 31,2026-07-13 04:00:00,2026-07-31 04:00:00,false,false,,,164 Angell Street,41.828299,-71.401003,,Carney Institute for Brain Science,"Lectures, Seminars and Workshops",,,"Biology, Medicine, Public Health | CCBS | Research",sebastian_musslick@brown.edu,sebastian_musslick@brown.edu,false,,false,"https://events.brown.edu/live/image/gid/16/width/80/height/80/crop/1/src_region/28,0,908,880/23176_Carney_Brain_3.jpg",Carney brain logo,https://events.brown.edu/brain-science/event/334851-2026-computational-modeling-workshop-challenge,https://events.brown.edu/live/json/events
329077,Art at Watson Presents — The Future Was Already Buried Here: Making and Unmaking Futures in California’s Lithium Valley,2026-07-29T00:00:00-04:00,,July 29,,America/New_York,true,,,2026-03-12 04:00:00,2026-08-28 04:00:00,false,false,,,111 Thayer Street,,,,Watson School of International and Public Affairs,"Performances, Concerts and Exhibitions",,,,watsonevents@brown.edu,watsonevents@brown.edu,false,,false,"https://events.brown.edu/live/image/gid/90/width/80/height/80/crop/1/src_region/0,0,1080,1079/22231_AAW_Future-Buried_Rabbani_web_1080x1079.jpg",Welcome sign - Salton Sea Beach,https://events.brown.edu/live/events/329049-art-at-watson-presents-the-future-was-already-buried-,https://events.brown.edu/live/json/events
333264,B-Lab Summer Accelerator,2026-07-29T00:00:00-04:00,,July 29,,America/New_York,true,,,2026-06-02 13:15:00,2026-07-29 17:30:00,false,false,,,"1 Euclid Ave, Providence RI 02906",41.828884,-71.400581,,Nelson Center for Entrepreneurship,,,,Entrepreneurship,entrepreneurship@brown.edu,entrepreneurship@brown.edu,false,,false,"https://events.brown.edu/live/image/gid/57/width/80/height/80/crop/1/src_region/0,0,500,500/23101_B-Lab_logo_Thumbnail.png",B-Lab Logo,https://events.brown.edu/nelson-entrepreneurship/event/333264-b-lab-summer-accelerator,https://events.brown.edu/live/json/events
325404,Final examination period for 7 week Undergraduate courses.,2026-07-29T00:00:00-04:00,,July 29,,America/New_York,true,,,2026-07-29 04:00:00,2026-07-31 04:00:00,false,false,,,,,,,Academic Calendar,,,,Summer Session,Registrar’s Office 401-863-2500,,false,,false,,,https://events.brown.edu/academic-calendar/event/325404-final-examination-period-for-7-week-undergraduate-cou,https://events.brown.edu/live/json/events
334189,Kingston Chamber Music Festival Free Tickets,2026-07-29T00:00:00-04:00,,July 29,,America/New_York,true,,,2026-07-24 23:30:00,2026-08-02 22:00:00,false,false,,,University of Rhode Island Fine Arts Center Concert Hall,,,,General," Open to the Public | Performances, Concerts and Exhibitions",1st Year Students | 2nd Year Students | 3rd Year Students | 4th Year Students | All Staff | Campus Faculty | Hospital Faculty | Humanities | Life Sciences Biomed | Life Sciences Non-Biomed | Medical Students | Physical Sciences | Social Sciences,,"Arts, Performance",diana_wang@brown.edu,diana_wang@brown.edu,false,,false,,,https://events.brown.edu/general/event/334189-kingston-chamber-music-festival-free-tickets,https://events.brown.edu/live/json/events
333263,Nelson Center for Entrepreneurship Building Access,2026-07-29T00:00:00-04:00,,July 29,,America/New_York,true,,,2026-06-02 04:00:00,2026-08-24 04:00:00,false,false,,,"1 Euclid Ave, Providence RI 02906",41.828884,-71.400581,,Nelson Center for Entrepreneurship,,,,Entrepreneurship,entrepreneurship@brown.edu,entrepreneurship@brown.edu,false,,false,"https://events.brown.edu/live/image/gid/57/width/80/height/80/crop/1/src_region/0,0,683,683/23051_Nelson_Center_for_Entrepreneurship_Today.png",Nelson Center for Entrepreneurship logo,https://events.brown.edu/nelson-entrepreneurship/event/333263-nelson-center-for-entrepreneurship-building-access,https://events.brown.edu/live/json/events
330831,Exhibit | Divine Afterlife: Burials and Religion in Ancient Egypt,2026-07-29T09:00:00-04:00,2026-07-29T16:30:00-04:00,July 29,9:00am - 4:30pm,America/New_York,false,every weekday (Monday to Friday),August 31,2026-04-15 13:00:00,2026-08-31 13:00:00,false,false,,,Rhode Island Hall,41.82548,-71.403879,,Joukowsky Institute for Archaeology," Open to the Public | Performances, Concerts and Exhibitions",1st Year Students | 2nd Year Students | 3rd Year Students | 4th Year Students | All Staff | Campus Faculty | Hospital Faculty | Humanities | Medical Students | Social Sciences,,"Arts, Performance | History, Cultural Studies, Languages | Humanities | Identity, Culture, Inclusion | International, Global Engagement","Joukowsky Institute for ArchaeologyRhode Island Hall, 60 George Street, Providence, RI jiaaw@brown.edu _____________________________ archaeology.brown.edu",jiaaw@brown.edu,false,,false,"https://events.brown.edu/live/image/gid/58/width/80/height/80/crop/1/src_region/0,40,1080,1120/22623_Divine_Afterlife-titleonly.png",,https://events.brown.edu/live/events/330708-exhibit-divine-afterlife-burials-and-religion-in,https://events.brown.edu/live/json/events
330969,Exhibit | Scents of the Ancient Past (Curated by Erynn Bentley ’27),2026-07-29T09:00:00-04:00,2026-07-29T16:30:00-04:00,July 29,9:00am - 4:30pm,America/New_York,false,every weekday (Monday to Friday),October 1,2026-05-01 13:00:00,2026-10-01 13:00:00,false,false,,,Rhode Island Hall,41.82548,-71.403879,,Joukowsky Institute for Archaeology," Open to the Public | Performances, Concerts and Exhibitions",1st Year Students | 2nd Year Students | 3rd Year Students | 4th Year Students | All Staff | Campus Faculty | Hospital Faculty | Humanities | Medical Students | Social Sciences,,"Arts, Performance | History, Cultural Studies, Languages | Humanities | Identity, Culture, Inclusion | International, Global Engagement","Joukowsky Institute for ArchaeologyRhode Island Hall, 60 George Street, Providence, RI jiaaw@brown.edu _____________________________ archaeology.brown.edu",jiaaw@brown.edu,false,,false,"https://events.brown.edu/live/image/gid/58/width/80/height/80/crop/1/src_region/0,128,1027,1155/22683_36_without_scale.jpg",,https://events.brown.edu/joukowsky-archaeology/event/330969-exhibit-scents-of-the-ancient-past-curated-by,https://events.brown.edu/live/json/events
326614,1776 Across the Americas: A Hemispheric History from the Collections of the John Carter Brown Library,2026-07-29T10:00:00-04:00,2026-07-29T12:45:00-04:00,July 29,10:00am - 12:45pm,America/New_York,false,every weekday (Monday to Friday),December 18,2026-02-06 15:00:00,2026-12-18 15:00:00,false,false,,,94 George Street,,,Free,John Carter Brown Library," Open to the Public | Performances, Concerts and Exhibitions",,,"history | History, Cultural Studies, Languages | Humanities | Identity, Culture, Inclusion | International, Global Engagement | Libraries | Social Sciences",jcb-events@brown.edu,jcb-events@brown.edu,false,,false,"https://events.brown.edu/live/image/gid/138/width/80/height/80/crop/1/src_region/0,0,1728,1728/21701_1776_Social_Media_Bkgds_JCBL_2026-01-21.jpg",The image shows a rooster pulling on the British flag.,https://events.brown.edu/john-carter-brown-library/event/326614-1776-across-the-americas-a-hemispheric-history,https://events.brown.edu/live/json/events
334336,Exhibition on View | Sites of Remaking: Port Cities and Our Present,2026-07-29T10:00:00-04:00,2026-07-29T17:00:00-04:00,July 29,10:00am - 5:00pm,America/New_York,false,every weekday (Monday to Friday),October 24,2026-03-30 14:00:00,2026-10-24 14:00:00,false,false,,,"Ruth J. Simmons Center for the Study of Slavery & Justice, 94 Waterman St., Providence, RI 02906",41.827378,-71.401526,Free,Ruth J. Simmons Center for the Study of Slavery &amp; Justice," Open to the Public | Performances, Concerts and Exhibitions",1st Year Students | 2nd Year Students | 3rd Year Students | 4th Year Students | All Staff | Campus Faculty | Hospital Faculty | Humanities | Life Sciences Biomed | Life Sciences Non-Biomed | Medical Students | Physical Sciences | Social Sciences,,"Arts, Performance | Arts &amp; Performance | Public Humanities | Simmons Center Events",,,false,80,false,"https://events.brown.edu/live/image/gid/25/width/80/height/80/crop/1/src_region/0,0,5728,5728/22449_Port_Cities_Brochure_Title_Square.png",,https://events.brown.edu/cssj/event/334336-exhibition-on-view-sites-of-remaking-port-cities,https://events.brown.edu/live/json/events
334596,Exhibition on View | Sites of Remaking: Port Cities and Our Present,2026-07-29T10:00:00-04:00,2026-07-29T17:00:00-04:00,July 29,10:00am - 5:00pm,America/New_York,false,every weekday (Monday to Friday),October 24,2026-03-30 14:00:00,2026-10-24 14:00:00,false,false,,,"Ruth J. Simmons Center for the Study of Slavery & Justice, 94 Waterman St., Providence, RI 02906",41.827378,-71.401526,Free,Ruth J. Simmons Center for the Study of Slavery &amp; Justice," Open to the Public | Performances, Concerts and Exhibitions",1st Year Students | 2nd Year Students | 3rd Year Students | 4th Year Students | All Staff | Campus Faculty | Hospital Faculty | Humanities | Life Sciences Biomed | Life Sciences Non-Biomed | Medical Students | Physical Sciences | Social Sciences,,"Arts, Performance",,,false,,false,"https://events.brown.edu/live/image/gid/25/width/80/height/80/crop/1/src_region/0,0,5728,5728/22449_Port_Cities_Brochure_Title_Square.png",,https://events.brown.edu/live/events/329953-exhibition-on-view-sites-of-remaking-port-cities,https://events.brown.edu/live/json/events
334202,SIT Study Abroad Information Session,2026-07-29T12:00:00-04:00,2026-07-29T13:00:00-04:00,July 29,12:00pm - 1:00pm,America/New_York,false,,,2026-07-29 16:00:00,2026-07-29 17:00:00,false,true,Online only,https://brown.zoom.us/j/98678430474,Zoom ID: 986 7843 0474,,,,Study Abroad,"Lectures, Seminars and Workshops",1st Year Students | 2nd Year Students | 3rd Year Students,,"Advising, Mentorship | Government, Public &amp; International Affairs | History, Cultural Studies, Languages | Identity, Culture, Inclusion | International, Global Engagement",Ty Armitano Study Abroad Advisor ty_armitano@brown.edu,ty_armitano@brown.edu,false,,false,"https://events.brown.edu/live/image/gid/67/width/80/height/80/crop/1/src_region/0,0,240,210/2778_images.jpg",,https://events.brown.edu/live/events/333750-sit-study-abroad-information-session,https://events.brown.edu/live/json/events
334212,Money Psychology: Beyond the Numbers (Webinar),2026-07-29T12:00:00-04:00,2026-07-29T13:00:00-04:00,July 29,12:00pm - 1:00pm,America/New_York,false,,,2026-07-29 16:00:00,2026-07-29 17:00:00,false,true,Online only,,,,,,Human Resources,,,,Wellness,worklife@brown.edu,worklife@brown.edu,false,,false,"https://events.brown.edu/live/image/gid/53/width/80/height/80/crop/1/src_region/0,0,299,292/442_finance_icon.JPG",Financial wellness program,https://events.brown.edu/hr/event/334212-money-psychology-beyond-the-numbers-webinar,https://events.brown.edu/live/json/events
326794,1776 Across the Americas: A Hemispheric History from the Collections of the John Carter Brown Library,2026-07-29T14:00:00-04:00,2026-07-29T16:45:00-04:00,July 29,2:00pm - 4:45pm,America/New_York,false,weekly,December 16,2026-02-11 19:00:00,2026-12-16 19:00:00,false,false,,,94 George Street,,,Free,John Carter Brown Library," Open to the Public | Performances, Concerts and Exhibitions",,,"history | History, Cultural Studies, Languages | Humanities | Identity, Culture, Inclusion | International, Global Engagement | Libraries | Social Sciences",jcb-events@brown.edu,jcb-events@brown.edu,false,,false,"https://events.brown.edu/live/image/gid/138/width/80/height/80/crop/1/src_region/0,0,1728,1728/21701_1776_Social_Media_Bkgds_JCBL_2026-01-21.jpg",The image shows a rooster pulling on the British flag.,https://events.brown.edu/john-carter-brown-library/event/326794-1776-across-the-americas-a-hemispheric-history,https://events.brown.edu/live/json/events
287414,COBRE CBC Computational Biology Walk-in Office hours,2026-07-29T15:00:00-04:00,2026-07-29T16:00:00-04:00,July 29,3:00pm - 4:00pm,America/New_York,false,weekly,"December 31<span class=""lw_date_year"">, 2027</span>",2024-06-26 19:00:00,2027-12-31 20:00:00,false,true,Online only,https://brown.zoom.us/j/95250171953,,,,,Center for Computation and Visualization (CCV),,,,,Center for Computation and Visualization Talk to us on https://ccv.brown.edu/discuss,,false,,false,,,https://events.brown.edu/ccv/event/287414-cobre-cbc-computational-biology-walk-in-office,https://events.brown.edu/live/json/events
334225,Study Abroad in Australia &amp; New Zealand Info Session,2026-07-29T16:00:00-04:00,2026-07-29T17:00:00-04:00,July 29,4:00pm - 5:00pm,America/New_York,false,,,2026-07-29 20:00:00,2026-07-29 21:00:00,false,true,Online only,https://brown.zoom.us/j/99365520633,Zoom Meeting ID: 993 6552 0633,,,Free,Study Abroad,"Lectures, Seminars and Workshops",1st Year Students | 2nd Year Students | 3rd Year Students,,"Advising, Mentorship | History, Cultural Studies, Languages | International, Global Engagement",Study Abroad Advising Page-Robinson 313/319 studyabroad@brown.edu 401-863-3555,studyabroad@brown.edu,false,,false,"https://events.brown.edu/live/image/gid/67/width/80/height/80/crop/1/src_region/0,0,500,500/18045_Australia__New_Zealand_Image_1.png",,https://events.brown.edu/live/events/333740-study-abroad-in-australia-new-zealand-info-session,https://events.brown.edu/live/json/events
333545,Incoming Student Office Hours with Bruno Fellow Akshat!,2026-07-29T18:00:00-04:00,,July 29,6:00pm,America/New_York,false,weekly,August 16,2026-06-17 22:00:00,2026-08-16 22:00:00,false,true,Online only,https://brown.zoom.us/j/4818462924,Zoom,,,,Orientation and Weeks of Welcome,,1st Year Students,,First-Year | Orientation,,,false,,false,"https://events.brown.edu/live/image/gid/123/width/80/height/80/crop/1/src_region/0,0,333,500/23124_Akshat__Bruno.png",Akshat posing with a Bruno stuffy,https://events.brown.edu/orientation/event/333545-incoming-student-office-hours-with-bruno-fellow,https://events.brown.edu/live/json/events
335024,Mini Lecture | Agents in the Wild: From Chatbots to Autonomous Systems,2026-07-29T18:00:00-04:00,2026-07-29T19:00:00-04:00,July 29,6:00pm - 7:00pm,America/New_York,false,,,2026-07-29 22:00:00,2026-07-29 23:00:00,false,true,Online only,https://apply.professional.brown.edu/register/?id=a95a9412-53eb-4f81-97fc-c7d115d3f050,,,,Free,Master’s Programs,"Lectures, Seminars and Workshops |  Open to the Public",All Staff | Humanities | Social Sciences,,Data Science | Master's Admissions | Master's Events | Online Master's,onlinemasters_admissions@brown.edu,onlinemasters_admissions@brown.edu,false,,false,"https://events.brown.edu/live/image/gid/224/width/80/height/80/crop/1/src_region/0,0,359,314/17139_unnamed-2.png",Online Masters Program,https://events.brown.edu/masters-programs/event/335024-mini-lecture-agents-in-the-wild-from-chatbots-to-auto,https://events.brown.edu/live/json/events
334878,Music at Sunset: Concert Series 2026 at the Blithewold Mansion,2026-07-29T18:00:00-04:00,2026-07-29T20:00:00-04:00,July 29,6:00pm - 8:00pm,America/New_York,false,,,2026-07-29 22:00:00,2026-07-30 00:00:00,false,false,,,,,,,Alumni &amp; Friends,,,,,,,false,,false,,,https://events.brown.edu/alumni-friends/event/334878-music-at-sunset-concert-series-2026-at-the,https://events.brown.edu/live/json/events
334852,2026 Computational Modeling Workshop + Challenge,2026-07-30T00:00:00-04:00,,July 30,,America/New_York,true,every weekday (Monday to Friday),July 31,2026-07-13 04:00:00,2026-07-31 04:00:00,false,false,,,164 Angell Street,41.828299,-71.401003,,Carney Institute for Brain Science,"Lectures, Seminars and Workshops",,,"Biology, Medicine, Public Health | CCBS | Research",sebastian_musslick@brown.edu,sebastian_musslick@brown.edu,false,,false,"https://events.brown.edu/live/image/gid/16/width/80/height/80/crop/1/src_region/28,0,908,880/23176_Carney_Brain_3.jpg",Carney brain logo,https://events.brown.edu/brain-science/event/334852-2026-computational-modeling-workshop-challenge,https://events.brown.edu/live/json/events
329077,Art at Watson Presents — The Future Was Already Buried Here: Making and Unmaking Futures in California’s Lithium Valley,2026-07-30T00:00:00-04:00,,July 30,,America/New_York,true,,,2026-03-12 04:00:00,2026-08-28 04:00:00,false,false,,,111 Thayer Street,,,,Watson School of International and Public Affairs,"Performances, Concerts and Exhibitions",,,,watsonevents@brown.edu,watsonevents@brown.edu,false,,false,"https://events.brown.edu/live/image/gid/90/width/80/height/80/crop/1/src_region/0,0,1080,1079/22231_AAW_Future-Buried_Rabbani_web_1080x1079.jpg",Welcome sign - Salton Sea Beach,https://events.brown.edu/live/events/329049-art-at-watson-presents-the-future-was-already-buried-,https://events.brown.edu/live/json/events
325404,Final examination period for 7 week Undergraduate courses.,2026-07-30T00:00:00-04:00,,July 30,,America/New_York,true,,,2026-07-29 04:00:00,2026-07-31 04:00:00,false,false,,,,,,,Academic Calendar,,,,Summer Session,Registrar’s Office 401-863-2500,,false,,false,,,https://events.brown.edu/academic-calendar/event/325404-final-examination-period-for-7-week-undergraduate-cou,https://events.brown.edu/live/json/events
334189,Kingston Chamber Music Festival Free Tickets,2026-07-30T00:00:00-04:00,,July 30,,America/New_York,true,,,2026-07-24 23:30:00,2026-08-02 22:00:00,false,false,,,University of Rhode Island Fine Arts Center Concert Hall,,,,General," Open to the Public | Performances, Concerts and Exhibitions",1st Year Students | 2nd Year Students | 3rd Year Students | 4th Year Students | All Staff | Campus Faculty | Hospital Faculty | Humanities | Life Sciences Biomed | Life Sciences Non-Biomed | Medical Students | Physical Sciences | Social Sciences,,"Arts, Performance",diana_wang@brown.edu,diana_wang@brown.edu,false,,false,,,https://events.brown.edu/general/event/334189-kingston-chamber-music-festival-free-tickets,https://events.brown.edu/live/json/events
333263,Nelson Center for Entrepreneurship Building Access,2026-07-30T00:00:00-04:00,,July 30,,America/New_York,true,,,2026-06-02 04:00:00,2026-08-24 04:00:00,false,false,,,"1 Euclid Ave, Providence RI 02906",41.828884,-71.400581,,Nelson Center for Entrepreneurship,,,,Entrepreneurship,entrepreneurship@brown.edu,entrepreneurship@brown.edu,false,,false,"https://events.brown.edu/live/image/gid/57/width/80/height/80/crop/1/src_region/0,0,683,683/23051_Nelson_Center_for_Entrepreneurship_Today.png",Nelson Center for Entrepreneurship logo,https://events.brown.edu/nelson-entrepreneurship/event/333263-nelson-center-for-entrepreneurship-building-access,https://events.brown.edu/live/json/events
330832,Exhibit | Divine Afterlife: Burials and Religion in Ancient Egypt,2026-07-30T09:00:00-04:00,2026-07-30T16:30:00-04:00,July 30,9:00am - 4:30pm,America/New_York,false,every weekday (Monday to Friday),August 31,2026-04-15 13:00:00,2026-08-31 13:00:00,false,false,,,Rhode Island Hall,41.82548,-71.403879,,Joukowsky Institute for Archaeology," Open to the Public | Performances, Concerts and Exhibitions",1st Year Students | 2nd Year Students | 3rd Year Students | 4th Year Students | All Staff | Campus Faculty | Hospital Faculty | Humanities | Medical Students | Social Sciences,,"Arts, Performance | History, Cultural Studies, Languages | Humanities | Identity, Culture, Inclusion | International, Global Engagement","Joukowsky Institute for ArchaeologyRhode Island Hall, 60 George Street, Providence, RI jiaaw@brown.edu _____________________________ archaeology.brown.edu",jiaaw@brown.edu,false,,false,"https://events.brown.edu/live/image/gid/58/width/80/height/80/crop/1/src_region/0,40,1080,1120/22623_Divine_Afterlife-titleonly.png",,https://events.brown.edu/live/events/330709-exhibit-divine-afterlife-burials-and-religion-in,https://events.brown.edu/live/json/events
330970,Exhibit | Scents of the Ancient Past (Curated by Erynn Bentley ’27),2026-07-30T09:00:00-04:00,2026-07-30T16:30:00-04:00,July 30,9:00am - 4:30pm,America/New_York,false,every weekday (Monday to Friday),October 1,2026-05-01 13:00:00,2026-10-01 13:00:00,false,false,,,Rhode Island Hall,41.82548,-71.403879,,Joukowsky Institute for Archaeology," Open to the Public | Performances, Concerts and Exhibitions",1st Year Students | 2nd Year Students | 3rd Year Students | 4th Year Students | All Staff | Campus Faculty | Hospital Faculty | Humanities | Medical Students | Social Sciences,,"Arts, Performance | History, Cultural Studies, Languages | Humanities | Identity, Culture, Inclusion | International, Global Engagement","Joukowsky Institute for ArchaeologyRhode Island Hall, 60 George Street, Providence, RI jiaaw@brown.edu _____________________________ archaeology.brown.edu",jiaaw@brown.edu,false,,false,"https://events.brown.edu/live/image/gid/58/width/80/height/80/crop/1/src_region/0,128,1027,1155/22683_36_without_scale.jpg",,https://events.brown.edu/joukowsky-archaeology/event/330970-exhibit-scents-of-the-ancient-past-curated-by,https://events.brown.edu/live/json/events
333506,NSO 2026 Summer Group Advising Sessions: 7/30/2026 at 10am EST,2026-07-30T10:00:00-04:00,,July 30,10:00am,America/New_York,false,,,2026-07-30 14:00:00,,false,true,Online only,https://brown.zoom.us/j/93596178031,,,,,Orientation and Weeks of Welcome,,,,First-Year | Orientation,advising@brown.edu,advising@brown.edu,true,,false,"https://events.brown.edu/live/image/gid/123/width/80/height/80/crop/1/src_region/0,0,480,320/15756_eyJ3Ijo0ODAsImgiOjQ4MCwic2NvcGUiOiJhcHAifQ.png",,https://events.brown.edu/orientation/event/333506-nso-2026-summer-group-advising-sessions-7302026-at-10,https://events.brown.edu/live/json/events
326615,1776 Across the Americas: A Hemispheric History from the Collections of the John Carter Brown Library,2026-07-30T10:00:00-04:00,2026-07-30T12:45:00-04:00,July 30,10:00am - 12:45pm,America/New_York,false,every weekday (Monday to Friday),December 18,2026-02-06 15:00:00,2026-12-18 15:00:00,false,false,,,94 George Street,,,Free,John Carter Brown Library," Open to the Public | Performances, Concerts and Exhibitions",,,"history | History, Cultural Studies, Languages | Humanities | Identity, Culture, Inclusion | International, Global Engagement | Libraries | Social Sciences",jcb-events@brown.edu,jcb-events@brown.edu,false,,false,"https://events.brown.edu/live/image/gid/138/width/80/height/80/crop/1/src_region/0,0,1728,1728/21701_1776_Social_Media_Bkgds_JCBL_2026-01-21.jpg",The image shows a rooster pulling on the British flag.,https://events.brown.edu/john-carter-brown-library/event/326615-1776-across-the-americas-a-hemispheric-history,https://events.brown.edu/live/json/events
334337,Exhibition on View | Sites of Remaking: Port Cities and Our Present,2026-07-30T10:00:00-04:00,2026-07-30T17:00:00-04:00,July 30,10:00am - 5:00pm,America/New_York,false,every weekday (Monday to Friday),October 24,2026-03-30 14:00:00,2026-10-24 14:00:00,false,false,,,"Ruth J. Simmons Center for the Study of Slavery & Justice, 94 Waterman St., Providence, RI 02906",41.827378,-71.401526,Free,Ruth J. Simmons Center for the Study of Slavery &amp; Justice," Open to the Public | Performances, Concerts and Exhibitions",1st Year Students | 2nd Year Students | 3rd Year Students | 4th Year Students | All Staff | Campus Faculty | Hospital Faculty | Humanities | Life Sciences Biomed | Life Sciences Non-Biomed | Medical Students | Physical Sciences | Social Sciences,,"Arts, Performance | Arts &amp; Performance | Public Humanities | Simmons Center Events",,,false,80,false,"https://events.brown.edu/live/image/gid/25/width/80/height/80/crop/1/src_region/0,0,5728,5728/22449_Port_Cities_Brochure_Title_Square.png",,https://events.brown.edu/cssj/event/334337-exhibition-on-view-sites-of-remaking-port-cities,https://events.brown.edu/live/json/events
334802,Paws With Willow (Pet Assisted Therapy),2026-07-30T11:00:00-04:00,2026-07-30T12:00:00-04:00,July 30,11:00am - 12:00pm,America/New_York,false,,,2026-07-30 15:00:00,2026-07-30 16:00:00,false,false,,,450 Brook Street,,,,Counseling and Psychological Services,,1st Year Students | 2nd Year Students | 3rd Year Students | 4th Year Students | Humanities | Life Sciences Biomed | Life Sciences Non-Biomed | Medical Students | Physical Sciences | Social Sciences,,,michele_zager@brown.edu,michele_zager@brown.edu,false,,false,,,https://events.brown.edu/caps/event/334802-paws-with-willow-pet-assisted-therapy,https://events.brown.edu/live/json/events
333359,Study Abroad 101 Information Session (virtual),2026-07-30T12:00:00-04:00,2026-07-30T12:30:00-04:00,July 30,12:00pm - 12:30pm,America/New_York,false,,,2026-07-30 16:00:00,2026-07-30 16:30:00,false,true,Online only,https://brown.zoom.us/j/91622823353,Page-Robinson Hall (previously JWW),41.827526,-71.402786,,Study Abroad,,,,"Advising, Mentorship | History, Cultural Studies, Languages | International, Global Engagement",Study Abroad Advising Page-Robinson Suite 313/319 401-863-3555 StudyAbroad@brown.edu,StudyAbroad@brown.edu,false,,false,"https://events.brown.edu/live/image/gid/67/width/80/height/80/crop/1/src_region/0,0,802,830/7414_StudyAbroad.png",,https://events.brown.edu/study-abroad/event/333359-study-abroad-101-information-session-virtual,https://events.brown.edu/live/json/events
335437,"Translating Passion to Progress: Inside Careers in Climate, Sustainability and Environmental Policy and Advocacy",2026-07-30T12:00:00-04:00,2026-07-30T13:00:00-04:00,July 30,12:00pm - 1:00pm,America/New_York,false,,,2026-07-30 16:00:00,2026-07-30 17:00:00,false,true,Online only,,,,,,IBES,,1st Year Students | 2nd Year Students | 3rd Year Students | 4th Year Students | Humanities | Life Sciences Biomed | Life Sciences Non-Biomed | Medical Students | Physical Sciences | Social Sciences,,,"Betsy Stubblefield Loucks, STEP Director elizabeth_loucks@brown.edu",elizabeth_loucks@brown.edu,false,,false,"https://events.brown.edu/live/image/gid/183/width/80/height/80/crop/1/src_region/667,0,2164,1494/23212_Screenshot_2026-07-16_at_11.08.44AM.png",Hands holding pro-climate signs,https://events.brown.edu/live/events/335143-translating-passion-to-progress-inside-careers-in,https://events.brown.edu/live/json/events
333507,NSO 2026 Summer Group Advising Sessions: 7/30/2026 at 1pm EST,2026-07-30T13:00:00-04:00,,July 30,1:00pm,America/New_York,false,,,2026-07-30 17:00:00,,false,true,Online only,https://brown.zoom.us/j/97651556101,,,,,Orientation and Weeks of Welcome,,,,First-Year | Orientation,advising@brown.edu,advising@brown.edu,true,,false,"https://events.brown.edu/live/image/gid/123/width/80/height/80/crop/1/src_region/0,0,480,320/15756_eyJ3Ijo0ODAsImgiOjQ4MCwic2NvcGUiOiJhcHAifQ.png",,https://events.brown.edu/orientation/event/333507-nso-2026-summer-group-advising-sessions-7302026-at-1p,https://events.brown.edu/live/json/events
334966,Master of Science in Health Informatics and AI | Virtual Information Session,2026-07-30T14:00:00-04:00,2026-07-30T15:00:00-04:00,July 30,2:00pm - 3:00pm,America/New_York,false,,,2026-07-30 18:00:00,2026-07-30 19:00:00,false,true,Online only,https://apply.professional.brown.edu/register/?id=b2627569-2df1-4df2-b44b-ecc1c448e353,,,,Free,Master’s Programs,,,,"Biology, Medicine, Public Health | Fifth-Year Master's | Graduate School, Postgraduate Education | Master's Admissions | Master's Events | masters",masters_events@brown.edu,masters_events@brown.edu,false,,false,"https://events.brown.edu/live/image/gid/175/width/80/height/80/crop/1/src_region/0,0,3200,2133/10391_20091030_PAUR_0010.jpg","Fallen autumn leaves on the front green, University and Manning Halls in the background, exterior",https://events.brown.edu/masters-programs/event/334966-master-of-science-in-health-informatics-and-ai-,https://events.brown.edu/live/json/events
326865,1776 Across the Americas: A Hemispheric History from the Collections of the John Carter Brown Library,2026-07-30T14:00:00-04:00,2026-07-30T16:45:00-04:00,July 30,2:00pm - 4:45pm,America/New_York,false,every Tuesday and Thursday,December 17,2026-02-10 19:00:00,2026-12-17 19:00:00,false,false,,,94 George Street,,,Free,John Carter Brown Library," Open to the Public | Performances, Concerts and Exhibitions",,,"history | History, Cultural Studies, Languages | Humanities | Identity, Culture, Inclusion | International, Global Engagement | Libraries | Social Sciences",jcb-events@brown.edu,jcb-events@brown.edu,false,,false,"https://events.brown.edu/live/image/gid/138/width/80/height/80/crop/1/src_region/0,0,1728,1728/21701_1776_Social_Media_Bkgds_JCBL_2026-01-21.jpg",The image shows a rooster pulling on the British flag.,https://events.brown.edu/john-carter-brown-library/event/326865-1776-across-the-americas-a-hemispheric-history,https://events.brown.edu/live/json/events
333554,Incoming Student Office Hours with Bruno Fellow Abby!,2026-07-30T16:00:00-04:00,,July 30,4:00pm,America/New_York,false,weekly,August 16,2026-06-18 20:00:00,2026-08-16 20:00:00,false,true,Online only,https://brown.zoom.us/j/4818462924,Zoom,,,,Orientation and Weeks of Welcome,,1st Year Students,,First-Year | Orientation,,,false,,false,"https://events.brown.edu/live/image/gid/123/width/80/height/80/crop/1/src_region/0,0,333,500/23121_Abby__Bruno.jpg",Abby posing with a Bruno stuffy,https://events.brown.edu/orientation/event/333554-incoming-student-office-hours-with-bruno-fellow,https://events.brown.edu/live/json/events
334853,2026 Computational Modeling Workshop + Challenge,2026-07-31T00:00:00-04:00,,July 31,,America/New_York,true,every weekday (Monday to Friday),July 31,2026-07-13 04:00:00,2026-07-31 04:00:00,false,false,,,164 Angell Street,41.828299,-71.401003,,Carney Institute for Brain Science,"Lectures, Seminars and Workshops",,,"Biology, Medicine, Public Health | CCBS | Research",sebastian_musslick@brown.edu,sebastian_musslick@brown.edu,false,,false,"https://events.brown.edu/live/image/gid/16/width/80/height/80/crop/1/src_region/28,0,908,880/23176_Carney_Brain_3.jpg",Carney brain logo,https://events.brown.edu/brain-science/event/334853-2026-computational-modeling-workshop-challenge,https://events.brown.edu/live/json/events
333650,7 week Undergraduate Summer Session ends.,2026-07-31T00:00:00-04:00,,July 31,,America/New_York,true,,,2026-07-31 04:00:00,,false,false,,,,,,,Academic Calendar,,,,"Academic Calendar, University Dates &amp; Events",Registrar’s Office 401-863-2500,,false,,false,,,https://events.brown.edu/live/events/325369-summer-session-ends,https://events.brown.edu/live/json/events
329077,Art at Watson Presents — The Future Was Already Buried Here: Making and Unmaking Futures in California’s Lithium Valley,2026-07-31T00:00:00-04:00,,July 31,,America/New_York,true,,,2026-03-12 04:00:00,2026-08-28 04:00:00,false,false,,,111 Thayer Street,,,,Watson School of International and Public Affairs,"Performances, Concerts and Exhibitions",,,,watsonevents@brown.edu,watsonevents@brown.edu,false,,false,"https://events.brown.edu/live/image/gid/90/width/80/height/80/crop/1/src_region/0,0,1080,1079/22231_AAW_Future-Buried_Rabbani_web_1080x1079.jpg",Welcome sign - Salton Sea Beach,https://events.brown.edu/live/events/329049-art-at-watson-presents-the-future-was-already-buried-,https://events.brown.edu/live/json/events
325404,Final examination period for 7 week Undergraduate courses.,2026-07-31T00:00:00-04:00,,July 31,,America/New_York,true,,,2026-07-29 04:00:00,2026-07-31 04:00:00,false,false,,,,,,,Academic Calendar,,,,Summer Session,Registrar’s Office 401-863-2500,,false,,false,,,https://events.brown.edu/academic-calendar/event/325404-final-examination-period-for-7-week-undergraduate-cou,https://events.brown.edu/live/json/events
334189,Kingston Chamber Music Festival Free Tickets,2026-07-31T00:00:00-04:00,,July 31,,America/New_York,true,,,2026-07-24 23:30:00,2026-08-02 22:00:00,false,false,,,University of Rhode Island Fine Arts Center Concert Hall,,,,General," Open to the Public | Performances, Concerts and Exhibitions",1st Year Students | 2nd Year Students | 3rd Year Students | 4th Year Students | All Staff | Campus Faculty | Hospital Faculty | Humanities | Life Sciences Biomed | Life Sciences Non-Biomed | Medical Students | Physical Sciences | Social Sciences,,"Arts, Performance",diana_wang@brown.edu,diana_wang@brown.edu,false,,false,,,https://events.brown.edu/general/event/334189-kingston-chamber-music-festival-free-tickets,https://events.brown.edu/live/json/events
333263,Nelson Center for Entrepreneurship Building Access,2026-07-31T00:00:00-04:00,,July 31,,America/New_York,true,,,2026-06-02 04:00:00,2026-08-24 04:00:00,false,false,,,"1 Euclid Ave, Providence RI 02906",41.828884,-71.400581,,Nelson Center for Entrepreneurship,,,,Entrepreneurship,entrepreneurship@brown.edu,entrepreneurship@brown.edu,false,,false,"https://events.brown.edu/live/image/gid/57/width/80/height/80/crop/1/src_region/0,0,683,683/23051_Nelson_Center_for_Entrepreneurship_Today.png",Nelson Center for Entrepreneurship logo,https://events.brown.edu/nelson-entrepreneurship/event/333263-nelson-center-for-entrepreneurship-building-access,https://events.brown.edu/live/json/events
330833,Exhibit | Divine Afterlife: Burials and Religion in Ancient Egypt,2026-07-31T09:00:00-04:00,2026-07-31T16:30:00-04:00,July 31,9:00am - 4:30pm,America/New_York,false,every weekday (Monday to Friday),August 31,2026-04-15 13:00:00,2026-08-31 13:00:00,false,false,,,Rhode Island Hall,41.82548,-71.403879,,Joukowsky Institute for Archaeology," Open to the Public | Performances, Concerts and Exhibitions",1st Year Students | 2nd Year Students | 3rd Year Students | 4th Year Students | All Staff | Campus Faculty | Hospital Faculty | Humanities | Medical Students | Social Sciences,,"Arts, Performance | History, Cultural Studies, Languages | Humanities | Identity, Culture, Inclusion | International, Global Engagement","Joukowsky Institute for ArchaeologyRhode Island Hall, 60 George Street, Providence, RI jiaaw@brown.edu _____________________________ archaeology.brown.edu",jiaaw@brown.edu,false,,false,"https://events.brown.edu/live/image/gid/58/width/80/height/80/crop/1/src_region/0,40,1080,1120/22623_Divine_Afterlife-titleonly.png",,https://events.brown.edu/live/events/330710-exhibit-divine-afterlife-burials-and-religion-in,https://events.brown.edu/live/json/events
330971,Exhibit | Scents of the Ancient Past (Curated by Erynn Bentley ’27),2026-07-31T09:00:00-04:00,2026-07-31T16:30:00-04:00,July 31,9:00am - 4:30pm,America/New_York,false,every weekday (Monday to Friday),October 1,2026-05-01 13:00:00,2026-10-01 13:00:00,false,false,,,Rhode Island Hall,41.82548,-71.403879,,Joukowsky Institute for Archaeology," Open to the Public | Performances, Concerts and Exhibitions",1st Year Students | 2nd Year Students | 3rd Year Students | 4th Year Students | All Staff | Campus Faculty | Hospital Faculty | Humanities | Medical Students | Social Sciences,,"Arts, Performance | History, Cultural Studies, Languages | Humanities | Identity, Culture, Inclusion | International, Global Engagement","Joukowsky Institute for ArchaeologyRhode Island Hall, 60 George Street, Providence, RI jiaaw@brown.edu _____________________________ archaeology.brown.edu",jiaaw@brown.edu,false,,false,"https://events.brown.edu/live/image/gid/58/width/80/height/80/crop/1/src_region/0,128,1027,1155/22683_36_without_scale.jpg",,https://events.brown.edu/joukowsky-archaeology/event/330971-exhibit-scents-of-the-ancient-past-curated-by,https://events.brown.edu/live/json/events
323876,CCV Office Hours,2026-07-31T10:00:00-04:00,2026-07-31T12:00:00-04:00,July 31,10:00am - 12:00pm,America/New_York,false,,,2026-07-31 14:00:00,2026-07-31 16:00:00,false,true,Hybrid,https://brown.zoom.us/j/93572022965,180 George Street,41.825929,-71.398812,Free,Center for Computation and Visualization (CCV),"Lectures, Seminars and Workshops |  Open to the Public",,,Computing | HPC | Research,Email the HPC team,hpc@brown.edu,false,,false,"https://events.brown.edu/live/image/gid/176/width/80/height/80/crop/1/src_region/0,0,8334,4307/2435_ccv-zdog_2.png",,https://events.brown.edu/ccv/event/323876-ccv-office-hours,https://events.brown.edu/live/json/events
326616,1776 Across the Americas: A Hemispheric History from the Collections of the John Carter Brown Library,2026-07-31T10:00:00-04:00,2026-07-31T12:45:00-04:00,July 31,10:00am - 12:45pm,America/New_York,false,every weekday (Monday to Friday),December 18,2026-02-06 15:00:00,2026-12-18 15:00:00,false,false,,,94 George Street,,,Free,John Carter Brown Library," Open to the Public | Performances, Concerts and Exhibitions",,,"history | History, Cultural Studies, Languages | Humanities | Identity, Culture, Inclusion | International, Global Engagement | Libraries | Social Sciences",jcb-events@brown.edu,jcb-events@brown.edu,false,,false,"https://events.brown.edu/live/image/gid/138/width/80/height/80/crop/1/src_region/0,0,1728,1728/21701_1776_Social_Media_Bkgds_JCBL_2026-01-21.jpg",The image shows a rooster pulling on the British flag.,https://events.brown.edu/john-carter-brown-library/event/326616-1776-across-the-americas-a-hemispheric-history,https://events.brown.edu/live/json/events
334338,Exhibition on View | Sites of Remaking: Port Cities and Our Present,2026-07-31T10:00:00-04:00,2026-07-31T17:00:00-04:00,July 31,10:00am - 5:00pm,America/New_York,false,every weekday (Monday to Friday),October 24,2026-03-30 14:00:00,2026-10-24 14:00:00,false,false,,,"Ruth J. Simmons Center for the Study of Slavery & Justice, 94 Waterman St., Providence, RI 02906",41.827378,-71.401526,Free,Ruth J. Simmons Center for the Study of Slavery &amp; Justice," Open to the Public | Performances, Concerts and Exhibitions",1st Year Students | 2nd Year Students | 3rd Year Students | 4th Year Students | All Staff | Campus Faculty | Hospital Faculty | Humanities | Life Sciences Biomed | Life Sciences Non-Biomed | Medical Students | Physical Sciences | Social Sciences,,"Arts, Performance | Arts &amp; Performance | Public Humanities | Simmons Center Events",,,false,80,false,"https://events.brown.edu/live/image/gid/25/width/80/height/80/crop/1/src_region/0,0,5728,5728/22449_Port_Cities_Brochure_Title_Square.png",,https://events.brown.edu/cssj/event/334338-exhibition-on-view-sites-of-remaking-port-cities,https://events.brown.edu/live/json/events
333213,$150K Pitch Competition from NGEN x Honors Fund,2026-07-31T12:00:00-04:00,,July 31,12:00pm,America/New_York,false,,,2026-07-31 16:00:00,,false,true,Online only,,Virtual,,,,General,"Awards, Receptions and Celebrations",1st Year Students | 2nd Year Students | 3rd Year Students | 4th Year Students | Humanities | Life Sciences Biomed | Life Sciences Non-Biomed | Medical Students | Physical Sciences | Social Sciences,,"Biology, Medicine, Public Health | Entrepreneurship | Mathematics, Technology, Engineering | Psychology &amp; Cognitive Sciences | Student Clubs, Organizations &amp; Activities",,,false,,false,,,https://events.brown.edu/general/event/333213-150k-pitch-competition-from-ngen-x-honors-fund,https://events.brown.edu/live/json/events
335644,"Pandemic Center Webinar: Rising Temps, Rising Risks: Infectious Disease in the 2026 El Niño Year",2026-07-31T12:00:00-04:00,2026-07-31T13:00:00-04:00,July 31,12:00pm - 1:00pm,America/New_York,false,,,2026-07-31 16:00:00,2026-07-31 17:00:00,false,true,Online only,https://brown.zoom.us/webinar/register/WN_FTxfv5exS6-kD1qfN7b89Q,Virtual,,,Free,School of Public Health,"Lectures, Seminars and Workshops |  Open to the Public",1st Year Students | 2nd Year Students | 3rd Year Students | 4th Year Students | All Staff | Campus Faculty | Humanities | Social Sciences,,Brown University School of Public Health | Pandemic Center,pandemic_center@brown.edu,pandemic_center@brown.edu,false,,false,"https://events.brown.edu/live/image/gid/76/width/80/height/80/crop/1/src_region/0,0,800,800/22809_Events_Square_Webinars_10.png",On April 24 at 12:00PM ET the Pandemic Center will host a webinar titled: Optimizing Wastewater Surveillance to Detect Outbreaks and Track D,https://events.brown.edu/public-health/event/335644-pandemic-center-webinar-rising-temps-rising-risks-inf,https://events.brown.edu/live/json/events
334251,"Thesis Defense: Benedict Quartey (“Scaling Trusted Autonomy: Towards Generally Capable, Verifiable Robots”)",2026-07-31T13:00:00-04:00,2026-07-31T15:00:00-04:00,July 31,1:00pm - 3:00pm,America/New_York,false,,,2026-07-31 17:00:00,2026-07-31 19:00:00,false,true,Hybrid,https://brown.zoom.us/j/97036919360,Watson Center for Information Technology (CIT),41.826939,-71.399562,Free,Computer Science,Conferences and Colloquia |  Open to the Public,,,,,,false,,false,,,https://events.brown.edu/computer-science/event/334251-thesis-defense-benedict-quartey-scaling-trusted,https://events.brown.edu/live/json/events
334883,Philosophy Dissertation Defense: Marc Hewitt,2026-07-31T15:00:00-04:00,2026-07-31T17:00:00-04:00,July 31,3:00pm - 5:00pm,America/New_York,false,,,2026-07-31 19:00:00,2026-07-31 21:00:00,false,false,,,Corliss-Brackett,41.827559,-71.404451,,Philosophy Department, Open to the Public,,,dissertation defense,,,false,,false,"https://events.brown.edu/live/image/gid/151/width/80/height/80/crop/1/src_region/1627,229,2339,941/23180_Marc_Dissertation-1.png",Marc Dissertation defense listing date and time,https://events.brown.edu/philosophy/event/334883-philosophy-dissertation-defense-marc-hewitt,https://events.brown.edu/live/json/events
335521,Dissertation Defense: Jooyoung Lee,2026-07-31T15:00:00-04:00,2026-07-31T17:00:00-04:00,July 31,3:00pm - 5:00pm,America/New_York,false,,,2026-07-31 19:00:00,2026-07-31 21:00:00,false,false,,,Metcalf Research Building,,,,Cognitive and Psychological Sciences (CoPsy),,,,,Betsy Valle Graduate Student Affairs Specialist betsy_valle@brown.edu,betsy_valle@brown.edu,false,,false,,,https://events.brown.edu/live/events/335466-dissertation-defense-jooyoung-lee,https://events.brown.edu/live/json/events
335167,Incoming Student Office Hours with Bruno Fellow Luca!,2026-07-31T17:00:00-04:00,,July 31,5:00pm,America/New_York,false,weekly,August 16,2026-07-17 21:00:00,2026-08-16 21:00:00,false,true,Online only,https://brown.zoom.us/j/4818462924,Zoom,,,,Orientation and Weeks of Welcome,,1st Year Students,,First-Year | Orientation,,,false,,false,"https://events.brown.edu/live/image/gid/123/width/80/height/80/crop/1/src_region/0,0,333,500/23125_Luca__Bruno.jpg",Luca posing with Bruno,https://events.brown.edu/orientation/event/335167-incoming-student-office-hours-with-bruno-fellow,https://events.brown.edu/live/json/events
331349,4th Annual Ivy+ Summer Soiree 2026,2026-07-31T19:00:00-04:00,2026-07-31T22:00:00-04:00,July 31,7:00pm - 10:00pm,America/New_York,false,,,2026-07-31 23:00:00,2026-08-01 02:00:00,false,false,,,,,,,Alumni &amp; Friends,,,,,,,false,,false,,,https://events.brown.edu/alumni-friends/event/331349-4th-annual-ivy-summer-soiree-2026,https://events.brown.edu/live/json/events
334834,Ivy+ Summer Soiree After Party,2026-07-31T22:00:00-04:00,2026-08-01T00:30:00-04:00,July 31,10:00pm,America/New_York,false,,,2026-08-01 02:00:00,2026-08-01 04:30:00,false,false,,,,,,,Alumni &amp; Friends,,,,,,,false,,false,,,https://events.brown.edu/alumni-friends/event/334834-ivy-summer-soiree-after-party,https://events.brown.edu/live/json/events
329077,Art at Watson Presents — The Future Was Already Buried Here: Making and Unmaking Futures in California’s Lithium Valley,2026-08-01T00:00:00-04:00,,August 1,,America/New_York,true,,,2026-03-12 04:00:00,2026-08-28 04:00:00,false,false,,,111 Thayer Street,,,,Watson School of International and Public Affairs,"Performances, Concerts and Exhibitions",,,,watsonevents@brown.edu,watsonevents@brown.edu,false,,false,"https://events.brown.edu/live/image/gid/90/width/80/height/80/crop/1/src_region/0,0,1080,1079/22231_AAW_Future-Buried_Rabbani_web_1080x1079.jpg",Welcome sign - Salton Sea Beach,https://events.brown.edu/live/events/329049-art-at-watson-presents-the-future-was-already-buried-,https://events.brown.edu/live/json/events
334834,Ivy+ Summer Soiree After Party,2026-08-01T00:00:00-04:00,,August 1,,America/New_York,true,,,2026-08-01 02:00:00,2026-08-01 04:30:00,false,false,,,,,,,Alumni &amp; Friends,,,,,,,false,,false,,,https://events.brown.edu/alumni-friends/event/334834-ivy-summer-soiree-after-party,https://events.brown.edu/live/json/events
334189,Kingston Chamber Music Festival Free Tickets,2026-08-01T00:00:00-04:00,,August 1,,America/New_York,true,,,2026-07-24 23:30:00,2026-08-02 22:00:00,false,false,,,University of Rhode Island Fine Arts Center Concert Hall,,,,General," Open to the Public | Performances, Concerts and Exhibitions",1st Year Students | 2nd Year Students | 3rd Year Students | 4th Year Students | All Staff | Campus Faculty | Hospital Faculty | Humanities | Life Sciences Biomed | Life Sciences Non-Biomed | Medical Students | Physical Sciences | Social Sciences,,"Arts, Performance",diana_wang@brown.edu,diana_wang@brown.edu,false,,false,,,https://events.brown.edu/general/event/334189-kingston-chamber-music-festival-free-tickets,https://events.brown.edu/live/json/events
330091,Last day for payment of charges.,2026-08-01T00:00:00-04:00,,August 1,,America/New_York,true,,,2026-08-01 04:00:00,,false,false,,,,,,,Academic Calendar,,,,"Academic Calendar, University Dates &amp; Events | Fall Semester",Registrar’s Office 401-863-2500,,false,,false,,,https://events.brown.edu/academic-calendar/event/330091-last-day-for-payment-of-charges,https://events.brown.edu/live/json/events
333263,Nelson Center for Entrepreneurship Building Access,2026-08-01T00:00:00-04:00,,August 1,,America/New_York,true,,,2026-06-02 04:00:00,2026-08-24 04:00:00,false,false,,,"1 Euclid Ave, Providence RI 02906",41.828884,-71.400581,,Nelson Center for Entrepreneurship,,,,Entrepreneurship,entrepreneurship@brown.edu,entrepreneurship@brown.edu,false,,false,"https://events.brown.edu/live/image/gid/57/width/80/height/80/crop/1/src_region/0,0,683,683/23051_Nelson_Center_for_Entrepreneurship_Today.png",Nelson Center for Entrepreneurship logo,https://events.brown.edu/nelson-entrepreneurship/event/333263-nelson-center-for-entrepreneurship-building-access,https://events.brown.edu/live/json/events
325403,Residence halls close.,2026-08-01T00:00:00-04:00,,August 1,,America/New_York,true,,,2026-08-01 04:00:00,,false,false,,,,,,,Academic Calendar,,,,Summer Session,Registrar’s Office 401-863-2500,,false,,false,,,https://events.brown.edu/academic-calendar/event/325403-residence-halls-close,https://events.brown.edu/live/json/events
333463,"Spring 2027 Final Application Deadline—Petition Programs, Brown in Bologna, Brown in Paris, CASA Dublin, King’s College, King’s College Health &amp; Society, University College London (UCL)",2026-08-01T00:00:00-04:00,,August 1,,America/New_York,true,,,2026-08-01 04:00:00,,false,false,,,,,,,Study Abroad,,,,"Advising, Mentorship | History, Cultural Studies, Languages | International, Global Engagement | Mathematics, Technology, Engineering","Study Abroad Advising Page-Robinson Hall, 313/319 401-863-3555 studyabroad@brown.edu",studyabroad@brown.edu,false,,false,"https://events.brown.edu/live/image/gid/67/width/80/height/80/crop/1/src_region/0,0,802,830/7414_StudyAbroad.png",,https://events.brown.edu/study-abroad/event/333463-spring-2027-final-application-deadlinepetition-progra,https://events.brown.edu/live/json/events
335001,Walking Meditation in Willamette Park,2026-08-01T13:30:00-04:00,2026-08-01T14:30:00-04:00,August 1,1:30pm - 2:30pm,America/New_York,false,,,2026-08-01 17:30:00,2026-08-01 18:30:00,false,false,,,,,,,Alumni &amp; Friends,,,,,,,false,,false,,,https://events.brown.edu/alumni-friends/event/335001-walking-meditation-in-willamette-park,https://events.brown.edu/live/json/events
335088,Summer Send-Off in Los Angeles – Welcome to Brown!,2026-08-01T16:00:00-04:00,2026-08-01T18:00:00-04:00,August 1,4:00pm - 6:00pm,America/New_York,false,,,2026-08-01 20:00:00,2026-08-01 22:00:00,false,false,,,,,,,Alumni &amp; Friends,,,,,,,false,,false,,,https://events.brown.edu/alumni-friends/event/335088-summer-send-off-in-los-angeles-welcome-to-brown,https://events.brown.edu/live/json/events
334914,Brown Loves Providence WaterFire,2026-08-01T19:00:00-04:00,2026-08-02T00:00:00-04:00,August 1,7:00pm,America/New_York,false,,,2026-08-01 23:00:00,2026-08-02 04:00:00,false,false,,,Waterplace Park and along the Providence River,,,Free,University Events and Conference Services,"Free Food |  Open to the Public | Performances, Concerts and Exhibitions",1st Year Students | 2nd Year Students | 3rd Year Students | 4th Year Students | All Staff | Campus Faculty | Hospital Faculty | Humanities | Life Sciences Biomed | Life Sciences Non-Biomed | Medical Students | Physical Sciences | Social Sciences,,"Arts, Performance | University Services &amp; Operations",eventstrategy@brown.edu,eventstrategy@brown.edu,false,,false,"https://events.brown.edu/live/image/gid/87/width/80/height/80/crop/1/src_region/0,0,1440,1440/23183_PRES_BLP-Waterfire_Formal_EventsBrown.png",,https://events.brown.edu/live/events/334906-brown-loves-providence-waterfire,https://events.brown.edu/live/json/events
334963,Summer Send-Off in Japan – Welcome to Brown!,2026-08-01T22:00:00-04:00,2026-08-02T01:30:00-04:00,August 1,10:00pm,America/New_York,false,,,2026-08-02 02:00:00,2026-08-02 05:30:00,false,false,,,,,,,Alumni &amp; Friends,,,,,,,false,,false,,,https://events.brown.edu/alumni-friends/event/334963-summer-send-off-in-japan-welcome-to-brown,https://events.brown.edu/live/json/events
329077,Art at Watson Presents — The Future Was Already Buried Here: Making and Unmaking Futures in California’s Lithium Valley,2026-08-02T00:00:00-04:00,,August 2,,America/New_York,true,,,2026-03-12 04:00:00,2026-08-28 04:00:00,false,false,,,111 Thayer Street,,,,Watson School of International and Public Affairs,"Performances, Concerts and Exhibitions",,,,watsonevents@brown.edu,watsonevents@brown.edu,false,,false,"https://events.brown.edu/live/image/gid/90/width/80/height/80/crop/1/src_region/0,0,1080,1079/22231_AAW_Future-Buried_Rabbani_web_1080x1079.jpg",Welcome sign - Salton Sea Beach,https://events.brown.edu/live/events/329049-art-at-watson-presents-the-future-was-already-buried-,https://events.brown.edu/live/json/events
334914,Brown Loves Providence WaterFire,2026-08-02T00:00:00-04:00,,August 2,,America/New_York,true,,,2026-08-01 23:00:00,2026-08-02 04:00:00,false,false,,,Waterplace Park and along the Providence River,,,Free,University Events and Conference Services,"Free Food |  Open to the Public | Performances, Concerts and Exhibitions",1st Year Students | 2nd Year Students | 3rd Year Students | 4th Year Students | All Staff | Campus Faculty | Hospital Faculty | Humanities | Life Sciences Biomed | Life Sciences Non-Biomed | Medical Students | Physical Sciences | Social Sciences,,"Arts, Performance | University Services &amp; Operations",eventstrategy@brown.edu,eventstrategy@brown.edu,false,,false,"https://events.brown.edu/live/image/gid/87/width/80/height/80/crop/1/src_region/0,0,1440,1440/23183_PRES_BLP-Waterfire_Formal_EventsBrown.png",,https://events.brown.edu/live/events/334906-brown-loves-providence-waterfire,https://events.brown.edu/live/json/events
334189,Kingston Chamber Music Festival Free Tickets,2026-08-02T00:00:00-04:00,,August 2,,America/New_York,true,,,2026-07-24 23:30:00,2026-08-02 22:00:00,false,false,,,University of Rhode Island Fine Arts Center Concert Hall,,,,General," Open to the Public | Performances, Concerts and Exhibitions",1st Year Students | 2nd Year Students | 3rd Year Students | 4th Year Students | All Staff | Campus Faculty | Hospital Faculty | Humanities | Life Sciences Biomed | Life Sciences Non-Biomed | Medical Students | Physical Sciences | Social Sciences,,"Arts, Performance",diana_wang@brown.edu,diana_wang@brown.edu,false,,false,,,https://events.brown.edu/general/event/334189-kingston-chamber-music-festival-free-tickets,https://events.brown.edu/live/json/events
333263,Nelson Center for Entrepreneurship Building Access,2026-08-02T00:00:00-04:00,,August 2,,America/New_York,true,,,2026-06-02 04:00:00,2026-08-24 04:00:00,false,false,,,"1 Euclid Ave, Providence RI 02906",41.828884,-71.400581,,Nelson Center for Entrepreneurship,,,,Entrepreneurship,entrepreneurship@brown.edu,entrepreneurship@brown.edu,false,,false,"https://events.brown.edu/live/image/gid/57/width/80/height/80/crop/1/src_region/0,0,683,683/23051_Nelson_Center_for_Entrepreneurship_Today.png",Nelson Center for Entrepreneurship logo,https://events.brown.edu/nelson-entrepreneurship/event/333263-nelson-center-for-entrepreneurship-building-access,https://events.brown.edu/live/json/events
334963,Summer Send-Off in Japan – Welcome to Brown!,2026-08-02T00:00:00-04:00,,August 2,,America/New_York,true,,,2026-08-02 02:00:00,2026-08-02 05:30:00,false,false,,,,,,,Alumni &amp; Friends,,,,,,,false,,false,,,https://events.brown.edu/alumni-friends/event/334963-summer-send-off-in-japan-welcome-to-brown,https://events.brown.edu/live/json/events
334868,Summer Send-Off in Boston – Welcome to Brown!,2026-08-02T14:00:00-04:00,2026-08-02T16:00:00-04:00,August 2,2:00pm - 4:00pm,America/New_York,false,,,2026-08-02 18:00:00,2026-08-02 20:00:00,false,false,,,,,,,Alumni &amp; Friends,,,,,,,false,,false,,,https://events.brown.edu/alumni-friends/event/334868-summer-send-off-in-boston-welcome-to-brown,https://events.brown.edu/live/json/events
333572,Incoming Student Office Hours with Bruno Fellow Jeanus!,2026-08-02T17:00:00-04:00,,August 2,5:00pm,America/New_York,false,weekly,August 16,2026-06-21 21:00:00,2026-08-16 21:00:00,false,true,Online only,https://brown.zoom.us/j/4818462924,Zoom,,,,Orientation and Weeks of Welcome,,1st Year Students,,First-Year | Orientation,,,false,,false,"https://events.brown.edu/live/image/gid/123/width/80/height/80/crop/1/src_region/0,0,333,500/23126_Jeanus__Bruno.jpg",Jeanus posing with a Bruno stuffy,https://events.brown.edu/orientation/event/333572-incoming-student-office-hours-with-bruno-fellow,https://events.brown.edu/live/json/events
329077,Art at Watson Presents — The Future Was Already Buried Here: Making and Unmaking Futures in California’s Lithium Valley,2026-08-03T00:00:00-04:00,,August 3,,America/New_York,true,,,2026-03-12 04:00:00,2026-08-28 04:00:00,false,false,,,111 Thayer Street,,,,Watson School of International and Public Affairs,"Performances, Concerts and Exhibitions",,,,watsonevents@brown.edu,watsonevents@brown.edu,false,,false,"https://events.brown.edu/live/image/gid/90/width/80/height/80/crop/1/src_region/0,0,1080,1079/22231_AAW_Future-Buried_Rabbani_web_1080x1079.jpg",Welcome sign - Salton Sea Beach,https://events.brown.edu/live/events/329049-art-at-watson-presents-the-future-was-already-buried-,https://events.brown.edu/live/json/events
333263,Nelson Center for Entrepreneurship Building Access,2026-08-03T00:00:00-04:00,,August 3,,America/New_York,true,,,2026-06-02 04:00:00,2026-08-24 04:00:00,false,false,,,"1 Euclid Ave, Providence RI 02906",41.828884,-71.400581,,Nelson Center for Entrepreneurship,,,,Entrepreneurship,entrepreneurship@brown.edu,entrepreneurship@brown.edu,false,,false,"https://events.brown.edu/live/image/gid/57/width/80/height/80/crop/1/src_region/0,0,683,683/23051_Nelson_Center_for_Entrepreneurship_Today.png",Nelson Center for Entrepreneurship logo,https://events.brown.edu/nelson-entrepreneurship/event/333263-nelson-center-for-entrepreneurship-building-access,https://events.brown.edu/live/json/events
333162,Management Essentials July-August Series (In Person),2026-08-03T09:00:00-04:00,2026-08-03T12:00:00-04:00,August 3,9:00am - 12:00pm,America/New_York,false,weekly,August 24,2026-07-13 13:00:00,2026-08-24 13:00:00,false,false,,,South Street Landing,41.818344,-71.406139,,Human Resources,,,,Management Essentials,"For more information about Management Essentials, please email ldeteam@brown.edu.",ldeteam@brown.edu,false,,false,"https://events.brown.edu/live/image/gid/53/width/80/height/80/crop/1/src_region/0,0,176,178/22930_UHR_with_TD_Icon_1.png",Yellow circular logo with a lightbulb shaped like a flower on a stem,https://events.brown.edu/hr/event/333162-management-essentials-july-august-series-in-person,https://events.brown.edu/live/json/events
330834,Exhibit | Divine Afterlife: Burials and Religion in Ancient Egypt,2026-08-03T09:00:00-04:00,2026-08-03T16:30:00-04:00,August 3,9:00am - 4:30pm,America/New_York,false,every weekday (Monday to Friday),August 31,2026-04-15 13:00:00,2026-08-31 13:00:00,false,false,,,Rhode Island Hall,41.82548,-71.403879,,Joukowsky Institute for Archaeology," Open to the Public | Performances, Concerts and Exhibitions",1st Year Students | 2nd Year Students | 3rd Year Students | 4th Year Students | All Staff | Campus Faculty | Hospital Faculty | Humanities | Medical Students | Social Sciences,,"Arts, Performance | History, Cultural Studies, Languages | Humanities | Identity, Culture, Inclusion | International, Global Engagement","Joukowsky Institute for ArchaeologyRhode Island Hall, 60 George Street, Providence, RI jiaaw@brown.edu _____________________________ archaeology.brown.edu",jiaaw@brown.edu,false,,false,"https://events.brown.edu/live/image/gid/58/width/80/height/80/crop/1/src_region/0,40,1080,1120/22623_Divine_Afterlife-titleonly.png",,https://events.brown.edu/live/events/330711-exhibit-divine-afterlife-burials-and-religion-in,https://events.brown.edu/live/json/events
330972,Exhibit | Scents of the Ancient Past (Curated by Erynn Bentley ’27),2026-08-03T09:00:00-04:00,2026-08-03T16:30:00-04:00,August 3,9:00am - 4:30pm,America/New_York,false,every weekday (Monday to Friday),October 1,2026-05-01 13:00:00,2026-10-01 13:00:00,false,false,,,Rhode Island Hall,41.82548,-71.403879,,Joukowsky Institute for Archaeology," Open to the Public | Performances, Concerts and Exhibitions",1st Year Students | 2nd Year Students | 3rd Year Students | 4th Year Students | All Staff | Campus Faculty | Hospital Faculty | Humanities | Medical Students | Social Sciences,,"Arts, Performance | History, Cultural Studies, Languages | Humanities | Identity, Culture, Inclusion | International, Global Engagement","Joukowsky Institute for ArchaeologyRhode Island Hall, 60 George Street, Providence, RI jiaaw@brown.edu _____________________________ archaeology.brown.edu",jiaaw@brown.edu,false,,false,"https://events.brown.edu/live/image/gid/58/width/80/height/80/crop/1/src_region/0,128,1027,1155/22683_36_without_scale.jpg",,https://events.brown.edu/joukowsky-archaeology/event/330972-exhibit-scents-of-the-ancient-past-curated-by,https://events.brown.edu/live/json/events
326617,1776 Across the Americas: A Hemispheric History from the Collections of the John Carter Brown Library,2026-08-03T10:00:00-04:00,2026-08-03T12:45:00-04:00,August 3,10:00am - 12:45pm,America/New_York,false,every weekday (Monday to Friday),December 18,2026-02-06 15:00:00,2026-12-18 15:00:00,false,false,,,94 George Street,,,Free,John Carter Brown Library," Open to the Public | Performances, Concerts and Exhibitions",,,"history | History, Cultural Studies, Languages | Humanities | Identity, Culture, Inclusion | International, Global Engagement | Libraries | Social Sciences",jcb-events@brown.edu,jcb-events@brown.edu,false,,false,"https://events.brown.edu/live/image/gid/138/width/80/height/80/crop/1/src_region/0,0,1728,1728/21701_1776_Social_Media_Bkgds_JCBL_2026-01-21.jpg",The image shows a rooster pulling on the British flag.,https://events.brown.edu/john-carter-brown-library/event/326617-1776-across-the-americas-a-hemispheric-history,https://events.brown.edu/live/json/events
334339,Exhibition on View | Sites of Remaking: Port Cities and Our Present,2026-08-03T10:00:00-04:00,2026-08-03T17:00:00-04:00,August 3,10:00am - 5:00pm,America/New_York,false,every weekday (Monday to Friday),October 24,2026-03-30 14:00:00,2026-10-24 14:00:00,false,false,,,"Ruth J. Simmons Center for the Study of Slavery & Justice, 94 Waterman St., Providence, RI 02906",41.827378,-71.401526,Free,Ruth J. Simmons Center for the Study of Slavery &amp; Justice," Open to the Public | Performances, Concerts and Exhibitions",1st Year Students | 2nd Year Students | 3rd Year Students | 4th Year Students | All Staff | Campus Faculty | Hospital Faculty | Humanities | Life Sciences Biomed | Life Sciences Non-Biomed | Medical Students | Physical Sciences | Social Sciences,,"Arts, Performance | Arts &amp; Performance | Public Humanities | Simmons Center Events",,,false,80,false,"https://events.brown.edu/live/image/gid/25/width/80/height/80/crop/1/src_region/0,0,5728,5728/22449_Port_Cities_Brochure_Title_Square.png",,https://events.brown.edu/cssj/event/334339-exhibition-on-view-sites-of-remaking-port-cities,https://events.brown.edu/live/json/events
335525,Overdose Education &amp; Prevention Training,2026-08-03T12:00:00-04:00,2026-08-03T13:00:00-04:00,August 3,12:00pm - 1:00pm,America/New_York,false,,,2026-08-03 16:00:00,2026-08-03 17:00:00,false,false,,,"Health & Wellness Center, 450 Brook St",,,,BWell Health Promotion,,1st Year Students | 2nd Year Students | 3rd Year Students | 4th Year Students | All Staff | Campus Faculty | Hospital Faculty | Humanities | Life Sciences Biomed | Life Sciences Non-Biomed | Medical Students | Physical Sciences | Social Sciences,,"Biology, Medicine, Public Health | Training, Professional Development",BWell Health Promotion 401-863-2794 bwell@brown.edu,bwell@brown.edu,false,,false,"https://events.brown.edu/live/image/gid/174/width/80/height/80/crop/1/src_region/0,0,1080,1080/21423_Naloxone_Training_Flyer_Instagram_Post.jpg",Image of two test strips and naloxone nasal spray next to the words Overdose Education and Prevention Training,https://events.brown.edu/bwell/event/335525-overdose-education-prevention-training,https://events.brown.edu/live/json/events
335520,Last minute Fulbright Questions! Join Ask me Anything.,2026-08-03T13:00:00-04:00,,August 3,1:00pm,America/New_York,false,,,2026-08-03 17:00:00,,false,true,Online only,https://brown.zoom.us/j/96434550864?pwd=k3TxF7SahmRFkd4CeZmTua4aY7UJrO.1,,,,Free,Fellowships,"Lectures, Seminars and Workshops",3rd Year Students | 4th Year Students | Humanities | Life Sciences Biomed | Life Sciences Non-Biomed | Physical Sciences | Social Sciences,,"Advising, Mentorship | Careers, Recruiting, Internships | Education, Teaching, Instruction | fellowships | Government, Public &amp; International Affairs | Graduate School, Postgraduate Education | History, Cultural Studies, Languages | International, Global Engagement | Research | Service, Engagement, Volunteering | Teaching &amp; Learning | Training, Professional Development",fellowships@brown,,false,,false,"https://events.brown.edu/live/image/gid/119/width/80/height/80/crop/1/src_region/0,0,1320,1322/23241_Screenshot_2026-07-24_at_11.29.45AM.png","Yellow square with black text that reads Last Minute Fulbright Questions?  VIRTUAL DROP-IN SESSION August 3, 2026 o 1 PM ET ",https://events.brown.edu/fellowships/event/335520-last-minute-fulbright-questions,https://events.brown.edu/live/json/events
326749,1776 Across the Americas: A Hemispheric History from the Collections of the John Carter Brown Library,2026-08-03T14:00:00-04:00,2026-08-03T16:45:00-04:00,August 3,2:00pm - 4:45pm,America/New_York,false,weekly,December 18,2026-02-09 19:00:00,2026-12-18 19:00:00,false,false,,,94 George Street,,,Free,John Carter Brown Library," Open to the Public | Performances, Concerts and Exhibitions",,,"history | History, Cultural Studies, Languages | Humanities | Identity, Culture, Inclusion | International, Global Engagement | Libraries | Social Sciences",jcb-events@brown.edu,jcb-events@brown.edu,false,,false,"https://events.brown.edu/live/image/gid/138/width/80/height/80/crop/1/src_region/0,0,1728,1728/21701_1776_Social_Media_Bkgds_JCBL_2026-01-21.jpg",The image shows a rooster pulling on the British flag.,https://events.brown.edu/john-carter-brown-library/event/326749-1776-across-the-americas-a-hemispheric-history,https://events.brown.edu/live/json/events
333527,Incoming Student Office Hours with Bruno Fellow Avery!,2026-08-03T20:30:00-04:00,,August 3,8:30pm,America/New_York,false,weekly,August 16,2026-06-16 00:30:00,2026-08-17 00:30:00,false,true,Online only,https://brown.zoom.us/j/4818462924,Zoom,,,,Orientation and Weeks of Welcome,,1st Year Students,,First-Year | Orientation,,,false,,false,"https://events.brown.edu/live/image/gid/123/width/80/height/80/crop/1/src_region/0,0,333,500/23122_Avery__Bruno.jpg",Avery posing with a Bruno stuffy,https://events.brown.edu/orientation/event/333527-incoming-student-office-hours-with-bruno-fellow,https://events.brown.edu/live/json/events
329077,Art at Watson Presents — The Future Was Already Buried Here: Making and Unmaking Futures in California’s Lithium Valley,2026-08-04T00:00:00-04:00,,August 4,,America/New_York,true,,,2026-03-12 04:00:00,2026-08-28 04:00:00,false,false,,,111 Thayer Street,,,,Watson School of International and Public Affairs,"Performances, Concerts and Exhibitions",,,,watsonevents@brown.edu,watsonevents@brown.edu,false,,false,"https://events.brown.edu/live/image/gid/90/width/80/height/80/crop/1/src_region/0,0,1080,1079/22231_AAW_Future-Buried_Rabbani_web_1080x1079.jpg",Welcome sign - Salton Sea Beach,https://events.brown.edu/live/events/329049-art-at-watson-presents-the-future-was-already-buried-,https://events.brown.edu/live/json/events
333263,Nelson Center for Entrepreneurship Building Access,2026-08-04T00:00:00-04:00,,August 4,,America/New_York,true,,,2026-06-02 04:00:00,2026-08-24 04:00:00,false,false,,,"1 Euclid Ave, Providence RI 02906",41.828884,-71.400581,,Nelson Center for Entrepreneurship,,,,Entrepreneurship,entrepreneurship@brown.edu,entrepreneurship@brown.edu,false,,false,"https://events.brown.edu/live/image/gid/57/width/80/height/80/crop/1/src_region/0,0,683,683/23051_Nelson_Center_for_Entrepreneurship_Today.png",Nelson Center for Entrepreneurship logo,https://events.brown.edu/nelson-entrepreneurship/event/333263-nelson-center-for-entrepreneurship-building-access,https://events.brown.edu/live/json/events
332679,Strategic Delegation and Empowerment (In Person),2026-08-04T09:00:00-04:00,2026-08-04T11:00:00-04:00,August 4,9:00am - 11:00am,America/New_York,false,,,2026-08-04 13:00:00,2026-08-04 15:00:00,false,false,,,South Street Landing,41.818344,-71.406139,,Human Resources,,,,Discovery Through Dialogue | Leadership Certification Program,"For more information about LCP, please email ldeteam@brown.edu.",ldeteam@brown.edu,false,,false,"https://events.brown.edu/live/image/gid/53/width/80/height/80/crop/1/src_region/0,0,176,178/22930_UHR_with_TD_Icon_1.png",Yellow circular logo with a lightbulb shaped like a flower on a stem,https://events.brown.edu/hr/event/332679-strategic-delegation-and-empowerment-in-person,https://events.brown.edu/live/json/events
330835,Exhibit | Divine Afterlife: Burials and Religion in Ancient Egypt,2026-08-04T09:00:00-04:00,2026-08-04T16:30:00-04:00,August 4,9:00am - 4:30pm,America/New_York,false,every weekday (Monday to Friday),August 31,2026-04-15 13:00:00,2026-08-31 13:00:00,false,false,,,Rhode Island Hall,41.82548,-71.403879,,Joukowsky Institute for Archaeology," Open to the Public | Performances, Concerts and Exhibitions",1st Year Students | 2nd Year Students | 3rd Year Students | 4th Year Students | All Staff | Campus Faculty | Hospital Faculty | Humanities | Medical Students | Social Sciences,,"Arts, Performance | History, Cultural Studies, Languages | Humanities | Identity, Culture, Inclusion | International, Global Engagement","Joukowsky Institute for ArchaeologyRhode Island Hall, 60 George Street, Providence, RI jiaaw@brown.edu _____________________________ archaeology.brown.edu",jiaaw@brown.edu,false,,false,"https://events.brown.edu/live/image/gid/58/width/80/height/80/crop/1/src_region/0,40,1080,1120/22623_Divine_Afterlife-titleonly.png",,https://events.brown.edu/live/events/330712-exhibit-divine-afterlife-burials-and-religion-in,https://events.brown.edu/live/json/events
330973,Exhibit | Scents of the Ancient Past (Curated by Erynn Bentley ’27),2026-08-04T09:00:00-04:00,2026-08-04T16:30:00-04:00,August 4,9:00am - 4:30pm,America/New_York,false,every weekday (Monday to Friday),October 1,2026-05-01 13:00:00,2026-10-01 13:00:00,false,false,,,Rhode Island Hall,41.82548,-71.403879,,Joukowsky Institute for Archaeology," Open to the Public | Performances, Concerts and Exhibitions",1st Year Students | 2nd Year Students | 3rd Year Students | 4th Year Students | All Staff | Campus Faculty | Hospital Faculty | Humanities | Medical Students | Social Sciences,,"Arts, Performance | History, Cultural Studies, Languages | Humanities | Identity, Culture, Inclusion | International, Global Engagement","Joukowsky Institute for ArchaeologyRhode Island Hall, 60 George Street, Providence, RI jiaaw@brown.edu _____________________________ archaeology.brown.edu",jiaaw@brown.edu,false,,false,"https://events.brown.edu/live/image/gid/58/width/80/height/80/crop/1/src_region/0,128,1027,1155/22683_36_without_scale.jpg",,https://events.brown.edu/joukowsky-archaeology/event/330973-exhibit-scents-of-the-ancient-past-curated-by,https://events.brown.edu/live/json/events
326618,1776 Across the Americas: A Hemispheric History from the Collections of the John Carter Brown Library,2026-08-04T10:00:00-04:00,2026-08-04T12:45:00-04:00,August 4,10:00am - 12:45pm,America/New_York,false,every weekday (Monday to Friday),December 18,2026-02-06 15:00:00,2026-12-18 15:00:00,false,false,,,94 George Street,,,Free,John Carter Brown Library," Open to the Public | Performances, Concerts and Exhibitions",,,"history | History, Cultural Studies, Languages | Humanities | Identity, Culture, Inclusion | International, Global Engagement | Libraries | Social Sciences",jcb-events@brown.edu,jcb-events@brown.edu,false,,false,"https://events.brown.edu/live/image/gid/138/width/80/height/80/crop/1/src_region/0,0,1728,1728/21701_1776_Social_Media_Bkgds_JCBL_2026-01-21.jpg",The image shows a rooster pulling on the British flag.,https://events.brown.edu/john-carter-brown-library/event/326618-1776-across-the-americas-a-hemispheric-history,https://events.brown.edu/live/json/events
334340,Exhibition on View | Sites of Remaking: Port Cities and Our Present,2026-08-04T10:00:00-04:00,2026-08-04T17:00:00-04:00,August 4,10:00am - 5:00pm,America/New_York,false,every weekday (Monday to Friday),October 24,2026-03-30 14:00:00,2026-10-24 14:00:00,false,false,,,"Ruth J. Simmons Center for the Study of Slavery & Justice, 94 Waterman St., Providence, RI 02906",41.827378,-71.401526,Free,Ruth J. Simmons Center for the Study of Slavery &amp; Justice," Open to the Public | Performances, Concerts and Exhibitions",1st Year Students | 2nd Year Students | 3rd Year Students | 4th Year Students | All Staff | Campus Faculty | Hospital Faculty | Humanities | Life Sciences Biomed | Life Sciences Non-Biomed | Medical Students | Physical Sciences | Social Sciences,,"Arts, Performance | Arts &amp; Performance | Public Humanities | Simmons Center Events",,,false,80,false,"https://events.brown.edu/live/image/gid/25/width/80/height/80/crop/1/src_region/0,0,5728,5728/22449_Port_Cities_Brochure_Title_Square.png",,https://events.brown.edu/cssj/event/334340-exhibition-on-view-sites-of-remaking-port-cities,https://events.brown.edu/live/json/events
288050,COBRE CBC Computational Biology Walk-in Office hours,2026-08-04T11:00:00-04:00,2026-08-04T12:00:00-04:00,August 4,11:00am - 12:00pm,America/New_York,false,weekly,"December 31<span class=""lw_date_year"">, 2027</span>",2024-06-11 15:00:00,2027-12-31 16:00:00,false,true,Online only,https://brown.zoom.us/j/95250171953,,,,,Center for Computation and Visualization (CCV),,,,,Center for Computation and Visualization Talk to us on https://ccv.brown.edu/discuss,,false,,false,,,https://events.brown.edu/ccv/event/288050-cobre-cbc-computational-biology-walk-in-office,https://events.brown.edu/live/json/events
335670,Retirement Basics (Webinar),2026-08-04T12:00:00-04:00,2026-08-04T12:45:00-04:00,August 4,12:00pm - 12:45pm,America/New_York,false,,,2026-08-04 16:00:00,2026-08-04 16:45:00,false,true,Online only,,,,,,Human Resources,,,,Wellness,worklife@brown.edu,worklife@brown.edu,false,,false,"https://events.brown.edu/live/image/gid/53/width/80/height/80/crop/1/src_region/0,0,299,292/442_finance_icon.JPG",Financial Wellness Icon,https://events.brown.edu/hr/event/335670-retirement-basics-webinar,https://events.brown.edu/live/json/events
335464,Online Master of Public Policy: Program Overview,2026-08-04T12:00:00-04:00,2026-08-04T13:00:00-04:00,August 4,12:00pm - 1:00pm,America/New_York,false,,,2026-08-04 16:00:00,2026-08-04 17:00:00,false,true,Online only,https://apply.professional.brown.edu/register/?id=54d30fb5-fc88-4f64-b255-0d77032b86e1,,,,Free,Master’s Programs,,,,,onlinemasters_admissions@brown.edu,onlinemasters_admissions@brown.edu,false,,false,"https://events.brown.edu/live/image/gid/224/width/80/height/80/crop/1/src_region/0,0,359,314/17139_unnamed-2.png",Online Masters Program,https://events.brown.edu/live/events/335096-online-master-of-public-policy-program-overview,https://events.brown.edu/live/json/events
334825,Pre-Law Advising | Making ¢ents of the Law School Application Process,2026-08-04T12:00:00-04:00,2026-08-04T13:30:00-04:00,August 4,12:00pm - 1:30pm,America/New_York,false,,,2026-08-04 16:00:00,2026-08-04 17:30:00,false,true,Online only,https://docs.google.com/forms/d/e/1FAIpQLSfj8eX4bFn4o1BWIU3tlM5yQw8guUXhZl4mbIvQ_Q0HtJcNGw/viewform,,,,,The College,"Lectures, Seminars and Workshops",1st Year Students | 2nd Year Students | 3rd Year Students | 4th Year Students | Humanities | Life Sciences Biomed | Life Sciences Non-Biomed | Medical Students | Physical Sciences | Social Sciences,,"dean of the college | Graduate School, Postgraduate Educatio | Pre-Law Advising",prelaw@brown.edu,prelaw@brown.edu,false,,false,"https://events.brown.edu/live/image/gid/36/width/80/height/80/crop/1/src_region/0,0,203,248/23169_making_cents.jpg",Man counting quarters.,https://events.brown.edu/the-college/event/334825-pre-law-advising-making-ents-of-the-law-school,https://events.brown.edu/live/json/events
334828,PhD Thesis Defense Presentation given by Ryan Puterbaugh,2026-08-04T13:00:00-04:00,,August 4,1:00pm,America/New_York,false,,,2026-08-04 17:00:00,,false,false,,,70 Ship Street,41.818841,-71.4102,,Therapeutic Sciences,,1st Year Students | 2nd Year Students | 3rd Year Students | 4th Year Students | All Staff | Campus Faculty | Hospital Faculty | Humanities | Life Sciences Biomed | Life Sciences Non-Biomed | Medical Students | Physical Sciences | Social Sciences,,,Therapeutic Sciences Graduate Program 401-863-3262 TSGP@brown.edu,TSGP@brown.edu,false,,false,"https://events.brown.edu/live/image/gid/124/width/80/height/80/crop/1/src_region/0,0,653,904/23172_IMG-20250913-WA00111.jpg",Ryan Puterbaugh,https://events.brown.edu/tsgp/event/334828-phd-thesis-defense-presentation-given-by-ryan,https://events.brown.edu/live/json/events
326866,1776 Across the Americas: A Hemispheric History from the Collections of the John Carter Brown Library,2026-08-04T14:00:00-04:00,2026-08-04T16:45:00-04:00,August 4,2:00pm - 4:45pm,America/New_York,false,every Tuesday and Thursday,December 17,2026-02-10 19:00:00,2026-12-17 19:00:00,false,false,,,94 George Street,,,Free,John Carter Brown Library," Open to the Public | Performances, Concerts and Exhibitions",,,"history | History, Cultural Studies, Languages | Humanities | Identity, Culture, Inclusion | International, Global Engagement | Libraries | Social Sciences",jcb-events@brown.edu,jcb-events@brown.edu,false,,false,"https://events.brown.edu/live/image/gid/138/width/80/height/80/crop/1/src_region/0,0,1728,1728/21701_1776_Social_Media_Bkgds_JCBL_2026-01-21.jpg",The image shows a rooster pulling on the British flag.,https://events.brown.edu/john-carter-brown-library/event/326866-1776-across-the-americas-a-hemispheric-history,https://events.brown.edu/live/json/events
333360,Study Abroad 101 Information Session (virtual),2026-08-04T15:00:00-04:00,2026-08-04T15:30:00-04:00,August 4,3:00pm - 3:30pm,America/New_York,false,,,2026-08-04 19:00:00,2026-08-04 19:30:00,false,true,Online only,https://brown.zoom.us/j/91622823353,Page-Robinson Hall (previously JWW),41.827526,-71.402786,,Study Abroad,,,,"Advising, Mentorship | History, Cultural Studies, Languages | International, Global Engagement",Study Abroad Advising Page-Robinson Suite 313/319 401-863-3555 StudyAbroad@brown.edu,StudyAbroad@brown.edu,false,,false,"https://events.brown.edu/live/image/gid/67/width/80/height/80/crop/1/src_region/0,0,802,830/7414_StudyAbroad.png",,https://events.brown.edu/study-abroad/event/333360-study-abroad-101-information-session-virtual,https://events.brown.edu/live/json/events
330347,Joshua Greenberg on Money (Part of The Revolution Is News),2026-08-04T16:00:00-04:00,,August 4,4:00pm,America/New_York,false,,,2026-08-04 20:00:00,,false,true,Online only,,Virtual.,,,,John Carter Brown Library,"Lectures, Seminars and Workshops |  Open to the Public",1st Year Students | 2nd Year Students | 3rd Year Students | 4th Year Students | All Staff | Campus Faculty | Humanities | Social Sciences,,"history | History, Cultural Studies, Languages | Humanities | Libraries | Social Sciences",jcb-events@brown.edu,jcb-events@brown.edu,false,,false,"https://events.brown.edu/live/image/gid/138/width/80/height/80/crop/1/src_region/0,0,1080,1350/22551__Greenberg_The_Revolution_Is_News.png","The image shows the text The Revolution Is News, Joshua Greenberg, Money, August 4, 2026.",https://events.brown.edu/john-carter-brown-library/event/330347-joshua-greenberg-on-money-part-of-the-revolution,https://events.brown.edu/live/json/events
334228,Zeblon Vilakazi — Nuclear Physics Research and Teaching in Africa Today,2026-08-04T16:00:00-04:00,2026-08-04T17:30:00-04:00,August 4,4:00pm - 5:30pm,America/New_York,false,,,2026-08-04 20:00:00,2026-08-04 21:30:00,false,true,Hybrid,https://www.youtube.com/live/9cotPETSoPc,"Watson School of International and Public Affairs, 111 Thayer Street",41.824336,-71.399865,,Watson School of International and Public Affairs,"Lectures, Seminars and Workshops",1st Year Students | 2nd Year Students | 3rd Year Students | 4th Year Students | All Staff | Campus Faculty | Hospital Faculty | Humanities | Life Sciences Biomed | Life Sciences Non-Biomed | Medical Students | Physical Sciences | Social Sciences,,,watsonevents@brown.edu,watsonevents@brown.edu,false,,false,"https://events.brown.edu/live/image/gid/90/width/80/height/80/crop/1/src_region/0,0,3200,2153/23138_Z_Vilakazi_027_20250520_EYEscape_2.jpg",Photo of Zeblon Vilakazi,https://events.brown.edu/live/events/333718-zeblon-vilakazi-nuclear-physics-research-and-teaching,https://events.brown.edu/live/json/events
333537,Incoming Student Office Hours with Bruno Fellow Chris!,2026-08-04T19:00:00-04:00,,August 4,7:00pm,America/New_York,false,weekly,August 16,2026-06-16 23:00:00,2026-08-16 23:00:00,false,true,Online only,https://brown.zoom.us/j/4818462924,Zoom,,,,Orientation and Weeks of Welcome,,1st Year Students,,First-Year | Orientation,,,false,,false,"https://events.brown.edu/live/image/gid/123/width/80/height/80/crop/1/src_region/0,0,333,500/23123_Chris__Bruno.jpg",Chris posing with a Bruno stuffy,https://events.brown.edu/orientation/event/333537-incoming-student-office-hours-with-bruno-fellow,https://events.brown.edu/live/json/events
329077,Art at Watson Presents — The Future Was Already Buried Here: Making and Unmaking Futures in California’s Lithium Valley,2026-08-05T00:00:00-04:00,,August 5,,America/New_York,true,,,2026-03-12 04:00:00,2026-08-28 04:00:00,false,false,,,111 Thayer Street,,,,Watson School of International and Public Affairs,"Performances, Concerts and Exhibitions",,,,watsonevents@brown.edu,watsonevents@brown.edu,false,,false,"https://events.brown.edu/live/image/gid/90/width/80/height/80/crop/1/src_region/0,0,1080,1079/22231_AAW_Future-Buried_Rabbani_web_1080x1079.jpg",Welcome sign - Salton Sea Beach,https://events.brown.edu/live/events/329049-art-at-watson-presents-the-future-was-already-buried-,https://events.brown.edu/live/json/events
333263,Nelson Center for Entrepreneurship Building Access,2026-08-05T00:00:00-04:00,,August 5,,America/New_York,true,,,2026-06-02 04:00:00,2026-08-24 04:00:00,false,false,,,"1 Euclid Ave, Providence RI 02906",41.828884,-71.400581,,Nelson Center for Entrepreneurship,,,,Entrepreneurship,entrepreneurship@brown.edu,entrepreneurship@brown.edu,false,,false,"https://events.brown.edu/live/image/gid/57/width/80/height/80/crop/1/src_region/0,0,683,683/23051_Nelson_Center_for_Entrepreneurship_Today.png",Nelson Center for Entrepreneurship logo,https://events.brown.edu/nelson-entrepreneurship/event/333263-nelson-center-for-entrepreneurship-building-access,https://events.brown.edu/live/json/events
335640,Anesthesiology Grand Rounds,2026-08-05T07:00:00-04:00,2026-08-05T08:00:00-04:00,August 5,7:00am - 8:00am,America/New_York,false,,,2026-08-05 11:00:00,2026-08-05 12:00:00,false,true,Online only,,Zoom Video Conference,,,,Department of Anesthesiology,Conferences and Colloquia,,,,"Stephanie Farias, Admin Asst Anesthesia Dept Stephanie.Farias@Brownhealth.org",Stephanie.Farias@Brownhealth.org,false,,false,,,https://events.brown.edu/anesthesiology/event/335640-anesthesiology-grand-rounds,https://events.brown.edu/live/json/events
332599,Staff Essentials - August (In Person),2026-08-05T09:00:00-04:00,2026-08-05T12:00:00-04:00,August 5,9:00am - 12:00pm,America/New_York,false,weekly,August 12,2026-08-05 13:00:00,2026-08-12 13:00:00,false,false,,,South Street Landing,41.818344,-71.406139,,Human Resources,,,,Staff Essentials,"For more information about Staff Essentials, please email ldeteam@brown.edu.",ldeteam@brown.edu,false,,false,"https://events.brown.edu/live/image/gid/53/width/80/height/80/crop/1/src_region/0,0,176,178/22930_UHR_with_TD_Icon_1.png",Yellow circular logo with a lightbulb shaped like a flower on a stem,https://events.brown.edu/hr/event/332599-staff-essentials-august-in-person,https://events.brown.edu/live/json/events
330836,Exhibit | Divine Afterlife: Burials and Religion in Ancient Egypt,2026-08-05T09:00:00-04:00,2026-08-05T16:30:00-04:00,August 5,9:00am - 4:30pm,America/New_York,false,every weekday (Monday to Friday),August 31,2026-04-15 13:00:00,2026-08-31 13:00:00,false,false,,,Rhode Island Hall,41.82548,-71.403879,,Joukowsky Institute for Archaeology," Open to the Public | Performances, Concerts and Exhibitions",1st Year Students | 2nd Year Students | 3rd Year Students | 4th Year Students | All Staff | Campus Faculty | Hospital Faculty | Humanities | Medical Students | Social Sciences,,"Arts, Performance | History, Cultural Studies, Languages | Humanities | Identity, Culture, Inclusion | International, Global Engagement","Joukowsky Institute for ArchaeologyRhode Island Hall, 60 George Street, Providence, RI jiaaw@brown.edu _____________________________ archaeology.brown.edu",jiaaw@brown.edu,false,,false,"https://events.brown.edu/live/image/gid/58/width/80/height/80/crop/1/src_region/0,40,1080,1120/22623_Divine_Afterlife-titleonly.png",,https://events.brown.edu/live/events/330713-exhibit-divine-afterlife-burials-and-religion-in,https://events.brown.edu/live/json/events
330974,Exhibit | Scents of the Ancient Past (Curated by Erynn Bentley ’27),2026-08-05T09:00:00-04:00,2026-08-05T16:30:00-04:00,August 5,9:00am - 4:30pm,America/New_York,false,every weekday (Monday to Friday),October 1,2026-05-01 13:00:00,2026-10-01 13:00:00,false,false,,,Rhode Island Hall,41.82548,-71.403879,,Joukowsky Institute for Archaeology," Open to the Public | Performances, Concerts and Exhibitions",1st Year Students | 2nd Year Students | 3rd Year Students | 4th Year Students | All Staff | Campus Faculty | Hospital Faculty | Humanities | Medical Students | Social Sciences,,"Arts, Performance | History, Cultural Studies, Languages | Humanities | Identity, Culture, Inclusion | International, Global Engagement","Joukowsky Institute for ArchaeologyRhode Island Hall, 60 George Street, Providence, RI jiaaw@brown.edu _____________________________ archaeology.brown.edu",jiaaw@brown.edu,false,,false,"https://events.brown.edu/live/image/gid/58/width/80/height/80/crop/1/src_region/0,128,1027,1155/22683_36_without_scale.jpg",,https://events.brown.edu/joukowsky-archaeology/event/330974-exhibit-scents-of-the-ancient-past-curated-by,https://events.brown.edu/live/json/events
333746,2026 Summer Research Symposium,2026-08-05T10:00:00-04:00,,August 5,10:00am,America/New_York,false,,,2026-08-05 14:00:00,,false,false,,,Sayles Hall,41.826201,-71.402746,,General,,,,Research,summer_symposium@brown.edu,summer_symposium@brown.edu,false,,false,,,https://events.brown.edu/general/event/333746-2026-summer-research-symposium,https://events.brown.edu/live/json/events
335620,ISSS Information Sessions on Fixed Time Period Regulations,2026-08-05T10:00:00-04:00,2026-08-05T11:00:00-04:00,August 5,10:00am - 11:00am,America/New_York,false,,,2026-08-05 14:00:00,2026-08-05 15:00:00,false,true,Online only,,,,,,International Student and Scholar Services (ISSS),,,,,,,false,,false,"https://events.brown.edu/live/image/gid/240/width/80/height/80/crop/1/src_region/0,0,1348,899/23253_Artboard_1.png",,https://events.brown.edu/event/335620-isss-information-sessions-on-fixed-time-period-regula,https://events.brown.edu/live/json/events
326619,1776 Across the Americas: A Hemispheric History from the Collections of the John Carter Brown Library,2026-08-05T10:00:00-04:00,2026-08-05T12:45:00-04:00,August 5,10:00am - 12:45pm,America/New_York,false,every weekday (Monday to Friday),December 18,2026-02-06 15:00:00,2026-12-18 15:00:00,false,false,,,94 George Street,,,Free,John Carter Brown Library," Open to the Public | Performances, Concerts and Exhibitions",,,"history | History, Cultural Studies, Languages | Humanities | Identity, Culture, Inclusion | International, Global Engagement | Libraries | Social Sciences",jcb-events@brown.edu,jcb-events@brown.edu,false,,false,"https://events.brown.edu/live/image/gid/138/width/80/height/80/crop/1/src_region/0,0,1728,1728/21701_1776_Social_Media_Bkgds_JCBL_2026-01-21.jpg",The image shows a rooster pulling on the British flag.,https://events.brown.edu/john-carter-brown-library/event/326619-1776-across-the-americas-a-hemispheric-history,https://events.brown.edu/live/json/events
334341,Exhibition on View | Sites of Remaking: Port Cities and Our Present,2026-08-05T10:00:00-04:00,2026-08-05T17:00:00-04:00,August 5,10:00am - 5:00pm,America/New_York,false,every weekday (Monday to Friday),October 24,2026-03-30 14:00:00,2026-10-24 14:00:00,false,false,,,"Ruth J. Simmons Center for the Study of Slavery & Justice, 94 Waterman St., Providence, RI 02906",41.827378,-71.401526,Free,Ruth J. Simmons Center for the Study of Slavery &amp; Justice," Open to the Public | Performances, Concerts and Exhibitions",1st Year Students | 2nd Year Students | 3rd Year Students | 4th Year Students | All Staff | Campus Faculty | Hospital Faculty | Humanities | Life Sciences Biomed | Life Sciences Non-Biomed | Medical Students | Physical Sciences | Social Sciences,,"Arts, Performance | Arts &amp; Performance | Public Humanities | Simmons Center Events",,,false,80,false,"https://events.brown.edu/live/image/gid/25/width/80/height/80/crop/1/src_region/0,0,5728,5728/22449_Port_Cities_Brochure_Title_Square.png",,https://events.brown.edu/cssj/event/334341-exhibition-on-view-sites-of-remaking-port-cities,https://events.brown.edu/live/json/events
332823,IE Brown Executive MBA | Virtual Open Day,2026-08-05T12:00:00-04:00,2026-08-05T13:00:00-04:00,August 5,12:00pm - 1:00pm,America/New_York,false,,,2026-08-05 16:00:00,2026-08-05 17:00:00,false,true,Online only,https://www.eventbrite.es/e/ie-brown-executive-mba-virtual-open-day-tickets-1986312534260,,,,Free,School of Professional Studies,,,,"EMBA | Executive Education | Executive MBA | Graduate School, Postgraduate Education | IE Brown Executive MBA",professional@brown.edu,professional@brown.edu,false,,false,"https://events.brown.edu/live/image/gid/175/width/80/height/80/crop/1/src_region/0,0,3200,3200/3921_Square_-_EMBA__Leadership_Learn_More.jpg",,https://events.brown.edu/sps/event/332823-ie-brown-executive-mba-virtual-open-day,https://events.brown.edu/live/json/events
334923,"Mini Lecture | Who’s using your head? Judgment, Agency &amp; AI in Analytics",2026-08-05T12:00:00-04:00,2026-08-05T13:00:00-04:00,August 5,12:00pm - 1:00pm,America/New_York,false,,,2026-08-05 16:00:00,2026-08-05 17:00:00,false,true,Online only,https://apply.professional.brown.edu/register/?id=413f91de-e6c1-4756-aa7b-857ad073c5d8,,,,Free,Master’s Programs,"Lectures, Seminars and Workshops |  Open to the Public",All Staff,,Master's Admissions | Master's Events | Online Master's,onlinemasters_admissions@brown.edu,onlinemasters_admissions@brown.edu,false,,false,"https://events.brown.edu/live/image/gid/175/width/80/height/80/crop/1/src_region/0,0,3200,2133/13924_diverse-businesspeople-working-at-management-prese-2023-11-27-04-54-47-utc.jpg",Diverse businesspeople working at management presentation analyzing company graphs working in startup office. Businesswoman rising hand h...,https://events.brown.edu/masters-programs/event/334923-mini-lecture-whos-using-your-head-judgment-agency-ai-,https://events.brown.edu/live/json/events
335671,Refinancing Roadmap (Webinar),2026-08-05T12:00:00-04:00,2026-08-05T13:00:00-04:00,August 5,12:00pm - 1:00pm,America/New_York,false,,,2026-08-05 16:00:00,2026-08-05 17:00:00,false,true,Online only,,,,,,Human Resources,,,,Wellness,worklife@brown.edu,worklife@brown.edu,false,,false,"https://events.brown.edu/live/image/gid/53/width/80/height/80/crop/1/src_region/0,0,299,292/442_finance_icon.JPG",Financial Wellness Program,https://events.brown.edu/hr/event/335671-refinancing-roadmap-webinar,https://events.brown.edu/live/json/events
326795,1776 Across the Americas: A Hemispheric History from the Collections of the John Carter Brown Library,2026-08-05T14:00:00-04:00,2026-08-05T16:45:00-04:00,August 5,2:00pm - 4:45pm,America/New_York,false,weekly,December 16,2026-02-11 19:00:00,2026-12-16 19:00:00,false,false,,,94 George Street,,,Free,John Carter Brown Library," Open to the Public | Performances, Concerts and Exhibitions",,,"history | History, Cultural Studies, Languages | Humanities | Identity, Culture, Inclusion | International, Global Engagement | Libraries | Social Sciences",jcb-events@brown.edu,jcb-events@brown.edu,false,,false,"https://events.brown.edu/live/image/gid/138/width/80/height/80/crop/1/src_region/0,0,1728,1728/21701_1776_Social_Media_Bkgds_JCBL_2026-01-21.jpg",The image shows a rooster pulling on the British flag.,https://events.brown.edu/john-carter-brown-library/event/326795-1776-across-the-americas-a-hemispheric-history,https://events.brown.edu/live/json/events
287415,COBRE CBC Computational Biology Walk-in Office hours,2026-08-05T15:00:00-04:00,2026-08-05T16:00:00-04:00,August 5,3:00pm - 4:00pm,America/New_York,false,weekly,"December 31<span class=""lw_date_year"">, 2027</span>",2024-06-26 19:00:00,2027-12-31 20:00:00,false,true,Online only,https://brown.zoom.us/j/95250171953,,,,,Center for Computation and Visualization (CCV),,,,,Center for Computation and Visualization Talk to us on https://ccv.brown.edu/discuss,,false,,false,,,https://events.brown.edu/ccv/event/287415-cobre-cbc-computational-biology-walk-in-office,https://events.brown.edu/live/json/events
333546,Incoming Student Office Hours with Bruno Fellow Akshat!,2026-08-05T18:00:00-04:00,,August 5,6:00pm,America/New_York,false,weekly,August 16,2026-06-17 22:00:00,2026-08-16 22:00:00,false,true,Online only,https://brown.zoom.us/j/4818462924,Zoom,,,,Orientation and Weeks of Welcome,,1st Year Students,,First-Year | Orientation,,,false,,false,"https://events.brown.edu/live/image/gid/123/width/80/height/80/crop/1/src_region/0,0,333,500/23124_Akshat__Bruno.png",Akshat posing with a Bruno stuffy,https://events.brown.edu/orientation/event/333546-incoming-student-office-hours-with-bruno-fellow,https://events.brown.edu/live/json/events
334242,Prehealth Orientation Webinar,2026-08-05T18:00:00-04:00,,August 5,6:00pm,America/New_York,false,,,2026-08-05 22:00:00,,false,true,Online only,https://brown.zoom.us/j/94298514043,,,,,Orientation and Weeks of Welcome,,,,First-Year | Health Careers Advising | NSO,,,true,,false,"https://events.brown.edu/live/image/gid/123/width/80/height/80/crop/1/src_region/0,0,480,320/15757_eyJ3Ijo0ODAsImgiOjQ4MCwic2NvcGUiOiJhcHAifQ-2.png",,https://events.brown.edu/orientation/event/334242-prehealth-orientation-webinar,https://events.brown.edu/live/json/events
329077,Art at Watson Presents — The Future Was Already Buried Here: Making and Unmaking Futures in California’s Lithium Valley,2026-08-06T00:00:00-04:00,,August 6,,America/New_York,true,,,2026-03-12 04:00:00,2026-08-28 04:00:00,false,false,,,111 Thayer Street,,,,Watson School of International and Public Affairs,"Performances, Concerts and Exhibitions",,,,watsonevents@brown.edu,watsonevents@brown.edu,false,,false,"https://events.brown.edu/live/image/gid/90/width/80/height/80/crop/1/src_region/0,0,1080,1079/22231_AAW_Future-Buried_Rabbani_web_1080x1079.jpg",Welcome sign - Salton Sea Beach,https://events.brown.edu/live/events/329049-art-at-watson-presents-the-future-was-already-buried-,https://events.brown.edu/live/json/events
333263,Nelson Center for Entrepreneurship Building Access,2026-08-06T00:00:00-04:00,,August 6,,America/New_York,true,,,2026-06-02 04:00:00,2026-08-24 04:00:00,false,false,,,"1 Euclid Ave, Providence RI 02906",41.828884,-71.400581,,Nelson Center for Entrepreneurship,,,,Entrepreneurship,entrepreneurship@brown.edu,entrepreneurship@brown.edu,false,,false,"https://events.brown.edu/live/image/gid/57/width/80/height/80/crop/1/src_region/0,0,683,683/23051_Nelson_Center_for_Entrepreneurship_Today.png",Nelson Center for Entrepreneurship logo,https://events.brown.edu/nelson-entrepreneurship/event/333263-nelson-center-for-entrepreneurship-building-access,https://events.brown.edu/live/json/events
334940,Summer Send-Off in Korea – Welcome to Brown!,2026-08-06T05:30:00-04:00,2026-08-06T07:30:00-04:00,August 6,5:30am - 7:30am,America/New_York,false,,,2026-08-06 09:30:00,2026-08-06 11:30:00,false,false,,,,,,,Alumni &amp; Friends,,,,,,,false,,false,,,https://events.brown.edu/alumni-friends/event/334940-summer-send-off-in-korea-welcome-to-brown,https://events.brown.edu/live/json/events
330837,Exhibit | Divine Afterlife: Burials and Religion in Ancient Egypt,2026-08-06T09:00:00-04:00,2026-08-06T16:30:00-04:00,August 6,9:00am - 4:30pm,America/New_York,false,every weekday (Monday to Friday),August 31,2026-04-15 13:00:00,2026-08-31 13:00:00,false,false,,,Rhode Island Hall,41.82548,-71.403879,,Joukowsky Institute for Archaeology," Open to the Public | Performances, Concerts and Exhibitions",1st Year Students | 2nd Year Students | 3rd Year Students | 4th Year Students | All Staff | Campus Faculty | Hospital Faculty | Humanities | Medical Students | Social Sciences,,"Arts, Performance | History, Cultural Studies, Languages | Humanities | Identity, Culture, Inclusion | International, Global Engagement","Joukowsky Institute for ArchaeologyRhode Island Hall, 60 George Street, Providence, RI jiaaw@brown.edu _____________________________ archaeology.brown.edu",jiaaw@brown.edu,false,,false,"https://events.brown.edu/live/image/gid/58/width/80/height/80/crop/1/src_region/0,40,1080,1120/22623_Divine_Afterlife-titleonly.png",,https://events.brown.edu/live/events/330714-exhibit-divine-afterlife-burials-and-religion-in,https://events.brown.edu/live/json/events
330975,Exhibit | Scents of the Ancient Past (Curated by Erynn Bentley ’27),2026-08-06T09:00:00-04:00,2026-08-06T16:30:00-04:00,August 6,9:00am - 4:30pm,America/New_York,false,every weekday (Monday to Friday),October 1,2026-05-01 13:00:00,2026-10-01 13:00:00,false,false,,,Rhode Island Hall,41.82548,-71.403879,,Joukowsky Institute for Archaeology," Open to the Public | Performances, Concerts and Exhibitions",1st Year Students | 2nd Year Students | 3rd Year Students | 4th Year Students | All Staff | Campus Faculty | Hospital Faculty | Humanities | Medical Students | Social Sciences,,"Arts, Performance | History, Cultural Studies, Languages | Humanities | Identity, Culture, Inclusion | International, Global Engagement","Joukowsky Institute for ArchaeologyRhode Island Hall, 60 George Street, Providence, RI jiaaw@brown.edu _____________________________ archaeology.brown.edu",jiaaw@brown.edu,false,,false,"https://events.brown.edu/live/image/gid/58/width/80/height/80/crop/1/src_region/0,128,1027,1155/22683_36_without_scale.jpg",,https://events.brown.edu/joukowsky-archaeology/event/330975-exhibit-scents-of-the-ancient-past-curated-by,https://events.brown.edu/live/json/events
333510,NSO 2026 Summer Group Advising Sessions: 8/6/2026 at 10am EST,2026-08-06T10:00:00-04:00,,August 6,10:00am,America/New_York,false,,,2026-08-06 14:00:00,,false,true,Online only,https://brown.zoom.us/j/97084434819,,,,,Orientation and Weeks of Welcome,,,,First-Year | Orientation,advising@brown.edu,advising@brown.edu,true,,false,"https://events.brown.edu/live/image/gid/123/width/80/height/80/crop/1/src_region/0,0,480,320/15756_eyJ3Ijo0ODAsImgiOjQ4MCwic2NvcGUiOiJhcHAifQ.png",,https://events.brown.edu/orientation/event/333510-nso-2026-summer-group-advising-sessions-862026-at-10a,https://events.brown.edu/live/json/events
333748,2026 Summer Research Symposium,2026-08-06T10:00:00-04:00,,August 6,10:00am,America/New_York,false,,,2026-08-06 14:00:00,,false,false,,,Sayles Hall,41.826201,-71.402746,,General,,,,Research,summer_symposium@brown.edu,summer_symposium@brown.edu,false,,false,,,https://events.brown.edu/general/event/333748-2026-summer-research-symposium,https://events.brown.edu/live/json/events
326620,1776 Across the Americas: A Hemispheric History from the Collections of the John Carter Brown Library,2026-08-06T10:00:00-04:00,2026-08-06T12:45:00-04:00,August 6,10:00am - 12:45pm,America/New_York,false,every weekday (Monday to Friday),December 18,2026-02-06 15:00:00,2026-12-18 15:00:00,false,false,,,94 George Street,,,Free,John Carter Brown Library," Open to the Public | Performances, Concerts and Exhibitions",,,"history | History, Cultural Studies, Languages | Humanities | Identity, Culture, Inclusion | International, Global Engagement | Libraries | Social Sciences",jcb-events@brown.edu,jcb-events@brown.edu,false,,false,"https://events.brown.edu/live/image/gid/138/width/80/height/80/crop/1/src_region/0,0,1728,1728/21701_1776_Social_Media_Bkgds_JCBL_2026-01-21.jpg",The image shows a rooster pulling on the British flag.,https://events.brown.edu/john-carter-brown-library/event/326620-1776-across-the-americas-a-hemispheric-history,https://events.brown.edu/live/json/events
334342,Exhibition on View | Sites of Remaking: Port Cities and Our Present,2026-08-06T10:00:00-04:00,2026-08-06T17:00:00-04:00,August 6,10:00am - 5:00pm,America/New_York,false,every weekday (Monday to Friday),October 24,2026-03-30 14:00:00,2026-10-24 14:00:00,false,false,,,"Ruth J. Simmons Center for the Study of Slavery & Justice, 94 Waterman St., Providence, RI 02906",41.827378,-71.401526,Free,Ruth J. Simmons Center for the Study of Slavery &amp; Justice," Open to the Public | Performances, Concerts and Exhibitions",1st Year Students | 2nd Year Students | 3rd Year Students | 4th Year Students | All Staff | Campus Faculty | Hospital Faculty | Humanities | Life Sciences Biomed | Life Sciences Non-Biomed | Medical Students | Physical Sciences | Social Sciences,,"Arts, Performance | Arts &amp; Performance | Public Humanities | Simmons Center Events",,,false,80,false,"https://events.brown.edu/live/image/gid/25/width/80/height/80/crop/1/src_region/0,0,5728,5728/22449_Port_Cities_Brochure_Title_Square.png",,https://events.brown.edu/cssj/event/334342-exhibition-on-view-sites-of-remaking-port-cities,https://events.brown.edu/live/json/events
334197,Study Abroad in Spain &amp; Latin America Info Session,2026-08-06T11:00:00-04:00,2026-08-06T12:00:00-04:00,August 6,11:00am - 12:00pm,America/New_York,false,,,2026-08-06 15:00:00,2026-08-06 16:00:00,false,true,Online only,https://brown.zoom.us/j/97317400170,Zoom Meeting ID: 973 1740 0170,,,Free,Study Abroad,"Lectures, Seminars and Workshops",1st Year Students | 2nd Year Students | 3rd Year Students,,"Advising, Mentorship | History, Cultural Studies, Languages | Identity, Culture, Inclusion | International, Global Engagement",Study Abroad Advising Page-Robinson 313 studyabroad@brown.edu 401-863-3555,studyabroad@brown.edu,false,,false,"https://events.brown.edu/live/image/gid/67/width/80/height/80/crop/1/src_region/0,0,500,500/17937_Untitled_design.png",,https://events.brown.edu/live/events/333277-study-abroad-in-spain-latin-america-info-session,https://events.brown.edu/live/json/events
333509,NSO 2026 Summer Group Advising Sessions: 8/6/2026 at 1pm EST,2026-08-06T13:00:00-04:00,,August 6,1:00pm,America/New_York,false,,,2026-08-06 17:00:00,,false,true,Online only,https://brown.zoom.us/j/94445761271,,,,,Orientation and Weeks of Welcome,,,,First-Year | Orientation,advising@brown.edu,advising@brown.edu,true,,false,"https://events.brown.edu/live/image/gid/123/width/80/height/80/crop/1/src_region/0,0,480,320/15756_eyJ3Ijo0ODAsImgiOjQ4MCwic2NvcGUiOiJhcHAifQ.png",,https://events.brown.edu/orientation/event/333509-nso-2026-summer-group-advising-sessions-862026-at-1pm,https://events.brown.edu/live/json/events
326867,1776 Across the Americas: A Hemispheric History from the Collections of the John Carter Brown Library,2026-08-06T14:00:00-04:00,2026-08-06T16:45:00-04:00,August 6,2:00pm - 4:45pm,America/New_York,false,every Tuesday and Thursday,December 17,2026-02-10 19:00:00,2026-12-17 19:00:00,false,false,,,94 George Street,,,Free,John Carter Brown Library," Open to the Public | Performances, Concerts and Exhibitions",,,"history | History, Cultural Studies, Languages | Humanities | Identity, Culture, Inclusion | International, Global Engagement | Libraries | Social Sciences",jcb-events@brown.edu,jcb-events@brown.edu,false,,false,"https://events.brown.edu/live/image/gid/138/width/80/height/80/crop/1/src_region/0,0,1728,1728/21701_1776_Social_Media_Bkgds_JCBL_2026-01-21.jpg",The image shows a rooster pulling on the British flag.,https://events.brown.edu/john-carter-brown-library/event/326867-1776-across-the-americas-a-hemispheric-history,https://events.brown.edu/live/json/events
333555,Incoming Student Office Hours with Bruno Fellow Abby!,2026-08-06T16:00:00-04:00,,August 6,4:00pm,America/New_York,false,weekly,August 16,2026-06-18 20:00:00,2026-08-16 20:00:00,false,true,Online only,https://brown.zoom.us/j/4818462924,Zoom,,,,Orientation and Weeks of Welcome,,1st Year Students,,First-Year | Orientation,,,false,,false,"https://events.brown.edu/live/image/gid/123/width/80/height/80/crop/1/src_region/0,0,333,500/23121_Abby__Bruno.jpg",Abby posing with a Bruno stuffy,https://events.brown.edu/orientation/event/333555-incoming-student-office-hours-with-bruno-fellow,https://events.brown.edu/live/json/events
329077,Art at Watson Presents — The Future Was Already Buried Here: Making and Unmaking Futures in California’s Lithium Valley,2026-08-07T00:00:00-04:00,,August 7,,America/New_York,true,,,2026-03-12 04:00:00,2026-08-28 04:00:00,false,false,,,111 Thayer Street,,,,Watson School of International and Public Affairs,"Performances, Concerts and Exhibitions",,,,watsonevents@brown.edu,watsonevents@brown.edu,false,,false,"https://events.brown.edu/live/image/gid/90/width/80/height/80/crop/1/src_region/0,0,1080,1079/22231_AAW_Future-Buried_Rabbani_web_1080x1079.jpg",Welcome sign - Salton Sea Beach,https://events.brown.edu/live/events/329049-art-at-watson-presents-the-future-was-already-buried-,https://events.brown.edu/live/json/events
335162,Last Day for PRIME summer courses,2026-08-07T00:00:00-04:00,,August 7,,America/New_York,true,,,2026-08-07 04:00:00,,false,false,,,,,,,Academic Calendar,,,,"Academic Calendar, University Dates &amp; Events | Summer Session",Registrar’s Office 401-863-2500,,false,,false,,,https://events.brown.edu/academic-calendar/event/335162-last-day-for-prime-summer-courses,https://events.brown.edu/live/json/events
333263,Nelson Center for Entrepreneurship Building Access,2026-08-07T00:00:00-04:00,,August 7,,America/New_York,true,,,2026-06-02 04:00:00,2026-08-24 04:00:00,false,false,,,"1 Euclid Ave, Providence RI 02906",41.828884,-71.400581,,Nelson Center for Entrepreneurship,,,,Entrepreneurship,entrepreneurship@brown.edu,entrepreneurship@brown.edu,false,,false,"https://events.brown.edu/live/image/gid/57/width/80/height/80/crop/1/src_region/0,0,683,683/23051_Nelson_Center_for_Entrepreneurship_Today.png",Nelson Center for Entrepreneurship logo,https://events.brown.edu/nelson-entrepreneurship/event/333263-nelson-center-for-entrepreneurship-building-access,https://events.brown.edu/live/json/events
334867,Summer Send-Off in Thailand – Welcome to Brown!,2026-08-07T06:00:00-04:00,2026-08-07T09:00:00-04:00,August 7,6:00am - 9:00am,America/New_York,false,,,2026-08-07 10:00:00,2026-08-07 13:00:00,false,false,,,,,,,Alumni &amp; Friends,,,,,,,false,,false,,,https://events.brown.edu/alumni-friends/event/334867-summer-send-off-in-thailand-welcome-to-brown,https://events.brown.edu/live/json/events
330838,Exhibit | Divine Afterlife: Burials and Religion in Ancient Egypt,2026-08-07T09:00:00-04:00,2026-08-07T16:30:00-04:00,August 7,9:00am - 4:30pm,America/New_York,false,every weekday (Monday to Friday),August 31,2026-04-15 13:00:00,2026-08-31 13:00:00,false,false,,,Rhode Island Hall,41.82548,-71.403879,,Joukowsky Institute for Archaeology," Open to the Public | Performances, Concerts and Exhibitions",1st Year Students | 2nd Year Students | 3rd Year Students | 4th Year Students | All Staff | Campus Faculty | Hospital Faculty | Humanities | Medical Students | Social Sciences,,"Arts, Performance | History, Cultural Studies, Languages | Humanities | Identity, Culture, Inclusion | International, Global Engagement","Joukowsky Institute for ArchaeologyRhode Island Hall, 60 George Street, Providence, RI jiaaw@brown.edu _____________________________ archaeology.brown.edu",jiaaw@brown.edu,false,,false,"https://events.brown.edu/live/image/gid/58/width/80/height/80/crop/1/src_region/0,40,1080,1120/22623_Divine_Afterlife-titleonly.png",,https://events.brown.edu/live/events/330715-exhibit-divine-afterlife-burials-and-religion-in,https://events.brown.edu/live/json/events
330976,Exhibit | Scents of the Ancient Past (Curated by Erynn Bentley ’27),2026-08-07T09:00:00-04:00,2026-08-07T16:30:00-04:00,August 7,9:00am - 4:30pm,America/New_York,false,every weekday (Monday to Friday),October 1,2026-05-01 13:00:00,2026-10-01 13:00:00,false,false,,,Rhode Island Hall,41.82548,-71.403879,,Joukowsky Institute for Archaeology," Open to the Public | Performances, Concerts and Exhibitions",1st Year Students | 2nd Year Students | 3rd Year Students | 4th Year Students | All Staff | Campus Faculty | Hospital Faculty | Humanities | Medical Students | Social Sciences,,"Arts, Performance | History, Cultural Studies, Languages | Humanities | Identity, Culture, Inclusion | International, Global Engagement","Joukowsky Institute for ArchaeologyRhode Island Hall, 60 George Street, Providence, RI jiaaw@brown.edu _____________________________ archaeology.brown.edu",jiaaw@brown.edu,false,,false,"https://events.brown.edu/live/image/gid/58/width/80/height/80/crop/1/src_region/0,128,1027,1155/22683_36_without_scale.jpg",,https://events.brown.edu/joukowsky-archaeology/event/330976-exhibit-scents-of-the-ancient-past-curated-by,https://events.brown.edu/live/json/events
334343,Exhibition on View | Sites of Remaking: Port Cities and Our Present,2026-08-07T10:00:00-04:00,2026-08-07T17:00:00-04:00,August 7,10:00am - 5:00pm,America/New_York,false,every weekday (Monday to Friday),October 24,2026-03-30 14:00:00,2026-10-24 14:00:00,false,false,,,"Ruth J. Simmons Center for the Study of Slavery & Justice, 94 Waterman St., Providence, RI 02906",41.827378,-71.401526,Free,Ruth J. Simmons Center for the Study of Slavery &amp; Justice," Open to the Public | Performances, Concerts and Exhibitions",1st Year Students | 2nd Year Students | 3rd Year Students | 4th Year Students | All Staff | Campus Faculty | Hospital Faculty | Humanities | Life Sciences Biomed | Life Sciences Non-Biomed | Medical Students | Physical Sciences | Social Sciences,,"Arts, Performance | Arts &amp; Performance | Public Humanities | Simmons Center Events",,,false,80,false,"https://events.brown.edu/live/image/gid/25/width/80/height/80/crop/1/src_region/0,0,5728,5728/22449_Port_Cities_Brochure_Title_Square.png",,https://events.brown.edu/cssj/event/334343-exhibition-on-view-sites-of-remaking-port-cities,https://events.brown.edu/live/json/events
335168,Incoming Student Office Hours with Bruno Fellow Luca!,2026-08-07T17:00:00-04:00,,August 7,5:00pm,America/New_York,false,weekly,August 16,2026-07-17 21:00:00,2026-08-16 21:00:00,false,true,Online only,https://brown.zoom.us/j/4818462924,Zoom,,,,Orientation and Weeks of Welcome,,1st Year Students,,First-Year | Orientation,,,false,,false,"https://events.brown.edu/live/image/gid/123/width/80/height/80/crop/1/src_region/0,0,333,500/23125_Luca__Bruno.jpg",Luca posing with Bruno,https://events.brown.edu/orientation/event/335168-incoming-student-office-hours-with-bruno-fellow,https://events.brown.edu/live/json/events
329077,Art at Watson Presents — The Future Was Already Buried Here: Making and Unmaking Futures in California’s Lithium Valley,2026-08-08T00:00:00-04:00,,August 8,,America/New_York,true,,,2026-03-12 04:00:00,2026-08-28 04:00:00,false,false,,,111 Thayer Street,,,,Watson School of International and Public Affairs,"Performances, Concerts and Exhibitions",,,,watsonevents@brown.edu,watsonevents@brown.edu,false,,false,"https://events.brown.edu/live/image/gid/90/width/80/height/80/crop/1/src_region/0,0,1080,1079/22231_AAW_Future-Buried_Rabbani_web_1080x1079.jpg",Welcome sign - Salton Sea Beach,https://events.brown.edu/live/events/329049-art-at-watson-presents-the-future-was-already-buried-,https://events.brown.edu/live/json/events
333263,Nelson Center for Entrepreneurship Building Access,2026-08-08T00:00:00-04:00,,August 8,,America/New_York,true,,,2026-06-02 04:00:00,2026-08-24 04:00:00,false,false,,,"1 Euclid Ave, Providence RI 02906",41.828884,-71.400581,,Nelson Center for Entrepreneurship,,,,Entrepreneurship,entrepreneurship@brown.edu,entrepreneurship@brown.edu,false,,false,"https://events.brown.edu/live/image/gid/57/width/80/height/80/crop/1/src_region/0,0,683,683/23051_Nelson_Center_for_Entrepreneurship_Today.png",Nelson Center for Entrepreneurship logo,https://events.brown.edu/nelson-entrepreneurship/event/333263-nelson-center-for-entrepreneurship-building-access,https://events.brown.edu/live/json/events
334979,Summer Send-Off in Hong Kong – Welcome to Brown!,2026-08-08T02:30:00-04:00,2026-08-08T05:00:00-04:00,August 8,2:30am - 5:00am,America/New_York,false,,,2026-08-08 06:30:00,2026-08-08 09:00:00,false,false,,,,,,,Alumni &amp; Friends,,,,,,,false,,false,,,https://events.brown.edu/alumni-friends/event/334979-summer-send-off-in-hong-kong-welcome-to-brown,https://events.brown.edu/live/json/events
334866,Summer Send-Off in Seattle – Welcome to Brown!,2026-08-08T14:00:00-04:00,2026-08-08T17:00:00-04:00,August 8,2:00pm - 5:00pm,America/New_York,false,,,2026-08-08 18:00:00,2026-08-08 21:00:00,false,false,,,,,,,Alumni &amp; Friends,,,,,,,false,,false,,,https://events.brown.edu/alumni-friends/event/334866-summer-send-off-in-seattle-welcome-to-brown,https://events.brown.edu/live/json/events
334865,Summer Send-Off in Baltimore &amp; Washington DC – Welcome to Brown!,2026-08-08T17:00:00-04:00,2026-08-08T19:00:00-04:00,August 8,5:00pm - 7:00pm,America/New_York,false,,,2026-08-08 21:00:00,2026-08-08 23:00:00,false,false,,,,,,,Alumni &amp; Friends,,,,,,,false,,false,,,https://events.brown.edu/alumni-friends/event/334865-summer-send-off-in-baltimore-washington-dc-,https://events.brown.edu/live/json/events
334976,Wine Tasting &amp; Education,2026-08-08T18:00:00-04:00,2026-08-08T20:00:00-04:00,August 8,6:00pm - 8:00pm,America/New_York,false,,,2026-08-08 22:00:00,2026-08-09 00:00:00,false,false,,,,,,,Alumni &amp; Friends,,,,,,,false,,false,,,https://events.brown.edu/alumni-friends/event/334976-wine-tasting-education,https://events.brown.edu/live/json/events
335537,Brown Ultimate Aumni @ UFA Eastern Finals,2026-08-08T18:30:00-04:00,2026-08-08T21:30:00-04:00,August 8,6:30pm - 9:30pm,America/New_York,false,,,2026-08-08 22:30:00,2026-08-09 01:30:00,false,false,,,,,,,Alumni &amp; Friends,,,,,,,false,,false,,,https://events.brown.edu/alumni-friends/event/335537-brown-ultimate-aumni-ufa-eastern-finals,https://events.brown.edu/live/json/events
329077,Art at Watson Presents — The Future Was Already Buried Here: Making and Unmaking Futures in California’s Lithium Valley,2026-08-09T00:00:00-04:00,,August 9,,America/New_York,true,,,2026-03-12 04:00:00,2026-08-28 04:00:00,false,false,,,111 Thayer Street,,,,Watson School of International and Public Affairs,"Performances, Concerts and Exhibitions",,,,watsonevents@brown.edu,watsonevents@brown.edu,false,,false,"https://events.brown.edu/live/image/gid/90/width/80/height/80/crop/1/src_region/0,0,1080,1079/22231_AAW_Future-Buried_Rabbani_web_1080x1079.jpg",Welcome sign - Salton Sea Beach,https://events.brown.edu/live/events/329049-art-at-watson-presents-the-future-was-already-buried-,https://events.brown.edu/live/json/events
333263,Nelson Center for Entrepreneurship Building Access,2026-08-09T00:00:00-04:00,,August 9,,America/New_York,true,,,2026-06-02 04:00:00,2026-08-24 04:00:00,false,false,,,"1 Euclid Ave, Providence RI 02906",41.828884,-71.400581,,Nelson Center for Entrepreneurship,,,,Entrepreneurship,entrepreneurship@brown.edu,entrepreneurship@brown.edu,false,,false,"https://events.brown.edu/live/image/gid/57/width/80/height/80/crop/1/src_region/0,0,683,683/23051_Nelson_Center_for_Entrepreneurship_Today.png",Nelson Center for Entrepreneurship logo,https://events.brown.edu/nelson-entrepreneurship/event/333263-nelson-center-for-entrepreneurship-building-access,https://events.brown.edu/live/json/events
335142,Summer Send-Off in Northern New Jersey – Welcome to Brown!,2026-08-09T11:00:00-04:00,2026-08-09T12:30:00-04:00,August 9,11:00am - 12:30pm,America/New_York,false,,,2026-08-09 15:00:00,2026-08-09 16:30:00,false,false,,,,,,,Alumni &amp; Friends,,,,,,,false,,false,,,https://events.brown.edu/alumni-friends/event/335142-summer-send-off-in-northern-new-jersey-welcome-to,https://events.brown.edu/live/json/events
334833,SoWa Boston Meetup,2026-08-09T11:00:00-04:00,2026-08-09T14:00:00-04:00,August 9,11:00am - 2:00pm,America/New_York,false,,,2026-08-09 15:00:00,2026-08-09 18:00:00,false,false,,,,,,,Alumni &amp; Friends,,,,,,,false,,false,,,https://events.brown.edu/alumni-friends/event/334833-sowa-boston-meetup,https://events.brown.edu/live/json/events
334962,Brown Club Summer Send-Off in Charlotte – Welcome to Brown!,2026-08-09T11:30:00-04:00,2026-08-09T14:30:00-04:00,August 9,11:30am - 2:30pm,America/New_York,false,,,2026-08-09 15:30:00,2026-08-09 18:30:00,false,false,,,,,,,Alumni &amp; Friends,,,,,,,false,,false,,,https://events.brown.edu/alumni-friends/event/334962-brown-club-summer-send-off-in-charlotte-welcome,https://events.brown.edu/live/json/events
335413,Summer Send-Off in New Orleans – Welcome to Brown!,2026-08-09T13:00:00-04:00,2026-08-09T15:00:00-04:00,August 9,1:00pm - 3:00pm,America/New_York,false,,,2026-08-09 17:00:00,2026-08-09 19:00:00,false,false,,,,,,,Alumni &amp; Friends,,,,,,,false,,false,,,https://events.brown.edu/alumni-friends/event/335413-summer-send-off-in-new-orleans-welcome-to-brown,https://events.brown.edu/live/json/events
335087,Summer Send-Off in Miami – Welcome to Brown!,2026-08-09T13:00:00-04:00,2026-08-09T15:30:00-04:00,August 9,1:00pm - 3:30pm,America/New_York,false,,,2026-08-09 17:00:00,2026-08-09 19:30:00,false,false,,,,,,,Alumni &amp; Friends,,,,,,,false,,false,,,https://events.brown.edu/alumni-friends/event/335087-summer-send-off-in-miami-welcome-to-brown,https://events.brown.edu/live/json/events
334864,Summer Send-Off in Georgia – Welcome to Brown!,2026-08-09T14:30:00-04:00,2026-08-09T16:30:00-04:00,August 9,2:30pm - 4:30pm,America/New_York,false,,,2026-08-09 18:30:00,2026-08-09 20:30:00,false,false,,,,,,,Alumni &amp; Friends,,,,,,,false,,false,,,https://events.brown.edu/alumni-friends/event/334864-summer-send-off-in-georgia-welcome-to-brown,https://events.brown.edu/live/json/events
333573,Incoming Student Office Hours with Bruno Fellow Jeanus!,2026-08-09T17:00:00-04:00,,August 9,5:00pm,America/New_York,false,weekly,August 16,2026-06-21 21:00:00,2026-08-16 21:00:00,false,true,Online only,https://brown.zoom.us/j/4818462924,Zoom,,,,Orientation and Weeks of Welcome,,1st Year Students,,First-Year | Orientation,,,false,,false,"https://events.brown.edu/live/image/gid/123/width/80/height/80/crop/1/src_region/0,0,333,500/23126_Jeanus__Bruno.jpg",Jeanus posing with a Bruno stuffy,https://events.brown.edu/orientation/event/333573-incoming-student-office-hours-with-bruno-fellow,https://events.brown.edu/live/json/events
335524,Pop-Up Palooza,2026-08-09T19:00:00-04:00,2026-08-09T21:00:00-04:00,August 9,7:00pm - 9:00pm,America/New_York,false,,,2026-08-09 23:00:00,2026-08-10 01:00:00,false,false,,,Stonewall House,41.824775,-71.403111,Free,LGBTQ Center,"Free Food | Social Event, Study Break",1st Year Students | 2nd Year Students | 3rd Year Students | 4th Year Students | Humanities | Life Sciences Biomed | Life Sciences Non-Biomed | Medical Students | Physical Sciences | Social Sciences,,Campus Life | Free | GSPC | LGBTQ Center | sarah doyle center for women and gender,lgbtq@brown.edu,lgbtq@brown.edu,false,,false,"https://events.brown.edu/live/image/gid/60/width/80/height/80/crop/1/src_region/0,0,1000,1000/23242_popcorn_icon.jpg",A vector illustration of a red and white striped container filled overflowing with yellow popcorn against a colorful geometric background.,https://events.brown.edu/lgbtq/event/335524-pop-up-palooza,https://events.brown.edu/live/json/events
329077,Art at Watson Presents — The Future Was Already Buried Here: Making and Unmaking Futures in California’s Lithium Valley,2026-08-10T00:00:00-04:00,,August 10,,America/New_York,true,,,2026-03-12 04:00:00,2026-08-28 04:00:00,false,false,,,111 Thayer Street,,,,Watson School of International and Public Affairs,"Performances, Concerts and Exhibitions",,,,watsonevents@brown.edu,watsonevents@brown.edu,false,,false,"https://events.brown.edu/live/image/gid/90/width/80/height/80/crop/1/src_region/0,0,1080,1079/22231_AAW_Future-Buried_Rabbani_web_1080x1079.jpg",Welcome sign - Salton Sea Beach,https://events.brown.edu/live/events/329049-art-at-watson-presents-the-future-was-already-buried-,https://events.brown.edu/live/json/events
333263,Nelson Center for Entrepreneurship Building Access,2026-08-10T00:00:00-04:00,,August 10,,America/New_York,true,,,2026-06-02 04:00:00,2026-08-24 04:00:00,false,false,,,"1 Euclid Ave, Providence RI 02906",41.828884,-71.400581,,Nelson Center for Entrepreneurship,,,,Entrepreneurship,entrepreneurship@brown.edu,entrepreneurship@brown.edu,false,,false,"https://events.brown.edu/live/image/gid/57/width/80/height/80/crop/1/src_region/0,0,683,683/23051_Nelson_Center_for_Entrepreneurship_Today.png",Nelson Center for Entrepreneurship logo,https://events.brown.edu/nelson-entrepreneurship/event/333263-nelson-center-for-entrepreneurship-building-access,https://events.brown.edu/live/json/events
333163,Management Essentials July-August Series (In Person),2026-08-10T09:00:00-04:00,2026-08-10T12:00:00-04:00,August 10,9:00am - 12:00pm,America/New_York,false,weekly,August 24,2026-07-13 13:00:00,2026-08-24 13:00:00,false,false,,,South Street Landing,41.818344,-71.406139,,Human Resources,,,,Management Essentials,"For more information about Management Essentials, please email ldeteam@brown.edu.",ldeteam@brown.edu,false,,false,"https://events.brown.edu/live/image/gid/53/width/80/height/80/crop/1/src_region/0,0,176,178/22930_UHR_with_TD_Icon_1.png",Yellow circular logo with a lightbulb shaped like a flower on a stem,https://events.brown.edu/hr/event/333163-management-essentials-july-august-series-in-person,https://events.brown.edu/live/json/events
330839,Exhibit | Divine Afterlife: Burials and Religion in Ancient Egypt,2026-08-10T09:00:00-04:00,2026-08-10T16:30:00-04:00,August 10,9:00am - 4:30pm,America/New_York,false,every weekday (Monday to Friday),August 31,2026-04-15 13:00:00,2026-08-31 13:00:00,false,false,,,Rhode Island Hall,41.82548,-71.403879,,Joukowsky Institute for Archaeology," Open to the Public | Performances, Concerts and Exhibitions",1st Year Students | 2nd Year Students | 3rd Year Students | 4th Year Students | All Staff | Campus Faculty | Hospital Faculty | Humanities | Medical Students | Social Sciences,,"Arts, Performance | History, Cultural Studies, Languages | Humanities | Identity, Culture, Inclusion | International, Global Engagement","Joukowsky Institute for ArchaeologyRhode Island Hall, 60 George Street, Providence, RI jiaaw@brown.edu _____________________________ archaeology.brown.edu",jiaaw@brown.edu,false,,false,"https://events.brown.edu/live/image/gid/58/width/80/height/80/crop/1/src_region/0,40,1080,1120/22623_Divine_Afterlife-titleonly.png",,https://events.brown.edu/live/events/330716-exhibit-divine-afterlife-burials-and-religion-in,https://events.brown.edu/live/json/events
330977,Exhibit | Scents of the Ancient Past (Curated by Erynn Bentley ’27),2026-08-10T09:00:00-04:00,2026-08-10T16:30:00-04:00,August 10,9:00am - 4:30pm,America/New_York,false,every weekday (Monday to Friday),October 1,2026-05-01 13:00:00,2026-10-01 13:00:00,false,false,,,Rhode Island Hall,41.82548,-71.403879,,Joukowsky Institute for Archaeology," Open to the Public | Performances, Concerts and Exhibitions",1st Year Students | 2nd Year Students | 3rd Year Students | 4th Year Students | All Staff | Campus Faculty | Hospital Faculty | Humanities | Medical Students | Social Sciences,,"Arts, Performance | History, Cultural Studies, Languages | Humanities | Identity, Culture, Inclusion | International, Global Engagement","Joukowsky Institute for ArchaeologyRhode Island Hall, 60 George Street, Providence, RI jiaaw@brown.edu _____________________________ archaeology.brown.edu",jiaaw@brown.edu,false,,false,"https://events.brown.edu/live/image/gid/58/width/80/height/80/crop/1/src_region/0,128,1027,1155/22683_36_without_scale.jpg",,https://events.brown.edu/joukowsky-archaeology/event/330977-exhibit-scents-of-the-ancient-past-curated-by,https://events.brown.edu/live/json/events
326622,1776 Across the Americas: A Hemispheric History from the Collections of the John Carter Brown Library,2026-08-10T10:00:00-04:00,2026-08-10T12:45:00-04:00,August 10,10:00am - 12:45pm,America/New_York,false,every weekday (Monday to Friday),December 18,2026-02-06 15:00:00,2026-12-18 15:00:00,false,false,,,94 George Street,,,Free,John Carter Brown Library," Open to the Public | Performances, Concerts and Exhibitions",,,"history | History, Cultural Studies, Languages | Humanities | Identity, Culture, Inclusion | International, Global Engagement | Libraries | Social Sciences",jcb-events@brown.edu,jcb-events@brown.edu,false,,false,"https://events.brown.edu/live/image/gid/138/width/80/height/80/crop/1/src_region/0,0,1728,1728/21701_1776_Social_Media_Bkgds_JCBL_2026-01-21.jpg",The image shows a rooster pulling on the British flag.,https://events.brown.edu/john-carter-brown-library/event/326622-1776-across-the-americas-a-hemispheric-history,https://events.brown.edu/live/json/events
334344,Exhibition on View | Sites of Remaking: Port Cities and Our Present,2026-08-10T10:00:00-04:00,2026-08-10T17:00:00-04:00,August 10,10:00am - 5:00pm,America/New_York,false,every weekday (Monday to Friday),October 24,2026-03-30 14:00:00,2026-10-24 14:00:00,false,false,,,"Ruth J. Simmons Center for the Study of Slavery & Justice, 94 Waterman St., Providence, RI 02906",41.827378,-71.401526,Free,Ruth J. Simmons Center for the Study of Slavery &amp; Justice," Open to the Public | Performances, Concerts and Exhibitions",1st Year Students | 2nd Year Students | 3rd Year Students | 4th Year Students | All Staff | Campus Faculty | Hospital Faculty | Humanities | Life Sciences Biomed | Life Sciences Non-Biomed | Medical Students | Physical Sciences | Social Sciences,,"Arts, Performance | Arts &amp; Performance | Public Humanities | Simmons Center Events",,,false,80,false,"https://events.brown.edu/live/image/gid/25/width/80/height/80/crop/1/src_region/0,0,5728,5728/22449_Port_Cities_Brochure_Title_Square.png",,https://events.brown.edu/cssj/event/334344-exhibition-on-view-sites-of-remaking-port-cities,https://events.brown.edu/live/json/events
335672,Exploring Global Flavors (Webinar),2026-08-10T12:00:00-04:00,2026-08-10T12:45:00-04:00,August 10,12:00pm - 12:45pm,America/New_York,false,,,2026-08-10 16:00:00,2026-08-10 16:45:00,false,true,Online only,,,,,,Human Resources,,,,Wellness,worklife@brown.edu,worklife@brown.edu,false,,false,"https://events.brown.edu/live/image/gid/53/width/80/height/80/crop/1/src_region/0,0,292,306/444_wellness_program_icon.JPG",Wellness Program,https://events.brown.edu/hr/event/335672-exploring-global-flavors-webinar,https://events.brown.edu/live/json/events
335570,MCBGP Thesis Defense: Hasib Riaz,2026-08-10T13:00:00-04:00,2026-08-10T14:00:00-04:00,August 10,1:00pm - 2:00pm,America/New_York,false,,,2026-08-10 17:00:00,2026-08-10 18:00:00,false,false,,,70 Ship Street,41.818841,-71.4102,,Molecular Biology Cell Biology and Biochemistry (MCB),"Lectures, Seminars and Workshops",1st Year Students | 2nd Year Students | 3rd Year Students | 4th Year Students | Campus Faculty | Hospital Faculty | Humanities | Life Sciences Biomed | Life Sciences Non-Biomed | Medical Students | Physical Sciences | Social Sciences,,"Biology, Medicine, Public Health | Graduate School, Postgraduate Education",Shir Boyd Shir_Boyd@brown.edu,Shir_Boyd@brown.edu,false,,false,"https://events.brown.edu/live/image/gid/114/width/80/height/80/crop/1/src_region/940,602,1721,1383/23248_Hasib_Riaz_Headshot.jpg",,https://events.brown.edu/mcb/event/335570-mcbgp-thesis-defense-hasib-riaz,https://events.brown.edu/live/json/events
333274,YEP!@Brown Summer Program,2026-08-10T13:00:00-04:00,2026-08-14T17:30:00-04:00,August 10,1:00pm,America/New_York,false,,,2026-08-10 17:00:00,2026-08-14 21:30:00,false,false,,,"1 Euclid Ave, Providence RI 02906",41.828884,-71.400581,,Nelson Center for Entrepreneurship,,,,Entrepreneurship,pvd.outreach@yepprogram.org,pvd.outreach@yepprogram.org,false,,false,"https://events.brown.edu/live/image/gid/57/width/80/height/80/crop/1/src_region/0,0,500,500/23102_YEP_Thumbnail.png",YEP logo,https://events.brown.edu/nelson-entrepreneurship/event/333274-yepbrown-summer-program,https://events.brown.edu/live/json/events
326750,1776 Across the Americas: A Hemispheric History from the Collections of the John Carter Brown Library,2026-08-10T14:00:00-04:00,2026-08-10T16:45:00-04:00,August 10,2:00pm - 4:45pm,America/New_York,false,weekly,December 18,2026-02-09 19:00:00,2026-12-18 19:00:00,false,false,,,94 George Street,,,Free,John Carter Brown Library," Open to the Public | Performances, Concerts and Exhibitions",,,"history | History, Cultural Studies, Languages | Humanities | Identity, Culture, Inclusion | International, Global Engagement | Libraries | Social Sciences",jcb-events@brown.edu,jcb-events@brown.edu,false,,false,"https://events.brown.edu/live/image/gid/138/width/80/height/80/crop/1/src_region/0,0,1728,1728/21701_1776_Social_Media_Bkgds_JCBL_2026-01-21.jpg",The image shows a rooster pulling on the British flag.,https://events.brown.edu/john-carter-brown-library/event/326750-1776-across-the-americas-a-hemispheric-history,https://events.brown.edu/live/json/events
323420,Online Master’s in Management Program Overview,2026-08-10T16:00:00-04:00,2026-08-10T17:00:00-04:00,August 10,4:00pm - 5:00pm,America/New_York,false,,,2026-08-10 20:00:00,2026-08-10 21:00:00,false,true,Online only,https://apply.professional.brown.edu/register/OMiMAug,,,,,School of Professional Studies, Open to the Public,4th Year Students | All Staff | Campus Faculty | Hospital Faculty | Humanities | Life Sciences Biomed | Life Sciences Non-Biomed | Physical Sciences | Social Sciences,,Information Session | MastersBrown | masterseven | SPS,onlinemasters_admissions@brown.edu,onlinemasters_admissions@brown.edu,false,,false,"https://events.brown.edu/live/image/gid/175/width/80/height/80/crop/1/src_region/0,0,275,183/20511_online_learning.jpg",Online Learning,https://events.brown.edu/sps/event/323420-online-masters-in-management-program-overview,https://events.brown.edu/live/json/events
333528,Incoming Student Office Hours with Bruno Fellow Avery!,2026-08-10T20:30:00-04:00,,August 10,8:30pm,America/New_York,false,weekly,August 16,2026-06-16 00:30:00,2026-08-17 00:30:00,false,true,Online only,https://brown.zoom.us/j/4818462924,Zoom,,,,Orientation and Weeks of Welcome,,1st Year Students,,First-Year | Orientation,,,false,,false,"https://events.brown.edu/live/image/gid/123/width/80/height/80/crop/1/src_region/0,0,333,500/23122_Avery__Bruno.jpg",Avery posing with a Bruno stuffy,https://events.brown.edu/orientation/event/333528-incoming-student-office-hours-with-bruno-fellow,https://events.brown.edu/live/json/events
329077,Art at Watson Presents — The Future Was Already Buried Here: Making and Unmaking Futures in California’s Lithium Valley,2026-08-11T00:00:00-04:00,,August 11,,America/New_York,true,,,2026-03-12 04:00:00,2026-08-28 04:00:00,false,false,,,111 Thayer Street,,,,Watson School of International and Public Affairs,"Performances, Concerts and Exhibitions",,,,watsonevents@brown.edu,watsonevents@brown.edu,false,,false,"https://events.brown.edu/live/image/gid/90/width/80/height/80/crop/1/src_region/0,0,1080,1079/22231_AAW_Future-Buried_Rabbani_web_1080x1079.jpg",Welcome sign - Salton Sea Beach,https://events.brown.edu/live/events/329049-art-at-watson-presents-the-future-was-already-buried-,https://events.brown.edu/live/json/events
333263,Nelson Center for Entrepreneurship Building Access,2026-08-11T00:00:00-04:00,,August 11,,America/New_York,true,,,2026-06-02 04:00:00,2026-08-24 04:00:00,false,false,,,"1 Euclid Ave, Providence RI 02906",41.828884,-71.400581,,Nelson Center for Entrepreneurship,,,,Entrepreneurship,entrepreneurship@brown.edu,entrepreneurship@brown.edu,false,,false,"https://events.brown.edu/live/image/gid/57/width/80/height/80/crop/1/src_region/0,0,683,683/23051_Nelson_Center_for_Entrepreneurship_Today.png",Nelson Center for Entrepreneurship logo,https://events.brown.edu/nelson-entrepreneurship/event/333263-nelson-center-for-entrepreneurship-building-access,https://events.brown.edu/live/json/events
333274,YEP!@Brown Summer Program,2026-08-11T00:00:00-04:00,,August 11,,America/New_York,true,,,2026-08-10 17:00:00,2026-08-14 21:30:00,false,false,,,"1 Euclid Ave, Providence RI 02906",41.828884,-71.400581,,Nelson Center for Entrepreneurship,,,,Entrepreneurship,pvd.outreach@yepprogram.org,pvd.outreach@yepprogram.org,false,,false,"https://events.brown.edu/live/image/gid/57/width/80/height/80/crop/1/src_region/0,0,500,500/23102_YEP_Thumbnail.png",YEP logo,https://events.brown.edu/nelson-entrepreneurship/event/333274-yepbrown-summer-program,https://events.brown.edu/live/json/events
330840,Exhibit | Divine Afterlife: Burials and Religion in Ancient Egypt,2026-08-11T09:00:00-04:00,2026-08-11T16:30:00-04:00,August 11,9:00am - 4:30pm,America/New_York,false,every weekday (Monday to Friday),August 31,2026-04-15 13:00:00,2026-08-31 13:00:00,false,false,,,Rhode Island Hall,41.82548,-71.403879,,Joukowsky Institute for Archaeology," Open to the Public | Performances, Concerts and Exhibitions",1st Year Students | 2nd Year Students | 3rd Year Students | 4th Year Students | All Staff | Campus Faculty | Hospital Faculty | Humanities | Medical Students | Social Sciences,,"Arts, Performance | History, Cultural Studies, Languages | Humanities | Identity, Culture, Inclusion | International, Global Engagement","Joukowsky Institute for ArchaeologyRhode Island Hall, 60 George Street, Providence, RI jiaaw@brown.edu _____________________________ archaeology.brown.edu",jiaaw@brown.edu,false,,false,"https://events.brown.edu/live/image/gid/58/width/80/height/80/crop/1/src_region/0,40,1080,1120/22623_Divine_Afterlife-titleonly.png",,https://events.brown.edu/live/events/330717-exhibit-divine-afterlife-burials-and-religion-in,https://events.brown.edu/live/json/events
330978,Exhibit | Scents of the Ancient Past (Curated by Erynn Bentley ’27),2026-08-11T09:00:00-04:00,2026-08-11T16:30:00-04:00,August 11,9:00am - 4:30pm,America/New_York,false,every weekday (Monday to Friday),October 1,2026-05-01 13:00:00,2026-10-01 13:00:00,false,false,,,Rhode Island Hall,41.82548,-71.403879,,Joukowsky Institute for Archaeology," Open to the Public | Performances, Concerts and Exhibitions",1st Year Students | 2nd Year Students | 3rd Year Students | 4th Year Students | All Staff | Campus Faculty | Hospital Faculty | Humanities | Medical Students | Social Sciences,,"Arts, Performance | History, Cultural Studies, Languages | Humanities | Identity, Culture, Inclusion | International, Global Engagement","Joukowsky Institute for ArchaeologyRhode Island Hall, 60 George Street, Providence, RI jiaaw@brown.edu _____________________________ archaeology.brown.edu",jiaaw@brown.edu,false,,false,"https://events.brown.edu/live/image/gid/58/width/80/height/80/crop/1/src_region/0,128,1027,1155/22683_36_without_scale.jpg",,https://events.brown.edu/joukowsky-archaeology/event/330978-exhibit-scents-of-the-ancient-past-curated-by,https://events.brown.edu/live/json/events
326623,1776 Across the Americas: A Hemispheric History from the Collections of the John Carter Brown Library,2026-08-11T10:00:00-04:00,2026-08-11T12:45:00-04:00,August 11,10:00am - 12:45pm,America/New_York,false,every weekday (Monday to Friday),December 18,2026-02-06 15:00:00,2026-12-18 15:00:00,false,false,,,94 George Street,,,Free,John Carter Brown Library," Open to the Public | Performances, Concerts and Exhibitions",,,"history | History, Cultural Studies, Languages | Humanities | Identity, Culture, Inclusion | International, Global Engagement | Libraries | Social Sciences",jcb-events@brown.edu,jcb-events@brown.edu,false,,false,"https://events.brown.edu/live/image/gid/138/width/80/height/80/crop/1/src_region/0,0,1728,1728/21701_1776_Social_Media_Bkgds_JCBL_2026-01-21.jpg",The image shows a rooster pulling on the British flag.,https://events.brown.edu/john-carter-brown-library/event/326623-1776-across-the-americas-a-hemispheric-history,https://events.brown.edu/live/json/events
334345,Exhibition on View | Sites of Remaking: Port Cities and Our Present,2026-08-11T10:00:00-04:00,2026-08-11T17:00:00-04:00,August 11,10:00am - 5:00pm,America/New_York,false,every weekday (Monday to Friday),October 24,2026-03-30 14:00:00,2026-10-24 14:00:00,false,false,,,"Ruth J. Simmons Center for the Study of Slavery & Justice, 94 Waterman St., Providence, RI 02906",41.827378,-71.401526,Free,Ruth J. Simmons Center for the Study of Slavery &amp; Justice," Open to the Public | Performances, Concerts and Exhibitions",1st Year Students | 2nd Year Students | 3rd Year Students | 4th Year Students | All Staff | Campus Faculty | Hospital Faculty | Humanities | Life Sciences Biomed | Life Sciences Non-Biomed | Medical Students | Physical Sciences | Social Sciences,,"Arts, Performance | Arts &amp; Performance | Public Humanities | Simmons Center Events",,,false,80,false,"https://events.brown.edu/live/image/gid/25/width/80/height/80/crop/1/src_region/0,0,5728,5728/22449_Port_Cities_Brochure_Title_Square.png",,https://events.brown.edu/cssj/event/334345-exhibition-on-view-sites-of-remaking-port-cities,https://events.brown.edu/live/json/events
334924,Blood Drive with RI Blood Center at Student Health &amp; Wellness,2026-08-11T10:30:00-04:00,2026-08-11T15:30:00-04:00,August 11,10:30am - 3:30pm,America/New_York,false,,,2026-08-11 14:30:00,2026-08-11 19:30:00,false,false,,,450 Brook St,,,Free,Student Health &amp; Wellness,,1st Year Students | 2nd Year Students | 3rd Year Students | 4th Year Students | All Staff | Campus Faculty | Hospital Faculty | Humanities | Life Sciences Biomed | Life Sciences Non-Biomed | Medical Students | Physical Sciences | Social Sciences,,,,,false,,false,"https://events.brown.edu/live/image/gid/229/width/80/height/80/crop/1/src_region/0,0,500,500/20014_RI_Blood_Center.png",RI Blood Center Logo,https://events.brown.edu/student-health-wellness/event/334924-blood-drive-with-ri-blood-center-at-student-health-we,https://events.brown.edu/live/json/events
288051,COBRE CBC Computational Biology Walk-in Office hours,2026-08-11T11:00:00-04:00,2026-08-11T12:00:00-04:00,August 11,11:00am - 12:00pm,America/New_York,false,weekly,"December 31<span class=""lw_date_year"">, 2027</span>",2024-06-11 15:00:00,2027-12-31 16:00:00,false,true,Online only,https://brown.zoom.us/j/95250171953,,,,,Center for Computation and Visualization (CCV),,,,,Center for Computation and Visualization Talk to us on https://ccv.brown.edu/discuss,,false,,false,,,https://events.brown.edu/ccv/event/288051-cobre-cbc-computational-biology-walk-in-office,https://events.brown.edu/live/json/events
334885,The Leader as Coach | Moving Beyond Giving Advice to Real Impact,2026-08-11T12:00:00-04:00,2026-08-11T13:00:00-04:00,August 11,12:00pm - 1:00pm,America/New_York,false,,,2026-08-11 16:00:00,2026-08-11 17:00:00,false,true,Online only,https://apply.professional.brown.edu/register/?id=7f3ef8e0-9e10-4af2-8005-42c9ed9cc2c2,,,,Free,School of Professional Studies,,All Staff,,ACT Leadership Coaching | Leader as Coach | mindfulness,execeducation@brown.edu,execeducation@brown.edu,false,,false,"https://events.brown.edu/live/image/gid/175/width/80/height/80/crop/1/src_region/0,0,3200,2133/12157_diverse-business-people-applauding-with-joy-2022-12-15-23-20-36-utc_1.jpg",Diverse business people applauding with joy,https://events.brown.edu/sps/event/334885-the-leader-as-coach-moving-beyond-giving-advice,https://events.brown.edu/live/json/events
335673,Exercise for Stress Management &amp; Intro to Weightlifting (Onsite: College Hill),2026-08-11T12:00:00-04:00,2026-08-11T13:00:00-04:00,August 11,12:00pm - 1:00pm,America/New_York,false,,,2026-08-11 16:00:00,2026-08-11 17:00:00,false,false,,,Nelson Fitness Center,41.830156,-71.398001,,Human Resources,,,,Wellness,worklife@brown.edu,worklife@brown.edu,false,,false,"https://events.brown.edu/live/image/gid/53/width/80/height/80/crop/1/src_region/0,0,175,180/451_fitness_icon.JPG",Fitness Program,https://events.brown.edu/hr/event/335673-exercise-for-stress-management-intro-to,https://events.brown.edu/live/json/events
334218,"ATTC | Megan Poliquin | Understanding Gambling-Related Harms Among College Students: Trends, Risks, and Support Strategies",2026-08-11T12:00:00-04:00,2026-08-11T13:30:00-04:00,August 11,12:00pm - 1:30pm,America/New_York,false,,,2026-08-11 16:00:00,2026-08-11 17:30:00,false,true,Online only,https://us02web.zoom.us/meeting/register/96UkJjolTuCt-Yg7rRJNUg#/registration,,,,,Center for Alcohol and Addiction Studies (CAAS),"Lectures, Seminars and Workshops",,,,New England ATTC New England ATTC - Addiction Technology Transfer Center (ATTC) Network NewEnglandATTC@umassmed.edu,Tonya.McCallum@umassmed.edu | NewEnglandATTC@umassmed.edu,false,,false,"https://events.brown.edu/live/image/gid/20/width/80/height/80/crop/1/src_region/0,0,383,383/23149_Megan-Poliquin.jpg",,https://events.brown.edu/caas/event/334218-attc-megan-poliquin-understanding,https://events.brown.edu/live/json/events
326868,1776 Across the Americas: A Hemispheric History from the Collections of the John Carter Brown Library,2026-08-11T14:00:00-04:00,2026-08-11T16:45:00-04:00,August 11,2:00pm - 4:45pm,America/New_York,false,every Tuesday and Thursday,December 17,2026-02-10 19:00:00,2026-12-17 19:00:00,false,false,,,94 George Street,,,Free,John Carter Brown Library," Open to the Public | Performances, Concerts and Exhibitions",,,"history | History, Cultural Studies, Languages | Humanities | Identity, Culture, Inclusion | International, Global Engagement | Libraries | Social Sciences",jcb-events@brown.edu,jcb-events@brown.edu,false,,false,"https://events.brown.edu/live/image/gid/138/width/80/height/80/crop/1/src_region/0,0,1728,1728/21701_1776_Social_Media_Bkgds_JCBL_2026-01-21.jpg",The image shows a rooster pulling on the British flag.,https://events.brown.edu/john-carter-brown-library/event/326868-1776-across-the-americas-a-hemispheric-history,https://events.brown.edu/live/json/events
315429,"Online Master’s in Data Science: Policy, Governance &amp; Society: Program Overview",2026-08-11T16:00:00-04:00,2026-08-11T17:00:00-04:00,August 11,4:00pm - 5:00pm,America/New_York,false,,,2026-08-11 20:00:00,2026-08-11 21:00:00,false,true,Online only,https://apply.professional.brown.edu/register/?id=633a5f21-9d50-4dce-b8a8-5dad63c010b5,,,,Free,Master’s Programs,,,,,onlinemasters_admissions@brown.edu,onlinemasters_admissions@brown.edu,false,,false,"https://events.brown.edu/live/image/gid/224/width/80/height/80/crop/1/src_region/0,0,359,314/17139_unnamed-2.png",Online Master's Programs,https://events.brown.edu/live/events/314717-online-masters-in-data-science-policy-governance,https://events.brown.edu/live/json/events
333538,Incoming Student Office Hours with Bruno Fellow Chris!,2026-08-11T19:00:00-04:00,,August 11,7:00pm,America/New_York,false,weekly,August 16,2026-06-16 23:00:00,2026-08-16 23:00:00,false,true,Online only,https://brown.zoom.us/j/4818462924,Zoom,,,,Orientation and Weeks of Welcome,,1st Year Students,,First-Year | Orientation,,,false,,false,"https://events.brown.edu/live/image/gid/123/width/80/height/80/crop/1/src_region/0,0,333,500/23123_Chris__Bruno.jpg",Chris posing with a Bruno stuffy,https://events.brown.edu/orientation/event/333538-incoming-student-office-hours-with-bruno-fellow,https://events.brown.edu/live/json/events
329077,Art at Watson Presents — The Future Was Already Buried Here: Making and Unmaking Futures in California’s Lithium Valley,2026-08-12T00:00:00-04:00,,August 12,,America/New_York,true,,,2026-03-12 04:00:00,2026-08-28 04:00:00,false,false,,,111 Thayer Street,,,,Watson School of International and Public Affairs,"Performances, Concerts and Exhibitions",,,,watsonevents@brown.edu,watsonevents@brown.edu,false,,false,"https://events.brown.edu/live/image/gid/90/width/80/height/80/crop/1/src_region/0,0,1080,1079/22231_AAW_Future-Buried_Rabbani_web_1080x1079.jpg",Welcome sign - Salton Sea Beach,https://events.brown.edu/live/events/329049-art-at-watson-presents-the-future-was-already-buried-,https://events.brown.edu/live/json/events
333263,Nelson Center for Entrepreneurship Building Access,2026-08-12T00:00:00-04:00,,August 12,,America/New_York,true,,,2026-06-02 04:00:00,2026-08-24 04:00:00,false,false,,,"1 Euclid Ave, Providence RI 02906",41.828884,-71.400581,,Nelson Center for Entrepreneurship,,,,Entrepreneurship,entrepreneurship@brown.edu,entrepreneurship@brown.edu,false,,false,"https://events.brown.edu/live/image/gid/57/width/80/height/80/crop/1/src_region/0,0,683,683/23051_Nelson_Center_for_Entrepreneurship_Today.png",Nelson Center for Entrepreneurship logo,https://events.brown.edu/nelson-entrepreneurship/event/333263-nelson-center-for-entrepreneurship-building-access,https://events.brown.edu/live/json/events
333274,YEP!@Brown Summer Program,2026-08-12T00:00:00-04:00,,August 12,,America/New_York,true,,,2026-08-10 17:00:00,2026-08-14 21:30:00,false,false,,,"1 Euclid Ave, Providence RI 02906",41.828884,-71.400581,,Nelson Center for Entrepreneurship,,,,Entrepreneurship,pvd.outreach@yepprogram.org,pvd.outreach@yepprogram.org,false,,false,"https://events.brown.edu/live/image/gid/57/width/80/height/80/crop/1/src_region/0,0,500,500/23102_YEP_Thumbnail.png",YEP logo,https://events.brown.edu/nelson-entrepreneurship/event/333274-yepbrown-summer-program,https://events.brown.edu/live/json/events
332600,Staff Essentials - August (In Person),2026-08-12T09:00:00-04:00,2026-08-12T12:00:00-04:00,August 12,9:00am - 12:00pm,America/New_York,false,weekly,August 12,2026-08-05 13:00:00,2026-08-12 13:00:00,false,false,,,South Street Landing,41.818344,-71.406139,,Human Resources,,,,Staff Essentials,"For more information about Staff Essentials, please email ldeteam@brown.edu.",ldeteam@brown.edu,false,,false,"https://events.brown.edu/live/image/gid/53/width/80/height/80/crop/1/src_region/0,0,176,178/22930_UHR_with_TD_Icon_1.png",Yellow circular logo with a lightbulb shaped like a flower on a stem,https://events.brown.edu/hr/event/332600-staff-essentials-august-in-person,https://events.brown.edu/live/json/events
330841,Exhibit | Divine Afterlife: Burials and Religion in Ancient Egypt,2026-08-12T09:00:00-04:00,2026-08-12T16:30:00-04:00,August 12,9:00am - 4:30pm,America/New_York,false,every weekday (Monday to Friday),August 31,2026-04-15 13:00:00,2026-08-31 13:00:00,false,false,,,Rhode Island Hall,41.82548,-71.403879,,Joukowsky Institute for Archaeology," Open to the Public | Performances, Concerts and Exhibitions",1st Year Students | 2nd Year Students | 3rd Year Students | 4th Year Students | All Staff | Campus Faculty | Hospital Faculty | Humanities | Medical Students | Social Sciences,,"Arts, Performance | History, Cultural Studies, Languages | Humanities | Identity, Culture, Inclusion | International, Global Engagement","Joukowsky Institute for ArchaeologyRhode Island Hall, 60 George Street, Providence, RI jiaaw@brown.edu _____________________________ archaeology.brown.edu",jiaaw@brown.edu,false,,false,"https://events.brown.edu/live/image/gid/58/width/80/height/80/crop/1/src_region/0,40,1080,1120/22623_Divine_Afterlife-titleonly.png",,https://events.brown.edu/live/events/330718-exhibit-divine-afterlife-burials-and-religion-in,https://events.brown.edu/live/json/events
330979,Exhibit | Scents of the Ancient Past (Curated by Erynn Bentley ’27),2026-08-12T09:00:00-04:00,2026-08-12T16:30:00-04:00,August 12,9:00am - 4:30pm,America/New_York,false,every weekday (Monday to Friday),October 1,2026-05-01 13:00:00,2026-10-01 13:00:00,false,false,,,Rhode Island Hall,41.82548,-71.403879,,Joukowsky Institute for Archaeology," Open to the Public | Performances, Concerts and Exhibitions",1st Year Students | 2nd Year Students | 3rd Year Students | 4th Year Students | All Staff | Campus Faculty | Hospital Faculty | Humanities | Medical Students | Social Sciences,,"Arts, Performance | History, Cultural Studies, Languages | Humanities | Identity, Culture, Inclusion | International, Global Engagement","Joukowsky Institute for ArchaeologyRhode Island Hall, 60 George Street, Providence, RI jiaaw@brown.edu _____________________________ archaeology.brown.edu",jiaaw@brown.edu,false,,false,"https://events.brown.edu/live/image/gid/58/width/80/height/80/crop/1/src_region/0,128,1027,1155/22683_36_without_scale.jpg",,https://events.brown.edu/joukowsky-archaeology/event/330979-exhibit-scents-of-the-ancient-past-curated-by,https://events.brown.edu/live/json/events
335668,Robert Zielinski Dissertation Defense,2026-08-12T10:00:00-04:00,,August 12,10:00am,America/New_York,false,,,2026-08-12 14:00:00,,false,false,,,121 South Main Street,41.824026,-71.40698,,School of Public Health,"Lectures, Seminars and Workshops",Campus Faculty | Humanities | Life Sciences Biomed | Life Sciences Non-Biomed | Physical Sciences | Social Sciences,,Biostatistics | Brown University School of Public Health | sph,Please contact bethany_brown@brown.edu if you have any questions.,Bethany_brown@brown.edu | bethany_brown@brown.edu,false,,false,"https://events.brown.edu/live/image/gid/76/width/80/height/80/crop/1/src_region/0,0,480,480/23255_Zielinski_Rob_Default_Blurred_Office_1_Headshot.jpg",,https://events.brown.edu/public-health/event/335668-robert-zielinski-dissertation-defense,https://events.brown.edu/live/json/events
326624,1776 Across the Americas: A Hemispheric History from the Collections of the John Carter Brown Library,2026-08-12T10:00:00-04:00,2026-08-12T12:45:00-04:00,August 12,10:00am - 12:45pm,America/New_York,false,every weekday (Monday to Friday),December 18,2026-02-06 15:00:00,2026-12-18 15:00:00,false,false,,,94 George Street,,,Free,John Carter Brown Library," Open to the Public | Performances, Concerts and Exhibitions",,,"history | History, Cultural Studies, Languages | Humanities | Identity, Culture, Inclusion | International, Global Engagement | Libraries | Social Sciences",jcb-events@brown.edu,jcb-events@brown.edu,false,,false,"https://events.brown.edu/live/image/gid/138/width/80/height/80/crop/1/src_region/0,0,1728,1728/21701_1776_Social_Media_Bkgds_JCBL_2026-01-21.jpg",The image shows a rooster pulling on the British flag.,https://events.brown.edu/john-carter-brown-library/event/326624-1776-across-the-americas-a-hemispheric-history,https://events.brown.edu/live/json/events
334346,Exhibition on View | Sites of Remaking: Port Cities and Our Present,2026-08-12T10:00:00-04:00,2026-08-12T17:00:00-04:00,August 12,10:00am - 5:00pm,America/New_York,false,every weekday (Monday to Friday),October 24,2026-03-30 14:00:00,2026-10-24 14:00:00,false,false,,,"Ruth J. Simmons Center for the Study of Slavery & Justice, 94 Waterman St., Providence, RI 02906",41.827378,-71.401526,Free,Ruth J. Simmons Center for the Study of Slavery &amp; Justice," Open to the Public | Performances, Concerts and Exhibitions",1st Year Students | 2nd Year Students | 3rd Year Students | 4th Year Students | All Staff | Campus Faculty | Hospital Faculty | Humanities | Life Sciences Biomed | Life Sciences Non-Biomed | Medical Students | Physical Sciences | Social Sciences,,"Arts, Performance | Arts &amp; Performance | Public Humanities | Simmons Center Events",,,false,80,false,"https://events.brown.edu/live/image/gid/25/width/80/height/80/crop/1/src_region/0,0,5728,5728/22449_Port_Cities_Brochure_Title_Square.png",,https://events.brown.edu/cssj/event/334346-exhibition-on-view-sites-of-remaking-port-cities,https://events.brown.edu/live/json/events
335549,Dissertation Defense: Erin Prior,2026-08-12T11:00:00-04:00,,August 12,11:00am,America/New_York,false,,,2026-08-12 15:00:00,,false,false,,,Zoom,,,,English,,,,,english@brown.edu,english@brown.edu,false,,false,"https://events.brown.edu/live/image/gid/45/width/80/height/80/crop/1/src_region/0,0,3300,5100/23247_Prior_Defense_poster_final.png",A cartoon city in decay,https://events.brown.edu/english/event/335549-dissertation-defense-erin-prior,https://events.brown.edu/live/json/events
334813,SPH Summer Social,2026-08-12T13:30:00-04:00,2026-08-12T15:30:00-04:00,August 12,1:30pm - 3:30pm,America/New_York,false,,,2026-08-12 17:30:00,2026-08-12 19:30:00,false,false,,,121 South Main Street,41.824026,-71.40698,Free,School of Public Health,"Free Food | Social Event, Study Break",,,Brown University School of Public Health,sph-events@brown.edu,sph-events@brown.edu,false,,false,"https://events.brown.edu/live/image/gid/76/width/80/height/80/crop/1/src_region/0,0,800,800/23166_08.12.26_SPH_Summer_Social.png",,https://events.brown.edu/public-health/event/334813-sph-summer-social,https://events.brown.edu/live/json/events
326796,1776 Across the Americas: A Hemispheric History from the Collections of the John Carter Brown Library,2026-08-12T14:00:00-04:00,2026-08-12T16:45:00-04:00,August 12,2:00pm - 4:45pm,America/New_York,false,weekly,December 16,2026-02-11 19:00:00,2026-12-16 19:00:00,false,false,,,94 George Street,,,Free,John Carter Brown Library," Open to the Public | Performances, Concerts and Exhibitions",,,"history | History, Cultural Studies, Languages | Humanities | Identity, Culture, Inclusion | International, Global Engagement | Libraries | Social Sciences",jcb-events@brown.edu,jcb-events@brown.edu,false,,false,"https://events.brown.edu/live/image/gid/138/width/80/height/80/crop/1/src_region/0,0,1728,1728/21701_1776_Social_Media_Bkgds_JCBL_2026-01-21.jpg",The image shows a rooster pulling on the British flag.,https://events.brown.edu/john-carter-brown-library/event/326796-1776-across-the-americas-a-hemispheric-history,https://events.brown.edu/live/json/events
287416,COBRE CBC Computational Biology Walk-in Office hours,2026-08-12T15:00:00-04:00,2026-08-12T16:00:00-04:00,August 12,3:00pm - 4:00pm,America/New_York,false,weekly,"December 31<span class=""lw_date_year"">, 2027</span>",2024-06-26 19:00:00,2027-12-31 20:00:00,false,true,Online only,https://brown.zoom.us/j/95250171953,,,,,Center for Computation and Visualization (CCV),,,,,Center for Computation and Visualization Talk to us on https://ccv.brown.edu/discuss,,false,,false,,,https://events.brown.edu/ccv/event/287416-cobre-cbc-computational-biology-walk-in-office,https://events.brown.edu/live/json/events
333547,Incoming Student Office Hours with Bruno Fellow Akshat!,2026-08-12T18:00:00-04:00,,August 12,6:00pm,America/New_York,false,weekly,August 16,2026-06-17 22:00:00,2026-08-16 22:00:00,false,true,Online only,https://brown.zoom.us/j/4818462924,Zoom,,,,Orientation and Weeks of Welcome,,1st Year Students,,First-Year | Orientation,,,false,,false,"https://events.brown.edu/live/image/gid/123/width/80/height/80/crop/1/src_region/0,0,333,500/23124_Akshat__Bruno.png",Akshat posing with a Bruno stuffy,https://events.brown.edu/orientation/event/333547-incoming-student-office-hours-with-bruno-fellow,https://events.brown.edu/live/json/events
329077,Art at Watson Presents — The Future Was Already Buried Here: Making and Unmaking Futures in California’s Lithium Valley,2026-08-13T00:00:00-04:00,,August 13,,America/New_York,true,,,2026-03-12 04:00:00,2026-08-28 04:00:00,false,false,,,111 Thayer Street,,,,Watson School of International and Public Affairs,"Performances, Concerts and Exhibitions",,,,watsonevents@brown.edu,watsonevents@brown.edu,false,,false,"https://events.brown.edu/live/image/gid/90/width/80/height/80/crop/1/src_region/0,0,1080,1079/22231_AAW_Future-Buried_Rabbani_web_1080x1079.jpg",Welcome sign - Salton Sea Beach,https://events.brown.edu/live/events/329049-art-at-watson-presents-the-future-was-already-buried-,https://events.brown.edu/live/json/events
333263,Nelson Center for Entrepreneurship Building Access,2026-08-13T00:00:00-04:00,,August 13,,America/New_York,true,,,2026-06-02 04:00:00,2026-08-24 04:00:00,false,false,,,"1 Euclid Ave, Providence RI 02906",41.828884,-71.400581,,Nelson Center for Entrepreneurship,,,,Entrepreneurship,entrepreneurship@brown.edu,entrepreneurship@brown.edu,false,,false,"https://events.brown.edu/live/image/gid/57/width/80/height/80/crop/1/src_region/0,0,683,683/23051_Nelson_Center_for_Entrepreneurship_Today.png",Nelson Center for Entrepreneurship logo,https://events.brown.edu/nelson-entrepreneurship/event/333263-nelson-center-for-entrepreneurship-building-access,https://events.brown.edu/live/json/events
333274,YEP!@Brown Summer Program,2026-08-13T00:00:00-04:00,,August 13,,America/New_York,true,,,2026-08-10 17:00:00,2026-08-14 21:30:00,false,false,,,"1 Euclid Ave, Providence RI 02906",41.828884,-71.400581,,Nelson Center for Entrepreneurship,,,,Entrepreneurship,pvd.outreach@yepprogram.org,pvd.outreach@yepprogram.org,false,,false,"https://events.brown.edu/live/image/gid/57/width/80/height/80/crop/1/src_region/0,0,500,500/23102_YEP_Thumbnail.png",YEP logo,https://events.brown.edu/nelson-entrepreneurship/event/333274-yepbrown-summer-program,https://events.brown.edu/live/json/events
333473,Mentoring UP: Managing Mentoring Relationships,2026-08-13T08:30:00-04:00,2026-08-13T14:00:00-04:00,August 13,8:30am - 2:00pm,America/New_York,false,,,2026-08-13 12:30:00,2026-08-13 18:00:00,false,false,,,70 Ship Street,41.818841,-71.4102,Free,Advance-CTR,"Lectures, Seminars and Workshops",Campus Faculty | Hospital Faculty,,"Advance-CTR | Advising, Mentorship | Biology, Medicine, Public Health | Education, Teaching, Instruction | Training, Professional Development",,,false,,false,"https://events.brown.edu/live/image/gid/11/width/80/height/80/crop/1/src_region/0,0,980,552/23118_Tanya_Benitez_980__552_px_8.png",Mentoring UP logo,https://events.brown.edu/advance-ctr/event/333473-mentoring-up-managing-mentoring-relationships,https://events.brown.edu/live/json/events
334909,Summit on Stigma | COBRE on Opioid and Overdose,2026-08-13T08:30:00-04:00,2026-08-13T17:00:00-04:00,August 13,8:30am - 5:00pm,America/New_York,false,,,2026-08-13 12:30:00,2026-08-13 21:00:00,false,false,,,225 Dyer Street,,,,Center for Alcohol and Addiction Studies (CAAS),"Lectures, Seminars and Workshops",,,,opioidcobre@brownhealth.org,opioidcobre@brownhealth.org,false,,false,"https://events.brown.edu/live/image/gid/20/width/80/height/80/crop/1/src_region/0,0,1890,2363/23182_StigmaSummit_Graphic_CAAS2.png",Summit on Stigma flyer,https://events.brown.edu/caas/event/334909-summit-on-stigma-cobre-on-opioid-and-overdose,https://events.brown.edu/live/json/events
330842,Exhibit | Divine Afterlife: Burials and Religion in Ancient Egypt,2026-08-13T09:00:00-04:00,2026-08-13T16:30:00-04:00,August 13,9:00am - 4:30pm,America/New_York,false,every weekday (Monday to Friday),August 31,2026-04-15 13:00:00,2026-08-31 13:00:00,false,false,,,Rhode Island Hall,41.82548,-71.403879,,Joukowsky Institute for Archaeology," Open to the Public | Performances, Concerts and Exhibitions",1st Year Students | 2nd Year Students | 3rd Year Students | 4th Year Students | All Staff | Campus Faculty | Hospital Faculty | Humanities | Medical Students | Social Sciences,,"Arts, Performance | History, Cultural Studies, Languages | Humanities | Identity, Culture, Inclusion | International, Global Engagement","Joukowsky Institute for ArchaeologyRhode Island Hall, 60 George Street, Providence, RI jiaaw@brown.edu _____________________________ archaeology.brown.edu",jiaaw@brown.edu,false,,false,"https://events.brown.edu/live/image/gid/58/width/80/height/80/crop/1/src_region/0,40,1080,1120/22623_Divine_Afterlife-titleonly.png",,https://events.brown.edu/live/events/330719-exhibit-divine-afterlife-burials-and-religion-in,https://events.brown.edu/live/json/events
330980,Exhibit | Scents of the Ancient Past (Curated by Erynn Bentley ’27),2026-08-13T09:00:00-04:00,2026-08-13T16:30:00-04:00,August 13,9:00am - 4:30pm,America/New_York,false,every weekday (Monday to Friday),October 1,2026-05-01 13:00:00,2026-10-01 13:00:00,false,false,,,Rhode Island Hall,41.82548,-71.403879,,Joukowsky Institute for Archaeology," Open to the Public | Performances, Concerts and Exhibitions",1st Year Students | 2nd Year Students | 3rd Year Students | 4th Year Students | All Staff | Campus Faculty | Hospital Faculty | Humanities | Medical Students | Social Sciences,,"Arts, Performance | History, Cultural Studies, Languages | Humanities | Identity, Culture, Inclusion | International, Global Engagement","Joukowsky Institute for ArchaeologyRhode Island Hall, 60 George Street, Providence, RI jiaaw@brown.edu _____________________________ archaeology.brown.edu",jiaaw@brown.edu,false,,false,"https://events.brown.edu/live/image/gid/58/width/80/height/80/crop/1/src_region/0,128,1027,1155/22683_36_without_scale.jpg",,https://events.brown.edu/joukowsky-archaeology/event/330980-exhibit-scents-of-the-ancient-past-curated-by,https://events.brown.edu/live/json/events
333511,NSO 2026 Summer Group Advising Sessions: 8/13/2026 at 10am EST,2026-08-13T10:00:00-04:00,,August 13,10:00am,America/New_York,false,,,2026-08-13 14:00:00,,false,true,Online only,https://brown.zoom.us/j/95642376210,,,,,Orientation and Weeks of Welcome,,,,First-Year | Orientation,advising@brown.edu,advising@brown.edu,true,,false,"https://events.brown.edu/live/image/gid/123/width/80/height/80/crop/1/src_region/0,0,480,320/15756_eyJ3Ijo0ODAsImgiOjQ4MCwic2NvcGUiOiJhcHAifQ.png",,https://events.brown.edu/orientation/event/333511-nso-2026-summer-group-advising-sessions-8132026-at-10,https://events.brown.edu/live/json/events
335558,NSGP Thesis Defense: Adele Elizabeth Finch,2026-08-13T10:00:00-04:00,,August 13,10:00am,America/New_York,false,,,2026-08-13 14:00:00,,false,false,,,Sidney E. Frank Hall for Life Sciences,41.828915,-71.402525,Free,Neuroscience,"Lectures, Seminars and Workshops",,,"Biology, Medicine, Public Health | Research",Carol_Viveiros@brown.edu,Carol_Viveiros@brown.edu,false,,false,"https://events.brown.edu/live/image/gid/139/width/80/height/80/crop/1/src_region/0,0,4995,4649/8071_NSGPlogo_v2-1.png",Neuroscience Graduate Program,https://events.brown.edu/live/events/335538-nsgp-thesis-defense-adele-elizabeth-finch,https://events.brown.edu/live/json/events
326625,1776 Across the Americas: A Hemispheric History from the Collections of the John Carter Brown Library,2026-08-13T10:00:00-04:00,2026-08-13T12:45:00-04:00,August 13,10:00am - 12:45pm,America/New_York,false,every weekday (Monday to Friday),December 18,2026-02-06 15:00:00,2026-12-18 15:00:00,false,false,,,94 George Street,,,Free,John Carter Brown Library," Open to the Public | Performances, Concerts and Exhibitions",,,"history | History, Cultural Studies, Languages | Humanities | Identity, Culture, Inclusion | International, Global Engagement | Libraries | Social Sciences",jcb-events@brown.edu,jcb-events@brown.edu,false,,false,"https://events.brown.edu/live/image/gid/138/width/80/height/80/crop/1/src_region/0,0,1728,1728/21701_1776_Social_Media_Bkgds_JCBL_2026-01-21.jpg",The image shows a rooster pulling on the British flag.,https://events.brown.edu/john-carter-brown-library/event/326625-1776-across-the-americas-a-hemispheric-history,https://events.brown.edu/live/json/events
334347,Exhibition on View | Sites of Remaking: Port Cities and Our Present,2026-08-13T10:00:00-04:00,2026-08-13T17:00:00-04:00,August 13,10:00am - 5:00pm,America/New_York,false,every weekday (Monday to Friday),October 24,2026-03-30 14:00:00,2026-10-24 14:00:00,false,false,,,"Ruth J. Simmons Center for the Study of Slavery & Justice, 94 Waterman St., Providence, RI 02906",41.827378,-71.401526,Free,Ruth J. Simmons Center for the Study of Slavery &amp; Justice," Open to the Public | Performances, Concerts and Exhibitions",1st Year Students | 2nd Year Students | 3rd Year Students | 4th Year Students | All Staff | Campus Faculty | Hospital Faculty | Humanities | Life Sciences Biomed | Life Sciences Non-Biomed | Medical Students | Physical Sciences | Social Sciences,,"Arts, Performance | Arts &amp; Performance | Public Humanities | Simmons Center Events",,,false,80,false,"https://events.brown.edu/live/image/gid/25/width/80/height/80/crop/1/src_region/0,0,5728,5728/22449_Port_Cities_Brochure_Title_Square.png",,https://events.brown.edu/cssj/event/334347-exhibition-on-view-sites-of-remaking-port-cities,https://events.brown.edu/live/json/events
333361,Study Abroad 101 Information Session (virtual),2026-08-13T12:00:00-04:00,2026-08-13T12:30:00-04:00,August 13,12:00pm - 12:30pm,America/New_York,false,,,2026-08-13 16:00:00,2026-08-13 16:30:00,false,true,Online only,https://brown.zoom.us/j/91622823353,Page-Robinson Hall (previously JWW),41.827526,-71.402786,,Study Abroad,,,,"Advising, Mentorship | History, Cultural Studies, Languages | International, Global Engagement",Study Abroad Advising Page-Robinson Suite 313/319 401-863-3555 StudyAbroad@brown.edu,StudyAbroad@brown.edu,false,,false,"https://events.brown.edu/live/image/gid/67/width/80/height/80/crop/1/src_region/0,0,802,830/7414_StudyAbroad.png",,https://events.brown.edu/study-abroad/event/333361-study-abroad-101-information-session-virtual,https://events.brown.edu/live/json/events
323421,Online Master’s in Organizational Leadership Program Overview,2026-08-13T12:00:00-04:00,2026-08-13T13:00:00-04:00,August 13,12:00pm - 1:00pm,America/New_York,false,,,2026-08-13 16:00:00,2026-08-13 17:00:00,false,true,Online only,https://apply.professional.brown.edu/register/?id=8428fbea-cc6d-4e12-b007-8924d5aa4bd2,,,,,School of Professional Studies, Open to the Public,All Staff | Campus Faculty | Hospital Faculty | Humanities | Life Sciences Biomed | Life Sciences Non-Biomed | Physical Sciences | Social Sciences,,Information Session | MastersBrown | mastersevents | SPS,onlinemasters_admissions@brown.edu,onlinemasters_admissions@brown.edu,false,,false,"https://events.brown.edu/live/image/gid/175/width/80/height/80/crop/1/src_region/0,0,275,183/20512_onine_learning_3.jpg",Online Learning,https://events.brown.edu/sps/event/323421-online-masters-in-organizational-leadership-program-o,https://events.brown.edu/live/json/events
333316,Mindfulness-Based Programs | General Info Session,2026-08-13T12:00:00-04:00,2026-08-13T13:00:00-04:00,August 13,12:00pm - 1:00pm,America/New_York,false,,,2026-08-13 16:00:00,2026-08-13 17:00:00,false,true,Online only,https://apply.professional.brown.edu/register/?id=56c6824e-62de-4d59-bb39-d3d93dc187e7,,,,Free,School of Professional Studies,"Lectures, Seminars and Workshops",,,"mindfulness | Training, Professional Development",mindfulness@brown.edu,mindfulness@brown.edu,false,,false,"https://events.brown.edu/live/image/gid/175/width/80/height/80/crop/1/src_region/0,0,2132,2133/11968_stacked-zen-stones-sand-background-art-of-balance-2022-12-16-00-13-04-utc.jpg",Stacked zen stones sand background art of balance concept,https://events.brown.edu/sps/event/333316-mindfulness-based-programs-general-info-session,https://events.brown.edu/live/json/events
333512,NSO 2026 Summer Group Advising Sessions: 8/13/2026 at 1pm EST,2026-08-13T13:00:00-04:00,,August 13,1:00pm,America/New_York,false,,,2026-08-13 17:00:00,,false,true,Online only,https://brown.zoom.us/j/99122748195,,,,,Orientation and Weeks of Welcome,,,,,advising@brown.edu,advising@brown.edu,true,,false,"https://events.brown.edu/live/image/gid/123/width/80/height/80/crop/1/src_region/0,0,480,320/15756_eyJ3Ijo0ODAsImgiOjQ4MCwic2NvcGUiOiJhcHAifQ.png",,https://events.brown.edu/orientation/event/333512-nso-2026-summer-group-advising-sessions-8132026-at-1p,https://events.brown.edu/live/json/events
326869,1776 Across the Americas: A Hemispheric History from the Collections of the John Carter Brown Library,2026-08-13T14:00:00-04:00,2026-08-13T16:45:00-04:00,August 13,2:00pm - 4:45pm,America/New_York,false,every Tuesday and Thursday,December 17,2026-02-10 19:00:00,2026-12-17 19:00:00,false,false,,,94 George Street,,,Free,John Carter Brown Library," Open to the Public | Performances, Concerts and Exhibitions",,,"history | History, Cultural Studies, Languages | Humanities | Identity, Culture, Inclusion | International, Global Engagement | Libraries | Social Sciences",jcb-events@brown.edu,jcb-events@brown.edu,false,,false,"https://events.brown.edu/live/image/gid/138/width/80/height/80/crop/1/src_region/0,0,1728,1728/21701_1776_Social_Media_Bkgds_JCBL_2026-01-21.jpg",The image shows a rooster pulling on the British flag.,https://events.brown.edu/john-carter-brown-library/event/326869-1776-across-the-americas-a-hemispheric-history,https://events.brown.edu/live/json/events
333556,Incoming Student Office Hours with Bruno Fellow Abby!,2026-08-13T16:00:00-04:00,,August 13,4:00pm,America/New_York,false,weekly,August 16,2026-06-18 20:00:00,2026-08-16 20:00:00,false,true,Online only,https://brown.zoom.us/j/4818462924,Zoom,,,,Orientation and Weeks of Welcome,,1st Year Students,,First-Year | Orientation,,,false,,false,"https://events.brown.edu/live/image/gid/123/width/80/height/80/crop/1/src_region/0,0,333,500/23121_Abby__Bruno.jpg",Abby posing with a Bruno stuffy,https://events.brown.edu/orientation/event/333556-incoming-student-office-hours-with-bruno-fellow,https://events.brown.edu/live/json/events
329077,Art at Watson Presents — The Future Was Already Buried Here: Making and Unmaking Futures in California’s Lithium Valley,2026-08-14T00:00:00-04:00,,August 14,,America/New_York,true,,,2026-03-12 04:00:00,2026-08-28 04:00:00,false,false,,,111 Thayer Street,,,,Watson School of International and Public Affairs,"Performances, Concerts and Exhibitions",,,,watsonevents@brown.edu,watsonevents@brown.edu,false,,false,"https://events.brown.edu/live/image/gid/90/width/80/height/80/crop/1/src_region/0,0,1080,1079/22231_AAW_Future-Buried_Rabbani_web_1080x1079.jpg",Welcome sign - Salton Sea Beach,https://events.brown.edu/live/events/329049-art-at-watson-presents-the-future-was-already-buried-,https://events.brown.edu/live/json/events
333263,Nelson Center for Entrepreneurship Building Access,2026-08-14T00:00:00-04:00,,August 14,,America/New_York,true,,,2026-06-02 04:00:00,2026-08-24 04:00:00,false,false,,,"1 Euclid Ave, Providence RI 02906",41.828884,-71.400581,,Nelson Center for Entrepreneurship,,,,Entrepreneurship,entrepreneurship@brown.edu,entrepreneurship@brown.edu,false,,false,"https://events.brown.edu/live/image/gid/57/width/80/height/80/crop/1/src_region/0,0,683,683/23051_Nelson_Center_for_Entrepreneurship_Today.png",Nelson Center for Entrepreneurship logo,https://events.brown.edu/nelson-entrepreneurship/event/333263-nelson-center-for-entrepreneurship-building-access,https://events.brown.edu/live/json/events
333274,YEP!@Brown Summer Program,2026-08-14T00:00:00-04:00,,August 14,,America/New_York,true,,,2026-08-10 17:00:00,2026-08-14 21:30:00,false,false,,,"1 Euclid Ave, Providence RI 02906",41.828884,-71.400581,,Nelson Center for Entrepreneurship,,,,Entrepreneurship,pvd.outreach@yepprogram.org,pvd.outreach@yepprogram.org,false,,false,"https://events.brown.edu/live/image/gid/57/width/80/height/80/crop/1/src_region/0,0,500,500/23102_YEP_Thumbnail.png",YEP logo,https://events.brown.edu/nelson-entrepreneurship/event/333274-yepbrown-summer-program,https://events.brown.edu/live/json/events
330843,Exhibit | Divine Afterlife: Burials and Religion in Ancient Egypt,2026-08-14T09:00:00-04:00,2026-08-14T16:30:00-04:00,August 14,9:00am - 4:30pm,America/New_York,false,every weekday (Monday to Friday),August 31,2026-04-15 13:00:00,2026-08-31 13:00:00,false,false,,,Rhode Island Hall,41.82548,-71.403879,,Joukowsky Institute for Archaeology," Open to the Public | Performances, Concerts and Exhibitions",1st Year Students | 2nd Year Students | 3rd Year Students | 4th Year Students | All Staff | Campus Faculty | Hospital Faculty | Humanities | Medical Students | Social Sciences,,"Arts, Performance | History, Cultural Studies, Languages | Humanities | Identity, Culture, Inclusion | International, Global Engagement","Joukowsky Institute for ArchaeologyRhode Island Hall, 60 George Street, Providence, RI jiaaw@brown.edu _____________________________ archaeology.brown.edu",jiaaw@brown.edu,false,,false,"https://events.brown.edu/live/image/gid/58/width/80/height/80/crop/1/src_region/0,40,1080,1120/22623_Divine_Afterlife-titleonly.png",,https://events.brown.edu/live/events/330720-exhibit-divine-afterlife-burials-and-religion-in,https://events.brown.edu/live/json/events
330981,Exhibit | Scents of the Ancient Past (Curated by Erynn Bentley ’27),2026-08-14T09:00:00-04:00,2026-08-14T16:30:00-04:00,August 14,9:00am - 4:30pm,America/New_York,false,every weekday (Monday to Friday),October 1,2026-05-01 13:00:00,2026-10-01 13:00:00,false,false,,,Rhode Island Hall,41.82548,-71.403879,,Joukowsky Institute for Archaeology," Open to the Public | Performances, Concerts and Exhibitions",1st Year Students | 2nd Year Students | 3rd Year Students | 4th Year Students | All Staff | Campus Faculty | Hospital Faculty | Humanities | Medical Students | Social Sciences,,"Arts, Performance | History, Cultural Studies, Languages | Humanities | Identity, Culture, Inclusion | International, Global Engagement","Joukowsky Institute for ArchaeologyRhode Island Hall, 60 George Street, Providence, RI jiaaw@brown.edu _____________________________ archaeology.brown.edu",jiaaw@brown.edu,false,,false,"https://events.brown.edu/live/image/gid/58/width/80/height/80/crop/1/src_region/0,128,1027,1155/22683_36_without_scale.jpg",,https://events.brown.edu/joukowsky-archaeology/event/330981-exhibit-scents-of-the-ancient-past-curated-by,https://events.brown.edu/live/json/events
323874,CCV Office Hours,2026-08-14T10:00:00-04:00,2026-08-14T12:00:00-04:00,August 14,10:00am - 12:00pm,America/New_York,false,,,2026-08-14 14:00:00,2026-08-14 16:00:00,false,true,Hybrid,https://brown.zoom.us/j/93572022965,180 George Street,41.825929,-71.398812,Free,Center for Computation and Visualization (CCV),"Lectures, Seminars and Workshops |  Open to the Public",,,Computing | HPC | Research,Email the HPC team,hpc@brown.edu,false,,false,"https://events.brown.edu/live/image/gid/176/width/80/height/80/crop/1/src_region/0,0,8334,4307/2435_ccv-zdog_2.png",,https://events.brown.edu/ccv/event/323874-ccv-office-hours,https://events.brown.edu/live/json/events
326626,1776 Across the Americas: A Hemispheric History from the Collections of the John Carter Brown Library,2026-08-14T10:00:00-04:00,2026-08-14T12:45:00-04:00,August 14,10:00am - 12:45pm,America/New_York,false,every weekday (Monday to Friday),December 18,2026-02-06 15:00:00,2026-12-18 15:00:00,false,false,,,94 George Street,,,Free,John Carter Brown Library," Open to the Public | Performances, Concerts and Exhibitions",,,"history | History, Cultural Studies, Languages | Humanities | Identity, Culture, Inclusion | International, Global Engagement | Libraries | Social Sciences",jcb-events@brown.edu,jcb-events@brown.edu,false,,false,"https://events.brown.edu/live/image/gid/138/width/80/height/80/crop/1/src_region/0,0,1728,1728/21701_1776_Social_Media_Bkgds_JCBL_2026-01-21.jpg",The image shows a rooster pulling on the British flag.,https://events.brown.edu/john-carter-brown-library/event/326626-1776-across-the-americas-a-hemispheric-history,https://events.brown.edu/live/json/events
334348,Exhibition on View | Sites of Remaking: Port Cities and Our Present,2026-08-14T10:00:00-04:00,2026-08-14T17:00:00-04:00,August 14,10:00am - 5:00pm,America/New_York,false,every weekday (Monday to Friday),October 24,2026-03-30 14:00:00,2026-10-24 14:00:00,false,false,,,"Ruth J. Simmons Center for the Study of Slavery & Justice, 94 Waterman St., Providence, RI 02906",41.827378,-71.401526,Free,Ruth J. Simmons Center for the Study of Slavery &amp; Justice," Open to the Public | Performances, Concerts and Exhibitions",1st Year Students | 2nd Year Students | 3rd Year Students | 4th Year Students | All Staff | Campus Faculty | Hospital Faculty | Humanities | Life Sciences Biomed | Life Sciences Non-Biomed | Medical Students | Physical Sciences | Social Sciences,,"Arts, Performance | Arts &amp; Performance | Public Humanities | Simmons Center Events",,,false,80,false,"https://events.brown.edu/live/image/gid/25/width/80/height/80/crop/1/src_region/0,0,5728,5728/22449_Port_Cities_Brochure_Title_Square.png",,https://events.brown.edu/cssj/event/334348-exhibition-on-view-sites-of-remaking-port-cities,https://events.brown.edu/live/json/events
335169,Incoming Student Office Hours with Bruno Fellow Luca!,2026-08-14T17:00:00-04:00,,August 14,5:00pm,America/New_York,false,weekly,August 16,2026-07-17 21:00:00,2026-08-16 21:00:00,false,true,Online only,https://brown.zoom.us/j/4818462924,Zoom,,,,Orientation and Weeks of Welcome,,1st Year Students,,First-Year | Orientation,,,false,,false,"https://events.brown.edu/live/image/gid/123/width/80/height/80/crop/1/src_region/0,0,333,500/23125_Luca__Bruno.jpg",Luca posing with Bruno,https://events.brown.edu/orientation/event/335169-incoming-student-office-hours-with-bruno-fellow,https://events.brown.edu/live/json/events
335619,Choir Boy — A Night at Actor’s Express,2026-08-14T19:30:00-04:00,2026-08-14T21:15:00-04:00,August 14,7:30pm - 9:15pm,America/New_York,false,,,2026-08-14 23:30:00,2026-08-15 01:15:00,false,false,,,,,,,Alumni &amp; Friends,,,,,,,false,,false,,,https://events.brown.edu/alumni-friends/event/335619-choir-boy-a-night-at-actors-express,https://events.brown.edu/live/json/events
329077,Art at Watson Presents — The Future Was Already Buried Here: Making and Unmaking Futures in California’s Lithium Valley,2026-08-15T00:00:00-04:00,,August 15,,America/New_York,true,,,2026-03-12 04:00:00,2026-08-28 04:00:00,false,false,,,111 Thayer Street,,,,Watson School of International and Public Affairs,"Performances, Concerts and Exhibitions",,,,watsonevents@brown.edu,watsonevents@brown.edu,false,,false,"https://events.brown.edu/live/image/gid/90/width/80/height/80/crop/1/src_region/0,0,1080,1079/22231_AAW_Future-Buried_Rabbani_web_1080x1079.jpg",Welcome sign - Salton Sea Beach,https://events.brown.edu/live/events/329049-art-at-watson-presents-the-future-was-already-buried-,https://events.brown.edu/live/json/events
333263,Nelson Center for Entrepreneurship Building Access,2026-08-15T00:00:00-04:00,,August 15,,America/New_York,true,,,2026-06-02 04:00:00,2026-08-24 04:00:00,false,false,,,"1 Euclid Ave, Providence RI 02906",41.828884,-71.400581,,Nelson Center for Entrepreneurship,,,,Entrepreneurship,entrepreneurship@brown.edu,entrepreneurship@brown.edu,false,,false,"https://events.brown.edu/live/image/gid/57/width/80/height/80/crop/1/src_region/0,0,683,683/23051_Nelson_Center_for_Entrepreneurship_Today.png",Nelson Center for Entrepreneurship logo,https://events.brown.edu/nelson-entrepreneurship/event/333263-nelson-center-for-entrepreneurship-building-access,https://events.brown.edu/live/json/events
333464,Spring 2027 Final Application Deadline—All Other Brown/CASA Programs and Approved Alternative Programs,2026-08-15T00:00:00-04:00,,August 15,,America/New_York,true,,,2026-08-15 04:00:00,,false,false,,,,,,,Study Abroad,,,,"Advising, Mentorship | International, Global Engagement | Mathematics, Technology, Engineering",Study Abroad Advising Page-Robinson 313/319 401-863-3555 studyabroad@brown.edu,studyabroad@brown.edu,false,,false,"https://events.brown.edu/live/image/gid/67/width/80/height/80/crop/1/src_region/0,0,802,830/7414_StudyAbroad.png",,https://events.brown.edu/study-abroad/event/333464-spring-2027-final-application-deadlineall-other-brown,https://events.brown.edu/live/json/events
334858,Summer Send-Off in Taiwan – Welcome to Brown!,2026-08-15T06:00:00-04:00,2026-08-15T09:00:00-04:00,August 15,6:00am - 9:00am,America/New_York,false,,,2026-08-15 10:00:00,2026-08-15 13:00:00,false,false,,,,,,,Alumni &amp; Friends,,,,,,,false,,false,,,https://events.brown.edu/alumni-friends/event/334858-summer-send-off-in-taiwan-welcome-to-brown,https://events.brown.edu/live/json/events
334857,Summer Send-Off in Spain – Welcome to Brown!,2026-08-15T11:00:00-04:00,2026-08-15T12:00:00-04:00,August 15,11:00am - 12:00pm,America/New_York,false,,,2026-08-15 15:00:00,2026-08-15 16:00:00,false,false,,,,,,,Alumni &amp; Friends,,,,,,,false,,false,,,https://events.brown.edu/alumni-friends/event/334857-summer-send-off-in-spain-welcome-to-brown,https://events.brown.edu/live/json/events
335536,Summer Send-Off in Denver – Welcome to Brown!,2026-08-15T13:30:00-04:00,2026-08-15T15:30:00-04:00,August 15,1:30pm - 3:30pm,America/New_York,false,,,2026-08-15 17:30:00,2026-08-15 19:30:00,false,false,,,,,,,Alumni &amp; Friends,,,,,,,false,,false,,,https://events.brown.edu/alumni-friends/event/335536-summer-send-off-in-denver-welcome-to-brown,https://events.brown.edu/live/json/events
333283,Wickford History Tour: How Wickford Worked; the Story of the Village in the 18th and 19th Centuries,2026-08-15T14:00:00-04:00,2026-08-15T16:00:00-04:00,August 15,2:00pm - 4:00pm,America/New_York,false,,,2026-08-15 18:00:00,2026-08-15 20:00:00,false,false,,,,,,,Alumni &amp; Friends,,,,,,,false,,false,,,https://events.brown.edu/alumni-friends/event/333283-wickford-history-tour-how-wickford-worked-the,https://events.brown.edu/live/json/events
335021,Summer Send-Off in DFW – Welcome to Brown!,2026-08-15T16:00:00-04:00,2026-08-15T18:00:00-04:00,August 15,4:00pm - 6:00pm,America/New_York,false,,,2026-08-15 20:00:00,2026-08-15 22:00:00,false,false,,,,,,,Alumni &amp; Friends,,,,,,,false,,false,,,https://events.brown.edu/alumni-friends/event/335021-summer-send-off-in-dfw-welcome-to-brown,https://events.brown.edu/live/json/events
329077,Art at Watson Presents — The Future Was Already Buried Here: Making and Unmaking Futures in California’s Lithium Valley,2026-08-16T00:00:00-04:00,,August 16,,America/New_York,true,,,2026-03-12 04:00:00,2026-08-28 04:00:00,false,false,,,111 Thayer Street,,,,Watson School of International and Public Affairs,"Performances, Concerts and Exhibitions",,,,watsonevents@brown.edu,watsonevents@brown.edu,false,,false,"https://events.brown.edu/live/image/gid/90/width/80/height/80/crop/1/src_region/0,0,1080,1079/22231_AAW_Future-Buried_Rabbani_web_1080x1079.jpg",Welcome sign - Salton Sea Beach,https://events.brown.edu/live/events/329049-art-at-watson-presents-the-future-was-already-buried-,https://events.brown.edu/live/json/events
333263,Nelson Center for Entrepreneurship Building Access,2026-08-16T00:00:00-04:00,,August 16,,America/New_York,true,,,2026-06-02 04:00:00,2026-08-24 04:00:00,false,false,,,"1 Euclid Ave, Providence RI 02906",41.828884,-71.400581,,Nelson Center for Entrepreneurship,,,,Entrepreneurship,entrepreneurship@brown.edu,entrepreneurship@brown.edu,false,,false,"https://events.brown.edu/live/image/gid/57/width/80/height/80/crop/1/src_region/0,0,683,683/23051_Nelson_Center_for_Entrepreneurship_Today.png",Nelson Center for Entrepreneurship logo,https://events.brown.edu/nelson-entrepreneurship/event/333263-nelson-center-for-entrepreneurship-building-access,https://events.brown.edu/live/json/events
334856,Summer Send-Off in Houston – Welcome to Brown!,2026-08-16T16:00:00-04:00,2026-08-16T18:00:00-04:00,August 16,4:00pm - 6:00pm,America/New_York,false,,,2026-08-16 20:00:00,2026-08-16 22:00:00,false,false,,,,,,,Alumni &amp; Friends,,,,,,,false,,false,,,https://events.brown.edu/alumni-friends/event/334856-summer-send-off-in-houston-welcome-to-brown,https://events.brown.edu/live/json/events
335414,Summer Send-Off in St. Louis – Welcome to Brown!,2026-08-16T16:00:00-04:00,2026-08-16T18:00:00-04:00,August 16,4:00pm - 6:00pm,America/New_York,false,,,2026-08-16 20:00:00,2026-08-16 22:00:00,false,false,,,,,,,Alumni &amp; Friends,,,,,,,false,,false,,,https://events.brown.edu/alumni-friends/event/335414-summer-send-off-in-st-louis-welcome-to-brown,https://events.brown.edu/live/json/events
333574,Incoming Student Office Hours with Bruno Fellow Jeanus!,2026-08-16T17:00:00-04:00,,August 16,5:00pm,America/New_York,false,weekly,August 16,2026-06-21 21:00:00,2026-08-16 21:00:00,false,true,Online only,https://brown.zoom.us/j/4818462924,Zoom,,,,Orientation and Weeks of Welcome,,1st Year Students,,First-Year | Orientation,,,false,,false,"https://events.brown.edu/live/image/gid/123/width/80/height/80/crop/1/src_region/0,0,333,500/23126_Jeanus__Bruno.jpg",Jeanus posing with a Bruno stuffy,https://events.brown.edu/orientation/event/333574-incoming-student-office-hours-with-bruno-fellow,https://events.brown.edu/live/json/events
329077,Art at Watson Presents — The Future Was Already Buried Here: Making and Unmaking Futures in California’s Lithium Valley,2026-08-17T00:00:00-04:00,,August 17,,America/New_York,true,,,2026-03-12 04:00:00,2026-08-28 04:00:00,false,false,,,111 Thayer Street,,,,Watson School of International and Public Affairs,"Performances, Concerts and Exhibitions",,,,watsonevents@brown.edu,watsonevents@brown.edu,false,,false,"https://events.brown.edu/live/image/gid/90/width/80/height/80/crop/1/src_region/0,0,1080,1079/22231_AAW_Future-Buried_Rabbani_web_1080x1079.jpg",Welcome sign - Salton Sea Beach,https://events.brown.edu/live/events/329049-art-at-watson-presents-the-future-was-already-buried-,https://events.brown.edu/live/json/events
333263,Nelson Center for Entrepreneurship Building Access,2026-08-17T00:00:00-04:00,,August 17,,America/New_York,true,,,2026-06-02 04:00:00,2026-08-24 04:00:00,false,false,,,"1 Euclid Ave, Providence RI 02906",41.828884,-71.400581,,Nelson Center for Entrepreneurship,,,,Entrepreneurship,entrepreneurship@brown.edu,entrepreneurship@brown.edu,false,,false,"https://events.brown.edu/live/image/gid/57/width/80/height/80/crop/1/src_region/0,0,683,683/23051_Nelson_Center_for_Entrepreneurship_Today.png",Nelson Center for Entrepreneurship logo,https://events.brown.edu/nelson-entrepreneurship/event/333263-nelson-center-for-entrepreneurship-building-access,https://events.brown.edu/live/json/events
333164,Management Essentials July-August Series (In Person),2026-08-17T09:00:00-04:00,2026-08-17T12:00:00-04:00,August 17,9:00am - 12:00pm,America/New_York,false,weekly,August 24,2026-07-13 13:00:00,2026-08-24 13:00:00,false,false,,,South Street Landing,41.818344,-71.406139,,Human Resources,,,,Management Essentials,"For more information about Management Essentials, please email ldeteam@brown.edu.",ldeteam@brown.edu,false,,false,"https://events.brown.edu/live/image/gid/53/width/80/height/80/crop/1/src_region/0,0,176,178/22930_UHR_with_TD_Icon_1.png",Yellow circular logo with a lightbulb shaped like a flower on a stem,https://events.brown.edu/hr/event/333164-management-essentials-july-august-series-in-person,https://events.brown.edu/live/json/events
330844,Exhibit | Divine Afterlife: Burials and Religion in Ancient Egypt,2026-08-17T09:00:00-04:00,2026-08-17T16:30:00-04:00,August 17,9:00am - 4:30pm,America/New_York,false,every weekday (Monday to Friday),August 31,2026-04-15 13:00:00,2026-08-31 13:00:00,false,false,,,Rhode Island Hall,41.82548,-71.403879,,Joukowsky Institute for Archaeology," Open to the Public | Performances, Concerts and Exhibitions",1st Year Students | 2nd Year Students | 3rd Year Students | 4th Year Students | All Staff | Campus Faculty | Hospital Faculty | Humanities | Medical Students | Social Sciences,,"Arts, Performance | History, Cultural Studies, Languages | Humanities | Identity, Culture, Inclusion | International, Global Engagement","Joukowsky Institute for ArchaeologyRhode Island Hall, 60 George Street, Providence, RI jiaaw@brown.edu _____________________________ archaeology.brown.edu",jiaaw@brown.edu,false,,false,"https://events.brown.edu/live/image/gid/58/width/80/height/80/crop/1/src_region/0,40,1080,1120/22623_Divine_Afterlife-titleonly.png",,https://events.brown.edu/live/events/330721-exhibit-divine-afterlife-burials-and-religion-in,https://events.brown.edu/live/json/events
330982,Exhibit | Scents of the Ancient Past (Curated by Erynn Bentley ’27),2026-08-17T09:00:00-04:00,2026-08-17T16:30:00-04:00,August 17,9:00am - 4:30pm,America/New_York,false,every weekday (Monday to Friday),October 1,2026-05-01 13:00:00,2026-10-01 13:00:00,false,false,,,Rhode Island Hall,41.82548,-71.403879,,Joukowsky Institute for Archaeology," Open to the Public | Performances, Concerts and Exhibitions",1st Year Students | 2nd Year Students | 3rd Year Students | 4th Year Students | All Staff | Campus Faculty | Hospital Faculty | Humanities | Medical Students | Social Sciences,,"Arts, Performance | History, Cultural Studies, Languages | Humanities | Identity, Culture, Inclusion | International, Global Engagement","Joukowsky Institute for ArchaeologyRhode Island Hall, 60 George Street, Providence, RI jiaaw@brown.edu _____________________________ archaeology.brown.edu",jiaaw@brown.edu,false,,false,"https://events.brown.edu/live/image/gid/58/width/80/height/80/crop/1/src_region/0,128,1027,1155/22683_36_without_scale.jpg",,https://events.brown.edu/joukowsky-archaeology/event/330982-exhibit-scents-of-the-ancient-past-curated-by,https://events.brown.edu/live/json/events
326627,1776 Across the Americas: A Hemispheric History from the Collections of the John Carter Brown Library,2026-08-17T10:00:00-04:00,2026-08-17T12:45:00-04:00,August 17,10:00am - 12:45pm,America/New_York,false,every weekday (Monday to Friday),December 18,2026-02-06 15:00:00,2026-12-18 15:00:00,false,false,,,94 George Street,,,Free,John Carter Brown Library," Open to the Public | Performances, Concerts and Exhibitions",,,"history | History, Cultural Studies, Languages | Humanities | Identity, Culture, Inclusion | International, Global Engagement | Libraries | Social Sciences",jcb-events@brown.edu,jcb-events@brown.edu,false,,false,"https://events.brown.edu/live/image/gid/138/width/80/height/80/crop/1/src_region/0,0,1728,1728/21701_1776_Social_Media_Bkgds_JCBL_2026-01-21.jpg",The image shows a rooster pulling on the British flag.,https://events.brown.edu/john-carter-brown-library/event/326627-1776-across-the-americas-a-hemispheric-history,https://events.brown.edu/live/json/events
334349,Exhibition on View | Sites of Remaking: Port Cities and Our Present,2026-08-17T10:00:00-04:00,2026-08-17T17:00:00-04:00,August 17,10:00am - 5:00pm,America/New_York,false,every weekday (Monday to Friday),October 24,2026-03-30 14:00:00,2026-10-24 14:00:00,false,false,,,"Ruth J. Simmons Center for the Study of Slavery & Justice, 94 Waterman St., Providence, RI 02906",41.827378,-71.401526,Free,Ruth J. Simmons Center for the Study of Slavery &amp; Justice," Open to the Public | Performances, Concerts and Exhibitions",1st Year Students | 2nd Year Students | 3rd Year Students | 4th Year Students | All Staff | Campus Faculty | Hospital Faculty | Humanities | Life Sciences Biomed | Life Sciences Non-Biomed | Medical Students | Physical Sciences | Social Sciences,,"Arts, Performance | Arts &amp; Performance | Public Humanities | Simmons Center Events",,,false,80,false,"https://events.brown.edu/live/image/gid/25/width/80/height/80/crop/1/src_region/0,0,5728,5728/22449_Port_Cities_Brochure_Title_Square.png",,https://events.brown.edu/cssj/event/334349-exhibition-on-view-sites-of-remaking-port-cities,https://events.brown.edu/live/json/events
334920,Mindfulness-Based Cognitive Therapy (MBCT) Teacher Training Info Session,2026-08-17T12:00:00-04:00,2026-08-17T13:00:00-04:00,August 17,12:00pm - 1:00pm,America/New_York,false,,,2026-08-17 16:00:00,2026-08-17 17:00:00,false,true,Online only,https://apply.professional.brown.edu/register/?id=34110685-8402-4230-bf8e-aadaf462371a,,,,Free,School of Professional Studies,"Lectures, Seminars and Workshops |  Open to the Public",,,MBCT | mindfulness,mindfulness@brown.edu,mindfulness@brown.edu,false,,false,"https://events.brown.edu/live/image/gid/175/width/80/height/80/crop/1/src_region/0,0,360,360/11970_Mindfulness_Center.jpg",Therapy,https://events.brown.edu/sps/event/334920-mindfulness-based-cognitive-therapy-mbct-teacher,https://events.brown.edu/live/json/events
333675,DIS Semester in Copenhagen Information Session (virtual),2026-08-17T14:00:00-04:00,2026-08-17T15:00:00-04:00,August 17,2:00pm - 3:00pm,America/Detroit,false,,,2026-08-17 18:00:00,2026-08-17 19:00:00,false,true,Online only,https://engage.disabroad.org/event/dis.events.1743405,,,,,Study Abroad,,,,"Advising, Mentorship | International, Global Engagement","Study Abroad Advising Page-Robinson Hall, 313/319 401-863-3555 studyabroad@brown.edu",studyabroad@brown.edu,false,,false,"https://events.brown.edu/live/image/gid/67/width/80/height/80/crop/1/src_region/0,0,225,225/55_Unknown-1.png",,https://events.brown.edu/study-abroad/event/333675-dis-semester-in-copenhagen-information-session-virtua,https://events.brown.edu/live/json/events
326751,1776 Across the Americas: A Hemispheric History from the Collections of the John Carter Brown Library,2026-08-17T14:00:00-04:00,2026-08-17T16:45:00-04:00,August 17,2:00pm - 4:45pm,America/New_York,false,weekly,December 18,2026-02-09 19:00:00,2026-12-18 19:00:00,false,false,,,94 George Street,,,Free,John Carter Brown Library," Open to the Public | Performances, Concerts and Exhibitions",,,"history | History, Cultural Studies, Languages | Humanities | Identity, Culture, Inclusion | International, Global Engagement | Libraries | Social Sciences",jcb-events@brown.edu,jcb-events@brown.edu,false,,false,"https://events.brown.edu/live/image/gid/138/width/80/height/80/crop/1/src_region/0,0,1728,1728/21701_1776_Social_Media_Bkgds_JCBL_2026-01-21.jpg",The image shows a rooster pulling on the British flag.,https://events.brown.edu/john-carter-brown-library/event/326751-1776-across-the-americas-a-hemispheric-history,https://events.brown.edu/live/json/events
335646,From Havana to the World: CASA Cuba Alumni and Scholars on Research Across Borders,2026-08-17T17:00:00-04:00,2026-08-17T18:30:00-04:00,August 17,5:00pm - 6:30pm,America/New_York,false,,,2026-08-17 21:00:00,2026-08-17 22:30:00,false,true,Online only,https://docs.google.com/forms/d/e/1FAIpQLSf_7zCcjp5VnwykTj3CO56qKhIPqqbR2Ja00auAPsfOsEA6uw/viewform,,,,Free,Office of Global Engagement, Open to the Public,1st Year Students | 2nd Year Students | 3rd Year Students | 4th Year Students,,"Government, Public &amp; International Affairs | History, Cultural Studies, Languages | Identity, Culture, Inclusion | International, Global Engagement | Social Sciences","For questions, please contact Hannah Colvin (hannah_colvin@brown.edu).",hannah_colvin@brown.edu,false,,false,"https://events.brown.edu/live/image/gid/212/width/80/height/80/crop/1/src_region/0,0,1807,1478/18427_IMG_9633.jpg",CASA Cuba cohort in Havana,https://events.brown.edu/live/events/335033-from-havana-to-the-world-casa-cuba-alumni-and,https://events.brown.edu/live/json/events
329077,Art at Watson Presents — The Future Was Already Buried Here: Making and Unmaking Futures in California’s Lithium Valley,2026-08-18T00:00:00-04:00,,August 18,,America/New_York,true,,,2026-03-12 04:00:00,2026-08-28 04:00:00,false,false,,,111 Thayer Street,,,,Watson School of International and Public Affairs,"Performances, Concerts and Exhibitions",,,,watsonevents@brown.edu,watsonevents@brown.edu,false,,false,"https://events.brown.edu/live/image/gid/90/width/80/height/80/crop/1/src_region/0,0,1080,1079/22231_AAW_Future-Buried_Rabbani_web_1080x1079.jpg",Welcome sign - Salton Sea Beach,https://events.brown.edu/live/events/329049-art-at-watson-presents-the-future-was-already-buried-,https://events.brown.edu/live/json/events
335163,Last Day for Accelerated MPH summer courses,2026-08-18T00:00:00-04:00,,August 18,,America/New_York,true,,,2026-08-18 04:00:00,,false,false,,,,,,,Academic Calendar,,,,"Academic Calendar, University Dates &amp; Events | Summer Session",Registrar’s Office 401-863-2500,,false,,false,,,https://events.brown.edu/academic-calendar/event/335163-last-day-for-accelerated-mph-summer-courses,https://events.brown.edu/live/json/events
333263,Nelson Center for Entrepreneurship Building Access,2026-08-18T00:00:00-04:00,,August 18,,America/New_York,true,,,2026-06-02 04:00:00,2026-08-24 04:00:00,false,false,,,"1 Euclid Ave, Providence RI 02906",41.828884,-71.400581,,Nelson Center for Entrepreneurship,,,,Entrepreneurship,entrepreneurship@brown.edu,entrepreneurship@brown.edu,false,,false,"https://events.brown.edu/live/image/gid/57/width/80/height/80/crop/1/src_region/0,0,683,683/23051_Nelson_Center_for_Entrepreneurship_Today.png",Nelson Center for Entrepreneurship logo,https://events.brown.edu/nelson-entrepreneurship/event/333263-nelson-center-for-entrepreneurship-building-access,https://events.brown.edu/live/json/events
330845,Exhibit | Divine Afterlife: Burials and Religion in Ancient Egypt,2026-08-18T09:00:00-04:00,2026-08-18T16:30:00-04:00,August 18,9:00am - 4:30pm,America/New_York,false,every weekday (Monday to Friday),August 31,2026-04-15 13:00:00,2026-08-31 13:00:00,false,false,,,Rhode Island Hall,41.82548,-71.403879,,Joukowsky Institute for Archaeology," Open to the Public | Performances, Concerts and Exhibitions",1st Year Students | 2nd Year Students | 3rd Year Students | 4th Year Students | All Staff | Campus Faculty | Hospital Faculty | Humanities | Medical Students | Social Sciences,,"Arts, Performance | History, Cultural Studies, Languages | Humanities | Identity, Culture, Inclusion | International, Global Engagement","Joukowsky Institute for ArchaeologyRhode Island Hall, 60 George Street, Providence, RI jiaaw@brown.edu _____________________________ archaeology.brown.edu",jiaaw@brown.edu,false,,false,"https://events.brown.edu/live/image/gid/58/width/80/height/80/crop/1/src_region/0,40,1080,1120/22623_Divine_Afterlife-titleonly.png",,https://events.brown.edu/live/events/330722-exhibit-divine-afterlife-burials-and-religion-in,https://events.brown.edu/live/json/events
330983,Exhibit | Scents of the Ancient Past (Curated by Erynn Bentley ’27),2026-08-18T09:00:00-04:00,2026-08-18T16:30:00-04:00,August 18,9:00am - 4:30pm,America/New_York,false,every weekday (Monday to Friday),October 1,2026-05-01 13:00:00,2026-10-01 13:00:00,false,false,,,Rhode Island Hall,41.82548,-71.403879,,Joukowsky Institute for Archaeology," Open to the Public | Performances, Concerts and Exhibitions",1st Year Students | 2nd Year Students | 3rd Year Students | 4th Year Students | All Staff | Campus Faculty | Hospital Faculty | Humanities | Medical Students | Social Sciences,,"Arts, Performance | History, Cultural Studies, Languages | Humanities | Identity, Culture, Inclusion | International, Global Engagement","Joukowsky Institute for ArchaeologyRhode Island Hall, 60 George Street, Providence, RI jiaaw@brown.edu _____________________________ archaeology.brown.edu",jiaaw@brown.edu,false,,false,"https://events.brown.edu/live/image/gid/58/width/80/height/80/crop/1/src_region/0,128,1027,1155/22683_36_without_scale.jpg",,https://events.brown.edu/joukowsky-archaeology/event/330983-exhibit-scents-of-the-ancient-past-curated-by,https://events.brown.edu/live/json/events
326628,1776 Across the Americas: A Hemispheric History from the Collections of the John Carter Brown Library,2026-08-18T10:00:00-04:00,2026-08-18T12:45:00-04:00,August 18,10:00am - 12:45pm,America/New_York,false,every weekday (Monday to Friday),December 18,2026-02-06 15:00:00,2026-12-18 15:00:00,false,false,,,94 George Street,,,Free,John Carter Brown Library," Open to the Public | Performances, Concerts and Exhibitions",,,"history | History, Cultural Studies, Languages | Humanities | Identity, Culture, Inclusion | International, Global Engagement | Libraries | Social Sciences",jcb-events@brown.edu,jcb-events@brown.edu,false,,false,"https://events.brown.edu/live/image/gid/138/width/80/height/80/crop/1/src_region/0,0,1728,1728/21701_1776_Social_Media_Bkgds_JCBL_2026-01-21.jpg",The image shows a rooster pulling on the British flag.,https://events.brown.edu/john-carter-brown-library/event/326628-1776-across-the-americas-a-hemispheric-history,https://events.brown.edu/live/json/events
334350,Exhibition on View | Sites of Remaking: Port Cities and Our Present,2026-08-18T10:00:00-04:00,2026-08-18T17:00:00-04:00,August 18,10:00am - 5:00pm,America/New_York,false,every weekday (Monday to Friday),October 24,2026-03-30 14:00:00,2026-10-24 14:00:00,false,false,,,"Ruth J. Simmons Center for the Study of Slavery & Justice, 94 Waterman St., Providence, RI 02906",41.827378,-71.401526,Free,Ruth J. Simmons Center for the Study of Slavery &amp; Justice," Open to the Public | Performances, Concerts and Exhibitions",1st Year Students | 2nd Year Students | 3rd Year Students | 4th Year Students | All Staff | Campus Faculty | Hospital Faculty | Humanities | Life Sciences Biomed | Life Sciences Non-Biomed | Medical Students | Physical Sciences | Social Sciences,,"Arts, Performance | Arts &amp; Performance | Public Humanities | Simmons Center Events",,,false,80,false,"https://events.brown.edu/live/image/gid/25/width/80/height/80/crop/1/src_region/0,0,5728,5728/22449_Port_Cities_Brochure_Title_Square.png",,https://events.brown.edu/cssj/event/334350-exhibition-on-view-sites-of-remaking-port-cities,https://events.brown.edu/live/json/events
288052,COBRE CBC Computational Biology Walk-in Office hours,2026-08-18T11:00:00-04:00,2026-08-18T12:00:00-04:00,August 18,11:00am - 12:00pm,America/New_York,false,weekly,"December 31<span class=""lw_date_year"">, 2027</span>",2024-06-11 15:00:00,2027-12-31 16:00:00,false,true,Online only,https://brown.zoom.us/j/95250171953,,,,,Center for Computation and Visualization (CCV),,,,,Center for Computation and Visualization Talk to us on https://ccv.brown.edu/discuss,,false,,false,,,https://events.brown.edu/ccv/event/288052-cobre-cbc-computational-biology-walk-in-office,https://events.brown.edu/live/json/events
335505,Leading Through AI: A Human-Centered AI Information Session,2026-08-18T12:00:00-04:00,2026-08-18T12:30:00-04:00,August 18,12:00pm - 12:30pm,America/New_York,false,,,2026-08-18 16:00:00,2026-08-18 16:30:00,false,true,Online only,https://apply.professional.brown.edu/register/?id=e9b93f9e-3211-42cd-b90b-7de300db12aa,,,,Free,School of Professional Studies, Open to the Public,,,AI Education | Human-Centered AI,execeducation@brown.edu,execeducation@brown.edu,false,,false,"https://events.brown.edu/live/image/gid/175/width/80/height/80/crop/1/src_region/0,0,3200,1501/17730_AdobeStock_900723549.jpg",,https://events.brown.edu/sps/event/335505-leading-through-ai-a-human-centered-ai-information,https://events.brown.edu/live/json/events
333704,Master’s Programs | Graduate Study at Brown,2026-08-18T12:00:00-04:00,2026-08-18T13:00:00-04:00,August 18,12:00pm - 1:00pm,America/New_York,false,,,2026-08-18 16:00:00,2026-08-18 17:00:00,false,true,Online only,https://apply.professional.brown.edu/register/?id=4fc31cf4-4d36-41b1-b824-e912a2b50c62,,,,Free,School of Professional Studies,,,,"EMBA | Graduate School, Postgraduate Education | Healthcare Leadership | IE Brown Executive MBA | MastersBrown | mastersevents | MHL | MTL | SPS | Technology Leadership",masters_events@brown.edu,masters_events@brown.edu,false,,false,"https://events.brown.edu/live/image/gid/224/width/80/height/80/crop/1/src_region/0,0,800,533/19639_20210413_COMM_springcampus027.jpg",Master's Orientation 2025,https://events.brown.edu/sps/event/333704-masters-programs-graduate-study-at-brown,https://events.brown.edu/live/json/events
335036,Student Orientation: A Guide for Parents &amp; Families,2026-08-18T12:00:00-04:00,2026-08-18T13:00:00-04:00,August 18,12:00pm - 1:00pm,America/New_York,false,,,2026-08-18 16:00:00,2026-08-18 17:00:00,false,true,Online only,https://www.eventbrite.com/e/1993943385341?aff=oddtdtcreator,Virtual,,,Free,Campus Life, Open to the Public,,,"Academic Calendar, University Dates &amp; Events | Family",The Department of Parent and Family Engagement Family@Brown.edu For more information on the Parent and Family Webinar Series go to https://families.brown.edu/,Family@Brown.edu,false,,false,"https://events.brown.edu/live/image/gid/172/width/80/height/80/crop/1/src_region/0,0,2250,2250/8727_EventsBrown_1.png",Parent &amp; Family Summer Webinar Series,https://events.brown.edu/campus-life/event/335036-student-orientation-a-guide-for-parents-families,https://events.brown.edu/live/json/events
326870,1776 Across the Americas: A Hemispheric History from the Collections of the John Carter Brown Library,2026-08-18T14:00:00-04:00,2026-08-18T16:45:00-04:00,August 18,2:00pm - 4:45pm,America/New_York,false,every Tuesday and Thursday,December 17,2026-02-10 19:00:00,2026-12-17 19:00:00,false,false,,,94 George Street,,,Free,John Carter Brown Library," Open to the Public | Performances, Concerts and Exhibitions",,,"history | History, Cultural Studies, Languages | Humanities | Identity, Culture, Inclusion | International, Global Engagement | Libraries | Social Sciences",jcb-events@brown.edu,jcb-events@brown.edu,false,,false,"https://events.brown.edu/live/image/gid/138/width/80/height/80/crop/1/src_region/0,0,1728,1728/21701_1776_Social_Media_Bkgds_JCBL_2026-01-21.jpg",The image shows a rooster pulling on the British flag.,https://events.brown.edu/john-carter-brown-library/event/326870-1776-across-the-americas-a-hemispheric-history,https://events.brown.edu/live/json/events
329077,Art at Watson Presents — The Future Was Already Buried Here: Making and Unmaking Futures in California’s Lithium Valley,2026-08-19T00:00:00-04:00,,August 19,,America/New_York,true,,,2026-03-12 04:00:00,2026-08-28 04:00:00,false,false,,,111 Thayer Street,,,,Watson School of International and Public Affairs,"Performances, Concerts and Exhibitions",,,,watsonevents@brown.edu,watsonevents@brown.edu,false,,false,"https://events.brown.edu/live/image/gid/90/width/80/height/80/crop/1/src_region/0,0,1080,1079/22231_AAW_Future-Buried_Rabbani_web_1080x1079.jpg",Welcome sign - Salton Sea Beach,https://events.brown.edu/live/events/329049-art-at-watson-presents-the-future-was-already-buried-,https://events.brown.edu/live/json/events
333263,Nelson Center for Entrepreneurship Building Access,2026-08-19T00:00:00-04:00,,August 19,,America/New_York,true,,,2026-06-02 04:00:00,2026-08-24 04:00:00,false,false,,,"1 Euclid Ave, Providence RI 02906",41.828884,-71.400581,,Nelson Center for Entrepreneurship,,,,Entrepreneurship,entrepreneurship@brown.edu,entrepreneurship@brown.edu,false,,false,"https://events.brown.edu/live/image/gid/57/width/80/height/80/crop/1/src_region/0,0,683,683/23051_Nelson_Center_for_Entrepreneurship_Today.png",Nelson Center for Entrepreneurship logo,https://events.brown.edu/nelson-entrepreneurship/event/333263-nelson-center-for-entrepreneurship-building-access,https://events.brown.edu/live/json/events
335046,Community-Engaged Research and Teaching Retreat,2026-08-19T09:00:00-04:00,2026-08-19T15:30:00-04:00,August 19,9:00am - 3:30pm,America/New_York,false,,,2026-08-19 13:00:00,2026-08-19 19:30:00,false,false,,,225 Dyer St.,,,Free,Swearer Center,"Conferences and Colloquia | Lectures, Seminars and Workshops",All Staff | Campus Faculty | Hospital Faculty,,,Julie Plaut julie_plaut@brown.edu,julie_plaut@brown.edu,false,,false,"https://events.brown.edu/live/image/gid/134/width/80/height/80/crop/1/src_region/0,0,800,800/16138_Avatar__Shared_Email__Social.png",,https://events.brown.edu/live/events/335025-community-engaged-research-and-teaching-retreat,https://events.brown.edu/live/json/events
330846,Exhibit | Divine Afterlife: Burials and Religion in Ancient Egypt,2026-08-19T09:00:00-04:00,2026-08-19T16:30:00-04:00,August 19,9:00am - 4:30pm,America/New_York,false,every weekday (Monday to Friday),August 31,2026-04-15 13:00:00,2026-08-31 13:00:00,false,false,,,Rhode Island Hall,41.82548,-71.403879,,Joukowsky Institute for Archaeology," Open to the Public | Performances, Concerts and Exhibitions",1st Year Students | 2nd Year Students | 3rd Year Students | 4th Year Students | All Staff | Campus Faculty | Hospital Faculty | Humanities | Medical Students | Social Sciences,,"Arts, Performance | History, Cultural Studies, Languages | Humanities | Identity, Culture, Inclusion | International, Global Engagement","Joukowsky Institute for ArchaeologyRhode Island Hall, 60 George Street, Providence, RI jiaaw@brown.edu _____________________________ archaeology.brown.edu",jiaaw@brown.edu,false,,false,"https://events.brown.edu/live/image/gid/58/width/80/height/80/crop/1/src_region/0,40,1080,1120/22623_Divine_Afterlife-titleonly.png",,https://events.brown.edu/live/events/330723-exhibit-divine-afterlife-burials-and-religion-in,https://events.brown.edu/live/json/events
330984,Exhibit | Scents of the Ancient Past (Curated by Erynn Bentley ’27),2026-08-19T09:00:00-04:00,2026-08-19T16:30:00-04:00,August 19,9:00am - 4:30pm,America/New_York,false,every weekday (Monday to Friday),October 1,2026-05-01 13:00:00,2026-10-01 13:00:00,false,false,,,Rhode Island Hall,41.82548,-71.403879,,Joukowsky Institute for Archaeology," Open to the Public | Performances, Concerts and Exhibitions",1st Year Students | 2nd Year Students | 3rd Year Students | 4th Year Students | All Staff | Campus Faculty | Hospital Faculty | Humanities | Medical Students | Social Sciences,,"Arts, Performance | History, Cultural Studies, Languages | Humanities | Identity, Culture, Inclusion | International, Global Engagement","Joukowsky Institute for ArchaeologyRhode Island Hall, 60 George Street, Providence, RI jiaaw@brown.edu _____________________________ archaeology.brown.edu",jiaaw@brown.edu,false,,false,"https://events.brown.edu/live/image/gid/58/width/80/height/80/crop/1/src_region/0,128,1027,1155/22683_36_without_scale.jpg",,https://events.brown.edu/joukowsky-archaeology/event/330984-exhibit-scents-of-the-ancient-past-curated-by,https://events.brown.edu/live/json/events
326629,1776 Across the Americas: A Hemispheric History from the Collections of the John Carter Brown Library,2026-08-19T10:00:00-04:00,2026-08-19T12:45:00-04:00,August 19,10:00am - 12:45pm,America/New_York,false,every weekday (Monday to Friday),December 18,2026-02-06 15:00:00,2026-12-18 15:00:00,false,false,,,94 George Street,,,Free,John Carter Brown Library," Open to the Public | Performances, Concerts and Exhibitions",,,"history | History, Cultural Studies, Languages | Humanities | Identity, Culture, Inclusion | International, Global Engagement | Libraries | Social Sciences",jcb-events@brown.edu,jcb-events@brown.edu,false,,false,"https://events.brown.edu/live/image/gid/138/width/80/height/80/crop/1/src_region/0,0,1728,1728/21701_1776_Social_Media_Bkgds_JCBL_2026-01-21.jpg",The image shows a rooster pulling on the British flag.,https://events.brown.edu/john-carter-brown-library/event/326629-1776-across-the-americas-a-hemispheric-history,https://events.brown.edu/live/json/events
334351,Exhibition on View | Sites of Remaking: Port Cities and Our Present,2026-08-19T10:00:00-04:00,2026-08-19T17:00:00-04:00,August 19,10:00am - 5:00pm,America/New_York,false,every weekday (Monday to Friday),October 24,2026-03-30 14:00:00,2026-10-24 14:00:00,false,false,,,"Ruth J. Simmons Center for the Study of Slavery & Justice, 94 Waterman St., Providence, RI 02906",41.827378,-71.401526,Free,Ruth J. Simmons Center for the Study of Slavery &amp; Justice," Open to the Public | Performances, Concerts and Exhibitions",1st Year Students | 2nd Year Students | 3rd Year Students | 4th Year Students | All Staff | Campus Faculty | Hospital Faculty | Humanities | Life Sciences Biomed | Life Sciences Non-Biomed | Medical Students | Physical Sciences | Social Sciences,,"Arts, Performance | Arts &amp; Performance | Public Humanities | Simmons Center Events",,,false,80,false,"https://events.brown.edu/live/image/gid/25/width/80/height/80/crop/1/src_region/0,0,5728,5728/22449_Port_Cities_Brochure_Title_Square.png",,https://events.brown.edu/cssj/event/334351-exhibition-on-view-sites-of-remaking-port-cities,https://events.brown.edu/live/json/events
333630,Mindfulness-Based Stress Reduction (MBSR) Teacher Training Info,2026-08-19T12:00:00-04:00,2026-08-19T13:00:00-04:00,August 19,12:00pm - 1:00pm,America/New_York,false,,,2026-08-19 16:00:00,2026-08-19 17:00:00,false,true,Online only,https://apply.professional.brown.edu/register/?id=cb5d143c-aa8f-4f5b-a7ba-6929f2a98e04,,,,Free,School of Professional Studies, Open to the Public,,,mindfulness,mindfulness@brown.edu,mindfulness@brown.edu,false,,false,"https://events.brown.edu/live/image/gid/175/width/80/height/80/crop/1/src_region/0,0,864,864/11969_Mindfulness_Center_Photo.jpg",People Meditating,https://events.brown.edu/sps/event/333630-mindfulness-based-stress-reduction-mbsr-teacher,https://events.brown.edu/live/json/events
326797,1776 Across the Americas: A Hemispheric History from the Collections of the John Carter Brown Library,2026-08-19T14:00:00-04:00,2026-08-19T16:45:00-04:00,August 19,2:00pm - 4:45pm,America/New_York,false,weekly,December 16,2026-02-11 19:00:00,2026-12-16 19:00:00,false,false,,,94 George Street,,,Free,John Carter Brown Library," Open to the Public | Performances, Concerts and Exhibitions",,,"history | History, Cultural Studies, Languages | Humanities | Identity, Culture, Inclusion | International, Global Engagement | Libraries | Social Sciences",jcb-events@brown.edu,jcb-events@brown.edu,false,,false,"https://events.brown.edu/live/image/gid/138/width/80/height/80/crop/1/src_region/0,0,1728,1728/21701_1776_Social_Media_Bkgds_JCBL_2026-01-21.jpg",The image shows a rooster pulling on the British flag.,https://events.brown.edu/john-carter-brown-library/event/326797-1776-across-the-americas-a-hemispheric-history,https://events.brown.edu/live/json/events
287417,COBRE CBC Computational Biology Walk-in Office hours,2026-08-19T15:00:00-04:00,2026-08-19T16:00:00-04:00,August 19,3:00pm - 4:00pm,America/New_York,false,weekly,"December 31<span class=""lw_date_year"">, 2027</span>",2024-06-26 19:00:00,2027-12-31 20:00:00,false,true,Online only,https://brown.zoom.us/j/95250171953,,,,,Center for Computation and Visualization (CCV),,,,,Center for Computation and Visualization Talk to us on https://ccv.brown.edu/discuss,,false,,false,,,https://events.brown.edu/ccv/event/287417-cobre-cbc-computational-biology-walk-in-office,https://events.brown.edu/live/json/events
323419,Online Master’s in Business Analytics | Program Overview,2026-08-19T16:00:00-04:00,2026-08-19T17:00:00-04:00,August 19,4:00pm - 5:00pm,America/New_York,false,,,2026-08-19 20:00:00,2026-08-19 21:00:00,false,true,Online only,https://apply.professional.brown.edu/register/MBAnAug,,,,,School of Professional Studies, Open to the Public,All Staff | Campus Faculty | Hospital Faculty | Humanities | Life Sciences Biomed | Life Sciences Non-Biomed | Physical Sciences | Social Sciences,,Information Session | MastersBrown | mastersevents | SPS,onlinemasters_admissions@brown.edu,onlinemasters_admissions@brown.edu,false,,false,"https://events.brown.edu/live/image/gid/224/width/80/height/80/crop/1/src_region/0,0,359,314/17139_unnamed-2.png",Online Masters Program,https://events.brown.edu/sps/event/323419-online-masters-in-business-analytics-program-overview,https://events.brown.edu/live/json/events
334832,Alumni Career Initiative - Virtual Networking Event: August Session 1,2026-08-19T19:00:00-04:00,2026-08-19T20:00:00-04:00,August 19,7:00pm - 8:00pm,America/New_York,false,,,2026-08-19 23:00:00,2026-08-20 00:00:00,false,true,Hybrid,,,,,,Alumni &amp; Friends,,,,,,,false,,false,,,https://events.brown.edu/alumni-friends/event/334832-alumni-career-initiative-virtual-networking,https://events.brown.edu/live/json/events
329077,Art at Watson Presents — The Future Was Already Buried Here: Making and Unmaking Futures in California’s Lithium Valley,2026-08-20T00:00:00-04:00,,August 20,,America/New_York,true,,,2026-03-12 04:00:00,2026-08-28 04:00:00,false,false,,,111 Thayer Street,,,,Watson School of International and Public Affairs,"Performances, Concerts and Exhibitions",,,,watsonevents@brown.edu,watsonevents@brown.edu,false,,false,"https://events.brown.edu/live/image/gid/90/width/80/height/80/crop/1/src_region/0,0,1080,1079/22231_AAW_Future-Buried_Rabbani_web_1080x1079.jpg",Welcome sign - Salton Sea Beach,https://events.brown.edu/live/events/329049-art-at-watson-presents-the-future-was-already-buried-,https://events.brown.edu/live/json/events
333263,Nelson Center for Entrepreneurship Building Access,2026-08-20T00:00:00-04:00,,August 20,,America/New_York,true,,,2026-06-02 04:00:00,2026-08-24 04:00:00,false,false,,,"1 Euclid Ave, Providence RI 02906",41.828884,-71.400581,,Nelson Center for Entrepreneurship,,,,Entrepreneurship,entrepreneurship@brown.edu,entrepreneurship@brown.edu,false,,false,"https://events.brown.edu/live/image/gid/57/width/80/height/80/crop/1/src_region/0,0,683,683/23051_Nelson_Center_for_Entrepreneurship_Today.png",Nelson Center for Entrepreneurship logo,https://events.brown.edu/nelson-entrepreneurship/event/333263-nelson-center-for-entrepreneurship-building-access,https://events.brown.edu/live/json/events
330847,Exhibit | Divine Afterlife: Burials and Religion in Ancient Egypt,2026-08-20T09:00:00-04:00,2026-08-20T16:30:00-04:00,August 20,9:00am - 4:30pm,America/New_York,false,every weekday (Monday to Friday),August 31,2026-04-15 13:00:00,2026-08-31 13:00:00,false,false,,,Rhode Island Hall,41.82548,-71.403879,,Joukowsky Institute for Archaeology," Open to the Public | Performances, Concerts and Exhibitions",1st Year Students | 2nd Year Students | 3rd Year Students | 4th Year Students | All Staff | Campus Faculty | Hospital Faculty | Humanities | Medical Students | Social Sciences,,"Arts, Performance | History, Cultural Studies, Languages | Humanities | Identity, Culture, Inclusion | International, Global Engagement","Joukowsky Institute for ArchaeologyRhode Island Hall, 60 George Street, Providence, RI jiaaw@brown.edu _____________________________ archaeology.brown.edu",jiaaw@brown.edu,false,,false,"https://events.brown.edu/live/image/gid/58/width/80/height/80/crop/1/src_region/0,40,1080,1120/22623_Divine_Afterlife-titleonly.png",,https://events.brown.edu/live/events/330724-exhibit-divine-afterlife-burials-and-religion-in,https://events.brown.edu/live/json/events
330985,Exhibit | Scents of the Ancient Past (Curated by Erynn Bentley ’27),2026-08-20T09:00:00-04:00,2026-08-20T16:30:00-04:00,August 20,9:00am - 4:30pm,America/New_York,false,every weekday (Monday to Friday),October 1,2026-05-01 13:00:00,2026-10-01 13:00:00,false,false,,,Rhode Island Hall,41.82548,-71.403879,,Joukowsky Institute for Archaeology," Open to the Public | Performances, Concerts and Exhibitions",1st Year Students | 2nd Year Students | 3rd Year Students | 4th Year Students | All Staff | Campus Faculty | Hospital Faculty | Humanities | Medical Students | Social Sciences,,"Arts, Performance | History, Cultural Studies, Languages | Humanities | Identity, Culture, Inclusion | International, Global Engagement","Joukowsky Institute for ArchaeologyRhode Island Hall, 60 George Street, Providence, RI jiaaw@brown.edu _____________________________ archaeology.brown.edu",jiaaw@brown.edu,false,,false,"https://events.brown.edu/live/image/gid/58/width/80/height/80/crop/1/src_region/0,128,1027,1155/22683_36_without_scale.jpg",,https://events.brown.edu/joukowsky-archaeology/event/330985-exhibit-scents-of-the-ancient-past-curated-by,https://events.brown.edu/live/json/events
332429,Introduction to Cognos Analytics for New Users,2026-08-20T09:30:00-04:00,2026-08-20T12:00:00-04:00,August 20,9:30am - 12:00pm,America/New_York,false,,,2026-08-20 13:30:00,2026-08-20 16:00:00,false,false,,,Zoom,,,Free,Business Intelligence,"Lectures, Seminars and Workshops",,,"Training, Professional Development",Wendi Lewis Business Intelligence AnalystBI @Brown,,false,,false,"https://events.brown.edu/live/image/gid/154/width/80/height/80/crop/1/src_region/3,6,120,123/635_IBM-Cognos1.jpg",,https://events.brown.edu/BI/event/332429-introduction-to-cognos-analytics-for-new-users,https://events.brown.edu/live/json/events
326630,1776 Across the Americas: A Hemispheric History from the Collections of the John Carter Brown Library,2026-08-20T10:00:00-04:00,2026-08-20T12:45:00-04:00,August 20,10:00am - 12:45pm,America/New_York,false,every weekday (Monday to Friday),December 18,2026-02-06 15:00:00,2026-12-18 15:00:00,false,false,,,94 George Street,,,Free,John Carter Brown Library," Open to the Public | Performances, Concerts and Exhibitions",,,"history | History, Cultural Studies, Languages | Humanities | Identity, Culture, Inclusion | International, Global Engagement | Libraries | Social Sciences",jcb-events@brown.edu,jcb-events@brown.edu,false,,false,"https://events.brown.edu/live/image/gid/138/width/80/height/80/crop/1/src_region/0,0,1728,1728/21701_1776_Social_Media_Bkgds_JCBL_2026-01-21.jpg",The image shows a rooster pulling on the British flag.,https://events.brown.edu/john-carter-brown-library/event/326630-1776-across-the-americas-a-hemispheric-history,https://events.brown.edu/live/json/events
334352,Exhibition on View | Sites of Remaking: Port Cities and Our Present,2026-08-20T10:00:00-04:00,2026-08-20T17:00:00-04:00,August 20,10:00am - 5:00pm,America/New_York,false,every weekday (Monday to Friday),October 24,2026-03-30 14:00:00,2026-10-24 14:00:00,false,false,,,"Ruth J. Simmons Center for the Study of Slavery & Justice, 94 Waterman St., Providence, RI 02906",41.827378,-71.401526,Free,Ruth J. Simmons Center for the Study of Slavery &amp; Justice," Open to the Public | Performances, Concerts and Exhibitions",1st Year Students | 2nd Year Students | 3rd Year Students | 4th Year Students | All Staff | Campus Faculty | Hospital Faculty | Humanities | Life Sciences Biomed | Life Sciences Non-Biomed | Medical Students | Physical Sciences | Social Sciences,,"Arts, Performance | Arts &amp; Performance | Public Humanities | Simmons Center Events",,,false,80,false,"https://events.brown.edu/live/image/gid/25/width/80/height/80/crop/1/src_region/0,0,5728,5728/22449_Port_Cities_Brochure_Title_Square.png",,https://events.brown.edu/cssj/event/334352-exhibition-on-view-sites-of-remaking-port-cities,https://events.brown.edu/live/json/events
323695,SPS &amp; HR | New Expanded Employee Education Program Benefits,2026-08-20T12:00:00-04:00,2026-08-20T13:00:00-04:00,August 20,12:00pm - 1:00pm,America/New_York,false,,,2026-08-20 16:00:00,2026-08-20 17:00:00,false,true,Online only,https://apply.professional.brown.edu/register/?id=bb748672-27f6-4f4a-87a9-900119f23b41,,,,Free,School of Professional Studies,,All Staff,,"Human Resources, Benefits | SPS",execeducation@brown.edu,execeducation@brown.edu,false,,false,"https://events.brown.edu/live/image/gid/224/width/80/height/80/crop/1/src_region/0,0,1371,995/19302_Copy_of_Brown_School-of-Prof-Studies_Primary_Vt_1_2.png",SPS Logo,https://events.brown.edu/sps/event/323695-sps-hr-new-expanded-employee-education,https://events.brown.edu/live/json/events
330858,Master’s in Technology Leadership | Virtual Information Session: Curriculum &amp; CCP Deep Dive,2026-08-20T12:00:00-04:00,2026-08-20T13:00:00-04:00,August 20,12:00pm - 1:00pm,America/New_York,false,,,2026-08-20 16:00:00,2026-08-20 17:00:00,false,true,Online only,https://apply.professional.brown.edu/register/?id=9b7d39a1-924c-48b2-a730-d365b8939c04,,,,Free,School of Professional Studies,,,,"Graduate School, Postgraduate Education | Mathematics, Technology, Engineering",professional@brown.edu,professional@brown.edu,false,,false,"https://events.brown.edu/live/image/gid/175/width/80/height/80/crop/1/src_region/0,0,3200,3200/3920_Square_-_Science_and_Tech_Learn_More_CONVERT_4.jpg",,https://events.brown.edu/live/events/330737-masters-in-technology-leadership-virtual,https://events.brown.edu/live/json/events
335002,Lessons in Leadership | Providing Leadership Coaching,2026-08-20T12:00:00-04:00,2026-08-20T13:00:00-04:00,August 20,12:00pm - 1:00pm,America/New_York,false,,,2026-08-20 16:00:00,2026-08-20 17:00:00,false,true,Online only,https://apply.professional.brown.edu/register/?id=2fc700c2-1af0-4e84-ab27-1ddd64a062e5,,,,Free,School of Professional Studies,,1st Year Students | 2nd Year Students | 3rd Year Students | 4th Year Students | All Staff | Campus Faculty | Hospital Faculty | Humanities | Life Sciences Biomed | Life Sciences Non-Biomed | Medical Students | Physical Sciences | Social Sciences,,"EMBA | Executive Education | Executive MBA | Graduate School, Postgraduate Education | Healthcare Leadership | IE Brown Executive MBA | Lessons in Leadership | MastersBrown | mastersevents | MHL | MTL | SPS | SPSevents | Technology Leadership",professional@brown.edu,professional@brown.edu,false,,false,"https://events.brown.edu/live/image/gid/175/width/80/height/80/crop/1/src_region/0,0,5001,5001/8662_Lessons_in_Leadership_thumbnail-02.png",,https://events.brown.edu/sps/event/335002-lessons-in-leadership-providing-leadership,https://events.brown.edu/live/json/events
335404,Master of Science in Cybersecurity | Virtual Information Session,2026-08-20T12:00:00-04:00,2026-08-20T13:00:00-04:00,August 20,12:00pm - 1:00pm,America/New_York,false,,,2026-08-20 16:00:00,2026-08-20 17:00:00,false,true,Online only,https://apply.professional.brown.edu/register/?id=a4b273e3-c2ed-4ef9-8cef-7e6c8eb22254,,,,Free,Master’s Programs,,,,"Fifth-Year Master's | Graduate School, Postgraduate Education | Master | Master's Admissions | Master's Events | Mathematics, Technology, Engineering",masters_events@brown.edu,masters_events@brown.edu,false,,false,"https://events.brown.edu/live/image/gid/175/width/80/height/80/crop/1/src_region/0,0,3200,3200/3922_Square_-_Cybersecurity_-_Learn_More.jpg",,https://events.brown.edu/masters-programs/event/335404-master-of-science-in-cybersecurity-virtual,https://events.brown.edu/live/json/events
335462,Pembroke Club Summer Luncheon and Annual Meeting,2026-08-20T12:00:00-04:00,2026-08-20T14:00:00-04:00,August 20,12:00pm - 2:00pm,America/New_York,false,,,2026-08-20 16:00:00,2026-08-20 18:00:00,false,false,,,,,,,Alumni &amp; Friends,,,,,,,false,,false,,,https://events.brown.edu/alumni-friends/event/335462-pembroke-club-summer-luncheon-and-annual-meeting,https://events.brown.edu/live/json/events
326871,1776 Across the Americas: A Hemispheric History from the Collections of the John Carter Brown Library,2026-08-20T14:00:00-04:00,2026-08-20T16:45:00-04:00,August 20,2:00pm - 4:45pm,America/New_York,false,every Tuesday and Thursday,December 17,2026-02-10 19:00:00,2026-12-17 19:00:00,false,false,,,94 George Street,,,Free,John Carter Brown Library," Open to the Public | Performances, Concerts and Exhibitions",,,"history | History, Cultural Studies, Languages | Humanities | Identity, Culture, Inclusion | International, Global Engagement | Libraries | Social Sciences",jcb-events@brown.edu,jcb-events@brown.edu,false,,false,"https://events.brown.edu/live/image/gid/138/width/80/height/80/crop/1/src_region/0,0,1728,1728/21701_1776_Social_Media_Bkgds_JCBL_2026-01-21.jpg",The image shows a rooster pulling on the British flag.,https://events.brown.edu/john-carter-brown-library/event/326871-1776-across-the-americas-a-hemispheric-history,https://events.brown.edu/live/json/events
335452,Brown FM Primary Care Innovation Series: Bearing Witness in Real Time: Dynamic Research and the Flash Survey Method,2026-08-20T16:00:00-04:00,2026-08-20T17:00:00-04:00,August 20,4:00pm - 5:00pm,America/New_York,false,,,2026-08-20 20:00:00,2026-08-20 21:00:00,false,true,Online only,https://cassyni.com/events/YZ16Ynt6t6umZDFhJAwEfo,,,,Free,Family Medicine,"Free Food | Lectures, Seminars and Workshops |  Open to the Public",1st Year Students | 2nd Year Students | 3rd Year Students | 4th Year Students | All Staff | Campus Faculty | Hospital Faculty | Humanities | Life Sciences Biomed | Life Sciences Non-Biomed | Medical Students | Physical Sciences | Social Sciences,,"Biology, Medicine, Public Health | Research","Amelia Newburg, Director of Administrative Operations, amelia_newburg@brown.edu",amelia_newburg@brown.edu,false,,false,"https://events.brown.edu/live/image/gid/223/width/80/height/80/crop/1/src_region/0,279,1469,1748/15619_Untitled-111.jpg",Brown Department of Family Medicine logo_V1,https://events.brown.edu/live/events/335432-brown-fm-primary-care-innovation-series-bearing-witne,https://events.brown.edu/live/json/events
333396,Brown University Women’s Soccer vs New Haven,2026-08-20T19:00:00-04:00,2026-08-20T21:00:00-04:00,August 20,7:00pm - 9:00pm,America/New_York,false,,,2026-08-20 23:00:00,2026-08-21 01:00:00,false,false,,,"Providence, R.I., Stevenson-Pincince Field",,,,Athletics, Open to the Public,,,"Athletics, Sports, Wellness",,,false,,false,"https://events.brown.edu/live/image/gid/8/width/80/height/80/crop/1/src_region/0,0,1050,1050/10116_brown-athletics.png",Brown University Athletics logo,https://events.brown.edu/athletics/event/333396-brown-university-womens-soccer-vs-new-haven,https://events.brown.edu/live/json/events
329077,Art at Watson Presents — The Future Was Already Buried Here: Making and Unmaking Futures in California’s Lithium Valley,2026-08-21T00:00:00-04:00,,August 21,,America/New_York,true,,,2026-03-12 04:00:00,2026-08-28 04:00:00,false,false,,,111 Thayer Street,,,,Watson School of International and Public Affairs,"Performances, Concerts and Exhibitions",,,,watsonevents@brown.edu,watsonevents@brown.edu,false,,false,"https://events.brown.edu/live/image/gid/90/width/80/height/80/crop/1/src_region/0,0,1080,1079/22231_AAW_Future-Buried_Rabbani_web_1080x1079.jpg",Welcome sign - Salton Sea Beach,https://events.brown.edu/live/events/329049-art-at-watson-presents-the-future-was-already-buried-,https://events.brown.edu/live/json/events
335164,Last Day for MPA summer courses,2026-08-21T00:00:00-04:00,,August 21,,America/New_York,true,,,2026-08-21 04:00:00,,false,false,,,,,,,Academic Calendar,,,,"Academic Calendar, University Dates &amp; Events | Summer Session",Registrar’s Office 401-863-2500,,false,,false,,,https://events.brown.edu/academic-calendar/event/335164-last-day-for-mpa-summer-courses,https://events.brown.edu/live/json/events
333263,Nelson Center for Entrepreneurship Building Access,2026-08-21T00:00:00-04:00,,August 21,,America/New_York,true,,,2026-06-02 04:00:00,2026-08-24 04:00:00,false,false,,,"1 Euclid Ave, Providence RI 02906",41.828884,-71.400581,,Nelson Center for Entrepreneurship,,,,Entrepreneurship,entrepreneurship@brown.edu,entrepreneurship@brown.edu,false,,false,"https://events.brown.edu/live/image/gid/57/width/80/height/80/crop/1/src_region/0,0,683,683/23051_Nelson_Center_for_Entrepreneurship_Today.png",Nelson Center for Entrepreneurship logo,https://events.brown.edu/nelson-entrepreneurship/event/333263-nelson-center-for-entrepreneurship-building-access,https://events.brown.edu/live/json/events
330848,Exhibit | Divine Afterlife: Burials and Religion in Ancient Egypt,2026-08-21T09:00:00-04:00,2026-08-21T16:30:00-04:00,August 21,9:00am - 4:30pm,America/New_York,false,every weekday (Monday to Friday),August 31,2026-04-15 13:00:00,2026-08-31 13:00:00,false,false,,,Rhode Island Hall,41.82548,-71.403879,,Joukowsky Institute for Archaeology," Open to the Public | Performances, Concerts and Exhibitions",1st Year Students | 2nd Year Students | 3rd Year Students | 4th Year Students | All Staff | Campus Faculty | Hospital Faculty | Humanities | Medical Students | Social Sciences,,"Arts, Performance | History, Cultural Studies, Languages | Humanities | Identity, Culture, Inclusion | International, Global Engagement","Joukowsky Institute for ArchaeologyRhode Island Hall, 60 George Street, Providence, RI jiaaw@brown.edu _____________________________ archaeology.brown.edu",jiaaw@brown.edu,false,,false,"https://events.brown.edu/live/image/gid/58/width/80/height/80/crop/1/src_region/0,40,1080,1120/22623_Divine_Afterlife-titleonly.png",,https://events.brown.edu/live/events/330725-exhibit-divine-afterlife-burials-and-religion-in,https://events.brown.edu/live/json/events
330986,Exhibit | Scents of the Ancient Past (Curated by Erynn Bentley ’27),2026-08-21T09:00:00-04:00,2026-08-21T16:30:00-04:00,August 21,9:00am - 4:30pm,America/New_York,false,every weekday (Monday to Friday),October 1,2026-05-01 13:00:00,2026-10-01 13:00:00,false,false,,,Rhode Island Hall,41.82548,-71.403879,,Joukowsky Institute for Archaeology," Open to the Public | Performances, Concerts and Exhibitions",1st Year Students | 2nd Year Students | 3rd Year Students | 4th Year Students | All Staff | Campus Faculty | Hospital Faculty | Humanities | Medical Students | Social Sciences,,"Arts, Performance | History, Cultural Studies, Languages | Humanities | Identity, Culture, Inclusion | International, Global Engagement","Joukowsky Institute for ArchaeologyRhode Island Hall, 60 George Street, Providence, RI jiaaw@brown.edu _____________________________ archaeology.brown.edu",jiaaw@brown.edu,false,,false,"https://events.brown.edu/live/image/gid/58/width/80/height/80/crop/1/src_region/0,128,1027,1155/22683_36_without_scale.jpg",,https://events.brown.edu/joukowsky-archaeology/event/330986-exhibit-scents-of-the-ancient-past-curated-by,https://events.brown.edu/live/json/events
334219,"ATTC | Laura Grubb, MD, MPH | Co-Occurring Mental Health and Substance Use Disorders in Adolescents and Young Adults (ages 16-25)",2026-08-21T10:00:00-04:00,2026-08-21T11:30:00-04:00,August 21,10:00am - 11:30am,America/New_York,false,,,2026-08-21 14:00:00,2026-08-21 15:30:00,false,true,Online only,https://nhadaca.elevate.gocadmium.com/products/co-occurring-mental-health-and-substance-use-disorders-in-adolescents-and-young-adults-aya-ages-16-to-25-years-old-august-21-2026,,,,15,Center for Alcohol and Addiction Studies (CAAS),"Lectures, Seminars and Workshops",,,,New England ATTC New England ATTC - Addiction Technology Transfer Center (ATTC) Network NewEnglandATTC@umassmed.edu,Tonya.McCallum@umassmed.edu | NewEnglandATTC@umassmed.edu,false,,false,"https://events.brown.edu/live/image/gid/20/width/80/height/80/crop/1/src_region/0,0,300,420/23148_laura_grubb_md_2.jpg",,https://events.brown.edu/caas/event/334219-attc-laura-grubb-md-mph-co-occurring-mental,https://events.brown.edu/live/json/events
323875,CCV Office Hours,2026-08-21T10:00:00-04:00,2026-08-21T12:00:00-04:00,August 21,10:00am - 12:00pm,America/New_York,false,,,2026-08-21 14:00:00,2026-08-21 16:00:00,false,true,Hybrid,https://brown.zoom.us/j/93572022965,180 George Street,41.825929,-71.398812,Free,Center for Computation and Visualization (CCV),"Lectures, Seminars and Workshops |  Open to the Public",,,Computing | HPC | Research,Email the HPC team,hpc@brown.edu,false,,false,"https://events.brown.edu/live/image/gid/176/width/80/height/80/crop/1/src_region/0,0,8334,4307/2435_ccv-zdog_2.png",,https://events.brown.edu/ccv/event/323875-ccv-office-hours,https://events.brown.edu/live/json/events
326631,1776 Across the Americas: A Hemispheric History from the Collections of the John Carter Brown Library,2026-08-21T10:00:00-04:00,2026-08-21T12:45:00-04:00,August 21,10:00am - 12:45pm,America/New_York,false,every weekday (Monday to Friday),December 18,2026-02-06 15:00:00,2026-12-18 15:00:00,false,false,,,94 George Street,,,Free,John Carter Brown Library," Open to the Public | Performances, Concerts and Exhibitions",,,"history | History, Cultural Studies, Languages | Humanities | Identity, Culture, Inclusion | International, Global Engagement | Libraries | Social Sciences",jcb-events@brown.edu,jcb-events@brown.edu,false,,false,"https://events.brown.edu/live/image/gid/138/width/80/height/80/crop/1/src_region/0,0,1728,1728/21701_1776_Social_Media_Bkgds_JCBL_2026-01-21.jpg",The image shows a rooster pulling on the British flag.,https://events.brown.edu/john-carter-brown-library/event/326631-1776-across-the-americas-a-hemispheric-history,https://events.brown.edu/live/json/events
334353,Exhibition on View | Sites of Remaking: Port Cities and Our Present,2026-08-21T10:00:00-04:00,2026-08-21T17:00:00-04:00,August 21,10:00am - 5:00pm,America/New_York,false,every weekday (Monday to Friday),October 24,2026-03-30 14:00:00,2026-10-24 14:00:00,false,false,,,"Ruth J. Simmons Center for the Study of Slavery & Justice, 94 Waterman St., Providence, RI 02906",41.827378,-71.401526,Free,Ruth J. Simmons Center for the Study of Slavery &amp; Justice," Open to the Public | Performances, Concerts and Exhibitions",1st Year Students | 2nd Year Students | 3rd Year Students | 4th Year Students | All Staff | Campus Faculty | Hospital Faculty | Humanities | Life Sciences Biomed | Life Sciences Non-Biomed | Medical Students | Physical Sciences | Social Sciences,,"Arts, Performance | Arts &amp; Performance | Public Humanities | Simmons Center Events",,,false,80,false,"https://events.brown.edu/live/image/gid/25/width/80/height/80/crop/1/src_region/0,0,5728,5728/22449_Port_Cities_Brochure_Title_Square.png",,https://events.brown.edu/cssj/event/334353-exhibition-on-view-sites-of-remaking-port-cities,https://events.brown.edu/live/json/events
329077,Art at Watson Presents — The Future Was Already Buried Here: Making and Unmaking Futures in California’s Lithium Valley,2026-08-22T00:00:00-04:00,,August 22,,America/New_York,true,,,2026-03-12 04:00:00,2026-08-28 04:00:00,false,false,,,111 Thayer Street,,,,Watson School of International and Public Affairs,"Performances, Concerts and Exhibitions",,,,watsonevents@brown.edu,watsonevents@brown.edu,false,,false,"https://events.brown.edu/live/image/gid/90/width/80/height/80/crop/1/src_region/0,0,1080,1079/22231_AAW_Future-Buried_Rabbani_web_1080x1079.jpg",Welcome sign - Salton Sea Beach,https://events.brown.edu/live/events/329049-art-at-watson-presents-the-future-was-already-buried-,https://events.brown.edu/live/json/events
333263,Nelson Center for Entrepreneurship Building Access,2026-08-22T00:00:00-04:00,,August 22,,America/New_York,true,,,2026-06-02 04:00:00,2026-08-24 04:00:00,false,false,,,"1 Euclid Ave, Providence RI 02906",41.828884,-71.400581,,Nelson Center for Entrepreneurship,,,,Entrepreneurship,entrepreneurship@brown.edu,entrepreneurship@brown.edu,false,,false,"https://events.brown.edu/live/image/gid/57/width/80/height/80/crop/1/src_region/0,0,683,683/23051_Nelson_Center_for_Entrepreneurship_Today.png",Nelson Center for Entrepreneurship logo,https://events.brown.edu/nelson-entrepreneurship/event/333263-nelson-center-for-entrepreneurship-building-access,https://events.brown.edu/live/json/events
334831,Alumni Career Initiative - Virtual Networking Event: August Session 2,2026-08-22T12:00:00-04:00,2026-08-22T13:00:00-04:00,August 22,12:00pm - 1:00pm,America/New_York,false,,,2026-08-22 16:00:00,2026-08-22 17:00:00,false,true,Hybrid,,,,,,Alumni &amp; Friends,,,,,,,false,,false,,,https://events.brown.edu/alumni-friends/event/334831-alumni-career-initiative-virtual-networking,https://events.brown.edu/live/json/events
334939,Summer Send-Off in Rhode Island – Welcome to Brown!,2026-08-22T12:00:00-04:00,2026-08-22T14:00:00-04:00,August 22,12:00pm - 2:00pm,America/New_York,false,,,2026-08-22 16:00:00,2026-08-22 18:00:00,false,false,,,,,,,Alumni &amp; Friends,,,,,,,false,,false,,,https://events.brown.edu/alumni-friends/event/334939-summer-send-off-in-rhode-island-welcome-to-brown,https://events.brown.edu/live/json/events
335412,Summer Send-Off in Orange County – Welcome to Brown!,2026-08-22T15:00:00-04:00,2026-08-22T17:00:00-04:00,August 22,3:00pm - 5:00pm,America/New_York,false,,,2026-08-22 19:00:00,2026-08-22 21:00:00,false,false,,,,,,,Alumni &amp; Friends,,,,,,,false,,false,,,https://events.brown.edu/alumni-friends/event/335412-summer-send-off-in-orange-county-welcome-to-brown,https://events.brown.edu/live/json/events
329077,Art at Watson Presents — The Future Was Already Buried Here: Making and Unmaking Futures in California’s Lithium Valley,2026-08-23T00:00:00-04:00,,August 23,,America/New_York,true,,,2026-03-12 04:00:00,2026-08-28 04:00:00,false,false,,,111 Thayer Street,,,,Watson School of International and Public Affairs,"Performances, Concerts and Exhibitions",,,,watsonevents@brown.edu,watsonevents@brown.edu,false,,false,"https://events.brown.edu/live/image/gid/90/width/80/height/80/crop/1/src_region/0,0,1080,1079/22231_AAW_Future-Buried_Rabbani_web_1080x1079.jpg",Welcome sign - Salton Sea Beach,https://events.brown.edu/live/events/329049-art-at-watson-presents-the-future-was-already-buried-,https://events.brown.edu/live/json/events
333395,Brown University Women’s Soccer at Holy Cross,2026-08-23T00:00:00-04:00,,August 23,,America/New_York,true,,,2026-08-23 04:00:00,,false,false,,,"Worcester, Mass., Linda Johnson Smith Soccer Stadium",,,,Athletics, Open to the Public,,,"Athletics, Sports, Wellness",,,false,,false,"https://events.brown.edu/live/image/gid/8/width/80/height/80/crop/1/src_region/0,0,1050,1050/10116_brown-athletics.png",Brown University Athletics logo,https://events.brown.edu/athletics/event/333395-brown-university-womens-soccer-at-holy-cross,https://events.brown.edu/live/json/events
333263,Nelson Center for Entrepreneurship Building Access,2026-08-23T00:00:00-04:00,,August 23,,America/New_York,true,,,2026-06-02 04:00:00,2026-08-24 04:00:00,false,false,,,"1 Euclid Ave, Providence RI 02906",41.828884,-71.400581,,Nelson Center for Entrepreneurship,,,,Entrepreneurship,entrepreneurship@brown.edu,entrepreneurship@brown.edu,false,,false,"https://events.brown.edu/live/image/gid/57/width/80/height/80/crop/1/src_region/0,0,683,683/23051_Nelson_Center_for_Entrepreneurship_Today.png",Nelson Center for Entrepreneurship logo,https://events.brown.edu/nelson-entrepreneurship/event/333263-nelson-center-for-entrepreneurship-building-access,https://events.brown.edu/live/json/events
329123,Summer 2026 for Online and Professional Master’s programs (Excluding PRIME),2026-08-23T00:00:00-04:00,,August 23,,America/New_York,true,,,2026-08-23 04:00:00,,false,false,,,,,,,Academic Calendar,,,,"Academic Calendar, University Dates &amp; Events | Summer Session",Registrar’s Office 401-863-2500,,false,,false,,,https://events.brown.edu/academic-calendar/event/329123-summer-2026-for-online-and-professional-masters-progr,https://events.brown.edu/live/json/events
334975,Summer Send-Off in Westchester &amp; Fairfield Counties – Welcome to Brown!,2026-08-23T17:00:00-04:00,2026-08-23T19:00:00-04:00,August 23,5:00pm - 7:00pm,America/New_York,false,,,2026-08-23 21:00:00,2026-08-23 23:00:00,false,false,,,,,,,Alumni &amp; Friends,,,,,,,false,,false,,,https://events.brown.edu/alumni-friends/event/334975-summer-send-off-in-westchester-fairfield,https://events.brown.edu/live/json/events
335461,Summer Send-Off in Silicon Valley – Welcome to Brown!,2026-08-23T17:00:00-04:00,2026-08-23T20:00:00-04:00,August 23,5:00pm - 8:00pm,America/New_York,false,,,2026-08-23 21:00:00,2026-08-24 00:00:00,false,false,,,,,,,Alumni &amp; Friends,,,,,,,false,,false,,,https://events.brown.edu/alumni-friends/event/335461-summer-send-off-in-silicon-valley-welcome-to,https://events.brown.edu/live/json/events
329077,Art at Watson Presents — The Future Was Already Buried Here: Making and Unmaking Futures in California’s Lithium Valley,2026-08-24T00:00:00-04:00,,August 24,,America/New_York,true,,,2026-03-12 04:00:00,2026-08-28 04:00:00,false,false,,,111 Thayer Street,,,,Watson School of International and Public Affairs,"Performances, Concerts and Exhibitions",,,,watsonevents@brown.edu,watsonevents@brown.edu,false,,false,"https://events.brown.edu/live/image/gid/90/width/80/height/80/crop/1/src_region/0,0,1080,1079/22231_AAW_Future-Buried_Rabbani_web_1080x1079.jpg",Welcome sign - Salton Sea Beach,https://events.brown.edu/live/events/329049-art-at-watson-presents-the-future-was-already-buried-,https://events.brown.edu/live/json/events
333263,Nelson Center for Entrepreneurship Building Access,2026-08-24T00:00:00-04:00,,August 24,,America/New_York,true,,,2026-06-02 04:00:00,2026-08-24 04:00:00,false,false,,,"1 Euclid Ave, Providence RI 02906",41.828884,-71.400581,,Nelson Center for Entrepreneurship,,,,Entrepreneurship,entrepreneurship@brown.edu,entrepreneurship@brown.edu,false,,false,"https://events.brown.edu/live/image/gid/57/width/80/height/80/crop/1/src_region/0,0,683,683/23051_Nelson_Center_for_Entrepreneurship_Today.png",Nelson Center for Entrepreneurship logo,https://events.brown.edu/nelson-entrepreneurship/event/333263-nelson-center-for-entrepreneurship-building-access,https://events.brown.edu/live/json/events
333165,Management Essentials July-August Series (In Person),2026-08-24T09:00:00-04:00,2026-08-24T12:00:00-04:00,August 24,9:00am - 12:00pm,America/New_York,false,weekly,August 24,2026-07-13 13:00:00,2026-08-24 13:00:00,false,false,,,South Street Landing,41.818344,-71.406139,,Human Resources,,,,Management Essentials,"For more information about Management Essentials, please email ldeteam@brown.edu.",ldeteam@brown.edu,false,,false,"https://events.brown.edu/live/image/gid/53/width/80/height/80/crop/1/src_region/0,0,176,178/22930_UHR_with_TD_Icon_1.png",Yellow circular logo with a lightbulb shaped like a flower on a stem,https://events.brown.edu/hr/event/333165-management-essentials-july-august-series-in-person,https://events.brown.edu/live/json/events
330849,Exhibit | Divine Afterlife: Burials and Religion in Ancient Egypt,2026-08-24T09:00:00-04:00,2026-08-24T16:30:00-04:00,August 24,9:00am - 4:30pm,America/New_York,false,every weekday (Monday to Friday),August 31,2026-04-15 13:00:00,2026-08-31 13:00:00,false,false,,,Rhode Island Hall,41.82548,-71.403879,,Joukowsky Institute for Archaeology," Open to the Public | Performances, Concerts and Exhibitions",1st Year Students | 2nd Year Students | 3rd Year Students | 4th Year Students | All Staff | Campus Faculty | Hospital Faculty | Humanities | Medical Students | Social Sciences,,"Arts, Performance | History, Cultural Studies, Languages | Humanities | Identity, Culture, Inclusion | International, Global Engagement","Joukowsky Institute for ArchaeologyRhode Island Hall, 60 George Street, Providence, RI jiaaw@brown.edu _____________________________ archaeology.brown.edu",jiaaw@brown.edu,false,,false,"https://events.brown.edu/live/image/gid/58/width/80/height/80/crop/1/src_region/0,40,1080,1120/22623_Divine_Afterlife-titleonly.png",,https://events.brown.edu/live/events/330726-exhibit-divine-afterlife-burials-and-religion-in,https://events.brown.edu/live/json/events
330987,Exhibit | Scents of the Ancient Past (Curated by Erynn Bentley ’27),2026-08-24T09:00:00-04:00,2026-08-24T16:30:00-04:00,August 24,9:00am - 4:30pm,America/New_York,false,every weekday (Monday to Friday),October 1,2026-05-01 13:00:00,2026-10-01 13:00:00,false,false,,,Rhode Island Hall,41.82548,-71.403879,,Joukowsky Institute for Archaeology," Open to the Public | Performances, Concerts and Exhibitions",1st Year Students | 2nd Year Students | 3rd Year Students | 4th Year Students | All Staff | Campus Faculty | Hospital Faculty | Humanities | Medical Students | Social Sciences,,"Arts, Performance | History, Cultural Studies, Languages | Humanities | Identity, Culture, Inclusion | International, Global Engagement","Joukowsky Institute for ArchaeologyRhode Island Hall, 60 George Street, Providence, RI jiaaw@brown.edu _____________________________ archaeology.brown.edu",jiaaw@brown.edu,false,,false,"https://events.brown.edu/live/image/gid/58/width/80/height/80/crop/1/src_region/0,128,1027,1155/22683_36_without_scale.jpg",,https://events.brown.edu/joukowsky-archaeology/event/330987-exhibit-scents-of-the-ancient-past-curated-by,https://events.brown.edu/live/json/events
335669,Sarah Voter Dissertation Defense,2026-08-24T09:30:00-04:00,,August 24,9:30am,America/New_York,false,,,2026-08-24 13:30:00,,false,false,,,121 South Main Street,41.824026,-71.40698,,School of Public Health,"Lectures, Seminars and Workshops",Campus Faculty | Humanities | Life Sciences Biomed | Life Sciences Non-Biomed | Physical Sciences | Social Sciences,,Biostatistics | Brown University School of Public Health | sph | Womxn in Public Health,Please contact bethany_brown@brown.edu if you have any questions.,bethany_brown@brown.edu,false,,false,"https://events.brown.edu/live/image/gid/76/width/80/height/80/crop/1/src_region/0,0,1648,1987/23256_SV_photo.jpg",,https://events.brown.edu/public-health/event/335669-sarah-voter-dissertation-defense,https://events.brown.edu/live/json/events
326632,1776 Across the Americas: A Hemispheric History from the Collections of the John Carter Brown Library,2026-08-24T10:00:00-04:00,2026-08-24T12:45:00-04:00,August 24,10:00am - 12:45pm,America/New_York,false,every weekday (Monday to Friday),December 18,2026-02-06 15:00:00,2026-12-18 15:00:00,false,false,,,94 George Street,,,Free,John Carter Brown Library," Open to the Public | Performances, Concerts and Exhibitions",,,"history | History, Cultural Studies, Languages | Humanities | Identity, Culture, Inclusion | International, Global Engagement | Libraries | Social Sciences",jcb-events@brown.edu,jcb-events@brown.edu,false,,false,"https://events.brown.edu/live/image/gid/138/width/80/height/80/crop/1/src_region/0,0,1728,1728/21701_1776_Social_Media_Bkgds_JCBL_2026-01-21.jpg",The image shows a rooster pulling on the British flag.,https://events.brown.edu/john-carter-brown-library/event/326632-1776-across-the-americas-a-hemispheric-history,https://events.brown.edu/live/json/events
334354,Exhibition on View | Sites of Remaking: Port Cities and Our Present,2026-08-24T10:00:00-04:00,2026-08-24T17:00:00-04:00,August 24,10:00am - 5:00pm,America/New_York,false,every weekday (Monday to Friday),October 24,2026-03-30 14:00:00,2026-10-24 14:00:00,false,false,,,"Ruth J. Simmons Center for the Study of Slavery & Justice, 94 Waterman St., Providence, RI 02906",41.827378,-71.401526,Free,Ruth J. Simmons Center for the Study of Slavery &amp; Justice," Open to the Public | Performances, Concerts and Exhibitions",1st Year Students | 2nd Year Students | 3rd Year Students | 4th Year Students | All Staff | Campus Faculty | Hospital Faculty | Humanities | Life Sciences Biomed | Life Sciences Non-Biomed | Medical Students | Physical Sciences | Social Sciences,,"Arts, Performance | Arts &amp; Performance | Public Humanities | Simmons Center Events",,,false,80,false,"https://events.brown.edu/live/image/gid/25/width/80/height/80/crop/1/src_region/0,0,5728,5728/22449_Port_Cities_Brochure_Title_Square.png",,https://events.brown.edu/cssj/event/334354-exhibition-on-view-sites-of-remaking-port-cities,https://events.brown.edu/live/json/events
334957,Master of Science in Data Science | Virtual Information Session,2026-08-24T11:00:00-04:00,2026-08-24T12:00:00-04:00,August 24,11:00am - 12:00pm,America/New_York,false,,,2026-08-24 15:00:00,2026-08-24 16:00:00,false,true,Online only,https://apply.professional.brown.edu/register/?id=16098129-3ff2-44b9-af83-4680943f052c,,,,Free,Master’s Programs,,,,,masters_events@brown.edu,masters_events@brown.edu,false,,false,"https://events.brown.edu/live/image/gid/175/width/80/height/80/crop/1/src_region/0,0,3200,2133/10391_20091030_PAUR_0010.jpg","Fallen autumn leaves on the front green, University and Manning Halls in the background, exterior",https://events.brown.edu/masters-programs/event/334957-master-of-science-in-data-science-virtual,https://events.brown.edu/live/json/events
333596,"Thesis Proposal: Jessica Forde (“Evaluation Beyond Task Performance: Rigor, Limitations, and Ecosystems for AI Evaluation”)",2026-08-24T11:00:00-04:00,2026-08-24T13:00:00-04:00,August 24,11:00am - 1:00pm,America/New_York,false,,,2026-08-24 15:00:00,2026-08-24 17:00:00,false,true,Hybrid,https://brown.zoom.us/j/93564022569?jst=2,Watson Center for Information Technology (CIT),41.826939,-71.399562,Free,Computer Science,Conferences and Colloquia |  Open to the Public,,,,,,false,,false,,,https://events.brown.edu/computer-science/event/333596-thesis-proposal-jessica-forde-evaluation-beyond,https://events.brown.edu/live/json/events
326752,1776 Across the Americas: A Hemispheric History from the Collections of the John Carter Brown Library,2026-08-24T14:00:00-04:00,2026-08-24T16:45:00-04:00,August 24,2:00pm - 4:45pm,America/New_York,false,weekly,December 18,2026-02-09 19:00:00,2026-12-18 19:00:00,false,false,,,94 George Street,,,Free,John Carter Brown Library," Open to the Public | Performances, Concerts and Exhibitions",,,"history | History, Cultural Studies, Languages | Humanities | Identity, Culture, Inclusion | International, Global Engagement | Libraries | Social Sciences",jcb-events@brown.edu,jcb-events@brown.edu,false,,false,"https://events.brown.edu/live/image/gid/138/width/80/height/80/crop/1/src_region/0,0,1728,1728/21701_1776_Social_Media_Bkgds_JCBL_2026-01-21.jpg",The image shows a rooster pulling on the British flag.,https://events.brown.edu/john-carter-brown-library/event/326752-1776-across-the-americas-a-hemispheric-history,https://events.brown.edu/live/json/events
335430,August Eastside Rooftop Sunset Mixer,2026-08-24T21:00:00-04:00,2026-08-25T00:00:00-04:00,August 24,9:00pm,America/New_York,false,,,2026-08-25 01:00:00,2026-08-25 04:00:00,false,false,,,,,,,Alumni &amp; Friends,,,,,,,false,,false,,,https://events.brown.edu/alumni-friends/event/335430-august-eastside-rooftop-sunset-mixer,https://events.brown.edu/live/json/events
329077,Art at Watson Presents — The Future Was Already Buried Here: Making and Unmaking Futures in California’s Lithium Valley,2026-08-25T00:00:00-04:00,,August 25,,America/New_York,true,,,2026-03-12 04:00:00,2026-08-28 04:00:00,false,false,,,111 Thayer Street,,,,Watson School of International and Public Affairs,"Performances, Concerts and Exhibitions",,,,watsonevents@brown.edu,watsonevents@brown.edu,false,,false,"https://events.brown.edu/live/image/gid/90/width/80/height/80/crop/1/src_region/0,0,1080,1079/22231_AAW_Future-Buried_Rabbani_web_1080x1079.jpg",Welcome sign - Salton Sea Beach,https://events.brown.edu/live/events/329049-art-at-watson-presents-the-future-was-already-buried-,https://events.brown.edu/live/json/events
335430,August Eastside Rooftop Sunset Mixer,2026-08-25T00:00:00-04:00,,August 25,,America/New_York,true,,,2026-08-25 01:00:00,2026-08-25 04:00:00,false,false,,,,,,,Alumni &amp; Friends,,,,,,,false,,false,,,https://events.brown.edu/alumni-friends/event/335430-august-eastside-rooftop-sunset-mixer,https://events.brown.edu/live/json/events
330850,Exhibit | Divine Afterlife: Burials and Religion in Ancient Egypt,2026-08-25T09:00:00-04:00,2026-08-25T16:30:00-04:00,August 25,9:00am - 4:30pm,America/New_York,false,every weekday (Monday to Friday),August 31,2026-04-15 13:00:00,2026-08-31 13:00:00,false,false,,,Rhode Island Hall,41.82548,-71.403879,,Joukowsky Institute for Archaeology," Open to the Public | Performances, Concerts and Exhibitions",1st Year Students | 2nd Year Students | 3rd Year Students | 4th Year Students | All Staff | Campus Faculty | Hospital Faculty | Humanities | Medical Students | Social Sciences,,"Arts, Performance | History, Cultural Studies, Languages | Humanities | Identity, Culture, Inclusion | International, Global Engagement","Joukowsky Institute for ArchaeologyRhode Island Hall, 60 George Street, Providence, RI jiaaw@brown.edu _____________________________ archaeology.brown.edu",jiaaw@brown.edu,false,,false,"https://events.brown.edu/live/image/gid/58/width/80/height/80/crop/1/src_region/0,40,1080,1120/22623_Divine_Afterlife-titleonly.png",,https://events.brown.edu/live/events/330727-exhibit-divine-afterlife-burials-and-religion-in,https://events.brown.edu/live/json/events
330988,Exhibit | Scents of the Ancient Past (Curated by Erynn Bentley ’27),2026-08-25T09:00:00-04:00,2026-08-25T16:30:00-04:00,August 25,9:00am - 4:30pm,America/New_York,false,every weekday (Monday to Friday),October 1,2026-05-01 13:00:00,2026-10-01 13:00:00,false,false,,,Rhode Island Hall,41.82548,-71.403879,,Joukowsky Institute for Archaeology," Open to the Public | Performances, Concerts and Exhibitions",1st Year Students | 2nd Year Students | 3rd Year Students | 4th Year Students | All Staff | Campus Faculty | Hospital Faculty | Humanities | Medical Students | Social Sciences,,"Arts, Performance | History, Cultural Studies, Languages | Humanities | Identity, Culture, Inclusion | International, Global Engagement","Joukowsky Institute for ArchaeologyRhode Island Hall, 60 George Street, Providence, RI jiaaw@brown.edu _____________________________ archaeology.brown.edu",jiaaw@brown.edu,false,,false,"https://events.brown.edu/live/image/gid/58/width/80/height/80/crop/1/src_region/0,128,1027,1155/22683_36_without_scale.jpg",,https://events.brown.edu/joukowsky-archaeology/event/330988-exhibit-scents-of-the-ancient-past-curated-by,https://events.brown.edu/live/json/events
326633,1776 Across the Americas: A Hemispheric History from the Collections of the John Carter Brown Library,2026-08-25T10:00:00-04:00,2026-08-25T12:45:00-04:00,August 25,10:00am - 12:45pm,America/New_York,false,every weekday (Monday to Friday),December 18,2026-02-06 15:00:00,2026-12-18 15:00:00,false,false,,,94 George Street,,,Free,John Carter Brown Library," Open to the Public | Performances, Concerts and Exhibitions",,,"history | History, Cultural Studies, Languages | Humanities | Identity, Culture, Inclusion | International, Global Engagement | Libraries | Social Sciences",jcb-events@brown.edu,jcb-events@brown.edu,false,,false,"https://events.brown.edu/live/image/gid/138/width/80/height/80/crop/1/src_region/0,0,1728,1728/21701_1776_Social_Media_Bkgds_JCBL_2026-01-21.jpg",The image shows a rooster pulling on the British flag.,https://events.brown.edu/john-carter-brown-library/event/326633-1776-across-the-americas-a-hemispheric-history,https://events.brown.edu/live/json/events
334355,Exhibition on View | Sites of Remaking: Port Cities and Our Present,2026-08-25T10:00:00-04:00,2026-08-25T17:00:00-04:00,August 25,10:00am - 5:00pm,America/New_York,false,every weekday (Monday to Friday),October 24,2026-03-30 14:00:00,2026-10-24 14:00:00,false,false,,,"Ruth J. Simmons Center for the Study of Slavery & Justice, 94 Waterman St., Providence, RI 02906",41.827378,-71.401526,Free,Ruth J. Simmons Center for the Study of Slavery &amp; Justice," Open to the Public | Performances, Concerts and Exhibitions",1st Year Students | 2nd Year Students | 3rd Year Students | 4th Year Students | All Staff | Campus Faculty | Hospital Faculty | Humanities | Life Sciences Biomed | Life Sciences Non-Biomed | Medical Students | Physical Sciences | Social Sciences,,"Arts, Performance | Arts &amp; Performance | Public Humanities | Simmons Center Events",,,false,80,false,"https://events.brown.edu/live/image/gid/25/width/80/height/80/crop/1/src_region/0,0,5728,5728/22449_Port_Cities_Brochure_Title_Square.png",,https://events.brown.edu/cssj/event/334355-exhibition-on-view-sites-of-remaking-port-cities,https://events.brown.edu/live/json/events
288053,COBRE CBC Computational Biology Walk-in Office hours,2026-08-25T11:00:00-04:00,2026-08-25T12:00:00-04:00,August 25,11:00am - 12:00pm,America/New_York,false,weekly,"December 31<span class=""lw_date_year"">, 2027</span>",2024-06-11 15:00:00,2027-12-31 16:00:00,false,true,Online only,https://brown.zoom.us/j/95250171953,,,,,Center for Computation and Visualization (CCV),,,,,Center for Computation and Visualization Talk to us on https://ccv.brown.edu/discuss,,false,,false,,,https://events.brown.edu/ccv/event/288053-cobre-cbc-computational-biology-walk-in-office,https://events.brown.edu/live/json/events
326872,1776 Across the Americas: A Hemispheric History from the Collections of the John Carter Brown Library,2026-08-25T14:00:00-04:00,2026-08-25T16:45:00-04:00,August 25,2:00pm - 4:45pm,America/New_York,false,every Tuesday and Thursday,December 17,2026-02-10 19:00:00,2026-12-17 19:00:00,false,false,,,94 George Street,,,Free,John Carter Brown Library," Open to the Public | Performances, Concerts and Exhibitions",,,"history | History, Cultural Studies, Languages | Humanities | Identity, Culture, Inclusion | International, Global Engagement | Libraries | Social Sciences",jcb-events@brown.edu,jcb-events@brown.edu,false,,false,"https://events.brown.edu/live/image/gid/138/width/80/height/80/crop/1/src_region/0,0,1728,1728/21701_1776_Social_Media_Bkgds_JCBL_2026-01-21.jpg",The image shows a rooster pulling on the British flag.,https://events.brown.edu/john-carter-brown-library/event/326872-1776-across-the-americas-a-hemispheric-history,https://events.brown.edu/live/json/events
335490,"Signals in the Noise: Sentinel Surveillance, Data Science, and the Climate Connections Behind Infectious Disease Outbreaks | Paul J. Galkin Global Health Grand Rounds",2026-08-25T17:00:00-04:00,2026-08-25T19:00:00-04:00,August 25,5:00pm - 7:00pm,America/New_York,false,,,2026-08-25 21:00:00,2026-08-25 23:00:00,false,true,Hybrid,https://brown.zoom.us/j/94044665073,The Warren Alpert Medical School,,,Free,Center for Global Health Equity (CGHE),"Free Food | Lectures, Seminars and Workshops |  Open to the Public",1st Year Students | 2nd Year Students | 3rd Year Students | 4th Year Students | All Staff | Campus Faculty | Hospital Faculty | Humanities | Life Sciences Biomed | Life Sciences Non-Biomed | Medical Students | Physical Sciences | Social Sciences,,"Biology, Medicine, Public Health | Government, Public &amp; International Affairs | International, Global Engagement",Megan Feragne ScM ’23 Program Coordinator Center for Global Health Equity Division of Biology and Medicine megan_feragne@brown.edu https://globalhealth.brown.edu/ Subscribe to the CGHE Newsletter,megan_feragne@brown.edu,true,,false,"https://events.brown.edu/live/image/gid/109/width/80/height/80/crop/1/src_region/0,0,1080,1080/21541_Untitled_3.png",Paul J. Galkin Global Health Grand Rounds,https://events.brown.edu/live/events/334972-signals-in-the-noise-sentinel-surveillance-data-scien,https://events.brown.edu/live/json/events
329077,Art at Watson Presents — The Future Was Already Buried Here: Making and Unmaking Futures in California’s Lithium Valley,2026-08-26T00:00:00-04:00,,August 26,,America/New_York,true,,,2026-03-12 04:00:00,2026-08-28 04:00:00,false,false,,,111 Thayer Street,,,,Watson School of International and Public Affairs,"Performances, Concerts and Exhibitions",,,,watsonevents@brown.edu,watsonevents@brown.edu,false,,false,"https://events.brown.edu/live/image/gid/90/width/80/height/80/crop/1/src_region/0,0,1080,1079/22231_AAW_Future-Buried_Rabbani_web_1080x1079.jpg",Welcome sign - Salton Sea Beach,https://events.brown.edu/live/events/329049-art-at-watson-presents-the-future-was-already-buried-,https://events.brown.edu/live/json/events
330851,Exhibit | Divine Afterlife: Burials and Religion in Ancient Egypt,2026-08-26T09:00:00-04:00,2026-08-26T16:30:00-04:00,August 26,9:00am - 4:30pm,America/New_York,false,every weekday (Monday to Friday),August 31,2026-04-15 13:00:00,2026-08-31 13:00:00,false,false,,,Rhode Island Hall,41.82548,-71.403879,,Joukowsky Institute for Archaeology," Open to the Public | Performances, Concerts and Exhibitions",1st Year Students | 2nd Year Students | 3rd Year Students | 4th Year Students | All Staff | Campus Faculty | Hospital Faculty | Humanities | Medical Students | Social Sciences,,"Arts, Performance | History, Cultural Studies, Languages | Humanities | Identity, Culture, Inclusion | International, Global Engagement","Joukowsky Institute for ArchaeologyRhode Island Hall, 60 George Street, Providence, RI jiaaw@brown.edu _____________________________ archaeology.brown.edu",jiaaw@brown.edu,false,,false,"https://events.brown.edu/live/image/gid/58/width/80/height/80/crop/1/src_region/0,40,1080,1120/22623_Divine_Afterlife-titleonly.png",,https://events.brown.edu/live/events/330728-exhibit-divine-afterlife-burials-and-religion-in,https://events.brown.edu/live/json/events
330989,Exhibit | Scents of the Ancient Past (Curated by Erynn Bentley ’27),2026-08-26T09:00:00-04:00,2026-08-26T16:30:00-04:00,August 26,9:00am - 4:30pm,America/New_York,false,every weekday (Monday to Friday),October 1,2026-05-01 13:00:00,2026-10-01 13:00:00,false,false,,,Rhode Island Hall,41.82548,-71.403879,,Joukowsky Institute for Archaeology," Open to the Public | Performances, Concerts and Exhibitions",1st Year Students | 2nd Year Students | 3rd Year Students | 4th Year Students | All Staff | Campus Faculty | Hospital Faculty | Humanities | Medical Students | Social Sciences,,"Arts, Performance | History, Cultural Studies, Languages | Humanities | Identity, Culture, Inclusion | International, Global Engagement","Joukowsky Institute for ArchaeologyRhode Island Hall, 60 George Street, Providence, RI jiaaw@brown.edu _____________________________ archaeology.brown.edu",jiaaw@brown.edu,false,,false,"https://events.brown.edu/live/image/gid/58/width/80/height/80/crop/1/src_region/0,128,1027,1155/22683_36_without_scale.jpg",,https://events.brown.edu/joukowsky-archaeology/event/330989-exhibit-scents-of-the-ancient-past-curated-by,https://events.brown.edu/live/json/events
326634,1776 Across the Americas: A Hemispheric History from the Collections of the John Carter Brown Library,2026-08-26T10:00:00-04:00,2026-08-26T12:45:00-04:00,August 26,10:00am - 12:45pm,America/New_York,false,every weekday (Monday to Friday),December 18,2026-02-06 15:00:00,2026-12-18 15:00:00,false,false,,,94 George Street,,,Free,John Carter Brown Library," Open to the Public | Performances, Concerts and Exhibitions",,,"history | History, Cultural Studies, Languages | Humanities | Identity, Culture, Inclusion | International, Global Engagement | Libraries | Social Sciences",jcb-events@brown.edu,jcb-events@brown.edu,false,,false,"https://events.brown.edu/live/image/gid/138/width/80/height/80/crop/1/src_region/0,0,1728,1728/21701_1776_Social_Media_Bkgds_JCBL_2026-01-21.jpg",The image shows a rooster pulling on the British flag.,https://events.brown.edu/john-carter-brown-library/event/326634-1776-across-the-americas-a-hemispheric-history,https://events.brown.edu/live/json/events
334356,Exhibition on View | Sites of Remaking: Port Cities and Our Present,2026-08-26T10:00:00-04:00,2026-08-26T17:00:00-04:00,August 26,10:00am - 5:00pm,America/New_York,false,every weekday (Monday to Friday),October 24,2026-03-30 14:00:00,2026-10-24 14:00:00,false,false,,,"Ruth J. Simmons Center for the Study of Slavery & Justice, 94 Waterman St., Providence, RI 02906",41.827378,-71.401526,Free,Ruth J. Simmons Center for the Study of Slavery &amp; Justice," Open to the Public | Performances, Concerts and Exhibitions",1st Year Students | 2nd Year Students | 3rd Year Students | 4th Year Students | All Staff | Campus Faculty | Hospital Faculty | Humanities | Life Sciences Biomed | Life Sciences Non-Biomed | Medical Students | Physical Sciences | Social Sciences,,"Arts, Performance | Arts &amp; Performance | Public Humanities | Simmons Center Events",,,false,80,false,"https://events.brown.edu/live/image/gid/25/width/80/height/80/crop/1/src_region/0,0,5728,5728/22449_Port_Cities_Brochure_Title_Square.png",,https://events.brown.edu/cssj/event/334356-exhibition-on-view-sites-of-remaking-port-cities,https://events.brown.edu/live/json/events
334213,Teaching at Brown for the First Time,2026-08-26T12:00:00-04:00,,August 26,12:00pm,America/New_York,false,,,2026-08-26 16:00:00,,false,false,,,Sciences Library,41.826925,-71.400166,,Sheridan Center for Teaching and Learning,,Campus Faculty,,,,,false,,false,,,https://events.brown.edu/sheridan/event/334213-teaching-at-brown-for-the-first-time,https://events.brown.edu/live/json/events
329227,Master’s in Healthcare Leadership | Virtual Information Session: Invest in yourself! Program ROI &amp; Application Tips,2026-08-26T12:00:00-04:00,2026-08-26T13:00:00-04:00,August 26,12:00pm - 1:00pm,America/New_York,false,,,2026-08-26 16:00:00,2026-08-26 17:00:00,false,true,Online only,https://apply.professional.brown.edu/register/?id=7ccf1b47-3c4e-4fc6-8508-51191da35068,,,,Free,School of Professional Studies,,,,"Biology, Medicine, Public Health | Executive Education | Graduate School, Postgraduate Education | Healthcare | Healthcare Leadership | Let's Talk Healthcare | master's student | MHL",professional@brown.edu,professional@brown.edu,false,,false,"https://events.brown.edu/live/image/gid/175/width/80/height/80/crop/1/src_region/0,0,3200,3200/3923_Square_-_Healthcare_-_Learn_More.jpg",,https://events.brown.edu/sps/event/329227-masters-in-healthcare-leadership-virtual,https://events.brown.edu/live/json/events
333657,International Orientation Social Event: Graduate Student Council Ice Cream Social,2026-08-26T13:00:00-04:00,2026-08-26T14:30:00-04:00,August 26,1:00pm - 2:30pm,America/New_York,false,,,2026-08-26 17:00:00,2026-08-26 18:30:00,false,false,,,Pembroke Green,41.829426,-71.402609,Free,Graduate School,Free Food,,,doctoral | gradorientation2026 | international | masters | social,International Graduate Student Orientation Schedule,,false,,false,"https://events.brown.edu/live/image/gid/49/width/80/height/80/crop/1/src_region/0,0,3000,2000/16017_ice_cream_social.jpg",,https://events.brown.edu/graduate/event/333657-international-orientation-social-event-graduate-stude,https://events.brown.edu/live/json/events
333659,International Orientation: The Graduate Labor Organization Overview,2026-08-26T14:00:00-04:00,2026-08-26T14:30:00-04:00,August 26,2:00pm - 2:30pm,America/New_York,false,,,2026-08-26 18:00:00,2026-08-26 18:30:00,false,false,,,Alumnae Hall,41.829682,-71.402112,Free,Graduate School,,,,doctoral | gradorientation2026 | international | masters,International Graduate Student Orientation Schedule,,false,,false,"https://events.brown.edu/live/image/gid/49/width/80/height/80/crop/1/src_region/0,0,500,500/19630_GLO-logo-transparent.png","A wide, dark green circular logo with the text GRADUATE LABOR ORGANIZATION in light green text curving around the top edge. In the center,",https://events.brown.edu/graduate/event/333659-international-orientation-the-graduate-labor-organiza,https://events.brown.edu/live/json/events
326798,1776 Across the Americas: A Hemispheric History from the Collections of the John Carter Brown Library,2026-08-26T14:00:00-04:00,2026-08-26T16:45:00-04:00,August 26,2:00pm - 4:45pm,America/New_York,false,weekly,December 16,2026-02-11 19:00:00,2026-12-16 19:00:00,false,false,,,94 George Street,,,Free,John Carter Brown Library," Open to the Public | Performances, Concerts and Exhibitions",,,"history | History, Cultural Studies, Languages | Humanities | Identity, Culture, Inclusion | International, Global Engagement | Libraries | Social Sciences",jcb-events@brown.edu,jcb-events@brown.edu,false,,false,"https://events.brown.edu/live/image/gid/138/width/80/height/80/crop/1/src_region/0,0,1728,1728/21701_1776_Social_Media_Bkgds_JCBL_2026-01-21.jpg",The image shows a rooster pulling on the British flag.,https://events.brown.edu/john-carter-brown-library/event/326798-1776-across-the-americas-a-hemispheric-history,https://events.brown.edu/live/json/events
311038,International Orientation: Global Brown Center Tour,2026-08-26T15:00:00-04:00,2026-08-26T15:30:00-04:00,August 26,3:00pm - 3:30pm,America/New_York,false,,,2026-08-26 19:00:00,2026-08-26 19:30:00,false,false,,,Page-Robinson Hall (previously JWW),41.827526,-71.402786,Free,Graduate School,,,,doctoral | gradorientation2026 | international | masters | social | social &amp; community building,International Graduate Student Orientation Schedule,,true,45,true,"https://events.brown.edu/live/image/gid/49/width/80/height/80/crop/1/src_region/0,0,4167,4167/19580_bear_logo.png","An illustration of a friendly brown bear hugging a green and blue globe. Below the image, the text Global Brown Center for International St",https://events.brown.edu/graduate/event/311038-international-orientation-global-brown-center-tour,https://events.brown.edu/live/json/events
287418,COBRE CBC Computational Biology Walk-in Office hours,2026-08-26T15:00:00-04:00,2026-08-26T16:00:00-04:00,August 26,3:00pm - 4:00pm,America/New_York,false,weekly,"December 31<span class=""lw_date_year"">, 2027</span>",2024-06-26 19:00:00,2027-12-31 20:00:00,false,true,Online only,https://brown.zoom.us/j/95250171953,,,,,Center for Computation and Visualization (CCV),,,,,Center for Computation and Visualization Talk to us on https://ccv.brown.edu/discuss,,false,,false,,,https://events.brown.edu/ccv/event/287418-cobre-cbc-computational-biology-walk-in-office,https://events.brown.edu/live/json/events
333660,International Orientation: Campus Tours,2026-08-26T15:00:00-04:00,2026-08-26T16:30:00-04:00,August 26,3:00pm - 4:30pm,America/New_York,false,,,2026-08-26 19:00:00,2026-08-26 20:30:00,false,false,,,Sayles Hall,41.826201,-71.402746,Free,Graduate School,,,,doctoral | gradorientation2026 | international | masters | social,International Graduate Student Orientation Schedule,,false,,false,"https://events.brown.edu/live/image/gid/49/width/80/height/80/crop/1/src_region/0,0,3000,2000/16018_tours.jpg",,https://events.brown.edu/graduate/event/333660-international-orientation-campus-tours,https://events.brown.edu/live/json/events
333662,International Orientation: Campus Tours,2026-08-26T15:30:00-04:00,2026-08-26T17:00:00-04:00,August 26,3:30pm - 5:00pm,America/New_York,false,,,2026-08-26 19:30:00,2026-08-26 21:00:00,false,false,,,Sayles Hall,41.826201,-71.402746,Free,Graduate School,,,,doctoral | gradorientation2026 | international | masters | social,International Graduate Student Orientation Schedule,,false,,false,"https://events.brown.edu/live/image/gid/49/width/80/height/80/crop/1/src_region/0,0,3000,2000/16018_tours.jpg",,https://events.brown.edu/graduate/event/333662-international-orientation-campus-tours,https://events.brown.edu/live/json/events
335618,August Ivy+ Trivia,2026-08-26T18:30:00-04:00,2026-08-26T21:00:00-04:00,August 26,6:30pm - 9:00pm,America/New_York,false,,,2026-08-26 22:30:00,2026-08-27 01:00:00,false,false,,,,,,,Alumni &amp; Friends,,,,,,,false,,false,,,https://events.brown.edu/alumni-friends/event/335618-august-ivy-trivia,https://events.brown.edu/live/json/events
335487,International Orientation: Ghost Tour,2026-08-26T20:00:00-04:00,2026-08-26T21:30:00-04:00,August 26,8:00pm - 9:30pm,America/New_York,false,,,2026-08-27 00:00:00,2026-08-27 01:30:00,false,false,,,University Hall,41.826184,-71.403813,Free,Graduate School,,,,doctoral | gradorientation2026 | international | masters | social,Questions? Email us at gradstudent-orientation@brown.edu.,gradstudent-orientation@brown.edu,true,65,true,"https://events.brown.edu/live/image/gid/49/width/80/height/80/crop/1/src_region/0,0,1000,667/16028_20200410_COMM_campusscenes033.jpg",,https://events.brown.edu/graduate/event/335487-international-orientation-ghost-tour,https://events.brown.edu/live/json/events
329077,Art at Watson Presents — The Future Was Already Buried Here: Making and Unmaking Futures in California’s Lithium Valley,2026-08-27T00:00:00-04:00,,August 27,,America/New_York,true,,,2026-03-12 04:00:00,2026-08-28 04:00:00,false,false,,,111 Thayer Street,,,,Watson School of International and Public Affairs,"Performances, Concerts and Exhibitions",,,,watsonevents@brown.edu,watsonevents@brown.edu,false,,false,"https://events.brown.edu/live/image/gid/90/width/80/height/80/crop/1/src_region/0,0,1080,1079/22231_AAW_Future-Buried_Rabbani_web_1080x1079.jpg",Welcome sign - Salton Sea Beach,https://events.brown.edu/live/events/329049-art-at-watson-presents-the-future-was-already-buried-,https://events.brown.edu/live/json/events
333663,International Orientation: Check-in &amp; Breakfast,2026-08-27T09:00:00-04:00,2026-08-27T10:00:00-04:00,August 27,9:00am - 10:00am,America/New_York,false,,,2026-08-27 13:00:00,2026-08-27 14:00:00,false,false,,,Pembroke Green,41.829426,-71.402609,Free,Graduate School,Free Food,,,doctoral | gradorientation2026 | international | masters,International Graduate Student Orientation Schedule,,false,,false,"https://events.brown.edu/live/image/gid/49/width/80/height/80/crop/1/src_region/0,0,3200,2133/16019_checkin.jpg",,https://events.brown.edu/graduate/event/333663-international-orientation-check-in-breakfast,https://events.brown.edu/live/json/events
330852,Exhibit | Divine Afterlife: Burials and Religion in Ancient Egypt,2026-08-27T09:00:00-04:00,2026-08-27T16:30:00-04:00,August 27,9:00am - 4:30pm,America/New_York,false,every weekday (Monday to Friday),August 31,2026-04-15 13:00:00,2026-08-31 13:00:00,false,false,,,Rhode Island Hall,41.82548,-71.403879,,Joukowsky Institute for Archaeology," Open to the Public | Performances, Concerts and Exhibitions",1st Year Students | 2nd Year Students | 3rd Year Students | 4th Year Students | All Staff | Campus Faculty | Hospital Faculty | Humanities | Medical Students | Social Sciences,,"Arts, Performance | History, Cultural Studies, Languages | Humanities | Identity, Culture, Inclusion | International, Global Engagement","Joukowsky Institute for ArchaeologyRhode Island Hall, 60 George Street, Providence, RI jiaaw@brown.edu _____________________________ archaeology.brown.edu",jiaaw@brown.edu,false,,false,"https://events.brown.edu/live/image/gid/58/width/80/height/80/crop/1/src_region/0,40,1080,1120/22623_Divine_Afterlife-titleonly.png",,https://events.brown.edu/live/events/330729-exhibit-divine-afterlife-burials-and-religion-in,https://events.brown.edu/live/json/events
330990,Exhibit | Scents of the Ancient Past (Curated by Erynn Bentley ’27),2026-08-27T09:00:00-04:00,2026-08-27T16:30:00-04:00,August 27,9:00am - 4:30pm,America/New_York,false,every weekday (Monday to Friday),October 1,2026-05-01 13:00:00,2026-10-01 13:00:00,false,false,,,Rhode Island Hall,41.82548,-71.403879,,Joukowsky Institute for Archaeology," Open to the Public | Performances, Concerts and Exhibitions",1st Year Students | 2nd Year Students | 3rd Year Students | 4th Year Students | All Staff | Campus Faculty | Hospital Faculty | Humanities | Medical Students | Social Sciences,,"Arts, Performance | History, Cultural Studies, Languages | Humanities | Identity, Culture, Inclusion | International, Global Engagement","Joukowsky Institute for ArchaeologyRhode Island Hall, 60 George Street, Providence, RI jiaaw@brown.edu _____________________________ archaeology.brown.edu",jiaaw@brown.edu,false,,false,"https://events.brown.edu/live/image/gid/58/width/80/height/80/crop/1/src_region/0,128,1027,1155/22683_36_without_scale.jpg",,https://events.brown.edu/joukowsky-archaeology/event/330990-exhibit-scents-of-the-ancient-past-curated-by,https://events.brown.edu/live/json/events
333664,International Orientation: Official Welcome &amp; Opening Remarks,2026-08-27T10:00:00-04:00,2026-08-27T10:30:00-04:00,August 27,10:00am - 10:30am,America/New_York,false,,,2026-08-27 14:00:00,2026-08-27 14:30:00,false,false,,,Pembroke Green,41.829426,-71.402609,Free,Graduate School,,,,doctoral | gradorientation2026 | international | masters,International Graduate Student Orientation Schedule,,false,,false,"https://events.brown.edu/live/image/gid/49/width/80/height/80/crop/1/src_region/0,0,3000,2000/19631_20240822_209.jpg",,https://events.brown.edu/graduate/event/333664-international-orientation-official-welcome-opening-re,https://events.brown.edu/live/json/events
326635,1776 Across the Americas: A Hemispheric History from the Collections of the John Carter Brown Library,2026-08-27T10:00:00-04:00,2026-08-27T12:45:00-04:00,August 27,10:00am - 12:45pm,America/New_York,false,every weekday (Monday to Friday),December 18,2026-02-06 15:00:00,2026-12-18 15:00:00,false,false,,,94 George Street,,,Free,John Carter Brown Library," Open to the Public | Performances, Concerts and Exhibitions",,,"history | History, Cultural Studies, Languages | Humanities | Identity, Culture, Inclusion | International, Global Engagement | Libraries | Social Sciences",jcb-events@brown.edu,jcb-events@brown.edu,false,,false,"https://events.brown.edu/live/image/gid/138/width/80/height/80/crop/1/src_region/0,0,1728,1728/21701_1776_Social_Media_Bkgds_JCBL_2026-01-21.jpg",The image shows a rooster pulling on the British flag.,https://events.brown.edu/john-carter-brown-library/event/326635-1776-across-the-americas-a-hemispheric-history,https://events.brown.edu/live/json/events
333678,International Orientation: Peer Panel on Navigating Graduate Student Life at Brown and in the U.S.,2026-08-27T10:35:00-04:00,2026-08-27T11:15:00-04:00,August 27,10:35am - 11:15am,America/New_York,false,,,2026-08-27 14:35:00,2026-08-27 15:15:00,false,false,,,Pembroke Green,41.829426,-71.402609,Free,Graduate School,,,,doctoral | gradorientation2026 | international | masters,International Graduate Student Orientation Schedule,,false,,false,"https://events.brown.edu/live/image/gid/49/width/80/height/80/crop/1/src_region/0,0,3000,2000/16021_peer_panel.jpg",,https://events.brown.edu/graduate/event/333678-international-orientation-peer-panel-on-navigating-gr,https://events.brown.edu/live/json/events
335448,Dissertation Defense: Thomas Czernik,2026-08-27T11:00:00-04:00,,August 27,11:00am,America/New_York,false,,,2026-08-27 15:00:00,,false,false,,,Lincoln Field Building,41.826003,-71.401271,,Earth Environmental and Planetary Sciences,,,,Physical &amp; Earth Sciences,,,false,,false,"https://events.brown.edu/live/image/gid/105/width/80/height/80/crop/1/src_region/0,0,1080,1080/8003_Dissertation_Defense_2022.png",,https://events.brown.edu/earth-environmental-planetary/event/335448-dissertation-defense-thomas-czernik,https://events.brown.edu/live/json/events
333679,International Orientation: Introduction to the International House of Rhode Island,2026-08-27T11:20:00-04:00,2026-08-27T11:30:00-04:00,August 27,11:20am - 11:30am,America/New_York,false,,,2026-08-27 15:20:00,2026-08-27 15:30:00,false,false,,,Pembroke Green,41.829426,-71.402609,Free,Graduate School,,,,doctoral | gradorientation2026 | international | masters,International Graduate Student Orientation Schedule,,false,,false,"https://events.brown.edu/live/image/gid/49/width/80/height/80/crop/1/src_region/0,0,3200,2133/15912_20190823_BUGSint-orientation_C83T6660.jpg",,https://events.brown.edu/graduate/event/333679-international-orientation-introduction-to-the-interna,https://events.brown.edu/live/json/events
333680,International Orientation: Navigating Graduate School: Mental Wellness and Resilience at Brown,2026-08-27T11:35:00-04:00,2026-08-27T12:05:00-04:00,August 27,11:35am - 12:05pm,America/New_York,false,,,2026-08-27 15:35:00,2026-08-27 16:05:00,false,false,,,Pembroke Green,41.829426,-71.402609,Free,Graduate School,,,,doctoral | gradorientation2026 | international | masters,International Graduate Student Orientation Schedule,,false,,false,"https://events.brown.edu/live/image/gid/49/width/80/height/80/crop/1/src_region/0,0,1000,667/16025_20210618_COMM_feelgoodfriday017.jpg",,https://events.brown.edu/graduate/event/333680-international-orientation-navigating-graduate-school-,https://events.brown.edu/live/json/events
334187,Is a course in Applied AI right for me? Mapping your skills to AI learning,2026-08-27T12:00:00-04:00,2026-08-27T12:30:00-04:00,August 27,12:00pm - 12:30pm,America/New_York,false,,,2026-08-27 16:00:00,2026-08-27 16:30:00,false,true,Online only,https://apply.professional.brown.edu/register/?id=4f56e671-b658-442d-a8db-0308eae18dc0,,,,Free,School of Professional Studies, Open to the Public,,,AI Education | Applied AI and Data Science,execeducation@brown.edu,execeducation@brown.edu,false,,false,"https://events.brown.edu/live/image/gid/175/width/80/height/80/crop/1/src_region/0,0,3200,2027/15567_AdobeStock_739390615_2.jpg",Chat with AI or Artificial Intelligence technology.,https://events.brown.edu/sps/event/334187-is-a-course-in-applied-ai-right-for-me-mapping-your-s,https://events.brown.edu/live/json/events
335402,Master of Science in Computer Science | Virtual Information Session,2026-08-27T12:00:00-04:00,2026-08-27T13:00:00-04:00,August 27,12:00pm - 1:00pm,America/New_York,false,,,2026-08-27 16:00:00,2026-08-27 17:00:00,false,true,Online only,https://apply.professional.brown.edu/register/?id=9f772eb9-3fa1-4049-a7d3-b612ec8358ed,,,,,Master’s Programs,,,,"Fifth-Year Master's | Graduate School, Postgraduate Education | Master | Master's Admissions | Master's Events | masters | Mathematics, Technology, Engineering",masters_events@brown.edu,masters_events@brown.edu,false,,false,"https://events.brown.edu/live/image/gid/175/width/80/height/80/crop/1/src_region/0,0,3200,2133/10385_20220809_COMM_AllenDufort014.jpg",Photo of Allen Dufort in Gregory Tucker lab working on summer research for a NASA-funded project.,https://events.brown.edu/masters-programs/event/335402-master-of-science-in-computer-science-virtual,https://events.brown.edu/live/json/events
333681,International Orientation: Lunch with Peer Mentors,2026-08-27T12:05:00-04:00,2026-08-27T13:30:00-04:00,August 27,12:05pm - 1:30pm,America/New_York,false,,,2026-08-27 16:05:00,2026-08-27 17:30:00,false,false,,,Pembroke Green,41.829426,-71.402609,Free,Graduate School,,,,doctoral | gradorientation2026 | international | masters | social,International Graduate Student Orientation Schedule,,false,,false,"https://events.brown.edu/live/image/gid/49/width/80/height/80/crop/1/src_region/0,0,3200,2133/16023_20230824_553.jpg",,https://events.brown.edu/graduate/event/333681-international-orientation-lunch-with-peer-mentors,https://events.brown.edu/live/json/events
333592,Brown University Field Hockey vs University of British Columbia- Exhibition,2026-08-27T13:00:00-04:00,2026-08-27T16:00:00-04:00,August 27,1:00pm - 4:00pm,America/New_York,false,,,2026-08-27 17:00:00,2026-08-27 20:00:00,false,false,,,"Providence, R.I., Goldberger Family Field",,,,Athletics, Open to the Public,,,"Athletics, Sports, Wellness",,,false,,false,"https://events.brown.edu/live/image/gid/8/width/80/height/80/crop/1/src_region/0,0,1050,1050/10116_brown-athletics.png",Brown University Athletics logo,https://events.brown.edu/athletics/event/333592-brown-university-field-hockey-vs-university-of,https://events.brown.edu/live/json/events
333682,International Orientation: Introduction to the English for International Teaching Assistants Program (PhD/MFA students only),2026-08-27T13:30:00-04:00,2026-08-27T13:40:00-04:00,August 27,1:30pm - 1:40pm,America/New_York,false,,,2026-08-27 17:30:00,2026-08-27 17:40:00,false,false,,,Alumnae Hall,41.829682,-71.402112,Free,Graduate School,,,,doctoral | gradorientation2026 | international,International Graduate Student Orientation Schedule,,false,,false,"https://events.brown.edu/live/image/gid/49/width/80/height/80/crop/1/src_region/0,0,3200,2133/16022_english_for_internationals_session.jpg",,https://events.brown.edu/graduate/event/333682-international-orientation-introduction-to-the-english,https://events.brown.edu/live/json/events
333617,Graduate International Student Orientation: Immigration Essentials - Master’s Students,2026-08-27T13:30:00-04:00,2026-08-27T14:45:00-04:00,August 27,1:30pm - 2:45pm,America/New_York,false,,,2026-08-27 17:30:00,2026-08-27 18:45:00,false,false,,,Pembroke Green,41.829426,-71.402609,,Master’s Programs,,,,"International, Global Engagement",masters_studentaffairs@brown.edu,masters_studentaffairs@brown.edu,false,,false,"https://events.brown.edu/live/image/gid/224/width/80/height/80/crop/1/src_region/0,0,800,533/19639_20210413_COMM_springcampus027.jpg",Master's Orientation 2026,https://events.brown.edu/live/events/333616-graduate-international-student-orientation,https://events.brown.edu/live/json/events
333683,International Orientation: Immigration Essentials for PhD &amp; MFA Student (mandatory)s,2026-08-27T13:40:00-04:00,2026-08-27T14:55:00-04:00,August 27,1:40pm - 2:55pm,America/New_York,false,,,2026-08-27 17:40:00,2026-08-27 18:55:00,false,false,,,Alumnae Hall,41.829682,-71.402112,Free,Graduate School,,,,doctoral | gradorientation2026 | international | mandatory | MFA,International Graduate Student Orientation Schedule,,false,,false,"https://events.brown.edu/live/image/gid/49/width/80/height/80/crop/1/src_region/0,0,3200,2133/23139_20250821_498.jpg",,https://events.brown.edu/graduate/event/333683-international-orientation-immigration-essentials-for-,https://events.brown.edu/live/json/events
326873,1776 Across the Americas: A Hemispheric History from the Collections of the John Carter Brown Library,2026-08-27T14:00:00-04:00,2026-08-27T16:45:00-04:00,August 27,2:00pm - 4:45pm,America/New_York,false,every Tuesday and Thursday,December 17,2026-02-10 19:00:00,2026-12-17 19:00:00,false,false,,,94 George Street,,,Free,John Carter Brown Library," Open to the Public | Performances, Concerts and Exhibitions",,,"history | History, Cultural Studies, Languages | Humanities | Identity, Culture, Inclusion | International, Global Engagement | Libraries | Social Sciences",jcb-events@brown.edu,jcb-events@brown.edu,false,,false,"https://events.brown.edu/live/image/gid/138/width/80/height/80/crop/1/src_region/0,0,1728,1728/21701_1776_Social_Media_Bkgds_JCBL_2026-01-21.jpg",The image shows a rooster pulling on the British flag.,https://events.brown.edu/john-carter-brown-library/event/326873-1776-across-the-americas-a-hemispheric-history,https://events.brown.edu/live/json/events
333684,International Orientation: Open hours: Sprintax Calculus &amp; Tax Questions,2026-08-27T14:45:00-04:00,2026-08-27T16:00:00-04:00,August 27,2:45pm - 4:00pm,America/New_York,false,,,2026-08-27 18:45:00,2026-08-27 20:00:00,false,false,,,Alumnae Hall,41.829682,-71.402112,Free,Graduate School,,,,doctoral | gradorientation2026 | international | MFA,International Graduate Student Orientation Schedule,,false,,false,"https://events.brown.edu/live/image/gid/49/width/80/height/80/crop/1/src_region/0,0,1000,667/16025_20210618_COMM_feelgoodfriday017.jpg",,https://events.brown.edu/graduate/event/333684-international-orientation-open-hours-sprintax-calculu,https://events.brown.edu/live/json/events
333599,International Orientation: Global Brown Center Tour,2026-08-27T15:00:00-04:00,2026-08-27T15:30:00-04:00,August 27,3:00pm - 3:30pm,America/New_York,false,,,2026-08-27 19:00:00,2026-08-27 19:30:00,false,false,,,Page-Robinson Hall (previously JWW),41.827526,-71.402786,Free,Graduate School,,,,doctoral | gradorientation2026 | international | masters | social | social &amp; community building,International Graduate Student Orientation Schedule,,true,45,true,"https://events.brown.edu/live/image/gid/49/width/80/height/80/crop/1/src_region/0,0,4167,4167/19580_bear_logo.png","An illustration of a friendly brown bear hugging a green and blue globe. Below the image, the text Global Brown Center for International St",https://events.brown.edu/graduate/event/333599-international-orientation-global-brown-center-tour,https://events.brown.edu/live/json/events
333685,International Orientation: International Graduate Student Reception,2026-08-27T16:00:00-04:00,2026-08-27T17:30:00-04:00,August 27,4:00pm - 5:30pm,America/New_York,false,,,2026-08-27 20:00:00,2026-08-27 21:30:00,false,false,,,College Green,41.826172,-71.403282,Free,Graduate School,,,,doctoral | gradorientation2026 | international | masters | social,International Graduate Student Orientation Schedule,,false,,false,"https://events.brown.edu/live/image/gid/49/width/80/height/80/crop/1/src_region/0,0,3200,2133/16026_20230824_074.jpg",,https://events.brown.edu/graduate/event/333685-international-orientation-international-graduate-stud,https://events.brown.edu/live/json/events
334855,Summer Send-Off in Philadelphia – Welcome to Brown!,2026-08-27T18:30:00-04:00,2026-08-27T21:00:00-04:00,August 27,6:30pm - 9:00pm,America/New_York,false,,,2026-08-27 22:30:00,2026-08-28 01:00:00,false,false,,,,,,,Alumni &amp; Friends,,,,,,,false,,false,,,https://events.brown.edu/alumni-friends/event/334855-summer-send-off-in-philadelphia-welcome-to-brown,https://events.brown.edu/live/json/events
333394,Brown University Women’s Soccer vs UConn,2026-08-27T19:00:00-04:00,2026-08-27T21:00:00-04:00,August 27,7:00pm - 9:00pm,America/New_York,false,,,2026-08-27 23:00:00,2026-08-28 01:00:00,false,false,,,"Providence, R.I., Stevenson-Pincince Field",,,,Athletics, Open to the Public,,,"Athletics, Sports, Wellness",,,false,,false,"https://events.brown.edu/live/image/gid/8/width/80/height/80/crop/1/src_region/0,0,1050,1050/10116_brown-athletics.png",Brown University Athletics logo,https://events.brown.edu/athletics/event/333394-brown-university-womens-soccer-vs-uconn,https://events.brown.edu/live/json/events
329077,Art at Watson Presents — The Future Was Already Buried Here: Making and Unmaking Futures in California’s Lithium Valley,2026-08-28T00:00:00-04:00,,August 28,,America/New_York,true,,,2026-03-12 04:00:00,2026-08-28 04:00:00,false,false,,,111 Thayer Street,,,,Watson School of International and Public Affairs,"Performances, Concerts and Exhibitions",,,,watsonevents@brown.edu,watsonevents@brown.edu,false,,false,"https://events.brown.edu/live/image/gid/90/width/80/height/80/crop/1/src_region/0,0,1080,1079/22231_AAW_Future-Buried_Rabbani_web_1080x1079.jpg",Welcome sign - Salton Sea Beach,https://events.brown.edu/live/events/329049-art-at-watson-presents-the-future-was-already-buried-,https://events.brown.edu/live/json/events
335165,Last Day for ScM in Data Science (residential) and AM in Design Engineering classes,2026-08-28T00:00:00-04:00,,August 28,,America/New_York,true,,,2026-08-28 04:00:00,,false,false,,,,,,,Academic Calendar,,,,"Academic Calendar, University Dates &amp; Events | Summer Session",,,false,,false,,,https://events.brown.edu/academic-calendar/event/335165-last-day-for-scm-in-data-science-residential-and,https://events.brown.edu/live/json/events
330853,Exhibit | Divine Afterlife: Burials and Religion in Ancient Egypt,2026-08-28T09:00:00-04:00,2026-08-28T16:30:00-04:00,August 28,9:00am - 4:30pm,America/New_York,false,every weekday (Monday to Friday),August 31,2026-04-15 13:00:00,2026-08-31 13:00:00,false,false,,,Rhode Island Hall,41.82548,-71.403879,,Joukowsky Institute for Archaeology," Open to the Public | Performances, Concerts and Exhibitions",1st Year Students | 2nd Year Students | 3rd Year Students | 4th Year Students | All Staff | Campus Faculty | Hospital Faculty | Humanities | Medical Students | Social Sciences,,"Arts, Performance | History, Cultural Studies, Languages | Humanities | Identity, Culture, Inclusion | International, Global Engagement","Joukowsky Institute for ArchaeologyRhode Island Hall, 60 George Street, Providence, RI jiaaw@brown.edu _____________________________ archaeology.brown.edu",jiaaw@brown.edu,false,,false,"https://events.brown.edu/live/image/gid/58/width/80/height/80/crop/1/src_region/0,40,1080,1120/22623_Divine_Afterlife-titleonly.png",,https://events.brown.edu/live/events/330730-exhibit-divine-afterlife-burials-and-religion-in,https://events.brown.edu/live/json/events
330991,Exhibit | Scents of the Ancient Past (Curated by Erynn Bentley ’27),2026-08-28T09:00:00-04:00,2026-08-28T16:30:00-04:00,August 28,9:00am - 4:30pm,America/New_York,false,every weekday (Monday to Friday),October 1,2026-05-01 13:00:00,2026-10-01 13:00:00,false,false,,,Rhode Island Hall,41.82548,-71.403879,,Joukowsky Institute for Archaeology," Open to the Public | Performances, Concerts and Exhibitions",1st Year Students | 2nd Year Students | 3rd Year Students | 4th Year Students | All Staff | Campus Faculty | Hospital Faculty | Humanities | Medical Students | Social Sciences,,"Arts, Performance | History, Cultural Studies, Languages | Humanities | Identity, Culture, Inclusion | International, Global Engagement","Joukowsky Institute for ArchaeologyRhode Island Hall, 60 George Street, Providence, RI jiaaw@brown.edu _____________________________ archaeology.brown.edu",jiaaw@brown.edu,false,,false,"https://events.brown.edu/live/image/gid/58/width/80/height/80/crop/1/src_region/0,128,1027,1155/22683_36_without_scale.jpg",,https://events.brown.edu/joukowsky-archaeology/event/330991-exhibit-scents-of-the-ancient-past-curated-by,https://events.brown.edu/live/json/events
323881,CCV Office Hours,2026-08-28T10:00:00-04:00,2026-08-28T12:00:00-04:00,August 28,10:00am - 12:00pm,America/New_York,false,,,2026-08-28 14:00:00,2026-08-28 16:00:00,false,true,Hybrid,https://brown.zoom.us/j/93572022965,180 George Street,41.825929,-71.398812,Free,Center for Computation and Visualization (CCV),"Lectures, Seminars and Workshops |  Open to the Public",,,Computing | HPC | Research,Email the HPC team,hpc@brown.edu,false,,false,"https://events.brown.edu/live/image/gid/176/width/80/height/80/crop/1/src_region/0,0,8334,4307/2435_ccv-zdog_2.png",,https://events.brown.edu/ccv/event/323881-ccv-office-hours,https://events.brown.edu/live/json/events
326636,1776 Across the Americas: A Hemispheric History from the Collections of the John Carter Brown Library,2026-08-28T10:00:00-04:00,2026-08-28T12:45:00-04:00,August 28,10:00am - 12:45pm,America/New_York,false,every weekday (Monday to Friday),December 18,2026-02-06 15:00:00,2026-12-18 15:00:00,false,false,,,94 George Street,,,Free,John Carter Brown Library," Open to the Public | Performances, Concerts and Exhibitions",,,"history | History, Cultural Studies, Languages | Humanities | Identity, Culture, Inclusion | International, Global Engagement | Libraries | Social Sciences",jcb-events@brown.edu,jcb-events@brown.edu,false,,false,"https://events.brown.edu/live/image/gid/138/width/80/height/80/crop/1/src_region/0,0,1728,1728/21701_1776_Social_Media_Bkgds_JCBL_2026-01-21.jpg",The image shows a rooster pulling on the British flag.,https://events.brown.edu/john-carter-brown-library/event/326636-1776-across-the-americas-a-hemispheric-history,https://events.brown.edu/live/json/events
334163,Brown University Men’s Water Polo vs Pacific,2026-08-28T11:00:00-04:00,2026-08-28T12:30:00-04:00,August 28,11:00am - 12:30pm,America/New_York,false,,,2026-08-28 15:00:00,2026-08-28 16:30:00,false,false,,,"Providence, R.I., Katherine Moran Coleman Aquatics Center",,,,Athletics, Open to the Public,,,"Athletics, Sports, Wellness",,,false,,false,"https://events.brown.edu/live/image/gid/8/width/80/height/80/crop/1/src_region/0,0,1050,1050/10116_brown-athletics.png",Brown University Athletics logo,https://events.brown.edu/athletics/event/334163-brown-university-mens-water-polo-vs-pacific,https://events.brown.edu/live/json/events
333600,International Orientation: Global Brown Center Tour,2026-08-28T13:00:00-04:00,2026-08-28T13:30:00-04:00,August 28,1:00pm - 1:30pm,America/New_York,false,,,2026-08-28 17:00:00,2026-08-28 17:30:00,false,false,,,Page-Robinson Hall (previously JWW),41.827526,-71.402786,Free,Graduate School,,,,doctoral | gradorientation2026 | international | masters | social | social &amp; community building,International Graduate Student Orientation Schedule,,true,45,true,"https://events.brown.edu/live/image/gid/49/width/80/height/80/crop/1/src_region/0,0,4167,4167/19580_bear_logo.png","An illustration of a friendly brown bear hugging a green and blue globe. Below the image, the text Global Brown Center for International St",https://events.brown.edu/graduate/event/333600-international-orientation-global-brown-center-tour,https://events.brown.edu/live/json/events
333601,International Orientation Social Event: Explore International House of RI,2026-08-28T14:00:00-04:00,2026-08-28T16:00:00-04:00,August 28,2:00pm - 4:00pm,America/New_York,false,,,2026-08-28 18:00:00,2026-08-28 20:00:00,false,false,,,International House of Rhode Island,41.82975,-71.397421,Free,Graduate School,Free Food,,,doctoral | gradorientation2026 | international | masters | social,International Graduate Student Orientation Schedule,,true,70,true,"https://events.brown.edu/live/image/gid/49/width/80/height/80/crop/1/src_region/0,0,3200,2133/15912_20190823_BUGSint-orientation_C83T6660.jpg",group of students in front of international flags,https://events.brown.edu/graduate/event/333601-international-orientation-social-event-explore-intern,https://events.brown.edu/live/json/events
334162,Brown University Men’s Water Polo vs California Baptist,2026-08-28T18:15:00-04:00,2026-08-28T19:45:00-04:00,August 28,6:15pm - 7:45pm,America/New_York,false,,,2026-08-28 22:15:00,2026-08-28 23:45:00,false,false,,,"Providence, R.I., Katherine Moran Coleman Aquatics Center",,,,Athletics, Open to the Public,,,"Athletics, Sports, Wellness",,,false,,false,"https://events.brown.edu/live/image/gid/8/width/80/height/80/crop/1/src_region/0,0,1050,1050/10116_brown-athletics.png",Brown University Athletics logo,https://events.brown.edu/athletics/event/334162-brown-university-mens-water-polo-vs-california,https://events.brown.edu/live/json/events
333436,Brown University Men’s Soccer vs New Haven,2026-08-28T19:00:00-04:00,2026-08-28T21:00:00-04:00,August 28,7:00pm - 9:00pm,America/New_York,false,,,2026-08-28 23:00:00,2026-08-29 01:00:00,false,false,,,"Providence, R.I., Stevenson-Pincince Field",,,,Athletics, Open to the Public,,,"Athletics, Sports, Wellness",,,false,,false,"https://events.brown.edu/live/image/gid/8/width/80/height/80/crop/1/src_region/0,0,1050,1050/10116_brown-athletics.png",Brown University Athletics logo,https://events.brown.edu/athletics/event/333436-brown-university-mens-soccer-vs-new-haven,https://events.brown.edu/live/json/events
334875,Jets v. Giants: Brown Alumni Night at MetLife Stadium- Join us for a preseason rivalry game from...,2026-08-28T19:00:00-04:00,2026-08-28T23:00:00-04:00,August 28,7:00pm - 11:00pm,America/New_York,false,,,2026-08-28 23:00:00,2026-08-29 03:00:00,false,false,,,,,,,Alumni &amp; Friends,,,,,,,false,,false,,,https://events.brown.edu/alumni-friends/event/334875-jets-v-giants-brown-alumni-night-at-metlife,https://events.brown.edu/live/json/events
334161,Brown University Men’s Water Polo vs Wagner,2026-08-29T10:00:00-04:00,2026-08-29T11:30:00-04:00,August 29,10:00am - 11:30am,America/New_York,false,,,2026-08-29 14:00:00,2026-08-29 15:30:00,false,false,,,"Providence, R.I., Katherine Moran Coleman Aquatics Center",,,,Athletics, Open to the Public,,,"Athletics, Sports, Wellness",,,false,,false,"https://events.brown.edu/live/image/gid/8/width/80/height/80/crop/1/src_region/0,0,1050,1050/10116_brown-athletics.png",Brown University Athletics logo,https://events.brown.edu/athletics/event/334161-brown-university-mens-water-polo-vs-wagner,https://events.brown.edu/live/json/events
333693,International Orientation: Banking &amp; Cell Phone Fair,2026-08-29T11:00:00-04:00,2026-08-29T13:00:00-04:00,August 29,11:00am - 1:00pm,America/New_York,false,,,2026-08-29 15:00:00,2026-08-29 17:00:00,false,false,,,Sayles Hall,41.826201,-71.402746,Free,Graduate School,,,,doctoral | gradorientation2026 | international | masters,International Graduate Student Orientation Schedule,,false,,false,"https://events.brown.edu/live/image/gid/49/width/80/height/80/crop/1/src_region/0,0,1000,667/16015_fair.jpg",,https://events.brown.edu/graduate/event/333693-international-orientation-banking-cell-phone-fair,https://events.brown.edu/live/json/events
335141,Alumni Career Initiative - Virtual Networking Event: August Session 3,2026-08-29T12:00:00-04:00,2026-08-29T13:00:00-04:00,August 29,12:00pm - 1:00pm,America/New_York,false,,,2026-08-29 16:00:00,2026-08-29 17:00:00,false,true,Hybrid,,,,,,Alumni &amp; Friends,,,,,,,false,,false,,,https://events.brown.edu/alumni-friends/event/335141-alumni-career-initiative-virtual-networking,https://events.brown.edu/live/json/events
335086,Summer Send-Off in Kentucky – Welcome to Brown!,2026-08-29T12:00:00-04:00,2026-08-29T14:00:00-04:00,August 29,12:00pm - 2:00pm,America/New_York,false,,,2026-08-29 16:00:00,2026-08-29 18:00:00,false,false,,,,,,,Alumni &amp; Friends,,,,,,,false,,false,,,https://events.brown.edu/alumni-friends/event/335086-summer-send-off-in-kentucky-welcome-to-brown,https://events.brown.edu/live/json/events
335514,International Orientation: RISD Museum Tour (2 pm),2026-08-29T14:00:00-04:00,,August 29,2:00pm,America/New_York,false,,,2026-08-29 18:00:00,,false,false,,,Chase Center/RISD Museum,41.826154,-71.407838,Free,Graduate School,,,,doctoral | gradorientation2026 | international | masters | social | social &amp; community building,Questions? Email us at gradstudent-orientation@brown.edu.,gradstudent-orientation@brown.edu,true,35,true,"https://events.brown.edu/live/image/gid/49/width/80/height/80/crop/1/src_region/0,0,143,149/19724_Screenshot_2025-08-01_at_1.48.15PM.png",RISD logo,https://events.brown.edu/graduate/event/335514-international-orientation-risd-museum-tour-2-pm,https://events.brown.edu/live/json/events
335515,International Orientation: RISD Museum Tour (2:30 pm),2026-08-29T14:30:00-04:00,,August 29,2:30pm,America/New_York,false,,,2026-08-29 18:30:00,,false,false,,,Chase Center/RISD Museum,41.826154,-71.407838,Free,Graduate School,,,,doctoral | gradorientation2025 | international | masters | social | social &amp; community building,Questions? Email us at gradstudent-orientation@brown.edu.,gradstudent-orientation@brown.edu,true,35,true,"https://events.brown.edu/live/image/gid/49/width/80/height/80/crop/1/src_region/0,0,143,149/19724_Screenshot_2025-08-01_at_1.48.15PM.png",RISD logo,https://events.brown.edu/graduate/event/335515-international-orientation-risd-museum-tour-230-pm,https://events.brown.edu/live/json/events
335516,International Orientation: RISD Museum Tour (3 pm),2026-08-29T15:00:00-04:00,,August 29,3:00pm,America/New_York,false,,,2026-08-29 19:00:00,,false,false,,,Chase Center/RISD Museum,41.826154,-71.407838,Free,Graduate School,,,,doctoral | gradorientation2026 | international | masters | social | social &amp; community building,Questions? Email us at gradstudent-orientation@brown.edu.,gradstudent-orientation@brown.edu,true,35,true,"https://events.brown.edu/live/image/gid/49/width/80/height/80/crop/1/src_region/0,0,143,149/19724_Screenshot_2025-08-01_at_1.48.15PM.png",RISD logo,https://events.brown.edu/graduate/event/335516-international-orientation-risd-museum-tour-3-pm,https://events.brown.edu/live/json/events
335517,International Orientation: RISD Museum Tour (3:30 pm),2026-08-29T15:30:00-04:00,,August 29,3:30pm,America/New_York,false,,,2026-08-29 19:30:00,,false,false,,,Chase Center/RISD Museum,41.826154,-71.407838,Free,Graduate School,,,,doctoral | gradorientation2026 | international | masters | social | social &amp; community building,Questions? Email us at gradstudent-orientation@brown.edu.,gradstudent-orientation@brown.edu,true,35,true,"https://events.brown.edu/live/image/gid/49/width/80/height/80/crop/1/src_region/0,0,143,149/19724_Screenshot_2025-08-01_at_1.48.15PM.png",RISD logo,https://events.brown.edu/graduate/event/335517-international-orientation-risd-museum-tour-330-pm,https://events.brown.edu/live/json/events
335518,International Orientation: RISD Museum Tour (4 pm),2026-08-29T16:00:00-04:00,,August 29,4:00pm,America/New_York,false,,,2026-08-29 20:00:00,,false,false,,,Chase Center/RISD Museum,41.826154,-71.407838,Free,Graduate School,,,,doctoral | gradorientation2026 | international | masters | social | social &amp; community building,Questions? Email us at gradstudent-orientation@brown.edu.,gradstudent-orientation@brown.edu,true,35,true,"https://events.brown.edu/live/image/gid/49/width/80/height/80/crop/1/src_region/0,0,143,149/19724_Screenshot_2025-08-01_at_1.48.15PM.png",RISD logo,https://events.brown.edu/graduate/event/335518-international-orientation-risd-museum-tour-4-pm,https://events.brown.edu/live/json/events
334160,Brown University Men’s Water Polo vs UC Davis,2026-08-29T16:40:00-04:00,2026-08-29T18:10:00-04:00,August 29,4:40pm - 6:10pm,America/New_York,false,,,2026-08-29 20:40:00,2026-08-29 22:10:00,false,false,,,"Providence, R.I., Katherine Moran Coleman Aquatics Center",,,,Athletics, Open to the Public,,,"Athletics, Sports, Wellness",,,false,,false,"https://events.brown.edu/live/image/gid/8/width/80/height/80/crop/1/src_region/0,0,1050,1050/10116_brown-athletics.png",Brown University Athletics logo,https://events.brown.edu/athletics/event/334160-brown-university-mens-water-polo-vs-uc-davis,https://events.brown.edu/live/json/events
334974,Crafting Fun with Brown Alumni!,2026-08-29T17:00:00-04:00,2026-08-29T19:00:00-04:00,August 29,5:00pm - 7:00pm,America/New_York,false,,,2026-08-29 21:00:00,2026-08-29 23:00:00,false,false,,,,,,,Alumni &amp; Friends,,,,,,,false,,false,,,https://events.brown.edu/alumni-friends/event/334974-crafting-fun-with-brown-alumni,https://events.brown.edu/live/json/events
335488,International Orientation: WaterFire,2026-08-29T19:00:00-04:00,,August 29,7:00pm,America/New_York,false,,,2026-08-29 23:00:00,,false,false,,,Van Wickle Gates,41.826124,-71.404571,Free,Graduate School,,,,doctoral | gradorientation2026 | masters | social,Questions? Email us at gradstudent-orientation@brown.edu.,gradstudent-orientation@brown.edu,true,300,false,"https://events.brown.edu/live/image/gid/49/width/80/height/80/crop/1/src_region/0,0,1200,800/15941_waterfire.jpg",,https://events.brown.edu/graduate/event/335488-international-orientation-waterfire,https://events.brown.edu/live/json/events
335000,Atlanta United vs. Charlotte FC — Alumni Group Outing,2026-08-29T19:30:00-04:00,2026-08-29T21:30:00-04:00,August 29,7:30pm - 9:30pm,America/New_York,false,,,2026-08-29 23:30:00,2026-08-30 01:30:00,false,false,,,,,,,Alumni &amp; Friends,,,,,,,false,,false,,,https://events.brown.edu/alumni-friends/event/335000-atlanta-united-vs-charlotte-fc-alumni-group,https://events.brown.edu/live/json/events
333393,Brown University Women’s Soccer at Penn State,2026-08-30T13:00:00-04:00,2026-08-30T15:00:00-04:00,August 30,1:00pm - 3:00pm,America/New_York,false,,,2026-08-30 17:00:00,2026-08-30 19:00:00,false,false,,,"University Park, Penn., Jeffrey Field",,,,Athletics, Open to the Public,,,"Athletics, Sports, Wellness",,,false,,false,"https://events.brown.edu/live/image/gid/8/width/80/height/80/crop/1/src_region/0,0,1050,1050/10116_brown-athletics.png",Brown University Athletics logo,https://events.brown.edu/athletics/event/333393-brown-university-womens-soccer-at-penn-state,https://events.brown.edu/live/json/events
334159,Brown University Men’s Water Polo vs Gannon,2026-08-30T14:20:00-04:00,2026-08-30T15:50:00-04:00,August 30,2:20pm - 3:50pm,America/New_York,false,,,2026-08-30 18:20:00,2026-08-30 19:50:00,false,false,,,"Providence, R.I., Katherine Moran Coleman Aquatics Center",,,,Athletics, Open to the Public,,,"Athletics, Sports, Wellness",,,false,,false,"https://events.brown.edu/live/image/gid/8/width/80/height/80/crop/1/src_region/0,0,1050,1050/10116_brown-athletics.png",Brown University Athletics logo,https://events.brown.edu/athletics/event/334159-brown-university-mens-water-polo-vs-gannon,https://events.brown.edu/live/json/events
334158,Brown University Men’s Water Polo vs Air Force,2026-08-30T18:20:00-04:00,2026-08-30T19:50:00-04:00,August 30,6:20pm - 7:50pm,America/New_York,false,,,2026-08-30 22:20:00,2026-08-30 23:50:00,false,false,,,"Providence, R.I., Katherine Moran Coleman Aquatics Center",,,,Athletics, Open to the Public,,,"Athletics, Sports, Wellness",,,false,,false,"https://events.brown.edu/live/image/gid/8/width/80/height/80/crop/1/src_region/0,0,1050,1050/10116_brown-athletics.png",Brown University Athletics logo,https://events.brown.edu/athletics/event/334158-brown-university-mens-water-polo-vs-air-force,https://events.brown.edu/live/json/events
335474,"GSOC Orientation: Welcome, Check In &amp; Keynote",2026-08-31T09:00:00-04:00,2026-08-31T11:00:00-04:00,August 31,9:00am - 11:00am,America/New_York,false,,,2026-08-31 13:00:00,2026-08-31 15:00:00,false,false,,,Sayles Hall,41.826201,-71.402746,,Graduate School,,,,gradorientation2026 | student of color,gsoc_orientation@brown.edu,gsoc_orientation@brown.edu,false,,false,"https://events.brown.edu/live/image/gid/49/width/80/height/80/crop/1/src_region/0,0,3200,2133/23235_20250825_184.jpg",Aerial shot of a group of students standing amongst round tables mingling.,https://events.brown.edu/graduate/event/335474-gsoc-orientation-welcome-check-in-keynote,https://events.brown.edu/live/json/events
330854,Exhibit | Divine Afterlife: Burials and Religion in Ancient Egypt,2026-08-31T09:00:00-04:00,2026-08-31T16:30:00-04:00,August 31,9:00am - 4:30pm,America/New_York,false,every weekday (Monday to Friday),August 31,2026-04-15 13:00:00,2026-08-31 13:00:00,false,false,,,Rhode Island Hall,41.82548,-71.403879,,Joukowsky Institute for Archaeology," Open to the Public | Performances, Concerts and Exhibitions",1st Year Students | 2nd Year Students | 3rd Year Students | 4th Year Students | All Staff | Campus Faculty | Hospital Faculty | Humanities | Medical Students | Social Sciences,,"Arts, Performance | History, Cultural Studies, Languages | Humanities | Identity, Culture, Inclusion | International, Global Engagement","Joukowsky Institute for ArchaeologyRhode Island Hall, 60 George Street, Providence, RI jiaaw@brown.edu _____________________________ archaeology.brown.edu",jiaaw@brown.edu,false,,false,"https://events.brown.edu/live/image/gid/58/width/80/height/80/crop/1/src_region/0,40,1080,1120/22623_Divine_Afterlife-titleonly.png",,https://events.brown.edu/live/events/330731-exhibit-divine-afterlife-burials-and-religion-in,https://events.brown.edu/live/json/events
330992,Exhibit | Scents of the Ancient Past (Curated by Erynn Bentley ’27),2026-08-31T09:00:00-04:00,2026-08-31T16:30:00-04:00,August 31,9:00am - 4:30pm,America/New_York,false,every weekday (Monday to Friday),October 1,2026-05-01 13:00:00,2026-10-01 13:00:00,false,false,,,Rhode Island Hall,41.82548,-71.403879,,Joukowsky Institute for Archaeology," Open to the Public | Performances, Concerts and Exhibitions",1st Year Students | 2nd Year Students | 3rd Year Students | 4th Year Students | All Staff | Campus Faculty | Hospital Faculty | Humanities | Medical Students | Social Sciences,,"Arts, Performance | History, Cultural Studies, Languages | Humanities | Identity, Culture, Inclusion | International, Global Engagement","Joukowsky Institute for ArchaeologyRhode Island Hall, 60 George Street, Providence, RI jiaaw@brown.edu _____________________________ archaeology.brown.edu",jiaaw@brown.edu,false,,false,"https://events.brown.edu/live/image/gid/58/width/80/height/80/crop/1/src_region/0,128,1027,1155/22683_36_without_scale.jpg",,https://events.brown.edu/joukowsky-archaeology/event/330992-exhibit-scents-of-the-ancient-past-curated-by,https://events.brown.edu/live/json/events
326637,1776 Across the Americas: A Hemispheric History from the Collections of the John Carter Brown Library,2026-08-31T10:00:00-04:00,2026-08-31T12:45:00-04:00,August 31,10:00am - 12:45pm,America/New_York,false,every weekday (Monday to Friday),December 18,2026-02-06 15:00:00,2026-12-18 15:00:00,false,false,,,94 George Street,,,Free,John Carter Brown Library," Open to the Public | Performances, Concerts and Exhibitions",,,"history | History, Cultural Studies, Languages | Humanities | Identity, Culture, Inclusion | International, Global Engagement | Libraries | Social Sciences",jcb-events@brown.edu,jcb-events@brown.edu,false,,false,"https://events.brown.edu/live/image/gid/138/width/80/height/80/crop/1/src_region/0,0,1728,1728/21701_1776_Social_Media_Bkgds_JCBL_2026-01-21.jpg",The image shows a rooster pulling on the British flag.,https://events.brown.edu/john-carter-brown-library/event/326637-1776-across-the-americas-a-hemispheric-history,https://events.brown.edu/live/json/events
335475,GSOC Orientation: Concurrent Sessions,2026-08-31T11:00:00-04:00,2026-08-31T15:00:00-04:00,August 31,11:00am - 3:00pm,America/New_York,false,,,2026-08-31 15:00:00,2026-08-31 19:00:00,false,false,,,Friedman Hall,41.825931,-71.402548,,Graduate School,,,,gradorientation2026 | student of color,gsoc_orientation@brown.edu,gsoc_orientation@brown.edu,false,,false,"https://events.brown.edu/live/image/gid/49/width/80/height/80/crop/1/src_region/0,0,3200,2133/23235_20250825_184.jpg",Aerial shot of a group of students standing amongst round tables mingling.,https://events.brown.edu/graduate/event/335475-gsoc-orientation-concurrent-sessions,https://events.brown.edu/live/json/events
333676,DIS Semester in Copenhagen Information Session (virtual),2026-08-31T12:00:00-04:00,2026-08-31T13:00:00-04:00,August 31,12:00pm - 1:00pm,America/Detroit,false,,,2026-08-31 16:00:00,2026-08-31 17:00:00,false,true,Online only,https://engage.disabroad.org/event/dis.events.1743411,,,,,Study Abroad,,,,"Advising, Mentorship | International, Global Engagement","Study Abroad Advising Page-Robinson Hall, 313/319 401-863-3555 studyabroad@brown.edu",studyabroad@brown.edu,false,,false,"https://events.brown.edu/live/image/gid/67/width/80/height/80/crop/1/src_region/0,0,225,225/55_Unknown-1.png",,https://events.brown.edu/study-abroad/event/333676-dis-semester-in-copenhagen-information-session-virtua,https://events.brown.edu/live/json/events
326753,1776 Across the Americas: A Hemispheric History from the Collections of the John Carter Brown Library,2026-08-31T14:00:00-04:00,2026-08-31T16:45:00-04:00,August 31,2:00pm - 4:45pm,America/New_York,false,weekly,December 18,2026-02-09 19:00:00,2026-12-18 19:00:00,false,false,,,94 George Street,,,Free,John Carter Brown Library," Open to the Public | Performances, Concerts and Exhibitions",,,"history | History, Cultural Studies, Languages | Humanities | Identity, Culture, Inclusion | International, Global Engagement | Libraries | Social Sciences",jcb-events@brown.edu,jcb-events@brown.edu,false,,false,"https://events.brown.edu/live/image/gid/138/width/80/height/80/crop/1/src_region/0,0,1728,1728/21701_1776_Social_Media_Bkgds_JCBL_2026-01-21.jpg",The image shows a rooster pulling on the British flag.,https://events.brown.edu/john-carter-brown-library/event/326753-1776-across-the-americas-a-hemispheric-history,https://events.brown.edu/live/json/events
334231,Beginning of Graduate School All-Student Orientation.,2026-09-01T00:00:00-04:00,,September 1,,America/New_York,true,,,2026-09-01 04:00:00,,false,false,,,,,,,Academic Calendar,,,,"Academic Calendar, University Dates &amp; Events",Registrar’s Office 401-863-2500,,false,,false,,,https://events.brown.edu/live/events/330093-beginning-of-graduate-school-all-student,https://events.brown.edu/live/json/events
334235,Doctoral and MFA All-Student Orientation sponsored by the Graduate School,2026-09-01T00:00:00-04:00,,September 1,,America/New_York,true,,,2026-09-01 04:00:00,,false,false,,,,,,,Academic Calendar,,,,"Academic Calendar, University Dates &amp; Events | Fall Semester",,,false,,false,,,https://events.brown.edu/academic-calendar/event/334235-doctoral-and-mfa-all-student-orientation-sponsored,https://events.brown.edu/live/json/events
333695,All-Student Orientation: Breakfast &amp; Check-in for PhD &amp; MFA Students,2026-09-01T08:00:00-04:00,2026-09-01T09:00:00-04:00,September 1,8:00am - 9:00am,America/New_York,false,,,2026-09-01 12:00:00,2026-09-01 13:00:00,false,false,,,MacMillan Hall,41.826104,-71.400096,Free,Graduate School,,,,doctoral | gradorientation2026 | MFA,All-Student Orientation Schedule for PhD and MFA students,,false,,false,"https://events.brown.edu/live/image/gid/49/width/80/height/80/crop/1/src_region/0,0,3000,2000/19723_20240827_012.jpg",A sign on a sidewalk reads ORIENTATION Ph.D. and MFA Student Check-in next to a grassy area with people milling around and two tents set u,https://events.brown.edu/graduate/event/333695-all-student-orientation-breakfast-check-in-for-phd-mf,https://events.brown.edu/live/json/events
333696,All-Student Orientation: Welcome Address for PhD &amp; MFA Students,2026-09-01T09:00:00-04:00,2026-09-01T09:15:00-04:00,September 1,9:00am - 9:15am,America/New_York,false,,,2026-09-01 13:00:00,2026-09-01 13:15:00,false,false,,,MacMillan Hall,41.826104,-71.400096,Free,Graduate School,"Lectures, Seminars and Workshops",,,doctoral | gradorientation2026 | MFA,All-Student Orientation Schedule for PhD and MFA students,,false,,false,"https://events.brown.edu/live/image/gid/49/width/80/height/80/crop/1/src_region/0,0,3000,2000/19722_20240827_494.jpg",A shot of a group of people standing and talking outdoors near a grassy field with a sign that reads Welcome to All-Student Orientation,https://events.brown.edu/graduate/event/333696-all-student-orientation-welcome-address-for-phd-mfa-s,https://events.brown.edu/live/json/events
330993,Exhibit | Scents of the Ancient Past (Curated by Erynn Bentley ’27),2026-09-01T09:00:00-04:00,2026-09-01T16:30:00-04:00,September 1,9:00am - 4:30pm,America/New_York,false,every weekday (Monday to Friday),October 1,2026-05-01 13:00:00,2026-10-01 13:00:00,false,false,,,Rhode Island Hall,41.82548,-71.403879,,Joukowsky Institute for Archaeology," Open to the Public | Performances, Concerts and Exhibitions",1st Year Students | 2nd Year Students | 3rd Year Students | 4th Year Students | All Staff | Campus Faculty | Hospital Faculty | Humanities | Medical Students | Social Sciences,,"Arts, Performance | History, Cultural Studies, Languages | Humanities | Identity, Culture, Inclusion | International, Global Engagement","Joukowsky Institute for ArchaeologyRhode Island Hall, 60 George Street, Providence, RI jiaaw@brown.edu _____________________________ archaeology.brown.edu",jiaaw@brown.edu,false,,false,"https://events.brown.edu/live/image/gid/58/width/80/height/80/crop/1/src_region/0,128,1027,1155/22683_36_without_scale.jpg",,https://events.brown.edu/joukowsky-archaeology/event/330993-exhibit-scents-of-the-ancient-past-curated-by,https://events.brown.edu/live/json/events
333698,All-Student Orientation: Thriving at Brown for PhD &amp; MFA Students (mandatory),2026-09-01T09:15:00-04:00,2026-09-01T10:00:00-04:00,September 1,9:15am - 10:00am,America/New_York,false,,,2026-09-01 13:15:00,2026-09-01 14:00:00,false,false,,,MacMillan Hall,41.826104,-71.400096,Free,Graduate School,,,,doctoral | gradorientation2026 | mandatory | MFA,All-Student Orientation Schedule for PhD and MFA students,,false,,false,"https://events.brown.edu/live/image/gid/49/width/80/height/80/crop/1/src_region/0,0,3200,2133/23140_20250826_118.jpg","Screen image reads Thriving at Brown, students standing below",https://events.brown.edu/graduate/event/333698-all-student-orientation-thriving-at-brown-for-phd-mfa,https://events.brown.edu/live/json/events
326638,1776 Across the Americas: A Hemispheric History from the Collections of the John Carter Brown Library,2026-09-01T10:00:00-04:00,2026-09-01T12:45:00-04:00,September 1,10:00am - 12:45pm,America/New_York,false,every weekday (Monday to Friday),December 18,2026-02-06 15:00:00,2026-12-18 15:00:00,false,false,,,94 George Street,,,Free,John Carter Brown Library," Open to the Public | Performances, Concerts and Exhibitions",,,"history | History, Cultural Studies, Languages | Humanities | Identity, Culture, Inclusion | International, Global Engagement | Libraries | Social Sciences",jcb-events@brown.edu,jcb-events@brown.edu,false,,false,"https://events.brown.edu/live/image/gid/138/width/80/height/80/crop/1/src_region/0,0,1728,1728/21701_1776_Social_Media_Bkgds_JCBL_2026-01-21.jpg",The image shows a rooster pulling on the British flag.,https://events.brown.edu/john-carter-brown-library/event/326638-1776-across-the-americas-a-hemispheric-history,https://events.brown.edu/live/json/events
333699,All-Student Orientation: Wellness at Brown for PhD &amp; MFA Students,2026-09-01T10:05:00-04:00,2026-09-01T10:35:00-04:00,September 1,10:05am - 10:35am,America/New_York,false,,,2026-09-01 14:05:00,2026-09-01 14:35:00,false,false,,,MacMillan Hall,41.826104,-71.400096,Free,Graduate School,,,,doctoral | gradorientation2026 | MFA,All-Student Orientation Schedule for PhD and MFA students,,false,,false,"https://events.brown.edu/live/image/gid/49/width/80/height/80/crop/1/src_region/0,0,3000,2000/19720_20240827_413.jpg","A group of people sitting at a long table with microphones in front of them, facing an audience.",https://events.brown.edu/graduate/event/333699-all-student-orientation-wellness-at-brown-for-phd-mfa,https://events.brown.edu/live/json/events
333700,All-Student Orientation: Graduate Student Council (GSC) Panel for PhD &amp; MFA Students,2026-09-01T10:40:00-04:00,2026-09-01T11:10:00-04:00,September 1,10:40am - 11:10am,America/New_York,false,,,2026-09-01 14:40:00,2026-09-01 15:10:00,false,false,,,MacMillan Hall,41.826104,-71.400096,Free,Graduate School,,,,doctoral | gradorientation2026 | MFA,All-Student Orientation Schedule for PhD and MFA students,,false,,false,"https://events.brown.edu/live/image/gid/49/width/80/height/80/crop/1/src_region/0,0,1133,1125/19721_GSC2_3.png",A round logo with the words Graduate Student Council. The center features the profile of a brown bear,https://events.brown.edu/graduate/event/333700-all-student-orientation-graduate-student-council-gsc-,https://events.brown.edu/live/json/events
288054,COBRE CBC Computational Biology Walk-in Office hours,2026-09-01T11:00:00-04:00,2026-09-01T12:00:00-04:00,September 1,11:00am - 12:00pm,America/New_York,false,weekly,"December 31<span class=""lw_date_year"">, 2027</span>",2024-06-11 15:00:00,2027-12-31 16:00:00,false,true,Online only,https://brown.zoom.us/j/95250171953,,,,,Center for Computation and Visualization (CCV),,,,,Center for Computation and Visualization Talk to us on https://ccv.brown.edu/discuss,,false,,false,,,https://events.brown.edu/ccv/event/288054-cobre-cbc-computational-biology-walk-in-office,https://events.brown.edu/live/json/events
333702,"All-Student Orientation: Policy Overview: Title IX, Sexual Misconduct, and Nondiscrimination and Anti-Harassment for PhD &amp; MFA Students (mandatory)",2026-09-01T11:15:00-04:00,2026-09-01T11:45:00-04:00,September 1,11:15am - 11:45am,America/New_York,false,,,2026-09-01 15:15:00,2026-09-01 15:45:00,false,false,,,MacMillan Hall,41.826104,-71.400096,Free,Graduate School,,,,doctoral | gradorientation2026 | mandatory | MFA,All-Student Orientation Schedule for PhD and MFA students,,false,,false,"https://events.brown.edu/live/image/gid/224/width/80/height/80/crop/1/src_region/0,0,1365,2048/15885_20180904_COMM_convocation025_2.jpg",Brown pennant flags in front of the Van Wickle gates,https://events.brown.edu/graduate/event/333702-all-student-orientation-policy-overview-title-ix-sexu,https://events.brown.edu/live/json/events
333733,All-Student Orientation: Lunch for PhD &amp; MFA Students,2026-09-01T11:45:00-04:00,2026-09-01T13:00:00-04:00,September 1,11:45am - 1:00pm,America/New_York,false,,,2026-09-01 15:45:00,2026-09-01 17:00:00,false,false,,,MacMillan Hall,41.826104,-71.400096,Free,Graduate School,,,,doctoral | gradorientation2026 | MFA | social | social &amp; community building,All-Student Orientation Schedule for PhD and MFA students,,false,,false,"https://events.brown.edu/live/image/gid/49/width/80/height/80/crop/1/src_region/0,0,3200,2133/23135_20250826_414.jpg",,https://events.brown.edu/graduate/event/333733-all-student-orientation-lunch-for-phd-mfa-students,https://events.brown.edu/live/json/events
333734,"All-Student Orientation: Affirming Our Values, Academic Integrity &amp; Student Code of Conduct for PhD &amp; MFA Students (mandatory)",2026-09-01T13:00:00-04:00,2026-09-01T13:30:00-04:00,September 1,1:00pm - 1:30pm,America/New_York,false,,,2026-09-01 17:00:00,2026-09-01 17:30:00,false,false,,,MacMillan Hall,41.826104,-71.400096,Free,Graduate School,,,,doctoral | gradorientation2026 | mandatory | MFA,All-Student Orientation Schedule for PhD and MFA students,,false,,false,"https://events.brown.edu/live/image/gid/224/width/80/height/80/crop/1/src_region/0,0,1365,2048/15885_20180904_COMM_convocation025_2.jpg",Brown pennant flags in front of the Van Wickle gates,https://events.brown.edu/graduate/event/333734-all-student-orientation-affirming-our-values-academic,https://events.brown.edu/live/json/events
335635,Master’s Student Orientation Social Event: Rock Climbing,2026-09-01T13:00:00-04:00,2026-09-01T15:00:00-04:00,September 1,1:00pm - 3:00pm,America/New_York,false,,,2026-09-01 17:00:00,2026-09-01 19:00:00,false,false,,,"42 Rice Street Providence, RI",41.814654,-71.422621,Free,Master’s Programs,"Social Event, Study Break",,,gradorientation2026 | Master's Events | Master's Orientation | masters | social,masters_studentaffairs@brown.edu,masters_studentaffairs@brown.edu,true,30,true,"https://events.brown.edu/live/image/gid/224/width/80/height/80/crop/1/src_region/564,66,1510,1013/21939_Rock_Climbing_Event.png",Master's Student Rock Climbing,https://events.brown.edu/masters-programs/event/335635-masters-student-orientation-social-event-rock,https://events.brown.edu/live/json/events
333735,All-Student Orientation: Graduate School PhD360 for PhD &amp; MFA Students,2026-09-01T13:35:00-04:00,2026-09-01T14:05:00-04:00,September 1,1:35pm - 2:05pm,America/New_York,false,,,2026-09-01 17:35:00,2026-09-01 18:05:00,false,false,,,MacMillan Hall,41.826104,-71.400096,Free,Graduate School,,,,doctoral | gradorientation2026 | MFA,All-Student Orientation Schedule for PhD and MFA students,,false,,false,"https://events.brown.edu/live/image/gid/49/width/80/height/80/crop/1/src_region/0,0,3200,3200/16058_PrimaryMark.jpg",,https://events.brown.edu/graduate/event/333735-all-student-orientation-graduate-school-phd360-for-ph,https://events.brown.edu/live/json/events
323438,Build Your Best Online Master’s Application,2026-09-01T14:00:00-04:00,2026-09-01T15:00:00-04:00,September 1,2:00pm - 3:00pm,America/New_York,false,,,2026-09-01 18:00:00,2026-09-01 19:00:00,false,true,Online only,https://apply.professional.brown.edu/register/AppSept,,,,,School of Professional Studies, Open to the Public,All Staff | Campus Faculty | Hospital Faculty,,MastersBrown | mastersevents | SPS,onlinemasters_admissions@brown.edu,onlinemasters_admissions@brown.edu,false,,false,"https://events.brown.edu/live/image/gid/224/width/80/height/80/crop/1/src_region/0,0,359,314/17139_unnamed-2.png",Online Masters Program,https://events.brown.edu/sps/event/323438-build-your-best-online-masters-application,https://events.brown.edu/live/json/events
326874,1776 Across the Americas: A Hemispheric History from the Collections of the John Carter Brown Library,2026-09-01T14:00:00-04:00,2026-09-01T16:45:00-04:00,September 1,2:00pm - 4:45pm,America/New_York,false,every Tuesday and Thursday,December 17,2026-02-10 19:00:00,2026-12-17 19:00:00,false,false,,,94 George Street,,,Free,John Carter Brown Library," Open to the Public | Performances, Concerts and Exhibitions",,,"history | History, Cultural Studies, Languages | Humanities | Identity, Culture, Inclusion | International, Global Engagement | Libraries | Social Sciences",jcb-events@brown.edu,jcb-events@brown.edu,false,,false,"https://events.brown.edu/live/image/gid/138/width/80/height/80/crop/1/src_region/0,0,1728,1728/21701_1776_Social_Media_Bkgds_JCBL_2026-01-21.jpg",The image shows a rooster pulling on the British flag.,https://events.brown.edu/john-carter-brown-library/event/326874-1776-across-the-americas-a-hemispheric-history,https://events.brown.edu/live/json/events
333737,All-Student Orientation Social Event: Speed Networking for PhD &amp; MFA Students,2026-09-01T14:05:00-04:00,2026-09-01T15:00:00-04:00,September 1,2:05pm - 3:00pm,America/New_York,false,,,2026-09-01 18:05:00,2026-09-01 19:00:00,false,false,,,MacMillan Hall,41.826104,-71.400096,Free,Graduate School,,,,doctoral | gradorientation2026 | MFA | social | social &amp; community building,All-Student Orientation Schedule for PhD and MFA students,,false,,false,"https://events.brown.edu/live/image/gid/49/width/80/height/80/crop/1/src_region/0,0,3200,2133/16040_20230829_1003.jpg",,https://events.brown.edu/graduate/event/333737-all-student-orientation-social-event-speed-networking,https://events.brown.edu/live/json/events
333739,All-Student Orientation: The Graduate Labor Organization (GLO) Overview,2026-09-01T15:00:00-04:00,2026-09-01T15:30:00-04:00,September 1,3:00pm - 3:30pm,America/New_York,false,,,2026-09-01 19:00:00,2026-09-01 19:30:00,false,false,,,MacMillan Hall,41.826104,-71.400096,Free,Graduate School,,,,doctoral | gradorientation2026 | MFA,All-Student Orientation Schedule for PhD and MFA students,,false,,false,"https://events.brown.edu/live/image/gid/49/width/80/height/80/crop/1/src_region/0,0,500,500/19630_GLO-logo-transparent.png","A wide, dark green circular logo with the text GRADUATE LABOR ORGANIZATION in light green text curving around the top edge. In the center,",https://events.brown.edu/graduate/event/333739-all-student-orientation-the-graduate-labor-organizati,https://events.brown.edu/live/json/events
334179,All-Student Orientation: Campus Tours,2026-09-01T15:45:00-04:00,2026-09-01T17:00:00-04:00,September 1,3:45pm - 5:00pm,America/New_York,false,,,2026-09-01 19:45:00,2026-09-01 21:00:00,false,false,,,Sayles Hall,41.826201,-71.402746,Free,Graduate School,,,,doctoral | gradorientation2026 | MFA | social | social &amp; community building,All-Student Orientation Schedule for PhD and MFA students,,false,,false,"https://events.brown.edu/live/image/gid/49/width/80/height/80/crop/1/src_region/0,0,3000,2000/16018_tours.jpg",group of students on a campus tour,https://events.brown.edu/graduate/event/334179-all-student-orientation-campus-tours,https://events.brown.edu/live/json/events
334230,Beginning of College Orientation.,2026-09-02T00:00:00-04:00,,September 2,,America/New_York,true,,,2026-09-02 04:00:00,,false,false,,,,,,,Academic Calendar,,,,"Academic Calendar, University Dates &amp; Events",Registrar’s Office 401-863-2500,,false,,false,,,https://events.brown.edu/live/events/330094-beginning-of-college-orientation,https://events.brown.edu/live/json/events
334236,Master’s (non-MFA) All-Student Orientation sponsored by the Division of Master’s and Professional Programs,2026-09-02T00:00:00-04:00,,September 2,,America/New_York,true,,,2026-09-02 04:00:00,,false,false,,,,,,,Academic Calendar,,,,"Academic Calendar, University Dates &amp; Events | Fall Semester",,,false,,false,,,https://events.brown.edu/academic-calendar/event/334236-masters-non-mfa-all-student-orientation-sponsored,https://events.brown.edu/live/json/events
333618,Master’s Student Orientation: Check-in &amp; Breakfast,2026-09-02T08:00:00-04:00,2026-09-02T09:00:00-04:00,September 2,8:00am - 9:00am,America/New_York,false,,,2026-09-02 12:00:00,2026-09-02 13:00:00,false,false,,,Stephen Robert ’62 Campus Center,41.826844,-71.403089,,Master’s Programs,Free Food,,,gradorientation2026 | mandatory | Master's Events | Master's Orientation | masters,masters_studentaffairs@brown.edu,masters_studentaffairs@brown.edu,false,,false,"https://events.brown.edu/live/image/gid/224/width/80/height/80/crop/1/src_region/0,0,800,533/19639_20210413_COMM_springcampus027.jpg",,https://events.brown.edu/masters-programs/event/333618-masters-student-orientation-check-in-breakfast,https://events.brown.edu/live/json/events
333575,Class of 2030 Move-In,2026-09-02T08:30:00-04:00,2026-09-02T17:00:00-04:00,September 2,8:30am - 5:00pm,America/New_York,false,,,2026-09-02 12:30:00,2026-09-02 21:00:00,false,false,,,Various Locations,,,,Orientation and Weeks of Welcome,,,,Brown Team | First-Year | Gold Team | Orientation | Red Team,Res_Life@brown.edu,Res_Life@brown.edu,false,,false,"https://events.brown.edu/live/image/gid/123/width/80/height/80/crop/1/src_region/0,0,480,320/15760_eyJ3Ijo0ODAsImgiOjQ4MCwic2NvcGUiOiJhcHAifQ-5.png",,https://events.brown.edu/orientation/event/333575-class-of-2030-move-in,https://events.brown.edu/live/json/events
333619,Master’s Student Orientation: Welcome,2026-09-02T09:00:00-04:00,2026-09-02T09:30:00-04:00,September 2,9:00am - 9:30am,America/New_York,false,,,2026-09-02 13:00:00,2026-09-02 13:30:00,false,true,Hybrid,,Salomon Center,41.826574,-71.402395,,Master’s Programs,,,,gradorientation2026 | mandatory | Master's Events | Master's Orientation | masters,masters_studentaffairs@brown.edu,masters_studentaffairs@brown.edu,false,,false,"https://events.brown.edu/live/image/gid/224/width/80/height/80/crop/1/src_region/0,0,800,533/19639_20210413_COMM_springcampus027.jpg",,https://events.brown.edu/masters-programs/event/333619-masters-student-orientation-welcome,https://events.brown.edu/live/json/events
333743,All-Student Orientation: Breakfast &amp; Check-in (Day 2) for PhD &amp; MFA Students,2026-09-02T09:00:00-04:00,2026-09-02T10:30:00-04:00,September 2,9:00am - 10:30am,America/New_York,false,,,2026-09-02 13:00:00,2026-09-02 14:30:00,false,false,,,MacMillan Hall,41.826104,-71.400096,Free,Graduate School,,,,doctoral | gradorientation2026 | MFA,All-Student Orientation Schedule for PhD and MFA students,,false,,false,"https://events.brown.edu/live/image/gid/49/width/80/height/80/crop/1/src_region/0,0,3000,2000/19723_20240827_012.jpg",A sign on a sidewalk reads ORIENTATION Ph.D. and MFA Student Check-in next to a grassy area with people milling around and two tents set u,https://events.brown.edu/graduate/event/333743-all-student-orientation-breakfast-check-in-day-2-for-,https://events.brown.edu/live/json/events
330994,Exhibit | Scents of the Ancient Past (Curated by Erynn Bentley ’27),2026-09-02T09:00:00-04:00,2026-09-02T16:30:00-04:00,September 2,9:00am - 4:30pm,America/New_York,false,every weekday (Monday to Friday),October 1,2026-05-01 13:00:00,2026-10-01 13:00:00,false,false,,,Rhode Island Hall,41.82548,-71.403879,,Joukowsky Institute for Archaeology," Open to the Public | Performances, Concerts and Exhibitions",1st Year Students | 2nd Year Students | 3rd Year Students | 4th Year Students | All Staff | Campus Faculty | Hospital Faculty | Humanities | Medical Students | Social Sciences,,"Arts, Performance | History, Cultural Studies, Languages | Humanities | Identity, Culture, Inclusion | International, Global Engagement","Joukowsky Institute for ArchaeologyRhode Island Hall, 60 George Street, Providence, RI jiaaw@brown.edu _____________________________ archaeology.brown.edu",jiaaw@brown.edu,false,,false,"https://events.brown.edu/live/image/gid/58/width/80/height/80/crop/1/src_region/0,128,1027,1155/22683_36_without_scale.jpg",,https://events.brown.edu/joukowsky-archaeology/event/330994-exhibit-scents-of-the-ancient-past-curated-by,https://events.brown.edu/live/json/events
333620,Master’s Student Orientation | Affirming Our Values: Academic Integrity &amp; Student Code of Conduct,2026-09-02T09:30:00-04:00,2026-09-02T09:55:00-04:00,September 2,9:30am - 9:55am,America/New_York,false,,,2026-09-02 13:30:00,2026-09-02 13:55:00,false,true,Hybrid,,Salomon Center,41.826574,-71.402395,,Master’s Programs,,,,gradorientation2026 | mandatory | Master | Master's Events | Master's Orientation | masters,masters_studentaffairs@brown.edu,masters_studentaffairs@brown.edu,false,,false,"https://events.brown.edu/live/image/gid/224/width/80/height/80/crop/1/src_region/0,0,800,533/19639_20210413_COMM_springcampus027.jpg",Master's Orientation 2025,https://events.brown.edu/masters-programs/event/333620-masters-student-orientation-affirming-our-values-acad,https://events.brown.edu/live/json/events
333744,All-Student Orientation: The First Generation Graduate Student Experience at Brown for PhD &amp; MFA Students,2026-09-02T10:00:00-04:00,2026-09-02T10:30:00-04:00,September 2,10:00am - 10:30am,America/New_York,false,,,2026-09-02 14:00:00,2026-09-02 14:30:00,false,false,,,MacMillan Hall,41.826104,-71.400096,Free,Graduate School,,,,doctoral | gradorientation2026 | MFA,All-Student Orientation Schedule for PhD and MFA students,,false,,false,"https://events.brown.edu/live/image/gid/49/width/80/height/80/crop/1/src_region/0,0,1000,667/16025_20210618_COMM_feelgoodfriday017.jpg",Photos from a Feel Good Friday event where students received frisbees and Dells Lemonade.,https://events.brown.edu/graduate/event/333744-all-student-orientation-the-first-generation-graduate,https://events.brown.edu/live/json/events
333623,Master’s Student Orientation: Wellness at Brown,2026-09-02T10:00:00-04:00,2026-09-02T10:45:00-04:00,September 2,10:00am - 10:45am,America/New_York,false,,,2026-09-02 14:00:00,2026-09-02 14:45:00,false,true,Hybrid,,Salomon Center,41.826574,-71.402395,,Master’s Programs,,,,gradorientation2026 | mandatory | Master | Master's Events | Master's Orientation | masters,masters_studentaffairs@brown.edu,masters_studentaffairs@brown.edu,false,,false,"https://events.brown.edu/live/image/gid/224/width/80/height/80/crop/1/src_region/0,0,800,533/19639_20210413_COMM_springcampus027.jpg",Master's Orientation 2025,https://events.brown.edu/masters-programs/event/333623-masters-student-orientation-wellness-at-brown,https://events.brown.edu/live/json/events
326639,1776 Across the Americas: A Hemispheric History from the Collections of the John Carter Brown Library,2026-09-02T10:00:00-04:00,2026-09-02T12:45:00-04:00,September 2,10:00am - 12:45pm,America/New_York,false,every weekday (Monday to Friday),December 18,2026-02-06 15:00:00,2026-12-18 15:00:00,false,false,,,94 George Street,,,Free,John Carter Brown Library," Open to the Public | Performances, Concerts and Exhibitions",,,"history | History, Cultural Studies, Languages | Humanities | Identity, Culture, Inclusion | International, Global Engagement | Libraries | Social Sciences",jcb-events@brown.edu,jcb-events@brown.edu,false,,false,"https://events.brown.edu/live/image/gid/138/width/80/height/80/crop/1/src_region/0,0,1728,1728/21701_1776_Social_Media_Bkgds_JCBL_2026-01-21.jpg",The image shows a rooster pulling on the British flag.,https://events.brown.edu/john-carter-brown-library/event/326639-1776-across-the-americas-a-hemispheric-history,https://events.brown.edu/live/json/events
334987,Orientation Lanyard Pickup &amp; Campus Tours,2026-09-02T10:00:00-04:00,2026-09-02T16:30:00-04:00,September 2,10:00am - 4:30pm,America/New_York,false,,,2026-09-02 14:00:00,2026-09-02 20:30:00,false,false,,,The Main Green,41.826844,-71.403089,,Orientation and Weeks of Welcome,,,,Brown Team | First-Year | Gold Team | Orientation | Red Team,,,false,,false,"https://events.brown.edu/live/image/gid/123/width/80/height/80/crop/1/src_region/0,0,3200,2133/23218_20220831_COMM_movein039.jpg","Image of students, their families and Bruno Leaders during move-in around campus.",https://events.brown.edu/orientation/event/334987-orientation-lanyard-pickup-campus-tours,https://events.brown.edu/live/json/events
334125,All-Student Orientation: How to Build Strong Advising and Mentoring Relationships for PhD &amp; MFA Students,2026-09-02T10:35:00-04:00,2026-09-02T11:10:00-04:00,September 2,10:35am - 11:10am,America/New_York,false,,,2026-09-02 14:35:00,2026-09-02 15:10:00,false,false,,,MacMillan Hall,41.826104,-71.400096,Free,Graduate School,,,,"Advising, Mentorship | doctoral | gradorientation2026 | MFA",All-Student Orientation Schedule for PhD and MFA students,,false,,false,"https://events.brown.edu/live/image/gid/49/width/80/height/80/crop/1/src_region/0,0,3200,2133/16041_advising_session.jpg",,https://events.brown.edu/graduate/event/334125-all-student-orientation-how-to-build-strong-advising-,https://events.brown.edu/live/json/events
333625,"Master’s Student Orientation: Policy Overview: Title IX, Sexual Misconduct, Nondiscrimination and Anti-Harassment",2026-09-02T11:00:00-04:00,2026-09-02T11:30:00-04:00,September 2,11:00am - 11:30am,America/New_York,false,,,2026-09-02 15:00:00,2026-09-02 15:30:00,false,true,Hybrid,,Salomon Center,41.826574,-71.402395,,Master’s Programs,,,,gradorientation2026 | Master | Master's Events | Master's Orientation | masters,masters_studentaffairs@brown.edu,masters_studentaffairs@brown.edu,false,,false,"https://events.brown.edu/live/image/gid/224/width/80/height/80/crop/1/src_region/0,0,800,533/19639_20210413_COMM_springcampus027.jpg",Master's Orientation 2025,https://events.brown.edu/masters-programs/event/333625-masters-student-orientation-policy-overview-title,https://events.brown.edu/live/json/events
334126,All-Student Orientation: Key Partners in Professional Development for PhD &amp; MFA Students,2026-09-02T11:15:00-04:00,2026-09-02T11:45:00-04:00,September 2,11:15am - 11:45am,America/New_York,false,,,2026-09-02 15:15:00,2026-09-02 15:45:00,false,false,,,MacMillan Hall,41.826104,-71.400096,Free,Graduate School,,,,doctoral | gradorientation2026 | MFA | professional development,All-Student Orientation Schedule for PhD and MFA students,,false,,false,"https://events.brown.edu/live/image/gid/49/width/80/height/80/crop/1/src_region/0,0,3200,2133/23141_20250827_034.jpg","four panelists at a table on the stage, mircrophones in front of them",https://events.brown.edu/graduate/event/334126-all-student-orientation-key-partners-in-professional-,https://events.brown.edu/live/json/events
333624,Master’s Student Orientation: Lunch,2026-09-02T11:30:00-04:00,2026-09-02T12:20:00-04:00,September 2,11:30am - 12:20pm,America/New_York,false,,,2026-09-02 15:30:00,2026-09-02 16:20:00,false,false,,,Salomon Center,41.826574,-71.402395,,Master’s Programs,,,,gradorientation2026 | mandatory | Master | Master's Events | Master's Orientation | masters,masters_studentaffairs@brown.edu,masters_studentaffairs@brown.edu,false,,false,"https://events.brown.edu/live/image/gid/224/width/80/height/80/crop/1/src_region/0,0,800,533/19639_20210413_COMM_springcampus027.jpg",Master's Orientation 2025,https://events.brown.edu/masters-programs/event/333624-masters-student-orientation-lunch,https://events.brown.edu/live/json/events
334908,"Accept or Decline? Understanding Your AP, IB, and A-Level Placement Notations",2026-09-02T12:00:00-04:00,2026-09-02T12:45:00-04:00,September 2,12:00pm - 12:45pm,America/New_York,false,,,2026-09-02 16:00:00,2026-09-02 16:45:00,false,false,,,Stephen Robert ’62 Campus Center,41.826844,-71.403089,,The College,"Free Food | Lectures, Seminars and Workshops",1st Year Students | 2nd Year Students | 3rd Year Students | 4th Year Students,,"Academic Calendar, University Dates &amp; Events | Academic Resilience | Advising, Mentorship | International Student Advising",internationaladvising@brown.edu,internationaladvising@brown.edu,false,,false,"https://events.brown.edu/live/image/gid/36/width/80/height/80/crop/1/src_region/0,0,500,500/23174_Final_Logo_500_x_500_px_2.png","Logo of International Student Advising, the College",https://events.brown.edu/the-college/event/334908-accept-or-decline-understanding-your-ap-ib-and-a-leve,https://events.brown.edu/live/json/events
333419,What Role Do Humans Still Play in an AI-Centric Workforce?,2026-09-02T12:00:00-04:00,2026-09-02T13:00:00-04:00,September 2,12:00pm - 1:00pm,America/New_York,false,,,2026-09-02 16:00:00,2026-09-02 17:00:00,false,true,Online only,https://apply.professional.brown.edu/register/?id=8a0b8d4a-f99b-414c-8700-f00517b3c212,,,,Free,School of Professional Studies,,,,AI Education | Human-Centered AI | Integrating AI for Business,execeducation@brown.edu,execeducation@brown.edu,false,,false,"https://events.brown.edu/live/image/gid/175/width/80/height/80/crop/1/src_region/0,0,275,183/20512_onine_learning_3.jpg",Online Learning,https://events.brown.edu/sps/event/333419-what-role-do-humans-still-play-in-an-ai-centric,https://events.brown.edu/live/json/events
334127,All-Student Orientation: Lunch with Graduate Students Groups for PhD &amp; MFA Students,2026-09-02T12:00:00-04:00,2026-09-02T13:30:00-04:00,September 2,12:00pm - 1:30pm,America/New_York,false,,,2026-09-02 16:00:00,2026-09-02 17:30:00,false,false,,,MacMillan Hall,41.826104,-71.400096,Free,Graduate School,,,,doctoral | gradorientation2026 | MFA | social &amp; community building,All-Student Orientation Schedule for PhD and MFA students,,false,300,true,"https://events.brown.edu/live/image/gid/49/width/80/height/80/crop/1/src_region/0,0,3200,2133/16043_20230829_033.jpg",,https://events.brown.edu/graduate/event/334127-all-student-orientation-lunch-with-graduate-students-,https://events.brown.edu/live/json/events
333621,Master’s Student Orientation: Meet the Graduate Student Council,2026-09-02T12:25:00-04:00,2026-09-02T12:35:00-04:00,September 2,12:25pm - 12:35pm,America/New_York,false,,,2026-09-02 16:25:00,2026-09-02 16:35:00,false,true,Hybrid,,Salomon Center,41.826574,-71.402395,,Master’s Programs,,,,gradorientation2026 | GSC | Master | Master's Events | Master's Orientation | masters,masters_studentaffairs@brown.edu,masters_studentaffairs@brown.edu,false,,false,"https://events.brown.edu/live/image/gid/224/width/80/height/80/crop/1/src_region/0,0,800,533/19639_20210413_COMM_springcampus027.jpg",Master's Orientation 2025,https://events.brown.edu/masters-programs/event/333621-masters-student-orientation-meet-the-graduate,https://events.brown.edu/live/json/events
334129,All-Student Orientation: Complete your I-9 Form,2026-09-02T12:30:00-04:00,2026-09-02T15:00:00-04:00,September 2,12:30pm - 3:00pm,America/New_York,false,,,2026-09-02 16:30:00,2026-09-02 19:00:00,false,false,,,Page-Robinson Hall (previously JWW),41.827526,-71.402786,Free,Graduate School,,,,doctoral | gradorientation2026 | MFA,All-Student Orientation Schedule for PhD and MFA students,,false,,false,"https://events.brown.edu/live/image/gid/49/width/80/height/80/crop/1/src_region/0,0,1216,1020/16016_Screenshot_2024-08-15_at_7.12.54PM.png",,https://events.brown.edu/graduate/event/334129-all-student-orientation-complete-your-i-9-form,https://events.brown.edu/live/json/events
333622,Master’s Student Orientation: Speed Friending with the GSC,2026-09-02T12:35:00-04:00,2026-09-02T13:00:00-04:00,September 2,12:35pm - 1:00pm,America/New_York,false,,,2026-09-02 16:35:00,2026-09-02 17:00:00,false,false,,,Salomon Center,41.826574,-71.402395,,Master’s Programs,,,,gradorientation2026 | GSC | Master | Master's Events | Master's Orientation | masters,masters_studentaffairs@brown.edu,masters_studentaffairs@brown.edu,false,,false,"https://events.brown.edu/live/image/gid/224/width/80/height/80/crop/1/src_region/0,0,800,533/19639_20210413_COMM_springcampus027.jpg",Master's Orientation 2025,https://events.brown.edu/masters-programs/event/333622-masters-student-orientation-speed-friending-with,https://events.brown.edu/live/json/events
333627,Master’s Student Orientation: Thriving at Brown: An Introduction to Master’s Career Services,2026-09-02T13:05:00-04:00,2026-09-02T13:30:00-04:00,September 2,1:05pm - 1:30pm,America/New_York,false,,,2026-09-02 17:05:00,2026-09-02 17:30:00,false,true,Hybrid,,Salomon Center,41.826574,-71.402395,,Master’s Programs,,,,gradorientation2026 | mandatory | Master | Master's Events | Master's Orientation | masters,masters_studentaffairs@brown.edu,masters_studentaffairs@brown.edu,false,,false,"https://events.brown.edu/live/image/gid/224/width/80/height/80/crop/1/src_region/0,0,800,533/19639_20210413_COMM_springcampus027.jpg",Master's Orientation 2025,https://events.brown.edu/masters-programs/event/333627-masters-student-orientation-thriving-at-brown-an-intr,https://events.brown.edu/live/json/events
333628,Master’s Student Orientation: Mid-Afternoon Recharge,2026-09-02T13:30:00-04:00,2026-09-02T14:00:00-04:00,September 2,1:30pm - 2:00pm,America/New_York,false,,,2026-09-02 17:30:00,2026-09-02 18:00:00,false,false,,,Salomon Center,41.826574,-71.402395,,Master’s Programs,,,,gradorientation2026 | mandatory | Master | Master's Events | Master's Orientation | masters,masters_studentaffairs@brown.edu,masters_studentaffairs@brown.edu,false,,false,"https://events.brown.edu/live/image/gid/224/width/80/height/80/crop/1/src_region/0,0,800,533/19639_20210413_COMM_springcampus027.jpg",Master's Orientation 2025,https://events.brown.edu/masters-programs/event/333628-masters-student-orientation-mid-afternoon-recharge,https://events.brown.edu/live/json/events
333629,Master’s Student Orientation: Campus Tours,2026-09-02T14:00:00-04:00,,September 2,2:00pm,America/New_York,false,,,2026-09-02 18:00:00,,false,false,,,Sayles Hall,41.826201,-71.402746,,Master’s Programs,,,,gradorientation2026 | Master | Master's Events | Master's Orientation | masters,masters_studentaffairs@brown.edu,masters_studentaffairs@brown.edu,true,,false,"https://events.brown.edu/live/image/gid/224/width/80/height/80/crop/1/src_region/0,0,800,533/19639_20210413_COMM_springcampus027.jpg",Master's Orientation 2025,https://events.brown.edu/masters-programs/event/333629-masters-student-orientation-campus-tours,https://events.brown.edu/live/json/events
326799,1776 Across the Americas: A Hemispheric History from the Collections of the John Carter Brown Library,2026-09-02T14:00:00-04:00,2026-09-02T16:45:00-04:00,September 2,2:00pm - 4:45pm,America/New_York,false,weekly,December 16,2026-02-11 19:00:00,2026-12-16 19:00:00,false,false,,,94 George Street,,,Free,John Carter Brown Library," Open to the Public | Performances, Concerts and Exhibitions",,,"history | History, Cultural Studies, Languages | Humanities | Identity, Culture, Inclusion | International, Global Engagement | Libraries | Social Sciences",jcb-events@brown.edu,jcb-events@brown.edu,false,,false,"https://events.brown.edu/live/image/gid/138/width/80/height/80/crop/1/src_region/0,0,1728,1728/21701_1776_Social_Media_Bkgds_JCBL_2026-01-21.jpg",The image shows a rooster pulling on the British flag.,https://events.brown.edu/john-carter-brown-library/event/326799-1776-across-the-americas-a-hemispheric-history,https://events.brown.edu/live/json/events
287419,COBRE CBC Computational Biology Walk-in Office hours,2026-09-02T15:00:00-04:00,2026-09-02T16:00:00-04:00,September 2,3:00pm - 4:00pm,America/New_York,false,weekly,"December 31<span class=""lw_date_year"">, 2027</span>",2024-06-26 19:00:00,2027-12-31 20:00:00,false,true,Online only,https://brown.zoom.us/j/95250171953,,,,,Center for Computation and Visualization (CCV),,,,,Center for Computation and Visualization Talk to us on https://ccv.brown.edu/discuss,,false,,false,,,https://events.brown.edu/ccv/event/287419-cobre-cbc-computational-biology-walk-in-office,https://events.brown.edu/live/json/events
335637,All-Student Orientation Social Event: Pizza in the Park,2026-09-02T17:00:00-04:00,2026-09-02T18:30:00-04:00,September 2,5:00pm - 6:30pm,America/New_York,false,,,2026-09-02 21:00:00,2026-09-02 22:30:00,false,false,,,India Point Park,,,Free,Master’s Programs,"Free Food | Social Event, Study Break",,,doctoral | gradorientation2026 | Master's Events | Master's Orientation | masters | social,Questions? Email us at gradstudent-orientation@brown.edu.,gradstudent-orientation@brown.edu,true,70,true,"https://events.brown.edu/live/image/gid/224/width/80/height/80/crop/1/src_region/61,0,315,254/23250_unnamed_3.png",,https://events.brown.edu/masters-programs/event/335637-all-student-orientation-social-event-pizza-in-the,https://events.brown.edu/live/json/events
335065,Community Meetings &amp; Dinner,2026-09-02T17:00:00-04:00,2026-09-02T20:30:00-04:00,September 2,5:00pm - 8:30pm,America/New_York,false,,,2026-09-02 21:00:00,2026-09-03 00:30:00,false,false,,,See Description,,,,Orientation and Weeks of Welcome,,,,Brown Team | First-Year | Gold Team | Orientation | Red Team,,,false,,false,"https://events.brown.edu/live/image/gid/123/width/80/height/80/crop/1/src_region/0,0,1039,635/15651_Students_eating_in_dining_hall.png",Students eating in the Ratty,https://events.brown.edu/orientation/event/335065-community-meetings-dinner,https://events.brown.edu/live/json/events
335151,Sensory Room,2026-09-02T20:30:00-04:00,2026-09-02T23:59:00-04:00,September 2,8:30pm - 11:59pm,America/New_York,false,,,2026-09-03 00:30:00,2026-09-03 03:59:00,false,false,,,Stephen Robert ’62 Campus Center,41.826844,-71.403089,,Orientation and Weeks of Welcome,,,,Brown Team | First-Year | Gold Team | optional | Orientation | Red Team,,,false,,false,"https://events.brown.edu/live/image/gid/123/width/80/height/80/crop/1/src_region/0,0,980,551/23239_20250926_COMM_underground011.jpg",The Underground in campus center,https://events.brown.edu/orientation/event/335151-sensory-room,https://events.brown.edu/live/json/events
334980,Ice Cream Social,2026-09-02T21:00:00-04:00,2026-09-02T23:00:00-04:00,September 2,9:00pm - 11:00pm,America/New_York,false,,,2026-09-03 01:00:00,2026-09-03 03:00:00,false,false,,,Main Green,,,Free,Orientation and Weeks of Welcome,,,,Brown Team | First-Year | Gold Team | optional | Orientation | Red Team,,,false,,false,"https://events.brown.edu/live/image/gid/123/width/80/height/80/crop/1/src_region/0,0,3200,2133/12369_ice-cream.jpg","Variety of ice cream scoops in cones with chocolate, vanilla and strawberry",https://events.brown.edu/orientation/event/334980-ice-cream-social,https://events.brown.edu/live/json/events
334988,Orientation Puzzle Hunt,2026-09-02T21:00:00-04:00,2026-09-02T23:00:00-04:00,September 2,9:00pm - 11:00pm,America/New_York,false,,,2026-09-03 01:00:00,2026-09-03 03:00:00,false,false,,,Stephen Robert ’62 Campus Center (Blue Room),41.826844,-71.403089,,Orientation and Weeks of Welcome,,,,Brown Team | First-Year | Gold Team | optional | Orientation | Red Team,puzzle@brown.edu,puzzle@brown.edu,false,,false,"https://events.brown.edu/live/image/gid/123/width/80/height/80/crop/1/src_region/0,0,728,546/23219_puzzle_hunt.jpg",assorted puzzles pieces mixed,https://events.brown.edu/orientation/event/334988-orientation-puzzle-hunt,https://events.brown.edu/live/json/events
334990,Campus Center Craft Night,2026-09-02T21:00:00-04:00,2026-09-02T23:00:00-04:00,September 2,9:00pm - 11:00pm,America/New_York,false,,,2026-09-03 01:00:00,2026-09-03 03:00:00,false,false,,,Stephen Robert ’62 Campus Center,41.826844,-71.403089,,Orientation and Weeks of Welcome,,,,Brown Team | First-Year | Gold Team | optional | Orientation | Red Team,,,false,,false,"https://events.brown.edu/live/image/gid/123/width/80/height/80/crop/1/src_region/0,0,3200,2357/12372_craft.jpg",Craft and hobby materials top view on the yellow background. DIY objects flat lay,https://events.brown.edu/orientation/event/334990-campus-center-craft-night,https://events.brown.edu/live/json/events
335070,Paws &amp; Reflect: Unpack &amp; Decorate Your Dorm!,2026-09-02T21:00:00-04:00,2026-09-02T23:00:00-04:00,September 2,9:00pm - 11:00pm,America/New_York,false,,,2026-09-03 01:00:00,2026-09-03 03:00:00,false,false,,,In Your Dorm Room,,,,Orientation and Weeks of Welcome,"Social Event, Study Break",,,Brown Team | First-Year | Gold Team | optional | Orientation | Red Team,,,false,,false,"https://events.brown.edu/live/image/gid/123/width/80/height/80/crop/1/src_region/0,0,1080,1080/19581_Bear_Paw_Design.png",white bear paw on a brown background with colorful confetti and the Brown University logo underneath.,https://events.brown.edu/orientation/event/335070-paws-reflect-unpack-decorate-your-dorm,https://events.brown.edu/live/json/events
333435,Brown University Men’s Soccer at UConn,2026-09-03T00:00:00-04:00,,September 3,,America/New_York,true,,,2026-09-03 04:00:00,,false,false,,,"Storrs, Conn., Joseph J. Morrone Stadium at Rizza Performance Center",,,,Athletics, Open to the Public,,,"Athletics, Sports, Wellness",,,false,,false,"https://events.brown.edu/live/image/gid/8/width/80/height/80/crop/1/src_region/0,0,1050,1050/10116_brown-athletics.png",Brown University Athletics logo,https://events.brown.edu/athletics/event/333435-brown-university-mens-soccer-at-uconn,https://events.brown.edu/live/json/events
335152,Sensory Room,2026-09-03T07:00:00-04:00,2026-09-03T23:59:00-04:00,September 3,7:00am - 11:59pm,America/New_York,false,,,2026-09-03 11:00:00,2026-09-04 03:59:00,false,false,,,Stephen Robert ’62 Campus Center,41.826844,-71.403089,,Orientation and Weeks of Welcome,,,,Brown Team | First-Year | Gold Team | optional | Orientation | Red Team,,,false,,false,"https://events.brown.edu/live/image/gid/123/width/80/height/80/crop/1/src_region/0,0,980,551/23239_20250926_COMM_underground011.jpg",The Underground in campus center,https://events.brown.edu/orientation/event/335152-sensory-room,https://events.brown.edu/live/json/events
334814,IE Brown Executive MBA | Priority Deadline: Book your Application &amp; FAID Consultation,2026-09-03T09:00:00-04:00,2026-09-03T13:00:00-04:00,September 3,9:00am - 1:00pm,America/New_York,false,,,2026-09-03 13:00:00,2026-09-03 17:00:00,false,true,Online only,https://www.eventbrite.es/e/ie-brown-emba-priority-deadline-book-your-application-faid-consultation-tickets-1992625561695?aff=oddtdtcreator&amp;_gl=1*9fcvpi*_up*MQ..*_ga*MzkyMjQxMDAxLjE3ODIzODQ0OTg.*_ga_TQVES5V6SH*czE3ODIzODQ0OTgkbzEkZzAkdDE3ODIzODQ0OTgkajYwJGwwJGgw&amp;keep_tld=true,,,,Free,School of Professional Studies,,,,"EMBA | Executive Education | Executive MBA | Graduate School, Postgraduate Education | IE Brown Executive MBA | SPS",professional@brown.edu,professional@brown.edu,false,,false,"https://events.brown.edu/live/image/gid/175/width/80/height/80/crop/1/src_region/0,0,3200,3200/3921_Square_-_EMBA__Leadership_Learn_More.jpg",,https://events.brown.edu/sps/event/334814-ie-brown-executive-mba-priority-deadline-book,https://events.brown.edu/live/json/events
330995,Exhibit | Scents of the Ancient Past (Curated by Erynn Bentley ’27),2026-09-03T09:00:00-04:00,2026-09-03T16:30:00-04:00,September 3,9:00am - 4:30pm,America/New_York,false,every weekday (Monday to Friday),October 1,2026-05-01 13:00:00,2026-10-01 13:00:00,false,false,,,Rhode Island Hall,41.82548,-71.403879,,Joukowsky Institute for Archaeology," Open to the Public | Performances, Concerts and Exhibitions",1st Year Students | 2nd Year Students | 3rd Year Students | 4th Year Students | All Staff | Campus Faculty | Hospital Faculty | Humanities | Medical Students | Social Sciences,,"Arts, Performance | History, Cultural Studies, Languages | Humanities | Identity, Culture, Inclusion | International, Global Engagement","Joukowsky Institute for ArchaeologyRhode Island Hall, 60 George Street, Providence, RI jiaaw@brown.edu _____________________________ archaeology.brown.edu",jiaaw@brown.edu,false,,false,"https://events.brown.edu/live/image/gid/58/width/80/height/80/crop/1/src_region/0,128,1027,1155/22683_36_without_scale.jpg",,https://events.brown.edu/joukowsky-archaeology/event/330995-exhibit-scents-of-the-ancient-past-curated-by,https://events.brown.edu/live/json/events
334989,GOLD Class of 2030 Welcome,2026-09-03T10:00:00-04:00,2026-09-03T11:00:00-04:00,September 3,10:00am - 11:00am,America/New_York,false,,,2026-09-03 14:00:00,2026-09-03 15:00:00,false,false,,,Salomon Center for Teaching,41.826574,-71.402395,,Orientation and Weeks of Welcome,,,,First-Year | Gold Team | Orientation,,,false,,false,"https://events.brown.edu/live/image/gid/123/width/80/height/80/crop/1/src_region/0,0,3200,2133/23221_20250828_COMM_opencurriculumtalk001.jpg",Image of first-year students listening to Dean of the College Ethan Pollock and Director Sydney Skybetter talk through the open curriculum.,https://events.brown.edu/orientation/event/334989-gold-class-of-2030-welcome,https://events.brown.edu/live/json/events
335145,GOLD Class of 2030 Welcome SIMULCAST,2026-09-03T10:00:00-04:00,2026-09-03T11:00:00-04:00,September 3,10:00am - 11:00am,America/New_York,false,,,2026-09-03 14:00:00,2026-09-03 15:00:00,false,false,,,Salomon Center for Teaching,41.826574,-71.402395,,Orientation and Weeks of Welcome,,,,First-Year | Gold Team | Orientation,,,false,,false,"https://events.brown.edu/live/image/gid/123/width/80/height/80/crop/1/src_region/428,0,2560,2133/23221_20250828_COMM_opencurriculumtalk001.jpg",Image of first-year students listening to Dean of the College Ethan Pollock and Director Sydney Skybetter talk through the open curriculum.,https://events.brown.edu/orientation/event/335145-gold-class-of-2030-welcome-simulcast,https://events.brown.edu/live/json/events
335051,BROWN Bruno Leader Meeting #1,2026-09-03T10:00:00-04:00,2026-09-03T11:15:00-04:00,September 3,10:00am - 11:15am,America/New_York,false,,,2026-09-03 14:00:00,2026-09-03 15:15:00,false,false,,,Bruno Leader Specific Location,,,,Orientation and Weeks of Welcome,,,,Brown Team | First-Year | Orientation,,,false,,false,"https://events.brown.edu/live/image/gid/123/width/80/height/80/crop/1/src_region/0,0,480,320/15770_eyJ3Ijo0ODAsImgiOjQ4MCwic2NvcGUiOiJhcHAifQ-17.png",A group of students sitting on the grass,https://events.brown.edu/orientation/event/335051-brown-bruno-leader-meeting-1,https://events.brown.edu/live/json/events
335052,RED Bruno Leader Meeting #1,2026-09-03T10:00:00-04:00,2026-09-03T11:15:00-04:00,September 3,10:00am - 11:15am,America/New_York,false,,,2026-09-03 14:00:00,2026-09-03 15:15:00,false,false,,,Bruno Leader Specific Location,,,,Orientation and Weeks of Welcome,,,,First-Year | Orientation | Red Team,,,false,,false,"https://events.brown.edu/live/image/gid/123/width/80/height/80/crop/1/src_region/0,0,3200,2133/19574_20240829_COMM_brunomeetings012.jpg",Photos of first year students meeting with their Bruno leaders and exploring campus during orientation,https://events.brown.edu/orientation/event/335052-red-bruno-leader-meeting-1,https://events.brown.edu/live/json/events
326640,1776 Across the Americas: A Hemispheric History from the Collections of the John Carter Brown Library,2026-09-03T10:00:00-04:00,2026-09-03T12:45:00-04:00,September 3,10:00am - 12:45pm,America/New_York,false,every weekday (Monday to Friday),December 18,2026-02-06 15:00:00,2026-12-18 15:00:00,false,false,,,94 George Street,,,Free,John Carter Brown Library," Open to the Public | Performances, Concerts and Exhibitions",,,"history | History, Cultural Studies, Languages | Humanities | Identity, Culture, Inclusion | International, Global Engagement | Libraries | Social Sciences",jcb-events@brown.edu,jcb-events@brown.edu,false,,false,"https://events.brown.edu/live/image/gid/138/width/80/height/80/crop/1/src_region/0,0,1728,1728/21701_1776_Social_Media_Bkgds_JCBL_2026-01-21.jpg",The image shows a rooster pulling on the British flag.,https://events.brown.edu/john-carter-brown-library/event/326640-1776-across-the-americas-a-hemispheric-history,https://events.brown.edu/live/json/events
333606,All-Student Orientation: Slavery &amp; Legacy Walking Tour,2026-09-03T11:00:00-04:00,2026-09-03T12:00:00-04:00,September 3,11:00am - 12:00pm,America/New_York,false,,,2026-09-03 15:00:00,2026-09-03 16:00:00,false,false,,,Walkway between 85 Waterman & Arnold Lab,41.826971,-71.40153,Free,Graduate School,,,,doctoral | gradorientation2026 | masters | social | social &amp; community building,Questions? Email us at gradstudent-orientation@brown.edu.,gradstudent-orientation@brown.edu,true,45,true,"https://events.brown.edu/live/image/gid/49/width/80/height/80/crop/1/src_region/0,0,1000,667/16044_20210330_COMM_slaverymemorial053.jpg",,https://events.brown.edu/graduate/event/333606-all-student-orientation-slavery-legacy-walking-tour,https://events.brown.edu/live/json/events
335049,BROWN Class of 2030 Welcome,2026-09-03T11:15:00-04:00,2026-09-03T12:15:00-04:00,September 3,11:15am - 12:15pm,America/New_York,false,,,2026-09-03 15:15:00,2026-09-03 16:15:00,false,false,,,Salomon Center for Teaching,41.826574,-71.402395,,Orientation and Weeks of Welcome,,,,Brown Team | First-Year | Orientation,,,false,,false,"https://events.brown.edu/live/image/gid/123/width/80/height/80/crop/1/src_region/0,0,3200,2133/23221_20250828_COMM_opencurriculumtalk001.jpg",Image of first-year students listening to Dean of the College Ethan Pollock and Director Sydney Skybetter talk through the open curriculum.,https://events.brown.edu/orientation/event/335049-brown-class-of-2030-welcome,https://events.brown.edu/live/json/events
335146,BROWN Class of 2030 Welcome SIMULCAST,2026-09-03T11:15:00-04:00,2026-09-03T12:15:00-04:00,September 3,11:15am - 12:15pm,America/New_York,false,,,2026-09-03 15:15:00,2026-09-03 16:15:00,false,false,,,Salomon Center for Teaching,41.826574,-71.402395,,Orientation and Weeks of Welcome,,,,Brown Team | First-Year | Orientation,,,false,,false,"https://events.brown.edu/live/image/gid/123/width/80/height/80/crop/1/src_region/0,0,3200,2133/23220_20250828_COMM_opencurriculumtalk001.jpg",Image of first-year students listening to Dean of the College Ethan Pollock and Director Sydney Skybetter  talk through the open curriculum.,https://events.brown.edu/orientation/event/335146-brown-class-of-2030-welcome-simulcast,https://events.brown.edu/live/json/events
335053,GOLD Bruno Leader Meeting #1,2026-09-03T11:15:00-04:00,2026-09-03T12:30:00-04:00,September 3,11:15am - 12:30pm,America/New_York,false,,,2026-09-03 15:15:00,2026-09-03 16:30:00,false,false,,,Bruno Leader Specific Location,,,,Orientation and Weeks of Welcome,,,,First-Year | gold | Orientation,,,false,,false,"https://events.brown.edu/live/image/gid/123/width/80/height/80/crop/1/src_region/0,0,320,480/15767_eyJ3Ijo0ODAsImgiOjQ4MCwic2NvcGUiOiJhcHAifQ-14.png",A group of students standing for a Bruno Meader meeting,https://events.brown.edu/orientation/event/335053-gold-bruno-leader-meeting-1,https://events.brown.edu/live/json/events
335055,RED Brunch with Bruno Leader,2026-09-03T11:15:00-04:00,2026-09-03T12:30:00-04:00,September 3,11:15am - 12:30pm,America/New_York,false,,,2026-09-03 15:15:00,2026-09-03 16:30:00,false,false,,,Sharpe Refectory,41.825128,-71.400828,,Orientation and Weeks of Welcome,,,,First-Year | Orientation | Red Team,,,false,,false,"https://events.brown.edu/live/image/gid/123/width/80/height/80/crop/1/src_region/0,0,480,320/15764_eyJ3Ijo0ODAsImgiOjQ4MCwic2NvcGUiOiJhcHAifQ-11.png",Students at the Ratty,https://events.brown.edu/orientation/event/335055-red-brunch-with-bruno-leader,https://events.brown.edu/live/json/events
335416,The Leader as Coach | The Myths of Leadership: Rethinking What Effective Leaders Actually Do,2026-09-03T12:00:00-04:00,2026-09-03T13:00:00-04:00,September 3,12:00pm - 1:00pm,America/New_York,false,,,2026-09-03 16:00:00,2026-09-03 17:00:00,false,true,Online only,https://apply.professional.brown.edu/register/?id=fe124f7c-c599-4ef6-958f-b9a0649b6e5e,,,,Free,School of Professional Studies,"Lectures, Seminars and Workshops |  Open to the Public",All Staff,,ACT Leadership Coaching | Leader as Coach | Lessons in Leadership | mindfulness,execeducation@brown.edu,execeducation@brown.edu,false,,false,"https://events.brown.edu/live/image/gid/175/width/80/height/80/crop/1/src_region/0,0,3200,2133/12159_diverse-business-team-chatting-2022-01-27-21-12-59-utc_1.jpg",Full length portrait of diverse business team with young woman in wheelchair chatting to male colleagues in modern office,https://events.brown.edu/sps/event/335416-the-leader-as-coach-the-myths-of-leadership,https://events.brown.edu/live/json/events
335471,Center for Digital Scholarship Open House,2026-09-03T12:00:00-04:00,2026-09-03T13:00:00-04:00,September 3,12:00pm - 1:00pm,America/New_York,false,,,2026-09-03 16:00:00,2026-09-03 17:00:00,false,false,,,Rockefeller Library,41.825748,-71.405109,,Library,Free Food,1st Year Students | 2nd Year Students | 3rd Year Students | 4th Year Students | All Staff | Campus Faculty | Hospital Faculty | Humanities | Life Sciences Biomed | Life Sciences Non-Biomed | Medical Students | Physical Sciences | Social Sciences,,"CDS | Center for Digital Scholarship | Digital Humanities | gradorientation | gradorientation2026 | Graduate School, Postgraduate Education","Ashley Champagne, Director for the Center for Digital Scholarship ashley_champagne@brown.edu",ashley_champagne@brown.edu,true,40,true,"https://events.brown.edu/live/image/gid/18/width/80/height/80/crop/1/src_region/0,0,409,408/17066_342_bear_CDS.png",Center for Digital Scholarship bear,https://events.brown.edu/library/event/335471-center-for-digital-scholarship-open-house,https://events.brown.edu/live/json/events
335050,RED Class of 2030 Welcome,2026-09-03T12:30:00-04:00,2026-09-03T13:30:00-04:00,September 3,12:30pm - 1:30pm,America/New_York,false,,,2026-09-03 16:30:00,2026-09-03 17:30:00,false,false,,,Salomon Center for Teaching,41.826574,-71.402395,,Orientation and Weeks of Welcome,,,,First-Year | Orientation | Red Team,,,false,,false,"https://events.brown.edu/live/image/gid/123/width/80/height/80/crop/1/src_region/0,0,3200,2133/23221_20250828_COMM_opencurriculumtalk001.jpg",Image of first-year students listening to Dean of the College Ethan Pollock and Director Sydney Skybetter talk through the open curriculum.,https://events.brown.edu/orientation/event/335050-red-class-of-2030-welcome,https://events.brown.edu/live/json/events
335147,RED Class of 2030 Welcome SIMULCAST,2026-09-03T12:30:00-04:00,2026-09-03T13:30:00-04:00,September 3,12:30pm - 1:30pm,America/New_York,false,,,2026-09-03 16:30:00,2026-09-03 17:30:00,false,false,,,Salomon Center for Teaching,41.826574,-71.402395,,Orientation and Weeks of Welcome,,,,First-Year | Orientation | Red Team,,,false,,false,"https://events.brown.edu/live/image/gid/123/width/80/height/80/crop/1/src_region/0,0,3200,2133/23221_20250828_COMM_opencurriculumtalk001.jpg",Image of first-year students listening to Dean of the College Ethan Pollock and Director Sydney Skybetter talk through the open curriculum.,https://events.brown.edu/orientation/event/335147-red-class-of-2030-welcome-simulcast,https://events.brown.edu/live/json/events
335056,GOLD Brunch with Bruno Leader,2026-09-03T12:30:00-04:00,2026-09-03T13:45:00-04:00,September 3,12:30pm - 1:45pm,America/New_York,false,,,2026-09-03 16:30:00,2026-09-03 17:45:00,false,false,,,Sharpe Refectory,41.825128,-71.400828,,Orientation and Weeks of Welcome,,,,First-Year | Gold Team | Orientation,,,false,,false,"https://events.brown.edu/live/image/gid/123/width/80/height/80/crop/1/src_region/0,0,480,320/15764_eyJ3Ijo0ODAsImgiOjQ4MCwic2NvcGUiOiJhcHAifQ-11.png",The Ratty!,https://events.brown.edu/orientation/event/335056-gold-brunch-with-bruno-leader,https://events.brown.edu/live/json/events
335057,BROWN Brunch with Bruno Leader,2026-09-03T12:30:00-04:00,2026-09-03T13:45:00-04:00,September 3,12:30pm - 1:45pm,America/New_York,false,,,2026-09-03 16:30:00,2026-09-03 17:45:00,false,false,,,See Description,41.825128,-71.400828,,Orientation and Weeks of Welcome,,,,Brown Team | First-Year | Orientation,,,false,,false,"https://events.brown.edu/live/image/gid/123/width/80/height/80/crop/1/src_region/0,0,1300,623/12376_sharpe.jpg",Sharpe Refectory;,https://events.brown.edu/orientation/event/335057-brown-brunch-with-bruno-leader,https://events.brown.edu/live/json/events
334130,All-Student Orientation: Resource Fair,2026-09-03T13:00:00-04:00,2026-09-03T16:00:00-04:00,September 3,1:00pm - 4:00pm,America/New_York,false,,,2026-09-03 17:00:00,2026-09-03 20:00:00,false,false,,,Main Green,41.826134,-71.403405,Free,Graduate School,,,,doctoral | gradorientation2026 | masters,All-Student Orientation Schedule for PhD and MFA students,,false,,false,"https://events.brown.edu/live/image/gid/49/width/80/height/80/crop/1/src_region/0,0,3200,2133/16045_20230831_063.jpg",,https://events.brown.edu/graduate/event/334130-all-student-orientation-resource-fair,https://events.brown.edu/live/json/events
333728,Math Placement Advising Session,2026-09-03T13:30:00-04:00,2026-09-03T14:30:00-04:00,September 3,1:30pm - 2:30pm,America/New_York,false,,,2026-09-03 17:30:00,2026-09-03 18:30:00,false,true,Online only,https://brown.zoom.us/j/93510819135,,,,,Orientation and Weeks of Welcome,,,,,,,false,,false,"https://events.brown.edu/live/image/gid/123/width/80/height/80/crop/1/src_region/0,0,2628,1482/12373_cab.png","Courses at Brown, the system for course registration",https://events.brown.edu/orientation/event/333728-math-placement-advising-session,https://events.brown.edu/live/json/events
335058,RED Campus Resource Fair,2026-09-03T14:00:00-04:00,2026-09-03T15:00:00-04:00,September 3,2:00pm - 3:00pm,America/New_York,false,,,2026-09-03 18:00:00,2026-09-03 19:00:00,false,false,,,Main Green,,,,Orientation and Weeks of Welcome,,,,First-Year | Orientation | Red Team,,,false,,false,"https://events.brown.edu/live/image/gid/123/width/80/height/80/crop/1/src_region/0,0,739,416/15646_20230831_COMM_resourcefair029-1.jpg",Resource fair,https://events.brown.edu/orientation/event/335058-red-campus-resource-fair,https://events.brown.edu/live/json/events
326875,1776 Across the Americas: A Hemispheric History from the Collections of the John Carter Brown Library,2026-09-03T14:00:00-04:00,2026-09-03T16:45:00-04:00,September 3,2:00pm - 4:45pm,America/New_York,false,every Tuesday and Thursday,December 17,2026-02-10 19:00:00,2026-12-17 19:00:00,false,false,,,94 George Street,,,Free,John Carter Brown Library," Open to the Public | Performances, Concerts and Exhibitions",,,"history | History, Cultural Studies, Languages | Humanities | Identity, Culture, Inclusion | International, Global Engagement | Libraries | Social Sciences",jcb-events@brown.edu,jcb-events@brown.edu,false,,false,"https://events.brown.edu/live/image/gid/138/width/80/height/80/crop/1/src_region/0,0,1728,1728/21701_1776_Social_Media_Bkgds_JCBL_2026-01-21.jpg",The image shows a rooster pulling on the British flag.,https://events.brown.edu/john-carter-brown-library/event/326875-1776-across-the-americas-a-hemispheric-history,https://events.brown.edu/live/json/events
335059,BROWN Campus Resource Fair,2026-09-03T14:30:00-04:00,2026-09-03T15:30:00-04:00,September 3,2:30pm - 3:30pm,America/New_York,false,,,2026-09-03 18:30:00,2026-09-03 19:30:00,false,false,,,Main Green,,,,Orientation and Weeks of Welcome,,,,Brown Team | First-Year | Orientation,,,false,,false,"https://events.brown.edu/live/image/gid/123/width/80/height/80/crop/1/src_region/0,0,739,416/15646_20230831_COMM_resourcefair029-1.jpg",Resource fair,https://events.brown.edu/orientation/event/335059-brown-campus-resource-fair,https://events.brown.edu/live/json/events
335060,GOLD Campus Resource Fair,2026-09-03T15:00:00-04:00,2026-09-03T16:00:00-04:00,September 3,3:00pm - 4:00pm,America/New_York,false,,,2026-09-03 19:00:00,2026-09-03 20:00:00,false,false,,,Main Green,,,,Orientation and Weeks of Welcome,,,,First-Year | Gold Team | Orientation,,,false,,false,"https://events.brown.edu/live/image/gid/123/width/80/height/80/crop/1/src_region/0,0,739,416/15646_20230831_COMM_resourcefair029-1.jpg",Resource fair,https://events.brown.edu/orientation/event/335060-gold-campus-resource-fair,https://events.brown.edu/live/json/events
335063,RED Parent &amp; Family Farewell,2026-09-03T15:30:00-04:00,2026-09-03T16:30:00-04:00,September 3,3:30pm - 4:30pm,America/New_York,false,,,2026-09-03 19:30:00,2026-09-03 20:30:00,false,false,,,Quiet Green,41.826136,-71.404274,,Orientation and Weeks of Welcome,,,,First-Year | Orientation | Red Team,,,false,,false,"https://events.brown.edu/live/image/gid/123/width/80/height/80/crop/1/src_region/0,0,1220,686/16203_reun24-blockparty-inset.jpg",block party,https://events.brown.edu/orientation/event/335063-red-parent-family-farewell,https://events.brown.edu/live/json/events
335062,BROWN Parent &amp; Family Farewell,2026-09-03T15:45:00-04:00,2026-09-03T16:15:00-04:00,September 3,3:45pm - 4:15pm,America/New_York,false,,,2026-09-03 19:45:00,2026-09-03 20:15:00,false,false,,,Quiet Green,41.826136,-71.404274,,Orientation and Weeks of Welcome,,,,Brown Team | First-Year | Orientation,,,false,,false,"https://events.brown.edu/live/image/gid/123/width/80/height/80/crop/1/src_region/0,0,1220,686/16203_reun24-blockparty-inset.jpg",block party,https://events.brown.edu/orientation/event/335062-brown-parent-family-farewell,https://events.brown.edu/live/json/events
335061,GOLD Parent &amp; Family Farewell,2026-09-03T16:00:00-04:00,2026-09-03T16:30:00-04:00,September 3,4:00pm - 4:30pm,America/New_York,false,,,2026-09-03 20:00:00,2026-09-03 20:30:00,false,false,,,Quiet Green,41.826136,-71.404274,,Orientation and Weeks of Welcome,,,,First-Year | Gold Team | Orientation,,,false,,false,"https://events.brown.edu/live/image/gid/123/width/80/height/80/crop/1/src_region/0,0,1220,686/16203_reun24-blockparty-inset.jpg",block party,https://events.brown.edu/orientation/event/335061-gold-parent-family-farewell,https://events.brown.edu/live/json/events
333607,All-Student Orientation: Slavery &amp; Legacy Walking Tour,2026-09-03T16:00:00-04:00,2026-09-03T17:00:00-04:00,September 3,4:00pm - 5:00pm,America/New_York,false,,,2026-09-03 20:00:00,2026-09-03 21:00:00,false,false,,,Walkway between 85 Waterman & Arnold Lab,41.826971,-71.40153,Free,Graduate School,,,,doctoral | gradorientation2026 | masters | social | social &amp; community building,Questions? Email us at gradstudent-orientation@brown.edu.,gradstudent-orientation@brown.edu,true,45,true,"https://events.brown.edu/live/image/gid/49/width/80/height/80/crop/1/src_region/0,0,1000,667/16044_20210330_COMM_slaverymemorial053.jpg",,https://events.brown.edu/graduate/event/333607-all-student-orientation-slavery-legacy-walking-tour,https://events.brown.edu/live/json/events
335064,Culture of Consent Class Meeting,2026-09-03T16:45:00-04:00,2026-09-03T17:45:00-04:00,September 3,4:45pm - 5:45pm,America/New_York,false,,,2026-09-03 20:45:00,2026-09-03 21:45:00,false,false,,,See Description,,,,Orientation and Weeks of Welcome,,,,Brown 2026 | First-Year | Gold Team | Orientation | Red Team,,,false,,false,"https://events.brown.edu/live/image/gid/123/width/80/height/80/crop/1/src_region/0,0,480,320/15756_eyJ3Ijo0ODAsImgiOjQ4MCwic2NvcGUiOiJhcHAifQ.png",student discussion,https://events.brown.edu/orientation/event/335064-culture-of-consent-class-meeting,https://events.brown.edu/live/json/events
335066,Dinner with a New Friend,2026-09-03T18:00:00-04:00,2026-09-03T19:30:00-04:00,September 3,6:00pm - 7:30pm,America/New_York,false,,,2026-09-03 22:00:00,2026-09-03 23:30:00,false,false,,,Dining Halls,,,,Orientation and Weeks of Welcome,,,,Brown Team | First-Year | Gold Team | Orientation | Red Team,,,false,,false,"https://events.brown.edu/live/image/gid/123/width/80/height/80/crop/1/src_region/0,0,480,320/15764_eyJ3Ijo0ODAsImgiOjQ4MCwic2NvcGUiOiJhcHAifQ-11.png",The Ratty!,https://events.brown.edu/orientation/event/335066-dinner-with-a-new-friend,https://events.brown.edu/live/json/events
335067,Jewish Faith &amp; Culture Affinity Mixer - All are Welcome!,2026-09-03T18:00:00-04:00,2026-09-03T19:30:00-04:00,September 3,6:00pm - 7:30pm,America/New_York,false,,,2026-09-03 22:00:00,2026-09-03 23:30:00,false,false,,,Sharpe Refectory,41.825128,-71.400828,,Orientation and Weeks of Welcome,,,,Brown Team | First-Year | Gold Team | optional | Orientation | Red Team,,,false,,false,"https://events.brown.edu/live/image/gid/123/width/80/height/80/crop/1/src_region/0,0,480,320/15766_eyJ3Ijo0ODAsImgiOjQ4MCwic2NvcGUiOiJhcHAifQ-13.png",Dining hall!,https://events.brown.edu/orientation/event/335067-jewish-faith-culture-affinity-mixer-all-are,https://events.brown.edu/live/json/events
333392,Brown University Women’s Soccer vs UMass,2026-09-03T18:00:00-04:00,2026-09-03T20:00:00-04:00,September 3,6:00pm - 8:00pm,America/New_York,false,,,2026-09-03 22:00:00,2026-09-04 00:00:00,false,false,,,"Providence, R.I., Stevenson-Pincince Field",,,,Athletics, Open to the Public,,,"Athletics, Sports, Wellness",,,false,,false,"https://events.brown.edu/live/image/gid/8/width/80/height/80/crop/1/src_region/0,0,1050,1050/10116_brown-athletics.png",Brown University Athletics logo,https://events.brown.edu/athletics/event/333392-brown-university-womens-soccer-vs-umass,https://events.brown.edu/live/json/events
335567,Karaoke &amp; Ice Cream Social,2026-09-03T19:00:00-04:00,2026-09-03T21:00:00-04:00,September 3,7:00pm - 9:00pm,America/New_York,false,,,2026-09-03 23:00:00,2026-09-04 01:00:00,false,false,,,"51 Prospect Street, Providence Rhode Island",41.827971,-71.404544,Free,Office of the Chaplains and Religious Life,"Free Food |  Open to the Public | Social Event, Study Break",1st Year Students | All Staff,,"Brown Team | faith | Faith, Spirituality, Worship | First-Year | Gold Team | Humanities | Identity, Culture, Inclusion | OCRL | Optional | Orientation | Philosophy, Religious Studies | Red Team | Special Events | Student Clubs, Organizations &amp; Activities","Chaplain: Fr. Justin Bolger, OP, justin_bolger@brown.edu Exec. Assistant: Robert Degre, robert_degre@brown.edu",justin_bolger@brown.edy | justin_bolger@brown.edu | robert_degre@brown.edu,false,,false,"https://events.brown.edu/live/image/gid/106/width/80/height/80/crop/1/src_region/0,0,1080,1080/12360_Ice_Cream_Social_Image.png",Karaoke &amp; Ice Cream Social,https://events.brown.edu/chaplains-religious-life/event/335567-karaoke-ice-cream-social,https://events.brown.edu/live/json/events
334981,Organ Recital,2026-09-03T21:00:00-04:00,2026-09-03T23:00:00-04:00,September 3,9:00pm - 11:00pm,America/New_York,false,,,2026-09-04 01:00:00,2026-09-04 03:00:00,false,false,,,Sayles Hall,41.826201,-71.402746,,Orientation and Weeks of Welcome,,,,Brown Team | First-Year | Gold Team | optional | Orientation | Red Team,,,false,,false,"https://events.brown.edu/live/image/gid/123/width/80/height/80/crop/1/src_region/0,0,3360,2240/23226_20180901_COMM_orientationevening015_1.png",Image of students gathering together to listen to the Organ Recital.,https://events.brown.edu/orientation/event/334981-organ-recital,https://events.brown.edu/live/json/events
334991,Just Dance on the Green,2026-09-03T21:00:00-04:00,2026-09-03T23:00:00-04:00,September 3,9:00pm - 11:00pm,America/New_York,false,,,2026-09-04 01:00:00,2026-09-04 03:00:00,false,false,,,Quiet Green,41.826136,-71.404274,,Orientation and Weeks of Welcome,,,,Brown Team | First-Year | Gold Team | optional | Orientation | Red Team,,,false,,false,"https://events.brown.edu/live/image/gid/123/width/80/height/80/crop/1/src_region/0,0,3200,2142/23225_DSC_0526.JPG",Image of Bruno Leaders and Students dancing together!,https://events.brown.edu/orientation/event/334991-just-dance-on-the-green,https://events.brown.edu/live/json/events
335068,Organ Recital Livestream,2026-09-03T21:00:00-04:00,2026-09-03T23:00:00-04:00,September 3,9:00pm - 11:00pm,America/New_York,false,,,2026-09-04 01:00:00,2026-09-04 03:00:00,false,false,,,Salomon Center for Teaching,41.826574,-71.402395,,Orientation and Weeks of Welcome,,,,Brown Team | First-Year | Gold Team | optional | Orientation | Red Team,,,false,,false,"https://events.brown.edu/live/image/gid/123/width/80/height/80/crop/1/src_region/0,0,3360,2240/23227_20180901_COMM_orientationevening015_1.png",Image of students gathering together to listen to the Organ Recital.,https://events.brown.edu/orientation/event/335068-organ-recital-livestream,https://events.brown.edu/live/json/events
335071,Paws &amp; Reflect: College Bucket List,2026-09-03T21:00:00-04:00,2026-09-03T23:00:00-04:00,September 3,9:00pm - 11:00pm,America/New_York,false,,,2026-09-04 01:00:00,2026-09-04 03:00:00,false,false,,,Your dorm room,,,,Orientation and Weeks of Welcome,,,,Brown Team | Gold Team | optional | Red Team,,,false,,false,"https://events.brown.edu/live/image/gid/123/width/80/height/80/crop/1/src_region/0,0,1080,1080/19581_Bear_Paw_Design.png",white bear paw on a brown background with colorful confetti and the Brown University logo underneath.,https://events.brown.edu/orientation/event/335071-paws-reflect-college-bucket-list,https://events.brown.edu/live/json/events
335153,Sensory Room,2026-09-04T07:00:00-04:00,2026-09-04T23:59:00-04:00,September 4,7:00am - 11:59pm,America/New_York,false,,,2026-09-04 11:00:00,2026-09-05 03:59:00,false,false,,,Stephen Robert ’62 Campus Center,41.826844,-71.403089,,Orientation and Weeks of Welcome,,,,Brown Team | First-Year | Gold Team | optional | Orientation | Red Team,,,false,,false,"https://events.brown.edu/live/image/gid/123/width/80/height/80/crop/1/src_region/0,0,980,551/23239_20250926_COMM_underground011.jpg",The Underground in campus center,https://events.brown.edu/orientation/event/335153-sensory-room,https://events.brown.edu/live/json/events
335100,Military &amp; Veteran Affinity Mixer - All are Welcome!,2026-09-04T08:30:00-04:00,2026-09-04T11:00:00-04:00,September 4,8:30am - 11:00am,America/New_York,false,,,2026-09-04 12:30:00,2026-09-04 15:00:00,false,false,,,Sharpe Refectory,41.825128,-71.400828,,Orientation and Weeks of Welcome,,,,Brown Team | First-Year | Gold Team | optional | Orientation | Red Team,,,false,,false,,,https://events.brown.edu/orientation/event/335100-military-veteran-affinity-mixer-all-are-welcome,https://events.brown.edu/live/json/events
335102,Breakfast with a New Friend,2026-09-04T08:30:00-04:00,2026-09-04T11:00:00-04:00,September 4,8:30am - 11:00am,America/New_York,false,,,2026-09-04 12:30:00,2026-09-04 15:00:00,false,false,,,Dining Halls,,,,Orientation and Weeks of Welcome,,,,Brown Team | First-Year | Gold Team | optional | Orientation | Red Team,,,false,,false,"https://events.brown.edu/live/image/gid/123/width/80/height/80/crop/1/src_region/0,0,1039,635/15651_Students_eating_in_dining_hall.png",Friends eating in a dining hall,https://events.brown.edu/orientation/event/335102-breakfast-with-a-new-friend,https://events.brown.edu/live/json/events
330996,Exhibit | Scents of the Ancient Past (Curated by Erynn Bentley ’27),2026-09-04T09:00:00-04:00,2026-09-04T16:30:00-04:00,September 4,9:00am - 4:30pm,America/New_York,false,every weekday (Monday to Friday),October 1,2026-05-01 13:00:00,2026-10-01 13:00:00,false,false,,,Rhode Island Hall,41.82548,-71.403879,,Joukowsky Institute for Archaeology," Open to the Public | Performances, Concerts and Exhibitions",1st Year Students | 2nd Year Students | 3rd Year Students | 4th Year Students | All Staff | Campus Faculty | Hospital Faculty | Humanities | Medical Students | Social Sciences,,"Arts, Performance | History, Cultural Studies, Languages | Humanities | Identity, Culture, Inclusion | International, Global Engagement","Joukowsky Institute for ArchaeologyRhode Island Hall, 60 George Street, Providence, RI jiaaw@brown.edu _____________________________ archaeology.brown.edu",jiaaw@brown.edu,false,,false,"https://events.brown.edu/live/image/gid/58/width/80/height/80/crop/1/src_region/0,128,1027,1155/22683_36_without_scale.jpg",,https://events.brown.edu/joukowsky-archaeology/event/330996-exhibit-scents-of-the-ancient-past-curated-by,https://events.brown.edu/live/json/events
335641,All-Student Orientation Social Event: Campus Scavenger Hunt,2026-09-04T10:00:00-04:00,2026-09-04T11:30:00-04:00,September 4,10:00am - 11:30am,America/New_York,false,,,2026-09-04 14:00:00,2026-09-04 15:30:00,false,false,,,Stephen Robert ’62 Campus Center,41.826844,-71.403089,Free,Master’s Programs,"Social Event, Study Break",,,doctoral | gradorientation2026 | Master's Orientation | masters | social,Questions? Email us at gradstudent-orientation@brown.edu,gradstudent-orientation@brown.edu,true,60,true,"https://events.brown.edu/live/image/gid/224/width/80/height/80/crop/1/src_region/0,0,4363,3438/23252_AdobeStock_1938226124.png",,https://events.brown.edu/masters-programs/event/335641-all-student-orientation-social-event-campus,https://events.brown.edu/live/json/events
323873,CCV Office Hours,2026-09-04T10:00:00-04:00,2026-09-04T12:00:00-04:00,September 4,10:00am - 12:00pm,America/New_York,false,,,2026-09-04 14:00:00,2026-09-04 16:00:00,false,true,Hybrid,https://brown.zoom.us/j/93572022965,180 George Street,41.825929,-71.398812,Free,Center for Computation and Visualization (CCV),"Lectures, Seminars and Workshops |  Open to the Public",,,Computing | HPC | Research,Email the HPC team,hpc@brown.edu,false,,false,"https://events.brown.edu/live/image/gid/176/width/80/height/80/crop/1/src_region/0,0,8334,4307/2435_ccv-zdog_2.png",,https://events.brown.edu/ccv/event/323873-ccv-office-hours,https://events.brown.edu/live/json/events
326641,1776 Across the Americas: A Hemispheric History from the Collections of the John Carter Brown Library,2026-09-04T10:00:00-04:00,2026-09-04T12:45:00-04:00,September 4,10:00am - 12:45pm,America/New_York,false,every weekday (Monday to Friday),December 18,2026-02-06 15:00:00,2026-12-18 15:00:00,false,false,,,94 George Street,,,Free,John Carter Brown Library," Open to the Public | Performances, Concerts and Exhibitions",,,"history | History, Cultural Studies, Languages | Humanities | Identity, Culture, Inclusion | International, Global Engagement | Libraries | Social Sciences",jcb-events@brown.edu,jcb-events@brown.edu,false,,false,"https://events.brown.edu/live/image/gid/138/width/80/height/80/crop/1/src_region/0,0,1728,1728/21701_1776_Social_Media_Bkgds_JCBL_2026-01-21.jpg",The image shows a rooster pulling on the British flag.,https://events.brown.edu/john-carter-brown-library/event/326641-1776-across-the-americas-a-hemispheric-history,https://events.brown.edu/live/json/events
335101,Christian Faith Affinity Mixer - All are Welcome!,2026-09-04T12:30:00-04:00,2026-09-04T15:30:00-04:00,September 4,12:30pm - 3:30pm,America/New_York,false,,,2026-09-04 16:30:00,2026-09-04 19:30:00,false,false,,,Sharpe Refectory,41.825128,-71.400828,,Orientation and Weeks of Welcome,,,,Brown Team | First-Year | Gold Team | optional | Orientation | Red Team,,,false,,false,,,https://events.brown.edu/orientation/event/335101-christian-faith-affinity-mixer-all-are-welcome,https://events.brown.edu/live/json/events
335103,Lunch with a New Friend,2026-09-04T12:30:00-04:00,2026-09-04T15:30:00-04:00,September 4,12:30pm - 3:30pm,America/New_York,false,,,2026-09-04 16:30:00,2026-09-04 19:30:00,false,false,,,Dining Halls,,,,Orientation and Weeks of Welcome,,,,Brown Team | First-Year | Gold Team | optional | Orientation | Red Team,,,false,,false,"https://events.brown.edu/live/image/gid/123/width/80/height/80/crop/1/src_region/0,0,1300,623/12376_sharpe.jpg",Sharpe Refectory;,https://events.brown.edu/orientation/event/335103-lunch-with-a-new-friend,https://events.brown.edu/live/json/events
333591,Brown University Field Hockey vs UConn,2026-09-04T13:00:00-04:00,2026-09-04T16:00:00-04:00,September 4,1:00pm - 4:00pm,America/New_York,false,,,2026-09-04 17:00:00,2026-09-04 20:00:00,false,false,,,"Providence, R.I., Goldberger Family Field",,,,Athletics, Open to the Public,,,"Athletics, Sports, Wellness",,,false,,false,"https://events.brown.edu/live/image/gid/8/width/80/height/80/crop/1/src_region/0,0,1050,1050/10116_brown-athletics.png",Brown University Athletics logo,https://events.brown.edu/athletics/event/333591-brown-university-field-hockey-vs-uconn,https://events.brown.edu/live/json/events
334910,Chemistry Colloquium • Ioannis Spanopoulos • USF • When Pore and Fule met Semi: A Tale of Material Architectonics,2026-09-04T15:00:00-04:00,,September 4,3:00pm,America/New_York,false,,,2026-09-04 19:00:00,,false,false,,,MacMillan Hall,41.826104,-71.400096,,Chemistry,,,,,,,false,,false,"https://events.brown.edu/live/image/gid/26/width/80/height/80/crop/1/src_region/0,0,600,600/23184_ioaniss-spanopolous-600x800_1.jpg",,https://events.brown.edu/chemistry/event/334910-chemistry-colloquium-ioannis-spanopoulos-usf-,https://events.brown.edu/live/json/events
332365,Brown University Women’s Cross Country at Friar Invitational,2026-09-04T15:15:00-04:00,2026-09-04T18:15:00-04:00,September 4,3:15pm - 6:15pm,America/New_York,false,,,2026-09-04 19:15:00,2026-09-04 22:15:00,false,false,,,"Attleboro, Mass., Mark Coogan Cross Country Course at Highland Park",,,,Athletics, Open to the Public,,,"Athletics, Sports, Wellness",,,false,,false,"https://events.brown.edu/live/image/gid/8/width/80/height/80/crop/1/src_region/0,0,1050,1050/10116_brown-athletics.png",Brown University Athletics logo,https://events.brown.edu/athletics/event/332365-brown-university-womens-cross-country-at-friar,https://events.brown.edu/live/json/events
334173,Brown University Men’s Cross Country at Friar Invitational,2026-09-04T15:15:00-04:00,2026-09-04T18:15:00-04:00,September 4,3:15pm - 6:15pm,America/New_York,false,,,2026-09-04 19:15:00,2026-09-04 22:15:00,false,false,,,"Attleboro, Mass., Mark Coogan Cross Country Course at Highland Park",,,,Athletics, Open to the Public,,,"Athletics, Sports, Wellness",,,false,,false,"https://events.brown.edu/live/image/gid/8/width/80/height/80/crop/1/src_region/0,0,1050,1050/10116_brown-athletics.png",Brown University Athletics logo,https://events.brown.edu/athletics/event/334173-brown-university-mens-cross-country-at-friar,https://events.brown.edu/live/json/events
330455,"Registration of new undergraduate and all graduate students (residential programs, Cybersecurity, and PRIME) for the fall semester begins at 4:00 pm EDT Fri and ends at 11:59 p.m. EDT Mon Sept 7. (Max of 4 credit hrs allowed for undergraduates).",2026-09-04T16:00:00-04:00,2026-09-07T23:59:00-04:00,September 4,4:00pm,America/New_York,false,,,2026-09-04 20:00:00,2026-09-08 03:59:00,false,false,,,,,,,Academic Calendar,,,,"Academic Calendar, University Dates &amp; Events | Fall Semester",Registrar’s Office 401-863-2500,,false,,false,,,https://events.brown.edu/academic-calendar/event/330455-registration-of-new-undergraduate-and-all-graduate-st,https://events.brown.edu/live/json/events
335069,Dinner with your Meiklejohn,2026-09-04T17:00:00-04:00,2026-09-04T18:30:00-04:00,September 4,5:00pm - 6:30pm,America/New_York,false,,,2026-09-04 21:00:00,2026-09-04 22:30:00,false,false,,,Various Locations,,,,Orientation and Weeks of Welcome,,,,Brown Team | First-Year | Gold Team | Orientation | Red Team,,,false,,false,"https://events.brown.edu/live/image/gid/123/width/80/height/80/crop/1/src_region/0,0,480,320/15765_eyJ3Ijo0ODAsImgiOjQ4MCwic2NvcGUiOiJhcHAifQ-12.png",Dining hall,https://events.brown.edu/orientation/event/335069-dinner-with-your-meiklejohn,https://events.brown.edu/live/json/events
334992,Orientation Dance,2026-09-04T21:00:00-04:00,2026-09-04T23:00:00-04:00,September 4,9:00pm - 11:00pm,America/New_York,false,,,2026-09-05 01:00:00,2026-09-05 03:00:00,false,false,,,Main Green,,,,Orientation and Weeks of Welcome,,,,Brown Team | Gold Team | optional | Orientation | Red Team,,,false,,false,"https://events.brown.edu/live/image/gid/123/width/80/height/80/crop/1/src_region/0,0,3200,2400/23224_Copy_of_IMG_1452.JPG",Image of Bruno Leaders moving and grooving during Orientation Dance!,https://events.brown.edu/orientation/event/334992-orientation-dance,https://events.brown.edu/live/json/events
334993,Fidget Night,2026-09-04T21:00:00-04:00,2026-09-04T23:00:00-04:00,September 4,9:00pm - 11:00pm,America/New_York,false,,,2026-09-05 01:00:00,2026-09-05 03:00:00,false,false,,,Stephen Robert ’62 Campus Center,41.826844,-71.403089,,Orientation and Weeks of Welcome,,,,Brown Team | First-Year | Gold Team | optional | Orientation | Red Team,,,false,,false,"https://events.brown.edu/live/image/gid/123/width/80/height/80/crop/1/src_region/0,0,3200,2400/23223_IMG_1611.JPG","Image of Bruno Leaders facilitating our sensory friendly events, which consist of fidget toys, and arts and crafts.",https://events.brown.edu/orientation/event/334993-fidget-night,https://events.brown.edu/live/json/events
335072,Paws &amp; Reflect: Write a Letter to Your Future Self,2026-09-04T21:00:00-04:00,2026-09-04T23:00:00-04:00,September 4,9:00pm - 11:00pm,America/New_York,false,,,2026-09-05 01:00:00,2026-09-05 03:00:00,false,false,,,In Your Dorm Halls,,,,Orientation and Weeks of Welcome,,,,Brown Team | First-Year | Gold Team | optional | Orientation | Red Team,,,false,,false,"https://events.brown.edu/live/image/gid/123/width/80/height/80/crop/1/src_region/0,0,1080,1080/19581_Bear_Paw_Design.png",white bear paw on a brown background with colorful confetti and the Brown University logo underneath.,https://events.brown.edu/orientation/event/335072-paws-reflect-write-a-letter-to-your-future-self,https://events.brown.edu/live/json/events
333110,Mariners Game with the Brown Club of Seattle,2026-09-04T22:10:00-04:00,2026-09-05T01:00:00-04:00,September 4,10:10pm,America/New_York,false,,,2026-09-05 02:10:00,2026-09-05 05:00:00,false,false,,,,,,,Alumni &amp; Friends,,,,,,,false,,false,,,https://events.brown.edu/alumni-friends/event/333110-mariners-game-with-the-brown-club-of-seattle,https://events.brown.edu/live/json/events
333484,Mariners v. Oakland As with the Brown Club of Seattle,2026-09-04T22:10:00-04:00,2026-09-05T01:00:00-04:00,September 4,10:10pm,America/New_York,false,,,2026-09-05 02:10:00,2026-09-05 05:00:00,false,false,,,,,,,Alumni &amp; Friends,,,,,,,false,,false,,,https://events.brown.edu/alumni-friends/event/333484-mariners-v-oakland-as-with-the-brown-club-of,https://events.brown.edu/live/json/events
333110,Mariners Game with the Brown Club of Seattle,2026-09-05T00:00:00-04:00,,September 5,,America/New_York,true,,,2026-09-05 02:10:00,2026-09-05 05:00:00,false,false,,,,,,,Alumni &amp; Friends,,,,,,,false,,false,,,https://events.brown.edu/alumni-friends/event/333110-mariners-game-with-the-brown-club-of-seattle,https://events.brown.edu/live/json/events
333484,Mariners v. Oakland As with the Brown Club of Seattle,2026-09-05T00:00:00-04:00,,September 5,,America/New_York,true,,,2026-09-05 02:10:00,2026-09-05 05:00:00,false,false,,,,,,,Alumni &amp; Friends,,,,,,,false,,false,,,https://events.brown.edu/alumni-friends/event/333484-mariners-v-oakland-as-with-the-brown-club-of,https://events.brown.edu/live/json/events
330455,"Registration of new undergraduate and all graduate students (residential programs, Cybersecurity, and PRIME) for the fall semester begins at 4:00 pm EDT Fri and ends at 11:59 p.m. EDT Mon Sept 7. (Max of 4 credit hrs allowed for undergraduates).",2026-09-05T00:00:00-04:00,,September 5,,America/New_York,true,,,2026-09-04 20:00:00,2026-09-08 03:59:00,false,false,,,,,,,Academic Calendar,,,,"Academic Calendar, University Dates &amp; Events | Fall Semester",Registrar’s Office 401-863-2500,,false,,false,,,https://events.brown.edu/academic-calendar/event/330455-registration-of-new-undergraduate-and-all-graduate-st,https://events.brown.edu/live/json/events
335154,Sensory Room,2026-09-05T07:00:00-04:00,2026-09-05T23:59:00-04:00,September 5,7:00am - 11:59pm,America/New_York,false,,,2026-09-05 11:00:00,2026-09-06 03:59:00,false,false,,,Stephen Robert ’62 Campus Center,41.826844,-71.403089,,Orientation and Weeks of Welcome,,,,Brown Team | First-Year | Gold Team | optional | Orientation | Red Team,,,false,,false,"https://events.brown.edu/live/image/gid/123/width/80/height/80/crop/1/src_region/0,0,980,551/23239_20250926_COMM_underground011.jpg",The Underground in campus center,https://events.brown.edu/orientation/event/335154-sensory-room,https://events.brown.edu/live/json/events
334994,Speed Friending,2026-09-05T09:30:00-04:00,2026-09-05T10:30:00-04:00,September 5,9:30am - 10:30am,America/New_York,false,,,2026-09-05 13:30:00,2026-09-05 14:30:00,false,false,,,TBD,,,,Orientation and Weeks of Welcome,,,,,,,false,,false,"https://events.brown.edu/live/image/gid/123/width/80/height/80/crop/1/src_region/0,0,480,320/15795_eyJ3Ijo0ODAsImgiOjQ4MCwic2NvcGUiOiJhcHAifQ-34.png",Students on a green,https://events.brown.edu/orientation/event/334994-speed-friending,https://events.brown.edu/live/json/events
335076,Muslim Faith Affinity Mixer - All are Welcome!,2026-09-05T09:30:00-04:00,2026-09-05T10:30:00-04:00,September 5,9:30am - 10:30am,America/New_York,false,,,2026-09-05 13:30:00,2026-09-05 14:30:00,false,false,,,Sharpe Refectory,41.825128,-71.400828,,Orientation and Weeks of Welcome,,,,Brown Team | First-Year | Gold Team | optional | Orientation | Red Team,,,false,,false,,,https://events.brown.edu/orientation/event/335076-muslim-faith-affinity-mixer-all-are-welcome,https://events.brown.edu/live/json/events
335104,Breakfast with a New Friend,2026-09-05T09:30:00-04:00,2026-09-05T10:30:00-04:00,September 5,9:30am - 10:30am,America/New_York,false,,,2026-09-05 13:30:00,2026-09-05 14:30:00,false,false,,,Dining Halls,,,,Orientation and Weeks of Welcome,,,,Brown Team | First-Year | Gold Team | optional | Orientation | Red Team,,,false,,false,,,https://events.brown.edu/orientation/event/335104-breakfast-with-a-new-friend,https://events.brown.edu/live/json/events
335112,RED Culture of Consent Community Meeting,2026-09-05T10:30:00-04:00,2026-09-05T12:00:00-04:00,September 5,10:30am - 12:00pm,America/New_York,false,,,2026-09-05 14:30:00,2026-09-05 16:00:00,false,false,,,Various Classrooms,,,,Orientation and Weeks of Welcome,,,,First-Year | Orientation | Red Team,,,false,,false,"https://events.brown.edu/live/image/gid/123/width/80/height/80/crop/1/src_region/0,0,480,320/15783_eyJ3Ijo0ODAsImgiOjQ4MCwic2NvcGUiOiJhcHAifQ-26.png",Students in a discussion,https://events.brown.edu/orientation/event/335112-red-culture-of-consent-community-meeting,https://events.brown.edu/live/json/events
335122,BROWN Speed Friending,2026-09-05T11:30:00-04:00,2026-09-05T12:30:00-04:00,September 5,11:30am - 12:30pm,America/New_York,false,,,2026-09-05 15:30:00,2026-09-05 16:30:00,false,false,,,Main Green,41.826853,-71.402987,,Orientation and Weeks of Welcome,,,,Brown Team | First-Year | Orientation,,,false,,false,,,https://events.brown.edu/orientation/event/335122-brown-speed-friending,https://events.brown.edu/live/json/events
335120,GOLD Bruno Leader Meeting #2,2026-09-05T11:30:00-04:00,2026-09-05T13:00:00-04:00,September 5,11:30am - 1:00pm,America/New_York,false,,,2026-09-05 15:30:00,2026-09-05 17:00:00,false,false,,,Bruno Leader specific locatiosn,,,,Orientation and Weeks of Welcome,,,,First-Year | Gold Team | Orientation,,,false,,false,,,https://events.brown.edu/orientation/event/335120-gold-bruno-leader-meeting-2,https://events.brown.edu/live/json/events
335115,RED Lunch with your Bruno Leader,2026-09-05T12:00:00-04:00,2026-09-05T13:30:00-04:00,September 5,12:00pm - 1:30pm,America/New_York,false,,,2026-09-05 16:00:00,2026-09-05 17:30:00,false,false,,,Sharpe Refectory,41.825128,-71.400828,,Orientation and Weeks of Welcome,,,,First-Year | Orientation | Red Team,,,false,,false,,,https://events.brown.edu/orientation/event/335115-red-lunch-with-your-bruno-leader,https://events.brown.edu/live/json/events
335113,BROWN Culture of Consent Community Meeting,2026-09-05T12:30:00-04:00,2026-09-05T14:00:00-04:00,September 5,12:30pm - 2:00pm,America/New_York,false,,,2026-09-05 16:30:00,2026-09-05 18:00:00,false,false,,,Various Classrooms,,,,Orientation and Weeks of Welcome,,,,Brown Team | First-Year | Orientation,,,false,,false,,,https://events.brown.edu/orientation/event/335113-brown-culture-of-consent-community-meeting,https://events.brown.edu/live/json/events
335117,GOLD Lunch with your Bruno Leader,2026-09-05T13:00:00-04:00,2026-09-05T14:20:00-04:00,September 5,1:00pm - 2:20pm,America/New_York,false,,,2026-09-05 17:00:00,2026-09-05 18:20:00,false,false,,,See Description,,,,Orientation and Weeks of Welcome,,,,First-Year | Gold Team | Orientation,,,false,,false,,,https://events.brown.edu/orientation/event/335117-gold-lunch-with-your-bruno-leader,https://events.brown.edu/live/json/events
335118,RED Bruno Leader Meeting #2,2026-09-05T13:30:00-04:00,2026-09-05T15:00:00-04:00,September 5,1:30pm - 3:00pm,America/New_York,false,,,2026-09-05 17:30:00,2026-09-05 19:00:00,false,false,,,Bruno Leader specific locations,,,,Orientation and Weeks of Welcome,,,,First-Year | Orientation | Red Team,,,false,,false,,,https://events.brown.edu/orientation/event/335118-red-bruno-leader-meeting-2,https://events.brown.edu/live/json/events
335116,BROWN Lunch with your Bruno Leader,2026-09-05T14:00:00-04:00,2026-09-05T15:30:00-04:00,September 5,2:00pm - 3:30pm,America/New_York,false,,,2026-09-05 18:00:00,2026-09-05 19:30:00,false,false,,,Sharpe Refectory,41.825128,-71.400828,,Orientation and Weeks of Welcome,,,,Brown Team | First-Year | Orientation,,,false,,false,,,https://events.brown.edu/orientation/event/335116-brown-lunch-with-your-bruno-leader,https://events.brown.edu/live/json/events
335114,GOLD Culture of Consent Community Meeting,2026-09-05T14:30:00-04:00,2026-09-05T16:00:00-04:00,September 5,2:30pm - 4:00pm,America/New_York,false,,,2026-09-05 18:30:00,2026-09-05 20:00:00,false,false,,,Various Classrooms,,,,Orientation and Weeks of Welcome,,,,First-Year | Gold Team | Orientation,,,false,,false,,,https://events.brown.edu/orientation/event/335114-gold-culture-of-consent-community-meeting,https://events.brown.edu/live/json/events
335121,RED Speed Friending,2026-09-05T15:00:00-04:00,2026-09-05T16:00:00-04:00,September 5,3:00pm - 4:00pm,America/New_York,false,,,2026-09-05 19:00:00,2026-09-05 20:00:00,false,false,,,Main Green,41.826853,-71.402987,,Orientation and Weeks of Welcome,,,,First-Year | Orientation | Red Team,,,false,,false,,,https://events.brown.edu/orientation/event/335121-red-speed-friending,https://events.brown.edu/live/json/events
335119,BROWN Bruno Leader Meeting #2,2026-09-05T15:30:00-04:00,2026-09-05T17:00:00-04:00,September 5,3:30pm - 5:00pm,America/New_York,false,,,2026-09-05 19:30:00,2026-09-05 21:00:00,false,false,,,Bruno Leader specific locations,,,,Orientation and Weeks of Welcome,,,,Brown Team | First-Year | Orientation,,,false,,false,"https://events.brown.edu/live/image/gid/123/width/80/height/80/crop/1/src_region/0,0,480,320/15770_eyJ3Ijo0ODAsImgiOjQ4MCwic2NvcGUiOiJhcHAifQ-17.png",A group of students sitting on grass,https://events.brown.edu/orientation/event/335119-brown-bruno-leader-meeting-2,https://events.brown.edu/live/json/events
335123,GOLD Speed Friending,2026-09-05T16:00:00-04:00,2026-09-05T17:00:00-04:00,September 5,4:00pm - 5:00pm,America/New_York,false,,,2026-09-05 20:00:00,2026-09-05 21:00:00,false,false,,,Main Green,41.826853,-71.402987,,Orientation and Weeks of Welcome,,,,First-Year | Gold Team | Orientation,,,false,,false,,,https://events.brown.edu/orientation/event/335123-gold-speed-friending,https://events.brown.edu/live/json/events
335077,Hindu Faith Affinity Mixer - All are Welcome!,2026-09-05T17:30:00-04:00,2026-09-05T19:00:00-04:00,September 5,5:30pm - 7:00pm,America/New_York,false,,,2026-09-05 21:30:00,2026-09-05 23:00:00,false,false,,,Sharpe Refectory,41.825128,-71.400828,,Orientation and Weeks of Welcome,,,,Brown Team | First-Year | Gold Team | optional | Orientation | Red Team,,,false,,false,,,https://events.brown.edu/orientation/event/335077-hindu-faith-affinity-mixer-all-are-welcome,https://events.brown.edu/live/json/events
335105,Dinner with a New Friend,2026-09-05T17:30:00-04:00,2026-09-05T19:00:00-04:00,September 5,5:30pm - 7:00pm,America/New_York,false,,,2026-09-05 21:30:00,2026-09-05 23:00:00,false,false,,,Dining Halls,,,,Orientation and Weeks of Welcome,,,,Brown Team | First-Year | Gold Team | optional | Orientation | Red Team,,,false,,false,,,https://events.brown.edu/orientation/event/335105-dinner-with-a-new-friend,https://events.brown.edu/live/json/events
334995,Jazzy Paint and Sip,2026-09-05T20:00:00-04:00,2026-09-05T22:30:00-04:00,September 5,8:00pm - 10:30pm,America/New_York,false,,,2026-09-06 00:00:00,2026-09-06 02:30:00,false,false,,,Stephen Robert ’62 Campus Center,41.826844,-71.403089,,Orientation and Weeks of Welcome,,,,Brown Team | First-Year | Gold Team | optional | Orientation | Red Team,,,false,,false,"https://events.brown.edu/live/image/gid/123/width/80/height/80/crop/1/src_region/0,0,2400,3200/18997_IMG_7921_1.jpg",BLOC students with their Fall paintings!,https://events.brown.edu/orientation/event/334995-jazzy-paint-and-sip,https://events.brown.edu/live/json/events
334996,Jam Sesh,2026-09-05T20:00:00-04:00,2026-09-05T22:30:00-04:00,September 5,8:00pm - 10:30pm,America/New_York,false,,,2026-09-06 00:00:00,2026-09-06 02:30:00,false,false,,,Sayles Hall,41.826201,-71.402746,,Orientation and Weeks of Welcome,,,,Brown Team | First-Year | Gold Team | optional | Orientation | Red Team,,,false,,false,"https://events.brown.edu/live/image/gid/123/width/80/height/80/crop/1/src_region/0,0,3200,2142/23225_DSC_0526.JPG",Image of Bruno Leaders and Students dancing together!,https://events.brown.edu/orientation/event/334996-jam-sesh,https://events.brown.edu/live/json/events
334997,Campus Game Night,2026-09-05T20:00:00-04:00,2026-09-05T22:30:00-04:00,September 5,8:00pm - 10:30pm,America/New_York,false,,,2026-09-06 00:00:00,2026-09-06 02:30:00,false,false,,,Main Green,41.826853,-71.402987,,Orientation and Weeks of Welcome,,,,Brown Team | First-Year | Gold Team | optional | Orientation | Red Team,,,false,,false,"https://events.brown.edu/live/image/gid/123/width/80/height/80/crop/1/src_region/0,0,728,546/23219_puzzle_hunt.jpg",assorted puzzles pieces mixed,https://events.brown.edu/orientation/event/334997-campus-game-night,https://events.brown.edu/live/json/events
335073,Paws &amp; Reflect: Personal Music Playlist,2026-09-05T20:00:00-04:00,2026-09-05T22:30:00-04:00,September 5,8:00pm - 10:30pm,America/New_York,false,,,2026-09-06 00:00:00,2026-09-06 02:30:00,false,false,,,Your Dorm Hall,,,,Orientation and Weeks of Welcome,,,,Brown Team | First-Year | Gold Team | optional | Orientation | Red Team,,,false,,false,"https://events.brown.edu/live/image/gid/123/width/80/height/80/crop/1/src_region/0,0,1080,1080/19581_Bear_Paw_Design.png",white bear paw on a brown background with colorful confetti and the Brown University logo underneath.,https://events.brown.edu/orientation/event/335073-paws-reflect-personal-music-playlist,https://events.brown.edu/live/json/events
330455,"Registration of new undergraduate and all graduate students (residential programs, Cybersecurity, and PRIME) for the fall semester begins at 4:00 pm EDT Fri and ends at 11:59 p.m. EDT Mon Sept 7. (Max of 4 credit hrs allowed for undergraduates).",2026-09-06T00:00:00-04:00,,September 6,,America/New_York,true,,,2026-09-04 20:00:00,2026-09-08 03:59:00,false,false,,,,,,,Academic Calendar,,,,"Academic Calendar, University Dates &amp; Events | Fall Semester",Registrar’s Office 401-863-2500,,false,,false,,,https://events.brown.edu/academic-calendar/event/330455-registration-of-new-undergraduate-and-all-graduate-st,https://events.brown.edu/live/json/events
335155,Sensory Room,2026-09-06T07:00:00-04:00,2026-09-06T23:59:00-04:00,September 6,7:00am - 11:59pm,America/New_York,false,,,2026-09-06 11:00:00,2026-09-07 03:59:00,false,false,,,Stephen Robert ’62 Campus Center,41.826844,-71.403089,,Orientation and Weeks of Welcome,,,,Brown Team | First-Year | Gold Team | optional | Orientation | Red Team,,,false,,false,"https://events.brown.edu/live/image/gid/123/width/80/height/80/crop/1/src_region/0,0,980,551/23239_20250926_COMM_underground011.jpg",The Underground in campus center,https://events.brown.edu/orientation/event/335155-sensory-room,https://events.brown.edu/live/json/events
335553,All-Student Orientation: Day-trip to Newport,2026-09-06T08:15:00-04:00,2026-09-06T18:40:00-04:00,September 6,8:15am - 6:40pm,America/New_York,false,,,2026-09-06 12:15:00,2026-09-06 22:40:00,false,false,,,Seastreak Ferry,41.816348,-71.398302,Free,Graduate School,,,,doctoral | gradorientation2026 | masters | social,Questions? Email us at gradstudent-orientation@brown.edu.,gradstudent-orientation@brown.edu,true,120,true,"https://events.brown.edu/live/image/gid/49/width/80/height/80/crop/1/src_region/0,0,400,400/15917_Seastreak-Small-Exterior-2-400x400.jpg",,https://events.brown.edu/graduate/event/335553-all-student-orientation-day-trip-to-newport,https://events.brown.edu/live/json/events
335124,Paws &amp; Reflect:,2026-09-06T09:00:00-04:00,2026-09-06T10:30:00-04:00,September 6,9:00am - 10:30am,America/New_York,false,,,2026-09-06 13:00:00,2026-09-06 14:30:00,false,false,,,Your Dorm Hall,,,,Orientation and Weeks of Welcome,,,,Brown Team | First-Year | Gold Team | optional | Orientation | Red Team,,,false,,false,"https://events.brown.edu/live/image/gid/123/width/80/height/80/crop/1/src_region/0,0,1080,1080/19581_Bear_Paw_Design.png",white bear paw on a brown background with colorful confetti and the Brown University logo underneath.,https://events.brown.edu/orientation/event/335124-paws-reflect,https://events.brown.edu/live/json/events
335568,Sunday Morning Mass,2026-09-06T10:30:00-04:00,,September 6,10:30am,America/New_York,false,,,2026-09-06 14:30:00,,false,false,,,Manning Chapel,41.827526,-71.402786,,Office of the Chaplains and Religious Life," Open to the Public | Social Event, Study Break",1st Year Students | 2nd Year Students | 3rd Year Students | 4th Year Students | All Staff | Campus Faculty | Hospital Faculty | Humanities | Life Sciences Biomed | Life Sciences Non-Biomed | Medical Students | Physical Sciences | Social Sciences,,"Brown Team | faith | Faith, Spirituality, Worship | First-Year | Gold Team | Identity, Culture, Inclusion | Multifaith Holidays | OCRL | Optional | Orientation | Philosophy, Religious Studies | Red Team | Student Clubs, Organizations &amp; Activities | Wellbeing",Chaplain: Fr. Justin Bolger - justin_bolger@brown.edu Exec. Assistant: Robert Degre - robert_degre@brown.edu,justin_bolger@brown.edu | robert_degre@brown.edy | robert_degre@brown.edu,false,,false,"https://events.brown.edu/live/image/gid/106/width/80/height/80/crop/1/src_region/0,0,1080,1080/10765_1.png",Sunday Morning Mass,https://events.brown.edu/chaplains-religious-life/event/335568-sunday-morning-mass,https://events.brown.edu/live/json/events
335078,Students of Color Affinity Mixer - All are Welcome!,2026-09-06T10:30:00-04:00,2026-09-06T12:00:00-04:00,September 6,10:30am - 12:00pm,America/New_York,false,,,2026-09-06 14:30:00,2026-09-06 16:00:00,false,false,,,Sharpe Refectory,41.825128,-71.400828,,Orientation and Weeks of Welcome,,,,Brown Team | First-Year | Gold Team | optional | Orientation | Red Team,,,false,,false,,,https://events.brown.edu/orientation/event/335078-students-of-color-affinity-mixer-all-are-welcome,https://events.brown.edu/live/json/events
335106,Brunch with a New Friend,2026-09-06T10:30:00-04:00,2026-09-06T12:00:00-04:00,September 6,10:30am - 12:00pm,America/New_York,false,,,2026-09-06 14:30:00,2026-09-06 16:00:00,false,false,,,Dining Halls,,,,Orientation and Weeks of Welcome,,,,Brown Team | First-Year | Gold Team | optional | Orientation | Red Team,,,false,,false,,,https://events.brown.edu/orientation/event/335106-brunch-with-a-new-friend,https://events.brown.edu/live/json/events
335125,Kick-Off with Bruno,2026-09-06T11:00:00-04:00,2026-09-06T12:00:00-04:00,September 6,11:00am - 12:00pm,America/New_York,false,,,2026-09-06 15:00:00,2026-09-06 16:00:00,false,false,,,Stevenson-Pincince Field,41.831858,-71.39589,,Orientation and Weeks of Welcome,,,,Brown Team | First-Year | Gold Team | optional | Orientation | Red Team,,,false,,false,,,https://events.brown.edu/orientation/event/335125-kick-off-with-bruno,https://events.brown.edu/live/json/events
334789,Brown RISD Hillel Welcome Back BBQ,2026-09-06T12:00:00-04:00,,September 6,12:00pm,America/New_York,false,,,2026-09-06 16:00:00,,false,false,,,Brown RISD Hillel,,,,General,Free Food |  Open to the Public,1st Year Students | 2nd Year Students | 3rd Year Students | 4th Year Students | Humanities | Life Sciences Biomed | Life Sciences Non-Biomed | Medical Students | Physical Sciences | Social Sciences,,"Housing, Dining","Sam Posner, samuel_posner1@brown.edu",samuel_posner1@brown.edu,false,,false,,,https://events.brown.edu/general/event/334789-brown-risd-hillel-welcome-back-bbq,https://events.brown.edu/live/json/events
335569,Brown-RISD Catholic Community BBQ,2026-09-06T12:00:00-04:00,,September 6,12:00pm,America/New_York,false,,,2026-09-06 16:00:00,,false,false,,,"51 Prospect Street, Providence Rhode Island",41.827971,-71.404544,Free,Office of the Chaplains and Religious Life,"Free Food |  Open to the Public | Social Event, Study Break",1st Year Students | 2nd Year Students | 3rd Year Students | 4th Year Students | All Staff | Campus Faculty | Hospital Faculty | Humanities | Life Sciences Biomed | Life Sciences Non-Biomed | Medical Students | Physical Sciences | Social Sciences,,"Brown Team | faith | Faith, Spirituality, Worship | First-Year | Gold Team | Identity, Culture, Inclusion | Multifaith Holidays | OCRL | Optional | Orientation | Philosophy, Religious Studies | Red Team | Service, Engagement, Volunteering | Special Events | Student Clubs, Organizations &amp; Activities | Wellbeing",Chaplain: Fr. Justin Bolger - justin_bolger@brown.edu Exec. Assistant: Robert Degre - robert_degre@brown.edu,justin_bolger@brown.edu | robert_degre@brown.edu,false,,false,"https://events.brown.edu/live/image/gid/106/width/80/height/80/crop/1/src_region/0,0,1080,1080/12361_BBQ.png",Brown-RISD Catholic Community BBQ,https://events.brown.edu/chaplains-religious-life/event/335569-brown-risd-catholic-community-bbq,https://events.brown.edu/live/json/events
333391,Brown University Women’s Soccer vs UCF,2026-09-06T12:00:00-04:00,2026-09-06T14:00:00-04:00,September 6,12:00pm - 2:00pm,America/New_York,false,,,2026-09-06 16:00:00,2026-09-06 18:00:00,false,false,,,"Providence, R.I., Stevenson-Pincince Field",,,,Athletics, Open to the Public,,,"Athletics, Sports, Wellness",,,false,,false,"https://events.brown.edu/live/image/gid/8/width/80/height/80/crop/1/src_region/0,0,1050,1050/10116_brown-athletics.png",Brown University Athletics logo,https://events.brown.edu/athletics/event/333391-brown-university-womens-soccer-vs-ucf,https://events.brown.edu/live/json/events
334999,Bruno’s Got Talent,2026-09-06T12:00:00-04:00,2026-09-06T14:00:00-04:00,September 6,12:00pm - 2:00pm,America/New_York,false,,,2026-09-06 16:00:00,2026-09-06 18:00:00,false,false,,,Salomon Center for Teaching,41.826574,-71.402395,,Orientation and Weeks of Welcome,,,,Brown Team | First-Year | Gold Team | optional | Orientation | Red Team,,,false,,false,"https://events.brown.edu/live/image/gid/123/width/80/height/80/crop/1/src_region/0,0,787,559/15644_oja.png",dance group,https://events.brown.edu/orientation/event/334999-brunos-got-talent,https://events.brown.edu/live/json/events
335126,Women’s Soccer Game,2026-09-06T12:00:00-04:00,2026-09-06T14:00:00-04:00,September 6,12:00pm - 2:00pm,America/New_York,false,,,2026-09-06 16:00:00,2026-09-06 18:00:00,false,false,,,Stevenson-Pincince Field,41.831858,-71.39589,,Orientation and Weeks of Welcome,,,,Brown Team | First-Year | Gold Team | optional | Orientation | Red Team,,,false,,false,"https://events.brown.edu/live/image/gid/123/width/80/height/80/crop/1/src_region/0,0,1375,1100/19885_resize_2.png",Soccer game!,https://events.brown.edu/orientation/event/335126-womens-soccer-game,https://events.brown.edu/live/json/events
333590,Brown University Field Hockey vs Quinnipiac,2026-09-06T14:00:00-04:00,2026-09-06T17:00:00-04:00,September 6,2:00pm - 5:00pm,America/New_York,false,,,2026-09-06 18:00:00,2026-09-06 21:00:00,false,false,,,"Providence, R.I., Goldberger Family Field",,,,Athletics, Open to the Public,,,"Athletics, Sports, Wellness",,,false,,false,"https://events.brown.edu/live/image/gid/8/width/80/height/80/crop/1/src_region/0,0,1050,1050/10116_brown-athletics.png",Brown University Athletics logo,https://events.brown.edu/athletics/event/333590-brown-university-field-hockey-vs-quinnipiac,https://events.brown.edu/live/json/events
335127,Bruno Leader Meeting #3: Dialogues of Discovery,2026-09-06T14:30:00-04:00,2026-09-06T16:00:00-04:00,September 6,2:30pm - 4:00pm,America/New_York,false,,,2026-09-06 18:30:00,2026-09-06 20:00:00,false,false,,,Bruno Leader specific locations,,,,Orientation and Weeks of Welcome,,,,Brown Team | First-Year | Gold Team | Orientation | Red Team,,,false,,false,,,https://events.brown.edu/orientation/event/335127-bruno-leader-meeting-3-dialogues-of-discovery,https://events.brown.edu/live/json/events
335128,Voter Registration with BrownVotes,2026-09-06T16:30:00-04:00,2026-09-06T17:30:00-04:00,September 6,4:30pm - 5:30pm,America/New_York,false,,,2026-09-06 20:30:00,2026-09-06 21:30:00,false,false,,,Stephen Robert ’62 Campus Center,41.826844,-71.403089,,Orientation and Weeks of Welcome,,,,Brown Team | First-Year | Gold Team | optional | Orientation | Red Team,,,false,,false,"https://events.brown.edu/live/image/gid/123/width/80/height/80/crop/1/src_region/0,0,1080,1080/19578_Fg_jjcPWQAAR8JU.jpg",Logo for Brown Votes,https://events.brown.edu/orientation/event/335128-voter-registration-with-brownvotes,https://events.brown.edu/live/json/events
335079,First Generation Affinity Mixer - All are Welcome!,2026-09-06T17:00:00-04:00,2026-09-06T18:30:00-04:00,September 6,5:00pm - 6:30pm,America/New_York,false,,,2026-09-06 21:00:00,2026-09-06 22:30:00,false,false,,,Sharpe Refectory,41.825128,-71.400828,,Orientation and Weeks of Welcome,,,,Brown Team | First-Year | Gold Team | optional | Orientation | Red Team,,,false,,false,,,https://events.brown.edu/orientation/event/335079-first-generation-affinity-mixer-all-are-welcome,https://events.brown.edu/live/json/events
335107,Dinner with a New Friend,2026-09-06T17:00:00-04:00,2026-09-06T18:30:00-04:00,September 6,5:00pm - 6:30pm,America/New_York,false,,,2026-09-06 21:00:00,2026-09-06 22:30:00,false,false,,,Dining Halls,,,,Orientation and Weeks of Welcome,,,,Brown Team | First-Year | Gold Team | optional | Orientation | Red Team,,,false,,false,,,https://events.brown.edu/orientation/event/335107-dinner-with-a-new-friend,https://events.brown.edu/live/json/events
334982,Brown Runs Costco!,2026-09-06T18:00:00-04:00,2026-09-06T22:30:00-04:00,September 6,6:00pm - 10:30pm,America/New_York,false,,,2026-09-06 22:00:00,2026-09-07 02:30:00,false,false,,,Main Green @ George St Gate Entrance,41.825601,-71.40242,,Orientation and Weeks of Welcome,,,,Brown Team | First-Year | Gold Team | optional | Orientation | Red Team,,,false,,false,"https://events.brown.edu/live/image/gid/123/width/80/height/80/crop/1/src_region/0,0,2400,3200/23216_IMG_3009.jpg","Alt Text: Image of Bruno Leaders enjoying NSO's first ever Costo trip in Sharon, Massachusetts!",https://events.brown.edu/orientation/event/334982-brown-runs-costco,https://events.brown.edu/live/json/events
334998,Providence Waterfire,2026-09-06T18:00:00-04:00,2026-09-06T22:30:00-04:00,September 6,6:00pm - 10:30pm,America/New_York,false,,,2026-09-06 22:00:00,2026-09-07 02:30:00,false,false,,,Van Wickle Gates and Memorial Park,,,,Orientation and Weeks of Welcome,,,,Brown Team | First-Year | Gold Team | optional | Orientation | Red Team,,,false,,false,"https://events.brown.edu/live/image/gid/123/width/80/height/80/crop/1/src_region/0,0,1023,673/23243_waterfire.jpg",Providence waterfire,https://events.brown.edu/orientation/event/334998-providence-waterfire,https://events.brown.edu/live/json/events
335074,Paws &amp; Reflect: Journaling,2026-09-06T18:30:00-04:00,2026-09-06T22:30:00-04:00,September 6,6:30pm - 10:30pm,America/New_York,false,,,2026-09-06 22:30:00,2026-09-07 02:30:00,false,false,,,Your Dorm Hall,,,,Orientation and Weeks of Welcome,,,,Brown Team | First-Year | Gold Team | optional | Orientation | Red Team,,,false,,false,"https://events.brown.edu/live/image/gid/123/width/80/height/80/crop/1/src_region/0,0,1080,1080/19581_Bear_Paw_Design.png",white bear paw on a brown background with colorful confetti and the Brown University logo underneath.,https://events.brown.edu/orientation/event/335074-paws-reflect-journaling,https://events.brown.edu/live/json/events
335489,All-Student Orientation: WaterFire,2026-09-06T19:00:00-04:00,,September 6,7:00pm,America/New_York,false,,,2026-09-06 23:00:00,,false,false,,,Van Wickle Gates,41.826124,-71.404571,Free,Graduate School,,,,doctoral | gradorientation2026 | masters | social,Questions? Email us at gradstudent-orientation@brown.edu.,gradstudent-orientation@brown.edu,true,500,false,"https://events.brown.edu/live/image/gid/49/width/80/height/80/crop/1/src_region/0,0,1200,800/15941_waterfire.jpg",,https://events.brown.edu/graduate/event/335489-all-student-orientation-waterfire,https://events.brown.edu/live/json/events
333434,Brown University Men’s Soccer vs Saint Peter’s,2026-09-06T19:00:00-04:00,2026-09-06T21:00:00-04:00,September 6,7:00pm - 9:00pm,America/New_York,false,,,2026-09-06 23:00:00,2026-09-07 01:00:00,false,false,,,"Providence, R.I., Stevenson-Pincince Field",,,,Athletics, Open to the Public,,,"Athletics, Sports, Wellness",,,false,,false,"https://events.brown.edu/live/image/gid/8/width/80/height/80/crop/1/src_region/0,0,1050,1050/10116_brown-athletics.png",Brown University Athletics logo,https://events.brown.edu/athletics/event/333434-brown-university-mens-soccer-vs-saint-peters,https://events.brown.edu/live/json/events
335129,Men’s Soccer vs. St. Peters,2026-09-06T19:00:00-04:00,2026-09-06T22:00:00-04:00,September 6,7:00pm - 10:00pm,America/New_York,false,,,2026-09-06 23:00:00,2026-09-07 02:00:00,false,false,,,Stevenson-Pincince Field,41.831858,-71.39589,,Orientation and Weeks of Welcome,,,,Brown Team | First-Year | Gold Team | optional | Orientation | Red Team,,,false,,false,,,https://events.brown.edu/orientation/event/335129-mens-soccer-vs-st-peters,https://events.brown.edu/live/json/events
330455,"Registration of new undergraduate and all graduate students (residential programs, Cybersecurity, and PRIME) for the fall semester begins at 4:00 pm EDT Fri and ends at 11:59 p.m. EDT Mon Sept 7. (Max of 4 credit hrs allowed for undergraduates).",2026-09-07T00:00:00-04:00,,September 7,,America/New_York,true,,,2026-09-04 20:00:00,2026-09-08 03:59:00,false,false,,,,,,,Academic Calendar,,,,"Academic Calendar, University Dates &amp; Events | Fall Semester",Registrar’s Office 401-863-2500,,false,,false,,,https://events.brown.edu/academic-calendar/event/330455-registration-of-new-undergraduate-and-all-graduate-st,https://events.brown.edu/live/json/events
335156,Sensory Room,2026-09-07T07:00:00-04:00,2026-09-07T23:59:00-04:00,September 7,7:00am - 11:59pm,America/New_York,false,,,2026-09-07 11:00:00,2026-09-08 03:59:00,false,false,,,Stephen Robert ’62 Campus Center,41.826844,-71.403089,,Orientation and Weeks of Welcome,,,,Brown Team | First-Year | Gold Team | optional | Orientation | Red Team,,,false,,false,"https://events.brown.edu/live/image/gid/123/width/80/height/80/crop/1/src_region/0,0,980,551/23239_20250926_COMM_underground011.jpg",The Underground in campus center,https://events.brown.edu/orientation/event/335156-sensory-room,https://events.brown.edu/live/json/events
334984,Breakfast and Bouqets,2026-09-07T09:00:00-04:00,2026-09-07T10:30:00-04:00,September 7,9:00am - 10:30am,America/New_York,false,,,2026-09-07 13:00:00,2026-09-07 14:30:00,false,false,,,Andrew’s Terrace,,,,Orientation and Weeks of Welcome,,,,Brown Team | First-Year | Gold Team | optional | Orientation | Red Team,,,false,,false,"https://events.brown.edu/live/image/gid/123/width/80/height/80/crop/1/src_region/0,0,387,516/23217_images.jpg","Image of students preparing creative and beautiful bouqets for their classmates, friends, and other fellow brunonians!",https://events.brown.edu/orientation/event/334984-breakfast-and-bouqets,https://events.brown.edu/live/json/events
335131,Paws &amp; Reflect:,2026-09-07T09:00:00-04:00,2026-09-07T12:00:00-04:00,September 7,9:00am - 12:00pm,America/New_York,false,,,2026-09-07 13:00:00,2026-09-07 16:00:00,false,false,,,In Your Dorm Room,,,,Orientation and Weeks of Welcome,"Social Event, Study Break",,,Brown Team | First-Year | Gold Team | optional | Orientation | Red Team,,,false,,false,"https://events.brown.edu/live/image/gid/123/width/80/height/80/crop/1/src_region/0,0,1080,1080/19581_Bear_Paw_Design.png",white bear paw on a brown background with colorful confetti and the Brown University logo underneath.,https://events.brown.edu/orientation/event/335131-paws-reflect,https://events.brown.edu/live/json/events
330997,Exhibit | Scents of the Ancient Past (Curated by Erynn Bentley ’27),2026-09-07T09:00:00-04:00,2026-09-07T16:30:00-04:00,September 7,9:00am - 4:30pm,America/New_York,false,every weekday (Monday to Friday),October 1,2026-05-01 13:00:00,2026-10-01 13:00:00,false,false,,,Rhode Island Hall,41.82548,-71.403879,,Joukowsky Institute for Archaeology," Open to the Public | Performances, Concerts and Exhibitions",1st Year Students | 2nd Year Students | 3rd Year Students | 4th Year Students | All Staff | Campus Faculty | Hospital Faculty | Humanities | Medical Students | Social Sciences,,"Arts, Performance | History, Cultural Studies, Languages | Humanities | Identity, Culture, Inclusion | International, Global Engagement","Joukowsky Institute for ArchaeologyRhode Island Hall, 60 George Street, Providence, RI jiaaw@brown.edu _____________________________ archaeology.brown.edu",jiaaw@brown.edu,false,,false,"https://events.brown.edu/live/image/gid/58/width/80/height/80/crop/1/src_region/0,128,1027,1155/22683_36_without_scale.jpg",,https://events.brown.edu/joukowsky-archaeology/event/330997-exhibit-scents-of-the-ancient-past-curated-by,https://events.brown.edu/live/json/events
335080,Gap Year(s) Affinity Mixer - All are Welcome!,2026-09-07T09:30:00-04:00,2026-09-07T11:00:00-04:00,September 7,9:30am - 11:00am,America/New_York,false,,,2026-09-07 13:30:00,2026-09-07 15:00:00,false,false,,,Sharpe Refectory,41.825128,-71.400828,,Orientation and Weeks of Welcome,,,,Brown Team | First-Year | Gold Team | optional | Orientation | Red Team,,,false,,false,,,https://events.brown.edu/orientation/event/335080-gap-years-affinity-mixer-all-are-welcome,https://events.brown.edu/live/json/events
335108,Breakfast with a New Friend,2026-09-07T09:30:00-04:00,2026-09-07T11:00:00-04:00,September 7,9:30am - 11:00am,America/New_York,false,,,2026-09-07 13:30:00,2026-09-07 15:00:00,false,false,,,Dining Halls,,,,Orientation and Weeks of Welcome,,,,Brown Team | First-Year | Gold Team | optional | Orientation | Red Team,,,false,,false,,,https://events.brown.edu/orientation/event/335108-breakfast-with-a-new-friend,https://events.brown.edu/live/json/events
334983,Discover Providence Bus Tours!,2026-09-07T10:00:00-04:00,2026-09-07T12:00:00-04:00,September 7,10:00am - 12:00pm,America/New_York,false,,,2026-09-07 14:00:00,2026-09-07 16:00:00,false,false,,,Meeting street,,,,Orientation and Weeks of Welcome,,,,Brown Team | First-Year | Gold Team | optional | Orientation | Red Team,,,false,,false,"https://events.brown.edu/live/image/gid/123/width/80/height/80/crop/1/src_region/0,0,2048,1366/19884_D832C72A-F07B-4572-A7B7-DCD291EF0D04.jpg",Downtown providence tour,https://events.brown.edu/orientation/event/334983-discover-providence-bus-tours,https://events.brown.edu/live/json/events
335130,Bookstore Welcome,2026-09-07T10:30:00-04:00,2026-09-07T12:00:00-04:00,September 7,10:30am - 12:00pm,America/New_York,false,,,2026-09-07 14:30:00,2026-09-07 16:00:00,false,false,,,Brown Bookstore,41.828276,-71.400941,,Orientation and Weeks of Welcome,,,,Brown Team | First-Year | Gold Team | optional | Orientation | Red Team,,,false,,false,"https://events.brown.edu/live/image/gid/123/width/80/height/80/crop/1/src_region/0,0,1910,1478/23240_Screenshot_2026-07-23_at_5.56.28PM.png",Brown Bookstore,https://events.brown.edu/orientation/event/335130-bookstore-welcome,https://events.brown.edu/live/json/events
335081,Students with Disabilities Affinity Mixer - All are Welcome!,2026-09-07T12:30:00-04:00,2026-09-07T14:00:00-04:00,September 7,12:30pm - 2:00pm,America/New_York,false,,,2026-09-07 16:30:00,2026-09-07 18:00:00,false,false,,,Sharpe Refectory,41.825128,-71.400828,,Orientation and Weeks of Welcome,,,,Brown Team | First-Year | Gold Team | optional | Orientation | Red Team,,,false,,false,,,https://events.brown.edu/orientation/event/335081-students-with-disabilities-affinity-mixer-all-are-wel,https://events.brown.edu/live/json/events
335109,Lunch with a New Friend,2026-09-07T12:30:00-04:00,2026-09-07T14:00:00-04:00,September 7,12:30pm - 2:00pm,America/New_York,false,,,2026-09-07 16:30:00,2026-09-07 18:00:00,false,false,,,Dining Halls,,,,Orientation and Weeks of Welcome,,,,Brown Team | First-Year | Gold Team | optional | Orientation | Red Team,,,false,,false,,,https://events.brown.edu/orientation/event/335109-lunch-with-a-new-friend,https://events.brown.edu/live/json/events
335132,Bruno Leader Meeting #4 &amp; Class Schedule Tours,2026-09-07T14:30:00-04:00,2026-09-07T17:00:00-04:00,September 7,2:30pm - 5:00pm,America/New_York,false,,,2026-09-07 18:30:00,2026-09-07 21:00:00,false,false,,,Bruno Leader specific locations,,,,Orientation and Weeks of Welcome,,,,Brown Team | First-Year | Gold Team | Orientation | Red Team,,,false,,false,,,https://events.brown.edu/orientation/event/335132-bruno-leader-meeting-4-class-schedule-tours,https://events.brown.edu/live/json/events
335082,LGBTQIA2S+ Affinity Mixer - All are Welcome!,2026-09-07T18:00:00-04:00,2026-09-07T19:30:00-04:00,September 7,6:00pm - 7:30pm,America/New_York,false,,,2026-09-07 22:00:00,2026-09-07 23:30:00,false,false,,,Sharpe Refectory,41.825128,-71.400828,,Orientation and Weeks of Welcome,,,,Brown Team | First-Year | Gold Team | optional | Orientation | Red Team,,,false,,false,,,https://events.brown.edu/orientation/event/335082-lgbtqia2s-affinity-mixer-all-are-welcome,https://events.brown.edu/live/json/events
335110,Dinner with a New Friend,2026-09-07T18:00:00-04:00,2026-09-07T19:30:00-04:00,September 7,6:00pm - 7:30pm,America/New_York,false,,,2026-09-07 22:00:00,2026-09-07 23:30:00,false,false,,,Dining Halls,,,,Orientation and Weeks of Welcome,,,,Brown Team | First-Year | Gold Team | optional | Orientation | Red Team,,,false,,false,,,https://events.brown.edu/orientation/event/335110-dinner-with-a-new-friend,https://events.brown.edu/live/json/events
335133,Arrr! Capella Concert,2026-09-07T19:30:00-04:00,2026-09-07T20:15:00-04:00,September 7,7:30pm - 8:15pm,America/New_York,false,,,2026-09-07 23:30:00,2026-09-08 00:15:00,false,false,,,Ruth J. Simmons Quadrangle,41.826273,-71.401748,,Orientation and Weeks of Welcome,,,,Brown Team | First-Year | Gold Team | optional | Orientation | Red Team,,,false,,false,,,https://events.brown.edu/orientation/event/335133-arrr-capella-concert,https://events.brown.edu/live/json/events
334985,Silent Disco,2026-09-07T20:00:00-04:00,2026-09-07T22:30:00-04:00,September 7,8:00pm - 10:30pm,America/New_York,false,,,2026-09-08 00:00:00,2026-09-08 02:30:00,false,false,,,Main Green,41.826853,-71.402987,,Orientation and Weeks of Welcome,,,,Brown Team | First-Year | Gold Team | optional | Orientation | Red Team,,,false,,false,,,https://events.brown.edu/orientation/event/334985-silent-disco,https://events.brown.edu/live/json/events
334986,Stargazing,2026-09-07T20:15:00-04:00,2026-09-07T23:30:00-04:00,September 7,8:15pm - 11:30pm,America/New_York,false,,,2026-09-08 00:15:00,2026-09-08 03:30:00,false,false,,,Ruth J. Simmons Quadrangle,41.826273,-71.401748,,Orientation and Weeks of Welcome,,,,Brown Team | First-Year | Gold Team | optional | Orientation | Red Team,,,false,,false,"https://events.brown.edu/live/image/gid/123/width/80/height/80/crop/1/src_region/0,0,320,480/15778_eyJ3Ijo0ODAsImgiOjQ4MCwic2NvcGUiOiJhcHAifQ.jpg",sunset,https://events.brown.edu/orientation/event/334986-stargazing,https://events.brown.edu/live/json/events
335075,Paws &amp; Reflect: Call your Loved Ones!,2026-09-07T20:15:00-04:00,2026-09-07T23:30:00-04:00,September 7,8:15pm - 11:30pm,America/New_York,false,,,2026-09-08 00:15:00,2026-09-08 03:30:00,false,false,,,In Your Dorm Room,,,,Orientation and Weeks of Welcome,"Social Event, Study Break",,,Brown Team | First-Year | Gold Team | optional | Orientation | Red Team,,,false,,false,"https://events.brown.edu/live/image/gid/123/width/80/height/80/crop/1/src_region/0,0,1080,1080/19581_Bear_Paw_Design.png",white bear paw on a brown background with colorful confetti and the Brown University logo underneath.,https://events.brown.edu/orientation/event/335075-paws-reflect-call-your-loved-ones,https://events.brown.edu/live/json/events
335633,Opening Convocation at 4:00 p.m. EDT,2026-09-08T00:00:00-04:00,,September 8,,America/New_York,true,,,2026-09-08 04:00:00,,false,false,,,,,,,Academic Calendar,,,,"Academic Calendar, University Dates &amp; Events",Registrar’s Office 401-863-2500,,false,,false,,,https://events.brown.edu/live/events/329140-opening-convocation-at-400-pm-edt,https://events.brown.edu/live/json/events
330097,Registration re-opens at 9:00 a.m. EDT on Sept. 8 for all students for the fall semester. (Up to a maximum of 5 credit hours allowed).,2026-09-08T00:00:00-04:00,,September 8,,America/New_York,true,,,2026-09-08 04:00:00,,false,false,,,,,,,Academic Calendar,,,,"Academic Calendar, University Dates &amp; Events | Fall Semester",Registrar’s Office 401-863-2500,,false,,false,,,https://events.brown.edu/academic-calendar/event/330097-registration-re-opens-at-900-am-edt-on-sept-8-for,https://events.brown.edu/live/json/events
335157,Sensory Room,2026-09-08T07:00:00-04:00,2026-09-08T14:00:00-04:00,September 8,7:00am - 2:00pm,America/New_York,false,,,2026-09-08 11:00:00,2026-09-08 18:00:00,false,false,,,Stephen Robert ’62 Campus Center,41.826844,-71.403089,,Orientation and Weeks of Welcome,,,,Brown Team | First-Year | Gold Team | optional | Orientation | Red Team,,,false,,false,,,https://events.brown.edu/orientation/event/335157-sensory-room,https://events.brown.edu/live/json/events
335083,Rural Students Affinity Mixer - All are Welcome!,2026-09-08T09:00:00-04:00,2026-09-08T10:30:00-04:00,September 8,9:00am - 10:30am,America/New_York,false,,,2026-09-08 13:00:00,2026-09-08 14:30:00,false,false,,,Sharpe Refectory,41.825128,-71.400828,,Orientation and Weeks of Welcome,,,,Brown Team | First-Year | Gold Team | optional | Orientation | Red Team,,,false,,false,,,https://events.brown.edu/orientation/event/335083-rural-students-affinity-mixer-all-are-welcome,https://events.brown.edu/live/json/events
335111,Breakfast with a New Friend,2026-09-08T09:00:00-04:00,2026-09-08T10:30:00-04:00,September 8,9:00am - 10:30am,America/New_York,false,,,2026-09-08 13:00:00,2026-09-08 14:30:00,false,false,,,Dining Halls,,,,Orientation and Weeks of Welcome,,,,Brown Team | First-Year | Gold Team | optional | Orientation | Red Team,,,false,,false,,,https://events.brown.edu/orientation/event/335111-breakfast-with-a-new-friend,https://events.brown.edu/live/json/events
330998,Exhibit | Scents of the Ancient Past (Curated by Erynn Bentley ’27),2026-09-08T09:00:00-04:00,2026-09-08T16:30:00-04:00,September 8,9:00am - 4:30pm,America/New_York,false,every weekday (Monday to Friday),October 1,2026-05-01 13:00:00,2026-10-01 13:00:00,false,false,,,Rhode Island Hall,41.82548,-71.403879,,Joukowsky Institute for Archaeology," Open to the Public | Performances, Concerts and Exhibitions",1st Year Students | 2nd Year Students | 3rd Year Students | 4th Year Students | All Staff | Campus Faculty | Hospital Faculty | Humanities | Medical Students | Social Sciences,,"Arts, Performance | History, Cultural Studies, Languages | Humanities | Identity, Culture, Inclusion | International, Global Engagement","Joukowsky Institute for ArchaeologyRhode Island Hall, 60 George Street, Providence, RI jiaaw@brown.edu _____________________________ archaeology.brown.edu",jiaaw@brown.edu,false,,false,"https://events.brown.edu/live/image/gid/58/width/80/height/80/crop/1/src_region/0,128,1027,1155/22683_36_without_scale.jpg",,https://events.brown.edu/joukowsky-archaeology/event/330998-exhibit-scents-of-the-ancient-past-curated-by,https://events.brown.edu/live/json/events
335134,Neighborhood Rally,2026-09-08T10:00:00-04:00,2026-09-08T12:00:00-04:00,September 8,10:00am - 12:00pm,America/New_York,false,,,2026-09-08 14:00:00,2026-09-08 16:00:00,false,false,,,Pembroke Field,,,,Orientation and Weeks of Welcome,,,,Brown Team | First-Year | Gold Team | optional | Orientation | Red Team,,,false,,false,,,https://events.brown.edu/orientation/event/335134-neighborhood-rally,https://events.brown.edu/live/json/events
326643,1776 Across the Americas: A Hemispheric History from the Collections of the John Carter Brown Library,2026-09-08T10:00:00-04:00,2026-09-08T12:45:00-04:00,September 8,10:00am - 12:45pm,America/New_York,false,every weekday (Monday to Friday),December 18,2026-02-06 15:00:00,2026-12-18 15:00:00,false,false,,,94 George Street,,,Free,John Carter Brown Library," Open to the Public | Performances, Concerts and Exhibitions",,,"history | History, Cultural Studies, Languages | Humanities | Identity, Culture, Inclusion | International, Global Engagement | Libraries | Social Sciences",jcb-events@brown.edu,jcb-events@brown.edu,false,,false,"https://events.brown.edu/live/image/gid/138/width/80/height/80/crop/1/src_region/0,0,1728,1728/21701_1776_Social_Media_Bkgds_JCBL_2026-01-21.jpg",The image shows a rooster pulling on the British flag.,https://events.brown.edu/john-carter-brown-library/event/326643-1776-across-the-americas-a-hemispheric-history,https://events.brown.edu/live/json/events
288055,COBRE CBC Computational Biology Walk-in Office hours,2026-09-08T11:00:00-04:00,2026-09-08T12:00:00-04:00,September 8,11:00am - 12:00pm,America/New_York,false,weekly,"December 31<span class=""lw_date_year"">, 2027</span>",2024-06-11 15:00:00,2027-12-31 16:00:00,false,true,Online only,https://brown.zoom.us/j/95250171953,,,,,Center for Computation and Visualization (CCV),,,,,Center for Computation and Visualization Talk to us on https://ccv.brown.edu/discuss,,false,,false,,,https://events.brown.edu/ccv/event/288055-cobre-cbc-computational-biology-walk-in-office,https://events.brown.edu/live/json/events
335135,Class Photo,2026-09-08T11:30:00-04:00,2026-09-08T12:00:00-04:00,September 8,11:30am - 12:00pm,America/New_York,false,,,2026-09-08 15:30:00,2026-09-08 16:00:00,false,false,,,Pembroke Field,,,,Orientation and Weeks of Welcome,,,,Brown Team | First-Year | Gold Team | optional | Orientation | Red Team,,,false,,false,,,https://events.brown.edu/orientation/event/335135-class-photo,https://events.brown.edu/live/json/events
333300,Career Services | Workshop: ATS Approved - Create a Modern Resume,2026-09-08T12:00:00-04:00,2026-09-08T13:00:00-04:00,September 8,12:00pm - 1:00pm,America/New_York,false,,,2026-09-08 16:00:00,2026-09-08 17:00:00,false,false,,,Zoom,,,Free,Master’s Programs,"Lectures, Seminars and Workshops",Humanities | Life Sciences Biomed | Life Sciences Non-Biomed | Physical Sciences | Social Sciences,,"Careers, Recruiting, Internships | Graduate School, Postgraduate Education | Training, Professional Development",masters_careersupport@brown.edu,masters_careersupport@brown.edu,false,,false,"https://events.brown.edu/live/image/gid/224/width/80/height/80/crop/1/src_region/0,0,1080,1080/23201_NL_Events_ATS_Approved_create_a_modern_resume.png",Manilla folder with office supplies and stars scattered around,https://events.brown.edu/live/events/333013-career-services-workshop-ats-approved-create-a-modern,https://events.brown.edu/live/json/events
333626,Mindfulness-Based Programs | General Info Session,2026-09-08T12:00:00-04:00,2026-09-08T13:00:00-04:00,September 8,12:00pm - 1:00pm,America/New_York,false,,,2026-09-08 16:00:00,2026-09-08 17:00:00,false,true,Online only,https://apply.professional.brown.edu/register/?id=b6155e3e-eac3-46c6-b0e3-f923fd24ed58,,,,Free,School of Professional Studies, Open to the Public,,,mindfulness,mindfulness@brown.edu,mindfulness@brown.edu,false,,false,"https://events.brown.edu/live/image/gid/175/width/80/height/80/crop/1/src_region/0,0,864,864/11969_Mindfulness_Center_Photo.jpg",A group of People Meditating ,https://events.brown.edu/sps/event/333626-mindfulness-based-programs-general-info-session,https://events.brown.edu/live/json/events
335136,Lunch with a New Friend,2026-09-08T12:00:00-04:00,2026-09-08T13:30:00-04:00,September 8,12:00pm - 1:30pm,America/New_York,false,,,2026-09-08 16:00:00,2026-09-08 17:30:00,false,false,,,Dining Halls,,,,Orientation and Weeks of Welcome,,,,Brown Team | First-Year | Gold Team | optional | Orientation | Red Team,,,false,,false,,,https://events.brown.edu/orientation/event/335136-lunch-with-a-new-friend,https://events.brown.edu/live/json/events
335137,Academic Expo,2026-09-08T12:30:00-04:00,2026-09-08T14:30:00-04:00,September 8,12:30pm - 2:30pm,America/New_York,false,,,2026-09-08 16:30:00,2026-09-08 18:30:00,false,false,,,Ruth J. Simmons Quadrangle,41.826273,-71.401748,,Orientation and Weeks of Welcome,,,,Brown Team | First-Year | Gold Team | Orientation | Red Team,,,false,,false,,,https://events.brown.edu/orientation/event/335137-academic-expo,https://events.brown.edu/live/json/events
333727,Cooperation and Competition in the New Global Order,2026-09-08T13:00:00-04:00,2026-09-08T15:00:00-04:00,September 8,1:00pm - 3:00pm,America/New_York,false,,,2026-09-08 17:00:00,2026-09-08 19:00:00,false,false,,,,,,,Alumni &amp; Friends,,,,,,,false,,false,,,https://events.brown.edu/alumni-friends/event/333727-cooperation-and-competition-in-the-new-global,https://events.brown.edu/live/json/events
326876,1776 Across the Americas: A Hemispheric History from the Collections of the John Carter Brown Library,2026-09-08T14:00:00-04:00,2026-09-08T16:45:00-04:00,September 8,2:00pm - 4:45pm,America/New_York,false,every Tuesday and Thursday,December 17,2026-02-10 19:00:00,2026-12-17 19:00:00,false,false,,,94 George Street,,,Free,John Carter Brown Library," Open to the Public | Performances, Concerts and Exhibitions",,,"history | History, Cultural Studies, Languages | Humanities | Identity, Culture, Inclusion | International, Global Engagement | Libraries | Social Sciences",jcb-events@brown.edu,jcb-events@brown.edu,false,,false,"https://events.brown.edu/live/image/gid/138/width/80/height/80/crop/1/src_region/0,0,1728,1728/21701_1776_Social_Media_Bkgds_JCBL_2026-01-21.jpg",The image shows a rooster pulling on the British flag.,https://events.brown.edu/john-carter-brown-library/event/326876-1776-across-the-americas-a-hemispheric-history,https://events.brown.edu/live/json/events
335492,Belong at Brown | Master’s Student Financial Wellness,2026-09-08T15:00:00-04:00,2026-09-08T16:00:00-04:00,September 8,3:00pm - 4:00pm,America/New_York,false,,,2026-09-08 19:00:00,2026-09-08 20:00:00,false,true,Online only,https://apply.professional.brown.edu/register/?id=eb829a7c-e1bb-40a8-a781-0171d84454b7,,,,Free,Master’s Programs,,,,"Fifth-Year Master's | Graduate School, Postgraduate Education | Master's Admissions | Master's Events | masters",masters_events@brown.edu,masters_events@brown.edu,false,,false,"https://events.brown.edu/live/image/gid/175/width/80/height/80/crop/1/src_region/0,0,3200,2133/10391_20091030_PAUR_0010.jpg","Fallen autumn leaves on the front green, University and Manning Halls in the background, exterior",https://events.brown.edu/masters-programs/event/335492-belong-at-brown-masters-student-financial,https://events.brown.edu/live/json/events
331385,Jennifer Morgan on Partus Sequitur Ventrem (Part of The Revolution Is News),2026-09-08T16:00:00-04:00,,September 8,4:00pm,America/New_York,false,,,2026-09-08 20:00:00,,false,true,Online only,,Virtual.,,,,John Carter Brown Library,"Lectures, Seminars and Workshops |  Open to the Public",1st Year Students | 2nd Year Students | 3rd Year Students | 4th Year Students | All Staff | Campus Faculty | Humanities | Social Sciences,,"Government, Public &amp; International Affairs | History, Cultural Studies, Languages | Humanities | Identity, Culture, Inclusion | Libraries | Social Sciences",jcb-events@brown.edu,jcb-events@brown.edu,false,,false,"https://events.brown.edu/live/image/gid/138/width/80/height/80/crop/1/src_region/0,0,1080,1350/22554__Morgan_The_Revolution_Is_News.png","The image contains the text The Revolution Is News, Jennifer Morgan, Partus Sequitur Ventrem, September 8, 2026.",https://events.brown.edu/live/events/330350-jennifer-morgan-on-partus-sequitur-ventrem-part-of,https://events.brown.edu/live/json/events
335440,Your Blueprint to a Job in the Engineering &amp; Science Industries,2026-09-08T16:00:00-04:00,2026-09-08T17:00:00-04:00,September 8,4:00pm - 5:00pm,America/New_York,false,,,2026-09-08 20:00:00,2026-09-08 21:00:00,false,false,,,Barus and Holley,41.826581,-71.397932,,Tisch Career Center,,1st Year Students | 2nd Year Students | 3rd Year Students | 4th Year Students,,"Careers, Recruiting, Internships | Information Session",recruiting@brown.edu,recruiting@brown.edu,false,,false,"https://events.brown.edu/live/image/gid/19/width/80/height/80/crop/1/src_region/0,0,434,426/2894_events_browmimage.png",,https://events.brown.edu/career-center/event/335440-your-blueprint-to-a-job-in-the-engineering-science-in,https://events.brown.edu/live/json/events
323810,Classes of the first semester begin.,2026-09-09T00:00:00-04:00,,September 9,,America/New_York,true,,,2026-09-09 04:00:00,,false,false,,,,,,,Academic Calendar,,,,,Registrar’s Office 401-863-2500,,false,,false,,,https://events.brown.edu/live/events/311737-classes-of-the-first-semester-begin,https://events.brown.edu/live/json/events
330087,First day of RISD Fall Session.,2026-09-09T00:00:00-04:00,,September 9,,America/New_York,true,,,2026-09-09 04:00:00,,false,false,,,,,,,Academic Calendar,,,,"Academic Calendar, University Dates &amp; Events | Fall Semester",Registrar’s Office 401-863-2500,,false,,false,,,https://events.brown.edu/academic-calendar/event/330087-first-day-of-risd-fall-session,https://events.brown.edu/live/json/events
330999,Exhibit | Scents of the Ancient Past (Curated by Erynn Bentley ’27),2026-09-09T09:00:00-04:00,2026-09-09T16:30:00-04:00,September 9,9:00am - 4:30pm,America/New_York,false,every weekday (Monday to Friday),October 1,2026-05-01 13:00:00,2026-10-01 13:00:00,false,false,,,Rhode Island Hall,41.82548,-71.403879,,Joukowsky Institute for Archaeology," Open to the Public | Performances, Concerts and Exhibitions",1st Year Students | 2nd Year Students | 3rd Year Students | 4th Year Students | All Staff | Campus Faculty | Hospital Faculty | Humanities | Medical Students | Social Sciences,,"Arts, Performance | History, Cultural Studies, Languages | Humanities | Identity, Culture, Inclusion | International, Global Engagement","Joukowsky Institute for ArchaeologyRhode Island Hall, 60 George Street, Providence, RI jiaaw@brown.edu _____________________________ archaeology.brown.edu",jiaaw@brown.edu,false,,false,"https://events.brown.edu/live/image/gid/58/width/80/height/80/crop/1/src_region/0,128,1027,1155/22683_36_without_scale.jpg",,https://events.brown.edu/joukowsky-archaeology/event/330999-exhibit-scents-of-the-ancient-past-curated-by,https://events.brown.edu/live/json/events
326644,1776 Across the Americas: A Hemispheric History from the Collections of the John Carter Brown Library,2026-09-09T10:00:00-04:00,2026-09-09T12:45:00-04:00,September 9,10:00am - 12:45pm,America/New_York,false,every weekday (Monday to Friday),December 18,2026-02-06 15:00:00,2026-12-18 15:00:00,false,false,,,94 George Street,,,Free,John Carter Brown Library," Open to the Public | Performances, Concerts and Exhibitions",,,"history | History, Cultural Studies, Languages | Humanities | Identity, Culture, Inclusion | International, Global Engagement | Libraries | Social Sciences",jcb-events@brown.edu,jcb-events@brown.edu,false,,false,"https://events.brown.edu/live/image/gid/138/width/80/height/80/crop/1/src_region/0,0,1728,1728/21701_1776_Social_Media_Bkgds_JCBL_2026-01-21.jpg",The image shows a rooster pulling on the British flag.,https://events.brown.edu/john-carter-brown-library/event/326644-1776-across-the-americas-a-hemispheric-history,https://events.brown.edu/live/json/events
326800,1776 Across the Americas: A Hemispheric History from the Collections of the John Carter Brown Library,2026-09-09T14:00:00-04:00,2026-09-09T16:45:00-04:00,September 9,2:00pm - 4:45pm,America/New_York,false,weekly,December 16,2026-02-11 19:00:00,2026-12-16 19:00:00,false,false,,,94 George Street,,,Free,John Carter Brown Library," Open to the Public | Performances, Concerts and Exhibitions",,,"history | History, Cultural Studies, Languages | Humanities | Identity, Culture, Inclusion | International, Global Engagement | Libraries | Social Sciences",jcb-events@brown.edu,jcb-events@brown.edu,false,,false,"https://events.brown.edu/live/image/gid/138/width/80/height/80/crop/1/src_region/0,0,1728,1728/21701_1776_Social_Media_Bkgds_JCBL_2026-01-21.jpg",The image shows a rooster pulling on the British flag.,https://events.brown.edu/john-carter-brown-library/event/326800-1776-across-the-americas-a-hemispheric-history,https://events.brown.edu/live/json/events
287420,COBRE CBC Computational Biology Walk-in Office hours,2026-09-09T15:00:00-04:00,2026-09-09T16:00:00-04:00,September 9,3:00pm - 4:00pm,America/New_York,false,weekly,"December 31<span class=""lw_date_year"">, 2027</span>",2024-06-26 19:00:00,2027-12-31 20:00:00,false,true,Online only,https://brown.zoom.us/j/95250171953,,,,,Center for Computation and Visualization (CCV),,,,,Center for Computation and Visualization Talk to us on https://ccv.brown.edu/discuss,,false,,false,,,https://events.brown.edu/ccv/event/287420-cobre-cbc-computational-biology-walk-in-office,https://events.brown.edu/live/json/events
334932,Intro to Recruiting: Jobs and Internships,2026-09-09T17:30:00-04:00,2026-09-09T18:30:00-04:00,September 9,5:30pm - 6:30pm,America/New_York,false,,,2026-09-09 21:30:00,2026-09-09 22:30:00,false,false,,,Building for Environmental Research and Teaching (BERT),41.826915,-71.401917,,Tisch Career Center,,2nd Year Students | 3rd Year Students | 4th Year Students,,"Careers, Recruiting, Internships | Information Session",recruiting@brown.edu,recruiting@brown.edu,false,,false,"https://events.brown.edu/live/image/gid/19/width/80/height/80/crop/1/src_region/0,0,434,426/2894_events_browmimage.png",,https://events.brown.edu/career-center/event/334932-intro-to-recruiting-jobs-and-internships,https://events.brown.edu/live/json/events
331000,Exhibit | Scents of the Ancient Past (Curated by Erynn Bentley ’27),2026-09-10T09:00:00-04:00,2026-09-10T16:30:00-04:00,September 10,9:00am - 4:30pm,America/New_York,false,every weekday (Monday to Friday),October 1,2026-05-01 13:00:00,2026-10-01 13:00:00,false,false,,,Rhode Island Hall,41.82548,-71.403879,,Joukowsky Institute for Archaeology," Open to the Public | Performances, Concerts and Exhibitions",1st Year Students | 2nd Year Students | 3rd Year Students | 4th Year Students | All Staff | Campus Faculty | Hospital Faculty | Humanities | Medical Students | Social Sciences,,"Arts, Performance | History, Cultural Studies, Languages | Humanities | Identity, Culture, Inclusion | International, Global Engagement","Joukowsky Institute for ArchaeologyRhode Island Hall, 60 George Street, Providence, RI jiaaw@brown.edu _____________________________ archaeology.brown.edu",jiaaw@brown.edu,false,,false,"https://events.brown.edu/live/image/gid/58/width/80/height/80/crop/1/src_region/0,128,1027,1155/22683_36_without_scale.jpg",,https://events.brown.edu/joukowsky-archaeology/event/331000-exhibit-scents-of-the-ancient-past-curated-by,https://events.brown.edu/live/json/events
326645,1776 Across the Americas: A Hemispheric History from the Collections of the John Carter Brown Library,2026-09-10T10:00:00-04:00,2026-09-10T12:45:00-04:00,September 10,10:00am - 12:45pm,America/New_York,false,every weekday (Monday to Friday),December 18,2026-02-06 15:00:00,2026-12-18 15:00:00,false,false,,,94 George Street,,,Free,John Carter Brown Library," Open to the Public | Performances, Concerts and Exhibitions",,,"history | History, Cultural Studies, Languages | Humanities | Identity, Culture, Inclusion | International, Global Engagement | Libraries | Social Sciences",jcb-events@brown.edu,jcb-events@brown.edu,false,,false,"https://events.brown.edu/live/image/gid/138/width/80/height/80/crop/1/src_region/0,0,1728,1728/21701_1776_Social_Media_Bkgds_JCBL_2026-01-21.jpg",The image shows a rooster pulling on the British flag.,https://events.brown.edu/john-carter-brown-library/event/326645-1776-across-the-americas-a-hemispheric-history,https://events.brown.edu/live/json/events
333299,Career Services | Mock Career Fair,2026-09-10T12:00:00-04:00,2026-09-10T14:00:00-04:00,September 10,12:00pm - 2:00pm,America/New_York,false,,,2026-09-10 16:00:00,2026-09-10 18:00:00,false,false,,,"Pembroke Hall, 172 Meeting Street, Providence, RI",,,Free,Master’s Programs,"Free Food | Lectures, Seminars and Workshops",Humanities | Life Sciences Biomed | Life Sciences Non-Biomed | Physical Sciences | Social Sciences,,"Careers, Recruiting, Internships | Graduate School, Postgraduate Education | Training, Professional Development",masters_careersupport@brown.edu,masters_careersupport@brown.edu,false,,false,"https://events.brown.edu/live/image/gid/224/width/80/height/80/crop/1/src_region/0,0,1080,1080/23202_NLEvents-Mock_Career_Fair.png",People conversing with one another,https://events.brown.edu/live/events/333014-career-services-mock-career-fair,https://events.brown.edu/live/json/events
335144,LCC: Population Sciences Seminar with Dr. Tayla von Ash,2026-09-10T13:00:00-04:00,2026-09-10T14:00:00-04:00,September 10,1:00pm - 2:00pm,America/New_York,false,,,2026-09-10 17:00:00,2026-09-10 18:00:00,false,true,Online only,https://brown.zoom.us/j/7702762473?pwd=dkE4ZnlzS01WQjFwbWdzUXIxWDRuQT09&amp;omn=97200142650,Zoom,,,,Legorreta Cancer Center,"Conferences and Colloquia | Lectures, Seminars and Workshops |  Open to the Public",1st Year Students | 2nd Year Students | 3rd Year Students | 4th Year Students | All Staff | Campus Faculty | Hospital Faculty | Humanities | Life Sciences Biomed | Life Sciences Non-Biomed | Medical Students | Physical Sciences | Social Sciences,,,"Legorreta Cancer Center 233 Richmond Street, Room 129 Providence, RI 02903",,false,,false,"https://events.brown.edu/live/image/gid/218/width/80/height/80/crop/1/src_region/0,0,2400,3000/23213_tash1_photo_.jpg",Photo,https://events.brown.edu/legorreta/event/335144-lcc-population-sciences-seminar-with-dr-tayla-von,https://events.brown.edu/live/json/events
326877,1776 Across the Americas: A Hemispheric History from the Collections of the John Carter Brown Library,2026-09-10T14:00:00-04:00,2026-09-10T16:45:00-04:00,September 10,2:00pm - 4:45pm,America/New_York,false,every Tuesday and Thursday,December 17,2026-02-10 19:00:00,2026-12-17 19:00:00,false,false,,,94 George Street,,,Free,John Carter Brown Library," Open to the Public | Performances, Concerts and Exhibitions",,,"history | History, Cultural Studies, Languages | Humanities | Identity, Culture, Inclusion | International, Global Engagement | Libraries | Social Sciences",jcb-events@brown.edu,jcb-events@brown.edu,false,,false,"https://events.brown.edu/live/image/gid/138/width/80/height/80/crop/1/src_region/0,0,1728,1728/21701_1776_Social_Media_Bkgds_JCBL_2026-01-21.jpg",The image shows a rooster pulling on the British flag.,https://events.brown.edu/john-carter-brown-library/event/326877-1776-across-the-americas-a-hemispheric-history,https://events.brown.edu/live/json/events
335441,Create Your Timeline for Science &amp; Engineering Jobs,2026-09-10T16:00:00-04:00,2026-09-10T17:30:00-04:00,September 10,4:00pm - 5:30pm,America/New_York,false,,,2026-09-10 20:00:00,2026-09-10 21:30:00,false,false,,,Tisch Career Center,41.827858,-71.401045,,Tisch Career Center,,1st Year Students | 2nd Year Students | 3rd Year Students | 4th Year Students,,"Careers, Recruiting, Internships | Information Session",careercenter@brown.edu,careercenter@brown.edu,false,,false,"https://events.brown.edu/live/image/gid/19/width/80/height/80/crop/1/src_region/0,0,434,426/2894_events_browmimage.png",,https://events.brown.edu/career-center/event/335441-create-your-timeline-for-science-engineering-jobs,https://events.brown.edu/live/json/events
335099,Fall 2026 Student Activities Fair,2026-09-10T17:00:00-04:00,2026-09-10T20:00:00-04:00,September 10,5:00pm - 8:00pm,America/New_York,false,,,2026-09-10 21:00:00,2026-09-11 00:00:00,false,false,,,Main Green,,,,Student Activities,,1st Year Students | 2nd Year Students | 3rd Year Students | 4th Year Students | Humanities | Life Sciences Biomed | Life Sciences Non-Biomed | Medical Students | Physical Sciences | Social Sciences,,,Student Activities Office sao@brown.edu,sao@brown.edu,false,,false,,,https://events.brown.edu/live/events/334971-fall-2026-student-activities-fair,https://events.brown.edu/live/json/events
335041,This is Public Health Fair: Atlanta,2026-09-10T17:30:00-04:00,2026-09-10T19:30:00-04:00,September 10,5:30pm - 7:30pm,America/New_York,false,,,2026-09-10 21:30:00,2026-09-10 23:30:00,false,false,,,Rollins School of Public Health,,,,School of Public Health Admissions,,,,"Biology, Medicine, Public Health",Yessenia Lobo Admissions Coordinator Brown University School of Public Health (401) 863-9939 yessenia_lobo@brown.edu sph.brown.edu,yessenia_lobo@brown.edu,false,,false,"https://events.brown.edu/live/image/gid/77/width/80/height/80/crop/1/src_region/0,0,204,192/15817_TIPH_Logo.png",,https://events.brown.edu/live/events/335014-this-is-public-health-fair-atlanta,https://events.brown.edu/live/json/events
333390,Brown University Women’s Soccer at Rhode Island,2026-09-10T19:00:00-04:00,2026-09-10T21:00:00-04:00,September 10,7:00pm - 9:00pm,America/New_York,false,,,2026-09-10 23:00:00,2026-09-11 01:00:00,false,false,,,"Kingston, R.I., URI Soccer Complex",,,,Athletics, Open to the Public,,,"Athletics, Sports, Wellness",,,false,,false,"https://events.brown.edu/live/image/gid/8/width/80/height/80/crop/1/src_region/0,0,1050,1050/10116_brown-athletics.png",Brown University Athletics logo,https://events.brown.edu/athletics/event/333390-brown-university-womens-soccer-at-rhode-island,https://events.brown.edu/live/json/events
334951,Open House - Baha’i Faith at Brown,2026-09-10T20:00:00-04:00,2026-09-10T21:00:00-04:00,September 10,8:00pm - 9:00pm,America/New_York,false,,,2026-09-11 00:00:00,2026-09-11 01:00:00,false,false,,,Page-Robinson Hall,41.827526,-71.402786,,Office of the Chaplains and Religious Life,"Social Event, Study Break",1st Year Students | 2nd Year Students | 3rd Year Students | 4th Year Students | Humanities | Life Sciences Biomed | Life Sciences Non-Biomed | Medical Students | Physical Sciences | Social Sciences,,"Faith, Spirituality, Worship | Identity, Culture, Inclusion | International, Global Engagement | OCRL | Philosophy, Religious Studies",bahai-faith@brown.edu paul_smith@brown.edu,bahai-faith@brown.edu | paul_smith@brown.edu,false,,false,"https://events.brown.edu/live/image/gid/106/width/80/height/80/crop/1/src_region/0,0,515,537/2218_Bahai_House_of_Worship_2015.jpg",,https://events.brown.edu/chaplains-religious-life/event/334951-open-house-bahai-faith-at-brown,https://events.brown.edu/live/json/events
331001,Exhibit | Scents of the Ancient Past (Curated by Erynn Bentley ’27),2026-09-11T09:00:00-04:00,2026-09-11T16:30:00-04:00,September 11,9:00am - 4:30pm,America/New_York,false,every weekday (Monday to Friday),October 1,2026-05-01 13:00:00,2026-10-01 13:00:00,false,false,,,Rhode Island Hall,41.82548,-71.403879,,Joukowsky Institute for Archaeology," Open to the Public | Performances, Concerts and Exhibitions",1st Year Students | 2nd Year Students | 3rd Year Students | 4th Year Students | All Staff | Campus Faculty | Hospital Faculty | Humanities | Medical Students | Social Sciences,,"Arts, Performance | History, Cultural Studies, Languages | Humanities | Identity, Culture, Inclusion | International, Global Engagement","Joukowsky Institute for ArchaeologyRhode Island Hall, 60 George Street, Providence, RI jiaaw@brown.edu _____________________________ archaeology.brown.edu",jiaaw@brown.edu,false,,false,"https://events.brown.edu/live/image/gid/58/width/80/height/80/crop/1/src_region/0,128,1027,1155/22683_36_without_scale.jpg",,https://events.brown.edu/joukowsky-archaeology/event/331001-exhibit-scents-of-the-ancient-past-curated-by,https://events.brown.edu/live/json/events
335022,IE Brown Executive MBA | Open Day in Providence,2026-09-11T09:45:00-04:00,2026-09-11T14:30:00-04:00,September 11,9:45am - 2:30pm,America/New_York,false,,,2026-09-11 13:45:00,2026-09-11 18:30:00,false,false,,,225 Dyer St. (5th Floor),41.820149,-71.408432,Free,School of Professional Studies,,,,"EMBA | Executive Education | Executive MBA | Graduate School, Postgraduate Education | IE Brown Executive MBA",professional@brown.edu,professional@brown.edu,false,,false,"https://events.brown.edu/live/image/gid/175/width/80/height/80/crop/1/src_region/0,0,3974,1264/10389_EMBA_Image_2.png",,https://events.brown.edu/sps/event/335022-ie-brown-executive-mba-open-day-in-providence,https://events.brown.edu/live/json/events
323890,CCV Office Hours,2026-09-11T10:00:00-04:00,2026-09-11T12:00:00-04:00,September 11,10:00am - 12:00pm,America/New_York,false,,,2026-09-11 14:00:00,2026-09-11 16:00:00,false,true,Hybrid,https://brown.zoom.us/j/93572022965,180 George Street,41.825929,-71.398812,Free,Center for Computation and Visualization (CCV),"Lectures, Seminars and Workshops |  Open to the Public",,,Computing | HPC | Research,Email the HPC team,hpc@brown.edu,false,,false,"https://events.brown.edu/live/image/gid/176/width/80/height/80/crop/1/src_region/0,0,8334,4307/2435_ccv-zdog_2.png",,https://events.brown.edu/ccv/event/323890-ccv-office-hours,https://events.brown.edu/live/json/events
326646,1776 Across the Americas: A Hemispheric History from the Collections of the John Carter Brown Library,2026-09-11T10:00:00-04:00,2026-09-11T12:45:00-04:00,September 11,10:00am - 12:45pm,America/New_York,false,every weekday (Monday to Friday),December 18,2026-02-06 15:00:00,2026-12-18 15:00:00,false,false,,,94 George Street,,,Free,John Carter Brown Library," Open to the Public | Performances, Concerts and Exhibitions",,,"history | History, Cultural Studies, Languages | Humanities | Identity, Culture, Inclusion | International, Global Engagement | Libraries | Social Sciences",jcb-events@brown.edu,jcb-events@brown.edu,false,,false,"https://events.brown.edu/live/image/gid/138/width/80/height/80/crop/1/src_region/0,0,1728,1728/21701_1776_Social_Media_Bkgds_JCBL_2026-01-21.jpg",The image shows a rooster pulling on the British flag.,https://events.brown.edu/john-carter-brown-library/event/326646-1776-across-the-americas-a-hemispheric-history,https://events.brown.edu/live/json/events
333301,Career Services | Resume Road Trip,2026-09-11T12:00:00-04:00,2026-09-11T14:00:00-04:00,September 11,12:00pm - 2:00pm,America/New_York,false,,,2026-09-11 16:00:00,2026-09-11 18:00:00,false,false,,,"Stephen Robert ’62 Campus Center, Petteruti Lounge, Room 201, 75 Waterman Street, Providence, RI 02912",,,Free,Master’s Programs,"Lectures, Seminars and Workshops",Humanities | Life Sciences Biomed | Life Sciences Non-Biomed | Physical Sciences | Social Sciences,,"Careers, Recruiting, Internships | Graduate School, Postgraduate Education | Training, Professional Development",masters_careersupport@brown.edu,masters_careersupport@brown.edu,false,,false,"https://events.brown.edu/live/image/gid/224/width/80/height/80/crop/1/src_region/0,0,357,240/23203_Screenshot_2026-07-15_092403.png","Arrows, Briefcase, and a document",https://events.brown.edu/live/events/333041-career-services-resume-road-trip,https://events.brown.edu/live/json/events
335431,Humanists on Education,2026-09-11T13:00:00-04:00,2026-09-11T14:30:00-04:00,September 11,1:00pm - 2:30pm,America/New_York,false,,,2026-09-11 17:00:00,2026-09-11 18:30:00,false,false,,,"Cogut Institute, Andrews House",41.823967,-71.402338,,Cogut Institute for the Humanities,"Lectures, Seminars and Workshops |  Open to the Public",,,Humanists on | Humanities | Social Sciences,Cogut Institute for the Humanities (401) 863-6070 humanities-institute@brown.edu,humanities-institute@brown.edu,false,,false,"https://events.brown.edu/live/image/gid/29/width/80/height/80/crop/1/src_region/0,0,1000,1000/23232_Humanists_on_Education_Calendar_Square.png",,https://events.brown.edu/cogut/event/humanists-on-education,https://events.brown.edu/live/json/events
335434,Cogut Institute for the Humanities Welcome Reception,2026-09-11T14:30:00-04:00,2026-09-11T15:30:00-04:00,September 11,2:30pm - 3:30pm,America/New_York,false,,,2026-09-11 18:30:00,2026-09-11 19:30:00,false,false,,,"Cogut Institute, Andrews House",41.823967,-71.402338,,Cogut Institute for the Humanities,"Social Event, Study Break",,,Humanities | Social Sciences,Cogut Institute for the Humanities (401) 863-6070 humanities-institute@brown.edu,humanities-institute@brown.edu,false,,false,"https://events.brown.edu/live/image/gid/29/width/80/height/80/crop/1/src_region/0,0,750,750/23215_20240808_andrews_AM_001_2.jpg",,https://events.brown.edu/cogut/event/welcome2026,https://events.brown.edu/live/json/events
333589,Brown University Field Hockey vs Boston University,2026-09-11T15:00:00-04:00,2026-09-11T18:00:00-04:00,September 11,3:00pm - 6:00pm,America/New_York,false,,,2026-09-11 19:00:00,2026-09-11 22:00:00,false,false,,,"Providence, R.I., Goldberger Family Field",,,,Athletics, Open to the Public,,,"Athletics, Sports, Wellness",,,false,,false,"https://events.brown.edu/live/image/gid/8/width/80/height/80/crop/1/src_region/0,0,1050,1050/10116_brown-athletics.png",Brown University Athletics logo,https://events.brown.edu/athletics/event/333589-brown-university-field-hockey-vs-boston-university,https://events.brown.edu/live/json/events
333433,Brown University Men’s Soccer vs Stonehill,2026-09-11T19:00:00-04:00,2026-09-11T21:00:00-04:00,September 11,7:00pm - 9:00pm,America/New_York,false,,,2026-09-11 23:00:00,2026-09-12 01:00:00,false,false,,,"Providence, R.I., Stevenson-Pincince Field",,,,Athletics, Open to the Public,,,"Athletics, Sports, Wellness",,,false,,false,"https://events.brown.edu/live/image/gid/8/width/80/height/80/crop/1/src_region/0,0,1050,1050/10116_brown-athletics.png",Brown University Athletics logo,https://events.brown.edu/athletics/event/333433-brown-university-mens-soccer-vs-stonehill,https://events.brown.edu/live/json/events
334157,Brown University Men’s Water Polo at Iona,2026-09-12T08:30:00-04:00,2026-09-12T10:00:00-04:00,September 12,8:30am - 10:00am,America/New_York,false,,,2026-09-12 12:30:00,2026-09-12 14:00:00,false,false,,,"New Rochelle, N.Y.",,,,Athletics, Open to the Public,,,"Athletics, Sports, Wellness",,,false,,false,"https://events.brown.edu/live/image/gid/8/width/80/height/80/crop/1/src_region/0,0,1050,1050/10116_brown-athletics.png",Brown University Athletics logo,https://events.brown.edu/athletics/event/334157-brown-university-mens-water-polo-at-iona,https://events.brown.edu/live/json/events
334978,Cycle the Lamoille Valley Rail Trail,2026-09-12T10:00:00-04:00,2026-09-12T13:00:00-04:00,September 12,10:00am - 1:00pm,America/New_York,false,,,2026-09-12 14:00:00,2026-09-12 17:00:00,false,false,,,,,,,Alumni &amp; Friends,,,,,,,false,,false,,,https://events.brown.edu/alumni-friends/event/334978-cycle-the-lamoille-valley-rail-trail,https://events.brown.edu/live/json/events
333461,Brown Alumni Night at the Oakland Roots!,2026-09-12T21:00:00-04:00,2026-09-13T00:30:00-04:00,September 12,9:00pm,America/New_York,false,,,2026-09-13 01:00:00,2026-09-13 04:30:00,false,false,,,,,,,Alumni &amp; Friends,,,,,,,false,,false,,,https://events.brown.edu/alumni-friends/event/333461-brown-alumni-night-at-the-oakland-roots,https://events.brown.edu/live/json/events
333461,Brown Alumni Night at the Oakland Roots!,2026-09-13T00:00:00-04:00,,September 13,,America/New_York,true,,,2026-09-13 01:00:00,2026-09-13 04:30:00,false,false,,,,,,,Alumni &amp; Friends,,,,,,,false,,false,,,https://events.brown.edu/alumni-friends/event/333461-brown-alumni-night-at-the-oakland-roots,https://events.brown.edu/live/json/events
333389,Brown University Women’s Soccer at Hofstra,2026-09-13T00:00:00-04:00,,September 13,,America/New_York,true,,,2026-09-13 04:00:00,,false,false,,,"Hempstead, N.Y., Hofstra Soccer Stadium",,,,Athletics, Open to the Public,,,"Athletics, Sports, Wellness",,,false,,false,"https://events.brown.edu/live/image/gid/8/width/80/height/80/crop/1/src_region/0,0,1050,1050/10116_brown-athletics.png",Brown University Athletics logo,https://events.brown.edu/athletics/event/333389-brown-university-womens-soccer-at-hofstra,https://events.brown.edu/live/json/events
333588,Brown University Field Hockey at Fairfield,2026-09-13T13:00:00-04:00,2026-09-13T16:00:00-04:00,September 13,1:00pm - 4:00pm,America/New_York,false,,,2026-09-13 17:00:00,2026-09-13 20:00:00,false,false,,,"Fairfield, Conn., University Field",,,,Athletics, Open to the Public,,,"Athletics, Sports, Wellness",,,false,,false,"https://events.brown.edu/live/image/gid/8/width/80/height/80/crop/1/src_region/0,0,1050,1050/10116_brown-athletics.png",Brown University Athletics logo,https://events.brown.edu/athletics/event/333588-brown-university-field-hockey-at-fairfield,https://events.brown.edu/live/json/events
334952,Baha’i Faith Devotional Gathering - All are Welcome,2026-09-13T19:15:00-04:00,2026-09-13T20:00:00-04:00,September 13,7:15pm - 8:00pm,America/New_York,false,,,2026-09-13 23:15:00,2026-09-14 00:00:00,false,false,,,Page-Robinson Hall,,,,Office of the Chaplains and Religious Life,"Social Event, Study Break",1st Year Students | 2nd Year Students | 3rd Year Students | 4th Year Students | Humanities | Life Sciences Biomed | Life Sciences Non-Biomed | Medical Students | Physical Sciences | Social Sciences,,"Faith, Spirituality, Worship | Identity, Culture, Inclusion | International, Global Engagement | OCRL | Philosophy, Religious Studies",bahai-faith@brown.edu paul_smith@brown.edu,bahai-faith@brown.edu | paul_smith@brown.edu,false,,false,"https://events.brown.edu/live/image/gid/106/width/80/height/80/crop/1/src_region/0,0,600,600/12415_Interfaith_Decal.jpg",Interfaith Decal,https://events.brown.edu/chaplains-religious-life/event/334952-bahai-faith-devotional-gathering-all-are-welcome,https://events.brown.edu/live/json/events
331002,Exhibit | Scents of the Ancient Past (Curated by Erynn Bentley ’27),2026-09-14T09:00:00-04:00,2026-09-14T16:30:00-04:00,September 14,9:00am - 4:30pm,America/New_York,false,every weekday (Monday to Friday),October 1,2026-05-01 13:00:00,2026-10-01 13:00:00,false,false,,,Rhode Island Hall,41.82548,-71.403879,,Joukowsky Institute for Archaeology," Open to the Public | Performances, Concerts and Exhibitions",1st Year Students | 2nd Year Students | 3rd Year Students | 4th Year Students | All Staff | Campus Faculty | Hospital Faculty | Humanities | Medical Students | Social Sciences,,"Arts, Performance | History, Cultural Studies, Languages | Humanities | Identity, Culture, Inclusion | International, Global Engagement","Joukowsky Institute for ArchaeologyRhode Island Hall, 60 George Street, Providence, RI jiaaw@brown.edu _____________________________ archaeology.brown.edu",jiaaw@brown.edu,false,,false,"https://events.brown.edu/live/image/gid/58/width/80/height/80/crop/1/src_region/0,128,1027,1155/22683_36_without_scale.jpg",,https://events.brown.edu/joukowsky-archaeology/event/331002-exhibit-scents-of-the-ancient-past-curated-by,https://events.brown.edu/live/json/events
335677,Study Abroad at the University of Edinburgh Information Session (Virtual),2026-09-14T10:00:00-04:00,2026-09-14T11:00:00-04:00,September 14,10:00am - 11:00am,America/New_York,false,,,2026-09-14 14:00:00,2026-09-14 15:00:00,false,true,Online only,https://www.eventbrite.co.uk/o/study-abroad-team-university-of-edinburgh-6210464051,,,,,Study Abroad,,,,"Advising, Mentorship | International, Global Engagement",Study Abroad & Away Page-Robinson 313/319 studyabroad@brown.edu 401-863-3555,studyabroad@brown.edu,false,,false,"https://events.brown.edu/live/image/gid/67/width/80/height/80/crop/1/src_region/0,0,512,512/5194_edinburgh.png",,https://events.brown.edu/study-abroad/event/335677-study-abroad-at-the-university-of-edinburgh-informati,https://events.brown.edu/live/json/events
326647,1776 Across the Americas: A Hemispheric History from the Collections of the John Carter Brown Library,2026-09-14T10:00:00-04:00,2026-09-14T12:45:00-04:00,September 14,10:00am - 12:45pm,America/New_York,false,every weekday (Monday to Friday),December 18,2026-02-06 15:00:00,2026-12-18 15:00:00,false,false,,,94 George Street,,,Free,John Carter Brown Library," Open to the Public | Performances, Concerts and Exhibitions",,,"history | History, Cultural Studies, Languages | Humanities | Identity, Culture, Inclusion | International, Global Engagement | Libraries | Social Sciences",jcb-events@brown.edu,jcb-events@brown.edu,false,,false,"https://events.brown.edu/live/image/gid/138/width/80/height/80/crop/1/src_region/0,0,1728,1728/21701_1776_Social_Media_Bkgds_JCBL_2026-01-21.jpg",The image shows a rooster pulling on the British flag.,https://events.brown.edu/john-carter-brown-library/event/326647-1776-across-the-americas-a-hemispheric-history,https://events.brown.edu/live/json/events
326755,1776 Across the Americas: A Hemispheric History from the Collections of the John Carter Brown Library,2026-09-14T14:00:00-04:00,2026-09-14T16:45:00-04:00,September 14,2:00pm - 4:45pm,America/New_York,false,weekly,December 18,2026-02-09 19:00:00,2026-12-18 19:00:00,false,false,,,94 George Street,,,Free,John Carter Brown Library," Open to the Public | Performances, Concerts and Exhibitions",,,"history | History, Cultural Studies, Languages | Humanities | Identity, Culture, Inclusion | International, Global Engagement | Libraries | Social Sciences",jcb-events@brown.edu,jcb-events@brown.edu,false,,false,"https://events.brown.edu/live/image/gid/138/width/80/height/80/crop/1/src_region/0,0,1728,1728/21701_1776_Social_Media_Bkgds_JCBL_2026-01-21.jpg",The image shows a rooster pulling on the British flag.,https://events.brown.edu/john-carter-brown-library/event/326755-1776-across-the-americas-a-hemispheric-history,https://events.brown.edu/live/json/events
335005,Non-Profit and Government Job and Internship Search,2026-09-14T16:00:00-04:00,2026-09-14T16:45:00-04:00,September 14,4:00pm - 4:45pm,America/New_York,false,,,2026-09-14 20:00:00,2026-09-14 20:45:00,false,false,,,Tisch Career Center,41.827858,-71.401045,,Tisch Career Center,,1st Year Students | 2nd Year Students | 3rd Year Students | 4th Year Students,,"Careers, Recruiting, Internships | Information Session",careercenter@brown.edu,careercenter@brown.edu,false,,false,"https://events.brown.edu/live/image/gid/19/width/80/height/80/crop/1/src_region/0,0,434,426/2894_events_browmimage.png",,https://events.brown.edu/career-center/event/335005-non-profit-and-government-job-and-internship-search,https://events.brown.edu/live/json/events
335676,Winter 2027 GELT Courses Information Session (Virtual),2026-09-14T16:00:00-04:00,2026-09-14T17:00:00-04:00,September 14,4:00pm - 5:00pm,America/New_York,false,,,2026-09-14 20:00:00,2026-09-14 21:00:00,false,true,Online only,https://brown.zoom.us/meeting/register/8-6Qeso5R4KXhz6f1Ip1Kw#/registration,,,,,Study Abroad,,,,"Advising, Mentorship | History, Cultural Studies, Languages | International, Global Engagement",Study Abroad & Away Page-Robinson 313 studyabroad@brown.edu 401-863-3555,studyabroad@brown.edu,false,,false,"https://events.brown.edu/live/image/gid/67/width/80/height/80/crop/1/src_region/0,0,802,830/7414_StudyAbroad.png",,https://events.brown.edu/study-abroad/event/335676-winter-2027-gelt-courses-information-session,https://events.brown.edu/live/json/events
335648,Doctoral Futures: A Conversation with MLA Executive Director Paula Krebs,2026-09-14T16:00:00-04:00,2026-09-14T17:30:00-04:00,September 14,4:00pm - 5:30pm,America/New_York,false,,,2026-09-14 20:00:00,2026-09-14 21:30:00,false,false,,,"Cogut Institute, Andrews House",41.823967,-71.402338,,Cogut Institute for the Humanities,"Lectures, Seminars and Workshops |  Open to the Public",,,"Graduate School, Postgraduate Education | Humanities | Social Sciences",Cogut Institute for the Humanities (401) 863-6070 humanities-institute@brown.edu,humanities-institute@brown.edu,false,,false,"https://events.brown.edu/live/image/gid/29/width/80/height/80/crop/1/src_region/0,0,1708,1708/23244_Krebs_headshot_1x1.jpg",,https://events.brown.edu/live/events/335535-doctoral-futures-a-conversation-with-mla-executive,https://events.brown.edu/live/json/events
333408,Applied AI &amp; Data Science | What Jobs Can I Get After Learning Applied AI? A Career Landscape,2026-09-14T19:00:00-04:00,2026-09-14T20:00:00-04:00,September 14,7:00pm - 8:00pm,America/New_York,false,,,2026-09-14 23:00:00,2026-09-15 00:00:00,false,true,Online only,https://apply.professional.brown.edu/register/?id=7d76c096-e0ac-4ebb-9bcb-c1ae71aeae95,,,,Free,School of Professional Studies,,,,Other Data Events,execeducation@brown.edu,execeducation@brown.edu,false,,false,"https://events.brown.edu/live/image/gid/175/width/80/height/80/crop/1/src_region/0,0,3200,1501/17730_AdobeStock_900723549.jpg",,https://events.brown.edu/live/events/331852-applied-ai-data-science-what-jobs-can-i-get,https://events.brown.edu/live/json/events
333465,Spring 2027 Final Application Deadline—Brown Semester Internship Program in Cape Town,2026-09-15T00:00:00-04:00,,September 15,,America/New_York,true,,,2026-09-15 04:00:00,,false,false,,,,,,,Study Abroad,,,,"Advising, Mentorship | Careers, Recruiting, Internships | Entrepreneurship | History, Cultural Studies, Languages | International, Global Engagement",Brown Semester Internship Program experiential_learning@brown.edu,experiential_learning@brown.edu,false,,false,"https://events.brown.edu/live/image/gid/67/width/80/height/80/crop/1/src_region/0,0,300,300/15661_BSIP.png",,https://events.brown.edu/study-abroad/event/333465-spring-2027-final-application-deadlinebrown-semester-,https://events.brown.edu/live/json/events
331003,Exhibit | Scents of the Ancient Past (Curated by Erynn Bentley ’27),2026-09-15T09:00:00-04:00,2026-09-15T16:30:00-04:00,September 15,9:00am - 4:30pm,America/New_York,false,every weekday (Monday to Friday),October 1,2026-05-01 13:00:00,2026-10-01 13:00:00,false,false,,,Rhode Island Hall,41.82548,-71.403879,,Joukowsky Institute for Archaeology," Open to the Public | Performances, Concerts and Exhibitions",1st Year Students | 2nd Year Students | 3rd Year Students | 4th Year Students | All Staff | Campus Faculty | Hospital Faculty | Humanities | Medical Students | Social Sciences,,"Arts, Performance | History, Cultural Studies, Languages | Humanities | Identity, Culture, Inclusion | International, Global Engagement","Joukowsky Institute for ArchaeologyRhode Island Hall, 60 George Street, Providence, RI jiaaw@brown.edu _____________________________ archaeology.brown.edu",jiaaw@brown.edu,false,,false,"https://events.brown.edu/live/image/gid/58/width/80/height/80/crop/1/src_region/0,128,1027,1155/22683_36_without_scale.jpg",,https://events.brown.edu/joukowsky-archaeology/event/331003-exhibit-scents-of-the-ancient-past-curated-by,https://events.brown.edu/live/json/events
334930,Blood Drive with RI Blood Center at Student Health &amp; Wellness,2026-09-15T09:00:00-04:00,2026-09-15T17:00:00-04:00,September 15,9:00am - 5:00pm,America/New_York,false,,,2026-09-15 13:00:00,2026-09-15 21:00:00,false,false,,,450 Brook St,,,Free,Student Health &amp; Wellness,,1st Year Students | 2nd Year Students | 3rd Year Students | 4th Year Students | All Staff | Campus Faculty | Hospital Faculty | Humanities | Life Sciences Biomed | Life Sciences Non-Biomed | Medical Students | Physical Sciences | Social Sciences,,,,,false,,false,"https://events.brown.edu/live/image/gid/229/width/80/height/80/crop/1/src_region/0,0,500,500/20014_RI_Blood_Center.png",RI Blood Center Logo,https://events.brown.edu/student-health-wellness/event/334930-blood-drive-with-ri-blood-center-at-student-health-we,https://events.brown.edu/live/json/events
326648,1776 Across the Americas: A Hemispheric History from the Collections of the John Carter Brown Library,2026-09-15T10:00:00-04:00,2026-09-15T12:45:00-04:00,September 15,10:00am - 12:45pm,America/New_York,false,every weekday (Monday to Friday),December 18,2026-02-06 15:00:00,2026-12-18 15:00:00,false,false,,,94 George Street,,,Free,John Carter Brown Library," Open to the Public | Performances, Concerts and Exhibitions",,,"history | History, Cultural Studies, Languages | Humanities | Identity, Culture, Inclusion | International, Global Engagement | Libraries | Social Sciences",jcb-events@brown.edu,jcb-events@brown.edu,false,,false,"https://events.brown.edu/live/image/gid/138/width/80/height/80/crop/1/src_region/0,0,1728,1728/21701_1776_Social_Media_Bkgds_JCBL_2026-01-21.jpg",The image shows a rooster pulling on the British flag.,https://events.brown.edu/john-carter-brown-library/event/326648-1776-across-the-americas-a-hemispheric-history,https://events.brown.edu/live/json/events
288056,COBRE CBC Computational Biology Walk-in Office hours,2026-09-15T11:00:00-04:00,2026-09-15T12:00:00-04:00,September 15,11:00am - 12:00pm,America/New_York,false,weekly,"December 31<span class=""lw_date_year"">, 2027</span>",2024-06-11 15:00:00,2027-12-31 16:00:00,false,true,Online only,https://brown.zoom.us/j/95250171953,,,,,Center for Computation and Visualization (CCV),,,,,Center for Computation and Visualization Talk to us on https://ccv.brown.edu/discuss,,false,,false,,,https://events.brown.edu/ccv/event/288056-cobre-cbc-computational-biology-walk-in-office,https://events.brown.edu/live/json/events
335008,Brown’s Fall Career Fair,2026-09-15T11:00:00-04:00,2026-09-15T15:00:00-04:00,September 15,11:00am - 3:00pm,America/New_York,false,,,2026-09-15 15:00:00,2026-09-15 19:00:00,false,false,,,Olney-Margolies Athletic Center (OMAC),41.831083,-71.397298,,Tisch Career Center,,1st Year Students | 2nd Year Students | 3rd Year Students | 4th Year Students | Humanities | Life Sciences Biomed | Life Sciences Non-Biomed | Medical Students | Physical Sciences | Social Sciences,,"Careers, Recruiting, Internships | Information Session",careercenter@brown.edu,careercenter@brown.edu,false,,false,"https://events.brown.edu/live/image/gid/19/width/80/height/80/crop/1/src_region/0,0,430,430/2894_events_browmimage.png",,https://events.brown.edu/career-center/event/335008-browns-fall-career-fair,https://events.brown.edu/live/json/events
335406,Master of Science in Cybersecurity | Virtual Information Session,2026-09-15T12:00:00-04:00,2026-09-15T13:00:00-04:00,September 15,12:00pm - 1:00pm,America/New_York,false,,,2026-09-15 16:00:00,2026-09-15 17:00:00,false,true,Online only,https://apply.professional.brown.edu/register/?id=4bec8957-129c-4e76-ac29-761d64822317,,,,Free,Master’s Programs,,,,"Fifth-Year Master's | Graduate School, Postgraduate Education | Master | Master's Admissions | Master's Events | Mathematics, Technology, Engineering",masters_events@brown.edu,masters_events@brown.edu,false,,false,"https://events.brown.edu/live/image/gid/175/width/80/height/80/crop/1/src_region/0,0,3200,3200/3922_Square_-_Cybersecurity_-_Learn_More.jpg",,https://events.brown.edu/masters-programs/event/335406-master-of-science-in-cybersecurity-virtual,https://events.brown.edu/live/json/events
335661,MPH Information Session,2026-09-15T12:00:00-04:00,2026-09-15T13:00:00-04:00,September 15,12:00pm - 1:00pm,America/New_York,false,,,2026-09-15 16:00:00,2026-09-15 17:00:00,false,true,Online only,https://apply.professional.brown.edu/register/?id=d0638684-8d4f-4bca-bf25-55b52f89ed64,,,,Free,School of Public Health Admissions, Open to the Public,,,"Biology, Medicine, Public Health",Yessenia Lobo Admissions Coordinator Brown University School of Public Health (401) 863-9939 yessenia_lobo@brown.edu sph.brown.edu,yessenia_lobo@brown.edu,false,,false,"https://events.brown.edu/live/image/gid/77/width/80/height/80/crop/1/src_region/0,0,944,995/16069_Brown_School-of-Public-Health_Primary_Vt.png",,https://events.brown.edu/live/events/335498-mph-information-session,https://events.brown.edu/live/json/events
326878,1776 Across the Americas: A Hemispheric History from the Collections of the John Carter Brown Library,2026-09-15T14:00:00-04:00,2026-09-15T16:45:00-04:00,September 15,2:00pm - 4:45pm,America/New_York,false,every Tuesday and Thursday,December 17,2026-02-10 19:00:00,2026-12-17 19:00:00,false,false,,,94 George Street,,,Free,John Carter Brown Library," Open to the Public | Performances, Concerts and Exhibitions",,,"history | History, Cultural Studies, Languages | Humanities | Identity, Culture, Inclusion | International, Global Engagement | Libraries | Social Sciences",jcb-events@brown.edu,jcb-events@brown.edu,false,,false,"https://events.brown.edu/live/image/gid/138/width/80/height/80/crop/1/src_region/0,0,1728,1728/21701_1776_Social_Media_Bkgds_JCBL_2026-01-21.jpg",The image shows a rooster pulling on the British flag.,https://events.brown.edu/john-carter-brown-library/event/326878-1776-across-the-americas-a-hemispheric-history,https://events.brown.edu/live/json/events
335158,Disability Studies Working Group/STS Mixer,2026-09-15T15:00:00-04:00,2026-09-15T17:00:00-04:00,September 15,3:00pm - 5:00pm,America/New_York,false,,,2026-09-15 19:00:00,2026-09-15 21:00:00,false,false,,,"Cogut Institute, Andrews House",41.823967,-71.402338,,Cogut Institute for the Humanities,"Social Event, Study Break",,,Disability Studies | Humanities | Social Sciences,Cogut Institute for the Humanities (401) 863-6070 humanities-institute@brown.edu,humanities-institute@brown.edu,false,,false,"https://events.brown.edu/live/image/gid/29/width/80/height/80/crop/1/src_region/0,0,750,750/23215_20240808_andrews_AM_001_2.jpg",,https://events.brown.edu/cogut/event/335158-disability-studies-working-groupsts-mixer,https://events.brown.edu/live/json/events
335007,How to Choose A Postdoc That Is Right For Your Career,2026-09-15T17:00:00-04:00,2026-09-15T18:00:00-04:00,September 15,5:00pm - 6:00pm,America/New_York,false,,,2026-09-15 21:00:00,2026-09-15 22:00:00,false,false,,,Tisch Career Center,41.827858,-71.401045,,Tisch Career Center,,1st Year Students | 2nd Year Students | 3rd Year Students | 4th Year Students,,"Careers, Recruiting, Internships | Information Session",careercenter@brown.edu,careercenter@brown.edu,false,,false,"https://events.brown.edu/live/image/gid/19/width/80/height/80/crop/1/src_region/0,0,434,426/2894_events_browmimage.png",,https://events.brown.edu/career-center/event/335007-how-to-choose-a-postdoc-that-is-right-for-your-career,https://events.brown.edu/live/json/events
335421,Pre-Professional Advising Open House,2026-09-15T18:00:00-04:00,2026-09-15T20:00:00-04:00,September 15,6:00pm - 8:00pm,America/New_York,false,,,2026-09-15 22:00:00,2026-09-16 00:00:00,false,false,,,Andrews House,41.823967,-71.402338,Free,The College,"Social Event, Study Break",1st Year Students | 2nd Year Students | 3rd Year Students | 4th Year Students,,"Biology, Medicine, Public Health | Graduate School, Postgraduate Education","health_careers_office@brown.edu, pre-law-advising@brown.edu",HCO@brown.edu | health_careers_office@brown.edu | pre-law-advising@brown.edu,false,,false,"https://events.brown.edu/live/image/gid/36/width/80/height/80/crop/1/src_region/0,0,944,944/23229_BANNER2_2.JPG",Abstract turtle shell pattern,https://events.brown.edu/live/events/335420-pre-professional-advising-open-house,https://events.brown.edu/live/json/events
333432,Brown University Men’s Soccer vs Rhode Island,2026-09-15T19:00:00-04:00,2026-09-15T21:00:00-04:00,September 15,7:00pm - 9:00pm,America/New_York,false,,,2026-09-15 23:00:00,2026-09-16 01:00:00,false,false,,,"Providence, R.I., Stevenson-Pincince Field",,,,Athletics, Open to the Public,,,"Athletics, Sports, Wellness",,,false,,false,"https://events.brown.edu/live/image/gid/8/width/80/height/80/crop/1/src_region/0,0,1050,1050/10116_brown-athletics.png",Brown University Athletics logo,https://events.brown.edu/athletics/event/333432-brown-university-mens-soccer-vs-rhode-island,https://events.brown.edu/live/json/events
330098,Last day to register for a Fall RISD course or change a grade option for a Fall RISD course - (5:00 p.m. EDT deadline).,2026-09-16T00:00:00-04:00,,September 16,,America/New_York,true,,,2026-09-16 04:00:00,,false,false,,,,,,,Academic Calendar,,,,"Academic Calendar, University Dates &amp; Events | Fall Semester",Registrar’s Office 401-863-2500,,false,,false,,,https://events.brown.edu/academic-calendar/event/330098-last-day-to-register-for-a-fall-risd-course-or-change,https://events.brown.edu/live/json/events
331004,Exhibit | Scents of the Ancient Past (Curated by Erynn Bentley ’27),2026-09-16T09:00:00-04:00,2026-09-16T16:30:00-04:00,September 16,9:00am - 4:30pm,America/New_York,false,every weekday (Monday to Friday),October 1,2026-05-01 13:00:00,2026-10-01 13:00:00,false,false,,,Rhode Island Hall,41.82548,-71.403879,,Joukowsky Institute for Archaeology," Open to the Public | Performances, Concerts and Exhibitions",1st Year Students | 2nd Year Students | 3rd Year Students | 4th Year Students | All Staff | Campus Faculty | Hospital Faculty | Humanities | Medical Students | Social Sciences,,"Arts, Performance | History, Cultural Studies, Languages | Humanities | Identity, Culture, Inclusion | International, Global Engagement","Joukowsky Institute for ArchaeologyRhode Island Hall, 60 George Street, Providence, RI jiaaw@brown.edu _____________________________ archaeology.brown.edu",jiaaw@brown.edu,false,,false,"https://events.brown.edu/live/image/gid/58/width/80/height/80/crop/1/src_region/0,128,1027,1155/22683_36_without_scale.jpg",,https://events.brown.edu/joukowsky-archaeology/event/331004-exhibit-scents-of-the-ancient-past-curated-by,https://events.brown.edu/live/json/events
326649,1776 Across the Americas: A Hemispheric History from the Collections of the John Carter Brown Library,2026-09-16T10:00:00-04:00,2026-09-16T12:45:00-04:00,September 16,10:00am - 12:45pm,America/New_York,false,every weekday (Monday to Friday),December 18,2026-02-06 15:00:00,2026-12-18 15:00:00,false,false,,,94 George Street,,,Free,John Carter Brown Library," Open to the Public | Performances, Concerts and Exhibitions",,,"history | History, Cultural Studies, Languages | Humanities | Identity, Culture, Inclusion | International, Global Engagement | Libraries | Social Sciences",jcb-events@brown.edu,jcb-events@brown.edu,false,,false,"https://events.brown.edu/live/image/gid/138/width/80/height/80/crop/1/src_region/0,0,1728,1728/21701_1776_Social_Media_Bkgds_JCBL_2026-01-21.jpg",The image shows a rooster pulling on the British flag.,https://events.brown.edu/john-carter-brown-library/event/326649-1776-across-the-americas-a-hemispheric-history,https://events.brown.edu/live/json/events
321939,William Lopez - Raiding the Heartland,2026-09-16T12:00:00-04:00,,September 16,12:00pm,America/New_York,false,,,2026-09-16 16:00:00,,false,false,,,"Watson School of International and Public Affairs, 111 Thayer Street",41.824336,-71.399865,,Center for Human Rights and Humanitarian Studies (CHRHS),,,,"Government, Public &amp; International Affairs | Meet the Author | Social Sciences",Center for Human Rights and Humanitarian Studies 401-863-6884 chrhs@brown.edu RSVP required.,chrhs@brown.edu,true,50,false,"https://events.brown.edu/live/image/gid/196/width/80/height/80/crop/1/src_region/0,0,680,680/21008_G1ibng8W8AAR0Ec.jpg",Book cover: Raiding the Heartland by William D. Lopez,https://events.brown.edu/chrhs/event/321939-william-lopez-raiding-the-heartland,https://events.brown.edu/live/json/events
334822,Master’s in Technology Leadership | Virtual Information Session: Resources at Brown,2026-09-16T12:00:00-04:00,2026-09-16T13:00:00-04:00,September 16,12:00pm - 1:00pm,America/New_York,false,,,2026-09-16 16:00:00,2026-09-16 17:00:00,false,true,Online only,https://apply.professional.brown.edu/register/?id=fe0de557-8ba9-400c-b474-01e1006e04ce,,,,Free,School of Professional Studies,,,,"Graduate School, Postgraduate Education | Mathematics, Technology, Engineering",professional@brown.edu,professional@brown.edu,false,,false,"https://events.brown.edu/live/image/gid/175/width/80/height/80/crop/1/src_region/0,0,3200,3200/3920_Square_-_Science_and_Tech_Learn_More_CONVERT_4.jpg",,https://events.brown.edu/live/events/334820-masters-in-technology-leadership-virtual,https://events.brown.edu/live/json/events
335469,China Chat — Traversing the Belt and Road: The World According to China and China According to the World,2026-09-16T12:00:00-04:00,2026-09-16T13:00:00-04:00,September 16,12:00pm - 1:00pm,America/New_York,false,,,2026-09-16 16:00:00,2026-09-16 17:00:00,false,false,,,"Watson School of International and Public Affairs, 111 Thayer Street",41.824336,-71.399865,,Watson School of International and Public Affairs,"Lectures, Seminars and Workshops",,,China Chat | China Initiative,WatsonEvents@brown.edu,WatsonEvents@brown.edu,false,,false,"https://events.brown.edu/live/image/gid/90/width/80/height/80/crop/1/src_region/0,0,1080,1080/23233_China_Chat_square.png",,https://events.brown.edu/watson/event/335469-china-chat-traversing-the-belt-and-road-the-world,https://events.brown.edu/live/json/events
326801,1776 Across the Americas: A Hemispheric History from the Collections of the John Carter Brown Library,2026-09-16T14:00:00-04:00,2026-09-16T16:45:00-04:00,September 16,2:00pm - 4:45pm,America/New_York,false,weekly,December 16,2026-02-11 19:00:00,2026-12-16 19:00:00,false,false,,,94 George Street,,,Free,John Carter Brown Library," Open to the Public | Performances, Concerts and Exhibitions",,,"history | History, Cultural Studies, Languages | Humanities | Identity, Culture, Inclusion | International, Global Engagement | Libraries | Social Sciences",jcb-events@brown.edu,jcb-events@brown.edu,false,,false,"https://events.brown.edu/live/image/gid/138/width/80/height/80/crop/1/src_region/0,0,1728,1728/21701_1776_Social_Media_Bkgds_JCBL_2026-01-21.jpg",The image shows a rooster pulling on the British flag.,https://events.brown.edu/john-carter-brown-library/event/326801-1776-across-the-americas-a-hemispheric-history,https://events.brown.edu/live/json/events
287421,COBRE CBC Computational Biology Walk-in Office hours,2026-09-16T15:00:00-04:00,2026-09-16T16:00:00-04:00,September 16,3:00pm - 4:00pm,America/New_York,false,weekly,"December 31<span class=""lw_date_year"">, 2027</span>",2024-06-26 19:00:00,2027-12-31 20:00:00,false,true,Online only,https://brown.zoom.us/j/95250171953,,,,,Center for Computation and Visualization (CCV),,,,,Center for Computation and Visualization Talk to us on https://ccv.brown.edu/discuss,,false,,false,,,https://events.brown.edu/ccv/event/287421-cobre-cbc-computational-biology-walk-in-office,https://events.brown.edu/live/json/events
335442,Prepare for the 2026 Engineering Career Fair,2026-09-16T15:00:00-04:00,2026-09-16T16:00:00-04:00,September 16,3:00pm - 4:00pm,America/New_York,false,,,2026-09-16 19:00:00,2026-09-16 20:00:00,false,false,,,Tisch Career Center,41.827858,-71.401045,,Tisch Career Center,,1st Year Students | 2nd Year Students | 3rd Year Students | 4th Year Students | Humanities | Life Sciences Biomed | Life Sciences Non-Biomed | Medical Students | Physical Sciences | Social Sciences,,"Careers, Recruiting, Internships | Information Session",careercenter@brown.edu,careercenter@brown.edu,false,,false,"https://events.brown.edu/live/image/gid/19/width/80/height/80/crop/1/src_region/0,0,434,426/2894_events_browmimage.png",,https://events.brown.edu/career-center/event/335442-prepare-for-the-2026-engineering-career-fair,https://events.brown.edu/live/json/events
333288,Archon Fung — Artificial Intelligence and Democracy,2026-09-16T16:00:00-04:00,2026-09-16T17:30:00-04:00,September 16,4:00pm - 5:30pm,America/New_York,false,,,2026-09-16 20:00:00,2026-09-16 21:30:00,false,false,,,"Watson School of International and Public Affairs, 111 Thayer Street",41.824336,-71.399865,,Watson School of International and Public Affairs,"Lectures, Seminars and Workshops",,,"Government, Public &amp; International Affairs | Rights and Democracy",Watson_School@brown.edu,Watson_School@brown.edu,false,,false,"https://events.brown.edu/live/image/gid/90/width/80/height/80/crop/1/src_region/0,0,238,238/23108_Archon_Fung.jpg",,https://events.brown.edu/watson/event/333288-archon-fung-artificial-intelligence-and-democracy,https://events.brown.edu/live/json/events
334933,Getting Started with the Tisch Center for Career Exploration for PhD Students and Postdocs,2026-09-16T16:30:00-04:00,2026-09-16T17:00:00-04:00,September 16,4:30pm - 5:00pm,America/New_York,false,,,2026-09-16 20:30:00,2026-09-16 21:00:00,false,false,,,Tisch Career Center,41.827858,-71.401045,,Tisch Career Center,,2nd Year Students | 3rd Year Students | 4th Year Students,,"Careers, Recruiting, Internships | Information Session",careercenter@brown.edu,careercenter@brown.edu,false,,false,"https://events.brown.edu/live/image/gid/19/width/80/height/80/crop/1/src_region/0,0,434,426/2894_events_browmimage.png",,https://events.brown.edu/career-center/event/334933-getting-started-with-the-tisch-center-for-career-expl,https://events.brown.edu/live/json/events
335458,Mindfulness-Based Cognitive Therapy (MBCT) Teacher Training Info Session,2026-09-17T09:00:00-04:00,2026-09-17T10:00:00-04:00,September 17,9:00am - 10:00am,America/New_York,false,,,2026-09-17 13:00:00,2026-09-17 14:00:00,false,true,Online only,https://apply.professional.brown.edu/register/?id=2e188f7a-f050-4169-862c-3cbca26161d1,,,,Free,School of Professional Studies, Open to the Public,,,MBCT | MBSR | mindfulness,mindfulness@brown.edu,mindfulness@brown.edu,false,,false,"https://events.brown.edu/live/image/gid/175/width/80/height/80/crop/1/src_region/0,0,360,360/11970_Mindfulness_Center.jpg",,https://events.brown.edu/sps/event/335458-mindfulness-based-cognitive-therapy-mbct-teacher,https://events.brown.edu/live/json/events
331005,Exhibit | Scents of the Ancient Past (Curated by Erynn Bentley ’27),2026-09-17T09:00:00-04:00,2026-09-17T16:30:00-04:00,September 17,9:00am - 4:30pm,America/New_York,false,every weekday (Monday to Friday),October 1,2026-05-01 13:00:00,2026-10-01 13:00:00,false,false,,,Rhode Island Hall,41.82548,-71.403879,,Joukowsky Institute for Archaeology," Open to the Public | Performances, Concerts and Exhibitions",1st Year Students | 2nd Year Students | 3rd Year Students | 4th Year Students | All Staff | Campus Faculty | Hospital Faculty | Humanities | Medical Students | Social Sciences,,"Arts, Performance | History, Cultural Studies, Languages | Humanities | Identity, Culture, Inclusion | International, Global Engagement","Joukowsky Institute for ArchaeologyRhode Island Hall, 60 George Street, Providence, RI jiaaw@brown.edu _____________________________ archaeology.brown.edu",jiaaw@brown.edu,false,,false,"https://events.brown.edu/live/image/gid/58/width/80/height/80/crop/1/src_region/0,128,1027,1155/22683_36_without_scale.jpg",,https://events.brown.edu/joukowsky-archaeology/event/331005-exhibit-scents-of-the-ancient-past-curated-by,https://events.brown.edu/live/json/events
335496,Belong at Brown | Professional Development Resources,2026-09-17T10:00:00-04:00,2026-09-17T11:00:00-04:00,September 17,10:00am - 11:00am,America/New_York,false,,,2026-09-17 14:00:00,2026-09-17 15:00:00,false,true,Online only,https://apply.professional.brown.edu/register/?id=6b693890-ca66-40e9-bb29-40276b1fe52b,,,,Free,Master’s Programs,,,,"Fifth-Year Master's | Graduate School, Postgraduate Education | Master | Master's Admissions | Master's Events",masters_events@brown.edu,masters_events@brown.edu,false,,false,"https://events.brown.edu/live/image/gid/175/width/80/height/80/crop/1/src_region/0,0,3200,2133/10391_20091030_PAUR_0010.jpg","Fallen autumn leaves on the front green, University and Manning Halls in the background, exterior",https://events.brown.edu/masters-programs/event/335496-belong-at-brown-professional-development,https://events.brown.edu/live/json/events
326650,1776 Across the Americas: A Hemispheric History from the Collections of the John Carter Brown Library,2026-09-17T10:00:00-04:00,2026-09-17T12:45:00-04:00,September 17,10:00am - 12:45pm,America/New_York,false,every weekday (Monday to Friday),December 18,2026-02-06 15:00:00,2026-12-18 15:00:00,false,false,,,94 George Street,,,Free,John Carter Brown Library," Open to the Public | Performances, Concerts and Exhibitions",,,"history | History, Cultural Studies, Languages | Humanities | Identity, Culture, Inclusion | International, Global Engagement | Libraries | Social Sciences",jcb-events@brown.edu,jcb-events@brown.edu,false,,false,"https://events.brown.edu/live/image/gid/138/width/80/height/80/crop/1/src_region/0,0,1728,1728/21701_1776_Social_Media_Bkgds_JCBL_2026-01-21.jpg",The image shows a rooster pulling on the British flag.,https://events.brown.edu/john-carter-brown-library/event/326650-1776-across-the-americas-a-hemispheric-history,https://events.brown.edu/live/json/events
335665,AMPH for Clinicians Information Session,2026-09-17T11:00:00-04:00,2026-09-17T12:00:00-04:00,September 17,11:00am - 12:00pm,America/New_York,false,,,2026-09-17 15:00:00,2026-09-17 16:00:00,false,true,Online only,https://apply.professional.brown.edu/register/?id=2026d2c6-ebe0-45d3-8984-f10f1f9e66d6,,,,Free,School of Public Health Admissions, Open to the Public,,,"Biology, Medicine, Public Health",Yessenia Lobo Admissions Coordinator Brown University School of Public Health (401) 863-9939 yessenia_lobo@brown.edu sph.brown.edu,yessenia_lobo@brown.edu,false,,false,"https://events.brown.edu/live/image/gid/77/width/80/height/80/crop/1/src_region/0,0,944,995/16069_Brown_School-of-Public-Health_Primary_Vt.png",,https://events.brown.edu/live/events/335556-amph-for-clinicians-information-session,https://events.brown.edu/live/json/events
333302,Career Services | Workshop: Job &amp; Internship Search Strategies,2026-09-17T12:00:00-04:00,2026-09-17T13:00:00-04:00,September 17,12:00pm - 1:00pm,America/New_York,false,,,2026-09-17 16:00:00,2026-09-17 17:00:00,false,false,,,Zoom,,,Free,Master’s Programs,"Lectures, Seminars and Workshops",Humanities | Life Sciences Biomed | Life Sciences Non-Biomed | Physical Sciences | Social Sciences,,"Careers, Recruiting, Internships | Graduate School, Postgraduate Education | Training, Professional Development",masters_careersupport@brown.edu,masters_careersupport@brown.edu,false,,false,"https://events.brown.edu/live/image/gid/224/width/80/height/80/crop/1/src_region/0,0,1080,1080/23204_NL_Events_Job_and_internship_search_strategies.png",People conversing with another another,https://events.brown.edu/live/events/333042-career-services-workshop-job-internship,https://events.brown.edu/live/json/events
326879,1776 Across the Americas: A Hemispheric History from the Collections of the John Carter Brown Library,2026-09-17T14:00:00-04:00,2026-09-17T16:45:00-04:00,September 17,2:00pm - 4:45pm,America/New_York,false,every Tuesday and Thursday,December 17,2026-02-10 19:00:00,2026-12-17 19:00:00,false,false,,,94 George Street,,,Free,John Carter Brown Library," Open to the Public | Performances, Concerts and Exhibitions",,,"history | History, Cultural Studies, Languages | Humanities | Identity, Culture, Inclusion | International, Global Engagement | Libraries | Social Sciences",jcb-events@brown.edu,jcb-events@brown.edu,false,,false,"https://events.brown.edu/live/image/gid/138/width/80/height/80/crop/1/src_region/0,0,1728,1728/21701_1776_Social_Media_Bkgds_JCBL_2026-01-21.jpg",The image shows a rooster pulling on the British flag.,https://events.brown.edu/john-carter-brown-library/event/326879-1776-across-the-americas-a-hemispheric-history,https://events.brown.edu/live/json/events
333730,"Constitution Day Event, Cass Sunstein",2026-09-17T17:00:00-04:00,,September 17,5:00pm,America/New_York,false,,,2026-09-17 21:00:00,,false,false,,,Stephen Robert ’62 Campus Center,,,,"Philosophy, Politics, and Economics (PPE)",,,,PPE,,,true,,false,"https://events.brown.edu/live/image/gid/71/width/80/height/80/crop/1/src_region/0,0,1204,1046/19634_Screenshot_2025-07-09_at_11.14.07_AM.png",ppe,https://events.brown.edu/ppe/event/333730-constitution-day-event-cass-sunstein,https://events.brown.edu/live/json/events
335526,RI Medieval Circle Lecture • Robyn Barrow (Brown University),2026-09-17T17:30:00-04:00,2026-09-17T19:00:00-04:00,September 17,5:30pm - 7:00pm,America/New_York,false,,,2026-09-17 21:30:00,2026-09-17 23:00:00,false,false,,,Andrews House,41.823967,-71.402338,,Medieval Studies,"Lectures, Seminars and Workshops",,,"History, Cultural Studies, Languages | Rhode Island Medieval Circle",,,false,,false,,,https://events.brown.edu/medieval/event/335526-ri-medieval-circle-lecture-robyn-barrow-brown,https://events.brown.edu/live/json/events
333388,Brown University Women’s Soccer vs Providence,2026-09-17T19:00:00-04:00,2026-09-17T21:00:00-04:00,September 17,7:00pm - 9:00pm,America/New_York,false,,,2026-09-17 23:00:00,2026-09-18 01:00:00,false,false,,,"Providence, R.I., Stevenson-Pincince Field",,,,Athletics, Open to the Public,,,"Athletics, Sports, Wellness",,,false,,false,"https://events.brown.edu/live/image/gid/8/width/80/height/80/crop/1/src_region/0,0,1050,1050/10116_brown-athletics.png",Brown University Athletics logo,https://events.brown.edu/athletics/event/333388-brown-university-womens-soccer-vs-providence,https://events.brown.edu/live/json/events
334953,Baha’i Fireside Discussion: A Practical Vision of Justice and Uniting Humanity,2026-09-17T19:30:00-04:00,2026-09-17T21:00:00-04:00,September 17,7:30pm - 9:00pm,America/New_York,false,,,2026-09-17 23:30:00,2026-09-18 01:00:00,false,false,,,Page-Robinson Hall,41.827526,-71.402786,,Office of the Chaplains and Religious Life,"Social Event, Study Break",1st Year Students | 2nd Year Students | 3rd Year Students | 4th Year Students | Humanities | Life Sciences Biomed | Life Sciences Non-Biomed | Medical Students | Physical Sciences | Social Sciences,,"Faith, Spirituality, Worship | Identity, Culture, Inclusion | International, Global Engagement | OCRL | Philosophy, Religious Studies",bahai-faith@brown.edu paul_smith@brown.edu,bahai-faith@brown.edu | paul_smith@brown.edu,false,,false,"https://events.brown.edu/live/image/gid/106/width/80/height/80/crop/1/src_region/0,0,697,697/6723_Shrine_of_the_Bab_at_night-1.jpg",,https://events.brown.edu/chaplains-religious-life/event/334953-bahai-fireside-discussion-a-practical-vision-of-justi,https://events.brown.edu/live/json/events
335612,Brown University Men’s Tennis vs Chowderfest,2026-09-18T00:00:00-04:00,,September 18,,America/New_York,true,,,2026-09-18 04:00:00,,false,false,,,"Cambridge, Mass.",,,,Athletics, Open to the Public,,,"Athletics, Sports, Wellness",,,false,,false,"https://events.brown.edu/live/image/gid/8/width/80/height/80/crop/1/src_region/0,0,1050,1050/10116_brown-athletics.png",Brown University Athletics logo,https://events.brown.edu/athletics/event/335612-brown-university-mens-tennis-vs-chowderfest,https://events.brown.edu/live/json/events
331006,Exhibit | Scents of the Ancient Past (Curated by Erynn Bentley ’27),2026-09-18T09:00:00-04:00,2026-09-18T16:30:00-04:00,September 18,9:00am - 4:30pm,America/New_York,false,every weekday (Monday to Friday),October 1,2026-05-01 13:00:00,2026-10-01 13:00:00,false,false,,,Rhode Island Hall,41.82548,-71.403879,,Joukowsky Institute for Archaeology," Open to the Public | Performances, Concerts and Exhibitions",1st Year Students | 2nd Year Students | 3rd Year Students | 4th Year Students | All Staff | Campus Faculty | Hospital Faculty | Humanities | Medical Students | Social Sciences,,"Arts, Performance | History, Cultural Studies, Languages | Humanities | Identity, Culture, Inclusion | International, Global Engagement","Joukowsky Institute for ArchaeologyRhode Island Hall, 60 George Street, Providence, RI jiaaw@brown.edu _____________________________ archaeology.brown.edu",jiaaw@brown.edu,false,,false,"https://events.brown.edu/live/image/gid/58/width/80/height/80/crop/1/src_region/0,128,1027,1155/22683_36_without_scale.jpg",,https://events.brown.edu/joukowsky-archaeology/event/331006-exhibit-scents-of-the-ancient-past-curated-by,https://events.brown.edu/live/json/events
323891,CCV Office Hours,2026-09-18T10:00:00-04:00,2026-09-18T12:00:00-04:00,September 18,10:00am - 12:00pm,America/New_York,false,,,2026-09-18 14:00:00,2026-09-18 16:00:00,false,true,Hybrid,https://brown.zoom.us/j/93572022965,180 George Street,41.825929,-71.398812,Free,Center for Computation and Visualization (CCV),"Lectures, Seminars and Workshops |  Open to the Public",,,Computing | HPC | Research,Email the HPC team,hpc@brown.edu,false,,false,"https://events.brown.edu/live/image/gid/176/width/80/height/80/crop/1/src_region/0,0,8334,4307/2435_ccv-zdog_2.png",,https://events.brown.edu/ccv/event/323891-ccv-office-hours,https://events.brown.edu/live/json/events
326651,1776 Across the Americas: A Hemispheric History from the Collections of the John Carter Brown Library,2026-09-18T10:00:00-04:00,2026-09-18T12:45:00-04:00,September 18,10:00am - 12:45pm,America/New_York,false,every weekday (Monday to Friday),December 18,2026-02-06 15:00:00,2026-12-18 15:00:00,false,false,,,94 George Street,,,Free,John Carter Brown Library," Open to the Public | Performances, Concerts and Exhibitions",,,"history | History, Cultural Studies, Languages | Humanities | Identity, Culture, Inclusion | International, Global Engagement | Libraries | Social Sciences",jcb-events@brown.edu,jcb-events@brown.edu,false,,false,"https://events.brown.edu/live/image/gid/138/width/80/height/80/crop/1/src_region/0,0,1728,1728/21701_1776_Social_Media_Bkgds_JCBL_2026-01-21.jpg",The image shows a rooster pulling on the British flag.,https://events.brown.edu/john-carter-brown-library/event/326651-1776-across-the-americas-a-hemispheric-history,https://events.brown.edu/live/json/events
333697,Master’s in Healthcare Leadership | In-Person Open Day,2026-09-18T10:15:00-04:00,2026-09-18T14:30:00-04:00,September 18,10:15am - 2:30pm,America/New_York,false,,,2026-09-18 14:15:00,2026-09-18 18:30:00,false,false,,,225 Dyer St. (5th Floor),41.820149,-71.408432,Free,School of Professional Studies,,,,"Graduate School, Postgraduate Education",professional@brown.edu,professional@brown.edu,false,,false,"https://events.brown.edu/live/image/gid/175/width/80/height/80/crop/1/src_region/0,0,1300,866/12119_20190829_COMM_225dyer_033.jpg",Photos of the 225 Dyer Street building for the Real Estate Annual report.,https://events.brown.edu/live/events/333677-masters-in-healthcare-leadership-in-person-open,https://events.brown.edu/live/json/events
334156,Brown University Men’s Water Polo vs Biola (Calif.),2026-09-18T13:00:00-04:00,2026-09-18T14:30:00-04:00,September 18,1:00pm - 2:30pm,America/New_York,false,,,2026-09-18 17:00:00,2026-09-18 18:30:00,false,false,,,"Fullerton, Calif.",,,,Athletics, Open to the Public,,,"Athletics, Sports, Wellness",,,false,,false,"https://events.brown.edu/live/image/gid/8/width/80/height/80/crop/1/src_region/0,0,1050,1050/10116_brown-athletics.png",Brown University Athletics logo,https://events.brown.edu/athletics/event/334156-brown-university-mens-water-polo-vs-biola-calif,https://events.brown.edu/live/json/events
334155,Brown University Men’s Water Polo vs Fresno Pacific,2026-09-18T16:00:00-04:00,2026-09-18T17:30:00-04:00,September 18,4:00pm - 5:30pm,America/New_York,false,,,2026-09-18 20:00:00,2026-09-18 21:30:00,false,false,,,"Fullerton, Calif.",,,,Athletics, Open to the Public,,,"Athletics, Sports, Wellness",,,false,,false,"https://events.brown.edu/live/image/gid/8/width/80/height/80/crop/1/src_region/0,0,1050,1050/10116_brown-athletics.png",Brown University Athletics logo,https://events.brown.edu/athletics/event/334155-brown-university-mens-water-polo-vs-fresno-pacific,https://events.brown.edu/live/json/events
334812,Philosophy Welcome Back Gathering,2026-09-18T16:00:00-04:00,2026-09-18T17:30:00-04:00,September 18,4:00pm - 5:30pm,America/New_York,false,,,2026-09-18 20:00:00,2026-09-18 21:30:00,false,false,,,Corliss-Brackett,41.827559,-71.404451,,Philosophy Department,"Free Food | Social Event, Study Break",,,,,,false,,false,"https://events.brown.edu/live/image/gid/151/width/80/height/80/crop/1/src_region/0,0,1429,1428/23165_Welcome_Gathering_2.png",Poster listing the date and time of the welcome back gathering,https://events.brown.edu/philosophy/event/334812-philosophy-welcome-back-gathering,https://events.brown.edu/live/json/events
333587,Brown University Field Hockey at Yale,2026-09-18T18:00:00-04:00,2026-09-18T21:00:00-04:00,September 18,6:00pm - 9:00pm,America/New_York,false,,,2026-09-18 22:00:00,2026-09-19 01:00:00,false,false,,,"New Haven, Conn., Johnson Field",,,,Athletics, Open to the Public,,,"Athletics, Sports, Wellness",,,false,,false,"https://events.brown.edu/live/image/gid/8/width/80/height/80/crop/1/src_region/0,0,1050,1050/10116_brown-athletics.png",Brown University Athletics logo,https://events.brown.edu/athletics/event/333587-brown-university-field-hockey-at-yale,https://events.brown.edu/live/json/events
317062,Brown University Football at New Haven,2026-09-19T00:00:00-04:00,,September 19,,America/New_York,true,,,2026-09-19 04:00:00,,false,false,,,"West Haven, Conn.",,,,Athletics, Open to the Public,,,"Athletics, Sports, Wellness",,,false,,false,"https://events.brown.edu/live/image/gid/8/width/80/height/80/crop/1/src_region/0,0,1050,1050/10116_brown-athletics.png",Brown University Athletics logo,https://events.brown.edu/athletics/event/317062-brown-university-football-at-new-haven,https://events.brown.edu/live/json/events
335611,Brown University Men’s Tennis vs Chowderfest,2026-09-19T00:00:00-04:00,,September 19,,America/New_York,true,,,2026-09-19 04:00:00,,false,false,,,"Cambridge, Mass.",,,,Athletics, Open to the Public,,,"Athletics, Sports, Wellness",,,false,,false,"https://events.brown.edu/live/image/gid/8/width/80/height/80/crop/1/src_region/0,0,1050,1050/10116_brown-athletics.png",Brown University Athletics logo,https://events.brown.edu/athletics/event/335611-brown-university-mens-tennis-vs-chowderfest,https://events.brown.edu/live/json/events
332364,Brown University Women’s Cross Country at Maribel Sanchez Souther Invitational,2026-09-19T10:30:00-04:00,2026-09-19T13:30:00-04:00,September 19,10:30am - 1:30pm,America/New_York,false,,,2026-09-19 14:30:00,2026-09-19 17:30:00,false,false,,,"Hanover, N.H.",,,,Athletics, Open to the Public,,,"Athletics, Sports, Wellness",,,false,,false,"https://events.brown.edu/live/image/gid/8/width/80/height/80/crop/1/src_region/0,0,1050,1050/10116_brown-athletics.png",Brown University Athletics logo,https://events.brown.edu/athletics/event/332364-brown-university-womens-cross-country-at-maribel,https://events.brown.edu/live/json/events
334172,Brown University Men’s Cross Country at Maribel Sanchez Souther Invitational,2026-09-19T10:30:00-04:00,2026-09-19T13:30:00-04:00,September 19,10:30am - 1:30pm,America/New_York,false,,,2026-09-19 14:30:00,2026-09-19 17:30:00,false,false,,,"Hanover, N.H.",,,,Athletics, Open to the Public,,,"Athletics, Sports, Wellness",,,false,,false,"https://events.brown.edu/live/image/gid/8/width/80/height/80/crop/1/src_region/0,0,1050,1050/10116_brown-athletics.png",Brown University Athletics logo,https://events.brown.edu/athletics/event/334172-brown-university-mens-cross-country-at-maribel,https://events.brown.edu/live/json/events
332876,Ceremony of Commitment to Medicine,2026-09-19T14:00:00-04:00,2026-09-19T17:00:00-04:00,September 19,2:00pm - 5:00pm,America/New_York,false,,,2026-09-19 18:00:00,2026-09-19 21:00:00,false,false,,,Olney-Margolies Athletic Center (OMAC),41.831083,-71.397298,,Biology and Medicine (BioMed),,,,,,,false,,false,"https://events.brown.edu/live/image/gid/13/width/80/height/80/crop/1/src_region/0,0,1077,928/16774_Brown_TheWarrenAlpertMedicalSchool_Primary_Vt.png",,https://events.brown.edu/biomed/event/332876-ceremony-of-commitment-to-medicine,https://events.brown.edu/live/json/events
334938,All-Ivy Newport Polo Party,2026-09-19T14:30:00-04:00,,September 19,2:30pm,America/New_York,false,,,2026-09-19 18:30:00,,false,false,,,,,,,Alumni &amp; Friends,,,,,,,false,,false,,,https://events.brown.edu/alumni-friends/event/334938-all-ivy-newport-polo-party,https://events.brown.edu/live/json/events
334154,Brown University Men’s Water Polo at Cal State Fullerton,2026-09-19T15:00:00-04:00,2026-09-19T16:30:00-04:00,September 19,3:00pm - 4:30pm,America/New_York,false,,,2026-09-19 19:00:00,2026-09-19 20:30:00,false,false,,,"Fullerton, Calif.",,,,Athletics, Open to the Public,,,"Athletics, Sports, Wellness",,,false,,false,"https://events.brown.edu/live/image/gid/8/width/80/height/80/crop/1/src_region/0,0,1050,1050/10116_brown-athletics.png",Brown University Athletics logo,https://events.brown.edu/athletics/event/334154-brown-university-mens-water-polo-at-cal-state,https://events.brown.edu/live/json/events
334153,Brown University Men’s Water Polo vs California Lutheran,2026-09-19T19:00:00-04:00,2026-09-19T20:30:00-04:00,September 19,7:00pm - 8:30pm,America/New_York,false,,,2026-09-19 23:00:00,2026-09-20 00:30:00,false,false,,,"Fullerton, Calif.",,,,Athletics, Open to the Public,,,"Athletics, Sports, Wellness",,,false,,false,"https://events.brown.edu/live/image/gid/8/width/80/height/80/crop/1/src_region/0,0,1050,1050/10116_brown-athletics.png",Brown University Athletics logo,https://events.brown.edu/athletics/event/334153-brown-university-mens-water-polo-vs-california,https://events.brown.edu/live/json/events
333431,Brown University Men’s Soccer vs NJIT,2026-09-19T19:00:00-04:00,2026-09-19T21:00:00-04:00,September 19,7:00pm - 9:00pm,America/New_York,false,,,2026-09-19 23:00:00,2026-09-20 01:00:00,false,false,,,"Providence, R.I., Stevenson-Pincince Field",,,,Athletics, Open to the Public,,,"Athletics, Sports, Wellness",,,false,,false,"https://events.brown.edu/live/image/gid/8/width/80/height/80/crop/1/src_region/0,0,1050,1050/10116_brown-athletics.png",Brown University Athletics logo,https://events.brown.edu/athletics/event/333431-brown-university-mens-soccer-vs-njit,https://events.brown.edu/live/json/events
335609,Brown University Men’s Tennis vs Chowderfest,2026-09-20T00:00:00-04:00,,September 20,,America/New_York,true,,,2026-09-20 04:00:00,,false,false,,,"Cambridge, Mass.",,,,Athletics, Open to the Public,,,"Athletics, Sports, Wellness",,,false,,false,"https://events.brown.edu/live/image/gid/8/width/80/height/80/crop/1/src_region/0,0,1050,1050/10116_brown-athletics.png",Brown University Athletics logo,https://events.brown.edu/athletics/event/335609-brown-university-mens-tennis-vs-chowderfest,https://events.brown.edu/live/json/events
335610,Brown University Men’s Tennis vs ITA Men’s All-American Championships,2026-09-20T00:00:00-04:00,,September 20,,America/New_York,true,,,2026-09-20 04:00:00,,false,false,,,"Tulsa, Okla.",,,,Athletics, Open to the Public,,,"Athletics, Sports, Wellness",,,false,,false,"https://events.brown.edu/live/image/gid/8/width/80/height/80/crop/1/src_region/0,0,1050,1050/10116_brown-athletics.png",Brown University Athletics logo,https://events.brown.edu/athletics/event/335610-brown-university-mens-tennis-vs-ita-mens,https://events.brown.edu/live/json/events
333586,Brown University Field Hockey vs Providence,2026-09-20T16:00:00-04:00,2026-09-20T19:00:00-04:00,September 20,4:00pm - 7:00pm,America/New_York,false,,,2026-09-20 20:00:00,2026-09-20 23:00:00,false,false,,,"Providence, R.I., Goldberger Family Field",,,,Athletics, Open to the Public,,,"Athletics, Sports, Wellness",,,false,,false,"https://events.brown.edu/live/image/gid/8/width/80/height/80/crop/1/src_region/0,0,1050,1050/10116_brown-athletics.png",Brown University Athletics logo,https://events.brown.edu/athletics/event/333586-brown-university-field-hockey-vs-providence,https://events.brown.edu/live/json/events
335608,Brown University Men’s Tennis vs ITA Men’s All-American Championships,2026-09-21T00:00:00-04:00,,September 21,,America/New_York,true,,,2026-09-21 04:00:00,,false,false,,,"Tulsa, Okla.",,,,Athletics, Open to the Public,,,"Athletics, Sports, Wellness",,,false,,false,"https://events.brown.edu/live/image/gid/8/width/80/height/80/crop/1/src_region/0,0,1050,1050/10116_brown-athletics.png",Brown University Athletics logo,https://events.brown.edu/athletics/event/335608-brown-university-mens-tennis-vs-ita-mens,https://events.brown.edu/live/json/events
331007,Exhibit | Scents of the Ancient Past (Curated by Erynn Bentley ’27),2026-09-21T09:00:00-04:00,2026-09-21T16:30:00-04:00,September 21,9:00am - 4:30pm,America/New_York,false,every weekday (Monday to Friday),October 1,2026-05-01 13:00:00,2026-10-01 13:00:00,false,false,,,Rhode Island Hall,41.82548,-71.403879,,Joukowsky Institute for Archaeology," Open to the Public | Performances, Concerts and Exhibitions",1st Year Students | 2nd Year Students | 3rd Year Students | 4th Year Students | All Staff | Campus Faculty | Hospital Faculty | Humanities | Medical Students | Social Sciences,,"Arts, Performance | History, Cultural Studies, Languages | Humanities | Identity, Culture, Inclusion | International, Global Engagement","Joukowsky Institute for ArchaeologyRhode Island Hall, 60 George Street, Providence, RI jiaaw@brown.edu _____________________________ archaeology.brown.edu",jiaaw@brown.edu,false,,false,"https://events.brown.edu/live/image/gid/58/width/80/height/80/crop/1/src_region/0,128,1027,1155/22683_36_without_scale.jpg",,https://events.brown.edu/joukowsky-archaeology/event/331007-exhibit-scents-of-the-ancient-past-curated-by,https://events.brown.edu/live/json/events
326652,1776 Across the Americas: A Hemispheric History from the Collections of the John Carter Brown Library,2026-09-21T10:00:00-04:00,2026-09-21T12:45:00-04:00,September 21,10:00am - 12:45pm,America/New_York,false,every weekday (Monday to Friday),December 18,2026-02-06 15:00:00,2026-12-18 15:00:00,false,false,,,94 George Street,,,Free,John Carter Brown Library," Open to the Public | Performances, Concerts and Exhibitions",,,"history | History, Cultural Studies, Languages | Humanities | Identity, Culture, Inclusion | International, Global Engagement | Libraries | Social Sciences",jcb-events@brown.edu,jcb-events@brown.edu,false,,false,"https://events.brown.edu/live/image/gid/138/width/80/height/80/crop/1/src_region/0,0,1728,1728/21701_1776_Social_Media_Bkgds_JCBL_2026-01-21.jpg",The image shows a rooster pulling on the British flag.,https://events.brown.edu/john-carter-brown-library/event/326652-1776-across-the-americas-a-hemispheric-history,https://events.brown.edu/live/json/events
333303,Career Services | Workshop: Strategic Job Search Toolkit - International Students,2026-09-21T12:00:00-04:00,2026-09-21T13:00:00-04:00,September 21,12:00pm - 1:00pm,America/New_York,false,,,2026-09-21 16:00:00,2026-09-21 17:00:00,false,false,,,"Stephen Robert ’62 Campus Center, Petteruti Lounge, Room 201, 75 Waterman Street, Providence, RI 02912",,,Free,Master’s Programs,"Free Food | Lectures, Seminars and Workshops",Humanities | Life Sciences Biomed | Life Sciences Non-Biomed | Physical Sciences | Social Sciences,,"Careers, Recruiting, Internships | Graduate School, Postgraduate Education | Training, Professional Development",masters_careersupport@brown.edu,masters_careersupport@brown.edu,false,,false,"https://events.brown.edu/live/image/gid/224/width/80/height/80/crop/1/src_region/0,0,1080,1080/23205_NL_Events_Strategic_Job_Search_toolkit.png",Flags from different countries,https://events.brown.edu/live/events/333043-career-services-workshop-us-job-search-insights,https://events.brown.edu/live/json/events
335010,You Only Need One (tech interview prep platform),2026-09-21T12:00:00-04:00,2026-09-21T13:00:00-04:00,September 21,12:00pm - 1:00pm,America/New_York,false,,,2026-09-21 16:00:00,2026-09-21 17:00:00,false,false,,,Tisch Career Center,41.827858,-71.401045,,Tisch Career Center,,1st Year Students | 2nd Year Students | 3rd Year Students | 4th Year Students,,"Careers, Recruiting, Internships | Information Session",careercenter@brown.edu,careercenter@brown.edu,false,,false,"https://events.brown.edu/live/image/gid/19/width/80/height/80/crop/1/src_region/0,0,434,426/2894_events_browmimage.png",,https://events.brown.edu/career-center/event/335010-you-only-need-one-tech-interview-prep-platform,https://events.brown.edu/live/json/events
326756,1776 Across the Americas: A Hemispheric History from the Collections of the John Carter Brown Library,2026-09-21T14:00:00-04:00,2026-09-21T16:45:00-04:00,September 21,2:00pm - 4:45pm,America/New_York,false,weekly,December 18,2026-02-09 19:00:00,2026-12-18 19:00:00,false,false,,,94 George Street,,,Free,John Carter Brown Library," Open to the Public | Performances, Concerts and Exhibitions",,,"history | History, Cultural Studies, Languages | Humanities | Identity, Culture, Inclusion | International, Global Engagement | Libraries | Social Sciences",jcb-events@brown.edu,jcb-events@brown.edu,false,,false,"https://events.brown.edu/live/image/gid/138/width/80/height/80/crop/1/src_region/0,0,1728,1728/21701_1776_Social_Media_Bkgds_JCBL_2026-01-21.jpg",The image shows a rooster pulling on the British flag.,https://events.brown.edu/john-carter-brown-library/event/326756-1776-across-the-americas-a-hemispheric-history,https://events.brown.edu/live/json/events
335009,Getting into the Flow of Finance and Consulting,2026-09-21T16:00:00-04:00,2026-09-21T17:00:00-04:00,September 21,4:00pm - 5:00pm,America/New_York,false,,,2026-09-21 20:00:00,2026-09-21 21:00:00,false,false,,,Tisch Career Center,41.827858,-71.401045,,Tisch Career Center,,1st Year Students | 2nd Year Students | 3rd Year Students | 4th Year Students,,"Careers, Recruiting, Internships | Information Session",careercenter@brown.edu,careercenter@brown.edu,false,,false,"https://events.brown.edu/live/image/gid/19/width/80/height/80/crop/1/src_region/0,0,434,426/2894_events_browmimage.png",,https://events.brown.edu/career-center/event/335009-getting-into-the-flow-of-finance-and-consulting,https://events.brown.edu/live/json/events
335484,NPAW 2026: Postdoctoberfest,2026-09-21T17:00:00-04:00,2026-09-21T19:00:00-04:00,September 21,5:00pm - 7:00pm,America/New_York,false,,,2026-09-21 21:00:00,2026-09-21 23:00:00,false,false,,,Faculty Club,41.824809,-71.403729,,Office of University Postdoctoral Affairs,,All Staff | Campus Faculty | Hospital Faculty,,,postdoc-affairs@brown.edu,postdoc-affairs@brown.edu,false,,false,"https://events.brown.edu/live/image/gid/191/width/80/height/80/crop/1/src_region/0,0,963,963/23236_2026_Events_at_Brown_-_NPAW.png",,https://events.brown.edu/live/events/335481-npaw-2026-postdoctoberfest,https://events.brown.edu/live/json/events
335607,Brown University Men’s Tennis vs ITA Men’s All-American Championships,2026-09-22T00:00:00-04:00,,September 22,,America/New_York,true,,,2026-09-22 04:00:00,,false,false,,,"Tulsa, Okla.",,,,Athletics, Open to the Public,,,"Athletics, Sports, Wellness",,,false,,false,"https://events.brown.edu/live/image/gid/8/width/80/height/80/crop/1/src_region/0,0,1050,1050/10116_brown-athletics.png",Brown University Athletics logo,https://events.brown.edu/athletics/event/335607-brown-university-mens-tennis-vs-ita-mens,https://events.brown.edu/live/json/events
329141,"Last day to add a course without a fee. (5:00 p.m. EDT deadline) Banner Web will be taken down for approximately one hour. Once relaunched, all course adds require Instructor override and will be charged a late fee of $15 per course.",2026-09-22T00:00:00-04:00,,September 22,,America/New_York,true,,,2026-09-22 04:00:00,,false,false,,,,,,,Academic Calendar,,,,"Academic Calendar, University Dates &amp; Events | Fall Semester",Registrar’s Office 401-863-2500,,false,,false,,,https://events.brown.edu/academic-calendar/event/329141-last-day-to-add-a-course-without-a-fee-500-pm-edt,https://events.brown.edu/live/json/events
331008,Exhibit | Scents of the Ancient Past (Curated by Erynn Bentley ’27),2026-09-22T09:00:00-04:00,2026-09-22T16:30:00-04:00,September 22,9:00am - 4:30pm,America/New_York,false,every weekday (Monday to Friday),October 1,2026-05-01 13:00:00,2026-10-01 13:00:00,false,false,,,Rhode Island Hall,41.82548,-71.403879,,Joukowsky Institute for Archaeology," Open to the Public | Performances, Concerts and Exhibitions",1st Year Students | 2nd Year Students | 3rd Year Students | 4th Year Students | All Staff | Campus Faculty | Hospital Faculty | Humanities | Medical Students | Social Sciences,,"Arts, Performance | History, Cultural Studies, Languages | Humanities | Identity, Culture, Inclusion | International, Global Engagement","Joukowsky Institute for ArchaeologyRhode Island Hall, 60 George Street, Providence, RI jiaaw@brown.edu _____________________________ archaeology.brown.edu",jiaaw@brown.edu,false,,false,"https://events.brown.edu/live/image/gid/58/width/80/height/80/crop/1/src_region/0,128,1027,1155/22683_36_without_scale.jpg",,https://events.brown.edu/joukowsky-archaeology/event/331008-exhibit-scents-of-the-ancient-past-curated-by,https://events.brown.edu/live/json/events
326653,1776 Across the Americas: A Hemispheric History from the Collections of the John Carter Brown Library,2026-09-22T10:00:00-04:00,2026-09-22T12:45:00-04:00,September 22,10:00am - 12:45pm,America/New_York,false,every weekday (Monday to Friday),December 18,2026-02-06 15:00:00,2026-12-18 15:00:00,false,false,,,94 George Street,,,Free,John Carter Brown Library," Open to the Public | Performances, Concerts and Exhibitions",,,"history | History, Cultural Studies, Languages | Humanities | Identity, Culture, Inclusion | International, Global Engagement | Libraries | Social Sciences",jcb-events@brown.edu,jcb-events@brown.edu,false,,false,"https://events.brown.edu/live/image/gid/138/width/80/height/80/crop/1/src_region/0,0,1728,1728/21701_1776_Social_Media_Bkgds_JCBL_2026-01-21.jpg",The image shows a rooster pulling on the British flag.,https://events.brown.edu/john-carter-brown-library/event/326653-1776-across-the-americas-a-hemispheric-history,https://events.brown.edu/live/json/events
288057,COBRE CBC Computational Biology Walk-in Office hours,2026-09-22T11:00:00-04:00,2026-09-22T12:00:00-04:00,September 22,11:00am - 12:00pm,America/New_York,false,weekly,"December 31<span class=""lw_date_year"">, 2027</span>",2024-06-11 15:00:00,2027-12-31 16:00:00,false,true,Online only,https://brown.zoom.us/j/95250171953,,,,,Center for Computation and Visualization (CCV),,,,,Center for Computation and Visualization Talk to us on https://ccv.brown.edu/discuss,,false,,false,,,https://events.brown.edu/ccv/event/288057-cobre-cbc-computational-biology-walk-in-office,https://events.brown.edu/live/json/events
329710,Leader as Coach (LAC) | Information Session,2026-09-22T12:00:00-04:00,2026-09-22T13:00:00-04:00,September 22,12:00pm - 1:00pm,America/New_York,false,,,2026-09-22 16:00:00,2026-09-22 17:00:00,false,true,Online only,https://apply.professional.brown.edu/register/?id=9474f826-72fa-4157-ae99-bf94a453093c,,,,Free,School of Professional Studies,,,,ACT Leadership Coaching | Executive Education | Leader as Coach,execeducation@brown.edu,execeducation@brown.edu,false,,false,"https://events.brown.edu/live/image/gid/175/width/80/height/80/crop/1/src_region/0,0,3200,2133/12159_diverse-business-team-chatting-2022-01-27-21-12-59-utc_1.jpg",Full length portrait of diverse business team with young woman in wheelchair chatting to male colleagues in modern office,https://events.brown.edu/sps/event/329710-leader-as-coach-lac-information-session,https://events.brown.edu/live/json/events
335539,Master of Science in Computer Science | Virtual Information Session,2026-09-22T12:00:00-04:00,2026-09-22T13:00:00-04:00,September 22,12:00pm - 1:00pm,America/New_York,false,,,2026-09-22 16:00:00,2026-09-22 17:00:00,false,true,Online only,https://apply.professional.brown.edu/register/?id=0b9ae0c2-7031-45d0-8e49-a9502d679c3f,,,,Free,Master’s Programs,,,,"Fifth-Year Master's | Graduate School, Postgraduate Education | Master | Master's Admissions | Master's Events | Mathematics, Technology, Engineering",masters_events@brown.edu,masters_events@brown.edu,false,,false,"https://events.brown.edu/live/image/gid/175/width/80/height/80/crop/1/src_region/0,0,3200,2133/10391_20091030_PAUR_0010.jpg","Fallen autumn leaves on the front green, University and Manning Halls in the background, exterior",https://events.brown.edu/masters-programs/event/335539-master-of-science-in-computer-science-virtual,https://events.brown.edu/live/json/events
326880,1776 Across the Americas: A Hemispheric History from the Collections of the John Carter Brown Library,2026-09-22T14:00:00-04:00,2026-09-22T16:45:00-04:00,September 22,2:00pm - 4:45pm,America/New_York,false,every Tuesday and Thursday,December 17,2026-02-10 19:00:00,2026-12-17 19:00:00,false,false,,,94 George Street,,,Free,John Carter Brown Library," Open to the Public | Performances, Concerts and Exhibitions",,,"history | History, Cultural Studies, Languages | Humanities | Identity, Culture, Inclusion | International, Global Engagement | Libraries | Social Sciences",jcb-events@brown.edu,jcb-events@brown.edu,false,,false,"https://events.brown.edu/live/image/gid/138/width/80/height/80/crop/1/src_region/0,0,1728,1728/21701_1776_Social_Media_Bkgds_JCBL_2026-01-21.jpg",The image shows a rooster pulling on the British flag.,https://events.brown.edu/john-carter-brown-library/event/326880-1776-across-the-americas-a-hemispheric-history,https://events.brown.edu/live/json/events
335681,CET Prague Film Production at FAMU: Student Film Screening (virtual),2026-09-22T16:00:00-04:00,2026-09-22T17:00:00-04:00,September 22,4:00pm - 5:00pm,America/New_York,false,,,2026-09-22 20:00:00,2026-09-22 21:00:00,false,true,Online only,https://events.teams.microsoft.com/event/35e9d214-359a-4df4-995d-8244a70b9914@1eb1283f-7a15-43ab-84df-87a2f6ade4fd,,,,,Study Abroad,,,,,Study Abroad Advising Page-Robinson 313/319 studyabroad@brown.edu 401-863-3555,studyabroad@brown.edu,false,,false,"https://events.brown.edu/live/image/gid/67/width/80/height/80/crop/1/src_region/0,0,225,225/5206_CET_logo.jpg",,https://events.brown.edu/study-abroad/event/335681-cet-prague-film-production-at-famu-student-film-scree,https://events.brown.edu/live/json/events
335042,This is Public Health Fair: Boston,2026-09-22T17:30:00-04:00,2026-09-22T19:30:00-04:00,September 22,5:30pm - 7:30pm,America/New_York,false,,,2026-09-22 21:30:00,2026-09-22 23:30:00,false,false,,,Tufts University School of Medicine,,,,School of Public Health Admissions,,,,"Biology, Medicine, Public Health",Yessenia Lobo Admissions Coordinator Brown University School of Public Health (401) 863-9939 yessenia_lobo@brown.edu sph.brown.edu,yessenia_lobo@brown.edu,false,,false,"https://events.brown.edu/live/image/gid/77/width/80/height/80/crop/1/src_region/0,0,204,192/15817_TIPH_Logo.png",,https://events.brown.edu/live/events/335015-this-is-public-health-fair-boston,https://events.brown.edu/live/json/events
333430,Brown University Men’s Soccer at Providence,2026-09-22T19:00:00-04:00,2026-09-22T21:00:00-04:00,September 22,7:00pm - 9:00pm,America/New_York,false,,,2026-09-22 23:00:00,2026-09-23 01:00:00,false,false,,,"Providence, R.I., Chapey Field at Anderson Stadium",,,,Athletics, Open to the Public,,,"Athletics, Sports, Wellness",,,false,,false,"https://events.brown.edu/live/image/gid/8/width/80/height/80/crop/1/src_region/0,0,1050,1050/10116_brown-athletics.png",Brown University Athletics logo,https://events.brown.edu/athletics/event/333430-brown-university-mens-soccer-at-providence,https://events.brown.edu/live/json/events
335606,Brown University Men’s Tennis vs ITA Men’s All-American Championships,2026-09-23T00:00:00-04:00,,September 23,,America/New_York,true,,,2026-09-23 04:00:00,,false,false,,,"Tulsa, Okla.",,,,Athletics, Open to the Public,,,"Athletics, Sports, Wellness",,,false,,false,"https://events.brown.edu/live/image/gid/8/width/80/height/80/crop/1/src_region/0,0,1050,1050/10116_brown-athletics.png",Brown University Athletics logo,https://events.brown.edu/athletics/event/335606-brown-university-mens-tennis-vs-ita-mens,https://events.brown.edu/live/json/events
333206,IE Brown Executive MBA | Open Day - Madrid,2026-09-23T05:00:00-04:00,2026-09-23T11:30:00-04:00,September 23,11:00am - 5:30pm,Europe/Brussels,false,,,2026-09-23 09:00:00,2026-09-23 15:30:00,false,false,,,"IE Maria de Molina 31 Calle Maria de Molina 31, Madrid  28006 Madrid",40.437821,-3.68197,Free,School of Professional Studies,,,,EMBA | Executive Education | Executive MBA | IE Brown Executive MBA,professional@brown.edu,professional@brown.edu,false,,false,"https://events.brown.edu/live/image/gid/175/width/80/height/80/crop/1/src_region/0,0,3974,1264/10389_EMBA_Image_2.png",,https://events.brown.edu/sps/event/333206-ie-brown-executive-mba-open-day-madrid,https://events.brown.edu/live/json/events
331009,Exhibit | Scents of the Ancient Past (Curated by Erynn Bentley ’27),2026-09-23T09:00:00-04:00,2026-09-23T16:30:00-04:00,September 23,9:00am - 4:30pm,America/New_York,false,every weekday (Monday to Friday),October 1,2026-05-01 13:00:00,2026-10-01 13:00:00,false,false,,,Rhode Island Hall,41.82548,-71.403879,,Joukowsky Institute for Archaeology," Open to the Public | Performances, Concerts and Exhibitions",1st Year Students | 2nd Year Students | 3rd Year Students | 4th Year Students | All Staff | Campus Faculty | Hospital Faculty | Humanities | Medical Students | Social Sciences,,"Arts, Performance | History, Cultural Studies, Languages | Humanities | Identity, Culture, Inclusion | International, Global Engagement","Joukowsky Institute for ArchaeologyRhode Island Hall, 60 George Street, Providence, RI jiaaw@brown.edu _____________________________ archaeology.brown.edu",jiaaw@brown.edu,false,,false,"https://events.brown.edu/live/image/gid/58/width/80/height/80/crop/1/src_region/0,128,1027,1155/22683_36_without_scale.jpg",,https://events.brown.edu/joukowsky-archaeology/event/331009-exhibit-scents-of-the-ancient-past-curated-by,https://events.brown.edu/live/json/events
335486,NPAW 2026: Coffee &amp; Donuts for Postdocs,2026-09-23T10:00:00-04:00,2026-09-23T11:00:00-04:00,September 23,10:00am - 11:00am,America/New_York,false,,,2026-09-23 14:00:00,2026-09-23 15:00:00,false,false,,,Andrews House,,,,Office of University Postdoctoral Affairs,,All Staff | Campus Faculty | Hospital Faculty,,,postdoc-affairs@brown.edu,postdoc-affairs@brown.edu,false,,false,"https://events.brown.edu/live/image/gid/191/width/80/height/80/crop/1/src_region/0,0,963,963/23236_2026_Events_at_Brown_-_NPAW.png",,https://events.brown.edu/live/events/335485-npaw-2026-coffee-donuts-for-postdocs,https://events.brown.edu/live/json/events
326654,1776 Across the Americas: A Hemispheric History from the Collections of the John Carter Brown Library,2026-09-23T10:00:00-04:00,2026-09-23T12:45:00-04:00,September 23,10:00am - 12:45pm,America/New_York,false,every weekday (Monday to Friday),December 18,2026-02-06 15:00:00,2026-12-18 15:00:00,false,false,,,94 George Street,,,Free,John Carter Brown Library," Open to the Public | Performances, Concerts and Exhibitions",,,"history | History, Cultural Studies, Languages | Humanities | Identity, Culture, Inclusion | International, Global Engagement | Libraries | Social Sciences",jcb-events@brown.edu,jcb-events@brown.edu,false,,false,"https://events.brown.edu/live/image/gid/138/width/80/height/80/crop/1/src_region/0,0,1728,1728/21701_1776_Social_Media_Bkgds_JCBL_2026-01-21.jpg",The image shows a rooster pulling on the British flag.,https://events.brown.edu/john-carter-brown-library/event/326654-1776-across-the-americas-a-hemispheric-history,https://events.brown.edu/live/json/events
335468,China Chat — Mind the Gap: How China’s Civilian Shipping Could Enable a Taiwan Invasion,2026-09-23T12:00:00-04:00,2026-09-23T13:00:00-04:00,September 23,12:00pm - 1:00pm,America/New_York,false,,,2026-09-23 16:00:00,2026-09-23 17:00:00,false,false,,,"Stephen Robert ’62 Hall, 280 Brook Street",41.824316,-71.399009,,Watson School of International and Public Affairs,"Lectures, Seminars and Workshops",,,"China Chat | China Initiative | Government, Public &amp; International Affairs",WatsonEvents@brown.edu,WatsonEvents@brown.edu,false,,false,"https://events.brown.edu/live/image/gid/90/width/80/height/80/crop/1/src_region/0,0,1080,1080/23233_China_Chat_square.png",,https://events.brown.edu/watson/event/335468-china-chat-mind-the-gap-how-chinas-civilian,https://events.brown.edu/live/json/events
326802,1776 Across the Americas: A Hemispheric History from the Collections of the John Carter Brown Library,2026-09-23T14:00:00-04:00,2026-09-23T16:45:00-04:00,September 23,2:00pm - 4:45pm,America/New_York,false,weekly,December 16,2026-02-11 19:00:00,2026-12-16 19:00:00,false,false,,,94 George Street,,,Free,John Carter Brown Library," Open to the Public | Performances, Concerts and Exhibitions",,,"history | History, Cultural Studies, Languages | Humanities | Identity, Culture, Inclusion | International, Global Engagement | Libraries | Social Sciences",jcb-events@brown.edu,jcb-events@brown.edu,false,,false,"https://events.brown.edu/live/image/gid/138/width/80/height/80/crop/1/src_region/0,0,1728,1728/21701_1776_Social_Media_Bkgds_JCBL_2026-01-21.jpg",The image shows a rooster pulling on the British flag.,https://events.brown.edu/john-carter-brown-library/event/326802-1776-across-the-americas-a-hemispheric-history,https://events.brown.edu/live/json/events
287422,COBRE CBC Computational Biology Walk-in Office hours,2026-09-23T15:00:00-04:00,2026-09-23T16:00:00-04:00,September 23,3:00pm - 4:00pm,America/New_York,false,weekly,"December 31<span class=""lw_date_year"">, 2027</span>",2024-06-26 19:00:00,2027-12-31 20:00:00,false,true,Online only,https://brown.zoom.us/j/95250171953,,,,,Center for Computation and Visualization (CCV),,,,,Center for Computation and Visualization Talk to us on https://ccv.brown.edu/discuss,,false,,false,,,https://events.brown.edu/ccv/event/287422-cobre-cbc-computational-biology-walk-in-office,https://events.brown.edu/live/json/events
334859,Suzannah Weiss: Alumna Author Talk,2026-09-23T16:00:00-04:00,,September 23,4:00pm,America/New_York,false,,,2026-09-23 20:00:00,,false,false,,,Brown Bookstore,41.828276,-71.400941,Free,Bookstore, Open to the Public,1st Year Students | 2nd Year Students | 3rd Year Students | 4th Year Students | All Staff | Campus Faculty | Hospital Faculty | Humanities | Life Sciences Biomed | Life Sciences Non-Biomed | Medical Students | Physical Sciences | Social Sciences,,Author Event | Book Event,,,false,,false,"https://events.brown.edu/live/image/gid/15/width/80/height/80/crop/1/src_region/0,0,2160,2160/23179_Suzannah_Weiss_Author_Event_Page_Image.png",,https://events.brown.edu/bookstore/event/334859-suzannah-weiss-alumna-author-talk,https://events.brown.edu/live/json/events
335019,Navigating the Networking Necessity in Tech,2026-09-23T16:00:00-04:00,2026-09-23T17:00:00-04:00,September 23,4:00pm - 5:00pm,America/New_York,false,,,2026-09-23 20:00:00,2026-09-23 21:00:00,false,false,,,Tisch Career Center,41.827858,-71.401045,,Tisch Career Center,,1st Year Students | 2nd Year Students | 3rd Year Students | 4th Year Students,,"Careers, Recruiting, Internships | Information Session",careercenter@brown.edu,careercenter@brown.edu,false,,false,"https://events.brown.edu/live/image/gid/19/width/80/height/80/crop/1/src_region/0,0,434,426/2894_events_browmimage.png",,https://events.brown.edu/career-center/event/335019-navigating-the-networking-necessity-in-tech,https://events.brown.edu/live/json/events
335011,How to Choose a PhD Program That is Right For your Future,2026-09-23T17:00:00-04:00,2026-09-23T18:00:00-04:00,September 23,5:00pm - 6:00pm,America/New_York,false,,,2026-09-23 21:00:00,2026-09-23 22:00:00,false,false,,,Tisch Career Center,41.827858,-71.401045,,Tisch Career Center,,1st Year Students | 2nd Year Students | 3rd Year Students | 4th Year Students,,"Careers, Recruiting, Internships | Information Session",careercenter@brown.edu,careercenter@brown.edu,false,,false,"https://events.brown.edu/live/image/gid/19/width/80/height/80/crop/1/src_region/0,0,434,426/2894_events_browmimage.png",,https://events.brown.edu/career-center/event/335011-how-to-choose-a-phd-program-that-is-right-for-your-fu,https://events.brown.edu/live/json/events
335043,This is Public Health Fair: Pittsburgh,2026-09-23T17:30:00-04:00,2026-09-23T19:30:00-04:00,September 23,5:30pm - 7:30pm,America/New_York,false,,,2026-09-23 21:30:00,2026-09-23 23:30:00,false,false,,,School of Public Health at the University of Pittsburgh,,,,School of Public Health Admissions,,,,"Biology, Medicine, Public Health",Yessenia Lobo Admissions Coordinator Brown University School of Public Health (401) 863-9939 yessenia_lobo@brown.edu sph.brown.edu,yessenia_lobo@brown.edu,false,,false,"https://events.brown.edu/live/image/gid/77/width/80/height/80/crop/1/src_region/0,0,204,192/15817_TIPH_Logo.png",,https://events.brown.edu/live/events/335016-this-is-public-health-fair-pittsburgh,https://events.brown.edu/live/json/events
335532,All-Student Orientation Social Event: Grad Student Skate Night,2026-09-23T20:00:00-04:00,2026-09-23T22:30:00-04:00,September 23,8:00pm - 10:30pm,America/New_York,false,,,2026-09-24 00:00:00,2026-09-24 02:30:00,false,false,,,United Skates of America,41.853723,-71.359539,Free,Graduate School,,,,doctoral | gradorientation2026 | masters | social | social &amp; community building,Questions? Email us at gradstudent-orientation@brown.edu.,gradstudent-orientation@brown.edu,true,140,true,"https://events.brown.edu/live/image/gid/49/width/80/height/80/crop/1/src_region/0,0,500,212/19728_united-skates-of-america-logo-28.png","A circular logo for United Skates of America, Inc. with a large star and abstract circles on a purple, green, and pink background.",https://events.brown.edu/graduate/event/335532-all-student-orientation-social-event-grad-student-ska,https://events.brown.edu/live/json/events
335605,Brown University Men’s Tennis vs ITA Men’s All-American Championships,2026-09-24T00:00:00-04:00,,September 24,,America/New_York,true,,,2026-09-24 04:00:00,,false,false,,,"Tulsa, Okla.",,,,Athletics, Open to the Public,,,"Athletics, Sports, Wellness",,,false,,false,"https://events.brown.edu/live/image/gid/8/width/80/height/80/crop/1/src_region/0,0,1050,1050/10116_brown-athletics.png",Brown University Athletics logo,https://events.brown.edu/athletics/event/335605-brown-university-mens-tennis-vs-ita-mens,https://events.brown.edu/live/json/events
331010,Exhibit | Scents of the Ancient Past (Curated by Erynn Bentley ’27),2026-09-24T09:00:00-04:00,2026-09-24T16:30:00-04:00,September 24,9:00am - 4:30pm,America/New_York,false,every weekday (Monday to Friday),October 1,2026-05-01 13:00:00,2026-10-01 13:00:00,false,false,,,Rhode Island Hall,41.82548,-71.403879,,Joukowsky Institute for Archaeology," Open to the Public | Performances, Concerts and Exhibitions",1st Year Students | 2nd Year Students | 3rd Year Students | 4th Year Students | All Staff | Campus Faculty | Hospital Faculty | Humanities | Medical Students | Social Sciences,,"Arts, Performance | History, Cultural Studies, Languages | Humanities | Identity, Culture, Inclusion | International, Global Engagement","Joukowsky Institute for ArchaeologyRhode Island Hall, 60 George Street, Providence, RI jiaaw@brown.edu _____________________________ archaeology.brown.edu",jiaaw@brown.edu,false,,false,"https://events.brown.edu/live/image/gid/58/width/80/height/80/crop/1/src_region/0,128,1027,1155/22683_36_without_scale.jpg",,https://events.brown.edu/joukowsky-archaeology/event/331010-exhibit-scents-of-the-ancient-past-curated-by,https://events.brown.edu/live/json/events
326655,1776 Across the Americas: A Hemispheric History from the Collections of the John Carter Brown Library,2026-09-24T10:00:00-04:00,2026-09-24T12:45:00-04:00,September 24,10:00am - 12:45pm,America/New_York,false,every weekday (Monday to Friday),December 18,2026-02-06 15:00:00,2026-12-18 15:00:00,false,false,,,94 George Street,,,Free,John Carter Brown Library," Open to the Public | Performances, Concerts and Exhibitions",,,"history | History, Cultural Studies, Languages | Humanities | Identity, Culture, Inclusion | International, Global Engagement | Libraries | Social Sciences",jcb-events@brown.edu,jcb-events@brown.edu,false,,false,"https://events.brown.edu/live/image/gid/138/width/80/height/80/crop/1/src_region/0,0,1728,1728/21701_1776_Social_Media_Bkgds_JCBL_2026-01-21.jpg",The image shows a rooster pulling on the British flag.,https://events.brown.edu/john-carter-brown-library/event/326655-1776-across-the-americas-a-hemispheric-history,https://events.brown.edu/live/json/events
317874,NPAW 2026: Professional Headshots for Postdocs,2026-09-24T10:00:00-04:00,2026-09-24T15:30:00-04:00,September 24,10:00am - 3:30pm,America/New_York,false,,,2026-09-24 14:00:00,2026-09-24 19:30:00,false,false,,,Andrews House,41.823967,-71.402338,,Office of University Postdoctoral Affairs,,Campus Faculty | Hospital Faculty,,,Office of University Postdoctoral Affairs postdoc-affairs@brown.edu,postdoc-affairs@brown.edu,false,,false,"https://events.brown.edu/live/image/gid/191/width/80/height/80/crop/1/src_region/0,0,963,963/23236_2026_Events_at_Brown_-_NPAW.png",,https://events.brown.edu/live/events/312861-npaw-2025-professional-headshots-for-postdocs,https://events.brown.edu/live/json/events
335443,Technical Mock Interviews with Alumni for Jobs in Tech,2026-09-24T11:00:00-04:00,2026-09-25T17:00:00-04:00,September 24,11:00am,America/New_York,false,,,2026-09-24 15:00:00,2026-09-25 21:00:00,false,true,Online only,https://brown.joinhandshake.com/edu/events/1953088,Virtual,41.827858,-71.401045,,Tisch Career Center,,1st Year Students | 2nd Year Students | 3rd Year Students | 4th Year Students | Humanities | Life Sciences Biomed | Life Sciences Non-Biomed | Medical Students | Physical Sciences | Social Sciences,,"Careers, Recruiting, Internships | Information Session",careercenter@brown.edu,careercenter@brown.edu,false,,false,"https://events.brown.edu/live/image/gid/19/width/80/height/80/crop/1/src_region/0,0,434,426/2894_events_browmimage.png",,https://events.brown.edu/career-center/event/335443-technical-mock-interviews-with-alumni-for-jobs-in-tec,https://events.brown.edu/live/json/events
333691,"Institute for Field Education (IFE) Programs in Marseille, Paris, or Strasbourg Information Session",2026-09-24T12:00:00-04:00,2026-09-24T13:00:00-04:00,September 24,12:00pm - 1:00pm,America/New_York,false,,,2026-09-24 16:00:00,2026-09-24 17:00:00,false,false,,,Page-Robinson Hall (previously JWW),41.827526,-71.402786,,Study Abroad,,,,"Advising, Mentorship | History, Cultural Studies, Languages | International, Global Engagement","Study Abroad Advising Page-Robinson, 313/319 studyabroad@brown.edu 401-863-3555",studyabroad@brown.edu,false,,false,"https://events.brown.edu/live/image/gid/67/width/80/height/80/crop/1/src_region/0,0,225,225/1052_images.png",,https://events.brown.edu/study-abroad/event/333691-institute-for-field-education-ife-programs-in-marseil,https://events.brown.edu/live/json/events
335477,Environment and Climate Jobs and Internships Search,2026-09-24T12:00:00-04:00,2026-09-24T13:00:00-04:00,September 24,12:00pm - 1:00pm,America/New_York,false,,,2026-09-24 16:00:00,2026-09-24 17:00:00,false,false,,,Urban Environmental Lab,41.827674,-71.402175,,Tisch Career Center,,1st Year Students | 2nd Year Students | 3rd Year Students | 4th Year Students,,"Careers, Recruiting, Internships | Information Session",recruiting@brown.edu,recruiting@brown.edu,false,,false,"https://events.brown.edu/live/image/gid/19/width/80/height/80/crop/1/src_region/0,0,434,426/2894_events_browmimage.png",,https://events.brown.edu/career-center/event/335477-environment-and-climate-jobs-and-internships-search,https://events.brown.edu/live/json/events
333310,Career Services | Engineering Resume Road Trip,2026-09-24T12:00:00-04:00,2026-09-24T14:00:00-04:00,September 24,12:00pm - 2:00pm,America/New_York,false,,,2026-09-24 16:00:00,2026-09-24 18:00:00,false,false,,,"Engineering Research Center, RM 125 (345 Brook St Providence, RI)",,,Free,Master’s Programs,"Free Food | Lectures, Seminars and Workshops",Humanities | Life Sciences Biomed | Life Sciences Non-Biomed | Physical Sciences | Social Sciences,,"Careers, Recruiting, Internships | Graduate School, Postgraduate Education | Training, Professional Development",masters_careersupport@brown.edu,masters_careersupport@brown.edu,false,,false,"https://events.brown.edu/live/image/gid/224/width/80/height/80/crop/1/src_region/0,0,357,240/23203_Screenshot_2026-07-15_092403.png","Arrows, Briefcase, and a document",https://events.brown.edu/live/events/333107-career-services-engineering-resume-road-trip,https://events.brown.edu/live/json/events
326881,1776 Across the Americas: A Hemispheric History from the Collections of the John Carter Brown Library,2026-09-24T14:00:00-04:00,2026-09-24T16:45:00-04:00,September 24,2:00pm - 4:45pm,America/New_York,false,every Tuesday and Thursday,December 17,2026-02-10 19:00:00,2026-12-17 19:00:00,false,false,,,94 George Street,,,Free,John Carter Brown Library," Open to the Public | Performances, Concerts and Exhibitions",,,"history | History, Cultural Studies, Languages | Humanities | Identity, Culture, Inclusion | International, Global Engagement | Libraries | Social Sciences",jcb-events@brown.edu,jcb-events@brown.edu,false,,false,"https://events.brown.edu/live/image/gid/138/width/80/height/80/crop/1/src_region/0,0,1728,1728/21701_1776_Social_Media_Bkgds_JCBL_2026-01-21.jpg",The image shows a rooster pulling on the British flag.,https://events.brown.edu/john-carter-brown-library/event/326881-1776-across-the-americas-a-hemispheric-history,https://events.brown.edu/live/json/events
335497,Belong at Brown | Residential Master’s Application Workshop,2026-09-24T15:00:00-04:00,2026-09-24T16:00:00-04:00,September 24,3:00pm - 4:00pm,America/New_York,false,,,2026-09-24 19:00:00,2026-09-24 20:00:00,false,true,Online only,https://apply.professional.brown.edu/register/?id=749f2c4d-2f76-4f83-b483-9b18964bbfab,,,,Free,Master’s Programs,,,,"Fifth-Year Master's | Graduate School, Postgraduate Education | Master | Master's Admissions | Master's Events",masters_events@brown.edu,masters_events@brown.edu,false,,false,"https://events.brown.edu/live/image/gid/175/width/80/height/80/crop/1/src_region/0,0,3200,2133/10391_20091030_PAUR_0010.jpg","Fallen autumn leaves on the front green, University and Manning Halls in the background, exterior",https://events.brown.edu/masters-programs/event/335497-belong-at-brown-residential-masters-application,https://events.brown.edu/live/json/events
335138,"Janus Forum Series: “Pack the Court, Hack the Court, Sack the Court, Stack the Court: Debating Supreme Court Reform” with Steve Vladeck and Nikolas Bowie",2026-09-24T17:00:00-04:00,,September 24,5:00pm,America/New_York,false,,,2026-09-24 21:00:00,,false,false,,,TBD,,,,"Philosophy, Politics, and Economics (PPE)",,,,PPE,,,true,,false,"https://events.brown.edu/live/image/gid/71/width/80/height/80/crop/1/src_region/0,0,1204,1046/19634_Screenshot_2025-07-09_at_11.14.07_AM.png",ppe,https://events.brown.edu/ppe/event/335138-janus-forum-series-pack-the-court-hack-the-court-sack,https://events.brown.edu/live/json/events
335511,Imani Elizabeth Jackson: Writers on Writing,2026-09-24T17:30:00-04:00,,September 24,5:30pm,America/New_York,false,,,2026-09-24 21:30:00,,false,false,,,"70 Brown St., Providence",41.827526,-71.403308,Free,Literary Arts," Open to the Public | Performances, Concerts and Exhibitions",,,"Arts, Performance | Humanities | literature",writing@brown.edu,writing@brown.edu,false,,false,,,https://events.brown.edu/literary-arts/event/335511-imani-elizabeth-jackson-writers-on-writing,https://events.brown.edu/live/json/events
335652,"Alessandra Russo (Columbia University), “The Idea of a New Antiquity”",2026-09-24T17:30:00-04:00,2026-09-24T19:30:00-04:00,September 24,5:30pm - 7:30pm,America/New_York,false,,,2026-09-24 21:30:00,2026-09-24 23:30:00,false,false,,,Andrews House,41.823967,-71.402338,,Center for the Study of the Early Modern World,"Lectures, Seminars and Workshops",,,"Early Modern World | hi | History, Cultural Studies, Languages",Jordan Smith jordan_smith1@brown.edu,jordan_smith1@brown.edu,false,,false,,,https://events.brown.edu/early-modern-world/event/335652-alessandra-russo-columbia-university-the-idea-of-a,https://events.brown.edu/live/json/events
335403,Save the Date: 2026 B-Lab Expo,2026-09-24T18:30:00-04:00,2026-09-24T20:00:00-04:00,September 24,6:30pm - 8:00pm,America/New_York,false,,,2026-09-24 22:30:00,2026-09-25 00:00:00,false,false,,,"1 Euclid Ave, Providence RI 02906",41.828884,-71.400581,Free,Nelson Center for Entrepreneurship,Free Food |  Open to the Public,,,Entrepreneurship,entrepreneurship@brown.edu,entrepreneurship@brown.edu,false,,false,"https://events.brown.edu/live/image/gid/57/width/80/height/80/crop/1/src_region/0,0,500,500/23101_B-Lab_logo_Thumbnail.png",B-Lab Logo,https://events.brown.edu/nelson-entrepreneurship/event/335403-save-the-date-2026-b-lab-expo,https://events.brown.edu/live/json/events
335603,Brown University Men’s Tennis vs Georgetown,2026-09-25T00:00:00-04:00,,September 25,,America/New_York,true,,,2026-09-25 04:00:00,,false,false,,,"Newport, R.I.",,,,Athletics, Open to the Public,,,"Athletics, Sports, Wellness",,,false,,false,"https://events.brown.edu/live/image/gid/8/width/80/height/80/crop/1/src_region/0,0,1050,1050/10116_brown-athletics.png",Brown University Athletics logo,https://events.brown.edu/athletics/event/335603-brown-university-mens-tennis-vs-georgetown,https://events.brown.edu/live/json/events
335604,Brown University Men’s Tennis vs ITA Men’s All-American Championships,2026-09-25T00:00:00-04:00,,September 25,,America/New_York,true,,,2026-09-25 04:00:00,,false,false,,,"Tulsa, Okla.",,,,Athletics, Open to the Public,,,"Athletics, Sports, Wellness",,,false,,false,"https://events.brown.edu/live/image/gid/8/width/80/height/80/crop/1/src_region/0,0,1050,1050/10116_brown-athletics.png",Brown University Athletics logo,https://events.brown.edu/athletics/event/335604-brown-university-mens-tennis-vs-ita-mens,https://events.brown.edu/live/json/events
335443,Technical Mock Interviews with Alumni for Jobs in Tech,2026-09-25T00:00:00-04:00,,September 25,,America/New_York,true,,,2026-09-24 15:00:00,2026-09-25 21:00:00,false,true,Online only,https://brown.joinhandshake.com/edu/events/1953088,Virtual,41.827858,-71.401045,,Tisch Career Center,,1st Year Students | 2nd Year Students | 3rd Year Students | 4th Year Students | Humanities | Life Sciences Biomed | Life Sciences Non-Biomed | Medical Students | Physical Sciences | Social Sciences,,"Careers, Recruiting, Internships | Information Session",careercenter@brown.edu,careercenter@brown.edu,false,,false,"https://events.brown.edu/live/image/gid/19/width/80/height/80/crop/1/src_region/0,0,434,426/2894_events_browmimage.png",,https://events.brown.edu/career-center/event/335443-technical-mock-interviews-with-alumni-for-jobs-in-tec,https://events.brown.edu/live/json/events
331011,Exhibit | Scents of the Ancient Past (Curated by Erynn Bentley ’27),2026-09-25T09:00:00-04:00,2026-09-25T16:30:00-04:00,September 25,9:00am - 4:30pm,America/New_York,false,every weekday (Monday to Friday),October 1,2026-05-01 13:00:00,2026-10-01 13:00:00,false,false,,,Rhode Island Hall,41.82548,-71.403879,,Joukowsky Institute for Archaeology," Open to the Public | Performances, Concerts and Exhibitions",1st Year Students | 2nd Year Students | 3rd Year Students | 4th Year Students | All Staff | Campus Faculty | Hospital Faculty | Humanities | Medical Students | Social Sciences,,"Arts, Performance | History, Cultural Studies, Languages | Humanities | Identity, Culture, Inclusion | International, Global Engagement","Joukowsky Institute for ArchaeologyRhode Island Hall, 60 George Street, Providence, RI jiaaw@brown.edu _____________________________ archaeology.brown.edu",jiaaw@brown.edu,false,,false,"https://events.brown.edu/live/image/gid/58/width/80/height/80/crop/1/src_region/0,128,1027,1155/22683_36_without_scale.jpg",,https://events.brown.edu/joukowsky-archaeology/event/331011-exhibit-scents-of-the-ancient-past-curated-by,https://events.brown.edu/live/json/events
323892,CCV Office Hours,2026-09-25T10:00:00-04:00,2026-09-25T12:00:00-04:00,September 25,10:00am - 12:00pm,America/New_York,false,,,2026-09-25 14:00:00,2026-09-25 16:00:00,false,true,Hybrid,https://brown.zoom.us/j/93572022965,180 George Street,41.825929,-71.398812,Free,Center for Computation and Visualization (CCV),"Lectures, Seminars and Workshops |  Open to the Public",,,Computing | HPC | Research,Email the HPC team,hpc@brown.edu,false,,false,"https://events.brown.edu/live/image/gid/176/width/80/height/80/crop/1/src_region/0,0,8334,4307/2435_ccv-zdog_2.png",,https://events.brown.edu/ccv/event/323892-ccv-office-hours,https://events.brown.edu/live/json/events
326656,1776 Across the Americas: A Hemispheric History from the Collections of the John Carter Brown Library,2026-09-25T10:00:00-04:00,2026-09-25T12:45:00-04:00,September 25,10:00am - 12:45pm,America/New_York,false,every weekday (Monday to Friday),December 18,2026-02-06 15:00:00,2026-12-18 15:00:00,false,false,,,94 George Street,,,Free,John Carter Brown Library," Open to the Public | Performances, Concerts and Exhibitions",,,"history | History, Cultural Studies, Languages | Humanities | Identity, Culture, Inclusion | International, Global Engagement | Libraries | Social Sciences",jcb-events@brown.edu,jcb-events@brown.edu,false,,false,"https://events.brown.edu/live/image/gid/138/width/80/height/80/crop/1/src_region/0,0,1728,1728/21701_1776_Social_Media_Bkgds_JCBL_2026-01-21.jpg",The image shows a rooster pulling on the British flag.,https://events.brown.edu/john-carter-brown-library/event/326656-1776-across-the-americas-a-hemispheric-history,https://events.brown.edu/live/json/events
335422,Scientific Computing Seminar Presents Jianxian Qiu (Xiamen University),2026-09-25T11:00:00-04:00,,September 25,11:00am,America/New_York,false,,,2026-09-25 15:00:00,,false,false,,,170 Hope Street,41.825991,-71.397632,Free,Applied Mathematics,"Lectures, Seminars and Workshops |  Open to the Public",,,Division of Applied Mathematics | Scientific Computing Seminar | Seminar,Rachel Lilly rachel_lilly@brown.edu,rachel_lilly@brown.edu,false,,false,,,https://events.brown.edu/applied-math/event/335422-scientific-computing-seminar-presents-jianxian-qiu,https://events.brown.edu/live/json/events
335550,Practicing Anthropology Under Pressure: A Workshop,2026-09-25T15:00:00-04:00,2026-09-25T17:00:00-04:00,September 25,3:00pm - 5:00pm,America/New_York,false,,,2026-09-25 19:00:00,2026-09-25 21:00:00,false,false,,,75 Waterman Street,,,Free,Anthropology,"Free Food | Lectures, Seminars and Workshops |  Open to the Public",Campus Faculty | Humanities,,,anthropology@brown.edu,anthropology@brown.edu,false,,false,,,https://events.brown.edu/anthropology/event/335550-practicing-anthropology-under-pressure-a-workshop,https://events.brown.edu/live/json/events
333585,Brown University Field Hockey vs Columbia,2026-09-25T15:00:00-04:00,2026-09-25T18:00:00-04:00,September 25,3:00pm - 6:00pm,America/New_York,false,,,2026-09-25 19:00:00,2026-09-25 22:00:00,false,false,,,"Providence, R.I., Goldberger Family Field",,,,Athletics, Open to the Public,,,"Athletics, Sports, Wellness",,,false,,false,"https://events.brown.edu/live/image/gid/8/width/80/height/80/crop/1/src_region/0,0,1050,1050/10116_brown-athletics.png",Brown University Athletics logo,https://events.brown.edu/athletics/event/333585-brown-university-field-hockey-vs-columbia,https://events.brown.edu/live/json/events
301831,Brown University Football vs Harvard,2026-09-25T19:00:00-04:00,2026-09-25T22:00:00-04:00,September 25,7:00pm - 10:00pm,America/New_York,false,,,2026-09-25 23:00:00,2026-09-26 02:00:00,false,false,,,"Pawtucket, R.I., Centreville Bank Stadium",,,,Athletics, Open to the Public,,,"Athletics, Sports, Wellness",,,false,,false,"https://events.brown.edu/live/image/gid/8/width/80/height/80/crop/1/src_region/0,0,1050,1050/10116_brown-athletics.png",Brown University Athletics logo,https://events.brown.edu/athletics/event/301831-brown-university-football-vs-harvard,https://events.brown.edu/live/json/events
333429,Brown University Men’s Soccer at Columbia,2026-09-26T00:00:00-04:00,,September 26,,America/New_York,true,,,2026-09-26 04:00:00,,false,false,,,"New York, N.Y., Rocco B. Commisso Soccer Stadium",,,,Athletics, Open to the Public,,,"Athletics, Sports, Wellness",,,false,,false,"https://events.brown.edu/live/image/gid/8/width/80/height/80/crop/1/src_region/0,0,1050,1050/10116_brown-athletics.png",Brown University Athletics logo,https://events.brown.edu/athletics/event/333429-brown-university-mens-soccer-at-columbia,https://events.brown.edu/live/json/events
335601,Brown University Men’s Tennis vs Georgetown,2026-09-26T00:00:00-04:00,,September 26,,America/New_York,true,,,2026-09-26 04:00:00,,false,false,,,"Newport, R.I.",,,,Athletics, Open to the Public,,,"Athletics, Sports, Wellness",,,false,,false,"https://events.brown.edu/live/image/gid/8/width/80/height/80/crop/1/src_region/0,0,1050,1050/10116_brown-athletics.png",Brown University Athletics logo,https://events.brown.edu/athletics/event/335601-brown-university-mens-tennis-vs-georgetown,https://events.brown.edu/live/json/events
335602,Brown University Men’s Tennis vs ITA Men’s All-American Championships,2026-09-26T00:00:00-04:00,,September 26,,America/New_York,true,,,2026-09-26 04:00:00,,false,false,,,"Tulsa, Okla.",,,,Athletics, Open to the Public,,,"Athletics, Sports, Wellness",,,false,,false,"https://events.brown.edu/live/image/gid/8/width/80/height/80/crop/1/src_region/0,0,1050,1050/10116_brown-athletics.png",Brown University Athletics logo,https://events.brown.edu/athletics/event/335602-brown-university-mens-tennis-vs-ita-mens,https://events.brown.edu/live/json/events
334152,Brown University Men’s Water Polo vs Connecticut College,2026-09-26T11:30:00-04:00,2026-09-26T13:00:00-04:00,September 26,11:30am - 1:00pm,America/New_York,false,,,2026-09-26 15:30:00,2026-09-26 17:00:00,false,false,,,"Providence, R.I., Katherine Moran Coleman Aquatics Center",,,,Athletics, Open to the Public,,,"Athletics, Sports, Wellness",,,false,,false,"https://events.brown.edu/live/image/gid/8/width/80/height/80/crop/1/src_region/0,0,1050,1050/10116_brown-athletics.png",Brown University Athletics logo,https://events.brown.edu/athletics/event/334152-brown-university-mens-water-polo-vs-connecticut,https://events.brown.edu/live/json/events
333387,Brown University Women’s Soccer vs Columbia,2026-09-26T12:00:00-04:00,2026-09-26T14:00:00-04:00,September 26,12:00pm - 2:00pm,America/New_York,false,,,2026-09-26 16:00:00,2026-09-26 18:00:00,false,false,,,"Providence, R.I., Stevenson-Pincince Field",,,,Athletics, Open to the Public,,,"Athletics, Sports, Wellness",,,false,,false,"https://events.brown.edu/live/image/gid/8/width/80/height/80/crop/1/src_region/0,0,1050,1050/10116_brown-athletics.png",Brown University Athletics logo,https://events.brown.edu/athletics/event/333387-brown-university-womens-soccer-vs-columbia,https://events.brown.edu/live/json/events
184399,How to Find and Fund an Internship,2026-09-26T15:00:00-04:00,2026-09-26T16:00:00-04:00,September 26,3:00pm - 4:00pm,America/New_York,false,,,2026-09-26 19:00:00,2026-09-26 20:00:00,false,false,,,MacMillan Hall,41.826104,-71.400096,,Tisch Career Center,"Lectures, Seminars and Workshops",1st Year Students | 2nd Year Students | 3rd Year Students | 4th Year Students,,"Careers, Recruiting, Internships | Information Session",careercenter@brown.edu,careercenter@brown.edu,false,,false,"https://events.brown.edu/live/image/gid/19/width/80/height/80/crop/1/src_region/0,0,434,426/2894_events_browmimage.png",,https://events.brown.edu/career-center/event/184399-how-to-find-and-fund-an-internship,https://events.brown.edu/live/json/events
334151,Brown University Men’s Water Polo vs Concordia University Irvine,2026-09-26T15:15:00-04:00,2026-09-26T16:45:00-04:00,September 26,3:15pm - 4:45pm,America/New_York,false,,,2026-09-26 19:15:00,2026-09-26 20:45:00,false,false,,,"Providence, R.I., Katherine Moran Coleman Aquatics Center",,,,Athletics, Open to the Public,,,"Athletics, Sports, Wellness",,,false,,false,"https://events.brown.edu/live/image/gid/8/width/80/height/80/crop/1/src_region/0,0,1050,1050/10116_brown-athletics.png",Brown University Athletics logo,https://events.brown.edu/athletics/event/334151-brown-university-mens-water-polo-vs-concordia,https://events.brown.edu/live/json/events
335599,Brown University Men’s Tennis vs Georgetown,2026-09-27T00:00:00-04:00,,September 27,,America/New_York,true,,,2026-09-27 04:00:00,,false,false,,,"Newport, R.I.",,,,Athletics, Open to the Public,,,"Athletics, Sports, Wellness",,,false,,false,"https://events.brown.edu/live/image/gid/8/width/80/height/80/crop/1/src_region/0,0,1050,1050/10116_brown-athletics.png",Brown University Athletics logo,https://events.brown.edu/athletics/event/335599-brown-university-mens-tennis-vs-georgetown,https://events.brown.edu/live/json/events
335600,Brown University Men’s Tennis vs ITA Men’s All-American Championships,2026-09-27T00:00:00-04:00,,September 27,,America/New_York,true,,,2026-09-27 04:00:00,,false,false,,,"Tulsa, Okla.",,,,Athletics, Open to the Public,,,"Athletics, Sports, Wellness",,,false,,false,"https://events.brown.edu/live/image/gid/8/width/80/height/80/crop/1/src_region/0,0,1050,1050/10116_brown-athletics.png",Brown University Athletics logo,https://events.brown.edu/athletics/event/335600-brown-university-mens-tennis-vs-ita-mens,https://events.brown.edu/live/json/events
334150,Brown University Men’s Water Polo vs Johns Hopkins,2026-09-27T10:30:00-04:00,2026-09-27T12:00:00-04:00,September 27,10:30am - 12:00pm,America/New_York,false,,,2026-09-27 14:30:00,2026-09-27 16:00:00,false,false,,,"Providence, R.I., Katherine Moran Coleman Aquatics Center",,,,Athletics, Open to the Public,,,"Athletics, Sports, Wellness",,,false,,false,"https://events.brown.edu/live/image/gid/8/width/80/height/80/crop/1/src_region/0,0,1050,1050/10116_brown-athletics.png",Brown University Athletics logo,https://events.brown.edu/athletics/event/334150-brown-university-mens-water-polo-vs-johns-hopkins,https://events.brown.edu/live/json/events
333584,Brown University Field Hockey at UMass Lowell,2026-09-27T13:00:00-04:00,2026-09-27T16:00:00-04:00,September 27,1:00pm - 4:00pm,America/New_York,false,,,2026-09-27 17:00:00,2026-09-27 20:00:00,false,false,,,"Lowell, Mass., Wicked Blue Field",,,,Athletics, Open to the Public,,,"Athletics, Sports, Wellness",,,false,,false,"https://events.brown.edu/live/image/gid/8/width/80/height/80/crop/1/src_region/0,0,1050,1050/10116_brown-athletics.png",Brown University Athletics logo,https://events.brown.edu/athletics/event/333584-brown-university-field-hockey-at-umass-lowell,https://events.brown.edu/live/json/events
334149,Brown University Men’s Water Polo vs Wheaton College (Mass.),2026-09-27T14:30:00-04:00,2026-09-27T16:00:00-04:00,September 27,2:30pm - 4:00pm,America/New_York,false,,,2026-09-27 18:30:00,2026-09-27 20:00:00,false,false,,,"Providence, R.I., Katherine Moran Coleman Aquatics Center",,,,Athletics, Open to the Public,,,"Athletics, Sports, Wellness",,,false,,false,"https://events.brown.edu/live/image/gid/8/width/80/height/80/crop/1/src_region/0,0,1050,1050/10116_brown-athletics.png",Brown University Athletics logo,https://events.brown.edu/athletics/event/334149-brown-university-mens-water-polo-vs-wheaton,https://events.brown.edu/live/json/events
335617,Brown Alumni at September 27 Red Sox vs. Cubs Game,2026-09-27T15:05:00-04:00,2026-09-27T18:05:00-04:00,September 27,3:05pm - 6:05pm,America/New_York,false,,,2026-09-27 19:05:00,2026-09-27 22:05:00,false,false,,,,,,,Alumni &amp; Friends,,,,,,,false,,false,,,https://events.brown.edu/alumni-friends/event/335617-brown-alumni-at-september-27-red-sox-vs-cubs-game,https://events.brown.edu/live/json/events
335411,Brown Club of Seattle September Book Club - John Adams by David McCullough,2026-09-27T19:00:00-04:00,2026-09-27T21:00:00-04:00,September 27,7:00pm - 9:00pm,America/New_York,false,,,2026-09-27 23:00:00,2026-09-28 01:00:00,false,false,,,,,,,Alumni &amp; Friends,,,,,,,false,,false,,,https://events.brown.edu/alumni-friends/event/335411-brown-club-of-seattle-september-book-club-john,https://events.brown.edu/live/json/events
335598,Brown University Men’s Tennis vs ITA Men’s All-American Championships,2026-09-28T00:00:00-04:00,,September 28,,America/New_York,true,,,2026-09-28 04:00:00,,false,false,,,"Tulsa, Okla.",,,,Athletics, Open to the Public,,,"Athletics, Sports, Wellness",,,false,,false,"https://events.brown.edu/live/image/gid/8/width/80/height/80/crop/1/src_region/0,0,1050,1050/10116_brown-athletics.png",Brown University Athletics logo,https://events.brown.edu/athletics/event/335598-brown-university-mens-tennis-vs-ita-mens,https://events.brown.edu/live/json/events
331012,Exhibit | Scents of the Ancient Past (Curated by Erynn Bentley ’27),2026-09-28T09:00:00-04:00,2026-09-28T16:30:00-04:00,September 28,9:00am - 4:30pm,America/New_York,false,every weekday (Monday to Friday),October 1,2026-05-01 13:00:00,2026-10-01 13:00:00,false,false,,,Rhode Island Hall,41.82548,-71.403879,,Joukowsky Institute for Archaeology," Open to the Public | Performances, Concerts and Exhibitions",1st Year Students | 2nd Year Students | 3rd Year Students | 4th Year Students | All Staff | Campus Faculty | Hospital Faculty | Humanities | Medical Students | Social Sciences,,"Arts, Performance | History, Cultural Studies, Languages | Humanities | Identity, Culture, Inclusion | International, Global Engagement","Joukowsky Institute for ArchaeologyRhode Island Hall, 60 George Street, Providence, RI jiaaw@brown.edu _____________________________ archaeology.brown.edu",jiaaw@brown.edu,false,,false,"https://events.brown.edu/live/image/gid/58/width/80/height/80/crop/1/src_region/0,128,1027,1155/22683_36_without_scale.jpg",,https://events.brown.edu/joukowsky-archaeology/event/331012-exhibit-scents-of-the-ancient-past-curated-by,https://events.brown.edu/live/json/events
335678,Study Abroad at the University of Edinburgh Information Session (Virtual),2026-09-28T10:00:00-04:00,2026-09-28T11:00:00-04:00,September 28,10:00am - 11:00am,America/New_York,false,,,2026-09-28 14:00:00,2026-09-28 15:00:00,false,true,Online only,https://www.eventbrite.co.uk/e/visiting-students-online-information-session-tickets-1994803459847?aff=ebdsoporgprofile,,,,,Study Abroad,,,,"Advising, Mentorship | International, Global Engagement",Study Abroad & Away Page-Robinson 313/319 studyabroad@brown.edu 401-863-3555,studyabroad@brown.edu,false,,false,"https://events.brown.edu/live/image/gid/67/width/80/height/80/crop/1/src_region/0,0,512,512/5194_edinburgh.png",,https://events.brown.edu/study-abroad/event/335678-study-abroad-at-the-university-of-edinburgh-informati,https://events.brown.edu/live/json/events
326657,1776 Across the Americas: A Hemispheric History from the Collections of the John Carter Brown Library,2026-09-28T10:00:00-04:00,2026-09-28T12:45:00-04:00,September 28,10:00am - 12:45pm,America/New_York,false,every weekday (Monday to Friday),December 18,2026-02-06 15:00:00,2026-12-18 15:00:00,false,false,,,94 George Street,,,Free,John Carter Brown Library," Open to the Public | Performances, Concerts and Exhibitions",,,"history | History, Cultural Studies, Languages | Humanities | Identity, Culture, Inclusion | International, Global Engagement | Libraries | Social Sciences",jcb-events@brown.edu,jcb-events@brown.edu,false,,false,"https://events.brown.edu/live/image/gid/138/width/80/height/80/crop/1/src_region/0,0,1728,1728/21701_1776_Social_Media_Bkgds_JCBL_2026-01-21.jpg",The image shows a rooster pulling on the British flag.,https://events.brown.edu/john-carter-brown-library/event/326657-1776-across-the-americas-a-hemispheric-history,https://events.brown.edu/live/json/events
335653,Welcome Back Desserts with Dean Sandra Smith,2026-09-28T11:00:00-04:00,2026-09-28T12:00:00-04:00,September 28,11:00am - 12:00pm,America/New_York,false,,,2026-09-28 15:00:00,2026-09-28 16:00:00,false,true,Hybrid,https://brown.zoom.us/j/92400606331,,,,Free,Master’s Programs,"Free Food | Social Event, Study Break",Humanities | Life Sciences Biomed | Life Sciences Non-Biomed | Physical Sciences | Social Sciences,,Master | Master's Events | masters | social,masters_studentaffairs@brown.edu,masters_studentaffairs@brown.edu,true,60,true,"https://events.brown.edu/live/image/gid/224/width/80/height/80/crop/1/src_region/0,0,3873,3873/23254_AdobeStock_2103077493_2.png",,https://events.brown.edu/masters-programs/event/335653-welcome-back-desserts-with-dean-sandra-smith,https://events.brown.edu/live/json/events
335445,Finding an Internship in Arts &amp; Media,2026-09-28T12:00:00-04:00,2026-09-28T13:00:00-04:00,September 28,12:00pm - 1:00pm,America/New_York,false,,,2026-09-28 16:00:00,2026-09-28 17:00:00,false,false,,,Tisch Career Center,41.827858,-71.401045,,Tisch Career Center,,1st Year Students | 2nd Year Students | 3rd Year Students | 4th Year Students,,"Careers, Recruiting, Internships | Information Session",careercenter@brown.edu,careercenter@brown.edu,false,,false,"https://events.brown.edu/live/image/gid/19/width/80/height/80/crop/1/src_region/0,0,434,426/2894_events_browmimage.png",,https://events.brown.edu/career-center/event/335445-finding-an-internship-in-arts-media,https://events.brown.edu/live/json/events
326757,1776 Across the Americas: A Hemispheric History from the Collections of the John Carter Brown Library,2026-09-28T14:00:00-04:00,2026-09-28T16:45:00-04:00,September 28,2:00pm - 4:45pm,America/New_York,false,weekly,December 18,2026-02-09 19:00:00,2026-12-18 19:00:00,false,false,,,94 George Street,,,Free,John Carter Brown Library," Open to the Public | Performances, Concerts and Exhibitions",,,"history | History, Cultural Studies, Languages | Humanities | Identity, Culture, Inclusion | International, Global Engagement | Libraries | Social Sciences",jcb-events@brown.edu,jcb-events@brown.edu,false,,false,"https://events.brown.edu/live/image/gid/138/width/80/height/80/crop/1/src_region/0,0,1728,1728/21701_1776_Social_Media_Bkgds_JCBL_2026-01-21.jpg",The image shows a rooster pulling on the British flag.,https://events.brown.edu/john-carter-brown-library/event/326757-1776-across-the-americas-a-hemispheric-history,https://events.brown.edu/live/json/events
335446,Finance Prep Series (In Person) - Banking 101 w/ Brad Gibbs,2026-09-28T16:00:00-04:00,2026-09-28T17:00:00-04:00,September 28,4:00pm - 5:00pm,America/New_York,false,,,2026-09-28 20:00:00,2026-09-28 21:00:00,false,false,,,Tisch Career Center,41.827858,-71.401045,,Tisch Career Center,,1st Year Students | 2nd Year Students | 3rd Year Students | 4th Year Students,,"Careers, Recruiting, Internships | Information Session",careercenter@brown.edu,careercenter@brown.edu,false,,false,"https://events.brown.edu/live/image/gid/19/width/80/height/80/crop/1/src_region/0,0,434,426/2894_events_browmimage.png",,https://events.brown.edu/career-center/event/335446-finance-prep-series-in-person-banking-101-w-brad-gibb,https://events.brown.edu/live/json/events
335174,"Subhankar Banerjee, “What Is Environmental Arts &amp; Humanities?: Reflections from Three Borderlands”",2026-09-28T17:30:00-04:00,2026-09-28T19:00:00-04:00,September 28,5:30pm - 7:00pm,America/New_York,false,,,2026-09-28 21:30:00,2026-09-28 23:00:00,false,false,,,Andrews House,41.823967,-71.402338,,Center for Environmental Humanities at Brown (CEHAB),"Lectures, Seminars and Workshops",,,Humanities | Social Sciences,"Center for Environmental Humanities at Brown Cogut Institute for the Humanities Andrews House, 13 Brown Street humanities-institute@brown.edu https://cehab.brown.edu",humanities-institute@brown.edu,false,,false,"https://events.brown.edu/live/image/gid/227/width/80/height/80/crop/1/src_region/0,0,2248,2248/23222_Subhankar_Calendar_Square.jpg",,https://events.brown.edu/live/events/335173-subhankar-banerjee-what-is-environmental-arts-amp,https://events.brown.edu/live/json/events
333304,Career Services | STEM Co-op Panel: Navigating the Experience,2026-09-28T18:00:00-04:00,2026-09-28T19:30:00-04:00,September 28,6:00pm - 7:30pm,America/New_York,false,,,2026-09-28 22:00:00,2026-09-28 23:30:00,false,false,,,Zoom,,,Free,Master’s Programs,"Lectures, Seminars and Workshops",Humanities | Life Sciences Biomed | Life Sciences Non-Biomed | Physical Sciences | Social Sciences,,"Careers, Recruiting, Internships | Graduate School, Postgraduate Education | Training, Professional Development",masters_careersupport@brown.edu,masters_careersupport@brown.edu,false,,false,"https://events.brown.edu/live/image/gid/224/width/80/height/80/crop/1/src_region/0,0,1080,1080/19074_NLEvents_Alumni_Mock_networking.png",People connected by lines,https://events.brown.edu/live/events/333044-career-services-stem-co-op-panel-navigating-the,https://events.brown.edu/live/json/events
335426,Teacher Forum: Dr. Mauro Rodriguez: Teaching Engineering and its Applications in Middle and High School,2026-09-29T08:30:00-04:00,2026-09-29T14:00:00-04:00,September 29,8:30am - 2:00pm,America/New_York,false,,,2026-09-29 12:30:00,2026-09-29 18:00:00,false,false,,,339 Eddy Street,41.818472,-71.407974,Free,Education,,,,"Education, Teaching, Instruction | Teaching &amp; Learning",Kara McCrudden Marketing Communications and Recruitment Manager kara_mccrudden@brown.edu,kara_mccrudden@brown.edu,true,,false,"https://events.brown.edu/live/image/gid/42/width/80/height/80/crop/1/src_region/0,0,1080,1080/19948_Calendar_Image-2-MAT.png",MAT ,https://events.brown.edu/education/event/335426-teacher-forum-dr-mauro-rodriguez-teaching,https://events.brown.edu/live/json/events
331013,Exhibit | Scents of the Ancient Past (Curated by Erynn Bentley ’27),2026-09-29T09:00:00-04:00,2026-09-29T16:30:00-04:00,September 29,9:00am - 4:30pm,America/New_York,false,every weekday (Monday to Friday),October 1,2026-05-01 13:00:00,2026-10-01 13:00:00,false,false,,,Rhode Island Hall,41.82548,-71.403879,,Joukowsky Institute for Archaeology," Open to the Public | Performances, Concerts and Exhibitions",1st Year Students | 2nd Year Students | 3rd Year Students | 4th Year Students | All Staff | Campus Faculty | Hospital Faculty | Humanities | Medical Students | Social Sciences,,"Arts, Performance | History, Cultural Studies, Languages | Humanities | Identity, Culture, Inclusion | International, Global Engagement","Joukowsky Institute for ArchaeologyRhode Island Hall, 60 George Street, Providence, RI jiaaw@brown.edu _____________________________ archaeology.brown.edu",jiaaw@brown.edu,false,,false,"https://events.brown.edu/live/image/gid/58/width/80/height/80/crop/1/src_region/0,128,1027,1155/22683_36_without_scale.jpg",,https://events.brown.edu/joukowsky-archaeology/event/331013-exhibit-scents-of-the-ancient-past-curated-by,https://events.brown.edu/live/json/events
326658,1776 Across the Americas: A Hemispheric History from the Collections of the John Carter Brown Library,2026-09-29T10:00:00-04:00,2026-09-29T12:45:00-04:00,September 29,10:00am - 12:45pm,America/New_York,false,every weekday (Monday to Friday),December 18,2026-02-06 15:00:00,2026-12-18 15:00:00,false,false,,,94 George Street,,,Free,John Carter Brown Library," Open to the Public | Performances, Concerts and Exhibitions",,,"history | History, Cultural Studies, Languages | Humanities | Identity, Culture, Inclusion | International, Global Engagement | Libraries | Social Sciences",jcb-events@brown.edu,jcb-events@brown.edu,false,,false,"https://events.brown.edu/live/image/gid/138/width/80/height/80/crop/1/src_region/0,0,1728,1728/21701_1776_Social_Media_Bkgds_JCBL_2026-01-21.jpg",The image shows a rooster pulling on the British flag.,https://events.brown.edu/john-carter-brown-library/event/326658-1776-across-the-americas-a-hemispheric-history,https://events.brown.edu/live/json/events
288058,COBRE CBC Computational Biology Walk-in Office hours,2026-09-29T11:00:00-04:00,2026-09-29T12:00:00-04:00,September 29,11:00am - 12:00pm,America/New_York,false,weekly,"December 31<span class=""lw_date_year"">, 2027</span>",2024-06-11 15:00:00,2027-12-31 16:00:00,false,true,Online only,https://brown.zoom.us/j/95250171953,,,,,Center for Computation and Visualization (CCV),,,,,Center for Computation and Visualization Talk to us on https://ccv.brown.edu/discuss,,false,,false,,,https://events.brown.edu/ccv/event/288058-cobre-cbc-computational-biology-walk-in-office,https://events.brown.edu/live/json/events
329275,Master’s in Healthcare Leadership | Virtual Information Session: Curriculum &amp; CCP Deep Dive,2026-09-29T12:00:00-04:00,2026-09-29T13:00:00-04:00,September 29,12:00pm - 1:00pm,America/New_York,false,,,2026-09-29 16:00:00,2026-09-29 17:00:00,false,true,Online only,https://apply.professional.brown.edu/register/?id=2a2357bc-f4c9-4d13-9434-33d4663b9980,,,,Free,School of Professional Studies,,,,"Biology, Medicine, Public Health",professional@brown.edu,professional@brown.edu,false,,false,"https://events.brown.edu/live/image/gid/175/width/80/height/80/crop/1/src_region/0,0,3200,3200/3923_Square_-_Healthcare_-_Learn_More.jpg",,https://events.brown.edu/live/events/329236-masters-in-healthcare-leadership-virtual,https://events.brown.edu/live/json/events
335012,DIS Semester in Copenhagen Information Session,2026-09-29T12:00:00-04:00,2026-09-29T13:00:00-04:00,September 29,12:00pm - 1:00pm,America/New_York,false,,,2026-09-29 16:00:00,2026-09-29 17:00:00,false,false,,,Page-Robinson Hall (previously JWW),41.827526,-71.402786,,Study Abroad,,1st Year Students | 2nd Year Students | 3rd Year Students,,"Advising, Mentorship | History, Cultural Studies, Languages | International, Global Engagement",Study Abroad Advising Page-Robinson 313/319 studyabroad@brown.edu 401-863-3555,studyabroad@brown.edu,false,,false,"https://events.brown.edu/live/image/gid/67/width/80/height/80/crop/1/src_region/0,0,225,225/55_Unknown-1.png",,https://events.brown.edu/study-abroad/event/335012-dis-semester-in-copenhagen-information-session,https://events.brown.edu/live/json/events
335013,Drop-in Q&amp;A with DIS Semester in Copenhagen,2026-09-29T14:00:00-04:00,2026-09-29T15:00:00-04:00,September 29,2:00pm - 3:00pm,America/New_York,false,,,2026-09-29 18:00:00,2026-09-29 19:00:00,false,false,,,Page-Robinson Hall (previously JWW),41.827526,-71.402786,,Study Abroad,,,,"Advising, Mentorship | History, Cultural Studies, Languages | International, Global Engagement",Study Abroad Advising Page-Robinson 313/319 studyabroad@brown.edu 401-863-3555,studyabroad@brown.edu,false,,false,"https://events.brown.edu/live/image/gid/67/width/80/height/80/crop/1/src_region/0,0,225,225/55_Unknown-1.png",,https://events.brown.edu/study-abroad/event/335013-drop-in-qa-with-dis-semester-in-copenhagen,https://events.brown.edu/live/json/events
326882,1776 Across the Americas: A Hemispheric History from the Collections of the John Carter Brown Library,2026-09-29T14:00:00-04:00,2026-09-29T16:45:00-04:00,September 29,2:00pm - 4:45pm,America/New_York,false,every Tuesday and Thursday,December 17,2026-02-10 19:00:00,2026-12-17 19:00:00,false,false,,,94 George Street,,,Free,John Carter Brown Library," Open to the Public | Performances, Concerts and Exhibitions",,,"history | History, Cultural Studies, Languages | Humanities | Identity, Culture, Inclusion | International, Global Engagement | Libraries | Social Sciences",jcb-events@brown.edu,jcb-events@brown.edu,false,,false,"https://events.brown.edu/live/image/gid/138/width/80/height/80/crop/1/src_region/0,0,1728,1728/21701_1776_Social_Media_Bkgds_JCBL_2026-01-21.jpg",The image shows a rooster pulling on the British flag.,https://events.brown.edu/john-carter-brown-library/event/326882-1776-across-the-americas-a-hemispheric-history,https://events.brown.edu/live/json/events
334259,Brown 2026 Reads at the JCB (First-Years Only Section): Marion Orr,2026-09-29T15:00:00-04:00,,September 29,3:00pm,America/New_York,false,,,2026-09-29 19:00:00,,false,false,,,John Carter Brown Library,41.825601,-71.40242,,Orientation and Weeks of Welcome,,,,Brown 2026 | First-Year | Libraries,college@brown.edu,college@brown.edu,false,,false,"https://events.brown.edu/live/image/gid/123/width/80/height/80/crop/1/src_region/0,0,206,205/23154_Screenshot_2026-06-30_at_9.49.26AM.png",,https://events.brown.edu/orientation/event/334259-brown-2026-reads-at-the-jcb-first-years-only-section-,https://events.brown.edu/live/json/events
335447,Ask Me Anything About PhD Program Panel (STEM),2026-09-29T16:30:00-04:00,2026-09-29T18:00:00-04:00,September 29,4:30pm - 6:00pm,America/New_York,false,,,2026-09-29 20:30:00,2026-09-29 22:00:00,false,false,,,Tisch Career Center,41.827858,-71.401045,,Tisch Career Center,,1st Year Students | 2nd Year Students | 3rd Year Students | 4th Year Students | Humanities | Life Sciences Biomed | Life Sciences Non-Biomed | Physical Sciences | Social Sciences,,"Careers, Recruiting, Internships | Information Session",careercenter@brown.edu,careercenter@brown.edu,false,,false,"https://events.brown.edu/live/image/gid/19/width/80/height/80/crop/1/src_region/0,0,434,426/2894_events_browmimage.png",,https://events.brown.edu/career-center/event/335447-ask-me-anything-about-phd-program-panel-stem,https://events.brown.edu/live/json/events
335658,Adolescence Interrupted: The Impact of Tuberculosis on Teens | Paul J. Galkin Global Health Grand Rounds,2026-09-29T17:00:00-04:00,2026-09-29T19:00:00-04:00,September 29,5:00pm - 7:00pm,America/New_York,false,,,2026-09-29 21:00:00,2026-09-29 23:00:00,false,true,Hybrid,https://brown.zoom.us/j/94044665073,The Warren Alpert Medical School,,,Free,Center for Global Health Equity (CGHE),"Free Food | Lectures, Seminars and Workshops |  Open to the Public",1st Year Students | 2nd Year Students | 3rd Year Students | 4th Year Students | All Staff | Campus Faculty | Hospital Faculty | Humanities | Life Sciences Biomed | Life Sciences Non-Biomed | Medical Students | Physical Sciences | Social Sciences,,"Biology, Medicine, Public Health | Government, Public &amp; International Affairs | History, Cultural Studies, Languages | International, Global Engagement",Megan Feragne ScM ’23 Program Coordinator Center for Global Health Equity Division of Biology and Medicine megan_feragne@brown.edu https://globalhealth.brown.edu/ Subscribe to the CGHE Newsletter,megan_feragne@brown.edu,true,,false,"https://events.brown.edu/live/image/gid/109/width/80/height/80/crop/1/src_region/0,0,1080,1080/21541_Untitled_3.png",Paul J. Galkin Global Health Grand Rounds,https://events.brown.edu/live/events/335621-adolescence-interrupted-the-impact-of-tuberculosis,https://events.brown.edu/live/json/events
331014,Exhibit | Scents of the Ancient Past (Curated by Erynn Bentley ’27),2026-09-30T09:00:00-04:00,2026-09-30T16:30:00-04:00,September 30,9:00am - 4:30pm,America/New_York,false,every weekday (Monday to Friday),October 1,2026-05-01 13:00:00,2026-10-01 13:00:00,false,false,,,Rhode Island Hall,41.82548,-71.403879,,Joukowsky Institute for Archaeology," Open to the Public | Performances, Concerts and Exhibitions",1st Year Students | 2nd Year Students | 3rd Year Students | 4th Year Students | All Staff | Campus Faculty | Hospital Faculty | Humanities | Medical Students | Social Sciences,,"Arts, Performance | History, Cultural Studies, Languages | Humanities | Identity, Culture, Inclusion | International, Global Engagement","Joukowsky Institute for ArchaeologyRhode Island Hall, 60 George Street, Providence, RI jiaaw@brown.edu _____________________________ archaeology.brown.edu",jiaaw@brown.edu,false,,false,"https://events.brown.edu/live/image/gid/58/width/80/height/80/crop/1/src_region/0,128,1027,1155/22683_36_without_scale.jpg",,https://events.brown.edu/joukowsky-archaeology/event/331014-exhibit-scents-of-the-ancient-past-curated-by,https://events.brown.edu/live/json/events
326659,1776 Across the Americas: A Hemispheric History from the Collections of the John Carter Brown Library,2026-09-30T10:00:00-04:00,2026-09-30T12:45:00-04:00,September 30,10:00am - 12:45pm,America/New_York,false,every weekday (Monday to Friday),December 18,2026-02-06 15:00:00,2026-12-18 15:00:00,false,false,,,94 George Street,,,Free,John Carter Brown Library," Open to the Public | Performances, Concerts and Exhibitions",,,"history | History, Cultural Studies, Languages | Humanities | Identity, Culture, Inclusion | International, Global Engagement | Libraries | Social Sciences",jcb-events@brown.edu,jcb-events@brown.edu,false,,false,"https://events.brown.edu/live/image/gid/138/width/80/height/80/crop/1/src_region/0,0,1728,1728/21701_1776_Social_Media_Bkgds_JCBL_2026-01-21.jpg",The image shows a rooster pulling on the British flag.,https://events.brown.edu/john-carter-brown-library/event/326659-1776-across-the-americas-a-hemispheric-history,https://events.brown.edu/live/json/events
334815,IE Brown Executive MBA | Curriculum Deep Dive,2026-09-30T12:00:00-04:00,2026-09-30T13:00:00-04:00,September 30,12:00pm - 1:00pm,America/New_York,false,,,2026-09-30 16:00:00,2026-09-30 17:00:00,false,true,Online only,https://www.eventbrite.es/e/ie-brown-executive-mba-curriculum-deep-dive-tickets-1992626990970?aff=oddtdtcreator&amp;_gl=1*94w12o*_up*MQ..*_ga*MzkyMjQxMDAxLjE3ODIzODQ0OTg.*_ga_TQVES5V6SH*czE3ODIzODQ0OTgkbzEkZzAkdDE3ODIzODQ0OTgkajYwJGwwJGgw&amp;keep_tld=true,,,,Free,School of Professional Studies,,,,"EMBA | Executive Education | Executive MBA | Graduate School, Postgraduate Education | IE Brown Executive MBA | SPS",professional@brown.edu,professional@brown.edu,false,,false,"https://events.brown.edu/live/image/gid/175/width/80/height/80/crop/1/src_region/0,0,3200,3200/3921_Square_-_EMBA__Leadership_Learn_More.jpg",,https://events.brown.edu/sps/event/334815-ie-brown-executive-mba-curriculum-deep-dive,https://events.brown.edu/live/json/events
335450,"Career Exploration Conversation with Anthony Moretti ’92 at Brooks, Houghton &amp; Company",2026-09-30T12:00:00-04:00,2026-09-30T14:00:00-04:00,September 30,12:00pm - 2:00pm,America/New_York,false,,,2026-09-30 16:00:00,2026-09-30 18:00:00,false,true,Online only,https://brown.joinhandshake.com/events/1962629/share_preview,Tisch Career Center,41.827858,-71.401045,,Tisch Career Center,,1st Year Students | 2nd Year Students | 3rd Year Students | 4th Year Students | Humanities | Life Sciences Biomed | Life Sciences Non-Biomed | Physical Sciences | Social Sciences,,"Careers, Recruiting, Internships | Information Session",careercenter@brown.edu,careercenter@brown.edu,false,,false,"https://events.brown.edu/live/image/gid/19/width/80/height/80/crop/1/src_region/0,0,434,426/2894_events_browmimage.png",,https://events.brown.edu/career-center/event/335450-career-exploration-conversation-with-anthony-moretti-,https://events.brown.edu/live/json/events
326803,1776 Across the Americas: A Hemispheric History from the Collections of the John Carter Brown Library,2026-09-30T14:00:00-04:00,2026-09-30T16:45:00-04:00,September 30,2:00pm - 4:45pm,America/New_York,false,weekly,December 16,2026-02-11 19:00:00,2026-12-16 19:00:00,false,false,,,94 George Street,,,Free,John Carter Brown Library," Open to the Public | Performances, Concerts and Exhibitions",,,"history | History, Cultural Studies, Languages | Humanities | Identity, Culture, Inclusion | International, Global Engagement | Libraries | Social Sciences",jcb-events@brown.edu,jcb-events@brown.edu,false,,false,"https://events.brown.edu/live/image/gid/138/width/80/height/80/crop/1/src_region/0,0,1728,1728/21701_1776_Social_Media_Bkgds_JCBL_2026-01-21.jpg",The image shows a rooster pulling on the British flag.,https://events.brown.edu/john-carter-brown-library/event/326803-1776-across-the-americas-a-hemispheric-history,https://events.brown.edu/live/json/events
287423,COBRE CBC Computational Biology Walk-in Office hours,2026-09-30T15:00:00-04:00,2026-09-30T16:00:00-04:00,September 30,3:00pm - 4:00pm,America/New_York,false,weekly,"December 31<span class=""lw_date_year"">, 2027</span>",2024-06-26 19:00:00,2027-12-31 20:00:00,false,true,Online only,https://brown.zoom.us/j/95250171953,,,,,Center for Computation and Visualization (CCV),,,,,Center for Computation and Visualization Talk to us on https://ccv.brown.edu/discuss,,false,,false,,,https://events.brown.edu/ccv/event/287423-cobre-cbc-computational-biology-walk-in-office,https://events.brown.edu/live/json/events
335499,Belong at Brown | Master’s Student Life,2026-09-30T15:00:00-04:00,2026-09-30T16:00:00-04:00,September 30,3:00pm - 4:00pm,America/New_York,false,,,2026-09-30 19:00:00,2026-09-30 20:00:00,false,true,Online only,https://apply.professional.brown.edu/register/?id=f675ec62-6b95-4b3d-828f-adda0110fd2b,,,,Free,Master’s Programs,,,,"Fifth-Year Master's | Graduate School, Postgraduate Education | Master | Master's Admissions | Master's Events",masters_events@brown.edu,masters_events@brown.edu,false,,false,"https://events.brown.edu/live/image/gid/175/width/80/height/80/crop/1/src_region/0,0,3200,2133/10391_20091030_PAUR_0010.jpg","Fallen autumn leaves on the front green, University and Manning Halls in the background, exterior",https://events.brown.edu/masters-programs/event/335499-belong-at-brown-masters-student-life,https://events.brown.edu/live/json/events
332974,"Brian Jacobs—Politics, Economics and Social Policy Research Seminar",2026-09-30T16:00:00-04:00,2026-09-30T17:30:00-04:00,September 30,4:00pm - 5:30pm,America/New_York,false,,,2026-09-30 20:00:00,2026-09-30 21:30:00,false,false,,,"Joukowsky Forum, 111 Thayer Street",,,,Watson School of International and Public Affairs,"Lectures, Seminars and Workshops |  Open to the Public",1st Year Students | 2nd Year Students | 3rd Year Students | 4th Year Students | All Staff | Campus Faculty | Hospital Faculty | Humanities | Life Sciences Biomed | Life Sciences Non-Biomed | Medical Students | Physical Sciences | Social Sciences,,"Government, Public &amp; International Affairs | Politics, Economics and Social Policy | Social Sciences",watsonevents@brown.edu,watsonevents@brown.edu,false,,false,"https://events.brown.edu/live/image/gid/90/width/80/height/80/crop/1/src_region/0,0,1800,2280/23072_jacob-brian-sept2023-profile-1800x2280.jpg",Brian Jacob Photo,https://events.brown.edu/watson/event/332974-brian-jacobspolitics-economics-and-social-policy,https://events.brown.edu/live/json/events
335449,Ask Me Anything About PhD Program Panel (Humanities and Social Sciences),2026-09-30T16:30:00-04:00,2026-09-30T18:00:00-04:00,September 30,4:30pm - 6:00pm,America/New_York,false,,,2026-09-30 20:30:00,2026-09-30 22:00:00,false,false,,,Tisch Career Center,41.827858,-71.401045,,Tisch Career Center,,1st Year Students | 2nd Year Students | 3rd Year Students | 4th Year Students | Humanities | Life Sciences Biomed | Life Sciences Non-Biomed | Physical Sciences | Social Sciences,,"Careers, Recruiting, Internships | Information Session",careercenter@brown.edu,careercenter@brown.edu,false,,false,"https://events.brown.edu/live/image/gid/19/width/80/height/80/crop/1/src_region/0,0,434,426/2894_events_browmimage.png",,https://events.brown.edu/career-center/event/335449-ask-me-anything-about-phd-program-panel-humanities-an,https://events.brown.edu/live/json/events
335674,Brown GELT Winter 2027 Application Deadline—Mexico and the Philippines,2026-10-01T00:00:00-04:00,,October 1,,America/New_York,true,,,2026-10-01 04:00:00,,false,false,,,,,,,Study Abroad,,,,"Advising, Mentorship | History, Cultural Studies, Languages | International, Global Engagement",Study Abroad & Away Page-Robinson 313 studyabroad@brown.edu 401-863-3555,studyabroad@brown.edu,false,,false,"https://events.brown.edu/live/image/gid/67/width/80/height/80/crop/1/src_region/0,0,802,830/7414_StudyAbroad.png",,https://events.brown.edu/study-abroad/event/335674-brown-gelt-winter-2027-application-deadlinemexico-and,https://events.brown.edu/live/json/events
330456,Deadline for undergraduates on personal leave (including employment and military leave) or on Full-time Study Away status to request return to studies at Brown for Spring.,2026-10-01T00:00:00-04:00,,October 1,,America/New_York,true,,,2026-10-01 04:00:00,,false,false,,,,,,,Academic Calendar,,,,"Academic Calendar, University Dates &amp; Events | Fall Semester",Registrar’s Office 401-863-2500,,false,,false,,,https://events.brown.edu/academic-calendar/event/330456-deadline-for-undergraduates-on-personal-leave,https://events.brown.edu/live/json/events
333362,"Gilman Scholarship Deadline (Spring 2027, Summer 2027, Fall 2027, and Academic Year 27-28 programs)",2026-10-01T00:00:00-04:00,,October 1,,America/New_York,true,,,2026-10-01 04:00:00,,false,false,,,,,,,Study Abroad,,,,"Advising, Mentorship | History, Cultural Studies, Languages | International, Global Engagement","Study Abroad Advising Page-Robinson, 313/319 401-863-3555 studyabroad@brown.edu",studyabroad@brown.edu,false,,false,"https://events.brown.edu/live/image/gid/67/width/80/height/80/crop/1/src_region/0,0,225,225/377_download.jpg",,https://events.brown.edu/study-abroad/event/333362-gilman-scholarship-deadline-spring-2027-summer-2027-f,https://events.brown.edu/live/json/events
334829,Spring 2027 Application Deadline—Brown in Washington,2026-10-01T00:00:00-04:00,,October 1,,America/New_York,true,,,2026-10-01 04:00:00,,false,false,,,,,,,Study Abroad,,,,"Advising, Mentorship | Careers, Recruiting, Internships | Entrepreneurship | History, Cultural Studies, Languages | International, Global Engagement",Study Abroad & Away Page-Robinson 313 studyabroad@brown.edu 401-863-3555,studyabroad@brown.edu,false,,false,"https://events.brown.edu/live/image/gid/67/width/80/height/80/crop/1/src_region/0,0,300,300/15664_BIW.png",,https://events.brown.edu/study-abroad/event/334829-spring-2027-application-deadlinebrown-in-washington,https://events.brown.edu/live/json/events
333466,Spring 2027 Application Deadline—Brown Semester Internship Program in Sydney,2026-10-01T00:00:00-04:00,,October 1,,America/New_York,true,,,2026-10-01 04:00:00,,false,false,,,,,,,Study Abroad,,,,"Advising, Mentorship | Careers, Recruiting, Internships | Entrepreneurship | History, Cultural Studies, Languages | International, Global Engagement",Brown Semester Internship Program experiential_learning@brown.edu,experiential_learning@brown.edu,false,,false,"https://events.brown.edu/live/image/gid/67/width/80/height/80/crop/1/src_region/0,0,300,300/15661_BSIP.png",,https://events.brown.edu/study-abroad/event/333466-spring-2027-application-deadlinebrown-semester-intern,https://events.brown.edu/live/json/events
333462,Workshop • How to Get a Job in a Liberal Arts College,2026-10-01T09:00:00-04:00,2026-10-01T15:00:00-04:00,October 1,9:00am - 3:00pm,America/New_York,false,,,2026-10-01 13:00:00,2026-10-01 19:00:00,false,false,,,"Cogut Institute, Andrews House",41.823967,-71.402338,,Cogut Institute for the Humanities,"Lectures, Seminars and Workshops",Humanities | Social Sciences,,"21st-Century PhD | Graduate School, Postgraduate Education | Humanities | Social Sciences | Training, Professional Development",Cogut Institute for the Humanities (401) 863-6070 humanities-institute@brown.edu,humanities-institute@brown.edu,false,,false,"https://events.brown.edu/live/image/gid/29/width/80/height/80/crop/1/src_region/0,0,1000,1000/12348_How_to_Get_a_Job_Small.jpg",,https://events.brown.edu/cogut/event/job-in-a-liberal-arts-college-2026,https://events.brown.edu/live/json/events
331015,Exhibit | Scents of the Ancient Past (Curated by Erynn Bentley ’27),2026-10-01T09:00:00-04:00,2026-10-01T16:30:00-04:00,October 1,9:00am - 4:30pm,America/New_York,false,every weekday (Monday to Friday),October 1,2026-05-01 13:00:00,2026-10-01 13:00:00,false,false,,,Rhode Island Hall,41.82548,-71.403879,,Joukowsky Institute for Archaeology," Open to the Public | Performances, Concerts and Exhibitions",1st Year Students | 2nd Year Students | 3rd Year Students | 4th Year Students | All Staff | Campus Faculty | Hospital Faculty | Humanities | Medical Students | Social Sciences,,"Arts, Performance | History, Cultural Studies, Languages | Humanities | Identity, Culture, Inclusion | International, Global Engagement","Joukowsky Institute for ArchaeologyRhode Island Hall, 60 George Street, Providence, RI jiaaw@brown.edu _____________________________ archaeology.brown.edu",jiaaw@brown.edu,false,,false,"https://events.brown.edu/live/image/gid/58/width/80/height/80/crop/1/src_region/0,128,1027,1155/22683_36_without_scale.jpg",,https://events.brown.edu/joukowsky-archaeology/event/331015-exhibit-scents-of-the-ancient-past-curated-by,https://events.brown.edu/live/json/events
326660,1776 Across the Americas: A Hemispheric History from the Collections of the John Carter Brown Library,2026-10-01T10:00:00-04:00,2026-10-01T12:45:00-04:00,October 1,10:00am - 12:45pm,America/New_York,false,every weekday (Monday to Friday),December 18,2026-02-06 15:00:00,2026-12-18 15:00:00,false,false,,,94 George Street,,,Free,John Carter Brown Library," Open to the Public | Performances, Concerts and Exhibitions",,,"history | History, Cultural Studies, Languages | Humanities | Identity, Culture, Inclusion | International, Global Engagement | Libraries | Social Sciences",jcb-events@brown.edu,jcb-events@brown.edu,false,,false,"https://events.brown.edu/live/image/gid/138/width/80/height/80/crop/1/src_region/0,0,1728,1728/21701_1776_Social_Media_Bkgds_JCBL_2026-01-21.jpg",The image shows a rooster pulling on the British flag.,https://events.brown.edu/john-carter-brown-library/event/326660-1776-across-the-americas-a-hemispheric-history,https://events.brown.edu/live/json/events
333305,"Career Services | Workshop - Unbreakable: How to AI-Proof Your Job Search, Career, and Future",2026-10-01T12:00:00-04:00,2026-10-01T13:00:00-04:00,October 1,12:00pm - 1:00pm,America/New_York,false,,,2026-10-01 16:00:00,2026-10-01 17:00:00,false,false,,,Zoom,,,Free,Master’s Programs,"Lectures, Seminars and Workshops",Humanities | Life Sciences Biomed | Life Sciences Non-Biomed | Physical Sciences | Social Sciences,,"Careers, Recruiting, Internships | Graduate School, Postgraduate Education | Training, Professional Development",masters_careersupport@brown.edu,masters_careersupport@brown.edu,false,,false,"https://events.brown.edu/live/image/gid/224/width/80/height/80/crop/1/src_region/0,0,1080,1080/23206_NL_Events_Job_and_internship_search_strategies_1.png",A professional and motivational speaker,https://events.brown.edu/live/events/333047-career-services-workshop-unbreakable-how-to,https://events.brown.edu/live/json/events
335476,Networking for Environment and Climate Careers,2026-10-01T12:00:00-04:00,2026-10-01T13:00:00-04:00,October 1,12:00pm - 1:00pm,America/New_York,false,,,2026-10-01 16:00:00,2026-10-01 17:00:00,false,false,,,Urban Environmental Lab,41.827674,-71.402175,,Tisch Career Center,,1st Year Students | 2nd Year Students | 3rd Year Students | 4th Year Students,,"Careers, Recruiting, Internships | Information Session",recruiting@brown.edu,recruiting@brown.edu,false,,false,"https://events.brown.edu/live/image/gid/19/width/80/height/80/crop/1/src_region/0,0,434,426/2894_events_browmimage.png",,https://events.brown.edu/career-center/event/335476-networking-for-environment-and-climate-careers,https://events.brown.edu/live/json/events
326883,1776 Across the Americas: A Hemispheric History from the Collections of the John Carter Brown Library,2026-10-01T14:00:00-04:00,2026-10-01T16:45:00-04:00,October 1,2:00pm - 4:45pm,America/New_York,false,every Tuesday and Thursday,December 17,2026-02-10 19:00:00,2026-12-17 19:00:00,false,false,,,94 George Street,,,Free,John Carter Brown Library," Open to the Public | Performances, Concerts and Exhibitions",,,"history | History, Cultural Studies, Languages | Humanities | Identity, Culture, Inclusion | International, Global Engagement | Libraries | Social Sciences",jcb-events@brown.edu,jcb-events@brown.edu,false,,false,"https://events.brown.edu/live/image/gid/138/width/80/height/80/crop/1/src_region/0,0,1728,1728/21701_1776_Social_Media_Bkgds_JCBL_2026-01-21.jpg",The image shows a rooster pulling on the British flag.,https://events.brown.edu/john-carter-brown-library/event/326883-1776-across-the-americas-a-hemispheric-history,https://events.brown.edu/live/json/events
335565,Networking for Beginners,2026-10-01T16:00:00-04:00,2026-10-01T17:00:00-04:00,October 1,4:00pm - 5:00pm,America/New_York,false,,,2026-10-01 20:00:00,2026-10-01 21:00:00,false,false,,,Tisch Career Center,41.827858,-71.401045,,Tisch Career Center,,1st Year Students | 2nd Year Students | 3rd Year Students | 4th Year Students,,"Careers, Recruiting, Internships | Information Session",recruiting@brown.edu,recruiting@brown.edu,false,,false,"https://events.brown.edu/live/image/gid/19/width/80/height/80/crop/1/src_region/0,0,434,426/2894_events_browmimage.png",,https://events.brown.edu/career-center/event/335565-networking-for-beginners,https://events.brown.edu/live/json/events
324094,“I Know I’m Right: How Fundamentalism Perverts Politics and Religion” David French,2026-10-01T17:00:00-04:00,2026-10-01T18:30:00-04:00,October 1,5:00pm - 6:30pm,America/New_York,false,,,2026-10-01 21:00:00,2026-10-01 22:30:00,false,false,,,Stephen Robert Hall,41.826844,-71.403089,,"Philosophy, Politics, and Economics (PPE)","Lectures, Seminars and Workshops |  Open to the Public",1st Year Students | 2nd Year Students | 3rd Year Students | 4th Year Students | All Staff | Campus Faculty | Hospital Faculty | Humanities | Life Sciences Biomed | Life Sciences Non-Biomed | Medical Students | Physical Sciences | Social Sciences,,PPE | Taubman Center,ppe@brown.edu,ppe@brown.edu,true,120,true,"https://events.brown.edu/live/image/gid/71/width/80/height/80/crop/1/src_region/0,0,1204,1046/19634_Screenshot_2025-07-09_at_11.14.07_AM.png",PPE,https://events.brown.edu/ppe/event/324094-i-know-im-right-how-fundamentalism-perverts-politics-,https://events.brown.edu/live/json/events
335510,Eileen Myles: Writers on Writing,2026-10-01T17:30:00-04:00,,October 1,5:30pm,America/New_York,false,,,2026-10-01 21:30:00,,false,false,,,"70 Brown St., Providence",41.827526,-71.403308,Free,Literary Arts," Open to the Public | Performances, Concerts and Exhibitions",,,"Arts, Performance | Humanities | literature",writing@brown.edu,writing@brown.edu,false,,false,,,https://events.brown.edu/literary-arts/event/335510-eileen-myles-writers-on-writing,https://events.brown.edu/live/json/events
239065,Deadline for undergrads on currently personal leave (inclu. employment &amp; military leave) and full-time study away to request Spring Semester return,2026-10-01T23:59:00-04:00,,October 1,11:59pm,America/New_York,false,yearly,October 1,2022-10-02 03:59:00,2026-10-02 03:59:00,false,false,,,,,,,Curricular Resource Center (CRC),,,,"Academic Calendar, University Dates &amp; Events | Advising, Mentorship","leavetakers@brown.edu, college@brown.edu",leavetakers@brown.edu | college@brown.edu,false,,false,"https://events.brown.edu/live/image/gid/35/width/80/height/80/crop/1/src_region/0,0,267,223/10860_COL_Logo_for_the_Curricular_Resource_Center_MP-1727_LEAVE_ICON.jpg",Leave @ CRC,https://events.brown.edu/crc/event/239065-deadline-for-undergrads-on-currently-personal,https://events.brown.edu/live/json/events
239069,Independent Concentration Proposal deadline,2026-10-01T23:59:00-04:00,,October 1,11:59pm,America/New_York,false,yearly,October 1,2022-10-02 03:59:00,2026-10-02 03:59:00,false,false,,,,,,,Curricular Resource Center (CRC),,,,"Academic Calendar, University Dates &amp; Events | Advising, Mentorship",independentconcentrations@brown.edu,independentconcentrations@brown.edu,false,,false,"https://events.brown.edu/live/image/gid/35/width/80/height/80/crop/1/src_region/0,0,268,224/10859_COL_Logo_for_the_Curricular_Resource_Center_MP-1727_IC_ICON.jpg",ICs @ CRC,https://events.brown.edu/crc/event/239069-independent-concentration-proposal-deadline,https://events.brown.edu/live/json/events
335531,Teaching at Teaching Intensive Institutions,2026-10-02T09:00:00-04:00,,October 2,9:00am,America/New_York,false,,,2026-10-02 13:00:00,,false,false,,,Worcester State University,,,,General,Conferences and Colloquia |  Open to the Public,Humanities | Life Sciences Biomed | Life Sciences Non-Biomed | Physical Sciences | Social Sciences,,"Graduate School, Postgraduate Education | Training, Professional Development",,,false,,false,,,https://events.brown.edu/general/event/335531-teaching-at-teaching-intensive-institutions,https://events.brown.edu/live/json/events
332363,Brown University Women’s Cross Country at Paul Short Run,2026-10-02T09:30:00-04:00,2026-10-02T12:30:00-04:00,October 2,9:30am - 12:30pm,America/New_York,false,,,2026-10-02 13:30:00,2026-10-02 16:30:00,false,false,,,"Bethlehem, Pa.",,,,Athletics, Open to the Public,,,"Athletics, Sports, Wellness",,,false,,false,"https://events.brown.edu/live/image/gid/8/width/80/height/80/crop/1/src_region/0,0,1050,1050/10116_brown-athletics.png",Brown University Athletics logo,https://events.brown.edu/athletics/event/332363-brown-university-womens-cross-country-at-paul,https://events.brown.edu/live/json/events
334171,Brown University Men’s Cross Country at Paul Short Run,2026-10-02T09:30:00-04:00,2026-10-02T12:30:00-04:00,October 2,9:30am - 12:30pm,America/New_York,false,,,2026-10-02 13:30:00,2026-10-02 16:30:00,false,false,,,"Bethlehem, Pa.",,,,Athletics, Open to the Public,,,"Athletics, Sports, Wellness",,,false,,false,"https://events.brown.edu/live/image/gid/8/width/80/height/80/crop/1/src_region/0,0,1050,1050/10116_brown-athletics.png",Brown University Athletics logo,https://events.brown.edu/athletics/event/334171-brown-university-mens-cross-country-at-paul-short,https://events.brown.edu/live/json/events
323893,CCV Office Hours,2026-10-02T10:00:00-04:00,2026-10-02T12:00:00-04:00,October 2,10:00am - 12:00pm,America/New_York,false,,,2026-10-02 14:00:00,2026-10-02 16:00:00,false,true,Hybrid,https://brown.zoom.us/j/93572022965,180 George Street,41.825929,-71.398812,Free,Center for Computation and Visualization (CCV),"Lectures, Seminars and Workshops |  Open to the Public",,,Computing | HPC | Research,Email the HPC team,hpc@brown.edu,false,,false,"https://events.brown.edu/live/image/gid/176/width/80/height/80/crop/1/src_region/0,0,8334,4307/2435_ccv-zdog_2.png",,https://events.brown.edu/ccv/event/323893-ccv-office-hours,https://events.brown.edu/live/json/events
326661,1776 Across the Americas: A Hemispheric History from the Collections of the John Carter Brown Library,2026-10-02T10:00:00-04:00,2026-10-02T12:45:00-04:00,October 2,10:00am - 12:45pm,America/New_York,false,every weekday (Monday to Friday),December 18,2026-02-06 15:00:00,2026-12-18 15:00:00,false,false,,,94 George Street,,,Free,John Carter Brown Library," Open to the Public | Performances, Concerts and Exhibitions",,,"history | History, Cultural Studies, Languages | Humanities | Identity, Culture, Inclusion | International, Global Engagement | Libraries | Social Sciences",jcb-events@brown.edu,jcb-events@brown.edu,false,,false,"https://events.brown.edu/live/image/gid/138/width/80/height/80/crop/1/src_region/0,0,1728,1728/21701_1776_Social_Media_Bkgds_JCBL_2026-01-21.jpg",The image shows a rooster pulling on the British flag.,https://events.brown.edu/john-carter-brown-library/event/326661-1776-across-the-americas-a-hemispheric-history,https://events.brown.edu/live/json/events
333583,Brown University Field Hockey at Cornell,2026-10-02T18:00:00-04:00,2026-10-02T21:00:00-04:00,October 2,6:00pm - 9:00pm,America/New_York,false,,,2026-10-02 22:00:00,2026-10-03 01:00:00,false,false,,,"Ithaca, N.Y., Barton Hall",,,,Athletics, Open to the Public,,,"Athletics, Sports, Wellness",,,false,,false,"https://events.brown.edu/live/image/gid/8/width/80/height/80/crop/1/src_region/0,0,1050,1050/10116_brown-athletics.png",Brown University Athletics logo,https://events.brown.edu/athletics/event/333583-brown-university-field-hockey-at-cornell,https://events.brown.edu/live/json/events
333386,Brown University Women’s Soccer at Penn,2026-10-03T00:00:00-04:00,,October 3,,America/New_York,true,,,2026-10-03 04:00:00,,false,false,,,"Philadelphia, Penn., Rhodes Field",,,,Athletics, Open to the Public,,,"Athletics, Sports, Wellness",,,false,,false,"https://events.brown.edu/live/image/gid/8/width/80/height/80/crop/1/src_region/0,0,1050,1050/10116_brown-athletics.png",Brown University Athletics logo,https://events.brown.edu/athletics/event/333386-brown-university-womens-soccer-at-penn,https://events.brown.edu/live/json/events
301830,Brown University Football at Rhode Island- 44th Governor’s Cup,2026-10-03T12:00:00-04:00,2026-10-03T15:00:00-04:00,October 3,12:00pm - 3:00pm,America/New_York,false,,,2026-10-03 16:00:00,2026-10-03 19:00:00,false,false,,,"Pawtucket, R.I., Centreville Bank Stadium",,,,Athletics, Open to the Public,,,"Athletics, Sports, Wellness",,,false,,false,"https://events.brown.edu/live/image/gid/8/width/80/height/80/crop/1/src_region/0,0,1050,1050/10116_brown-athletics.png",Brown University Athletics logo,https://events.brown.edu/athletics/event/301830-brown-university-football-at-rhode-island-4,https://events.brown.edu/live/json/events
333428,Brown University Men’s Soccer vs Cornell,2026-10-03T13:00:00-04:00,2026-10-03T15:00:00-04:00,October 3,1:00pm - 3:00pm,America/New_York,false,,,2026-10-03 17:00:00,2026-10-03 19:00:00,false,false,,,"Providence, R.I., Stevenson-Pincince Field",,,,Athletics, Open to the Public,,,"Athletics, Sports, Wellness",,,false,,false,"https://events.brown.edu/live/image/gid/8/width/80/height/80/crop/1/src_region/0,0,1050,1050/10116_brown-athletics.png",Brown University Athletics logo,https://events.brown.edu/athletics/event/333428-brown-university-mens-soccer-vs-cornell,https://events.brown.edu/live/json/events
334148,Brown University Men’s Water Polo at LIU,2026-10-03T16:30:00-04:00,2026-10-03T18:00:00-04:00,October 3,4:30pm - 6:00pm,America/New_York,false,,,2026-10-03 20:30:00,2026-10-03 22:00:00,false,false,,,"Brooklyn, N.Y.",,,,Athletics, Open to the Public,,,"Athletics, Sports, Wellness",,,false,,false,"https://events.brown.edu/live/image/gid/8/width/80/height/80/crop/1/src_region/0,0,1050,1050/10116_brown-athletics.png",Brown University Athletics logo,https://events.brown.edu/athletics/event/334148-brown-university-mens-water-polo-at-liu,https://events.brown.edu/live/json/events
334147,Brown University Men’s Water Polo at Princeton,2026-10-04T12:00:00-04:00,2026-10-04T13:30:00-04:00,October 4,12:00pm - 1:30pm,America/New_York,false,,,2026-10-04 16:00:00,2026-10-04 17:30:00,false,false,,,"Princeton, N.J.",,,,Athletics, Open to the Public,,,"Athletics, Sports, Wellness",,,false,,false,"https://events.brown.edu/live/image/gid/8/width/80/height/80/crop/1/src_region/0,0,1050,1050/10116_brown-athletics.png",Brown University Athletics logo,https://events.brown.edu/athletics/event/334147-brown-university-mens-water-polo-at-princeton,https://events.brown.edu/live/json/events
333582,Brown University Field Hockey at Bryant,2026-10-04T12:00:00-04:00,2026-10-04T15:00:00-04:00,October 4,12:00pm - 3:00pm,America/New_York,false,,,2026-10-04 16:00:00,2026-10-04 19:00:00,false,false,,,"Smithfield, R.I., Steven ?69 and Lily Cowen Field",,,,Athletics, Open to the Public,,,"Athletics, Sports, Wellness",,,false,,false,"https://events.brown.edu/live/image/gid/8/width/80/height/80/crop/1/src_region/0,0,1050,1050/10116_brown-athletics.png",Brown University Athletics logo,https://events.brown.edu/athletics/event/333582-brown-university-field-hockey-at-bryant,https://events.brown.edu/live/json/events
335679,Study Abroad at the University of Edinburgh Information Session (Virtual),2026-10-05T10:00:00-04:00,2026-10-05T11:00:00-04:00,October 5,10:00am - 11:00am,America/New_York,false,,,2026-10-05 14:00:00,2026-10-05 15:00:00,false,true,Online only,https://www.eventbrite.co.uk/e/visiting-students-online-information-session-tickets-1994803459847?aff=ebdsoporgprofile,,,,,Study Abroad,,,,"Advising, Mentorship | International, Global Engagement",Study Abroad & Away Page-Robinson 313/319 studyabroad@brown.edu 401-863-3555,studyabroad@brown.edu,false,,false,"https://events.brown.edu/live/image/gid/67/width/80/height/80/crop/1/src_region/0,0,512,512/5194_edinburgh.png",,https://events.brown.edu/study-abroad/event/335679-study-abroad-at-the-university-of-edinburgh-informati,https://events.brown.edu/live/json/events
326662,1776 Across the Americas: A Hemispheric History from the Collections of the John Carter Brown Library,2026-10-05T10:00:00-04:00,2026-10-05T12:45:00-04:00,October 5,10:00am - 12:45pm,America/New_York,false,every weekday (Monday to Friday),December 18,2026-02-06 15:00:00,2026-12-18 15:00:00,false,false,,,94 George Street,,,Free,John Carter Brown Library," Open to the Public | Performances, Concerts and Exhibitions",,,"history | History, Cultural Studies, Languages | Humanities | Identity, Culture, Inclusion | International, Global Engagement | Libraries | Social Sciences",jcb-events@brown.edu,jcb-events@brown.edu,false,,false,"https://events.brown.edu/live/image/gid/138/width/80/height/80/crop/1/src_region/0,0,1728,1728/21701_1776_Social_Media_Bkgds_JCBL_2026-01-21.jpg",The image shows a rooster pulling on the British flag.,https://events.brown.edu/john-carter-brown-library/event/326662-1776-across-the-americas-a-hemispheric-history,https://events.brown.edu/live/json/events
333307,Career Services | Workshop: PhD Applications - Personal Statements and CVs,2026-10-05T12:00:00-04:00,2026-10-05T13:00:00-04:00,October 5,12:00pm - 1:00pm,America/New_York,false,,,2026-10-05 16:00:00,2026-10-05 17:00:00,false,false,,,Zoom,,,Free,Master’s Programs,"Lectures, Seminars and Workshops",Humanities | Life Sciences Biomed | Life Sciences Non-Biomed | Physical Sciences | Social Sciences,,"Careers, Recruiting, Internships | Graduate School, Postgraduate Education | Training, Professional Development",masters_careersupport@brown.edu,masters_careersupport@brown.edu,false,,false,"https://events.brown.edu/live/image/gid/224/width/80/height/80/crop/1/src_region/0,0,1080,1080/23207_NL_Events_PhD_Applications.png",Two people smiling and sitting next to one another,https://events.brown.edu/live/events/333045-career-services-workshop-apply-for-phd-how-to,https://events.brown.edu/live/json/events
326758,1776 Across the Americas: A Hemispheric History from the Collections of the John Carter Brown Library,2026-10-05T14:00:00-04:00,2026-10-05T16:45:00-04:00,October 5,2:00pm - 4:45pm,America/New_York,false,weekly,December 18,2026-02-09 19:00:00,2026-12-18 19:00:00,false,false,,,94 George Street,,,Free,John Carter Brown Library," Open to the Public | Performances, Concerts and Exhibitions",,,"history | History, Cultural Studies, Languages | Humanities | Identity, Culture, Inclusion | International, Global Engagement | Libraries | Social Sciences",jcb-events@brown.edu,jcb-events@brown.edu,false,,false,"https://events.brown.edu/live/image/gid/138/width/80/height/80/crop/1/src_region/0,0,1728,1728/21701_1776_Social_Media_Bkgds_JCBL_2026-01-21.jpg",The image shows a rooster pulling on the British flag.,https://events.brown.edu/john-carter-brown-library/event/326758-1776-across-the-americas-a-hemispheric-history,https://events.brown.edu/live/json/events
329144,"Last day to add a course (includes late fee), change from audit to credit, or change a grade option declaration (5:00 p.m. EDT deadline).",2026-10-06T00:00:00-04:00,,October 6,,America/New_York,true,,,2026-10-06 04:00:00,,false,false,,,,,,,Academic Calendar,,,,"Academic Calendar, University Dates &amp; Events | Fall Semester",Registrar’s Office 401-863-2500,,false,,false,,,https://events.brown.edu/academic-calendar/event/329144-last-day-to-add-a-course-includes-late-fee-change,https://events.brown.edu/live/json/events
326663,1776 Across the Americas: A Hemispheric History from the Collections of the John Carter Brown Library,2026-10-06T10:00:00-04:00,2026-10-06T12:45:00-04:00,October 6,10:00am - 12:45pm,America/New_York,false,every weekday (Monday to Friday),December 18,2026-02-06 15:00:00,2026-12-18 15:00:00,false,false,,,94 George Street,,,Free,John Carter Brown Library," Open to the Public | Performances, Concerts and Exhibitions",,,"history | History, Cultural Studies, Languages | Humanities | Identity, Culture, Inclusion | International, Global Engagement | Libraries | Social Sciences",jcb-events@brown.edu,jcb-events@brown.edu,false,,false,"https://events.brown.edu/live/image/gid/138/width/80/height/80/crop/1/src_region/0,0,1728,1728/21701_1776_Social_Media_Bkgds_JCBL_2026-01-21.jpg",The image shows a rooster pulling on the British flag.,https://events.brown.edu/john-carter-brown-library/event/326663-1776-across-the-americas-a-hemispheric-history,https://events.brown.edu/live/json/events
288059,COBRE CBC Computational Biology Walk-in Office hours,2026-10-06T11:00:00-04:00,2026-10-06T12:00:00-04:00,October 6,11:00am - 12:00pm,America/New_York,false,weekly,"December 31<span class=""lw_date_year"">, 2027</span>",2024-06-11 15:00:00,2027-12-31 16:00:00,false,true,Online only,https://brown.zoom.us/j/95250171953,,,,,Center for Computation and Visualization (CCV),,,,,Center for Computation and Visualization Talk to us on https://ccv.brown.edu/discuss,,false,,false,,,https://events.brown.edu/ccv/event/288059-cobre-cbc-computational-biology-walk-in-office,https://events.brown.edu/live/json/events
335503,Belong at Brown | International Student Resources,2026-10-06T11:00:00-04:00,2026-10-06T12:00:00-04:00,October 6,11:00am - 12:00pm,America/New_York,false,,,2026-10-06 15:00:00,2026-10-06 16:00:00,false,true,Online only,https://apply.professional.brown.edu/register/?id=9b4ed9a8-3c4e-4884-83ad-d3f25004a8e7,,,,Free,Master’s Programs,,,,"Fifth-Year Master's | Graduate School, Postgraduate Education | Master | Master's Admissions | Master's Events",masters_events@brown.edu,masters_events@brown.edu,false,,false,"https://events.brown.edu/live/image/gid/175/width/80/height/80/crop/1/src_region/0,0,3200,2133/10391_20091030_PAUR_0010.jpg","Fallen autumn leaves on the front green, University and Manning Halls in the background, exterior",https://events.brown.edu/masters-programs/event/335503-belong-at-brown-international-student-resources,https://events.brown.edu/live/json/events
325263,CRAM: Susan Ashbrook Harvey (Religious Studies),2026-10-06T12:00:00-04:00,,October 6,12:00pm,America/New_York,false,,,2026-10-06 16:00:00,,false,false,,,Rhode Island Hall,41.82548,-71.403879,Free,Center for Global Antiquity, Open to the Public,,,"History, Cultural Studies, Languages | Humanities",Global_Antiquity@brown.edu,Global_Antiquity@brown.edu,false,,false,"https://events.brown.edu/live/image/gid/135/width/80/height/80/crop/1/src_region/0,0,660,484/19699_CRAM.png",,https://events.brown.edu/live/events/313256-cram-susan-harvey-religious-studies-to-leontia-and-ma,https://events.brown.edu/live/json/events
335662,MPH Information Session,2026-10-06T12:00:00-04:00,2026-10-06T13:00:00-04:00,October 6,12:00pm - 1:00pm,America/New_York,false,,,2026-10-06 16:00:00,2026-10-06 17:00:00,false,true,Online only,https://apply.professional.brown.edu/register/?id=db32cc3c-2528-4ff2-ae53-075c160c9dda,,,,Free,School of Public Health Admissions, Open to the Public,,,"Biology, Medicine, Public Health",Yessenia Lobo Admissions Coordinator Brown University School of Public Health (401) 863-9939 yessenia_lobo@brown.edu sph.brown.edu,yessenia_lobo@brown.edu,false,,false,"https://events.brown.edu/live/image/gid/77/width/80/height/80/crop/1/src_region/0,0,944,995/16069_Brown_School-of-Public-Health_Primary_Vt.png",,https://events.brown.edu/live/events/335500-mph-information-session,https://events.brown.edu/live/json/events
323440,Online Master’s in Management Program Overview,2026-10-06T14:00:00-04:00,2026-10-06T15:00:00-04:00,October 6,2:00pm - 3:00pm,America/New_York,false,,,2026-10-06 18:00:00,2026-10-06 19:00:00,false,true,Online only,https://apply.professional.brown.edu/register/OMiMOct,,,,,School of Professional Studies, Open to the Public,4th Year Students | All Staff | Campus Faculty | Hospital Faculty | Humanities | Life Sciences Biomed | Life Sciences Non-Biomed | Physical Sciences | Social Sciences,,Information Session | MastersBrown | masterseven | SPS,onlinemasters_admissions@brown.edu,onlinemasters_admissions@brown.edu,false,,false,"https://events.brown.edu/live/image/gid/175/width/80/height/80/crop/1/src_region/0,0,275,183/20511_online_learning.jpg",Online Learning,https://events.brown.edu/sps/event/323440-online-masters-in-management-program-overview,https://events.brown.edu/live/json/events
326884,1776 Across the Americas: A Hemispheric History from the Collections of the John Carter Brown Library,2026-10-06T14:00:00-04:00,2026-10-06T16:45:00-04:00,October 6,2:00pm - 4:45pm,America/New_York,false,every Tuesday and Thursday,December 17,2026-02-10 19:00:00,2026-12-17 19:00:00,false,false,,,94 George Street,,,Free,John Carter Brown Library," Open to the Public | Performances, Concerts and Exhibitions",,,"history | History, Cultural Studies, Languages | Humanities | Identity, Culture, Inclusion | International, Global Engagement | Libraries | Social Sciences",jcb-events@brown.edu,jcb-events@brown.edu,false,,false,"https://events.brown.edu/live/image/gid/138/width/80/height/80/crop/1/src_region/0,0,1728,1728/21701_1776_Social_Media_Bkgds_JCBL_2026-01-21.jpg",The image shows a rooster pulling on the British flag.,https://events.brown.edu/john-carter-brown-library/event/326884-1776-across-the-americas-a-hemispheric-history,https://events.brown.edu/live/json/events
332737,Brown 2026 Reads at the JCB: Jin Li,2026-10-06T15:00:00-04:00,,October 6,3:00pm,America/New_York,false,,,2026-10-06 19:00:00,,false,false,,,John Carter Brown Library,,,,John Carter Brown Library,"Lectures, Seminars and Workshops",1st Year Students | 2nd Year Students | 3rd Year Students | 4th Year Students,,"History, Cultural Studies, Languages | Humanities | Identity, Culture, Inclusion | Libraries | Social Sciences",brown2026democracy@brown.edu,brown2026democracy@brown.edu,false,,false,"https://events.brown.edu/live/image/gid/138/width/80/height/80/crop/1/src_region/0,0,1080,1080/22983_Li_2026_Reads_1.png",The image shows the cover of Li's book and the Brown 2026 badge.,https://events.brown.edu/john-carter-brown-library/event/332737-brown-2026-reads-at-the-jcb-jin-li,https://events.brown.edu/live/json/events
335680,CET Taiwan Information Session with Program Alumni (Virtual),2026-10-06T15:00:00-04:00,2026-10-06T16:00:00-04:00,October 6,3:00pm - 4:00pm,America/New_York,false,,,2026-10-06 19:00:00,2026-10-06 20:00:00,false,true,Online only,https://events.teams.microsoft.com/event/f25df78f-60cd-4940-ac2a-e5b0cba70996@1eb1283f-7a15-43ab-84df-87a2f6ade4fd,,,,,Study Abroad,,,,,Study Abroad & Away Page-Robinson 313/319 studyabroad@brown.edu 401-863-3555,studyabroad@brown.edu,false,,false,"https://events.brown.edu/live/image/gid/67/width/80/height/80/crop/1/src_region/0,0,225,225/5415_Unknown.jpg",,https://events.brown.edu/study-abroad/event/335680-cet-taiwan-information-session-with-program-alumni-vi,https://events.brown.edu/live/json/events
335470,Effective Interviewing for Undergrads,2026-10-06T16:00:00-04:00,2026-10-06T17:00:00-04:00,October 6,4:00pm - 5:00pm,America/New_York,false,,,2026-10-06 20:00:00,2026-10-06 21:00:00,false,false,,,Tisch Career Center,41.827858,-71.401045,,Tisch Career Center,,1st Year Students | 2nd Year Students | 3rd Year Students | 4th Year Students | Humanities | Life Sciences Biomed | Life Sciences Non-Biomed | Physical Sciences | Social Sciences,,"Careers, Recruiting, Internships | Information Session",careercenter@brown.edu,careercenter@brown.edu,false,,false,"https://events.brown.edu/live/image/gid/19/width/80/height/80/crop/1/src_region/0,0,434,426/2894_events_browmimage.png",,https://events.brown.edu/career-center/event/335470-effective-interviewing-for-undergrads,https://events.brown.edu/live/json/events
326664,1776 Across the Americas: A Hemispheric History from the Collections of the John Carter Brown Library,2026-10-07T10:00:00-04:00,2026-10-07T12:45:00-04:00,October 7,10:00am - 12:45pm,America/New_York,false,every weekday (Monday to Friday),December 18,2026-02-06 15:00:00,2026-12-18 15:00:00,false,false,,,94 George Street,,,Free,John Carter Brown Library," Open to the Public | Performances, Concerts and Exhibitions",,,"history | History, Cultural Studies, Languages | Humanities | Identity, Culture, Inclusion | International, Global Engagement | Libraries | Social Sciences",jcb-events@brown.edu,jcb-events@brown.edu,false,,false,"https://events.brown.edu/live/image/gid/138/width/80/height/80/crop/1/src_region/0,0,1728,1728/21701_1776_Social_Media_Bkgds_JCBL_2026-01-21.jpg",The image shows a rooster pulling on the British flag.,https://events.brown.edu/john-carter-brown-library/event/326664-1776-across-the-americas-a-hemispheric-history,https://events.brown.edu/live/json/events
335084,Cogut Institute Undergraduate Fellowship Info Session,2026-10-07T12:00:00-04:00,2026-10-07T13:00:00-04:00,October 7,12:00pm - 1:00pm,America/New_York,false,,,2026-10-07 16:00:00,2026-10-07 17:00:00,false,true,Hybrid,,"Cogut Institute, Andrews House",41.823967,-71.402338,,Cogut Institute for the Humanities,,2nd Year Students | 3rd Year Students,,Humanities | Research | Social Sciences,Cogut Institute for the Humanities (401) 863-6070 humanities-institute@brown.edu,humanities-institute@brown.edu,false,,false,"https://events.brown.edu/live/image/gid/29/width/80/height/80/crop/1/src_region/0,0,3200,3200/19709_Undergrad_Info_Session_2025.jpg",,https://events.brown.edu/cogut/event/2026-cogut-undergraduate-info-session,https://events.brown.edu/live/json/events
335407,Master of Science in Cybersecurity | Virtual Information Session,2026-10-07T12:00:00-04:00,2026-10-07T13:00:00-04:00,October 7,12:00pm - 1:00pm,America/New_York,false,,,2026-10-07 16:00:00,2026-10-07 17:00:00,false,true,Online only,https://apply.professional.brown.edu/register/?id=1494fa7f-5b3a-4b61-a397-4cd39af7866f,,,,Free,Master’s Programs,,,,"Fifth-Year Master's | Graduate School, Postgraduate Education | Master | Master's Admissions | Master's Events | Mathematics, Technology, Engineering",Masters_events@brown.edu,Masters_events@brown.edu,false,,false,"https://events.brown.edu/live/image/gid/175/width/80/height/80/crop/1/src_region/0,0,3200,3200/3922_Square_-_Cybersecurity_-_Learn_More.jpg",,https://events.brown.edu/masters-programs/event/335407-master-of-science-in-cybersecurity-virtual,https://events.brown.edu/live/json/events
326804,1776 Across the Americas: A Hemispheric History from the Collections of the John Carter Brown Library,2026-10-07T14:00:00-04:00,2026-10-07T16:45:00-04:00,October 7,2:00pm - 4:45pm,America/New_York,false,weekly,December 16,2026-02-11 19:00:00,2026-12-16 19:00:00,false,false,,,94 George Street,,,Free,John Carter Brown Library," Open to the Public | Performances, Concerts and Exhibitions",,,"history | History, Cultural Studies, Languages | Humanities | Identity, Culture, Inclusion | International, Global Engagement | Libraries | Social Sciences",jcb-events@brown.edu,jcb-events@brown.edu,false,,false,"https://events.brown.edu/live/image/gid/138/width/80/height/80/crop/1/src_region/0,0,1728,1728/21701_1776_Social_Media_Bkgds_JCBL_2026-01-21.jpg",The image shows a rooster pulling on the British flag.,https://events.brown.edu/john-carter-brown-library/event/326804-1776-across-the-americas-a-hemispheric-history,https://events.brown.edu/live/json/events
287424,COBRE CBC Computational Biology Walk-in Office hours,2026-10-07T15:00:00-04:00,2026-10-07T16:00:00-04:00,October 7,3:00pm - 4:00pm,America/New_York,false,weekly,"December 31<span class=""lw_date_year"">, 2027</span>",2024-06-26 19:00:00,2027-12-31 20:00:00,false,true,Online only,https://brown.zoom.us/j/95250171953,,,,,Center for Computation and Visualization (CCV),,,,,Center for Computation and Visualization Talk to us on https://ccv.brown.edu/discuss,,false,,false,,,https://events.brown.edu/ccv/event/287424-cobre-cbc-computational-biology-walk-in-office,https://events.brown.edu/live/json/events
335559,How to Talk to Faculty (Research and Recommendations),2026-10-07T17:00:00-04:00,2026-10-07T18:00:00-04:00,October 7,5:00pm - 6:00pm,America/New_York,false,,,2026-10-07 21:00:00,2026-10-07 22:00:00,false,false,,,Tisch Career Center,41.827858,-71.401045,,Tisch Career Center,,1st Year Students | 2nd Year Students | 3rd Year Students | 4th Year Students | Humanities | Life Sciences Biomed | Life Sciences Non-Biomed | Physical Sciences | Social Sciences,,"Careers, Recruiting, Internships | Information Session",careercenter@brown.edu,careercenter@brown.edu,false,,false,"https://events.brown.edu/live/image/gid/19/width/80/height/80/crop/1/src_region/0,0,434,426/2894_events_browmimage.png",,https://events.brown.edu/career-center/event/335559-how-to-talk-to-faculty-research-and-recommendations,https://events.brown.edu/live/json/events
335429,"An Evening with Brown University’s School of Professional Studies | New York, NY",2026-10-07T18:00:00-04:00,2026-10-07T20:00:00-04:00,October 7,6:00pm - 8:00pm,America/New_York,false,,,2026-10-07 22:00:00,2026-10-08 00:00:00,false,false,,,"Nomadworks Times Square 240 W 40th St New York, NY 10018 United States",40.755229,-73.989241,Free,School of Professional Studies,,,,"AI Education | Applied AI and Data Science | EMBA | Executive Education | Executive MBA | Graduate School, Postgraduate Education | Healthcare Leadership | Human-Centered AI | IE Brown Executive MBA | master's student | MastersBrown | mastersevents | MB-BP | MBCT | MBSR | MHL | mindfulness | MIndfulness-Based Blood Pressure | MTL | SPS | SPSevents | Technology Leadership",professional@brown.edu,professional@brown.edu,false,,false,"https://events.brown.edu/live/image/gid/175/width/80/height/80/crop/1/src_region/0,0,400,600/21604_Nomadworks.png",Nomadworks NYC,https://events.brown.edu/sps/event/335429-an-evening-with-brown-universitys-school-of,https://events.brown.edu/live/json/events
335534,An Evening with Brown University’s School of Professional Studies,2026-10-07T18:00:00-04:00,2026-10-07T20:00:00-04:00,October 7,6:00pm - 8:00pm,America/New_York,false,,,2026-10-07 22:00:00,2026-10-08 00:00:00,false,false,,,,,,,Alumni &amp; Friends,,,,,,,false,,false,,,https://events.brown.edu/alumni-friends/event/335534-an-evening-with-brown-universitys-school-of,https://events.brown.edu/live/json/events
335597,Brown University Men’s Tennis vs ITA New England Regionals,2026-10-08T00:00:00-04:00,,October 8,,America/New_York,true,,,2026-10-08 04:00:00,,false,false,,,"Cambridge, Mass.",,,,Athletics, Open to the Public,,,"Athletics, Sports, Wellness",,,false,,false,"https://events.brown.edu/live/image/gid/8/width/80/height/80/crop/1/src_region/0,0,1050,1050/10116_brown-athletics.png",Brown University Athletics logo,https://events.brown.edu/athletics/event/335597-brown-university-mens-tennis-vs-ita-new-england,https://events.brown.edu/live/json/events
326665,1776 Across the Americas: A Hemispheric History from the Collections of the John Carter Brown Library,2026-10-08T10:00:00-04:00,2026-10-08T12:45:00-04:00,October 8,10:00am - 12:45pm,America/New_York,false,every weekday (Monday to Friday),December 18,2026-02-06 15:00:00,2026-12-18 15:00:00,false,false,,,94 George Street,,,Free,John Carter Brown Library," Open to the Public | Performances, Concerts and Exhibitions",,,"history | History, Cultural Studies, Languages | Humanities | Identity, Culture, Inclusion | International, Global Engagement | Libraries | Social Sciences",jcb-events@brown.edu,jcb-events@brown.edu,false,,false,"https://events.brown.edu/live/image/gid/138/width/80/height/80/crop/1/src_region/0,0,1728,1728/21701_1776_Social_Media_Bkgds_JCBL_2026-01-21.jpg",The image shows a rooster pulling on the British flag.,https://events.brown.edu/john-carter-brown-library/event/326665-1776-across-the-americas-a-hemispheric-history,https://events.brown.edu/live/json/events
333056,Online Master of Public Policy: Program Overview,2026-10-08T12:00:00-04:00,2026-10-08T13:00:00-04:00,October 8,12:00pm - 1:00pm,America/New_York,false,,,2026-10-08 16:00:00,2026-10-08 17:00:00,false,true,Online only,https://apply.professional.brown.edu/register/?id=0521b236-ee25-4430-8356-ed7591f6a05d,,,,Free,Master’s Programs,,,,,onlinemasters_admissions@brown.edu,onlinemasters_admissions@brown.edu,false,,false,"https://events.brown.edu/live/image/gid/224/width/80/height/80/crop/1/src_region/0,0,359,314/17139_unnamed-2.png",Online Masters Program,https://events.brown.edu/live/events/333046-online-master-of-public-policy-program-overview,https://events.brown.edu/live/json/events
326885,1776 Across the Americas: A Hemispheric History from the Collections of the John Carter Brown Library,2026-10-08T14:00:00-04:00,2026-10-08T16:45:00-04:00,October 8,2:00pm - 4:45pm,America/New_York,false,every Tuesday and Thursday,December 17,2026-02-10 19:00:00,2026-12-17 19:00:00,false,false,,,94 George Street,,,Free,John Carter Brown Library," Open to the Public | Performances, Concerts and Exhibitions",,,"history | History, Cultural Studies, Languages | Humanities | Identity, Culture, Inclusion | International, Global Engagement | Libraries | Social Sciences",jcb-events@brown.edu,jcb-events@brown.edu,false,,false,"https://events.brown.edu/live/image/gid/138/width/80/height/80/crop/1/src_region/0,0,1728,1728/21701_1776_Social_Media_Bkgds_JCBL_2026-01-21.jpg",The image shows a rooster pulling on the British flag.,https://events.brown.edu/john-carter-brown-library/event/326885-1776-across-the-americas-a-hemispheric-history,https://events.brown.edu/live/json/events
335566,You Got This! Networking Practice Session,2026-10-08T16:00:00-04:00,2026-10-08T17:00:00-04:00,October 8,4:00pm - 5:00pm,America/New_York,false,,,2026-10-08 20:00:00,2026-10-08 21:00:00,false,false,,,Tisch Career Center,41.827858,-71.401045,,Tisch Career Center,,1st Year Students | 2nd Year Students | 3rd Year Students | 4th Year Students,,"Careers, Recruiting, Internships | Information Session",recruiting@brown.edu,recruiting@brown.edu,false,,false,"https://events.brown.edu/live/image/gid/19/width/80/height/80/crop/1/src_region/0,0,434,426/2894_events_browmimage.png",,https://events.brown.edu/career-center/event/335566-you-got-this-networking-practice-session,https://events.brown.edu/live/json/events
335596,Brown University Men’s Tennis vs ITA New England Regionals,2026-10-09T00:00:00-04:00,,October 9,,America/New_York,true,,,2026-10-09 04:00:00,,false,false,,,"Cambridge, Mass.",,,,Athletics, Open to the Public,,,"Athletics, Sports, Wellness",,,false,,false,"https://events.brown.edu/live/image/gid/8/width/80/height/80/crop/1/src_region/0,0,1050,1050/10116_brown-athletics.png",Brown University Athletics logo,https://events.brown.edu/athletics/event/335596-brown-university-mens-tennis-vs-ita-new-england,https://events.brown.edu/live/json/events
323902,CCV Office Hours,2026-10-09T10:00:00-04:00,2026-10-09T12:00:00-04:00,October 9,10:00am - 12:00pm,America/New_York,false,,,2026-10-09 14:00:00,2026-10-09 16:00:00,false,true,Hybrid,https://brown.zoom.us/j/93572022965,180 George Street,41.825929,-71.398812,Free,Center for Computation and Visualization (CCV),"Lectures, Seminars and Workshops |  Open to the Public",,,Computing | HPC | Research,Email the HPC team,hpc@brown.edu,false,,false,"https://events.brown.edu/live/image/gid/176/width/80/height/80/crop/1/src_region/0,0,8334,4307/2435_ccv-zdog_2.png",,https://events.brown.edu/ccv/event/323902-ccv-office-hours,https://events.brown.edu/live/json/events
326666,1776 Across the Americas: A Hemispheric History from the Collections of the John Carter Brown Library,2026-10-09T10:00:00-04:00,2026-10-09T12:45:00-04:00,October 9,10:00am - 12:45pm,America/New_York,false,every weekday (Monday to Friday),December 18,2026-02-06 15:00:00,2026-12-18 15:00:00,false,false,,,94 George Street,,,Free,John Carter Brown Library," Open to the Public | Performances, Concerts and Exhibitions",,,"history | History, Cultural Studies, Languages | Humanities | Identity, Culture, Inclusion | International, Global Engagement | Libraries | Social Sciences",jcb-events@brown.edu,jcb-events@brown.edu,false,,false,"https://events.brown.edu/live/image/gid/138/width/80/height/80/crop/1/src_region/0,0,1728,1728/21701_1776_Social_Media_Bkgds_JCBL_2026-01-21.jpg",The image shows a rooster pulling on the British flag.,https://events.brown.edu/john-carter-brown-library/event/326666-1776-across-the-americas-a-hemispheric-history,https://events.brown.edu/live/json/events
332362,Brown University Women’s Cross Country at New England XC Championships,2026-10-09T14:00:00-04:00,2026-10-09T17:00:00-04:00,October 9,2:00pm - 5:00pm,America/New_York,false,,,2026-10-09 18:00:00,2026-10-09 21:00:00,false,false,,,TBA,,,,Athletics, Open to the Public,,,"Athletics, Sports, Wellness",,,false,,false,"https://events.brown.edu/live/image/gid/8/width/80/height/80/crop/1/src_region/0,0,1050,1050/10116_brown-athletics.png",Brown University Athletics logo,https://events.brown.edu/athletics/event/332362-brown-university-womens-cross-country-at-new,https://events.brown.edu/live/json/events
334170,Brown University Men’s Cross Country at New England XC Championships,2026-10-09T14:00:00-04:00,2026-10-09T17:00:00-04:00,October 9,2:00pm - 5:00pm,America/New_York,false,,,2026-10-09 18:00:00,2026-10-09 21:00:00,false,false,,,TBA,,,,Athletics, Open to the Public,,,"Athletics, Sports, Wellness",,,false,,false,"https://events.brown.edu/live/image/gid/8/width/80/height/80/crop/1/src_region/0,0,1050,1050/10116_brown-athletics.png",Brown University Athletics logo,https://events.brown.edu/athletics/event/334170-brown-university-mens-cross-country-at-new-england,https://events.brown.edu/live/json/events
333581,Brown University Field Hockey vs Penn,2026-10-09T15:00:00-04:00,2026-10-09T18:00:00-04:00,October 9,3:00pm - 6:00pm,America/New_York,false,,,2026-10-09 19:00:00,2026-10-09 22:00:00,false,false,,,"Providence, R.I., Goldberger Family Field",,,,Athletics, Open to the Public,,,"Athletics, Sports, Wellness",,,false,,false,"https://events.brown.edu/live/image/gid/8/width/80/height/80/crop/1/src_region/0,0,1050,1050/10116_brown-athletics.png",Brown University Athletics logo,https://events.brown.edu/athletics/event/333581-brown-university-field-hockey-vs-penn,https://events.brown.edu/live/json/events
334806,"Philosophy Colloquium: Pascal Brixel, Northwestern",2026-10-09T15:30:00-04:00,2026-10-09T17:30:00-04:00,October 9,3:30pm - 5:30pm,America/New_York,false,,,2026-10-09 19:30:00,2026-10-09 21:30:00,false,false,,,,,,,Philosophy Department,"Conferences and Colloquia | Lectures, Seminars and Workshops |  Open to the Public",,,"lecture | Philosophy, Religious Studies",,,false,,false,"https://events.brown.edu/live/image/gid/151/width/80/height/80/crop/1/src_region/0,0,272,272/23160_pb-pic-2025b.png",Pascal giving a lecture,https://events.brown.edu/philosophy/event/334806-philosophy-colloquium-pascal-brixel-northwestern,https://events.brown.edu/live/json/events
335595,Brown University Men’s Tennis vs ITA New England Regionals,2026-10-10T00:00:00-04:00,,October 10,,America/New_York,true,,,2026-10-10 04:00:00,,false,false,,,"Cambridge, Mass.",,,,Athletics, Open to the Public,,,"Athletics, Sports, Wellness",,,false,,false,"https://events.brown.edu/live/image/gid/8/width/80/height/80/crop/1/src_region/0,0,1050,1050/10116_brown-athletics.png",Brown University Athletics logo,https://events.brown.edu/athletics/event/335595-brown-university-mens-tennis-vs-ita-new-england,https://events.brown.edu/live/json/events
333721,"Romanticism, In Theory with Emily Sun (Barnard University)",2026-10-10T12:00:00-04:00,,October 10,12:00pm,America/New_York,false,,,2026-10-10 16:00:00,,false,true,Online only,,,,,,English,,,,,,,false,,false,,,https://events.brown.edu/english/event/333721-romanticism-in-theory-with-emily-sun-barnard,https://events.brown.edu/live/json/events
334145,Brown University Men’s Water Polo at Harvard,2026-10-10T12:00:00-04:00,2026-10-10T13:30:00-04:00,October 10,12:00pm - 1:30pm,America/New_York,false,,,2026-10-10 16:00:00,2026-10-10 17:30:00,false,false,,,"Cambridge, Mass.",,,,Athletics, Open to the Public,,,"Athletics, Sports, Wellness",,,false,,false,"https://events.brown.edu/live/image/gid/8/width/80/height/80/crop/1/src_region/0,0,1050,1050/10116_brown-athletics.png",Brown University Athletics logo,https://events.brown.edu/athletics/event/334145-brown-university-mens-water-polo-at-harvard,https://events.brown.edu/live/json/events
301829,Brown University Football vs Bryant,2026-10-10T12:00:00-04:00,2026-10-10T15:00:00-04:00,October 10,12:00pm - 3:00pm,America/New_York,false,,,2026-10-10 16:00:00,2026-10-10 19:00:00,false,false,,,"Providence, R.I., Richard Gouse Field at Brown Stadium",,,,Athletics, Open to the Public,,,"Athletics, Sports, Wellness",,,false,,false,"https://events.brown.edu/live/image/gid/8/width/80/height/80/crop/1/src_region/0,0,1050,1050/10116_brown-athletics.png",Brown University Athletics logo,https://events.brown.edu/athletics/event/301829-brown-university-football-vs-bryant,https://events.brown.edu/live/json/events
333385,Brown University Women’s Soccer vs Yale,2026-10-10T15:30:00-04:00,2026-10-10T17:30:00-04:00,October 10,3:30pm - 5:30pm,America/New_York,false,,,2026-10-10 19:30:00,2026-10-10 21:30:00,false,false,,,"Providence, R.I., Stevenson-Pincince Field",,,,Athletics, Open to the Public,,,"Athletics, Sports, Wellness",,,false,,false,"https://events.brown.edu/live/image/gid/8/width/80/height/80/crop/1/src_region/0,0,1050,1050/10116_brown-athletics.png",Brown University Athletics logo,https://events.brown.edu/athletics/event/333385-brown-university-womens-soccer-vs-yale,https://events.brown.edu/live/json/events
334146,Brown University Men’s Water Polo at MIT,2026-10-10T18:00:00-04:00,2026-10-10T19:30:00-04:00,October 10,6:00pm - 7:30pm,America/New_York,false,,,2026-10-10 22:00:00,2026-10-10 23:30:00,false,false,,,"Cambridge, Mass.",,,,Athletics, Open to the Public,,,"Athletics, Sports, Wellness",,,false,,false,"https://events.brown.edu/live/image/gid/8/width/80/height/80/crop/1/src_region/0,0,1050,1050/10116_brown-athletics.png",Brown University Athletics logo,https://events.brown.edu/athletics/event/334146-brown-university-mens-water-polo-at-mit,https://events.brown.edu/live/json/events
333427,Brown University Men’s Soccer vs Harvard,2026-10-10T19:00:00-04:00,2026-10-10T21:00:00-04:00,October 10,7:00pm - 9:00pm,America/New_York,false,,,2026-10-10 23:00:00,2026-10-11 01:00:00,false,false,,,"Providence, R.I., Stevenson-Pincince Field",,,,Athletics, Open to the Public,,,"Athletics, Sports, Wellness",,,false,,false,"https://events.brown.edu/live/image/gid/8/width/80/height/80/crop/1/src_region/0,0,1050,1050/10116_brown-athletics.png",Brown University Athletics logo,https://events.brown.edu/athletics/event/333427-brown-university-mens-soccer-vs-harvard,https://events.brown.edu/live/json/events
335594,Brown University Men’s Tennis vs ITA New England Regionals,2026-10-11T00:00:00-04:00,,October 11,,America/New_York,true,,,2026-10-11 04:00:00,,false,false,,,"Cambridge, Mass.",,,,Athletics, Open to the Public,,,"Athletics, Sports, Wellness",,,false,,false,"https://events.brown.edu/live/image/gid/8/width/80/height/80/crop/1/src_region/0,0,1050,1050/10116_brown-athletics.png",Brown University Athletics logo,https://events.brown.edu/athletics/event/335594-brown-university-mens-tennis-vs-ita-new-england,https://events.brown.edu/live/json/events
333580,Brown University Field Hockey vs UMass,2026-10-11T13:00:00-04:00,2026-10-11T16:00:00-04:00,October 11,1:00pm - 4:00pm,America/New_York,false,,,2026-10-11 17:00:00,2026-10-11 20:00:00,false,false,,,"Providence, R.I., Goldberger Family Field",,,,Athletics, Open to the Public,,,"Athletics, Sports, Wellness",,,false,,false,"https://events.brown.edu/live/image/gid/8/width/80/height/80/crop/1/src_region/0,0,1050,1050/10116_brown-athletics.png",Brown University Athletics logo,https://events.brown.edu/athletics/event/333580-brown-university-field-hockey-vs-umass,https://events.brown.edu/live/json/events
333636,Indigenous Peoples’ Day. No University exercises.,2026-10-12T00:00:00-04:00,,October 12,,America/New_York,true,,,2026-10-12 04:00:00,,false,false,,,,,,,Academic Calendar,,,,,Registrar’s Office 401-863-2500,,false,,false,,,https://events.brown.edu/live/events/311744-indigenous-peoples-day-no-university-exercises,https://events.brown.edu/live/json/events
326667,1776 Across the Americas: A Hemispheric History from the Collections of the John Carter Brown Library,2026-10-12T10:00:00-04:00,2026-10-12T12:45:00-04:00,October 12,10:00am - 12:45pm,America/New_York,false,every weekday (Monday to Friday),December 18,2026-02-06 15:00:00,2026-12-18 15:00:00,false,false,,,94 George Street,,,Free,John Carter Brown Library," Open to the Public | Performances, Concerts and Exhibitions",,,"history | History, Cultural Studies, Languages | Humanities | Identity, Culture, Inclusion | International, Global Engagement | Libraries | Social Sciences",jcb-events@brown.edu,jcb-events@brown.edu,false,,false,"https://events.brown.edu/live/image/gid/138/width/80/height/80/crop/1/src_region/0,0,1728,1728/21701_1776_Social_Media_Bkgds_JCBL_2026-01-21.jpg",The image shows a rooster pulling on the British flag.,https://events.brown.edu/john-carter-brown-library/event/326667-1776-across-the-americas-a-hemispheric-history,https://events.brown.edu/live/json/events
326759,1776 Across the Americas: A Hemispheric History from the Collections of the John Carter Brown Library,2026-10-12T14:00:00-04:00,2026-10-12T16:45:00-04:00,October 12,2:00pm - 4:45pm,America/New_York,false,weekly,December 18,2026-02-09 19:00:00,2026-12-18 19:00:00,false,false,,,94 George Street,,,Free,John Carter Brown Library," Open to the Public | Performances, Concerts and Exhibitions",,,"history | History, Cultural Studies, Languages | Humanities | Identity, Culture, Inclusion | International, Global Engagement | Libraries | Social Sciences",jcb-events@brown.edu,jcb-events@brown.edu,false,,false,"https://events.brown.edu/live/image/gid/138/width/80/height/80/crop/1/src_region/0,0,1728,1728/21701_1776_Social_Media_Bkgds_JCBL_2026-01-21.jpg",The image shows a rooster pulling on the British flag.,https://events.brown.edu/john-carter-brown-library/event/326759-1776-across-the-americas-a-hemispheric-history,https://events.brown.edu/live/json/events
329145,Last day to receive any partial tuition refund.,2026-10-13T00:00:00-04:00,,October 13,,America/New_York,true,,,2026-10-13 04:00:00,,false,false,,,,,,,Academic Calendar,,,,"Academic Calendar, University Dates &amp; Events | Fall Semester",Registrar’s Office 401-863-2500,,false,,false,,,https://events.brown.edu/academic-calendar/event/329145-last-day-to-receive-any-partial-tuition-refund,https://events.brown.edu/live/json/events
326668,1776 Across the Americas: A Hemispheric History from the Collections of the John Carter Brown Library,2026-10-13T10:00:00-04:00,2026-10-13T12:45:00-04:00,October 13,10:00am - 12:45pm,America/New_York,false,every weekday (Monday to Friday),December 18,2026-02-06 15:00:00,2026-12-18 15:00:00,false,false,,,94 George Street,,,Free,John Carter Brown Library," Open to the Public | Performances, Concerts and Exhibitions",,,"history | History, Cultural Studies, Languages | Humanities | Identity, Culture, Inclusion | International, Global Engagement | Libraries | Social Sciences",jcb-events@brown.edu,jcb-events@brown.edu,false,,false,"https://events.brown.edu/live/image/gid/138/width/80/height/80/crop/1/src_region/0,0,1728,1728/21701_1776_Social_Media_Bkgds_JCBL_2026-01-21.jpg",The image shows a rooster pulling on the British flag.,https://events.brown.edu/john-carter-brown-library/event/326668-1776-across-the-americas-a-hemispheric-history,https://events.brown.edu/live/json/events
288060,COBRE CBC Computational Biology Walk-in Office hours,2026-10-13T11:00:00-04:00,2026-10-13T12:00:00-04:00,October 13,11:00am - 12:00pm,America/New_York,false,weekly,"December 31<span class=""lw_date_year"">, 2027</span>",2024-06-11 15:00:00,2027-12-31 16:00:00,false,true,Online only,https://brown.zoom.us/j/95250171953,,,,,Center for Computation and Visualization (CCV),,,,,Center for Computation and Visualization Talk to us on https://ccv.brown.edu/discuss,,false,,false,,,https://events.brown.edu/ccv/event/288060-cobre-cbc-computational-biology-walk-in-office,https://events.brown.edu/live/json/events
315430,"Online Master’s in Data Science: Policy, Governance &amp; Society | Program Overview",2026-10-13T12:00:00-04:00,2026-10-13T13:00:00-04:00,October 13,12:00pm - 1:00pm,America/New_York,false,,,2026-10-13 16:00:00,2026-10-13 17:00:00,false,true,Online only,https://apply.professional.brown.edu/register/?id=8bd2b813-2f51-4653-a1c6-4647af50fe00,,,,Free,Master’s Programs,,,,,onlinemasters_admissions@brown.edu,onlinemasters_admissions@brown.edu,false,,false,"https://events.brown.edu/live/image/gid/224/width/80/height/80/crop/1/src_region/0,0,359,314/17139_unnamed-2.png",Online Master's Programs,https://events.brown.edu/live/events/314817-online-masters-in-data-science-policy-governance,https://events.brown.edu/live/json/events
326886,1776 Across the Americas: A Hemispheric History from the Collections of the John Carter Brown Library,2026-10-13T14:00:00-04:00,2026-10-13T16:45:00-04:00,October 13,2:00pm - 4:45pm,America/New_York,false,every Tuesday and Thursday,December 17,2026-02-10 19:00:00,2026-12-17 19:00:00,false,false,,,94 George Street,,,Free,John Carter Brown Library," Open to the Public | Performances, Concerts and Exhibitions",,,"history | History, Cultural Studies, Languages | Humanities | Identity, Culture, Inclusion | International, Global Engagement | Libraries | Social Sciences",jcb-events@brown.edu,jcb-events@brown.edu,false,,false,"https://events.brown.edu/live/image/gid/138/width/80/height/80/crop/1/src_region/0,0,1728,1728/21701_1776_Social_Media_Bkgds_JCBL_2026-01-21.jpg",The image shows a rooster pulling on the British flag.,https://events.brown.edu/john-carter-brown-library/event/326886-1776-across-the-americas-a-hemispheric-history,https://events.brown.edu/live/json/events
335682,CET Beijing &amp; Shanghai Information Session with Program Alumni (Virtual),2026-10-13T15:00:00-04:00,2026-10-13T16:00:00-04:00,October 13,3:00pm - 4:00pm,America/New_York,false,,,2026-10-13 19:00:00,2026-10-13 20:00:00,false,true,Online only,https://events.teams.microsoft.com/event/9bf68bc1-cc10-4d3d-918e-558de2c7f674@1eb1283f-7a15-43ab-84df-87a2f6ade4fd,,,,,Study Abroad,,,,,Study Abroad & Away Page-Robinson 313/319 studyabroad@brown.edu 401-863-3555,studyabroad@brown.edu,false,,false,"https://events.brown.edu/live/image/gid/67/width/80/height/80/crop/1/src_region/0,0,225,225/5415_Unknown.jpg",,https://events.brown.edu/study-abroad/event/335682-cet-beijing-shanghai-information-session-with-program,https://events.brown.edu/live/json/events
323441,Online Master’s in Organizational Leadership Program Overview,2026-10-13T16:00:00-04:00,2026-10-13T17:00:00-04:00,October 13,4:00pm - 5:00pm,America/New_York,false,,,2026-10-13 20:00:00,2026-10-13 21:00:00,false,true,Online only,https://apply.professional.brown.edu/register/octmol,,,,,School of Professional Studies, Open to the Public,All Staff | Campus Faculty | Hospital Faculty | Humanities | Life Sciences Biomed | Life Sciences Non-Biomed | Physical Sciences | Social Sciences,,Information Session | MastersBrown | mastersevents | SPS,onlinemasters_admissions@brown.edu,onlinemasters_admissions@brown.edu,false,,false,"https://events.brown.edu/live/image/gid/175/width/80/height/80/crop/1/src_region/0,0,275,183/20512_onine_learning_3.jpg",Online Learning,https://events.brown.edu/sps/event/323441-online-masters-in-organizational-leadership-program-o,https://events.brown.edu/live/json/events
333426,Brown University Men’s Soccer at Lehigh,2026-10-13T18:00:00-04:00,2026-10-13T20:00:00-04:00,October 13,6:00pm - 8:00pm,America/New_York,false,,,2026-10-13 22:00:00,2026-10-14 00:00:00,false,false,,,"Bethlehem, Penn., Ulrich Sports Complex",,,,Athletics, Open to the Public,,,"Athletics, Sports, Wellness",,,false,,false,"https://events.brown.edu/live/image/gid/8/width/80/height/80/crop/1/src_region/0,0,1050,1050/10116_brown-athletics.png",Brown University Athletics logo,https://events.brown.edu/athletics/event/333426-brown-university-mens-soccer-at-lehigh,https://events.brown.edu/live/json/events
326669,1776 Across the Americas: A Hemispheric History from the Collections of the John Carter Brown Library,2026-10-14T10:00:00-04:00,2026-10-14T12:45:00-04:00,October 14,10:00am - 12:45pm,America/New_York,false,every weekday (Monday to Friday),December 18,2026-02-06 15:00:00,2026-12-18 15:00:00,false,false,,,94 George Street,,,Free,John Carter Brown Library," Open to the Public | Performances, Concerts and Exhibitions",,,"history | History, Cultural Studies, Languages | Humanities | Identity, Culture, Inclusion | International, Global Engagement | Libraries | Social Sciences",jcb-events@brown.edu,jcb-events@brown.edu,false,,false,"https://events.brown.edu/live/image/gid/138/width/80/height/80/crop/1/src_region/0,0,1728,1728/21701_1776_Social_Media_Bkgds_JCBL_2026-01-21.jpg",The image shows a rooster pulling on the British flag.,https://events.brown.edu/john-carter-brown-library/event/326669-1776-across-the-americas-a-hemispheric-history,https://events.brown.edu/live/json/events
333306,Career Services | Workshop: Interviewing - From Nerves to Nailed It,2026-10-14T12:00:00-04:00,2026-10-14T13:00:00-04:00,October 14,12:00pm - 1:00pm,America/New_York,false,,,2026-10-14 16:00:00,2026-10-14 17:00:00,false,false,,,Zoom,,,Free,Master’s Programs,"Lectures, Seminars and Workshops",Humanities | Life Sciences Biomed | Life Sciences Non-Biomed | Physical Sciences | Social Sciences,,"Careers, Recruiting, Internships | Graduate School, Postgraduate Education | Training, Professional Development",masters_careersupport@brown.edu,masters_careersupport@brown.edu,false,,false,"https://events.brown.edu/live/image/gid/224/width/80/height/80/crop/1/src_region/0,0,1080,1080/23208_NL_Events_interviewing_nerves_to_nailed_it.png",People partaking in a virtual interview,https://events.brown.edu/live/events/333073-career-services-workshop-interviewing-from,https://events.brown.edu/live/json/events
334816,IE Brown Executive MBA | Return on Investment (ROI),2026-10-14T12:00:00-04:00,2026-10-14T13:00:00-04:00,October 14,12:00pm - 1:00pm,America/New_York,false,,,2026-10-14 16:00:00,2026-10-14 17:00:00,false,true,Online only,https://www.eventbrite.es/e/ie-brown-executive-mba-return-on-investment-roi-tickets-1992629260759,,,,Free,School of Professional Studies,,,,"EMBA | Executive Education | Executive MBA | Graduate School, Postgraduate Education | IE Brown Executive MBA | SPS",professional@brown.edu,professional@brown.edu,false,,false,"https://events.brown.edu/live/image/gid/175/width/80/height/80/crop/1/src_region/0,0,3200,3200/3921_Square_-_EMBA__Leadership_Learn_More.jpg",,https://events.brown.edu/sps/event/334816-ie-brown-executive-mba-return-on-investment-roi,https://events.brown.edu/live/json/events
326805,1776 Across the Americas: A Hemispheric History from the Collections of the John Carter Brown Library,2026-10-14T14:00:00-04:00,2026-10-14T16:45:00-04:00,October 14,2:00pm - 4:45pm,America/New_York,false,weekly,December 16,2026-02-11 19:00:00,2026-12-16 19:00:00,false,false,,,94 George Street,,,Free,John Carter Brown Library," Open to the Public | Performances, Concerts and Exhibitions",,,"history | History, Cultural Studies, Languages | Humanities | Identity, Culture, Inclusion | International, Global Engagement | Libraries | Social Sciences",jcb-events@brown.edu,jcb-events@brown.edu,false,,false,"https://events.brown.edu/live/image/gid/138/width/80/height/80/crop/1/src_region/0,0,1728,1728/21701_1776_Social_Media_Bkgds_JCBL_2026-01-21.jpg",The image shows a rooster pulling on the British flag.,https://events.brown.edu/john-carter-brown-library/event/326805-1776-across-the-americas-a-hemispheric-history,https://events.brown.edu/live/json/events
287425,COBRE CBC Computational Biology Walk-in Office hours,2026-10-14T15:00:00-04:00,2026-10-14T16:00:00-04:00,October 14,3:00pm - 4:00pm,America/New_York,false,weekly,"December 31<span class=""lw_date_year"">, 2027</span>",2024-06-26 19:00:00,2027-12-31 20:00:00,false,true,Online only,https://brown.zoom.us/j/95250171953,,,,,Center for Computation and Visualization (CCV),,,,,Center for Computation and Visualization Talk to us on https://ccv.brown.edu/discuss,,false,,false,,,https://events.brown.edu/ccv/event/287425-cobre-cbc-computational-biology-walk-in-office,https://events.brown.edu/live/json/events
335044,This is Public Health Fair: Tampa,2026-10-14T17:30:00-04:00,2026-10-14T19:30:00-04:00,October 14,5:30pm - 7:30pm,America/New_York,false,,,2026-10-14 21:30:00,2026-10-14 23:30:00,false,false,,,University of South Florida College of Nursing,,,,School of Public Health Admissions,,,,"Biology, Medicine, Public Health",Yessenia Lobo Admissions Coordinator Brown University School of Public Health (401) 863-9939 yessenia_lobo@brown.edu sph.brown.edu,yessenia_lobo@brown.edu,false,,false,"https://events.brown.edu/live/image/gid/77/width/80/height/80/crop/1/src_region/0,0,204,192/15817_TIPH_Logo.png",,https://events.brown.edu/live/events/335017-this-is-public-health-fair-tampa,https://events.brown.edu/live/json/events
333363,Spring 2027 Application Deadline—Tougaloo College Semester Exchange,2026-10-15T00:00:00-04:00,,October 15,,America/New_York,true,,,2026-10-15 04:00:00,,false,false,,,,,,,Study Abroad,,,,"Advising, Mentorship | History, Cultural Studies, Languages | Identity, Culture, Inclusion | International, Global Engagement",Tougaloo Semester Exchange kelly_watts@brown.edu,kelly_watts@brown.edu,false,,false,"https://events.brown.edu/live/image/gid/67/width/80/height/80/crop/1/src_region/0,0,300,300/15663_Tougaloo.png",,https://events.brown.edu/study-abroad/event/333363-spring-2027-application-deadlinetougaloo-college-seme,https://events.brown.edu/live/json/events
326670,1776 Across the Americas: A Hemispheric History from the Collections of the John Carter Brown Library,2026-10-15T10:00:00-04:00,2026-10-15T12:45:00-04:00,October 15,10:00am - 12:45pm,America/New_York,false,every weekday (Monday to Friday),December 18,2026-02-06 15:00:00,2026-12-18 15:00:00,false,false,,,94 George Street,,,Free,John Carter Brown Library," Open to the Public | Performances, Concerts and Exhibitions",,,"history | History, Cultural Studies, Languages | Humanities | Identity, Culture, Inclusion | International, Global Engagement | Libraries | Social Sciences",jcb-events@brown.edu,jcb-events@brown.edu,false,,false,"https://events.brown.edu/live/image/gid/138/width/80/height/80/crop/1/src_region/0,0,1728,1728/21701_1776_Social_Media_Bkgds_JCBL_2026-01-21.jpg",The image shows a rooster pulling on the British flag.,https://events.brown.edu/john-carter-brown-library/event/326670-1776-across-the-americas-a-hemispheric-history,https://events.brown.edu/live/json/events
334243,The Swedish Program Information Session,2026-10-15T12:00:00-04:00,2026-10-15T13:00:00-04:00,October 15,12:00pm - 1:00pm,America/New_York,false,,,2026-10-15 16:00:00,2026-10-15 17:00:00,false,false,,,Page-Robinson Hall (previously JWW),41.827526,-71.402786,,Study Abroad,,1st Year Students | 2nd Year Students | 3rd Year Students,,"Advising, Mentorship | History, Cultural Studies, Languages | International, Global Engagement","Study Abroad Advising Page-Robinson Hall, 313/319 Telephone: 401-863-3555 Email: StudyAbroad@brown.edu",StudyAbroad@brown.edu,false,,false,"https://events.brown.edu/live/image/gid/67/width/80/height/80/crop/1/src_region/0,0,224,224/5161_Unknown.png",,https://events.brown.edu/study-abroad/event/334243-the-swedish-program-information-session,https://events.brown.edu/live/json/events
334244,Drop-in Q&amp;A with The Swedish Program,2026-10-15T13:00:00-04:00,2026-10-15T14:00:00-04:00,October 15,1:00pm - 2:00pm,America/New_York,false,,,2026-10-15 17:00:00,2026-10-15 18:00:00,false,false,,,Page-Robinson Hall (previously JWW),41.827526,-71.402786,,Study Abroad,,,,"Advising, Mentorship | History, Cultural Studies, Languages | Identity, Culture, Inclusion | International, Global Engagement","Study Abroad Advising Page-Robinson Hall, 313/319 Telephone: 401-863-3555 Email: StudyAbroad@brown.edu",StudyAbroad@brown.edu,false,,false,"https://events.brown.edu/live/image/gid/67/width/80/height/80/crop/1/src_region/0,0,224,224/5161_Unknown.png",,https://events.brown.edu/study-abroad/event/334244-drop-in-qa-with-the-swedish-program,https://events.brown.edu/live/json/events
323439,Online Master’s in Business Analytics Program Overview,2026-10-15T19:00:00-04:00,2026-10-15T20:00:00-04:00,October 15,7:00pm - 8:00pm,America/New_York,false,,,2026-10-15 23:00:00,2026-10-16 00:00:00,false,true,Online only,https://apply.professional.brown.edu/register/MBAnOct,,,,,School of Professional Studies, Open to the Public,All Staff | Campus Faculty | Hospital Faculty | Humanities | Life Sciences Biomed | Life Sciences Non-Biomed | Physical Sciences | Social Sciences,,Information Session | MastersBrown | mastersevents | SPS,onlinemasters_admissions@brown.edu,onlinemasters_admissions@brown.edu,false,,false,,,https://events.brown.edu/sps/event/323439-online-masters-in-business-analytics-program-overview,https://events.brown.edu/live/json/events
329146,Last day to change from credit to audit in a course (5:00 p.m. EDT deadline).,2026-10-16T00:00:00-04:00,,October 16,,America/New_York,true,,,2026-10-16 04:00:00,,false,false,,,,,,,Academic Calendar,,,,"Academic Calendar, University Dates &amp; Events | Fall Semester",Registrar’s Office 401-863-2500,,false,,false,,,https://events.brown.edu/academic-calendar/event/329146-last-day-to-change-from-credit-to-audit-in-a,https://events.brown.edu/live/json/events
323894,CCV Office Hours,2026-10-16T10:00:00-04:00,2026-10-16T12:00:00-04:00,October 16,10:00am - 12:00pm,America/New_York,false,,,2026-10-16 14:00:00,2026-10-16 16:00:00,false,true,Hybrid,https://brown.zoom.us/j/93572022965,180 George Street,41.825929,-71.398812,Free,Center for Computation and Visualization (CCV),"Lectures, Seminars and Workshops |  Open to the Public",,,Computing | HPC | Research,Email the HPC team,hpc@brown.edu,false,,false,"https://events.brown.edu/live/image/gid/176/width/80/height/80/crop/1/src_region/0,0,8334,4307/2435_ccv-zdog_2.png",,https://events.brown.edu/ccv/event/323894-ccv-office-hours,https://events.brown.edu/live/json/events
326671,1776 Across the Americas: A Hemispheric History from the Collections of the John Carter Brown Library,2026-10-16T10:00:00-04:00,2026-10-16T12:45:00-04:00,October 16,10:00am - 12:45pm,America/New_York,false,every weekday (Monday to Friday),December 18,2026-02-06 15:00:00,2026-12-18 15:00:00,false,false,,,94 George Street,,,Free,John Carter Brown Library," Open to the Public | Performances, Concerts and Exhibitions",,,"history | History, Cultural Studies, Languages | Humanities | Identity, Culture, Inclusion | International, Global Engagement | Libraries | Social Sciences",jcb-events@brown.edu,jcb-events@brown.edu,false,,false,"https://events.brown.edu/live/image/gid/138/width/80/height/80/crop/1/src_region/0,0,1728,1728/21701_1776_Social_Media_Bkgds_JCBL_2026-01-21.jpg",The image shows a rooster pulling on the British flag.,https://events.brown.edu/john-carter-brown-library/event/326671-1776-across-the-americas-a-hemispheric-history,https://events.brown.edu/live/json/events
333308,Career Services | Networking Roundtable - Speak with Confidence,2026-10-16T12:00:00-04:00,2026-10-16T13:00:00-04:00,October 16,12:00pm - 1:00pm,America/New_York,false,,,2026-10-16 16:00:00,2026-10-16 17:00:00,false,false,,,"Petteruti Lounge, 75 Waterman Street, Providence, RI 02912 - Stephen Robert ’62 Campus Center,",,,Free,Master’s Programs,"Free Food | Lectures, Seminars and Workshops",Humanities | Life Sciences Biomed | Life Sciences Non-Biomed | Physical Sciences | Social Sciences,,"Careers, Recruiting, Internships | Graduate School, Postgraduate Education | Training, Professional Development",masters_careersupport@brown.edu,masters_careersupport@brown.edu,false,,false,"https://events.brown.edu/live/image/gid/224/width/80/height/80/crop/1/src_region/0,0,1080,1080/23209_NL_Events_networking_roundtable.png",Three people speaking to one another,https://events.brown.edu/live/events/333074-career-services-roundtable-network-with,https://events.brown.edu/live/json/events
334807,"Philosophy Colloquium: Tania Lombrozo, Princeton University",2026-10-16T15:30:00-04:00,2026-10-16T17:30:00-04:00,October 16,3:30pm - 5:30pm,America/New_York,false,,,2026-10-16 19:30:00,2026-10-16 21:30:00,false,false,,,,,,,Philosophy Department,"Conferences and Colloquia | Lectures, Seminars and Workshops |  Open to the Public",,,"colloquium | lecture | Philosophy, Religious Studies",,,false,,false,"https://events.brown.edu/live/image/gid/151/width/80/height/80/crop/1/src_region/0,0,750,750/23161_tania2022small_1.jpg",Tania smiling,https://events.brown.edu/philosophy/event/334807-philosophy-colloquium-tania-lombrozo-princeton,https://events.brown.edu/live/json/events
333425,Brown University Men’s Soccer at Penn,2026-10-17T00:00:00-04:00,,October 17,,America/New_York,true,,,2026-10-17 04:00:00,,false,false,,,"Philadelphia, Penn., Rhodes Field",,,,Athletics, Open to the Public,,,"Athletics, Sports, Wellness",,,false,,false,"https://events.brown.edu/live/image/gid/8/width/80/height/80/crop/1/src_region/0,0,1050,1050/10116_brown-athletics.png",Brown University Athletics logo,https://events.brown.edu/athletics/event/333425-brown-university-mens-soccer-at-penn,https://events.brown.edu/live/json/events
333384,Brown University Women’s Soccer at Dartmouth,2026-10-17T00:00:00-04:00,,October 17,,America/New_York,true,,,2026-10-17 04:00:00,,false,false,,,"Hanover, N.H., Burnham Field",,,,Athletics, Open to the Public,,,"Athletics, Sports, Wellness",,,false,,false,"https://events.brown.edu/live/image/gid/8/width/80/height/80/crop/1/src_region/0,0,1050,1050/10116_brown-athletics.png",Brown University Athletics logo,https://events.brown.edu/athletics/event/333384-brown-university-womens-soccer-at-dartmouth,https://events.brown.edu/live/json/events
333637,Mid-semester.,2026-10-17T00:00:00-04:00,,October 17,,America/New_York,true,,,2026-10-17 04:00:00,,false,false,,,,,,,Academic Calendar,,,,,Registrar’s Office 401-863-2500,,false,,false,,,https://events.brown.edu/live/events/311746-mid-semester,https://events.brown.edu/live/json/events
332361,Brown University Women’s Cross Country at ECAC Championships,2026-10-17T10:00:00-04:00,2026-10-17T13:00:00-04:00,October 17,10:00am - 1:00pm,America/New_York,false,,,2026-10-17 14:00:00,2026-10-17 17:00:00,false,false,,,TBA,,,,Athletics, Open to the Public,,,"Athletics, Sports, Wellness",,,false,,false,"https://events.brown.edu/live/image/gid/8/width/80/height/80/crop/1/src_region/0,0,1050,1050/10116_brown-athletics.png",Brown University Athletics logo,https://events.brown.edu/athletics/event/332361-brown-university-womens-cross-country-at-ecac,https://events.brown.edu/live/json/events
334169,Brown University Men’s Cross Country at IC4A Championships,2026-10-17T10:00:00-04:00,2026-10-17T13:00:00-04:00,October 17,10:00am - 1:00pm,America/New_York,false,,,2026-10-17 14:00:00,2026-10-17 17:00:00,false,false,,,TBA,,,,Athletics, Open to the Public,,,"Athletics, Sports, Wellness",,,false,,false,"https://events.brown.edu/live/image/gid/8/width/80/height/80/crop/1/src_region/0,0,1050,1050/10116_brown-athletics.png",Brown University Athletics logo,https://events.brown.edu/athletics/event/334169-brown-university-mens-cross-country-at-ic4a,https://events.brown.edu/live/json/events
334176,Brown vs. Princeton Football Game Watch Party,2026-10-17T11:45:00-04:00,2026-10-17T15:00:00-04:00,October 17,11:45am - 3:00pm,America/New_York,false,,,2026-10-17 15:45:00,2026-10-17 19:00:00,false,false,,,,,,,Alumni &amp; Friends,,,,,,,false,,false,,,https://events.brown.edu/alumni-friends/event/334176-brown-vs-princeton-football-game-watch-party,https://events.brown.edu/live/json/events
301828,Brown University Football at Princeton,2026-10-17T12:00:00-04:00,2026-10-17T15:00:00-04:00,October 17,12:00pm - 3:00pm,America/New_York,false,,,2026-10-17 16:00:00,2026-10-17 19:00:00,false,false,,,"Princeton, N.J.",,,,Athletics, Open to the Public,,,"Athletics, Sports, Wellness",,,false,,false,"https://events.brown.edu/live/image/gid/8/width/80/height/80/crop/1/src_region/0,0,1050,1050/10116_brown-athletics.png",Brown University Athletics logo,https://events.brown.edu/athletics/event/301828-brown-university-football-at-princeton,https://events.brown.edu/live/json/events
333579,Brown University Field Hockey vs Harvard,2026-10-17T12:00:00-04:00,2026-10-17T15:00:00-04:00,October 17,12:00pm - 3:00pm,America/New_York,false,,,2026-10-17 16:00:00,2026-10-17 19:00:00,false,false,,,"Providence, R.I., Goldberger Family Field",,,,Athletics, Open to the Public,,,"Athletics, Sports, Wellness",,,false,,false,"https://events.brown.edu/live/image/gid/8/width/80/height/80/crop/1/src_region/0,0,1050,1050/10116_brown-athletics.png",Brown University Athletics logo,https://events.brown.edu/athletics/event/333579-brown-university-field-hockey-vs-harvard,https://events.brown.edu/live/json/events
334144,Brown University Men’s Water Polo vs Salem,2026-10-17T14:30:00-04:00,2026-10-17T16:00:00-04:00,October 17,2:30pm - 4:00pm,America/New_York,false,,,2026-10-17 18:30:00,2026-10-17 20:00:00,false,false,,,"Providence, R.I., Katherine Moran Coleman Aquatics Center",,,,Athletics, Open to the Public,,,"Athletics, Sports, Wellness",,,false,,false,"https://events.brown.edu/live/image/gid/8/width/80/height/80/crop/1/src_region/0,0,1050,1050/10116_brown-athletics.png",Brown University Athletics logo,https://events.brown.edu/athletics/event/334144-brown-university-mens-water-polo-vs-salem,https://events.brown.edu/live/json/events
334143,Brown University Men’s Water Polo vs Pomona-Pitzer,2026-10-17T19:00:00-04:00,2026-10-17T20:30:00-04:00,October 17,7:00pm - 8:30pm,America/New_York,false,,,2026-10-17 23:00:00,2026-10-18 00:30:00,false,false,,,"Providence, R.I., Katherine Moran Coleman Aquatics Center",,,,Athletics, Open to the Public,,,"Athletics, Sports, Wellness",,,false,,false,"https://events.brown.edu/live/image/gid/8/width/80/height/80/crop/1/src_region/0,0,1050,1050/10116_brown-athletics.png",Brown University Athletics logo,https://events.brown.edu/athletics/event/334143-brown-university-mens-water-polo-vs-pomona-pitzer,https://events.brown.edu/live/json/events
334142,Brown University Men’s Water Polo vs Navy,2026-10-18T11:30:00-04:00,2026-10-18T13:00:00-04:00,October 18,11:30am - 1:00pm,America/New_York,false,,,2026-10-18 15:30:00,2026-10-18 17:00:00,false,false,,,"Providence, R.I., Katherine Moran Coleman Aquatics Center",,,,Athletics, Open to the Public,,,"Athletics, Sports, Wellness",,,false,,false,"https://events.brown.edu/live/image/gid/8/width/80/height/80/crop/1/src_region/0,0,1050,1050/10116_brown-athletics.png",Brown University Athletics logo,https://events.brown.edu/athletics/event/334142-brown-university-mens-water-polo-vs-navy,https://events.brown.edu/live/json/events
334141,Brown University Men’s Water Polo vs UC Merced,2026-10-18T16:00:00-04:00,2026-10-18T17:30:00-04:00,October 18,4:00pm - 5:30pm,America/New_York,false,,,2026-10-18 20:00:00,2026-10-18 21:30:00,false,false,,,"Providence, R.I., Katherine Moran Coleman Aquatics Center",,,,Athletics, Open to the Public,,,"Athletics, Sports, Wellness",,,false,,false,"https://events.brown.edu/live/image/gid/8/width/80/height/80/crop/1/src_region/0,0,1050,1050/10116_brown-athletics.png",Brown University Athletics logo,https://events.brown.edu/athletics/event/334141-brown-university-mens-water-polo-vs-uc-merced,https://events.brown.edu/live/json/events
326672,1776 Across the Americas: A Hemispheric History from the Collections of the John Carter Brown Library,2026-10-19T10:00:00-04:00,2026-10-19T12:45:00-04:00,October 19,10:00am - 12:45pm,America/New_York,false,every weekday (Monday to Friday),December 18,2026-02-06 15:00:00,2026-12-18 15:00:00,false,false,,,94 George Street,,,Free,John Carter Brown Library," Open to the Public | Performances, Concerts and Exhibitions",,,"history | History, Cultural Studies, Languages | Humanities | Identity, Culture, Inclusion | International, Global Engagement | Libraries | Social Sciences",jcb-events@brown.edu,jcb-events@brown.edu,false,,false,"https://events.brown.edu/live/image/gid/138/width/80/height/80/crop/1/src_region/0,0,1728,1728/21701_1776_Social_Media_Bkgds_JCBL_2026-01-21.jpg",The image shows a rooster pulling on the British flag.,https://events.brown.edu/john-carter-brown-library/event/326672-1776-across-the-americas-a-hemispheric-history,https://events.brown.edu/live/json/events
335039,PhD in Epidemiology Information Session,2026-10-19T12:00:00-04:00,2026-10-19T13:00:00-04:00,October 19,12:00pm - 1:00pm,America/New_York,false,,,2026-10-19 16:00:00,2026-10-19 17:00:00,false,true,Online only,https://apply.graduateschool.brown.edu/register/?id=66ee6f59-7f4b-4de6-9297-8eacf1031fa9,,,,Free,School of Public Health Admissions, Open to the Public,,,"Biology, Medicine, Public Health",Yessenia Lobo Admissions Coordinator Brown University School of Public Health (401) 863-9939 yessenia_lobo@brown.edu sph.brown.edu,yessenia_lobo@brown.edu,false,,false,"https://events.brown.edu/live/image/gid/77/width/80/height/80/crop/1/src_region/0,0,944,995/16069_Brown_School-of-Public-Health_Primary_Vt.png",,https://events.brown.edu/live/events/334954-phd-in-epidemiology-information-session,https://events.brown.edu/live/json/events
335457,Mindfulness-Based Cognitive Therapy (MBCT) Teacher Training Info Session,2026-10-19T12:00:00-04:00,2026-10-19T13:00:00-04:00,October 19,12:00pm - 1:00pm,America/New_York,false,,,2026-10-19 16:00:00,2026-10-19 17:00:00,false,true,Online only,https://apply.professional.brown.edu/register/?id=08992d24-0c6e-4397-b24c-b508febb8ba5,,,,Free,School of Professional Studies, Open to the Public,,,MBCT | MBSR | mindfulness,mindfulness@brown.edu,mindfulness@brown.edu,false,,false,"https://events.brown.edu/live/image/gid/175/width/80/height/80/crop/1/src_region/0,0,360,360/11970_Mindfulness_Center.jpg",,https://events.brown.edu/sps/event/335457-mindfulness-based-cognitive-therapy-mbct-teacher,https://events.brown.edu/live/json/events
335560,Finding a Job in Arts &amp; Media,2026-10-19T12:00:00-04:00,2026-10-19T13:00:00-04:00,October 19,12:00pm - 1:00pm,America/New_York,false,,,2026-10-19 16:00:00,2026-10-19 17:00:00,false,false,,,Tisch Career Center,41.827858,-71.401045,,Tisch Career Center,,4th Year Students,,"Careers, Recruiting, Internships | Information Session",careercenter@brown.edu,careercenter@brown.edu,false,,false,"https://events.brown.edu/live/image/gid/19/width/80/height/80/crop/1/src_region/0,0,434,426/2894_events_browmimage.png",,https://events.brown.edu/career-center/event/335560-finding-a-job-in-arts-media,https://events.brown.edu/live/json/events
326760,1776 Across the Americas: A Hemispheric History from the Collections of the John Carter Brown Library,2026-10-19T14:00:00-04:00,2026-10-19T16:45:00-04:00,October 19,2:00pm - 4:45pm,America/New_York,false,weekly,December 18,2026-02-09 19:00:00,2026-12-18 19:00:00,false,false,,,94 George Street,,,Free,John Carter Brown Library," Open to the Public | Performances, Concerts and Exhibitions",,,"history | History, Cultural Studies, Languages | Humanities | Identity, Culture, Inclusion | International, Global Engagement | Libraries | Social Sciences",jcb-events@brown.edu,jcb-events@brown.edu,false,,false,"https://events.brown.edu/live/image/gid/138/width/80/height/80/crop/1/src_region/0,0,1728,1728/21701_1776_Social_Media_Bkgds_JCBL_2026-01-21.jpg",The image shows a rooster pulling on the British flag.,https://events.brown.edu/john-carter-brown-library/event/326760-1776-across-the-americas-a-hemispheric-history,https://events.brown.edu/live/json/events
335561,Networking Foundations,2026-10-19T16:00:00-04:00,2026-10-19T17:00:00-04:00,October 19,4:00pm - 5:00pm,America/New_York,false,,,2026-10-19 20:00:00,2026-10-19 21:00:00,false,false,,,Tisch Career Center,41.827858,-71.401045,,Tisch Career Center,,1st Year Students | 2nd Year Students | 3rd Year Students | 4th Year Students,,"Careers, Recruiting, Internships | Information Session",careercenter@brown.edu,careercenter@brown.edu,false,,false,"https://events.brown.edu/live/image/gid/19/width/80/height/80/crop/1/src_region/0,0,434,426/2894_events_browmimage.png",,https://events.brown.edu/career-center/event/335561-networking-foundations,https://events.brown.edu/live/json/events
335045,This is Public Health Fair: San Francisco,2026-10-19T20:30:00-04:00,2026-10-19T22:30:00-04:00,October 19,5:30pm - 7:30pm,America/Los_Angeles,false,,,2026-10-20 00:30:00,2026-10-20 02:30:00,false,false,,,UC Berkeley Student Union,,,,School of Public Health Admissions,,,,"Biology, Medicine, Public Health",Yessenia Lobo Admissions Coordinator Brown University School of Public Health (401) 863-9939 yessenia_lobo@brown.edu sph.brown.edu,yessenia_lobo@brown.edu,false,,false,"https://events.brown.edu/live/image/gid/77/width/80/height/80/crop/1/src_region/0,0,204,192/15817_TIPH_Logo.png",,https://events.brown.edu/live/events/335018-this-is-public-health-fair-san-francisco,https://events.brown.edu/live/json/events
330457,Date by which sophomores entering their 5th semester must file their concentration declaration forms via ASK to avoid having a “No Concentration” hold placed against their Banner registration (5:00 p.m. EDT deadline).,2026-10-20T00:00:00-04:00,,October 20,,America/New_York,true,,,2026-10-20 04:00:00,,false,false,,,,,,,Academic Calendar,,,,"Academic Calendar, University Dates &amp; Events | Fall Semester",Registrar’s Office 401-863-2500,,false,,false,,,https://events.brown.edu/academic-calendar/event/330457-date-by-which-sophomores-entering-their-5th,https://events.brown.edu/live/json/events
335547,Master of Science in Computer Science | Virtual Information Session,2026-10-20T08:00:00-04:00,2026-10-20T09:00:00-04:00,October 20,8:00am - 9:00am,America/New_York,false,,,2026-10-20 12:00:00,2026-10-20 13:00:00,false,true,Online only,https://apply.professional.brown.edu/register/?id=4e5877ce-c1c7-4a0e-b529-5e9d9c40dcfb,,,,Free,Master’s Programs,,,,"Fifth-Year Master's | Graduate School, Postgraduate Education | Master | Master's Admissions | Master's Events | Mathematics, Technology, Engineering",masters_events@brown.edu,masters_events@brown.edu,false,,false,"https://events.brown.edu/live/image/gid/175/width/80/height/80/crop/1/src_region/0,0,3200,2133/10391_20091030_PAUR_0010.jpg","Fallen autumn leaves on the front green, University and Manning Halls in the background, exterior",https://events.brown.edu/masters-programs/event/335547-master-of-science-in-computer-science-virtual,https://events.brown.edu/live/json/events
326673,1776 Across the Americas: A Hemispheric History from the Collections of the John Carter Brown Library,2026-10-20T10:00:00-04:00,2026-10-20T12:45:00-04:00,October 20,10:00am - 12:45pm,America/New_York,false,every weekday (Monday to Friday),December 18,2026-02-06 15:00:00,2026-12-18 15:00:00,false,false,,,94 George Street,,,Free,John Carter Brown Library," Open to the Public | Performances, Concerts and Exhibitions",,,"history | History, Cultural Studies, Languages | Humanities | Identity, Culture, Inclusion | International, Global Engagement | Libraries | Social Sciences",jcb-events@brown.edu,jcb-events@brown.edu,false,,false,"https://events.brown.edu/live/image/gid/138/width/80/height/80/crop/1/src_region/0,0,1728,1728/21701_1776_Social_Media_Bkgds_JCBL_2026-01-21.jpg",The image shows a rooster pulling on the British flag.,https://events.brown.edu/john-carter-brown-library/event/326673-1776-across-the-americas-a-hemispheric-history,https://events.brown.edu/live/json/events
288061,COBRE CBC Computational Biology Walk-in Office hours,2026-10-20T11:00:00-04:00,2026-10-20T12:00:00-04:00,October 20,11:00am - 12:00pm,America/New_York,false,weekly,"December 31<span class=""lw_date_year"">, 2027</span>",2024-06-11 15:00:00,2027-12-31 16:00:00,false,true,Online only,https://brown.zoom.us/j/95250171953,,,,,Center for Computation and Visualization (CCV),,,,,Center for Computation and Visualization Talk to us on https://ccv.brown.edu/discuss,,false,,false,,,https://events.brown.edu/ccv/event/288061-cobre-cbc-computational-biology-walk-in-office,https://events.brown.edu/live/json/events
333311,Career Services | Workshop - Advanced Interviewing Techniques,2026-10-20T12:00:00-04:00,2026-10-20T13:00:00-04:00,October 20,12:00pm - 1:00pm,America/New_York,false,,,2026-10-20 16:00:00,2026-10-20 17:00:00,false,false,,,Zoom,,,Free,Master’s Programs,"Lectures, Seminars and Workshops",Humanities | Life Sciences Biomed | Life Sciences Non-Biomed | Physical Sciences | Social Sciences,,"Careers, Recruiting, Internships | Graduate School, Postgraduate Education | Training, Professional Development",masters_careerservices@brown.edu,masters_careerservices@brown.edu,false,,false,"https://events.brown.edu/live/image/gid/224/width/80/height/80/crop/1/src_region/0,0,1080,1080/23210_NL_Events_advanced_interviewing_techniques.png",Three people partaking in an in person interview,https://events.brown.edu/live/events/333176-career-services-workshop-advanced-interviewing,https://events.brown.edu/live/json/events
335647,Summer 2027 Critical Language Scholarship Information Session,2026-10-20T12:00:00-04:00,2026-10-20T13:00:00-04:00,October 20,12:00pm - 1:00pm,America/New_York,false,,,2026-10-20 16:00:00,2026-10-20 17:00:00,false,false,,,Page-Robinson Hall (previously JWW),41.827526,-71.402786,,Study Abroad,,1st Year Students | 2nd Year Students | 3rd Year Students | 4th Year Students | Humanities | Life Sciences Biomed | Life Sciences Non-Biomed | Physical Sciences | Social Sciences,,"Advising, Mentorship | History, Cultural Studies, Languages | International, Global Engagement","Center for Language Studies 195 Angell St. (401) 863-3043 Study Abroad Advising Page-Robinson, 313 studyabroad@brown.edu401-863-3555",oip@brown.edu | studyabroad@brown.edu,false,,false,"https://events.brown.edu/live/image/gid/67/width/80/height/80/crop/1/src_region/0,0,215,234/54_Unknown-1.png",,https://events.brown.edu/live/events/335006-summer-2027-critical-language-scholarship-information,https://events.brown.edu/live/json/events
335504,Belong at Brown | What I Wish I Knew as a First-Gen Master’s Student,2026-10-20T14:00:00-04:00,2026-10-20T15:00:00-04:00,October 20,2:00pm - 3:00pm,America/New_York,false,,,2026-10-20 18:00:00,2026-10-20 19:00:00,false,true,Online only,https://apply.professional.brown.edu/register/?id=13915373-b152-469f-bbfc-33334b71c34f,,,,Free,Master’s Programs,,,,Fifth-Year Master's | Master | Master's Admissions | Master's Events,masters_events@brown.edu,masters_events@brown.edu,false,,false,"https://events.brown.edu/live/image/gid/175/width/80/height/80/crop/1/src_region/0,0,3200,2133/10391_20091030_PAUR_0010.jpg","Fallen autumn leaves on the front green, University and Manning Halls in the background, exterior",https://events.brown.edu/masters-programs/event/335504-belong-at-brown-what-i-wish-i-knew-as-a-first-gen,https://events.brown.edu/live/json/events
332738,Brown 2026 Reads at the JCB: Michael Vorenberg,2026-10-20T15:00:00-04:00,,October 20,3:00pm,America/New_York,false,,,2026-10-20 19:00:00,,false,false,,,John Carter Brown Library,,,,John Carter Brown Library,"Lectures, Seminars and Workshops",1st Year Students | 2nd Year Students | 3rd Year Students | 4th Year Students,,"history | History, Cultural Studies, Languages | Humanities | Libraries | Social Sciences",brown2026democracy@brown.edu,brown2026democracy@brown.edu,false,,false,"https://events.brown.edu/live/image/gid/138/width/80/height/80/crop/1/src_region/108,0,1074,966/22984_Michael_Vorenberg_2026_Reads.png",The image shows the cover of Michael Vorenberg book and the Brown 2026 badge.,https://events.brown.edu/john-carter-brown-library/event/332738-brown-2026-reads-at-the-jcb-michael-vorenberg,https://events.brown.edu/live/json/events
334266,Alison Bundy – String Light (While There is Light),2026-10-20T17:30:00-04:00,,October 20,5:30pm,America/New_York,false,,,2026-10-20 21:30:00,,false,false,,,"70 Brown St., Providence",41.827526,-71.403308,Free,Literary Arts, Open to the Public,,,"Arts, Performance | Humanities",writing@brown.edu,writing@brown.edu,false,,false,"https://events.brown.edu/live/image/gid/61/width/80/height/80/crop/1/src_region/0,0,835,835/23152_IMG_20240325_135109506.jpg","Alison Bundy, presenter for fall 2026 String Light (While There is Light)",https://events.brown.edu/live/events/334191-alison-bundy-string-light-while-there-is-light,https://events.brown.edu/live/json/events
326674,1776 Across the Americas: A Hemispheric History from the Collections of the John Carter Brown Library,2026-10-21T10:00:00-04:00,2026-10-21T12:45:00-04:00,October 21,10:00am - 12:45pm,America/New_York,false,every weekday (Monday to Friday),December 18,2026-02-06 15:00:00,2026-12-18 15:00:00,false,false,,,94 George Street,,,Free,John Carter Brown Library," Open to the Public | Performances, Concerts and Exhibitions",,,"history | History, Cultural Studies, Languages | Humanities | Identity, Culture, Inclusion | International, Global Engagement | Libraries | Social Sciences",jcb-events@brown.edu,jcb-events@brown.edu,false,,false,"https://events.brown.edu/live/image/gid/138/width/80/height/80/crop/1/src_region/0,0,1728,1728/21701_1776_Social_Media_Bkgds_JCBL_2026-01-21.jpg",The image shows a rooster pulling on the British flag.,https://events.brown.edu/john-carter-brown-library/event/326674-1776-across-the-americas-a-hemispheric-history,https://events.brown.edu/live/json/events
326806,1776 Across the Americas: A Hemispheric History from the Collections of the John Carter Brown Library,2026-10-21T14:00:00-04:00,2026-10-21T16:45:00-04:00,October 21,2:00pm - 4:45pm,America/New_York,false,weekly,December 16,2026-02-11 19:00:00,2026-12-16 19:00:00,false,false,,,94 George Street,,,Free,John Carter Brown Library," Open to the Public | Performances, Concerts and Exhibitions",,,"history | History, Cultural Studies, Languages | Humanities | Identity, Culture, Inclusion | International, Global Engagement | Libraries | Social Sciences",jcb-events@brown.edu,jcb-events@brown.edu,false,,false,"https://events.brown.edu/live/image/gid/138/width/80/height/80/crop/1/src_region/0,0,1728,1728/21701_1776_Social_Media_Bkgds_JCBL_2026-01-21.jpg",The image shows a rooster pulling on the British flag.,https://events.brown.edu/john-carter-brown-library/event/326806-1776-across-the-americas-a-hemispheric-history,https://events.brown.edu/live/json/events
287426,COBRE CBC Computational Biology Walk-in Office hours,2026-10-21T15:00:00-04:00,2026-10-21T16:00:00-04:00,October 21,3:00pm - 4:00pm,America/New_York,false,weekly,"December 31<span class=""lw_date_year"">, 2027</span>",2024-06-26 19:00:00,2027-12-31 20:00:00,false,true,Online only,https://brown.zoom.us/j/95250171953,,,,,Center for Computation and Visualization (CCV),,,,,Center for Computation and Visualization Talk to us on https://ccv.brown.edu/discuss,,false,,false,,,https://events.brown.edu/ccv/event/287426-cobre-cbc-computational-biology-walk-in-office,https://events.brown.edu/live/json/events
333108,"Daniel Schneider—Politics, Economics and Social Policy Research Seminar",2026-10-21T16:00:00-04:00,2026-10-21T17:30:00-04:00,October 21,4:00pm - 5:30pm,America/New_York,false,,,2026-10-21 20:00:00,2026-10-21 21:30:00,false,false,,,"Joukowsky Forum, 111 Thayer Street",,,Free,Watson School of International and Public Affairs,"Lectures, Seminars and Workshops |  Open to the Public",1st Year Students | 2nd Year Students | 3rd Year Students | 4th Year Students | All Staff | Campus Faculty | Hospital Faculty | Humanities | Life Sciences Biomed | Life Sciences Non-Biomed | Medical Students | Physical Sciences | Social Sciences,,"Government, Public &amp; International Affairs | Politics, Economics and Social Policy | Social Sciences",watsonevents@brown.edu,watsonevents@brown.edu,false,,false,"https://events.brown.edu/live/image/gid/90/width/80/height/80/crop/1/src_region/0,0,225,224/23073_download.jpg",Photo of Daniel Schneider,https://events.brown.edu/watson/event/333108-daniel-schneiderpolitics-economics-and-social,https://events.brown.edu/live/json/events
333469,Nonfiction Writing Alumni Forum,2026-10-21T18:00:00-04:00,,October 21,6:00pm,America/New_York,false,,,2026-10-21 22:00:00,,false,false,,,TBD,,,,English,,,,,english@brown.edu,english@brown.edu,false,,false,,,https://events.brown.edu/english/event/333469-nonfiction-writing-alumni-forum,https://events.brown.edu/live/json/events
326675,1776 Across the Americas: A Hemispheric History from the Collections of the John Carter Brown Library,2026-10-22T10:00:00-04:00,2026-10-22T12:45:00-04:00,October 22,10:00am - 12:45pm,America/New_York,false,every weekday (Monday to Friday),December 18,2026-02-06 15:00:00,2026-12-18 15:00:00,false,false,,,94 George Street,,,Free,John Carter Brown Library," Open to the Public | Performances, Concerts and Exhibitions",,,"history | History, Cultural Studies, Languages | Humanities | Identity, Culture, Inclusion | International, Global Engagement | Libraries | Social Sciences",jcb-events@brown.edu,jcb-events@brown.edu,false,,false,"https://events.brown.edu/live/image/gid/138/width/80/height/80/crop/1/src_region/0,0,1728,1728/21701_1776_Social_Media_Bkgds_JCBL_2026-01-21.jpg",The image shows a rooster pulling on the British flag.,https://events.brown.edu/john-carter-brown-library/event/326675-1776-across-the-americas-a-hemispheric-history,https://events.brown.edu/live/json/events
334823,Master’s in Technology Leadership | Virtual Information Session: Program Overview &amp; Last Chance Application Tips,2026-10-22T12:00:00-04:00,2026-10-22T13:00:00-04:00,October 22,12:00pm - 1:00pm,America/New_York,false,,,2026-10-22 16:00:00,2026-10-22 17:00:00,false,true,Online only,https://apply.professional.brown.edu/register/?id=e6d4152b-73d8-42d5-84d0-32a46290f4ae,,,,,School of Professional Studies,,,,"Graduate School, Postgraduate Education | Mathematics, Technology, Engineering",professional@brown.edu,professional@brown.edu,false,,false,"https://events.brown.edu/live/image/gid/175/width/80/height/80/crop/1/src_region/0,0,3200,3200/3920_Square_-_Science_and_Tech_Learn_More_CONVERT_4.jpg",,https://events.brown.edu/live/events/334821-masters-in-technology-leadership-virtual,https://events.brown.edu/live/json/events
334854,"WorldStrides: Bangkok, Thailand—Semester at Mahidol University Information Session",2026-10-22T12:00:00-04:00,2026-10-22T13:00:00-04:00,October 22,12:00pm - 1:00pm,America/New_York,false,,,2026-10-22 16:00:00,2026-10-22 17:00:00,false,false,,,Page-Robinson Hall (previously JWW),41.827526,-71.402786,,Study Abroad,,1st Year Students | 2nd Year Students | 3rd Year Students,,"Advising, Mentorship | History, Cultural Studies, Languages | International, Global Engagement","Study Abroad Advising Page-Robinson Hall, 313/319 Telephone: 401-863-3555 Email: StudyAbroad@brown.edu",StudyAbroad@brown.edu,false,,false,"https://events.brown.edu/live/image/gid/67/width/80/height/80/crop/1/src_region/0,0,447,447/23178_images.png",,https://events.brown.edu/study-abroad/event/334854-worldstrides-bangkok-thailandsemester-at-mahidol-univ,https://events.brown.edu/live/json/events
334268,Brown 2026 Reads (First-Years Only Section): Michael Vorenberg,2026-10-22T15:00:00-04:00,,October 22,3:00pm,America/New_York,false,,,2026-10-22 19:00:00,,false,false,,,John Carter Brown Library,41.825601,-71.40242,,Orientation and Weeks of Welcome,,,,Brown 2026 | First-Year | Libraries,college@brown.edu,college@brown.edu,false,,false,"https://events.brown.edu/live/image/gid/123/width/80/height/80/crop/1/src_region/0,0,199,198/23157_Screenshot_2026-06-30_at_1.25.55PM.png",,https://events.brown.edu/orientation/event/334268-brown-2026-reads-first-years-only-section-michael-vor,https://events.brown.edu/live/json/events
335509,Patrick Cottrell: Writers on Writing,2026-10-22T17:30:00-04:00,,October 22,5:30pm,America/New_York,false,,,2026-10-22 21:30:00,,false,false,,,"70 Brown St., Providence, RI  02912",41.827526,-71.403308,,Literary Arts," Open to the Public | Performances, Concerts and Exhibitions",,,"Arts, Performance | Humanities | literature",writing@brown.edu,writing@brown.edu,false,,false,"https://events.brown.edu/live/image/gid/61/width/80/height/80/crop/1/src_region/0,245,2070,2316/23238_cottrell_photo.jpg",Patrick Cottrell reads for Writers on Writing,https://events.brown.edu/literary-arts/event/335509-patrick-cottrell-writers-on-writing,https://events.brown.edu/live/json/events
335654,Farshid Emami (Rice University),2026-10-22T17:30:00-04:00,2026-10-22T19:30:00-04:00,October 22,5:30pm - 7:30pm,America/New_York,false,,,2026-10-22 21:30:00,2026-10-22 23:30:00,false,false,,,Andrews House,41.823967,-71.402338,,Center for the Study of the Early Modern World,"Lectures, Seminars and Workshops",,,Early Modern World,Jordan Smith jordan_smith1@brown.edu,jordan_smith1@brown.edu,false,,false,,,https://events.brown.edu/early-modern-world/event/335654-farshid-emami-rice-university,https://events.brown.edu/live/json/events
333309,Career Services | Career Talk: Hot Jobs (Product Manager),2026-10-22T18:00:00-04:00,2026-10-22T19:00:00-04:00,October 22,6:00pm - 7:00pm,America/New_York,false,,,2026-10-22 22:00:00,2026-10-22 23:00:00,false,false,,,Zoom,,,Free,Master’s Programs,"Lectures, Seminars and Workshops",Humanities | Life Sciences Biomed | Life Sciences Non-Biomed | Physical Sciences | Social Sciences,,"Careers, Recruiting, Internships | Graduate School, Postgraduate Education | Training, Professional Development",masters_careersupport@brown.edu,masters_careersupport@brown.edu,false,,false,"https://events.brown.edu/live/image/gid/224/width/80/height/80/crop/1/src_region/0,0,617,623/15901_job_search.png",Magnifying glass overlooking notebook,https://events.brown.edu/live/events/333075-career-services-career-talk-hot-jobs-product,https://events.brown.edu/live/json/events
335593,Brown University Men’s Tennis vs Ivy League ITA Qualifiers,2026-10-23T00:00:00-04:00,,October 23,,America/New_York,true,,,2026-10-23 04:00:00,,false,false,,,,,,,Athletics, Open to the Public,,,"Athletics, Sports, Wellness",,,false,,false,"https://events.brown.edu/live/image/gid/8/width/80/height/80/crop/1/src_region/0,0,1050,1050/10116_brown-athletics.png",Brown University Athletics logo,https://events.brown.edu/athletics/event/335593-brown-university-mens-tennis-vs-ivy-league-ita,https://events.brown.edu/live/json/events
334911,Mindfulness-Based Programs | General Info Session,2026-10-23T09:00:00-04:00,2026-10-23T10:00:00-04:00,October 23,9:00am - 10:00am,America/New_York,false,,,2026-10-23 13:00:00,2026-10-23 14:00:00,false,true,Online only,https://apply.professional.brown.edu/register/?id=388f4a87-6be4-4d4d-b8c1-40348c884a20,,,,Free,School of Professional Studies,"Lectures, Seminars and Workshops |  Open to the Public",,,MBCT | MBSR | mindfulness,mindfulness@brown.edu,mindfulness@brown.edu,false,,false,"https://events.brown.edu/live/image/gid/175/width/80/height/80/crop/1/src_region/0,0,864,864/11969_Mindfulness_Center_Photo.jpg",Meditation,https://events.brown.edu/sps/event/334911-mindfulness-based-programs-general-info-session,https://events.brown.edu/live/json/events
323895,CCV Office Hours,2026-10-23T10:00:00-04:00,2026-10-23T12:00:00-04:00,October 23,10:00am - 12:00pm,America/New_York,false,,,2026-10-23 14:00:00,2026-10-23 16:00:00,false,true,Hybrid,https://brown.zoom.us/j/93572022965,180 George Street,41.825929,-71.398812,Free,Center for Computation and Visualization (CCV),"Lectures, Seminars and Workshops |  Open to the Public",,,Computing | HPC | Research,Email the HPC team,hpc@brown.edu,false,,false,"https://events.brown.edu/live/image/gid/176/width/80/height/80/crop/1/src_region/0,0,8334,4307/2435_ccv-zdog_2.png",,https://events.brown.edu/ccv/event/323895-ccv-office-hours,https://events.brown.edu/live/json/events
326676,1776 Across the Americas: A Hemispheric History from the Collections of the John Carter Brown Library,2026-10-23T10:00:00-04:00,2026-10-23T12:45:00-04:00,October 23,10:00am - 12:45pm,America/New_York,false,every weekday (Monday to Friday),December 18,2026-02-06 15:00:00,2026-12-18 15:00:00,false,false,,,94 George Street,,,Free,John Carter Brown Library," Open to the Public | Performances, Concerts and Exhibitions",,,"history | History, Cultural Studies, Languages | Humanities | Identity, Culture, Inclusion | International, Global Engagement | Libraries | Social Sciences",jcb-events@brown.edu,jcb-events@brown.edu,false,,false,"https://events.brown.edu/live/image/gid/138/width/80/height/80/crop/1/src_region/0,0,1728,1728/21701_1776_Social_Media_Bkgds_JCBL_2026-01-21.jpg",The image shows a rooster pulling on the British flag.,https://events.brown.edu/john-carter-brown-library/event/326676-1776-across-the-americas-a-hemispheric-history,https://events.brown.edu/live/json/events
335562,Career Exploration Conversation with Jemilla Michael’08 Associate Director at Spotify,2026-10-23T12:00:00-04:00,2026-10-23T13:00:00-04:00,October 23,12:00pm - 1:00pm,America/New_York,false,,,2026-10-23 16:00:00,2026-10-23 17:00:00,false,true,Online only,https://brown.joinhandshake.com/events/1965841/share_preview,Virtual,41.827858,-71.401045,,Tisch Career Center,,1st Year Students | 2nd Year Students | 3rd Year Students | 4th Year Students,,"Careers, Recruiting, Internships | Information Session",careercenter@brown.edu,careercenter@brown.edu,false,,false,"https://events.brown.edu/live/image/gid/19/width/80/height/80/crop/1/src_region/0,0,434,426/2894_events_browmimage.png",,https://events.brown.edu/career-center/event/335562-career-exploration-conversation-with-jemilla-michael0,https://events.brown.edu/live/json/events
334140,Brown University Men’s Water Polo vs San Jose State,2026-10-23T15:30:00-04:00,2026-10-23T17:00:00-04:00,October 23,3:30pm - 5:00pm,America/New_York,false,,,2026-10-23 19:30:00,2026-10-23 21:00:00,false,false,,,"Santa Clara, Calif.",,,,Athletics, Open to the Public,,,"Athletics, Sports, Wellness",,,false,,false,"https://events.brown.edu/live/image/gid/8/width/80/height/80/crop/1/src_region/0,0,1050,1050/10116_brown-athletics.png",Brown University Athletics logo,https://events.brown.edu/athletics/event/334140-brown-university-mens-water-polo-vs-san-jose-state,https://events.brown.edu/live/json/events
335643,Aracelis Girmay and Stanley Wolukau-Wanambwa: Conversations in Black Arts,2026-10-23T16:00:00-04:00,,October 23,4:00pm,America/New_York,false,,,2026-10-23 20:00:00,,false,false,,,"155 Angell Street, Providence",,,Free,Literary Arts," Open to the Public | Performances, Concerts and Exhibitions",,,"Arts, Performance | Humanities | literature",writing@brown.edu,writing@brown.edu,false,,false,,,https://events.brown.edu/literary-arts/event/335643-aracelis-girmay-and-stanley-wolukau-wanambwa,https://events.brown.edu/live/json/events
332360,Brown University Women’s Cross Country vs Rothenberg Run,2026-10-23T16:00:00-04:00,2026-10-23T19:00:00-04:00,October 23,4:00pm - 7:00pm,America/New_York,false,,,2026-10-23 20:00:00,2026-10-23 23:00:00,false,false,,,"Attleboro, Mass., Mark Coogan Cross Country Course at Highland Park",,,,Athletics, Open to the Public,,,"Athletics, Sports, Wellness",,,false,,false,"https://events.brown.edu/live/image/gid/8/width/80/height/80/crop/1/src_region/0,0,1050,1050/10116_brown-athletics.png",Brown University Athletics logo,https://events.brown.edu/athletics/event/332360-brown-university-womens-cross-country-vs,https://events.brown.edu/live/json/events
333578,Brown University Field Hockey at Princeton,2026-10-23T16:00:00-04:00,2026-10-23T19:00:00-04:00,October 23,4:00pm - 7:00pm,America/New_York,false,,,2026-10-23 20:00:00,2026-10-23 23:00:00,false,false,,,"Princeton, N.J., Bedford Field",,,,Athletics, Open to the Public,,,"Athletics, Sports, Wellness",,,false,,false,"https://events.brown.edu/live/image/gid/8/width/80/height/80/crop/1/src_region/0,0,1050,1050/10116_brown-athletics.png",Brown University Athletics logo,https://events.brown.edu/athletics/event/333578-brown-university-field-hockey-at-princeton,https://events.brown.edu/live/json/events
334168,Brown University Men’s Cross Country vs Rothenberg Run,2026-10-23T16:00:00-04:00,2026-10-23T19:00:00-04:00,October 23,4:00pm - 7:00pm,America/New_York,false,,,2026-10-23 20:00:00,2026-10-23 23:00:00,false,false,,,"Attleboro, Mass., Mark Coogan Cross Country Course at Highland Park",,,,Athletics, Open to the Public,,,"Athletics, Sports, Wellness",,,false,,false,"https://events.brown.edu/live/image/gid/8/width/80/height/80/crop/1/src_region/0,0,1050,1050/10116_brown-athletics.png",Brown University Athletics logo,https://events.brown.edu/athletics/event/334168-brown-university-mens-cross-country-vs-rothenberg,https://events.brown.edu/live/json/events
335030,Family Weekend Pembroke Center Panel Discussion,2026-10-23T17:00:00-04:00,,October 23,5:00pm,America/New_York,false,,,2026-10-23 21:00:00,,false,false,,,Pembroke Hall,41.829224,-71.402802,Free,Pembroke Center for Teaching and Research on Women,"Lectures, Seminars and Workshops |  Open to the Public",,,Friends | Gender and Sexuality Studies | Out of the Archive,pembroke_center@brown.edu 401-863-2643,pembroke_center@brown.edu,false,,false,,,https://events.brown.edu/pembroke/event/335030-family-weekend-pembroke-center-panel-discussion,https://events.brown.edu/live/json/events
335592,Brown University Men’s Tennis vs Ivy League ITA Qualifiers,2026-10-24T00:00:00-04:00,,October 24,,America/New_York,true,,,2026-10-24 04:00:00,,false,false,,,,,,,Athletics, Open to the Public,,,"Athletics, Sports, Wellness",,,false,,false,"https://events.brown.edu/live/image/gid/8/width/80/height/80/crop/1/src_region/0,0,1050,1050/10116_brown-athletics.png",Brown University Athletics logo,https://events.brown.edu/athletics/event/335592-brown-university-mens-tennis-vs-ivy-league-ita,https://events.brown.edu/live/json/events
334139,Brown University Men’s Water Polo at Santa Clara,2026-10-24T12:00:00-04:00,2026-10-24T13:30:00-04:00,October 24,12:00pm - 1:30pm,America/New_York,false,,,2026-10-24 16:00:00,2026-10-24 17:30:00,false,false,,,"Santa Clara, Calif.",,,,Athletics, Open to the Public,,,"Athletics, Sports, Wellness",,,false,,false,"https://events.brown.edu/live/image/gid/8/width/80/height/80/crop/1/src_region/0,0,1050,1050/10116_brown-athletics.png",Brown University Athletics logo,https://events.brown.edu/athletics/event/334139-brown-university-mens-water-polo-at-santa-clara,https://events.brown.edu/live/json/events
301827,Brown University Football vs Cornell,2026-10-24T12:00:00-04:00,2026-10-24T15:00:00-04:00,October 24,12:00pm - 3:00pm,America/New_York,false,,,2026-10-24 16:00:00,2026-10-24 19:00:00,false,false,,,"Providence, R.I., Richard Gouse Field at Brown Stadium",,,,Athletics, Open to the Public,,,"Athletics, Sports, Wellness",,,false,,false,"https://events.brown.edu/live/image/gid/8/width/80/height/80/crop/1/src_region/0,0,1050,1050/10116_brown-athletics.png",Brown University Athletics logo,https://events.brown.edu/athletics/event/301827-brown-university-football-vs-cornell,https://events.brown.edu/live/json/events
333732,PPE Family Weekend Event: Geoffrey Sayre-McCord,2026-10-24T14:00:00-04:00,,October 24,2:00pm,America/New_York,false,,,2026-10-24 18:00:00,,false,false,,,Friedman Hall,41.825931,-71.402548,,"Philosophy, Politics, and Economics (PPE)",,,,PPE,,,true,,false,"https://events.brown.edu/live/image/gid/71/width/80/height/80/crop/1/src_region/0,0,1204,1046/19634_Screenshot_2025-07-09_at_11.14.07_AM.png",ppe,https://events.brown.edu/ppe/event/333732-ppe-family-weekend-event-geoffrey-sayre-mccord,https://events.brown.edu/live/json/events
333424,Brown University Men’s Soccer vs Princeton,2026-10-24T15:30:00-04:00,2026-10-24T17:30:00-04:00,October 24,3:30pm - 5:30pm,America/New_York,false,,,2026-10-24 19:30:00,2026-10-24 21:30:00,false,false,,,"Providence, R.I., Stevenson-Pincince Field",,,,Athletics, Open to the Public,,,"Athletics, Sports, Wellness",,,false,,false,"https://events.brown.edu/live/image/gid/8/width/80/height/80/crop/1/src_region/0,0,1050,1050/10116_brown-athletics.png",Brown University Athletics logo,https://events.brown.edu/athletics/event/333424-brown-university-mens-soccer-vs-princeton,https://events.brown.edu/live/json/events
334138,Brown University Men’s Water Polo vs Pepperdine,2026-10-24T17:20:00-04:00,2026-10-24T18:50:00-04:00,October 24,5:20pm - 6:50pm,America/New_York,false,,,2026-10-24 21:20:00,2026-10-24 22:50:00,false,false,,,"Santa Clara, Calif.",,,,Athletics, Open to the Public,,,"Athletics, Sports, Wellness",,,false,,false,"https://events.brown.edu/live/image/gid/8/width/80/height/80/crop/1/src_region/0,0,1050,1050/10116_brown-athletics.png",Brown University Athletics logo,https://events.brown.edu/athletics/event/334138-brown-university-mens-water-polo-vs-pepperdine,https://events.brown.edu/live/json/events
333383,Brown University Women’s Soccer vs Harvard,2026-10-24T19:00:00-04:00,2026-10-24T21:00:00-04:00,October 24,7:00pm - 9:00pm,America/New_York,false,,,2026-10-24 23:00:00,2026-10-25 01:00:00,false,false,,,"Providence, R.I., Stevenson-Pincince Field",,,,Athletics, Open to the Public,,,"Athletics, Sports, Wellness",,,false,,false,"https://events.brown.edu/live/image/gid/8/width/80/height/80/crop/1/src_region/0,0,1050,1050/10116_brown-athletics.png",Brown University Athletics logo,https://events.brown.edu/athletics/event/333383-brown-university-womens-soccer-vs-harvard,https://events.brown.edu/live/json/events
335591,Brown University Men’s Tennis vs Ivy League ITA Qualifiers,2026-10-25T00:00:00-04:00,,October 25,,America/New_York,true,,,2026-10-25 04:00:00,,false,false,,,,,,,Athletics, Open to the Public,,,"Athletics, Sports, Wellness",,,false,,false,"https://events.brown.edu/live/image/gid/8/width/80/height/80/crop/1/src_region/0,0,1050,1050/10116_brown-athletics.png",Brown University Athletics logo,https://events.brown.edu/athletics/event/335591-brown-university-mens-tennis-vs-ivy-league-ita,https://events.brown.edu/live/json/events
333577,Brown University Field Hockey at Lafayette,2026-10-25T12:00:00-04:00,2026-10-25T15:00:00-04:00,October 25,12:00pm - 3:00pm,America/New_York,false,,,2026-10-25 16:00:00,2026-10-25 19:00:00,false,false,,,"Easton, Pa.",,,,Athletics, Open to the Public,,,"Athletics, Sports, Wellness",,,false,,false,"https://events.brown.edu/live/image/gid/8/width/80/height/80/crop/1/src_region/0,0,1050,1050/10116_brown-athletics.png",Brown University Athletics logo,https://events.brown.edu/athletics/event/333577-brown-university-field-hockey-at-lafayette,https://events.brown.edu/live/json/events
330458,Advising period for spring pre-registration begins. Students in their first through third semesters will need to procure their advising PIN from their advisor in order to register.,2026-10-26T00:00:00-04:00,,October 26,,America/New_York,true,,,2026-10-26 04:00:00,,false,false,,,,,,,Academic Calendar,,,,"Academic Calendar, University Dates &amp; Events | Fall Semester",Registrar’s Office 401-863-2500,,false,,false,,,https://events.brown.edu/academic-calendar/event/330458-advising-period-for-spring-pre-registration-begins,https://events.brown.edu/live/json/events
326677,1776 Across the Americas: A Hemispheric History from the Collections of the John Carter Brown Library,2026-10-26T10:00:00-04:00,2026-10-26T12:45:00-04:00,October 26,10:00am - 12:45pm,America/New_York,false,every weekday (Monday to Friday),December 18,2026-02-06 15:00:00,2026-12-18 15:00:00,false,false,,,94 George Street,,,Free,John Carter Brown Library," Open to the Public | Performances, Concerts and Exhibitions",,,"history | History, Cultural Studies, Languages | Humanities | Identity, Culture, Inclusion | International, Global Engagement | Libraries | Social Sciences",jcb-events@brown.edu,jcb-events@brown.edu,false,,false,"https://events.brown.edu/live/image/gid/138/width/80/height/80/crop/1/src_region/0,0,1728,1728/21701_1776_Social_Media_Bkgds_JCBL_2026-01-21.jpg",The image shows a rooster pulling on the British flag.,https://events.brown.edu/john-carter-brown-library/event/326677-1776-across-the-americas-a-hemispheric-history,https://events.brown.edu/live/json/events
326761,1776 Across the Americas: A Hemispheric History from the Collections of the John Carter Brown Library,2026-10-26T14:00:00-04:00,2026-10-26T16:45:00-04:00,October 26,2:00pm - 4:45pm,America/New_York,false,weekly,December 18,2026-02-09 19:00:00,2026-12-18 19:00:00,false,false,,,94 George Street,,,Free,John Carter Brown Library," Open to the Public | Performances, Concerts and Exhibitions",,,"history | History, Cultural Studies, Languages | Humanities | Identity, Culture, Inclusion | International, Global Engagement | Libraries | Social Sciences",jcb-events@brown.edu,jcb-events@brown.edu,false,,false,"https://events.brown.edu/live/image/gid/138/width/80/height/80/crop/1/src_region/0,0,1728,1728/21701_1776_Social_Media_Bkgds_JCBL_2026-01-21.jpg",The image shows a rooster pulling on the British flag.,https://events.brown.edu/john-carter-brown-library/event/326761-1776-across-the-americas-a-hemispheric-history,https://events.brown.edu/live/json/events
335563,Finance Prep Series (In Person) - Mastering Technical Jargon w/ Brad Gibbs,2026-10-26T16:00:00-04:00,2026-10-26T17:00:00-04:00,October 26,4:00pm - 5:00pm,America/New_York,false,,,2026-10-26 20:00:00,2026-10-26 21:00:00,false,false,,,Tisch Career Center,41.827858,-71.401045,,Tisch Career Center,,1st Year Students | 2nd Year Students | 3rd Year Students | 4th Year Students,,"Careers, Recruiting, Internships | Information Session",careercenter@brown.edu,careercenter@brown.edu,false,,false,"https://events.brown.edu/live/image/gid/19/width/80/height/80/crop/1/src_region/0,0,434,426/2894_events_browmimage.png",,https://events.brown.edu/career-center/event/335563-finance-prep-series-in-person-mastering-technical-jar,https://events.brown.edu/live/json/events
326678,1776 Across the Americas: A Hemispheric History from the Collections of the John Carter Brown Library,2026-10-27T10:00:00-04:00,2026-10-27T12:45:00-04:00,October 27,10:00am - 12:45pm,America/New_York,false,every weekday (Monday to Friday),December 18,2026-02-06 15:00:00,2026-12-18 15:00:00,false,false,,,94 George Street,,,Free,John Carter Brown Library," Open to the Public | Performances, Concerts and Exhibitions",,,"history | History, Cultural Studies, Languages | Humanities | Identity, Culture, Inclusion | International, Global Engagement | Libraries | Social Sciences",jcb-events@brown.edu,jcb-events@brown.edu,false,,false,"https://events.brown.edu/live/image/gid/138/width/80/height/80/crop/1/src_region/0,0,1728,1728/21701_1776_Social_Media_Bkgds_JCBL_2026-01-21.jpg",The image shows a rooster pulling on the British flag.,https://events.brown.edu/john-carter-brown-library/event/326678-1776-across-the-americas-a-hemispheric-history,https://events.brown.edu/live/json/events
288062,COBRE CBC Computational Biology Walk-in Office hours,2026-10-27T11:00:00-04:00,2026-10-27T12:00:00-04:00,October 27,11:00am - 12:00pm,America/New_York,false,weekly,"December 31<span class=""lw_date_year"">, 2027</span>",2024-06-11 15:00:00,2027-12-31 16:00:00,false,true,Online only,https://brown.zoom.us/j/95250171953,,,,,Center for Computation and Visualization (CCV),,,,,Center for Computation and Visualization Talk to us on https://ccv.brown.edu/discuss,,false,,false,,,https://events.brown.edu/ccv/event/288062-cobre-cbc-computational-biology-walk-in-office,https://events.brown.edu/live/json/events
334260,Brown 2026 Reads at the JCB (First-Years Only Section): Jin Li,2026-10-27T15:00:00-04:00,,October 27,3:00pm,America/New_York,false,,,2026-10-27 19:00:00,,false,false,,,John Carter Brown Library,41.825601,-71.40242,,Orientation and Weeks of Welcome,,,,Brown 2026 | First-Year | Libraries,college@brown.edu,college@brown.edu,false,,false,"https://events.brown.edu/live/image/gid/123/width/80/height/80/crop/1/src_region/0,0,207,206/23155_Screenshot_2026-06-30_at_10.43.59AM.png",,https://events.brown.edu/orientation/event/334260-brown-2026-reads-at-the-jcb-first-years-only-section-,https://events.brown.edu/live/json/events
335683,"Co-Designing Digital Mental Health Ecosystems for Youth: Promotion, Prevention, and Telepsychiatry Network Development in Colombia | Paul J. Galkin Global Health Grand Rounds",2026-10-27T17:00:00-04:00,2026-10-27T19:00:00-04:00,October 27,5:00pm - 7:00pm,America/New_York,false,,,2026-10-27 21:00:00,2026-10-27 23:00:00,false,true,Hybrid,https://brown.zoom.us/j/94044665073,The Warren Alpert Medical School,,,Free,Center for Global Health Equity (CGHE),"Free Food | Lectures, Seminars and Workshops |  Open to the Public",1st Year Students | 2nd Year Students | 3rd Year Students | 4th Year Students | All Staff | Campus Faculty | Hospital Faculty | Humanities | Life Sciences Biomed | Life Sciences Non-Biomed | Medical Students | Physical Sciences | Social Sciences,,"Biology, Medicine, Public Health | Government, Public &amp; International Affairs | History, Cultural Studies, Languages | International, Global Engagement | Lecture Series",Megan Feragne ScM ’23 Program Coordinator Center for Global Health Equity Division of Biology and Medicine megan_feragne@brown.edu https://globalhealth.brown.edu/ Subscribe to the CGHE Newsletter,megan_feragne@brown.edu,true,,false,"https://events.brown.edu/live/image/gid/109/width/80/height/80/crop/1/src_region/0,0,1080,1080/21541_Untitled_3.png",Paul J. Galkin Global Health Grand Rounds,https://events.brown.edu/global-health/event/335683-co-designing-digital-mental-health-ecosystems-for,https://events.brown.edu/live/json/events
334265,Ibtisam Azem – a literary reading and conversation,2026-10-27T17:30:00-04:00,,October 27,5:30pm,America/New_York,false,,,2026-10-27 21:30:00,,false,false,,,70 Brown Street,41.827526,-71.403308,Free,Literary Arts, Open to the Public,,,"Arts, Performance | Humanities",writing@brown.edu,writing@brown.edu,false,,false,"https://events.brown.edu/live/image/gid/61/width/80/height/80/crop/1/src_region/0,0,3200,2400/23144_Ibtisam_Azem_3_s.jpg",Ibtisam Azem reads from literary work at Brown University on 27 Oct. 2026.,https://events.brown.edu/live/events/334190-ibtisam-azem-a-literary-reading-and-conversation,https://events.brown.edu/live/json/events
333423,Brown University Men’s Soccer at Holy Cross,2026-10-27T19:00:00-04:00,2026-10-27T21:00:00-04:00,October 27,7:00pm - 9:00pm,America/New_York,false,,,2026-10-27 23:00:00,2026-10-28 01:00:00,false,false,,,"Worcester, Mass., Linda Johnson Smith Soccer Stadium",,,,Athletics, Open to the Public,,,"Athletics, Sports, Wellness",,,false,,false,"https://events.brown.edu/live/image/gid/8/width/80/height/80/crop/1/src_region/0,0,1050,1050/10116_brown-athletics.png",Brown University Athletics logo,https://events.brown.edu/athletics/event/333423-brown-university-mens-soccer-at-holy-cross,https://events.brown.edu/live/json/events
326679,1776 Across the Americas: A Hemispheric History from the Collections of the John Carter Brown Library,2026-10-28T10:00:00-04:00,2026-10-28T12:45:00-04:00,October 28,10:00am - 12:45pm,America/New_York,false,every weekday (Monday to Friday),December 18,2026-02-06 15:00:00,2026-12-18 15:00:00,false,false,,,94 George Street,,,Free,John Carter Brown Library," Open to the Public | Performances, Concerts and Exhibitions",,,"history | History, Cultural Studies, Languages | Humanities | Identity, Culture, Inclusion | International, Global Engagement | Libraries | Social Sciences",jcb-events@brown.edu,jcb-events@brown.edu,false,,false,"https://events.brown.edu/live/image/gid/138/width/80/height/80/crop/1/src_region/0,0,1728,1728/21701_1776_Social_Media_Bkgds_JCBL_2026-01-21.jpg",The image shows a rooster pulling on the British flag.,https://events.brown.edu/john-carter-brown-library/event/326679-1776-across-the-americas-a-hemispheric-history,https://events.brown.edu/live/json/events
334803,"CIEE Study Abroad Information Session (Costa Rica, Ghana, Jordan, South Africa, South Korea &amp; the Netherlands)",2026-10-28T12:00:00-04:00,2026-10-28T13:00:00-04:00,October 28,12:00pm - 1:00pm,America/New_York,false,,,2026-10-28 16:00:00,2026-10-28 17:00:00,false,false,,,Page-Robinson Hall (previously JWW),41.827526,-71.402786,,Study Abroad,"Lectures, Seminars and Workshops",1st Year Students | 2nd Year Students | 3rd Year Students,,"Advising, Mentorship | Government, Public &amp; International Affairs | History, Cultural Studies, Languages | Identity, Culture, Inclusion | International, Global Engagement",Study Abroad Advising Page-Robinson 313/319 401-863-3555 studyabroad@brown.edu,studyabroad@brown.edu,false,,false,"https://events.brown.edu/live/image/gid/67/width/80/height/80/crop/1/src_region/0,0,414,414/12182_329254829_1181646072512147_9200804995545530384_n.jpg",,https://events.brown.edu/study-abroad/event/334803-ciee-study-abroad-information-session-costa-rica-ghan,https://events.brown.edu/live/json/events
335092,IE Brown Executive MBA | Women in Business: The impact of the IE Brown Executive MBA,2026-10-28T12:00:00-04:00,2026-10-28T13:00:00-04:00,October 28,12:00pm - 1:00pm,America/New_York,false,,,2026-10-28 16:00:00,2026-10-28 17:00:00,false,true,Online only,https://www.eventbrite.es/e/women-in-business-the-impact-of-the-ie-brown-executive-mba-tickets-1993537226509?aff=oddtdtcreator&amp;_gl=1*ezgefu*_up*MQ..*_ga*MTIzMDE1MTQzMi4xNzgzNTE0NzYy*_ga_TQVES5V6SH*czE3ODM1MTc3MjIkbzIkZzAkdDE3ODM1MTc3MjIkajYwJGwwJGgw&amp;keep_tld=true,,,,Free,School of Professional Studies,,,,"EMBA | Executive Education | Executive MBA | Graduate School, Postgraduate Education | IE Brown Executive MBA",professional@brown.edu,professional@brown.edu,false,,false,"https://events.brown.edu/live/image/gid/175/width/80/height/80/crop/1/src_region/0,0,3200,3200/3921_Square_-_EMBA__Leadership_Learn_More.jpg",,https://events.brown.edu/sps/event/335092-ie-brown-executive-mba-women-in-business-the,https://events.brown.edu/live/json/events
334804,"Drop-in Q&amp;A with CIEE (Costa Rica, Ghana, Jordan, South Africa, South Korea &amp; the Netherlands)",2026-10-28T13:00:00-04:00,2026-10-28T14:00:00-04:00,October 28,1:00pm - 2:00pm,America/New_York,false,,,2026-10-28 17:00:00,2026-10-28 18:00:00,false,false,,,Page-Robinson Hall (previously JWW),41.827526,-71.402786,,Study Abroad,,,,"Advising, Mentorship | History, Cultural Studies, Languages | International, Global Engagement",Study Abroad Advising Page-Robinson 313/319 studyabroad@brown.edu 401-863-3555,studyabroad@brown.edu,false,,false,"https://events.brown.edu/live/image/gid/67/width/80/height/80/crop/1/src_region/0,0,414,414/12182_329254829_1181646072512147_9200804995545530384_n.jpg",,https://events.brown.edu/study-abroad/event/334804-drop-in-qa-with-ciee-costa-rica-ghana-jordan-south-af,https://events.brown.edu/live/json/events
326807,1776 Across the Americas: A Hemispheric History from the Collections of the John Carter Brown Library,2026-10-28T14:00:00-04:00,2026-10-28T16:45:00-04:00,October 28,2:00pm - 4:45pm,America/New_York,false,weekly,December 16,2026-02-11 19:00:00,2026-12-16 19:00:00,false,false,,,94 George Street,,,Free,John Carter Brown Library," Open to the Public | Performances, Concerts and Exhibitions",,,"history | History, Cultural Studies, Languages | Humanities | Identity, Culture, Inclusion | International, Global Engagement | Libraries | Social Sciences",jcb-events@brown.edu,jcb-events@brown.edu,false,,false,"https://events.brown.edu/live/image/gid/138/width/80/height/80/crop/1/src_region/0,0,1728,1728/21701_1776_Social_Media_Bkgds_JCBL_2026-01-21.jpg",The image shows a rooster pulling on the British flag.,https://events.brown.edu/john-carter-brown-library/event/326807-1776-across-the-americas-a-hemispheric-history,https://events.brown.edu/live/json/events
287427,COBRE CBC Computational Biology Walk-in Office hours,2026-10-28T15:00:00-04:00,2026-10-28T16:00:00-04:00,October 28,3:00pm - 4:00pm,America/New_York,false,weekly,"December 31<span class=""lw_date_year"">, 2027</span>",2024-06-26 19:00:00,2027-12-31 20:00:00,false,true,Online only,https://brown.zoom.us/j/95250171953,,,,,Center for Computation and Visualization (CCV),,,,,Center for Computation and Visualization Talk to us on https://ccv.brown.edu/discuss,,false,,false,,,https://events.brown.edu/ccv/event/287427-cobre-cbc-computational-biology-walk-in-office,https://events.brown.edu/live/json/events
335564,Turning Your PhD into a Job Series: Converting Academic CV to Non-Academic Resume,2026-10-28T16:30:00-04:00,2026-10-28T17:30:00-04:00,October 28,4:30pm - 5:30pm,America/New_York,false,,,2026-10-28 20:30:00,2026-10-28 21:30:00,false,false,,,Tisch Career Center,41.827858,-71.401045,,Tisch Career Center,,1st Year Students | 2nd Year Students | 3rd Year Students | 4th Year Students,,"Careers, Recruiting, Internships | Information Session",careercenter@brown.edu,careercenter@brown.edu,false,,false,"https://events.brown.edu/live/image/gid/19/width/80/height/80/crop/1/src_region/0,0,434,426/2894_events_browmimage.png",,https://events.brown.edu/career-center/event/335564-turning-your-phd-into-a-job-series-converting-academi,https://events.brown.edu/live/json/events
326680,1776 Across the Americas: A Hemispheric History from the Collections of the John Carter Brown Library,2026-10-29T10:00:00-04:00,2026-10-29T12:45:00-04:00,October 29,10:00am - 12:45pm,America/New_York,false,every weekday (Monday to Friday),December 18,2026-02-06 15:00:00,2026-12-18 15:00:00,false,false,,,94 George Street,,,Free,John Carter Brown Library," Open to the Public | Performances, Concerts and Exhibitions",,,"history | History, Cultural Studies, Languages | Humanities | Identity, Culture, Inclusion | International, Global Engagement | Libraries | Social Sciences",jcb-events@brown.edu,jcb-events@brown.edu,false,,false,"https://events.brown.edu/live/image/gid/138/width/80/height/80/crop/1/src_region/0,0,1728,1728/21701_1776_Social_Media_Bkgds_JCBL_2026-01-21.jpg",The image shows a rooster pulling on the British flag.,https://events.brown.edu/john-carter-brown-library/event/326680-1776-across-the-americas-a-hemispheric-history,https://events.brown.edu/live/json/events
329276,Master’s in Healthcare Leadership | Virtual Information Session: Alumni Chat,2026-10-29T12:00:00-04:00,2026-10-29T13:00:00-04:00,October 29,12:00pm - 1:00pm,America/New_York,false,,,2026-10-29 16:00:00,2026-10-29 17:00:00,false,true,Online only,https://apply.professional.brown.edu/register/?id=e8c2b3e6-9df4-4a7a-9428-17ea1875aba7,,,,Free,School of Professional Studies,,,,"Biology, Medicine, Public Health | Graduate School, Postgraduate Education",professional@brown.edu,professional@brown.edu,false,,false,"https://events.brown.edu/live/image/gid/175/width/80/height/80/crop/1/src_region/0,0,3200,3200/3923_Square_-_Healthcare_-_Learn_More.jpg",,https://events.brown.edu/live/events/329237-masters-in-healthcare-leadership-virtual,https://events.brown.edu/live/json/events
335513,Diego Gerard Morrison: Writers on Writing,2026-10-29T17:30:00-04:00,,October 29,5:30pm,America/New_York,false,,,2026-10-29 21:30:00,,false,false,,,"70 Brown St., Providence",41.827526,-71.403308,Free,Literary Arts," Open to the Public | Performances, Concerts and Exhibitions",,,"Arts, Performance | Humanities | literature",writing@brown.edu,writing@brown.edu,false,,false,,,https://events.brown.edu/literary-arts/event/335513-diego-gerard-morrison-writers-on-writing,https://events.brown.edu/live/json/events
333594,A Reading with Joanne Diaz,2026-10-29T18:00:00-04:00,,October 29,6:00pm,America/New_York,false,,,2026-10-29 22:00:00,,false,false,,,TBD,,,,English,"Lectures, Seminars and Workshops |  Open to the Public",,,Humanities | Nonfiction Writing Program,english@brown.edu,english@brown.edu,false,,false,,,https://events.brown.edu/english/event/333594-a-reading-with-joanne-diaz,https://events.brown.edu/live/json/events
335590,Brown University Men’s Tennis vs Dartmouth Invitational,2026-10-30T00:00:00-04:00,,October 30,,America/New_York,true,,,2026-10-30 04:00:00,,false,false,,,"Hanover, N.H.",,,,Athletics, Open to the Public,,,"Athletics, Sports, Wellness",,,false,,false,"https://events.brown.edu/live/image/gid/8/width/80/height/80/crop/1/src_region/0,0,1050,1050/10116_brown-athletics.png",Brown University Athletics logo,https://events.brown.edu/athletics/event/335590-brown-university-mens-tennis-vs-dartmouth,https://events.brown.edu/live/json/events
323896,CCV Office Hours,2026-10-30T10:00:00-04:00,2026-10-30T12:00:00-04:00,October 30,10:00am - 12:00pm,America/New_York,false,,,2026-10-30 14:00:00,2026-10-30 16:00:00,false,true,Hybrid,https://brown.zoom.us/j/93572022965,180 George Street,41.825929,-71.398812,Free,Center for Computation and Visualization (CCV),"Lectures, Seminars and Workshops |  Open to the Public",,,Computing | HPC | Research,Email the HPC team,hpc@brown.edu,false,,false,"https://events.brown.edu/live/image/gid/176/width/80/height/80/crop/1/src_region/0,0,8334,4307/2435_ccv-zdog_2.png",,https://events.brown.edu/ccv/event/323896-ccv-office-hours,https://events.brown.edu/live/json/events
326681,1776 Across the Americas: A Hemispheric History from the Collections of the John Carter Brown Library,2026-10-30T10:00:00-04:00,2026-10-30T12:45:00-04:00,October 30,10:00am - 12:45pm,America/New_York,false,every weekday (Monday to Friday),December 18,2026-02-06 15:00:00,2026-12-18 15:00:00,false,false,,,94 George Street,,,Free,John Carter Brown Library," Open to the Public | Performances, Concerts and Exhibitions",,,"history | History, Cultural Studies, Languages | Humanities | Identity, Culture, Inclusion | International, Global Engagement | Libraries | Social Sciences",jcb-events@brown.edu,jcb-events@brown.edu,false,,false,"https://events.brown.edu/live/image/gid/138/width/80/height/80/crop/1/src_region/0,0,1728,1728/21701_1776_Social_Media_Bkgds_JCBL_2026-01-21.jpg",The image shows a rooster pulling on the British flag.,https://events.brown.edu/john-carter-brown-library/event/326681-1776-across-the-americas-a-hemispheric-history,https://events.brown.edu/live/json/events
335438,Career Services | Careers in Government - Resume and Cover Letter Strategies for Govt Roles,2026-10-30T12:00:00-04:00,2026-10-30T13:30:00-04:00,October 30,12:00pm - 1:30pm,America/New_York,false,,,2026-10-30 16:00:00,2026-10-30 17:30:00,false,false,,,"Lizzie and Jonathan Tisch Center for Career Exploration at Brown, Kobliner Conference Space: 1st Floor, 167 Angell Street, Providence, Rhode Island 02912, United States",,,Free,Master’s Programs,"Free Food | Lectures, Seminars and Workshops",Humanities | Life Sciences Biomed | Life Sciences Non-Biomed | Physical Sciences | Social Sciences,,"Careers, Recruiting, Internships | Graduate School, Postgraduate Education | Training, Professional Development",masters_careersupport@brown.edu,masters_careersupport@brown.edu,false,,false,"https://events.brown.edu/live/image/gid/224/width/80/height/80/crop/1/src_region/0,0,1080,1080/23228_NL_Events_careers_in_govt.png",American flag flying in front of a capital builing,https://events.brown.edu/live/events/335418-career-services-careers-in-government-resume,https://events.brown.edu/live/json/events
334809,"Philosophy Colloquium: Andrew Lee, University of Toronto",2026-10-30T15:30:00-04:00,2026-10-30T17:30:00-04:00,October 30,3:30pm - 5:30pm,America/New_York,false,,,2026-10-30 19:30:00,2026-10-30 21:30:00,false,false,,,,,,,Philosophy Department,"Conferences and Colloquia | Lectures, Seminars and Workshops |  Open to the Public",,,"colloquium | lecture | Philosophy, Religious Studies",,,false,,false,"https://events.brown.edu/live/image/gid/151/width/80/height/80/crop/1/src_region/0,0,1536,1536/23162_AndrewLee1-1536x1536.jpg",Andrew smiling,https://events.brown.edu/philosophy/event/334809-philosophy-colloquium-andrew-lee-university-of,https://events.brown.edu/live/json/events
333731,"Imagining Democracy Book Series: Ainsley LeSure “The Tricky Business of the Human Question” Robert Gooding Williams (Yale), Brandon Terry (Harvard), and Shatema Threadgood",2026-10-30T16:30:00-04:00,,October 30,4:30pm,America/New_York,false,,,2026-10-30 20:30:00,,false,false,,,,,,,"Philosophy, Politics, and Economics (PPE)",,,,Democracy Project,,,true,,false,"https://events.brown.edu/live/image/gid/71/width/80/height/80/crop/1/src_region/0,0,1080,1080/15957_PPE_Center_Posts_IG_100.png",dp,https://events.brown.edu/ppe/event/333731-imagining-democracy-book-series-ainsley-lesure-the,https://events.brown.edu/live/json/events
334137,Brown University Men’s Water Polo vs Wheaton College (Mass.),2026-10-30T19:30:00-04:00,2026-10-30T21:00:00-04:00,October 30,7:30pm - 9:00pm,America/New_York,false,,,2026-10-30 23:30:00,2026-10-31 01:00:00,false,false,,,"Providence, R.I., Katherine Moran Coleman Aquatics Center",,,,Athletics, Open to the Public,,,"Athletics, Sports, Wellness",,,false,,false,"https://events.brown.edu/live/image/gid/8/width/80/height/80/crop/1/src_region/0,0,1050,1050/10116_brown-athletics.png",Brown University Athletics logo,https://events.brown.edu/athletics/event/334137-brown-university-mens-water-polo-vs-wheaton,https://events.brown.edu/live/json/events
333422,Brown University Men’s Soccer at Dartmouth,2026-10-31T00:00:00-04:00,,October 31,,America/New_York,true,,,2026-10-31 04:00:00,,false,false,,,"Hanover, N.H., Burnham Field",,,,Athletics, Open to the Public,,,"Athletics, Sports, Wellness",,,false,,false,"https://events.brown.edu/live/image/gid/8/width/80/height/80/crop/1/src_region/0,0,1050,1050/10116_brown-athletics.png",Brown University Athletics logo,https://events.brown.edu/athletics/event/333422-brown-university-mens-soccer-at-dartmouth,https://events.brown.edu/live/json/events
335589,Brown University Men’s Tennis vs Dartmouth Invitational,2026-10-31T00:00:00-04:00,,October 31,,America/New_York,true,,,2026-10-31 04:00:00,,false,false,,,"Hanover, N.H.",,,,Athletics, Open to the Public,,,"Athletics, Sports, Wellness",,,false,,false,"https://events.brown.edu/live/image/gid/8/width/80/height/80/crop/1/src_region/0,0,1050,1050/10116_brown-athletics.png",Brown University Athletics logo,https://events.brown.edu/athletics/event/335589-brown-university-mens-tennis-vs-dartmouth,https://events.brown.edu/live/json/events
334136,Brown University Men’s Water Polo vs Harvard,2026-10-31T11:00:00-04:00,2026-10-31T12:30:00-04:00,October 31,11:00am - 12:30pm,America/New_York,false,,,2026-10-31 15:00:00,2026-10-31 16:30:00,false,false,,,"Providence, R.I., Katherine Moran Coleman Aquatics Center",,,,Athletics, Open to the Public,,,"Athletics, Sports, Wellness",,,false,,false,"https://events.brown.edu/live/image/gid/8/width/80/height/80/crop/1/src_region/0,0,1050,1050/10116_brown-athletics.png",Brown University Athletics logo,https://events.brown.edu/athletics/event/334136-brown-university-mens-water-polo-vs-harvard,https://events.brown.edu/live/json/events
301826,Brown University Football vs Penn,2026-10-31T12:00:00-04:00,2026-10-31T15:00:00-04:00,October 31,12:00pm - 3:00pm,America/New_York,false,,,2026-10-31 16:00:00,2026-10-31 19:00:00,false,false,,,"Providence, R.I., Richard Gouse Field at Brown Stadium",,,,Athletics, Open to the Public,,,"Athletics, Sports, Wellness",,,false,,false,"https://events.brown.edu/live/image/gid/8/width/80/height/80/crop/1/src_region/0,0,1050,1050/10116_brown-athletics.png",Brown University Athletics logo,https://events.brown.edu/athletics/event/301826-brown-university-football-vs-penn,https://events.brown.edu/live/json/events
332359,Brown University Women’s Cross Country vs Ivy League Heps Championships,2026-10-31T12:00:00-04:00,2026-10-31T15:00:00-04:00,October 31,12:00pm - 3:00pm,America/New_York,false,,,2026-10-31 16:00:00,2026-10-31 19:00:00,false,false,,,"Attleboro, Mass.",,,,Athletics, Open to the Public,,,"Athletics, Sports, Wellness",,,false,,false,"https://events.brown.edu/live/image/gid/8/width/80/height/80/crop/1/src_region/0,0,1050,1050/10116_brown-athletics.png",Brown University Athletics logo,https://events.brown.edu/athletics/event/332359-brown-university-womens-cross-country-vs-ivy,https://events.brown.edu/live/json/events
333576,Brown University Field Hockey vs Dartmouth,2026-10-31T12:00:00-04:00,2026-10-31T15:00:00-04:00,October 31,12:00pm - 3:00pm,America/New_York,false,,,2026-10-31 16:00:00,2026-10-31 19:00:00,false,false,,,"Providence, R.I., Goldberger Family Field",,,,Athletics, Open to the Public,,,"Athletics, Sports, Wellness",,,false,,false,"https://events.brown.edu/live/image/gid/8/width/80/height/80/crop/1/src_region/0,0,1050,1050/10116_brown-athletics.png",Brown University Athletics logo,https://events.brown.edu/athletics/event/333576-brown-university-field-hockey-vs-dartmouth,https://events.brown.edu/live/json/events
334167,Brown University Men’s Cross Country vs Ivy League Heps Championships,2026-10-31T12:00:00-04:00,2026-10-31T15:00:00-04:00,October 31,12:00pm - 3:00pm,America/New_York,false,,,2026-10-31 16:00:00,2026-10-31 19:00:00,false,false,,,"Attleboro, Mass.",,,,Athletics, Open to the Public,,,"Athletics, Sports, Wellness",,,false,,false,"https://events.brown.edu/live/image/gid/8/width/80/height/80/crop/1/src_region/0,0,1050,1050/10116_brown-athletics.png",Brown University Athletics logo,https://events.brown.edu/athletics/event/334167-brown-university-mens-cross-country-vs-ivy-league,https://events.brown.edu/live/json/events
333382,Brown University Women’s Soccer vs Cornell,2026-10-31T15:30:00-04:00,2026-10-31T17:30:00-04:00,October 31,3:30pm - 5:30pm,America/New_York,false,,,2026-10-31 19:30:00,2026-10-31 21:30:00,false,false,,,"Providence, R.I., Stevenson-Pincince Field",,,,Athletics, Open to the Public,,,"Athletics, Sports, Wellness",,,false,,false,"https://events.brown.edu/live/image/gid/8/width/80/height/80/crop/1/src_region/0,0,1050,1050/10116_brown-athletics.png",Brown University Athletics logo,https://events.brown.edu/athletics/event/333382-brown-university-womens-soccer-vs-cornell,https://events.brown.edu/live/json/events
334135,Brown University Men’s Water Polo vs MIT,2026-10-31T18:00:00-04:00,2026-10-31T19:30:00-04:00,October 31,6:00pm - 7:30pm,America/New_York,false,,,2026-10-31 22:00:00,2026-10-31 23:30:00,false,false,,,"Providence, R.I., Katherine Moran Coleman Aquatics Center",,,,Athletics, Open to the Public,,,"Athletics, Sports, Wellness",,,false,,false,"https://events.brown.edu/live/image/gid/8/width/80/height/80/crop/1/src_region/0,0,1050,1050/10116_brown-athletics.png",Brown University Athletics logo,https://events.brown.edu/athletics/event/334135-brown-university-mens-water-polo-vs-mit,https://events.brown.edu/live/json/events
335588,Brown University Men’s Tennis vs Dartmouth Invitational,2026-11-01T00:00:00-04:00,,November 1,,America/New_York,true,,,2026-11-01 04:00:00,,false,false,,,"Hanover, N.H.",,,,Athletics, Open to the Public,,,"Athletics, Sports, Wellness",,,false,,false,"https://events.brown.edu/live/image/gid/8/width/80/height/80/crop/1/src_region/0,0,1050,1050/10116_brown-athletics.png",Brown University Athletics logo,https://events.brown.edu/athletics/event/335588-brown-university-mens-tennis-vs-dartmouth,https://events.brown.edu/live/json/events
239077,Independent Concentration Proposal deadline,2026-11-01T23:59:00-05:00,,November 1,11:59pm,America/New_York,false,yearly,November 1,2022-11-02 03:59:00,2026-11-02 04:59:00,false,false,,,,,,,Curricular Resource Center (CRC),,,,"Academic Calendar, University Dates &amp; Events | Advising, Mentorship",independentconcentrations@brown.edu,independentconcentrations@brown.edu,false,,false,"https://events.brown.edu/live/image/gid/35/width/80/height/80/crop/1/src_region/0,0,268,224/10859_COL_Logo_for_the_Curricular_Resource_Center_MP-1727_IC_ICON.jpg",ICs @ CRC,https://events.brown.edu/crc/event/239077-independent-concentration-proposal-deadline,https://events.brown.edu/live/json/events
326682,1776 Across the Americas: A Hemispheric History from the Collections of the John Carter Brown Library,2026-11-02T10:00:00-05:00,2026-11-02T12:45:00-05:00,November 2,10:00am - 12:45pm,America/New_York,false,every weekday (Monday to Friday),December 18,2026-02-06 15:00:00,2026-12-18 15:00:00,false,false,,,94 George Street,,,Free,John Carter Brown Library," Open to the Public | Performances, Concerts and Exhibitions",,,"history | History, Cultural Studies, Languages | Humanities | Identity, Culture, Inclusion | International, Global Engagement | Libraries | Social Sciences",jcb-events@brown.edu,jcb-events@brown.edu,false,,false,"https://events.brown.edu/live/image/gid/138/width/80/height/80/crop/1/src_region/0,0,1728,1728/21701_1776_Social_Media_Bkgds_JCBL_2026-01-21.jpg",The image shows a rooster pulling on the British flag.,https://events.brown.edu/john-carter-brown-library/event/326682-1776-across-the-americas-a-hemispheric-history,https://events.brown.edu/live/json/events
326762,1776 Across the Americas: A Hemispheric History from the Collections of the John Carter Brown Library,2026-11-02T14:00:00-05:00,2026-11-02T16:45:00-05:00,November 2,2:00pm - 4:45pm,America/New_York,false,weekly,December 18,2026-02-09 19:00:00,2026-12-18 19:00:00,false,false,,,94 George Street,,,Free,John Carter Brown Library," Open to the Public | Performances, Concerts and Exhibitions",,,"history | History, Cultural Studies, Languages | Humanities | Identity, Culture, Inclusion | International, Global Engagement | Libraries | Social Sciences",jcb-events@brown.edu,jcb-events@brown.edu,false,,false,"https://events.brown.edu/live/image/gid/138/width/80/height/80/crop/1/src_region/0,0,1728,1728/21701_1776_Social_Media_Bkgds_JCBL_2026-01-21.jpg",The image shows a rooster pulling on the British flag.,https://events.brown.edu/john-carter-brown-library/event/326762-1776-across-the-americas-a-hemispheric-history,https://events.brown.edu/live/json/events
333648,United States Election Day. No University exercises.,2026-11-03T00:00:00-05:00,,November 3,,America/New_York,true,,,2026-11-03 05:00:00,,false,false,,,,,,,Academic Calendar,,,,,Registrar’s Office 401-863-2500,,false,,false,,,https://events.brown.edu/live/events/311817-united-states-election-day-no-university-exercises,https://events.brown.edu/live/json/events
